task,task_name,level,episode,goals,settle_ok,heading,heading_cap_rad,final_x_m,final_y_m,travelled_m,dist_to_next_goal_m,dist_to_last_goal_m,alive_at_end,end_cause,upright_s,yaw_cum_deg,yaw_rate_deg_s,base_h_max_m,vx_mean_ms,vy_mean_ms,cross_track_m,cross_track_abs_max_m,curvature_rad_m,fell,episode_s,end_roll_deg,end_pitch_deg,peak_roll_deg,peak_pitch_deg,switches,refused_ticks,steps_alive,frac_WALK,frac_TROT,frac_TURN,yaw_moment,yaw_moment_gain,terrain,planner_set,perception,turn_target,swing_lift_mm,foot_yaw_turn,roll_couple,roll_gain,roll_damp,roll_cap_nm,roll_sign,partial,skill,start_phase,foot_comp,steps,terrain_seed,measurement_seed,episode_length_s,episodes,num_envs,rate,gutter,spawn_z,settle_s,foot_clip_rad,steering,cross_track,cross_track_gain,cross_track_cap,cmd_mean_feet_down,cmd_frac_below_3_feet
0,jump_on_and_off_box,0,0,0,1,heading-only,0.0,0.9702488780021667,1.3362590074539185,0.664407431058825,0.8492280944740469,17.042680991627243,0,roll,4.12,-23.22135585815161,-5.636251421881459,0.33816075325012207,-0.007221146115978945,-0.16110218265681592,-0.6646462678909302,0.0,13.622649812384749,1,4.12,89.61803223048636,-2.335904839836472,89.61803223048636,12.089281291067147,1,8,206,0.3640776699029126,0.0,0.6359223300970874,off,5.0,legged_eval-seed3,,depth,settle,0.0,auto,hold,8.0,0.8,2.0,1.0,0,PLANNER,first,on,1000,3,deterministic,20.0,1,200,lo,1.0,0.42,0.5,0.05,dead-reckoned-heading-hold,off,,,2.674,0.5175
0,jump_on_and_off_box,1,0,0,1,heading-only,0.0,1.050454711914064,2.7421963214874268,0.7439093073646806,0.8677248098733463,17.165598124380633,0,roll,2.68,12.309341876127974,4.593038013480587,0.34980103373527527,0.018826385042561164,0.2769389259281443,0.73549485206604,0.0,4.258047194045405,1,2.68,-90.98288983244906,8.071664382748834,90.98288983244906,13.218298234548435,2,8,134,0.8880597014925373,0.0,0.11194029850746269,off,5.0,legged_eval-seed3,,depth,settle,0.0,auto,hold,8.0,0.8,2.0,1.0,0,PLANNER,first,on,1000,3,deterministic,20.0,1,200,lo,1.0,0.42,0.5,0.05,dead-reckoned-heading-hold,off,,,2.653,0.5588
0,jump_on_and_off_box,2,0,1,1,heading-only,0.0,1.2009689331054716,1.727798581123352,0.3383520718305296,1.4883449946873075,16.701249419895127,0,roll,9.38,-52.29750531695157,-5.575427006071596,0.3419833481311798,0.021425259392907417,-0.029019341031625578,-0.282223105430603,0.0,-4.541814718601373,1,9.38,87.2934268932158,-0.639091353351006,87.2934268932158,8.653110726278783,1,8,469,0.6183368869936035,0.0,0.3816631130063966,off,5.0,legged_eval-seed3,,depth,settle,0.0,auto,hold,8.0,0.8,2.0,1.0,0,PLANNER,first,on,1000,3,deterministic,20.0,1,200,lo,1.0,0.42,0.5,0.05,dead-reckoned-heading-hold,off,,,2.664,0.5375
0,jump_on_and_off_box,3,0,0,1,heading-only,0.0,1.0763366699218864,2.673417091369629,0.677729935980029,0.7956011539720187,16.837135695324307,0,roll,4.32,10.726410107590425,2.4829653026829686,0.34182026982307434,0.017670525444881104,0.15588358596519186,0.6516666412353516,0.0,2.452440923716232,1,4.32,-88.03496795271795,-6.139757264846007,88.03496795271795,8.164865385745552,5,8,216,0.7407407407407407,0.0,0.25925925925925924,off,5.0,legged_eval-seed3,,depth,settle,0.0,auto,hold,8.0,0.8,2.0,1.0,0,PLANNER,first,on,1000,3,deterministic,20.0,1,200,lo,1.0,0.42,0.5,0.05,dead-reckoned-heading-hold,off,,,2.659,0.5472
0,jump_on_and_off_box,4,0,1,1,heading-only,0.0,1.6363281250000057,1.8279095888137817,0.6591878277761692,1.0055309997541404,16.114590792346792,1,timeout,20.0,-1.3291629393962694,-0.06645814696981348,0.33390411734580994,0.03181640625000028,-0.008604520559310913,-0.1736820936203003,0.0,-0.036456458038768194,0,20.0,10.764744576893596,-8.19411049040201,17.5162248526573,11.142678652534842,0,8,1000,1.0,0.0,0.0,off,5.0,legged_eval-seed3,,depth,settle,0.0,auto,hold,8.0,0.8,2.0,1.0,0,PLANNER,first,on,1000,3,deterministic,20.0,1,200,lo,1.0,0.42,0.5,0.05,dead-reckoned-heading-hold,off,,,2.649,0.5676
0,jump_on_and_off_box,5,0,1,1,heading-only,0.0,1.2498321533203125,1.7272950410842896,0.3698433444715255,1.3466822154009823,15.752528533324416,0,roll,7.66,-46.46623932371938,-6.0660886845586655,0.34836527705192566,0.03261516361883975,-0.03560116957124157,-0.27803289890289307,0.0,-3.2461348807204526,1,7.66,89.44281685232252,-2.347593792486286,89.44281685232252,6.253554097694977,1,0,383,0.6527415143603134,0.0,0.3472584856396867,off,5.0,legged_eval-seed3,,depth,settle,0.0,auto,hold,8.0,0.8,2.0,1.0,0,PLANNER,first,on,1000,3,deterministic,20.0,1,200,lo,1.0,0.42,0.5,0.05,dead-reckoned-heading-hold,off,,,2.663,0.5402
0,jump_on_and_off_box,6,0,1,1,heading-only,0.0,0.8987213134765852,1.7589646577835083,0.2614486728620541,1.7124109345059328,16.203071595058606,0,roll,5.98,-58.15095964114752,-9.72424074266681,0.3514912724494934,-0.016936235204584406,-0.04030691341412904,-0.24697744846343994,0.0,10.02111839886196,1,5.98,88.23137178159315,-0.5611450571032085,88.23137178159315,6.13213398680886,3,8,299,0.5016722408026756,0.0,0.4983277591973244,off,5.0,legged_eval-seed3,,depth,settle,0.0,auto,hold,8.0,0.8,2.0,1.0,0,PLANNER,first,on,1000,3,deterministic,20.0,1,200,lo,1.0,0.42,0.5,0.05,dead-reckoned-heading-hold,off,,,2.669,0.5284
0,jump_on_and_off_box,7,0,0,1,heading-only,0.0,1.456103515625017,1.3517768383026123,0.7926056297595027,0.6497077563808522,14.90799603416362,0,roll,3.5,26.058013492188906,7.445146712053973,0.35687240958213806,0.1303152901785763,-0.18520661762782506,-0.6513960361480713,0.0,0.9971379662456096,1,3.5,88.14714644591507,-1.4757132637544845,88.14714644591507,9.068562335194748,3,0,175,0.8285714285714286,0.0,0.17142857142857143,off,5.0,legged_eval-seed3,,depth,settle,0.0,auto,hold,8.0,0.8,2.0,1.0,0,PLANNER,first,on,1000,3,deterministic,20.0,1,200,lo,1.0,0.42,0.5,0.05,dead-reckoned-heading-hold,off,,,2.656,0.5541
0,jump_on_and_off_box,8,0,1,1,heading-only,0.0,1.1352966308593864,1.784350872039795,0.25457754164870466,1.3599651534852861,14.966257096306983,0,roll,7.2,-56.842114942160066,-7.89473818641112,0.34153804183006287,0.01879119873047033,-0.029951267772250705,-0.22002553939819336,0.0,-7.332644229469609,1,7.2,89.30700246226617,-1.530750980237462,89.30700246226617,7.181529362484152,1,0,360,0.625,0.0,0.375,off,5.0,legged_eval-seed3,,depth,settle,0.0,auto,hold,8.0,0.8,2.0,1.0,0,PLANNER,first,on,1000,3,deterministic,20.0,1,200,lo,1.0,0.42,0.5,0.05,dead-reckoned-heading-hold,off,,,2.664,0.5381
0,jump_on_and_off_box,9,0,1,1,heading-only,0.0,1.232275390625034,1.5504820346832275,0.5059824683055167,1.3113284860135201,14.174854038339545,0,roll,14.24,-42.016557952524664,-2.9506009798121253,0.33622226119041443,0.01631147406074678,-0.031567272845278965,-0.45743370056152344,0.0,-3.1571458115009037,1,14.24,85.96931825864573,-3.209469577011558,85.96931825864573,9.941089956541697,1,8,712,0.6390449438202247,0.0,0.3609550561797753,off,5.0,legged_eval-seed3,,depth,settle,0.0,auto,hold,8.0,0.8,2.0,1.0,0,PLANNER,first,on,1000,3,deterministic,20.0,1,200,lo,1.0,0.42,0.5,0.05,dead-reckoned-heading-hold,off,,,2.663,0.5392
1,forward_ramp_lips,0,0,0,1,heading-only,0.0,1.1619837284088135,2.697201347351074,0.7157712253348643,0.7748191521952459,12.257860008275458,0,roll,3.4,-10.82795188430066,-3.184691730676665,0.3382108807563782,0.04764227306141573,0.20505921980913938,0.6890420913696289,0.0,-1.166681453038391,1,3.4,-86.631613023111,-6.32380915876479,86.631613023111,8.816063532225634,4,8,170,0.8235294117647058,0.0,0.17647058823529413,off,5.0,legged_eval-seed3,,depth,settle,0.0,auto,hold,8.0,0.8,2.0,1.0,0,PLANNER,first,on,1000,3,deterministic,20.0,1,200,lo,1.0,0.42,0.5,0.05,dead-reckoned-heading-hold,off,,,2.656,0.5537
1,forward_ramp_lips,1,0,1,1,heading-only,0.0,1.4446311950683608,2.7476736068725582,0.8698923623309607,1.4157477414641024,12.377970517346201,0,roll,4.88,-22.829415784449992,-4.678158972223359,0.3424237370491028,0.09111294980909034,0.15321180468699963,0.7467374801635742,0.0,-0.896132516487414,1,4.88,-88.74468243257877,-0.6973584753815352,88.74468243257877,24.914607456327257,2,8,244,0.9385245901639344,0.0,0.06147540983606557,off,5.0,legged_eval-seed3,,depth,settle,0.0,auto,hold,8.0,0.8,2.0,1.0,0,PLANNER,first,on,1000,3,deterministic,20.0,1,200,lo,1.0,0.42,0.5,0.05,dead-reckoned-heading-hold,off,,,2.651,0.5627
1,forward_ramp_lips,2,0,1,1,heading-only,0.0,1.4470245361328153,2.836340522766113,0.9483123989094806,1.3380349870537183,11.882444732337623,0,roll,3.7600000000000002,-4.34395767706792,-1.1553078928372127,0.3361648619174957,0.11888950429064236,0.22243099009737044,0.8281993865966797,0.0,-0.16960224306254634,1,3.7600000000000002,-87.17052682907398,-8.787195277752115,87.17052682907398,19.97044347649292,1,8,188,0.824468085106383,0.0,0.17553191489361702,off,5.0,legged_eval-seed3,,depth,settle,0.0,auto,hold,8.0,0.8,2.0,1.0,0,PLANNER,first,on,1000,3,deterministic,20.0,1,200,lo,1.0,0.42,0.5,0.05,dead-reckoned-heading-hold,off,,,2.656,0.5538
1,forward_ramp_lips,3,0,0,1,heading-only,0.0,0.9090011596679801,1.429057693481445,0.5781486887596478,0.8217388555049103,12.454092791629394,0,roll,4.96,-20.12487072836757,-4.057433614590235,0.3481370806694031,-0.018346540389520136,-0.11510933599164416,-0.5766115188598633,0.0,3.8598871641296104,1,4.96,90.70522095365054,0.06764643443822653,90.70522095365054,14.34932873607971,3,8,248,0.7459677419354839,0.0,0.2540322580645161,off,5.0,legged_eval-seed3,,depth,settle,0.0,auto,hold,8.0,0.8,2.0,1.0,0,PLANNER,first,on,1000,3,deterministic,20.0,1,200,lo,1.0,0.42,0.5,0.05,dead-reckoned-heading-hold,off,,,2.659,0.5476
1,forward_ramp_lips,4,0,1,1,heading-only,0.0,1.5788940429687557,2.6747680664062496,0.8890614469351039,1.0625598607371858,11.69059563083472,0,roll,4.98,-28.616237050204006,-5.746232339398395,0.3359697461128235,0.11624378372866578,0.13549559566390554,0.666534423828125,0.0,-0.8627616091813993,1,4.98,-91.78293714413033,-8.691982994914463,91.78293714413033,15.355607349274356,1,8,249,0.5622489959839357,0.0,0.43775100401606426,off,5.0,legged_eval-seed3,,depth,settle,0.0,auto,hold,8.0,0.8,2.0,1.0,0,PLANNER,first,on,1000,3,deterministic,20.0,1,200,lo,1.0,0.42,0.5,0.05,dead-reckoned-heading-hold,off,,,2.666,0.5331
1,forward_ramp_lips,5,0,1,1,heading-only,0.0,1.3108062744140625,2.6142021179199215,0.6883638441060561,1.2288697319393502,11.805182461150357,0,roll,18.82,28.654631487650647,1.5225627783023723,0.34566977620124817,0.01651467983071533,0.03263560669075034,0.6046247482299805,0.0,1.6090977131912005,1,18.82,-87.39644222886898,-0.5156224894173669,87.39644222886898,9.713804372877611,5,8,941,0.3931987247608927,0.0,0.6068012752391073,off,5.0,legged_eval-seed3,,depth,settle,0.0,auto,hold,8.0,0.8,2.0,1.0,0,PLANNER,first,on,1000,3,deterministic,20.0,1,200,lo,1.0,0.42,0.5,0.05,dead-reckoned-heading-hold,off,,,2.673,0.5198
1,forward_ramp_lips,6,0,1,1,heading-only,0.0,1.5730682373047102,1.3837610244750973,0.8415210511707413,1.0473882698477341,12.941611772585992,0,roll,6.0600000000000005,-0.7922324711424835,-0.13073143088159794,0.3492269515991211,0.09456571572684987,-0.10168959992160109,-0.6231880187988281,0.0,-0.02412813023398331,1,6.0600000000000005,91.14394351549194,2.271322504134457,91.14394351549194,13.662631080697903,3,8,303,0.759075907590759,0.0,0.24092409240924093,off,5.0,legged_eval-seed3,,depth,settle,0.0,auto,hold,8.0,0.8,2.0,1.0,0,PLANNER,first,on,1000,3,deterministic,20.0,1,200,lo,1.0,0.42,0.5,0.05,dead-reckoned-heading-hold,off,,,2.658,0.5486
1,forward_ramp_lips,7,0,0,1,heading-only,0.0,1.068438720703142,1.4026895523071286,0.6012184539870189,0.736902238232046,13.045243161665944,0,roll,3.24,-14.199946961169132,-4.3826996793731885,0.35204628109931946,0.021123061945414214,-0.18435507644841712,-0.6069984436035156,0.0,-3.6212808412356323,1,3.24,89.09681455271748,-1.9295921973181636,89.09681455271748,6.802473130112301,1,8,162,0.6790123456790124,0.0,0.32098765432098764,off,5.0,legged_eval-seed3,,depth,settle,0.0,auto,hold,8.0,0.8,2.0,1.0,0,PLANNER,first,on,1000,3,deterministic,20.0,1,200,lo,1.0,0.42,0.5,0.05,dead-reckoned-heading-hold,off,,,2.662,0.5423
1,forward_ramp_lips,8,0,1,1,heading-only,0.0,1.2719543457031364,1.4019456863403317,0.6569841156632008,1.2354157389830354,12.991818116303069,0,roll,10.1,-33.43503030644828,-3.3103990402424044,0.3329402506351471,0.02692617284189469,-0.05921329838214538,-0.6056928634643555,0.0,-2.145769588063918,1,10.1,89.51901156590928,5.068893568899522,89.51901156590928,9.484030550776552,1,0,505,0.9306930693069307,0.0,0.06930693069306931,off,5.0,legged_eval-seed3,,depth,settle,0.0,auto,hold,8.0,0.8,2.0,1.0,0,PLANNER,first,on,1000,3,deterministic,20.0,1,200,lo,1.0,0.42,0.5,0.05,dead-reckoned-heading-hold,off,,,2.651,0.5621
1,forward_ramp_lips,9,0,1,1,heading-only,0.0,1.645086669921909,1.8435646057128903,0.6637837330762947,0.9281507996359516,12.205915837302182,1,timeout,20.0,-7.671706152496228,-0.38358530762481136,0.32652294635772705,0.03225433349609545,-0.007821769714355487,-0.15570831298828125,0.0,-0.20756363113622267,0,20.0,5.647600200562912,-4.013629456606006,13.967529164986379,6.746711080861909,2,8,1000,0.96,0.0,0.04,off,5.0,legged_eval-seed3,,depth,settle,0.0,auto,hold,8.0,0.8,2.0,1.0,0,PLANNER,first,on,1000,3,deterministic,20.0,1,200,lo,1.0,0.42,0.5,0.05,dead-reckoned-heading-hold,off,,,2.65,0.5644
2,sphere_bump_lips,0,0,0,1,heading-only,0.0,1.0814476013183594,1.5041934967041009,0.502451789200736,0.6488529873189006,15.326574035963342,0,roll,1.28,20.13734143084548,15.732297992848032,0.35473570227622986,0.06363093852996826,-0.3873488306999212,-0.4807014465332031,0.0,4.315202717790723,1,1.28,86.20491626731076,1.527844780079746,86.20491626731076,12.306706714263385,1,0,64,0.625,0.0,0.375,off,5.0,legged_eval-seed3,,depth,settle,0.0,auto,hold,8.0,0.8,2.0,1.0,0,PLANNER,first,on,1000,3,deterministic,20.0,1,200,lo,1.0,0.42,0.5,0.05,dead-reckoned-heading-hold,off,,,2.664,0.5381
2,sphere_bump_lips,1,0,1,1,heading-only,0.0,2.85939178466797,1.380250167846679,1.9599560360744852,1.3913573296916903,13.205159406263864,0,roll,14.22,3.433497423961029,0.24145551504648585,0.3362576365470886,0.1307589159400823,-0.043582969912329184,-0.6324691772460938,0.0,0.03222872952381281,1,14.22,90.4182862544719,-2.9942579894143644,90.4182862544719,14.734148716208953,1,8,711,0.9845288326300985,0.0,0.015471167369901548,off,5.0,legged_eval-seed3,,depth,settle,0.0,auto,hold,8.0,0.8,2.0,1.0,0,PLANNER,first,on,1000,3,deterministic,20.0,1,200,lo,1.0,0.42,0.5,0.05,dead-reckoned-heading-hold,off,,,2.649,0.5664
2,sphere_bump_lips,2,0,0,1,heading-only,0.0,0.9767715454101591,1.9702007293701165,0.037783033662020044,0.5240763419794355,14.72325861087056,1,timeout,20.0,-3.0417038906514335,-0.1520851945325717,0.37853163480758667,-0.0011614227294920454,-0.0014899635314941761,-0.011877059936523438,0.0,2.2854618914599385,0,20.0,11.616631144088176,16.633788671526354,17.25515404041529,18.084253526556793,0,0,1000,1.0,0.0,0.0,off,5.0,legged_eval-seed3,,depth,settle,0.0,auto,hold,8.0,0.8,2.0,1.0,0,PLANNER,first,on,1000,3,deterministic,20.0,1,200,lo,1.0,0.42,0.5,0.05,dead-reckoned-heading-hold,off,,,2.649,0.5676
2,sphere_bump_lips,3,0,1,1,heading-only,0.0,1.5349548339843864,2.489421081542968,0.7250583903810444,1.3650861580055416,13.873680494040208,0,roll,15.3,-159.09034408052705,-10.39806170460961,0.3573918342590332,0.03496436823427362,0.03198830598320052,0.4683399200439453,0.0,-5.1904387734103725,1,15.3,89.24038927838464,0.6379089093300633,89.24038927838464,7.885270708865947,1,0,765,0.22875816993464052,0.0,0.7712418300653595,off,5.0,legged_eval-seed3,,depth,settle,0.0,auto,hold,8.0,0.8,2.0,1.0,0,PLANNER,first,on,1000,3,deterministic,20.0,1,200,lo,1.0,0.42,0.5,0.05,dead-reckoned-heading-hold,off,,,2.68,0.5069
2,sphere_bump_lips,4,0,1,1,heading-only,0.0,1.6364501953125057,2.771069717407226,0.9998086618027401,1.5452946315632834,13.236028367681117,0,roll,5.26,-17.220188429056833,-3.2738000815697403,0.32749998569488525,0.12099813599097067,0.1465912010279897,0.7800827026367188,0.0,-0.47222703066859467,1,5.26,-86.20064868530532,11.426749562379122,86.20064868530532,37.81097506820646,4,0,263,0.8669201520912547,0.0,0.13307984790874525,off,5.0,legged_eval-seed3,,depth,settle,0.0,auto,hold,8.0,0.8,2.0,1.0,0,PLANNER,first,on,1000,3,deterministic,20.0,1,200,lo,1.0,0.42,0.5,0.05,dead-reckoned-heading-hold,off,,,2.654,0.5571
2,sphere_bump_lips,5,0,1,1,heading-only,0.0,1.0274810791015625,1.5728179931640618,0.42806503790074457,1.9740283573144433,13.379340296021745,0,roll,4.7,-34.472266121834025,-7.3345247067731965,0.33851736783981323,0.005847038106715425,-0.0908897886884975,-0.44190216064453125,0.0,-21.89341045255723,1,4.7,91.71827372081073,1.1964974222975544,91.71827372081073,7.881130087681082,1,4,235,0.5957446808510638,0.0,0.40425531914893614,off,5.0,legged_eval-seed3,,depth,settle,0.0,auto,hold,8.0,0.8,2.0,1.0,0,PLANNER,first,on,1000,3,deterministic,20.0,1,200,lo,1.0,0.42,0.5,0.05,dead-reckoned-heading-hold,off,,,2.665,0.5358
2,sphere_bump_lips,6,0,1,1,heading-only,0.0,1.3786407470703352,2.680054855346679,0.7783594424316918,1.7715867850404854,12.78945236410351,0,roll,3.24,-12.299588246239551,-3.7961692118023302,0.34894073009490967,0.11686442810812815,0.20989347387243176,0.6692466735839844,0.0,-0.5669445594470028,1,3.24,-89.142110913556,-5.783129927338944,89.142110913556,11.312329760642275,1,0,162,0.6172839506172839,0.0,0.38271604938271603,off,5.0,legged_eval-seed3,,depth,settle,0.0,auto,hold,8.0,0.8,2.0,1.0,0,PLANNER,first,on,1000,3,deterministic,20.0,1,200,lo,1.0,0.42,0.5,0.05,dead-reckoned-heading-hold,off,,,2.664,0.5375
2,sphere_bump_lips,7,0,1,1,heading-only,0.0,1.9297821044922046,1.5466987609863274,1.0343968170510212,1.1866340318481667,11.828906674353865,0,roll,12.56,-50.750317523573386,-4.040630376080683,0.3478306233882904,0.07402723761880609,-0.03609086297879559,-0.4446144104003906,0.0,-0.952653458202106,1,12.56,91.7197915988393,0.062300404455251014,91.7197915988393,9.249119125963581,1,8,628,0.6289808917197452,0.0,0.37101910828025475,off,5.0,legged_eval-seed3,,depth,settle,0.0,auto,hold,8.0,0.8,2.0,1.0,0,PLANNER,first,on,1000,3,deterministic,20.0,1,200,lo,1.0,0.42,0.5,0.05,dead-reckoned-heading-hold,off,,,2.664,0.5384
2,sphere_bump_lips,8,0,1,1,heading-only,0.0,1.7132690429687614,1.3259651184082024,0.9813642286429851,1.1138288969855492,11.706152377431033,0,roll,9.72,-11.416656470798046,-1.1745531348557658,0.3301727771759033,0.07338158878279437,-0.06934515242713966,-0.6517314910888672,0.0,-0.2793591660100529,1,9.72,89.77404777656228,-2.094306392076483,89.77404777656228,8.818553806997304,1,8,486,0.8950617283950617,0.0,0.10493827160493827,off,5.0,legged_eval-seed3,,depth,settle,0.0,auto,hold,8.0,0.8,2.0,1.0,0,PLANNER,first,on,1000,3,deterministic,20.0,1,200,lo,1.0,0.42,0.5,0.05,dead-reckoned-heading-hold,off,,,2.653,0.5593
2,sphere_bump_lips,9,0,1,1,heading-only,0.0,1.557196044921909,2.643250656127929,0.8510222318398206,1.5093556230878202,11.51079120462481,0,roll,7.74,19.753867682824364,2.5521792871866102,0.3303108811378479,0.07198915309068593,0.08310731991316912,0.6368198394775391,0.0,0.6187589345091412,1,7.74,-89.93305506392677,0.3144822830775942,89.93305506392677,12.957971665536045,1,0,387,0.9689922480620154,0.0,0.031007751937984496,off,5.0,legged_eval-seed3,,depth,settle,0.0,auto,hold,8.0,0.8,2.0,1.0,0,PLANNER,first,on,1000,3,deterministic,20.0,1,200,lo,1.0,0.42,0.5,0.05,dead-reckoned-heading-hold,off,,,2.65,0.5651
3,forward_ramp_no_lips,0,0,1,1,heading-only,0.0,1.5892621278762817,2.6645896911621065,0.8882056704098593,1.056669557050261,9.334426558766095,0,roll,4.42,-16.232200413870487,-3.672443532549884,0.34654247760772705,0.13331722350142122,0.15035965863396075,0.6586723327636719,0.0,-0.48077982389037477,1,4.42,-88.40819437407308,-9.428431566820395,88.40819437407308,15.539377726803389,1,0,221,0.6334841628959276,0.0,0.3665158371040724,off,5.0,legged_eval-seed3,,depth,settle,0.0,auto,hold,8.0,0.8,2.0,1.0,0,PLANNER,first,on,1000,3,deterministic,20.0,1,200,lo,1.0,0.42,0.5,0.05,dead-reckoned-heading-hold,off,,,2.663,0.5387
3,forward_ramp_no_lips,1,0,1,1,heading-only,0.0,1.5248886108398452,1.587679672241208,0.6674699292646074,1.0294959346193253,9.234321209222447,0,roll,5.58,1.0390678496231658,0.186212876276553,0.3514561355113983,0.09406605929029484,-0.07389253185641433,-0.4602813720703125,0.0,0.034550483193995216,1,5.58,90.03978585162113,-2.849820359603102,90.03978585162113,16.238863288866536,2,4,279,0.946236559139785,0.0,0.053763440860215055,off,5.0,legged_eval-seed3,,depth,settle,0.0,auto,hold,8.0,0.8,2.0,1.0,0,PLANNER,first,on,1000,3,deterministic,20.0,1,200,lo,1.0,0.42,0.5,0.05,dead-reckoned-heading-hold,off,,,2.651,0.5633
3,forward_ramp_no_lips,2,0,1,1,heading-only,0.0,1.5011093139648466,1.4693363189697237,0.7298729251773366,1.1156875062311715,9.563624693400167,0,roll,7.26,-12.989717639879757,-1.7892173057685616,0.3395857810974121,0.06902332148276125,-0.0730941709408094,-0.5412540435791016,0.0,-0.45242292530246814,1,7.26,86.10632672661147,2.4679353397884403,86.10632672661147,18.18832211069621,8,8,363,0.6831955922865014,0.0,0.3168044077134986,off,5.0,legged_eval-seed3,,depth,settle,0.0,auto,hold,8.0,0.8,2.0,1.0,0,PLANNER,first,on,1000,3,deterministic,20.0,1,200,lo,1.0,0.42,0.5,0.05,dead-reckoned-heading-hold,off,,,2.661,0.5426
3,forward_ramp_no_lips,3,0,1,1,heading-only,0.0,1.4179656982421989,1.365023422241208,0.7601911464949825,1.2068645360222883,9.75272715218122,0,roll,4.0,3.327713317306973,0.8319283293267432,0.32870572805404663,0.10449142456054972,-0.15874414443969798,-0.6449642181396484,0.0,0.1389577044090687,1,4.0,90.23144791387364,7.228057336596393,90.23144791387364,15.249293841963114,2,0,200,0.875,0.0,0.125,off,5.0,legged_eval-seed3,,depth,settle,0.0,auto,hold,8.0,0.8,2.0,1.0,0,PLANNER,first,on,1000,3,deterministic,20.0,1,200,lo,1.0,0.42,0.5,0.05,dead-reckoned-heading-hold,off,,,2.654,0.5577
3,forward_ramp_no_lips,4,0,1,1,heading-only,0.0,1.6112731933593807,1.4477642059326143,0.8237835208166104,1.0725767257064402,8.905864843761147,0,roll,7.0200000000000005,-5.083911437318335,-0.7242039084499052,0.34003710746765137,0.08707595346999725,-0.07866606753096661,-0.5539379119873047,0.0,-0.14515767160238516,1,7.0200000000000005,88.47134625236727,-0.6869839721070249,88.47134625236727,7.230852719258561,3,1,351,0.9116809116809117,0.0,0.08831908831908832,off,5.0,legged_eval-seed3,,depth,settle,0.0,auto,hold,8.0,0.8,2.0,1.0,0,PLANNER,first,on,1000,3,deterministic,20.0,1,200,lo,1.0,0.42,0.5,0.05,dead-reckoned-heading-hold,off,,,2.652,0.5606
3,forward_ramp_no_lips,5,0,1,1,heading-only,0.0,1.718048095703125,2.7125118255615206,1.0115661962066027,1.0682805777416373,9.109858588009303,0,roll,6.08,-0.07860108659818366,-0.01292781029575389,0.3371686637401581,0.11810001574064556,0.11718944499367115,0.7085208892822266,0.0,-0.001910523494168113,1,6.08,-89.46804639187233,11.741787509084677,89.46804639187233,17.72139985505849,3,0,304,0.9210526315789473,0.0,0.07894736842105263,off,5.0,legged_eval-seed3,,depth,settle,0.0,auto,hold,8.0,0.8,2.0,1.0,0,PLANNER,first,on,1000,3,deterministic,20.0,1,200,lo,1.0,0.42,0.5,0.05,dead-reckoned-heading-hold,off,,,2.652,0.5614
3,forward_ramp_no_lips,6,0,1,1,heading-only,0.0,1.4070678710937727,2.757593917846677,0.8600306948214661,1.2067650927785525,9.124437694743353,0,roll,5.64,-9.463524496158016,-1.677929875205322,0.3586238920688629,0.07217515444925049,0.13432516273877249,0.7481842041015625,0.0,-0.40575460022745474,1,5.64,-91.53855957926321,0.5174329305045202,91.53855957926321,17.454773666732027,4,8,282,0.8936170212765957,0.0,0.10638297872340426,off,5.0,legged_eval-seed3,,depth,settle,0.0,auto,hold,8.0,0.8,2.0,1.0,0,PLANNER,first,on,1000,3,deterministic,20.0,1,200,lo,1.0,0.42,0.5,0.05,dead-reckoned-heading-hold,off,,,2.653,0.5592
3,forward_ramp_no_lips,7,0,0,1,heading-only,0.0,0.933123779296892,1.6201637268066378,0.38567865293395914,0.682366649267138,10.12400415149367,0,roll,5.74,-36.93355872454896,-6.434417896262885,0.3510238230228424,-0.011650909530158179,-0.06617356675842546,-0.3855018615722656,0.0,9.638885054282076,1,5.74,87.54821903840362,-0.12890066090253152,87.54821903840362,7.274523636032834,5,0,287,0.627177700348432,0.0,0.37282229965156793,off,5.0,legged_eval-seed3,,depth,settle,0.0,auto,hold,8.0,0.8,2.0,1.0,0,PLANNER,first,on,1000,3,deterministic,20.0,1,200,lo,1.0,0.42,0.5,0.05,dead-reckoned-heading-hold,off,,,2.664,0.5382
3,forward_ramp_no_lips,8,0,0,1,heading-only,0.0,1.0530212402343864,2.6941116333007784,0.6961337597038854,0.8255791731657725,9.921289207090727,0,roll,3.06,12.042749718238952,3.9355391236075006,0.35017773509025574,0.017327202690975936,0.22683386709175765,0.6822547912597656,0.0,3.964177990702214,1,3.06,-85.95240545607076,1.7142088882065838,85.95240545607076,7.735491418453325,3,0,153,0.5555555555555556,0.0,0.4444444444444444,off,5.0,legged_eval-seed3,,depth,settle,0.0,auto,hold,8.0,0.8,2.0,1.0,0,PLANNER,first,on,1000,3,deterministic,20.0,1,200,lo,1.0,0.42,0.5,0.05,dead-reckoned-heading-hold,off,,,2.667,0.5326
3,forward_ramp_no_lips,9,0,1,1,heading-only,0.0,1.699407958984409,2.603581237792966,0.9238407891549418,0.9090383481245788,9.220368984797448,0,roll,4.98,-47.92068019088481,-9.622626544354379,0.33164796233177185,0.14044336525791346,0.12120105176565579,0.5691318511962891,0.0,-1.1958309000953316,1,4.98,-88.4631218486088,-0.4476462362605396,88.4631218486088,25.13594514442959,2,8,249,0.8594377510040161,0.0,0.14056224899598393,off,5.0,legged_eval-seed3,,depth,settle,0.0,auto,hold,8.0,0.8,2.0,1.0,0,PLANNER,first,on,1000,3,deterministic,20.0,1,200,lo,1.0,0.42,0.5,0.05,dead-reckoned-heading-hold,off,,,2.654,0.5565
4,flush_a_frame,0,0,0,1,heading-only,0.0,0.7932652831077576,1.8731063842773423,0.24257211892483674,0.7180361758100545,14.407293541558019,0,roll,6.2,-57.97399704472281,-9.35064468463271,0.35336822271347046,-0.03334430917616813,-0.02046671221333188,-0.11554336547851562,0.0,4.894374511366086,1,6.2,87.07379029064225,-3.6748460442936457,87.07379029064225,8.659720304926944,3,0,310,0.532258064516129,0.0,0.46774193548387094,off,5.0,legged_eval-seed3,,depth,settle,0.0,auto,hold,8.0,0.8,2.0,1.0,0,PLANNER,first,on,1000,3,deterministic,20.0,1,200,lo,1.0,0.42,0.5,0.05,dead-reckoned-heading-hold,off,,,2.667,0.5308
4,flush_a_frame,1,0,1,1,heading-only,0.0,1.308133697509767,1.6145805358886705,0.49345165807493757,1.2962066423236835,12.497810683580024,0,roll,7.5200000000000005,-35.73286727711849,-4.751711074084905,0.3639300465583801,0.04097522573268179,-0.051252588312676796,-0.3864173889160156,0.0,-2.0239791694450764,1,7.5200000000000005,87.03661869761345,-2.674378279796383,87.03661869761345,8.999395702025533,7,8,376,0.651595744680851,0.0,0.3484042553191489,off,5.0,legged_eval-seed3,,depth,settle,0.0,auto,hold,8.0,0.8,2.0,1.0,0,PLANNER,first,on,1000,3,deterministic,20.0,1,200,lo,1.0,0.42,0.5,0.05,dead-reckoned-heading-hold,off,,,2.663,0.5402
4,flush_a_frame,2,0,1,1,heading-only,0.0,1.5076782226562528,1.426424407958983,0.7659805072876301,1.35950276279481,14.103989578696599,0,roll,4.16,17.616369840871954,4.234704288671143,0.3506828248500824,0.12203803429236847,-0.13787874808678294,-0.5791168212890625,0.0,0.6056270335243977,1,4.16,88.70155748094764,-5.508648310570163,88.70155748094764,8.49489693122349,4,8,208,0.8557692307692307,0.0,0.14423076923076922,off,5.0,legged_eval-seed3,,depth,settle,0.0,auto,hold,8.0,0.8,2.0,1.0,0,PLANNER,first,on,1000,3,deterministic,20.0,1,200,lo,1.0,0.42,0.5,0.05,dead-reckoned-heading-hold,off,,,2.654,0.5562
4,flush_a_frame,3,0,0,1,heading-only,0.0,0.9786041259765739,1.2762588500976548,0.7240573426788759,0.8919949044196505,14.13993008055371,0,roll,1.96,-7.360468602533587,-3.755341123741626,0.3308001756668091,-0.010916262256850067,-0.3692556887256863,-0.7029037475585938,0.0,6.004167507399909,1,1.96,88.76311006973108,1.6549594732987554,88.76311006973108,11.779444554053374,2,0,98,0.8469387755102041,0.0,0.15306122448979592,off,5.0,legged_eval-seed3,,depth,settle,0.0,auto,hold,8.0,0.8,2.0,1.0,0,PLANNER,first,on,1000,3,deterministic,20.0,1,200,lo,1.0,0.42,0.5,0.05,dead-reckoned-heading-hold,off,,,2.655,0.5555
4,flush_a_frame,4,0,1,1,heading-only,0.0,0.9573883056640682,2.230295562744139,0.23420461719150337,1.604706241476018,12.544725750733338,0,roll,8.84,-100.76472683909208,-11.398724755553403,0.33838823437690735,-0.004820327413566947,0.02605153424707457,0.2128753662109375,0.0,41.2721503010471,1,8.84,87.26544003173473,-1.5761283591029076,87.26544003173473,7.604453238228817,1,8,442,0.3167420814479638,0.0,0.6832579185520362,off,5.0,legged_eval-seed3,,depth,settle,0.0,auto,hold,8.0,0.8,2.0,1.0,0,PLANNER,first,on,1000,3,deterministic,20.0,1,200,lo,1.0,0.42,0.5,0.05,dead-reckoned-heading-hold,off,,,2.676,0.5138
4,flush_a_frame,5,0,0,1,heading-only,0.0,0.8856048583984375,1.3898452758789048,0.6207858211890244,0.8658927054727357,12.42938033528575,0,roll,2.02,-14.28188835645176,-7.070241760619683,0.3485608696937561,-0.0566312582185953,-0.30205679411935404,-0.6180572509765625,0.0,2.1789909233253666,1,2.02,87.68819305506351,0.5469639437438967,87.68819305506351,10.884887698179282,1,0,101,0.39603960396039606,0.0,0.6039603960396039,off,5.0,legged_eval-seed3,,depth,settle,0.0,auto,hold,8.0,0.8,2.0,1.0,0,PLANNER,first,on,1000,3,deterministic,20.0,1,200,lo,1.0,0.42,0.5,0.05,dead-reckoned-heading-hold,off,,,2.673,0.52
4,flush_a_frame,6,0,0,1,heading-only,0.0,0.9387451171875227,2.6424507141113267,0.6453643007871787,0.8530826241009725,13.47657693704544,0,roll,1.94,4.295783931415457,2.214321614131679,0.327776700258255,-0.03157468186210168,0.33116016191305503,0.6321525573730469,0.0,-1.2239934208509156,1,1.94,-89.11665145952169,-5.600599904749766,89.11665145952169,12.506459509530643,2,0,97,0.7422680412371134,0.0,0.25773195876288657,off,5.0,legged_eval-seed3,,depth,settle,0.0,auto,hold,8.0,0.8,2.0,1.0,0,PLANNER,first,on,1000,3,deterministic,20.0,1,200,lo,1.0,0.42,0.5,0.05,dead-reckoned-heading-hold,off,,,2.659,0.5473
4,flush_a_frame,7,0,0,1,heading-only,0.0,1.165026855468767,2.6514648437499986,0.672041892792495,0.7325390434641367,13.151118809827492,0,roll,3.0,12.54917024020952,4.183056746736507,0.32528406381607056,0.05500895182292235,0.2171549479166662,0.6259918212890625,0.0,1.327204220566369,1,3.0,-88.34455446709599,6.264208678406952,88.34455446709599,9.725910692833185,0,8,150,1.0,0.0,0.0,off,5.0,legged_eval-seed3,,depth,settle,0.0,auto,hold,8.0,0.8,2.0,1.0,0,PLANNER,first,on,1000,3,deterministic,20.0,1,200,lo,1.0,0.42,0.5,0.05,dead-reckoned-heading-hold,off,,,2.649,0.5676
4,flush_a_frame,8,0,1,1,heading-only,0.0,1.7872436523437614,2.8540328979492173,1.16151829901,1.158211018440908,11.544389585910501,0,roll,10.14,-8.888789945106424,-0.876606503462172,0.3503093719482422,0.07763744105954254,0.08422415167152045,0.8353767395019531,0.0,-0.19706561062562825,1,10.14,-89.47968283855107,-7.675804617010894,89.47968283855107,16.677303387406635,5,8,507,0.8678500986193294,0.0,0.13214990138067062,off,5.0,legged_eval-seed3,,depth,settle,0.0,auto,hold,8.0,0.8,2.0,1.0,0,PLANNER,first,on,1000,3,deterministic,20.0,1,200,lo,1.0,0.42,0.5,0.05,dead-reckoned-heading-hold,off,,,2.654,0.5572
4,flush_a_frame,9,0,1,1,heading-only,0.0,1.598577880859409,2.6451362609863267,0.8800546998303905,1.212710770597537,12.817667848234358,0,roll,4.5600000000000005,-11.094263298507087,-2.432952477742782,0.3240584433078766,0.13126707913583532,0.1414772502162997,0.6411972045898438,0.0,-0.32348576322952094,1,4.5600000000000005,-90.60530182215555,-1.269006490178537,90.60530182215555,16.958306742051967,1,8,228,0.8114035087719298,0.0,0.18859649122807018,off,5.0,legged_eval-seed3,,depth,settle,0.0,auto,hold,8.0,0.8,2.0,1.0,0,PLANNER,first,on,1000,3,deterministic,20.0,1,200,lo,1.0,0.42,0.5,0.05,dead-reckoned-heading-hold,off,,,2.656,0.5527
5,sphere_bump,0,0,0,1,heading-only,0.0,0.9992605447769165,1.3235626220703125,0.6764377821015158,0.8416100809029686,14.816188981909542,0,roll,3.3200000000000003,-15.887841825182562,-4.7854945256573975,0.3438253402709961,-0.00022272747683237833,-0.2037461981715926,-0.6828041076660156,0.0,,1,3.3200000000000003,87.44521111281293,0.7505105961985585,87.44521111281293,11.000595966844775,1,0,166,0.6626506024096386,0.0,0.3373493975903614,off,5.0,legged_eval-seed3,,depth,settle,0.0,auto,hold,8.0,0.8,2.0,1.0,0,PLANNER,first,on,1000,3,deterministic,20.0,1,200,lo,1.0,0.42,0.5,0.05,dead-reckoned-heading-hold,off,,,2.662,0.541
5,sphere_bump,1,0,0,1,heading-only,0.0,0.9237457275390639,1.56732177734375,0.4393462853257304,0.7206104571059556,14.832566406257115,0,roll,7.28,-16.68121329485726,-2.2913754525902825,0.31359878182411194,-0.010474487975403308,-0.05943382179344093,-0.41072845458984375,0.0,3.81804305289069,1,7.28,86.30007466018338,4.610148073741863,86.30007466018338,5.510369098592952,0,0,364,1.0,0.0,0.0,off,5.0,legged_eval-seed3,,depth,settle,0.0,auto,hold,8.0,0.8,2.0,1.0,0,PLANNER,first,on,1000,3,deterministic,20.0,1,200,lo,1.0,0.42,0.5,0.05,dead-reckoned-heading-hold,off,,,2.649,0.5676
5,sphere_bump,2,0,1,1,heading-only,0.0,1.4032012939453153,1.4101600646972656,0.7144805334766725,1.8932662163040184,14.059177253228496,0,roll,6.04,-3.467519580547105,-0.5740926457859445,0.3383990526199341,0.06675518111677406,-0.09765561842760503,-0.5905914306640625,0.0,-0.15009781582230672,1,6.04,90.25483480491036,0.9218269489129091,90.25483480491036,10.737777401341134,2,0,302,0.7847682119205298,0.0,0.2152317880794702,off,5.0,legged_eval-seed3,,depth,settle,0.0,auto,hold,8.0,0.8,2.0,1.0,0,PLANNER,first,on,1000,3,deterministic,20.0,1,200,lo,1.0,0.42,0.5,0.05,dead-reckoned-heading-hold,off,,,2.657,0.5506
5,sphere_bump,3,0,0,1,heading-only,0.0,0.9721191406250114,1.3719139099121094,0.6287046038334552,0.8204573957594449,13.742241630307486,0,roll,4.4,-30.273210538632924,-6.880275122416573,0.34711953997612,-0.006336558948861052,-0.14274683865633878,-0.6355133056640625,0.0,18.95089358409728,1,4.4,89.24577771053696,4.707002089131427,89.24577771053696,13.434216754082517,1,8,220,0.6136363636363636,0.0,0.38636363636363635,off,5.0,legged_eval-seed3,,depth,settle,0.0,auto,hold,8.0,0.8,2.0,1.0,0,PLANNER,first,on,1000,3,deterministic,20.0,1,200,lo,1.0,0.42,0.5,0.05,dead-reckoned-heading-hold,off,,,2.664,0.5372
5,sphere_bump,4,0,0,1,heading-only,0.0,0.8991607666015682,1.4310493469238281,0.5778177884317736,0.827473643100865,13.612734210965328,0,roll,3.18,-16.607538171637202,-5.222496280389057,0.3490576148033142,-0.03171045075422384,-0.178915299709488,-0.5807685852050781,0.0,2.8744389656398956,1,3.18,93.4128460989732,-0.5534509379608007,93.4128460989732,11.720520007063751,1,0,159,0.660377358490566,0.0,0.33962264150943394,off,5.0,legged_eval-seed3,,depth,settle,0.0,auto,hold,8.0,0.8,2.0,1.0,0,PLANNER,first,on,1000,3,deterministic,20.0,1,200,lo,1.0,0.42,0.5,0.05,dead-reckoned-heading-hold,off,,,2.662,0.5408
5,sphere_bump,5,0,1,1,heading-only,0.0,2.0191192626953125,2.7158737182617188,1.245423322446828,0.8351287510935543,12.201898652133528,0,roll,9.120000000000001,-17.3731406833827,-1.9049496363358223,0.34725725650787354,0.11174553319027548,0.07849492524799546,0.7070274353027344,0.0,-0.2975299530059609,1,9.120000000000001,-92.02148095201972,-8.835312825398102,92.02148095201972,14.920785145372749,7,8,456,0.756578947368421,0.0,0.24342105263157895,off,5.0,legged_eval-seed3,,depth,settle,0.0,auto,hold,8.0,0.8,2.0,1.0,0,PLANNER,first,on,1000,3,deterministic,20.0,1,200,lo,1.0,0.42,0.5,0.05,dead-reckoned-heading-hold,off,,,2.658,0.5484
5,sphere_bump,6,0,0,1,heading-only,0.0,0.7580963134765852,1.4735832214355469,0.5793375685278791,0.909689894871439,13.2024027169021,0,roll,2.32,-24.193605880392028,-10.428278396720703,0.32406505942344666,-0.10426883039802361,-0.22690378386398843,-0.5058937072753906,0.0,1.745562817215811,1,2.32,89.19684857661234,-0.18384139387705525,89.19684857661234,15.0079492839489,1,0,116,0.8620689655172413,0.0,0.13793103448275862,off,5.0,legged_eval-seed3,,depth,settle,0.0,auto,hold,8.0,0.8,2.0,1.0,0,PLANNER,first,on,1000,3,deterministic,20.0,1,200,lo,1.0,0.42,0.5,0.05,dead-reckoned-heading-hold,off,,,2.654,0.5567
5,sphere_bump,7,0,1,1,heading-only,0.0,1.729327392578142,2.5832786560058594,0.933880311451544,1.9483178980955924,11.93493399243959,0,roll,6.2,30.560139888942473,4.929054820797173,0.3262220621109009,0.11763345041582936,0.09407720258159022,0.5743026733398438,0.0,0.7313245962785543,1,6.2,-89.39242861215203,17.537024850990445,89.39242861215203,20.597797670163107,0,8,310,1.0,0.0,0.0,off,5.0,legged_eval-seed3,,depth,settle,0.0,auto,hold,8.0,0.8,2.0,1.0,0,PLANNER,first,on,1000,3,deterministic,20.0,1,200,lo,1.0,0.42,0.5,0.05,dead-reckoned-heading-hold,off,,,2.649,0.5676
5,sphere_bump,8,0,1,1,heading-only,0.0,1.5253112792968864,2.6979217529296875,0.873525450899388,1.364998299774927,11.945095054409414,0,roll,10.4,19.9729660963022,1.920477509259827,0.3472517728805542,0.05051069993239292,0.0671078608586238,0.7040023803710938,0.0,0.6635951549265324,1,10.4,-88.46683257429862,7.299386461584887,88.46683257429862,18.247046446472716,4,8,520,0.9230769230769231,0.0,0.07692307692307693,off,5.0,legged_eval-seed3,,depth,settle,0.0,auto,hold,8.0,0.8,2.0,1.0,0,PLANNER,first,on,1000,3,deterministic,20.0,1,200,lo,1.0,0.42,0.5,0.05,dead-reckoned-heading-hold,off,,,2.652,0.5615
5,sphere_bump,9,0,0,1,heading-only,0.0,0.6540893554687841,2.0239028930664062,0.3467355221158416,0.8462482891138754,12.495933505921233,0,roll,7.0600000000000005,-89.90193258614073,-12.733984785572341,0.33503586053848267,-0.04899584200158865,0.0033856789045901203,0.005283355712890625,0.0,4.536098418308541,1,7.0600000000000005,90.4104900242282,-2.052767544274209,90.4104900242282,11.27058668809707,1,0,353,0.38243626062322944,0.0,0.6175637393767706,off,5.0,legged_eval-seed3,,depth,settle,0.0,auto,hold,8.0,0.8,2.0,1.0,0,PLANNER,first,on,1000,3,deterministic,20.0,1,200,lo,1.0,0.42,0.5,0.05,dead-reckoned-heading-hold,off,,,2.673,0.519
6,box_jump_even,0,0,0,1,heading-only,0.0,1.1984354257583618,1.4825340270996037,0.5542090321400907,0.5989258932015664,9.365870542524114,0,roll,2.6,13.582612519022547,5.224081738085594,0.32544082403182983,0.07632131759936993,-0.1990253741924601,-0.5233802795410156,0.0,1.1946521573633628,1,2.6,90.07755046698209,4.102111000228606,90.07755046698209,13.626843230834695,2,0,130,0.8846153846153846,0.0,0.11538461538461539,off,5.0,legged_eval-seed3,,depth,settle,0.0,auto,hold,8.0,0.8,2.0,1.0,0,PLANNER,first,on,1000,3,deterministic,20.0,1,200,lo,1.0,0.42,0.5,0.05,dead-reckoned-heading-hold,off,,,2.653,0.5585
6,box_jump_even,1,0,0,1,heading-only,0.0,0.8064399719238295,2.5950141906738224,0.6257054990745021,0.913820222827358,11.059577748758088,0,roll,1.96,15.615715920928608,7.96720200047378,0.3104415237903595,-0.0987551163653931,0.3035786687111339,0.5824966430664062,0.0,-1.408067877366961,1,1.96,-93.24298736169666,-4.333042699662911,93.24298736169666,15.920248530108987,1,0,98,0.8163265306122449,0.0,0.1836734693877551,off,5.0,legged_eval-seed3,,depth,settle,0.0,auto,hold,8.0,0.8,2.0,1.0,0,PLANNER,first,on,1000,3,deterministic,20.0,1,200,lo,1.0,0.42,0.5,0.05,dead-reckoned-heading-hold,off,,,2.656,0.5531
6,box_jump_even,2,0,0,1,heading-only,0.0,1.324427795410159,2.6901489257812443,0.7626001142090797,0.7121314055576697,10.049298660563412,0,roll,3.2600000000000002,-29.50753769148119,-9.051391929902206,0.3403854966163635,0.09951772865342302,0.2117021244727743,0.674041748046875,0.0,-1.5874215901309507,1,3.2600000000000002,-86.30859047506925,-0.5285695842328203,86.30859047506925,21.264709627536835,4,0,163,0.8159509202453987,0.0,0.18404907975460122,off,5.0,legged_eval-seed3,,depth,settle,0.0,auto,hold,8.0,0.8,2.0,1.0,0,PLANNER,first,on,1000,3,deterministic,20.0,1,200,lo,1.0,0.42,0.5,0.05,dead-reckoned-heading-hold,off,,,2.656,0.5531
6,box_jump_even,3,0,1,1,heading-only,0.0,2.570553588867199,1.1976409912109318,1.7636378751003887,0.8583566825912652,8.417772991476511,0,roll,8.68,-2.0523593455572495,-0.23644692921166469,0.35393622517585754,0.18093935355612892,-0.09243767382362537,-0.796966552734375,0.0,-0.02280751721428776,1,8.68,92.75905559936274,2.388267051814764,92.75905559936274,7.730899593253454,5,0,434,0.9101382488479263,0.0,0.08986175115207373,off,5.0,legged_eval-seed3,,depth,settle,0.0,auto,hold,8.0,0.8,2.0,1.0,0,PLANNER,first,on,1000,3,deterministic,20.0,1,200,lo,1.0,0.42,0.5,0.05,dead-reckoned-heading-hold,off,,,2.652,0.5605
6,box_jump_even,4,0,1,1,heading-only,0.0,1.7691253662109432,2.702706909179682,1.0418017225739162,0.9260918390232623,9.706344866907886,0,roll,7.16,-0.8862886284848059,-0.12378332800067122,0.3397403061389923,0.10741974388420994,0.09814342306978796,0.7074928283691406,0.0,-0.020112006923201874,1,7.16,-86.7148591442283,-0.759138724597234,86.7148591442283,11.759130116011315,5,0,358,0.6983240223463687,0.0,0.3016759776536313,off,5.0,legged_eval-seed3,,depth,settle,0.0,auto,hold,8.0,0.8,2.0,1.0,0,PLANNER,first,on,1000,3,deterministic,20.0,1,200,lo,1.0,0.42,0.5,0.05,dead-reckoned-heading-hold,off,,,2.661,0.5438
6,box_jump_even,5,0,1,1,heading-only,0.0,1.80029296875,2.6793418884277287,1.0497496069078764,0.8611259838941151,9.424223982625998,0,roll,10.14,2.274049209096688,0.224265207997701,0.35409367084503174,0.07892435589250493,0.06699624146230065,0.6581916809082031,0.0,0.04959389573683568,1,10.14,-91.71837715819382,0.22060138770584892,91.71837715819382,8.310170915495338,10,0,507,0.8126232741617357,0.0,0.1873767258382643,off,5.0,legged_eval-seed3,,depth,settle,0.0,auto,hold,8.0,0.8,2.0,1.0,0,PLANNER,first,on,1000,3,deterministic,20.0,1,200,lo,1.0,0.42,0.5,0.05,dead-reckoned-heading-hold,off,,,2.656,0.5528
6,box_jump_even,6,0,0,1,heading-only,0.0,0.9144989013672102,1.2755561828613224,0.7294719199927244,0.9314667899021744,10.41073733766699,0,roll,1.76,0.6208687046312491,0.3527663094495734,0.31176048517227173,-0.048580169677721455,-0.4116158051924304,-0.6849288940429688,0.0,-0.12673758924369855,1,1.76,87.77216660543957,1.2629000150034428,87.77216660543957,13.604429096287815,1,0,88,0.7386363636363636,0.0,0.26136363636363635,off,5.0,legged_eval-seed3,,depth,settle,0.0,auto,hold,8.0,0.8,2.0,1.0,0,PLANNER,first,on,1000,3,deterministic,20.0,1,200,lo,1.0,0.42,0.5,0.05,dead-reckoned-heading-hold,off,,,2.659,0.547
6,box_jump_even,7,0,1,1,heading-only,0.0,1.1569854736328296,1.6556144714355412,0.3784783101002559,1.3453654833251458,11.09835900818121,0,roll,5.08,-46.9871955265796,-9.24944793830307,0.34435799717903137,0.030902652289927078,-0.06779242688276749,-0.3604469299316406,0.0,-5.223930910545506,1,5.08,93.23386755936988,0.07389012024999989,93.23386755936988,4.839181660762743,1,0,254,0.7086614173228346,0.0,0.29133858267716534,off,5.0,legged_eval-seed3,,depth,settle,0.0,auto,hold,8.0,0.8,2.0,1.0,0,PLANNER,first,on,1000,3,deterministic,20.0,1,200,lo,1.0,0.42,0.5,0.05,dead-reckoned-heading-hold,off,,,2.66,0.5446
6,box_jump_even,8,0,0,1,heading-only,0.0,0.9499633789062614,1.306230163574213,0.6955718865687008,0.8853569169992858,10.822296780392788,0,roll,2.14,4.5723653909128075,2.1366193415480406,0.3253149390220642,-0.02338159864193394,-0.3241915123484985,-0.6867446899414062,0.0,-1.594888482301062,1,2.14,88.44118394500619,2.751174034017939,88.44118394500619,14.692631127727038,1,0,107,0.9813084112149533,0.0,0.018691588785046728,off,5.0,legged_eval-seed3,,depth,settle,0.0,auto,hold,8.0,0.8,2.0,1.0,0,PLANNER,first,on,1000,3,deterministic,20.0,1,200,lo,1.0,0.42,0.5,0.05,dead-reckoned-heading-hold,off,,,2.649,0.5661
6,box_jump_even,9,0,0,1,heading-only,0.0,1.245428466796909,2.6578575134277287,0.7021478763676464,0.7053957566435218,11.124040877486843,0,roll,3.44,-15.595708161064096,-4.533636093332586,0.3353293836116791,0.0713454845339852,0.1912376492522467,0.6253738403320312,0.0,-1.1090663611404126,1,3.44,-86.23281353727882,-3.327081516474157,86.23281353727882,14.1169081905543,1,0,172,0.3488372093023256,0.0,0.6511627906976745,off,5.0,legged_eval-seed3,,depth,settle,0.0,auto,hold,8.0,0.8,2.0,1.0,0,PLANNER,first,on,1000,3,deterministic,20.0,1,200,lo,1.0,0.42,0.5,0.05,dead-reckoned-heading-hold,off,,,2.675,0.5163
7,box_jump_uneven,0,0,1,1,heading-only,0.0,1.3366838693618774,2.7563697814941364,0.8279198477183485,1.4948164078803694,11.288683958063954,0,roll,3.9,-14.122492812759731,-3.621152003271726,0.3446596562862396,0.08632919727227627,0.19394096961388113,0.7391357421875,0.0,-0.7320932797851516,1,3.9,-87.36215574780256,8.31870058358612,87.36215574780256,21.415021743427356,4,0,195,0.8461538461538461,0.0,0.15384615384615385,off,5.0,legged_eval-seed3,,depth,settle,0.0,auto,hold,8.0,0.8,2.0,1.0,0,PLANNER,first,on,1000,3,deterministic,20.0,1,200,lo,1.0,0.42,0.5,0.05,dead-reckoned-heading-hold,off,,,2.655,0.5555
7,box_jump_uneven,1,0,1,1,heading-only,0.0,1.1419425964355483,2.187770080566402,0.23538331257499548,1.531058276657051,10.559726972801812,0,roll,8.72,-98.82339295733368,-11.33295790795111,0.3498789966106415,0.016277820692150034,0.021533266120000227,0.184478759765625,0.0,-12.151345884960078,1,8.72,92.47908264813965,2.0032206796999676,92.47908264813965,6.327237908684878,1,0,436,0.3211009174311927,0.0,0.6788990825688074,off,5.0,legged_eval-seed3,,depth,settle,0.0,auto,hold,8.0,0.8,2.0,1.0,0,PLANNER,first,on,1000,3,deterministic,20.0,1,200,lo,1.0,0.42,0.5,0.05,dead-reckoned-heading-hold,off,,,2.676,0.5142
7,box_jump_uneven,2,0,1,1,heading-only,0.0,1.5031234741210966,1.5231658935546832,0.6931839548642088,1.1224786323044331,10.40780535268802,0,roll,5.6000000000000005,-5.922263898040541,-1.0575471246500965,0.33902475237846375,0.08984347752162439,-0.08514894757952084,-0.4848747253417969,0.0,-0.20544261897810553,1,5.6000000000000005,86.76016067483977,10.059802918947463,86.76016067483977,18.28245042640715,5,0,280,0.7678571428571429,0.0,0.23214285714285715,off,5.0,legged_eval-seed3,,depth,settle,0.0,auto,hold,8.0,0.8,2.0,1.0,0,PLANNER,first,on,1000,3,deterministic,20.0,1,200,lo,1.0,0.42,0.5,0.05,dead-reckoned-heading-hold,off,,,2.658,0.5493
7,box_jump_uneven,3,0,1,1,heading-only,0.0,1.5109756469726676,1.3974525451660114,0.7900376871555267,1.0461814292244462,10.606153882738678,0,roll,3.92,19.385459102735012,4.945270179269136,0.33101657032966614,0.1303509303501703,-0.15371108541683384,-0.5942573547363281,0.0,0.6621452320829092,1,3.92,92.55928915781651,-2.257999926513845,92.55928915781651,9.558054786540627,1,8,196,0.9438775510204082,0.0,0.05612244897959184,off,5.0,legged_eval-seed3,,depth,settle,0.0,auto,hold,8.0,0.8,2.0,1.0,0,PLANNER,first,on,1000,3,deterministic,20.0,1,200,lo,1.0,0.42,0.5,0.05,dead-reckoned-heading-hold,off,,,2.651,0.5632
7,box_jump_uneven,4,0,1,1,heading-only,0.0,1.1462768554687557,1.3226501464843707,0.6929644597693821,1.5106336624002468,11.174271466583843,0,roll,3.48,-21.675139133916275,-6.228488256872493,0.324482798576355,0.04203357915768841,-0.19464076250449117,-0.6497650146484375,0.0,-2.586209161404317,1,3.48,89.30990511020532,-1.1952911876244336,89.30990511020532,6.375281326932489,1,8,174,0.8333333333333334,0.0,0.16666666666666666,off,5.0,legged_eval-seed3,,depth,settle,0.0,auto,hold,8.0,0.8,2.0,1.0,0,PLANNER,first,on,1000,3,deterministic,20.0,1,200,lo,1.0,0.42,0.5,0.05,dead-reckoned-heading-hold,off,,,2.655,0.5545
7,box_jump_uneven,5,0,0,1,heading-only,0.0,0.9766998291015625,1.4416725158691364,0.5588134550096268,0.7652271874405886,11.13730381517201,0,roll,6.640000000000001,-35.14227522064505,-5.292511328410398,0.3382495641708374,-0.003509061882294804,-0.0840854644775397,-0.5486640930175781,0.0,26.323772985004318,1,6.640000000000001,88.89297251748546,2.636583439974167,88.89297251748546,16.641258834430865,1,8,332,0.4066265060240964,0.0,0.5933734939759037,off,5.0,legged_eval-seed3,,depth,settle,0.0,auto,hold,8.0,0.8,2.0,1.0,0,PLANNER,first,on,1000,3,deterministic,20.0,1,200,lo,1.0,0.42,0.5,0.05,dead-reckoned-heading-hold,off,,,2.673,0.5209
7,box_jump_uneven,6,0,1,1,heading-only,0.0,1.0028930664062727,1.3933860778808551,0.6066208208939116,1.6200557467528958,10.963901252111148,0,roll,5.5,-41.066270852965346,-7.4665947005391535,0.3345794677734375,0.0005260120738677705,-0.11029344038529908,-0.6097564697265625,0.0,-247.74462015320094,1,5.5,88.26939740980758,0.3834041343253412,88.26939740980758,18.138454528085784,1,8,275,0.9090909090909091,0.0,0.09090909090909091,off,5.0,legged_eval-seed3,,depth,settle,0.0,auto,hold,8.0,0.8,2.0,1.0,0,PLANNER,first,on,1000,3,deterministic,20.0,1,200,lo,1.0,0.42,0.5,0.05,dead-reckoned-heading-hold,off,,,2.652,0.5604
7,box_jump_uneven,7,0,1,1,heading-only,0.0,1.3460723876953296,1.5807106018066364,0.5436632201671358,1.2819025624495484,11.46159942361241,0,roll,7.54,-37.498814516301735,-4.973317575106331,0.34186851978302,0.04589819465455299,-0.055608673500446106,-0.4428138732910156,0.0,-1.8911586193357048,1,7.54,90.95314968915272,1.7218381283955655,90.95314968915272,8.986986772836106,1,8,377,0.8620689655172413,0.0,0.13793103448275862,off,5.0,legged_eval-seed3,,depth,settle,0.0,auto,hold,8.0,0.8,2.0,1.0,0,PLANNER,first,on,1000,3,deterministic,20.0,1,200,lo,1.0,0.42,0.5,0.05,dead-reckoned-heading-hold,off,,,2.654,0.5567
7,box_jump_uneven,8,0,0,1,heading-only,0.0,0.7971618652343864,1.6073600769042926,0.4419382514829377,0.8050761162085296,11.15974751369808,0,roll,3.7800000000000002,-38.26547443980897,-10.123141386192849,0.35202527046203613,-0.053660882213125295,-0.10387299552796492,-0.3852996826171875,0.0,3.2925688238266066,1,3.7800000000000002,87.3245627074514,1.7190878380517383,87.3245627074514,8.893405974452477,3,8,189,0.6084656084656085,0.0,0.3915343915343915,off,5.0,legged_eval-seed3,,depth,settle,0.0,auto,hold,8.0,0.8,2.0,1.0,0,PLANNER,first,on,1000,3,deterministic,20.0,1,200,lo,1.0,0.42,0.5,0.05,dead-reckoned-heading-hold,off,,,2.664,0.5368
7,box_jump_uneven,9,0,1,1,heading-only,0.0,1.566778564453159,2.716761779785152,0.9137753498997238,1.1157847891087707,11.40576510803434,0,roll,5.5600000000000005,10.732155558689328,1.9302438055196631,0.3324510157108307,0.10193859072898544,0.12891398916999136,0.7034263610839844,0.0,0.3304843585890773,1,5.5600000000000005,-86.15347840162528,-0.6293561614925156,86.15347840162528,15.864969879399345,2,8,278,0.9460431654676259,0.0,0.0539568345323741,off,5.0,legged_eval-seed3,,depth,settle,0.0,auto,hold,8.0,0.8,2.0,1.0,0,PLANNER,first,on,1000,3,deterministic,20.0,1,200,lo,1.0,0.42,0.5,0.05,dead-reckoned-heading-hold,off,,,2.651,0.5633
8,flat_circle_jump,0,0,0,1,heading-only,0.0,1.0698055028915405,1.4077575683593722,0.5963421048941159,0.7319961770241727,7.553448236541912,0,roll,2.66,-8.241124160791259,-3.0981669777410743,0.3438887894153595,0.02624267025997764,-0.22264753069196533,-0.5928421020507812,0.0,-2.060507334141602,1,2.66,87.85300660640596,2.2596676250511,87.85300660640596,10.004131893419105,4,8,133,0.7368421052631579,0.0,0.2631578947368421,off,5.0,legged_eval-seed3,,depth,settle,0.0,auto,hold,8.0,0.8,2.0,1.0,0,PLANNER,first,on,1000,3,deterministic,20.0,1,200,lo,1.0,0.42,0.5,0.05,dead-reckoned-heading-hold,off,,,2.659,0.5469
8,flat_circle_jump,1,0,1,1,heading-only,0.0,1.5931335449218764,2.8014724731445284,0.9970784960673851,1.1397065410587557,7.748428787929647,0,roll,10.84,0.5004567571474183,0.04616759752282457,0.3236956000328064,0.05471711669021,0.07393657501333288,0.7885589599609375,0.0,0.014726225233520691,1,10.84,-87.98871186440631,2.4182941677160272,87.98871186440631,15.276353358367343,3,8,542,0.9686346863468634,0.0,0.03136531365313653,off,5.0,legged_eval-seed3,,depth,settle,0.0,auto,hold,8.0,0.8,2.0,1.0,0,PLANNER,first,on,1000,3,deterministic,20.0,1,200,lo,1.0,0.42,0.5,0.05,dead-reckoned-heading-hold,off,,,2.65,0.5651
8,flat_circle_jump,2,0,0,1,heading-only,0.0,1.092524719238284,1.3909194946289034,0.6160680852740497,0.7328131866000704,8.978159191475736,0,roll,2.38,8.49411486784166,3.5689558268242267,0.3190528154373169,0.03887593245306054,-0.2559161787273515,-0.6265716552734375,0.0,1.6022774530624917,1,2.38,88.45391857467902,2.614456666554188,88.45391857467902,15.241796323700596,1,8,119,0.9243697478991597,0.0,0.07563025210084033,off,5.0,legged_eval-seed3,,depth,settle,0.0,auto,hold,8.0,0.8,2.0,1.0,0,PLANNER,first,on,1000,3,deterministic,20.0,1,200,lo,1.0,0.42,0.5,0.05,dead-reckoned-heading-hold,off,,,2.652,0.5616
8,flat_circle_jump,3,0,0,1,heading-only,0.0,0.8825347900390739,1.3549774169921847,0.6556311525097313,0.8929263228856928,9.639071075440768,0,roll,1.94,-4.459353310626881,-2.2986357271272584,0.33956456184387207,-0.06054907729944646,-0.33248586752980175,-0.6244964599609375,0.0,0.6625825451300702,1,1.94,88.64545296675004,3.076702155814092,88.64545296675004,11.65868038647979,1,0,97,0.6701030927835051,0.0,0.32989690721649484,off,5.0,legged_eval-seed3,,depth,settle,0.0,auto,hold,8.0,0.8,2.0,1.0,0,PLANNER,first,on,1000,3,deterministic,20.0,1,200,lo,1.0,0.42,0.5,0.05,dead-reckoned-heading-hold,off,,,2.662,0.5416
8,flat_circle_jump,4,0,0,1,heading-only,0.0,0.8744567871093807,1.3700225830078097,0.6423648840207965,0.8877926881393374,10.294836563341,0,roll,2.02,-12.973738778030253,-6.422642959420917,0.34339940547943115,-0.0621501053913957,-0.31187000841197543,-0.6096878051757812,0.0,1.803637590250114,1,2.02,90.89285842393377,10.58161386786291,90.89285842393377,21.123574724067307,1,0,101,0.693069306930693,0.0,0.3069306930693069,off,5.0,legged_eval-seed3,,depth,settle,0.0,auto,hold,8.0,0.8,2.0,1.0,0,PLANNER,first,on,1000,3,deterministic,20.0,1,200,lo,1.0,0.42,0.5,0.05,dead-reckoned-heading-hold,off,,,2.661,0.5434
8,flat_circle_jump,5,0,1,1,heading-only,0.0,2.823089599609375,1.3443725585937472,1.9373959404646177,0.7274664087309476,8.751503441030643,0,roll,5.94,32.66710747505388,5.499513042938363,0.3287026882171631,0.3069174410116793,-0.11037499013573279,-0.6606826782226562,0.0,0.3127375542401782,1,5.94,89.89276839486085,29.351467815007314,89.89276839486085,30.408634924945023,2,8,297,0.9326599326599326,0.0,0.06734006734006734,off,5.0,legged_eval-seed3,,depth,settle,0.0,auto,hold,8.0,0.8,2.0,1.0,0,PLANNER,first,on,1000,3,deterministic,20.0,1,200,lo,1.0,0.42,0.5,0.05,dead-reckoned-heading-hold,off,,,2.651,0.5623
8,flat_circle_jump,6,0,1,1,heading-only,0.0,2.3288513183593977,1.4304779052734347,1.4457528290434865,0.8772874731570217,9.6879033974736,0,roll,6.84,56.05008503676436,8.194456876719936,0.32079726457595825,0.1942765085320757,-0.08326346414131072,-0.5616378784179688,0.0,0.7361685362378274,1,6.84,86.85251139183568,61.05687328119026,86.85251139183568,65.5096812376303,1,8,342,0.7309941520467836,0.0,0.26900584795321636,off,5.0,legged_eval-seed3,,depth,settle,0.0,auto,hold,8.0,0.8,2.0,1.0,0,PLANNER,first,on,1000,3,deterministic,20.0,1,200,lo,1.0,0.42,0.5,0.05,dead-reckoned-heading-hold,off,,,2.659,0.5464
8,flat_circle_jump,7,0,0,1,heading-only,0.0,0.926531982421892,2.538182067871091,0.5431735337669359,0.7864512097790738,11.635920620812035,0,roll,3.12,15.179613761747731,4.865260821072991,0.3545447885990143,-0.023547441531444856,0.17249425252278555,0.5393295288085938,0.0,-3.606116621315848,1,3.12,-90.00008799730553,5.753960248515401,90.00008799730553,13.637438087975882,5,0,156,0.7692307692307693,0.0,0.23076923076923078,off,5.0,legged_eval-seed3,,depth,settle,0.0,auto,hold,8.0,0.8,2.0,1.0,0,PLANNER,first,on,1000,3,deterministic,20.0,1,200,lo,1.0,0.42,0.5,0.05,dead-reckoned-heading-hold,off,,,2.658,0.5494
8,flat_circle_jump,8,0,1,1,heading-only,0.0,1.1624572753906364,2.6564224243164034,0.6762268594730422,2.203830136069145,12.305063860388765,0,roll,3.94,15.766198516770316,4.00157322760668,0.339351087808609,0.041232811012851874,0.1666046762224374,0.6590042114257812,0.0,1.6938119513516638,1,3.94,-89.52972731419037,2.253179452389204,89.52972731419037,6.982495615815948,2,0,197,0.9238578680203046,0.0,0.07614213197969544,off,5.0,legged_eval-seed3,,depth,settle,0.0,auto,hold,8.0,0.8,2.0,1.0,0,PLANNER,first,on,1000,3,deterministic,20.0,1,200,lo,1.0,0.42,0.5,0.05,dead-reckoned-heading-hold,off,,,2.652,0.5616
8,flat_circle_jump,9,0,1,1,heading-only,0.0,0.8104003906250341,1.5809143066406222,0.4599791628472426,2.7794689074357306,12.796464003251186,0,roll,4.26,-42.99010764595397,-10.091574564777927,0.35025128722190857,-0.044506950557503734,-0.09837692332379762,-0.4290771484375,0.0,3.9573864454794343,1,4.26,87.38638414015419,-0.39557572656902235,87.38638414015419,6.709494474651723,1,0,213,0.4694835680751174,0.0,0.5305164319248826,off,5.0,legged_eval-seed3,,depth,settle,0.0,auto,hold,8.0,0.8,2.0,1.0,0,PLANNER,first,on,1000,3,deterministic,20.0,1,200,lo,1.0,0.42,0.5,0.05,dead-reckoned-heading-hold,off,,,2.67,0.5258
9,bump_jump,0,0,0,1,heading-only,0.0,1.2680152654647827,2.5791763305663977,0.6381828926025166,0.6239087585101947,9.399844827492645,0,roll,3.14,-16.855863285873625,-5.3681093267113456,0.33631110191345215,0.0853551800843257,0.18445106068993558,0.5758895874023438,0.0,-1.0976625234176507,1,3.14,-87.94327840745683,-7.0631248335689145,87.94327840745683,8.004732762954983,1,0,157,0.6687898089171974,0.0,0.33121019108280253,off,5.0,legged_eval-seed3,,depth,settle,0.0,auto,hold,8.0,0.8,2.0,1.0,0,PLANNER,first,on,1000,3,deterministic,20.0,1,200,lo,1.0,0.42,0.5,0.05,dead-reckoned-heading-hold,off,,,2.662,0.5415
9,bump_jump,1,0,1,1,heading-only,0.0,1.038968658447267,1.4938110351562415,0.5076867385216749,1.4438701912000966,9.774147539243739,0,roll,4.58,-19.290982889133602,-4.212004997627424,0.3384258449077606,0.008508440709010271,-0.11052160804448875,-0.5032806396484375,0.0,-8.640050255178402,1,4.58,90.19996428718649,-3.518035049839347,90.19996428718649,5.701334587458962,1,8,229,0.611353711790393,0.0,0.388646288209607,off,5.0,legged_eval-seed3,,depth,settle,0.0,auto,hold,8.0,0.8,2.0,1.0,0,PLANNER,first,on,1000,3,deterministic,20.0,1,200,lo,1.0,0.42,0.5,0.05,dead-reckoned-heading-hold,off,,,2.664,0.537
9,bump_jump,2,0,1,1,heading-only,0.0,1.161006164550784,1.407034301757804,0.6144357609345417,1.4877846405278587,9.50750294917047,0,roll,4.9,-29.090658951239504,-5.936869173722347,0.3228500485420227,0.03285840092873144,-0.1210134078045298,-0.610870361328125,0.0,-3.1534679537921906,1,4.9,88.69619012940437,6.752234846889532,88.69619012940437,14.388006921743257,1,8,245,0.9591836734693877,0.0,0.04081632653061224,off,5.0,legged_eval-seed3,,depth,settle,0.0,auto,hold,8.0,0.8,2.0,1.0,0,PLANNER,first,on,1000,3,deterministic,20.0,1,200,lo,1.0,0.42,0.5,0.05,dead-reckoned-heading-hold,off,,,2.65,0.5644
9,bump_jump,3,0,1,1,heading-only,0.0,2.0474975585937614,1.5740417480468665,1.1307924511893683,0.5883052495858458,9.162409146744876,0,roll,7.12,25.058289730662665,3.519422714980711,0.3440053164958954,0.14712044362271928,-0.05982559718442886,-0.43779754638671875,0.0,0.41751854897483226,1,7.12,87.41574454023859,0.2144975141155202,87.41574454023859,23.595467974889594,4,8,356,0.9157303370786517,0.0,0.08426966292134831,off,5.0,legged_eval-seed3,,depth,settle,0.0,auto,hold,8.0,0.8,2.0,1.0,0,PLANNER,first,on,1000,3,deterministic,20.0,1,200,lo,1.0,0.42,0.5,0.05,dead-reckoned-heading-hold,off,,,2.652,0.5609
9,bump_jump,4,0,1,1,heading-only,0.0,1.4983886718750057,2.6030944824218665,0.7823772894077582,1.2122744491939674,9.87005413942438,0,roll,3.0,-22.107426858457814,-7.369142286152605,0.3412495255470276,0.16612955729166856,0.20103149414062216,0.58209228515625,0.0,-0.7741897229973248,1,3.0,-89.43644170814393,-3.859118296678927,89.43644170814393,6.091945179767319,1,5,150,0.7,0.0,0.3,off,5.0,legged_eval-seed3,,depth,settle,0.0,auto,hold,8.0,0.8,2.0,1.0,0,PLANNER,first,on,1000,3,deterministic,20.0,1,200,lo,1.0,0.42,0.5,0.05,dead-reckoned-heading-hold,off,,,2.661,0.544
9,bump_jump,5,0,1,1,heading-only,0.0,0.920623779296875,1.6163772583007727,0.3917486341545344,1.7344547191500401,10.486395585852513,0,roll,3.52,-51.1822149452411,-14.540401973079858,0.34229034185409546,-0.02255006269975142,-0.10898373343728048,-0.37786865234375,0.0,11.253977089674386,1,3.52,87.66799340153132,1.408807472265536,87.66799340153132,5.7018336491762165,3,8,176,0.6534090909090909,0.0,0.3465909090909091,off,5.0,legged_eval-seed3,,depth,settle,0.0,auto,hold,8.0,0.8,2.0,1.0,0,PLANNER,first,on,1000,3,deterministic,20.0,1,200,lo,1.0,0.42,0.5,0.05,dead-reckoned-heading-hold,off,,,2.663,0.5403
9,bump_jump,6,0,1,1,heading-only,0.0,2.0263916015625227,2.2260269165038977,1.0509842466670662,0.6165344773346103,9.526290206254128,1,timeout,20.0,-39.14431623415368,-1.9572158117076839,0.32032862305641174,0.051319580078126134,0.011301345825194885,0.229156494140625,0.0,-0.6656301558662279,0,20.0,-73.49193274988029,8.756958792947948,75.72632752563595,24.768042964068567,1,8,1000,0.275,0.0,0.725,off,5.0,legged_eval-seed3,,depth,settle,0.0,auto,hold,8.0,0.8,2.0,1.0,0,PLANNER,first,on,1000,3,deterministic,20.0,1,200,lo,1.0,0.42,0.5,0.05,dead-reckoned-heading-hold,off,,,2.678,0.5105
9,bump_jump,7,0,1,1,heading-only,0.0,1.999285888671892,2.3444503784179602,1.0569855015519602,0.6951149848695706,9.806765172837466,0,roll,13.120000000000001,-25.921240114501586,-1.9757042770199378,0.3278425335884094,0.07616508297804055,0.02625383981844209,0.33056640625,0.0,-0.4527342888823984,1,13.120000000000001,-85.99385209048044,12.370178329776543,85.99385209048044,18.317950377641445,1,8,656,0.4801829268292683,0.0,0.5198170731707317,off,5.0,legged_eval-seed3,,depth,settle,0.0,auto,hold,8.0,0.8,2.0,1.0,0,PLANNER,first,on,1000,3,deterministic,20.0,1,200,lo,1.0,0.42,0.5,0.05,dead-reckoned-heading-hold,off,,,2.67,0.5267
9,bump_jump,8,0,0,1,heading-only,0.0,1.2385986328125114,1.4196228027343665,0.6275085646315209,0.6365283700459865,11.026685710602457,0,roll,3.72,3.3573542214797385,0.9025145756665963,0.34847843647003174,0.0641394174227181,-0.15601537560904127,-0.5879745483398438,0.0,0.2455876826695703,1,3.72,87.03107761328283,1.2687278646578601,87.03107761328283,11.500722586066379,2,8,186,0.9193548387096774,0.0,0.08064516129032258,off,5.0,legged_eval-seed3,,depth,settle,0.0,auto,hold,8.0,0.8,2.0,1.0,0,PLANNER,first,on,1000,3,deterministic,20.0,1,200,lo,1.0,0.42,0.5,0.05,dead-reckoned-heading-hold,off,,,2.652,0.5612
9,bump_jump,9,0,0,1,heading-only,0.0,1.318823242187534,1.3959030151367102,0.6830676590791639,0.6306807311884157,10.698246122554583,0,roll,2.2600000000000002,12.807117390936725,5.6668661021843905,0.33042022585868835,0.14107223105643102,-0.2672995508244645,-0.5883712768554688,0.0,0.7010980900501346,1,2.2600000000000002,88.54214481553194,-3.75986022132479,88.54214481553194,6.383419888860585,2,0,113,0.8672566371681416,0.0,0.13274336283185842,off,5.0,legged_eval-seed3,,depth,settle,0.0,auto,hold,8.0,0.8,2.0,1.0,0,PLANNER,first,on,1000,3,deterministic,20.0,1,200,lo,1.0,0.42,0.5,0.05,dead-reckoned-heading-hold,off,,,2.654,0.5571
10,sideways_ramp,0,0,1,1,heading-only,0.0,1.336900234222412,1.4617919921875,0.6349563981035361,1.2093398218157032,9.178892372027617,0,roll,5.26,-22.197349472862783,-4.220028416894065,0.3434102535247803,0.06404947418677037,-0.10232091403279468,-0.5244598388671875,0.0,-1.1499452780478672,1,5.26,90.99984152470988,6.129044316262543,90.99984152470988,16.02509090675026,1,8,263,0.6653992395437263,0.0,0.33460076045627374,off,5.0,legged_eval-seed3,,depth,settle,0.0,auto,hold,8.0,0.8,2.0,1.0,0,PLANNER,first,on,1000,3,deterministic,20.0,1,200,lo,1.0,0.42,0.5,0.05,dead-reckoned-heading-hold,off,,,2.662,0.5412
10,sideways_ramp,1,0,1,1,heading-only,0.0,1.3181091308593764,2.5482101440429688,0.6338199911392196,1.2826237607406925,8.948698724410676,0,roll,13.58,-133.52827104766317,-9.83271509923882,0.347166508436203,0.023424825541927572,0.04036893549653673,0.5329971313476562,0.0,-7.326127256961281,1,13.58,90.72006688286568,0.915903460910588,90.72006688286568,5.901598055752189,3,8,679,0.2503681885125184,0.0,0.7496318114874816,off,5.0,legged_eval-seed3,,depth,settle,0.0,auto,hold,8.0,0.8,2.0,1.0,0,PLANNER,first,on,1000,3,deterministic,20.0,1,200,lo,1.0,0.42,0.5,0.05,dead-reckoned-heading-hold,off,,,2.679,0.5086
10,sideways_ramp,2,0,0,1,heading-only,0.0,0.8060485839843778,1.6305618286132812,0.41725497510758036,0.786163551856514,9.451174684161806,0,roll,5.46,-43.296631147998625,-7.929785924541872,0.3578120172023773,-0.03552223736549857,-0.06766266875214628,-0.3501739501953125,0.0,3.8961755684900057,1,5.46,86.87851234232328,3.2838473817158036,86.87851234232328,11.765830319232652,1,8,273,0.5311355311355311,0.0,0.46886446886446886,off,5.0,legged_eval-seed3,,depth,settle,0.0,auto,hold,8.0,0.8,2.0,1.0,0,PLANNER,first,on,1000,3,deterministic,20.0,1,200,lo,1.0,0.42,0.5,0.05,dead-reckoned-heading-hold,off,,,2.668,0.5307
10,sideways_ramp,3,0,1,1,heading-only,0.0,2.859494018554699,2.1918182373046875,1.8693614527970186,0.7762920132500913,7.7428823499361705,0,roll,7.3,-9.985921067832379,-1.3679343928537506,0.32844626903533936,0.25472520802119164,0.026276470863655824,0.1849365234375,0.0,-0.09372829368572459,1,7.3,-90.68168914439488,23.947224012181696,90.68168914439488,23.947224012181696,0,8,365,1.0,0.0,0.0,off,5.0,legged_eval-seed3,,depth,settle,0.0,auto,hold,8.0,0.8,2.0,1.0,0,PLANNER,first,on,1000,3,deterministic,20.0,1,200,lo,1.0,0.42,0.5,0.05,dead-reckoned-heading-hold,off,,,2.649,0.5676
10,sideways_ramp,4,0,1,1,heading-only,0.0,1.0056060791015682,1.6982421875,0.3018098830848291,1.489212495898663,9.948971214723976,0,roll,5.36,-60.55153937220172,-11.296928987351066,0.3548014461994171,0.001045910280143318,-0.05629809934701492,-0.313262939453125,0.0,-188.5138811010133,1,5.36,89.17432485087386,9.451431547928458,89.17432485087386,15.559446297103005,1,8,268,0.503731343283582,0.0,0.4962686567164179,off,5.0,legged_eval-seed3,,depth,settle,0.0,auto,hold,8.0,0.8,2.0,1.0,0,PLANNER,first,on,1000,3,deterministic,20.0,1,200,lo,1.0,0.42,0.5,0.05,dead-reckoned-heading-hold,off,,,2.669,0.5285
10,sideways_ramp,5,0,1,1,heading-only,0.0,1.733123779296875,2.583953857421875,0.9372686825923613,0.9125710398452896,9.13555877498579,0,roll,6.44,-0.2800773105918495,-0.0434902656198524,0.3313884437084198,0.11383909616411102,0.09067606481706134,0.6013641357421875,0.0,-0.006667729744964498,1,6.44,-92.83923261806386,-14.417878848646026,92.83923261806386,16.229076584433123,4,8,322,0.906832298136646,0.0,0.09316770186335403,off,5.0,legged_eval-seed3,,depth,settle,0.0,auto,hold,8.0,0.8,2.0,1.0,0,PLANNER,first,on,1000,3,deterministic,20.0,1,200,lo,1.0,0.42,0.5,0.05,dead-reckoned-heading-hold,off,,,2.652,0.5602
10,sideways_ramp,6,0,1,1,heading-only,0.0,1.5526824951172102,1.5333099365234375,0.7233654372146509,0.8753282745264127,8.959480461976003,0,roll,9.28,-5.829840062021248,-0.6282155239247035,0.33930718898773193,0.05955630335314766,-0.050289877529802,-0.47930145263671875,0.0,-0.18410191175923268,1,9.28,86.31996992143196,-0.45285620647406494,86.31996992143196,7.871278260246221,3,8,464,0.959051724137931,0.0,0.040948275862068964,off,5.0,legged_eval-seed3,,depth,settle,0.0,auto,hold,8.0,0.8,2.0,1.0,0,PLANNER,first,on,1000,3,deterministic,20.0,1,200,lo,1.0,0.42,0.5,0.05,dead-reckoned-heading-hold,off,,,2.65,0.5643
10,sideways_ramp,7,0,1,1,heading-only,0.0,1.063464355468767,1.553466796875,0.4510206490928531,1.3311337110248815,9.84666569898799,0,roll,4.5600000000000005,-28.97648449875362,-6.3544922146389515,0.34774428606033325,0.013917621813326106,-0.09792394805372806,-0.46657562255859375,0.0,-7.9688047947676495,1,4.5600000000000005,89.69006252625147,1.5020125058666554,89.69006252625147,7.480760721490139,1,8,228,0.6140350877192983,0.0,0.38596491228070173,off,5.0,legged_eval-seed3,,depth,settle,0.0,auto,hold,8.0,0.8,2.0,1.0,0,PLANNER,first,on,1000,3,deterministic,20.0,1,200,lo,1.0,0.42,0.5,0.05,dead-reckoned-heading-hold,off,,,2.664,0.5372
10,sideways_ramp,8,0,1,1,heading-only,0.0,1.4777038574218864,2.538665771484375,0.7199734639308638,1.09823648402427,9.587440443339656,0,roll,7.76,23.57976669040073,3.038629728144424,0.3280216157436371,0.06155977544096474,0.06941569220159471,0.536956787109375,0.0,0.8615056361919256,1,7.76,-90.12225122982395,-2.5915180389136108,90.12225122982395,16.359354646570196,1,8,388,0.8891752577319587,0.0,0.11082474226804123,off,5.0,legged_eval-seed3,,depth,settle,0.0,auto,hold,8.0,0.8,2.0,1.0,0,PLANNER,first,on,1000,3,deterministic,20.0,1,200,lo,1.0,0.42,0.5,0.05,dead-reckoned-heading-hold,off,,,2.653,0.5588
10,sideways_ramp,9,0,0,1,heading-only,0.0,1.350744628906284,2.7263870239257812,0.8066349256227134,0.7415627244731738,9.62669942337451,0,roll,4.34,-2.9933658053348324,-0.6897156233490398,0.35145261883735657,0.08081673477103321,0.16737028201054868,0.722137451171875,0.0,-0.14895192887946868,1,4.34,-89.62569281552064,-2.2685713716236107,89.62569281552064,15.43115545508247,5,8,217,0.8064516129032258,0.0,0.1935483870967742,off,5.0,legged_eval-seed3,,depth,settle,0.0,auto,hold,8.0,0.8,2.0,1.0,0,PLANNER,first,on,1000,3,deterministic,20.0,1,200,lo,1.0,0.42,0.5,0.05,dead-reckoned-heading-hold,off,,,2.656,0.5523
11,stepping_stones_cylinder,0,0,1,1,heading-only,0.0,1.2455846071243286,1.475358581542963,0.579275769575271,1.3168238963837526,5.38005695299079,0,roll,5.34,-26.4532719272853,-4.953796241064663,0.34334251284599304,0.04598962680230873,-0.09824745663989456,-0.5079879760742188,0.0,-1.879990356328717,1,5.34,90.78983019923022,0.3462180150231831,90.78983019923022,6.354297845042555,1,1,267,0.6554307116104869,0.0,0.3445692883895131,off,5.0,legged_eval-seed3,,depth,settle,0.0,auto,hold,8.0,0.8,2.0,1.0,0,PLANNER,first,on,1000,3,deterministic,20.0,1,200,lo,1.0,0.42,0.5,0.05,dead-reckoned-heading-hold,off,,,2.663,0.5405
11,stepping_stones_cylinder,1,0,0,1,heading-only,0.0,0.7533966064453139,1.2966934204101506,0.7452874469673165,1.02569818765646,5.640621392155497,0,roll,3.08,-21.7086607686862,-7.048266483339676,0.3400612473487854,-0.08006603686840456,-0.22834629207462642,-0.6765594482421875,0.0,1.5364249500000344,1,3.08,87.45281515241253,-3.30611607238408,87.45281515241253,7.905158328969902,1,0,154,0.45454545454545453,0.0,0.5454545454545454,off,5.0,legged_eval-seed3,,depth,settle,0.0,auto,hold,8.0,0.8,2.0,1.0,0,PLANNER,first,on,1000,3,deterministic,20.0,1,200,lo,1.0,0.42,0.5,0.05,dead-reckoned-heading-hold,off,,,2.671,0.5247
11,stepping_stones_cylinder,2,0,1,1,heading-only,0.0,2.0329696655273466,2.625711059570307,1.2077005671805716,0.5305819573839413,4.114881537977648,0,roll,6.16,-14.494964007607535,-2.353078572663561,0.34220898151397705,0.16768988076742639,0.10157647070946539,0.6130218505859375,0.0,-0.2449102382514508,1,6.16,-91.41776587259866,2.448691327769917,91.41776587259866,21.308088164704362,2,0,308,0.9512987012987013,0.0,0.048701298701298704,off,5.0,legged_eval-seed3,,depth,settle,0.0,auto,hold,8.0,0.8,2.0,1.0,0,PLANNER,first,on,1000,3,deterministic,20.0,1,200,lo,1.0,0.42,0.5,0.05,dead-reckoned-heading-hold,off,,,2.651,0.5637
11,stepping_stones_cylinder,3,0,1,1,heading-only,0.0,1.5179946899414176,1.3709808349609318,0.8148518937782202,1.1070524741019674,4.624979759025053,0,roll,4.3,-0.12475409327208808,-0.02901257983071816,0.3297002911567688,0.12046388138172504,-0.14628352675327166,-0.6261215209960938,0.0,-0.004203459466320576,1,4.3,88.73844492116747,-0.5333520896344449,88.73844492116747,9.078253580319547,2,0,215,0.9302325581395349,0.0,0.06976744186046512,off,5.0,legged_eval-seed3,,depth,settle,0.0,auto,hold,8.0,0.8,2.0,1.0,0,PLANNER,first,on,1000,3,deterministic,20.0,1,200,lo,1.0,0.42,0.5,0.05,dead-reckoned-heading-hold,off,,,2.651,0.5621
11,stepping_stones_cylinder,4,0,1,1,heading-only,0.0,1.9348510742187557,2.535348510742182,1.0772857368970563,0.5040690476518708,4.199412292439321,0,roll,6.58,-9.111485268332075,-1.3847242049136892,0.32747289538383484,0.14207463134023643,0.08135995603984526,0.5456390380859375,0.0,-0.17010775519753182,1,6.58,-88.59694440089532,-4.571205252001234,88.59694440089532,16.95920884555143,1,8,329,0.9574468085106383,0.0,0.0425531914893617,off,5.0,legged_eval-seed3,,depth,settle,0.0,auto,hold,8.0,0.8,2.0,1.0,0,PLANNER,first,on,1000,3,deterministic,20.0,1,200,lo,1.0,0.42,0.5,0.05,dead-reckoned-heading-hold,off,,,2.65,0.5642
11,stepping_stones_cylinder,5,0,1,1,heading-only,0.0,2.2835540771484375,2.840104675292963,1.5340426768553317,0.7115906581123369,4.005536734579978,0,roll,5.32,-21.421900642166662,-4.026673053038846,0.3397334814071655,0.24126956337376643,0.1579144126490532,0.820953369140625,0.0,-0.29128706370636065,1,5.32,-89.97676944545843,1.7885440441864076,89.97676944545843,7.143950865966352,2,8,266,0.943609022556391,0.0,0.05639097744360902,off,5.0,legged_eval-seed3,,depth,settle,0.0,auto,hold,8.0,0.8,2.0,1.0,0,PLANNER,first,on,1000,3,deterministic,20.0,1,200,lo,1.0,0.42,0.5,0.05,dead-reckoned-heading-hold,off,,,2.651,0.5631
11,stepping_stones_cylinder,6,0,0,1,heading-only,0.0,1.3401733398437727,1.4004837036132756,0.6893023217527428,0.6204549547952284,4.847045728109331,0,roll,2.84,9.693103508689546,3.413064615735756,0.3284626305103302,0.11977934501541294,-0.21109728746011425,-0.6092071533203125,0.0,0.49732460233639425,1,2.84,87.55477842079547,0.33011668859409987,87.55477842079547,9.285009459278333,2,0,142,0.8943661971830986,0.0,0.1056338028169014,off,5.0,legged_eval-seed3,,depth,settle,0.0,auto,hold,8.0,0.8,2.0,1.0,0,PLANNER,first,on,1000,3,deterministic,20.0,1,200,lo,1.0,0.42,0.5,0.05,dead-reckoned-heading-hold,off,,,2.653,0.5593
11,stepping_stones_cylinder,7,0,0,1,heading-only,0.0,1.2048980712890796,2.596536254882807,0.6307445782625403,0.6655378664798196,4.782452071609904,0,roll,3.8000000000000003,2.0095569875800834,0.5288307862052851,0.3309602439403534,0.053920545076073564,0.15698322496915967,0.5929412841796875,0.0,0.17117479788400797,1,3.8000000000000003,-89.68198802268476,6.866102482937357,89.68198802268476,9.928614013901564,2,8,190,0.9210526315789473,0.0,0.07894736842105263,off,5.0,legged_eval-seed3,,depth,settle,0.0,auto,hold,8.0,0.8,2.0,1.0,0,PLANNER,first,on,1000,3,deterministic,20.0,1,200,lo,1.0,0.42,0.5,0.05,dead-reckoned-heading-hold,off,,,2.652,0.5614
11,stepping_stones_cylinder,8,0,0,1,heading-only,0.0,0.6854675292968864,1.7556243896484318,0.39830906851502457,0.8504014256599175,5.020483576177743,0,roll,5.08,-56.73447282528207,-11.1682033120634,0.34353160858154297,-0.061915840689589295,-0.048105435108576414,-0.23905181884765625,0.0,3.1481752836865993,1,5.08,87.59769796001886,0.1407142052550501,87.59769796001886,7.034366196214552,3,8,254,0.5905511811023622,0.0,0.4094488188976378,off,5.0,legged_eval-seed3,,depth,settle,0.0,auto,hold,8.0,0.8,2.0,1.0,0,PLANNER,first,on,1000,3,deterministic,20.0,1,200,lo,1.0,0.42,0.5,0.05,dead-reckoned-heading-hold,off,,,2.665,0.5354
11,stepping_stones_cylinder,9,0,1,1,heading-only,0.0,2.013220214843784,2.200028991699213,1.032776259064996,0.2660324425445169,3.7920591686823726,1,timeout,20.0,-32.64454073487116,-1.6322270367435578,0.35187116265296936,0.050661010742189205,0.010001449584960654,0.2051239013671875,0.0,-0.5623207179228599,0,20.0,-66.64020028518095,4.490285686397017,73.65455307097072,11.254030878104354,3,8,1000,0.25,0.0,0.75,off,5.0,legged_eval-seed3,,depth,settle,0.0,auto,hold,8.0,0.8,2.0,1.0,0,PLANNER,first,on,1000,3,deterministic,20.0,1,200,lo,1.0,0.42,0.5,0.05,dead-reckoned-heading-hold,off,,,2.679,0.5086
12,stepping_stones_randomly_arranged,0,0,3,1,heading-only,0.0,2.6487619876861572,2.3811523437499886,1.692245018070645,0.7543894725189928,3.7705521789486514,1,timeout,20.0,-37.26118295200732,-1.863059147600366,0.3402356505393982,0.08243809938430786,0.01905761718749943,0.39397430419921875,0.0,-0.3944355404585533,0,20.0,-67.70087798322635,0.1757218239503231,71.8790321749689,26.735665014649246,7,8,1000,0.445,0.0,0.555,off,5.0,legged_eval-seed3,,depth,settle,0.0,auto,hold,8.0,0.8,2.0,1.0,0,PLANNER,first,on,1000,3,deterministic,20.0,1,200,lo,1.0,0.42,0.5,0.05,dead-reckoned-heading-hold,off,,,2.671,0.5239
12,stepping_stones_randomly_arranged,1,0,1,1,heading-only,0.0,1.4222541809082045,1.6916915893554574,0.5228313966936403,0.7772460438334553,4.687895052590763,0,roll,5.48,-35.59942637536321,-6.496245688934891,0.3490274250507355,0.07705368264748258,-0.05626065887674135,-0.3130340576171875,0.0,-1.4714530492866131,1,5.48,90.87458843324742,15.813778557483822,90.87458843324742,18.47625629871964,4,6,274,0.8722627737226277,0.0,0.12773722627737227,off,5.0,legged_eval-seed3,,depth,settle,0.0,auto,hold,8.0,0.8,2.0,1.0,0,PLANNER,first,on,1000,3,deterministic,20.0,1,200,lo,1.0,0.42,0.5,0.05,dead-reckoned-heading-hold,off,,,2.654,0.5575
12,stepping_stones_randomly_arranged,2,0,2,1,heading-only,0.0,3.041529846191409,0.5699417114257699,2.492571126690305,1.7058118659603247,3.3762858869559262,0,roll,8.1,9.250158777380022,1.1419949107876572,0.3314168453216553,0.2520407217520258,-0.17655040599681854,-1.4284896850585938,0.0,0.07908075764785943,1,8.1,91.77844676978712,6.985635900732637,91.77844676978712,10.018440836554207,2,0,405,0.9629629629629629,0.0,0.037037037037037035,off,5.0,legged_eval-seed3,,depth,settle,0.0,auto,hold,8.0,0.8,2.0,1.0,0,PLANNER,first,on,1000,3,deterministic,20.0,1,200,lo,1.0,0.42,0.5,0.05,dead-reckoned-heading-hold,off,,,2.65,0.5647
12,stepping_stones_randomly_arranged,3,0,2,1,heading-only,0.0,2.2878921508789176,2.441683959960926,1.3615252156248483,0.41361306734841674,3.837610060156879,0,roll,12.3,4.004854115356494,0.3255978955574385,0.3308645188808441,0.10470667893324533,0.035909265037473666,0.45572662353515625,0.0,0.05427309291955389,1,12.3,-86.30675808346261,3.113329827702438,86.30675808346261,9.693611243059163,2,0,615,0.8943089430894309,0.0,0.10569105691056911,off,5.0,legged_eval-seed3,,depth,settle,0.0,auto,hold,8.0,0.8,2.0,1.0,0,PLANNER,first,on,1000,3,deterministic,20.0,1,200,lo,1.0,0.42,0.5,0.05,dead-reckoned-heading-hold,off,,,2.653,0.5593
12,stepping_stones_randomly_arranged,4,0,1,1,heading-only,0.0,1.5988067626953182,1.5260803222656136,0.7636552887222818,0.790361996518295,4.675275220956801,0,roll,5.68,-8.477473369570873,-1.4925129171779707,0.3361208140850067,0.10542372582664053,-0.08343656298140606,-0.486083984375,0.0,-0.2470911014484216,1,5.68,88.72474387709147,6.968217091422115,88.72474387709147,12.821383461741839,0,8,284,1.0,0.0,0.0,off,5.0,legged_eval-seed3,,depth,settle,0.0,auto,hold,8.0,0.8,2.0,1.0,0,PLANNER,first,on,1000,3,deterministic,20.0,1,200,lo,1.0,0.42,0.5,0.05,dead-reckoned-heading-hold,off,,,2.649,0.5676
12,stepping_stones_randomly_arranged,5,0,2,1,heading-only,0.0,2.052001953125,2.67064971923827,1.2475893375999911,0.8351121062132709,4.103176724614496,0,roll,9.38,-23.799796114782083,-2.5372916966718635,0.3352210819721222,0.11215372634594882,0.07149783787188378,0.6595458984375,0.0,-0.39485174174096344,1,9.38,-87.1292817369636,-0.6380136829337691,87.1292817369636,17.85915314579743,9,8,469,0.8635394456289979,0.0,0.13646055437100213,off,5.0,legged_eval-seed3,,depth,settle,0.0,auto,hold,8.0,0.8,2.0,1.0,0,PLANNER,first,on,1000,3,deterministic,20.0,1,200,lo,1.0,0.42,0.5,0.05,dead-reckoned-heading-hold,off,,,2.654,0.5568
12,stepping_stones_randomly_arranged,6,0,2,1,heading-only,0.0,1.8323608398437727,2.46996612548827,0.9558727566009436,0.7992681383426848,4.094698584309102,0,roll,9.28,19.897010011078578,2.1440743546420884,0.3419802188873291,0.08969405601764793,0.050642901453477364,0.46149444580078125,0.0,0.41720888270137024,1,9.28,-86.015490713061,19.676967095845953,86.015490713061,31.032684939429934,6,8,464,0.8383620689655172,0.0,0.16163793103448276,off,5.0,legged_eval-seed3,,depth,settle,0.0,auto,hold,8.0,0.8,2.0,1.0,0,PLANNER,first,on,1000,3,deterministic,20.0,1,200,lo,1.0,0.42,0.5,0.05,dead-reckoned-heading-hold,off,,,2.655,0.5549
12,stepping_stones_randomly_arranged,7,0,1,1,heading-only,0.0,1.265643310546892,1.3850509643554574,0.6698721406943757,1.130963186703358,4.774127729691496,0,roll,5.08,-12.180081805925852,-2.3976538988043017,0.3306714594364166,0.05229199026513623,-0.12105295977254776,-0.616424560546875,0.0,-0.800255539045985,1,5.08,90.07854684030315,4.135504229312255,90.07854684030315,18.78407927630311,2,8,254,0.9409448818897638,0.0,0.05905511811023622,off,5.0,legged_eval-seed3,,depth,settle,0.0,auto,hold,8.0,0.8,2.0,1.0,0,PLANNER,first,on,1000,3,deterministic,20.0,1,200,lo,1.0,0.42,0.5,0.05,dead-reckoned-heading-hold,off,,,2.651,0.5629
12,stepping_stones_randomly_arranged,8,0,1,1,heading-only,0.0,1.1507995605468864,1.5148727416992074,0.5080245704762497,1.1154951490098066,4.823657669735,0,roll,5.18,-34.3651451953323,-6.6341979141568155,0.3385564982891083,0.02911188427546069,-0.09365391086887889,-0.47403717041015625,0.0,-3.9773652483421817,1,5.18,91.57340753481823,-0.4036591968226016,91.57340753481823,8.799448386697362,1,8,259,0.694980694980695,0.0,0.305019305019305,off,5.0,legged_eval-seed3,,depth,settle,0.0,auto,hold,8.0,0.8,2.0,1.0,0,PLANNER,first,on,1000,3,deterministic,20.0,1,200,lo,1.0,0.42,0.5,0.05,dead-reckoned-heading-hold,off,,,2.661,0.5436
12,stepping_stones_randomly_arranged,9,0,0,1,heading-only,0.0,1.137731933593784,2.460452270507801,0.48061042326116044,0.5858792071353,4.585445038724769,0,roll,2.18,-29.69878867481168,-13.623297557253064,0.32119429111480713,0.06317978605219454,0.21121663784761519,0.4864654541015625,0.0,-3.763409346725822,1,2.18,-87.68087990474974,-10.309235715447352,87.68087990474974,21.032303905770657,0,7,109,1.0,0.0,0.0,off,5.0,legged_eval-seed3,,depth,settle,0.0,auto,hold,8.0,0.8,2.0,1.0,0,PLANNER,first,on,1000,3,deterministic,20.0,1,200,lo,1.0,0.42,0.5,0.05,dead-reckoned-heading-hold,off,,,2.649,0.5676
13,staircase_walking_full_width,0,0,0,1,heading-only,0.0,1.5891093015670776,2.6296051025390597,0.8622368319296444,0.7518202918263875,14.174880174382684,0,roll,7.9,22.112732115591115,2.7990800146317865,0.3541804254055023,0.07457079766671869,0.07969684842266578,0.6432266235351562,0.0,0.6551245770554381,1,7.9,-90.91089370409092,10.580476116411877,90.91089370409092,15.20746312319039,5,8,395,0.8607594936708861,0.0,0.13924050632911392,off,5.0,legged_eval-seed3,,depth,settle,0.0,auto,hold,8.0,0.8,2.0,1.0,0,PLANNER,first,on,1000,3,deterministic,20.0,1,200,lo,1.0,0.42,0.5,0.05,dead-reckoned-heading-hold,off,,,2.654,0.5566
13,staircase_walking_full_width,1,0,0,1,heading-only,0.0,1.5232978820800795,1.548161315917966,0.6913746233573236,0.6568128391424166,14.233875485912476,0,roll,5.76,-26.273581342160043,-4.561385649680563,0.3386722803115845,0.09085032675001381,-0.07844421598646426,-0.41606903076171875,0.0,-0.8762896170886293,1,5.76,88.39649942551928,0.4579091949169054,88.39649942551928,16.66578521405114,1,8,288,0.7465277777777778,0.0,0.2534722222222222,off,5.0,legged_eval-seed3,,depth,settle,0.0,auto,hold,8.0,0.8,2.0,1.0,0,PLANNER,first,on,1000,3,deterministic,20.0,1,200,lo,1.0,0.42,0.5,0.05,dead-reckoned-heading-hold,off,,,2.659,0.5476
13,staircase_walking_full_width,2,0,0,1,heading-only,0.0,1.134272766113284,1.4730041503906222,0.543832512107563,1.0135128361292,11.877424275258774,0,roll,3.02,5.966966829803624,1.9758168310608026,0.3225053548812866,0.04446118083221327,-0.17450193695674762,-0.519073486328125,0.0,0.7756093849254372,1,3.02,86.4155069219206,6.2728910014775865,86.4155069219206,13.898474633577887,1,8,151,0.9271523178807947,0.0,0.0728476821192053,off,5.0,legged_eval-seed3,,depth,settle,0.0,auto,hold,8.0,0.8,2.0,1.0,0,PLANNER,first,on,1000,3,deterministic,20.0,1,200,lo,1.0,0.42,0.5,0.05,dead-reckoned-heading-hold,off,,,2.652,0.5618
13,staircase_walking_full_width,3,0,0,1,heading-only,0.0,1.4749420166015739,2.736828613281247,0.8766335177732685,0.9047664291298543,11.548587702660692,0,roll,10.18,23.794008447025107,2.337328924069264,0.3383709490299225,0.04665442206302298,0.0723800209510066,0.726287841796875,0.0,0.8743883992818224,1,10.18,-90.99493764809475,-1.6484936660381273,90.99493764809475,19.709200212953974,3,8,509,0.9430255402750491,0.0,0.05697445972495088,off,5.0,legged_eval-seed3,,depth,settle,0.0,auto,hold,8.0,0.8,2.0,1.0,0,PLANNER,first,on,1000,3,deterministic,20.0,1,200,lo,1.0,0.42,0.5,0.05,dead-reckoned-heading-hold,off,,,2.651,0.5631
13,staircase_walking_full_width,4,0,0,1,heading-only,0.0,1.4488281250000057,1.2899673461914034,0.8399958662192922,0.8988530498727184,11.572973604707883,0,roll,5.62,-20.67566020901731,-3.6789430976899125,0.32601189613342285,0.07986265569395119,-0.1263403298591809,-0.70037841796875,0.0,-0.804001187917817,1,5.62,88.84136119452704,1.5070268812002592,88.84136119452704,10.622919263291069,1,8,281,0.9074733096085409,0.0,0.09252669039145907,off,5.0,legged_eval-seed3,,depth,settle,0.0,auto,hold,8.0,0.8,2.0,1.0,0,PLANNER,first,on,1000,3,deterministic,20.0,1,200,lo,1.0,0.42,0.5,0.05,dead-reckoned-heading-hold,off,,,2.652,0.5603
13,staircase_walking_full_width,5,0,0,1,heading-only,0.0,0.8446807861328125,1.341343688964841,0.6767216519831217,1.3298836873941797,12.173151330985549,0,roll,3.2800000000000002,-17.72064452975053,-5.402635527362966,0.3187038004398346,-0.047353418861947404,-0.20080985092535336,-0.680908203125,0.0,1.9912770926341121,1,3.2800000000000002,89.30767571925303,-0.7634348289804684,89.30767571925303,10.133189560480922,1,8,164,0.8536585365853658,0.0,0.14634146341463414,off,5.0,legged_eval-seed3,,depth,settle,0.0,auto,hold,8.0,0.8,2.0,1.0,0,PLANNER,first,on,1000,3,deterministic,20.0,1,200,lo,1.0,0.42,0.5,0.05,dead-reckoned-heading-hold,off,,,2.655,0.5561
13,staircase_walking_full_width,6,0,0,1,heading-only,0.0,1.4491973876953352,2.6522796630859347,0.7919893004250839,0.8537284560076133,11.569205234038325,0,roll,9.620000000000001,31.521662496412972,3.2766800931822213,0.32992807030677795,0.04669411514504524,0.06780453878232168,0.6280517578125,0.0,1.2247551106373782,1,9.620000000000001,-89.8707399496594,11.608089163552927,89.8707399496594,16.48535185024701,4,8,481,0.9272349272349273,0.0,0.07276507276507277,off,5.0,legged_eval-seed3,,depth,settle,0.0,auto,hold,8.0,0.8,2.0,1.0,0,PLANNER,first,on,1000,3,deterministic,20.0,1,200,lo,1.0,0.42,0.5,0.05,dead-reckoned-heading-hold,off,,,2.652,0.5618
13,staircase_walking_full_width,7,0,0,1,heading-only,0.0,0.760455322265642,1.4180877685546847,0.6292880880300561,1.3693402985398624,12.253369975780558,0,roll,3.6,-32.28443087931663,-8.967897466476842,0.3540376126766205,-0.06654018825954387,-0.16164228651258758,-0.5812759399414062,0.0,2.352252704196837,1,3.6,90.22060668410236,-1.6154267868904657,90.22060668410236,6.573157578752058,1,8,180,0.5,0.0,0.5,off,5.0,legged_eval-seed3,,depth,settle,0.0,auto,hold,8.0,0.8,2.0,1.0,0,PLANNER,first,on,1000,3,deterministic,20.0,1,200,lo,1.0,0.42,0.5,0.05,dead-reckoned-heading-hold,off,,,2.669,0.5282
13,staircase_walking_full_width,8,0,0,1,heading-only,0.0,1.6167114257812614,1.505223083496091,0.790656170401694,0.6258708558734379,8.647454874287632,0,roll,8.88,-2.4369345128378086,-0.27442956225650994,0.32814833521842957,0.06944948488527718,-0.05571812122791769,-0.5088882446289062,0.0,-0.0689666659744836,1,8.88,90.91081902234369,2.185816315140283,90.91081902234369,21.62397337820895,6,8,444,0.8648648648648649,0.0,0.13513513513513514,off,5.0,legged_eval-seed3,,depth,settle,0.0,auto,hold,8.0,0.8,2.0,1.0,0,PLANNER,first,on,1000,3,deterministic,20.0,1,200,lo,1.0,0.42,0.5,0.05,dead-reckoned-heading-hold,off,,,2.654,0.5569
13,staircase_walking_full_width,9,0,0,1,heading-only,0.0,1.508886718750034,2.6010330200195284,0.787531830260829,0.7761655404447577,8.76175222696912,0,roll,2.86,-24.649182634862626,-8.618595326875045,0.3210802972316742,0.17793241914336858,0.21015140560123372,0.605377197265625,0.0,-0.845393245790491,1,2.86,-93.54738531840266,-11.409439491570328,93.54738531840266,16.053412574934317,2,8,143,0.8951048951048951,0.0,0.1048951048951049,off,5.0,legged_eval-seed3,,depth,settle,0.0,auto,hold,8.0,0.8,2.0,1.0,0,PLANNER,first,on,1000,3,deterministic,20.0,1,200,lo,1.0,0.42,0.5,0.05,dead-reckoned-heading-hold,off,,,2.653,0.5593
14,staircase_walking,0,0,0,1,heading-only,0.0,1.114290714263916,2.5416091918945227,0.5535367052974843,0.6649151598870927,4.419025509740394,0,roll,2.58,-7.029690824576676,-2.7246863661149905,0.3479272425174713,0.04429872645888217,0.20992604336997003,0.5316238403320312,0.0,-1.0735014745186024,1,2.58,-90.0492161760054,-10.455241907463257,90.0492161760054,12.675928689839797,1,0,129,0.5038759689922481,0.0,0.49612403100775193,off,5.0,legged_eval-seed3,,depth,settle,0.0,auto,hold,8.0,0.8,2.0,1.0,0,PLANNER,first,on,1000,3,deterministic,20.0,1,200,lo,1.0,0.42,0.5,0.05,dead-reckoned-heading-hold,off,,,2.669,0.5285
14,staircase_walking,1,0,0,1,heading-only,0.0,0.9474121093750014,2.7137588500976477,0.7156934974785667,0.9026655377038063,4.608200103940593,0,roll,4.38,9.635611848575934,2.1999113809534094,0.33399683237075806,-0.012006367722602416,0.1629586415748054,0.70477294921875,0.0,-3.197944435555726,1,4.38,-87.67872304002613,-6.780827977856536,87.67872304002613,9.150786592066227,5,8,219,0.730593607305936,0.0,0.2694063926940639,off,5.0,legged_eval-seed3,,depth,settle,0.0,auto,hold,8.0,0.8,2.0,1.0,0,PLANNER,first,on,1000,3,deterministic,20.0,1,200,lo,1.0,0.42,0.5,0.05,dead-reckoned-heading-hold,off,,,2.659,0.5464
14,staircase_walking,2,0,1,1,heading-only,0.0,1.3418304443359403,1.523703002929679,0.5862651977502261,1.025490502761123,4.185359349335449,0,roll,5.58,1.9971030743030553,0.35790377675681995,0.33420950174331665,0.06125993626092121,-0.08535788477962743,-0.49420166015625,0.0,0.10196875300560958,1,5.58,87.50055692598697,0.6077744849146247,87.50055692598697,19.883858594257127,3,8,279,0.9139784946236559,0.0,0.08602150537634409,off,5.0,legged_eval-seed3,,depth,settle,0.0,auto,hold,8.0,0.8,2.0,1.0,0,PLANNER,first,on,1000,3,deterministic,20.0,1,200,lo,1.0,0.42,0.5,0.05,dead-reckoned-heading-hold,off,,,2.652,0.5608
14,staircase_walking,3,0,0,1,heading-only,0.0,0.8705032348632926,2.5931228637695227,0.6070948391372071,0.8649051444197443,4.667337038391099,0,roll,3.02,21.019039510193522,6.959946857679975,0.3375522196292877,-0.04287972355520112,0.19639829926143137,0.5973587036132812,0.0,-2.832900456411979,1,3.02,-88.86319135559698,9.901298814603221,88.86319135559698,13.405763397297463,2,8,151,0.8675496688741722,0.0,0.13245033112582782,off,5.0,legged_eval-seed3,,depth,settle,0.0,auto,hold,8.0,0.8,2.0,1.0,0,PLANNER,first,on,1000,3,deterministic,20.0,1,200,lo,1.0,0.42,0.5,0.05,dead-reckoned-heading-hold,off,,,2.654,0.5571
14,staircase_walking,4,0,0,1,heading-only,0.0,0.9295410156250057,1.2549270629882727,0.7483970536730066,0.938380058569784,4.334968698698561,0,roll,3.48,-23.713756101231468,-6.814297730238928,0.33540666103363037,-0.020246834590515607,-0.21410141868153082,-0.723052978515625,0.0,5.874100026458354,1,3.48,87.18644297358108,1.5424064161558948,87.18644297358108,12.804381876251494,1,8,174,0.603448275862069,0.0,0.39655172413793105,off,5.0,legged_eval-seed3,,depth,settle,0.0,auto,hold,8.0,0.8,2.0,1.0,0,PLANNER,first,on,1000,3,deterministic,20.0,1,200,lo,1.0,0.42,0.5,0.05,dead-reckoned-heading-hold,off,,,2.665,0.5364
14,staircase_walking,5,0,1,1,heading-only,0.0,1.3706817626953125,2.6534713745117102,0.7512854361034345,1.0755856487967856,3.8846754046973366,0,roll,3.18,-20.027629046951915,-6.297996555645256,0.3502556383609772,0.1165665920425511,0.20549414292821075,0.6669082641601562,0.0,-0.9429869592065183,1,3.18,-86.35069263447474,-9.072863702691782,86.35069263447474,10.133944770124241,1,8,159,0.660377358490566,0.0,0.33962264150943394,off,5.0,legged_eval-seed3,,depth,settle,0.0,auto,hold,8.0,0.8,2.0,1.0,0,PLANNER,first,on,1000,3,deterministic,20.0,1,200,lo,1.0,0.42,0.5,0.05,dead-reckoned-heading-hold,off,,,2.662,0.5408
14,staircase_walking,6,0,1,1,heading-only,0.0,2.0156646728515852,2.4457382202148352,1.109169639252268,0.49244678915860585,3.215380854064666,1,timeout,20.0,-24.475240188323056,-1.2237620094161528,0.3351045250892639,0.050783233642579265,0.02228691101074176,0.43607330322265625,0.0,-0.4205851969856742,0,20.0,-59.80791945809858,19.560389863519546,65.08391878827896,21.716449142889864,3,8,1000,0.46,0.0,0.54,off,5.0,legged_eval-seed3,,depth,settle,0.0,auto,hold,8.0,0.8,2.0,1.0,0,PLANNER,first,on,1000,3,deterministic,20.0,1,200,lo,1.0,0.42,0.5,0.05,dead-reckoned-heading-hold,off,,,2.67,0.5251
14,staircase_walking,7,0,1,1,heading-only,0.0,1.6691314697265796,1.4083084106445227,0.893216581066688,0.8118428172142296,3.580102165440159,0,roll,5.54,16.334883619200383,2.9485349493141486,0.3248721659183502,0.12078185374125984,-0.1068035359847432,-0.5713653564453125,0.0,0.4260709815391448,1,5.54,87.66697831341813,5.395229661800708,87.66697831341813,16.049307805071606,3,8,277,0.9386281588447654,0.0,0.061371841155234655,off,5.0,legged_eval-seed3,,depth,settle,0.0,auto,hold,8.0,0.8,2.0,1.0,0,PLANNER,first,on,1000,3,deterministic,20.0,1,200,lo,1.0,0.42,0.5,0.05,dead-reckoned-heading-hold,off,,,2.651,0.5627
14,staircase_walking,8,0,1,1,heading-only,0.0,0.9159057617187614,2.2070449829101477,0.22347139830493992,1.3253661190967043,4.289094434425835,0,roll,8.58,-105.31403269282845,-12.27436278471194,0.34999939799308777,-0.009801193272871635,0.024131116889294608,0.18939971923828125,0.0,21.857343102338085,1,8.58,88.96489219419186,-0.6618594648635072,88.96489219419186,7.472596021197065,1,8,429,0.24475524475524477,0.0,0.7552447552447552,off,5.0,legged_eval-seed3,,depth,settle,0.0,auto,hold,8.0,0.8,2.0,1.0,0,PLANNER,first,on,1000,3,deterministic,20.0,1,200,lo,1.0,0.42,0.5,0.05,dead-reckoned-heading-hold,off,,,2.679,0.5081
14,staircase_walking,9,0,0,1,heading-only,0.0,1.215307617187534,2.622335815429679,0.6585280838244464,0.6843621994221796,4.032998295661693,0,roll,3.06,-6.038839146882395,-1.9734768453864038,0.3367353677749634,0.07036196640115494,0.2033777174606794,0.624176025390625,0.0,-0.4895211209347107,1,3.06,-88.98534070112815,-4.856723922261404,88.98534070112815,9.68480196672176,1,8,153,0.6535947712418301,0.0,0.3464052287581699,off,5.0,legged_eval-seed3,,depth,settle,0.0,auto,hold,8.0,0.8,2.0,1.0,0,PLANNER,first,on,1000,3,deterministic,20.0,1,200,lo,1.0,0.42,0.5,0.05,dead-reckoned-heading-hold,off,,,2.663,0.5403
15,staircase_climbing,0,0,1,1,heading-only,0.0,1.6368151903152466,1.977264404296875,0.6372209145408049,1.0884222927433171,9.563211835544438,1,timeout,20.0,5.783573107305358,0.2891786553652679,0.33379462361335754,0.03184075951576233,-0.00113677978515625,-0.01363372802734375,0.0,0.15851128363051087,0,20.0,0.2638502465899315,-2.8911786116607763,15.501706484335088,9.809029436699056,0,8,1000,1.0,0.0,0.0,off,5.0,legged_eval-seed3,,depth,settle,0.0,auto,hold,8.0,0.8,2.0,1.0,0,PLANNER,first,on,1000,3,deterministic,20.0,1,200,lo,1.0,0.42,0.5,0.05,dead-reckoned-heading-hold,off,,,2.649,0.5676
15,staircase_climbing,1,0,0,1,heading-only,0.0,1.2298713684082045,1.3643875122070312,0.6759024194750507,0.6906321106378003,9.9903687702269,0,roll,3.54,-3.333993601217742,-0.9418061020389101,0.32723596692085266,0.06493541480457755,-0.17955155022400246,-0.6460647583007812,0.0,-0.253137943992835,1,3.54,90.18750238937241,1.7223360499012232,90.18750238937241,17.183736462216356,0,0,177,1.0,0.0,0.0,off,5.0,legged_eval-seed3,,depth,settle,0.0,auto,hold,8.0,0.8,2.0,1.0,0,PLANNER,first,on,1000,3,deterministic,20.0,1,200,lo,1.0,0.42,0.5,0.05,dead-reckoned-heading-hold,off,,,2.649,0.5676
15,staircase_climbing,2,0,0,1,heading-only,0.0,1.4034454345703153,1.4487838745117188,0.6830866970406781,0.5596087929112872,9.812049763960616,0,roll,4.62,13.816025681490032,2.9904817492402667,0.3466048836708069,0.0873258516385964,-0.11931084967278814,-0.5770950317382812,0.0,0.5976895932380856,1,4.62,86.55100009536274,0.10605810816269143,86.55100009536274,9.483830025142566,7,0,231,0.5411255411255411,0.0,0.4588744588744589,off,5.0,legged_eval-seed3,,depth,settle,0.0,auto,hold,8.0,0.8,2.0,1.0,0,PLANNER,first,on,1000,3,deterministic,20.0,1,200,lo,1.0,0.42,0.5,0.05,dead-reckoned-heading-hold,off,,,2.667,0.5315
15,staircase_climbing,3,0,1,1,heading-only,0.0,1.1751754760742301,1.8356857299804688,0.24017832281428855,1.5585105820281662,10.026171049550054,0,roll,9.1,-67.88167980999103,-7.459525253845168,0.3498409688472748,0.019250052315849465,-0.01805651318895948,-0.15456390380859375,0.0,-6.763268700733338,1,9.1,91.21936647267813,0.8112735413874972,91.21936647267813,5.906397911624974,1,8,455,0.4725274725274725,0.0,0.5274725274725275,off,5.0,legged_eval-seed3,,depth,settle,0.0,auto,hold,8.0,0.8,2.0,1.0,0,PLANNER,first,on,1000,3,deterministic,20.0,1,200,lo,1.0,0.42,0.5,0.05,dead-reckoned-heading-hold,off,,,2.67,0.5261
15,staircase_climbing,4,0,0,1,heading-only,0.0,1.1009735107421932,2.656158447265625,0.6638821866789617,0.767962269286354,10.120320150007542,0,roll,2.82,-5.02895078209562,-1.783315880175752,0.3438878059387207,0.03580620948304723,0.2326803004488032,0.6565780639648438,0.0,-0.8692551979539702,1,2.82,-87.54616603560295,-10.249328811200998,87.54616603560295,11.67797750281105,3,0,141,0.7446808510638298,0.0,0.2553191489361702,off,5.0,legged_eval-seed3,,depth,settle,0.0,auto,hold,8.0,0.8,2.0,1.0,0,PLANNER,first,on,1000,3,deterministic,20.0,1,200,lo,1.0,0.42,0.5,0.05,dead-reckoned-heading-hold,off,,,2.659,0.5475
15,staircase_climbing,5,0,0,1,heading-only,0.0,1.132568359375,2.63372802734375,0.6474454282396161,0.7325416187312362,9.787968740597995,0,roll,3.88,17.637735720023358,4.545808175263752,0.34637728333473206,0.034167102931701034,0.16333196581024484,0.6361160278320312,0.0,2.322096783593995,1,3.88,-86.99706799650676,7.513725403431573,86.99706799650676,16.06220735400657,5,0,194,0.7989690721649485,0.0,0.20103092783505155,off,5.0,legged_eval-seed3,,depth,settle,0.0,auto,hold,8.0,0.8,2.0,1.0,0,PLANNER,first,on,1000,3,deterministic,20.0,1,200,lo,1.0,0.42,0.5,0.05,dead-reckoned-heading-hold,off,,,2.657,0.5518
15,staircase_climbing,6,0,1,1,heading-only,0.0,0.9661499023437727,1.4449234008789062,0.5561077773266397,1.8205345896286367,9.949346098794463,0,roll,3.46,-36.46586618936274,-10.53926768478692,0.3391597270965576,-0.009783265218562792,-0.1604267627517612,-0.5422439575195312,0.0,18.80199685270252,1,3.46,86.49787440663314,1.0978889560805016,86.49787440663314,6.128520599592718,1,8,173,0.6069364161849711,0.0,0.3930635838150289,off,5.0,legged_eval-seed3,,depth,settle,0.0,auto,hold,8.0,0.8,2.0,1.0,0,PLANNER,first,on,1000,3,deterministic,20.0,1,200,lo,1.0,0.42,0.5,0.05,dead-reckoned-heading-hold,off,,,2.664,0.5366
15,staircase_climbing,7,0,0,1,heading-only,0.0,1.2274200439453296,2.5654525756835938,0.6094723059625482,0.6277232254664283,9.689093849355464,0,roll,3.92,-7.029373190084044,-1.7932074464500114,0.340643972158432,0.058015317332992235,0.1442481060417331,0.55633544921875,0.0,-0.5394674294754631,1,3.92,-86.59906358061086,-0.1541840234605836,86.59906358061086,15.305141721748099,1,0,196,0.5102040816326531,0.0,0.4897959183673469,off,5.0,legged_eval-seed3,,depth,settle,0.0,auto,hold,8.0,0.8,2.0,1.0,0,PLANNER,first,on,1000,3,deterministic,20.0,1,200,lo,1.0,0.42,0.5,0.05,dead-reckoned-heading-hold,off,,,2.668,0.529
15,staircase_climbing,8,0,1,1,heading-only,0.0,1.3774536132812614,1.4057464599609375,0.7039946732952158,1.44991938219741,9.541070535168402,0,roll,6.98,-29.603267070875063,-4.241155740813046,0.3394166827201843,0.05407644889416351,-0.08513661032078258,-0.6114349365234375,0.0,-1.368842320099834,1,6.98,91.39807869717104,-1.5560884714936285,91.39807869717104,8.413395888888589,1,8,349,0.830945558739255,0.0,0.16905444126074498,off,5.0,legged_eval-seed3,,depth,settle,0.0,auto,hold,8.0,0.8,2.0,1.0,0,PLANNER,first,on,1000,3,deterministic,20.0,1,200,lo,1.0,0.42,0.5,0.05,dead-reckoned-heading-hold,off,,,2.655,0.5543
15,staircase_climbing,9,0,1,1,heading-only,0.0,1.408758544921909,1.4110488891601562,0.7169009408601458,1.4192138338783349,9.509496714839957,0,roll,4.76,-16.21498852635895,-3.406510194613225,0.3334825336933136,0.08587364389115738,-0.12372922496635373,-0.6035079956054688,0.0,-0.6923523470613524,1,4.76,88.73984254713245,0.3630127204160405,88.73984254713245,11.088056769738351,1,8,238,0.8403361344537815,0.0,0.15966386554621848,off,5.0,legged_eval-seed3,,depth,settle,0.0,auto,hold,8.0,0.8,2.0,1.0,0,PLANNER,first,on,1000,3,deterministic,20.0,1,200,lo,1.0,0.42,0.5,0.05,dead-reckoned-heading-hold,off,,,2.655,0.555
16,staircase_spiral,0,0,0,1,heading-only,0.0,2.5336923599243164,2.548989868164057,1.6289880693967673,1.2862870019998953,2.5749090060917967,0,roll,8.44,-19.49804080850231,-2.310194408590321,0.3462478518486023,0.1817171042564356,0.06504619291043327,0.5515594482421875,0.0,-0.22188609573133405,1,8.44,-88.71063575303728,-8.530999438720881,88.71063575303728,13.352770220133436,1,0,422,0.8530805687203792,0.0,0.14691943127962084,off,5.0,legged_eval-seed3,,depth,settle,0.0,auto,hold,8.0,0.8,2.0,1.0,0,PLANNER,first,on,1000,3,deterministic,20.0,1,200,lo,1.0,0.42,0.5,0.05,dead-reckoned-heading-hold,off,,,2.655,0.556
16,staircase_spiral,1,0,0,1,heading-only,0.0,0.4821220397949233,1.8451019287109318,0.5405469398259917,3.040786404781104,4.65301985942029,0,roll,7.5600000000000005,-66.29902293884953,-8.76971202894835,0.34034082293510437,-0.0685023756885022,-0.02048916286892436,-0.153350830078125,0.0,2.2343801630020175,1,7.5600000000000005,92.04602572103713,2.5687153283908364,92.04602572103713,10.202948594849003,3,0,378,0.26455026455026454,0.0,0.7354497354497355,off,5.0,legged_eval-seed3,,depth,settle,0.0,auto,hold,8.0,0.8,2.0,1.0,0,PLANNER,first,on,1000,3,deterministic,20.0,1,200,lo,1.0,0.42,0.5,0.05,dead-reckoned-heading-hold,off,,,2.678,0.5097
16,staircase_spiral,2,0,0,1,heading-only,0.0,1.3266479492187528,1.5001235961914006,0.5971392650072803,2.221252023511081,3.8924983690136976,0,roll,3.4,22.367449555895888,6.578661634087026,0.32732367515563965,0.09607292624080967,-0.1470224717084116,-0.5127792358398438,0.0,1.1951265604385881,1,3.4,86.95387094626737,-4.44071765289231,86.95387094626737,8.042867442990305,4,0,170,0.8235294117647058,0.0,0.17647058823529413,off,5.0,legged_eval-seed3,,depth,settle,0.0,auto,hold,8.0,0.8,2.0,1.0,0,PLANNER,first,on,1000,3,deterministic,20.0,1,200,lo,1.0,0.42,0.5,0.05,dead-reckoned-heading-hold,off,,,2.656,0.5537
16,staircase_spiral,3,0,0,1,heading-only,0.0,1.5010269165039176,2.6417785644531193,0.8141914374721281,2.2626216115804483,3.7198522092412016,0,roll,4.8,-9.570715432478664,-1.9938990484330552,0.34139084815979004,0.10438060760498284,0.13370386759439987,0.631378173828125,0.0,-0.33339625190951117,1,4.8,-86.45398606636931,-8.03770747450052,86.45398606636931,14.242433735787396,6,0,240,0.7708333333333334,0.0,0.22916666666666666,off,5.0,legged_eval-seed3,,depth,settle,0.0,auto,hold,8.0,0.8,2.0,1.0,0,PLANNER,first,on,1000,3,deterministic,20.0,1,200,lo,1.0,0.42,0.5,0.05,dead-reckoned-heading-hold,off,,,2.658,0.5495
16,staircase_spiral,4,0,0,1,heading-only,0.0,2.1719116210937557,1.5894866943359318,1.241731863882793,1.4102031205604089,3.1120696400713626,0,roll,8.1,4.412592097638765,0.5447644564986129,0.33992552757263184,0.14468044704861183,-0.05068065502025533,-0.42138671875,0.0,0.0657167821063174,1,8.1,87.72439651871778,-1.8800393463818625,87.72439651871778,14.229113775014568,4,0,405,0.9259259259259259,0.0,0.07407407407407407,off,5.0,legged_eval-seed3,,depth,settle,0.0,auto,hold,8.0,0.8,2.0,1.0,0,PLANNER,first,on,1000,3,deterministic,20.0,1,200,lo,1.0,0.42,0.5,0.05,dead-reckoned-heading-hold,off,,,2.652,0.5617
16,staircase_spiral,5,0,0,1,heading-only,0.0,1.0885009765625,1.2809844970703068,0.724441658317463,2.543473270966281,4.268417885768361,0,roll,2.48,-2.5069821661706158,-1.010879905713958,0.3228679299354553,0.03568587764616935,-0.2899256060200376,-0.7106170654296875,0.0,-0.4944023759732945,1,2.48,88.65459780752377,6.296319167102475,88.65459780752377,18.4965952973589,1,0,124,0.7661290322580645,0.0,0.23387096774193547,off,5.0,legged_eval-seed3,,depth,settle,0.0,auto,hold,8.0,0.8,2.0,1.0,0,PLANNER,first,on,1000,3,deterministic,20.0,1,200,lo,1.0,0.42,0.5,0.05,dead-reckoned-heading-hold,off,,,2.658,0.5492
16,staircase_spiral,6,0,0,1,heading-only,0.0,1.9445281982422102,1.8555999755859318,0.955502425075656,1.6793625010661808,3.368518563288057,0,roll,8.22,-98.09011162216282,-11.933103603669442,0.35033056139945984,0.11490610684211802,-0.017566912945750385,-0.1457977294921875,0.0,-1.8125402869300908,1,8.22,-87.83545868590814,-0.4098856318344813,87.83545868590814,14.877942614941977,1,0,411,0.24330900243309003,0.0,0.7566909975669099,off,5.0,legged_eval-seed3,,depth,settle,0.0,auto,hold,8.0,0.8,2.0,1.0,0,PLANNER,first,on,1000,3,deterministic,20.0,1,200,lo,1.0,0.42,0.5,0.05,dead-reckoned-heading-hold,off,,,2.679,0.508
16,staircase_spiral,7,0,0,1,heading-only,0.0,1.180377197265642,1.5062347412109318,0.5256805722874337,2.463366402126249,4.204299894092904,0,roll,3.44,-15.47641704315052,-4.498958442776313,0.34669962525367737,0.05243523176326804,-0.14353641243868262,-0.4987640380859375,0.0,-1.497497676587931,1,3.44,91.73818217263985,5.675765961950095,91.73818217263985,7.994173135300443,4,0,172,0.8255813953488372,0.0,0.1744186046511628,off,5.0,legged_eval-seed3,,depth,settle,0.0,auto,hold,8.0,0.8,2.0,1.0,0,PLANNER,first,on,1000,3,deterministic,20.0,1,200,lo,1.0,0.42,0.5,0.05,dead-reckoned-heading-hold,off,,,2.656,0.5538
16,staircase_spiral,8,0,0,1,heading-only,0.0,1.2358215332031364,1.317094421386713,0.7224761759555993,2.449842733944984,4.2163605423436366,0,roll,2.56,10.439974166997303,4.078114908983321,0.34025782346725464,0.09211778640747514,-0.2667599916458152,-0.6647872924804688,0.0,0.7726687235143117,1,2.56,87.62118776002315,10.057221711709271,87.62118776002315,16.093217803844816,3,0,128,0.8203125,0.0,0.1796875,off,5.0,legged_eval-seed3,,depth,settle,0.0,auto,hold,8.0,0.8,2.0,1.0,0,PLANNER,first,on,1000,3,deterministic,20.0,1,200,lo,1.0,0.42,0.5,0.05,dead-reckoned-heading-hold,off,,,2.656,0.5534
16,staircase_spiral,9,0,0,1,heading-only,0.0,0.9078125000000341,1.4807830810546818,0.5273374100851492,2.775857114065491,4.545503752477333,0,roll,3.52,-31.48691909679249,-8.945147470679684,0.34359705448150635,-0.026189630681808494,-0.1475048065185563,-0.49456787109375,0.0,5.961224781541005,1,3.52,87.3522716056362,6.419294499125652,87.3522716056362,15.744165781753097,3,0,176,0.7670454545454546,0.0,0.23295454545454544,off,5.0,legged_eval-seed3,,depth,settle,0.0,auto,hold,8.0,0.8,2.0,1.0,0,PLANNER,first,on,1000,3,deterministic,20.0,1,200,lo,1.0,0.42,0.5,0.05,dead-reckoned-heading-hold,off,,,2.658,0.5492
17,squeeze,0,0,1,1,heading-only,0.0,1.2422783374786377,1.4435150146484261,0.6069384908976807,1.1668787062192436,7.428594467886237,0,roll,4.6000000000000005,-21.891533101016876,-4.759028935003668,0.33012422919273376,0.05266920379970384,-0.12097499681555952,-0.589752197265625,0.0,-1.5770263858433395,1,4.6000000000000005,90.14260114469405,3.1862184063772276,90.14260114469405,16.878855102423895,1,8,230,0.8913043478260869,0.0,0.10869565217391304,off,5.0,legged_eval-seed3,,depth,settle,0.0,auto,hold,8.0,0.8,2.0,1.0,0,PLANNER,first,on,1000,3,deterministic,20.0,1,200,lo,1.0,0.42,0.5,0.05,dead-reckoned-heading-hold,off,,,2.653,0.559
17,squeeze,1,0,1,1,heading-only,0.0,1.9866348266601577,1.9987670898437386,0.9866355969891685,0.37038217301152615,6.8133652848902635,1,timeout,20.0,-47.532233035553645,-2.376611651777682,0.35755619406700134,0.049331741333007884,-6.164550781306843e-05,-0.017730712890625,0.0,-0.8408318304593766,0,20.0,8.162837985409315,1.8453125896386835,24.74867663641568,6.010934302402953,1,8,1000,0.29,0.0,0.71,off,5.0,legged_eval-seed3,,depth,settle,0.0,auto,hold,8.0,0.8,2.0,1.0,0,PLANNER,first,on,1000,3,deterministic,20.0,1,200,lo,1.0,0.42,0.5,0.05,dead-reckoned-heading-hold,off,,,2.677,0.5117
17,squeeze,2,0,1,1,heading-only,0.0,1.527522277832034,2.519473266601551,0.7403595263942945,0.9771347737065782,7.490512384544213,0,roll,5.78,-23.31028146773818,-4.032920669158854,0.35238635540008545,0.09126683007474638,0.08987426757812303,0.5109710693359375,0.0,-0.7712302935349926,1,5.78,-89.77985382751666,-2.1592859944731257,89.77985382751666,15.586755660605625,1,8,289,0.41522491349480967,0.0,0.5847750865051903,off,5.0,legged_eval-seed3,,depth,settle,0.0,auto,hold,8.0,0.8,2.0,1.0,0,PLANNER,first,on,1000,3,deterministic,20.0,1,200,lo,1.0,0.42,0.5,0.05,dead-reckoned-heading-hold,off,,,2.672,0.5216
17,squeeze,3,0,0,1,heading-only,0.0,1.1838577270507926,2.687716674804676,0.7118692917949786,0.7569016855245414,7.995772441588921,0,roll,2.22,-5.087723814590191,-2.2917674840496356,0.32151180505752563,0.08281879596882549,0.3097822859480523,0.679962158203125,0.0,-0.48296872489995,1,2.22,-86.40181642252185,-7.649415664114576,86.40181642252185,12.834483123203762,1,8,111,0.8108108108108109,0.0,0.1891891891891892,off,5.0,legged_eval-seed3,,depth,settle,0.0,auto,hold,8.0,0.8,2.0,1.0,0,PLANNER,first,on,1000,3,deterministic,20.0,1,200,lo,1.0,0.42,0.5,0.05,dead-reckoned-heading-hold,off,,,2.656,0.5527
17,squeeze,4,0,1,1,heading-only,0.0,1.8624633789062557,2.292056274414051,0.9105712203770835,0.6300336168589485,7.8429762943929635,0,roll,6.34,-66.21966044435072,-10.444741395008,0.3338582217693329,0.13603523326597092,0.0460656584249292,0.3083343505859375,0.0,-1.3400581782060734,1,6.34,-86.4039288414446,19.791902548480742,86.4039288414446,33.41462428076361,1,8,317,0.42586750788643535,0.0,0.5741324921135647,off,5.0,legged_eval-seed3,,depth,settle,0.0,auto,hold,8.0,0.8,2.0,1.0,0,PLANNER,first,on,1000,3,deterministic,20.0,1,200,lo,1.0,0.42,0.5,0.05,dead-reckoned-heading-hold,off,,,2.672,0.5224
17,squeeze,5,0,0,1,heading-only,0.0,0.6875,1.4976226806640511,0.591641125162183,0.9552691877074095,8.926647703420533,0,roll,2.18,-32.534451107419756,-14.924060141018236,0.3387591242790222,-0.143348623853211,-0.2304483116219949,-0.525238037109375,0.0,1.8170665348914885,1,2.18,87.41535213526879,7.954914187875181,87.41535213526879,11.044058903242213,1,0,109,0.3669724770642202,0.0,0.6330275229357798,off,5.0,legged_eval-seed3,,depth,settle,0.0,auto,hold,8.0,0.8,2.0,1.0,0,PLANNER,first,on,1000,3,deterministic,20.0,1,200,lo,1.0,0.42,0.5,0.05,dead-reckoned-heading-hold,off,,,2.674,0.5178
17,squeeze,6,0,0,1,heading-only,0.0,0.7076812744140852,1.6275817871093636,0.4734401362588819,0.8754794618988748,9.24981895772066,0,roll,4.72,-60.685122270159496,-12.857017430118537,0.3419947028160095,-0.06193193338684635,-0.07890216374801619,-0.373046875,0.0,3.6232888894362842,1,4.72,89.16756936973887,0.04939126862982697,89.16756936973887,9.205478611188783,1,8,236,0.4025423728813559,0.0,0.597457627118644,off,5.0,legged_eval-seed3,,depth,settle,0.0,auto,hold,8.0,0.8,2.0,1.0,0,PLANNER,first,on,1000,3,deterministic,20.0,1,200,lo,1.0,0.42,0.5,0.05,dead-reckoned-heading-hold,off,,,2.673,0.5206
17,squeeze,7,0,0,1,heading-only,0.0,0.782763671875017,1.4416076660156136,0.5991607638270013,0.9089719187272721,9.284043901230305,0,roll,2.2,-23.39095180025177,-10.632250818296258,0.325755774974823,-0.09874378551135587,-0.25381469726563016,-0.5604095458984375,0.0,1.8792856959670656,1,2.2,91.09497210322654,2.193780161560137,91.09497210322654,11.846391359336645,1,8,110,0.8636363636363636,0.0,0.13636363636363635,off,5.0,legged_eval-seed3,,depth,settle,0.0,auto,hold,8.0,0.8,2.0,1.0,0,PLANNER,first,on,1000,3,deterministic,20.0,1,200,lo,1.0,0.42,0.5,0.05,dead-reckoned-heading-hold,off,,,2.654,0.5568
17,squeeze,8,0,1,1,heading-only,0.0,1.2562072753906364,1.4810516357421761,0.5787482809727943,1.3545043100623058,9.108587899500366,0,roll,6.74,-35.673541563814325,-5.292810321040701,0.34932824969291687,0.0380129488710143,-0.0769953062697068,-0.530487060546875,0.0,-2.4301447146116515,1,6.74,88.14869260841003,-1.175378882958818,88.14869260841003,6.969226205481252,1,8,337,0.6083086053412463,0.0,0.3916913946587537,off,5.0,legged_eval-seed3,,depth,settle,0.0,auto,hold,8.0,0.8,2.0,1.0,0,PLANNER,first,on,1000,3,deterministic,20.0,1,200,lo,1.0,0.42,0.5,0.05,dead-reckoned-heading-hold,off,,,2.664,0.5367
17,squeeze,9,0,0,1,heading-only,0.0,1.380499267578159,2.559970092773426,0.677012701083366,0.572579190898548,8.837259737836716,0,roll,2.88,-32.95322218424491,-11.44209103619615,0.3306107819080353,0.13211780124241637,0.19443405999077296,0.55511474609375,0.0,-1.511546211158396,1,2.88,-88.79602987755199,6.897749532800733,88.79602987755199,25.247119261954325,2,8,144,0.8611111111111112,0.0,0.1388888888888889,off,5.0,legged_eval-seed3,,depth,settle,0.0,auto,hold,8.0,0.8,2.0,1.0,0,PLANNER,first,on,1000,3,deterministic,20.0,1,200,lo,1.0,0.42,0.5,0.05,dead-reckoned-heading-hold,off,,,2.654,0.5566
18,agility_poles,0,0,1,1,heading-only,0.0,1.507320523262024,2.6761444091796704,0.8453078583497136,2.502710989965128,16.80628618316735,0,roll,2.96,-36.25937880795928,-12.249790137824082,0.3290218412876129,0.1713920686696027,0.22842716526340218,0.6551971435546875,0.0,-1.247427446572845,1,2.96,-86.6192403294531,21.85491568393299,86.6192403294531,30.77624027514351,1,0,148,0.9121621621621622,0.0,0.08783783783783784,off,5.0,legged_eval-seed3,,depth,settle,0.0,auto,hold,8.0,0.8,2.0,1.0,0,PLANNER,first,on,1000,3,deterministic,20.0,1,200,lo,1.0,0.42,0.5,0.05,dead-reckoned-heading-hold,off,,,2.652,0.5607
18,agility_poles,1,0,1,1,heading-only,0.0,3.645467376708986,2.362957763671858,2.6702501716957534,0.5746720435088544,13.609373469649482,1,timeout,20.0,5.6002347417991984,0.2800117370899599,0.3294874429702759,0.1322733688354493,0.0181478881835929,0.350372314453125,0.0,0.03694717084380159,0,20.0,-5.3641745091865225,-4.323799889025347,12.790449213072652,7.0657261473494914,2,8,1000,0.985,0.0,0.015,off,5.0,legged_eval-seed3,,depth,settle,0.0,auto,hold,8.0,0.8,2.0,1.0,0,PLANNER,first,on,1000,3,deterministic,20.0,1,200,lo,1.0,0.42,0.5,0.05,dead-reckoned-heading-hold,off,,,2.649,0.5664
18,agility_poles,2,0,1,1,heading-only,0.0,1.9311859130859403,1.8664520263671704,0.9407137003313663,2.0919622598310816,14.619424077884132,0,roll,11.36,-67.79564770756846,-5.967926734821168,0.3514738380908966,0.08197059094066377,-0.011755983594439221,-0.1394195556640625,0.0,-1.2706992818414888,1,11.36,86.47633966961556,3.121239910786205,86.47633966961556,8.935939455147146,1,0,568,0.704225352112676,0.0,0.29577464788732394,off,5.0,legged_eval-seed3,,depth,settle,0.0,auto,hold,8.0,0.8,2.0,1.0,0,PLANNER,first,on,1000,3,deterministic,20.0,1,200,lo,1.0,0.42,0.5,0.05,dead-reckoned-heading-hold,off,,,2.661,0.5443
18,agility_poles,3,0,1,1,heading-only,0.0,0.7675674438476676,1.665661621093733,0.4071941119038655,3.089703127938438,14.736225811692314,0,roll,6.66,-56.55274339954747,-8.491402912844965,0.35022082924842834,-0.03489978320605591,-0.05020095779373379,-0.3381805419921875,0.0,4.246528927344888,1,6.66,92.43611130539222,-2.3657377178159233,92.43611130539222,8.733928336527752,3,0,333,0.2852852852852853,0.0,0.7147147147147147,off,5.0,legged_eval-seed3,,depth,settle,0.0,auto,hold,8.0,0.8,2.0,1.0,0,PLANNER,first,on,1000,3,deterministic,20.0,1,200,lo,1.0,0.42,0.5,0.05,dead-reckoned-heading-hold,off,,,2.677,0.5113
18,agility_poles,4,0,1,1,heading-only,0.0,1.6837371826171932,1.460003662109358,0.8712591921056566,2.287116184446411,13.127373931582598,0,roll,7.640000000000001,-18.264144610567115,-2.3905948443150673,0.347443550825119,0.08949439563052267,-0.07068014893856571,-0.5406951904296875,0.0,-0.4662163571309599,1,7.640000000000001,92.2326720460229,1.441040033501775,92.2326720460229,6.05550930546153,1,0,382,0.7591623036649214,0.0,0.24083769633507854,off,5.0,legged_eval-seed3,,depth,settle,0.0,auto,hold,8.0,0.8,2.0,1.0,0,PLANNER,first,on,1000,3,deterministic,20.0,1,200,lo,1.0,0.42,0.5,0.05,dead-reckoned-heading-hold,off,,,2.658,0.5486
18,agility_poles,5,0,1,1,heading-only,0.0,2.9561004638671875,2.205029296874983,1.9668162184908065,0.7557407309753867,10.795846618431794,1,timeout,20.0,5.655004564817403,0.28275022824087015,0.3294735252857208,0.09780502319335938,0.010251464843749147,0.1788787841796875,0.0,0.05045673813514011,0,20.0,-1.523207793954995,-0.8699857216672623,9.905077229546022,8.471361003712445,0,8,1000,1.0,0.0,0.0,off,5.0,legged_eval-seed3,,depth,settle,0.0,auto,hold,8.0,0.8,2.0,1.0,0,PLANNER,first,on,1000,3,deterministic,20.0,1,200,lo,1.0,0.42,0.5,0.05,dead-reckoned-heading-hold,off,,,2.649,0.5676
18,agility_poles,6,0,0,1,heading-only,0.0,1.0104461669922102,2.7146270751952954,0.7147034203129377,0.866230230374582,12.060744104510924,0,roll,3.2,20.338458658859423,6.35576833089357,0.3203807473182678,0.003264427185065699,0.22332096099852983,0.7133636474609375,0.0,33.98117880391463,1,3.2,-89.67480787924075,5.587348350710455,89.67480787924075,9.796718184324853,2,0,160,0.90625,0.0,0.09375,off,5.0,legged_eval-seed3,,depth,settle,0.0,auto,hold,8.0,0.8,2.0,1.0,0,PLANNER,first,on,1000,3,deterministic,20.0,1,200,lo,1.0,0.42,0.5,0.05,dead-reckoned-heading-hold,off,,,2.652,0.5602
18,agility_poles,7,0,1,1,heading-only,0.0,2.2180816650390796,1.509716796874983,1.3130500988046507,1.6044123578803775,9.794197462329958,0,roll,8.92,-8.5473391496337,-0.9582218777616256,0.34370407462120056,0.13655624047523313,-0.05496448465527097,-0.4919586181640625,0.0,-0.1224706148425067,1,8.92,91.83067249291369,0.8988760969521937,91.83067249291369,8.210409377418571,2,0,446,0.8878923766816144,0.0,0.11210762331838565,off,5.0,legged_eval-seed3,,depth,settle,0.0,auto,hold,8.0,0.8,2.0,1.0,0,PLANNER,first,on,1000,3,deterministic,20.0,1,200,lo,1.0,0.42,0.5,0.05,dead-reckoned-heading-hold,off,,,2.653,0.5587
18,agility_poles,8,0,1,1,heading-only,0.0,1.3746765136718864,2.559582519531233,0.6734352872119503,1.6510659430112407,9.941085398708815,0,roll,4.1,-17.947329870962477,-4.377397529503043,0.35083407163619995,0.09138451552972839,0.13648354134908122,0.5517578125,0.0,-0.8360278447133637,1,4.1,-86.04323743982191,-4.26694375486883,86.04323743982191,19.097036621672743,1,0,205,0.5121951219512195,0.0,0.4878048780487805,off,5.0,legged_eval-seed3,,depth,settle,0.0,auto,hold,8.0,0.8,2.0,1.0,0,PLANNER,first,on,1000,3,deterministic,20.0,1,200,lo,1.0,0.42,0.5,0.05,dead-reckoned-heading-hold,off,,,2.668,0.5292
18,agility_poles,9,0,1,1,heading-only,0.0,1.995458984375034,1.320111083984358,1.2054822801243903,1.7523699503052674,8.282493363520176,0,roll,15.82,-35.41900661809831,-2.2388752603096274,0.3337753117084503,0.06292408245101354,-0.04297654336382061,-0.664794921875,0.0,-0.6209982460096837,1,15.82,86.5369670645372,1.3054552531318828,86.5369670645372,11.062253308680155,1,8,791,0.9671302149178256,0.0,0.03286978508217446,off,5.0,legged_eval-seed3,,depth,settle,0.0,auto,hold,8.0,0.8,2.0,1.0,0,PLANNER,first,on,1000,3,deterministic,20.0,1,200,lo,1.0,0.42,0.5,0.05,dead-reckoned-heading-hold,off,,,2.65,0.565
19,balance_beam,0,0,0,1,heading-only,0.0,0.6701683402061462,1.3574890136718807,0.7222252358888474,1.0494955698565644,9.351929168232834,0,roll,2.6,-20.851677391103692,-8.019875919655266,0.35329267382621765,-0.12685833068994376,-0.24711961012619973,-0.62689208984375,0.0,1.1033823292338854,1,2.6,86.54437088749272,2.387863742417051,86.54437088749272,11.257100411878627,1,0,130,0.5384615384615384,0.0,0.46153846153846156,off,5.0,legged_eval-seed3,,depth,settle,0.0,auto,hold,8.0,0.8,2.0,1.0,0,PLANNER,first,on,1000,3,deterministic,20.0,1,200,lo,1.0,0.42,0.5,0.05,dead-reckoned-heading-hold,off,,,2.667,0.5313
19,balance_beam,1,0,1,1,heading-only,0.0,1.7356163024902358,1.2259429931640682,1.0678462409547584,1.217212381213284,8.89811567617036,0,roll,7.26,-3.0423841625099897,-0.4190611794090895,0.3372606337070465,0.10132455957165783,-0.10661942242919172,-0.7907562255859375,0.0,-0.07218385531502595,1,7.26,89.31390447014891,-0.27982641633948613,89.31390447014891,32.65699909325335,1,4,363,0.7988980716253443,0.0,0.20110192837465565,off,5.0,legged_eval-seed3,,depth,settle,0.0,auto,hold,8.0,0.8,2.0,1.0,0,PLANNER,first,on,1000,3,deterministic,20.0,1,200,lo,1.0,0.42,0.5,0.05,dead-reckoned-heading-hold,off,,,2.657,0.5517
19,balance_beam,2,0,0,1,heading-only,0.0,1.1478912353515653,2.663748168945318,0.6800245946082206,0.7513602424406747,9.774670684443093,0,roll,2.2600000000000002,3.027524403673681,1.3396125679972037,0.327696830034256,0.065438599713082,0.29369388006430003,0.65435791015625,0.0,0.35729141691846955,1,2.2600000000000002,-91.25308266271881,-6.85546361960199,91.25308266271881,15.745821486019231,2,0,113,0.7787610619469026,0.0,0.22123893805309736,off,5.0,legged_eval-seed3,,depth,settle,0.0,auto,hold,8.0,0.8,2.0,1.0,0,PLANNER,first,on,1000,3,deterministic,20.0,1,200,lo,1.0,0.42,0.5,0.05,dead-reckoned-heading-hold,off,,,2.658,0.5502
19,balance_beam,3,0,0,1,heading-only,0.0,0.9367721557617301,1.5318969726562557,0.47235389751265644,0.7323565038515512,10.573594607960864,0,roll,5.6000000000000005,-32.795718092726105,-5.856378230843947,0.35825443267822266,-0.01129068647111962,-0.08358982631138291,-0.4755706787109375,0.0,9.052866947620736,1,5.6000000000000005,89.4590813388458,-1.598208994936254,89.4590813388458,13.88019537336456,3,0,280,0.5,0.0,0.5,off,5.0,legged_eval-seed3,,depth,settle,0.0,auto,hold,8.0,0.8,2.0,1.0,0,PLANNER,first,on,1000,3,deterministic,20.0,1,200,lo,1.0,0.42,0.5,0.05,dead-reckoned-heading-hold,off,,,2.669,0.5282
19,balance_beam,4,0,1,1,heading-only,0.0,1.0590118408203182,2.4049133300781307,0.4091909117172127,1.7874547757296848,11.048410489116558,0,roll,11.02,-136.35294635155574,-12.373225621738271,0.3500567674636841,0.0053549764809726124,0.03674349637732584,0.420074462890625,0.0,-40.327632989385634,1,11.02,88.82142912780473,0.4308741392424544,88.82142912780473,12.564657770284667,1,0,551,0.18148820326678766,0.0,0.8185117967332124,off,5.0,legged_eval-seed3,,depth,settle,0.0,auto,hold,8.0,0.8,2.0,1.0,0,PLANNER,first,on,1000,3,deterministic,20.0,1,200,lo,1.0,0.42,0.5,0.05,dead-reckoned-heading-hold,off,,,2.682,0.5032
19,balance_beam,5,0,0,1,heading-only,0.0,1.036590576171875,2.606832885742193,0.607935047092029,0.7635407293071618,11.379601042425175,0,roll,3.8000000000000003,23.52494366399847,6.19077464842065,0.333050012588501,0.009629098992598683,0.1596928646689982,0.623931884765625,0.0,11.221133041314237,1,3.8000000000000003,-86.33839540649224,-1.363270337022248,86.33839540649224,18.264625428888486,1,5,190,0.7894736842105263,0.0,0.21052631578947367,off,5.0,legged_eval-seed3,,depth,settle,0.0,auto,hold,8.0,0.8,2.0,1.0,0,PLANNER,first,on,1000,3,deterministic,20.0,1,200,lo,1.0,0.42,0.5,0.05,dead-reckoned-heading-hold,off,,,2.657,0.551
19,balance_beam,6,0,1,1,heading-only,0.0,0.7467437744140852,1.7349151611328182,0.3666179040844343,2.1447015022008173,12.256123290080646,0,roll,5.48,-68.51488435866938,-12.502716123844776,0.34891629219055176,-0.046214639705458894,-0.04837314577868281,-0.264312744140625,0.0,4.721741058548142,1,5.48,90.24035100289966,3.791970133699587,90.24035100289966,11.648613465427452,1,0,274,0.38321167883211676,0.0,0.6167883211678832,off,5.0,legged_eval-seed3,,depth,settle,0.0,auto,hold,8.0,0.8,2.0,1.0,0,PLANNER,first,on,1000,3,deterministic,20.0,1,200,lo,1.0,0.42,0.5,0.05,dead-reckoned-heading-hold,off,,,2.673,0.519
19,balance_beam,7,0,1,1,heading-only,0.0,1.3110382080078296,2.4679321289062557,0.5618765381322328,1.6804264766044825,12.297867392450856,0,roll,10.34,-147.6359665235128,-14.278139895890986,0.35418057441711426,0.030081064604238834,0.04525455792130132,0.47589111328125,0.0,-8.28429962576997,1,10.34,91.73482681433754,1.822128664936355,91.73482681433754,10.204720969062308,1,0,517,0.33849129593810445,0.0,0.6615087040618955,off,5.0,legged_eval-seed3,,depth,settle,0.0,auto,hold,8.0,0.8,2.0,1.0,0,PLANNER,first,on,1000,3,deterministic,20.0,1,200,lo,1.0,0.42,0.5,0.05,dead-reckoned-heading-hold,off,,,2.675,0.5155
19,balance_beam,8,0,0,1,heading-only,0.0,1.0460632324218864,1.4634002685546932,0.538573201309096,0.7028498137912834,12.86513232332583,0,roll,3.2,-11.370479617230728,-3.5532748803846026,0.34611451625823975,0.01439476013183949,-0.16768741607665838,-0.545166015625,0.0,-4.308258374791966,1,3.2,86.82213975714478,4.807180479153518,86.82213975714478,12.93901469410861,2,0,160,0.90625,0.0,0.09375,off,5.0,legged_eval-seed3,,depth,settle,0.0,auto,hold,8.0,0.8,2.0,1.0,0,PLANNER,first,on,1000,3,deterministic,20.0,1,200,lo,1.0,0.42,0.5,0.05,dead-reckoned-heading-hold,off,,,2.652,0.5602
19,balance_beam,9,0,0,1,heading-only,0.0,1.368353271484409,1.3652862548828182,0.7338567100285625,0.6482224921811465,13.14697711798324,0,roll,3.2,28.511532768642212,8.909853990200691,0.32573485374450684,0.11511039733887785,-0.19834804534911932,-0.66845703125,0.0,1.350931728114497,1,3.2,89.55472368547348,-0.7255386829765902,89.55472368547348,9.718858564084861,1,0,160,0.9375,0.0,0.0625,off,5.0,legged_eval-seed3,,depth,settle,0.0,auto,hold,8.0,0.8,2.0,1.0,0,PLANNER,first,on,1000,3,deterministic,20.0,1,200,lo,1.0,0.42,0.5,0.05,dead-reckoned-heading-hold,off,,,2.651,0.5627
