task,task_name,level,episode,goals,settle_ok,heading,heading_cap_rad,final_x_m,final_y_m,travelled_m,dist_to_next_goal_m,dist_to_last_goal_m,alive_at_end,end_cause,upright_s,yaw_cum_deg,yaw_rate_deg_s,base_h_max_m,vx_mean_ms,vy_mean_ms,cross_track_m,cross_track_abs_max_m,curvature_rad_m,fell,episode_s,end_roll_deg,end_pitch_deg,peak_roll_deg,peak_pitch_deg,switches,refused_ticks,steps_alive,frac_WALK,frac_TROT,frac_TURN,yaw_moment,yaw_moment_gain,terrain,planner_set,perception,turn_target,swing_lift_mm,foot_yaw_turn,roll_couple,roll_gain,roll_damp,roll_cap_nm,roll_sign,partial,skill,start_phase,foot_comp,steps,terrain_seed,measurement_seed,episode_length_s,episodes,num_envs,rate,gutter,spawn_z,settle_s,foot_clip_rad,steering,cross_track,cross_track_gain,cross_track_cap,cmd_mean_feet_down,cmd_frac_below_3_feet
0,jump_on_and_off_box,0,0,1,1,heading-only,0.0,1.6708887815475464,2.0350279808044434,0.6718025875549959,0.9380406172503138,16.5791482215841,1,timeout,20.0,-9.071413156545702,-0.4535706578272851,0.3270399272441864,0.03354443907737732,0.0017513990402221679,-0.001300811767578125,0.0,-0.23599444758226834,0,20.0,18.92160005719504,-12.220078999717094,19.02393033620047,16.892308161854476,0,8,1000,1.0,0.0,0.0,off,5.0,legged_eval-seed2,,depth,settle,0.0,auto,hold,8.0,0.8,2.0,1.0,0,PLANNER,first,on,1000,2,deterministic,20.0,1,200,lo,1.0,0.42,0.5,0.05,dead-reckoned-heading-hold,off,,,2.649,0.5676
0,jump_on_and_off_box,1,0,1,1,heading-only,0.0,1.6189094543457045,2.621699571609497,0.877245273579704,1.2234444144495835,16.54277682210457,0,roll,3.98,-32.33295584223259,-8.123858251817234,0.3530462086200714,0.15550488802655893,0.15620592251494902,0.6076154708862305,0.0,-0.9117917530367607,1,3.98,-89.11603613497604,-6.368619571582733,89.11603613497604,14.181841513014778,1,8,199,0.7035175879396985,0.0,0.2964824120603015,off,5.0,legged_eval-seed2,,depth,settle,0.0,auto,hold,8.0,0.8,2.0,1.0,0,PLANNER,first,on,1000,2,deterministic,20.0,1,200,lo,1.0,0.42,0.5,0.05,dead-reckoned-heading-hold,off,,,2.661,0.5442
0,jump_on_and_off_box,2,0,1,1,heading-only,0.0,1.6876403808593778,1.597050666809082,0.797005306448731,0.9364407226332615,16.01742890534571,0,roll,7.08,14.210483526648602,2.007130441617034,0.3342289328575134,0.09712434757900817,-0.05691374762583587,-0.4307575225830078,0.0,0.36068231701354,1,7.08,87.2162875237239,-8.252644631567003,87.2162875237239,9.715958143057847,6,8,354,0.8728813559322034,0.0,0.1271186440677966,off,5.0,legged_eval-seed2,,depth,settle,0.0,auto,hold,8.0,0.8,2.0,1.0,0,PLANNER,first,on,1000,2,deterministic,20.0,1,200,lo,1.0,0.42,0.5,0.05,dead-reckoned-heading-hold,off,,,2.654,0.5576
0,jump_on_and_off_box,3,0,1,1,heading-only,0.0,1.6537139892578239,2.0355029106140137,0.6546773529101529,0.9128867824756844,15.896325656955426,1,timeout,20.0,3.5292718875098785,0.17646359437549392,0.32405295968055725,0.032685699462891196,0.0017751455307006836,0.043201565742492676,0.0,0.09422685707713742,0,20.0,-0.7341807372505309,-6.506694527508492,10.463999611189644,7.178159303804735,0,8,1000,1.0,0.0,0.0,off,5.0,legged_eval-seed2,,depth,settle,0.0,auto,hold,8.0,0.8,2.0,1.0,0,PLANNER,first,on,1000,2,deterministic,20.0,1,200,lo,1.0,0.42,0.5,0.05,dead-reckoned-heading-hold,off,,,2.649,0.5676
0,jump_on_and_off_box,4,0,1,1,heading-only,0.0,1.6548370361328182,2.0407769680023193,0.6561054069360167,0.9253518592001871,15.695215934273328,1,timeout,20.0,9.832318166324967,0.49161590831624835,0.32486870884895325,0.03274185180664091,0.0020388484001159666,0.04773521423339844,0.0,0.2620595898476577,0,20.0,2.4038615676560204,-3.8243113952850174,7.8076648963505795,6.650752367808225,0,8,1000,1.0,0.0,0.0,off,5.0,legged_eval-seed2,,depth,settle,0.0,auto,hold,8.0,0.8,2.0,1.0,0,PLANNER,first,on,1000,2,deterministic,20.0,1,200,lo,1.0,0.42,0.5,0.05,dead-reckoned-heading-hold,off,,,2.649,0.5676
0,jump_on_and_off_box,5,0,1,1,heading-only,0.0,1.21295166015625,1.671581506729126,0.39141680634026704,1.3656847296278884,15.84045323926277,0,roll,7.38,-56.47880862571847,-7.652955098335837,0.35102373361587524,0.02885523850355691,-0.04450115084971193,-0.3196948766708374,0.0,-4.628943335775306,1,7.38,86.19528713471557,4.944669624257574,86.19528713471557,11.546543173583375,1,0,369,0.6775067750677507,0.0,0.3224932249322493,off,5.0,legged_eval-seed2,,depth,settle,0.0,auto,hold,8.0,0.8,2.0,1.0,0,PLANNER,first,on,1000,2,deterministic,20.0,1,200,lo,1.0,0.42,0.5,0.05,dead-reckoned-heading-hold,off,,,2.662,0.5422
0,jump_on_and_off_box,6,0,1,1,heading-only,0.0,1.5790954589843977,1.5781055688858032,0.7164820036968982,1.1350879020104847,15.076808634303548,0,roll,7.12,-6.2374981286222635,-0.8760531079525651,0.3409833014011383,0.08133363187983114,-0.059254835830645614,-0.43362390995025635,0.0,-0.1879912503931003,1,7.12,90.44071682972799,-3.0349189713368436,90.44071682972799,9.990481541320946,1,8,356,0.8567415730337079,0.0,0.14325842696629212,off,5.0,legged_eval-seed2,,depth,settle,0.0,auto,hold,8.0,0.8,2.0,1.0,0,PLANNER,first,on,1000,2,deterministic,20.0,1,200,lo,1.0,0.42,0.5,0.05,dead-reckoned-heading-hold,off,,,2.654,0.5563
0,jump_on_and_off_box,7,0,1,1,heading-only,0.0,1.3193695068359546,1.5682984590530396,0.5369945086801363,1.235710246802553,15.536629291311957,0,roll,6.1000000000000005,4.541201483160648,0.7444592595345325,0.3556652367115021,0.0523556568583532,-0.07077074441753449,-0.46330273151397705,0.0,0.24817309161051124,1,6.1000000000000005,88.37684027438706,0.07001822750154146,88.37684027438706,13.428174504991787,5,8,305,0.5901639344262295,0.0,0.4098360655737705,off,5.0,legged_eval-seed2,,depth,settle,0.0,auto,hold,8.0,0.8,2.0,1.0,0,PLANNER,first,on,1000,2,deterministic,20.0,1,200,lo,1.0,0.42,0.5,0.05,dead-reckoned-heading-hold,off,,,2.665,0.5353
0,jump_on_and_off_box,8,0,1,1,heading-only,0.0,1.1269958496093864,2.080449104309082,0.15033297775984963,1.4435554032924942,15.273216027943569,0,roll,9.34,-86.57118795708831,-9.26886380696877,0.3459834158420563,0.013596986039548863,0.008613394465640474,0.05048346519470215,0.0,-11.897650764662302,1,9.34,89.65466645081796,-1.107078311404638,89.65466645081796,8.002770074818011,1,8,467,0.4603854389721627,0.0,0.5396145610278372,off,5.0,legged_eval-seed2,,depth,settle,0.0,auto,hold,8.0,0.8,2.0,1.0,0,PLANNER,first,on,1000,2,deterministic,20.0,1,200,lo,1.0,0.42,0.5,0.05,dead-reckoned-heading-hold,off,,,2.67,0.5251
0,jump_on_and_off_box,9,0,1,1,heading-only,0.0,0.9078430175781591,1.6286277770996094,0.38263590703314415,1.716713229507998,14.546898192719366,0,roll,6.28,-42.851425600905344,-6.823475414156902,0.33819031715393066,-0.0146746787295925,-0.05913570428350169,-0.37621212005615234,0.0,8.115483452851626,1,6.28,88.63521781056339,2.674673769525993,88.63521781056339,8.698964005764921,5,0,314,0.589171974522293,0.0,0.410828025477707,off,5.0,legged_eval-seed2,,depth,settle,0.0,auto,hold,8.0,0.8,2.0,1.0,0,PLANNER,first,on,1000,2,deterministic,20.0,1,200,lo,1.0,0.42,0.5,0.05,dead-reckoned-heading-hold,off,,,2.665,0.5352
1,forward_ramp_lips,0,0,1,1,heading-only,0.0,1.611756443977356,2.604109382629394,0.8597639751284579,1.197543471522218,12.902393968002219,0,roll,4.54,-6.127220128381651,-1.3496079577933153,0.34192922711372375,0.13474811541351453,0.13306374066726745,0.6100587844848633,0.0,-0.17480840011991414,1,4.54,-87.71774240586178,-4.898620613924017,87.71774240586178,13.914438728875158,1,8,227,0.7929515418502202,0.0,0.20704845814977973,off,5.0,legged_eval-seed2,,depth,settle,0.0,auto,hold,8.0,0.8,2.0,1.0,0,PLANNER,first,on,1000,2,deterministic,20.0,1,200,lo,1.0,0.42,0.5,0.05,dead-reckoned-heading-hold,off,,,2.657,0.5513
1,forward_ramp_lips,1,0,1,1,heading-only,0.0,1.0868659973144545,1.5123926162719723,0.4952844255127824,1.3730825335705061,12.072984839194252,0,roll,4.34,-26.08807347934075,-6.011076838557777,0.33995509147644043,0.020015206754482616,-0.1123519317345686,-0.5053215026855469,0.0,-5.241668682723373,1,4.34,88.04869336582803,-0.13751661184116581,88.04869336582803,5.9220794716559775,1,8,217,0.5299539170506913,0.0,0.4700460829493088,off,5.0,legged_eval-seed2,,depth,settle,0.0,auto,hold,8.0,0.8,2.0,1.0,0,PLANNER,first,on,1000,2,deterministic,20.0,1,200,lo,1.0,0.42,0.5,0.05,dead-reckoned-heading-hold,off,,,2.668,0.5306
1,forward_ramp_lips,2,0,0,1,heading-only,0.0,0.9784729003906278,1.337556457519531,0.6627932279313549,0.8431025813037445,13.487804633908508,0,roll,3.3200000000000003,-5.624522205905464,-1.6941331945498384,0.3308095335960388,-0.006484066147401252,-0.1995311874941172,-0.6591825485229492,0.0,4.560132722284916,1,3.3200000000000003,89.72106372468276,-0.6108731270896783,89.72106372468276,11.749921799177246,3,8,166,0.7530120481927711,0.0,0.2469879518072289,off,5.0,legged_eval-seed2,,depth,settle,0.0,auto,hold,8.0,0.8,2.0,1.0,0,PLANNER,first,on,1000,2,deterministic,20.0,1,200,lo,1.0,0.42,0.5,0.05,dead-reckoned-heading-hold,off,,,2.659,0.5481
1,forward_ramp_lips,3,0,0,1,heading-only,0.0,1.3509948730468864,1.4459873199462887,0.6558410253754302,0.573700773503583,11.911895443669609,0,roll,2.66,13.603537259814829,5.114111751810086,0.34508106112480164,0.13195295979206254,-0.20827544362921477,-0.5561990737915039,0.0,0.6764386984928419,1,2.66,86.35944812986499,1.4509804056694504,86.35944812986499,15.799684294558418,3,8,133,0.7518796992481203,0.0,0.24812030075187969,off,5.0,legged_eval-seed2,,depth,settle,0.0,auto,hold,8.0,0.8,2.0,1.0,0,PLANNER,first,on,1000,2,deterministic,20.0,1,200,lo,1.0,0.42,0.5,0.05,dead-reckoned-heading-hold,off,,,2.659,0.548
1,forward_ramp_lips,4,0,1,1,heading-only,0.0,1.4671081542968807,1.367921447753906,0.7859474053778387,1.2300525260527633,11.899690832659774,0,roll,8.16,-13.20622168890364,-1.6184095206989755,0.35137736797332764,0.057243646359911846,-0.07746060689290368,-0.6274871826171875,0.0,-0.4934447153178161,1,8.16,89.83803928507218,2.6162305014702816,89.83803928507218,10.03562861211339,1,8,408,0.8088235294117647,0.0,0.19117647058823528,off,5.0,legged_eval-seed2,,depth,settle,0.0,auto,hold,8.0,0.8,2.0,1.0,0,PLANNER,first,on,1000,2,deterministic,20.0,1,200,lo,1.0,0.42,0.5,0.05,dead-reckoned-heading-hold,off,,,2.656,0.5525
1,forward_ramp_lips,5,0,1,1,heading-only,0.0,1.6362762451171875,2.4850517272949215,0.8000766452360762,0.9258747926286794,12.473158582178845,0,roll,4.96,-11.650560303459542,-2.348903286987811,0.3295500576496124,0.12828150103169103,0.09779268695462127,0.4912538528442383,0.0,-0.3195791742312618,1,4.96,-91.3908209109158,-6.982942066261963,91.3908209109158,16.06324732859736,2,8,248,0.9395161290322581,0.0,0.06048387096774194,off,5.0,legged_eval-seed2,,depth,settle,0.0,auto,hold,8.0,0.8,2.0,1.0,0,PLANNER,first,on,1000,2,deterministic,20.0,1,200,lo,1.0,0.42,0.5,0.05,dead-reckoned-heading-hold,off,,,2.651,0.5628
1,forward_ramp_lips,6,0,1,1,heading-only,0.0,1.2779174804687727,1.627004241943359,0.4651493969450664,1.3749528516166685,12.377703813939746,0,roll,10.08,-42.955326941534764,-4.261441164834798,0.34565430879592896,0.027571178617933803,-0.037003547426254065,-0.39414501190185547,0.0,-2.697606084855991,1,10.08,90.67423520632332,-0.965169664811472,90.67423520632332,7.735732319468327,1,8,504,0.6448412698412699,0.0,0.3551587301587302,off,5.0,legged_eval-seed2,,depth,settle,0.0,auto,hold,8.0,0.8,2.0,1.0,0,PLANNER,first,on,1000,2,deterministic,20.0,1,200,lo,1.0,0.42,0.5,0.05,dead-reckoned-heading-hold,off,,,2.663,0.5396
1,forward_ramp_lips,7,0,0,1,heading-only,0.0,0.810839843750017,2.697713470458984,0.7229008587437405,0.9806863962666253,12.20911255585644,0,roll,2.58,15.678547825554347,6.076956521532693,0.3281231224536896,-0.07331789001937324,0.2704315776972806,0.669550895690918,0.0,-1.4466169140064111,1,2.58,-90.37090857533627,5.107477647788216,90.37090857533627,7.010077716332207,2,8,129,0.8837209302325582,0.0,0.11627906976744186,off,5.0,legged_eval-seed2,,depth,settle,0.0,auto,hold,8.0,0.8,2.0,1.0,0,PLANNER,first,on,1000,2,deterministic,20.0,1,200,lo,1.0,0.42,0.5,0.05,dead-reckoned-heading-hold,off,,,2.653,0.5584
1,forward_ramp_lips,8,0,1,1,heading-only,0.0,1.3056762695312614,1.3713336944580075,0.6990417051066168,1.1939134507346143,12.110651833039482,0,roll,4.18,-10.265157149176332,-2.455779222290989,0.3385392725467682,0.07312829414623478,-0.1503986376894719,-0.6407413482666016,0.0,-0.5861128531910424,1,4.18,90.10537758981839,-1.33130151454982,90.10537758981839,17.262337269835385,3,8,209,0.8133971291866029,0.0,0.18660287081339713,off,5.0,legged_eval-seed2,,depth,settle,0.0,auto,hold,8.0,0.8,2.0,1.0,0,PLANNER,first,on,1000,2,deterministic,20.0,1,200,lo,1.0,0.42,0.5,0.05,dead-reckoned-heading-hold,off,,,2.656,0.5529
1,forward_ramp_lips,9,0,1,1,heading-only,0.0,0.9117492675781591,1.437429046630859,0.5694508489304898,1.792166932685736,13.450021145894583,0,roll,4.18,-32.60366362148079,-7.799919526670046,0.3521828055381775,-0.02111261541192366,-0.13458635248065576,-0.544306755065918,0.0,6.4480062974152474,1,4.18,88.53185371552868,-2.264481836360726,88.53185371552868,7.494043951355967,1,8,209,0.6698564593301436,0.0,0.33014354066985646,off,5.0,legged_eval-seed2,,depth,settle,0.0,auto,hold,8.0,0.8,2.0,1.0,0,PLANNER,first,on,1000,2,deterministic,20.0,1,200,lo,1.0,0.42,0.5,0.05,dead-reckoned-heading-hold,off,,,2.662,0.5416
2,sphere_bump_lips,0,0,0,1,heading-only,0.0,1.1120741367340088,1.300324630737304,0.7085945487213144,0.8000200608381983,15.204033598042885,0,roll,2.22,10.508402437234679,4.733514611366972,0.3399519622325897,0.05048384537567963,-0.31516908525346665,-0.6986312866210938,0.0,1.6364723119806774,1,2.22,89.91840084763112,-1.5688529188601528,89.91840084763112,10.460754942771826,2,0,111,0.8648648648648649,0.0,0.13513513513513514,off,5.0,legged_eval-seed2,,depth,settle,0.0,auto,hold,8.0,0.8,2.0,1.0,0,PLANNER,first,on,1000,2,deterministic,20.0,1,200,lo,1.0,0.42,0.5,0.05,dead-reckoned-heading-hold,off,,,2.654,0.5569
2,sphere_bump_lips,1,0,0,1,heading-only,0.0,0.972135162353517,1.999257278442382,0.027874734301460237,0.5278653601619072,15.027864856000232,1,timeout,20.0,-1.8110422779589328,-0.09055211389794664,0.3944234549999237,-0.0013932418823241477,-3.71360778808949e-05,-0.008670806884765625,0.0,1.1343561747682134,0,20.0,21.722474143866766,27.135941302862168,23.98075256077535,29.40694314419997,0,0,1000,1.0,0.0,0.0,off,5.0,legged_eval-seed2,,depth,settle,0.0,auto,hold,8.0,0.8,2.0,1.0,0,PLANNER,first,on,1000,2,deterministic,20.0,1,200,lo,1.0,0.42,0.5,0.05,dead-reckoned-heading-hold,off,,,2.649,0.5676
2,sphere_bump_lips,2,0,1,1,heading-only,0.0,1.4478332519531278,2.7729446411132805,0.8933073601961711,1.4226397300439042,14.323037984560516,0,roll,5.2,8.848556437414743,1.7016454687336044,0.3414873480796814,0.08612177922175535,0.1486432002140924,0.7579078674316406,0.0,0.34485256109921647,1,5.2,-88.29563305090804,1.1398679838843917,88.29563305090804,10.0172235487112,1,8,260,0.8269230769230769,0.0,0.17307692307692307,off,5.0,legged_eval-seed2,,depth,settle,0.0,auto,hold,8.0,0.8,2.0,1.0,0,PLANNER,first,on,1000,2,deterministic,20.0,1,200,lo,1.0,0.42,0.5,0.05,dead-reckoned-heading-hold,off,,,2.656,0.554
2,sphere_bump_lips,3,0,1,1,heading-only,0.0,1.6398437500000114,2.678345870971679,0.9324983351611963,1.611749814214611,13.776866593862271,0,roll,4.8,-10.795881282637396,-2.249141933882791,0.3393842875957489,0.1333007812500024,0.14132205645243312,0.6792564392089844,0.0,-0.2944838861619696,1,4.8,-86.34353013665442,-8.889179459202785,86.34353013665442,12.489076272709896,1,0,240,0.7291666666666666,0.0,0.2708333333333333,off,5.0,legged_eval-seed2,,depth,settle,0.0,auto,hold,8.0,0.8,2.0,1.0,0,PLANNER,first,on,1000,2,deterministic,20.0,1,200,lo,1.0,0.42,0.5,0.05,dead-reckoned-heading-hold,off,,,2.66,0.5463
2,sphere_bump_lips,4,0,0,1,heading-only,0.0,0.7218078613281307,1.6106044769287102,0.4785600687550017,0.8701792218150588,14.133557300998833,0,roll,2.7800000000000002,-40.42623746671771,-14.541812038387663,0.3421504497528076,-0.1000691146301688,-0.14007033204003227,-0.38454246520996094,0.0,2.5362720577073685,1,2.7800000000000002,87.81468559761315,2.808069405001171,87.81468559761315,8.819833672910859,1,0,139,0.3237410071942446,0.0,0.6762589928057554,off,5.0,legged_eval-seed2,,depth,settle,0.0,auto,hold,8.0,0.8,2.0,1.0,0,PLANNER,first,on,1000,2,deterministic,20.0,1,200,lo,1.0,0.42,0.5,0.05,dead-reckoned-heading-hold,off,,,2.676,0.5144
2,sphere_bump_lips,5,0,1,1,heading-only,0.0,1.32586669921875,1.6184169769287102,0.501791499684827,1.4045438627942155,12.979743468572,0,roll,8.68,-49.51042459339254,-5.703965966980708,0.3534884750843048,0.03754224645377304,-0.043961177773190065,-0.36502838134765625,0.0,-2.651758910274543,1,8.68,91.63875917104424,5.677184114424864,91.63875917104424,17.126687032363755,3,6,434,0.576036866359447,0.0,0.423963133640553,off,5.0,legged_eval-seed2,,depth,settle,0.0,auto,hold,8.0,0.8,2.0,1.0,0,PLANNER,first,on,1000,2,deterministic,20.0,1,200,lo,1.0,0.42,0.5,0.05,dead-reckoned-heading-hold,off,,,2.666,0.5342
2,sphere_bump_lips,6,0,1,1,heading-only,0.0,1.7025848388672102,2.6637928009033196,0.9665641925589515,1.709918273977234,12.515031226179282,0,roll,4.82,-20.196043686240472,-4.190050557311301,0.339070588350296,0.14576448939153738,0.13771634873512853,0.6494483947753906,0.0,-0.501700917386476,1,4.82,-88.40317652051272,-6.714343186919269,88.40317652051272,8.93022263740477,1,4,241,0.7053941908713693,0.0,0.2946058091286307,off,5.0,legged_eval-seed2,,depth,settle,0.0,auto,hold,8.0,0.8,2.0,1.0,0,PLANNER,first,on,1000,2,deterministic,20.0,1,200,lo,1.0,0.42,0.5,0.05,dead-reckoned-heading-hold,off,,,2.661,0.5444
2,sphere_bump_lips,7,0,1,1,heading-only,0.0,2.0402862548828296,1.4124691009521477,1.1947334637625753,1.2387899481756952,11.87425798412083,0,roll,14.14,-17.59765491744082,-1.244530050738389,0.3427104353904724,0.07357045649807846,-0.041550982959536936,-0.5879383087158203,0.0,-0.2952427925462756,1,14.14,88.62429055753339,-1.6033262951862057,88.62429055753339,14.198622444259037,1,8,707,0.9759547383309759,0.0,0.024045261669024046,off,5.0,legged_eval-seed2,,depth,settle,0.0,auto,hold,8.0,0.8,2.0,1.0,0,PLANNER,first,on,1000,2,deterministic,20.0,1,200,lo,1.0,0.42,0.5,0.05,dead-reckoned-heading-hold,off,,,2.65,0.5657
2,sphere_bump_lips,8,0,0,1,heading-only,0.0,1.2801940917968864,2.8383724212646477,0.8839553415275174,0.866708113506585,12.298414749133869,0,roll,6.22,6.083227186297336,0.9780108016555202,0.3492841124534607,0.0450472816393708,0.1347865629042842,0.7851963043212891,0.0,0.3789242766213774,1,6.22,-86.03654610038991,3.9176067547786406,86.03654610038991,25.828566647629575,7,8,311,0.8038585209003215,0.0,0.19614147909967847,off,5.0,legged_eval-seed2,,depth,settle,0.0,auto,hold,8.0,0.8,2.0,1.0,0,PLANNER,first,on,1000,2,deterministic,20.0,1,200,lo,1.0,0.42,0.5,0.05,dead-reckoned-heading-hold,off,,,2.657,0.5521
2,sphere_bump_lips,9,0,0,1,heading-only,0.0,0.8977722167969091,1.2617046356201165,0.7453392279515705,0.9527635320091413,12.224542646587594,0,roll,2.0,-2.3806531613339246,-1.1903265806669623,0.34445077180862427,-0.05111389160154545,-0.36914768218994176,-0.7263679504394531,0.0,0.4064475890154337,1,2.0,88.11796821000866,0.6620755357894657,88.11796821000866,8.297042451290269,1,0,100,0.65,0.0,0.35,off,5.0,legged_eval-seed2,,depth,settle,0.0,auto,hold,8.0,0.8,2.0,1.0,0,PLANNER,first,on,1000,2,deterministic,20.0,1,200,lo,1.0,0.42,0.5,0.05,dead-reckoned-heading-hold,off,,,2.663,0.54
3,forward_ramp_no_lips,0,0,1,1,heading-only,0.0,1.543716549873352,1.6598403930664034,0.6413550068373991,1.0167408387566055,9.262531612214756,0,roll,8.82,-34.36726433881245,-3.8965152311578737,0.3507666289806366,0.061645867332579596,-0.03856684885868442,-0.3513469696044922,0.0,-1.103188633406921,1,8.82,88.36165966809708,1.0468639984547026,88.36165966809708,14.10745266120809,3,8,441,0.8049886621315193,0.0,0.19501133786848074,off,5.0,legged_eval-seed2,,depth,settle,0.0,auto,hold,8.0,0.8,2.0,1.0,0,PLANNER,first,on,1000,2,deterministic,20.0,1,200,lo,1.0,0.42,0.5,0.05,dead-reckoned-heading-hold,off,,,2.656,0.5522
3,forward_ramp_no_lips,1,0,1,1,heading-only,0.0,1.7791343688964858,2.5602195739746065,0.9596334382773533,0.809902706898907,8.838637703461293,0,roll,4.5,-27.461593157654107,-6.102576257256469,0.3612971901893616,0.17314097086588573,0.12449323866102367,0.5722885131835938,0.0,-0.6151637478437157,1,4.5,-87.24160463560162,-4.162467813683787,87.24160463560162,15.8654560346279,3,0,225,0.7333333333333333,0.0,0.26666666666666666,off,5.0,legged_eval-seed2,,depth,settle,0.0,auto,hold,8.0,0.8,2.0,1.0,0,PLANNER,first,on,1000,2,deterministic,20.0,1,200,lo,1.0,0.42,0.5,0.05,dead-reckoned-heading-hold,off,,,2.659,0.5466
3,forward_ramp_no_lips,2,0,1,1,heading-only,0.0,1.330867004394534,1.641218948364255,0.48805411340328214,1.1553192010930682,9.276074079762136,0,roll,5.84,-46.31825960334791,-7.931208836189711,0.3342224061489105,0.0566553089716668,-0.06143511158146319,-0.36322784423828125,0.0,-2.443296318867566,1,5.84,91.00658475825374,-1.07084547930205,91.00658475825374,7.254945218541418,1,7,292,0.7191780821917808,0.0,0.2808219178082192,off,5.0,legged_eval-seed2,,depth,settle,0.0,auto,hold,8.0,0.8,2.0,1.0,0,PLANNER,first,on,1000,2,deterministic,20.0,1,200,lo,1.0,0.42,0.5,0.05,dead-reckoned-heading-hold,off,,,2.66,0.5455
3,forward_ramp_no_lips,3,0,1,1,heading-only,0.0,1.6347015380859489,1.3996742248535128,0.8736344079498586,1.0022264206860734,9.434417637736114,0,roll,6.54,-4.304654609209223,-0.6582040686864256,0.35078367590904236,0.09704916484494631,-0.0917929319795852,-0.6000652313232422,0.0,-0.11837122109144298,1,6.54,87.79540053229235,-0.9372396791076772,87.79540053229235,8.461504816045116,6,5,327,0.8623853211009175,0.0,0.13761467889908258,off,5.0,legged_eval-seed2,,depth,settle,0.0,auto,hold,8.0,0.8,2.0,1.0,0,PLANNER,first,on,1000,2,deterministic,20.0,1,200,lo,1.0,0.42,0.5,0.05,dead-reckoned-heading-hold,off,,,2.654,0.5567
3,forward_ramp_no_lips,4,0,1,1,heading-only,0.0,1.7297424316406307,1.5008838653564425,0.8841045935851178,0.9475714840888158,9.333612272663881,0,roll,6.92,3.3279639265950323,0.48091964257153647,0.3415240943431854,0.10545410861858825,-0.07212660905253722,-0.5197410583496094,0.0,0.07959510833993307,1,6.92,91.99619749206084,0.753993593939217,91.99619749206084,11.055105238628045,10,8,346,0.7687861271676301,0.0,0.23121387283236994,off,5.0,legged_eval-seed2,,depth,settle,0.0,auto,hold,8.0,0.8,2.0,1.0,0,PLANNER,first,on,1000,2,deterministic,20.0,1,200,lo,1.0,0.42,0.5,0.05,dead-reckoned-heading-hold,off,,,2.658,0.5494
3,forward_ramp_no_lips,5,0,1,1,heading-only,0.0,1.7644195556640625,2.7917240142822237,1.1005290418125282,1.088662615821032,9.867394265549267,0,roll,6.94,-4.544397287059155,-0.6548122892016073,0.3400333523750305,0.11014691003804934,0.11408127006948468,0.7866039276123047,0.0,-0.1037580666143193,1,6.94,-88.71871848395436,-0.3847800113771616,88.71871848395436,13.023769245635458,3,0,347,0.7204610951008645,0.0,0.27953890489913547,off,5.0,legged_eval-seed2,,depth,settle,0.0,auto,hold,8.0,0.8,2.0,1.0,0,PLANNER,first,on,1000,2,deterministic,20.0,1,200,lo,1.0,0.42,0.5,0.05,dead-reckoned-heading-hold,off,,,2.66,0.5456
3,forward_ramp_no_lips,6,0,0,1,heading-only,0.0,1.3443389892578352,1.4056499481201143,0.686892512473917,0.6143959101710355,9.075144534697259,0,roll,3.2800000000000002,8.366417678036271,2.5507370969622776,0.3516010344028473,0.10498139916397414,-0.18120428410972123,-0.624603271484375,0.0,0.4240633202575075,1,3.2800000000000002,90.18420890279565,-1.2707368496556728,90.18420890279565,13.160034863341593,3,0,164,0.8841463414634146,0.0,0.11585365853658537,off,5.0,legged_eval-seed2,,depth,settle,0.0,auto,hold,8.0,0.8,2.0,1.0,0,PLANNER,first,on,1000,2,deterministic,20.0,1,200,lo,1.0,0.42,0.5,0.05,dead-reckoned-heading-hold,off,,,2.653,0.5585
3,forward_ramp_no_lips,7,0,1,1,heading-only,0.0,1.344714355468767,2.553143310546872,0.6517633841119037,1.2542587564434888,9.571282634557791,0,roll,2.86,-10.68332158021309,-3.735427125948633,0.3464094400405884,0.12052949491914933,0.1934067519394658,0.5629997253417969,0.0,-0.5409091140707544,1,2.86,-88.44529535261803,-5.147981377953484,88.44529535261803,6.562835148581153,1,0,143,0.6993006993006993,0.0,0.3006993006993007,off,5.0,legged_eval-seed2,,depth,settle,0.0,auto,hold,8.0,0.8,2.0,1.0,0,PLANNER,first,on,1000,2,deterministic,20.0,1,200,lo,1.0,0.42,0.5,0.05,dead-reckoned-heading-hold,off,,,2.661,0.5439
3,forward_ramp_no_lips,8,0,1,1,heading-only,0.0,1.2830627441406364,1.590548324584958,0.49777021970042784,1.1159941235944202,9.525741199847094,0,roll,8.040000000000001,-25.99702921706472,-3.2334613454060595,0.3448714017868042,0.03520680897271596,-0.05092682530037834,-0.4210796356201172,0.0,-1.602944099734689,1,8.040000000000001,90.4051501546169,1.1364262032062877,90.4051501546169,16.10120819203008,7,8,402,0.8333333333333334,0.0,0.16666666666666666,off,5.0,legged_eval-seed2,,depth,settle,0.0,auto,hold,8.0,0.8,2.0,1.0,0,PLANNER,first,on,1000,2,deterministic,20.0,1,200,lo,1.0,0.42,0.5,0.05,dead-reckoned-heading-hold,off,,,2.655,0.5545
3,forward_ramp_no_lips,9,0,1,1,heading-only,0.0,1.567968750000034,1.4942081451415987,0.7605352729608952,0.9818254017442372,9.445583036605894,0,roll,6.0600000000000005,-16.964314722226902,-2.7993918683542742,0.3460370898246765,0.09372421617162278,-0.08346400245188139,-0.5178852081298828,0.0,-0.5213018273406572,1,6.0600000000000005,87.65643457316101,2.8519775054276093,87.65643457316101,13.711417247478229,3,8,303,0.7425742574257426,0.0,0.25742574257425743,off,5.0,legged_eval-seed2,,depth,settle,0.0,auto,hold,8.0,0.8,2.0,1.0,0,PLANNER,first,on,1000,2,deterministic,20.0,1,200,lo,1.0,0.42,0.5,0.05,dead-reckoned-heading-hold,off,,,2.659,0.5473
4,flush_a_frame,0,0,1,1,heading-only,0.0,1.8189637660980225,2.6770805358886705,1.0626098542083757,1.350754108217141,12.998682231593914,0,roll,10.88,-12.213037987905722,-1.1225218738883935,0.3651071786880493,0.0752724049722447,0.06223166690153221,0.66632080078125,0.0,-0.2602773570504769,1,10.88,-89.08781451193764,-5.376561657445791,89.08781451193764,22.343375596564357,6,8,544,0.8988970588235294,0.0,0.10110294117647059,off,5.0,legged_eval-seed2,,depth,settle,0.0,auto,hold,8.0,0.8,2.0,1.0,0,PLANNER,first,on,1000,2,deterministic,20.0,1,200,lo,1.0,0.42,0.5,0.05,dead-reckoned-heading-hold,off,,,2.653,0.5596
4,flush_a_frame,1,0,1,1,heading-only,0.0,1.4140144348144545,1.4739479064941392,0.6694316673990193,1.3386229771326907,12.397151657782794,0,roll,3.7600000000000002,22.31520765188756,5.934895652097755,0.34080490469932556,0.11011022202512089,-0.13990747167709064,-0.5346603393554688,0.0,0.9407252840501029,1,3.7600000000000002,89.57464436059217,-6.008878818725828,89.57464436059217,9.569658527188889,2,4,188,0.9202127659574468,0.0,0.0797872340425532,off,5.0,legged_eval-seed2,,depth,settle,0.0,auto,hold,8.0,0.8,2.0,1.0,0,PLANNER,first,on,1000,2,deterministic,20.0,1,200,lo,1.0,0.42,0.5,0.05,dead-reckoned-heading-hold,off,,,2.652,0.5613
4,flush_a_frame,2,0,1,1,heading-only,0.0,1.2524902343750028,2.680612945556639,0.7259375318262781,1.5952523637625549,12.76566642233628,0,roll,3.9,5.234866581074044,1.342273482326678,0.3281867802143097,0.06474108573718022,0.17451613988631776,0.6735687255859375,0.0,0.3618581842126333,1,3.9,-89.57604497825663,5.350658805216054,89.57604497825663,16.485523590491677,3,8,195,0.8717948717948718,0.0,0.1282051282051282,off,5.0,legged_eval-seed2,,depth,settle,0.0,auto,hold,8.0,0.8,2.0,1.0,0,PLANNER,first,on,1000,2,deterministic,20.0,1,200,lo,1.0,0.42,0.5,0.05,dead-reckoned-heading-hold,off,,,2.654,0.5575
4,flush_a_frame,3,0,1,1,heading-only,0.0,1.8043182373046989,2.7937263488769517,1.130012983891103,1.097377286736434,11.722583905058858,0,roll,4.96,-12.519436150828255,-2.5240798691185997,0.34217485785484314,0.1621609349404635,0.16002547356390157,0.79327392578125,0.0,-0.2716653324402768,1,4.96,-88.97840794346673,-6.713482719662825,88.97840794346673,11.504080185982577,1,8,248,0.7258064516129032,0.0,0.27419354838709675,off,5.0,legged_eval-seed2,,depth,settle,0.0,auto,hold,8.0,0.8,2.0,1.0,0,PLANNER,first,on,1000,2,deterministic,20.0,1,200,lo,1.0,0.42,0.5,0.05,dead-reckoned-heading-hold,off,,,2.66,0.546
4,flush_a_frame,4,0,1,1,heading-only,0.0,1.4794677734375057,2.7233528137207017,0.8678298444296413,1.3974617550143675,12.341748402835107,0,roll,5.92,25.361474003464338,4.284032770855463,0.34565481543540955,0.08099117794552461,0.12218797529065907,0.7257804870605469,0.0,0.9231928589192132,1,5.92,-91.25252875906288,-4.424955017903066,91.25252875906288,22.561121223206808,3,8,296,0.8952702702702703,0.0,0.10472972972972973,off,5.0,legged_eval-seed2,,depth,settle,0.0,auto,hold,8.0,0.8,2.0,1.0,0,PLANNER,first,on,1000,2,deterministic,20.0,1,200,lo,1.0,0.42,0.5,0.05,dead-reckoned-heading-hold,off,,,2.653,0.5593
4,flush_a_frame,5,0,1,1,heading-only,0.0,1.4518890380859375,1.418569946289061,0.7363861827197324,1.3131081233131694,11.762490045938547,0,roll,5.18,-13.495675452185537,-2.6053427513871696,0.36005455255508423,0.08723726603975628,-0.11224518411408088,-0.5929145812988281,0.0,-0.5212429414506352,1,5.18,88.71037255192755,0.13662815063166925,88.71037255192755,10.96058138012418,1,5,259,0.8494208494208494,0.0,0.15057915057915058,off,5.0,legged_eval-seed2,,depth,settle,0.0,auto,hold,8.0,0.8,2.0,1.0,0,PLANNER,first,on,1000,2,deterministic,20.0,1,200,lo,1.0,0.42,0.5,0.05,dead-reckoned-heading-hold,off,,,2.655,0.5557
4,flush_a_frame,6,0,1,1,heading-only,0.0,1.2152648925781477,1.6426490783691392,0.4171794040543074,1.418197682788932,12.789728357089343,0,roll,8.56,-33.155536382044886,-3.8733103250052436,0.3488040864467621,0.025147767824549968,-0.04174660299425944,-0.365447998046875,0.0,-2.6881915959490503,1,8.56,90.73451862343128,2.353960334070652,90.73451862343128,5.5507091112710025,3,8,428,0.47897196261682246,0.0,0.5210280373831776,off,5.0,legged_eval-seed2,,depth,settle,0.0,auto,hold,8.0,0.8,2.0,1.0,0,PLANNER,first,on,1000,2,deterministic,20.0,1,200,lo,1.0,0.42,0.5,0.05,dead-reckoned-heading-hold,off,,,2.67,0.5266
4,flush_a_frame,7,0,1,1,heading-only,0.0,1.756518554687517,2.541494750976561,0.9303423503859521,1.0427444588821841,12.455257807254398,0,roll,6.68,-12.880300022723048,-1.928188626156145,0.33204466104507446,0.11325128064184388,0.08106208846954507,0.5459442138671875,0.0,-0.2971554929463345,1,6.68,-89.25491466129232,-5.7909553280882635,89.25491466129232,15.536475528430678,3,8,334,0.8532934131736527,0.0,0.1467065868263473,off,5.0,legged_eval-seed2,,depth,settle,0.0,auto,hold,8.0,0.8,2.0,1.0,0,PLANNER,first,on,1000,2,deterministic,20.0,1,200,lo,1.0,0.42,0.5,0.05,dead-reckoned-heading-hold,off,,,2.655,0.556
4,flush_a_frame,8,0,1,1,heading-only,0.0,1.6276367187500114,2.615579986572264,0.8791283015530724,1.1553029852555434,12.287792284492797,0,roll,4.76,-12.628212015227831,-2.6529857174848384,0.3432818651199341,0.13185645351890996,0.1293235265908118,0.6253623962402344,0.0,-0.35116472908816726,1,4.76,-89.75618525586249,-7.902347659961985,89.75618525586249,12.87113985401744,1,8,238,0.7352941176470589,0.0,0.2647058823529412,off,5.0,legged_eval-seed2,,depth,settle,0.0,auto,hold,8.0,0.8,2.0,1.0,0,PLANNER,first,on,1000,2,deterministic,20.0,1,200,lo,1.0,0.42,0.5,0.05,dead-reckoned-heading-hold,off,,,2.659,0.5467
4,flush_a_frame,9,0,1,1,heading-only,0.0,1.832617187500034,1.4093154907226548,1.0208621701388905,1.091476570274014,13.68014112255132,0,roll,7.28,25.260941362025704,3.4699095277507834,0.34151777625083923,0.11437049278846621,-0.08113798204359136,-0.5874176025390625,0.0,0.5295189740730056,1,7.28,87.80013937689715,-10.24386869107872,87.80013937689715,12.803209470304047,3,8,364,0.9340659340659341,0.0,0.06593406593406594,off,5.0,legged_eval-seed2,,depth,settle,0.0,auto,hold,8.0,0.8,2.0,1.0,0,PLANNER,first,on,1000,2,deterministic,20.0,1,200,lo,1.0,0.42,0.5,0.05,dead-reckoned-heading-hold,off,,,2.651,0.5624
5,sphere_bump,0,0,1,1,heading-only,0.0,1.6652815341949463,2.524341583251953,0.8470735597738525,1.0265302672565122,14.144440611190587,0,roll,3.98,-41.18981355325977,-10.349199385241148,0.3315923810005188,0.16715616437058953,0.13174411639496308,0.5136260986328125,0.0,-1.0805919416610628,1,3.98,-87.49205816354582,-1.251154148153102,87.49205816354582,32.11812636740082,2,3,199,0.8994974874371859,0.0,0.10050251256281408,off,5.0,legged_eval-seed2,,depth,settle,0.0,auto,hold,8.0,0.8,2.0,1.0,0,PLANNER,first,on,1000,2,deterministic,20.0,1,200,lo,1.0,0.42,0.5,0.05,dead-reckoned-heading-hold,off,,,2.653,0.5597
5,sphere_bump,1,0,1,1,heading-only,0.0,2.016824340820314,1.5044631958007812,1.1311447583756205,1.200223495034755,13.642178538575333,0,roll,8.86,-19.420214123952462,-2.191897756653777,0.33913010358810425,0.11476572695488871,-0.05592966187350099,-0.5148048400878906,0.0,-0.33333847774713427,1,8.86,87.75189214967281,-2.3491956953677655,87.75189214967281,7.237979588939047,1,8,443,0.8126410835214447,0.0,0.1873589164785553,off,5.0,legged_eval-seed2,,depth,settle,0.0,auto,hold,8.0,0.8,2.0,1.0,0,PLANNER,first,on,1000,2,deterministic,20.0,1,200,lo,1.0,0.42,0.5,0.05,dead-reckoned-heading-hold,off,,,2.656,0.5528
5,sphere_bump,2,0,0,1,heading-only,0.0,0.7686416625976591,2.5849990844726562,0.6290871236318714,0.9365409475947981,14.643048546197852,0,roll,1.8800000000000001,6.167377299420991,3.2805198401175484,0.32644030451774597,-0.12306294542677707,0.3111697257833278,0.5520362854003906,0.0,-0.4652568016187833,1,1.8800000000000001,-88.0794094864259,-0.7219995680719569,88.0794094864259,11.658440430569854,1,0,94,0.9042553191489362,0.0,0.09574468085106383,off,5.0,legged_eval-seed2,,depth,settle,0.0,auto,hold,8.0,0.8,2.0,1.0,0,PLANNER,first,on,1000,2,deterministic,20.0,1,200,lo,1.0,0.42,0.5,0.05,dead-reckoned-heading-hold,off,,,2.653,0.56
5,sphere_bump,3,0,1,1,heading-only,0.0,1.5601013183593864,2.573577880859375,0.8016888874364257,1.0054969736582444,13.252317106284467,0,roll,4.84,-28.345784220698363,-5.856566987747596,0.34148192405700684,0.11572341288417073,0.11850782662383781,0.5662345886230469,0.0,-0.8832817340265605,1,4.84,-92.19464258162608,-9.564763109814583,92.19464258162608,14.339148767722525,1,0,242,0.7231404958677686,0.0,0.2768595041322314,off,5.0,legged_eval-seed2,,depth,settle,0.0,auto,hold,8.0,0.8,2.0,1.0,0,PLANNER,first,on,1000,2,deterministic,20.0,1,200,lo,1.0,0.42,0.5,0.05,dead-reckoned-heading-hold,off,,,2.66,0.5458
5,sphere_bump,4,0,1,1,heading-only,0.0,1.0461639404296932,1.4350700378417969,0.5668129952109999,2.3137918115296205,13.515647753100689,0,roll,4.04,-29.344277705570022,-7.263435075636144,0.3432554602622986,0.011426717928141877,-0.1398341490490602,-0.5734214782714844,0.0,-11.094249273667733,1,4.04,85.97865141761447,-0.49121576898529007,85.97865141761447,11.502176122692982,1,0,202,0.6683168316831684,0.0,0.3316831683168317,off,5.0,legged_eval-seed2,,depth,settle,0.0,auto,hold,8.0,0.8,2.0,1.0,0,PLANNER,first,on,1000,2,deterministic,20.0,1,200,lo,1.0,0.42,0.5,0.05,dead-reckoned-heading-hold,off,,,2.662,0.5415
5,sphere_bump,5,0,1,1,heading-only,0.0,1.9757232666015625,2.542774200439453,1.116530217078925,0.9925393927241836,12.136419988641183,0,roll,5.96,-28.73348586209977,-4.821054674848955,0.332419753074646,0.16371195748348363,0.09106949671802905,0.5412368774414062,0.0,-0.51397148252453,1,5.96,-89.36884682657976,-10.147461827425689,89.36884682657976,18.414648893150424,2,8,298,0.9496644295302014,0.0,0.050335570469798654,off,5.0,legged_eval-seed2,,depth,settle,0.0,auto,hold,8.0,0.8,2.0,1.0,0,PLANNER,first,on,1000,2,deterministic,20.0,1,200,lo,1.0,0.42,0.5,0.05,dead-reckoned-heading-hold,off,,,2.651,0.5636
5,sphere_bump,6,0,0,1,heading-only,0.0,0.8900695800781477,2.6199874877929688,0.6296579883111397,0.8697123674904731,13.02469477631733,0,roll,2.34,12.175703970544731,5.203292295104586,0.35498249530792236,-0.0469788119324155,0.2649519178602431,0.6045951843261719,0.0,-1.9330966186176615,1,2.34,-89.86883328829958,10.664711786875909,89.86883328829958,11.675570020521112,4,0,117,0.7435897435897436,0.0,0.2564102564102564,off,5.0,legged_eval-seed2,,depth,settle,0.0,auto,hold,8.0,0.8,2.0,1.0,0,PLANNER,first,on,1000,2,deterministic,20.0,1,200,lo,1.0,0.42,0.5,0.05,dead-reckoned-heading-hold,off,,,2.659,0.5474
5,sphere_bump,7,0,0,1,heading-only,0.0,1.0154449462890796,1.4308319091796875,0.569377609301518,0.7474930873826409,12.597419506211935,0,roll,2.62,-6.325135359938372,-2.4141738015031953,0.3343947231769562,0.005895017667587615,-0.21723972932072996,-0.5711746215820312,0.0,-7.147609036575046,1,2.62,87.24560245629507,1.4804720346796951,87.24560245629507,9.941697009319018,2,0,131,0.8854961832061069,0.0,0.11450381679389313,off,5.0,legged_eval-seed2,,depth,settle,0.0,auto,hold,8.0,0.8,2.0,1.0,0,PLANNER,first,on,1000,2,deterministic,20.0,1,200,lo,1.0,0.42,0.5,0.05,dead-reckoned-heading-hold,off,,,2.653,0.5586
5,sphere_bump,8,0,1,1,heading-only,0.0,1.1844604492187614,2.6968994140625,0.7208983636038044,1.898361525604813,12.335241514464872,0,roll,3.38,8.680847407969736,2.5682980496951884,0.3345850706100464,0.05457409740200041,0.20618325859837278,0.6843299865722656,0.0,0.8213650664625911,1,3.38,-85.99850860555956,-2.5193251092080335,85.99850860555956,13.70356182839832,1,8,169,0.9467455621301775,0.0,0.05325443786982249,off,5.0,legged_eval-seed2,,depth,settle,0.0,auto,hold,8.0,0.8,2.0,1.0,0,PLANNER,first,on,1000,2,deterministic,20.0,1,200,lo,1.0,0.42,0.5,0.05,dead-reckoned-heading-hold,off,,,2.651,0.5634
5,sphere_bump,9,0,1,1,heading-only,0.0,1.196051025390659,1.4661483764648438,0.568712194794389,1.6593563413969776,11.965863681469646,0,roll,4.26,-36.06771937294016,-8.466600791769991,0.33676934242248535,0.04602136746259604,-0.12531728251998975,-0.5475196838378906,0.0,-3.2109011186694003,1,4.26,88.51325283452628,8.30994752861479,88.51325283452628,18.14162461197078,2,8,213,0.6713615023474179,0.0,0.3286384976525822,off,5.0,legged_eval-seed2,,depth,settle,0.0,auto,hold,8.0,0.8,2.0,1.0,0,PLANNER,first,on,1000,2,deterministic,20.0,1,200,lo,1.0,0.42,0.5,0.05,dead-reckoned-heading-hold,off,,,2.662,0.5417
6,box_jump_even,0,0,0,1,heading-only,0.0,1.0756487846374512,1.392228698730463,0.6124611769442939,0.7412556297435714,9.593622212165808,0,roll,3.22,-16.93426902744136,-5.259089760074956,0.3349507749080658,0.023493411378090426,-0.18874885132594313,-0.6319618225097656,0.0,-3.906986111724372,1,3.22,89.15440594493623,3.6618133349299002,89.15440594493623,16.141281484327475,2,0,161,0.8757763975155279,0.0,0.12422360248447205,off,5.0,legged_eval-seed2,,depth,settle,0.0,auto,hold,8.0,0.8,2.0,1.0,0,PLANNER,first,on,1000,2,deterministic,20.0,1,200,lo,1.0,0.42,0.5,0.05,dead-reckoned-heading-hold,off,,,2.654,0.5578
6,box_jump_even,1,0,1,1,heading-only,0.0,1.4574523925781264,1.2732063293456974,0.858773387558445,1.2922356902334964,10.368052857286713,0,roll,3.96,16.755720280267383,4.231242495017016,0.3289974331855774,0.11551828095407234,-0.18353375521573298,-0.7233200073242188,0.0,0.639285075733663,1,3.96,92.12124343312942,-0.5013831534520405,92.12124343312942,9.621893294966595,1,0,198,0.9343434343434344,0.0,0.06565656565656566,off,5.0,legged_eval-seed2,,depth,settle,0.0,auto,hold,8.0,0.8,2.0,1.0,0,PLANNER,first,on,1000,2,deterministic,20.0,1,200,lo,1.0,0.42,0.5,0.05,dead-reckoned-heading-hold,off,,,2.651,0.5624
6,box_jump_even,2,0,0,1,heading-only,0.0,0.6835205078125028,1.6704345703124943,0.4569164490586505,0.8804840337041118,11.071385718303357,0,roll,2.4,-31.80861980405274,-13.253591585021976,0.3380049169063568,-0.13186645507812383,-0.1373189290364607,-0.3341407775878906,0.0,1.7541899548008886,1,2.4,90.09919331502343,3.189833157303025,90.09919331502343,8.978728841568856,3,0,120,0.5,0.0,0.5,off,5.0,legged_eval-seed2,,depth,settle,0.0,auto,hold,8.0,0.8,2.0,1.0,0,PLANNER,first,on,1000,2,deterministic,20.0,1,200,lo,1.0,0.42,0.5,0.05,dead-reckoned-heading-hold,off,,,2.669,0.5282
6,box_jump_even,3,0,1,1,heading-only,0.0,1.5126464843750114,1.4894157409667912,0.7235348668271279,1.0269576887392469,9.900528058064097,0,roll,5.8,-31.646576263081556,-5.456306252255441,0.3440791368484497,0.08838732489224334,-0.08803176879882911,-0.49121856689453125,0.0,-1.0774226871908295,1,5.8,87.69142121446521,1.9251181338854984,87.69142121446521,15.942532872230961,1,0,290,0.7413793103448276,0.0,0.25862068965517243,off,5.0,legged_eval-seed2,,depth,settle,0.0,auto,hold,8.0,0.8,2.0,1.0,0,PLANNER,first,on,1000,2,deterministic,20.0,1,200,lo,1.0,0.42,0.5,0.05,dead-reckoned-heading-hold,off,,,2.659,0.5472
6,box_jump_even,4,0,1,1,heading-only,0.0,1.0776885986328182,1.5150199890136662,0.4911630375077461,1.38633859051744,10.183865909242966,0,roll,4.46,-25.30923061528577,-5.674715384593222,0.34011024236679077,0.017418968303322464,-0.10873991277720489,-0.4985694885253906,0.0,-5.685897456730364,1,4.46,91.09528704279263,-0.5624998348944347,91.09528704279263,7.001323298625012,1,0,223,0.6278026905829597,0.0,0.3721973094170404,off,5.0,legged_eval-seed2,,depth,settle,0.0,auto,hold,8.0,0.8,2.0,1.0,0,PLANNER,first,on,1000,2,deterministic,20.0,1,200,lo,1.0,0.42,0.5,0.05,dead-reckoned-heading-hold,off,,,2.664,0.5383
6,box_jump_even,5,0,1,1,heading-only,0.0,1.3623046875,1.3646064758300724,0.7314298443060365,1.3006421087882563,10.25739393033832,0,roll,4.92,-12.524261106638448,-2.545581525739522,0.33814510703086853,0.07363916412601626,-0.12914502523779015,-0.638641357421875,0.0,-0.6033308434363261,1,4.92,90.82649642039735,-0.025496252861538025,90.82649642039735,8.717153398941312,1,0,246,0.8739837398373984,0.0,0.12601626016260162,off,5.0,legged_eval-seed2,,depth,settle,0.0,auto,hold,8.0,0.8,2.0,1.0,0,PLANNER,first,on,1000,2,deterministic,20.0,1,200,lo,1.0,0.42,0.5,0.05,dead-reckoned-heading-hold,off,,,2.654,0.5577
6,box_jump_even,6,0,0,1,heading-only,0.0,0.9850708007812727,1.402207946777338,0.5979784443317989,0.7889913935552184,10.631748550606451,0,roll,3.34,-5.084095843901764,-1.5221843844017258,0.3376055359840393,-0.004469820125367444,-0.1789796566534916,-0.617095947265625,0.0,5.943668556029235,1,3.34,89.66898443963379,2.320694181109434,89.66898443963379,15.658910693638823,2,0,167,0.9101796407185628,0.0,0.08982035928143713,off,5.0,legged_eval-seed2,,depth,settle,0.0,auto,hold,8.0,0.8,2.0,1.0,0,PLANNER,first,on,1000,2,deterministic,20.0,1,200,lo,1.0,0.42,0.5,0.05,dead-reckoned-heading-hold,off,,,2.652,0.5605
6,box_jump_even,7,0,1,1,heading-only,0.0,1.635638427734392,1.4771171569824162,0.8230690604893377,0.9474825394014408,10.277671183382214,0,roll,5.54,20.97142971201663,3.785456626717803,0.3464434742927551,0.1147361782914065,-0.09438318466021368,-0.5199127197265625,0.0,0.5758312923746042,1,5.54,88.15665469326687,-3.9629485525604147,88.15665469326687,7.764907363289242,6,0,277,0.8375451263537906,0.0,0.1624548736462094,off,5.0,legged_eval-seed2,,depth,settle,0.0,auto,hold,8.0,0.8,2.0,1.0,0,PLANNER,first,on,1000,2,deterministic,20.0,1,200,lo,1.0,0.42,0.5,0.05,dead-reckoned-heading-hold,off,,,2.655,0.5548
6,box_jump_even,8,0,0,1,heading-only,0.0,0.6639221191406364,1.454637145996088,0.6406004874570521,0.9982218517892585,11.199364222989576,0,roll,4.98,-44.71343197888464,-8.978600798972819,0.35685667395591736,-0.06748551824485213,-0.10951061325379757,-0.5414390563964844,0.0,2.322070723317338,1,4.98,86.20951505335954,3.641472560097789,86.20951505335954,14.517308735293392,1,0,249,0.5421686746987951,0.0,0.4578313253012048,off,5.0,legged_eval-seed2,,depth,settle,0.0,auto,hold,8.0,0.8,2.0,1.0,0,PLANNER,first,on,1000,2,deterministic,20.0,1,200,lo,1.0,0.42,0.5,0.05,dead-reckoned-heading-hold,off,,,2.667,0.5315
6,box_jump_even,9,0,0,1,heading-only,0.0,0.8237670898437841,1.4600120544433537,0.5680185031921201,0.865377333956022,11.738659431322533,0,roll,3.64,-28.410252096389684,-7.8050143121949676,0.3272753953933716,-0.048415634658301065,-0.14834833669138633,-0.5511894226074219,0.0,2.813619998467308,1,3.64,85.96132086968977,-1.8621519057486002,85.96132086968977,14.905964911509534,1,0,182,0.8241758241758241,0.0,0.17582417582417584,off,5.0,legged_eval-seed2,,depth,settle,0.0,auto,hold,8.0,0.8,2.0,1.0,0,PLANNER,first,on,1000,2,deterministic,20.0,1,200,lo,1.0,0.42,0.5,0.05,dead-reckoned-heading-hold,off,,,2.656,0.5537
7,box_jump_uneven,0,0,0,1,heading-only,0.0,1.062550663948059,2.5805160522460895,0.5838762475694036,0.7268843157804882,10.803057995993676,0,roll,3.04,-11.900996127411958,-3.9148013577013017,0.34255239367485046,0.020575876298703645,0.19095922771252943,0.5849990844726562,0.0,-3.3206932361727306,1,3.04,-89.21783917439511,-10.31560210064315,89.21783917439511,14.385593646368639,4,8,152,0.7368421052631579,0.0,0.2631578947368421,off,5.0,legged_eval-seed2,,depth,settle,0.0,auto,hold,8.0,0.8,2.0,1.0,0,PLANNER,first,on,1000,2,deterministic,20.0,1,200,lo,1.0,0.42,0.5,0.05,dead-reckoned-heading-hold,off,,,2.659,0.5469
7,box_jump_uneven,1,0,0,1,heading-only,0.0,0.6346641540527358,1.7656356811523395,0.43404713371122616,0.8965114389845761,12.117602456511092,0,roll,4.64,-70.11917448980418,-15.111891053837109,0.35663968324661255,-0.07873617369553108,-0.05050955147578891,-0.22360992431640625,0.0,3.349823120844686,1,4.64,87.88580058765866,2.8100127825064583,87.88580058765866,7.930713312997457,1,0,232,0.25862068965517243,0.0,0.7413793103448276,off,5.0,legged_eval-seed2,,depth,settle,0.0,auto,hold,8.0,0.8,2.0,1.0,0,PLANNER,first,on,1000,2,deterministic,20.0,1,200,lo,1.0,0.42,0.5,0.05,dead-reckoned-heading-hold,off,,,2.678,0.5092
7,box_jump_uneven,2,0,1,1,heading-only,0.0,1.335414123535159,2.7025672912597614,0.778526449785065,1.4764774730547892,11.336377479364643,0,roll,4.94,3.1821195092129244,0.6441537468042356,0.34037744998931885,0.06789759585731965,0.14222009944529582,0.702545166015625,0.0,0.16558176513962408,1,4.94,-88.43945829201722,-5.555002287763299,88.43945829201722,15.585711947958394,5,8,247,0.6680161943319838,0.0,0.3319838056680162,off,5.0,legged_eval-seed2,,depth,settle,0.0,auto,hold,8.0,0.8,2.0,1.0,0,PLANNER,first,on,1000,2,deterministic,20.0,1,200,lo,1.0,0.42,0.5,0.05,dead-reckoned-heading-hold,off,,,2.662,0.5414
7,box_jump_uneven,3,0,0,1,heading-only,0.0,0.9071777343750114,1.511408996582027,0.49733001278500943,0.7682183330549501,12.002770807754832,0,roll,3.02,-15.408230744676217,-5.102063160488814,0.34957602620124817,-0.030735849544698223,-0.1617851004695275,-0.5237693786621094,0.0,2.8971966649478196,1,3.02,89.17393263400582,3.308119371390439,89.17393263400582,5.5017401120470435,1,8,151,0.6291390728476821,0.0,0.3708609271523179,off,5.0,legged_eval-seed2,,depth,settle,0.0,auto,hold,8.0,0.8,2.0,1.0,0,PLANNER,first,on,1000,2,deterministic,20.0,1,200,lo,1.0,0.42,0.5,0.05,dead-reckoned-heading-hold,off,,,2.664,0.5384
7,box_jump_uneven,4,0,1,1,heading-only,0.0,1.4894775390625057,1.4620124816894489,0.7273368071977606,1.1288702792552594,10.823900703918724,0,roll,7.6000000000000005,-20.35079274042718,-2.677735886898313,0.33880317211151123,0.06440493935032969,-0.07078783135665145,-0.5267410278320312,0.0,-0.725647880374051,1,7.6000000000000005,92.53408993629147,1.2909225813246343,92.53408993629147,17.921119011171886,3,8,380,0.8289473684210527,0.0,0.17105263157894737,off,5.0,legged_eval-seed2,,depth,settle,0.0,auto,hold,8.0,0.8,2.0,1.0,0,PLANNER,first,on,1000,2,deterministic,20.0,1,200,lo,1.0,0.42,0.5,0.05,dead-reckoned-heading-hold,off,,,2.656,0.5541
7,box_jump_uneven,5,0,1,1,heading-only,0.0,1.2751617431640625,1.554804992675777,0.5233665822800501,1.3925648885446302,11.183702815301835,0,roll,6.5600000000000005,-43.59937498848561,-6.6462461872691465,0.32976606488227844,0.04194538767744855,-0.06786509257991204,-0.4522895812988281,0.0,-2.765473995805544,1,6.5600000000000005,87.43683840329793,1.1099935684473141,87.43683840329793,11.838237724171286,1,8,328,0.8079268292682927,0.0,0.19207317073170732,off,5.0,legged_eval-seed2,,depth,settle,0.0,auto,hold,8.0,0.8,2.0,1.0,0,PLANNER,first,on,1000,2,deterministic,20.0,1,200,lo,1.0,0.42,0.5,0.05,dead-reckoned-heading-hold,off,,,2.656,0.5525
7,box_jump_uneven,6,0,1,1,heading-only,0.0,0.9980102539062727,2.681006622314449,0.6810095291004759,1.5310064734114623,11.172763548765179,0,roll,3.92,19.720438503518125,5.030724108040338,0.34367871284484863,-0.0005075882892161385,0.1737261791618492,0.6704025268554688,0.0,-172.98015204478284,1,3.92,-90.37803540795227,11.181885266411577,90.37803540795227,13.13658583702449,3,8,196,0.5612244897959183,0.0,0.4387755102040816,off,5.0,legged_eval-seed2,,depth,settle,0.0,auto,hold,8.0,0.8,2.0,1.0,0,PLANNER,first,on,1000,2,deterministic,20.0,1,200,lo,1.0,0.42,0.5,0.05,dead-reckoned-heading-hold,off,,,2.666,0.533
7,box_jump_uneven,7,0,0,1,heading-only,0.0,0.6616241455078296,1.3658172607421832,0.7188087128547166,1.0512192065254635,11.9552083122752,0,roll,1.98,-23.99960098894107,-12.121010600475287,0.3294183313846588,-0.1708968962081669,-0.32029431275647313,-0.6181106567382812,0.0,1.237889911059245,1,1.98,90.4848430868122,3.1562796988361743,90.4848430868122,14.660169129236616,1,8,99,0.6565656565656566,0.0,0.3434343434343434,off,5.0,legged_eval-seed2,,depth,settle,0.0,auto,hold,8.0,0.8,2.0,1.0,0,PLANNER,first,on,1000,2,deterministic,20.0,1,200,lo,1.0,0.42,0.5,0.05,dead-reckoned-heading-hold,off,,,2.662,0.5405
7,box_jump_uneven,8,0,0,1,heading-only,0.0,1.1761596679687614,1.3986656188964801,0.6266061494399952,0.6829901892027851,11.239937492567641,0,roll,3.2800000000000002,-5.452774733269678,-1.662431321118804,0.3358214497566223,0.053707215844134557,-0.18333365277546337,-0.6112174987792969,0.0,-0.5402421199044715,1,3.2800000000000002,93.07568087566386,6.829881219695624,93.07568087566386,11.668715880922152,2,8,164,0.8780487804878049,0.0,0.12195121951219512,off,5.0,legged_eval-seed2,,depth,settle,0.0,auto,hold,8.0,0.8,2.0,1.0,0,PLANNER,first,on,1000,2,deterministic,20.0,1,200,lo,1.0,0.42,0.5,0.05,dead-reckoned-heading-hold,off,,,2.654,0.558
7,box_jump_uneven,9,0,1,1,heading-only,0.0,1.351477050781284,1.4741203308105426,0.6325231566454484,1.307962413987483,11.36070079508348,0,roll,6.34,-40.29398181954781,-6.355517637152651,0.3305133879184723,0.0554380206279628,-0.08294632006142862,-0.5132522583007812,0.0,-2.000877866496805,1,6.34,91.80275427116929,-0.9746155536941832,91.80275427116929,14.840468095870975,1,8,317,0.9148264984227129,0.0,0.08517350157728706,off,5.0,legged_eval-seed2,,depth,settle,0.0,auto,hold,8.0,0.8,2.0,1.0,0,PLANNER,first,on,1000,2,deterministic,20.0,1,200,lo,1.0,0.42,0.5,0.05,dead-reckoned-heading-hold,off,,,2.652,0.5609
8,flat_circle_jump,0,0,1,1,heading-only,0.0,1.3373069763183594,2.676800537109372,0.7561977012029123,1.122264103255097,7.493320100778971,0,roll,5.86,25.69387609034385,4.384620493232738,0.33235418796539307,0.05756091746047088,0.11549497220296452,0.656524658203125,0.0,1.3294795745721426,1,5.86,-89.9542767620702,-1.3429630326895363,89.9542767620702,14.863004367612938,1,8,293,0.8191126279863481,0.0,0.18088737201365188,off,5.0,legged_eval-seed2,,depth,settle,0.0,auto,hold,8.0,0.8,2.0,1.0,0,PLANNER,first,on,1000,2,deterministic,20.0,1,200,lo,1.0,0.42,0.5,0.05,dead-reckoned-heading-hold,off,,,2.656,0.5533
8,flat_circle_jump,1,0,1,1,heading-only,0.0,2.5279365539550795,2.886051940917966,1.766261066466851,0.7365819104322217,6.928949707457203,0,roll,8.8,-8.842643000015585,-1.0048457954563164,0.32568445801734924,0.17362915385853175,0.10068772055885976,0.859771728515625,0.0,-0.10100762006721271,1,8.8,-88.30304204154021,2.6746922380107585,88.30304204154021,9.185148916011183,3,8,440,0.9545454545454546,0.0,0.045454545454545456,off,5.0,legged_eval-seed2,,depth,settle,0.0,auto,hold,8.0,0.8,2.0,1.0,0,PLANNER,first,on,1000,2,deterministic,20.0,1,200,lo,1.0,0.42,0.5,0.05,dead-reckoned-heading-hold,off,,,2.65,0.564
8,flat_circle_jump,2,0,0,1,heading-only,0.0,0.5786239624023466,1.6677139282226534,0.5366300388151216,0.9794630346043552,9.42723397796599,0,roll,3.04,-45.30829960406447,-14.90404592238963,0.32904163002967834,-0.13861053868343862,-0.10930462887412716,-0.30550384521484375,0.0,1.8766586991499394,1,3.04,89.59488626288591,1.8256080442743579,89.59488626288591,9.202505442117552,1,0,152,0.29605263157894735,0.0,0.7039473684210527,off,5.0,legged_eval-seed2,,depth,settle,0.0,auto,hold,8.0,0.8,2.0,1.0,0,PLANNER,first,on,1000,2,deterministic,20.0,1,200,lo,1.0,0.42,0.5,0.05,dead-reckoned-heading-hold,off,,,2.677,0.5122
8,flat_circle_jump,3,0,0,1,heading-only,0.0,1.3566635131836051,1.4200637817382784,0.6808339583835246,0.5973871154490811,9.012015711390802,0,roll,2.14,22.12387557058281,10.338259612421874,0.34238797426223755,0.16666519307645097,-0.2709982328325802,-0.5884552001953125,0.0,1.0826295870904878,1,2.14,87.94239134718468,-0.2573597373606931,87.94239134718468,7.631466713688391,2,0,107,0.8130841121495327,0.0,0.18691588785046728,off,5.0,legged_eval-seed2,,depth,settle,0.0,auto,hold,8.0,0.8,2.0,1.0,0,PLANNER,first,on,1000,2,deterministic,20.0,1,200,lo,1.0,0.42,0.5,0.05,dead-reckoned-heading-hold,off,,,2.656,0.5529
8,flat_circle_jump,4,0,1,1,heading-only,0.0,2.6219848632812557,2.6872146606445284,1.7615614909841462,0.8068949038045984,8.356320967221228,0,roll,6.42,-30.40417732463058,-4.735853165830308,0.34104788303375244,0.2526456173335289,0.107042782031858,0.6889419555664062,0.0,-0.32716273295023224,1,6.42,-86.67442500396483,48.275641374253325,86.67442500396483,48.275641374253325,1,8,321,0.6697819314641744,0.0,0.3302180685358255,off,5.0,legged_eval-seed2,,depth,settle,0.0,auto,hold,8.0,0.8,2.0,1.0,0,PLANNER,first,on,1000,2,deterministic,20.0,1,200,lo,1.0,0.42,0.5,0.05,dead-reckoned-heading-hold,off,,,2.662,0.5416
8,flat_circle_jump,5,0,1,1,heading-only,0.0,2.16094970703125,2.414189147949216,1.232621950370365,1.0855138562024345,9.597991361288203,0,below,7.28,-37.125094114547096,-5.099600839910315,0.34098613262176514,0.1594711136031937,0.0568941137292879,0.39815521240234375,0.0,-0.5581250621687561,1,7.28,-63.16381634644599,63.66183561846684,63.16381634644599,63.66183561846684,4,8,364,0.8626373626373627,0.0,0.13736263736263737,off,5.0,legged_eval-seed2,,depth,settle,0.0,auto,hold,8.0,0.8,2.0,1.0,0,PLANNER,first,on,1000,2,deterministic,20.0,1,200,lo,1.0,0.42,0.5,0.05,dead-reckoned-heading-hold,off,,,2.654,0.5568
8,flat_circle_jump,6,0,0,1,heading-only,0.0,0.5732208251953352,2.204136657714841,0.4730879823774186,0.9489949493409338,11.628571096858554,0,roll,6.9,-102.87028542724423,-14.908737018441192,0.3586875796318054,-0.06185205431951663,0.02958502285722332,0.168701171875,0.0,4.206918446743595,1,6.9,90.72966350605496,3.271619676626222,90.72966350605496,6.972880773343248,1,0,345,0.13043478260869565,0.0,0.8695652173913043,off,5.0,legged_eval-seed2,,depth,settle,0.0,auto,hold,8.0,0.8,2.0,1.0,0,PLANNER,first,on,1000,2,deterministic,20.0,1,200,lo,1.0,0.42,0.5,0.05,dead-reckoned-heading-hold,off,,,2.684,0.4992
8,flat_circle_jump,7,0,1,1,heading-only,0.0,1.555377197265642,2.583073425292966,0.8052443421257375,1.749085199537812,11.159865233707343,0,roll,7.76,-5.717526656234696,-0.7367946721951928,0.346698135137558,0.07156922645175799,0.07513832800167086,0.5725479125976562,0.0,-0.1796790824562916,1,7.76,-88.75350685807253,-6.248096272738864,88.75350685807253,11.96015889620715,5,5,388,0.7731958762886598,0.0,0.2268041237113402,off,5.0,legged_eval-seed2,,depth,settle,0.0,auto,hold,8.0,0.8,2.0,1.0,0,PLANNER,first,on,1000,2,deterministic,20.0,1,200,lo,1.0,0.42,0.5,0.05,dead-reckoned-heading-hold,off,,,2.658,0.5497
8,flat_circle_jump,8,0,1,1,heading-only,0.0,2.1645019531250114,1.7155349731445284,1.1987431544479619,1.0738605852650411,11.039163804115116,0,below,6.08,25.41857384100817,4.180686487007923,0.3317510187625885,0.19152992650082423,-0.046787010995965723,-0.29381561279296875,0.0,0.3809678493851945,1,6.08,66.16782619414408,58.94077158147473,66.16782619414408,58.94077158147473,0,7,304,1.0,0.0,0.0,off,5.0,legged_eval-seed2,,depth,settle,0.0,auto,hold,8.0,0.8,2.0,1.0,0,PLANNER,first,on,1000,2,deterministic,20.0,1,200,lo,1.0,0.42,0.5,0.05,dead-reckoned-heading-hold,off,,,2.649,0.5676
8,flat_circle_jump,9,0,1,1,heading-only,0.0,1.250097656250034,1.4312408447265597,0.6213178046451894,2.41775267590981,12.862483322462221,0,roll,4.54,-19.35012581191546,-4.262142249320586,0.3487109839916229,0.055087589482386366,-0.1252773469765287,-0.569732666015625,0.0,-1.350366137599579,1,4.54,87.09954254469885,1.3211392110373776,87.09954254469885,10.44847820110985,1,0,227,0.6167400881057269,0.0,0.3832599118942731,off,5.0,legged_eval-seed2,,depth,settle,0.0,auto,hold,8.0,0.8,2.0,1.0,0,PLANNER,first,on,1000,2,deterministic,20.0,1,200,lo,1.0,0.42,0.5,0.05,dead-reckoned-heading-hold,off,,,2.664,0.5374
9,bump_jump,0,0,1,1,heading-only,0.0,1.1953872442245483,1.5410751342773352,0.498786735573661,1.3279641926272039,9.265984529003935,0,roll,5.36,-29.305192238368505,-5.467386611635915,0.34706708788871765,0.03645284407174409,-0.08562031076915387,-0.475494384765625,0.0,-2.617735331287079,1,5.36,87.63511454256738,-3.894487471404652,87.63511454256738,6.171247086311484,1,0,268,0.6529850746268657,0.0,0.34701492537313433,off,5.0,legged_eval-seed2,,depth,settle,0.0,auto,hold,8.0,0.8,2.0,1.0,0,PLANNER,first,on,1000,2,deterministic,20.0,1,200,lo,1.0,0.42,0.5,0.05,dead-reckoned-heading-hold,off,,,2.663,0.5403
9,bump_jump,1,0,1,1,heading-only,0.0,0.9548164367675795,1.9178604125976477,0.09374681970609353,1.501011245234115,9.895524476342006,0,roll,11.34,-80.4531211523367,-7.0946314949150535,0.34721407294273376,-0.003984441202153479,-0.0072433498591139575,-0.0801849365234375,0.0,31.077050085475285,1,11.34,86.59541625775891,3.0316736140980023,86.59541625775891,9.146681328843716,3,8,567,0.26455026455026454,0.0,0.7354497354497355,off,5.0,legged_eval-seed2,,depth,settle,0.0,auto,hold,8.0,0.8,2.0,1.0,0,PLANNER,first,on,1000,2,deterministic,20.0,1,200,lo,1.0,0.42,0.5,0.05,dead-reckoned-heading-hold,off,,,2.678,0.5097
9,bump_jump,2,0,1,1,heading-only,0.0,1.9575912475585966,1.8162368774413977,0.9750640402626471,0.6242920099735644,8.894307297688174,1,timeout,20.0,3.573592566187955,0.17867962830939774,0.32437747716903687,0.04787956237792983,-0.009188156127930114,-0.17121124267578125,0.0,0.06513317301488454,0,20.0,12.924529842492124,18.930172475298477,13.709895577502103,21.89935347456989,0,8,1000,1.0,0.0,0.0,off,5.0,legged_eval-seed2,,depth,settle,0.0,auto,hold,8.0,0.8,2.0,1.0,0,PLANNER,first,on,1000,2,deterministic,20.0,1,200,lo,1.0,0.42,0.5,0.05,dead-reckoned-heading-hold,off,,,2.649,0.5676
9,bump_jump,3,0,0,1,heading-only,0.0,0.6455047607421989,2.4385665893554602,0.5639215618819043,0.9604700761674606,10.463690140718178,0,roll,3.14,36.69793539082215,11.687240570325526,0.34666454792022705,-0.11289657301203858,0.1396708883297644,0.429473876953125,0.0,-1.8067938023511936,1,3.14,-86.32313245263971,9.725910120020831,86.32313245263971,15.677066989392198,4,0,157,0.8089171974522293,0.0,0.1910828025477707,off,5.0,legged_eval-seed2,,depth,settle,0.0,auto,hold,8.0,0.8,2.0,1.0,0,PLANNER,first,on,1000,2,deterministic,20.0,1,200,lo,1.0,0.42,0.5,0.05,dead-reckoned-heading-hold,off,,,2.656,0.5525
9,bump_jump,4,0,1,1,heading-only,0.0,2.2137817382812557,1.560018920898429,1.2910652416328345,0.6790584608198639,9.246691901868148,0,below,10.120000000000001,-52.82948541934795,-5.2203048833347765,0.3244017958641052,0.11993890694478809,-0.04347639121557025,-0.4418487548828125,0.0,-0.7596493122458754,1,10.120000000000001,-11.971001317389218,70.75084409074607,53.04812147131715,70.75084409074607,1,8,506,0.9782608695652174,0.0,0.021739130434782608,off,5.0,legged_eval-seed2,,depth,settle,0.0,auto,hold,8.0,0.8,2.0,1.0,0,PLANNER,first,on,1000,2,deterministic,20.0,1,200,lo,1.0,0.42,0.5,0.05,dead-reckoned-heading-hold,off,,,2.65,0.5659
9,bump_jump,5,0,0,1,heading-only,0.0,0.952911376953125,2.7066024780273352,0.7081697539254422,0.8936403210585881,10.520843912065908,0,roll,2.2600000000000002,8.078316753481431,3.5744764395935533,0.3210323750972748,-0.02083567391454646,0.31265596372890936,0.6904449462890625,0.0,-2.994209986283024,1,2.2600000000000002,-89.50784439922288,0.8305855608415793,89.50784439922288,17.460830794530228,2,0,113,0.8230088495575221,0.0,0.17699115044247787,off,5.0,legged_eval-seed2,,depth,settle,0.0,auto,hold,8.0,0.8,2.0,1.0,0,PLANNER,first,on,1000,2,deterministic,20.0,1,200,lo,1.0,0.42,0.5,0.05,dead-reckoned-heading-hold,off,,,2.656,0.5536
9,bump_jump,6,0,1,1,heading-only,0.0,2.1561523437500227,1.552359008789054,1.239786553795043,0.704919426043214,9.254680002516059,0,roll,5.34,27.036154787982895,5.062950334828257,0.32585352659225464,0.21650792954120276,-0.08382790097583259,-0.4656219482421875,0.0,0.40813818410695213,1,5.34,89.35234885371186,12.2031121871197,89.35234885371186,18.45834291644975,0,8,267,1.0,0.0,0.0,off,5.0,legged_eval-seed2,,depth,settle,0.0,auto,hold,8.0,0.8,2.0,1.0,0,PLANNER,first,on,1000,2,deterministic,20.0,1,200,lo,1.0,0.42,0.5,0.05,dead-reckoned-heading-hold,off,,,2.649,0.5676
9,bump_jump,7,0,1,1,heading-only,0.0,2.001177978515642,2.0166915893554602,1.001317109521194,0.6623753829299748,9.698836384514664,1,timeout,20.0,0.9550867017877351,0.04775433508938676,0.32618504762649536,0.0500588989257821,0.0008345794677730112,0.00638580322265625,0.0,0.016649794488012456,0,20.0,1.8207284450553571,28.37917620824786,14.40359937158639,29.386539698023903,0,0,1000,1.0,0.0,0.0,off,5.0,legged_eval-seed2,,depth,settle,0.0,auto,hold,8.0,0.8,2.0,1.0,0,PLANNER,first,on,1000,2,deterministic,20.0,1,200,lo,1.0,0.42,0.5,0.05,dead-reckoned-heading-hold,off,,,2.649,0.5676
9,bump_jump,8,0,0,1,heading-only,0.0,0.8136108398437614,1.508901977539054,0.5252791512032433,0.8439830252114308,11.247116013722893,0,roll,3.52,-42.66081872804378,-12.119550775012437,0.3556935489177704,-0.052951465953476884,-0.13951648365367786,-0.48104095458984375,0.0,3.994715936145076,1,3.52,91.45200356158364,-1.3070450766596615,91.45200356158364,6.63633954327915,1,8,176,0.5965909090909091,0.0,0.4034090909090909,off,5.0,legged_eval-seed2,,depth,settle,0.0,auto,hold,8.0,0.8,2.0,1.0,0,PLANNER,first,on,1000,2,deterministic,20.0,1,200,lo,1.0,0.42,0.5,0.05,dead-reckoned-heading-hold,off,,,2.665,0.5358
9,bump_jump,9,0,1,1,heading-only,0.0,2.091772460937534,2.1436218261718665,1.1011786119492792,0.6082609804807074,9.759284396566713,1,timeout,20.0,-42.33265221258296,-2.1166326106291478,0.3239690363407135,0.05458862304687671,0.007181091308593323,0.13791656494140625,0.0,-0.6767382294812327,0,20.0,-76.36653168432464,31.80913225313414,82.22944767565755,32.03250239635349,1,8,1000,0.21,0.0,0.79,off,5.0,legged_eval-seed2,,depth,settle,0.0,auto,hold,8.0,0.8,2.0,1.0,0,PLANNER,first,on,1000,2,deterministic,20.0,1,200,lo,1.0,0.42,0.5,0.05,dead-reckoned-heading-hold,off,,,2.68,0.5054
10,sideways_ramp,0,0,0,1,heading-only,0.0,1.049722671508789,1.4292449951171875,0.5729167650372524,0.7269875845927227,9.61722860597278,0,roll,3.4,-14.911592440989494,-4.385762482643969,0.34760040044784546,0.014624315149643843,-0.16786911908318014,-0.5724639892578125,0.0,-5.234159326390207,1,3.4,88.9895845173059,2.0217743611789447,88.9895845173059,11.496424833569707,1,0,170,0.8235294117647058,0.0,0.17647058823529413,off,5.0,legged_eval-seed2,,depth,settle,0.0,auto,hold,8.0,0.8,2.0,1.0,0,PLANNER,first,on,1000,2,deterministic,20.0,1,200,lo,1.0,0.42,0.5,0.05,dead-reckoned-heading-hold,off,,,2.656,0.5537
10,sideways_ramp,1,0,1,1,heading-only,0.0,1.5083557128906264,1.443023681640625,0.7540876275617449,1.0791148585017618,9.008878376641556,0,roll,8.22,-19.907939897881135,-2.4218904985256855,0.3311847150325775,0.06184376069229031,-0.06775867619943735,-0.5662918090820312,0.0,-0.6834960042672441,1,8.22,88.3815053896304,-1.2089994268441755,88.3815053896304,15.676505484505489,1,8,411,0.9124087591240876,0.0,0.08759124087591241,off,5.0,legged_eval-seed2,,depth,settle,0.0,auto,hold,8.0,0.8,2.0,1.0,0,PLANNER,first,on,1000,2,deterministic,20.0,1,200,lo,1.0,0.42,0.5,0.05,dead-reckoned-heading-hold,off,,,2.652,0.5607
10,sideways_ramp,2,0,1,1,heading-only,0.0,2.799250793457034,2.644561767578125,1.9112203666713066,1.2423129075222543,7.926998038154973,0,roll,7.78,-29.040760778222193,-3.7327456013139066,0.3520064949989319,0.23126616882481157,0.08284855624397493,0.63201904296875,0.0,-0.2817044153639895,1,7.78,-85.98112470986882,36.4831341254432,85.98112470986882,36.4831341254432,1,8,389,0.6426735218508998,0.0,0.35732647814910024,off,5.0,legged_eval-seed2,,depth,settle,0.0,auto,hold,8.0,0.8,2.0,1.0,0,PLANNER,first,on,1000,2,deterministic,20.0,1,200,lo,1.0,0.42,0.5,0.05,dead-reckoned-heading-hold,off,,,2.663,0.5395
10,sideways_ramp,3,0,0,1,heading-only,0.0,0.8501937866211051,1.5126113891601562,0.509891713546431,0.8122781376611158,9.861857335162274,0,roll,3.6,-32.42516862542223,-9.006991284839508,0.3469979465007782,-0.04161283704969302,-0.13538572523328993,-0.500640869140625,0.0,3.77772016436076,1,3.6,86.34668983936805,-1.9354006085086441,86.34668983936805,10.668989487916555,1,8,180,0.5277777777777778,0.0,0.4722222222222222,off,5.0,legged_eval-seed2,,depth,settle,0.0,auto,hold,8.0,0.8,2.0,1.0,0,PLANNER,first,on,1000,2,deterministic,20.0,1,200,lo,1.0,0.42,0.5,0.05,dead-reckoned-heading-hold,off,,,2.668,0.5304
10,sideways_ramp,4,0,0,1,heading-only,0.0,0.6740783691406307,1.4646453857421875,0.6267610968057624,0.9842515447427713,10.040204634923569,0,roll,2.52,-40.42043729249227,-16.03985606844931,0.3473888337612152,-0.12933398049974973,-0.2124423072451637,-0.5299530029296875,0.0,2.1645378798263706,1,2.52,90.55213284706414,-1.0375063959313762,90.55213284706414,5.878347532472828,1,8,126,0.5158730158730159,0.0,0.48412698412698413,off,5.0,legged_eval-seed2,,depth,settle,0.0,auto,hold,8.0,0.8,2.0,1.0,0,PLANNER,first,on,1000,2,deterministic,20.0,1,200,lo,1.0,0.42,0.5,0.05,dead-reckoned-heading-hold,off,,,2.668,0.5295
10,sideways_ramp,5,0,1,1,heading-only,0.0,1.831207275390625,1.6340866088867188,0.908183981612937,0.5943649730291214,8.926295775647429,0,roll,6.38,-146.94819260248545,-23.032632069355085,0.349110871553421,0.13028327200480017,-0.05735319609926039,-0.38665771484375,0.0,-3.0855478130444105,1,6.38,-86.3095477023757,6.961378201955632,86.3095477023757,37.546719864799414,1,8,319,0.4231974921630094,0.0,0.5768025078369906,off,5.0,legged_eval-seed2,,depth,settle,0.0,auto,hold,8.0,0.8,2.0,1.0,0,PLANNER,first,on,1000,2,deterministic,20.0,1,200,lo,1.0,0.42,0.5,0.05,dead-reckoned-heading-hold,off,,,2.672,0.5222
10,sideways_ramp,6,0,0,1,heading-only,0.0,1.0621887207031477,1.3397293090820312,0.6631928997418367,0.7922348777760534,9.85994361811191,0,roll,2.66,-0.42753237233313257,-0.16072645576433556,0.3326503038406372,0.023379218309454036,-0.24822206425487545,-0.6782684326171875,0.0,-0.1199871531638982,1,2.66,93.4308056967885,-3.8303709996272137,93.4308056967885,13.682575129311774,1,8,133,0.6015037593984962,0.0,0.39849624060150374,off,5.0,legged_eval-seed2,,depth,settle,0.0,auto,hold,8.0,0.8,2.0,1.0,0,PLANNER,first,on,1000,2,deterministic,20.0,1,200,lo,1.0,0.42,0.5,0.05,dead-reckoned-heading-hold,off,,,2.665,0.5362
10,sideways_ramp,7,0,0,1,heading-only,0.0,0.7106658935547046,1.5261611938476562,0.5551913538307094,0.9206364895080313,10.300238811225384,0,roll,3.96,-30.716557157053188,-7.756706352791209,0.34885478019714355,-0.07306416829426653,-0.11965626417988479,-0.46439361572265625,0.0,1.8528927123528343,1,3.96,91.40600213979761,3.012594949503583,91.40600213979761,6.236088788144126,3,8,198,0.45454545454545453,0.0,0.5454545454545454,off,5.0,legged_eval-seed2,,depth,settle,0.0,auto,hold,8.0,0.8,2.0,1.0,0,PLANNER,first,on,1000,2,deterministic,20.0,1,200,lo,1.0,0.42,0.5,0.05,dead-reckoned-heading-hold,off,,,2.671,0.5247
10,sideways_ramp,8,0,1,1,heading-only,0.0,1.6288574218750114,2.528228759765625,0.8212717453381776,0.8582138855370832,9.236259852816698,0,roll,11.4,3.448236003548743,0.3024768424165564,0.32811933755874634,0.05516293174342205,0.046335856119791664,0.5319137573242188,0.0,0.095702252297975,1,11.4,-90.35629371578509,-6.064699581119712,90.35629371578509,18.98357928578976,2,8,570,0.9736842105263158,0.0,0.02631578947368421,off,5.0,legged_eval-seed2,,depth,settle,0.0,auto,hold,8.0,0.8,2.0,1.0,0,PLANNER,first,on,1000,2,deterministic,20.0,1,200,lo,1.0,0.42,0.5,0.05,dead-reckoned-heading-hold,off,,,2.65,0.5655
10,sideways_ramp,9,0,0,1,heading-only,0.0,1.279241943359409,1.32781982421875,0.7278751621290918,0.7075028680401533,9.943503738980153,0,roll,3.08,5.305764812984535,1.722650913306667,0.32926055788993835,0.09066296862318478,-0.21824031681209416,-0.6924972534179688,0.0,0.33162305135462034,1,3.08,89.62677942011354,3.9512942653135754,89.62677942011354,12.749538499980272,1,8,154,0.9415584415584416,0.0,0.05844155844155844,off,5.0,legged_eval-seed2,,depth,settle,0.0,auto,hold,8.0,0.8,2.0,1.0,0,PLANNER,first,on,1000,2,deterministic,20.0,1,200,lo,1.0,0.42,0.5,0.05,dead-reckoned-heading-hold,off,,,2.651,0.563
11,stepping_stones_cylinder,0,0,1,1,heading-only,0.0,1.9988867044448853,2.393479919433588,1.0735926114286678,0.40456578492391915,4.518279246175527,0,roll,5.94,-12.928430999508208,-2.176503535270742,0.33269521594047546,0.16816274485604127,0.06624241067905523,0.38703155517578125,0.0,-0.22589517615385357,1,5.94,-90.21307207030121,11.748038202924345,90.21307207030121,25.154336941572808,0,8,297,1.0,0.0,0.0,off,5.0,legged_eval-seed2,,depth,settle,0.0,auto,hold,8.0,0.8,2.0,1.0,0,PLANNER,first,on,1000,2,deterministic,20.0,1,200,lo,1.0,0.42,0.5,0.05,dead-reckoned-heading-hold,off,,,2.649,0.5676
11,stepping_stones_cylinder,1,0,1,1,heading-only,0.0,2.072293853759767,1.485185241699213,1.1894739779311148,0.7310435367190862,4.358219214721739,0,roll,5.42,17.36959760885253,3.2047228060613526,0.3251868188381195,0.19784019442062123,-0.09498427274922268,-0.5251846313476562,0.0,0.2827179014018008,1,5.42,90.32631281632663,0.5699803717190144,90.32631281632663,15.583430743561442,0,8,271,1.0,0.0,0.0,off,5.0,legged_eval-seed2,,depth,settle,0.0,auto,hold,8.0,0.8,2.0,1.0,0,PLANNER,first,on,1000,2,deterministic,20.0,1,200,lo,1.0,0.42,0.5,0.05,dead-reckoned-heading-hold,off,,,2.649,0.5676
11,stepping_stones_cylinder,2,0,2,1,heading-only,0.0,2.202296447753909,2.527169799804682,1.312792727778371,0.7410007761127368,3.9331922123153173,0,roll,8.02,9.031634960910708,1.126139022557445,0.32963332533836365,0.14991227528103607,0.0657318952374915,0.5199508666992188,0.0,0.1311089018025494,1,8.02,-88.14167190670446,0.5526993258628642,88.14167190670446,25.077533860458296,1,8,401,0.9975062344139651,0.0,0.0024937655860349127,off,5.0,legged_eval-seed2,,depth,settle,0.0,auto,hold,8.0,0.8,2.0,1.0,0,PLANNER,first,on,1000,2,deterministic,20.0,1,200,lo,1.0,0.42,0.5,0.05,dead-reckoned-heading-hold,off,,,2.649,0.5674
11,stepping_stones_cylinder,3,0,0,1,heading-only,0.0,0.8827713012695426,1.3993927001953068,0.6119409255677553,0.8612202941844661,5.00340784606553,0,roll,2.98,-17.736895137061452,-5.951978233913239,0.33229824900627136,-0.039338489506864895,-0.20154607375996417,-0.599853515625,0.0,2.6407118954248365,1,2.98,92.62923745113352,-2.8724622530881447,92.62923745113352,7.122961469654083,1,0,149,0.436241610738255,0.0,0.5637583892617449,off,5.0,legged_eval-seed2,,depth,settle,0.0,auto,hold,8.0,0.8,2.0,1.0,0,PLANNER,first,on,1000,2,deterministic,20.0,1,200,lo,1.0,0.42,0.5,0.05,dead-reckoned-heading-hold,off,,,2.671,0.5232
11,stepping_stones_cylinder,4,0,1,1,heading-only,0.0,2.1204284667968807,2.5579772949218693,1.2516783176428101,0.453132726928095,3.870007337146524,0,roll,4.68,-28.034906227007582,-5.990364578420424,0.32212862372398376,0.23940779205061555,0.11922591771834815,0.5420455932617188,0.0,-0.436709199783164,1,4.68,-86.56726705948768,3.7123243199170797,86.56726705948768,12.225362489367592,1,8,234,0.8974358974358975,0.0,0.10256410256410256,off,5.0,legged_eval-seed2,,depth,settle,0.0,auto,hold,8.0,0.8,2.0,1.0,0,PLANNER,first,on,1000,2,deterministic,20.0,1,200,lo,1.0,0.42,0.5,0.05,dead-reckoned-heading-hold,off,,,2.653,0.5595
11,stepping_stones_cylinder,5,0,0,1,heading-only,0.0,1.2203826904296875,2.680215454101557,0.71502558991942,0.7354446979956597,4.976325942180022,0,roll,3.22,-0.8611176703918773,-0.26742784794778796,0.32120415568351746,0.0684418293259899,0.21124703543526607,0.6579437255859375,0.0,-0.06819654740641538,1,3.22,-87.50676839227657,2.3382513898358215,87.50676839227657,11.412460242207146,1,8,161,0.8074534161490683,0.0,0.19254658385093168,off,5.0,legged_eval-seed2,,depth,settle,0.0,auto,hold,8.0,0.8,2.0,1.0,0,PLANNER,first,on,1000,2,deterministic,20.0,1,200,lo,1.0,0.42,0.5,0.05,dead-reckoned-heading-hold,off,,,2.656,0.5524
11,stepping_stones_cylinder,6,0,1,1,heading-only,0.0,1.6652770996093977,1.5437561035156193,0.8066920802536386,0.8186130854141295,4.408395786030234,0,roll,5.9,9.586833583810062,1.6248870481034003,0.35018646717071533,0.1127588304422708,-0.0773294739804035,-0.4448089599609375,0.0,0.25150694496547754,1,5.9,91.08336886014442,0.8355708931889523,91.08336886014442,9.48050498526153,5,8,295,0.847457627118644,0.0,0.15254237288135594,off,5.0,legged_eval-seed2,,depth,settle,0.0,auto,hold,8.0,0.8,2.0,1.0,0,PLANNER,first,on,1000,2,deterministic,20.0,1,200,lo,1.0,0.42,0.5,0.05,dead-reckoned-heading-hold,off,,,2.655,0.5556
11,stepping_stones_cylinder,7,0,0,1,heading-only,0.0,0.8475372314453296,1.4816299438476506,0.5403262078696025,0.8333157741609212,4.830357767129598,0,roll,2.86,-37.91669852323761,-13.257586896236928,0.33854132890701294,-0.053308660333800856,-0.18124827138194036,-0.5048294067382812,0.0,4.340543183034674,1,2.86,92.00766950101081,1.2966270934115776,92.00766950101081,7.524084461992921,2,8,143,0.4755244755244755,0.0,0.5244755244755245,off,5.0,legged_eval-seed2,,depth,settle,0.0,auto,hold,8.0,0.8,2.0,1.0,0,PLANNER,first,on,1000,2,deterministic,20.0,1,200,lo,1.0,0.42,0.5,0.05,dead-reckoned-heading-hold,off,,,2.67,0.5263
11,stepping_stones_cylinder,8,0,1,1,heading-only,0.0,1.4076354980468864,2.5915542602539006,0.7184031890884621,0.9370202253249876,4.184390052309404,0,roll,4.04,-6.1601333440707435,-1.5247854812056296,0.34333786368370056,0.10089987575417979,0.14642432184502488,0.5842742919921875,0.0,-0.2637518315530921,1,4.04,-88.4870373330676,-5.866899121123058,88.4870373330676,15.313775486195874,1,8,202,0.693069306930693,0.0,0.3069306930693069,off,5.0,legged_eval-seed2,,depth,settle,0.0,auto,hold,8.0,0.8,2.0,1.0,0,PLANNER,first,on,1000,2,deterministic,20.0,1,200,lo,1.0,0.42,0.5,0.05,dead-reckoned-heading-hold,off,,,2.661,0.5434
11,stepping_stones_cylinder,9,0,1,1,heading-only,0.0,2.670507812500034,3.3508850097656193,2.148368371865753,1.3398336849941257,3.31703379900367,0,roll,5.6000000000000005,-35.636897921403374,-6.3637317716791735,0.3216037154197693,0.2983049665178632,0.24122946602957485,1.3312301635742188,0.0,-0.3723306166373284,1,5.6000000000000005,-87.57724988975299,14.432858451615063,87.57724988975299,14.432858451615063,0,8,280,1.0,0.0,0.0,off,5.0,legged_eval-seed2,,depth,settle,0.0,auto,hold,8.0,0.8,2.0,1.0,0,PLANNER,first,on,1000,2,deterministic,20.0,1,200,lo,1.0,0.42,0.5,0.05,dead-reckoned-heading-hold,off,,,2.649,0.5676
12,stepping_stones_randomly_arranged,0,0,0,1,heading-only,0.0,1.2808159589767456,1.4910461425781136,0.5812844671936858,0.55414409030856,5.144422151695154,0,roll,2.64,26.168344272057908,9.912251618203753,0.35984742641448975,0.10636968143058545,-0.19278555205374484,-0.51312255859375,0.0,1.6264167072521352,1,2.64,88.83326663368204,-2.1151650159980706,88.83326663368204,12.205451550649606,4,0,132,0.7727272727272727,0.0,0.22727272727272727,off,5.0,legged_eval-seed2,,depth,settle,0.0,auto,hold,8.0,0.8,2.0,1.0,0,PLANNER,first,on,1000,2,deterministic,20.0,1,200,lo,1.0,0.42,0.5,0.05,dead-reckoned-heading-hold,off,,,2.658,0.5497
12,stepping_stones_randomly_arranged,1,0,1,1,heading-only,0.0,1.4684654235839858,1.4615737915038949,0.713696458649764,0.9011731843057029,4.662726167654774,0,roll,6.18,-7.1659752845958735,-1.1595429263100119,0.35423779487609863,0.07580346659935046,-0.08712398195729856,-0.5077133178710938,0.0,-0.2669777886186158,1,6.18,92.07140650816466,0.3678332879196193,92.07140650816466,8.615551698693453,6,0,309,0.8220064724919094,0.0,0.1779935275080906,off,5.0,legged_eval-seed2,,depth,settle,0.0,auto,hold,8.0,0.8,2.0,1.0,0,PLANNER,first,on,1000,2,deterministic,20.0,1,200,lo,1.0,0.42,0.5,0.05,dead-reckoned-heading-hold,off,,,2.656,0.5536
12,stepping_stones_randomly_arranged,2,0,0,1,heading-only,0.0,1.160060119628909,2.6854431152343636,0.7038831622633189,0.7651087416105639,4.987267617233196,0,roll,5.04,-6.759268232509271,-1.341124649307395,0.3481663465499878,0.03175796024383117,0.13600061810205627,0.6463775634765625,0.0,-0.7370448426269769,1,5.04,-89.2220334195251,-1.2926049499001777,89.2220334195251,14.994148460435131,9,0,252,0.753968253968254,0.0,0.24603174603174602,off,5.0,legged_eval-seed2,,depth,settle,0.0,auto,hold,8.0,0.8,2.0,1.0,0,PLANNER,first,on,1000,2,deterministic,20.0,1,200,lo,1.0,0.42,0.5,0.05,dead-reckoned-heading-hold,off,,,2.659,0.5482
12,stepping_stones_randomly_arranged,3,0,0,1,heading-only,0.0,0.8133972167968864,2.5786315917968636,0.6079762476647591,0.8979075124575103,5.318174828491088,0,roll,2.12,32.4372407319768,15.300585250932452,0.3291581869125366,-0.08802018075618567,0.2729394300928602,0.577850341796875,0.0,-3.033913220998325,1,2.12,-87.09806147353703,2.254241043645378,87.09806147353703,11.219051539694856,2,0,106,0.8113207547169812,0.0,0.18867924528301888,off,5.0,legged_eval-seed2,,depth,settle,0.0,auto,hold,8.0,0.8,2.0,1.0,0,PLANNER,first,on,1000,2,deterministic,20.0,1,200,lo,1.0,0.42,0.5,0.05,dead-reckoned-heading-hold,off,,,2.656,0.5527
12,stepping_stones_randomly_arranged,4,0,0,1,heading-only,0.0,1.2442230224609432,2.5933944702148324,0.6416867475501579,0.6461724688661354,4.9911764593518,0,roll,3.3000000000000003,-7.823301176266966,-2.3706973261415047,0.3389308452606201,0.07400697650331611,0.17981650612570677,0.612030029296875,0.0,-0.559088830058354,1,3.3000000000000003,-89.39611894545837,-0.07064769340068791,89.39611894545837,10.044257939629992,4,0,165,0.8181818181818182,0.0,0.18181818181818182,off,5.0,legged_eval-seed2,,depth,settle,0.0,auto,hold,8.0,0.8,2.0,1.0,0,PLANNER,first,on,1000,2,deterministic,20.0,1,200,lo,1.0,0.42,0.5,0.05,dead-reckoned-heading-hold,off,,,2.656,0.5533
12,stepping_stones_randomly_arranged,5,0,1,1,heading-only,0.0,1.1511383056640625,2.5873291015624886,0.6064637342671065,1.0116994209035506,4.884302939452116,0,roll,4.14,18.295587463491074,4.4192240249978445,0.3283570110797882,0.03650683711692331,0.1418669327445625,0.5806350708007812,0.0,2.11275519082681,1,4.14,-87.74651808582189,2.125555201211291,87.74651808582189,16.77659634561354,1,8,207,0.9420289855072463,0.0,0.057971014492753624,off,5.0,legged_eval-seed2,,depth,settle,0.0,auto,hold,8.0,0.8,2.0,1.0,0,PLANNER,first,on,1000,2,deterministic,20.0,1,200,lo,1.0,0.42,0.5,0.05,dead-reckoned-heading-hold,off,,,2.651,0.563
12,stepping_stones_randomly_arranged,6,0,0,1,heading-only,0.0,1.0344940185547102,2.74163360595702,0.7424353458725311,0.8756233346857282,4.971138648147838,0,roll,3.46,2.4304973293261867,0.7024558755277996,0.3365364670753479,0.009969369524482727,0.21434497281994794,0.7190170288085938,0.0,1.2297836736647292,1,3.46,-88.15607730405377,-0.19533316902432946,88.15607730405377,42.21894390179934,1,0,173,0.8092485549132948,0.0,0.1907514450867052,off,5.0,legged_eval-seed2,,depth,settle,0.0,auto,hold,8.0,0.8,2.0,1.0,0,PLANNER,first,on,1000,2,deterministic,20.0,1,200,lo,1.0,0.42,0.5,0.05,dead-reckoned-heading-hold,off,,,2.656,0.5526
12,stepping_stones_randomly_arranged,7,0,0,1,heading-only,0.0,1.311114501953142,1.3703567504882699,0.7023125052149096,0.6573647032113151,4.6318809069146525,0,roll,3.0,0.03406046152466047,0.011353487174886823,0.3283154368400574,0.10370483398438068,-0.20988108317057672,-0.6641998291015625,0.0,0.0019107665975779797,1,3.0,86.49378251787111,0.28071421781214384,86.49378251787111,7.640439054252214,3,0,150,0.8333333333333334,0.0,0.16666666666666666,off,5.0,legged_eval-seed2,,depth,settle,0.0,auto,hold,8.0,0.8,2.0,1.0,0,PLANNER,first,on,1000,2,deterministic,20.0,1,200,lo,1.0,0.42,0.5,0.05,dead-reckoned-heading-hold,off,,,2.655,0.5545
12,stepping_stones_randomly_arranged,8,0,2,1,heading-only,0.0,2.2823608398437614,2.9080001831054574,1.5712777144999992,0.9086794459019613,3.8755088922182126,0,roll,6.66,-34.01080692237494,-5.106727766122363,0.3426138162612915,0.1925466726492134,0.13633636382964825,0.9078750610351562,0.0,-0.4628966696517686,1,6.66,-89.41488325376912,8.314508153343152,89.41488325376912,18.148604706508518,2,8,333,0.954954954954955,0.0,0.04504504504504504,off,5.0,legged_eval-seed2,,depth,settle,0.0,auto,hold,8.0,0.8,2.0,1.0,0,PLANNER,first,on,1000,2,deterministic,20.0,1,200,lo,1.0,0.42,0.5,0.05,dead-reckoned-heading-hold,off,,,2.65,0.564
12,stepping_stones_randomly_arranged,9,0,1,1,heading-only,0.0,1.516821289062534,1.5535614013671761,0.6829433850455681,0.8188195586743604,4.206933746802959,0,roll,7.6000000000000005,-6.530288235915663,-0.8592484520941661,0.343510240316391,0.06800280119243869,-0.05874192087273998,-0.43865203857421875,0.0,-0.22053083577056332,1,7.6000000000000005,89.65165402439834,1.5587194317761803,89.65165402439834,11.195245789415276,1,8,380,0.9342105263157895,0.0,0.06578947368421052,off,5.0,legged_eval-seed2,,depth,settle,0.0,auto,hold,8.0,0.8,2.0,1.0,0,PLANNER,first,on,1000,2,deterministic,20.0,1,200,lo,1.0,0.42,0.5,0.05,dead-reckoned-heading-hold,off,,,2.651,0.5624
13,staircase_walking_full_width,0,0,0,1,heading-only,0.0,1.767507553100586,2.5573394775390597,0.9485226076852152,0.6038874324646845,13.99359576094803,0,roll,6.0,-12.350358120910187,-2.058393020151698,0.34019118547439575,0.1279179255167643,0.09288991292317661,0.537139892578125,0.0,-0.28084989149553446,1,6.0,-90.8617070312396,-9.746556231363341,90.8617070312396,9.746556231363341,1,8,300,0.7,0.0,0.3,off,5.0,legged_eval-seed2,,depth,settle,0.0,auto,hold,8.0,0.8,2.0,1.0,0,PLANNER,first,on,1000,2,deterministic,20.0,1,200,lo,1.0,0.42,0.5,0.05,dead-reckoned-heading-hold,off,,,2.661,0.544
13,staircase_walking_full_width,1,0,0,1,heading-only,0.0,1.385507202148439,1.454655456542966,0.6678446480931612,0.8215850958298845,14.374841008185367,0,roll,6.74,-27.1150218651467,-4.0230002767279975,0.34532949328422546,0.05719691426534702,-0.08091165333190417,-0.5665435791015625,0.0,-1.227594207474342,1,6.74,90.41130216354888,1.0797595056896663,90.41130216354888,9.583912670627752,1,8,337,0.8011869436201781,0.0,0.19881305637982197,off,5.0,legged_eval-seed2,,depth,settle,0.0,auto,hold,8.0,0.8,2.0,1.0,0,PLANNER,first,on,1000,2,deterministic,20.0,1,200,lo,1.0,0.42,0.5,0.05,dead-reckoned-heading-hold,off,,,2.657,0.5519
13,staircase_walking_full_width,2,0,0,1,heading-only,0.0,1.5810882568359403,2.6720245361328097,0.8884146213323765,0.7918989996996265,11.438669606878877,0,roll,6.54,25.811752653016413,3.946751170185996,0.35298243165016174,0.0888514154183395,0.10275604528024612,0.668426513671875,0.0,0.7752696155976669,1,6.54,-89.9658385111826,-4.430619256484761,89.9658385111826,24.752878319187012,2,8,327,0.9388379204892966,0.0,0.06116207951070336,off,5.0,legged_eval-seed2,,depth,settle,0.0,auto,hold,8.0,0.8,2.0,1.0,0,PLANNER,first,on,1000,2,deterministic,20.0,1,200,lo,1.0,0.42,0.5,0.05,dead-reckoned-heading-hold,off,,,2.651,0.5628
13,staircase_walking_full_width,3,0,0,1,heading-only,0.0,0.9920089721679801,2.616398620605466,0.6164504165057667,1.1815215493905191,12.02380122024556,0,roll,2.9,12.565126060178699,4.332802089716793,0.34938526153564453,-0.0027555268386275453,0.21255124848464343,0.6114883422851562,0.0,-27.44363119341415,1,2.9,-87.49449350773935,12.464485393208998,87.49449350773935,18.85465581795974,2,8,145,0.896551724137931,0.0,0.10344827586206896,off,5.0,legged_eval-seed2,,depth,settle,0.0,auto,hold,8.0,0.8,2.0,1.0,0,PLANNER,first,on,1000,2,deterministic,20.0,1,200,lo,1.0,0.42,0.5,0.05,dead-reckoned-heading-hold,off,,,2.653,0.5594
13,staircase_walking_full_width,4,0,0,1,heading-only,0.0,1.0580200195312557,1.4226501464843722,0.5802578530454578,1.1048344387094442,11.955928182590876,0,roll,2.68,-11.227381843132918,-4.189321583258551,0.3425467014312744,0.021649261019125253,-0.2154290498192641,-0.5879364013671875,0.0,-3.377364935834554,1,2.68,87.56418138693519,6.263698312245696,87.56418138693519,14.310214619278259,3,8,134,0.7835820895522388,0.0,0.21641791044776118,off,5.0,legged_eval-seed2,,depth,settle,0.0,auto,hold,8.0,0.8,2.0,1.0,0,PLANNER,first,on,1000,2,deterministic,20.0,1,200,lo,1.0,0.42,0.5,0.05,dead-reckoned-heading-hold,off,,,2.657,0.5505
13,staircase_walking_full_width,5,0,0,1,heading-only,0.0,1.1126861572265625,1.7992752075195284,0.230192554933512,0.9097341907907457,11.889008404358595,0,roll,10.94,-66.79063599568013,-6.105176964870213,0.35097038745880127,0.010300380002428017,-0.018347787246843838,-0.1773223876953125,0.0,-10.344806640995968,1,10.94,86.00061580670572,1.4272453226225945,86.00061580670572,12.186175589137308,5,8,547,0.5575868372943327,0.0,0.4424131627056673,off,5.0,legged_eval-seed2,,depth,settle,0.0,auto,hold,8.0,0.8,2.0,1.0,0,PLANNER,first,on,1000,2,deterministic,20.0,1,200,lo,1.0,0.42,0.5,0.05,dead-reckoned-heading-hold,off,,,2.666,0.5328
13,staircase_walking_full_width,6,0,0,1,heading-only,0.0,1.3720031738281477,2.682446289062497,0.7772511169457323,0.9274227467218459,11.648005972136083,0,roll,8.16,26.130786450287815,3.202302261064683,0.33652758598327637,0.045588624243645556,0.08363312365961975,0.6447677612304688,0.0,1.2259794856044193,1,8.16,-93.45251585025252,0.9249987503433305,93.45251585025252,15.57471847991123,3,8,408,0.9313725490196079,0.0,0.06862745098039216,off,5.0,legged_eval-seed2,,depth,settle,0.0,auto,hold,8.0,0.8,2.0,1.0,0,PLANNER,first,on,1000,2,deterministic,20.0,1,200,lo,1.0,0.42,0.5,0.05,dead-reckoned-heading-hold,off,,,2.651,0.5622
13,staircase_walking_full_width,7,0,0,1,heading-only,0.0,1.486285400390642,2.6040542602539034,0.7754708504927684,0.7929591661508766,11.529549229288538,0,roll,7.640000000000001,20.85817495711936,2.7301276121883977,0.32603925466537476,0.06364992151709974,0.07906469375051091,0.5950164794921875,0.0,0.748621753123406,1,7.640000000000001,-88.44189100207186,-1.3807129908652476,88.44189100207186,14.756625339670135,3,8,382,0.8900523560209425,0.0,0.1099476439790576,off,5.0,legged_eval-seed2,,depth,settle,0.0,auto,hold,8.0,0.8,2.0,1.0,0,PLANNER,first,on,1000,2,deterministic,20.0,1,200,lo,1.0,0.42,0.5,0.05,dead-reckoned-heading-hold,off,,,2.653,0.5589
13,staircase_walking_full_width,8,0,0,1,heading-only,0.0,0.7792785644531364,2.556401062011716,0.5985817353692255,1.3415449917954152,9.487051525713065,0,roll,1.86,20.549838708602664,11.048300380969174,0.3155484199523926,-0.11866743846605571,0.2991403559202774,0.5619125366210938,0.0,-1.6249547549845689,1,1.86,-89.9648780046099,0.817416484973594,89.9648780046099,18.436972061458945,1,8,93,0.8602150537634409,0.0,0.13978494623655913,off,5.0,legged_eval-seed2,,depth,settle,0.0,auto,hold,8.0,0.8,2.0,1.0,0,PLANNER,first,on,1000,2,deterministic,20.0,1,200,lo,1.0,0.42,0.5,0.05,dead-reckoned-heading-hold,off,,,2.654,0.5566
13,staircase_walking_full_width,9,0,0,1,heading-only,0.0,1.501715087890659,1.4262817382812472,0.7621487212130709,0.7598950568765407,8.767077138206869,0,roll,6.46,-10.860327504477851,-1.6811652483711845,0.3388797640800476,0.07766487428647974,-0.08881087642705153,-0.5767898559570312,0.0,-0.37780102168134677,1,6.46,90.37250972078256,-1.2502308633150685,90.37250972078256,8.97400639075617,1,8,323,0.8204334365325078,0.0,0.17956656346749225,off,5.0,legged_eval-seed2,,depth,settle,0.0,auto,hold,8.0,0.8,2.0,1.0,0,PLANNER,first,on,1000,2,deterministic,20.0,1,200,lo,1.0,0.42,0.5,0.05,dead-reckoned-heading-hold,off,,,2.656,0.5534
14,staircase_walking,0,0,0,1,heading-only,0.0,1.1905308961868286,1.3283981323242102,0.6981053581425695,0.7394729169351211,4.361487478531368,0,roll,3.24,0.2695974732395996,0.08320909667888876,0.3461659252643585,0.05880583215642858,-0.20728452706042894,-0.6602401733398438,0.0,0.024696065873087505,1,3.24,89.92227958894398,-0.11211134710264323,89.92227958894398,8.954351305639115,1,0,162,0.6790123456790124,0.0,0.32098765432098764,off,5.0,legged_eval-seed2,,depth,settle,0.0,auto,hold,8.0,0.8,2.0,1.0,0,PLANNER,first,on,1000,2,deterministic,20.0,1,200,lo,1.0,0.42,0.5,0.05,dead-reckoned-heading-hold,off,,,2.662,0.5423
14,staircase_walking,1,0,1,1,heading-only,0.0,1.679421997070314,1.3249572753906165,0.9577561955691405,0.8838789156186999,3.8797550124354823,0,roll,7.42,-10.276711256229532,-1.3850015170120664,0.3290545642375946,0.09156630688279163,-0.09097610843792231,-0.6730728149414062,0.0,-0.2639927003708795,1,7.42,86.25717963665197,-0.4568988935658731,86.25717963665197,11.252132413777879,4,0,371,0.9191374663072777,0.0,0.08086253369272237,off,5.0,legged_eval-seed2,,depth,settle,0.0,auto,hold,8.0,0.8,2.0,1.0,0,PLANNER,first,on,1000,2,deterministic,20.0,1,200,lo,1.0,0.42,0.5,0.05,dead-reckoned-heading-hold,off,,,2.652,0.5612
14,staircase_walking,2,0,0,1,heading-only,0.0,1.2088653564453153,2.6690200805663977,0.7008656114577873,0.729621305115731,4.3429741419119985,0,roll,4.34,6.080845784318598,1.4011165401655756,0.334797739982605,0.04812565816712335,0.154152092296405,0.655914306640625,0.0,0.508130127698623,1,4.34,-92.87656252741077,-14.091167604041402,92.87656252741077,20.442964195143333,4,8,217,0.7695852534562212,0.0,0.2304147465437788,off,5.0,legged_eval-seed2,,depth,settle,0.0,auto,hold,8.0,0.8,2.0,1.0,0,PLANNER,first,on,1000,2,deterministic,20.0,1,200,lo,1.0,0.42,0.5,0.05,dead-reckoned-heading-hold,off,,,2.658,0.5494
14,staircase_walking,3,0,0,1,heading-only,0.0,0.9837921142578239,1.4716018676757727,0.5286466511801272,0.7386982926378937,4.54701421302854,0,roll,4.22,-21.849252072717974,-5.177547884530326,0.3332250416278839,-0.00384073121852515,-0.12521282756498278,-0.535247802734375,0.0,23.528138946266033,1,4.22,86.04151843224496,2.6758516545025377,86.04151843224496,14.332341880502456,1,8,211,0.8293838862559242,0.0,0.17061611374407584,off,5.0,legged_eval-seed2,,depth,settle,0.0,auto,hold,8.0,0.8,2.0,1.0,0,PLANNER,first,on,1000,2,deterministic,20.0,1,200,lo,1.0,0.42,0.5,0.05,dead-reckoned-heading-hold,off,,,2.656,0.5541
14,staircase_walking,4,0,0,1,heading-only,0.0,1.1391510009765682,1.365713500976554,0.6493707445798593,0.7297474651820537,4.1100868550084115,0,roll,2.18,13.733003643087557,6.299542955544751,0.31940892338752747,0.06383073439292118,-0.2909571096437826,-0.6558837890625,0.0,1.722489440091165,1,2.18,86.1772516372944,0.8606516179971128,86.1772516372944,12.369685560031295,0,8,109,1.0,0.0,0.0,off,5.0,legged_eval-seed2,,depth,settle,0.0,auto,hold,8.0,0.8,2.0,1.0,0,PLANNER,first,on,1000,2,deterministic,20.0,1,200,lo,1.0,0.42,0.5,0.05,dead-reckoned-heading-hold,off,,,2.649,0.5676
14,staircase_walking,5,0,1,1,heading-only,0.0,1.7744903564453125,1.5397094726562415,0.9009454377425875,0.6440701114771293,3.4562962384101974,0,roll,5.76,13.817666582580188,2.398900448364616,0.35192763805389404,0.13446013132731122,-0.07991154988606919,-0.48081207275390625,0.0,0.3113838342877366,1,5.76,86.39265511562498,-3.2020467630028584,86.39265511562498,8.854377760052062,2,8,288,0.9479166666666666,0.0,0.052083333333333336,off,5.0,legged_eval-seed2,,depth,settle,0.0,auto,hold,8.0,0.8,2.0,1.0,0,PLANNER,first,on,1000,2,deterministic,20.0,1,200,lo,1.0,0.42,0.5,0.05,dead-reckoned-heading-hold,off,,,2.651,0.5635
14,staircase_walking,6,0,1,1,heading-only,0.0,1.4240966796875227,1.3639358520507727,0.7644838742762059,1.022753014561149,3.829102177358693,0,roll,8.06,-25.61492006942197,-3.178029785288085,0.3526681065559387,0.05261745405552391,-0.0789161473882416,-0.6463851928710938,0.0,-1.0541574934658486,1,8.06,89.3944787747338,-0.01801415216703476,89.3944787747338,11.819273065504158,3,8,403,0.8808933002481389,0.0,0.11910669975186104,off,5.0,legged_eval-seed2,,depth,settle,0.0,auto,hold,8.0,0.8,2.0,1.0,0,PLANNER,first,on,1000,2,deterministic,20.0,1,200,lo,1.0,0.42,0.5,0.05,dead-reckoned-heading-hold,off,,,2.653,0.5582
14,staircase_walking,7,0,1,1,heading-only,0.0,1.546008300781267,2.4181503295898352,0.6877316065574814,0.7974204823955944,3.6778397240901644,0,roll,3.66,-39.65387275298016,-10.834391462562886,0.34322598576545715,0.14918259584187624,0.11424872393164896,0.4203643798828125,0.0,-1.2675460056487786,1,3.66,-89.73926583988775,7.438085404029044,89.73926583988775,10.721274935183915,1,8,183,0.4098360655737705,0.0,0.5901639344262295,off,5.0,legged_eval-seed2,,depth,settle,0.0,auto,hold,8.0,0.8,2.0,1.0,0,PLANNER,first,on,1000,2,deterministic,20.0,1,200,lo,1.0,0.42,0.5,0.05,dead-reckoned-heading-hold,off,,,2.672,0.5211
14,staircase_walking,8,0,1,1,heading-only,0.0,0.9061401367187614,1.5007156372070227,0.5080300668904962,1.4102043163683258,4.322790464552622,0,roll,4.42,-42.94161492296212,-9.715297493882831,0.3433357775211334,-0.021235263185800594,-0.11296026307533423,-0.49295806884765625,0.0,7.985016601649258,1,4.42,91.18552740687781,3.5396264466297427,91.18552740687781,14.954843268056882,1,8,221,0.4751131221719457,0.0,0.5248868778280543,off,5.0,legged_eval-seed2,,depth,settle,0.0,auto,hold,8.0,0.8,2.0,1.0,0,PLANNER,first,on,1000,2,deterministic,20.0,1,200,lo,1.0,0.42,0.5,0.05,dead-reckoned-heading-hold,off,,,2.67,0.5263
14,staircase_walking,9,0,1,1,heading-only,0.0,1.431646728515659,1.422964477539054,0.7206170220165827,0.9810093819922006,3.8122770587784442,0,roll,3.66,-2.4762466990630116,-0.676570136356014,0.3460972309112549,0.11793626462176478,-0.1576599788144661,-0.61077880859375,0.0,-0.1001250678741629,1,3.66,93.2313241493853,0.6764219771287264,93.2313241493853,11.979117463115868,4,8,183,0.7814207650273224,0.0,0.2185792349726776,off,5.0,legged_eval-seed2,,depth,settle,0.0,auto,hold,8.0,0.8,2.0,1.0,0,PLANNER,first,on,1000,2,deterministic,20.0,1,200,lo,1.0,0.42,0.5,0.05,dead-reckoned-heading-hold,off,,,2.657,0.5504
15,staircase_climbing,0,0,1,1,heading-only,0.0,1.4771995544433594,2.6705245971679688,0.8229961422559692,1.4165483356873558,9.745894096465634,0,roll,7.04,13.995534958482779,1.9880021247844857,0.3272557556629181,0.06778402761979536,0.09524497118863193,0.6583480834960938,0.0,0.5118784444139407,1,7.04,-88.85261002504504,1.2671762210445245,88.85261002504504,17.268080020077623,2,0,352,0.8096590909090909,0.1278409090909091,0.0625,off,5.0,legged_eval-seed2,,depth,settle,0.0,auto,hold,8.0,0.8,2.0,1.0,0,PLANNER,first,on,1000,2,deterministic,20.0,1,200,lo,1.0,0.42,0.5,0.05,dead-reckoned-heading-hold,off,,,2.608,0.59
15,staircase_climbing,1,0,1,1,heading-only,0.0,0.947110748291017,1.5272445678710938,0.47570471045988716,1.8396705927827735,10.263782719174108,0,roll,4.88,-36.80351728793727,-7.5417043622822275,0.34634265303611755,-0.010837961415775196,-0.09687611314116931,-0.485565185546875,0.0,12.145048988848918,1,4.88,90.85817260009327,7.704427767601031,90.85817260009327,16.64780856086954,1,6,244,0.7172131147540983,0.0,0.2827868852459016,off,5.0,legged_eval-seed2,,depth,settle,0.0,auto,hold,8.0,0.8,2.0,1.0,0,PLANNER,first,on,1000,2,deterministic,20.0,1,200,lo,1.0,0.42,0.5,0.05,dead-reckoned-heading-hold,off,,,2.66,0.5453
15,staircase_climbing,2,0,1,1,heading-only,0.0,1.372615051269534,2.620391845703125,0.7236905544827344,1.4878948523896505,9.846947799838745,0,roll,4.16,11.732164738296177,2.8202319082442733,0.3462776839733124,0.0895709257859457,0.14913265521709734,0.5904006958007812,0.0,0.5495347071246696,1,4.16,-92.66943602494729,-1.061830465265308,92.66943602494729,7.801149267068163,3,0,208,0.8894230769230769,0.0,0.11057692307692307,off,5.0,legged_eval-seed2,,depth,settle,0.0,auto,hold,8.0,0.8,2.0,1.0,0,PLANNER,first,on,1000,2,deterministic,20.0,1,200,lo,1.0,0.42,0.5,0.05,dead-reckoned-heading-hold,off,,,2.653,0.5589
15,staircase_climbing,3,0,1,1,heading-only,0.0,1.4689376831054801,1.4144821166992188,0.7501558120159858,1.38582961997045,9.74866170338009,0,roll,18.66,-15.152127793265322,-0.8120111357591276,0.33125296235084534,0.025130636822372997,-0.031378235975390203,-0.6041488647460938,0.0,-0.5639438420135191,1,18.66,87.30424958493947,-0.006841034418611432,87.30424958493947,6.830393077913748,1,0,933,0.9485530546623794,0.0,0.05144694533762058,off,5.0,legged_eval-seed2,,depth,settle,0.0,auto,hold,8.0,0.8,2.0,1.0,0,PLANNER,first,on,1000,2,deterministic,20.0,1,200,lo,1.0,0.42,0.5,0.05,dead-reckoned-heading-hold,off,,,2.651,0.5635
15,staircase_climbing,4,0,0,1,heading-only,0.0,0.8809875488281307,1.53375244140625,0.48119720430252805,0.7749601283939956,10.329540394099558,0,roll,4.92,-27.37724249496057,-5.564480181902555,0.33788782358169556,-0.024189522595908397,-0.09476576394181911,-0.47332763671875,0.0,4.014899423959691,1,4.92,87.8159030612787,4.4725335325135,87.8159030612787,13.576884190640696,3,0,246,0.6910569105691057,0.0,0.3089430894308943,off,5.0,legged_eval-seed2,,depth,settle,0.0,auto,hold,8.0,0.8,2.0,1.0,0,PLANNER,first,on,1000,2,deterministic,20.0,1,200,lo,1.0,0.42,0.5,0.05,dead-reckoned-heading-hold,off,,,2.661,0.5433
15,staircase_climbing,5,0,0,1,heading-only,0.0,1.113922119140625,1.2541122436523438,0.754537470440555,0.8398837271659729,9.814462228533694,0,roll,2.42,-4.360201446964226,-1.8017361351091843,0.3137100040912628,0.04707525584323347,-0.30821808113539517,-0.7533645629882812,0.0,-0.6679990845834713,1,2.42,89.60688811942063,2.1000564238057513,89.60688811942063,12.342086660263192,2,0,121,0.8760330578512396,0.0,0.12396694214876033,off,5.0,legged_eval-seed2,,depth,settle,0.0,auto,hold,8.0,0.8,2.0,1.0,0,PLANNER,first,on,1000,2,deterministic,20.0,1,200,lo,1.0,0.42,0.5,0.05,dead-reckoned-heading-hold,off,,,2.654,0.5578
15,staircase_climbing,6,0,1,1,heading-only,0.0,1.2673736572265852,2.3169784545898438,0.414685438920738,1.4672742002374548,9.637840297502683,0,roll,13.14,-119.99809183067305,-9.132274872958375,0.35944053530693054,0.02034807132622414,0.024123170060109875,0.30875396728515625,0.0,-7.833089543226363,1,13.14,90.43675499799092,-0.08754299330258507,90.43675499799092,8.925695015198894,2,8,657,0.3120243531202435,0.0380517503805175,0.649923896499239,off,5.0,legged_eval-seed2,,depth,settle,0.0,auto,hold,8.0,0.8,2.0,1.0,0,PLANNER,first,on,1000,2,deterministic,20.0,1,200,lo,1.0,0.42,0.5,0.05,dead-reckoned-heading-hold,off,,,2.662,0.5246
15,staircase_climbing,7,0,0,1,heading-only,0.0,1.014788818359392,2.6786956787109375,0.6788567841963187,0.8343007342019874,9.908482625000335,0,roll,2.92,8.222408651029639,2.815893373640287,0.3319128751754761,0.005064663821709607,0.2324300269558005,0.6778793334960938,0.0,9.703824870754046,1,2.92,-88.20541393129709,-1.164737453297635,88.20541393129709,11.650040639058105,5,0,146,0.6506849315068494,0.0,0.3493150684931507,off,5.0,legged_eval-seed2,,depth,settle,0.0,auto,hold,8.0,0.8,2.0,1.0,0,PLANNER,first,on,1000,2,deterministic,20.0,1,200,lo,1.0,0.42,0.5,0.05,dead-reckoned-heading-hold,off,,,2.663,0.5401
15,staircase_climbing,8,0,1,1,heading-only,0.0,1.1313293457031364,2.2559356689453125,0.28766380321705143,1.5894120574258266,9.772022790536193,0,roll,18.2,-96.8946403319116,-5.3238813369182205,0.3495781421661377,0.0072158981155569435,0.014062399392599588,0.23195648193359375,0.0,-12.877019163335113,1,18.2,89.7342031816679,-0.2312584195852848,89.7342031816679,9.799940460963587,3,8,910,0.6263736263736264,0.0,0.37362637362637363,off,5.0,legged_eval-seed2,,depth,settle,0.0,auto,hold,8.0,0.8,2.0,1.0,0,PLANNER,first,on,1000,2,deterministic,20.0,1,200,lo,1.0,0.42,0.5,0.05,dead-reckoned-heading-hold,off,,,2.664,0.5382
15,staircase_climbing,9,0,1,1,heading-only,0.0,1.187963867187534,1.5018539428710938,0.5324283140491013,1.5919807665809025,9.724803100283705,0,roll,3.7800000000000002,-2.0699776147749844,-0.5476131256018477,0.3404395580291748,0.04972589079035294,-0.13178467119812334,-0.517730712890625,0.0,-0.19220675420748276,1,3.7800000000000002,86.57754718265285,4.41895925150024,86.57754718265285,12.296389053309944,5,0,189,0.7936507936507936,0.0,0.20634920634920634,off,5.0,legged_eval-seed2,,depth,settle,0.0,auto,hold,8.0,0.8,2.0,1.0,0,PLANNER,first,on,1000,2,deterministic,20.0,1,200,lo,1.0,0.42,0.5,0.05,dead-reckoned-heading-hold,off,,,2.657,0.5513
16,staircase_spiral,0,0,0,1,heading-only,0.0,1.3972845077514648,2.6517578124999943,0.7632976000578683,2.308084785053789,3.7152437967494367,0,roll,5.4,34.16687126910338,6.327198383167293,0.3358238637447357,0.07357120513916016,0.12069589120370264,0.6433563232421875,0.0,1.5010008875653391,1,5.4,-88.2844802924496,2.9825769249957372,88.2844802924496,12.346943506410847,2,0,270,0.9259259259259259,0.0,0.07407407407407407,off,5.0,legged_eval-seed2,,depth,settle,0.0,auto,hold,8.0,0.8,2.0,1.0,0,PLANNER,first,on,1000,2,deterministic,20.0,1,200,lo,1.0,0.42,0.5,0.05,dead-reckoned-heading-hold,off,,,2.652,0.5617
16,staircase_spiral,1,0,0,1,heading-only,0.0,3.3166328430175795,1.7238403320312443,2.3330349100603547,0.20420799960993335,1.8667963371892236,0,roll,17.54,-46.5079430620917,-2.6515360924795726,0.3454129099845886,0.1320771290203865,-0.015744564878492344,-0.28753662109375,0.0,-0.3503864400481497,1,17.54,88.1142795534221,1.7005895374394098,88.1142795534221,8.767171940103294,1,8,877,0.8779931584948689,0.0,0.12200684150513112,off,5.0,legged_eval-seed2,,depth,settle,0.0,auto,hold,8.0,0.8,2.0,1.0,0,PLANNER,first,on,1000,2,deterministic,20.0,1,200,lo,1.0,0.42,0.5,0.05,dead-reckoned-heading-hold,off,,,2.654,0.558
16,staircase_spiral,2,0,0,1,heading-only,0.0,1.800563049316409,1.4856582641601506,0.9515506382518676,1.7514905378700196,3.430125936646728,0,roll,10.42,-19.34419688353728,-1.8564488371916774,0.3369951844215393,0.07682946730483772,-0.04936101111706809,-0.5023880004882812,0.0,-0.4217280913227773,1,10.42,90.61650721189322,1.200487661218665,90.61650721189322,14.314962846946429,5,0,521,0.9021113243761996,0.0,0.09788867562380038,off,5.0,legged_eval-seed2,,depth,settle,0.0,auto,hold,8.0,0.8,2.0,1.0,0,PLANNER,first,on,1000,2,deterministic,20.0,1,200,lo,1.0,0.42,0.5,0.05,dead-reckoned-heading-hold,off,,,2.653,0.5599
16,staircase_spiral,3,0,0,1,heading-only,0.0,1.0058258056640739,1.4856277465820256,0.5144052440420106,2.5614937325404,4.244702941115366,0,roll,4.42,-1.1275794810278796,-0.255108479870561,0.35198482871055603,0.0013180555801072101,-0.11637381299049196,-0.5019454956054688,0.0,-3.3780691730289583,1,4.42,90.17388284829849,0.5100287005593511,90.17388284829849,17.975188860326675,5,0,221,0.6787330316742082,0.0,0.3212669683257919,off,5.0,legged_eval-seed2,,depth,settle,0.0,auto,hold,8.0,0.8,2.0,1.0,0,PLANNER,first,on,1000,2,deterministic,20.0,1,200,lo,1.0,0.42,0.5,0.05,dead-reckoned-heading-hold,off,,,2.662,0.5423
16,staircase_spiral,4,0,0,1,heading-only,0.0,1.2379974365234432,1.587388610839838,0.476330702617844,2.342488712948016,4.033389144050974,0,roll,5.22,-36.443207079926026,-6.9814572950049865,0.3440110683441162,0.045593378644337774,-0.07904432742531838,-0.40430450439453125,0.0,-2.672524388590064,1,5.22,86.53161281408468,0.6013621609590474,86.53161281408468,6.89822481198295,1,0,261,0.6896551724137931,0.0,0.3103448275862069,off,5.0,legged_eval-seed2,,depth,settle,0.0,auto,hold,8.0,0.8,2.0,1.0,0,PLANNER,first,on,1000,2,deterministic,20.0,1,200,lo,1.0,0.42,0.5,0.05,dead-reckoned-heading-hold,off,,,2.661,0.5432
16,staircase_spiral,5,0,0,1,heading-only,0.0,1.10040283203125,2.0309997558593693,0.10507955816064275,2.5186639127943646,4.16557860471607,1,timeout,20.0,-68.22650839928713,-3.4113254199643563,0.3417111933231354,0.0050201416015625,0.0015499877929684657,0.0053863525390625,0.0,-11.859996223378456,0,20.0,17.586789633421116,2.7946423366303215,17.586789633421116,7.4316135193960005,1,0,1000,0.12,0.0,0.88,off,5.0,legged_eval-seed2,,depth,settle,0.0,auto,hold,8.0,0.8,2.0,1.0,0,PLANNER,first,on,1000,2,deterministic,20.0,1,200,lo,1.0,0.42,0.5,0.05,dead-reckoned-heading-hold,off,,,2.684,0.4983
16,staircase_spiral,6,0,0,1,heading-only,0.0,1.2053771972656477,1.3096099853515568,0.72029033415906,2.4426873047489086,4.181269997135788,0,roll,2.52,2.9358689966448424,1.1650273796209691,0.3110313415527344,0.08149888780382847,-0.27396429152716,-0.673736572265625,0.0,0.24949498328384082,1,2.52,86.67258123490276,1.533051064813796,86.67258123490276,9.15717802496943,1,0,126,0.9920634920634921,0.0,0.007936507936507936,off,5.0,legged_eval-seed2,,depth,settle,0.0,auto,hold,8.0,0.8,2.0,1.0,0,PLANNER,first,on,1000,2,deterministic,20.0,1,200,lo,1.0,0.42,0.5,0.05,dead-reckoned-heading-hold,off,,,2.649,0.5669
16,staircase_spiral,7,0,0,1,heading-only,0.0,1.536669921875017,1.5453811645507756,0.7033440769570366,2.105127143746138,3.8462550253738765,0,roll,5.58,-22.011425458297253,-3.9446999029206546,0.34108585119247437,0.09617740535394571,-0.08147290957871406,-0.48378753662109375,0.0,-0.7158438206530552,1,5.58,87.90456164735721,0.32829443293610505,87.90456164735721,6.015687020909725,3,0,279,0.7706093189964157,0.0,0.22939068100358423,off,5.0,legged_eval-seed2,,depth,settle,0.0,auto,hold,8.0,0.8,2.0,1.0,0,PLANNER,first,on,1000,2,deterministic,20.0,1,200,lo,1.0,0.42,0.5,0.05,dead-reckoned-heading-hold,off,,,2.658,0.5495
16,staircase_spiral,8,0,0,1,heading-only,0.0,1.2179077148437614,1.4220520019531193,0.6176630640040144,2.4534429043581154,4.214693878101456,0,roll,3.64,9.748925523062809,2.6782762425996727,0.3378070294857025,0.05986475682520916,-0.15877692254035183,-0.596588134765625,0.0,0.7808390310143615,1,3.64,91.74578530645395,6.505040394167495,91.74578530645395,11.641266610205772,2,0,182,0.9175824175824175,0.0,0.08241758241758242,off,5.0,legged_eval-seed2,,depth,settle,0.0,auto,hold,8.0,0.8,2.0,1.0,0,PLANNER,first,on,1000,2,deterministic,20.0,1,200,lo,1.0,0.42,0.5,0.05,dead-reckoned-heading-hold,off,,,2.652,0.5611
16,staircase_spiral,9,0,0,1,heading-only,0.0,2.992376708984409,1.8981719970703068,1.9949771659555893,0.7108070749927928,2.4251767067533683,0,roll,14.86,-58.11128435549654,-3.910584411540817,0.34412050247192383,0.134076494548076,-0.006852490102940322,-0.09637451171875,0.0,-0.5090569669844611,1,14.86,88.0603329415602,0.5451840835903035,88.0603329415602,7.582175892582931,5,8,743,0.8748317631224765,0.0,0.12516823687752354,off,5.0,legged_eval-seed2,,depth,settle,0.0,auto,hold,8.0,0.8,2.0,1.0,0,PLANNER,first,on,1000,2,deterministic,20.0,1,200,lo,1.0,0.42,0.5,0.05,dead-reckoned-heading-hold,off,,,2.654,0.5577
17,squeeze,0,0,0,1,heading-only,0.0,1.0402421951293945,2.706607055664051,0.7077520507798276,0.8430129122698283,7.791863366446084,0,roll,3.86,12.997718764661244,3.367284654057317,0.33944475650787354,0.010425439152692884,0.18305882271089408,0.6894683837890625,0.0,5.637192180052973,1,3.86,-90.5581864992711,-6.508397643021319,90.5581864992711,14.457563164733365,5,0,193,0.7512953367875648,0.0,0.24870466321243523,off,5.0,legged_eval-seed2,,depth,settle,0.0,auto,hold,8.0,0.8,2.0,1.0,0,PLANNER,first,on,1000,2,deterministic,20.0,1,200,lo,1.0,0.42,0.5,0.05,dead-reckoned-heading-hold,off,,,2.659,0.548
17,squeeze,1,0,1,1,heading-only,0.0,1.2321067810058608,1.8762847900390511,0.26301903156346745,1.0766137249568473,7.568904361086433,0,roll,9.08,-58.207533837770455,-6.410521347772076,0.3505231440067291,0.025562420815623436,-0.013625023123452519,-0.1368865966796875,0.0,-4.3769213054979765,1,9.08,89.75342931807278,-2.1190048864677404,89.75342931807278,9.964347310391721,3,8,454,0.6387665198237885,0.0,0.36123348017621143,off,5.0,legged_eval-seed2,,depth,settle,0.0,auto,hold,8.0,0.8,2.0,1.0,0,PLANNER,first,on,1000,2,deterministic,20.0,1,200,lo,1.0,0.42,0.5,0.05,dead-reckoned-heading-hold,off,,,2.663,0.5391
17,squeeze,2,0,2,1,heading-only,0.0,2.891192626953128,2.091830444335926,1.8934208150194203,0.5886412164979965,6.309475675578562,1,timeout,20.0,1.9663597552979013,0.09831798776489506,0.33766505122184753,0.0945596313476564,0.004591522216796306,0.1013641357421875,0.0,0.01814698911128368,0,20.0,-0.32711804201649336,-4.437025148371545,19.575608972917276,8.733988352948687,2,8,1000,0.985,0.0,0.015,off,5.0,legged_eval-seed2,,depth,settle,0.0,auto,hold,8.0,0.8,2.0,1.0,0,PLANNER,first,on,1000,2,deterministic,20.0,1,200,lo,1.0,0.42,0.5,0.05,dead-reckoned-heading-hold,off,,,2.649,0.5664
17,squeeze,3,0,1,1,heading-only,0.0,1.1487548828125114,2.026797485351551,0.1511493313969023,1.2215747697301844,8.05128971297497,0,roll,14.68,-67.3795204173307,-4.5898855870116275,0.35639598965644836,0.010133166404122028,0.0018254417814408128,0.0482177734375,0.0,-7.9055857358267145,1,14.68,89.55731065835622,-0.6359338892128445,89.55731065835622,9.314594523975451,5,8,734,0.6743869209809265,0.0,0.32561307901907355,off,5.0,legged_eval-seed2,,depth,settle,0.0,auto,hold,8.0,0.8,2.0,1.0,0,PLANNER,first,on,1000,2,deterministic,20.0,1,200,lo,1.0,0.42,0.5,0.05,dead-reckoned-heading-hold,off,,,2.662,0.5419
17,squeeze,4,0,1,1,heading-only,0.0,1.4444946289062557,1.5354644775390511,0.6429375760947378,1.0927612108217624,8.0189718479515,0,roll,8.78,-32.193075825033844,-3.666637337703172,0.34294959902763367,0.0506258119483207,-0.052908373856600105,-0.4861297607421875,0.0,-1.264076398118931,1,8.78,88.74781318315688,-1.5853039694777376,88.74781318315688,10.003065926860561,7,8,439,0.7289293849658315,0.0,0.27107061503416857,off,5.0,legged_eval-seed2,,depth,settle,0.0,auto,hold,8.0,0.8,2.0,1.0,0,PLANNER,first,on,1000,2,deterministic,20.0,1,200,lo,1.0,0.42,0.5,0.05,dead-reckoned-heading-hold,off,,,2.66,0.5462
17,squeeze,5,0,0,1,heading-only,0.0,1.1616973876953125,2.538607788085926,0.5623561101066673,0.6360400984835701,8.655077721842652,0,roll,3.02,-15.399292805871767,-5.099103578103234,0.3214365839958191,0.05354218135606374,0.17834694969732653,0.492584228515625,0.0,-1.6621688561078078,1,3.02,-86.4303624578228,5.944420210951415,86.4303624578228,28.323905538178273,1,0,151,0.9271523178807947,0.0,0.0728476821192053,off,5.0,legged_eval-seed2,,depth,settle,0.0,auto,hold,8.0,0.8,2.0,1.0,0,PLANNER,first,on,1000,2,deterministic,20.0,1,200,lo,1.0,0.42,0.5,0.05,dead-reckoned-heading-hold,off,,,2.652,0.5618
17,squeeze,6,0,1,1,heading-only,0.0,0.8516479492187727,2.114688110351551,0.18751451577679365,1.5583517971954597,8.999082897298736,0,roll,13.14,-120.65867823997397,-9.182547811261337,0.3540780544281006,-0.011290110409530233,0.008728166693420938,0.1146240234375,0.0,14.195228143475491,1,13.14,87.54640321564635,0.2688304985790464,87.54640321564635,18.65357209320469,1,8,657,0.15220700152207,0.0,0.84779299847793,off,5.0,legged_eval-seed2,,depth,settle,0.0,auto,hold,8.0,0.8,2.0,1.0,0,PLANNER,first,on,1000,2,deterministic,20.0,1,200,lo,1.0,0.42,0.5,0.05,dead-reckoned-heading-hold,off,,,2.683,0.5009
17,squeeze,7,0,1,1,heading-only,0.0,1.427386474609392,2.640048217773426,0.7696238820059988,1.13322107135098,8.247486581317462,0,roll,5.28,2.538570761440951,0.48078991693957407,0.33411750197410583,0.08094440806996062,0.12122125336617919,0.6326751708984375,0.0,0.10366827383224461,1,5.28,-92.27478841750515,8.691002333555225,92.27478841750515,17.508846071220145,4,8,264,0.8863636363636364,0.0,0.11363636363636363,off,5.0,legged_eval-seed2,,depth,settle,0.0,auto,hold,8.0,0.8,2.0,1.0,0,PLANNER,first,on,1000,2,deterministic,20.0,1,200,lo,1.0,0.42,0.5,0.05,dead-reckoned-heading-hold,off,,,2.653,0.5586
17,squeeze,8,0,1,1,heading-only,0.0,1.4660766601562614,1.5083953857421761,0.6774234642393183,1.0744958609247939,8.498154525136897,0,roll,7.72,-28.19132148117683,-3.65172558046332,0.33715978264808655,0.060372624372572715,-0.06367935417847459,-0.521881103515625,0.0,-1.0556876634195265,1,7.72,87.53534485143977,4.680902265497905,87.53534485143977,8.754957160180503,1,8,386,0.7772020725388601,0.0,0.22279792746113988,off,5.0,legged_eval-seed2,,depth,settle,0.0,auto,hold,8.0,0.8,2.0,1.0,0,PLANNER,first,on,1000,2,deterministic,20.0,1,200,lo,1.0,0.42,0.5,0.05,dead-reckoned-heading-hold,off,,,2.658,0.55
17,squeeze,9,0,2,1,heading-only,0.0,2.957067871093784,2.0216552734374886,1.9571876769832801,0.7360693078935463,7.49296342172191,1,timeout,20.0,12.094945344803136,0.6047472672401568,0.3516058027744293,0.09785339355468921,0.0010827636718744316,0.0381317138671875,0.0,0.10786371910423113,0,20.0,-2.2063397363696944,-2.139735535474758,14.592021614024208,8.892223379208712,8,8,1000,0.93,0.0,0.07,off,5.0,legged_eval-seed2,,depth,settle,0.0,auto,hold,8.0,0.8,2.0,1.0,0,PLANNER,first,on,1000,2,deterministic,20.0,1,200,lo,1.0,0.42,0.5,0.05,dead-reckoned-heading-hold,off,,,2.651,0.5621
18,agility_poles,0,0,1,1,heading-only,0.0,1.0823886394500732,2.706646728515608,0.7114334029494577,2.924011207024302,17.232106387840684,0,roll,5.64,19.835653362318737,3.516959816013961,0.366189181804657,0.014607914796112278,0.12529197314106524,0.6777191162109375,0.0,4.202004824543051,1,5.64,-90.07909805669821,1.1144199533749162,90.07909805669821,7.907169352369416,5,8,282,0.6914893617021277,0.0,0.30851063829787234,off,5.0,legged_eval-seed2,,depth,settle,0.0,auto,hold,8.0,0.8,2.0,1.0,0,PLANNER,first,on,1000,2,deterministic,20.0,1,200,lo,1.0,0.42,0.5,0.05,dead-reckoned-heading-hold,off,,,2.661,0.5433
18,agility_poles,1,0,1,1,heading-only,0.0,3.4570861816406264,2.1767547607421704,2.463435558210187,0.8230825868446418,13.79404631883386,1,timeout,20.0,6.099559490922019,0.3049779745461009,0.3266017735004425,0.12285430908203132,0.008837738037108522,0.1616058349609375,0.0,0.043326683790462533,0,20.0,-3.4858546635607253,-5.4099856483575195,8.510586818471923,8.392102469876429,0,8,1000,1.0,0.0,0.0,off,5.0,legged_eval-seed2,,depth,settle,0.0,auto,hold,8.0,0.8,2.0,1.0,0,PLANNER,first,on,1000,2,deterministic,20.0,1,200,lo,1.0,0.42,0.5,0.05,dead-reckoned-heading-hold,off,,,2.649,0.5676
18,agility_poles,2,0,0,1,heading-only,0.0,1.0074645996093778,1.410321044921858,0.589726199442909,0.7683178969020571,15.553717495906168,0,roll,2.54,-17.420853335958327,-6.858603675574145,0.34746840596199036,0.002938818743849544,-0.23215706892840238,-0.5915069580078125,0.0,-40.73242573352875,1,2.54,87.54054580120335,0.07711161491236611,87.54054580120335,7.658988375623621,1,0,127,0.5118110236220472,0.0,0.4881889763779528,off,5.0,legged_eval-seed2,,depth,settle,0.0,auto,hold,8.0,0.8,2.0,1.0,0,PLANNER,first,on,1000,2,deterministic,20.0,1,200,lo,1.0,0.42,0.5,0.05,dead-reckoned-heading-hold,off,,,2.668,0.5292
18,agility_poles,3,0,0,1,heading-only,0.0,0.7939041137695426,2.5866668701171704,0.6218147077821452,0.9180138436018555,14.717793116887378,0,roll,1.9000000000000001,16.019268824815583,8.43119411832399,0.33295634388923645,-0.10847151906866177,0.3087720369037739,0.575439453125,0.0,-1.356596630184442,1,1.9000000000000001,-93.74115243225143,-9.224056352684348,93.74115243225143,10.008996499426274,1,0,95,0.7894736842105263,0.0,0.21052631578947367,off,5.0,legged_eval-seed2,,depth,settle,0.0,auto,hold,8.0,0.8,2.0,1.0,0,PLANNER,first,on,1000,2,deterministic,20.0,1,200,lo,1.0,0.42,0.5,0.05,dead-reckoned-heading-hold,off,,,2.657,0.551
18,agility_poles,4,0,1,1,heading-only,0.0,1.5549224853515682,1.5725067138671704,0.7004923086211631,2.3270830741736233,13.25197452754624,0,roll,5.66,-23.23156417973911,-4.104516639529878,0.329714834690094,0.09804284193490603,-0.07552884914007589,-0.443450927734375,0.0,-0.7306737355721701,1,5.66,87.82806658205057,17.037589799625987,87.82806658205057,23.139886204013624,0,8,283,1.0,0.0,0.0,off,5.0,legged_eval-seed2,,depth,settle,0.0,auto,hold,8.0,0.8,2.0,1.0,0,PLANNER,first,on,1000,2,deterministic,20.0,1,200,lo,1.0,0.42,0.5,0.05,dead-reckoned-heading-hold,off,,,2.649,0.5676
18,agility_poles,5,0,0,1,heading-only,0.0,1.18212890625,2.6921966552734204,0.7157563468552212,0.761694323080809,12.586918607772457,0,roll,3.2600000000000002,7.751403874130375,2.3777312497332437,0.3418594300746918,0.05586776265337423,0.21233026235380995,0.6909027099609375,0.0,0.7428119019707733,1,3.2600000000000002,-89.15797390138327,-7.051634640369199,89.15797390138327,17.89919117482267,4,0,163,0.7852760736196319,0.0,0.2147239263803681,off,5.0,legged_eval-seed2,,depth,settle,0.0,auto,hold,8.0,0.8,2.0,1.0,0,PLANNER,first,on,1000,2,deterministic,20.0,1,200,lo,1.0,0.42,0.5,0.05,dead-reckoned-heading-hold,off,,,2.657,0.5507
18,agility_poles,6,0,1,1,heading-only,0.0,1.5302520751953352,2.384838867187483,0.655185635485932,1.7815464642689984,11.52617426576311,0,roll,10.58,28.45538941000123,2.6895453128545586,0.35689854621887207,0.05011834359124152,0.036374184044185534,0.39971923828125,0.0,0.936611582253016,1,10.58,-88.59019495717519,8.945386590323777,88.59019495717519,17.671278498589842,6,8,529,0.9149338374291115,0.0,0.08506616257088846,off,5.0,legged_eval-seed2,,depth,settle,0.0,auto,hold,8.0,0.8,2.0,1.0,0,PLANNER,first,on,1000,2,deterministic,20.0,1,200,lo,1.0,0.42,0.5,0.05,dead-reckoned-heading-hold,off,,,2.652,0.5609
18,agility_poles,7,0,0,1,heading-only,0.0,1.465472412109392,2.5494354248046704,0.7200998906160342,0.5505192461266294,10.548845945697472,0,roll,3.7600000000000002,-33.53262262453393,-8.918250698014342,0.34135255217552185,0.12379585428441277,0.14612644276719958,0.5522003173828125,0.0,-1.257334820284294,1,3.7600000000000002,-86.5009501613893,-9.19893668176476,86.5009501613893,17.804621351232992,1,0,188,0.34574468085106386,0.0,0.6542553191489362,off,5.0,legged_eval-seed2,,depth,settle,0.0,auto,hold,8.0,0.8,2.0,1.0,0,PLANNER,first,on,1000,2,deterministic,20.0,1,200,lo,1.0,0.42,0.5,0.05,dead-reckoned-heading-hold,off,,,2.675,0.5161
18,agility_poles,8,0,0,1,heading-only,0.0,0.9249389648437614,1.330120849609358,0.6740713872631107,0.8828551808099974,10.396664347729303,0,roll,2.2800000000000002,-5.882921166195217,-2.5802285816645685,0.3307541012763977,-0.03292150664747308,-0.2938066449081763,-0.68695068359375,0.0,1.3679047160973936,1,2.2800000000000002,88.64597914899706,0.15490320662115517,88.64597914899706,10.092769582392288,2,0,114,0.7368421052631579,0.0,0.2631578947368421,off,5.0,legged_eval-seed2,,depth,settle,0.0,auto,hold,8.0,0.8,2.0,1.0,0,PLANNER,first,on,1000,2,deterministic,20.0,1,200,lo,1.0,0.42,0.5,0.05,dead-reckoned-heading-hold,off,,,2.659,0.5469
18,agility_poles,9,0,1,1,heading-only,0.0,1.919378662109409,1.723248291015608,0.9601294875004458,1.461377941614198,8.335217056786451,0,roll,10.92,-60.339356878224095,-5.525582131705503,0.34801340103149414,0.08419218517485431,-0.025343563093808797,-0.2821044921875,0.0,-1.145469749803235,1,10.92,86.04254520226227,2.868133219641228,86.04254520226227,6.133650854858603,1,8,546,0.6776556776556777,0.0,0.32234432234432236,off,5.0,legged_eval-seed2,,depth,settle,0.0,auto,hold,8.0,0.8,2.0,1.0,0,PLANNER,first,on,1000,2,deterministic,20.0,1,200,lo,1.0,0.42,0.5,0.05,dead-reckoned-heading-hold,off,,,2.662,0.5422
19,balance_beam,0,0,1,1,heading-only,0.0,1.450913906097412,1.7990173339843807,0.4936774075758093,1.1911642153515956,8.551448244186323,0,roll,10.6,-65.78340578458855,-6.205981677791373,0.34400674700737,0.04253904774503888,-0.01896062886939805,-0.2044677734375,0.0,-2.546244435115112,1,10.6,88.78513822980493,0.8135774625615326,88.78513822980493,6.660112770529461,1,8,530,0.5283018867924528,0.0,0.4716981132075472,off,5.0,legged_eval-seed2,,depth,settle,0.0,auto,hold,8.0,0.8,2.0,1.0,0,PLANNER,first,on,1000,2,deterministic,20.0,1,200,lo,1.0,0.42,0.5,0.05,dead-reckoned-heading-hold,off,,,2.668,0.5305
19,balance_beam,1,0,0,1,heading-only,0.0,1.141660308837892,1.5004180908203182,0.5192780826105245,0.6148084402818254,9.471524259452233,0,roll,4.0200000000000005,-9.3349515301,-2.322127246293532,0.3422183394432068,0.03523888279549553,-0.12427410676111486,-0.510528564453125,0.0,-1.1501149549290504,1,4.0200000000000005,89.46747021399803,-0.8357377675390972,89.46747021399803,9.291968843666957,5,0,201,0.7711442786069652,0.0,0.22885572139303484,off,5.0,legged_eval-seed2,,depth,settle,0.0,auto,hold,8.0,0.8,2.0,1.0,0,PLANNER,first,on,1000,2,deterministic,20.0,1,200,lo,1.0,0.42,0.5,0.05,dead-reckoned-heading-hold,off,,,2.658,0.5496
19,balance_beam,2,0,1,1,heading-only,0.0,2.6669952392578153,3.209463500976568,2.059532735331662,1.2099137466886414,8.321368237892015,0,roll,6.7,-43.485437263400314,-6.490363770656763,0.35256218910217285,0.2488052595907187,0.1805169404442639,1.214263916015625,0.0,-0.4552886769212829,1,6.7,-88.68519638734932,-0.15994300727977126,88.68519638734932,6.294413732027112,1,0,335,0.5373134328358209,0.0,0.4626865671641791,off,5.0,legged_eval-seed2,,depth,settle,0.0,auto,hold,8.0,0.8,2.0,1.0,0,PLANNER,first,on,1000,2,deterministic,20.0,1,200,lo,1.0,0.42,0.5,0.05,dead-reckoned-heading-hold,off,,,2.667,0.5312
19,balance_beam,3,0,1,1,heading-only,0.0,2.372586059570324,2.6281494140625057,1.5094913637758443,0.7328116871459709,9.149003056417516,0,roll,8.48,-26.452536550038417,-3.1194028950517,0.3363974988460541,0.16186156362857593,0.07407422335642755,0.61309814453125,0.0,-0.33636059107786526,1,8.48,-86.25618340166814,70.61993636308745,86.25618340166814,70.61993636308745,2,6,424,0.964622641509434,0.0,0.03537735849056604,off,5.0,legged_eval-seed2,,depth,settle,0.0,auto,hold,8.0,0.8,2.0,1.0,0,PLANNER,first,on,1000,2,deterministic,20.0,1,200,lo,1.0,0.42,0.5,0.05,dead-reckoned-heading-hold,off,,,2.65,0.5648
19,balance_beam,4,0,1,1,heading-only,0.0,2.7914489746093807,2.4741577148437557,1.853136521461615,0.47423481375905285,9.320619492868834,0,roll,6.78,-9.19980537882688,-1.3569034482045546,0.3323606550693512,0.2642255124792597,0.0699347662011439,0.44903564453125,0.0,-0.08962962198698646,1,6.78,-86.45295367626511,34.140131172698844,86.45295367626511,34.140131172698844,0,0,339,1.0,0.0,0.0,off,5.0,legged_eval-seed2,,depth,settle,0.0,auto,hold,8.0,0.8,2.0,1.0,0,PLANNER,first,on,1000,2,deterministic,20.0,1,200,lo,1.0,0.42,0.5,0.05,dead-reckoned-heading-hold,off,,,2.649,0.5676
19,balance_beam,5,0,0,1,heading-only,0.0,1.22271728515625,1.5107635498046932,0.5375456197450365,0.5623504318046046,11.187984679634877,0,roll,2.7,-6.472286962285182,-2.397143319364882,0.32580628991127014,0.08248788339120369,-0.18119868525752103,-0.4976654052734375,0.0,-0.5072022925680336,1,2.7,87.04468782902212,0.8194800299572241,87.04468782902212,8.481958354760165,2,0,135,0.8888888888888888,0.0,0.1111111111111111,off,5.0,legged_eval-seed2,,depth,settle,0.0,auto,hold,8.0,0.8,2.0,1.0,0,PLANNER,first,on,1000,2,deterministic,20.0,1,200,lo,1.0,0.42,0.5,0.05,dead-reckoned-heading-hold,off,,,2.653,0.5588
19,balance_beam,6,0,0,1,heading-only,0.0,1.2295776367187727,1.4558776855468807,0.5905717436240884,0.6076161186542234,11.782992476578972,0,roll,2.82,-11.506036982142376,-4.080154958206516,0.3238811790943146,0.08141050947474211,-0.1929511753379856,-0.567047119140625,0.0,-0.8747290549062239,1,2.82,85.95710553817273,4.309785796750311,85.95710553817273,15.831679145087124,0,0,141,1.0,0.0,0.0,off,5.0,legged_eval-seed2,,depth,settle,0.0,auto,hold,8.0,0.8,2.0,1.0,0,PLANNER,first,on,1000,2,deterministic,20.0,1,200,lo,1.0,0.42,0.5,0.05,dead-reckoned-heading-hold,off,,,2.649,0.5676
19,balance_beam,7,0,1,1,heading-only,0.0,1.660205078125017,1.4661468505859432,0.849040594036214,1.372845723138649,11.951723807115474,0,roll,5.8,11.274189498670268,1.9438257756328048,0.33540239930152893,0.1138284617456926,-0.09204364645069946,-0.5297698974609375,0.0,0.29804637038599713,1,5.8,89.83904158529988,-0.7636743694614982,89.83904158529988,8.324337089424546,4,0,290,0.8793103448275862,0.0,0.1206896551724138,off,5.0,legged_eval-seed2,,depth,settle,0.0,auto,hold,8.0,0.8,2.0,1.0,0,PLANNER,first,on,1000,2,deterministic,20.0,1,200,lo,1.0,0.42,0.5,0.05,dead-reckoned-heading-hold,off,,,2.654,0.5581
19,balance_beam,8,0,1,1,heading-only,0.0,2.2252014160156364,1.5551971435546932,1.3034447018990198,0.8504014160663341,11.683268872952667,0,roll,5.32,44.63117949118711,8.38931945323066,0.3279757499694824,0.23030101804805195,-0.08360955948220053,-0.443756103515625,0.0,0.6357820199906146,1,5.32,88.71503701374697,43.79628511050323,88.71503701374697,46.47530935560289,1,0,266,0.9022556390977443,0.0,0.09774436090225563,off,5.0,legged_eval-seed2,,depth,settle,0.0,auto,hold,8.0,0.8,2.0,1.0,0,PLANNER,first,on,1000,2,deterministic,20.0,1,200,lo,1.0,0.42,0.5,0.05,dead-reckoned-heading-hold,off,,,2.653,0.5599
19,balance_beam,9,0,1,1,heading-only,0.0,2.123693847656284,2.837118530273443,1.4012334912453934,1.2118910455823235,12.4045846931797,0,roll,4.94,-17.349917297937708,-3.5121290076796976,0.3302994966506958,0.22746839021382267,0.16945719236304516,0.8398284912109375,0.0,-0.2694801457081178,1,4.94,-89.90073964095664,39.56678752708801,89.90073964095664,39.56678752708801,0,0,247,1.0,0.0,0.0,off,5.0,legged_eval-seed2,,depth,settle,0.0,auto,hold,8.0,0.8,2.0,1.0,0,PLANNER,first,on,1000,2,deterministic,20.0,1,200,lo,1.0,0.42,0.5,0.05,dead-reckoned-heading-hold,off,,,2.649,0.5676
