task,task_name,level,episode,goals,settle_ok,heading,heading_cap_rad,final_x_m,final_y_m,travelled_m,dist_to_next_goal_m,dist_to_last_goal_m,alive_at_end,end_cause,upright_s,yaw_cum_deg,yaw_rate_deg_s,base_h_max_m,vx_mean_ms,vy_mean_ms,cross_track_m,cross_track_abs_max_m,curvature_rad_m,fell,episode_s,end_roll_deg,end_pitch_deg,peak_roll_deg,peak_pitch_deg,switches,refused_ticks,steps_alive,frac_WALK,frac_TROT,frac_TURN,yaw_moment,yaw_moment_gain,terrain,planner_set,perception,turn_target,swing_lift_mm,foot_yaw_turn,roll_couple,roll_gain,roll_damp,roll_cap_nm,roll_sign,partial,skill,start_phase,foot_comp,steps,terrain_seed,measurement_seed,episode_length_s,episodes,num_envs,rate,gutter,spawn_z,settle_s,foot_clip_rad,steering,cross_track,cross_track_gain,cross_track_cap,cmd_mean_feet_down,cmd_frac_below_3_feet
0,jump_on_and_off_box,0,0,1,1,heading-only,0.0,1.4833571910858154,1.3588390350341797,0.802945550563842,1.1711814767405717,16.629007956641175,0,roll,5.6000000000000005,-23.593602171523912,-4.213143244914984,0.32541847229003906,0.08631378412246703,-0.11449302945818218,-0.6405086517333984,0.0,-0.8519290659020474,1,5.6000000000000005,87.95904018177033,1.1879760318969148,87.95904018177033,13.811487773579522,1,8,280,0.9107142857142857,0.0,0.08928571428571429,off,5.0,legged_eval-seed1,,depth,settle,0.0,auto,hold,8.0,0.8,2.0,1.0,0,PLANNER,first,on,1000,1,deterministic,20.0,1,200,lo,1.0,0.42,0.5,0.05,dead-reckoned-heading-hold,off,,,2.652,0.5605
0,jump_on_and_off_box,1,0,1,1,heading-only,0.0,1.163449859619142,1.4679054021835327,0.5566331984664455,1.4388826254712015,16.745006278365736,0,roll,8.52,-31.659484904857862,-3.715901984138247,0.3545270562171936,0.019184255823842963,-0.06245241758409241,-0.52925705909729,0.0,-3.3806223655544905,1,8.52,91.5896076520558,-2.2566544433888756,91.5896076520558,9.027605640855967,5,8,426,0.6924882629107981,0.0,0.3075117370892019,off,5.0,legged_eval-seed1,,depth,settle,0.0,auto,hold,8.0,0.8,2.0,1.0,0,PLANNER,first,on,1000,1,deterministic,20.0,1,200,lo,1.0,0.42,0.5,0.05,dead-reckoned-heading-hold,off,,,2.661,0.5434
0,jump_on_and_off_box,2,0,1,1,heading-only,0.0,1.4158126831054716,2.6756701469421387,0.7933664568786499,1.2505951849099242,15.898551407774915,0,roll,4.9,20.13912197202697,4.110024892250402,0.34808802604675293,0.0848597312460146,0.13789186672288542,0.6647531986236572,0.0,0.845318099119759,1,4.9,-86.88388184215172,13.042181603084876,86.88388184215172,14.897829544885308,4,8,245,0.8571428571428571,0.0,0.14285714285714285,off,5.0,legged_eval-seed1,,depth,settle,0.0,auto,hold,8.0,0.8,2.0,1.0,0,PLANNER,first,on,1000,1,deterministic,20.0,1,200,lo,1.0,0.42,0.5,0.05,dead-reckoned-heading-hold,off,,,2.654,0.5563
0,jump_on_and_off_box,3,0,1,1,heading-only,0.0,1.4136550903320426,1.4260661602020264,0.7074677280433761,1.2700920686393575,15.696840977646772,0,roll,5.08,-5.402870458917846,-1.063557176952332,0.33031296730041504,0.08142816738819736,-0.11297910232243576,-0.5657553672790527,0.0,-0.22796257261372066,1,5.08,88.71151095055178,0.41045671864159106,88.71151095055178,14.879260828539444,0,8,254,1.0,0.0,0.0,off,5.0,legged_eval-seed1,,depth,settle,0.0,auto,hold,8.0,0.8,2.0,1.0,0,PLANNER,first,on,1000,1,deterministic,20.0,1,200,lo,1.0,0.42,0.5,0.05,dead-reckoned-heading-hold,off,,,2.649,0.5676
0,jump_on_and_off_box,4,0,1,1,heading-only,0.0,1.4482482910156307,2.564113140106201,0.7205207597556867,1.3320318165916387,15.961723159481448,0,roll,5.08,3.641791082874164,0.716888008439796,0.33039289712905884,0.08823785256213203,0.11104589372169314,0.5455446243286133,0.0,0.1417991910731176,1,5.08,-86.7143833772441,-11.389582342895409,86.7143833772441,16.515015300041853,2,8,254,0.9409448818897638,0.0,0.05905511811023622,off,5.0,legged_eval-seed1,,depth,settle,0.0,auto,hold,8.0,0.8,2.0,1.0,0,PLANNER,first,on,1000,1,deterministic,20.0,1,200,lo,1.0,0.42,0.5,0.05,dead-reckoned-heading-hold,off,,,2.651,0.5629
0,jump_on_and_off_box,5,0,0,1,heading-only,0.0,0.8301544189453125,1.411135196685791,0.6128697071858639,0.891882760816002,16.030664808342152,0,roll,1.92,-21.71310987905025,-11.308911395338672,0.32582008838653564,-0.08846124013264975,-0.3067004183928172,-0.5870002508163452,0.0,2.231234135639443,1,1.92,89.81369963018334,4.299571075239804,89.81369963018334,13.397434297056211,2,0,96,0.84375,0.0,0.15625,off,5.0,legged_eval-seed1,,depth,settle,0.0,auto,hold,8.0,0.8,2.0,1.0,0,PLANNER,first,on,1000,1,deterministic,20.0,1,200,lo,1.0,0.42,0.5,0.05,dead-reckoned-heading-hold,off,,,2.655,0.5553
0,jump_on_and_off_box,6,0,1,1,heading-only,0.0,1.6394744873047102,2.1250483989715576,0.6515863120101372,0.9529562737641564,14.561062471809379,1,timeout,20.0,-4.8063269049251005,-0.24031634524625503,0.3367864787578583,0.03197372436523551,0.006252419948577881,0.1258639097213745,0.0,-0.13117994710265837,0,20.0,-0.6663021571071028,0.32753282359943636,7.212698478420164,5.104145000780579,1,8,1000,0.97,0.0,0.03,off,5.0,legged_eval-seed1,,depth,settle,0.0,auto,hold,8.0,0.8,2.0,1.0,0,PLANNER,first,on,1000,1,deterministic,20.0,1,200,lo,1.0,0.42,0.5,0.05,dead-reckoned-heading-hold,off,,,2.65,0.5652
0,jump_on_and_off_box,7,0,1,1,heading-only,0.0,0.954302978515642,1.5318307876586914,0.4703941210908393,1.641125357664455,15.502767772014906,0,roll,3.7600000000000002,-27.661029857739038,-7.3566568770582546,0.33220455050468445,-0.012153463160733496,-0.1245130883886459,-0.503180742263794,0.0,10.564715813595395,1,3.7600000000000002,87.98951729860661,-0.003874755692771851,87.98951729860661,6.553112496402832,3,8,188,0.5851063829787234,0.0,0.4148936170212766,off,5.0,legged_eval-seed1,,depth,settle,0.0,auto,hold,8.0,0.8,2.0,1.0,0,PLANNER,first,on,1000,1,deterministic,20.0,1,200,lo,1.0,0.42,0.5,0.05,dead-reckoned-heading-hold,off,,,2.665,0.5349
0,jump_on_and_off_box,8,0,0,1,heading-only,0.0,1.1563842773437614,2.5820276737213135,0.6026709344059776,0.6758905072820692,15.104833391871393,0,roll,2.06,-12.618081933174409,-6.1252824918322375,0.32730114459991455,0.07591469773968998,0.282537705689958,0.6025799512863159,0.0,-1.4082430712404994,1,2.06,-88.0480560785202,-8.621701110866091,88.0480560785202,17.753414599370963,2,0,103,0.8058252427184466,0.0,0.1941747572815534,off,5.0,legged_eval-seed1,,depth,settle,0.0,auto,hold,8.0,0.8,2.0,1.0,0,PLANNER,first,on,1000,1,deterministic,20.0,1,200,lo,1.0,0.42,0.5,0.05,dead-reckoned-heading-hold,off,,,2.656,0.5523
0,jump_on_and_off_box,9,0,1,1,heading-only,0.0,1.712774658203159,2.133335590362549,0.725138671589069,0.7186110931947529,13.687874777947902,1,timeout,20.0,-111.6593804552993,-5.582969022764965,0.35542502999305725,0.035638732910157955,0.006666779518127441,0.13724350929260254,0.0,-2.7341373704205303,0,20.0,8.03231623147812,1.9986679164580092,14.365008587439599,7.207297518015554,5,8,1000,0.475,0.0,0.525,off,5.0,legged_eval-seed1,,depth,settle,0.0,auto,hold,8.0,0.8,2.0,1.0,0,PLANNER,first,on,1000,1,deterministic,20.0,1,200,lo,1.0,0.42,0.5,0.05,dead-reckoned-heading-hold,off,,,2.67,0.5263
1,forward_ramp_lips,0,0,0,1,heading-only,0.0,1.2283375263214111,2.556113815307617,0.6011660348876801,0.618920895738029,13.033531990753128,0,roll,2.96,-2.388617566845568,-0.8069653942045837,0.34398654103279114,0.07714105618966592,0.18787628895527597,0.5536699295043945,0.0,-0.1825772652619024,1,2.96,-86.5933787087568,-5.561505505929185,86.5933787087568,9.098313302021188,1,8,148,0.6756756756756757,0.0,0.32432432432432434,off,5.0,legged_eval-seed1,,depth,settle,0.0,auto,hold,8.0,0.8,2.0,1.0,0,PLANNER,first,on,1000,1,deterministic,20.0,1,200,lo,1.0,0.42,0.5,0.05,dead-reckoned-heading-hold,off,,,2.662,0.5421
1,forward_ramp_lips,1,0,1,1,heading-only,0.0,1.2324424743652358,2.480172729492187,0.5334747923163853,1.402455417347591,12.326913208401757,0,roll,6.0600000000000005,15.10814938537564,2.4930939579827784,0.3419111371040344,0.03835684395465937,0.07923642400861174,0.45446014404296875,0.0,1.1344181022769206,1,6.0600000000000005,-90.38253068968424,9.121472099108646,90.38253068968424,12.529637618030723,4,8,303,0.900990099009901,0.0,0.09900990099009901,off,5.0,legged_eval-seed1,,depth,settle,0.0,auto,hold,8.0,0.8,2.0,1.0,0,PLANNER,first,on,1000,1,deterministic,20.0,1,200,lo,1.0,0.42,0.5,0.05,dead-reckoned-heading-hold,off,,,2.653,0.5598
1,forward_ramp_lips,2,0,1,1,heading-only,0.0,1.345668029785159,1.378393745422363,0.7112529244548607,1.254472529717937,12.020415150353683,0,roll,7.28,-29.995194504459164,-4.120219025337797,0.3372335731983185,0.04748187222323614,-0.0853854745298952,-0.6201915740966797,0.0,-1.5145019462873046,1,7.28,91.19011577500788,8.519180487184233,91.19011577500788,17.667606378966074,1,8,364,0.7967032967032966,0.0,0.2032967032967033,off,5.0,legged_eval-seed1,,depth,settle,0.0,auto,hold,8.0,0.8,2.0,1.0,0,PLANNER,first,on,1000,1,deterministic,20.0,1,200,lo,1.0,0.42,0.5,0.05,dead-reckoned-heading-hold,off,,,2.657,0.5516
1,forward_ramp_lips,3,0,1,1,heading-only,0.0,1.2590835571289176,1.6190820693969723,0.46067641510008533,1.4307727019516054,13.04647845741525,0,roll,6.0600000000000005,-43.27290092870558,-7.1407427275091715,0.34920600056648254,0.04275306223249465,-0.06285774432393196,-0.34293270111083984,0.0,-2.915100465906513,1,6.0600000000000005,88.8932369969141,8.766682851067095,88.8932369969141,15.267893345719138,3,8,303,0.7260726072607261,0.0,0.2739273927392739,off,5.0,legged_eval-seed1,,depth,settle,0.0,auto,hold,8.0,0.8,2.0,1.0,0,PLANNER,first,on,1000,1,deterministic,20.0,1,200,lo,1.0,0.42,0.5,0.05,dead-reckoned-heading-hold,off,,,2.66,0.546
1,forward_ramp_lips,4,0,1,1,heading-only,0.0,0.9156860351562557,1.4539171218872067,0.5525534855881592,1.5499083469718715,12.54620393103207,0,roll,4.24,-26.814280152934572,-6.324122677578909,0.3517143130302429,-0.019885369066920826,-0.12879313163037578,-0.5777387619018555,0.0,5.550651971926571,1,4.24,89.08279030374946,-0.2584557953900867,89.08279030374946,6.999865642544057,1,8,212,0.4716981132075472,0.0,0.5283018867924528,off,5.0,legged_eval-seed1,,depth,settle,0.0,auto,hold,8.0,0.8,2.0,1.0,0,PLANNER,first,on,1000,1,deterministic,20.0,1,200,lo,1.0,0.42,0.5,0.05,dead-reckoned-heading-hold,off,,,2.67,0.526
1,forward_ramp_lips,5,0,1,1,heading-only,0.0,1.051361083984375,1.4232326507568356,0.5790496836205304,1.577104979107012,12.91152765790731,0,roll,4.3,-25.3965823003723,-5.90618193031914,0.34652137756347656,0.011944438135901164,-0.13413194168445686,-0.5387506484985352,0.0,-8.630152354846294,1,4.3,87.54157613759098,0.5018518814755542,87.54157613759098,8.578759558776873,1,8,215,0.8372093023255814,0.0,0.16279069767441862,off,5.0,legged_eval-seed1,,depth,settle,0.0,auto,hold,8.0,0.8,2.0,1.0,0,PLANNER,first,on,1000,1,deterministic,20.0,1,200,lo,1.0,0.42,0.5,0.05,dead-reckoned-heading-hold,off,,,2.655,0.5548
1,forward_ramp_lips,6,0,1,1,heading-only,0.0,1.1834503173828352,1.938497161865234,0.19348544660127337,1.250935548276581,12.466701391637681,0,roll,11.26,-76.15738793883202,-6.763533564727533,0.34368547797203064,0.01629221291144185,-0.005462063777510301,-0.07169151306152344,0.0,-7.24554303428861,1,11.26,87.22208019766542,1.0309359816646135,87.22208019766542,8.501186476674318,1,8,563,0.4351687388987567,0.0,0.5648312611012434,off,5.0,legged_eval-seed1,,depth,settle,0.0,auto,hold,8.0,0.8,2.0,1.0,0,PLANNER,first,on,1000,1,deterministic,20.0,1,200,lo,1.0,0.42,0.5,0.05,dead-reckoned-heading-hold,off,,,2.671,0.5231
1,forward_ramp_lips,7,0,1,1,heading-only,0.0,0.788867187500017,1.6320768356323239,0.4241986791498495,1.7981334464108434,12.566520003093215,0,roll,8.02,-49.40025518102311,-6.1596328155889175,0.34943270683288574,-0.026325787094760966,-0.045875706280258874,-0.40328502655029297,0.0,4.083671761035771,1,8.02,88.92538933260718,2.6483268516838545,88.92538933260718,13.371260108727393,1,8,401,0.26184538653366585,0.0,0.7381546134663342,off,5.0,legged_eval-seed1,,depth,settle,0.0,auto,hold,8.0,0.8,2.0,1.0,0,PLANNER,first,on,1000,1,deterministic,20.0,1,200,lo,1.0,0.42,0.5,0.05,dead-reckoned-heading-hold,off,,,2.678,0.5095
1,forward_ramp_lips,8,0,1,1,heading-only,0.0,1.6655700683593864,1.4408946990966793,0.8692423444552796,0.9518946810536755,12.297146721206742,0,roll,5.74,9.47820363331482,1.6512549883823728,0.3406250476837158,0.11595297358177463,-0.09740510468698967,-0.554295539855957,0.0,0.24854762622304147,1,5.74,88.56497064755253,-0.376608339801167,88.56497064755253,13.891245702289362,1,8,287,0.7839721254355401,0.0,0.21602787456445993,off,5.0,legged_eval-seed1,,depth,settle,0.0,auto,hold,8.0,0.8,2.0,1.0,0,PLANNER,first,on,1000,1,deterministic,20.0,1,200,lo,1.0,0.42,0.5,0.05,dead-reckoned-heading-hold,off,,,2.657,0.5506
1,forward_ramp_lips,9,0,1,1,heading-only,0.0,1.251440429687534,1.9345470428466793,0.2598198977783769,1.1941712338035682,12.19873516722376,0,roll,14.92,-54.68990808876737,-3.6655434375849443,0.34208759665489197,0.016852575716322662,-0.004386927423144817,-0.09475231170654297,0.0,-3.796203199892133,1,14.92,86.48618576886363,2.7250135835346128,86.48618576886363,6.7053974379607295,1,8,746,0.6099195710455764,0.0,0.3900804289544236,off,5.0,legged_eval-seed1,,depth,settle,0.0,auto,hold,8.0,0.8,2.0,1.0,0,PLANNER,first,on,1000,1,deterministic,20.0,1,200,lo,1.0,0.42,0.5,0.05,dead-reckoned-heading-hold,off,,,2.664,0.5369
2,sphere_bump_lips,0,0,0,1,heading-only,0.0,0.6865679025650024,2.633238983154296,0.7065630116902447,1.0308556576571652,15.676227118817309,0,roll,1.3,-13.392383789902425,-10.301833684540327,0.3142950236797333,-0.24110161341153657,0.48710691011868934,0.6395988464355469,0.0,0.7457474640834743,1,1.3,-93.30233758080371,-1.5520780224320683,93.30233758080371,9.992946202442663,0,1,65,1.0,0.0,0.0,off,5.0,legged_eval-seed1,,depth,settle,0.0,auto,hold,8.0,0.8,2.0,1.0,0,PLANNER,first,on,1000,1,deterministic,20.0,1,200,lo,1.0,0.42,0.5,0.05,dead-reckoned-heading-hold,off,,,2.649,0.5676
2,sphere_bump_lips,1,0,0,1,heading-only,0.0,0.9231048583984389,1.4775955200195305,0.5280334302916708,0.7782765865083889,15.085942912246235,0,roll,6.68,-16.77569702994947,-2.5113318907109985,0.3282223045825958,-0.011511248742748665,-0.07820426347013017,-0.5034637451171875,0.0,3.8076677068464875,1,6.68,87.5298240155064,-1.5385386416235864,87.5298240155064,7.197647744098068,1,0,334,0.8832335329341318,0.0,0.11676646706586827,off,5.0,legged_eval-seed1,,depth,settle,0.0,auto,hold,8.0,0.8,2.0,1.0,0,PLANNER,first,on,1000,1,deterministic,20.0,1,200,lo,1.0,0.42,0.5,0.05,dead-reckoned-heading-hold,off,,,2.653,0.5584
2,sphere_bump_lips,2,0,1,1,heading-only,0.0,2.077662658691409,2.7699157714843743,1.324434634520789,1.6302943617944154,13.693997906737158,0,roll,7.7,-9.605084938728112,-1.2474136284062483,0.34080448746681213,0.13995618944044275,0.09998906123173691,0.7541103363037109,0.0,-0.15555921490133723,1,7.7,-91.0299625270716,-6.971382153689842,91.0299625270716,11.173014652964241,5,3,385,0.7922077922077922,0.0,0.2077922077922078,off,5.0,legged_eval-seed1,,depth,settle,0.0,auto,hold,8.0,0.8,2.0,1.0,0,PLANNER,first,on,1000,1,deterministic,20.0,1,200,lo,1.0,0.42,0.5,0.05,dead-reckoned-heading-hold,off,,,2.657,0.5512
2,sphere_bump_lips,3,0,1,1,heading-only,0.0,1.8866622924804801,1.586110305786132,0.9785063616978632,1.0451425506723644,13.619628049911983,0,roll,8.84,-21.773725180013997,-2.4630910837119906,0.33364278078079224,0.10030116430774662,-0.04682010115541492,-0.4163703918457031,0.0,-0.4285997025457192,1,8.84,87.12835645189799,-1.2861095789912973,87.12835645189799,13.863276543297372,1,8,442,0.9502262443438914,0.0,0.049773755656108594,off,5.0,legged_eval-seed1,,depth,settle,0.0,auto,hold,8.0,0.8,2.0,1.0,0,PLANNER,first,on,1000,1,deterministic,20.0,1,200,lo,1.0,0.42,0.5,0.05,dead-reckoned-heading-hold,off,,,2.651,0.5637
2,sphere_bump_lips,4,0,1,1,heading-only,0.0,0.9951385498046932,1.6078788757324212,0.3921512588209701,2.460516727158907,13.860409257312885,0,roll,4.98,-46.602927658570025,-9.358017602122494,0.34614497423171997,-0.0009761948183347019,-0.0787391815798351,-0.40155029296875,0.0,167.31108949671037,1,4.98,88.73105647358122,-0.13671110233936415,88.73105647358122,10.330056012627287,1,0,249,0.7028112449799196,0.0,0.2971887550200803,off,5.0,legged_eval-seed1,,depth,settle,0.0,auto,hold,8.0,0.8,2.0,1.0,0,PLANNER,first,on,1000,1,deterministic,20.0,1,200,lo,1.0,0.42,0.5,0.05,dead-reckoned-heading-hold,off,,,2.661,0.5442
2,sphere_bump_lips,5,0,1,1,heading-only,0.0,1.9303436279296875,1.7176658630371087,0.9722406239835658,1.3541328971668802,12.622814246990632,0,roll,11.120000000000001,-46.54978885774892,-4.1861320915241835,0.34574320912361145,0.08366399531741793,-0.02538976051824562,-0.2779712677001953,0.0,-0.8732763435848364,1,11.120000000000001,88.02375731718269,2.2831763840275583,88.02375731718269,6.274735056749623,5,8,556,0.6564748201438849,0.0,0.3435251798561151,off,5.0,legged_eval-seed1,,depth,settle,0.0,auto,hold,8.0,0.8,2.0,1.0,0,PLANNER,first,on,1000,1,deterministic,20.0,1,200,lo,1.0,0.42,0.5,0.05,dead-reckoned-heading-hold,off,,,2.662,0.5405
2,sphere_bump_lips,6,0,0,1,heading-only,0.0,1.2003417968750227,1.534415435791015,0.5068587791533096,0.5536822420213245,12.958025179948981,0,roll,4.0600000000000005,0.3952630059376361,0.09735542018168375,0.333438903093338,0.04934527016626175,-0.11467600103669583,-0.4937095642089844,0.0,0.03443435654740163,1,4.0600000000000005,89.71868342659648,14.817509186226541,89.71868342659648,25.21752255767379,5,1,203,0.7635467980295566,0.0,0.23645320197044334,off,5.0,legged_eval-seed1,,depth,settle,0.0,auto,hold,8.0,0.8,2.0,1.0,0,PLANNER,first,on,1000,1,deterministic,20.0,1,200,lo,1.0,0.42,0.5,0.05,dead-reckoned-heading-hold,off,,,2.658,0.549
2,sphere_bump_lips,7,0,0,1,heading-only,0.0,0.883227539062517,1.2748786926269524,0.7344635580066541,0.9519501977400271,12.787348434282936,0,roll,2.52,-9.985902163478215,-3.962659588681831,0.34258759021759033,-0.04633827814979482,-0.28774655054486015,-0.7393970489501953,0.0,1.4925340284472444,1,2.52,89.41696405486395,0.4467671862906384,89.41696405486395,9.243761646451773,1,0,126,0.5952380952380952,0.0,0.40476190476190477,off,5.0,legged_eval-seed1,,depth,settle,0.0,auto,hold,8.0,0.8,2.0,1.0,0,PLANNER,first,on,1000,1,deterministic,20.0,1,200,lo,1.0,0.42,0.5,0.05,dead-reckoned-heading-hold,off,,,2.665,0.5357
2,sphere_bump_lips,8,0,1,1,heading-only,0.0,1.4935424804687614,1.6145412445068352,0.6262288976193905,1.1994209816805603,11.962669220058755,0,roll,11.72,-70.84805912073696,-6.04505623897073,0.3519645631313324,0.04211113314579875,-0.03288897231170348,-0.383392333984375,0.0,-2.505421416065369,1,11.72,88.76430884271156,3.726285636053375,88.76430884271156,16.86406731688866,1,8,586,0.6313993174061433,0.0,0.36860068259385664,off,5.0,legged_eval-seed1,,depth,settle,0.0,auto,hold,8.0,0.8,2.0,1.0,0,PLANNER,first,on,1000,1,deterministic,20.0,1,200,lo,1.0,0.42,0.5,0.05,dead-reckoned-heading-hold,off,,,2.663,0.5386
2,sphere_bump_lips,9,0,1,1,heading-only,0.0,2.016119384765659,2.699505996704101,1.2336155168939547,0.9338807458930215,11.155832832815106,0,roll,6.4,-15.38539496099375,-2.4039679626552735,0.34057390689849854,0.15876865386963424,0.10929781198501576,0.6968746185302734,0.0,-0.26426599355843783,1,6.4,-86.01693766233466,-6.328068166200558,86.01693766233466,7.336967256801044,4,0,320,0.90625,0.0,0.09375,off,5.0,legged_eval-seed1,,depth,settle,0.0,auto,hold,8.0,0.8,2.0,1.0,0,PLANNER,first,on,1000,1,deterministic,20.0,1,200,lo,1.0,0.42,0.5,0.05,dead-reckoned-heading-hold,off,,,2.652,0.5602
3,forward_ramp_no_lips,0,0,1,1,heading-only,0.0,1.2427853345870972,2.7215774536132784,0.7613269601515447,1.3685738359760322,9.48470259150301,0,roll,4.2,10.210273019492263,2.4310173855933956,0.3449440002441406,0.05780603204454694,0.17180415562220913,0.7287139892578125,0.0,0.7339935998224572,1,4.2,-89.14720107355951,-2.837127226064033,89.14720107355951,16.15330343826224,3,0,210,0.8809523809523809,0.0,0.11904761904761904,off,5.0,legged_eval-seed1,,depth,settle,0.0,auto,hold,8.0,0.8,2.0,1.0,0,PLANNER,first,on,1000,1,deterministic,20.0,1,200,lo,1.0,0.42,0.5,0.05,dead-reckoned-heading-hold,off,,,2.653,0.5582
3,forward_ramp_no_lips,1,0,1,1,heading-only,0.0,1.370919799804689,1.5817020416259737,0.5590658993956161,1.185916107981025,9.488305150221228,0,roll,6.16,-32.81390050642261,-5.326931900393281,0.3452897369861603,0.0602142532150469,-0.06790551272305621,-0.416961669921875,0.0,-1.5440281283460067,1,6.16,90.04921547451882,2.407581885299873,90.04921547451882,6.922132819083979,2,8,308,0.7077922077922078,0.0,0.2922077922077922,off,5.0,legged_eval-seed1,,depth,settle,0.0,auto,hold,8.0,0.8,2.0,1.0,0,PLANNER,first,on,1000,1,deterministic,20.0,1,200,lo,1.0,0.42,0.5,0.05,dead-reckoned-heading-hold,off,,,2.66,0.5446
3,forward_ramp_no_lips,2,0,1,1,heading-only,0.0,1.5525695800781278,2.7054737091064425,0.8961173444745504,1.1530919083400823,9.124742922381996,0,roll,8.52,20.073366224218432,2.3560288995561542,0.3429461121559143,0.06485558451621219,0.08280207853362001,0.6987228393554688,0.0,0.6340311613275896,1,8.52,-91.87429354733162,0.8039600699240304,91.87429354733162,17.525382262711524,5,0,426,0.892018779342723,0.0,0.107981220657277,off,5.0,legged_eval-seed1,,depth,settle,0.0,auto,hold,8.0,0.8,2.0,1.0,0,PLANNER,first,on,1000,1,deterministic,20.0,1,200,lo,1.0,0.42,0.5,0.05,dead-reckoned-heading-hold,off,,,2.653,0.5591
3,forward_ramp_no_lips,3,0,1,1,heading-only,0.0,1.8729217529296989,1.465336608886716,1.0236490260507332,0.7274641149090685,9.092811140963704,0,roll,5.14,25.529543901529166,4.966837334927853,0.3289884030818939,0.16982913481122547,-0.10402011500258446,-0.5427913665771484,0.0,0.5104404789074004,1,5.14,86.20071133864828,11.60138925910349,86.20071133864828,22.5943380488677,0,8,257,1.0,0.0,0.0,off,5.0,legged_eval-seed1,,depth,settle,0.0,auto,hold,8.0,0.8,2.0,1.0,0,PLANNER,first,on,1000,1,deterministic,20.0,1,200,lo,1.0,0.42,0.5,0.05,dead-reckoned-heading-hold,off,,,2.649,0.5676
3,forward_ramp_no_lips,4,0,0,1,heading-only,0.0,0.6307128906250057,1.5993755340576143,0.5448604700858384,0.9571624946878952,9.627626106953862,0,roll,6.72,-62.690103565745716,-9.328884459188352,0.3563748002052307,-0.05495343889508844,-0.0596167360033312,-0.3922996520996094,0.0,2.96286734050996,1,6.72,89.74400371832257,8.801398754187906,89.74400371832257,10.427847639544309,1,0,336,0.23809523809523808,0.0,0.7619047619047619,off,5.0,legged_eval-seed1,,depth,settle,0.0,auto,hold,8.0,0.8,2.0,1.0,0,PLANNER,first,on,1000,1,deterministic,20.0,1,200,lo,1.0,0.42,0.5,0.05,dead-reckoned-heading-hold,off,,,2.679,0.5076
3,forward_ramp_no_lips,5,0,1,1,heading-only,0.0,1.59954833984375,2.751681137084958,0.9615002567127751,0.9947272375247347,9.181273883111515,0,roll,6.3,20.060442618546887,3.1841972410391883,0.33324578404426575,0.09516640314980158,0.1193144662039616,0.7465171813964844,0.0,0.5839742183128754,1,6.3,-88.22628994355864,5.1864144122467355,88.22628994355864,17.4665197270054,2,8,315,0.9523809523809523,0.0,0.047619047619047616,off,5.0,legged_eval-seed1,,depth,settle,0.0,auto,hold,8.0,0.8,2.0,1.0,0,PLANNER,first,on,1000,1,deterministic,20.0,1,200,lo,1.0,0.42,0.5,0.05,dead-reckoned-heading-hold,off,,,2.651,0.5638
3,forward_ramp_no_lips,6,0,1,1,heading-only,0.0,1.3429199218750227,2.702597427368161,0.7818166138955671,1.350994694797961,9.682604958391243,0,roll,4.96,6.867862564378896,1.3846497105602613,0.33096495270729065,0.06913708102319006,0.14165270713067768,0.7010631561279297,0.0,0.34954753770927977,1,4.96,-89.8468396032792,-4.44352072859708,89.8468396032792,8.811059044387568,4,0,248,0.8790322580645161,0.0,0.12096774193548387,off,5.0,legged_eval-seed1,,depth,settle,0.0,auto,hold,8.0,0.8,2.0,1.0,0,PLANNER,first,on,1000,1,deterministic,20.0,1,200,lo,1.0,0.42,0.5,0.05,dead-reckoned-heading-hold,off,,,2.654,0.558
3,forward_ramp_no_lips,7,0,1,1,heading-only,0.0,0.969805908203142,1.865023422241208,0.13831254362100454,1.4969957090929615,10.631050987828822,0,roll,7.58,-58.72034358290722,-7.746747174526019,0.34888631105422974,-0.003983389419110547,-0.01780693637978785,-0.1438446044921875,0.0,33.94251234046735,1,7.58,88.99123744246558,-0.09209165926417619,88.99123744246558,11.924775509969852,1,0,379,0.554089709762533,0.0,0.44591029023746703,off,5.0,legged_eval-seed1,,depth,settle,0.0,auto,hold,8.0,0.8,2.0,1.0,0,PLANNER,first,on,1000,1,deterministic,20.0,1,200,lo,1.0,0.42,0.5,0.05,dead-reckoned-heading-hold,off,,,2.667,0.5325
3,forward_ramp_no_lips,8,0,0,1,heading-only,0.0,0.8014953613281364,2.4736030578613253,0.5135211271114801,0.8439245147889167,10.708982274712149,0,roll,3.08,48.49353538212006,15.744654344844175,0.347474604845047,-0.06444955801034534,0.15376722657835237,0.46079444885253906,0.0,-4.263738439631374,1,3.08,-87.75828005549936,6.481580459209413,87.75828005549936,12.66997479669006,5,0,154,0.6818181818181818,0.0,0.3181818181818182,off,5.0,legged_eval-seed1,,depth,settle,0.0,auto,hold,8.0,0.8,2.0,1.0,0,PLANNER,first,on,1000,1,deterministic,20.0,1,200,lo,1.0,0.42,0.5,0.05,dead-reckoned-heading-hold,off,,,2.661,0.5425
3,forward_ramp_no_lips,9,0,1,1,heading-only,0.0,0.9204772949219091,1.9740589141845675,0.08364688013441181,1.4803140513514605,10.229555597074635,0,roll,9.3,-88.01879468327849,-9.464386525083707,0.3486093580722809,-0.008550828503020526,-0.0027893640661755406,-0.038211822509765625,0.0,19.317976788535187,1,9.3,89.55671841388715,-1.3637898618797795,89.55671841388715,9.40751783583573,1,8,465,0.3225806451612903,0.0,0.6774193548387096,off,5.0,legged_eval-seed1,,depth,settle,0.0,auto,hold,8.0,0.8,2.0,1.0,0,PLANNER,first,on,1000,1,deterministic,20.0,1,200,lo,1.0,0.42,0.5,0.05,dead-reckoned-heading-hold,off,,,2.676,0.5143
4,flush_a_frame,0,0,1,1,heading-only,0.0,1.240369200706482,1.7741188049316392,0.32984794517138327,1.3898718163225694,12.861614463527664,0,roll,8.02,-51.42269753416943,-6.411807672589704,0.3489125669002533,0.029971222033227177,-0.02816473753969586,-0.2373504638671875,0.0,-3.7338202215198506,1,8.02,88.08245537751705,0.9214952005867642,88.08245537751705,13.143834080648734,3,8,401,0.6359102244389028,0.0,0.3640897755610973,off,5.0,legged_eval-seed1,,depth,settle,0.0,auto,hold,8.0,0.8,2.0,1.0,0,PLANNER,first,on,1000,1,deterministic,20.0,1,200,lo,1.0,0.42,0.5,0.05,dead-reckoned-heading-hold,off,,,2.663,0.5389
4,flush_a_frame,1,0,1,1,heading-only,0.0,1.7212081909179702,2.983889007568358,1.2199093547723208,1.4381269248519968,12.617212091244369,0,roll,11.700000000000001,-8.355664774934354,-0.7141593824730217,0.35090771317481995,0.061641725719484626,0.08409307756994512,0.9409751892089844,0.0,-0.202207716650992,1,11.700000000000001,-91.67864819431338,-4.720658817015108,91.67864819431338,9.81269872731598,14,8,585,0.811965811965812,0.0,0.18803418803418803,off,5.0,legged_eval-seed1,,depth,settle,0.0,auto,hold,8.0,0.8,2.0,1.0,0,PLANNER,first,on,1000,1,deterministic,20.0,1,200,lo,1.0,0.42,0.5,0.05,dead-reckoned-heading-hold,off,,,2.656,0.5528
4,flush_a_frame,2,0,1,1,heading-only,0.0,1.6038314819335966,2.613699340820311,0.8609525767993309,1.2591287865810004,11.712257890088097,0,roll,6.28,6.141832628921435,0.9779988262613749,0.336505651473999,0.09615150986203767,0.09772282497138711,0.6054649353027344,0.0,0.17752502923139477,1,6.28,-88.65456911369982,-9.911985431785,88.65456911369982,22.0502156130681,1,0,314,0.9394904458598726,0.0,0.06050955414012739,off,5.0,legged_eval-seed1,,depth,settle,0.0,auto,hold,8.0,0.8,2.0,1.0,0,PLANNER,first,on,1000,1,deterministic,20.0,1,200,lo,1.0,0.42,0.5,0.05,dead-reckoned-heading-hold,off,,,2.651,0.5628
4,flush_a_frame,3,0,1,1,heading-only,0.0,1.1359909057617301,2.611757659912108,0.6266904825438424,1.504740029226358,13.577797691195714,0,roll,4.22,36.81285207777796,8.72342466298056,0.334277480840683,0.0322253331188934,0.1449662701213526,0.6082992553710938,0.0,4.724620901728502,1,4.22,-87.57931648247981,5.221774791512327,87.57931648247981,13.596607589200612,4,8,211,0.8578199052132701,0.0,0.14218009478672985,off,5.0,legged_eval-seed1,,depth,settle,0.0,auto,hold,8.0,0.8,2.0,1.0,0,PLANNER,first,on,1000,1,deterministic,20.0,1,200,lo,1.0,0.42,0.5,0.05,dead-reckoned-heading-hold,off,,,2.654,0.5564
4,flush_a_frame,4,0,1,1,heading-only,0.0,1.4379180908203182,2.7061408996582017,0.8309074704428929,1.2669566578232612,12.781602780042146,0,roll,5.32,0.4508688511226353,0.08474978404560814,0.3327721655368805,0.08231543060532297,0.13273325181545145,0.7084808349609375,0.0,0.017969447053519653,1,5.32,-92.09767495090638,1.7359887600009918,92.09767495090638,18.03985514045998,3,8,266,0.9022556390977443,0.0,0.09774436090225563,off,5.0,legged_eval-seed1,,depth,settle,0.0,auto,hold,8.0,0.8,2.0,1.0,0,PLANNER,first,on,1000,1,deterministic,20.0,1,200,lo,1.0,0.42,0.5,0.05,dead-reckoned-heading-hold,off,,,2.653,0.5599
4,flush_a_frame,5,0,1,1,heading-only,0.0,1.614013671875,2.610933685302733,0.866171320863834,1.3919962026942831,13.300025288658745,0,roll,9.9,10.75588822512617,1.0864533560733505,0.3503150939941406,0.06202158301767677,0.06171047326290232,0.6097373962402344,0.0,0.30573531519532304,1,9.9,-90.73985053479335,-7.758894995387244,90.73985053479335,20.43299639565569,5,8,495,0.9090909090909091,0.0,0.09090909090909091,off,5.0,legged_eval-seed1,,depth,settle,0.0,auto,hold,8.0,0.8,2.0,1.0,0,PLANNER,first,on,1000,1,deterministic,20.0,1,200,lo,1.0,0.42,0.5,0.05,dead-reckoned-heading-hold,off,,,2.652,0.5604
4,flush_a_frame,6,0,1,1,heading-only,0.0,1.4743743896484602,2.5811714172363267,0.7501941600458042,1.4812874681439723,13.737924101251624,0,roll,8.36,31.622872694106462,3.782640274414649,0.327737957239151,0.056743348044074195,0.06951811210960847,0.5741004943847656,0.0,1.16347606341096,1,8.36,-88.35076361273238,0.9416222686322704,88.35076361273238,18.040893200432535,3,8,418,0.8851674641148325,0.0,0.11483253588516747,off,5.0,legged_eval-seed1,,depth,settle,0.0,auto,hold,8.0,0.8,2.0,1.0,0,PLANNER,first,on,1000,1,deterministic,20.0,1,200,lo,1.0,0.42,0.5,0.05,dead-reckoned-heading-hold,off,,,2.653,0.5585
4,flush_a_frame,7,0,0,1,heading-only,0.0,1.154437255859392,2.590780639648436,0.6106329750191964,0.6844233882045547,12.559465208811746,0,roll,3.14,3.4621903073343105,1.102608378131946,0.33957406878471375,0.049183839445666254,0.18814670052497964,0.6220283508300781,0.0,0.39126970922504434,1,3.14,-91.36718964507351,1.223221119148505,91.36718964507351,16.439466948691283,1,8,157,0.4140127388535032,0.0,0.5859872611464968,off,5.0,legged_eval-seed1,,depth,settle,0.0,auto,hold,8.0,0.8,2.0,1.0,0,PLANNER,first,on,1000,1,deterministic,20.0,1,200,lo,1.0,0.42,0.5,0.05,dead-reckoned-heading-hold,off,,,2.672,0.5215
4,flush_a_frame,8,0,1,1,heading-only,0.0,1.3667419433593864,1.5780586242675767,0.5590475628906626,1.2340475771077952,12.440415605098327,0,roll,6.48,-16.4332053103642,-2.535988473821636,0.35225746035575867,0.05659597891348555,-0.0651144098352505,-0.42401885986328125,0.0,-0.7820581870042906,1,6.48,87.59425552707869,1.080323820244265,87.59425552707869,8.066305339272652,4,8,324,0.9074074074074074,0.0,0.09259259259259259,off,5.0,legged_eval-seed1,,depth,settle,0.0,auto,hold,8.0,0.8,2.0,1.0,0,PLANNER,first,on,1000,1,deterministic,20.0,1,200,lo,1.0,0.42,0.5,0.05,dead-reckoned-heading-hold,off,,,2.652,0.5603
4,flush_a_frame,9,0,0,1,heading-only,0.0,0.9668945312500341,2.5669006347656236,0.5678664471148317,0.7781887756250329,13.045428873335593,0,roll,4.82,31.18662171567479,6.470253467982321,0.3486499786376953,-0.006868354512441057,0.1176142395779302,0.5594863891601562,0.0,-16.441671181987076,1,4.82,-86.40769174420076,16.40581490094893,86.40769174420076,22.776680892329708,7,8,241,0.7883817427385892,0.0,0.21161825726141079,off,5.0,legged_eval-seed1,,depth,settle,0.0,auto,hold,8.0,0.8,2.0,1.0,0,PLANNER,first,on,1000,1,deterministic,20.0,1,200,lo,1.0,0.42,0.5,0.05,dead-reckoned-heading-hold,off,,,2.657,0.5509
5,sphere_bump,0,0,0,1,heading-only,0.0,1.024074912071228,2.044727325439453,0.05079502960137056,0.4780221992344875,14.925992103177013,1,timeout,20.0,2.8480804104812023,0.14240402052406012,0.34067338705062866,0.0012037456035614014,0.0022363662719726562,0.042613983154296875,0.0,2.064737780864221,0,20.0,-8.842653113587232,7.9827262786880375,13.37869243735298,8.829116263930777,0,0,1000,1.0,0.0,0.0,off,5.0,legged_eval-seed1,,depth,settle,0.0,auto,hold,8.0,0.8,2.0,1.0,0,PLANNER,first,on,1000,1,deterministic,20.0,1,200,lo,1.0,0.42,0.5,0.05,dead-reckoned-heading-hold,off,,,2.649,0.5676
5,sphere_bump,1,0,1,1,heading-only,0.0,1.1616683959960952,1.31231689453125,0.7064309759708263,2.0201920877647592,14.404755964622408,0,roll,3.16,-8.971536608333906,-2.8390938633968057,0.32184234261512756,0.051160884808890875,-0.21762123590783228,-0.6604118347167969,0.0,-0.9685433681324679,1,3.16,89.46961113763508,-0.9638873631834253,89.46961113763508,12.98151155450832,1,0,158,0.8860759493670886,0.0,0.11392405063291139,off,5.0,legged_eval-seed1,,depth,settle,0.0,auto,hold,8.0,0.8,2.0,1.0,0,PLANNER,first,on,1000,1,deterministic,20.0,1,200,lo,1.0,0.42,0.5,0.05,dead-reckoned-heading-hold,off,,,2.653,0.5586
5,sphere_bump,2,0,1,1,heading-only,0.0,1.240077209472659,1.5059165954589844,0.5493227440685666,1.710490951779852,14.118570733799011,0,roll,2.92,-3.495021271519164,-1.1969250929860151,0.3211999833583832,0.08221822242214352,-0.16920664539075878,-0.5088272094726562,0.0,-0.2540833790480849,1,2.92,87.25732020907998,4.306884794779115,87.25732020907998,13.564445978975359,1,0,146,0.9931506849315068,0.0,0.00684931506849315,off,5.0,legged_eval-seed1,,depth,settle,0.0,auto,hold,8.0,0.8,2.0,1.0,0,PLANNER,first,on,1000,1,deterministic,20.0,1,200,lo,1.0,0.42,0.5,0.05,dead-reckoned-heading-hold,off,,,2.649,0.567
5,sphere_bump,3,0,1,1,heading-only,0.0,1.1951339721679801,2.4543800354003906,0.49450832517209886,2.186541116098682,13.462536203980244,0,roll,12.86,-163.36847112181118,-12.70361361755919,0.3544478416442871,0.015173714787556775,0.035332817682767546,0.44338226318359375,0.0,-14.612103076394797,1,12.86,86.68648901347223,3.077271604127366,86.68648901347223,10.219015055944212,1,0,643,0.14774494556765164,0.0,0.8522550544323484,off,5.0,legged_eval-seed1,,depth,settle,0.0,auto,hold,8.0,0.8,2.0,1.0,0,PLANNER,first,on,1000,1,deterministic,20.0,1,200,lo,1.0,0.42,0.5,0.05,dead-reckoned-heading-hold,off,,,2.683,0.5005
5,sphere_bump,4,0,1,1,heading-only,0.0,1.8804840087890682,2.76373291015625,1.1655642615441684,1.2445189927738887,12.692514463635861,0,roll,8.8,26.25329311605978,2.983328763188611,0.3365880250930786,0.10005500099875773,0.08678783069957385,0.7511062622070312,0.0,0.5204028690953483,1,8.8,-89.33324549295791,-0.31924783483531227,89.33324549295791,18.799320799228717,2,8,440,0.9659090909090909,0.0,0.03409090909090909,off,5.0,legged_eval-seed1,,depth,settle,0.0,auto,hold,8.0,0.8,2.0,1.0,0,PLANNER,first,on,1000,1,deterministic,20.0,1,200,lo,1.0,0.42,0.5,0.05,dead-reckoned-heading-hold,off,,,2.65,0.5649
5,sphere_bump,5,0,0,1,heading-only,0.0,0.641937255859375,1.6539268493652344,0.4979714392731654,0.9252233776080309,13.562478829463439,0,roll,3.52,-51.037624814621665,-14.49932523142661,0.34223976731300354,-0.10172237049449574,-0.09831623597578569,-0.3457832336425781,0.0,2.4877611814952387,1,3.52,86.36697914026567,5.8140458612758295,86.36697914026567,8.666466125464007,1,0,176,0.5681818181818182,0.0,0.4318181818181818,off,5.0,legged_eval-seed1,,depth,settle,0.0,auto,hold,8.0,0.8,2.0,1.0,0,PLANNER,first,on,1000,1,deterministic,20.0,1,200,lo,1.0,0.42,0.5,0.05,dead-reckoned-heading-hold,off,,,2.666,0.5336
5,sphere_bump,6,0,1,1,heading-only,0.0,2.1150299072265852,2.529102325439453,1.234196485489715,0.9450891141406538,11.946692445450395,0,roll,8.14,-34.674590720306014,-4.259777729767324,0.34190815687179565,0.13698156108434706,0.06500028568052249,0.5331802368164062,0.0,-0.5427529530181762,1,8.14,-91.15292776517973,-12.081322678277045,91.15292776517973,16.937734013879094,6,8,407,0.8894348894348895,0.0,0.11056511056511056,off,5.0,legged_eval-seed1,,depth,settle,0.0,auto,hold,8.0,0.8,2.0,1.0,0,PLANNER,first,on,1000,1,deterministic,20.0,1,200,lo,1.0,0.42,0.5,0.05,dead-reckoned-heading-hold,off,,,2.653,0.5589
5,sphere_bump,7,0,1,1,heading-only,0.0,1.048754882812517,1.4978065490722656,0.5045545567654394,2.12922314123065,12.711169332088723,0,roll,6.76,-29.83981387475231,-4.414173650111288,0.34369903802871704,0.007212260771082404,-0.07428897203072994,-0.4742698669433594,0.0,-10.68206854889633,1,6.76,87.60134322881686,1.098425649538612,87.60134322881686,10.22173076471175,1,8,338,0.636094674556213,0.0,0.363905325443787,off,5.0,legged_eval-seed1,,depth,settle,0.0,auto,hold,8.0,0.8,2.0,1.0,0,PLANNER,first,on,1000,1,deterministic,20.0,1,200,lo,1.0,0.42,0.5,0.05,dead-reckoned-heading-hold,off,,,2.663,0.5389
5,sphere_bump,8,0,1,1,heading-only,0.0,3.3312500000000114,2.021930694580078,2.3313531516835493,0.663531725964068,10.068773883540343,1,timeout,20.0,-47.67230599527116,-2.383615299763558,0.3460729718208313,0.11656250000000057,0.0010965347290039062,0.02791595458984375,0.0,-0.35690668166679246,0,20.0,41.209776516700984,-3.584048935380223,44.176178022793586,10.134719725972298,3,8,1000,0.72,0.0,0.28,off,5.0,legged_eval-seed1,,depth,settle,0.0,auto,hold,8.0,0.8,2.0,1.0,0,PLANNER,first,on,1000,1,deterministic,20.0,1,200,lo,1.0,0.42,0.5,0.05,dead-reckoned-heading-hold,off,,,2.66,0.5455
5,sphere_bump,9,0,1,1,heading-only,0.0,0.8960327148437841,2.244426727294922,0.2656193166899953,2.0352683440368455,12.356385074435247,0,roll,9.66,-112.59008699192265,-11.655288508480606,0.3545881509780884,-0.010762658918862928,0.025302973840054022,0.23857498168945312,0.0,18.900827507068968,1,9.66,89.46721882904694,-0.1422118484909059,89.46721882904694,8.451075117390067,1,0,483,0.2795031055900621,0.0,0.7204968944099379,off,5.0,legged_eval-seed1,,depth,settle,0.0,auto,hold,8.0,0.8,2.0,1.0,0,PLANNER,first,on,1000,1,deterministic,20.0,1,200,lo,1.0,0.42,0.5,0.05,dead-reckoned-heading-hold,off,,,2.678,0.5109
6,box_jump_even,0,0,1,1,heading-only,0.0,1.46565842628479,2.796830749511713,0.9229176633575855,1.3659438256538814,10.016087854246553,0,roll,5.16,-4.538193387341295,-0.8794948425080028,0.3326312005519867,0.0902438810629438,0.1544245638588591,0.7702865600585938,0.0,-0.1700955297497364,1,5.16,-93.33250342299404,-1.9792727547243507,93.33250342299404,8.081043477579644,4,8,258,0.8837209302325582,0.0,0.11627906976744186,off,5.0,legged_eval-seed1,,depth,settle,0.0,auto,hold,8.0,0.8,2.0,1.0,0,PLANNER,first,on,1000,1,deterministic,20.0,1,200,lo,1.0,0.42,0.5,0.05,dead-reckoned-heading-hold,off,,,2.653,0.5584
6,box_jump_even,1,0,1,1,heading-only,0.0,1.4877677917480483,2.762612915039057,0.9052601155751506,1.2818310550135847,9.79197406787907,0,roll,5.84,20.849527881936098,3.570124637317825,0.3439382314682007,0.08352188214863841,0.13058440326011247,0.752593994140625,0.0,0.7460371824101699,1,5.84,-88.88983954372283,-2.7355855920422125,88.88983954372283,12.618366237611207,6,0,292,0.8287671232876712,0.0,0.17123287671232876,off,5.0,legged_eval-seed1,,depth,settle,0.0,auto,hold,8.0,0.8,2.0,1.0,0,PLANNER,first,on,1000,1,deterministic,20.0,1,200,lo,1.0,0.42,0.5,0.05,dead-reckoned-heading-hold,off,,,2.656,0.5541
6,box_jump_even,2,0,1,1,heading-only,0.0,1.454158020019534,1.5748077392578068,0.622131791297568,1.017027142513308,10.054836127224197,0,roll,6.74,-32.82370292761041,-4.86998559756831,0.35486066341400146,0.06738249555185966,-0.06308490515462807,-0.40653228759765625,0.0,-1.2614148898188853,1,6.74,90.31523640914658,0.462351338479522,90.31523640914658,5.953231793902964,1,8,337,0.7418397626112759,0.0,0.258160237388724,off,5.0,legged_eval-seed1,,depth,settle,0.0,auto,hold,8.0,0.8,2.0,1.0,0,PLANNER,first,on,1000,1,deterministic,20.0,1,200,lo,1.0,0.42,0.5,0.05,dead-reckoned-heading-hold,off,,,2.659,0.5473
6,box_jump_even,3,0,0,1,heading-only,0.0,0.8839996337890739,2.6110435485839787,0.621956833893776,0.867658152406866,10.48382267514065,0,roll,2.24,2.5074762214435964,1.119409027430177,0.32245945930480957,-0.05178587777273488,0.27278729847499045,0.5846290588378906,0.0,-0.3772722225728204,1,2.24,-88.92328935858167,-4.534674238421945,88.92328935858167,17.971347260529107,4,0,112,0.6428571428571429,0.0,0.35714285714285715,off,5.0,legged_eval-seed1,,depth,settle,0.0,auto,hold,8.0,0.8,2.0,1.0,0,PLANNER,first,on,1000,1,deterministic,20.0,1,200,lo,1.0,0.42,0.5,0.05,dead-reckoned-heading-hold,off,,,2.663,0.5395
6,box_jump_even,4,0,0,1,heading-only,0.0,0.8615631103515682,2.669255828857416,0.6834238339970001,0.9249351471987596,11.35817126411641,0,roll,1.82,19.225157432356866,10.563273314481794,0.3309137225151062,-0.07606422508155594,0.3677229828886902,0.6556854248046875,0.0,-2.423792511237537,1,1.82,-89.18375956752911,7.062178518990202,89.18375956752911,9.333856580295361,2,0,91,0.8351648351648352,0.0,0.16483516483516483,off,5.0,legged_eval-seed1,,depth,settle,0.0,auto,hold,8.0,0.8,2.0,1.0,0,PLANNER,first,on,1000,1,deterministic,20.0,1,200,lo,1.0,0.42,0.5,0.05,dead-reckoned-heading-hold,off,,,2.655,0.5546
6,box_jump_even,5,0,0,1,heading-only,0.0,0.7965087890625,1.4212890624999943,0.6134452070975415,0.9109370082768872,11.31829580391515,0,roll,4.96,-29.596904597925544,-5.967117862484988,0.35179468989372253,-0.04102645381804435,-0.11667559223790437,-0.5686378479003906,0.0,2.538504888012612,1,4.96,87.2111535315967,2.57317534565568,87.2111535315967,14.497278561313,1,0,248,0.3225806451612903,0.0,0.6774193548387096,off,5.0,legged_eval-seed1,,depth,settle,0.0,auto,hold,8.0,0.8,2.0,1.0,0,PLANNER,first,on,1000,1,deterministic,20.0,1,200,lo,1.0,0.42,0.5,0.05,dead-reckoned-heading-hold,off,,,2.676,0.5143
6,box_jump_even,6,0,1,1,heading-only,0.0,1.1194244384765852,1.508042907714838,0.5062449774122396,1.4198064740323035,10.691899555554247,0,roll,4.4,-29.10792583124848,-6.6154376889201085,0.34000998735427856,0.027141917835587552,-0.11180843006480952,-0.5038642883300781,0.0,-4.253979760442409,1,4.4,88.05084784853526,0.19239263735590564,88.05084784853526,5.588748586933213,1,0,220,0.6363636363636364,0.0,0.36363636363636365,off,5.0,legged_eval-seed1,,depth,settle,0.0,auto,hold,8.0,0.8,2.0,1.0,0,PLANNER,first,on,1000,1,deterministic,20.0,1,200,lo,1.0,0.42,0.5,0.05,dead-reckoned-heading-hold,off,,,2.663,0.539
6,box_jump_even,7,0,0,1,heading-only,0.0,0.759082031250017,1.558835601806635,0.5026604160861801,0.8623140162666467,11.04972830520729,0,roll,4.34,-44.25414771596422,-10.196808229484844,0.3387008011341095,-0.05551105270736934,-0.10165078299386292,-0.43802642822265625,0.0,3.205989944689664,1,4.34,92.99455933024625,2.149708090213513,92.99455933024625,11.574129122916558,3,0,217,0.4608294930875576,0.0,0.5391705069124424,off,5.0,legged_eval-seed1,,depth,settle,0.0,auto,hold,8.0,0.8,2.0,1.0,0,PLANNER,first,on,1000,1,deterministic,20.0,1,200,lo,1.0,0.42,0.5,0.05,dead-reckoned-heading-hold,off,,,2.67,0.5251
6,box_jump_even,8,0,2,1,heading-only,0.0,1.7111938476562614,1.8422943115234318,0.7284694730199652,2.276775885333468,10.439997364481798,0,roll,11.88,-51.60131809174368,-4.343545293917818,0.34827056527137756,0.059864801991267785,-0.013274889602404728,-0.18617630004882812,0.0,-1.2663395529050392,1,11.88,85.9897033100113,1.887948325939933,85.9897033100113,6.579694698835941,1,0,594,0.6060606060606061,0.0,0.3939393939393939,off,5.0,legged_eval-seed1,,depth,settle,0.0,auto,hold,8.0,0.8,2.0,1.0,0,PLANNER,first,on,1000,1,deterministic,20.0,1,200,lo,1.0,0.42,0.5,0.05,dead-reckoned-heading-hold,off,,,2.665,0.5366
6,box_jump_even,9,0,1,1,heading-only,0.0,1.070013427734409,2.5356460571289006,0.5402023496624748,1.3798311473623626,11.142868472585048,0,roll,5.5200000000000005,43.04313266768531,7.797668961537194,0.34269893169403076,0.012683591980871213,0.09703732919001821,0.5049018859863281,0.0,10.730004368213915,1,5.5200000000000005,-93.0278859924214,16.869199833455454,93.0278859924214,23.678300339179465,7,0,276,0.7971014492753623,0.0,0.2028985507246377,off,5.0,legged_eval-seed1,,depth,settle,0.0,auto,hold,8.0,0.8,2.0,1.0,0,PLANNER,first,on,1000,1,deterministic,20.0,1,200,lo,1.0,0.42,0.5,0.05,dead-reckoned-heading-hold,off,,,2.657,0.5516
7,box_jump_uneven,0,0,0,1,heading-only,0.0,0.760197639465332,1.6482650756835895,0.4257025124448644,0.8191611499799889,11.545161582982951,0,roll,1.74,-10.732825597222188,-6.1682905731162005,0.30463117361068726,-0.13781744858314252,-0.20214650822782212,-0.325469970703125,0.0,0.7811563835159697,1,1.74,87.29978068827442,2.1662053031097077,87.29978068827442,13.462573377544306,1,0,87,0.6896551724137931,0.0,0.3103448275862069,off,5.0,legged_eval-seed1,,depth,settle,0.0,auto,hold,8.0,0.8,2.0,1.0,0,PLANNER,first,on,1000,1,deterministic,20.0,1,200,lo,1.0,0.42,0.5,0.05,dead-reckoned-heading-hold,off,,,2.661,0.5432
7,box_jump_uneven,1,0,2,1,heading-only,0.0,3.437059020996095,1.4740936279296832,2.4931574727647283,1.0418287825497428,9.178020750515508,0,below,17.46,24.410507301166717,1.398081746916765,0.3756963610649109,0.1395795544671303,-0.03012063986657026,-0.5250358581542969,0.0,0.17481879626917618,1,17.46,60.6907793075946,67.05402601874208,60.6907793075946,67.51039817621039,8,8,873,0.9312714776632303,0.0,0.06872852233676977,off,5.0,legged_eval-seed1,,depth,settle,0.0,auto,hold,8.0,0.8,2.0,1.0,0,PLANNER,first,on,1000,1,deterministic,20.0,1,200,lo,1.0,0.42,0.5,0.05,dead-reckoned-heading-hold,off,,,2.651,0.5622
7,box_jump_uneven,2,0,1,1,heading-only,0.0,1.4068176269531278,1.5007698059081989,0.6439964039439287,1.2670571338557879,10.854668800191341,0,roll,14.24,-38.61855934221779,-2.711977481897317,0.36634382605552673,0.02856865357816909,-0.03505830014689615,-0.47336578369140625,0.0,-1.6568136881054434,1,14.24,91.16706679306354,4.145345606675989,91.16706679306354,17.64759818125295,7,0,712,0.8918539325842697,0.0,0.10814606741573034,off,5.0,legged_eval-seed1,,depth,settle,0.0,auto,hold,8.0,0.8,2.0,1.0,0,PLANNER,first,on,1000,1,deterministic,20.0,1,200,lo,1.0,0.42,0.5,0.05,dead-reckoned-heading-hold,off,,,2.653,0.5591
7,box_jump_uneven,3,0,1,1,heading-only,0.0,1.6619155883789176,1.5838195800781207,0.7818813132856933,1.1442472487168622,11.295753884792697,0,roll,8.18,-11.358732265703566,-1.3885980764918784,0.3457922041416168,0.08091877608544225,-0.05087780194644001,-0.42240142822265625,0.0,-0.2995053755639227,1,8.18,90.35006068392302,1.3396324826145887,90.35006068392302,13.950252267761082,5,0,409,0.78239608801956,0.0,0.2176039119804401,off,5.0,legged_eval-seed1,,depth,settle,0.0,auto,hold,8.0,0.8,2.0,1.0,0,PLANNER,first,on,1000,1,deterministic,20.0,1,200,lo,1.0,0.42,0.5,0.05,dead-reckoned-heading-hold,off,,,2.657,0.5504
7,box_jump_uneven,4,0,1,1,heading-only,0.0,1.2562774658203182,1.3437034606933551,0.70455893081641,1.4437298330109243,11.312775690631547,0,roll,6.0600000000000005,-8.028147490130863,-1.3247768135529476,0.3470132648944855,0.04229001086143864,-0.10829975896149255,-0.6622428894042969,0.0,-0.5467418139554341,1,6.0600000000000005,89.5474389851405,-0.9662433662032032,89.5474389851405,9.576225582205808,3,8,303,0.5610561056105611,0.0,0.4389438943894389,off,5.0,legged_eval-seed1,,depth,settle,0.0,auto,hold,8.0,0.8,2.0,1.0,0,PLANNER,first,on,1000,1,deterministic,20.0,1,200,lo,1.0,0.42,0.5,0.05,dead-reckoned-heading-hold,off,,,2.666,0.533
7,box_jump_uneven,5,0,1,1,heading-only,0.0,1.63995361328125,1.4448883056640582,0.847165639258491,1.0022792412534898,11.02403149627609,0,roll,9.22,-3.329847282171812,-0.3611548028385913,0.3388778567314148,0.06940928560534164,-0.0602073421188657,-0.5528831481933594,0.0,-0.09081408004636321,1,9.22,93.59592525136208,0.13093816595900118,93.59592525136208,10.832441599266202,5,8,461,0.824295010845987,0.0,0.175704989154013,off,5.0,legged_eval-seed1,,depth,settle,0.0,auto,hold,8.0,0.8,2.0,1.0,0,PLANNER,first,on,1000,1,deterministic,20.0,1,200,lo,1.0,0.42,0.5,0.05,dead-reckoned-heading-hold,off,,,2.656,0.5537
7,box_jump_uneven,6,0,1,1,heading-only,0.0,0.8918395996093977,1.6263343811035114,0.38900471328500796,1.5071073285904537,11.364305243865394,0,roll,5.0600000000000005,-43.57079679255014,-8.610829405642319,0.3465301990509033,-0.021375573199723764,-0.07384696025622305,-0.37335968017578125,0.0,7.030797399058614,1,5.0600000000000005,87.17658152810385,14.626499400959744,87.17658152810385,21.963207432610492,3,8,253,0.3952569169960474,0.0,0.6047430830039525,off,5.0,legged_eval-seed1,,depth,settle,0.0,auto,hold,8.0,0.8,2.0,1.0,0,PLANNER,first,on,1000,1,deterministic,20.0,1,200,lo,1.0,0.42,0.5,0.05,dead-reckoned-heading-hold,off,,,2.673,0.52
7,box_jump_uneven,7,0,0,1,heading-only,0.0,0.8190032958984546,1.4564811706542926,0.5728634433693169,0.8713031784921343,10.79468863153086,0,roll,3.72,-32.81800709876657,-8.822044919023272,0.3434487283229828,-0.048655027984286406,-0.1461072121897063,-0.535675048828125,0.0,3.164600596787651,1,3.72,89.6837196936881,-2.0049956692899227,89.6837196936881,9.305762879286497,1,8,186,0.5376344086021505,0.0,0.46236559139784944,off,5.0,legged_eval-seed1,,depth,settle,0.0,auto,hold,8.0,0.8,2.0,1.0,0,PLANNER,first,on,1000,1,deterministic,20.0,1,200,lo,1.0,0.42,0.5,0.05,dead-reckoned-heading-hold,off,,,2.667,0.5312
7,box_jump_uneven,8,0,0,1,heading-only,0.0,1.2106445312500114,1.3960067749023395,0.6396709580006038,0.6697271110380696,11.754883012503097,0,roll,2.2800000000000002,10.008931520761905,4.389882245948203,0.320006787776947,0.09238795230263655,-0.26490930925335987,-0.6567192077636719,0.0,0.8293061709568071,1,2.2800000000000002,87.69407152685507,0.4568520923685826,87.69407152685507,10.195689497649466,1,8,114,0.9210526315789473,0.0,0.07894736842105263,off,5.0,legged_eval-seed1,,depth,settle,0.0,auto,hold,8.0,0.8,2.0,1.0,0,PLANNER,first,on,1000,1,deterministic,20.0,1,200,lo,1.0,0.42,0.5,0.05,dead-reckoned-heading-hold,off,,,2.652,0.5614
7,box_jump_uneven,9,0,1,1,heading-only,0.0,1.334112548828159,1.5083419799804645,0.5944399077568556,1.1743723039936538,11.926026218218878,0,roll,7.36,-26.8684085607741,-3.650598989235611,0.3360300660133362,0.045395726742956395,-0.06680136141569776,-0.492462158203125,0.0,-1.403545589057553,1,7.36,87.70109381549922,-1.4259167235099068,87.70109381549922,7.122347767296514,1,8,368,0.7744565217391305,0.0,0.22554347826086957,off,5.0,legged_eval-seed1,,depth,settle,0.0,auto,hold,8.0,0.8,2.0,1.0,0,PLANNER,first,on,1000,1,deterministic,20.0,1,200,lo,1.0,0.42,0.5,0.05,dead-reckoned-heading-hold,off,,,2.658,0.5498
8,flat_circle_jump,0,0,1,1,heading-only,0.0,1.4942219257354736,2.880657958984372,1.0098582834240655,1.372111419760144,7.358665076705613,0,roll,7.04,27.462763442292783,3.90096071623477,0.3487718403339386,0.07020197808742523,0.1250934600830074,0.8775787353515625,0.0,0.9698388897883272,1,7.04,-89.16581047747762,20.027846390427147,89.16581047747762,26.543177459865777,3,8,352,0.9232954545454546,0.0,0.07670454545454546,off,5.0,legged_eval-seed1,,depth,settle,0.0,auto,hold,8.0,0.8,2.0,1.0,0,PLANNER,first,on,1000,1,deterministic,20.0,1,200,lo,1.0,0.42,0.5,0.05,dead-reckoned-heading-hold,off,,,2.652,0.5615
8,flat_circle_jump,1,0,0,1,heading-only,0.0,0.9624687194824233,1.4302871704101534,0.570947725467541,0.7832704422701876,8.356973169862902,0,roll,2.22,-15.757770937446054,-7.098095016867592,0.317337304353714,-0.01690598221512464,-0.2566274007161471,-0.5829391479492188,0.0,7.327887080876629,1,2.22,86.73339910160486,4.693186437527704,86.73339910160486,12.995088757299875,0,8,111,1.0,0.0,0.0,off,5.0,legged_eval-seed1,,depth,settle,0.0,auto,hold,8.0,0.8,2.0,1.0,0,PLANNER,first,on,1000,1,deterministic,20.0,1,200,lo,1.0,0.42,0.5,0.05,dead-reckoned-heading-hold,off,,,2.649,0.5676
8,flat_circle_jump,2,0,1,1,heading-only,0.0,2.037989807128909,2.1862380981445284,1.0545650614845918,0.8328959074718078,7.814229832985618,1,timeout,20.0,-50.1388598494369,-2.5069429924718447,0.31887349486351013,0.051899490356445456,0.00931190490722642,0.1856842041015625,0.0,-0.8430604824426605,0,20.0,-69.17688988436,8.91501385681971,69.17688988436,24.418864466351724,1,8,1000,0.235,0.0,0.765,off,5.0,legged_eval-seed1,,depth,settle,0.0,auto,hold,8.0,0.8,2.0,1.0,0,PLANNER,first,on,1000,1,deterministic,20.0,1,200,lo,1.0,0.42,0.5,0.05,dead-reckoned-heading-hold,off,,,2.679,0.5074
8,flat_circle_jump,3,0,1,1,heading-only,0.0,1.6974380493164176,1.4101837158203097,0.9134019278049652,1.245976965796691,8.572875781752824,0,roll,6.96,1.2162430075771624,0.17474755855993712,0.3459745943546295,0.10020661628109448,-0.08474371899133482,-0.6112442016601562,0.0,0.030436316182326954,1,6.96,88.86452142333388,-1.6619754822324957,88.86452142333388,17.397552230919032,2,8,348,0.8706896551724138,0.0,0.12931034482758622,off,5.0,legged_eval-seed1,,depth,settle,0.0,auto,hold,8.0,0.8,2.0,1.0,0,PLANNER,first,on,1000,1,deterministic,20.0,1,200,lo,1.0,0.42,0.5,0.05,dead-reckoned-heading-hold,off,,,2.654,0.5574
8,flat_circle_jump,4,0,1,1,heading-only,0.0,1.3258575439453182,2.668804931640622,0.7439644988390859,1.5282563679300603,9.796997539442243,0,roll,5.14,5.625585368994791,1.0944718616721385,0.3513888120651245,0.06339640932788292,0.1301176909806658,0.6795425415039062,0.0,0.30131260995895665,1,5.14,-86.44370952743515,1.336421823393078,86.44370952743515,8.40700568188976,4,8,257,0.8832684824902723,0.0,0.11673151750972763,off,5.0,legged_eval-seed1,,depth,settle,0.0,auto,hold,8.0,0.8,2.0,1.0,0,PLANNER,first,on,1000,1,deterministic,20.0,1,200,lo,1.0,0.42,0.5,0.05,dead-reckoned-heading-hold,off,,,2.653,0.5584
8,flat_circle_jump,5,0,0,1,heading-only,0.0,0.748992919921875,1.8083465576171847,0.31580943023685876,0.7750759164782857,10.80270729890777,0,roll,6.5200000000000005,-69.64140826048967,-10.681197585964673,0.3458516299724579,-0.03849801841689034,-0.029394699751965542,-0.1854248046875,0.0,4.842380818472573,1,6.5200000000000005,86.40728106448385,-0.27598251634782645,86.40728106448385,13.360359652203517,1,0,326,0.19938650306748465,0.0,0.8006134969325154,off,5.0,legged_eval-seed1,,depth,settle,0.0,auto,hold,8.0,0.8,2.0,1.0,0,PLANNER,first,on,1000,1,deterministic,20.0,1,200,lo,1.0,0.42,0.5,0.05,dead-reckoned-heading-hold,off,,,2.681,0.5046
8,flat_circle_jump,6,0,1,1,heading-only,0.0,1.3932281494140852,1.3397186279296847,0.7685049562590239,1.765598005773099,10.7271121440396,0,roll,5.9,-21.99692986851798,-3.728293198053895,0.34704238176345825,0.06664883888374326,-0.11191209696107039,-0.6418609619140625,0.0,-0.9763259626961243,1,5.9,87.4154509786632,3.8722055906170656,87.4154509786632,10.642363649656154,3,5,295,0.7457627118644068,0.0,0.2542372881355932,off,5.0,legged_eval-seed1,,depth,settle,0.0,auto,hold,8.0,0.8,2.0,1.0,0,PLANNER,first,on,1000,1,deterministic,20.0,1,200,lo,1.0,0.42,0.5,0.05,dead-reckoned-heading-hold,off,,,2.659,0.5476
8,flat_circle_jump,7,0,1,1,heading-only,0.0,1.5080902099609546,2.670536804199216,0.8412938055423114,1.5643528073041444,11.012343094825065,0,roll,6.78,-20.109154687118433,-2.9659520187490314,0.33520039916038513,0.07493955899129123,0.09889923365770145,0.6352462768554688,0.0,-0.6907650495962873,1,6.78,-86.35992389525052,-3.9284434019790755,86.35992389525052,11.17109723665207,3,8,339,0.7669616519174042,0.0,0.23303834808259588,off,5.0,legged_eval-seed1,,depth,settle,0.0,auto,hold,8.0,0.8,2.0,1.0,0,PLANNER,first,on,1000,1,deterministic,20.0,1,200,lo,1.0,0.42,0.5,0.05,dead-reckoned-heading-hold,off,,,2.658,0.5492
8,flat_circle_jump,8,0,0,1,heading-only,0.0,1.1214416503906364,1.337040710449216,0.6739904257860656,0.7634274318235137,11.996890228496651,0,roll,2.7600000000000002,-5.444455318164529,-1.9726287384654089,0.32431453466415405,0.04400059796762187,-0.24020264114158843,-0.6809768676757812,0.0,-0.7824636026769047,1,2.7600000000000002,90.44181234199104,0.1835109880764895,90.44181234199104,6.111267834596037,0,0,138,1.0,0.0,0.0,off,5.0,legged_eval-seed1,,depth,settle,0.0,auto,hold,8.0,0.8,2.0,1.0,0,PLANNER,first,on,1000,1,deterministic,20.0,1,200,lo,1.0,0.42,0.5,0.05,dead-reckoned-heading-hold,off,,,2.649,0.5676
8,flat_circle_jump,9,0,1,1,heading-only,0.0,2.234869384765659,2.049656677246091,1.235867380840938,1.31609383604384,11.715235854117314,0,below,5.84,-1.2976888655247762,-0.2222069975213658,0.3342379927635193,0.21145023711740737,0.008502855692823786,0.0456085205078125,0.0,-0.01834116518661232,1,5.84,-16.53191912607265,61.618802174272176,24.334118366645143,62.696179626328195,0,1,292,1.0,0.0,0.0,off,5.0,legged_eval-seed1,,depth,settle,0.0,auto,hold,8.0,0.8,2.0,1.0,0,PLANNER,first,on,1000,1,deterministic,20.0,1,200,lo,1.0,0.42,0.5,0.05,dead-reckoned-heading-hold,off,,,2.649,0.5676
9,bump_jump,0,0,1,1,heading-only,0.0,1.8630156517028809,1.3370956420898352,1.0882270915670296,0.9742513461245146,8.911673972639162,0,roll,10.36,-5.3314171309066865,-0.5146155531763211,0.3627496361732483,0.08330266908328966,-0.0639869071341858,-0.6930999755859375,0.0,-0.10782050423760653,1,10.36,89.16276224553232,17.25051686056881,89.16276224553232,23.595077305654407,5,8,518,0.9266409266409267,0.0,0.07335907335907337,off,5.0,legged_eval-seed1,,depth,settle,0.0,auto,hold,8.0,0.8,2.0,1.0,0,PLANNER,first,on,1000,1,deterministic,20.0,1,200,lo,1.0,0.42,0.5,0.05,dead-reckoned-heading-hold,off,,,2.652,0.5618
9,bump_jump,1,0,1,1,heading-only,0.0,1.5492912292480483,2.7433609008788977,0.9242869053948122,1.2686094706128688,9.180852707459815,0,roll,4.0600000000000005,-30.035921159989044,-7.398010137928335,0.342576801776886,0.1352934062187311,0.1830938179504674,0.709808349609375,0.0,-0.9543675380160022,1,4.0600000000000005,-86.9807813855666,1.502282446374046,86.9807813855666,21.830400938295796,4,0,203,0.8522167487684729,0.0,0.1477832512315271,off,5.0,legged_eval-seed1,,depth,settle,0.0,auto,hold,8.0,0.8,2.0,1.0,0,PLANNER,first,on,1000,1,deterministic,20.0,1,200,lo,1.0,0.42,0.5,0.05,dead-reckoned-heading-hold,off,,,2.655,0.5559
9,bump_jump,2,0,1,1,heading-only,0.0,1.727412414550784,2.733755493164054,1.0332114713799039,0.8983472297102783,9.15204902619849,0,roll,5.9,4.509912083706354,0.7643918785942972,0.32828813791275024,0.12329023975437017,0.12436533782441592,0.7241287231445312,0.0,0.10820933663163192,1,5.9,-86.05768831665932,2.370782774047937,86.05768831665932,6.742145790112022,0,8,295,1.0,0.0,0.0,off,5.0,legged_eval-seed1,,depth,settle,0.0,auto,hold,8.0,0.8,2.0,1.0,0,PLANNER,first,on,1000,1,deterministic,20.0,1,200,lo,1.0,0.42,0.5,0.05,dead-reckoned-heading-hold,off,,,2.649,0.5676
9,bump_jump,3,0,1,1,heading-only,0.0,0.9005249023437614,1.7297958374023352,0.28793329876696006,1.614562002912175,10.103089009687265,0,roll,10.14,-65.51742033119271,-6.4612840563306415,0.34618693590164185,-0.009810167421719786,-0.02664735331337917,-0.30553436279296875,0.0,11.495286047810898,1,10.14,86.10597398277461,0.40844716380617857,86.10597398277461,9.483170479555222,1,0,507,0.33530571992110453,0.0,0.6646942800788954,off,5.0,legged_eval-seed1,,depth,settle,0.0,auto,hold,8.0,0.8,2.0,1.0,0,PLANNER,first,on,1000,1,deterministic,20.0,1,200,lo,1.0,0.42,0.5,0.05,dead-reckoned-heading-hold,off,,,2.675,0.5153
9,bump_jump,4,0,1,1,heading-only,0.0,1.5917114257812557,2.685324096679679,0.9054233975825368,1.2712526648829283,9.732447593375278,0,roll,6.66,-2.903674057810065,-0.435987095767277,0.3385208249092102,0.08884555942661497,0.10290151601796982,0.6928863525390625,0.0,-0.08564761555282985,1,6.66,-91.3151741218604,0.731851064454295,91.3151741218604,12.826326519987935,4,7,333,0.9099099099099099,0.0,0.09009009009009009,off,5.0,legged_eval-seed1,,depth,settle,0.0,auto,hold,8.0,0.8,2.0,1.0,0,PLANNER,first,on,1000,1,deterministic,20.0,1,200,lo,1.0,0.42,0.5,0.05,dead-reckoned-heading-hold,off,,,2.652,0.5605
9,bump_jump,5,0,1,1,heading-only,0.0,1.4694061279296875,1.4024185180663977,0.7598985067019821,1.2352448480872829,9.948557597941047,0,roll,4.0600000000000005,-7.291962947255115,-1.7960499870086488,0.343578040599823,0.11561727288908558,-0.147187557126503,-0.6006393432617188,0.0,-0.2711271855873492,1,4.0600000000000005,87.66261274321688,6.550850213621612,87.66261274321688,12.013911556907068,3,0,203,0.8866995073891626,0.0,0.11330049261083744,off,5.0,legged_eval-seed1,,depth,settle,0.0,auto,hold,8.0,0.8,2.0,1.0,0,PLANNER,first,on,1000,1,deterministic,20.0,1,200,lo,1.0,0.42,0.5,0.05,dead-reckoned-heading-hold,off,,,2.653,0.5587
9,bump_jump,6,0,0,1,heading-only,0.0,0.8310028076172102,1.3757308959960852,0.6467394879293487,0.9150241295342467,10.487593343009292,0,roll,3.06,-24.337737711936455,-7.953509056188384,0.3475020229816437,-0.05522784064797051,-0.20400951111239043,-0.6277008056640625,0.0,2.5134953401944222,1,3.06,87.17028192562896,0.4693886552505983,87.17028192562896,8.66515704356341,1,0,153,0.45751633986928103,0.0,0.5424836601307189,off,5.0,legged_eval-seed1,,depth,settle,0.0,auto,hold,8.0,0.8,2.0,1.0,0,PLANNER,first,on,1000,1,deterministic,20.0,1,200,lo,1.0,0.42,0.5,0.05,dead-reckoned-heading-hold,off,,,2.67,0.5249
9,bump_jump,7,0,1,1,heading-only,0.0,2.013323974609392,1.651785278320304,1.071484470215338,0.7030564568608196,9.742900672582584,0,roll,5.4,20.58349082837961,3.8117575608110386,0.32721760869026184,0.18765258789062814,-0.06448420771846222,-0.3633270263671875,0.0,0.35452599120410616,1,5.4,86.20483763334106,14.96622253585726,86.20483763334106,25.275759178391247,0,8,270,1.0,0.0,0.0,off,5.0,legged_eval-seed1,,depth,settle,0.0,auto,hold,8.0,0.8,2.0,1.0,0,PLANNER,first,on,1000,1,deterministic,20.0,1,200,lo,1.0,0.42,0.5,0.05,dead-reckoned-heading-hold,off,,,2.649,0.5676
9,bump_jump,8,0,0,1,heading-only,0.0,0.8426025390625114,2.5969833374023352,0.6173840505273833,0.88800930557235,11.373076373209013,0,roll,1.7,17.662446411434303,10.389674359667238,0.31048741936683655,-0.09258674172793449,0.3511666690601972,0.5671920776367188,0.0,-1.9585312367841567,1,1.7,-90.02615797081437,7.282353354648127,90.02615797081437,14.154795652072417,1,0,85,0.8235294117647058,0.0,0.17647058823529413,off,5.0,legged_eval-seed1,,depth,settle,0.0,auto,hold,8.0,0.8,2.0,1.0,0,PLANNER,first,on,1000,1,deterministic,20.0,1,200,lo,1.0,0.42,0.5,0.05,dead-reckoned-heading-hold,off,,,2.656,0.5537
9,bump_jump,9,0,0,1,heading-only,0.0,1.311407470703159,2.6598495483398352,0.7296410345190458,0.6862714976966946,10.808752480728032,0,roll,2.9,-28.562054632449303,-9.848984356017002,0.3349604308605194,0.10738188644936521,0.2275343270137363,0.6321868896484375,0.0,-1.6008026183351358,1,2.9,-87.49137625554619,-0.15618034189354282,87.49137625554619,8.016229532466218,2,0,145,0.896551724137931,0.0,0.10344827586206896,off,5.0,legged_eval-seed1,,depth,settle,0.0,auto,hold,8.0,0.8,2.0,1.0,0,PLANNER,first,on,1000,1,deterministic,20.0,1,200,lo,1.0,0.42,0.5,0.05,dead-reckoned-heading-hold,off,,,2.653,0.5594
10,sideways_ramp,0,0,1,1,heading-only,0.0,1.557191252708435,1.355926513671875,0.8516412084238647,1.1663757488880389,8.866233540628574,0,roll,5.46,23.368305733682263,4.2799094750333815,0.3435215353965759,0.10204967998322986,-0.11796217698317307,-0.6536178588867188,0.0,0.7319818351111927,1,5.46,87.05435022104864,-1.8661601842986317,87.05435022104864,9.138359506034377,7,8,273,0.6227106227106227,0.0,0.3772893772893773,off,5.0,legged_eval-seed1,,depth,settle,0.0,auto,hold,8.0,0.8,2.0,1.0,0,PLANNER,first,on,1000,1,deterministic,20.0,1,200,lo,1.0,0.42,0.5,0.05,dead-reckoned-heading-hold,off,,,2.664,0.5379
10,sideways_ramp,1,0,1,1,heading-only,0.0,1.6098953247070327,1.4805831909179688,0.8011030699332365,0.9995803387217701,8.85535117833808,0,roll,7.3,-8.215265624845074,-1.1253788527185034,0.33092373609542847,0.08354730475438804,-0.07115298754548373,-0.5295639038085938,0.0,-0.23509515202191622,1,7.3,86.77727087165026,1.2845028170557478,86.77727087165026,16.832282423893407,0,8,365,1.0,0.0,0.0,off,5.0,legged_eval-seed1,,depth,settle,0.0,auto,hold,8.0,0.8,2.0,1.0,0,PLANNER,first,on,1000,1,deterministic,20.0,1,200,lo,1.0,0.42,0.5,0.05,dead-reckoned-heading-hold,off,,,2.649,0.5676
10,sideways_ramp,2,0,1,1,heading-only,0.0,2.051814270019534,2.8734588623046875,1.3672028535500227,1.5398165574362408,8.592695133564346,0,roll,4.98,-17.39844147781605,-3.49366294735262,0.3236005902290344,0.21120768474287832,0.17539334584431474,0.8704376220703125,0.0,-0.2887012442774698,1,4.98,-86.86917978148576,37.22156717737267,86.86917978148576,37.22156717737267,0,8,249,1.0,0.0,0.0,off,5.0,legged_eval-seed1,,depth,settle,0.0,auto,hold,8.0,0.8,2.0,1.0,0,PLANNER,first,on,1000,1,deterministic,20.0,1,200,lo,1.0,0.42,0.5,0.05,dead-reckoned-heading-hold,off,,,2.649,0.5676
10,sideways_ramp,3,0,1,1,heading-only,0.0,2.2231948852539176,2.175689697265625,1.2357477886027681,0.7973157157876812,8.528614913019888,0,below,6.66,18.632864338430323,2.797727378142691,0.33161744475364685,0.18366289568377142,0.026379834424268018,0.18058013916015625,0.0,0.26586510105913036,1,6.66,-9.381001741443342,59.39102529451848,22.864855766860007,62.432058484974554,0,0,333,1.0,0.0,0.0,off,5.0,legged_eval-seed1,,depth,settle,0.0,auto,hold,8.0,0.8,2.0,1.0,0,PLANNER,first,on,1000,1,deterministic,20.0,1,200,lo,1.0,0.42,0.5,0.05,dead-reckoned-heading-hold,off,,,2.649,0.5676
10,sideways_ramp,4,0,0,1,heading-only,0.0,1.1490692138671932,1.4305953979492188,0.5885942841716962,0.6688602376374293,9.36825107305963,0,roll,3.24,-7.906682852869409,-2.440334213848583,0.32053595781326294,0.046009016625676906,-0.1757421611267843,-0.5659332275390625,0.0,-0.9257286941654678,1,3.24,89.27893953303574,2.8320052210420736,89.27893953303574,19.849982906535455,0,8,162,1.0,0.0,0.0,off,5.0,legged_eval-seed1,,depth,settle,0.0,auto,hold,8.0,0.8,2.0,1.0,0,PLANNER,first,on,1000,1,deterministic,20.0,1,200,lo,1.0,0.42,0.5,0.05,dead-reckoned-heading-hold,off,,,2.649,0.5676
10,sideways_ramp,5,0,1,1,heading-only,0.0,1.4553680419921875,2.6314468383789062,0.7785147162170508,1.1670265869530903,9.266172087152162,0,roll,6.5200000000000005,35.00858237129353,5.369414474124774,0.3230447471141815,0.0698417242319306,0.09684767459799175,0.6110076904296875,0.0,1.3418048094934139,1,6.5200000000000005,-87.8910657089423,4.299204104588872,87.8910657089423,16.246352425612372,3,8,326,0.9049079754601227,0.0,0.0950920245398773,off,5.0,legged_eval-seed1,,depth,settle,0.0,auto,hold,8.0,0.8,2.0,1.0,0,PLANNER,first,on,1000,1,deterministic,20.0,1,200,lo,1.0,0.42,0.5,0.05,dead-reckoned-heading-hold,off,,,2.652,0.5601
10,sideways_ramp,6,0,1,1,heading-only,0.0,1.4882293701172102,1.389739990234375,0.7815274770372367,0.9069189989529863,9.33174632869256,0,roll,4.46,19.180972475249007,4.300666474271078,0.347261905670166,0.10946846863614579,-0.13682959860215807,-0.6042098999023438,0.0,0.6856841147166802,1,4.46,93.92453025722874,0.7574886984688992,93.92453025722874,12.817137991516166,5,8,223,0.8071748878923767,0.0,0.19282511210762332,off,5.0,legged_eval-seed1,,depth,settle,0.0,auto,hold,8.0,0.8,2.0,1.0,0,PLANNER,first,on,1000,1,deterministic,20.0,1,200,lo,1.0,0.42,0.5,0.05,dead-reckoned-heading-hold,off,,,2.656,0.5524
10,sideways_ramp,7,0,1,1,heading-only,0.0,1.7187530517578296,1.9927825927734375,0.718789287885029,0.6182918190744565,9.181249785055048,1,timeout,20.0,-35.411257647830695,-1.7705628823915347,0.3463866412639618,0.03593765258789148,-0.000360870361328125,0.00536346435546875,0.0,-0.859882315233503,0,20.0,3.7852533911235664,4.314953888510107,9.65793326768909,5.262170727142665,1,8,1000,0.955,0.0,0.045,off,5.0,legged_eval-seed1,,depth,settle,0.0,auto,hold,8.0,0.8,2.0,1.0,0,PLANNER,first,on,1000,1,deterministic,20.0,1,200,lo,1.0,0.42,0.5,0.05,dead-reckoned-heading-hold,off,,,2.65,0.564
10,sideways_ramp,8,0,1,1,heading-only,0.0,0.9300048828125114,1.5436325073242188,0.46170402294247936,1.4657839474060907,10.080330993997718,0,roll,5.3,-37.61388665644026,-7.096959746498162,0.3457101881504059,-0.013206625884431817,-0.08610707408977004,-0.44964599609375,0.0,9.379028038032747,1,5.3,89.185491963284,-0.6539146042149172,89.185491963284,11.965833224377246,3,8,265,0.5849056603773585,0.0,0.41509433962264153,off,5.0,legged_eval-seed1,,depth,settle,0.0,auto,hold,8.0,0.8,2.0,1.0,0,PLANNER,first,on,1000,1,deterministic,20.0,1,200,lo,1.0,0.42,0.5,0.05,dead-reckoned-heading-hold,off,,,2.665,0.5349
10,sideways_ramp,9,0,1,1,heading-only,0.0,1.350775146484409,2.6298599243164062,0.7209484916767825,1.4642272206874989,9.669760276137296,0,roll,7.68,18.961679506413986,2.468968685730988,0.3325006067752838,0.04567384719849077,0.08201301097869873,0.6187210083007812,0.0,0.9434640464459666,1,7.68,-88.07351826451162,4.607565174057414,88.07351826451162,19.232350902637354,6,8,384,0.8697916666666666,0.0,0.13020833333333334,off,5.0,legged_eval-seed1,,depth,settle,0.0,auto,hold,8.0,0.8,2.0,1.0,0,PLANNER,first,on,1000,1,deterministic,20.0,1,200,lo,1.0,0.42,0.5,0.05,dead-reckoned-heading-hold,off,,,2.654,0.5573
11,stepping_stones_cylinder,0,0,1,1,heading-only,0.0,2.0125486850738525,2.5876708984374943,1.1707313630868184,0.48865969490502426,4.624939637626418,0,roll,5.5200000000000005,-27.185268000755087,-4.924867391441139,0.32830601930618286,0.18343273280323413,0.10646211928215475,0.5988922119140625,0.0,-0.4685922184725625,1,5.5200000000000005,-87.55071572076336,14.967806544715012,87.55071572076336,17.09238778573451,0,8,276,1.0,0.0,0.0,off,5.0,legged_eval-seed1,,depth,settle,0.0,auto,hold,8.0,0.8,2.0,1.0,0,PLANNER,first,on,1000,1,deterministic,20.0,1,200,lo,1.0,0.42,0.5,0.05,dead-reckoned-heading-hold,off,,,2.649,0.5676
11,stepping_stones_cylinder,1,0,1,1,heading-only,0.0,1.0485435485839858,1.6933074951171818,0.31051049686028853,1.389432731789896,5.310320216221597,0,roll,6.34,-36.35841968600138,-5.7347665119876,0.3470745384693146,0.007656711133120788,-0.04837421212662747,-0.3145294189453125,0.0,-13.072265066175836,1,6.34,89.97143643561317,-0.7110056647590381,89.97143643561317,8.054702619369474,3,0,317,0.6466876971608833,0.0,0.35331230283911674,off,5.0,legged_eval-seed1,,depth,settle,0.0,auto,hold,8.0,0.8,2.0,1.0,0,PLANNER,first,on,1000,1,deterministic,20.0,1,200,lo,1.0,0.42,0.5,0.05,dead-reckoned-heading-hold,off,,,2.663,0.5398
11,stepping_stones_cylinder,2,0,1,1,heading-only,0.0,1.9154235839843778,2.505715942382807,1.045824532364265,0.5123251100068893,4.314318448962411,0,roll,6.98,-16.621083866581557,-2.3812441069601085,0.33336472511291504,0.13114951059948105,0.07245214074252246,0.49127960205078125,0.0,-0.3168944342239151,1,6.98,-91.36468261297426,-5.648284075378208,91.36468261297426,14.758087301871514,1,8,349,0.8022922636103151,0.0,0.1977077363896848,off,5.0,legged_eval-seed1,,depth,settle,0.0,auto,hold,8.0,0.8,2.0,1.0,0,PLANNER,first,on,1000,1,deterministic,20.0,1,200,lo,1.0,0.42,0.5,0.05,dead-reckoned-heading-hold,off,,,2.657,0.552
11,stepping_stones_cylinder,3,0,0,1,heading-only,0.0,0.6057174682617301,2.1863952636718693,0.43612143853890684,0.9135011991735509,5.197625824724266,0,roll,5.04,64.59977928997145,12.817416525787987,0.35081326961517334,-0.07823066105918053,0.03698318723648201,0.183837890625,0.0,-2.8595708759932648,1,5.04,-92.72334958313705,0.6600441109310449,92.72334958313705,13.238803328531883,3,8,252,0.4365079365079365,0.0,0.5634920634920635,off,5.0,legged_eval-seed1,,depth,settle,0.0,auto,hold,8.0,0.8,2.0,1.0,0,PLANNER,first,on,1000,1,deterministic,20.0,1,200,lo,1.0,0.42,0.5,0.05,dead-reckoned-heading-hold,off,,,2.671,0.5232
11,stepping_stones_cylinder,4,0,1,1,heading-only,0.0,1.3980468750000057,2.6772781372070256,0.7855870351755359,1.0488572840496908,4.799975435076297,0,roll,5.42,2.807461534961675,0.5179818330187592,0.34224891662597656,0.07344038284132946,0.12495906590535527,0.665374755859375,0.0,0.12309969123152752,1,5.42,-90.54698386301685,-5.741128068754312,90.54698386301685,21.330314038098734,6,0,271,0.7785977859778598,0.0,0.22140221402214022,off,5.0,legged_eval-seed1,,depth,settle,0.0,auto,hold,8.0,0.8,2.0,1.0,0,PLANNER,first,on,1000,1,deterministic,20.0,1,200,lo,1.0,0.42,0.5,0.05,dead-reckoned-heading-hold,off,,,2.658,0.5501
11,stepping_stones_cylinder,5,0,1,1,heading-only,0.0,2.1679534912109375,1.9588714599609318,1.1686774210352326,0.21560162667415614,4.132251191251775,1,timeout,20.0,-94.09964044954546,-4.704982022477273,0.35213977098464966,0.058397674560546876,-0.0020564270019534092,-0.05796051025390625,0.0,-1.406176327350684,0,20.0,-64.27537160999708,-7.286411962130728,70.04280163993602,28.614173032141046,1,8,1000,0.23,0.0,0.77,off,5.0,legged_eval-seed1,,depth,settle,0.0,auto,hold,8.0,0.8,2.0,1.0,0,PLANNER,first,on,1000,1,deterministic,20.0,1,200,lo,1.0,0.42,0.5,0.05,dead-reckoned-heading-hold,off,,,2.68,0.507
11,stepping_stones_cylinder,6,0,1,1,heading-only,0.0,1.4386535644531477,2.867929077148432,0.9724802479059307,1.1057478229132827,4.643186641524945,0,roll,7.24,11.217559723677141,1.549386702165351,0.3453182280063629,0.06058750890236847,0.11987970678845743,0.823577880859375,0.0,0.4463279614776341,1,7.24,-88.35942288184025,0.9329844563615913,88.35942288184025,7.022482995391516,6,8,362,0.8480662983425414,0.0,0.15193370165745856,off,5.0,legged_eval-seed1,,depth,settle,0.0,auto,hold,8.0,0.8,2.0,1.0,0,PLANNER,first,on,1000,1,deterministic,20.0,1,200,lo,1.0,0.42,0.5,0.05,dead-reckoned-heading-hold,off,,,2.655,0.5556
11,stepping_stones_cylinder,7,0,0,1,heading-only,0.0,1.1245758056640796,2.5324035644531193,0.5467839489224617,0.6514575052412565,4.755322005065231,0,roll,2.18,-11.070209516822388,-5.078077760010269,0.3308444023132324,0.057144864983522725,0.24422181855647673,0.5296249389648438,0.0,-1.550956093955829,1,2.18,-86.03227568712481,17.30330379603928,86.03227568712481,25.11549632946403,1,0,109,0.8256880733944955,0.0,0.1743119266055046,off,5.0,legged_eval-seed1,,depth,settle,0.0,auto,hold,8.0,0.8,2.0,1.0,0,PLANNER,first,on,1000,1,deterministic,20.0,1,200,lo,1.0,0.42,0.5,0.05,dead-reckoned-heading-hold,off,,,2.656,0.5539
11,stepping_stones_cylinder,8,0,1,1,heading-only,0.0,2.0019042968750114,2.278054809570307,1.0397724256883283,0.3104764787434386,3.6088235154925283,1,timeout,20.0,-45.092220763351776,-2.254611038167589,0.33077260851860046,0.05009521484375057,0.01390274047851534,0.286834716796875,0.0,-0.785511871554354,0,20.0,-67.0469297124273,5.640127796877124,81.65763393917689,22.73390601266871,1,8,1000,0.275,0.0,0.725,off,5.0,legged_eval-seed1,,depth,settle,0.0,auto,hold,8.0,0.8,2.0,1.0,0,PLANNER,first,on,1000,1,deterministic,20.0,1,200,lo,1.0,0.42,0.5,0.05,dead-reckoned-heading-hold,off,,,2.678,0.5105
11,stepping_stones_cylinder,9,0,1,1,heading-only,0.0,1.069311523437534,1.9003540039062443,0.12138126634183964,1.19408978310246,4.831716101151918,0,roll,7.88,-75.6311961390698,-9.597867530338807,0.35394635796546936,0.008795878608824125,-0.012645430976364934,-0.1088409423828125,0.0,-19.044645455499648,1,7.88,87.47560675779116,5.434454179999616,87.47560675779116,12.722290927113347,1,8,394,0.5456852791878173,0.0,0.4543147208121827,off,5.0,legged_eval-seed1,,depth,settle,0.0,auto,hold,8.0,0.8,2.0,1.0,0,PLANNER,first,on,1000,1,deterministic,20.0,1,200,lo,1.0,0.42,0.5,0.05,dead-reckoned-heading-hold,off,,,2.667,0.5318
12,stepping_stones_randomly_arranged,0,0,1,1,heading-only,0.0,1.4280121326446533,1.4527313232421761,0.6947642695557132,0.9343727921578556,5.002016229250864,0,roll,5.82,-35.912979624134834,-6.17061505569327,0.34115174412727356,0.07354160354719129,-0.09403241868691131,-0.5533676147460938,0.0,-1.4644438576304886,1,5.82,91.12786091785038,2.1382735239730937,91.12786091785038,7.470186887169795,1,0,291,0.738831615120275,0.0,0.2611683848797251,off,5.0,legged_eval-seed1,,depth,settle,0.0,auto,hold,8.0,0.8,2.0,1.0,0,PLANNER,first,on,1000,1,deterministic,20.0,1,200,lo,1.0,0.42,0.5,0.05,dead-reckoned-heading-hold,off,,,2.659,0.547
12,stepping_stones_randomly_arranged,1,0,1,1,heading-only,0.0,1.219815826416017,1.4377090454101449,0.603730167505755,1.0938757543980262,4.912470731283105,0,roll,4.78,-30.235771105183034,-6.325475126607329,0.33689069747924805,0.0459865745640203,-0.11763409091837973,-0.5734024047851562,0.0,-2.4007086581021375,1,4.78,88.71634478775348,-0.4043710872994927,88.71634478775348,5.019993669119128,1,0,239,0.7322175732217573,0.0,0.26778242677824265,off,5.0,legged_eval-seed1,,depth,settle,0.0,auto,hold,8.0,0.8,2.0,1.0,0,PLANNER,first,on,1000,1,deterministic,20.0,1,200,lo,1.0,0.42,0.5,0.05,dead-reckoned-heading-hold,off,,,2.659,0.5465
12,stepping_stones_randomly_arranged,2,0,1,1,heading-only,0.0,1.7259628295898466,2.2056381225585824,0.7545257234816551,0.32877908767021685,4.378868370433054,0,roll,9.9,-65.21492004977355,-6.587365661593288,0.3499310314655304,0.07332957874644914,0.020771527531169936,0.1893463134765625,0.0,-1.5678696345052265,1,9.9,-86.93733739542634,10.194503394582073,86.93733739542634,15.729279234563561,13,0,495,0.3434343434343434,0.0,0.6565656565656566,off,5.0,legged_eval-seed1,,depth,settle,0.0,auto,hold,8.0,0.8,2.0,1.0,0,PLANNER,first,on,1000,1,deterministic,20.0,1,200,lo,1.0,0.42,0.5,0.05,dead-reckoned-heading-hold,off,,,2.675,0.5159
12,stepping_stones_randomly_arranged,3,0,2,1,heading-only,0.0,1.9923599243164176,2.45605010986327,1.0921354870599098,0.7597389388377651,4.132878983719229,0,roll,5.34,-29.601646494071133,-5.543379493271748,0.3211996555328369,0.18583519181955388,0.08540264229649248,0.4553985595703125,0.0,-0.520623800572022,1,5.34,-86.58010048874365,0.5346341751136382,86.58010048874365,18.954614820079087,1,8,267,0.9737827715355806,0.0,0.026217228464419477,off,5.0,legged_eval-seed1,,depth,settle,0.0,auto,hold,8.0,0.8,2.0,1.0,0,PLANNER,first,on,1000,1,deterministic,20.0,1,200,lo,1.0,0.42,0.5,0.05,dead-reckoned-heading-hold,off,,,2.65,0.5655
12,stepping_stones_randomly_arranged,4,0,1,1,heading-only,0.0,2.588308715820318,3.4351379394531136,2.140641371647413,1.360673900751485,3.9794815107389594,0,roll,8.28,-30.830179020031068,-3.7234515724675203,0.33078595995903015,0.19182472413288867,0.17332583809820215,1.3998794555664062,0.0,-0.3387805705019462,1,8.28,-86.77171697250317,19.990268882197025,86.77171697250317,28.94955206558483,1,8,414,0.9299516908212561,0.0,0.07004830917874397,off,5.0,legged_eval-seed1,,depth,settle,0.0,auto,hold,8.0,0.8,2.0,1.0,0,PLANNER,first,on,1000,1,deterministic,20.0,1,200,lo,1.0,0.42,0.5,0.05,dead-reckoned-heading-hold,off,,,2.651,0.5621
12,stepping_stones_randomly_arranged,5,0,2,1,heading-only,0.0,1.9827880859375,2.4825241088867074,1.0948524729467464,0.7502073327276555,3.9964484091173085,0,roll,5.26,-20.23546823393275,-3.84704719276288,0.3350518047809601,0.1868418414329848,0.09173462146135122,0.47440338134765625,0.0,-0.359360834159836,1,5.26,-87.17222844904002,0.12150508723951357,87.17222844904002,24.476207485042835,0,6,263,1.0,0.0,0.0,off,5.0,legged_eval-seed1,,depth,settle,0.0,auto,hold,8.0,0.8,2.0,1.0,0,PLANNER,first,on,1000,1,deterministic,20.0,1,200,lo,1.0,0.42,0.5,0.05,dead-reckoned-heading-hold,off,,,2.649,0.5676
12,stepping_stones_randomly_arranged,6,0,1,1,heading-only,0.0,1.2002960205078352,1.4791442871093636,0.5580404729785181,1.0982768439366153,4.778177326811387,0,roll,4.74,-39.56855748865604,-8.34779693853503,0.35358619689941406,0.0422565444109357,-0.10988517149591484,-0.5164413452148438,0.0,-3.4479047895746464,1,4.74,90.21392892045137,5.33671596937105,90.21392892045137,5.720947248104895,1,8,237,0.6962025316455697,0.0,0.3037974683544304,off,5.0,legged_eval-seed1,,depth,settle,0.0,auto,hold,8.0,0.8,2.0,1.0,0,PLANNER,first,on,1000,1,deterministic,20.0,1,200,lo,1.0,0.42,0.5,0.05,dead-reckoned-heading-hold,off,,,2.661,0.5437
12,stepping_stones_randomly_arranged,7,0,1,1,heading-only,0.0,1.0359832763672046,1.4179260253906136,0.5831851404962983,1.2654607535747056,4.948370486540042,0,roll,6.5200000000000005,-35.73089457203551,-5.480198553993176,0.34008219838142395,0.0055189074182829066,-0.08927514947996723,-0.5944595336914062,0.0,-17.330877505455945,1,6.5200000000000005,86.29304411004208,8.73492015148208,86.29304411004208,22.266146277722108,1,8,326,0.41411042944785276,0.0,0.5858895705521472,off,5.0,legged_eval-seed1,,depth,settle,0.0,auto,hold,8.0,0.8,2.0,1.0,0,PLANNER,first,on,1000,1,deterministic,20.0,1,200,lo,1.0,0.42,0.5,0.05,dead-reckoned-heading-hold,off,,,2.672,0.5215
12,stepping_stones_randomly_arranged,8,0,1,1,heading-only,0.0,2.6480834960937614,1.3590347290038949,1.7683369839257859,0.9971078261486086,3.314482980345613,0,roll,6.54,15.191744521446964,2.3228967158175786,0.3487309217453003,0.25200053457091154,-0.09800692217065828,-0.6452484130859375,0.0,0.16088138838202123,1,6.54,92.3116243317452,-0.2559705112376032,92.3116243317452,13.923412763014063,6,8,327,0.8470948012232415,0.0,0.1529051987767584,off,5.0,legged_eval-seed1,,depth,settle,0.0,auto,hold,8.0,0.8,2.0,1.0,0,PLANNER,first,on,1000,1,deterministic,20.0,1,200,lo,1.0,0.42,0.5,0.05,dead-reckoned-heading-hold,off,,,2.655,0.5555
12,stepping_stones_randomly_arranged,9,0,0,1,heading-only,0.0,1.233984375000034,2.5824081420898324,0.6276527158522354,0.6402839656876103,4.404689737281909,0,roll,3.2800000000000002,-6.8410989022480635,-2.0857008848317267,0.3462342619895935,0.07133669969513234,0.17756345795421719,0.5861587524414062,0.0,-0.5102892032802661,1,3.2800000000000002,-86.39198557467328,-4.624193908043646,86.39198557467328,16.821214893009657,1,0,164,0.39634146341463417,0.0,0.6036585365853658,off,5.0,legged_eval-seed1,,depth,settle,0.0,auto,hold,8.0,0.8,2.0,1.0,0,PLANNER,first,on,1000,1,deterministic,20.0,1,200,lo,1.0,0.42,0.5,0.05,dead-reckoned-heading-hold,off,,,2.673,0.5201
13,staircase_walking_full_width,0,0,0,1,heading-only,0.0,1.2994011640548706,1.266423034667966,0.7923233059194762,1.0143835039044289,14.469206677682244,0,roll,4.44,-18.835912088949755,-4.24232254255625,0.32666149735450745,0.06743269460695284,-0.1652200372369446,-0.7284622192382812,0.0,-1.098020726158991,1,4.44,89.6536820427876,2.1533011399519495,89.6536820427876,14.630543000152276,1,1,222,0.8558558558558559,0.0,0.14414414414414414,off,5.0,legged_eval-seed1,,depth,settle,0.0,auto,hold,8.0,0.8,2.0,1.0,0,PLANNER,first,on,1000,1,deterministic,20.0,1,200,lo,1.0,0.42,0.5,0.05,dead-reckoned-heading-hold,off,,,2.654,0.5562
13,staircase_walking_full_width,1,0,0,1,heading-only,0.0,1.2756782531738295,2.6992691040039034,0.7516487072345671,1.0067866073502054,14.491203100862931,0,roll,4.76,11.055974351143675,2.322683687215058,0.31972822546958923,0.05791559940626671,0.14690527395039987,0.6903076171875,0.0,0.6999578393360882,1,4.76,-87.40757285844333,3.217025055521675,87.40757285844333,16.287734284633068,1,8,238,0.9873949579831933,0.0,0.012605042016806723,off,5.0,legged_eval-seed1,,depth,settle,0.0,auto,hold,8.0,0.8,2.0,1.0,0,PLANNER,first,on,1000,1,deterministic,20.0,1,200,lo,1.0,0.42,0.5,0.05,dead-reckoned-heading-hold,off,,,2.649,0.5666
13,staircase_walking_full_width,2,0,0,1,heading-only,0.0,1.219752502441409,2.7504241943359347,0.7819383823384028,1.0825537533495415,11.80412502370168,0,roll,2.98,-5.456193115470512,-1.8309372870706417,0.3363514542579651,0.07374245048369432,0.2518201994415888,0.7448043823242188,0.0,-0.43334448268682463,1,2.98,-87.11022917426467,-10.32580658418832,87.11022917426467,15.971667790353266,3,8,149,0.7718120805369127,0.0,0.22818791946308725,off,5.0,legged_eval-seed1,,depth,settle,0.0,auto,hold,8.0,0.8,2.0,1.0,0,PLANNER,first,on,1000,1,deterministic,20.0,1,200,lo,1.0,0.42,0.5,0.05,dead-reckoned-heading-hold,off,,,2.658,0.5496
13,staircase_walking_full_width,3,0,0,1,heading-only,0.0,1.0321548461914176,1.479588317871091,0.5214041168132779,1.098886964454033,11.979154642312446,0,roll,4.58,-29.039071024261546,-6.340408520581123,0.33946478366851807,0.007020708775418694,-0.11362700483163954,-0.5205459594726562,0.0,-15.762084448381605,1,4.58,91.22772820088245,-0.5054566127654522,91.22772820088245,6.84515933409149,1,8,229,0.4585152838427948,0.0,0.5414847161572053,off,5.0,legged_eval-seed1,,depth,settle,0.0,auto,hold,8.0,0.8,2.0,1.0,0,PLANNER,first,on,1000,1,deterministic,20.0,1,200,lo,1.0,0.42,0.5,0.05,dead-reckoned-heading-hold,off,,,2.67,0.525
13,staircase_walking_full_width,4,0,0,1,heading-only,0.0,1.2894958496093807,1.4016387939453097,0.6647134569514,0.928898423205422,11.725781150491729,0,roll,5.4,-2.683888714739169,-0.4970164286554016,0.3427784740924835,0.05361034252025568,-0.11080763075086858,-0.5812530517578125,0.0,-0.1618078286528896,1,5.4,87.11170907230772,0.5479842996714018,87.11170907230772,6.408003093983011,3,8,270,0.9074074074074074,0.0,0.09259259259259259,off,5.0,legged_eval-seed1,,depth,settle,0.0,auto,hold,8.0,0.8,2.0,1.0,0,PLANNER,first,on,1000,1,deterministic,20.0,1,200,lo,1.0,0.42,0.5,0.05,dead-reckoned-heading-hold,off,,,2.652,0.5603
13,staircase_walking_full_width,5,0,0,1,heading-only,0.0,1.3557281494140625,1.348240661621091,0.7425178458795902,0.916447735891983,11.662497895627341,0,roll,3.2800000000000002,17.213882664982606,5.24813495883616,0.33049362897872925,0.1084537040896532,-0.19870711535942348,-0.6526718139648438,0.0,0.8445745158228,1,3.2800000000000002,87.43806652732312,-2.1590087072997264,87.43806652732312,11.427587560004305,1,8,164,0.9146341463414634,0.0,0.08536585365853659,off,5.0,legged_eval-seed1,,depth,settle,0.0,auto,hold,8.0,0.8,2.0,1.0,0,PLANNER,first,on,1000,1,deterministic,20.0,1,200,lo,1.0,0.42,0.5,0.05,dead-reckoned-heading-hold,off,,,2.652,0.5609
13,staircase_walking_full_width,6,0,0,1,heading-only,0.0,1.4305816650390852,2.725445556640622,0.8436064401825375,0.9222301750860697,11.592140089947991,0,roll,8.22,14.040016034160345,1.708031147708071,0.34426331520080566,0.052382197693319366,0.08825371735287374,0.7274169921875,0.0,0.5691011176861217,1,8.22,-86.17380703387458,-2.721282813244797,86.17380703387458,13.645474937883908,11,8,411,0.754257907542579,0.0,0.24574209245742093,off,5.0,legged_eval-seed1,,depth,settle,0.0,auto,hold,8.0,0.8,2.0,1.0,0,PLANNER,first,on,1000,1,deterministic,20.0,1,200,lo,1.0,0.42,0.5,0.05,dead-reckoned-heading-hold,off,,,2.659,0.5482
13,staircase_walking_full_width,7,0,0,1,heading-only,0.0,1.426470947265642,1.3953750610351534,0.7398978211076841,0.8333708005135616,11.589311716029723,0,roll,4.1,-4.39516220271463,-1.0719907811499099,0.3459189534187317,0.10401730421113221,-0.14746949730849918,-0.608856201171875,0.0,-0.1798716936954565,1,4.1,86.21201918835675,5.877163013242213,86.21201918835675,12.554833569621971,2,8,205,0.926829268292683,0.0,0.07317073170731707,off,5.0,legged_eval-seed1,,depth,settle,0.0,auto,hold,8.0,0.8,2.0,1.0,0,PLANNER,first,on,1000,1,deterministic,20.0,1,200,lo,1.0,0.42,0.5,0.05,dead-reckoned-heading-hold,off,,,2.652,0.5618
13,staircase_walking_full_width,8,0,0,1,heading-only,0.0,1.4714477539062614,1.661656188964841,0.5802926150909162,0.6275699254398122,8.785070066417411,0,roll,7.74,-21.31831106916701,-2.754303755706332,0.3423778712749481,0.0609105625201888,-0.043713670676377145,-0.354827880859375,0.0,-0.7892172908629385,1,7.74,91.7723572161676,2.100883656308517,91.7723572161676,9.576489555765274,5,8,387,0.7622739018087855,0.0,0.23772609819121446,off,5.0,legged_eval-seed1,,depth,settle,0.0,auto,hold,8.0,0.8,2.0,1.0,0,PLANNER,first,on,1000,1,deterministic,20.0,1,200,lo,1.0,0.42,0.5,0.05,dead-reckoned-heading-hold,off,,,2.658,0.5489
13,staircase_walking_full_width,9,0,0,1,heading-only,0.0,1.422430419921909,2.6183135986328097,0.7488385446340591,0.8461077508720964,8.849197500190305,0,roll,10.86,29.90558203642044,2.753736835766155,0.3308046758174896,0.03889782872209108,0.05693495383359205,0.6206817626953125,0.0,1.235590162652812,1,10.86,-90.35244849850073,-1.4733880574994551,90.35244849850073,16.700536996284107,3,8,543,0.9484346224677717,0.0,0.05156537753222836,off,5.0,legged_eval-seed1,,depth,settle,0.0,auto,hold,8.0,0.8,2.0,1.0,0,PLANNER,first,on,1000,1,deterministic,20.0,1,200,lo,1.0,0.42,0.5,0.05,dead-reckoned-heading-hold,off,,,2.651,0.5635
14,staircase_walking,0,0,0,1,heading-only,0.0,1.2070188522338867,1.3732437133788977,0.6600607911392019,0.6918535941696209,4.338491739982263,0,roll,4.62,8.56885580985383,1.854730694773556,0.3482663631439209,0.044809275375300155,-0.13566153390067148,-0.615875244140625,0.0,0.7224209070661344,1,4.62,86.98106097168758,3.5843229125700797,86.98106097168758,13.635562618635982,3,0,231,0.8874458874458875,0.0,0.11255411255411256,off,5.0,legged_eval-seed1,,depth,settle,0.0,auto,hold,8.0,0.8,2.0,1.0,0,PLANNER,first,on,1000,1,deterministic,20.0,1,200,lo,1.0,0.42,0.5,0.05,dead-reckoned-heading-hold,off,,,2.653,0.5587
14,staircase_walking,1,0,0,1,heading-only,0.0,1.0264488220214858,2.7495254516601477,0.7499919618720408,0.8865884732226034,4.53590658465089,0,roll,2.96,-0.19745021664007822,-0.06670615427029669,0.3378276228904724,0.008935412845096552,0.25321805799329317,0.7283248901367188,0.0,-0.1302952693449244,1,2.96,-88.17355642979165,-9.361423795872884,88.17355642979165,15.523365710801993,4,8,148,0.7635135135135135,0.0,0.23648648648648649,off,5.0,legged_eval-seed1,,depth,settle,0.0,auto,hold,8.0,0.8,2.0,1.0,0,PLANNER,first,on,1000,1,deterministic,20.0,1,200,lo,1.0,0.42,0.5,0.05,dead-reckoned-heading-hold,off,,,2.658,0.549
14,staircase_walking,2,0,0,1,heading-only,0.0,0.8817398071289091,2.672537231445304,0.682855622293631,0.9135381731318691,4.666972630810881,0,roll,4.42,21.83181740560994,4.939325204889126,0.33665916323661804,-0.026755699744590702,0.15215774467088325,0.6648788452148438,0.0,-3.2220232875609116,1,4.42,-88.00167477972866,-1.6929368507988463,88.00167477972866,18.465124164121406,3,8,221,0.7692307692307693,0.0,0.23076923076923078,off,5.0,legged_eval-seed1,,depth,settle,0.0,auto,hold,8.0,0.8,2.0,1.0,0,PLANNER,first,on,1000,1,deterministic,20.0,1,200,lo,1.0,0.42,0.5,0.05,dead-reckoned-heading-hold,off,,,2.658,0.5494
14,staircase_walking,3,0,1,1,heading-only,0.0,1.1810577392578239,1.8490432739257727,0.23573255628403011,1.0795487436645201,4.321579593710127,0,roll,9.120000000000001,-58.026260041326765,-6.362528513303372,0.3529278337955475,0.019852822287042087,-0.01655227259585825,-0.14110565185546875,0.0,-5.59351560718115,1,9.120000000000001,88.00996734029493,0.7713116863864454,88.00996734029493,19.755449871480405,5,8,456,0.8004385964912281,0.0,0.19956140350877194,off,5.0,legged_eval-seed1,,depth,settle,0.0,auto,hold,8.0,0.8,2.0,1.0,0,PLANNER,first,on,1000,1,deterministic,20.0,1,200,lo,1.0,0.42,0.5,0.05,dead-reckoned-heading-hold,off,,,2.657,0.5519
14,staircase_walking,4,0,1,1,heading-only,0.0,0.9805206298828182,1.7064498901367102,0.29419570503478065,1.278632304318952,4.229678217293266,0,roll,5.76,-39.63239627431233,-6.880624353179224,0.3438641130924225,-0.0033818350897885097,-0.05096356074015448,-0.300018310546875,0.0,35.51017313602736,1,5.76,86.12838903826014,17.25160136945892,86.12838903826014,24.345538619315008,5,8,288,0.8333333333333334,0.0,0.16666666666666666,off,5.0,legged_eval-seed1,,depth,settle,0.0,auto,hold,8.0,0.8,2.0,1.0,0,PLANNER,first,on,1000,1,deterministic,20.0,1,200,lo,1.0,0.42,0.5,0.05,dead-reckoned-heading-hold,off,,,2.655,0.5545
14,staircase_walking,5,0,0,1,heading-only,0.0,0.84033203125,1.5400527954101477,0.4868729724011905,0.8041848419391965,4.383863162640306,0,roll,3.62,-42.4143071075932,-11.716659421987073,0.3421902060508728,-0.0441071736878453,-0.12705723883697576,-0.44895172119140625,0.0,4.636304418318306,1,3.62,89.2646059222026,-0.8926331568890408,89.2646059222026,6.8620587589369535,1,8,181,0.5524861878453039,0.0,0.44751381215469616,off,5.0,legged_eval-seed1,,depth,settle,0.0,auto,hold,8.0,0.8,2.0,1.0,0,PLANNER,first,on,1000,1,deterministic,20.0,1,200,lo,1.0,0.42,0.5,0.05,dead-reckoned-heading-hold,off,,,2.667,0.5324
14,staircase_walking,6,0,1,1,heading-only,0.0,1.3972869873047102,2.6422790527343665,0.7552213793736299,1.047678964648264,3.856572135783714,0,roll,7.2,25.978271383461134,3.6080932477029353,0.33114996552467346,0.05517874823676531,0.08920542399088423,0.6386184692382812,0.0,1.1412565326995385,1,7.2,-90.6701981273069,2.914734619607531,90.6701981273069,16.42691624029714,1,8,360,0.9305555555555556,0.0,0.06944444444444445,off,5.0,legged_eval-seed1,,depth,settle,0.0,auto,hold,8.0,0.8,2.0,1.0,0,PLANNER,first,on,1000,1,deterministic,20.0,1,200,lo,1.0,0.42,0.5,0.05,dead-reckoned-heading-hold,off,,,2.651,0.5621
14,staircase_walking,7,0,1,1,heading-only,0.0,1.8054534912109546,1.538015747070304,0.9285390548915671,0.6240582689077048,3.425839378938689,0,roll,8.08,22.27134272838245,2.756354298067135,0.3258356750011444,0.09968483802115774,-0.057176268926942574,-0.4469451904296875,0.0,0.4825955361692823,1,8.08,88.28591291766298,-9.844636202911465,88.28591291766298,11.514341214752923,4,8,404,0.9257425742574258,0.0,0.07425742574257425,off,5.0,legged_eval-seed1,,depth,settle,0.0,auto,hold,8.0,0.8,2.0,1.0,0,PLANNER,first,on,1000,1,deterministic,20.0,1,200,lo,1.0,0.42,0.5,0.05,dead-reckoned-heading-hold,off,,,2.652,0.5617
14,staircase_walking,8,0,0,1,heading-only,0.0,1.2384765625000114,2.5983947753906165,0.6441640925079636,0.6530473302729266,4.006462810644375,0,roll,4.98,-12.688783683120135,-2.547948530747015,0.3526599407196045,0.047886859939761314,0.120159593451931,0.5978927612304688,0.0,-0.9286491344144926,1,4.98,-88.45380210987356,-5.84110828129351,88.45380210987356,12.612040004612728,3,8,249,0.5823293172690763,0.0,0.41767068273092367,off,5.0,legged_eval-seed1,,depth,settle,0.0,auto,hold,8.0,0.8,2.0,1.0,0,PLANNER,first,on,1000,1,deterministic,20.0,1,200,lo,1.0,0.42,0.5,0.05,dead-reckoned-heading-hold,off,,,2.665,0.5347
14,staircase_walking,9,0,1,1,heading-only,0.0,1.220465087890659,1.4505294799804602,0.5920495818334639,1.1449926820801566,4.017289629721456,0,roll,8.3,-41.11576477498386,-4.9537065993956455,0.3323109745979309,0.02656205878200712,-0.0662012674722337,-0.5470352172851562,0.0,-3.2549619382587878,1,8.3,85.95872907089938,-1.6866014290917595,85.95872907089938,8.842113268364908,1,8,415,0.8072289156626506,0.0,0.1927710843373494,off,5.0,legged_eval-seed1,,depth,settle,0.0,auto,hold,8.0,0.8,2.0,1.0,0,PLANNER,first,on,1000,1,deterministic,20.0,1,200,lo,1.0,0.42,0.5,0.05,dead-reckoned-heading-hold,off,,,2.656,0.5524
15,staircase_climbing,0,0,1,1,heading-only,0.0,1.7467976808547974,2.280609130859375,0.7977770744084827,1.017654785034054,9.457366206878843,1,timeout,20.0,-65.97583356016963,-3.298791678008482,0.3429763615131378,0.03733988404273987,0.01403045654296875,0.285125732421875,0.0,-1.5419109511088882,0,20.0,-50.553298022511264,-16.70220752223732,51.63405554830831,16.86111090086209,3,8,1000,0.16,0.0,0.84,off,5.0,legged_eval-seed1,,depth,settle,0.0,auto,hold,8.0,0.8,2.0,1.0,0,PLANNER,first,on,1000,1,deterministic,20.0,1,200,lo,1.0,0.42,0.5,0.05,dead-reckoned-heading-hold,off,,,2.682,0.5015
15,staircase_climbing,1,0,0,1,heading-only,0.0,1.1764083862304702,1.507965087890625,0.5227028538920743,0.5889056692174469,10.03566077517397,0,roll,2.98,-3.4009852314910063,-1.1412702119097338,0.3374747037887573,0.05919744504378194,-0.16511238661388422,-0.5093307495117188,0.0,-0.3364828133718674,1,2.98,92.28693202048245,8.303186671615032,92.28693202048245,11.006747747369586,2,4,149,0.8993288590604027,0.0,0.10067114093959731,off,5.0,legged_eval-seed1,,depth,settle,0.0,auto,hold,8.0,0.8,2.0,1.0,0,PLANNER,first,on,1000,1,deterministic,20.0,1,200,lo,1.0,0.42,0.5,0.05,dead-reckoned-heading-hold,off,,,2.653,0.5596
15,staircase_climbing,2,0,1,1,heading-only,0.0,1.370783996582034,1.52960205078125,0.5989616037364596,1.433588230470144,9.840465510964261,0,roll,4.44,-17.98580465688491,-4.050856904703808,0.33732643723487854,0.08350990914009776,-0.10594548405827701,-0.475006103515625,0.0,-0.8466155842131103,1,4.44,89.0590105752622,0.28231171062497923,89.0590105752622,5.959784727980637,1,0,222,0.7882882882882883,0.0,0.21171171171171171,off,5.0,legged_eval-seed1,,depth,settle,0.0,auto,hold,8.0,0.8,2.0,1.0,0,PLANNER,first,on,1000,1,deterministic,20.0,1,200,lo,1.0,0.42,0.5,0.05,dead-reckoned-heading-hold,off,,,2.657,0.5509
15,staircase_climbing,3,0,1,1,heading-only,0.0,1.3959930419921989,2.7063827514648438,0.8098068170084015,1.5050701266054607,9.829421601713525,0,roll,4.66,19.73996953132729,4.236044963804139,0.32585135102272034,0.08497704763781092,0.15158428143022398,0.7073822021484375,0.0,0.8700341319931838,1,4.66,-85.97075879174234,-3.7837625878753536,85.97075879174234,14.985223737611527,1,8,233,0.7939914163090128,0.0,0.20600858369098712,off,5.0,legged_eval-seed1,,depth,settle,0.0,auto,hold,8.0,0.8,2.0,1.0,0,PLANNER,first,on,1000,1,deterministic,20.0,1,200,lo,1.0,0.42,0.5,0.05,dead-reckoned-heading-hold,off,,,2.657,0.5514
15,staircase_climbing,4,0,0,1,heading-only,0.0,1.0070709228515682,2.6685409545898438,0.6685783468778154,0.8306178923321507,10.214829914381426,0,roll,3.38,-8.479633923395085,-2.508767432957126,0.34296727180480957,0.0020919890093396994,0.19779318183131472,0.6612396240234375,0.0,-20.930440684164168,1,3.38,-90.90671210862406,-4.1789840997551675,90.90671210862406,11.78441808444154,4,0,169,0.8224852071005917,0.0,0.17751479289940827,off,5.0,legged_eval-seed1,,depth,settle,0.0,auto,hold,8.0,0.8,2.0,1.0,0,PLANNER,first,on,1000,1,deterministic,20.0,1,200,lo,1.0,0.42,0.5,0.05,dead-reckoned-heading-hold,off,,,2.656,0.5536
15,staircase_climbing,5,0,1,1,heading-only,0.0,1.1700439453125,1.9935836791992188,0.17016495676272195,1.5299695089927525,9.729958170276102,0,roll,19.42,-80.565061738044,-4.148561366531617,0.3452490270137787,0.008756124887358392,-0.00033039756955619205,-0.0294647216796875,0.0,-8.269189395819131,1,19.42,87.06787632880174,1.2862800772145098,87.06787632880174,9.330638154311735,1,8,971,0.6694129763130793,0.0,0.3305870236869207,off,5.0,legged_eval-seed1,,depth,settle,0.0,auto,hold,8.0,0.8,2.0,1.0,0,PLANNER,first,on,1000,1,deterministic,20.0,1,200,lo,1.0,0.42,0.5,0.05,dead-reckoned-heading-hold,off,,,2.662,0.5416
15,staircase_climbing,6,0,1,1,heading-only,0.0,1.8918701171875227,1.894775390625,0.8980559694975625,0.8149516095527459,9.008744429943462,0,roll,8.02,-89.1686660202815,-11.118287533700936,0.35400018095970154,0.11120575027275845,-0.013120275483167083,-0.08261871337890625,0.0,-1.7449702391339115,1,8.02,-86.01441150309964,-2.7222435972586205,86.01441150309964,10.999186132264429,1,0,401,0.26184538653366585,0.0,0.7381546134663342,off,5.0,legged_eval-seed1,,depth,settle,0.0,auto,hold,8.0,0.8,2.0,1.0,0,PLANNER,first,on,1000,1,deterministic,20.0,1,200,lo,1.0,0.42,0.5,0.05,dead-reckoned-heading-hold,off,,,2.678,0.5095
15,staircase_climbing,7,0,1,1,heading-only,0.0,1.551776123046892,1.26068115234375,0.9225233051063937,1.365653847102173,9.377413396674802,0,roll,5.68,2.685520076388144,0.4728028303500254,0.33111584186553955,0.09714368363501621,-0.13016176895356515,-0.7546234130859375,0.0,0.08494598715609782,1,5.68,86.90083883776364,4.739255828429387,86.90083883776364,8.37440230101591,2,0,284,0.9119718309859155,0.0,0.0880281690140845,off,5.0,legged_eval-seed1,,depth,settle,0.0,auto,hold,8.0,0.8,2.0,1.0,0,PLANNER,first,on,1000,1,deterministic,20.0,1,200,lo,1.0,0.42,0.5,0.05,dead-reckoned-heading-hold,off,,,2.652,0.5606
15,staircase_climbing,8,0,1,1,heading-only,0.0,1.0676086425781364,1.5456161499023438,0.45938612493285813,1.6944516006705908,9.842884967769017,0,roll,4.38,-32.14205250126889,-7.338368150974633,0.3433915376663208,0.015435763145693235,-0.103740605045127,-0.4646453857421875,0.0,-8.297528586640121,1,4.38,87.83068499183838,-0.5723443712584385,87.83068499183838,5.3263307355291545,1,8,219,0.639269406392694,0.0,0.3607305936073059,off,5.0,legged_eval-seed1,,depth,settle,0.0,auto,hold,8.0,0.8,2.0,1.0,0,PLANNER,first,on,1000,1,deterministic,20.0,1,200,lo,1.0,0.42,0.5,0.05,dead-reckoned-heading-hold,off,,,2.663,0.5392
15,staircase_climbing,9,0,1,1,heading-only,0.0,1.132635498046909,1.9976882934570312,0.1326556419052444,1.5673662067206138,9.767364775516478,0,roll,10.16,-64.14929841392009,-6.313907324204734,0.34101951122283936,0.013054675004617038,-0.00022753017155204233,-0.02289581298828125,0.0,-8.441303321161488,1,10.16,89.64201702743433,3.5246793306739286,89.64201702743433,9.777134910912553,3,8,508,0.4921259842519685,0.0,0.5078740157480315,off,5.0,legged_eval-seed1,,depth,settle,0.0,auto,hold,8.0,0.8,2.0,1.0,0,PLANNER,first,on,1000,1,deterministic,20.0,1,200,lo,1.0,0.42,0.5,0.05,dead-reckoned-heading-hold,off,,,2.669,0.5276
16,staircase_spiral,0,0,0,1,heading-only,0.0,1.5818485021591187,1.4823699951171818,0.7787737164413012,1.9304579735633995,3.5786230293261667,0,roll,5.78,-4.830896386388986,-0.835795222558648,0.3259632885456085,0.10066583082337692,-0.08955536416657754,-0.5324554443359375,0.0,-0.14490893669453198,1,5.78,86.67628270293879,6.04397753787587,86.67628270293879,11.395602175137268,0,0,289,1.0,0.0,0.0,off,5.0,legged_eval-seed1,,depth,settle,0.0,auto,hold,8.0,0.8,2.0,1.0,0,PLANNER,first,on,1000,1,deterministic,20.0,1,200,lo,1.0,0.42,0.5,0.05,dead-reckoned-heading-hold,off,,,2.649,0.5676
16,staircase_spiral,1,0,0,1,heading-only,0.0,1.0894638061523452,2.2663208007812443,0.2809457982245465,2.4951002288228836,4.032622714691884,0,roll,12.9,-123.91514529805227,-9.605825216903277,0.3525635600090027,0.006935178771499626,0.02064502331637553,0.2724609375,0.0,-24.174326708784783,1,12.9,91.49887520684666,2.1602275957695865,91.49887520684666,14.672271517081878,1,0,645,0.27906976744186046,0.0,0.7209302325581395,off,5.0,legged_eval-seed1,,depth,settle,0.0,auto,hold,8.0,0.8,2.0,1.0,0,PLANNER,first,on,1000,1,deterministic,20.0,1,200,lo,1.0,0.42,0.5,0.05,dead-reckoned-heading-hold,off,,,2.678,0.5108
16,staircase_spiral,2,0,0,1,heading-only,0.0,1.430384826660159,2.5901733398437443,0.7304352607052969,2.288710981186496,3.747878248464508,0,roll,2.88,-7.890305470095882,-2.739689399338848,0.3463211953639984,0.14943917592366635,0.20492129855685567,0.595489501953125,0.0,-0.31997366289595586,1,2.88,-86.0654027872689,-5.405184667207017,86.0654027872689,8.740301514269149,1,0,144,0.6944444444444444,0.0,0.3055555555555556,off,5.0,legged_eval-seed1,,depth,settle,0.0,auto,hold,8.0,0.8,2.0,1.0,0,PLANNER,first,on,1000,1,deterministic,20.0,1,200,lo,1.0,0.42,0.5,0.05,dead-reckoned-heading-hold,off,,,2.661,0.5435
16,staircase_spiral,3,0,0,1,heading-only,0.0,2.245114135742199,2.678201293945307,1.417838568432292,1.6375049411828375,2.9886215756670085,0,roll,12.9,3.8403386261869343,0.29770066869666156,0.3356088101863861,0.09652047563893014,0.05257374371669045,0.6843414306640625,0.0,0.05383165405838392,1,12.9,-93.67234591635611,0.849445106629862,93.67234591635611,14.08995096802554,0,0,645,1.0,0.0,0.0,off,5.0,legged_eval-seed1,,depth,settle,0.0,auto,hold,8.0,0.8,2.0,1.0,0,PLANNER,first,on,1000,1,deterministic,20.0,1,200,lo,1.0,0.42,0.5,0.05,dead-reckoned-heading-hold,off,,,2.649,0.5676
16,staircase_spiral,4,0,0,1,heading-only,0.0,0.7849639892578182,1.545915222167963,0.5024275782385776,2.7970611319931464,4.487694109627187,0,roll,3.48,-43.867481798210775,-12.60559821787666,0.3473430275917053,-0.06179195710982236,-0.13048413156093017,-0.45975494384765625,0.0,3.560482680528416,1,3.48,89.88829543868671,-1.6117308002917343,89.88829543868671,8.07291129957956,1,0,174,0.5747126436781609,0.0,0.42528735632183906,off,5.0,legged_eval-seed1,,depth,settle,0.0,auto,hold,8.0,0.8,2.0,1.0,0,PLANNER,first,on,1000,1,deterministic,20.0,1,200,lo,1.0,0.42,0.5,0.05,dead-reckoned-heading-hold,off,,,2.666,0.5341
16,staircase_spiral,5,0,0,1,heading-only,0.0,0.9403228759765625,1.4701324462890568,0.5332175762363127,2.66682455897078,4.379372757632311,0,roll,4.66,-17.282394051310803,-3.7086682513542493,0.3483145236968994,-0.012806249790437232,-0.11370548362895776,-0.5237579345703125,0.0,5.0544439558446514,1,4.66,90.20368839753856,0.1651588490663908,90.20368839753856,9.209053656949266,3,0,233,0.6866952789699571,0.0,0.3133047210300429,off,5.0,legged_eval-seed1,,depth,settle,0.0,auto,hold,8.0,0.8,2.0,1.0,0,PLANNER,first,on,1000,1,deterministic,20.0,1,200,lo,1.0,0.42,0.5,0.05,dead-reckoned-heading-hold,off,,,2.661,0.5429
16,staircase_spiral,6,0,0,1,heading-only,0.0,1.0741516113281477,1.385087585449213,0.619367208553407,2.561943136656485,4.2955816428074005,0,roll,2.68,-3.11967384176981,-1.1640574036454514,0.32098454236984253,0.027668511689607364,-0.22944493080253242,-0.6084671020507812,0.0,-0.734287214424365,1,2.68,89.06525136643765,-0.14555842985514927,89.06525136643765,7.805370522057286,2,0,134,0.8880597014925373,0.0,0.11194029850746269,off,5.0,legged_eval-seed1,,depth,settle,0.0,auto,hold,8.0,0.8,2.0,1.0,0,PLANNER,first,on,1000,1,deterministic,20.0,1,200,lo,1.0,0.42,0.5,0.05,dead-reckoned-heading-hold,off,,,2.653,0.5588
16,staircase_spiral,7,0,0,1,heading-only,0.0,1.739367675781267,2.846871948242182,1.1242137949294615,2.21651774753367,3.662011946463396,0,roll,6.28,-7.378380849727392,-1.1749014091922598,0.3384484648704529,0.11773370633459666,0.13485222105767225,0.8260498046875,0.0,-0.1741718545617581,1,6.28,-92.38614536724003,-5.310388995201595,92.38614536724003,13.317246486449708,5,0,314,0.8598726114649682,0.0,0.14012738853503184,off,5.0,legged_eval-seed1,,depth,settle,0.0,auto,hold,8.0,0.8,2.0,1.0,0,PLANNER,first,on,1000,1,deterministic,20.0,1,200,lo,1.0,0.42,0.5,0.05,dead-reckoned-heading-hold,off,,,2.654,0.5565
16,staircase_spiral,8,0,0,1,heading-only,0.0,2.5355651855468864,1.6400695800781193,1.5771843095367086,1.1215926551757505,2.8791858938893102,0,roll,12.88,-23.255005428639947,-1.805512843838505,0.3423737585544586,0.11922089949898185,-0.027944908379028,-0.357574462890625,0.0,-0.26431727947411804,1,12.88,89.05936213672366,1.6132754620992211,89.05936213672366,9.545257915221036,5,0,644,0.8074534161490683,0.0,0.19254658385093168,off,5.0,legged_eval-seed1,,depth,settle,0.0,auto,hold,8.0,0.8,2.0,1.0,0,PLANNER,first,on,1000,1,deterministic,20.0,1,200,lo,1.0,0.42,0.5,0.05,dead-reckoned-heading-hold,off,,,2.656,0.5524
16,staircase_spiral,9,0,0,1,heading-only,0.0,1.751837158203159,2.4695373535156193,0.8864109875229739,2.0714108850066384,3.6692934500446883,0,roll,6.08,-70.74490454700381,-11.635675089967732,0.3427763283252716,0.1236574273360459,0.07722653840717422,0.458831787109375,0.0,-1.6422858326199925,1,6.08,-86.78229878450436,12.102993889057968,86.78229878450436,31.72494844327775,5,0,304,0.5756578947368421,0.0,0.4243421052631579,off,5.0,legged_eval-seed1,,depth,settle,0.0,auto,hold,8.0,0.8,2.0,1.0,0,PLANNER,first,on,1000,1,deterministic,20.0,1,200,lo,1.0,0.42,0.5,0.05,dead-reckoned-heading-hold,off,,,2.666,0.5342
17,squeeze,0,0,0,1,heading-only,0.0,1.2667770385742188,2.593783569335926,0.650959995332849,0.6379434747291676,7.456901670364227,0,roll,3.5,22.890299339664608,6.540085525618459,0.34989213943481445,0.07622201102120536,0.1696524483816932,0.585601806640625,0.0,1.4975467618180536,1,3.5,-92.01014267889877,18.683093463674506,92.01014267889877,23.73597755289413,4,0,175,0.8285714285714286,0.0,0.17142857142857143,off,5.0,legged_eval-seed1,,depth,settle,0.0,auto,hold,8.0,0.8,2.0,1.0,0,PLANNER,first,on,1000,1,deterministic,20.0,1,200,lo,1.0,0.42,0.5,0.05,dead-reckoned-heading-hold,off,,,2.656,0.5541
17,squeeze,1,0,0,1,heading-only,0.0,0.9912467956542983,1.4767181396484261,0.5233550649027118,0.7298313012642191,8.175516971714647,0,roll,2.12,-3.1646095669492524,-1.4927403617685153,0.3232092261314392,-0.004128869974387596,-0.24683106620357256,-0.5189208984375,0.0,6.310015658494103,1,2.12,86.79795090068545,4.2402502557640105,86.79795090068545,15.574578483520908,0,6,106,1.0,0.0,0.0,off,5.0,legged_eval-seed1,,depth,settle,0.0,auto,hold,8.0,0.8,2.0,1.0,0,PLANNER,first,on,1000,1,deterministic,20.0,1,200,lo,1.0,0.42,0.5,0.05,dead-reckoned-heading-hold,off,,,2.649,0.5676
17,squeeze,2,0,1,1,heading-only,0.0,1.439082336425784,2.625674438476551,0.7643701990031224,1.123838479289975,8.085163083196637,0,roll,4.3,-16.271475197962047,-3.7840639995260577,0.3411720097064972,0.10211217126181026,0.1455056833666398,0.6180267333984375,0.0,-0.6467826027181474,1,4.3,-86.32688635547585,-9.692853080745016,86.32688635547585,13.641442516347764,3,0,215,0.8372093023255814,0.0,0.16279069767441862,off,5.0,legged_eval-seed1,,depth,settle,0.0,auto,hold,8.0,0.8,2.0,1.0,0,PLANNER,first,on,1000,1,deterministic,20.0,1,200,lo,1.0,0.42,0.5,0.05,dead-reckoned-heading-hold,off,,,2.655,0.5548
17,squeeze,3,0,1,1,heading-only,0.0,1.2231567382812614,1.7736236572265511,0.3178760425194283,1.1846208675892926,7.780137361634924,0,roll,9.36,-61.24962493960865,-6.543763348248788,0.34713292121887207,0.02384153186765613,-0.024185506706565052,-0.217132568359375,0.0,-4.790389163424914,1,9.36,87.43744587277823,8.323012225182488,87.43744587277823,15.728909249953988,3,8,468,0.5555555555555556,0.0,0.4444444444444444,off,5.0,legged_eval-seed1,,depth,settle,0.0,auto,hold,8.0,0.8,2.0,1.0,0,PLANNER,first,on,1000,1,deterministic,20.0,1,200,lo,1.0,0.42,0.5,0.05,dead-reckoned-heading-hold,off,,,2.667,0.5326
17,squeeze,4,0,1,1,heading-only,0.0,1.2602905273437557,1.7231170654296761,0.3800201548354569,1.2202105311808815,8.094446461089255,0,roll,7.92,-31.180196264156223,-3.9368934676964926,0.34537139534950256,0.03286496557370652,-0.034959966486152,-0.2955322265625,0.0,-2.090729508219335,1,7.92,88.71300933392314,1.417372886453997,88.71300933392314,7.334366186266953,3,8,396,0.5176767676767676,0.0,0.4823232323232323,off,5.0,legged_eval-seed1,,depth,settle,0.0,auto,hold,8.0,0.8,2.0,1.0,0,PLANNER,first,on,1000,1,deterministic,20.0,1,200,lo,1.0,0.42,0.5,0.05,dead-reckoned-heading-hold,off,,,2.668,0.5296
17,squeeze,5,0,1,1,heading-only,0.0,1.4323577880859375,1.5448944091796761,0.6277374894926067,1.0544745188439841,8.130389669594264,0,roll,11.28,-37.51267767194034,-3.3255919921932926,0.33826014399528503,0.03832959114237035,-0.0403462403209507,-0.4720611572265625,0.0,-1.5143007820286678,1,11.28,88.74453228198117,3.9506264777664626,88.74453228198117,17.94553413133395,2,8,564,0.973404255319149,0.0,0.026595744680851064,off,5.0,legged_eval-seed1,,depth,settle,0.0,auto,hold,8.0,0.8,2.0,1.0,0,PLANNER,first,on,1000,1,deterministic,20.0,1,200,lo,1.0,0.42,0.5,0.05,dead-reckoned-heading-hold,off,,,2.65,0.5655
17,squeeze,6,0,1,1,heading-only,0.0,1.3319946289062727,1.3805877685546761,0.7027744631719974,1.3453175371905282,8.889611396130377,0,roll,2.72,12.861492222495315,4.728489787682101,0.3409039378166199,0.12205684886260026,-0.22772508509019257,-0.5911865234375,0.0,0.6761416193439661,1,2.72,92.5288782384454,-1.8505891946033917,92.5288782384454,13.5256828633734,3,0,136,0.7352941176470589,0.0,0.2647058823529412,off,5.0,legged_eval-seed1,,depth,settle,0.0,auto,hold,8.0,0.8,2.0,1.0,0,PLANNER,first,on,1000,1,deterministic,20.0,1,200,lo,1.0,0.42,0.5,0.05,dead-reckoned-heading-hold,off,,,2.659,0.5467
17,squeeze,7,0,1,1,heading-only,0.0,1.435443115234392,1.4621307373046761,0.6920361626081714,1.155931362082955,8.381832450140712,0,roll,5.94,-19.25622339047527,-3.241788449574961,0.35091134905815125,0.07330692175663166,-0.09055038092513869,-0.5498046875,0.0,-0.7718218244934938,1,5.94,92.08891126979587,0.7968986651055935,92.08891126979587,5.985147745442681,1,8,297,0.7239057239057239,0.0,0.2760942760942761,off,5.0,legged_eval-seed1,,depth,settle,0.0,auto,hold,8.0,0.8,2.0,1.0,0,PLANNER,first,on,1000,1,deterministic,20.0,1,200,lo,1.0,0.42,0.5,0.05,dead-reckoned-heading-hold,off,,,2.66,0.5458
17,squeeze,8,0,1,1,heading-only,0.0,1.7443359375000114,1.9951965332031136,0.7443514365857633,0.7471357255664783,8.70566538768846,1,timeout,20.0,6.613436320275497,0.3306718160137748,0.3249445855617523,0.03721679687500057,-0.00024017333984431842,0.003204345703125,0.0,0.15507277405880174,0,20.0,1.4263608124664322,-6.196739882363207,9.671995971230588,9.844706199312567,0,8,1000,1.0,0.0,0.0,off,5.0,legged_eval-seed1,,depth,settle,0.0,auto,hold,8.0,0.8,2.0,1.0,0,PLANNER,first,on,1000,1,deterministic,20.0,1,200,lo,1.0,0.42,0.5,0.05,dead-reckoned-heading-hold,off,,,2.649,0.5676
17,squeeze,9,0,0,1,heading-only,0.0,1.210607910156284,1.4828826904296761,0.5583601021541991,0.5925859376675787,9.303774272342825,0,roll,3.14,11.256630784348516,3.5849142625313744,0.33244219422340393,0.06707258285231978,-0.16468704126443434,-0.5107421875,0.0,0.9328484847622486,1,3.14,90.61481560451587,-14.903615944073136,90.61481560451587,15.076901879449897,0,6,157,1.0,0.0,0.0,off,5.0,legged_eval-seed1,,depth,settle,0.0,auto,hold,8.0,0.8,2.0,1.0,0,PLANNER,first,on,1000,1,deterministic,20.0,1,200,lo,1.0,0.42,0.5,0.05,dead-reckoned-heading-hold,off,,,2.649,0.5676
18,agility_poles,0,0,1,1,heading-only,0.0,3.7281064987182617,3.0038726806640454,2.906944345413656,0.2910594609827624,14.60643147971744,0,roll,17.38,-30.55620951655021,-1.7581248283400583,0.3573499023914337,0.1569681529757343,0.05776022328331677,1.008819580078125,0.0,-0.1954859398793954,1,17.38,-89.17378142811506,-5.750965038675509,89.17378142811506,14.176929584546608,7,1,869,0.8112773302646721,0.0,0.18872266973532797,off,5.0,legged_eval-seed1,,depth,settle,0.0,auto,hold,8.0,0.8,2.0,1.0,0,PLANNER,first,on,1000,1,deterministic,20.0,1,200,lo,1.0,0.42,0.5,0.05,dead-reckoned-heading-hold,off,,,2.656,0.5527
18,agility_poles,1,0,1,1,heading-only,0.0,1.3057304382324233,1.423474121093733,0.6525742792283751,2.94167236007291,15.954689403036234,0,roll,4.24,-18.43822644848578,-4.348638313322117,0.3453579843044281,0.0721062354321753,-0.1359730846477045,-0.60675048828125,0.0,-1.052586591033935,1,4.24,89.63964484050358,4.790426101860178,89.63964484050358,10.554291548846663,2,0,212,0.8349056603773585,0.0,0.1650943396226415,off,5.0,legged_eval-seed1,,depth,settle,0.0,auto,hold,8.0,0.8,2.0,1.0,0,PLANNER,first,on,1000,1,deterministic,20.0,1,200,lo,1.0,0.42,0.5,0.05,dead-reckoned-heading-hold,off,,,2.655,0.5546
18,agility_poles,2,0,0,1,heading-only,0.0,0.8625823974609403,1.6512725830077954,0.3748258380229915,0.7265755372903064,15.691293185961898,0,roll,3.54,-47.420224167680146,-13.395543550192132,0.3380100727081299,-0.03881853179069482,-0.09851056977180919,-0.336944580078125,0.0,6.0228022354309205,1,3.54,88.99439409396639,-5.210054706962209,88.99439409396639,7.833092336289603,1,0,177,0.3672316384180791,0.0,0.632768361581921,off,5.0,legged_eval-seed1,,depth,settle,0.0,auto,hold,8.0,0.8,2.0,1.0,0,PLANNER,first,on,1000,1,deterministic,20.0,1,200,lo,1.0,0.42,0.5,0.05,dead-reckoned-heading-hold,off,,,2.674,0.5178
18,agility_poles,3,0,1,1,heading-only,0.0,3.4490859985351676,2.994305419921858,2.6432301254917214,0.1779565903942942,12.09186385710603,0,roll,17.36,3.1560050679991605,0.18179752695847698,0.34940776228904724,0.14107638240409953,0.05727565782960011,0.999053955078125,0.0,0.02249111696329104,1,17.36,-86.6707339382007,0.3321796939849786,86.6707339382007,12.496651851228387,6,8,868,0.9481566820276498,0.0,0.05184331797235023,off,5.0,legged_eval-seed1,,depth,settle,0.0,auto,hold,8.0,0.8,2.0,1.0,0,PLANNER,first,on,1000,1,deterministic,20.0,1,200,lo,1.0,0.42,0.5,0.05,dead-reckoned-heading-hold,off,,,2.651,0.5635
18,agility_poles,4,0,0,1,heading-only,0.0,1.2185119628906307,2.7022979736327954,0.7355065748822691,0.7566095154070006,13.599633809258025,0,roll,3.02,-7.875126634543534,-2.6076578260077925,0.3451933264732361,0.07235495459954658,0.23254899789165412,0.6969757080078125,0.0,-0.6290131074108726,1,3.02,-89.12432770334752,-6.1342548469225,89.12432770334752,10.278865653026141,3,0,151,0.7947019867549668,0.0,0.2052980132450331,off,5.0,legged_eval-seed1,,depth,settle,0.0,auto,hold,8.0,0.8,2.0,1.0,0,PLANNER,first,on,1000,1,deterministic,20.0,1,200,lo,1.0,0.42,0.5,0.05,dead-reckoned-heading-hold,off,,,2.657,0.5514
18,agility_poles,5,0,1,1,heading-only,0.0,1.7559051513671875,1.6707122802734204,0.8245137962618825,1.9828913011901468,11.998614154991522,0,roll,8.92,-38.08521808613827,-4.269643283199358,0.3475506007671356,0.08474272997389995,-0.036915663646477526,-0.35821533203125,0.0,-0.8793596005278661,1,8.92,85.94656514588375,-0.8006861870112918,85.94656514588375,5.639949283774596,1,8,446,0.8071748878923767,0.0,0.19282511210762332,off,5.0,legged_eval-seed1,,depth,settle,0.0,auto,hold,8.0,0.8,2.0,1.0,0,PLANNER,first,on,1000,1,deterministic,20.0,1,200,lo,1.0,0.42,0.5,0.05,dead-reckoned-heading-hold,off,,,2.656,0.5524
18,agility_poles,6,0,0,1,heading-only,0.0,0.9223571777343977,1.277569580078108,0.7265907510269376,0.9249740221992678,12.149140962886191,0,roll,3.14,-22.476344548927443,-7.1580715123972745,0.34249186515808105,-0.024727013460382884,-0.23007338214072995,-0.6951904296875,0.0,5.05244663633584,1,3.14,87.35864099650301,1.5150355953089323,87.35864099650301,11.077598925416128,1,0,157,0.6369426751592356,0.0,0.3630573248407643,off,5.0,legged_eval-seed1,,depth,settle,0.0,auto,hold,8.0,0.8,2.0,1.0,0,PLANNER,first,on,1000,1,deterministic,20.0,1,200,lo,1.0,0.42,0.5,0.05,dead-reckoned-heading-hold,off,,,2.663,0.539
18,agility_poles,7,0,0,1,heading-only,0.0,1.522143554687517,2.5883148193359204,0.786605503636971,0.5887314019690607,10.494359914507697,0,roll,3.14,-41.15372331935063,-13.106281311895104,0.3481813073158264,0.16628775626990988,0.18736140743182178,0.582733154296875,0.0,-1.3756139761359196,1,3.14,-87.41780754037623,11.107296709737657,87.41780754037623,18.844957839507693,2,0,157,0.9044585987261147,0.0,0.09554140127388536,off,5.0,legged_eval-seed1,,depth,settle,0.0,auto,hold,8.0,0.8,2.0,1.0,0,PLANNER,first,on,1000,1,deterministic,20.0,1,200,lo,1.0,0.42,0.5,0.05,dead-reckoned-heading-hold,off,,,2.652,0.5601
18,agility_poles,8,0,0,1,heading-only,0.0,1.2750976562500114,2.847607421874983,0.8911324604635411,0.8769375153577325,10.060671217336436,0,roll,4.4,-2.812154010323951,-0.6391259114372616,0.3444805443286896,0.0625221946022753,0.19263805042613247,0.83856201171875,0.0,-0.17841426649127815,1,4.4,-86.82000362964489,-7.792804293960459,86.82000362964489,9.658233163783757,3,0,220,0.8181818181818182,0.0,0.18181818181818182,off,5.0,legged_eval-seed1,,depth,settle,0.0,auto,hold,8.0,0.8,2.0,1.0,0,PLANNER,first,on,1000,1,deterministic,20.0,1,200,lo,1.0,0.42,0.5,0.05,dead-reckoned-heading-hold,off,,,2.656,0.5533
18,agility_poles,9,0,0,1,heading-only,0.0,1.139837646484409,2.492352294921858,0.5118255070716179,0.6100227071222101,9.123457068991312,0,roll,2.08,-16.60707770074768,-7.984171971513308,0.3359297811985016,0.067229637732889,0.23670783409704707,0.4994964599609375,0.0,-2.0727478779821467,1,2.08,-94.77673324683745,-12.4467151143832,94.77673324683745,16.404714328976333,2,0,104,0.8076923076923077,0.0,0.19230769230769232,off,5.0,legged_eval-seed1,,depth,settle,0.0,auto,hold,8.0,0.8,2.0,1.0,0,PLANNER,first,on,1000,1,deterministic,20.0,1,200,lo,1.0,0.42,0.5,0.05,dead-reckoned-heading-hold,off,,,2.656,0.5524
19,balance_beam,0,0,1,1,heading-only,0.0,1.6061018705368042,1.4538635253906307,0.8158581533373085,1.1560356599700328,8.411646144287365,0,roll,6.44,-34.168865915637525,-5.305724521061727,0.34367528557777405,0.09411519728832363,-0.08480380040518157,-0.5562286376953125,0.0,-0.9839257076903035,1,6.44,86.71924021459614,10.984309913226138,86.71924021459614,17.93529158392783,1,0,322,0.7763975155279503,0.0,0.2236024844720497,off,5.0,legged_eval-seed1,,depth,settle,0.0,auto,hold,8.0,0.8,2.0,1.0,0,PLANNER,first,on,1000,1,deterministic,20.0,1,200,lo,1.0,0.42,0.5,0.05,dead-reckoned-heading-hold,off,,,2.658,0.55
19,balance_beam,1,0,0,1,heading-only,0.0,1.193265533447267,1.4040740966796932,0.6264816427213015,0.6702340749465916,9.425591812002008,0,roll,2.9,-6.682126998620731,-2.304181723662321,0.33186769485473633,0.06664328739560933,-0.2054916908001058,-0.593475341796875,0.0,-0.60344498619129,1,2.9,86.26914326527482,0.296279046145477,86.26914326527482,14.018477765407104,0,8,145,1.0,0.0,0.0,off,5.0,legged_eval-seed1,,depth,settle,0.0,auto,hold,8.0,0.8,2.0,1.0,0,PLANNER,first,on,1000,1,deterministic,20.0,1,200,lo,1.0,0.42,0.5,0.05,dead-reckoned-heading-hold,off,,,2.649,0.5676
19,balance_beam,2,0,1,1,heading-only,0.0,2.8535491943359403,2.478170776367193,1.9142340262347803,0.5022197192990532,8.06064624328245,0,roll,6.640000000000001,-10.661825703485164,-1.605696642091139,0.3433758020401001,0.2791489750505934,0.07201367113963753,0.47052001953125,0.0,-0.10039332291163923,1,6.640000000000001,-86.04026164189276,36.06339077748833,86.04026164189276,36.06339077748833,2,0,332,0.9548192771084337,0.0,0.045180722891566265,off,5.0,legged_eval-seed1,,depth,settle,0.0,auto,hold,8.0,0.8,2.0,1.0,0,PLANNER,first,on,1000,1,deterministic,20.0,1,200,lo,1.0,0.42,0.5,0.05,dead-reckoned-heading-hold,off,,,2.65,0.564
19,balance_beam,3,0,1,1,heading-only,0.0,2.3133972167968864,2.346853637695318,1.3584254470055699,0.5576104700265052,9.193148434695138,0,roll,5.28,-23.54066652939366,-4.458459569960921,0.33004406094551086,0.24874947287819815,0.0656919768362345,0.35101318359375,0.0,-0.3128239757154021,1,5.28,-86.46560046939608,61.64752570607733,86.46560046939608,61.64752570607733,2,0,264,0.9431818181818182,0.0,0.056818181818181816,off,5.0,legged_eval-seed1,,depth,settle,0.0,auto,hold,8.0,0.8,2.0,1.0,0,PLANNER,first,on,1000,1,deterministic,20.0,1,200,lo,1.0,0.42,0.5,0.05,dead-reckoned-heading-hold,off,,,2.651,0.5631
19,balance_beam,4,0,2,1,heading-only,0.0,4.239767456054693,2.822012329101568,3.342423886718452,0.837483574366788,7.903098121249148,0,roll,16.18,-13.4022528665339,-0.8283221796374475,0.33439239859580994,0.20023284648051257,0.05080422305942943,0.816070556640625,0.0,-0.07220068812923955,1,16.18,-89.22392981113609,31.07721389554712,89.22392981113609,34.92144384766477,2,0,809,0.9814585908529048,0.0,0.018541409147095178,off,5.0,legged_eval-seed1,,depth,settle,0.0,auto,hold,8.0,0.8,2.0,1.0,0,PLANNER,first,on,1000,1,deterministic,20.0,1,200,lo,1.0,0.42,0.5,0.05,dead-reckoned-heading-hold,off,,,2.649,0.5661
19,balance_beam,5,0,1,1,heading-only,0.0,2.348297119140625,2.2991394042968807,1.381082729124509,0.5627877218123271,10.056153100877088,0,roll,5.92,-41.885608882851216,-7.075271770751895,0.3214837908744812,0.2277528917467272,0.05053030477987849,0.2914581298828125,0.0,-0.5421963555586973,1,5.92,-90.20028774435036,19.842699710255918,90.20028774435036,31.042462360379407,0,0,296,1.0,0.0,0.0,off,5.0,legged_eval-seed1,,depth,settle,0.0,auto,hold,8.0,0.8,2.0,1.0,0,PLANNER,first,on,1000,1,deterministic,20.0,1,200,lo,1.0,0.42,0.5,0.05,dead-reckoned-heading-hold,off,,,2.649,0.5676
19,balance_beam,6,0,1,1,heading-only,0.0,1.6734252929687727,1.6250366210937557,0.7707782824722459,1.2587213004068722,11.332779541201722,0,roll,5.76,-8.474376004293845,-1.4712458340787926,0.34274736046791077,0.11691411336263416,-0.06509780883788964,-0.3994903564453125,0.0,-0.21963202878064042,1,5.76,88.64487080243593,7.297237522539209,88.64487080243593,17.817164482047723,3,8,288,0.9027777777777778,0.0,0.09722222222222222,off,5.0,legged_eval-seed1,,depth,settle,0.0,auto,hold,8.0,0.8,2.0,1.0,0,PLANNER,first,on,1000,1,deterministic,20.0,1,200,lo,1.0,0.42,0.5,0.05,dead-reckoned-heading-hold,off,,,2.653,0.5599
19,balance_beam,7,0,1,1,heading-only,0.0,2.1133453369140796,2.991629028320318,1.490927888610252,1.2814489540815255,11.529378278068636,0,roll,5.64,-21.156883205348493,-3.7512204264802294,0.330038845539093,0.1974016554812198,0.1758207497021841,0.95648193359375,0.0,-0.33166463194314305,1,5.64,-86.82257917842983,26.50682171797969,86.82257917842983,26.50682171797969,0,0,282,1.0,0.0,0.0,off,5.0,legged_eval-seed1,,depth,settle,0.0,auto,hold,8.0,0.8,2.0,1.0,0,PLANNER,first,on,1000,1,deterministic,20.0,1,200,lo,1.0,0.42,0.5,0.05,dead-reckoned-heading-hold,off,,,2.649,0.5676
19,balance_beam,8,0,0,1,heading-only,0.0,1.2139404296875114,2.5156616210937557,0.5582807671090927,0.5896922801227821,12.696535524661266,0,roll,2.16,-19.127338283470152,-8.855249205310255,0.3435954451560974,0.09904649522569971,0.23873223198784985,0.526153564453125,0.0,-1.5604111419095745,1,2.16,-87.98617994043425,-8.197654103848361,87.98617994043425,18.848099049900682,2,0,108,0.8148148148148148,0.0,0.18518518518518517,off,5.0,legged_eval-seed1,,depth,settle,0.0,auto,hold,8.0,0.8,2.0,1.0,0,PLANNER,first,on,1000,1,deterministic,20.0,1,200,lo,1.0,0.42,0.5,0.05,dead-reckoned-heading-hold,off,,,2.656,0.553
19,balance_beam,9,0,1,1,heading-only,0.0,1.435827636718784,1.4473327636718807,0.70383719924315,1.6589382918491289,13.075857165464575,0,roll,3.3000000000000003,-3.0524220476775383,-0.9249763780841025,0.3470901846885681,0.13206898082387397,-0.16747492009943007,-0.55322265625,0.0,-0.12223826669995165,1,3.3000000000000003,86.48901556603181,-6.23395416362281,86.48901556603181,12.581357129700502,2,0,165,0.9090909090909091,0.0,0.09090909090909091,off,5.0,legged_eval-seed1,,depth,settle,0.0,auto,hold,8.0,0.8,2.0,1.0,0,PLANNER,first,on,1000,1,deterministic,20.0,1,200,lo,1.0,0.42,0.5,0.05,dead-reckoned-heading-hold,off,,,2.652,0.5604
