task,task_name,level,episode,goals,settle_ok,heading,heading_cap_rad,final_x_m,final_y_m,travelled_m,dist_to_next_goal_m,dist_to_last_goal_m,alive_at_end,end_cause,upright_s,yaw_cum_deg,yaw_rate_deg_s,base_h_max_m,vx_mean_ms,vy_mean_ms,cross_track_m,cross_track_abs_max_m,curvature_rad_m,fell,episode_s,end_roll_deg,end_pitch_deg,peak_roll_deg,peak_pitch_deg,switches,refused_ticks,steps_alive,frac_WALK,frac_TROT,frac_TURN,yaw_moment,yaw_moment_gain,terrain,planner_set,perception,turn_target,swing_lift_mm,foot_yaw_turn,roll_couple,roll_gain,roll_damp,roll_cap_nm,roll_sign,partial,skill,start_phase,foot_comp,steps,terrain_seed,measurement_seed,episode_length_s,episodes,num_envs,rate,gutter,spawn_z,settle_s,foot_clip_rad,steering,cross_track,cross_track_gain,cross_track_cap,cmd_mean_feet_down,cmd_frac_below_3_feet
0,jump_on_and_off_box,0,0,1,1,heading-only,0.04,1.3323711156845093,2.655036449432373,0.7345361179862671,1.3693100570737162,16.780418682268216,0,roll,16.02,43.99248871762191,2.746097922448309,0.326286256313324,0.02074726065446375,0.040888667255454,0.6556887626647949,0.18158550278025815,2.3101098080910814,1,16.02,-91.14303170384026,0.17095378370520667,91.14303170384026,16.76029225096572,,,,,,,off,5.0,legged_eval-seed1,,n/a,settle,0.0,auto,hold,8.0,0.8,2.0,1.0,0,WALK,first,on,1000,1,deterministic,20.0,1,200,lo,1.0,0.42,0.5,0.15,dead-reckoned-heading-hold,off,,,2.649,0.5676
0,jump_on_and_off_box,1,0,1,1,heading-only,0.04,1.458322143554689,1.5212900638580322,0.6627385534534804,1.14416215718272,16.44864535267525,0,roll,11.02,-30.4213253331844,-2.7605558378570234,0.3292739689350128,0.041590031175561606,-0.04344010309818219,-0.4758723974227905,0.29426263926153534,-1.1584696426981023,1,11.02,87.60082686972146,2.891091409611354,87.60082686972146,17.47960082220161,,,,,,,off,5.0,legged_eval-seed1,,n/a,settle,0.0,auto,hold,8.0,0.8,2.0,1.0,0,WALK,first,on,1000,1,deterministic,20.0,1,200,lo,1.0,0.42,0.5,0.15,dead-reckoned-heading-hold,off,,,2.649,0.5676
0,jump_on_and_off_box,2,0,1,1,heading-only,0.04,1.4438354492187528,2.7444612979888916,0.8667251756967241,1.2645147526421843,15.873631496467816,0,roll,7.5200000000000005,26.440877854954778,3.516074182839731,0.33086007833480835,0.059020671438663935,0.0989975130304377,0.7335443496704102,0.39483979981865674,1.0397555591805987,1,7.5200000000000005,-87.09615594992219,10.803611717843104,87.09615594992219,13.38956330063122,,,,,,,off,5.0,legged_eval-seed1,,n/a,settle,0.0,auto,hold,8.0,0.8,2.0,1.0,0,WALK,first,on,1000,1,deterministic,20.0,1,200,lo,1.0,0.42,0.5,0.15,dead-reckoned-heading-hold,off,,,2.649,0.5676
0,jump_on_and_off_box,3,0,1,1,heading-only,0.04,1.6965911865234489,1.822413444519043,0.7188715224779302,0.8732982098112168,15.404432480937897,1,timeout,20.0,-32.36097123972141,-1.6180485619860705,0.32548877596855164,0.034829559326172446,-0.008879327774047851,-0.16940808296203613,0.35590333735436985,-0.8108134415182083,0,20.0,-1.5673860335321363,-7.882719922078715,10.716821419901263,12.398177220456148,,,,,,,off,5.0,legged_eval-seed1,,n/a,settle,0.0,auto,hold,8.0,0.8,2.0,1.0,0,WALK,first,on,1000,1,deterministic,20.0,1,200,lo,1.0,0.42,0.5,0.15,dead-reckoned-heading-hold,off,,,2.649,0.5676
0,jump_on_and_off_box,4,0,1,1,heading-only,0.04,1.3609527587890682,1.197318196296692,0.8801050914940983,1.4473239982942065,16.059119978497968,0,roll,12.82,-42.88509801954905,-3.345171452382921,0.3279380202293396,0.028155441403203446,-0.06261168515626428,-0.821250319480896,0.450873377083828,-2.07364022647359,1,12.82,88.53936893331024,-8.402376073585335,88.53936893331024,14.107073903039609,,,,,,,off,5.0,legged_eval-seed1,,n/a,settle,0.0,auto,hold,8.0,0.8,2.0,1.0,0,WALK,first,on,1000,1,deterministic,20.0,1,200,lo,1.0,0.42,0.5,0.15,dead-reckoned-heading-hold,off,,,2.649,0.5676
0,jump_on_and_off_box,5,0,0,1,heading-only,0.04,0.8793487548828125,1.3448069095611572,0.6662092079122963,0.9024887555112899,15.984085184298843,0,roll,2.6,-6.019431781136888,-2.3151660696680336,0.32010865211486816,-0.046404325045072116,-0.251997342476478,-0.653328537940979,0.4106693565619969,0.870765184213247,1,2.6,88.08277768495851,5.281246362541788,88.08277768495851,12.255523394480013,,,,,,,off,5.0,legged_eval-seed1,,n/a,settle,0.0,auto,hold,8.0,0.8,2.0,1.0,0,WALK,first,on,1000,1,deterministic,20.0,1,200,lo,1.0,0.42,0.5,0.15,dead-reckoned-heading-hold,off,,,2.649,0.5676
0,jump_on_and_off_box,6,0,1,1,heading-only,0.04,1.6411224365234602,2.0963046550750732,0.6483151742809258,0.9475410851420671,14.559196079965727,1,timeout,20.0,7.010643569539383,0.35053217847696916,0.32764244079589844,0.03205612182617301,0.004815232753753662,0.09712016582489014,0.07221922303704756,0.19085092955993105,0,20.0,5.170924620365313,-2.67801687471662,8.371804927269375,4.8600163491996895,,,,,,,off,5.0,legged_eval-seed1,,n/a,settle,0.0,auto,hold,8.0,0.8,2.0,1.0,0,WALK,first,on,1000,1,deterministic,20.0,1,200,lo,1.0,0.42,0.5,0.15,dead-reckoned-heading-hold,off,,,2.649,0.5676
0,jump_on_and_off_box,7,0,1,1,heading-only,0.04,1.377459716796892,1.4321210384368896,0.6818814800171555,1.276253421544041,15.08323430514049,0,roll,11.94,-31.772572511034127,-2.6610194732859402,0.3193027675151825,0.031613041607779904,-0.04756105205721192,-0.6028904914855957,0.3856448942874385,-1.4691263132711434,1,11.94,86.95932312400997,-9.805211760660525,86.95932312400997,13.552172922891597,,,,,,,off,5.0,legged_eval-seed1,,n/a,settle,0.0,auto,hold,8.0,0.8,2.0,1.0,0,WALK,first,on,1000,1,deterministic,20.0,1,200,lo,1.0,0.42,0.5,0.15,dead-reckoned-heading-hold,off,,,2.649,0.5676
0,jump_on_and_off_box,8,0,0,1,heading-only,0.04,0.8464782714843864,2.5488290786743164,0.5698967263679628,0.8534072927040959,15.41329604589658,0,roll,3.6,26.801350177466333,7.444819493740647,0.33906617760658264,-0.042644924587670455,0.15245252185397679,0.5693813562393188,0.3695899904933173,-3.046942013352724,1,3.6,-87.97163455490217,5.786676182951662,87.97163455490217,11.253600006797505,,,,,,,off,5.0,legged_eval-seed1,,n/a,settle,0.0,auto,hold,8.0,0.8,2.0,1.0,0,WALK,first,on,1000,1,deterministic,20.0,1,200,lo,1.0,0.42,0.5,0.15,dead-reckoned-heading-hold,off,,,2.649,0.5676
0,jump_on_and_off_box,9,0,1,1,heading-only,0.04,1.677801513671909,1.5257359743118286,0.8272492115426171,0.9084162117854138,13.730391752031196,1,timeout,20.0,-60.58614042799843,-3.0293070213999216,0.33348238468170166,0.03389007568359546,-0.02371320128440857,-0.4703561067581177,0.49295572790973774,-1.560084494081063,0,20.0,9.0071860948707,-6.368078465202262,13.802034202910951,9.522893760636451,,,,,,,off,5.0,legged_eval-seed1,,n/a,settle,0.0,auto,hold,8.0,0.8,2.0,1.0,0,WALK,first,on,1000,1,deterministic,20.0,1,200,lo,1.0,0.42,0.5,0.15,dead-reckoned-heading-hold,off,,,2.649,0.5676
1,forward_ramp_lips,0,0,1,1,heading-only,0.04,1.3429477214813232,2.5244852066040036,0.6266561031504245,1.3621410055792746,12.917704256266305,0,roll,10.42,44.55245691358968,4.275667650056591,0.3325836956501007,0.03291244927843793,0.050334472802687484,0.5220413208007812,0.29696914018795456,2.267363257689402,1,10.42,-88.90647507080403,6.964080448477739,88.90647507080403,21.437889971917173,,,,,,,off,5.0,legged_eval-seed1,,n/a,settle,0.0,auto,hold,8.0,0.8,2.0,1.0,0,WALK,first,on,1000,1,deterministic,20.0,1,200,lo,1.0,0.42,0.5,0.15,dead-reckoned-heading-hold,off,,,2.649,0.5676
1,forward_ramp_lips,1,0,0,1,heading-only,0.04,1.066720581054689,2.5505004882812496,0.5545290105433345,0.7005582363226348,12.495411791496172,0,roll,5.46,-13.912988450909069,-2.5481663829503787,0.33378398418426514,0.012219886640052916,0.10082426525297612,0.5247879028320312,0.31392927041667107,-3.6394685631000443,1,5.46,-90.3231074271983,0.9960848211224683,90.3231074271983,25.061135343998806,,,,,,,off,5.0,legged_eval-seed1,,n/a,settle,0.0,auto,hold,8.0,0.8,2.0,1.0,0,WALK,first,on,1000,1,deterministic,20.0,1,200,lo,1.0,0.42,0.5,0.15,dead-reckoned-heading-hold,off,,,2.649,0.5676
1,forward_ramp_lips,2,0,1,1,heading-only,0.04,1.6985656738281278,1.741663551330566,0.7448031426907927,0.7836661336576214,11.654297901538621,1,timeout,20.0,-33.566266167752076,-1.6783133083876038,0.32506462931632996,0.034928283691406395,-0.012916822433471697,-0.25692176818847656,0.22357384829605176,-0.8386353412094381,0,20.0,3.9464878256212494,-4.658433202148128,13.258234566415949,8.660592588421396,,,,,,,off,5.0,legged_eval-seed1,,n/a,settle,0.0,auto,hold,8.0,0.8,2.0,1.0,0,WALK,first,on,1000,1,deterministic,20.0,1,200,lo,1.0,0.42,0.5,0.15,dead-reckoned-heading-hold,off,,,2.649,0.5676
1,forward_ramp_lips,3,0,1,1,heading-only,0.04,1.3383453369140739,1.4775377273559567,0.622450313959176,1.4044140275773174,12.972180172639966,0,roll,14.5,-24.86595816973218,-1.7148936668780814,0.3350955843925476,0.023334161166487854,-0.036031880872002986,-0.48447704315185547,0.4051966203859582,-1.2826919551583071,1,14.5,87.1413506963233,0.6796630791832374,87.1413506963233,18.170721078614726,,,,,,,off,5.0,legged_eval-seed1,,n/a,settle,0.0,auto,hold,8.0,0.8,2.0,1.0,0,WALK,first,on,1000,1,deterministic,20.0,1,200,lo,1.0,0.42,0.5,0.15,dead-reckoned-heading-hold,off,,,2.649,0.5676
1,forward_ramp_lips,4,0,1,1,heading-only,0.04,1.5029205322265682,2.6201292037963864,0.7984292649547577,1.1158197550019104,11.9631629613031,0,roll,11.56,18.452225102876298,1.5962132441934513,0.33109235763549805,0.043505236351779254,0.053644394792074945,0.5884733200073242,0.1429372642233277,0.6403637587404261,1,11.56,-90.02654589917226,2.799873018284626,90.02654589917226,17.226516220275737,,,,,,,off,5.0,legged_eval-seed1,,n/a,settle,0.0,auto,hold,8.0,0.8,2.0,1.0,0,WALK,first,on,1000,1,deterministic,20.0,1,200,lo,1.0,0.42,0.5,0.15,dead-reckoned-heading-hold,off,,,2.649,0.5676
1,forward_ramp_lips,5,0,1,1,heading-only,0.04,1.6704254150390625,1.5749708175659176,0.793801009731585,0.9474554465226288,12.286928086122213,1,timeout,20.0,-38.19768969725595,-1.9098844848627976,0.33055874705314636,0.033521270751953124,-0.02125145912170412,-0.3870124816894531,0.23297860695686695,-0.9944065915719923,0,20.0,14.007770402655654,-0.6441569022791365,14.578155484338719,8.941913845849722,,,,,,,off,5.0,legged_eval-seed1,,n/a,settle,0.0,auto,hold,8.0,0.8,2.0,1.0,0,WALK,first,on,1000,1,deterministic,20.0,1,200,lo,1.0,0.42,0.5,0.15,dead-reckoned-heading-hold,off,,,2.649,0.5676
1,forward_ramp_lips,6,0,1,1,heading-only,0.04,1.6643310546875227,1.8087402343749996,0.6913147243977712,0.8098142219421273,11.987194849695861,1,timeout,20.0,-21.235099418771256,-1.0617549709385627,0.32928070425987244,0.03321655273437614,-0.009562988281250018,-0.2014484405517578,0.12424813842159485,-0.5578881180260644,0,20.0,6.230085859605829,-0.92242541813787,11.93392137014514,5.11010676910492,,,,,,,off,5.0,legged_eval-seed1,,n/a,settle,0.0,auto,hold,8.0,0.8,2.0,1.0,0,WALK,first,on,1000,1,deterministic,20.0,1,200,lo,1.0,0.42,0.5,0.15,dead-reckoned-heading-hold,off,,,2.649,0.5676
1,forward_ramp_lips,7,0,1,1,heading-only,0.04,1.246813964843767,2.5055271148681637,0.5625609274637102,1.3955217635897572,12.113738888776977,0,roll,11.14,43.4409381239752,3.8995456125650985,0.3265489637851715,0.02215565214037406,0.04537945375836299,0.4701652526855469,0.43426769151955347,3.071898305666892,1,11.14,-88.41423103924093,6.429832253785158,88.41423103924093,18.4440253034996,,,,,,,off,5.0,legged_eval-seed1,,n/a,settle,0.0,auto,hold,8.0,0.8,2.0,1.0,0,WALK,first,on,1000,1,deterministic,20.0,1,200,lo,1.0,0.42,0.5,0.15,dead-reckoned-heading-hold,off,,,2.649,0.5676
1,forward_ramp_lips,8,0,1,1,heading-only,0.04,1.6648986816406364,1.6016565322875973,0.775092107505036,0.8723363294082772,12.2915577499609,1,timeout,20.0,25.580921989663864,1.2790460994831931,0.3359624445438385,0.033244934082031816,-0.019917173385620136,-0.39353370666503906,0.7215791304034566,0.6714877420327953,0,20.0,77.32632480545391,-4.943406424966565,81.4555417287738,11.690412453925074,,,,,,,off,5.0,legged_eval-seed1,,n/a,settle,0.0,auto,hold,8.0,0.8,2.0,1.0,0,WALK,first,on,1000,1,deterministic,20.0,1,200,lo,1.0,0.42,0.5,0.15,dead-reckoned-heading-hold,off,,,2.649,0.5676
1,forward_ramp_lips,9,0,1,1,heading-only,0.04,1.716497802734409,1.8515840530395504,0.7317078615372417,0.7320405715787827,11.734440809282237,1,timeout,20.0,-43.965995860203634,-2.1982997930101815,0.3407144248485565,0.03582489013672045,-0.007420797348022479,-0.17771530151367188,0.4758469498560793,-1.0709752126946734,0,20.0,1.6128537267094616,-4.900552781106042,14.00710607976856,9.445578060003978,,,,,,,off,5.0,legged_eval-seed1,,n/a,settle,0.0,auto,hold,8.0,0.8,2.0,1.0,0,WALK,first,on,1000,1,deterministic,20.0,1,200,lo,1.0,0.42,0.5,0.15,dead-reckoned-heading-hold,off,,,2.649,0.5676
2,sphere_bump_lips,0,0,0,1,heading-only,0.04,0.6311039328575134,2.641146850585937,0.7396983117254354,1.0798377931485572,15.73196627423425,0,roll,1.3,-5.924159622541453,-4.557045863493425,0.32358071208000183,-0.28376620549422044,0.4931898850661052,0.6475067138671875,0.4461339671380498,0.28028515356092415,1,1.3,-86.62313401496438,-3.374639255357795,86.62313401496438,8.866740795917723,,,,,,,off,5.0,legged_eval-seed1,,n/a,settle,0.0,auto,hold,8.0,0.8,2.0,1.0,0,WALK,first,on,1000,1,deterministic,20.0,1,200,lo,1.0,0.42,0.5,0.15,dead-reckoned-heading-hold,off,,,2.649,0.5676
2,sphere_bump_lips,1,0,0,1,heading-only,0.04,1.1252685546875014,2.272826385498046,0.30021067172474736,0.4635276612349285,14.877233271236705,1,timeout,20.0,69.86988035371388,3.493494017685694,0.31915315985679626,0.006263427734375071,0.013641319274902308,0.2917671203613281,0.05844108759990266,9.734761155254855,0,20.0,-4.193311881133659,-6.990743538295402,12.84000516619701,8.945040895439519,,,,,,,off,5.0,legged_eval-seed1,,n/a,settle,0.0,auto,hold,8.0,0.8,2.0,1.0,0,WALK,first,on,1000,1,deterministic,20.0,1,200,lo,1.0,0.42,0.5,0.15,dead-reckoned-heading-hold,off,,,2.649,0.5676
2,sphere_bump_lips,2,0,1,1,heading-only,0.04,3.992510986328128,3.015380096435546,3.1600820786068207,1.7586792480123892,11.801251825414635,0,roll,18.72,9.683985110032836,0.5173068969034635,0.3370822072029114,0.1598563561072718,0.0542403897668561,0.9995746612548828,0.9413690512401639,0.05648013512945066,1,18.72,-87.15285105994553,2.882505198543941,87.15285105994553,18.066003941799874,,,,,,,off,5.0,legged_eval-seed1,,n/a,settle,0.0,auto,hold,8.0,0.8,2.0,1.0,0,WALK,first,on,1000,1,deterministic,20.0,1,200,lo,1.0,0.42,0.5,0.15,dead-reckoned-heading-hold,off,,,2.649,0.5676
2,sphere_bump_lips,3,0,1,1,heading-only,0.04,2.0098464965820426,1.2694351196289055,1.2464008147825711,1.2132025719526733,13.509921043078357,0,roll,11.84,-8.218659669604477,-0.6941435531760538,0.3340466320514679,0.08529108923834819,-0.061703114896207306,-0.7330455780029297,0.34641159886559736,-0.14204403522809447,1,11.84,89.15438681058191,0.14979233739662862,89.15438681058191,15.823512002706408,,,,,,,off,5.0,legged_eval-seed1,,n/a,settle,0.0,auto,hold,8.0,0.8,2.0,1.0,0,WALK,first,on,1000,1,deterministic,20.0,1,200,lo,1.0,0.42,0.5,0.15,dead-reckoned-heading-hold,off,,,2.649,0.5676
2,sphere_bump_lips,4,0,1,1,heading-only,0.04,2.566885375976568,2.4097148895263665,1.619566630969172,0.6964908990898634,12.28994593794447,1,timeout,20.0,16.967777085990235,0.8483888542995117,0.3324679732322693,0.07834426879882841,0.020485744476318325,0.4002857208251953,0.35209493543791615,0.1890014301208254,0,20.0,1.8443904651839114,-5.754853173823518,12.886215695707234,9.91463438476534,,,,,,,off,5.0,legged_eval-seed1,,n/a,settle,0.0,auto,hold,8.0,0.8,2.0,1.0,0,WALK,first,on,1000,1,deterministic,20.0,1,200,lo,1.0,0.42,0.5,0.15,dead-reckoned-heading-hold,off,,,2.649,0.5676
2,sphere_bump_lips,5,0,1,1,heading-only,0.04,2.513519287109375,2.0305454254150384,1.513827485371387,0.693149557652925,12.036519470960119,1,timeout,20.0,2.934543935652158,0.1467271967826079,0.3305191397666931,0.07567596435546875,0.0015272712707519176,0.034908294677734375,0.30986644512489336,0.033839974262489546,0,20.0,0.9503285730925489,-5.643973823576891,8.879961060886734,8.889003419212575,,,,,,,off,5.0,legged_eval-seed1,,n/a,settle,0.0,auto,hold,8.0,0.8,2.0,1.0,0,WALK,first,on,1000,1,deterministic,20.0,1,200,lo,1.0,0.42,0.5,0.15,dead-reckoned-heading-hold,off,,,2.649,0.5676
2,sphere_bump_lips,6,0,1,1,heading-only,0.04,1.8896575927734602,2.2380325317382805,0.9209506602121547,0.6661845250574407,12.262652870753675,1,timeout,20.0,-7.8826272079754744,-0.3941313603987737,0.3365292251110077,0.04448287963867301,0.011901626586914026,0.20990753173828125,0.33193637765861383,-0.15464129076622432,0,20.0,3.4544203862146223,-2.9983018870290876,13.95579482604785,14.495047972457002,,,,,,,off,5.0,legged_eval-seed1,,n/a,settle,0.0,auto,hold,8.0,0.8,2.0,1.0,0,WALK,first,on,1000,1,deterministic,20.0,1,200,lo,1.0,0.42,0.5,0.15,dead-reckoned-heading-hold,off,,,2.649,0.5676
2,sphere_bump_lips,7,0,1,1,heading-only,0.04,1.1183807373047046,1.3505088806152337,0.6601914215774711,2.4259823361932895,12.548438949101024,0,roll,5.7,-52.876754718485245,-9.276623634821972,0.3260573148727417,0.020768550404334132,-0.11394581041838006,-0.6637668609619141,0.19917236599623417,-7.795807735439227,1,5.7,92.41624009392855,15.158077039395332,92.41624009392855,19.426002412949785,,,,,,,off,5.0,legged_eval-seed1,,n/a,settle,0.0,auto,hold,8.0,0.8,2.0,1.0,0,WALK,first,on,1000,1,deterministic,20.0,1,200,lo,1.0,0.42,0.5,0.15,dead-reckoned-heading-hold,off,,,2.649,0.5676
2,sphere_bump_lips,8,0,1,1,heading-only,0.04,1.8834655761718864,2.0922615051269524,0.8882700094053687,0.601257675398949,11.56690238408403,1,timeout,20.0,-2.7491970238387466,-0.13745985119193732,0.3252091109752655,0.04417327880859432,0.0046130752563476205,0.09432792663574219,0.23353156141637982,-0.05431172548898466,0,20.0,0.8040817211053498,-6.191589522646819,9.408927499982532,10.00154892345661,,,,,,,off,5.0,legged_eval-seed1,,n/a,settle,0.0,auto,hold,8.0,0.8,2.0,1.0,0,WALK,first,on,1000,1,deterministic,20.0,1,200,lo,1.0,0.42,0.5,0.15,dead-reckoned-heading-hold,off,,,2.649,0.5676
2,sphere_bump_lips,9,0,1,1,heading-only,0.04,2.596838378906284,1.5125801086425774,1.6695720885421304,1.238825705660326,10.564411879106936,0,roll,14.86,-40.20327780400464,-2.705469569583085,0.3354456424713135,0.10745884111078628,-0.03280080022593692,-0.49005126953125,1.1748959422264966,-0.43941802567047206,1,14.86,87.01141015351834,0.6021812521662836,87.01141015351834,16.726987721718313,,,,,,,off,5.0,legged_eval-seed1,,n/a,settle,0.0,auto,hold,8.0,0.8,2.0,1.0,0,WALK,first,on,1000,1,deterministic,20.0,1,200,lo,1.0,0.42,0.5,0.15,dead-reckoned-heading-hold,off,,,2.649,0.5676
3,forward_ramp_no_lips,0,0,1,1,heading-only,0.04,1.4826980829238892,2.9677703857421847,1.08146981408543,1.3150467760299571,9.267968178088148,0,roll,7.22,45.82277099641905,6.346644182329509,0.35123157501220703,0.06685569015566332,0.13404021963188154,0.9749069213867188,0.34641790993948535,1.6568498085395948,1,7.22,-86.69824117159678,-4.109633570822718,86.69824117159678,13.607369836909468,,,,,,,off,5.0,legged_eval-seed1,,n/a,settle,0.0,auto,hold,8.0,0.8,2.0,1.0,0,WALK,first,on,1000,1,deterministic,20.0,1,200,lo,1.0,0.42,0.5,0.15,dead-reckoned-heading-hold,off,,,2.649,0.5676
3,forward_ramp_no_lips,1,0,1,1,heading-only,0.04,1.4420295715332045,1.3184288024902315,0.812360412246146,1.2293025256104257,9.432626722190411,0,roll,8.94,-41.35764816054689,-4.626135141000771,0.3435145616531372,0.04944402366143228,-0.07623838898319558,-0.6802349090576172,0.6486555096582762,-1.6329838041812934,1,8.94,86.47177542275519,-3.7613127805362,86.47177542275519,12.010513075210802,,,,,,,off,5.0,legged_eval-seed1,,n/a,settle,0.0,auto,hold,8.0,0.8,2.0,1.0,0,WALK,first,on,1000,1,deterministic,20.0,1,200,lo,1.0,0.42,0.5,0.15,dead-reckoned-heading-hold,off,,,2.649,0.5676
3,forward_ramp_no_lips,2,0,1,1,heading-only,0.04,1.7100631713867216,2.7608230590820284,1.0406927666658898,1.0746908259722743,8.972252906980893,0,roll,7.3,8.860872663149706,1.2138181730342064,0.33010295033454895,0.09726892758722214,0.10422233686055184,0.7540721893310547,0.4346892525659921,0.21779949841630786,1,7.3,-91.295586586317,-4.333602548478463,91.295586586317,14.82945933893474,,,,,,,off,5.0,legged_eval-seed1,,n/a,settle,0.0,auto,hold,8.0,0.8,2.0,1.0,0,WALK,first,on,1000,1,deterministic,20.0,1,200,lo,1.0,0.42,0.5,0.15,dead-reckoned-heading-hold,off,,,2.649,0.5676
3,forward_ramp_no_lips,3,0,1,1,heading-only,0.04,1.6543624877929801,2.454012680053708,0.796440694013163,0.8228407954694597,9.306718233190468,0,roll,7.96,28.800885231058146,3.6182016621932345,0.3425253629684448,0.08220634268756032,0.05703676885096835,0.44588470458984375,0.20608339760263242,0.7681832075465819,1,7.96,-89.75587936097638,1.9725209970677657,89.75587936097638,21.911297800716003,,,,,,,off,5.0,legged_eval-seed1,,n/a,settle,0.0,auto,hold,8.0,0.8,2.0,1.0,0,WALK,first,on,1000,1,deterministic,20.0,1,200,lo,1.0,0.42,0.5,0.15,dead-reckoned-heading-hold,off,,,2.649,0.5676
3,forward_ramp_no_lips,4,0,1,1,heading-only,0.04,1.6209472656250057,1.387486267089841,0.8722090229358495,0.9843802724481616,8.650764368865222,0,roll,8.68,-16.035072546864342,-1.8473585883484265,0.329902708530426,0.07153770341301909,-0.07056609826153906,-0.6041889190673828,0.2736898622303729,-0.45070624710335355,1,8.68,88.29521446804118,4.611186038768188,88.29521446804118,15.280432666898642,,,,,,,off,5.0,legged_eval-seed1,,n/a,settle,0.0,auto,hold,8.0,0.8,2.0,1.0,0,WALK,first,on,1000,1,deterministic,20.0,1,200,lo,1.0,0.42,0.5,0.15,dead-reckoned-heading-hold,off,,,2.649,0.5676
3,forward_ramp_no_lips,5,0,1,1,heading-only,0.04,1.22247314453125,2.62519721984863,0.6636006809400353,1.2443680342033427,9.548017571484916,0,roll,11.700000000000001,72.78018249301945,6.22052841820679,0.34623199701309204,0.019014798677884612,0.053435659816122215,0.6200332641601562,0.5052259546744795,5.709695061765518,1,11.700000000000001,-88.71243906423668,0.532920426246397,88.71243906423668,22.018585299399483,,,,,,,off,5.0,legged_eval-seed1,,n/a,settle,0.0,auto,hold,8.0,0.8,2.0,1.0,0,WALK,first,on,1000,1,deterministic,20.0,1,200,lo,1.0,0.42,0.5,0.15,dead-reckoned-heading-hold,off,,,2.649,0.5676
3,forward_ramp_no_lips,6,0,1,1,heading-only,0.04,1.6070800781250227,2.960259246826169,1.136065157625849,1.332473520011351,9.441877063374157,0,roll,10.24,24.5882007780568,2.4011914822321097,0.3462028205394745,0.05928516387939675,0.09377531707286807,0.9587249755859375,0.4127653522636932,0.7069002528364045,1,10.24,-90.07376342064143,-10.439811893179685,90.07376342064143,15.975727045468178,,,,,,,off,5.0,legged_eval-seed1,,n/a,settle,0.0,auto,hold,8.0,0.8,2.0,1.0,0,WALK,first,on,1000,1,deterministic,20.0,1,200,lo,1.0,0.42,0.5,0.15,dead-reckoned-heading-hold,off,,,2.649,0.5676
3,forward_ramp_no_lips,7,0,0,1,heading-only,0.04,1.290423583984392,1.4368808746337862,0.6336000374743903,0.6008539119479516,10.3249440205271,0,roll,2.92,2.4055295148811524,0.8238114776990249,0.31452620029449463,0.09946013150150414,-0.1928490155363746,-0.5719871520996094,0.3375825114350283,0.1445626753605326,1,2.92,90.36487052893752,3.755681777572394,90.36487052893752,14.8388904759104,,,,,,,off,5.0,legged_eval-seed1,,n/a,settle,0.0,auto,hold,8.0,0.8,2.0,1.0,0,WALK,first,on,1000,1,deterministic,20.0,1,200,lo,1.0,0.42,0.5,0.15,dead-reckoned-heading-hold,off,,,2.649,0.5676
3,forward_ramp_no_lips,8,0,1,1,heading-only,0.04,1.4872558593750114,3.0847843170165987,1.18919102205678,1.3818758913543037,10.071335673090497,0,roll,10.34,32.92237138536933,3.1839817587397805,0.3275827169418335,0.047123390655223536,0.10491144265150858,1.0719757080078125,0.5019800531276675,1.1792649943216464,1,10.34,-89.42640084056498,9.641625426726105,89.42640084056498,10.834735446235706,,,,,,,off,5.0,legged_eval-seed1,,n/a,settle,0.0,auto,hold,8.0,0.8,2.0,1.0,0,WALK,first,on,1000,1,deterministic,20.0,1,200,lo,1.0,0.42,0.5,0.15,dead-reckoned-heading-hold,off,,,2.649,0.5676
3,forward_ramp_no_lips,9,0,1,1,heading-only,0.04,1.691076660156284,2.5532634735107393,0.8852612164406237,0.8856235760238437,9.475090037575418,0,roll,9.78,6.52218131447691,0.6668897049567393,0.33381590247154236,0.0706622351898041,0.05657090731193654,0.5409927368164062,0.4620389755681946,0.16471911860535243,1,9.78,-86.99128390507832,-0.4784335452426543,86.99128390507832,20.974602859040534,,,,,,,off,5.0,legged_eval-seed1,,n/a,settle,0.0,auto,hold,8.0,0.8,2.0,1.0,0,WALK,first,on,1000,1,deterministic,20.0,1,200,lo,1.0,0.42,0.5,0.15,dead-reckoned-heading-hold,off,,,2.649,0.5676
4,flush_a_frame,0,0,1,1,heading-only,0.04,1.4752155542373657,1.362612152099608,0.7950428237775748,1.3247431139819337,12.64086411487052,0,roll,8.58,-12.80083591432529,-1.4919389177535303,0.33099791407585144,0.05538642823279321,-0.07428762796041866,-0.6488571166992188,0.32358545816894974,-0.4701376706220363,1,8.58,86.59650485451492,-0.6212300272720139,86.59650485451492,16.01723661572841,,,,,,,off,5.0,legged_eval-seed1,,n/a,settle,0.0,auto,hold,8.0,0.8,2.0,1.0,0,WALK,first,on,1000,1,deterministic,20.0,1,200,lo,1.0,0.42,0.5,0.15,dead-reckoned-heading-hold,off,,,2.649,0.5676
4,flush_a_frame,1,0,1,1,heading-only,0.04,1.5634399414062514,2.8597892761230455,1.0279601971419274,1.4875681470942979,12.76554737273345,0,roll,7.9,17.513240680288447,2.2168659088972715,0.340122789144516,0.07132151157041157,0.10883408558519563,0.8168754577636719,0.4028738924472116,0.5424956416869555,1,7.9,-89.50322535488095,-9.463690684356376,89.50322535488095,12.699060438094747,,,,,,,off,5.0,legged_eval-seed1,,n/a,settle,0.0,auto,hold,8.0,0.8,2.0,1.0,0,WALK,first,on,1000,1,deterministic,20.0,1,200,lo,1.0,0.42,0.5,0.15,dead-reckoned-heading-hold,off,,,2.649,0.5676
4,flush_a_frame,2,0,1,1,heading-only,0.04,1.3818771362304716,2.542257690429686,0.6632296359525284,1.4401697773486242,11.930452464124572,0,roll,6.12,48.13931078197621,7.865900454571276,0.33966347575187683,0.06239822487426006,0.08860419778262844,0.5340232849121094,0.2556123802458191,2.200156524372848,1,6.12,-87.59842433110782,2.4513488272630384,87.59842433110782,14.446453230518326,,,,,,,off,5.0,legged_eval-seed1,,n/a,settle,0.0,auto,hold,8.0,0.8,2.0,1.0,0,WALK,first,on,1000,1,deterministic,20.0,1,200,lo,1.0,0.42,0.5,0.15,dead-reckoned-heading-hold,off,,,2.649,0.5676
4,flush_a_frame,3,0,1,1,heading-only,0.04,1.6300552368164176,2.69956817626953,0.941469720537452,1.0996389336825236,13.088653549770468,0,roll,6.94,2.6120585900214337,0.37637731844689243,0.3396291136741638,0.09078605717815816,0.10080233087457202,0.6961097717285156,0.40254655278761053,0.07235718392125391,1,6.94,-86.62534050743993,-0.3522128417442341,86.62534050743993,20.290837653580333,,,,,,,off,5.0,legged_eval-seed1,,n/a,settle,0.0,auto,hold,8.0,0.8,2.0,1.0,0,WALK,first,on,1000,1,deterministic,20.0,1,200,lo,1.0,0.42,0.5,0.15,dead-reckoned-heading-hold,off,,,2.649,0.5676
4,flush_a_frame,4,0,1,1,heading-only,0.04,1.5705169677734432,2.788046264648436,0.9728856694102124,1.1974899382282436,12.654045146771233,0,roll,7.08,21.110508782093348,2.9817102799566877,0.3297995626926422,0.08058149262336768,0.11130596958311244,0.7903861999511719,0.3637328099500851,0.6458140700997006,1,7.08,-89.4538174863693,1.5854196695303673,89.4538174863693,15.637892337359265,,,,,,,off,5.0,legged_eval-seed1,,n/a,settle,0.0,auto,hold,8.0,0.8,2.0,1.0,0,WALK,first,on,1000,1,deterministic,20.0,1,200,lo,1.0,0.42,0.5,0.15,dead-reckoned-heading-hold,off,,,2.649,0.5676
4,flush_a_frame,5,0,1,1,heading-only,0.04,1.4267578125,2.6666244506835923,0.7915240923553664,1.584307175187413,13.489723614710538,0,roll,6.84,54.69872955229755,7.996890285423619,0.33492034673690796,0.06239149305555556,0.0974597150122211,0.6654281616210938,0.3835567169320805,2.23703679085082,1,6.84,-87.9888369644475,12.836343778150344,87.9888369644475,17.81666129572261,,,,,,,off,5.0,legged_eval-seed1,,n/a,settle,0.0,auto,hold,8.0,0.8,2.0,1.0,0,WALK,first,on,1000,1,deterministic,20.0,1,200,lo,1.0,0.42,0.5,0.15,dead-reckoned-heading-hold,off,,,2.649,0.5676
4,flush_a_frame,6,0,1,1,heading-only,0.04,1.3609710693359602,2.600862884521483,0.7009538635980428,1.5919025374612554,13.85206691976874,0,roll,6.74,32.024763360314836,4.751448569779649,0.3343551456928253,0.053556538477145435,0.08914879592306868,0.5937919616699219,0.288856383692635,1.5484275896064317,1,6.74,-90.12150102017497,16.556874918060547,90.12150102017497,20.22760882774156,,,,,,,off,5.0,legged_eval-seed1,,n/a,settle,0.0,auto,hold,8.0,0.8,2.0,1.0,0,WALK,first,on,1000,1,deterministic,20.0,1,200,lo,1.0,0.42,0.5,0.15,dead-reckoned-heading-hold,off,,,2.649,0.5676
4,flush_a_frame,7,0,1,1,heading-only,0.04,1.7676727294922046,2.577639007568358,0.9607227709753573,1.0978574074313479,11.9463007208746,0,roll,9.34,-1.9718287118993203,-0.21111656444318205,0.33914756774902344,0.08219194105912254,0.061845718155070444,0.60888671875,0.4507139413336447,-0.04483017565410509,1,9.34,-89.63114999155358,-6.081722261401014,89.63114999155358,21.495106457105965,,,,,,,off,5.0,legged_eval-seed1,,n/a,settle,0.0,auto,hold,8.0,0.8,2.0,1.0,0,WALK,first,on,1000,1,deterministic,20.0,1,200,lo,1.0,0.42,0.5,0.15,dead-reckoned-heading-hold,off,,,2.649,0.5676
4,flush_a_frame,8,0,0,1,heading-only,0.04,1.2985961914062614,1.3720764160156236,0.695304043455889,0.659432727000903,12.517163624913039,0,roll,5.94,6.360447175893029,1.0707823528439442,0.3370235860347748,0.05026871909196319,-0.10571104107481084,-0.6300010681152344,0.435667568403771,0.37177548915039654,1,5.94,88.79125282063934,-0.9260037660200074,88.79125282063934,12.609211108329763,,,,,,,off,5.0,legged_eval-seed1,,n/a,settle,0.0,auto,hold,8.0,0.8,2.0,1.0,0,WALK,first,on,1000,1,deterministic,20.0,1,200,lo,1.0,0.42,0.5,0.15,dead-reckoned-heading-hold,off,,,2.649,0.5676
4,flush_a_frame,9,0,1,1,heading-only,0.04,1.507635498046909,2.7198432922363267,0.8808337892332282,1.1857637405685764,12.51308695786277,0,roll,7.0600000000000005,23.205009157944403,3.2868284926266855,0.3519524335861206,0.07190304504913726,0.10196080626576864,0.7124290466308594,0.2532725770301818,0.797824057458136,1,7.0600000000000005,-89.42182452260927,-6.589058246172608,89.42182452260927,17.24901353693669,,,,,,,off,5.0,legged_eval-seed1,,n/a,settle,0.0,auto,hold,8.0,0.8,2.0,1.0,0,WALK,first,on,1000,1,deterministic,20.0,1,200,lo,1.0,0.42,0.5,0.15,dead-reckoned-heading-hold,off,,,2.649,0.5676
5,sphere_bump,0,0,0,1,heading-only,0.04,1.0257210731506348,2.0465660095214844,0.05319743270849899,0.47655943354018343,14.924351573172043,1,timeout,20.0,2.5195540836029693,0.12597770418014848,0.34072843194007874,0.0012860536575317384,0.002328300476074219,0.044452667236328125,0.08871286059289712,1.7096687289602865,0,20.0,-7.885708127801527,7.212466270088638,12.963552096006765,7.970070076045427,,,,,,,off,5.0,legged_eval-seed1,,n/a,settle,0.0,auto,hold,8.0,0.8,2.0,1.0,0,WALK,first,on,1000,1,deterministic,20.0,1,200,lo,1.0,0.42,0.5,0.15,dead-reckoned-heading-hold,off,,,2.649,0.5676
5,sphere_bump,1,0,1,1,heading-only,0.04,3.985948181152345,0.8832855224609375,3.1879362862002654,1.6051976151006062,11.617846000586304,1,timeout,20.0,-5.970938184569775,-0.29854690922848875,0.33627286553382874,0.14929740905761726,-0.055835723876953125,-1.0894432067871094,0.7526503431211732,-0.034900984354516655,0,20.0,-3.036517367781342,-1.2133838685197553,19.73894721652491,8.848409774576323,,,,,,,off,5.0,legged_eval-seed1,,n/a,settle,0.0,auto,hold,8.0,0.8,2.0,1.0,0,WALK,first,on,1000,1,deterministic,20.0,1,200,lo,1.0,0.42,0.5,0.15,dead-reckoned-heading-hold,off,,,2.649,0.5676
5,sphere_bump,2,0,0,1,heading-only,0.04,1.4795028686523466,1.4413108825683594,0.7362448851994661,0.5590649893617274,13.8817442780315,0,roll,3.08,18.97494222826748,6.160695528658272,0.32209381461143494,0.15568274956245018,-0.18139257059468852,-0.5734329223632812,0.5431157852423103,0.6906636829718084,1,3.08,89.87636333685123,-8.29440659367949,89.87636333685123,11.504393850129514,,,,,,,off,5.0,legged_eval-seed1,,n/a,settle,0.0,auto,hold,8.0,0.8,2.0,1.0,0,WALK,first,on,1000,1,deterministic,20.0,1,200,lo,1.0,0.42,0.5,0.15,dead-reckoned-heading-hold,off,,,2.649,0.5676
5,sphere_bump,3,0,1,1,heading-only,0.04,2.0229080200195426,2.6077651977539062,1.1898400535454947,1.727593387092744,12.641709947886312,0,roll,9.86,12.937143141754007,1.312083482936512,0.3366343080997467,0.10374320689853374,0.061639472388834306,0.5967674255371094,0.39207174427010966,0.2207390490702156,1,9.86,-94.75272485426633,18.959758696390534,94.75272485426633,23.48995897496019,,,,,,,off,5.0,legged_eval-seed1,,n/a,settle,0.0,auto,hold,8.0,0.8,2.0,1.0,0,WALK,first,on,1000,1,deterministic,20.0,1,200,lo,1.0,0.42,0.5,0.15,dead-reckoned-heading-hold,off,,,2.649,0.5676
5,sphere_bump,4,0,1,1,heading-only,0.04,1.8469604492187557,1.5803070068359375,0.9452429375836914,1.1530411108616163,12.709970733137974,0,roll,10.26,-32.373825344396266,-3.1553436008183495,0.33069050312042236,0.08254975138584364,-0.040905749821058726,-0.43231964111328125,0.6129237389785311,-0.6671265987053951,1,10.26,90.23029679378995,0.37891864345898124,90.23029679378995,17.767862205664958,,,,,,,off,5.0,legged_eval-seed1,,n/a,settle,0.0,auto,hold,8.0,0.8,2.0,1.0,0,WALK,first,on,1000,1,deterministic,20.0,1,200,lo,1.0,0.42,0.5,0.15,dead-reckoned-heading-hold,off,,,2.649,0.5676
5,sphere_bump,5,0,0,1,heading-only,0.04,1.3625030517578125,2.619274139404297,0.7175715450522406,0.6343546882548022,12.852424999036646,0,roll,3.74,-8.813877169822263,-2.3566516496850967,0.32265976071357727,0.0969259496678643,0.16558132069633605,0.6195640563964844,0.45038543382523505,-0.4243582936304,1,3.74,-88.38907097809616,8.351012576814858,88.38907097809616,12.028154371145343,,,,,,,off,5.0,legged_eval-seed1,,n/a,settle,0.0,auto,hold,8.0,0.8,2.0,1.0,0,WALK,first,on,1000,1,deterministic,20.0,1,200,lo,1.0,0.42,0.5,0.15,dead-reckoned-heading-hold,off,,,2.649,0.5676
5,sphere_bump,6,0,0,1,heading-only,0.04,1.3251892089843977,1.3365745544433594,0.7388378329863228,0.6860700652757907,12.742093351916687,0,roll,3.3000000000000003,-8.004436111532925,-2.4255867004645224,0.3263366222381592,0.09854218454072658,-0.2010380138050426,-0.6593475341796875,0.3806919047855169,-0.42960762858057955,1,3.3000000000000003,86.63238395225756,10.43630619617897,86.63238395225756,11.532675931014145,,,,,,,off,5.0,legged_eval-seed1,,n/a,settle,0.0,auto,hold,8.0,0.8,2.0,1.0,0,WALK,first,on,1000,1,deterministic,20.0,1,200,lo,1.0,0.42,0.5,0.15,dead-reckoned-heading-hold,off,,,2.649,0.5676
5,sphere_bump,7,0,1,1,heading-only,0.04,2.6112091064453296,1.6913261413574219,1.640510388781996,0.7648592099008443,11.143066997974351,1,timeout,20.0,38.28813856410687,1.9144069282053437,0.34019139409065247,0.08056045532226648,-0.015433692932128906,-0.2807502746582031,1.3267522809776957,0.4147531687415731,0,20.0,1.061926098955148,-3.426639123667978,16.774837582801535,11.12833308676083,,,,,,,off,5.0,legged_eval-seed1,,n/a,settle,0.0,auto,hold,8.0,0.8,2.0,1.0,0,WALK,first,on,1000,1,deterministic,20.0,1,200,lo,1.0,0.42,0.5,0.15,dead-reckoned-heading-hold,off,,,2.649,0.5676
5,sphere_bump,8,0,1,1,heading-only,0.04,4.382397460937511,2.0648765563964844,3.383019590739372,1.444508249566117,9.017835911130547,0,roll,18.8,-0.012817825607470468,-0.0006817992344399185,0.33532392978668213,0.17991475856050593,0.0034508806593874664,0.07086181640625,2.0328209521529215,-6.61404410275292e-05,1,18.8,88.02914126449024,-4.441544819092301,88.02914126449024,18.09706493219093,,,,,,,off,5.0,legged_eval-seed1,,n/a,settle,0.0,auto,hold,8.0,0.8,2.0,1.0,0,WALK,first,on,1000,1,deterministic,20.0,1,200,lo,1.0,0.42,0.5,0.15,dead-reckoned-heading-hold,off,,,2.649,0.5676
5,sphere_bump,9,0,1,1,heading-only,0.04,1.567999267578159,2.7109146118164062,0.909957555748287,1.336610639747658,11.703612292689744,0,roll,7.68,32.79748300820944,4.270505600027271,0.32521605491638184,0.07395823796590614,0.0925670067469279,0.7050628662109375,0.30757574274356037,1.007790146105041,1,7.68,-90.95405083178933,12.619424705528965,90.95405083178933,22.442472619619625,,,,,,,off,5.0,legged_eval-seed1,,n/a,settle,0.0,auto,hold,8.0,0.8,2.0,1.0,0,WALK,first,on,1000,1,deterministic,20.0,1,200,lo,1.0,0.42,0.5,0.15,dead-reckoned-heading-hold,off,,,2.649,0.5676
6,box_jump_even,0,0,1,1,heading-only,0.04,1.1677720546722412,1.5696121215820256,0.4619320168791839,1.4108132925013543,10.291231473714321,0,roll,3.66,-24.102922934574053,-6.585498069555752,0.32404279708862305,0.045839359200065904,-0.11759231650764328,-0.45693206787109375,0.1256704830629402,-2.5074221412177415,1,3.66,89.03995406968338,1.0172129974479778,89.03995406968338,14.487358345031346,,,,,,,off,5.0,legged_eval-seed1,,n/a,settle,0.0,auto,hold,8.0,0.8,2.0,1.0,0,WALK,first,on,1000,1,deterministic,20.0,1,200,lo,1.0,0.42,0.5,0.15,dead-reckoned-heading-hold,off,,,2.649,0.5676
6,box_jump_even,1,0,2,1,heading-only,0.04,3.185880279541017,2.651445007324213,2.2808886851518992,1.021553189837489,8.090389821477276,0,below,9.34,-51.334650250865764,-5.496215230285414,0.329779714345932,0.2340342911714151,0.06974785945655386,0.6414260864257812,1.740020340858452,-0.4098846014684165,1,9.34,-67.13326956013944,66.143322065233,67.13326956013944,66.143322065233,,,,,,,off,5.0,legged_eval-seed1,,n/a,settle,0.0,auto,hold,8.0,0.8,2.0,1.0,0,WALK,first,on,1000,1,deterministic,20.0,1,200,lo,1.0,0.42,0.5,0.15,dead-reckoned-heading-hold,off,,,2.649,0.5676
6,box_jump_even,2,0,2,1,heading-only,0.04,3.0748703002929716,2.894639587402338,2.2595279937157833,1.1722638810640194,8.472496116743452,0,roll,8.76,-14.004303434126285,-1.5986647755851924,0.32589539885520935,0.23685734021609264,0.10212780678108882,0.913299560546875,0.9827456082707297,-0.11780071474315298,1,8.76,-86.37615680026816,6.937922783752589,86.37615680026816,6.937922783752589,,,,,,,off,5.0,legged_eval-seed1,,n/a,settle,0.0,auto,hold,8.0,0.8,2.0,1.0,0,WALK,first,on,1000,1,deterministic,20.0,1,200,lo,1.0,0.42,0.5,0.15,dead-reckoned-heading-hold,off,,,2.649,0.5676
6,box_jump_even,3,0,0,1,heading-only,0.04,0.7693603515625114,2.5894790649414006,0.6329930611274948,0.9387863781889066,10.597047746334422,0,roll,1.8,14.697385586804415,8.165214214891341,0.3209327459335327,-0.12813313802082701,0.3274883694118892,0.5630645751953125,0.3820324428878906,-1.112201530234387,1,1.8,-86.5503896831848,4.1038721109926275,86.5503896831848,17.362204074241134,,,,,,,off,5.0,legged_eval-seed1,,n/a,settle,0.0,auto,hold,8.0,0.8,2.0,1.0,0,WALK,first,on,1000,1,deterministic,20.0,1,200,lo,1.0,0.42,0.5,0.15,dead-reckoned-heading-hold,off,,,2.649,0.5676
6,box_jump_even,4,0,0,1,heading-only,0.04,0.9769805908203182,2.5586868286132756,0.5591608584879142,0.7652975074078204,11.236916642535423,0,roll,1.76,4.9723277912600565,2.825186245034123,0.31812071800231934,-0.013079209761182849,0.31743569807572475,0.5451164245605469,0.37170922546266627,-3.7700138508552667,1,1.76,-91.34618711267579,1.5697590064477869,91.34618711267579,14.164342351916087,,,,,,,off,5.0,legged_eval-seed1,,n/a,settle,0.0,auto,hold,8.0,0.8,2.0,1.0,0,WALK,first,on,1000,1,deterministic,20.0,1,200,lo,1.0,0.42,0.5,0.15,dead-reckoned-heading-hold,off,,,2.649,0.5676
6,box_jump_even,5,0,0,1,heading-only,0.04,3.1024627685546875,1.67654190063476,2.127198823618426,1.6347819630302163,9.003349453025216,0,below,14.94,-4.758110588223815,-0.3184812977392112,0.33311939239501953,0.14072709294208083,-0.021650475191783137,-0.313385009765625,0.6166210042215601,-0.03949877124130848,1,14.94,-13.727227581733066,62.3255773700393,17.528825803145942,62.3255773700393,,,,,,,off,5.0,legged_eval-seed1,,n/a,settle,0.0,auto,hold,8.0,0.8,2.0,1.0,0,WALK,first,on,1000,1,deterministic,20.0,1,200,lo,1.0,0.42,0.5,0.15,dead-reckoned-heading-hold,off,,,2.649,0.5676
6,box_jump_even,6,0,2,1,heading-only,0.04,3.0294738769531477,2.173131561279291,2.036845294750253,0.957049197635747,8.772234778695703,0,below,9.3,-22.965178731040993,-2.4693740571011817,0.323187917470932,0.21822299752184382,0.01861629691175174,0.161224365234375,0.8970467109668098,-0.19749846830617365,1,9.3,-56.30656921566881,57.488458904362986,56.30656921566881,59.79645297556965,,,,,,,off,5.0,legged_eval-seed1,,n/a,settle,0.0,auto,hold,8.0,0.8,2.0,1.0,0,WALK,first,on,1000,1,deterministic,20.0,1,200,lo,1.0,0.42,0.5,0.15,dead-reckoned-heading-hold,off,,,2.649,0.5676
6,box_jump_even,7,0,0,1,heading-only,0.04,1.126818847656267,2.493630981445307,0.5096612266628886,0.6188180009560592,10.684590186646739,0,roll,2.16,-17.193047830346842,-7.959744365901315,0.3164321780204773,0.058712429470494,0.22853286178023463,0.4967689514160156,0.3435079038462875,-2.3661726836199564,1,2.16,-89.57435603459209,-9.082473578796094,89.57435603459209,17.13076968116604,,,,,,,off,5.0,legged_eval-seed1,,n/a,settle,0.0,auto,hold,8.0,0.8,2.0,1.0,0,WALK,first,on,1000,1,deterministic,20.0,1,200,lo,1.0,0.42,0.5,0.15,dead-reckoned-heading-hold,off,,,2.649,0.5676
6,box_jump_even,8,0,2,1,heading-only,0.04,2.9323852539062614,2.1658950805664006,1.9394932191865222,1.0500307191367397,9.21910748311139,0,below,13.02,-14.674345525115768,-1.1270618682884614,0.33970803022384644,0.14841668616791562,0.012741557647188984,0.13742446899414062,0.8024004000190376,-0.1325386045411162,1,13.02,-16.547889397373602,55.11753303586525,23.18181216786749,55.11753303586525,,,,,,,off,5.0,legged_eval-seed1,,n/a,settle,0.0,auto,hold,8.0,0.8,2.0,1.0,0,WALK,first,on,1000,1,deterministic,20.0,1,200,lo,1.0,0.42,0.5,0.15,dead-reckoned-heading-hold,off,,,2.649,0.5676
6,box_jump_even,9,0,2,1,heading-only,0.04,2.844549560546909,3.0923706054687443,2.143743599641978,1.547745650830788,9.419008783558649,0,roll,8.84,-21.596686594081774,-2.443064094353142,0.3268890976905823,0.20865945255055532,0.12357133546026519,1.0616264343261719,1.1908378233234547,-0.20434977549547995,1,8.84,-86.5826802273259,42.19938068605715,86.5826802273259,42.19938068605715,,,,,,,off,5.0,legged_eval-seed1,,n/a,settle,0.0,auto,hold,8.0,0.8,2.0,1.0,0,WALK,first,on,1000,1,deterministic,20.0,1,200,lo,1.0,0.42,0.5,0.15,dead-reckoned-heading-hold,off,,,2.649,0.5676
7,box_jump_uneven,0,0,0,1,heading-only,0.04,0.717971920967102,1.3728172302246051,0.687675842287718,1.0024600456372414,11.598997053633974,0,roll,1.68,-19.247366532631048,-11.456765793232767,0.30463117361068726,-0.16787385656720116,-0.3733230772472589,-0.6009178161621094,0.40663308380599966,1.1911222438720044,1,1.68,89.13044845513191,3.037873675369194,89.13044845513191,11.280697253846935,,,,,,,off,5.0,legged_eval-seed1,,n/a,settle,0.0,auto,hold,8.0,0.8,2.0,1.0,0,WALK,first,on,1000,1,deterministic,20.0,1,200,lo,1.0,0.42,0.5,0.15,dead-reckoned-heading-hold,off,,,2.649,0.5676
7,box_jump_uneven,1,0,2,1,heading-only,0.04,3.4031730651855483,1.5977088928222614,2.4366121800868505,1.0172359473561987,9.205621315470395,0,below,14.24,36.59077392986819,2.56957682091771,0.360595703125,0.1687621534540413,-0.0282507799984367,-0.40142059326171875,1.4825063304568737,0.26574427376073984,1,14.24,84.95527012300711,61.734878051371915,84.95527012300711,62.45835507703105,,,,,,,off,5.0,legged_eval-seed1,,n/a,settle,0.0,auto,hold,8.0,0.8,2.0,1.0,0,WALK,first,on,1000,1,deterministic,20.0,1,200,lo,1.0,0.42,0.5,0.15,dead-reckoned-heading-hold,off,,,2.649,0.5676
7,box_jump_uneven,2,0,1,1,heading-only,0.04,1.7149230957031278,1.4620849609374957,0.8946885614667034,1.0038946381314477,10.548800783439745,0,roll,11.76,-11.03590480380646,-0.9384272792352432,0.33568042516708374,0.06079278024686462,-0.04574107475021295,-0.5120506286621094,0.1923408351556989,-0.26941761417519533,1,11.76,91.48099342558082,-5.954546658396451,91.48099342558082,25.124000787722014,,,,,,,off,5.0,legged_eval-seed1,,n/a,settle,0.0,auto,hold,8.0,0.8,2.0,1.0,0,WALK,first,on,1000,1,deterministic,20.0,1,200,lo,1.0,0.42,0.5,0.15,dead-reckoned-heading-hold,off,,,2.649,0.5676
7,box_jump_uneven,3,0,1,1,heading-only,0.04,2.2059143066406364,2.62889022827148,1.3600486146369626,0.7220327693149147,10.762475565847515,0,roll,13.120000000000001,68.62447130167575,5.230523727261871,0.33845338225364685,0.091914200201268,0.0479337064231311,0.6226692199707031,0.860330574995785,0.9932073656138515,1,13.120000000000001,88.41806313895059,74.51258945115008,88.41806313895059,74.51258945115008,,,,,,,off,5.0,legged_eval-seed1,,n/a,settle,0.0,auto,hold,8.0,0.8,2.0,1.0,0,WALK,first,on,1000,1,deterministic,20.0,1,200,lo,1.0,0.42,0.5,0.15,dead-reckoned-heading-hold,off,,,2.649,0.5676
7,box_jump_uneven,4,0,1,1,heading-only,0.04,1.3920349121093807,2.8479606628417926,0.9341994744377146,1.3411205250483822,11.190139507097902,0,roll,6.18,19.358855519370508,3.132500893102024,0.331865519285202,0.06343606992061177,0.1372104632430085,0.8420143127441406,0.40778961300594696,0.8618512224151669,1,6.18,-90.44414765078683,4.309260981360033,90.44414765078683,13.276637505377122,,,,,,,off,5.0,legged_eval-seed1,,n/a,settle,0.0,auto,hold,8.0,0.8,2.0,1.0,0,WALK,first,on,1000,1,deterministic,20.0,1,200,lo,1.0,0.42,0.5,0.15,dead-reckoned-heading-hold,off,,,2.649,0.5676
7,box_jump_uneven,5,0,1,1,heading-only,0.04,1.451751708984375,2.7239677429199176,0.8533515684399152,1.2455502125735691,11.221626178055613,0,roll,9.32,23.574750294727153,2.5294796453569908,0.3294517397880554,0.04847121341034066,0.07767894237338172,0.7261962890625,0.24079592875215908,0.9108034453340025,1,9.32,-91.12142644469114,-3.939585579083258,91.12142644469114,19.63893098588149,,,,,,,off,5.0,legged_eval-seed1,,n/a,settle,0.0,auto,hold,8.0,0.8,2.0,1.0,0,WALK,first,on,1000,1,deterministic,20.0,1,200,lo,1.0,0.42,0.5,0.15,dead-reckoned-heading-hold,off,,,2.649,0.5676
7,box_jump_uneven,6,0,1,1,heading-only,0.04,1.3527008056640852,2.3533432006835895,0.4992487113507838,1.1097563511682123,10.903026238083788,0,roll,9.14,50.07958742091341,5.479167113885493,0.3288126289844513,0.03858870959125659,0.03865899351023955,0.3536491394042969,0.4895425113064294,2.478173212248711,1,9.14,-86.47420079010327,-1.4062977989733134,86.47420079010327,19.177060302525625,,,,,,,off,5.0,legged_eval-seed1,,n/a,settle,0.0,auto,hold,8.0,0.8,2.0,1.0,0,WALK,first,on,1000,1,deterministic,20.0,1,200,lo,1.0,0.42,0.5,0.15,dead-reckoned-heading-hold,off,,,2.649,0.5676
7,box_jump_uneven,7,0,1,1,heading-only,0.04,1.372485351562517,1.2712203979492145,0.8184528364505514,1.316709574423486,10.253447010267742,0,roll,6.8,-43.788813999587404,-6.43953147052756,0.3289891481399536,0.054777257582723095,-0.1071734708898214,-0.7209358215332031,0.1512706594938052,-2.051782644955679,1,6.8,90.86555984924257,1.5788912476290677,90.86555984924257,12.300589014979352,,,,,,,off,5.0,legged_eval-seed1,,n/a,settle,0.0,auto,hold,8.0,0.8,2.0,1.0,0,WALK,first,on,1000,1,deterministic,20.0,1,200,lo,1.0,0.42,0.5,0.15,dead-reckoned-heading-hold,off,,,2.649,0.5676
7,box_jump_uneven,8,0,0,1,heading-only,0.04,1.3062561035156364,1.4417297363281207,0.6367562235587885,0.5909334858723216,11.65711961053059,0,roll,2.24,15.435026290370473,6.890636736772532,0.31905075907707214,0.13672147478376623,-0.24922779628208894,-0.6109962463378906,0.4723747402169896,0.879629910412861,1,2.24,87.11824744533783,-10.613562602259485,87.11824744533783,10.613562602259485,,,,,,,off,5.0,legged_eval-seed1,,n/a,settle,0.0,auto,hold,8.0,0.8,2.0,1.0,0,WALK,first,on,1000,1,deterministic,20.0,1,200,lo,1.0,0.42,0.5,0.15,dead-reckoned-heading-hold,off,,,2.649,0.5676
7,box_jump_uneven,9,0,1,1,heading-only,0.04,1.643591308593784,1.9389144897460895,0.6464837291536734,0.7914997631199182,11.606569439395637,1,timeout,20.0,-20.923667843458304,-1.0461833921729151,0.3263331949710846,0.03217956542968921,-0.0030542755126955257,-0.0618896484375,0.24134911991115784,-0.5674204896581413,0,20.0,6.954057869337568,-5.47586585373287,11.029904438509169,8.285312515109846,,,,,,,off,5.0,legged_eval-seed1,,n/a,settle,0.0,auto,hold,8.0,0.8,2.0,1.0,0,WALK,first,on,1000,1,deterministic,20.0,1,200,lo,1.0,0.42,0.5,0.15,dead-reckoned-heading-hold,off,,,2.649,0.5676
8,flat_circle_jump,0,0,1,1,heading-only,0.04,2.686922311782837,2.6884429931640597,1.821993589677922,0.8861777845244848,6.151721106894818,0,roll,5.74,-20.6964464154469,-3.6056526856179265,0.32745301723480225,0.2938889044917834,0.1199378036871184,0.68536376953125,0.918267833765484,-0.21413027196869974,1,5.74,-90.90177153811031,10.88195404704045,90.90177153811031,16.57184153629912,,,,,,,off,5.0,legged_eval-seed1,,n/a,settle,0.0,auto,hold,8.0,0.8,2.0,1.0,0,WALK,first,on,1000,1,deterministic,20.0,1,200,lo,1.0,0.42,0.5,0.15,dead-reckoned-heading-hold,off,,,2.649,0.5676
8,flat_circle_jump,1,0,0,1,heading-only,0.04,1.0108505249023452,1.3602874755859347,0.6398045387326293,0.8052945565943728,8.313797636122978,0,roll,2.24,-2.3218029133331584,-1.036519157738017,0.3167555034160614,0.004843984331404093,-0.2855859483991363,-0.6529388427734375,0.4138309893596333,-3.7346677496958445,1,2.24,88.08613479722453,-5.023618598594062,88.08613479722453,12.865322410566922,,,,,,,off,5.0,legged_eval-seed1,,n/a,settle,0.0,auto,hold,8.0,0.8,2.0,1.0,0,WALK,first,on,1000,1,deterministic,20.0,1,200,lo,1.0,0.42,0.5,0.15,dead-reckoned-heading-hold,off,,,2.649,0.5676
8,flat_circle_jump,2,0,1,1,heading-only,0.04,2.0346099853515653,2.1252639770507784,1.0421654790558668,0.8133831394769265,7.816393806929969,1,timeout,20.0,-48.51059952846276,-2.425529976423138,0.31956562399864197,0.051730499267578264,0.006263198852538921,0.1247100830078125,0.8755354022702,-0.8183467160336574,0,20.0,-66.12655677280938,16.379675434576814,71.59905968064743,25.19410498340652,,,,,,,off,5.0,legged_eval-seed1,,n/a,settle,0.0,auto,hold,8.0,0.8,2.0,1.0,0,WALK,first,on,1000,1,deterministic,20.0,1,200,lo,1.0,0.42,0.5,0.15,dead-reckoned-heading-hold,off,,,2.649,0.5676
8,flat_circle_jump,3,0,0,1,heading-only,0.04,1.2190063476562614,2.717442321777341,0.7501248332051119,0.7705069225741814,9.059446441905276,0,roll,3.7800000000000002,4.195003023771079,1.1097891597277987,0.32162320613861084,0.05793818721065115,0.18979955602575155,0.696014404296875,0.47861629999021604,0.3343127524816746,1,3.7800000000000002,-86.80865323438366,10.66572590855856,86.80865323438366,18.633403079960335,,,,,,,off,5.0,legged_eval-seed1,,n/a,settle,0.0,auto,hold,8.0,0.8,2.0,1.0,0,WALK,first,on,1000,1,deterministic,20.0,1,200,lo,1.0,0.42,0.5,0.15,dead-reckoned-heading-hold,off,,,2.649,0.5676
8,flat_circle_jump,4,0,1,1,heading-only,0.04,1.6471160888671932,1.2439392089843722,0.9951819693814543,1.2962223767677632,9.483071346197104,0,roll,6.4,-5.966597507069082,-0.9322808604795441,0.3456447720527649,0.10111188888549894,-0.11813449859619185,-0.7453231811523438,0.4120824240026659,-0.16092440511243877,1,6.4,86.35783982543853,11.566006284880249,86.35783982543853,15.065719721274474,,,,,,,off,5.0,legged_eval-seed1,,n/a,settle,0.0,auto,hold,8.0,0.8,2.0,1.0,0,WALK,first,on,1000,1,deterministic,20.0,1,200,lo,1.0,0.42,0.5,0.15,dead-reckoned-heading-hold,off,,,2.649,0.5676
8,flat_circle_jump,5,0,1,1,heading-only,0.04,2.117156982421875,2.737011718749997,1.338366914171437,1.0968868726545549,9.461591497620653,0,below,4.3,-30.90350410141849,-7.186861418934533,0.3235851526260376,0.25980394940043605,0.17139807412790634,0.7432403564453125,0.7222063940172324,-0.48280403332755734,1,4.3,-82.90781384417483,61.9146451178985,82.90781384417483,61.9146451178985,,,,,,,off,5.0,legged_eval-seed1,,n/a,settle,0.0,auto,hold,8.0,0.8,2.0,1.0,0,WALK,first,on,1000,1,deterministic,20.0,1,200,lo,1.0,0.42,0.5,0.15,dead-reckoned-heading-hold,off,,,2.649,0.5676
8,flat_circle_jump,6,0,1,1,heading-only,0.04,2.4416748046875227,2.7710769653320284,1.634926887948344,1.0218742223242672,9.689055953232664,0,below,9.18,173.5554801958873,18.90582572939949,0.3380560278892517,0.15704518569580858,0.08399531212767194,0.7894973754882812,1.2286193192162185,2.10110806851105,1,9.18,39.842403184022345,67.2739711560212,55.8912101554671,79.13904501203398,,,,,,,off,5.0,legged_eval-seed1,,n/a,settle,0.0,auto,hold,8.0,0.8,2.0,1.0,0,WALK,first,on,1000,1,deterministic,20.0,1,200,lo,1.0,0.42,0.5,0.15,dead-reckoned-heading-hold,off,,,2.649,0.5676
8,flat_circle_jump,7,0,0,1,heading-only,0.04,1.0601226806640796,3.189282226562497,1.1908009704176787,1.26802376574085,11.50152969373523,0,roll,10.16,35.031469221474794,3.4479792540821648,0.32743868231773376,0.005917586679535389,0.11705533726008831,1.15399169921875,0.5714818169249132,10.169448084690623,1,10.16,-86.46348951580399,13.729972411636833,86.46348951580399,25.83630877871584,,,,,,,off,5.0,legged_eval-seed1,,n/a,settle,0.0,auto,hold,8.0,0.8,2.0,1.0,0,WALK,first,on,1000,1,deterministic,20.0,1,200,lo,1.0,0.42,0.5,0.15,dead-reckoned-heading-hold,off,,,2.649,0.5676
8,flat_circle_jump,8,0,0,1,heading-only,0.04,0.8386657714843864,1.310368347167966,0.7082517560010504,0.9554866709662596,12.28071288158619,0,roll,8.46,-46.84649569590735,-5.537410838759733,0.33169370889663696,-0.01907023977725929,-0.08151674383357377,-0.7076492309570312,0.3415583182550704,5.067899108810671,1,8.46,90.02970921801132,10.576429579216605,90.02970921801132,12.087678904163637,,,,,,,off,5.0,legged_eval-seed1,,n/a,settle,0.0,auto,hold,8.0,0.8,2.0,1.0,0,WALK,first,on,1000,1,deterministic,20.0,1,200,lo,1.0,0.42,0.5,0.15,dead-reckoned-heading-hold,off,,,2.649,0.5676
8,flat_circle_jump,9,0,1,1,heading-only,0.04,1.563330078125034,2.7747085571289034,0.9578695764085549,2.098115586793469,12.410872858182476,0,roll,6.9,-2.1287435593238513,-0.3085135593222973,0.33891400694847107,0.08164204030797595,0.11227660248244976,0.770660400390625,0.5522435352778511,-0.06595348887544755,1,6.9,-90.06005808695693,-0.12927650873059965,90.06005808695693,16.18806951583569,,,,,,,off,5.0,legged_eval-seed1,,n/a,settle,0.0,auto,hold,8.0,0.8,2.0,1.0,0,WALK,first,on,1000,1,deterministic,20.0,1,200,lo,1.0,0.42,0.5,0.15,dead-reckoned-heading-hold,off,,,2.649,0.5676
9,bump_jump,0,0,1,1,heading-only,0.04,2.4205002784729004,2.8578247070312415,1.6594228723067617,0.7081215130903179,8.373555328467907,0,roll,9.200000000000001,-45.63561413019892,-4.960392840239012,0.32799050211906433,0.15440220418183698,0.09324181598165666,0.8276290893554688,0.964376157886788,-0.560712120097493,1,9.200000000000001,-86.02351018174159,-1.8875578505313815,86.02351018174159,16.43214533382102,,,,,,,off,5.0,legged_eval-seed1,,n/a,settle,0.0,auto,hold,8.0,0.8,2.0,1.0,0,WALK,first,on,1000,1,deterministic,20.0,1,200,lo,1.0,0.42,0.5,0.15,dead-reckoned-heading-hold,off,,,2.649,0.5676
9,bump_jump,1,0,0,1,heading-only,0.04,2.275987243652345,2.665823364257804,1.4392582111473569,1.0224856745709174,8.4502847094935,0,roll,6.16,-61.19267471034004,-9.933875764665592,0.32865262031555176,0.2071407863071989,0.10808820848340973,0.6322708129882812,1.3241158933752741,-0.8370096622128078,1,6.16,-92.34845887374469,42.839938918598925,92.34845887374469,46.946009214812115,,,,,,,off,5.0,legged_eval-seed1,,n/a,settle,0.0,auto,hold,8.0,0.8,2.0,1.0,0,WALK,first,on,1000,1,deterministic,20.0,1,200,lo,1.0,0.42,0.5,0.15,dead-reckoned-heading-hold,off,,,2.649,0.5676
9,bump_jump,2,0,1,1,heading-only,0.04,2.763301086425784,1.4123291015624915,1.858652147729827,0.8476927597903212,8.10802419851303,0,roll,5.64,27.201599239803755,4.822978588617687,0.32830485701560974,0.31264203660031636,-0.10419696780806889,-0.5972976684570312,0.7829736007521573,0.26924356378915226,1,5.64,88.87566726136319,12.342083940080073,88.87566726136319,20.131318621312282,,,,,,,off,5.0,legged_eval-seed1,,n/a,settle,0.0,auto,hold,8.0,0.8,2.0,1.0,0,WALK,first,on,1000,1,deterministic,20.0,1,200,lo,1.0,0.42,0.5,0.15,dead-reckoned-heading-hold,off,,,2.649,0.5676
9,bump_jump,3,0,0,1,heading-only,0.04,0.9130065917968864,1.4744094848632727,0.5327412530229698,0.7879128447205297,10.100677274655139,0,roll,4.88,-32.82289456823756,-6.726002985294581,0.3319108188152313,-0.01782651807440853,-0.10770297441326379,-0.5609207153320312,0.2864486021223287,6.5851837752254445,1,4.88,86.31490156551547,10.261182349409395,86.31490156551547,15.547545378357608,,,,,,,off,5.0,legged_eval-seed1,,n/a,settle,0.0,auto,hold,8.0,0.8,2.0,1.0,0,WALK,first,on,1000,1,deterministic,20.0,1,200,lo,1.0,0.42,0.5,0.15,dead-reckoned-heading-hold,off,,,2.649,0.5676
9,bump_jump,4,0,1,1,heading-only,0.04,1.5381835937500057,2.7135604858398352,0.8937617957451822,1.3302289850475437,9.787861263640988,0,roll,9.94,2.2759344785703775,0.22896725136522914,0.3297734558582306,0.05414321868712331,0.0717867691991786,0.7211227416992188,0.42855221947672095,0.07380854911226657,1,9.94,-86.56608183871,2.7431762051711432,86.56608183871,11.43113095614037,,,,,,,off,5.0,legged_eval-seed1,,n/a,settle,0.0,auto,hold,8.0,0.8,2.0,1.0,0,WALK,first,on,1000,1,deterministic,20.0,1,200,lo,1.0,0.42,0.5,0.15,dead-reckoned-heading-hold,off,,,2.649,0.5676
9,bump_jump,5,0,1,1,heading-only,0.04,2.029327392578125,2.308859252929679,1.074666887566543,0.7020207358532122,9.375761257285035,0,roll,15.82,-33.09425191904472,-2.0919249000660383,0.3255902826786041,0.06506494264084228,0.019523340893152906,0.3058013916015625,0.8199668906712041,-0.5611466901945318,1,15.82,-86.53368468139429,17.5169323023086,86.53368468139429,25.472916549700432,,,,,,,off,5.0,legged_eval-seed1,,n/a,settle,0.0,auto,hold,8.0,0.8,2.0,1.0,0,WALK,first,on,1000,1,deterministic,20.0,1,200,lo,1.0,0.42,0.5,0.15,dead-reckoned-heading-hold,off,,,2.649,0.5676
9,bump_jump,6,0,1,1,heading-only,0.04,1.9807983398437727,2.0622543334960852,0.9827720923384742,0.629294629985725,9.319409594212384,1,timeout,20.0,-0.2047978348647348,-0.01023989174323674,0.3229677379131317,0.04903991699218864,0.0031127166748042613,0.0588226318359375,0.18380482612279953,-0.003644374561150469,0,20.0,3.633893513740666,20.908267124785358,19.97766843503462,21.613830303241976,,,,,,,off,5.0,legged_eval-seed1,,n/a,settle,0.0,auto,hold,8.0,0.8,2.0,1.0,0,WALK,first,on,1000,1,deterministic,20.0,1,200,lo,1.0,0.42,0.5,0.15,dead-reckoned-heading-hold,off,,,2.649,0.5676
9,bump_jump,7,0,1,1,heading-only,0.04,1.9920684814453296,1.916586303710929,0.9955690416067826,0.6587794457990933,9.758288034564808,1,timeout,20.0,-1.3139163771238032,-0.06569581885619016,0.3235437572002411,0.04960342407226648,-0.0041706848144535515,-0.0985260009765625,0.2430989668494077,-0.023115507956947026,0,20.0,-8.84064619487828,20.69230356233688,18.198888833450262,22.406653061940613,,,,,,,off,5.0,legged_eval-seed1,,n/a,settle,0.0,auto,hold,8.0,0.8,2.0,1.0,0,WALK,first,on,1000,1,deterministic,20.0,1,200,lo,1.0,0.42,0.5,0.15,dead-reckoned-heading-hold,off,,,2.649,0.5676
9,bump_jump,8,0,0,1,heading-only,0.04,0.8998840332031364,2.6076950073242102,0.6158867012157696,0.8540681445477909,11.316444410016068,0,roll,1.76,16.178072320859854,9.192086545943098,0.31048741936683655,-0.05688407204367252,0.3452812541614831,0.5779037475585938,0.35494755061748867,-2.8203356333528466,1,1.76,-87.73303999715455,7.905107243282656,87.73303999715455,14.800905721309862,,,,,,,off,5.0,legged_eval-seed1,,n/a,settle,0.0,auto,hold,8.0,0.8,2.0,1.0,0,WALK,first,on,1000,1,deterministic,20.0,1,200,lo,1.0,0.42,0.5,0.15,dead-reckoned-heading-hold,off,,,2.649,0.5676
9,bump_jump,9,0,0,1,heading-only,0.04,1.147497558593784,2.7425674438476477,0.7570745923973121,0.8219880655214966,10.977646202063175,0,roll,2.94,-1.2798808218800275,-0.4353336128843631,0.3338117003440857,0.05016923761693337,0.25257396049239716,0.71490478515625,0.494040581246702,-0.15144748555776397,1,2.94,-90.38584908542374,8.41679103974129,90.38584908542374,16.344629445472094,,,,,,,off,5.0,legged_eval-seed1,,n/a,settle,0.0,auto,hold,8.0,0.8,2.0,1.0,0,WALK,first,on,1000,1,deterministic,20.0,1,200,lo,1.0,0.42,0.5,0.15,dead-reckoned-heading-hold,off,,,2.649,0.5676
10,sideways_ramp,0,0,1,1,heading-only,0.04,1.4777283668518066,2.7866592407226562,0.9203570793497708,1.2556474514450149,8.956883601827997,0,roll,8.84,9.549574798122933,1.0802686423215988,0.3373589813709259,0.05404167045834917,0.0889886018917032,0.7771148681640625,0.40915931570703423,0.3488834533546135,1,8.84,-89.43748850214958,-11.289351639611056,89.43748850214958,18.965540425820986,,,,,,,off,5.0,legged_eval-seed1,,n/a,settle,0.0,auto,hold,8.0,0.8,2.0,1.0,0,WALK,first,on,1000,1,deterministic,20.0,1,200,lo,1.0,0.42,0.5,0.15,dead-reckoned-heading-hold,off,,,2.649,0.5676
10,sideways_ramp,1,0,1,1,heading-only,0.04,1.4681602478027358,2.6010513305664062,0.7618639770972023,1.1097537429980862,9.001928017715246,0,roll,5.48,-1.2983024147720812,-0.2369164990460002,0.33852988481521606,0.0854307021537839,0.10968089973839529,0.5909042358398438,0.398896774587438,-0.04840148630883707,1,5.48,-93.77150586402685,5.539551399900808,93.77150586402685,11.466189784278148,,,,,,,off,5.0,legged_eval-seed1,,n/a,settle,0.0,auto,hold,8.0,0.8,2.0,1.0,0,WALK,first,on,1000,1,deterministic,20.0,1,200,lo,1.0,0.42,0.5,0.15,dead-reckoned-heading-hold,off,,,2.649,0.5676
10,sideways_ramp,2,0,1,1,heading-only,0.04,2.6020538330078153,2.6636734008789062,1.7340815629286894,1.26787042389824,8.025434896199663,0,roll,5.2,-41.80533584977499,-8.039487663418267,0.32234421372413635,0.308087275578426,0.12762950016902042,0.6606521606445312,0.8278216750404374,-0.4554408475217797,1,5.2,-90.23066239211367,33.4806020019945,90.23066239211367,33.4806020019945,,,,,,,off,5.0,legged_eval-seed1,,n/a,settle,0.0,auto,hold,8.0,0.8,2.0,1.0,0,WALK,first,on,1000,1,deterministic,20.0,1,200,lo,1.0,0.42,0.5,0.15,dead-reckoned-heading-hold,off,,,2.649,0.5676
10,sideways_ramp,3,0,0,1,heading-only,0.04,1.0364425659179801,2.5535202026367188,0.5547185550688569,0.7219903804204738,9.729315630605118,0,roll,3.74,19.912061985844076,5.324080744878095,0.33065152168273926,0.009744001582347625,0.14800005418094084,0.55841064453125,0.32002538695160204,9.536404305238944,1,3.74,-90.31378414498408,11.05830878142573,90.31378414498408,12.893964962253563,,,,,,,off,5.0,legged_eval-seed1,,n/a,settle,0.0,auto,hold,8.0,0.8,2.0,1.0,0,WALK,first,on,1000,1,deterministic,20.0,1,200,lo,1.0,0.42,0.5,0.15,dead-reckoned-heading-hold,off,,,2.649,0.5676
10,sideways_ramp,4,0,0,1,heading-only,0.04,1.1240142822265682,1.4422988891601562,0.5713230883030779,0.6726037384683484,9.392557623401805,0,roll,3.14,-13.192087034538275,-4.201301603356138,0.3181861937046051,0.039494994339671394,-0.17761181873880375,-0.554229736328125,0.26094709491301044,-1.8566035284686042,1,3.14,86.77934256411383,3.8564897331070473,86.77934256411383,18.367138899827314,,,,,,,off,5.0,legged_eval-seed1,,n/a,settle,0.0,auto,hold,8.0,0.8,2.0,1.0,0,WALK,first,on,1000,1,deterministic,20.0,1,200,lo,1.0,0.42,0.5,0.15,dead-reckoned-heading-hold,off,,,2.649,0.5676
10,sideways_ramp,5,0,0,1,heading-only,0.04,1.17041015625,2.651519775390625,0.6734371827261989,0.730142097696195,9.551835457535269,0,roll,3.3000000000000003,13.70028167007132,4.151600506082218,0.32294660806655884,0.051639441287878785,0.19743023496685605,0.6310806274414062,0.28812658312014694,1.4031735481926242,1,3.3000000000000003,-94.15980787193855,23.85990860365179,94.15980787193855,26.183205465583505,,,,,,,off,5.0,legged_eval-seed1,,n/a,settle,0.0,auto,hold,8.0,0.8,2.0,1.0,0,WALK,first,on,1000,1,deterministic,20.0,1,200,lo,1.0,0.42,0.5,0.15,dead-reckoned-heading-hold,off,,,2.649,0.5676
10,sideways_ramp,6,0,1,1,heading-only,0.04,1.5035644531250227,2.6321029663085938,0.8081654029140486,1.4368813688536728,9.317900409277671,0,roll,5.3,21.289220873813377,4.0168341271346,0.33202695846557617,0.09501216096698542,0.11926471062426297,0.638153076171875,0.33014416825900295,0.7378737659627786,1,5.3,-88.20735871169909,15.066522402690742,88.20735871169909,18.640557207501057,,,,,,,off,5.0,legged_eval-seed1,,n/a,settle,0.0,auto,hold,8.0,0.8,2.0,1.0,0,WALK,first,on,1000,1,deterministic,20.0,1,200,lo,1.0,0.42,0.5,0.15,dead-reckoned-heading-hold,off,,,2.649,0.5676
10,sideways_ramp,7,0,1,1,heading-only,0.04,2.652941894531267,1.0116195678710938,1.9259057051974113,0.9452423420175987,8.30607387840928,0,roll,10.98,11.196801461060318,1.0197451239581345,0.3306519687175751,0.15054115615038863,-0.09001643279862534,-0.975799560546875,1.0139159688137493,0.11822620736649109,1,10.98,87.677619464784,41.72718950582842,87.677619464784,41.72718950582842,,,,,,,off,5.0,legged_eval-seed1,,n/a,settle,0.0,auto,hold,8.0,0.8,2.0,1.0,0,WALK,first,on,1000,1,deterministic,20.0,1,200,lo,1.0,0.42,0.5,0.15,dead-reckoned-heading-hold,off,,,2.649,0.5676
10,sideways_ramp,8,0,1,1,heading-only,0.04,2.2301452636718864,2.2422103881835938,1.2537636307846953,0.8087350019496035,8.773198844688332,0,below,6.26,-9.595416925741091,-1.5328142053899507,0.3312348425388336,0.19650882806260167,0.03869175530089357,0.248931884765625,0.32359579478724426,-0.13613970918839677,1,6.26,-18.86294851074536,71.87159993137305,18.86294851074536,71.87159993137305,,,,,,,off,5.0,legged_eval-seed1,,n/a,settle,0.0,auto,hold,8.0,0.8,2.0,1.0,0,WALK,first,on,1000,1,deterministic,20.0,1,200,lo,1.0,0.42,0.5,0.15,dead-reckoned-heading-hold,off,,,2.649,0.5676
10,sideways_ramp,9,0,1,1,heading-only,0.04,1.388464355468784,2.6064682006835938,0.7202140195179303,1.422275635828105,9.630650088365504,0,roll,6.1000000000000005,-7.107731553230337,-1.1652018939721864,0.33184725046157837,0.06368268122439083,0.09942101650550716,0.5953292846679688,0.4495758304037438,-0.3193428591461297,1,6.1000000000000005,-89.0213162152913,4.267084258024351,89.0213162152913,15.22765362655715,,,,,,,off,5.0,legged_eval-seed1,,n/a,settle,0.0,auto,hold,8.0,0.8,2.0,1.0,0,WALK,first,on,1000,1,deterministic,20.0,1,200,lo,1.0,0.42,0.5,0.15,dead-reckoned-heading-hold,off,,,2.649,0.5676
11,stepping_stones_cylinder,0,0,2,1,heading-only,0.04,2.25797176361084,2.575608825683588,1.3834082832797432,0.7909964932138149,4.380015379631173,0,roll,9.16,-2.517557967579876,-0.2748425728798991,0.32725775241851807,0.1373331619662489,0.06283939145017337,0.5868301391601562,0.3328182582988771,-0.03492898403217138,1,9.16,-94.26349865849102,-0.5570223184466511,94.26349865849102,18.38048092767332,,,,,,,off,5.0,legged_eval-seed1,,n/a,settle,0.0,auto,hold,8.0,0.8,2.0,1.0,0,WALK,first,on,1000,1,deterministic,20.0,1,200,lo,1.0,0.42,0.5,0.15,dead-reckoned-heading-hold,off,,,2.649,0.5676
11,stepping_stones_cylinder,1,0,2,1,heading-only,0.04,2.1688667297363295,2.5887466430664006,1.3087673749014594,0.8377011621866174,4.222380612098789,0,roll,9.16,-0.4774684135411462,-0.052125372657330374,0.3269538879394531,0.12760553818082201,0.06427365098978172,0.5809097290039062,0.31090327198080014,-0.00712946624158488,1,9.16,-90.1247093007708,4.430104516655934,90.1247093007708,17.279245670944743,,,,,,,off,5.0,legged_eval-seed1,,n/a,settle,0.0,auto,hold,8.0,0.8,2.0,1.0,0,WALK,first,on,1000,1,deterministic,20.0,1,200,lo,1.0,0.42,0.5,0.15,dead-reckoned-heading-hold,off,,,2.649,0.5676
11,stepping_stones_cylinder,2,0,1,1,heading-only,0.04,1.6247741699218778,1.510423278808588,0.7937431129364871,0.9419738710144516,4.60134510356989,0,roll,6.6000000000000005,-18.935576400014412,-2.869026727274911,0.33010151982307434,0.09466275301846633,-0.07417829108960786,-0.5040130615234375,0.3527579128644325,-0.5289721788346512,1,6.6000000000000005,86.70181132134879,1.833966283080442,86.70181132134879,14.485656192266427,,,,,,,off,5.0,legged_eval-seed1,,n/a,settle,0.0,auto,hold,8.0,0.8,2.0,1.0,0,WALK,first,on,1000,1,deterministic,20.0,1,200,lo,1.0,0.42,0.5,0.15,dead-reckoned-heading-hold,off,,,2.649,0.5676
11,stepping_stones_cylinder,3,0,0,1,heading-only,0.04,1.3816116333007926,2.717118835449213,0.812334206362464,0.7268254463939341,4.476205444697428,0,roll,3.8200000000000003,-16.77858947501946,-4.392300909690958,0.32933250069618225,0.09989833332481482,0.18772744383487253,0.7145614624023438,0.5709330398608324,-0.7673812971753243,1,3.8200000000000003,-89.77819030568517,2.396458109548562,89.77819030568517,25.608482551943997,,,,,,,off,5.0,legged_eval-seed1,,n/a,settle,0.0,auto,hold,8.0,0.8,2.0,1.0,0,WALK,first,on,1000,1,deterministic,20.0,1,200,lo,1.0,0.42,0.5,0.15,dead-reckoned-heading-hold,off,,,2.649,0.5676
11,stepping_stones_cylinder,4,0,1,1,heading-only,0.04,1.9989379882812557,2.4811721801757756,1.1087848174494956,0.45355682288942323,4.1788566010464665,0,roll,5.36,-9.49871749925424,-1.7721487871742985,0.3264923393726349,0.18636902766441335,0.08977092913727155,0.469268798828125,0.3975160075655675,-0.16596014669942782,1,5.36,-88.96879472818097,22.896896790251855,88.96879472818097,25.974794153177267,,,,,,,off,5.0,legged_eval-seed1,,n/a,settle,0.0,auto,hold,8.0,0.8,2.0,1.0,0,WALK,first,on,1000,1,deterministic,20.0,1,200,lo,1.0,0.42,0.5,0.15,dead-reckoned-heading-hold,off,,,2.649,0.5676
11,stepping_stones_cylinder,5,0,1,1,heading-only,0.04,2.0076446533203125,2.3183609008789006,1.0567409382499753,0.34815739591100753,4.304145453557329,1,timeout,20.0,-14.204885505266418,-0.7102442752633209,0.33473169803619385,0.050382232666015624,0.015918045043945027,0.3015289306640625,0.613542466254763,-0.24604112284899632,0,20.0,-58.89452967437896,3.9982324244693594,77.53463969219708,16.71525938147981,,,,,,,off,5.0,legged_eval-seed1,,n/a,settle,0.0,auto,hold,8.0,0.8,2.0,1.0,0,WALK,first,on,1000,1,deterministic,20.0,1,200,lo,1.0,0.42,0.5,0.15,dead-reckoned-heading-hold,off,,,2.649,0.5676
11,stepping_stones_cylinder,6,0,1,1,heading-only,0.04,2.3252197265625227,1.6104141235351506,1.381298113663858,0.5118101647009968,3.6953737582531625,0,roll,6.08,43.95755889979833,7.229861661151041,0.3296073079109192,0.21796377081620438,-0.06407662441856077,-0.43393707275390625,0.8525083413370189,0.5789259837920326,1,6.08,88.87148443546872,-5.432904615085973,88.87148443546872,16.229364233840656,,,,,,,off,5.0,legged_eval-seed1,,n/a,settle,0.0,auto,hold,8.0,0.8,2.0,1.0,0,WALK,first,on,1000,1,deterministic,20.0,1,200,lo,1.0,0.42,0.5,0.15,dead-reckoned-heading-hold,off,,,2.649,0.5676
11,stepping_stones_cylinder,7,0,0,1,heading-only,0.04,1.2573272705078296,2.6415420532226506,0.6912261064225974,0.6859054305750278,4.637264172577852,0,roll,2.42,-9.603096414281424,-3.968221658793977,0.31447628140449524,0.10633358285447503,0.26510002199283084,0.638763427734375,0.5067577234823059,-0.6513326414449052,1,2.42,-90.02108006813414,1.0550999847629443,90.02108006813414,34.33965241019972,,,,,,,off,5.0,legged_eval-seed1,,n/a,settle,0.0,auto,hold,8.0,0.8,2.0,1.0,0,WALK,first,on,1000,1,deterministic,20.0,1,200,lo,1.0,0.42,0.5,0.15,dead-reckoned-heading-hold,off,,,2.649,0.5676
11,stepping_stones_cylinder,8,0,1,1,heading-only,0.04,2.0092590332031364,2.333505249023432,1.0629344040101019,0.3414330753443338,3.606195563437959,1,timeout,20.0,-17.49710697429248,-0.8748553487146239,0.32748672366142273,0.05046295166015682,0.01667526245117159,0.34228515625,0.6268577309463876,-0.30258052316446443,0,20.0,-73.96546489960939,19.87138351760639,81.09182732308898,23.51328809063114,,,,,,,off,5.0,legged_eval-seed1,,n/a,settle,0.0,auto,hold,8.0,0.8,2.0,1.0,0,WALK,first,on,1000,1,deterministic,20.0,1,200,lo,1.0,0.42,0.5,0.15,dead-reckoned-heading-hold,off,,,2.649,0.5676
11,stepping_stones_cylinder,9,0,1,1,heading-only,0.04,2.003240966796909,1.910935974121088,1.0071865955052006,0.2984150930315222,3.897776720587708,1,timeout,20.0,-13.182249192164392,-0.6591124596082196,0.3223556876182556,0.05016204833984546,-0.0044532012939455965,-0.09825897216796875,0.16993933489482854,-0.22933039901290855,0,20.0,11.948124119152908,16.661744100370242,21.756180791220245,17.765941122435525,,,,,,,off,5.0,legged_eval-seed1,,n/a,settle,0.0,auto,hold,8.0,0.8,2.0,1.0,0,WALK,first,on,1000,1,deterministic,20.0,1,200,lo,1.0,0.42,0.5,0.15,dead-reckoned-heading-hold,off,,,2.649,0.5676
12,stepping_stones_randomly_arranged,0,0,1,1,heading-only,0.04,2.5309348106384277,1.3787261962890511,1.652193249472346,0.9089343058629618,3.9186281500937254,0,roll,7.8,16.560741865118217,2.123172033989515,0.32918113470077515,0.1962736936715933,-0.07965048765524986,-0.6273727416992188,0.8248520024911569,0.188799333655915,1,7.8,92.98888400615347,32.97106236317019,92.98888400615347,34.47306752979056,,,,,,,off,5.0,legged_eval-seed1,,n/a,settle,0.0,auto,hold,8.0,0.8,2.0,1.0,0,WALK,first,on,1000,1,deterministic,20.0,1,200,lo,1.0,0.42,0.5,0.15,dead-reckoned-heading-hold,off,,,2.649,0.5676
12,stepping_stones_randomly_arranged,1,0,2,1,heading-only,0.04,2.224534606933595,2.785708618164051,1.4549305949890796,0.8284359067016029,3.9543103122431624,0,roll,8.44,-57.82234662934715,-6.8509889371264405,0.33021265268325806,0.14508703873620796,0.09309343817109611,0.77459716796875,1.256091218726007,-0.8241419427407657,1,8.44,-89.63685870185492,-0.46882465326412703,89.63685870185492,25.57180776596594,,,,,,,off,5.0,legged_eval-seed1,,n/a,settle,0.0,auto,hold,8.0,0.8,2.0,1.0,0,WALK,first,on,1000,1,deterministic,20.0,1,200,lo,1.0,0.42,0.5,0.15,dead-reckoned-heading-hold,off,,,2.649,0.5676
12,stepping_stones_randomly_arranged,2,0,1,1,heading-only,0.04,1.239924621582034,1.3241073608398324,0.7172131368792535,1.156858146074082,4.906848636709245,0,roll,5.68,-23.757634214740392,-4.182682080059928,0.3228403329849243,0.04224025027852713,-0.11899518295073375,-0.6921844482421875,0.2841660912651592,-1.7282467168126898,1,5.68,87.26171863066635,5.0989927147355285,87.26171863066635,14.630685783463116,,,,,,,off,5.0,legged_eval-seed1,,n/a,settle,0.0,auto,hold,8.0,0.8,2.0,1.0,0,WALK,first,on,1000,1,deterministic,20.0,1,200,lo,1.0,0.42,0.5,0.15,dead-reckoned-heading-hold,off,,,2.649,0.5676
12,stepping_stones_randomly_arranged,3,0,1,1,heading-only,0.04,1.5560424804687614,1.5177413940429574,0.7360411694365221,0.802337195889734,4.569477355488707,0,roll,4.34,-5.259496135191711,-1.2118654689381823,0.32840633392333984,0.12812038720478372,-0.11111949446014807,-0.48291015625,0.2052989691197676,-0.1650872510273417,1,4.34,87.73979480626501,-0.6321401019016281,87.73979480626501,16.102260215797447,,,,,,,off,5.0,legged_eval-seed1,,n/a,settle,0.0,auto,hold,8.0,0.8,2.0,1.0,0,WALK,first,on,1000,1,deterministic,20.0,1,200,lo,1.0,0.42,0.5,0.15,dead-reckoned-heading-hold,off,,,2.649,0.5676
12,stepping_stones_randomly_arranged,4,0,1,1,heading-only,0.04,2.515951538085943,1.5007202148437386,1.5960543128887623,0.8056621423467403,3.8168446478707914,0,roll,12.14,10.962873363083276,0.9030373445702863,0.33142203092575073,0.12487244959521772,-0.041126835680087424,-0.5345382690429688,0.6995516029414102,0.12621659126819623,1,12.14,90.98762083529866,15.021953296780309,90.98762083529866,22.660657471058975,,,,,,,off,5.0,legged_eval-seed1,,n/a,settle,0.0,auto,hold,8.0,0.8,2.0,1.0,0,WALK,first,on,1000,1,deterministic,20.0,1,200,lo,1.0,0.42,0.5,0.15,dead-reckoned-heading-hold,off,,,2.649,0.5676
12,stepping_stones_randomly_arranged,5,0,1,1,heading-only,0.04,2.8000030517578125,3.202761840820301,2.1648665159937406,1.2723203130864313,3.371812097325185,0,roll,7.92,-17.331789133565906,-2.188357213834079,0.3278144896030426,0.2272731125956834,0.15186386879044206,1.19464111328125,0.6357821691062391,-0.16805348487975827,1,7.92,-86.327114106014,29.77076537403182,86.327114106014,34.036067889526244,,,,,,,off,5.0,legged_eval-seed1,,n/a,settle,0.0,auto,hold,8.0,0.8,2.0,1.0,0,WALK,first,on,1000,1,deterministic,20.0,1,200,lo,1.0,0.42,0.5,0.15,dead-reckoned-heading-hold,off,,,2.649,0.5676
12,stepping_stones_randomly_arranged,6,0,2,1,heading-only,0.04,2.1747680664062727,2.1327392578124886,1.1822435114698424,0.42791810977602807,3.7775648059285967,1,timeout,20.0,27.238883362368398,1.36194416811842,0.3292165994644165,0.05873840332031364,0.0066369628906244316,0.13715362548828125,0.496387160156156,0.4046826031748983,0,20.0,-37.751693175142194,20.425362092454872,49.88458233802115,27.48407023736219,,,,,,,off,5.0,legged_eval-seed1,,n/a,settle,0.0,auto,hold,8.0,0.8,2.0,1.0,0,WALK,first,on,1000,1,deterministic,20.0,1,200,lo,1.0,0.42,0.5,0.15,dead-reckoned-heading-hold,off,,,2.649,0.5676
12,stepping_stones_randomly_arranged,7,0,2,1,heading-only,0.04,2.1363555908203296,2.5052978515624886,1.2436357777027351,0.6223694734379076,3.846974083414282,0,roll,9.74,10.491399388077923,1.0771457277287395,0.3260360658168793,0.11666895182960262,0.05187862952386947,0.49291229248046875,0.2551576527779743,0.1611374678338954,1,9.74,-87.91439966918092,-1.1456294659683344,87.91439966918092,26.90553388082465,,,,,,,off,5.0,legged_eval-seed1,,n/a,settle,0.0,auto,hold,8.0,0.8,2.0,1.0,0,WALK,first,on,1000,1,deterministic,20.0,1,200,lo,1.0,0.42,0.5,0.15,dead-reckoned-heading-hold,off,,,2.649,0.5676
12,stepping_stones_randomly_arranged,8,0,2,1,heading-only,0.04,1.8329589843750114,2.6199752807617074,1.0383592915781166,0.887033419894178,4.114023817569766,0,roll,6.140000000000001,9.385528722334072,1.5285877397938228,0.33286914229393005,0.13566107237378033,0.10097317276249305,0.615692138671875,0.22732239376423316,0.1966583965333365,1,6.140000000000001,-91.38309185513731,21.54129337495803,91.38309185513731,25.585728864186844,,,,,,,off,5.0,legged_eval-seed1,,n/a,settle,0.0,auto,hold,8.0,0.8,2.0,1.0,0,WALK,first,on,1000,1,deterministic,20.0,1,200,lo,1.0,0.42,0.5,0.15,dead-reckoned-heading-hold,off,,,2.649,0.5676
12,stepping_stones_randomly_arranged,9,0,1,1,heading-only,0.04,1.336798095703159,2.5338317871093636,0.6311967476133343,0.7983841229212654,4.296494717060499,0,roll,5.2,26.62823882126736,5.120815157936031,0.32880616188049316,0.06476886455829983,0.102659959059493,0.5375823974609375,0.2189614451303412,1.3799081626877796,1,5.2,-86.54239457177735,9.686073941689418,86.54239457177735,12.84176815223037,,,,,,,off,5.0,legged_eval-seed1,,n/a,settle,0.0,auto,hold,8.0,0.8,2.0,1.0,0,WALK,first,on,1000,1,deterministic,20.0,1,200,lo,1.0,0.42,0.5,0.15,dead-reckoned-heading-hold,off,,,2.649,0.5676
13,staircase_walking_full_width,0,0,0,1,heading-only,0.04,1.5155189037322998,1.4375885009765597,0.762932784941862,0.7423130248584797,14.245587343954488,0,roll,4.0200000000000005,7.507119432286828,1.8674426448474695,0.326438307762146,0.12823853326674123,-0.13990335796602993,-0.5572967529296875,0.37704109280700426,0.254159353779762,1,4.0200000000000005,87.96242981132131,-5.080818867829568,87.96242981132131,15.375385032944894,,,,,,,off,5.0,legged_eval-seed1,,n/a,settle,0.0,auto,hold,8.0,0.8,2.0,1.0,0,WALK,first,on,1000,1,deterministic,20.0,1,200,lo,1.0,0.42,0.5,0.15,dead-reckoned-heading-hold,off,,,2.649,0.5676
13,staircase_walking_full_width,1,0,0,1,heading-only,0.04,1.5152717590332045,2.688450622558591,0.8599239764993671,0.8419772724320266,14.251366683721212,0,roll,7.82,18.731824636360386,2.3953739944194865,0.3270123600959778,0.06589152928813358,0.08803716401004999,0.6794891357421875,0.25976041278403816,0.6344846366587122,1,7.82,-88.54048614299596,1.3481456411290378,88.54048614299596,18.57030849499584,,,,,,,off,5.0,legged_eval-seed1,,n/a,settle,0.0,auto,hold,8.0,0.8,2.0,1.0,0,WALK,first,on,1000,1,deterministic,20.0,1,200,lo,1.0,0.42,0.5,0.15,dead-reckoned-heading-hold,off,,,2.649,0.5676
13,staircase_walking_full_width,2,0,0,1,heading-only,0.04,1.3624679565429716,2.614323425292966,0.7132855601959988,0.8853476025257969,11.653735252413828,0,roll,7.26,6.68458366789929,0.9207415520522437,0.3361506462097168,0.049926715777268815,0.084617551693246,0.60870361328125,0.4073033909622605,0.32187119447081514,1,7.26,-89.32207060912076,-10.700824206271971,89.32207060912076,16.22995702005478,,,,,,,off,5.0,legged_eval-seed1,,n/a,settle,0.0,auto,hold,8.0,0.8,2.0,1.0,0,WALK,first,on,1000,1,deterministic,20.0,1,200,lo,1.0,0.42,0.5,0.15,dead-reckoned-heading-hold,off,,,2.649,0.5676
13,staircase_walking_full_width,3,0,0,1,heading-only,0.04,1.3624084472656364,2.4979217529296847,0.6158457231239488,0.8089802594370191,11.648238631669372,0,roll,11.9,41.64204268660163,3.499331318201817,0.3286677896976471,0.0304544913668602,0.0418421641117382,0.4977874755859375,0.3637055222465475,2.0054464999942567,1,11.9,-87.7726778724695,12.849085615468809,87.7726778724695,17.816591280521518,,,,,,,off,5.0,legged_eval-seed1,,n/a,settle,0.0,auto,hold,8.0,0.8,2.0,1.0,0,WALK,first,on,1000,1,deterministic,20.0,1,200,lo,1.0,0.42,0.5,0.15,dead-reckoned-heading-hold,off,,,2.649,0.5676
13,staircase_walking_full_width,4,0,0,1,heading-only,0.04,1.4813598632812557,2.355076599121091,0.5981527473994824,0.62854354078221,11.524111679017668,0,roll,12.36,31.775098132383363,2.570800819772117,0.33402740955352783,0.03894497275738315,0.028727880187790527,0.37218475341796875,0.555064120894264,1.1521111851204613,1,12.36,-90.10943997347198,-10.539927695168108,90.10943997347198,13.98299353210932,,,,,,,off,5.0,legged_eval-seed1,,n/a,settle,0.0,auto,hold,8.0,0.8,2.0,1.0,0,WALK,first,on,1000,1,deterministic,20.0,1,200,lo,1.0,0.42,0.5,0.15,dead-reckoned-heading-hold,off,,,2.649,0.5676
13,staircase_walking_full_width,5,0,0,1,heading-only,0.04,1.5306854248046875,2.8287551879882784,0.9841047615562168,0.9524134249937068,11.499217885856634,0,roll,9.16,11.971097768019973,1.3068884026222678,0.33630502223968506,0.057935090044179856,0.09047545720396052,0.8278427124023438,0.4586204028930702,0.3937079508203734,1,9.16,-88.32448272183926,6.620084420953257,88.32448272183926,13.959249909401905,,,,,,,off,5.0,legged_eval-seed1,,n/a,settle,0.0,auto,hold,8.0,0.8,2.0,1.0,0,WALK,first,on,1000,1,deterministic,20.0,1,200,lo,1.0,0.42,0.5,0.15,dead-reckoned-heading-hold,off,,,2.649,0.5676
13,staircase_walking_full_width,6,0,0,1,heading-only,0.04,1.4292388916015852,2.532719421386716,0.68413157213065,0.7807420987642363,11.58301785414958,0,roll,8.76,26.786275418803,3.0577939975802515,0.3305651843547821,0.048999873470500596,0.060812719336383096,0.5346908569335938,0.21703291615677833,1.089157365633289,1,8.76,-89.4889535049328,-1.460649262785921,89.4889535049328,13.673310716055349,,,,,,,off,5.0,legged_eval-seed1,,n/a,settle,0.0,auto,hold,8.0,0.8,2.0,1.0,0,WALK,first,on,1000,1,deterministic,20.0,1,200,lo,1.0,0.42,0.5,0.15,dead-reckoned-heading-hold,off,,,2.649,0.5676
13,staircase_walking_full_width,7,0,0,1,heading-only,0.04,1.6225311279297046,2.578106689453122,0.8495600918309891,0.6904274717683746,11.39214664930707,0,roll,7.18,15.302131467478944,2.13121608182158,0.32598617672920227,0.08670349971165801,0.08051625201296966,0.5738754272460938,0.20911192887244504,0.42901079913661233,1,7.18,-91.13278613809379,0.29979996671844594,91.13278613809379,18.383020191880714,,,,,,,off,5.0,legged_eval-seed1,,n/a,settle,0.0,auto,hold,8.0,0.8,2.0,1.0,0,WALK,first,on,1000,1,deterministic,20.0,1,200,lo,1.0,0.42,0.5,0.15,dead-reckoned-heading-hold,off,,,2.649,0.5676
13,staircase_walking_full_width,8,0,0,1,heading-only,0.04,1.3511169433593864,2.675846862792966,0.7616115084878462,0.9369195286375238,8.924510554518521,0,roll,6.66,32.213351535612276,4.836839569911753,0.323208749294281,0.052720261765673626,0.10147850792687176,0.65936279296875,0.18006161923934905,1.6012586633375168,1,6.66,-88.03274118537661,5.478310393985064,88.03274118537661,17.303007500446455,,,,,,,off,5.0,legged_eval-seed1,,n/a,settle,0.0,auto,hold,8.0,0.8,2.0,1.0,0,WALK,first,on,1000,1,deterministic,20.0,1,200,lo,1.0,0.42,0.5,0.15,dead-reckoned-heading-hold,off,,,2.649,0.5676
13,staircase_walking_full_width,9,0,0,1,heading-only,0.04,1.628302001953159,2.5376480102539034,0.826939410469914,0.6536243452335682,8.63844556343645,0,roll,10.08,6.841119644119715,0.6786825043769559,0.3313418924808502,0.0623315478128134,0.05333809625534756,0.5400161743164062,0.2902133720471657,0.19003610038099675,1,10.08,-93.1726628815274,-0.9651373546848527,93.1726628815274,20.36517135272004,,,,,,,off,5.0,legged_eval-seed1,,n/a,settle,0.0,auto,hold,8.0,0.8,2.0,1.0,0,WALK,first,on,1000,1,deterministic,20.0,1,200,lo,1.0,0.42,0.5,0.15,dead-reckoned-heading-hold,off,,,2.649,0.5676
14,staircase_walking,0,0,0,1,heading-only,0.04,1.3729580640792847,1.4018539428710852,0.7048946185215452,0.6114886418743607,4.170162328555937,0,roll,3.16,13.808651971215,4.369826573169304,0.3324110507965088,0.11802470382255843,-0.18928672693953,-0.5872650146484375,0.43480239040569774,0.6462025234785459,1,3.16,91.32468551058383,-9.233403180600394,91.32468551058383,13.928002199461353,,,,,,,off,5.0,legged_eval-seed1,,n/a,settle,0.0,auto,hold,8.0,0.8,2.0,1.0,0,WALK,first,on,1000,1,deterministic,20.0,1,200,lo,1.0,0.42,0.5,0.15,dead-reckoned-heading-hold,off,,,2.649,0.5676
14,staircase_walking,1,0,0,1,heading-only,0.04,0.7786575317382827,2.618643188476554,0.6570478543490013,0.9502917189823048,4.761700756794791,0,roll,2.58,16.589709452926172,6.43011994299464,0.33248773217201233,-0.08579165436500671,0.23978418158005968,0.597442626953125,0.47076217541955134,-1.3081314859127182,1,2.58,-90.28327852669302,1.9520749362726573,90.28327852669302,16.995120999221292,,,,,,,off,5.0,legged_eval-seed1,,n/a,settle,0.0,auto,hold,8.0,0.8,2.0,1.0,0,WALK,first,on,1000,1,deterministic,20.0,1,200,lo,1.0,0.42,0.5,0.15,dead-reckoned-heading-hold,off,,,2.649,0.5676
14,staircase_walking,2,0,1,1,heading-only,0.04,1.3462707519531278,2.7448715209960852,0.821423773973706,1.1711362587531762,4.21998818112931,0,roll,7.26,7.970117541821111,1.097812333584175,0.32555723190307617,0.04769569586131238,0.10259938305731202,0.737213134765625,0.4283294890316208,0.4017226176080989,1,7.26,-87.03844260772443,-1.6753984062942182,87.03844260772443,10.67394302359048,,,,,,,off,5.0,legged_eval-seed1,,n/a,settle,0.0,auto,hold,8.0,0.8,2.0,1.0,0,WALK,first,on,1000,1,deterministic,20.0,1,200,lo,1.0,0.42,0.5,0.15,dead-reckoned-heading-hold,off,,,2.649,0.5676
14,staircase_walking,3,0,1,1,heading-only,0.04,1.4915435791015739,2.570425415039054,0.752994186085432,0.9490212308081035,4.048840331794315,0,roll,6.98,28.366349488490727,4.06394691812188,0.34173712134361267,0.07042171620366387,0.08172283883081002,0.5802764892578125,0.2183375722813543,1.0072071254607247,1,6.98,-88.94585762223548,0.8226713763068721,88.94585762223548,13.373836793599066,,,,,,,off,5.0,legged_eval-seed1,,n/a,settle,0.0,auto,hold,8.0,0.8,2.0,1.0,0,WALK,first,on,1000,1,deterministic,20.0,1,200,lo,1.0,0.42,0.5,0.15,dead-reckoned-heading-hold,off,,,2.649,0.5676
14,staircase_walking,4,0,1,1,heading-only,0.04,2.499868774414068,2.8310302734374915,1.7147062885030633,0.8753080363606214,2.825122997455813,0,roll,7.0,-40.52657480663052,-5.789510686661503,0.3352782726287842,0.21426696777343832,0.11871861049107021,0.8245620727539062,1.0303945525344769,-0.47158936634827014,1,7.0,-89.52874352806185,0.6092301798968108,89.52874352806185,15.089749086738474,,,,,,,off,5.0,legged_eval-seed1,,n/a,settle,0.0,auto,hold,8.0,0.8,2.0,1.0,0,WALK,first,on,1000,1,deterministic,20.0,1,200,lo,1.0,0.42,0.5,0.15,dead-reckoned-heading-hold,off,,,2.649,0.5676
14,staircase_walking,5,0,1,1,heading-only,0.04,1.526885986328125,2.495138549804679,0.7230290631030275,0.8558769535322981,3.7063362962547406,0,roll,7.32,30.02855605408908,4.102261756023098,0.3262201249599457,0.0719789598808914,0.06764187838861735,0.506134033203125,0.3693479585557954,0.9947069885383943,1,7.32,-86.18794485814799,6.397392450159254,86.18794485814799,17.52885784196305,,,,,,,off,5.0,legged_eval-seed1,,n/a,settle,0.0,auto,hold,8.0,0.8,2.0,1.0,0,WALK,first,on,1000,1,deterministic,20.0,1,200,lo,1.0,0.42,0.5,0.15,dead-reckoned-heading-hold,off,,,2.649,0.5676
14,staircase_walking,6,0,1,1,heading-only,0.04,1.4227539062500227,2.6649841308593665,0.7879877914945383,1.0420185647251565,3.835334659067467,0,roll,7.32,31.970333186623236,4.36753185609607,0.3365255892276764,0.057753265881150644,0.09084482662013203,0.6613235473632812,0.2563303023074984,1.3198874541828227,1,7.32,-86.94546860062431,2.5616475612428458,86.94546860062431,19.215336042655114,,,,,,,off,5.0,legged_eval-seed1,,n/a,settle,0.0,auto,hold,8.0,0.8,2.0,1.0,0,WALK,first,on,1000,1,deterministic,20.0,1,200,lo,1.0,0.42,0.5,0.15,dead-reckoned-heading-hold,off,,,2.649,0.5676
14,staircase_walking,7,0,0,1,heading-only,0.04,0.8989288330078296,1.3470748901367102,0.6607015815685234,0.8874670398833517,4.350347616297062,0,roll,2.48,-21.42554110189272,-8.63933108947287,0.31724774837493896,-0.04075450281942357,-0.263276253977133,-0.6378860473632812,0.38059279196566237,3.6998309941189245,1,2.48,90.82967590707274,6.122743169400351,90.82967590707274,6.122743169400351,,,,,,,off,5.0,legged_eval-seed1,,n/a,settle,0.0,auto,hold,8.0,0.8,2.0,1.0,0,WALK,first,on,1000,1,deterministic,20.0,1,200,lo,1.0,0.42,0.5,0.15,dead-reckoned-heading-hold,off,,,2.649,0.5676
14,staircase_walking,8,0,1,1,heading-only,0.04,1.8301208496093864,2.2512191772460852,0.8673013893522882,0.4680177543955259,3.3792301731686596,1,timeout,20.0,-2.3436070770569586,-0.11718035385284793,0.33570778369903564,0.04150604248046932,0.012560958862304262,0.2507171630859375,0.3470429625220845,-0.049274343472919174,0,20.0,10.545997569661008,2.1414688665774544,21.446450410524037,17.15447546917394,,,,,,,off,5.0,legged_eval-seed1,,n/a,settle,0.0,auto,hold,8.0,0.8,2.0,1.0,0,WALK,first,on,1000,1,deterministic,20.0,1,200,lo,1.0,0.42,0.5,0.15,dead-reckoned-heading-hold,off,,,2.649,0.5676
14,staircase_walking,9,0,1,1,heading-only,0.04,1.749792480468784,2.1352676391601477,0.7618963827000965,0.49408452801417746,3.4528581294390923,1,timeout,20.0,3.346121667966031,0.16730608339830155,0.3315122723579407,0.03748962402343921,0.006763381958007386,0.13770294189453125,0.12723183873934618,0.07788933844977804,0,20.0,-12.26444428100418,-8.258307654471725,17.415092636887337,11.213058790507322,,,,,,,off,5.0,legged_eval-seed1,,n/a,settle,0.0,auto,hold,8.0,0.8,2.0,1.0,0,WALK,first,on,1000,1,deterministic,20.0,1,200,lo,1.0,0.42,0.5,0.15,dead-reckoned-heading-hold,off,,,2.649,0.5676
15,staircase_climbing,0,0,1,1,heading-only,0.04,1.493483066558838,1.4622726440429688,0.729846727967492,1.3437948752309126,9.72140019176891,0,roll,7.48,-25.410701803772156,-3.3971526475631224,0.3339956998825073,0.06597367199984464,-0.07188868395147477,-0.5332107543945312,0.16109399120352033,-0.8987145492365293,1,7.48,86.19524133334451,4.339859022037668,86.19524133334451,13.313434304416758,,,,,,,off,5.0,legged_eval-seed1,,n/a,settle,0.0,auto,hold,8.0,0.8,2.0,1.0,0,WALK,first,on,1000,1,deterministic,20.0,1,200,lo,1.0,0.42,0.5,0.15,dead-reckoned-heading-hold,off,,,2.649,0.5676
15,staircase_climbing,1,0,1,1,heading-only,0.04,1.1991897583007827,2.6688919067382812,0.6979204415346335,1.6659871777940556,10.023154287617047,0,roll,8.42,50.23632666740323,5.96630958045169,0.33418673276901245,0.023656740890829295,0.07944084403067474,0.6515960693359375,0.2446918980905086,4.4017790469409475,1,8.42,-89.79457287496167,4.398432943213571,89.79457287496167,15.61866525042706,,,,,,,off,5.0,legged_eval-seed1,,n/a,settle,0.0,auto,hold,8.0,0.8,2.0,1.0,0,WALK,first,on,1000,1,deterministic,20.0,1,200,lo,1.0,0.42,0.5,0.15,dead-reckoned-heading-hold,off,,,2.649,0.5676
15,staircase_climbing,2,0,1,1,heading-only,0.04,1.618525695800784,1.6950149536132812,0.6896302740493293,1.1477374544610084,9.58632701927852,1,timeout,20.0,-60.87736335989001,-3.0438681679945008,0.3325246274471283,0.030926284790039206,-0.015249252319335938,-0.30959320068359375,0.4151028452862194,-1.7178113015780896,0,20.0,10.458629370709518,-4.66991907658886,17.245507707457797,8.154452746645106,,,,,,,off,5.0,legged_eval-seed1,,n/a,settle,0.0,auto,hold,8.0,0.8,2.0,1.0,0,WALK,first,on,1000,1,deterministic,20.0,1,200,lo,1.0,0.42,0.5,0.15,dead-reckoned-heading-hold,off,,,2.649,0.5676
15,staircase_climbing,3,0,1,1,heading-only,0.04,1.6512573242187614,2.1470718383789062,0.6676572683590976,1.0837681760588807,9.549875225045092,1,timeout,20.0,17.23817092826286,0.8619085464131431,0.32239747047424316,0.03256286621093807,0.007353591918945313,0.1480712890625,0.11730973768970945,0.4619722934873166,0,20.0,4.356704614846621,0.35814508436637876,13.394585091274164,4.995168493754144,,,,,,,off,5.0,legged_eval-seed1,,n/a,settle,0.0,auto,hold,8.0,0.8,2.0,1.0,0,WALK,first,on,1000,1,deterministic,20.0,1,200,lo,1.0,0.42,0.5,0.15,dead-reckoned-heading-hold,off,,,2.649,0.5676
15,staircase_climbing,4,0,0,1,heading-only,0.04,0.7203582763671932,2.6306991577148438,0.6899137055737772,1.0028073816896979,10.49860333964702,0,roll,3.86,20.054751400957826,5.195531451025344,0.34054872393608093,-0.07244604239191886,0.16339356417483,0.6233978271484375,0.444687574688449,-1.251678176162536,1,3.86,-86.58042700762577,4.006492882202469,86.58042700762577,12.728286746822956,,,,,,,off,5.0,legged_eval-seed1,,n/a,settle,0.0,auto,hold,8.0,0.8,2.0,1.0,0,WALK,first,on,1000,1,deterministic,20.0,1,200,lo,1.0,0.42,0.5,0.15,dead-reckoned-heading-hold,off,,,2.649,0.5676
15,staircase_climbing,5,0,1,1,heading-only,0.04,1.633056640625,2.0833511352539062,0.6385202596531494,1.0701941617587443,9.26731820094749,1,timeout,20.0,3.8722782176226644,0.19361391088113322,0.32445406913757324,0.03165283203125,0.0041675567626953125,0.060302734375,0.085669833379074,0.10675822685320718,0,20.0,2.6808343785048243,-6.0489560073526984,9.159772309308986,7.589968744373001,,,,,,,off,5.0,legged_eval-seed1,,n/a,settle,0.0,auto,hold,8.0,0.8,2.0,1.0,0,WALK,first,on,1000,1,deterministic,20.0,1,200,lo,1.0,0.42,0.5,0.15,dead-reckoned-heading-hold,off,,,2.649,0.5676
15,staircase_climbing,6,0,1,1,heading-only,0.04,1.6668945312500227,2.3791046142578125,0.7671170864755604,1.1004668182697066,9.240885071550908,1,timeout,20.0,43.73636679755418,2.1868183398777092,0.3281972110271454,0.033344726562501134,0.018955230712890625,0.40171051025390625,0.2713656901114074,1.1446241762493425,0,20.0,-8.226970789595176,-1.3964610737285497,13.505876206842748,7.256097354588104,,,,,,,off,5.0,legged_eval-seed1,,n/a,settle,0.0,auto,hold,8.0,0.8,2.0,1.0,0,WALK,first,on,1000,1,deterministic,20.0,1,200,lo,1.0,0.42,0.5,0.15,dead-reckoned-heading-hold,off,,,2.649,0.5676
15,staircase_climbing,7,0,1,1,heading-only,0.04,2.0715972900390796,1.319000244140625,1.2696776833116457,0.9266340342156351,8.854629019712004,1,timeout,20.0,-17.475188662898233,-0.8737594331449117,0.33434173464775085,0.053579864501953976,-0.03404998779296875,-0.6963043212890625,0.39433679094417423,-0.28462145472917044,0,20.0,-31.15179461525994,38.704467741728486,37.58030501694462,40.386289810401635,,,,,,,off,5.0,legged_eval-seed1,,n/a,settle,0.0,auto,hold,8.0,0.8,2.0,1.0,0,WALK,first,on,1000,1,deterministic,20.0,1,200,lo,1.0,0.42,0.5,0.15,dead-reckoned-heading-hold,off,,,2.649,0.5676
15,staircase_climbing,8,0,1,1,heading-only,0.04,1.5114868164062614,2.7800064086914062,0.932753322672762,1.4216095051651005,9.420859291811585,0,roll,14.5,4.144185118512183,0.28580587024221954,0.327774316072464,0.03527495285560423,0.053793545426993536,0.769744873046875,0.5282729118714007,0.14141063427280856,1,14.5,-87.4193076479241,-7.894111334637395,87.4193076479241,10.478174977240991,,,,,,,off,5.0,legged_eval-seed1,,n/a,settle,0.0,auto,hold,8.0,0.8,2.0,1.0,0,WALK,first,on,1000,1,deterministic,20.0,1,200,lo,1.0,0.42,0.5,0.15,dead-reckoned-heading-hold,off,,,2.649,0.5676
15,staircase_climbing,9,0,1,1,heading-only,0.04,1.628057861328159,1.9376449584960938,0.6311456475149416,1.073754208309001,9.272151809266234,1,timeout,20.0,-2.037197751829126,-0.1018598875914563,0.3304968476295471,0.03140289306640796,-0.0031177520751953123,-0.08293914794921875,0.0944792069878907,-0.05661231308920236,0,20.0,11.39257536786408,-1.3891091407255995,17.602877307769678,16.174220640655776,,,,,,,off,5.0,legged_eval-seed1,,n/a,settle,0.0,auto,hold,8.0,0.8,2.0,1.0,0,WALK,first,on,1000,1,deterministic,20.0,1,200,lo,1.0,0.42,0.5,0.15,dead-reckoned-heading-hold,off,,,2.649,0.5676
16,staircase_spiral,0,0,0,1,heading-only,0.04,2.649242877960205,1.7549224853515568,1.6673527097434178,0.8525280993014996,2.478637824395255,0,roll,16.94,-4.774900624278615,-0.2818713473600127,0.3345387279987335,0.09735790306730843,-0.01446738575256453,-0.2599029541015625,1.06326745577522,-0.05053090631033509,1,16.94,88.98501138143403,2.806762736950992,88.98501138143403,10.40898879060489,,,,,,,off,5.0,legged_eval-seed1,,n/a,settle,0.0,auto,hold,8.0,0.8,2.0,1.0,0,WALK,first,on,1000,1,deterministic,20.0,1,200,lo,1.0,0.42,0.5,0.15,dead-reckoned-heading-hold,off,,,2.649,0.5676
16,staircase_spiral,1,0,0,1,heading-only,0.04,3.787770843505861,2.3881774902343693,2.8146665947898755,0.7386388254746408,1.3469178339357863,1,timeout,20.0,17.983191120486367,0.8991595560243184,0.3345106542110443,0.13938854217529303,0.019408874511718466,0.394317626953125,0.5444086876613989,0.1125866911905794,0,20.0,2.6635905915289437,-3.980175656568168,12.682628405400573,8.332345384521703,,,,,,,off,5.0,legged_eval-seed1,,n/a,settle,0.0,auto,hold,8.0,0.8,2.0,1.0,0,WALK,first,on,1000,1,deterministic,20.0,1,200,lo,1.0,0.42,0.5,0.15,dead-reckoned-heading-hold,off,,,2.649,0.5676
16,staircase_spiral,2,0,0,1,heading-only,0.04,3.9799835205078153,2.7369018554687443,3.069743658205263,1.1268229372521588,1.2969516337428728,1,timeout,20.0,15.65202917542561,0.7826014587712805,0.33395296335220337,0.14899917602539076,0.03684509277343721,0.742218017578125,0.6269051011738989,0.09167146121762372,0,20.0,-7.688392334858375,-4.488466828992339,12.142324334088563,7.202040265593499,,,,,,,off,5.0,legged_eval-seed1,,n/a,settle,0.0,auto,hold,8.0,0.8,2.0,1.0,0,WALK,first,on,1000,1,deterministic,20.0,1,200,lo,1.0,0.42,0.5,0.15,dead-reckoned-heading-hold,off,,,2.649,0.5676
16,staircase_spiral,3,0,0,1,heading-only,0.04,2.4743545532226676,2.3680969238281193,1.5196107047333327,1.2733277250412895,2.724491581628161,1,timeout,20.0,15.989933329004543,0.7994966664502272,0.3407425582408905,0.07371772766113338,0.018404846191405966,0.374237060546875,0.6693505792067997,0.18928756529797808,0,20.0,-51.69805094061649,7.656549491979069,51.69805094061649,9.84005060316721,,,,,,,off,5.0,legged_eval-seed1,,n/a,settle,0.0,auto,hold,8.0,0.8,2.0,1.0,0,WALK,first,on,1000,1,deterministic,20.0,1,200,lo,1.0,0.42,0.5,0.15,dead-reckoned-heading-hold,off,,,2.649,0.5676
16,staircase_spiral,4,0,0,1,heading-only,0.04,1.7143157958984432,2.7564331054687443,1.040402854340142,2.1420881084213215,3.561456201263679,0,roll,7.46,15.749497648607758,2.111192714290584,0.33334290981292725,0.0957527876539468,0.10139853960707028,0.750762939453125,0.47789281837945813,0.38481661903832665,1,7.46,-90.0663489215791,16.472824742977462,90.0663489215791,18.390539542974327,,,,,,,off,5.0,legged_eval-seed1,,n/a,settle,0.0,auto,hold,8.0,0.8,2.0,1.0,0,WALK,first,on,1000,1,deterministic,20.0,1,200,lo,1.0,0.42,0.5,0.15,dead-reckoned-heading-hold,off,,,2.649,0.5676
16,staircase_spiral,5,0,0,1,heading-only,0.04,2.2239532470703125,1.2730194091796818,1.4235737881976545,1.4381168600124443,3.1688009513041107,0,roll,9.120000000000001,-3.880004703764399,-0.4254391122548683,0.3320101797580719,0.13420539989806057,-0.07971278408117523,-0.7208709716796875,0.5761883256613052,-0.05532797697595858,1,9.120000000000001,92.00494869127155,-8.010474303744997,92.00494869127155,15.123458482732698,,,,,,,off,5.0,legged_eval-seed1,,n/a,settle,0.0,auto,hold,8.0,0.8,2.0,1.0,0,WALK,first,on,1000,1,deterministic,20.0,1,200,lo,1.0,0.42,0.5,0.15,dead-reckoned-heading-hold,off,,,2.649,0.5676
16,staircase_spiral,6,0,0,1,heading-only,0.04,1.1236206054687727,1.338517761230463,0.6729344740047315,2.519116526125816,4.25567644509368,0,roll,2.7800000000000002,-7.419678835033096,-2.6689492212349264,0.3213473856449127,0.04446784369380314,-0.23794325135594852,-0.6550369262695312,0.3643303059688675,-1.0475423949009586,1,2.7800000000000002,87.54476760208053,9.3279135606582,87.54476760208053,17.452061848629466,,,,,,,off,5.0,legged_eval-seed1,,n/a,settle,0.0,auto,hold,8.0,0.8,2.0,1.0,0,WALK,first,on,1000,1,deterministic,20.0,1,200,lo,1.0,0.42,0.5,0.15,dead-reckoned-heading-hold,off,,,2.649,0.5676
16,staircase_spiral,7,0,0,1,heading-only,0.04,4.299090576171892,2.489236450195307,3.3351688014230843,1.030745334895664,1.08929873275914,1,timeout,20.0,12.598570718240495,0.6299285359120248,0.33106765151023865,0.1649545288085946,0.024461822509765342,0.468414306640625,0.7798271753752182,0.06665065265767554,0,20.0,-9.075583298830795,-6.230598290351848,12.349223040858828,7.044666420015883,,,,,,,off,5.0,legged_eval-seed1,,n/a,settle,0.0,auto,hold,8.0,0.8,2.0,1.0,0,WALK,first,on,1000,1,deterministic,20.0,1,200,lo,1.0,0.42,0.5,0.15,dead-reckoned-heading-hold,off,,,2.649,0.5676
16,staircase_spiral,8,0,0,1,heading-only,0.04,3.1837585449218864,1.4251495361328068,2.2581528819651875,0.5460175791408928,2.3016413714687634,0,roll,14.02,-2.830537066597998,-0.20189280075591998,0.3329695165157318,0.15576023858216023,-0.04100217288639039,-0.5724945068359375,1.5897981220238016,-0.022622552079650454,1,14.02,89.7239656032734,4.707024305004519,89.7239656032734,13.855544668516577,,,,,,,off,5.0,legged_eval-seed1,,n/a,settle,0.0,auto,hold,8.0,0.8,2.0,1.0,0,WALK,first,on,1000,1,deterministic,20.0,1,200,lo,1.0,0.42,0.5,0.15,dead-reckoned-heading-hold,off,,,2.649,0.5676
16,staircase_spiral,9,0,0,1,heading-only,0.04,2.063787841796909,1.453569030761713,1.1959228137708635,1.6299487235312695,3.4109969541416483,0,roll,8.76,-8.888757661430503,-1.0146983631769981,0.3390844166278839,0.1214369682416563,-0.0623779645249186,-0.5571365356445312,0.31458916896841443,-0.14583555245544114,1,8.76,86.57027732963175,3.2873716350269646,86.57027732963175,17.674411583008663,,,,,,,off,5.0,legged_eval-seed1,,n/a,settle,0.0,auto,hold,8.0,0.8,2.0,1.0,0,WALK,first,on,1000,1,deterministic,20.0,1,200,lo,1.0,0.42,0.5,0.15,dead-reckoned-heading-hold,off,,,2.649,0.5676
17,squeeze,0,0,1,1,heading-only,0.04,1.7246437072753906,2.2140380859374886,0.7555930152705264,0.642727463368436,6.9786393883539075,1,timeout,20.0,-0.1872606728396704,-0.00936303364198352,0.3294970691204071,0.03623218536376953,0.010701904296874431,0.2058563232421875,0.3065604641095543,-0.004510237607445463,0,20.0,1.9996306424488524,-7.11059406882845,16.033934959827167,10.420915869003332,,,,,,,off,5.0,legged_eval-seed1,,n/a,settle,0.0,auto,hold,8.0,0.8,2.0,1.0,0,WALK,first,on,1000,1,deterministic,20.0,1,200,lo,1.0,0.42,0.5,0.15,dead-reckoned-heading-hold,off,,,2.649,0.5676
17,squeeze,1,0,0,1,heading-only,0.04,0.9815765380859389,1.4667694091796761,0.5335487671576896,0.7437054180584889,8.18580947225958,0,roll,2.06,-5.430318254853972,-2.6360768227446467,0.32337459921836853,-0.008943428113621883,-0.25884980136908925,-0.52886962890625,0.3245281463497101,5.144360675558978,1,2.06,87.56066956426768,4.846339479001428,87.56066956426768,15.875310602431592,,,,,,,off,5.0,legged_eval-seed1,,n/a,settle,0.0,auto,hold,8.0,0.8,2.0,1.0,0,WALK,first,on,1000,1,deterministic,20.0,1,200,lo,1.0,0.42,0.5,0.15,dead-reckoned-heading-hold,off,,,2.649,0.5676
17,squeeze,2,0,1,1,heading-only,0.04,1.7494003295898466,2.129580688476551,0.7605208799338962,0.648231524184165,7.751682811221576,1,timeout,20.0,8.591979999063085,0.42959899995315426,0.3322599232196808,0.03747001647949233,0.006479034423827556,0.1219329833984375,0.10485474628893475,0.20010444928843796,0,20.0,-1.073033932386688,-1.4935535914980171,11.324683991307369,7.001652671199644,,,,,,,off,5.0,legged_eval-seed1,,n/a,settle,0.0,auto,hold,8.0,0.8,2.0,1.0,0,WALK,first,on,1000,1,deterministic,20.0,1,200,lo,1.0,0.42,0.5,0.15,dead-reckoned-heading-hold,off,,,2.649,0.5676
17,squeeze,3,0,1,1,heading-only,0.04,1.7207916259765739,2.169711303710926,0.7405015156535572,0.669311390603381,7.2811864746797985,1,timeout,20.0,0.05036198265597136,0.002518099132798568,0.32533520460128784,0.03603958129882869,0.008485565185546306,0.178955078125,0.22122005301336944,0.001219468128515059,0,20.0,-1.5489215087725596,-7.084297477643135,9.254558911974367,9.169038875877861,,,,,,,off,5.0,legged_eval-seed1,,n/a,settle,0.0,auto,hold,8.0,0.8,2.0,1.0,0,WALK,first,on,1000,1,deterministic,20.0,1,200,lo,1.0,0.42,0.5,0.15,dead-reckoned-heading-hold,off,,,2.649,0.5676
17,squeeze,4,0,2,1,heading-only,0.04,3.0300354003906307,1.9340087890624886,2.031107719142475,0.6681700286379298,6.320309120623495,1,timeout,20.0,-5.005400478126802,-0.2502700239063401,0.329736590385437,0.10150177001953153,-0.0032995605468755683,-0.0846405029296875,0.24854205567376123,-0.04303408635504616,0,20.0,7.007821624341173,-7.038962701933617,15.644509996508116,11.729304976215781,,,,,,,off,5.0,legged_eval-seed1,,n/a,settle,0.0,auto,hold,8.0,0.8,2.0,1.0,0,WALK,first,on,1000,1,deterministic,20.0,1,200,lo,1.0,0.42,0.5,0.15,dead-reckoned-heading-hold,off,,,2.649,0.5676
17,squeeze,5,0,1,1,heading-only,0.04,1.74420166015625,2.1420166015624886,0.7576310619943438,0.6182523050615829,7.807090138933134,1,timeout,20.0,3.2536056364980652,0.16268028182490327,0.32729125022888184,0.0372100830078125,0.007100830078124431,0.12506103515625,0.12818407697603157,0.07630476248388697,0,20.0,0.7352481188324822,-6.382581346265626,9.129798670764737,10.327977250984228,,,,,,,off,5.0,legged_eval-seed1,,n/a,settle,0.0,auto,hold,8.0,0.8,2.0,1.0,0,WALK,first,on,1000,1,deterministic,20.0,1,200,lo,1.0,0.42,0.5,0.15,dead-reckoned-heading-hold,off,,,2.649,0.5676
17,squeeze,6,0,2,1,heading-only,0.04,3.1272827148437727,1.9444305419921761,2.1280083913218895,0.6953717686374781,7.072935582939434,1,timeout,20.0,-18.65754241856328,-0.9328771209281641,0.33501675724983215,0.10636413574218864,-0.0027784729003911936,-0.02734375,0.7113705970460596,-0.15307581980627802,0,20.0,-0.15782334265323483,-6.1117658638967,14.436901241219774,10.515854276389351,,,,,,,off,5.0,legged_eval-seed1,,n/a,settle,0.0,auto,hold,8.0,0.8,2.0,1.0,0,WALK,first,on,1000,1,deterministic,20.0,1,200,lo,1.0,0.42,0.5,0.15,dead-reckoned-heading-hold,off,,,2.649,0.5676
17,squeeze,7,0,2,1,heading-only,0.04,2.963732910156267,1.9398529052734261,1.9646538156720763,0.6353423562259952,6.836531678905929,1,timeout,20.0,-14.864874224018934,-0.7432437112009467,0.3287176787853241,0.09818664550781335,-0.0030073547363286936,-0.07208251953125,0.4462796044504968,-0.1321162347293564,0,20.0,4.281198612633627,1.6381985572674949,14.65839516285016,8.365192730136293,,,,,,,off,5.0,legged_eval-seed1,,n/a,settle,0.0,auto,hold,8.0,0.8,2.0,1.0,0,WALK,first,on,1000,1,deterministic,20.0,1,200,lo,1.0,0.42,0.5,0.15,dead-reckoned-heading-hold,off,,,2.649,0.5676
17,squeeze,8,0,1,1,heading-only,0.04,1.7389953613281364,1.9562866210937386,0.7402871088705417,0.7534052601951975,8.71111431875727,1,timeout,20.0,-6.869649664147488,-0.3434824832073744,0.32518455386161804,0.03694976806640682,-0.0021856689453130683,-0.03570556640625,0.1854005775908733,-0.16224459769600363,0,20.0,2.3318246635828372,-7.44489484080321,10.315390385056507,10.12972125967113,,,,,,,off,5.0,legged_eval-seed1,,n/a,settle,0.0,auto,hold,8.0,0.8,2.0,1.0,0,WALK,first,on,1000,1,deterministic,20.0,1,200,lo,1.0,0.42,0.5,0.15,dead-reckoned-heading-hold,off,,,2.649,0.5676
17,squeeze,9,0,1,1,heading-only,0.04,1.638555908203159,2.0923645019531136,0.645201401984069,0.8841484206739632,8.86192544502955,1,timeout,20.0,17.702662384676614,0.8851331192338308,0.33485230803489685,0.03192779541015796,0.004618225097655681,0.0987396240234375,0.09058264822174374,0.48385699828691886,0,20.0,2.435869484027166,-2.1909725025556526,19.87425579183021,8.283524212224181,,,,,,,off,5.0,legged_eval-seed1,,n/a,settle,0.0,auto,hold,8.0,0.8,2.0,1.0,0,WALK,first,on,1000,1,deterministic,20.0,1,200,lo,1.0,0.42,0.5,0.15,dead-reckoned-heading-hold,off,,,2.649,0.5676
18,agility_poles,0,0,1,1,heading-only,0.04,4.128295421600342,2.4219329833984204,3.1566215622537257,0.4949826133976322,14.177984274921219,1,timeout,20.0,6.065891938372175,0.30329459691860877,0.3374295234680176,0.15641477108001708,0.021096649169921024,0.4268798828125,0.6837427560268167,0.03384264339734756,0,20.0,-8.34979933568154,-1.583299648116337,14.260902529719782,9.506780102490183,,,,,,,off,5.0,legged_eval-seed1,,n/a,settle,0.0,auto,hold,8.0,0.8,2.0,1.0,0,WALK,first,on,1000,1,deterministic,20.0,1,200,lo,1.0,0.42,0.5,0.15,dead-reckoned-heading-hold,off,,,2.649,0.5676
18,agility_poles,1,0,1,1,heading-only,0.04,4.356694793701173,2.4167755126952954,3.3824697731159383,0.700175348819689,12.900039572449181,1,timeout,20.0,4.523924090367586,0.22619620451837932,0.3319176137447357,0.16783473968505866,0.020838775634764772,0.3865509033203125,0.6816660789198841,0.02352235616874287,0,20.0,-0.26335033023187526,-0.011332344185945213,13.636891036001767,12.18870342620972,,,,,,,off,5.0,legged_eval-seed1,,n/a,settle,0.0,auto,hold,8.0,0.8,2.0,1.0,0,WALK,first,on,1000,1,deterministic,20.0,1,200,lo,1.0,0.42,0.5,0.15,dead-reckoned-heading-hold,off,,,2.649,0.5676
18,agility_poles,2,0,1,1,heading-only,0.04,3.085894775390628,2.743664550781233,2.2144963260503663,0.6822583982890208,13.484627042059486,0,roll,18.6,33.072377786740105,1.7780848272440914,0.3376879394054413,0.11214488039734558,0.03998196509576521,0.7554473876953125,1.096285227494755,0.2767262714553532,1,18.6,-90.19582188088542,13.088937026265548,90.19582188088542,17.06560889314793,,,,,,,off,5.0,legged_eval-seed1,,n/a,settle,0.0,auto,hold,8.0,0.8,2.0,1.0,0,WALK,first,on,1000,1,deterministic,20.0,1,200,lo,1.0,0.42,0.5,0.15,dead-reckoned-heading-hold,off,,,2.649,0.5676
18,agility_poles,3,0,1,1,heading-only,0.04,3.032925415039074,2.8012359619140454,2.1851235227730528,0.5756109103618913,12.492795034484596,0,roll,18.2,21.51538139133922,1.1821638127109462,0.3342583477497101,0.11169919862852054,0.04402395395132118,0.8059844970703125,1.3739036469722865,0.18471619387668012,1,18.2,-90.49390274031165,-7.047900023651471,90.49390274031165,14.162807062917349,,,,,,,off,5.0,legged_eval-seed1,,n/a,settle,0.0,auto,hold,8.0,0.8,2.0,1.0,0,WALK,first,on,1000,1,deterministic,20.0,1,200,lo,1.0,0.42,0.5,0.15,dead-reckoned-heading-hold,off,,,2.649,0.5676
18,agility_poles,4,0,1,1,heading-only,0.04,1.3561309814453182,1.2479522705077954,0.8321088050126532,2.6763279500632438,13.464887299026646,0,roll,8.08,-15.788412519328602,-1.9540114504119557,0.33815592527389526,0.044075616515509675,-0.09307521404606492,-0.7573699951171875,0.39301354962878426,-0.7737596459792633,1,8.08,89.17228877456493,-3.6931033503196633,89.17228877456493,9.593382891687842,,,,,,,off,5.0,legged_eval-seed1,,n/a,settle,0.0,auto,hold,8.0,0.8,2.0,1.0,0,WALK,first,on,1000,1,deterministic,20.0,1,200,lo,1.0,0.42,0.5,0.15,dead-reckoned-heading-hold,off,,,2.649,0.5676
18,agility_poles,5,0,1,1,heading-only,0.04,1.9152679443359375,1.4829681396484204,1.0512075696776293,1.9817245466427202,11.846020630320595,0,roll,8.08,-18.78695880309857,-2.3251186637498233,0.32915589213371277,0.11327573568514078,-0.06398909162767073,-0.54595947265625,0.4161755064619871,-0.3582495045082161,1,8.08,89.89237684364235,1.0130151388441384,89.89237684364235,14.34152709933078,,,,,,,off,5.0,legged_eval-seed1,,n/a,settle,0.0,auto,hold,8.0,0.8,2.0,1.0,0,WALK,first,on,1000,1,deterministic,20.0,1,200,lo,1.0,0.42,0.5,0.15,dead-reckoned-heading-hold,off,,,2.649,0.5676
18,agility_poles,6,0,0,1,heading-only,0.04,3.2706237792968977,1.7476470947265454,2.2846037590594306,1.7885163003483033,9.7826316119362,0,roll,18.86,1.0255879510389434,0.05437900058530983,0.32943111658096313,0.1203936256254983,-0.013380323715453583,-0.2251129150390625,1.136945867498198,0.007883246303337267,1,18.86,-85.95013390152516,-0.13061965607679002,85.95013390152516,22.088557521289996,,,,,,,off,5.0,legged_eval-seed1,,n/a,settle,0.0,auto,hold,8.0,0.8,2.0,1.0,0,WALK,first,on,1000,1,deterministic,20.0,1,200,lo,1.0,0.42,0.5,0.15,dead-reckoned-heading-hold,off,,,2.649,0.5676
18,agility_poles,7,0,1,1,heading-only,0.04,1.063739013671892,2.7618682861327954,0.7645298864523143,2.038167314876545,10.96276642305657,0,roll,6.04,22.830248389863613,3.779842448652916,0.33296504616737366,0.01055281683309471,0.1261371334656946,0.75628662109375,0.4676613064191854,6.251477399735325,1,6.04,-89.65648964539744,1.3532369506879853,89.65648964539744,35.13064965027195,,,,,,,off,5.0,legged_eval-seed1,,n/a,settle,0.0,auto,hold,8.0,0.8,2.0,1.0,0,WALK,first,on,1000,1,deterministic,20.0,1,200,lo,1.0,0.42,0.5,0.15,dead-reckoned-heading-hold,off,,,2.649,0.5676
18,agility_poles,8,0,1,1,heading-only,0.04,2.6065490722656364,2.1800201416015454,1.6166035917873673,0.7769663076315709,8.695314616752398,1,timeout,20.0,8.133708843041944,0.40668544215209723,0.32915356755256653,0.08032745361328182,0.009001007080077273,0.1709747314453125,0.33387886190029614,0.08836331373897062,0,20.0,1.4336052198022733,-4.106236250938141,12.545934844849906,6.2437955630959925,,,,,,,off,5.0,legged_eval-seed1,,n/a,settle,0.0,auto,hold,8.0,0.8,2.0,1.0,0,WALK,first,on,1000,1,deterministic,20.0,1,200,lo,1.0,0.42,0.5,0.15,dead-reckoned-heading-hold,off,,,2.649,0.5676
18,agility_poles,9,0,1,1,heading-only,0.04,1.740118408203159,1.3912017822265454,0.9583373769843857,1.83301101687593,8.531630557892605,0,roll,8.02,-23.238013010357975,-2.8975078566531143,0.3369673192501068,0.0922840907983989,-0.07591000221614147,-0.601654052734375,0.23073378701287522,-0.5479931780600922,1,8.02,88.17623242411076,-1.6876243681990604,88.17623242411076,13.72995150341796,,,,,,,off,5.0,legged_eval-seed1,,n/a,settle,0.0,auto,hold,8.0,0.8,2.0,1.0,0,WALK,first,on,1000,1,deterministic,20.0,1,200,lo,1.0,0.42,0.5,0.15,dead-reckoned-heading-hold,off,,,2.649,0.5676
19,balance_beam,0,0,3,1,heading-only,0.04,4.923008441925049,2.013052368164068,3.923030155342919,0.20241283024610066,5.077008336124632,1,timeout,20.0,1.0324580653231976,0.051622903266159884,0.331172913312912,0.19615042209625244,0.0006526184082034092,0.002960205078125,0.614907972042558,0.004593360655583511,0,20.0,-1.9623510481755049,-3.1241569694772227,14.038233105119765,9.566753969231016,,,,,,,off,5.0,legged_eval-seed1,,n/a,settle,0.0,auto,hold,8.0,0.8,2.0,1.0,0,WALK,first,on,1000,1,deterministic,20.0,1,200,lo,1.0,0.42,0.5,0.15,dead-reckoned-heading-hold,off,,,2.649,0.5676
19,balance_beam,1,0,0,1,heading-only,0.04,1.288339233398439,1.3611968994140682,0.7008629786448985,0.6729559283018173,9.333546787453578,0,roll,3.08,0.6002831058453069,0.19489711228743728,0.327674925327301,0.09361663422027237,-0.20740360408634148,-0.6363525390625,0.42422878779924944,0.03633538356058814,1,3.08,86.64389635958264,-12.008414965070862,86.64389635958264,14.105818659781518,,,,,,,off,5.0,legged_eval-seed1,,n/a,settle,0.0,auto,hold,8.0,0.8,2.0,1.0,0,WALK,first,on,1000,1,deterministic,20.0,1,200,lo,1.0,0.42,0.5,0.15,dead-reckoned-heading-hold,off,,,2.649,0.5676
19,balance_beam,2,0,1,1,heading-only,0.04,3.1019317626953153,2.9169067382812557,2.293215014283006,1.0011329125390556,7.851788726167169,0,roll,5.58,-8.46210819385496,-1.5165068447768744,0.3311965763568878,0.3766902800529239,0.16432020399305658,0.9092559814453125,0.5614773892941077,-0.07026472136915332,1,5.58,-86.38108759748695,26.82215374553552,86.38108759748695,26.82215374553552,,,,,,,off,5.0,legged_eval-seed1,,n/a,settle,0.0,auto,hold,8.0,0.8,2.0,1.0,0,WALK,first,on,1000,1,deterministic,20.0,1,200,lo,1.0,0.42,0.5,0.15,dead-reckoned-heading-hold,off,,,2.649,0.5676
19,balance_beam,3,0,2,1,heading-only,0.04,2.7477310180664176,2.312124633789068,1.7753831976588708,1.5343512899912204,8.757832729570408,0,roll,8.76,38.5878326366593,4.405003725646039,0.32545775175094604,0.19951267329525316,0.03563066595765619,0.3162841796875,0.7517200052971124,0.3853480448400646,1,8.76,-87.76308055481486,-16.92023760834539,87.76308055481486,34.720178493382996,,,,,,,off,5.0,legged_eval-seed1,,n/a,settle,0.0,auto,hold,8.0,0.8,2.0,1.0,0,WALK,first,on,1000,1,deterministic,20.0,1,200,lo,1.0,0.42,0.5,0.15,dead-reckoned-heading-hold,off,,,2.649,0.5676
19,balance_beam,4,0,1,1,heading-only,0.04,2.282858276367193,2.5296997070312557,1.3879146720432074,0.7402819340973548,9.831421738564622,0,roll,7.42,-7.075078682352512,-0.9535146472173197,0.33063048124313354,0.17289195099288318,0.07138810067806681,0.5237579345703125,0.5643694969088584,-0.09625647674378697,1,7.42,-93.029652042478,45.07326907434026,93.029652042478,45.07326907434026,,,,,,,off,5.0,legged_eval-seed1,,n/a,settle,0.0,auto,hold,8.0,0.8,2.0,1.0,0,WALK,first,on,1000,1,deterministic,20.0,1,200,lo,1.0,0.42,0.5,0.15,dead-reckoned-heading-hold,off,,,2.649,0.5676
19,balance_beam,5,0,1,1,heading-only,0.04,2.2018280029296875,2.963949584960943,1.540645757782215,1.147842384771952,10.243627818511154,0,roll,5.1000000000000005,-10.651473786453721,-2.0885242718536707,0.31828969717025757,0.23565254959405635,0.1890097225413614,0.956268310546875,0.521422061457715,-0.15468377114721052,1,5.1000000000000005,-91.78446910907645,44.64640962940327,91.78446910907645,44.64640962940327,,,,,,,off,5.0,legged_eval-seed1,,n/a,settle,0.0,auto,hold,8.0,0.8,2.0,1.0,0,WALK,first,on,1000,1,deterministic,20.0,1,200,lo,1.0,0.42,0.5,0.15,dead-reckoned-heading-hold,off,,,2.649,0.5676
19,balance_beam,6,0,1,1,heading-only,0.04,2.2878051757812727,2.4564880371093807,1.3663174956037891,0.743760102192392,10.721916772669076,0,roll,7.36,26.296735438037786,3.5729260106029597,0.3307340145111084,0.1749735293181077,0.062022831128991936,0.4319610595703125,0.31379952871014916,0.3563928958751021,1,7.36,-88.16447441023787,-30.721731799075723,88.16447441023787,37.22497247345391,,,,,,,off,5.0,legged_eval-seed1,,n/a,settle,0.0,auto,hold,8.0,0.8,2.0,1.0,0,WALK,first,on,1000,1,deterministic,20.0,1,200,lo,1.0,0.42,0.5,0.15,dead-reckoned-heading-hold,off,,,2.649,0.5676
19,balance_beam,7,0,1,1,heading-only,0.04,2.0997344970703296,1.8652099609375057,1.1079640421408086,0.836200636782973,11.501055386028908,0,roll,5.84,31.76623809053305,5.439424330570728,0.33980289101600647,0.18831070155313862,-0.023080486140838068,-0.1699371337890625,0.5764784264723702,0.5041448159798719,1,5.84,91.01305065148664,3.081516696839596,91.01305065148664,18.953071026537625,,,,,,,off,5.0,legged_eval-seed1,,n/a,settle,0.0,auto,hold,8.0,0.8,2.0,1.0,0,WALK,first,on,1000,1,deterministic,20.0,1,200,lo,1.0,0.42,0.5,0.15,dead-reckoned-heading-hold,off,,,2.649,0.5676
19,balance_beam,8,0,0,1,heading-only,0.04,1.1721618652343864,2.505697631835943,0.5342001522701619,0.6026673522359394,12.737880266340932,0,roll,2.12,-17.344542656928695,-8.181388045721082,0.33491602540016174,0.08120842699735206,0.23853661879053922,0.5161895751953125,0.39972183338555106,-1.7583416408963721,1,2.12,-89.17470953456409,-10.957056575390114,89.17470953456409,18.550350569226037,,,,,,,off,5.0,legged_eval-seed1,,n/a,settle,0.0,auto,hold,8.0,0.8,2.0,1.0,0,WALK,first,on,1000,1,deterministic,20.0,1,200,lo,1.0,0.42,0.5,0.15,dead-reckoned-heading-hold,off,,,2.649,0.5676
19,balance_beam,9,0,1,1,heading-only,0.04,2.126104736328159,2.9631713867187557,1.481826912083339,1.300535294431415,12.41132479296687,0,roll,5.68,-19.793700576049474,-3.48480643944533,0.3318987786769867,0.19825787611411252,0.16957242723921756,0.962615966796875,0.7364513619446649,-0.3067789656336986,1,5.68,-92.49687003293636,44.04199915737836,92.49687003293636,44.04199915737836,,,,,,,off,5.0,legged_eval-seed1,,n/a,settle,0.0,auto,hold,8.0,0.8,2.0,1.0,0,WALK,first,on,1000,1,deterministic,20.0,1,200,lo,1.0,0.42,0.5,0.15,dead-reckoned-heading-hold,off,,,2.649,0.5676
