task,task_name,level,episode,goals,settle_ok,heading,heading_cap_rad,final_x_m,final_y_m,travelled_m,dist_to_next_goal_m,dist_to_last_goal_m,alive_at_end,end_cause,upright_s,yaw_cum_deg,yaw_rate_deg_s,base_h_max_m,vx_mean_ms,vy_mean_ms,cross_track_m,cross_track_abs_max_m,curvature_rad_m,fell,episode_s,end_roll_deg,end_pitch_deg,peak_roll_deg,peak_pitch_deg,switches,refused_ticks,steps_alive,frac_WALK,frac_TROT,frac_TURN,yaw_moment,yaw_moment_gain,terrain,planner_set,perception,turn_target,swing_lift_mm,foot_yaw_turn,roll_couple,roll_gain,roll_damp,roll_cap_nm,roll_sign,partial,skill,start_phase,foot_comp,steps,terrain_seed,measurement_seed,episode_length_s,episodes,num_envs,rate,gutter,spawn_z,settle_s,foot_clip_rad,steering,cross_track,cross_track_gain,cross_track_cap,cmd_mean_feet_down,cmd_frac_below_3_feet
0,jump_on_and_off_box,0,0,1,1,heading-only,0.04,1.3626799583435059,2.5730369091033936,0.6781652095019458,1.3017680440285064,16.747126722994334,0,roll,14.36,42.667029433141806,2.9712416039792346,0.32438427209854126,0.025256264508600686,0.03990507723561237,0.5736892223358154,0.39380644623953537,2.0532707378011326,1,14.36,-86.82568114608048,-2.9211041973019953,86.82568114608048,18.795082551461192,,,,,,,off,5.0,legged_eval-seed1,,n/a,settle,0.0,auto,hold,8.0,0.8,2.0,1.0,0,WALK,first,on,1000,1,deterministic,20.0,1,200,lo,1.0,0.42,0.5,0.25,dead-reckoned-heading-hold,off,,,2.649,0.5676
0,jump_on_and_off_box,1,0,1,1,heading-only,0.04,1.4877449035644545,1.515681266784668,0.6873570588103414,1.1190904864379514,16.41939956228052,0,roll,16.88,-26.45722800727171,-1.5673713274450065,0.3292739689350128,0.028894840258557736,-0.02869186808147702,-0.4814811944961548,0.30795864145457796,-0.9467361653666734,1,16.88,91.4622662582798,1.3138984740434452,91.4622662582798,17.799678556498876,,,,,,,off,5.0,legged_eval-seed1,,n/a,settle,0.0,auto,hold,8.0,0.8,2.0,1.0,0,WALK,first,on,1000,1,deterministic,20.0,1,200,lo,1.0,0.42,0.5,0.25,dead-reckoned-heading-hold,off,,,2.649,0.5676
0,jump_on_and_off_box,2,0,1,1,heading-only,0.04,1.4701568603515653,2.7118406295776367,0.8530911764009329,1.2243782395693243,15.845840176771695,0,roll,4.76,13.39141472117953,2.8133224204158678,0.32387518882751465,0.0987724496536902,0.14954635075160436,0.7009236812591553,0.3443432707944038,0.49711978723409694,1,4.76,-88.82891868900613,8.097766741571816,88.82891868900613,16.645966864719824,,,,,,,off,5.0,legged_eval-seed1,,n/a,settle,0.0,auto,hold,8.0,0.8,2.0,1.0,0,WALK,first,on,1000,1,deterministic,20.0,1,200,lo,1.0,0.42,0.5,0.25,dead-reckoned-heading-hold,off,,,2.649,0.5676
0,jump_on_and_off_box,3,0,1,1,heading-only,0.04,1.6482589721679801,1.8692207336425781,0.6613190693646083,0.9138231340127303,15.452294457707442,1,timeout,20.0,-17.682531125201763,-0.8841265562600882,0.32509645819664,0.03241294860839901,-0.006538963317871094,-0.12260079383850098,0.3151732391782547,-0.476072683096128,0,20.0,-10.84021187359754,-16.511464898480078,29.75855022993218,24.584729276477848,,,,,,,off,5.0,legged_eval-seed1,,n/a,settle,0.0,auto,hold,8.0,0.8,2.0,1.0,0,WALK,first,on,1000,1,deterministic,20.0,1,200,lo,1.0,0.42,0.5,0.25,dead-reckoned-heading-hold,off,,,2.649,0.5676
0,jump_on_and_off_box,4,0,1,1,heading-only,0.04,2.272787475585943,0.5161668658256531,1.9549293409435808,1.4454779136439704,15.199813141248262,1,timeout,20.0,-39.79991988933617,-1.9899959944668084,0.3317999243736267,0.06363937377929715,-0.07419165670871734,-1.5024016499519348,0.6300708670654289,-0.5457624760010367,0,20.0,-2.0658479403086014,-1.7146931679150368,20.324637782317573,7.864071448368589,,,,,,,off,5.0,legged_eval-seed1,,n/a,settle,0.0,auto,hold,8.0,0.8,2.0,1.0,0,WALK,first,on,1000,1,deterministic,20.0,1,200,lo,1.0,0.42,0.5,0.25,dead-reckoned-heading-hold,off,,,2.649,0.5676
0,jump_on_and_off_box,5,0,1,1,heading-only,0.04,1.722930908203125,2.219505786895752,0.755520938502778,0.894559282399274,15.12866160962287,0,roll,6.38,-35.16092634181547,-5.511116981475779,0.33782094717025757,0.11331205457729232,0.03440529575168526,0.22137033939361572,0.5013595913759381,-0.8488694088916426,1,6.38,-86.42877868952739,-11.723264162312798,86.42877868952739,11.80151714308753,,,,,,,off,5.0,legged_eval-seed1,,n/a,settle,0.0,auto,hold,8.0,0.8,2.0,1.0,0,WALK,first,on,1000,1,deterministic,20.0,1,200,lo,1.0,0.42,0.5,0.25,dead-reckoned-heading-hold,off,,,2.649,0.5676
0,jump_on_and_off_box,6,0,1,1,heading-only,0.04,1.6672912597656477,1.9632993936538696,0.6682997530044424,0.9151625151270195,14.532755081641945,1,timeout,20.0,-37.724258185497746,-1.8862129092748874,0.32764244079589844,0.03336456298828239,-0.0018350303173065186,-0.03588509559631348,0.4682320240527834,-0.9866943460949743,0,20.0,3.621586097748885,-8.170499234356434,10.077335705382039,10.944432827542764,,,,,,,off,5.0,legged_eval-seed1,,n/a,settle,0.0,auto,hold,8.0,0.8,2.0,1.0,0,WALK,first,on,1000,1,deterministic,20.0,1,200,lo,1.0,0.42,0.5,0.25,dead-reckoned-heading-hold,off,,,2.649,0.5676
0,jump_on_and_off_box,7,0,1,1,heading-only,0.04,1.3250457763672046,1.5625016689300537,0.545031693044677,1.277234458712607,15.131280350871734,0,roll,16.06,-38.72933382966437,-2.4115400890201975,0.3195469379425049,0.020239463036563175,-0.027241490103981712,-0.47250986099243164,0.21819158332602318,-2.079566761292236,1,16.06,90.819569218235,9.253572215069745,90.819569218235,14.795565137047445,,,,,,,off,5.0,legged_eval-seed1,,n/a,settle,0.0,auto,hold,8.0,0.8,2.0,1.0,0,WALK,first,on,1000,1,deterministic,20.0,1,200,lo,1.0,0.42,0.5,0.25,dead-reckoned-heading-hold,off,,,2.649,0.5676
0,jump_on_and_off_box,8,0,0,1,heading-only,0.04,1.1442687988281364,2.5344440937042236,0.553573821283704,0.6420087046002616,15.11518261918633,0,roll,2.16,-15.120768151855685,-7.000355625859113,0.3330051600933075,0.06679111056858164,0.24742782115936277,0.5549963712692261,0.35901671380435163,-1.8292741869637754,1,2.16,-90.53746576926235,-5.90099162509402,90.53746576926235,16.443668265079655,,,,,,,off,5.0,legged_eval-seed1,,n/a,settle,0.0,auto,hold,8.0,0.8,2.0,1.0,0,WALK,first,on,1000,1,deterministic,20.0,1,200,lo,1.0,0.42,0.5,0.25,dead-reckoned-heading-hold,off,,,2.649,0.5676
0,jump_on_and_off_box,9,0,1,1,heading-only,0.04,1.697363281250034,1.6515367031097412,0.7795782291184399,0.826059770318528,13.707066780143512,1,timeout,20.0,-49.497022149943234,-2.4748511074971615,0.32485514879226685,0.034868164062501705,-0.01742316484451294,-0.3445553779602051,0.37994394940772386,-1.2387890640019694,0,20.0,5.716930441068953,-1.5399584567746276,10.516510712381475,6.429105490427757,,,,,,,off,5.0,legged_eval-seed1,,n/a,settle,0.0,auto,hold,8.0,0.8,2.0,1.0,0,WALK,first,on,1000,1,deterministic,20.0,1,200,lo,1.0,0.42,0.5,0.25,dead-reckoned-heading-hold,off,,,2.649,0.5676
1,forward_ramp_lips,0,0,1,1,heading-only,0.04,1.3783310651779175,2.5009494781494137,0.627761717960587,1.32046879079672,12.881413414191861,0,roll,10.36,38.809449778513084,3.7460858859568615,0.3325836956501007,0.03651844258474107,0.048354196732568896,0.4985055923461914,0.2994717065287257,1.7903702388380378,1,10.36,-89.06124912134001,8.04394461391318,89.06124912134001,21.37053118870028,,,,,,,off,5.0,legged_eval-seed1,,n/a,settle,0.0,auto,hold,8.0,0.8,2.0,1.0,0,WALK,first,on,1000,1,deterministic,20.0,1,200,lo,1.0,0.42,0.5,0.25,dead-reckoned-heading-hold,off,,,2.649,0.5676
1,forward_ramp_lips,1,0,0,1,heading-only,0.04,0.933927154541017,2.5139146804809567,0.518144689947596,0.7645565807576791,12.626535642872968,0,roll,5.3,0.059967681150368435,0.011314656820824233,0.3316592872142792,-0.012466574614902444,0.0969650340530107,0.4882020950317383,0.31508447473568313,-0.015840599471530322,1,5.3,-88.15360795321939,6.90494333876209,88.15360795321939,25.445970569314188,,,,,,,off,5.0,legged_eval-seed1,,n/a,settle,0.0,auto,hold,8.0,0.8,2.0,1.0,0,WALK,first,on,1000,1,deterministic,20.0,1,200,lo,1.0,0.42,0.5,0.25,dead-reckoned-heading-hold,off,,,2.649,0.5676
1,forward_ramp_lips,2,0,1,1,heading-only,0.04,1.698481750488284,1.5871959686279293,0.811346981310839,0.8447534229599497,11.658828615560905,1,timeout,20.0,-36.78633724013352,-1.839316862006676,0.3233695924282074,0.034924087524414206,-0.020640201568603533,-0.4113893508911133,0.2625772377201875,-0.9191975368583422,0,20.0,-0.20387107432106513,-7.463635636682811,13.744228104506753,11.039262356456161,,,,,,,off,5.0,legged_eval-seed1,,n/a,settle,0.0,auto,hold,8.0,0.8,2.0,1.0,0,WALK,first,on,1000,1,deterministic,20.0,1,200,lo,1.0,0.42,0.5,0.25,dead-reckoned-heading-hold,off,,,2.649,0.5676
1,forward_ramp_lips,3,0,1,1,heading-only,0.04,1.0797164916992301,1.6797939300537106,0.3299797664695237,1.5889618981758438,13.224160766078114,0,roll,14.98,-84.82867710634562,-5.662795534469,0.3350955843925476,0.0053215281508164295,-0.021375572092542684,-0.28222084045410156,0.45348353394057483,-18.57256489915456,1,14.98,87.66317814725357,5.2771079225208295,87.66317814725357,16.40331695770527,,,,,,,off,5.0,legged_eval-seed1,,n/a,settle,0.0,auto,hold,8.0,0.8,2.0,1.0,0,WALK,first,on,1000,1,deterministic,20.0,1,200,lo,1.0,0.42,0.5,0.25,dead-reckoned-heading-hold,off,,,2.649,0.5676
1,forward_ramp_lips,4,0,1,1,heading-only,0.04,1.5006469726562557,2.636774635314941,0.8100181031374236,1.1278311158218441,11.966307689018752,0,roll,11.58,18.493919597728166,1.5970569600801525,0.33109235763549805,0.043233762750971995,0.05498917403410544,0.6051187515258789,0.15690308583355222,0.6447253378301807,1,11.58,-88.32104063858202,3.5760922437818556,88.32104063858202,17.20160738819006,,,,,,,off,5.0,legged_eval-seed1,,n/a,settle,0.0,auto,hold,8.0,0.8,2.0,1.0,0,WALK,first,on,1000,1,deterministic,20.0,1,200,lo,1.0,0.42,0.5,0.25,dead-reckoned-heading-hold,off,,,2.649,0.5676
1,forward_ramp_lips,5,0,1,1,heading-only,0.04,1.7384796142578125,1.4352355957031246,0.9296832649000261,0.958401084994373,12.224573160800238,1,timeout,20.0,-47.899277130746384,-2.394963856537319,0.33055874705314636,0.036923980712890624,-0.02823822021484377,-0.5267477035522461,0.26445105839784827,-1.1320557522727888,0,20.0,7.336045609476568,5.069313840266643,16.02245666216959,8.818771044848909,,,,,,,off,5.0,legged_eval-seed1,,n/a,settle,0.0,auto,hold,8.0,0.8,2.0,1.0,0,WALK,first,on,1000,1,deterministic,20.0,1,200,lo,1.0,0.42,0.5,0.25,dead-reckoned-heading-hold,off,,,2.649,0.5676
1,forward_ramp_lips,6,0,1,1,heading-only,0.04,1.6483551025390852,1.9406476974487301,0.6510660756072345,0.7906532726173643,12.001791655439112,1,timeout,20.0,-2.1515694665411615,-0.10757847332705808,0.32452550530433655,0.03241775512695426,-0.0029676151275634943,-0.06954097747802734,0.10392232075445605,-0.05791883356737748,0,20.0,6.019017936552943,-3.920923640133806,12.14787315871592,5.286567548456707,,,,,,,off,5.0,legged_eval-seed1,,n/a,settle,0.0,auto,hold,8.0,0.8,2.0,1.0,0,WALK,first,on,1000,1,deterministic,20.0,1,200,lo,1.0,0.42,0.5,0.25,dead-reckoned-heading-hold,off,,,2.649,0.5676
1,forward_ramp_lips,7,0,1,1,heading-only,0.04,1.4663421630859546,2.636471366882324,0.7890315671332426,1.254232236423024,11.900689870159189,0,roll,17.98,14.929684945613417,0.8303495520363413,0.3265489637851715,0.02593671652313429,0.03539885244061868,0.601109504699707,0.3205797602871925,0.5587574515289043,1,17.98,-86.28534648742918,2.7644298014589266,86.28534648742918,16.553452058723,,,,,,,off,5.0,legged_eval-seed1,,n/a,settle,0.0,auto,hold,8.0,0.8,2.0,1.0,0,WALK,first,on,1000,1,deterministic,20.0,1,200,lo,1.0,0.42,0.5,0.25,dead-reckoned-heading-hold,off,,,2.649,0.5676
1,forward_ramp_lips,8,0,1,1,heading-only,0.04,1.6537902832031364,1.6300407409667965,0.7512067543328097,0.8707222087409433,12.30177398803903,1,timeout,20.0,-13.418910752495606,-0.6709455376247803,0.3359624445438385,0.03268951416015682,-0.018497962951660174,-0.36514949798583984,0.2717360645241632,-0.35822523013782637,0,20.0,0.32549668532438975,-8.394293694300131,15.569662749917583,10.582414517545509,,,,,,,off,5.0,legged_eval-seed1,,n/a,settle,0.0,auto,hold,8.0,0.8,2.0,1.0,0,WALK,first,on,1000,1,deterministic,20.0,1,200,lo,1.0,0.42,0.5,0.25,dead-reckoned-heading-hold,off,,,2.649,0.5676
1,forward_ramp_lips,9,0,1,1,heading-only,0.04,1.684301757812534,1.9466558456420895,0.6863778074424353,0.7617294241850929,11.765819169314863,1,timeout,20.0,-21.806498153659646,-1.0903249076829824,0.34054601192474365,0.0342150878906267,-0.0026672077178955256,-0.08264350891113281,0.3567136862945291,-0.5561803499205537,0,20.0,-16.823773243719067,-14.47762493323396,24.9994459834457,20.673203771681948,,,,,,,off,5.0,legged_eval-seed1,,n/a,settle,0.0,auto,hold,8.0,0.8,2.0,1.0,0,WALK,first,on,1000,1,deterministic,20.0,1,200,lo,1.0,0.42,0.5,0.25,dead-reckoned-heading-hold,off,,,2.649,0.5676
2,sphere_bump_lips,0,0,0,1,heading-only,0.04,0.5825085043907166,2.7678691864013665,0.8740264505898965,1.1964170393052984,15.786177851257595,0,roll,10.72,23.87966351766886,2.2275805520213487,0.3347424864768982,-0.03894510220235853,0.07162958828370955,0.7742290496826172,0.44432873401360784,-0.9982927964639123,1,10.72,-91.0162191342202,-4.639352650336674,91.0162191342202,19.128023759333047,,,,,,,off,5.0,legged_eval-seed1,,n/a,settle,0.0,auto,hold,8.0,0.8,2.0,1.0,0,WALK,first,on,1000,1,deterministic,20.0,1,200,lo,1.0,0.42,0.5,0.25,dead-reckoned-heading-hold,off,,,2.649,0.5676
2,sphere_bump_lips,1,0,0,1,heading-only,0.04,1.1244522094726577,2.283234786987304,0.3093708082582611,0.4703807899241975,14.878243982836908,1,timeout,20.0,70.05399970944967,3.5026999854724834,0.3246140480041504,0.006222610473632884,0.0141617393493652,0.30217552185058594,0.06800352668059598,9.82443746319884,0,20.0,-4.548252116828229,-7.894917738574643,13.593926622116731,9.983580909078713,,,,,,,off,5.0,legged_eval-seed1,,n/a,settle,0.0,auto,hold,8.0,0.8,2.0,1.0,0,WALK,first,on,1000,1,deterministic,20.0,1,200,lo,1.0,0.42,0.5,0.25,dead-reckoned-heading-hold,off,,,2.649,0.5676
2,sphere_bump_lips,2,0,1,1,heading-only,0.04,4.262004089355472,2.773999404907226,3.352573005583705,1.7243340707017354,11.514040347409859,1,timeout,20.0,28.822100990223618,1.4411050495111808,0.32705241441726685,0.16310020446777357,0.038699970245361294,0.7581939697265625,0.9577410060510864,0.15421211802377421,0,20.0,-45.871796782692805,-6.165229421597318,45.871796782692805,19.128349025217833,,,,,,,off,5.0,legged_eval-seed1,,n/a,settle,0.0,auto,hold,8.0,0.8,2.0,1.0,0,WALK,first,on,1000,1,deterministic,20.0,1,200,lo,1.0,0.42,0.5,0.25,dead-reckoned-heading-hold,off,,,2.649,0.5676
2,sphere_bump_lips,3,0,1,1,heading-only,0.04,2.1539810180664176,1.3113986968994134,1.3438169312407966,1.1060593867105928,13.3637717138824,0,roll,9.92,5.271912398612756,0.5314427821182214,0.33146923780441284,0.11632873165992114,-0.06941545394159139,-0.6910820007324219,0.5725417157693847,0.07973461243468091,1,9.92,87.25139023105953,-7.825320888817233,87.25139023105953,16.18619114554322,,,,,,,off,5.0,legged_eval-seed1,,n/a,settle,0.0,auto,hold,8.0,0.8,2.0,1.0,0,WALK,first,on,1000,1,deterministic,20.0,1,200,lo,1.0,0.42,0.5,0.25,dead-reckoned-heading-hold,off,,,2.649,0.5676
2,sphere_bump_lips,4,0,1,1,heading-only,0.04,1.8476776123046932,2.6699192047119134,1.0804392973436445,1.352656901992175,13.019569087124362,0,roll,7.04,-8.403213309403299,-1.1936382541766049,0.32315272092819214,0.12040875174782574,0.09515897794203315,0.6604900360107422,0.5264200127201634,-0.17301830066945195,1,7.04,-88.83053008969233,-6.352084238686033,88.83053008969233,12.988556733052176,,,,,,,off,5.0,legged_eval-seed1,,n/a,settle,0.0,auto,hold,8.0,0.8,2.0,1.0,0,WALK,first,on,1000,1,deterministic,20.0,1,200,lo,1.0,0.42,0.5,0.25,dead-reckoned-heading-hold,off,,,2.649,0.5676
2,sphere_bump_lips,5,0,1,1,heading-only,0.04,2.5016632080078125,2.05965347290039,1.502847606084327,0.6883623138727618,12.04848446860027,1,timeout,20.0,-3.7497090755474005,-0.18748545377737003,0.33100759983062744,0.07508316040039062,0.0029826736450194956,0.06401634216308594,0.30936297077464764,-0.043581522814984265,0,20.0,5.653328706714332,-5.081479103888961,8.682835786738378,8.65455105653745,,,,,,,off,5.0,legged_eval-seed1,,n/a,settle,0.0,auto,hold,8.0,0.8,2.0,1.0,0,WALK,first,on,1000,1,deterministic,20.0,1,200,lo,1.0,0.42,0.5,0.25,dead-reckoned-heading-hold,off,,,2.649,0.5676
2,sphere_bump_lips,6,0,0,1,heading-only,0.04,1.0075927734375227,2.6546794891357415,0.654723516992867,0.819188690269822,13.15870331538396,0,roll,6.04,18.772354956440637,3.1080057874901716,0.3279365003108978,0.0012570816949540955,0.10839064389664593,0.6265544891357422,0.34372659541709455,43.151478842211226,1,6.04,-87.08518231319051,3.881733036076333,87.08518231319051,19.789529670902947,,,,,,,off,5.0,legged_eval-seed1,,n/a,settle,0.0,auto,hold,8.0,0.8,2.0,1.0,0,WALK,first,on,1000,1,deterministic,20.0,1,200,lo,1.0,0.42,0.5,0.25,dead-reckoned-heading-hold,off,,,2.649,0.5676
2,sphere_bump_lips,7,0,1,1,heading-only,0.04,2.770739746093767,1.5179740905761712,1.8351752575032412,1.2752647396889816,10.88993354660991,0,roll,17.12,-12.756449732279805,-0.7451197273527923,0.3336643874645233,0.10343105993538358,-0.028155719008401216,-0.49630165100097656,0.6336582534725613,-0.1257339195014839,1,17.12,87.1803594623669,-3.155689782009588,87.1803594623669,11.368493448759999,,,,,,,off,5.0,legged_eval-seed1,,n/a,settle,0.0,auto,hold,8.0,0.8,2.0,1.0,0,WALK,first,on,1000,1,deterministic,20.0,1,200,lo,1.0,0.42,0.5,0.25,dead-reckoned-heading-hold,off,,,2.649,0.5676
2,sphere_bump_lips,8,0,1,1,heading-only,0.04,1.8660400390625114,2.1342327117919915,0.8763810644773357,0.5964440387545004,11.584737666322775,1,timeout,20.0,-9.983150718991709,-0.49915753594958545,0.323413610458374,0.04330200195312557,0.006711635589599574,0.13629913330078125,0.3520706625339227,-0.20119029364722923,0,20.0,-0.4953937845507489,-5.0865281929623904,9.86981446376714,8.34522235678809,,,,,,,off,5.0,legged_eval-seed1,,n/a,settle,0.0,auto,hold,8.0,0.8,2.0,1.0,0,WALK,first,on,1000,1,deterministic,20.0,1,200,lo,1.0,0.42,0.5,0.25,dead-reckoned-heading-hold,off,,,2.649,0.5676
2,sphere_bump_lips,9,0,1,1,heading-only,0.04,3.484045410156284,2.359019470214843,2.5098558882357866,0.6336183565850754,9.67261976472319,1,timeout,20.0,30.28028005016253,1.5140140025081266,0.3375362157821655,0.12420227050781421,0.017950973510742152,0.3563880920410156,1.0193153454959325,0.21275399521301014,0,20.0,-0.6237220245626286,-1.8045480653819455,12.125272862831086,5.918295765726482,,,,,,,off,5.0,legged_eval-seed1,,n/a,settle,0.0,auto,hold,8.0,0.8,2.0,1.0,0,WALK,first,on,1000,1,deterministic,20.0,1,200,lo,1.0,0.42,0.5,0.25,dead-reckoned-heading-hold,off,,,2.649,0.5676
3,forward_ramp_no_lips,0,0,1,1,heading-only,0.04,1.784672737121582,2.868149566650388,1.170211508427913,1.0338077337030298,8.957496518240935,0,roll,18.14,22.241995513706684,1.2261298519132682,0.3619586229324341,0.043256490469767477,0.04785830025636096,0.8752861022949219,0.4741810930827236,0.4947235141009362,1,18.14,-89.08355982346552,-7.615177650403982,89.08355982346552,30.151886518721724,,,,,,,off,5.0,legged_eval-seed1,,n/a,settle,0.0,auto,hold,8.0,0.8,2.0,1.0,0,WALK,first,on,1000,1,deterministic,20.0,1,200,lo,1.0,0.42,0.5,0.25,dead-reckoned-heading-hold,off,,,2.649,0.5676
3,forward_ramp_no_lips,1,0,1,1,heading-only,0.04,1.6891990661621108,2.6460235595703097,0.9446384452893175,1.0722057673011092,9.183551610837991,0,roll,10.52,37.71598515944535,3.585169691962486,0.3492441773414612,0.0655132192169307,0.06140908360934503,0.6473598480224609,0.44824118023224646,0.9551204492067675,1,10.52,-90.32711582071414,1.5337547199057322,90.32711582071414,25.85876414391954,,,,,,,off,5.0,legged_eval-seed1,,n/a,settle,0.0,auto,hold,8.0,0.8,2.0,1.0,0,WALK,first,on,1000,1,deterministic,20.0,1,200,lo,1.0,0.42,0.5,0.25,dead-reckoned-heading-hold,off,,,2.649,0.5676
3,forward_ramp_no_lips,2,0,1,1,heading-only,0.04,1.5003387451171903,2.6120670318603487,0.7905472227234638,1.1399823789624735,9.170110529900613,0,roll,8.44,35.340119009903646,4.187217892168679,0.3379526138305664,0.059281841838529664,0.07251979050478066,0.605316162109375,0.5725686256403583,1.2327676814734558,1,8.44,-89.80001611439255,2.5523669929239254,89.80001611439255,21.49602004866639,,,,,,,off,5.0,legged_eval-seed1,,n/a,settle,0.0,auto,hold,8.0,0.8,2.0,1.0,0,WALK,first,on,1000,1,deterministic,20.0,1,200,lo,1.0,0.42,0.5,0.25,dead-reckoned-heading-hold,off,,,2.649,0.5676
3,forward_ramp_no_lips,3,0,1,1,heading-only,0.04,1.3392150878906364,1.3120735168457003,0.7670135084062699,1.2308999253413042,9.635373862650795,0,roll,11.74,-71.567919039315,-6.096074875580494,0.3353884518146515,0.028893959786255228,-0.05859680435726573,-0.6960544586181641,0.588284432833097,-3.682312110007014,1,11.74,88.27689846097094,1.4800047900365618,88.27689846097094,16.985213680257036,,,,,,,off,5.0,legged_eval-seed1,,n/a,settle,0.0,auto,hold,8.0,0.8,2.0,1.0,0,WALK,first,on,1000,1,deterministic,20.0,1,200,lo,1.0,0.42,0.5,0.25,dead-reckoned-heading-hold,off,,,2.649,0.5676
3,forward_ramp_no_lips,4,0,1,1,heading-only,0.04,1.4074462890625057,1.4371154785156222,0.6948751420201358,1.1237014351726513,8.860451180122892,0,roll,7.9,-25.970126680334346,-3.287357807637259,0.33148911595344543,0.05157547962816528,-0.07125120525118707,-0.5545597076416016,0.16058993871957078,-1.1124514565460302,1,7.9,90.9776029860567,8.86504707909287,90.9776029860567,21.840581830837827,,,,,,,off,5.0,legged_eval-seed1,,n/a,settle,0.0,auto,hold,8.0,0.8,2.0,1.0,0,WALK,first,on,1000,1,deterministic,20.0,1,200,lo,1.0,0.42,0.5,0.25,dead-reckoned-heading-hold,off,,,2.649,0.5676
3,forward_ramp_no_lips,5,0,1,1,heading-only,0.04,1.3782501220703125,2.6102359771728487,0.7179561983034256,1.098136777234167,9.391596441623289,0,roll,7.68,64.26325526467733,8.367611362588194,0.34566113352775574,0.04925131797790527,0.07945780952771468,0.605072021484375,0.7111617561312149,2.9652479324506484,1,7.68,-92.06699042807111,4.4624269027513765,92.06699042807111,16.971769891495075,,,,,,,off,5.0,legged_eval-seed1,,n/a,settle,0.0,auto,hold,8.0,0.8,2.0,1.0,0,WALK,first,on,1000,1,deterministic,20.0,1,200,lo,1.0,0.42,0.5,0.25,dead-reckoned-heading-hold,off,,,2.649,0.5676
3,forward_ramp_no_lips,6,0,0,1,heading-only,0.04,1.2957092285156477,2.7664497375488253,0.821516371119884,0.7932086229374559,9.73451100865909,0,roll,5.34,5.261968753927533,0.9853874071025344,0.329561710357666,0.05537626002165688,0.14352991339865642,0.7649154663085938,0.5437365643911254,0.3105708954505592,1,5.34,-87.640417001392,4.620159005909189,87.640417001392,28.922417274219068,,,,,,,off,5.0,legged_eval-seed1,,n/a,settle,0.0,auto,hold,8.0,0.8,2.0,1.0,0,WALK,first,on,1000,1,deterministic,20.0,1,200,lo,1.0,0.42,0.5,0.25,dead-reckoned-heading-hold,off,,,2.649,0.5676
3,forward_ramp_no_lips,7,0,1,1,heading-only,0.04,1.440661621093767,1.3531101226806612,0.7827190924483802,1.2489294748801867,10.179912711339682,0,roll,3.14,7.659512473712198,2.439335182710891,0.3231709599494934,0.14033809588973473,-0.2060158844966047,-0.6557579040527344,0.48439590783290754,0.30337044426977067,1,3.14,92.33950895306015,-3.006126316137134,92.33950895306015,10.213347804380792,,,,,,,off,5.0,legged_eval-seed1,,n/a,settle,0.0,auto,hold,8.0,0.8,2.0,1.0,0,WALK,first,on,1000,1,deterministic,20.0,1,200,lo,1.0,0.42,0.5,0.25,dead-reckoned-heading-hold,off,,,2.649,0.5676
3,forward_ramp_no_lips,8,0,0,1,heading-only,0.04,1.3032043457031364,1.4517581939697237,0.6264997630746608,0.582492581437283,10.211523426666892,0,roll,4.94,-7.56344458554679,-1.5310616569932773,0.33196672797203064,0.06137739791561465,-0.11098012267819357,-0.5610504150390625,0.3865259818278252,-0.43537308313903866,1,4.94,89.24837834259401,14.41144080467776,89.24837834259401,16.30449709231766,,,,,,,off,5.0,legged_eval-seed1,,n/a,settle,0.0,auto,hold,8.0,0.8,2.0,1.0,0,WALK,first,on,1000,1,deterministic,20.0,1,200,lo,1.0,0.42,0.5,0.25,dead-reckoned-heading-hold,off,,,2.649,0.5676
3,forward_ramp_no_lips,9,0,1,1,heading-only,0.04,1.581915283203159,2.4231346130371065,0.7194916938891475,0.9109369561077114,9.577436402741128,0,roll,8.700000000000001,26.852797089754404,3.0865284011211953,0.3303830921649933,0.06688681416128264,0.04863616241805822,0.41086387634277344,0.6711540845323108,0.8053916714583744,1,8.700000000000001,-88.54599880687967,-10.51580520044655,88.54599880687967,13.084371193330542,,,,,,,off,5.0,legged_eval-seed1,,n/a,settle,0.0,auto,hold,8.0,0.8,2.0,1.0,0,WALK,first,on,1000,1,deterministic,20.0,1,200,lo,1.0,0.42,0.5,0.25,dead-reckoned-heading-hold,off,,,2.649,0.5676
4,flush_a_frame,0,0,1,1,heading-only,0.04,1.5610394477844238,1.3456100463867173,0.8619695315730397,1.262271984450905,12.556024766677085,0,roll,8.36,-24.845951885116165,-2.9720038140091107,0.33308881521224976,0.0671099817923952,-0.0782763102408233,-0.6658592224121094,0.3283732025094015,-0.7729290122109097,1,8.36,87.65272093490563,-11.68377798832071,87.65272093490563,14.378024820694412,,,,,,,off,5.0,legged_eval-seed1,,n/a,settle,0.0,auto,hold,8.0,0.8,2.0,1.0,0,WALK,first,on,1000,1,deterministic,20.0,1,200,lo,1.0,0.42,0.5,0.25,dead-reckoned-heading-hold,off,,,2.649,0.5676
4,flush_a_frame,1,0,1,1,heading-only,0.04,1.8597236633300795,1.666048431396483,0.9223060378542697,1.009299418438319,12.444757891694094,0,roll,7.18,25.842727784160644,3.5992657081003685,0.3305068016052246,0.11973867177299158,-0.046511360529737755,-0.3768653869628906,0.5301334881973988,0.5246344921845552,1,7.18,87.95652120246338,1.4199085831444678,87.95652120246338,21.128041080153256,,,,,,,off,5.0,legged_eval-seed1,,n/a,settle,0.0,auto,hold,8.0,0.8,2.0,1.0,0,WALK,first,on,1000,1,deterministic,20.0,1,200,lo,1.0,0.42,0.5,0.25,dead-reckoned-heading-hold,off,,,2.649,0.5676
4,flush_a_frame,2,0,1,1,heading-only,0.04,1.6015731811523466,2.598299407958983,0.8484412023504183,1.254898351351634,11.71371641356824,0,roll,6.38,9.018977637322394,1.4136328585144817,0.33185866475105286,0.09429046726525808,0.09377733667068698,0.5900650024414062,0.52211145236175,0.26166534657260754,1,6.38,-90.92997296629899,-17.471947831501364,90.92997296629899,17.471947831501364,,,,,,,off,5.0,legged_eval-seed1,,n/a,settle,0.0,auto,hold,8.0,0.8,2.0,1.0,0,WALK,first,on,1000,1,deterministic,20.0,1,200,lo,1.0,0.42,0.5,0.25,dead-reckoned-heading-hold,off,,,2.649,0.5676
4,flush_a_frame,3,0,1,1,heading-only,0.04,1.6386154174804801,2.683523559570311,0.9354325779720506,1.0837230149456005,13.079257305709922,0,roll,7.68,2.5670280733403104,0.3342484470495196,0.3367953896522522,0.08315304915110419,0.08900046348571759,0.6800651550292969,0.37931860004386003,0.07015660856995257,1,7.68,-87.94703870894259,-0.22463028540038757,87.94703870894259,20.747165138127706,,,,,,,off,5.0,legged_eval-seed1,,n/a,settle,0.0,auto,hold,8.0,0.8,2.0,1.0,0,WALK,first,on,1000,1,deterministic,20.0,1,200,lo,1.0,0.42,0.5,0.25,dead-reckoned-heading-hold,off,,,2.649,0.5676
4,flush_a_frame,4,0,1,1,heading-only,0.04,1.8344177246093807,2.7443412780761705,1.1181667484728577,0.9635070176072374,12.387964681403577,0,roll,8.1,-8.974595893659568,-1.1079748016863664,0.3356457054615021,0.10301453390239268,0.09189398494767537,0.7466812133789062,0.6681192484802956,-0.1877192235503496,1,8.1,-87.01268455631906,-2.3806633910144424,87.01268455631906,15.42262433945614,,,,,,,off,5.0,legged_eval-seed1,,n/a,settle,0.0,auto,hold,8.0,0.8,2.0,1.0,0,WALK,first,on,1000,1,deterministic,20.0,1,200,lo,1.0,0.42,0.5,0.25,dead-reckoned-heading-hold,off,,,2.649,0.5676
4,flush_a_frame,5,0,1,1,heading-only,0.04,1.45599365234375,2.6950668334960923,0.8312930373845779,1.571007688084528,13.461962137030692,0,roll,6.84,51.68008154193993,7.555567476891802,0.3351821005344391,0.06666573864674707,0.10161795811346379,0.6938705444335938,0.29016461742168076,1.978070475257489,1,6.84,-86.41987926205694,8.553370155876884,86.41987926205694,19.526269641437597,,,,,,,off,5.0,legged_eval-seed1,,n/a,settle,0.0,auto,hold,8.0,0.8,2.0,1.0,0,WALK,first,on,1000,1,deterministic,20.0,1,200,lo,1.0,0.42,0.5,0.25,dead-reckoned-heading-hold,off,,,2.649,0.5676
4,flush_a_frame,6,0,1,1,heading-only,0.04,1.4853607177734602,1.315340423583983,0.8392459484178213,1.4470968780800182,13.731718369423731,0,roll,7.54,-21.868802871240064,-2.900371733586215,0.3352855443954468,0.06437144798056502,-0.09080365734960438,-0.6917304992675781,0.4917076159830014,-0.7863895853040113,1,7.54,89.30064143901981,-6.951920080928804,89.30064143901981,12.850932906269962,,,,,,,off,5.0,legged_eval-seed1,,n/a,settle,0.0,auto,hold,8.0,0.8,2.0,1.0,0,WALK,first,on,1000,1,deterministic,20.0,1,200,lo,1.0,0.42,0.5,0.25,dead-reckoned-heading-hold,off,,,2.649,0.5676
4,flush_a_frame,7,0,1,1,heading-only,0.04,1.5084259033203296,1.2029899597167955,0.9453686600894534,1.3503882669329788,12.217598125619594,0,roll,11.96,-23.78353486360237,-1.9885898715386596,0.3315260708332062,0.04251052703347237,-0.06663963547518433,-0.7657623291015625,0.3138277050625905,-0.8164434353597261,1,11.96,87.027395840746,-10.017611969931037,87.027395840746,17.360747329155583,,,,,,,off,5.0,legged_eval-seed1,,n/a,settle,0.0,auto,hold,8.0,0.8,2.0,1.0,0,WALK,first,on,1000,1,deterministic,20.0,1,200,lo,1.0,0.42,0.5,0.25,dead-reckoned-heading-hold,off,,,2.649,0.5676
4,flush_a_frame,8,0,1,1,heading-only,0.04,1.4474609375000114,2.717142486572264,0.8452896761675487,1.2373929555014171,12.373338863727746,0,roll,8.08,18.43054245443443,2.2810077295092115,0.3390423655509949,0.05537882889851626,0.08875525823914161,0.7150650024414062,0.3757291336742431,0.718886548076545,1,8.08,-92.16126198435633,2.7566915224398896,92.16126198435633,15.249988934639697,,,,,,,off,5.0,legged_eval-seed1,,n/a,settle,0.0,auto,hold,8.0,0.8,2.0,1.0,0,WALK,first,on,1000,1,deterministic,20.0,1,200,lo,1.0,0.42,0.5,0.25,dead-reckoned-heading-hold,off,,,2.649,0.5676
4,flush_a_frame,9,0,1,1,heading-only,0.04,1.546789550781284,2.38603057861328,0.6693268412876493,0.9821950263028605,12.459192192921446,0,roll,9.6,35.545902670947754,3.702698194890391,0.33688974380493164,0.05695724487305043,0.04021151860554999,0.3786163330078125,0.2364811787010441,1.134610265165148,1,9.6,-86.87855714940656,13.190858673359257,86.87855714940656,13.54252503998224,,,,,,,off,5.0,legged_eval-seed1,,n/a,settle,0.0,auto,hold,8.0,0.8,2.0,1.0,0,WALK,first,on,1000,1,deterministic,20.0,1,200,lo,1.0,0.42,0.5,0.25,dead-reckoned-heading-hold,off,,,2.649,0.5676
5,sphere_bump,0,0,0,1,heading-only,0.04,1.0257210731506348,2.0465660095214844,0.05319743270849899,0.47655943354018343,14.924351573172043,1,timeout,20.0,2.5195540836029693,0.12597770418014848,0.34072843194007874,0.0012860536575317384,0.002328300476074219,0.044452667236328125,0.08871286059289712,1.7096687289602865,0,20.0,-7.885708127801527,7.212466270088638,12.963552096006765,7.970070076045427,,,,,,,off,5.0,legged_eval-seed1,,n/a,settle,0.0,auto,hold,8.0,0.8,2.0,1.0,0,WALK,first,on,1000,1,deterministic,20.0,1,200,lo,1.0,0.42,0.5,0.25,dead-reckoned-heading-hold,off,,,2.649,0.5676
5,sphere_bump,1,0,1,1,heading-only,0.04,2.1086441040039077,1.4127922058105469,1.2545536030395315,1.1567154642091864,13.454176352210709,0,roll,10.38,-4.771296184762832,-0.4596624455455522,0.33539503812789917,0.10680579036646509,-0.056571078438290276,-0.5599365234375,0.7112113162078669,-0.0751141215753596,1,10.38,89.03591682829399,-5.931731210482709,89.03591682829399,9.832412988364437,,,,,,,off,5.0,legged_eval-seed1,,n/a,settle,0.0,auto,hold,8.0,0.8,2.0,1.0,0,WALK,first,on,1000,1,deterministic,20.0,1,200,lo,1.0,0.42,0.5,0.25,dead-reckoned-heading-hold,off,,,2.649,0.5676
5,sphere_bump,2,0,0,1,heading-only,0.04,1.484706115722659,1.3648567199707031,0.7989662100397749,0.6353273873072548,13.879833625931733,0,roll,3.16,13.214938928831941,4.1819426989974495,0.3302815854549408,0.15338801130463894,-0.20099470887003065,-0.6498870849609375,0.556057926680751,0.47584337658751724,1,3.16,90.84695601804822,-5.365903511100383,90.84695601804822,12.498723030825735,,,,,,,off,5.0,legged_eval-seed1,,n/a,settle,0.0,auto,hold,8.0,0.8,2.0,1.0,0,WALK,first,on,1000,1,deterministic,20.0,1,200,lo,1.0,0.42,0.5,0.25,dead-reckoned-heading-hold,off,,,2.649,0.5676
5,sphere_bump,3,0,1,1,heading-only,0.04,1.8607986450195426,2.9165878295898438,1.257420994185997,2.075377592474736,12.82200470080971,0,roll,9.24,6.272183946489832,0.6788077864166485,0.3411954939365387,0.09316002651726651,0.0991978170551779,0.9055900573730469,0.5859470298700711,0.1271729013403525,1,9.24,-87.31341231193053,0.07971946450679765,87.31341231193053,8.621288313918834,,,,,,,off,5.0,legged_eval-seed1,,n/a,settle,0.0,auto,hold,8.0,0.8,2.0,1.0,0,WALK,first,on,1000,1,deterministic,20.0,1,200,lo,1.0,0.42,0.5,0.25,dead-reckoned-heading-hold,off,,,2.649,0.5676
5,sphere_bump,4,0,1,1,heading-only,0.04,1.8758911132812557,2.852527618408203,1.2222882567029105,1.301095534603153,12.702749285589798,0,roll,11.64,31.452166674609373,2.7020761747946196,0.34132543206214905,0.07524837742966113,0.07324120433060163,0.8399009704589844,0.31798594133218266,0.6267261501278633,1,11.64,-90.23087216462582,-2.7490939484219346,90.23087216462582,19.14300540768497,,,,,,,off,5.0,legged_eval-seed1,,n/a,settle,0.0,auto,hold,8.0,0.8,2.0,1.0,0,WALK,first,on,1000,1,deterministic,20.0,1,200,lo,1.0,0.42,0.5,0.25,dead-reckoned-heading-hold,off,,,2.649,0.5676
5,sphere_bump,5,0,0,1,heading-only,0.04,1.2520751953125,2.572193145751953,0.6252574670784435,0.6235957864072295,12.960561783498703,0,roll,3.7600000000000002,-0.4709575791444536,-0.12525467530437595,0.32265976071357727,0.06704127534906915,0.15217902812551945,0.5724830627441406,0.391983312226289,-0.03260836665464993,1,3.7600000000000002,-89.60571176405907,15.773630768464365,89.60571176405907,17.953670119145315,,,,,,,off,5.0,legged_eval-seed1,,n/a,settle,0.0,auto,hold,8.0,0.8,2.0,1.0,0,WALK,first,on,1000,1,deterministic,20.0,1,200,lo,1.0,0.42,0.5,0.25,dead-reckoned-heading-hold,off,,,2.649,0.5676
5,sphere_bump,6,0,0,1,heading-only,0.04,1.3294311523437727,1.3541984558105469,0.7249720812638429,0.667947128347937,12.736951418704551,0,roll,3.3000000000000003,-8.373820242396988,-2.5375212855748446,0.32817235589027405,0.09982762192235536,-0.1956974376331676,-0.6417236328125,0.3478228291758981,-0.44364576076115525,1,3.3000000000000003,89.24276196755426,13.814279728582365,89.24276196755426,16.200794387171612,,,,,,,off,5.0,legged_eval-seed1,,n/a,settle,0.0,auto,hold,8.0,0.8,2.0,1.0,0,WALK,first,on,1000,1,deterministic,20.0,1,200,lo,1.0,0.42,0.5,0.25,dead-reckoned-heading-hold,off,,,2.649,0.5676
5,sphere_bump,7,0,1,1,heading-only,0.04,1.7912322998047046,2.495014190673828,0.9333207386652816,1.2174352009582312,11.969008478407977,0,roll,8.16,-31.059161667819495,-3.8062698122327814,0.32948124408721924,0.09696474262312556,0.06066350375904756,0.5229377746582031,0.6113569548568978,-0.685114389473816,1,8.16,-86.16808932101755,1.7411818809310822,86.16808932101755,31.55108062373894,,,,,,,off,5.0,legged_eval-seed1,,n/a,settle,0.0,auto,hold,8.0,0.8,2.0,1.0,0,WALK,first,on,1000,1,deterministic,20.0,1,200,lo,1.0,0.42,0.5,0.25,dead-reckoned-heading-hold,off,,,2.649,0.5676
5,sphere_bump,8,0,1,1,heading-only,0.04,4.363690185546886,2.1495895385742188,3.3670148045999584,1.4692846427385604,9.037547902657673,1,timeout,20.0,11.456838201987011,0.5728419100993506,0.3306908905506134,0.16818450927734432,0.007479476928710938,0.15557479858398438,1.422601771357995,0.05944648212612662,0,20.0,1.0120619930805503,-0.7949860940914051,14.856166028432769,9.592853497558403,,,,,,,off,5.0,legged_eval-seed1,,n/a,settle,0.0,auto,hold,8.0,0.8,2.0,1.0,0,WALK,first,on,1000,1,deterministic,20.0,1,200,lo,1.0,0.42,0.5,0.25,dead-reckoned-heading-hold,off,,,2.649,0.5676
5,sphere_bump,9,0,1,1,heading-only,0.04,1.190191650390659,2.581012725830078,0.6113498601086126,1.7099137723798075,12.073796139445278,0,roll,4.68,29.0343041655953,6.203911146494723,0.32492995262145996,0.04063924153646562,0.12414801833976029,0.5751609802246094,0.23350145451405102,2.6643872255920584,1,4.68,-93.06167739683579,15.498502874481145,93.06167739683579,22.842415023219868,,,,,,,off,5.0,legged_eval-seed1,,n/a,settle,0.0,auto,hold,8.0,0.8,2.0,1.0,0,WALK,first,on,1000,1,deterministic,20.0,1,200,lo,1.0,0.42,0.5,0.25,dead-reckoned-heading-hold,off,,,2.649,0.5676
6,box_jump_even,0,0,2,1,heading-only,0.04,3.1198859214782715,0.9871536254882756,2.349419949358421,1.35087210817577,8.391463420616661,0,below,14.92,47.937201951088014,3.2129491924321725,0.33263060450553894,0.14208350680149273,-0.06788514574475366,-1.0393905639648438,1.837578650822545,0.3946731282863096,1,14.92,64.55534903965476,60.395382223212074,64.55534903965476,61.43765892789551,,,,,,,off,5.0,legged_eval-seed1,,n/a,settle,0.0,auto,hold,8.0,0.8,2.0,1.0,0,WALK,first,on,1000,1,deterministic,20.0,1,200,lo,1.0,0.42,0.5,0.25,dead-reckoned-heading-hold,off,,,2.649,0.5676
6,box_jump_even,1,0,2,1,heading-only,0.04,3.326139068603517,2.0101753234863224,2.32616132366001,0.6878212069748607,7.9238674646487866,0,below,9.76,17.85740849686431,1.829652509924622,0.32543835043907166,0.2383339209634751,0.0010425536358936926,0.000156402587890625,1.0417729805632139,0.13398621705408317,1,9.76,52.37319145544149,65.55771670685701,52.37319145544149,65.81391481111426,,,,,,,off,5.0,legged_eval-seed1,,n/a,settle,0.0,auto,hold,8.0,0.8,2.0,1.0,0,WALK,first,on,1000,1,deterministic,20.0,1,200,lo,1.0,0.42,0.5,0.25,dead-reckoned-heading-hold,off,,,2.649,0.5676
6,box_jump_even,2,0,2,1,heading-only,0.04,2.5509445190429716,3.251054382324213,1.9926279052251707,1.793927163891044,9.036079408060758,0,roll,8.76,-14.866467415319846,-1.6970853213835442,0.32589539885520935,0.1770484610779648,0.1428144272059604,1.26971435546875,0.7058158310217743,-0.167297283269611,1,8.76,-86.59092607338502,24.482343194677778,86.59092607338502,24.482343194677778,,,,,,,off,5.0,legged_eval-seed1,,n/a,settle,0.0,auto,hold,8.0,0.8,2.0,1.0,0,WALK,first,on,1000,1,deterministic,20.0,1,200,lo,1.0,0.42,0.5,0.25,dead-reckoned-heading-hold,off,,,2.649,0.5676
6,box_jump_even,3,0,0,1,heading-only,0.04,0.7660339355468864,2.582467651367182,0.6277011105652749,0.9370030675819546,10.599981425379207,0,roll,1.78,15.447338624131135,8.678280125916368,0.32369300723075867,-0.13144160924332227,0.32722901762201223,0.5560531616210938,0.37224766651729296,-1.1523334390043896,1,1.78,-89.01557647715879,3.9513173156659884,89.01557647715879,17.077823867946062,,,,,,,off,5.0,legged_eval-seed1,,n/a,settle,0.0,auto,hold,8.0,0.8,2.0,1.0,0,WALK,first,on,1000,1,deterministic,20.0,1,200,lo,1.0,0.42,0.5,0.25,dead-reckoned-heading-hold,off,,,2.649,0.5676
6,box_jump_even,4,0,0,1,heading-only,0.04,0.8893188476562557,2.54244766235351,0.5536242262373701,0.816811444716999,11.323681274054676,0,roll,1.72,18.707286510007663,10.876329366283525,0.3184480667114258,-0.06434950717659553,0.3153765478799476,0.5288772583007812,0.3521637973117174,-2.9499489009612465,1,1.72,-87.29214669760083,10.609776098552581,87.29214669760083,16.809250040379414,,,,,,,off,5.0,legged_eval-seed1,,n/a,settle,0.0,auto,hold,8.0,0.8,2.0,1.0,0,WALK,first,on,1000,1,deterministic,20.0,1,200,lo,1.0,0.42,0.5,0.25,dead-reckoned-heading-hold,off,,,2.649,0.5676
6,box_jump_even,5,0,1,1,heading-only,0.04,3.1712493896484375,1.7311645507812443,2.1878291548485596,0.7348500240140723,8.932796872234919,0,below,14.42,-13.36630005111769,-0.9269278814922115,0.3346043527126312,0.15057207972596653,-0.018643235035974735,-0.2587623596191406,0.7543965325574167,-0.10744318262733654,1,14.42,2.5526891534446423,60.87436470327346,30.82917894817423,62.6636958985467,,,,,,,off,5.0,legged_eval-seed1,,n/a,settle,0.0,auto,hold,8.0,0.8,2.0,1.0,0,WALK,first,on,1000,1,deterministic,20.0,1,200,lo,1.0,0.42,0.5,0.25,dead-reckoned-heading-hold,off,,,2.649,0.5676
6,box_jump_even,6,0,2,1,heading-only,0.04,3.0886779785156477,1.9806610107421818,2.088767506076664,0.9006843766865117,8.711343487574343,0,below,9.1,-16.768170113322753,-1.842656056409094,0.32527539134025574,0.22952505258413713,-0.002125163654705295,-0.031246185302734375,0.37030576657669256,-0.1401172325376725,1,9.1,20.291135833000556,56.61652626919138,20.384368924102127,58.81267405623322,,,,,,,off,5.0,legged_eval-seed1,,n/a,settle,0.0,auto,hold,8.0,0.8,2.0,1.0,0,WALK,first,on,1000,1,deterministic,20.0,1,200,lo,1.0,0.42,0.5,0.25,dead-reckoned-heading-hold,off,,,2.649,0.5676
6,box_jump_even,7,0,0,1,heading-only,0.04,1.0664703369140796,2.3306289672851506,0.33724445095140765,0.5452187476448667,10.738620700180867,0,roll,2.42,40.30546103798429,16.655149189249705,0.32801321148872375,0.02746708136945436,0.13662354020047546,0.3337669372558594,0.24836475495292026,10.583111720291456,1,2.42,-88.43200286194437,20.26340407063481,88.43200286194437,23.21776369001354,,,,,,,off,5.0,legged_eval-seed1,,n/a,settle,0.0,auto,hold,8.0,0.8,2.0,1.0,0,WALK,first,on,1000,1,deterministic,20.0,1,200,lo,1.0,0.42,0.5,0.25,dead-reckoned-heading-hold,off,,,2.649,0.5676
6,box_jump_even,8,0,1,1,heading-only,0.04,2.0311401367187614,1.640012359619135,1.0921726433029573,0.5519182332736944,10.125261282255906,0,roll,9.32,11.087517666005795,1.189647818240965,0.33970803022384644,0.11063735372518899,-0.03862528330266792,-0.388458251953125,0.3919746266606413,0.18766963117217697,1,9.32,86.51715952402773,4.021413133601519,86.51715952402773,15.27352136229736,,,,,,,off,5.0,legged_eval-seed1,,n/a,settle,0.0,auto,hold,8.0,0.8,2.0,1.0,0,WALK,first,on,1000,1,deterministic,20.0,1,200,lo,1.0,0.42,0.5,0.25,dead-reckoned-heading-hold,off,,,2.649,0.5676
6,box_jump_even,9,0,1,1,heading-only,0.04,2.836553955078159,2.3550048828124943,1.8705504261403758,0.600481907881983,9.370173440389616,0,below,8.52,-34.32511706709036,-4.028769608813422,0.3286908268928528,0.21555797594814075,0.041667239766724685,0.3242607116699219,1.2756668914877325,-0.32620131159050564,1,8.52,-52.24465670708341,58.831495035746954,52.24465670708341,62.11768161105497,,,,,,,off,5.0,legged_eval-seed1,,n/a,settle,0.0,auto,hold,8.0,0.8,2.0,1.0,0,WALK,first,on,1000,1,deterministic,20.0,1,200,lo,1.0,0.42,0.5,0.25,dead-reckoned-heading-hold,off,,,2.649,0.5676
7,box_jump_uneven,0,0,0,1,heading-only,0.04,0.810520589351654,1.3752967834472614,0.6528066756942535,0.9303955967648,11.506449984095164,0,roll,1.72,-13.263048584477275,-7.711074758417021,0.30463117361068726,-0.11016244805136392,-0.3631995445074062,-0.5984382629394531,0.37034429658206686,1.221683484548681,1,1.72,89.73036712010109,-3.2024052439427932,89.73036712010109,11.060927920033464,,,,,,,off,5.0,legged_eval-seed1,,n/a,settle,0.0,auto,hold,8.0,0.8,2.0,1.0,0,WALK,first,on,1000,1,deterministic,20.0,1,200,lo,1.0,0.42,0.5,0.25,dead-reckoned-heading-hold,off,,,2.649,0.5676
7,box_jump_uneven,1,0,2,1,heading-only,0.04,3.05030975341797,2.6299736022949176,2.1449095143034107,1.438820834812982,9.570446726524965,0,roll,15.44,-37.97322255392865,-2.4594056058243945,0.37107136845588684,0.13279208247525714,0.04080139911236513,0.6308441162109375,1.784145827896996,-0.32324762639097543,1,15.44,-86.29509909903169,33.522509902333695,86.29509909903169,33.522509902333695,,,,,,,off,5.0,legged_eval-seed1,,n/a,settle,0.0,auto,hold,8.0,0.8,2.0,1.0,0,WALK,first,on,1000,1,deterministic,20.0,1,200,lo,1.0,0.42,0.5,0.25,dead-reckoned-heading-hold,off,,,2.649,0.5676
7,box_jump_uneven,2,0,1,1,heading-only,0.04,1.4888793945312528,2.5648109436035114,0.7470036575623531,1.2592406605826547,10.775932817508577,0,roll,9.9,7.873123112226722,0.795264960830982,0.3232390582561493,0.04938175702335887,0.057051610465001144,0.5906753540039062,0.284216848914582,0.2810752964030578,1,9.9,-90.11267097194782,3.0146906602637396,90.11267097194782,21.13575279046628,,,,,,,off,5.0,legged_eval-seed1,,n/a,settle,0.0,auto,hold,8.0,0.8,2.0,1.0,0,WALK,first,on,1000,1,deterministic,20.0,1,200,lo,1.0,0.42,0.5,0.25,dead-reckoned-heading-hold,off,,,2.649,0.5676
7,box_jump_uneven,3,0,1,1,heading-only,0.04,1.8228500366211051,2.156134796142574,0.8375322425637338,0.8672067656862823,11.128245341566185,1,timeout,20.0,0.1610802089462311,0.008054010447311554,0.33845338225364685,0.04114250183105526,0.007806739807128693,0.14991378784179688,0.23475639768543127,0.0034166371523256123,0,20.0,-0.573894301905536,-0.16907022443055267,13.578970648458462,10.459020516863117,,,,,,,off,5.0,legged_eval-seed1,,n/a,settle,0.0,auto,hold,8.0,0.8,2.0,1.0,0,WALK,first,on,1000,1,deterministic,20.0,1,200,lo,1.0,0.42,0.5,0.25,dead-reckoned-heading-hold,off,,,2.649,0.5676
7,box_jump_uneven,4,0,1,1,heading-only,0.04,1.3347686767578182,2.8036987304687457,0.8706329400472131,1.3647890806259526,11.243991519171024,0,roll,6.2,27.20822024450456,4.38842262008138,0.331865519285202,0.05399494786416422,0.129628827494959,0.7977523803710938,0.30195205283393206,1.4185109296169867,1,6.2,-88.89457433645805,11.83818401092739,88.89457433645805,18.233199941532874,,,,,,,off,5.0,legged_eval-seed1,,n/a,settle,0.0,auto,hold,8.0,0.8,2.0,1.0,0,WALK,first,on,1000,1,deterministic,20.0,1,200,lo,1.0,0.42,0.5,0.25,dead-reckoned-heading-hold,off,,,2.649,0.5676
7,box_jump_uneven,5,0,1,1,heading-only,0.04,1.4862060546875,2.7153427124023395,0.8649344043347568,1.2124835145405952,11.186688985110084,0,roll,9.38,23.188180107385733,2.472087431491016,0.3294517397880554,0.051834334188432835,0.07626254929662467,0.7175712585449219,0.21023840273263134,0.8323838967399394,1,9.38,-93.81126744173815,-13.979712698639243,93.81126744173815,20.523830764144602,,,,,,,off,5.0,legged_eval-seed1,,n/a,settle,0.0,auto,hold,8.0,0.8,2.0,1.0,0,WALK,first,on,1000,1,deterministic,20.0,1,200,lo,1.0,0.42,0.5,0.25,dead-reckoned-heading-hold,off,,,2.649,0.5676
7,box_jump_uneven,6,0,1,1,heading-only,0.04,1.3822875976562727,1.3894569396972614,0.7203517445010026,1.119190329568909,10.884848905177302,0,roll,6.92,-43.82347972272893,-6.3328727923018695,0.320479154586792,0.05524387249368103,-0.08822876593970212,-0.6102371215820312,0.15906399916454145,-2.000755492806507,1,6.92,87.56667416020528,0.35080757387156836,87.56667416020528,14.072230698045894,,,,,,,off,5.0,legged_eval-seed1,,n/a,settle,0.0,auto,hold,8.0,0.8,2.0,1.0,0,WALK,first,on,1000,1,deterministic,20.0,1,200,lo,1.0,0.42,0.5,0.25,dead-reckoned-heading-hold,off,,,2.649,0.5676
7,box_jump_uneven,7,0,1,1,heading-only,0.04,1.2840301513672046,1.3083297729492145,0.7477170787631926,1.3738598174680747,10.339131569957377,0,roll,7.36,-51.64188548520272,-7.016560527880804,0.32583218812942505,0.03859105317489192,-0.09397693302320455,-0.6838264465332031,0.31622317034846825,-3.173328357274986,1,7.36,88.18375655325228,-1.247725641067263,88.18375655325228,19.07024397714618,,,,,,,off,5.0,legged_eval-seed1,,n/a,settle,0.0,auto,hold,8.0,0.8,2.0,1.0,0,WALK,first,on,1000,1,deterministic,20.0,1,200,lo,1.0,0.42,0.5,0.25,dead-reckoned-heading-hold,off,,,2.649,0.5676
7,box_jump_uneven,8,0,0,1,heading-only,0.04,1.2146423339843864,1.3963157653808551,0.6407074111214632,0.6677302244781056,11.750874614446316,0,roll,2.2600000000000002,8.755695481229054,3.8742015403668377,0.31905075907707214,0.09497448406388777,-0.2671169179730729,-0.6564102172851562,0.48743789188757103,0.7119551470240375,1,2.2600000000000002,86.1787593243274,-7.51269718829607,86.1787593243274,11.873706643967681,,,,,,,off,5.0,legged_eval-seed1,,n/a,settle,0.0,auto,hold,8.0,0.8,2.0,1.0,0,WALK,first,on,1000,1,deterministic,20.0,1,200,lo,1.0,0.42,0.5,0.25,dead-reckoned-heading-hold,off,,,2.649,0.5676
7,box_jump_uneven,9,0,1,1,heading-only,0.04,1.345129394531284,1.4855491638183551,0.6194949247714014,1.1722636970427551,11.91598102532062,0,roll,8.46,-38.49842460843914,-4.550641206671292,0.32417166233062744,0.04079543670582554,-0.060809791510832725,-0.5152549743652344,0.3229703965610194,-1.9468763799751208,1,8.46,87.09435765929499,5.844020731163668,87.09435765929499,12.878529380372573,,,,,,,off,5.0,legged_eval-seed1,,n/a,settle,0.0,auto,hold,8.0,0.8,2.0,1.0,0,WALK,first,on,1000,1,deterministic,20.0,1,200,lo,1.0,0.42,0.5,0.25,dead-reckoned-heading-hold,off,,,2.649,0.5676
8,flat_circle_jump,0,0,1,1,heading-only,0.04,1.842715859413147,2.1785171508789034,0.8614165037102319,0.6469073594968786,6.959574052053709,1,timeout,20.0,17.164035036737573,0.8582017518368786,0.3344621956348419,0.04213579297065735,0.00892585754394517,0.17543792724609375,0.17598857001038268,0.35548034485473107,0,20.0,20.61476762436918,6.683521454142163,24.129766752981297,9.28482224309408,,,,,,,off,5.0,legged_eval-seed1,,n/a,settle,0.0,auto,hold,8.0,0.8,2.0,1.0,0,WALK,first,on,1000,1,deterministic,20.0,1,200,lo,1.0,0.42,0.5,0.25,dead-reckoned-heading-hold,off,,,2.649,0.5676
8,flat_circle_jump,1,0,0,1,heading-only,0.04,1.2538772583007827,1.3447158813476534,0.70274528702817,0.6999811998471975,8.072762132668556,0,roll,2.34,13.124241496525372,5.60865021219033,0.3174723982810974,0.10849455482939431,-0.2800359481420285,-0.6685104370117188,0.482391450887332,0.9022518498677576,1,2.34,86.89059051752311,-10.342061113750175,86.89059051752311,11.51350593086748,,,,,,,off,5.0,legged_eval-seed1,,n/a,settle,0.0,auto,hold,8.0,0.8,2.0,1.0,0,WALK,first,on,1000,1,deterministic,20.0,1,200,lo,1.0,0.42,0.5,0.25,dead-reckoned-heading-hold,off,,,2.649,0.5676
8,flat_circle_jump,2,0,1,1,heading-only,0.04,1.9632980346679716,1.9792755126953097,0.9635209431918016,0.8466299882316423,7.886729194941731,1,timeout,20.0,-0.7153688446017838,-0.035768442230089195,0.32471734285354614,0.04816490173339858,-0.0010362243652345172,-0.02127838134765625,0.12055591146748107,-0.01296124486415286,0,20.0,-2.3738624321120936,20.12823143006469,18.639471306227676,21.155081038195405,,,,,,,off,5.0,legged_eval-seed1,,n/a,settle,0.0,auto,hold,8.0,0.8,2.0,1.0,0,WALK,first,on,1000,1,deterministic,20.0,1,200,lo,1.0,0.42,0.5,0.25,dead-reckoned-heading-hold,off,,,2.649,0.5676
8,flat_circle_jump,3,0,0,1,heading-only,0.04,1.2361419677734489,2.7499359130859347,0.7862359077782896,0.7949999590606922,9.045000856764533,0,roll,3.74,4.9148783407239875,1.3141385937764671,0.32162320613861084,0.06313956357578847,0.20051762381976862,0.7285079956054688,0.46971846633370373,0.3632594840697107,1,3.74,-88.66704756451273,12.492139790554926,88.66704756451273,17.702584371137796,,,,,,,off,5.0,legged_eval-seed1,,n/a,settle,0.0,auto,hold,8.0,0.8,2.0,1.0,0,WALK,first,on,1000,1,deterministic,20.0,1,200,lo,1.0,0.42,0.5,0.25,dead-reckoned-heading-hold,off,,,2.649,0.5676
8,flat_circle_jump,4,0,1,1,heading-only,0.04,1.5689453125000057,1.2182205200195284,0.9668908541993071,1.3749414029093097,9.563063453278664,0,roll,5.78,-10.83143639553333,-1.8739509334832751,0.3339245319366455,0.09843344506920514,-0.13525596539454526,-0.7710418701171875,0.39792266688842176,-0.3322713513390649,1,5.78,85.99385507655639,0.2047472529594344,85.99385507655639,11.322434936254217,,,,,,,off,5.0,legged_eval-seed1,,n/a,settle,0.0,auto,hold,8.0,0.8,2.0,1.0,0,WALK,first,on,1000,1,deterministic,20.0,1,200,lo,1.0,0.42,0.5,0.25,dead-reckoned-heading-hold,off,,,2.649,0.5676
8,flat_circle_jump,5,0,1,1,heading-only,0.04,2.159820556640625,2.6445587158203097,1.3268909758326402,1.0196146163846933,9.412275278413244,0,roll,4.3,-34.87311920927479,-8.11002772308716,0.32367461919784546,0.269725710846657,0.14989737577216505,0.650787353515625,0.6910620546907688,-0.5247801025403962,1,4.3,-89.63409000107711,63.35942819201224,89.63409000107711,63.35942819201224,,,,,,,off,5.0,legged_eval-seed1,,n/a,settle,0.0,auto,hold,8.0,0.8,2.0,1.0,0,WALK,first,on,1000,1,deterministic,20.0,1,200,lo,1.0,0.42,0.5,0.25,dead-reckoned-heading-hold,off,,,2.649,0.5676
8,flat_circle_jump,6,0,1,1,heading-only,0.04,1.6581817626953352,2.502636718749997,0.8281587431045466,1.4975197322922513,10.453908923074849,0,roll,6.72,-10.275413082894858,-1.5290793278117347,0.33298736810684204,0.09794371468680584,0.07479713076636862,0.52105712890625,0.3995143464770038,-0.2724776049166081,1,6.72,-86.7516672945988,8.032076429431548,86.7516672945988,20.768594371365623,,,,,,,off,5.0,legged_eval-seed1,,n/a,settle,0.0,auto,hold,8.0,0.8,2.0,1.0,0,WALK,first,on,1000,1,deterministic,20.0,1,200,lo,1.0,0.42,0.5,0.25,dead-reckoned-heading-hold,off,,,2.649,0.5676
8,flat_circle_jump,7,0,0,1,heading-only,0.04,2.3040496826172046,2.3465545654296847,1.349313025785414,0.8755546578809258,10.201838213839597,0,roll,9.6,53.620240936134536,5.585441764180681,0.3316095173358917,0.1358385086059588,0.03609943389892549,0.3112640380859375,0.721488487528658,0.71764884614669,1,9.6,88.72383266449003,38.87646967688889,88.72383266449003,38.87646967688889,,,,,,,off,5.0,legged_eval-seed1,,n/a,settle,0.0,auto,hold,8.0,0.8,2.0,1.0,0,WALK,first,on,1000,1,deterministic,20.0,1,200,lo,1.0,0.42,0.5,0.25,dead-reckoned-heading-hold,off,,,2.649,0.5676
8,flat_circle_jump,8,0,0,1,heading-only,0.04,1.2680175781250114,1.4323013305664034,0.6277859519459419,0.6132679865569873,11.845593687563149,0,roll,2.82,1.5790487358401037,0.5599463602269872,0.3237330913543701,0.09504169437057142,-0.20131158490553072,-0.5857162475585938,0.3854227425653882,0.1028275819916908,1,2.82,92.58103559415817,5.529443031449318,92.58103559415817,15.313355679222422,,,,,,,off,5.0,legged_eval-seed1,,n/a,settle,0.0,auto,hold,8.0,0.8,2.0,1.0,0,WALK,first,on,1000,1,deterministic,20.0,1,200,lo,1.0,0.42,0.5,0.25,dead-reckoned-heading-hold,off,,,2.649,0.5676
8,flat_circle_jump,9,0,0,1,heading-only,0.04,1.168615722656284,2.735264587402341,0.7543508967415864,0.8064921281441942,12.802515302026269,0,roll,3.68,-3.8500859290877827,-1.0462190024695062,0.3327547013759613,0.045819489852251115,0.1998001596202013,0.7312164306640625,0.5359594488444711,-0.3985196332151318,1,3.68,-86.81013484599953,-0.08364813921453701,86.81013484599953,13.747199268650881,,,,,,,off,5.0,legged_eval-seed1,,n/a,settle,0.0,auto,hold,8.0,0.8,2.0,1.0,0,WALK,first,on,1000,1,deterministic,20.0,1,200,lo,1.0,0.42,0.5,0.25,dead-reckoned-heading-hold,off,,,2.649,0.5676
9,bump_jump,0,0,1,1,heading-only,0.04,1.8086475133895874,2.5170883178710852,0.9598391164095739,0.6960255717556197,8.956291901132575,0,roll,11.24,0.31339755773529987,0.02788234499424376,0.34480464458465576,0.07194372894925155,0.046004298742979115,0.4868927001953125,0.3966064431668697,0.006764157633110505,1,11.24,-87.4415362312942,0.8725267814671549,87.4415362312942,17.902103532523878,,,,,,,off,5.0,legged_eval-seed1,,n/a,settle,0.0,auto,hold,8.0,0.8,2.0,1.0,0,WALK,first,on,1000,1,deterministic,20.0,1,200,lo,1.0,0.42,0.5,0.25,dead-reckoned-heading-hold,off,,,2.649,0.5676
9,bump_jump,1,0,0,1,heading-only,0.04,1.449044799804689,2.9107803344726477,1.0154614960173238,0.9122046097718715,9.295681413090858,0,roll,5.44,25.712913769389814,4.726638560549598,0.3332884907722473,0.08254499996409723,0.16742285560158965,0.877227783203125,0.37519448306698655,0.9993991818910539,1,5.44,-92.3358756899508,22.262439703693058,92.3358756899508,25.60395452628843,,,,,,,off,5.0,legged_eval-seed1,,n/a,settle,0.0,auto,hold,8.0,0.8,2.0,1.0,0,WALK,first,on,1000,1,deterministic,20.0,1,200,lo,1.0,0.42,0.5,0.25,dead-reckoned-heading-hold,off,,,2.649,0.5676
9,bump_jump,2,0,1,1,heading-only,0.04,2.6499435424804716,1.4781936645507727,1.730489972547648,0.7489871868558804,8.216642121829501,0,roll,5.64,24.062948234888864,4.266480183490934,0.32830485701560974,0.29254318129086376,-0.09251885380305448,-0.53143310546875,0.7205197237993524,0.2545406334354858,1,5.64,86.80902000904939,13.454274108089509,86.80902000904939,21.606985978094567,,,,,,,off,5.0,legged_eval-seed1,,n/a,settle,0.0,auto,hold,8.0,0.8,2.0,1.0,0,WALK,first,on,1000,1,deterministic,20.0,1,200,lo,1.0,0.42,0.5,0.25,dead-reckoned-heading-hold,off,,,2.649,0.5676
9,bump_jump,3,0,0,1,heading-only,0.04,0.9259384155273551,1.4612716674804602,0.5437953057482958,0.7872578478659501,10.088456027758003,0,roll,4.84,-29.397297485470062,-6.073821794518608,0.3319108188152313,-0.015301980262943158,-0.11130750671891318,-0.5740585327148438,0.31358711988762633,6.9277431203110655,1,4.84,90.30608258703714,13.007143095621098,90.30608258703714,16.499824255373085,,,,,,,off,5.0,legged_eval-seed1,,n/a,settle,0.0,auto,hold,8.0,0.8,2.0,1.0,0,WALK,first,on,1000,1,deterministic,20.0,1,200,lo,1.0,0.42,0.5,0.25,dead-reckoned-heading-hold,off,,,2.649,0.5676
9,bump_jump,4,0,1,1,heading-only,0.04,1.6006225585937557,2.6416305541992102,0.8788840799409756,1.2361215395715932,9.720576758554122,0,roll,10.040000000000001,-12.000972480088166,-1.1953159840725263,0.3297734558582306,0.059822964003362115,0.06390742571705281,0.6491928100585938,0.603846596815111,-0.348732294886111,1,10.040000000000001,-87.0186207085527,-13.745045345698738,87.0186207085527,13.745045345698738,,,,,,,off,5.0,legged_eval-seed1,,n/a,settle,0.0,auto,hold,8.0,0.8,2.0,1.0,0,WALK,first,on,1000,1,deterministic,20.0,1,200,lo,1.0,0.42,0.5,0.25,dead-reckoned-heading-hold,off,,,2.649,0.5676
9,bump_jump,5,0,1,1,heading-only,0.04,2.0066070556640625,2.2780288696288977,1.0442977625465812,0.7035772968626575,9.397506640542874,0,roll,12.98,-29.32859502533799,-2.259521958808782,0.3246695101261139,0.0775506206212683,0.021419789647834954,0.27497100830078125,0.7544337154367187,-0.5085207234500141,1,12.98,-85.96288821242769,17.674821671852957,85.96288821242769,25.80168763200857,,,,,,,off,5.0,legged_eval-seed1,,n/a,settle,0.0,auto,hold,8.0,0.8,2.0,1.0,0,WALK,first,on,1000,1,deterministic,20.0,1,200,lo,1.0,0.42,0.5,0.25,dead-reckoned-heading-hold,off,,,2.649,0.5676
9,bump_jump,6,0,1,1,heading-only,0.04,1.9818817138672102,2.0912612915038977,0.9861137476750689,0.6340543889360586,9.318565180202876,1,timeout,20.0,-4.10731134593243,-0.20536556729662153,0.32735615968704224,0.04909408569336051,0.004563064575194886,0.08782958984375,0.1966975932356146,-0.0730089025781934,0,20.0,0.3879275525638223,20.504159509772542,19.19339698370029,21.440677242575976,,,,,,,off,5.0,legged_eval-seed1,,n/a,settle,0.0,auto,hold,8.0,0.8,2.0,1.0,0,WALK,first,on,1000,1,deterministic,20.0,1,200,lo,1.0,0.42,0.5,0.25,dead-reckoned-heading-hold,off,,,2.649,0.5676
9,bump_jump,7,0,1,1,heading-only,0.04,2.0423004150390796,1.679403686523429,1.090491701667374,0.6652226322283347,9.712991981262244,1,timeout,20.0,35.36242398176344,1.768121199088172,0.3259933292865753,0.052115020751953976,-0.01602981567382855,-0.3357086181640625,0.951039306273186,0.5921428419894035,0,20.0,75.48471526732082,14.071088653975217,80.8810762565859,22.74728485455615,,,,,,,off,5.0,legged_eval-seed1,,n/a,settle,0.0,auto,hold,8.0,0.8,2.0,1.0,0,WALK,first,on,1000,1,deterministic,20.0,1,200,lo,1.0,0.42,0.5,0.25,dead-reckoned-heading-hold,off,,,2.649,0.5676
9,bump_jump,8,0,0,1,heading-only,0.04,0.8717163085937614,2.6036743164062415,0.617154264158771,0.8712996483274813,11.344356926387183,0,roll,1.8,14.913475483349572,8.285264157416428,0.31048741936683655,-0.07126871744791034,0.3353746202256897,0.573883056640625,0.33639128096744597,-2.0290127860106506,1,1.8,-86.20833166589979,11.406129919576657,86.20833166589979,14.843998524691068,,,,,,,off,5.0,legged_eval-seed1,,n/a,settle,0.0,auto,hold,8.0,0.8,2.0,1.0,0,WALK,first,on,1000,1,deterministic,20.0,1,200,lo,1.0,0.42,0.5,0.25,dead-reckoned-heading-hold,off,,,2.649,0.5676
9,bump_jump,9,0,0,1,heading-only,0.04,1.080236816406284,2.7454284667968665,0.7497343168203939,0.8554909288892891,11.044946546796826,0,roll,2.96,5.956954944687084,2.012484778610501,0.3334437310695648,0.027107032569690576,0.25183394148542787,0.7177658081054688,0.45672547841430716,1.2957702191384994,1,2.96,-86.01774712080109,12.014315254951665,86.01774712080109,14.64534464902223,,,,,,,off,5.0,legged_eval-seed1,,n/a,settle,0.0,auto,hold,8.0,0.8,2.0,1.0,0,WALK,first,on,1000,1,deterministic,20.0,1,200,lo,1.0,0.42,0.5,0.25,dead-reckoned-heading-hold,off,,,2.649,0.5676
10,sideways_ramp,0,0,1,1,heading-only,0.04,1.207917332649231,2.7802886962890625,0.8075147470928663,1.4794654091337203,9.22514141967303,0,roll,9.1,51.897907941860325,5.703066806797838,0.3440021872520447,0.022848058532882524,0.08574601058121566,0.7707443237304688,0.34009666514884995,4.356488018295702,1,9.1,-89.65908194121617,1.0325608163510178,89.65908194121617,18.868970642389385,,,,,,,off,5.0,legged_eval-seed1,,n/a,settle,0.0,auto,hold,8.0,0.8,2.0,1.0,0,WALK,first,on,1000,1,deterministic,20.0,1,200,lo,1.0,0.42,0.5,0.25,dead-reckoned-heading-hold,off,,,2.649,0.5676
10,sideways_ramp,1,0,1,1,heading-only,0.04,1.565946197509767,2.6819839477539062,0.8862263838713937,1.071668035737965,8.910191584390047,0,roll,11.76,17.93616434223125,1.5251840427067391,0.3402724862098694,0.048124676658993795,0.057991832291998835,0.6718368530273438,0.23766049790350613,0.5531358357528956,1,11.76,-88.93645280193611,-11.677000362071178,88.93645280193611,18.612229875201898,,,,,,,off,5.0,legged_eval-seed1,,n/a,settle,0.0,auto,hold,8.0,0.8,2.0,1.0,0,WALK,first,on,1000,1,deterministic,20.0,1,200,lo,1.0,0.42,0.5,0.25,dead-reckoned-heading-hold,off,,,2.649,0.5676
10,sideways_ramp,2,0,1,1,heading-only,0.04,2.151850891113284,2.5365753173828125,1.270698054843452,1.1884021217404048,8.465171967373612,0,roll,5.18,-52.71932387155391,-10.177475650879133,0.32142284512519836,0.2223650368944564,0.10358596860672056,0.5335540771484375,0.9874164622725452,-0.7988236915756884,1,5.18,-89.62667850144861,25.29137671026804,89.62667850144861,28.0356746809378,,,,,,,off,5.0,legged_eval-seed1,,n/a,settle,0.0,auto,hold,8.0,0.8,2.0,1.0,0,WALK,first,on,1000,1,deterministic,20.0,1,200,lo,1.0,0.42,0.5,0.25,dead-reckoned-heading-hold,off,,,2.649,0.5676
10,sideways_ramp,3,0,1,1,heading-only,0.04,2.1273086547851676,2.3194198608398438,1.1716884614318301,0.9612051115850384,8.628605627929794,0,below,8.0,14.13941469576531,1.7674268369706638,0.3411088287830353,0.14091358184814595,0.03992748260498047,0.324310302734375,0.2771796572653721,0.21891018018752462,1,8.0,-22.15386887640838,61.627163592911955,37.2034655822189,61.627163592911955,,,,,,,off,5.0,legged_eval-seed1,,n/a,settle,0.0,auto,hold,8.0,0.8,2.0,1.0,0,WALK,first,on,1000,1,deterministic,20.0,1,200,lo,1.0,0.42,0.5,0.25,dead-reckoned-heading-hold,off,,,2.649,0.5676
10,sideways_ramp,4,0,0,1,heading-only,0.04,1.2252563476562557,1.474365234375,0.5718674050801327,0.593107057230673,9.289626565342884,0,roll,3.38,6.242918849237185,1.8470174110169186,0.31742793321609497,0.0666438898391289,-0.15551324426775148,-0.5221633911132812,0.2980566817930033,0.483713289271111,1,3.38,87.66294803401468,3.966065804371966,87.66294803401468,17.556488595026288,,,,,,,off,5.0,legged_eval-seed1,,n/a,settle,0.0,auto,hold,8.0,0.8,2.0,1.0,0,WALK,first,on,1000,1,deterministic,20.0,1,200,lo,1.0,0.42,0.5,0.25,dead-reckoned-heading-hold,off,,,2.649,0.5676
10,sideways_ramp,5,0,1,1,heading-only,0.04,1.6340484619140625,2.5935211181640625,0.8684956935772954,1.007405066308337,9.08535880461687,0,roll,7.84,-0.32683871865719993,-0.04168861207362244,0.3336888551712036,0.08087352830536512,0.07570422425562022,0.5730819702148438,0.39182897801975436,-0.008996807194117476,1,7.84,-92.76104041464725,-3.0113966035082482,92.76104041464725,19.725312737271487,,,,,,,off,5.0,legged_eval-seed1,,n/a,settle,0.0,auto,hold,8.0,0.8,2.0,1.0,0,WALK,first,on,1000,1,deterministic,20.0,1,200,lo,1.0,0.42,0.5,0.25,dead-reckoned-heading-hold,off,,,2.649,0.5676
10,sideways_ramp,6,0,1,1,heading-only,0.04,1.4184814453125227,2.5800018310546875,0.7152124468279675,1.4516151391071737,9.399430435721753,0,roll,6.04,30.958532107522217,5.125584786013612,0.33202695846557617,0.0692850075020733,0.09602679322097475,0.5860519409179688,0.43117033244588016,1.2911643345552004,1,6.04,-88.49199141669752,18.042125253685356,88.49199141669752,19.263769009353357,,,,,,,off,5.0,legged_eval-seed1,,n/a,settle,0.0,auto,hold,8.0,0.8,2.0,1.0,0,WALK,first,on,1000,1,deterministic,20.0,1,200,lo,1.0,0.42,0.5,0.25,dead-reckoned-heading-hold,off,,,2.649,0.5676
10,sideways_ramp,7,0,1,1,heading-only,0.04,1.3366424560547046,1.2479782104492188,0.8239325914039953,1.1882669291924244,9.592879874432633,0,roll,8.8,-48.0198106028584,-5.456796659415727,0.3318101167678833,0.038254824551670966,-0.0854570215398615,-0.73944091796875,0.4374363332330323,-2.4895962649101215,1,8.8,91.41243282389328,9.223974323425653,91.41243282389328,14.963863494913893,,,,,,,off,5.0,legged_eval-seed1,,n/a,settle,0.0,auto,hold,8.0,0.8,2.0,1.0,0,WALK,first,on,1000,1,deterministic,20.0,1,200,lo,1.0,0.42,0.5,0.25,dead-reckoned-heading-hold,off,,,2.649,0.5676
10,sideways_ramp,8,0,1,1,heading-only,0.04,1.9467895507812614,1.775238037109375,0.9731024578280694,0.5519971255558921,9.056000076071433,0,roll,5.9,31.8092067708981,5.391390978118322,0.33046814799308777,0.16047280521716292,-0.038095247947563554,-0.21804046630859375,0.6905356721647604,0.5863767614901664,1,5.9,87.73786958575978,9.325076545658032,87.73786958575978,17.304832578363367,,,,,,,off,5.0,legged_eval-seed1,,n/a,settle,0.0,auto,hold,8.0,0.8,2.0,1.0,0,WALK,first,on,1000,1,deterministic,20.0,1,200,lo,1.0,0.42,0.5,0.25,dead-reckoned-heading-hold,off,,,2.649,0.5676
10,sideways_ramp,9,0,1,1,heading-only,0.04,1.261724853515659,2.560516357421875,0.6186101242990454,1.4716906761799236,9.754392929115173,0,roll,6.0200000000000005,14.871954870668134,2.470424397120952,0.3311590254306793,0.043475889288315465,0.09310902947207225,0.54937744140625,0.29794240264712313,0.9917460081246603,1,6.0200000000000005,-88.31602179982417,14.431205580087624,88.31602179982417,15.591239766073885,,,,,,,off,5.0,legged_eval-seed1,,n/a,settle,0.0,auto,hold,8.0,0.8,2.0,1.0,0,WALK,first,on,1000,1,deterministic,20.0,1,200,lo,1.0,0.42,0.5,0.25,dead-reckoned-heading-hold,off,,,2.649,0.5676
11,stepping_stones_cylinder,0,0,1,1,heading-only,0.04,2.0159664154052734,2.2879348754882756,1.0559802317060152,0.2996379359113151,4.593067645617124,1,timeout,20.0,-23.5863434962163,-1.179317174810815,0.32717812061309814,0.05079832077026367,0.014396743774413778,0.29915618896484375,0.709858137270457,-0.4051899219041728,0,20.0,-73.33581663657694,10.240589784492773,81.31002481148869,22.322689637126473,,,,,,,off,5.0,legged_eval-seed1,,n/a,settle,0.0,auto,hold,8.0,0.8,2.0,1.0,0,WALK,first,on,1000,1,deterministic,20.0,1,200,lo,1.0,0.42,0.5,0.25,dead-reckoned-heading-hold,off,,,2.649,0.5676
11,stepping_stones_cylinder,1,0,2,1,heading-only,0.04,2.163747406005861,2.572732543945307,1.2970468734318867,0.8345153353296108,4.22524950122673,0,roll,9.200000000000001,10.205185351709588,1.1092592773597376,0.330841600894928,0.1264942832615066,0.06225353738535943,0.5648956298828125,0.3618120496388871,0.15305218662092626,1,9.200000000000001,-92.44726806067712,1.6966981130348575,92.44726806067712,21.27445087230914,,,,,,,off,5.0,legged_eval-seed1,,n/a,settle,0.0,auto,hold,8.0,0.8,2.0,1.0,0,WALK,first,on,1000,1,deterministic,20.0,1,200,lo,1.0,0.42,0.5,0.25,dead-reckoned-heading-hold,off,,,2.649,0.5676
11,stepping_stones_cylinder,2,0,2,1,heading-only,0.04,2.506678771972659,2.193070983886713,1.5189987908922191,0.39416969302132765,3.698364246287322,1,timeout,20.0,-0.05038668392586487,-0.0025193341962932436,0.32899126410484314,0.07533393859863295,0.009653549194335653,0.1786346435546875,0.44837478658185004,-0.0005836768593458372,0,20.0,-40.15634550859278,4.452022786679149,46.36629654157811,21.011138570260236,,,,,,,off,5.0,legged_eval-seed1,,n/a,settle,0.0,auto,hold,8.0,0.8,2.0,1.0,0,WALK,first,on,1000,1,deterministic,20.0,1,200,lo,1.0,0.42,0.5,0.25,dead-reckoned-heading-hold,off,,,2.649,0.5676
11,stepping_stones_cylinder,3,0,0,1,heading-only,0.04,1.4753692626953239,2.667367553710932,0.8193627936766529,0.6678219260897964,4.375821119034287,0,roll,3.86,-29.770479215536398,-7.712559382263316,0.33136847615242004,0.12315265872935852,0.1728931486297751,0.6648101806640625,0.6003358366823236,-1.093030035769622,1,3.86,-90.14910841177615,13.038112463455223,90.14910841177615,27.707083346546828,,,,,,,off,5.0,legged_eval-seed1,,n/a,settle,0.0,auto,hold,8.0,0.8,2.0,1.0,0,WALK,first,on,1000,1,deterministic,20.0,1,200,lo,1.0,0.42,0.5,0.25,dead-reckoned-heading-hold,off,,,2.649,0.5676
11,stepping_stones_cylinder,4,0,1,1,heading-only,0.04,1.9954284667968807,2.474832153320307,1.1028795973887575,0.4511962384133142,4.181618131576407,0,roll,5.38,-11.984410183276992,-2.2275855359250913,0.3264923393726349,0.1850238785867808,0.08825876455767785,0.46292877197265625,0.4362159608563377,-0.21012802384563678,1,5.38,-91.73190914753799,23.77788712536046,91.73190914753799,27.8544385340487,,,,,,,off,5.0,legged_eval-seed1,,n/a,settle,0.0,auto,hold,8.0,0.8,2.0,1.0,0,WALK,first,on,1000,1,deterministic,20.0,1,200,lo,1.0,0.42,0.5,0.25,dead-reckoned-heading-hold,off,,,2.649,0.5676
11,stepping_stones_cylinder,5,0,1,1,heading-only,0.04,2.1149139404296875,1.959184265136713,1.115660799157559,0.25139232864398137,4.185285085895857,0,roll,7.92,35.002667988900896,4.419528786477386,0.32436004281044006,0.1407719621754656,-0.005153501876677643,-0.057647705078125,0.7106278287553839,0.5479452549972578,1,7.92,86.20356190068382,1.7610370170372691,86.20356190068382,19.535159198408905,,,,,,,off,5.0,legged_eval-seed1,,n/a,settle,0.0,auto,hold,8.0,0.8,2.0,1.0,0,WALK,first,on,1000,1,deterministic,20.0,1,200,lo,1.0,0.42,0.5,0.25,dead-reckoned-heading-hold,off,,,2.649,0.5676
11,stepping_stones_cylinder,6,0,1,1,heading-only,0.04,2.0218902587890852,2.249703979492182,1.051956167519472,0.2640700298010856,3.98593893461646,1,timeout,20.0,-42.938822625487035,-2.146941131274352,0.3271792531013489,0.05109451293945426,0.01248519897460909,0.205352783203125,0.8611739323911773,-0.7333701689579012,0,20.0,-72.0889249013151,2.2951044725400838,79.27567827161751,20.10688877921766,,,,,,,off,5.0,legged_eval-seed1,,n/a,settle,0.0,auto,hold,8.0,0.8,2.0,1.0,0,WALK,first,on,1000,1,deterministic,20.0,1,200,lo,1.0,0.42,0.5,0.25,dead-reckoned-heading-hold,off,,,2.649,0.5676
11,stepping_stones_cylinder,7,0,0,1,heading-only,0.04,1.2505828857422046,2.6241470336914006,0.6725706671366698,0.672137200689309,4.641572719520101,0,roll,2.44,-6.479907178743986,-2.655699663419666,0.31447628140449524,0.10269790399270678,0.25579796462762316,0.621368408203125,0.47461213668360325,-0.4513305653645087,1,2.44,-86.42269429307417,7.621599658144933,86.42269429307417,36.56299424971945,,,,,,,off,5.0,legged_eval-seed1,,n/a,settle,0.0,auto,hold,8.0,0.8,2.0,1.0,0,WALK,first,on,1000,1,deterministic,20.0,1,200,lo,1.0,0.42,0.5,0.25,dead-reckoned-heading-hold,off,,,2.649,0.5676
11,stepping_stones_cylinder,8,0,1,1,heading-only,0.04,2.3210876464843864,2.7075439453124943,1.4986297088480613,0.6202422970413004,3.3543829025002228,0,roll,5.48,-33.31507452888863,-6.079393162205954,0.3352339267730713,0.24107438804459602,0.12911385863366684,0.7163238525390625,0.8294047798923203,-0.4401356281119971,1,5.48,-90.47907868947539,16.535178128337066,90.47907868947539,17.69265422544803,,,,,,,off,5.0,legged_eval-seed1,,n/a,settle,0.0,auto,hold,8.0,0.8,2.0,1.0,0,WALK,first,on,1000,1,deterministic,20.0,1,200,lo,1.0,0.42,0.5,0.25,dead-reckoned-heading-hold,off,,,2.649,0.5676
11,stepping_stones_cylinder,9,0,1,1,heading-only,0.04,1.967596435546909,1.8577362060546818,0.9779989003832263,0.3586068464626887,3.9349760838905885,1,timeout,20.0,-1.5914906001929694,-0.07957453000964847,0.3216380178928375,0.048379821777345455,-0.007113189697265909,-0.151458740234375,0.41571981556779997,-0.028706958776887104,0,20.0,-0.3672781675131011,15.295683000744454,19.74060930023531,19.03839837735265,,,,,,,off,5.0,legged_eval-seed1,,n/a,settle,0.0,auto,hold,8.0,0.8,2.0,1.0,0,WALK,first,on,1000,1,deterministic,20.0,1,200,lo,1.0,0.42,0.5,0.25,dead-reckoned-heading-hold,off,,,2.649,0.5676
12,stepping_stones_randomly_arranged,0,0,1,1,heading-only,0.04,2.2209742069244385,1.4269973754882699,1.348743868075808,0.7429434530866388,4.218126193807881,0,roll,5.88,25.546743206403306,4.344684218776073,0.32415536046028137,0.20764867464701334,-0.09744942593736906,-0.5791015625,0.6298422417482437,0.3651795259757068,1,5.88,100.35678211235839,74.11903781008131,100.35678211235839,74.59015800870165,,,,,,,off,5.0,legged_eval-seed1,,n/a,settle,0.0,auto,hold,8.0,0.8,2.0,1.0,0,WALK,first,on,1000,1,deterministic,20.0,1,200,lo,1.0,0.42,0.5,0.25,dead-reckoned-heading-hold,off,,,2.649,0.5676
12,stepping_stones_randomly_arranged,1,0,2,1,heading-only,0.04,2.0500541687011733,2.1995117187499886,1.0688398772151453,0.6127556246980586,4.054857107516038,1,timeout,20.0,-8.518783274568534,-0.4259391637284267,0.33287882804870605,0.052502708435058665,0.009975585937499431,0.1884002685546875,0.5761315190936538,-0.14159347282907359,0,20.0,18.535800348219563,19.67193592278202,51.056896919501746,30.736936880713547,,,,,,,off,5.0,legged_eval-seed1,,n/a,settle,0.0,auto,hold,8.0,0.8,2.0,1.0,0,WALK,first,on,1000,1,deterministic,20.0,1,200,lo,1.0,0.42,0.5,0.25,dead-reckoned-heading-hold,off,,,2.649,0.5676
12,stepping_stones_randomly_arranged,2,0,1,1,heading-only,0.04,1.335292053222659,1.4403335571288949,0.6524164990481636,1.0071910987116663,4.797464783128594,0,roll,3.62,11.308315829041021,3.12384415166879,0.3244389593601227,0.09262211414990583,-0.1546039897433992,-0.575958251953125,0.3933615629500364,0.5886430715406527,1,3.62,86.20095501723345,1.8519760210230454,86.20095501723345,8.18389871135174,,,,,,,off,5.0,legged_eval-seed1,,n/a,settle,0.0,auto,hold,8.0,0.8,2.0,1.0,0,WALK,first,on,1000,1,deterministic,20.0,1,200,lo,1.0,0.42,0.5,0.25,dead-reckoned-heading-hold,off,,,2.649,0.5676
12,stepping_stones_randomly_arranged,3,0,2,1,heading-only,0.04,2.354489135742199,2.669467163085926,1.510902743823694,0.6632939235795722,3.8048702890799704,0,roll,4.84,-32.44505474311646,-6.703523707255466,0.32860708236694336,0.2798531272194626,0.13831966179461283,0.6688156127929688,0.8270673159741568,-0.4180712981111459,1,4.84,-86.20290855809813,23.88591770914778,86.20290855809813,24.797020000327134,,,,,,,off,5.0,legged_eval-seed1,,n/a,settle,0.0,auto,hold,8.0,0.8,2.0,1.0,0,WALK,first,on,1000,1,deterministic,20.0,1,200,lo,1.0,0.42,0.5,0.25,dead-reckoned-heading-hold,off,,,2.649,0.5676
12,stepping_stones_randomly_arranged,4,0,2,1,heading-only,0.04,1.9118865966796932,2.666690063476551,1.1296073680453935,0.8884101717481796,4.438469880616268,0,roll,11.0,9.501669039951167,0.8637880945410152,0.32507842779159546,0.08289878151633574,0.060608187588777375,0.6314315795898438,0.43213816629396284,0.1818596849496269,1,11.0,-88.0691650951312,17.289019674929293,88.0691650951312,19.718463378512634,,,,,,,off,5.0,legged_eval-seed1,,n/a,settle,0.0,auto,hold,8.0,0.8,2.0,1.0,0,WALK,first,on,1000,1,deterministic,20.0,1,200,lo,1.0,0.42,0.5,0.25,dead-reckoned-heading-hold,off,,,2.649,0.5676
12,stepping_stones_randomly_arranged,5,0,1,1,heading-only,0.04,2.4846343994140625,2.180209350585926,1.4955315810647916,0.4346656168683463,3.470048148911317,0,roll,11.82,-32.248138502333404,-2.7282689088268532,0.3278144896030426,0.12560358709086822,0.01524613795143199,0.172088623046875,0.8992541114748921,-0.37910760704925356,1,11.82,-86.41584726504786,13.265931968805376,86.41584726504786,22.558679931959823,,,,,,,off,5.0,legged_eval-seed1,,n/a,settle,0.0,auto,hold,8.0,0.8,2.0,1.0,0,WALK,first,on,1000,1,deterministic,20.0,1,200,lo,1.0,0.42,0.5,0.25,dead-reckoned-heading-hold,off,,,2.649,0.5676
12,stepping_stones_randomly_arranged,6,0,2,1,heading-only,0.04,2.1072326660156477,2.1151535034179574,1.1132046110403733,0.49369716560200017,3.844492308808349,1,timeout,20.0,-11.103213300711957,-0.5551606650355978,0.3292165994644165,0.055361633300782385,0.005757675170897869,0.11956787109375,0.4254184619116892,-0.1750197908683379,0,20.0,-39.841902038408115,20.90930106510282,51.56083045385526,23.753740968305184,,,,,,,off,5.0,legged_eval-seed1,,n/a,settle,0.0,auto,hold,8.0,0.8,2.0,1.0,0,WALK,first,on,1000,1,deterministic,20.0,1,200,lo,1.0,0.42,0.5,0.25,dead-reckoned-heading-hold,off,,,2.649,0.5676
12,stepping_stones_randomly_arranged,7,0,2,1,heading-only,0.04,2.3888885498047046,2.019381713867176,1.3890237775542376,0.22264568701828286,3.561164193286318,1,timeout,20.0,42.496792144744234,2.1248396072372118,0.3260360658168793,0.06944442749023523,0.0009690856933588065,0.00699615478515625,1.046845612635531,0.5340305703907944,0,20.0,4.386789810394766,26.953723227523955,49.398678590775084,31.433514247947194,,,,,,,off,5.0,legged_eval-seed1,,n/a,settle,0.0,auto,hold,8.0,0.8,2.0,1.0,0,WALK,first,on,1000,1,deterministic,20.0,1,200,lo,1.0,0.42,0.5,0.25,dead-reckoned-heading-hold,off,,,2.649,0.5676
12,stepping_stones_randomly_arranged,8,0,2,1,heading-only,0.04,1.7966735839843864,2.5933639526367074,0.9933627633987414,0.9109146626287257,4.146006326172213,0,roll,6.12,12.93896264496206,2.114209582510141,0.33286914229393005,0.13017542221967096,0.09695489422168421,0.589080810546875,0.1640935873241322,0.2834630198452368,1,6.12,-86.86316967721669,21.674225936016484,86.86316967721669,26.002216107587014,,,,,,,off,5.0,legged_eval-seed1,,n/a,settle,0.0,auto,hold,8.0,0.8,2.0,1.0,0,WALK,first,on,1000,1,deterministic,20.0,1,200,lo,1.0,0.42,0.5,0.25,dead-reckoned-heading-hold,off,,,2.649,0.5676
12,stepping_stones_randomly_arranged,9,0,2,1,heading-only,0.04,2.123754882812534,1.9141799926757699,1.1270271116091855,0.4658909980893852,3.4773042990838445,0,roll,6.54,56.761248954234645,8.67909005416432,0.3288652002811432,0.17182796373280337,-0.013122325278934269,-0.08206939697265625,1.010790613935948,0.8815718596177592,1,6.54,87.41890517264194,2.1725080102174323,87.41890517264194,21.900998495989764,,,,,,,off,5.0,legged_eval-seed1,,n/a,settle,0.0,auto,hold,8.0,0.8,2.0,1.0,0,WALK,first,on,1000,1,deterministic,20.0,1,200,lo,1.0,0.42,0.5,0.25,dead-reckoned-heading-hold,off,,,2.649,0.5676
13,staircase_walking_full_width,0,0,0,1,heading-only,0.04,1.5136727094650269,1.4712036132812472,0.7372145352988848,0.7184287383769506,14.246144753646076,0,roll,4.04,9.937332110833097,2.4597356709982914,0.326438307762146,0.1271467102636205,-0.13089019473236457,-0.523681640625,0.36800879432513284,0.33764527685114276,1,4.04,88.87158751616575,-4.957231037277737,88.87158751616575,15.51361666884136,,,,,,,off,5.0,legged_eval-seed1,,n/a,settle,0.0,auto,hold,8.0,0.8,2.0,1.0,0,WALK,first,on,1000,1,deterministic,20.0,1,200,lo,1.0,0.42,0.5,0.25,dead-reckoned-heading-hold,off,,,2.649,0.5676
13,staircase_walking_full_width,1,0,0,1,heading-only,0.04,1.6002937316894545,2.6452301025390597,0.8812913533719801,0.7590039434346222,14.164409954695936,0,roll,7.4,12.100202243352157,1.6351624653178591,0.3296002447605133,0.08112077455262899,0.08719325709987293,0.6362686157226562,0.23641282889855036,0.35180838671983966,1,7.4,-88.60737478496463,4.953590955162761,88.60737478496463,14.889036996743142,,,,,,,off,5.0,legged_eval-seed1,,n/a,settle,0.0,auto,hold,8.0,0.8,2.0,1.0,0,WALK,first,on,1000,1,deterministic,20.0,1,200,lo,1.0,0.42,0.5,0.25,dead-reckoned-heading-hold,off,,,2.649,0.5676
13,staircase_walking_full_width,2,0,0,1,heading-only,0.04,1.7889282226562528,2.8126113891601534,1.1325833348130938,0.8395764199784571,11.240483426727975,0,roll,8.040000000000001,-16.77657156580719,-2.08663825445363,0.32867124676704407,0.09812540082789213,0.10107106830350165,0.8069915771484375,0.8088333878901459,-0.37114455106440764,1,8.040000000000001,-92.54413896307118,-10.476250183128931,92.54413896307118,17.375235300120693,,,,,,,off,5.0,legged_eval-seed1,,n/a,settle,0.0,auto,hold,8.0,0.8,2.0,1.0,0,WALK,first,on,1000,1,deterministic,20.0,1,200,lo,1.0,0.42,0.5,0.25,dead-reckoned-heading-hold,off,,,2.649,0.5676
13,staircase_walking_full_width,3,0,0,1,heading-only,0.04,0.8680618286132926,1.3986175537109347,0.6156854129939159,1.2817741105775633,12.146834346489396,0,roll,2.1,-23.051867939741157,-10.977079971305313,0.3173530101776123,-0.06282770066033684,-0.2863725934709835,-0.6015167236328125,0.3584625993788704,3.049390408058508,1,2.1,86.28785520834,1.0574501787522912,86.28785520834,15.31694701814238,,,,,,,off,5.0,legged_eval-seed1,,n/a,settle,0.0,auto,hold,8.0,0.8,2.0,1.0,0,WALK,first,on,1000,1,deterministic,20.0,1,200,lo,1.0,0.42,0.5,0.25,dead-reckoned-heading-hold,off,,,2.649,0.5676
13,staircase_walking_full_width,4,0,0,1,heading-only,0.04,1.1213134765625057,2.4971511840820284,0.5117384678034713,1.0095787766711586,11.88908544934932,0,roll,7.5600000000000005,31.90249974377508,4.219907373515222,0.3193398118019104,0.016046756159061596,0.06576073863518894,0.5142593383789062,0.24899056601644398,4.589792296148024,1,7.5600000000000005,-90.45567387627604,16.662876879198176,90.45567387627604,23.335200857942993,,,,,,,off,5.0,legged_eval-seed1,,n/a,settle,0.0,auto,hold,8.0,0.8,2.0,1.0,0,WALK,first,on,1000,1,deterministic,20.0,1,200,lo,1.0,0.42,0.5,0.25,dead-reckoned-heading-hold,off,,,2.649,0.5676
13,staircase_walking_full_width,5,0,0,1,heading-only,0.04,1.2907257080078125,2.806927490234372,0.8577024028138119,1.074337933695428,11.737045472332682,0,roll,6.88,6.308876488811961,0.9169878617459246,0.3378874957561493,0.0422566436057867,0.11728597241778665,0.8060150146484375,0.5649293796866103,0.3787441694990007,1,6.88,-89.12580432443256,14.848523925442924,89.12580432443256,27.58297134776017,,,,,,,off,5.0,legged_eval-seed1,,n/a,settle,0.0,auto,hold,8.0,0.8,2.0,1.0,0,WALK,first,on,1000,1,deterministic,20.0,1,200,lo,1.0,0.42,0.5,0.25,dead-reckoned-heading-hold,off,,,2.649,0.5676
13,staircase_walking_full_width,6,0,0,1,heading-only,0.04,1.3237396240234602,1.3903015136718722,0.6903184688197628,0.9105275066392784,11.692167832007485,0,roll,4.96,-29.980345361191127,-6.044424467982082,0.32829490303993225,0.06527008548860086,-0.12292308192099352,-0.60772705078125,0.30306935636096544,-1.6162857389365328,1,4.96,87.57281354495422,8.81934184603668,87.57281354495422,15.586733863268867,,,,,,,off,5.0,legged_eval-seed1,,n/a,settle,0.0,auto,hold,8.0,0.8,2.0,1.0,0,WALK,first,on,1000,1,deterministic,20.0,1,200,lo,1.0,0.42,0.5,0.25,dead-reckoned-heading-hold,off,,,2.649,0.5676
13,staircase_walking_full_width,7,0,0,1,heading-only,0.04,1.594470214843767,2.5009353637695284,0.7773873391117869,0.6445080645917243,11.416525124518417,0,roll,6.96,11.915554847561765,1.712005006833587,0.32598617672920227,0.08541238719019642,0.07197347180596672,0.4967041015625,0.1542369310811944,0.3498336150391982,1,6.96,-88.79552151080443,1.6687113836491296,88.79552151080443,18.85338344920216,,,,,,,off,5.0,legged_eval-seed1,,n/a,settle,0.0,auto,hold,8.0,0.8,2.0,1.0,0,WALK,first,on,1000,1,deterministic,20.0,1,200,lo,1.0,0.42,0.5,0.25,dead-reckoned-heading-hold,off,,,2.649,0.5676
13,staircase_walking_full_width,8,0,0,1,heading-only,0.04,1.3440979003906364,2.569683837890622,0.6655396608820793,0.8687619003074204,8.924103982080233,0,roll,8.68,35.789104229158085,4.123168689995171,0.3243163228034973,0.039642615252377465,0.06563177855882744,0.5531997680664062,0.34840017457405686,1.8152906612598254,1,8.68,-87.89294522402467,-4.828512195514862,87.89294522402467,17.49456946983236,,,,,,,off,5.0,legged_eval-seed1,,n/a,settle,0.0,auto,hold,8.0,0.8,2.0,1.0,0,WALK,first,on,1000,1,deterministic,20.0,1,200,lo,1.0,0.42,0.5,0.25,dead-reckoned-heading-hold,off,,,2.649,0.5676
13,staircase_walking_full_width,9,0,0,1,heading-only,0.04,1.389868164062534,2.583531188964841,0.7017875988105032,0.8442567771236092,8.879326821256628,0,roll,9.42,40.724545932251175,4.323200205122205,0.3320925235748291,0.04138727856290171,0.06194598608968587,0.5858993530273438,0.35614840579585716,1.8231224768161354,1,9.42,-90.8338490960216,0.5989805354541871,90.8338490960216,19.137758205923333,,,,,,,off,5.0,legged_eval-seed1,,n/a,settle,0.0,auto,hold,8.0,0.8,2.0,1.0,0,WALK,first,on,1000,1,deterministic,20.0,1,200,lo,1.0,0.42,0.5,0.25,dead-reckoned-heading-hold,off,,,2.649,0.5676
14,staircase_walking,0,0,0,1,heading-only,0.04,1.2491523027420044,1.3703750610351477,0.6771295546113294,0.6777552146506385,4.297223953792739,0,roll,3.2600000000000002,0.5178640352904438,0.15885399855535084,0.334126353263855,0.07642708673067619,-0.1931364843450467,-0.618743896484375,0.3943379473649168,0.03627673673496645,1,3.2600000000000002,89.63660193477095,6.173428970638682,89.63660193477095,6.640455336409396,,,,,,,off,5.0,legged_eval-seed1,,n/a,settle,0.0,auto,hold,8.0,0.8,2.0,1.0,0,WALK,first,on,1000,1,deterministic,20.0,1,200,lo,1.0,0.42,0.5,0.25,dead-reckoned-heading-hold,off,,,2.649,0.5676
14,staircase_walking,1,0,0,1,heading-only,0.04,0.8343902587890639,2.6733459472656165,0.6934128287557013,0.9468004500917391,4.713948347402781,0,roll,2.6,12.428077407424524,4.780029772086356,0.33240512013435364,-0.0636960543118985,0.2589792104867756,0.6521453857421875,0.4538710723229417,-1.309771205885774,1,2.6,-86.3666374573055,-0.9123291967525144,86.3666374573055,17.710113424008988,,,,,,,off,5.0,legged_eval-seed1,,n/a,settle,0.0,auto,hold,8.0,0.8,2.0,1.0,0,WALK,first,on,1000,1,deterministic,20.0,1,200,lo,1.0,0.42,0.5,0.25,dead-reckoned-heading-hold,off,,,2.649,0.5676
14,staircase_walking,2,0,1,1,heading-only,0.04,1.6617233276367216,2.5720199584960852,0.874691142779255,0.8205341407672657,3.880666778599521,0,roll,19.76,12.608233974077422,0.6380685209553351,0.3331853449344635,0.03348802265368024,0.02894837846640107,0.564361572265625,0.4732703050429618,0.33254864460554145,1,19.76,-86.88315152670032,-1.0080666559420515,86.88315152670032,11.641092471084004,,,,,,,off,5.0,legged_eval-seed1,,n/a,settle,0.0,auto,hold,8.0,0.8,2.0,1.0,0,WALK,first,on,1000,1,deterministic,20.0,1,200,lo,1.0,0.42,0.5,0.25,dead-reckoned-heading-hold,off,,,2.649,0.5676
14,staircase_walking,3,0,1,1,heading-only,0.04,1.3815429687500114,2.6146682739257727,0.723458446611456,1.0639711942051968,4.1640731748161395,0,roll,7.74,37.43724510281885,4.836853372457216,0.32992202043533325,0.049294957202843846,0.07941450567516443,0.6245193481445312,0.5862568551154516,1.712528452721729,1,7.74,-89.09109068388283,-2.812435248417573,89.09109068388283,18.31692247096078,,,,,,,off,5.0,legged_eval-seed1,,n/a,settle,0.0,auto,hold,8.0,0.8,2.0,1.0,0,WALK,first,on,1000,1,deterministic,20.0,1,200,lo,1.0,0.42,0.5,0.25,dead-reckoned-heading-hold,off,,,2.649,0.5676
14,staircase_walking,4,0,1,1,heading-only,0.04,2.058248901367193,2.5619491577148352,1.1981976435886044,0.5861678810303913,3.191611947216765,1,timeout,20.0,-40.505992238059406,-2.0252996119029705,0.3330244719982147,0.05291244506835966,0.02809745788574176,0.55548095703125,1.1397637465016304,-0.6680497663905441,0,20.0,-74.13040332571164,23.134014967515604,83.27409285272174,25.42878499035666,,,,,,,off,5.0,legged_eval-seed1,,n/a,settle,0.0,auto,hold,8.0,0.8,2.0,1.0,0,WALK,first,on,1000,1,deterministic,20.0,1,200,lo,1.0,0.42,0.5,0.25,dead-reckoned-heading-hold,off,,,2.649,0.5676
14,staircase_walking,5,0,1,1,heading-only,0.04,1.52734375,2.519918823242179,0.740545078591165,0.8700803560163778,3.7092747961596904,0,roll,7.98,28.636286149218336,3.588507036242899,0.32635459303855896,0.06608317669172932,0.06515273474212768,0.530914306640625,0.3252145532226655,0.9477641080359978,1,7.98,-88.71608270083306,2.030356500719008,88.71608270083306,17.466075148511575,,,,,,,off,5.0,legged_eval-seed1,,n/a,settle,0.0,auto,hold,8.0,0.8,2.0,1.0,0,WALK,first,on,1000,1,deterministic,20.0,1,200,lo,1.0,0.42,0.5,0.25,dead-reckoned-heading-hold,off,,,2.649,0.5676
14,staircase_walking,6,0,1,1,heading-only,0.04,3.2053924560547102,2.9701217651367102,2.4093343737254473,1.379240953235135,2.218016116613083,0,roll,7.74,-16.98243279614843,-2.1941127643602623,0.33489444851875305,0.2849344258468618,0.12533872934582818,0.966461181640625,0.7533132280501198,-0.13439756106797174,1,7.74,-86.89757033172096,7.273206049689388,86.89757033172096,14.947201119294807,,,,,,,off,5.0,legged_eval-seed1,,n/a,settle,0.0,auto,hold,8.0,0.8,2.0,1.0,0,WALK,first,on,1000,1,deterministic,20.0,1,200,lo,1.0,0.42,0.5,0.25,dead-reckoned-heading-hold,off,,,2.649,0.5676
14,staircase_walking,7,0,0,1,heading-only,0.04,0.879260253906267,1.3977645874023352,0.614219487214024,0.8648730106594792,4.362508389179436,0,roll,2.5,-24.741891792251465,-9.896756716900587,0.3199180066585541,-0.04829589843749318,-0.2408941650390659,-0.5871963500976562,0.3579404910065369,3.576514684830558,1,2.5,88.65928104205267,10.433521591446695,88.65928104205267,10.433521591446695,,,,,,,off,5.0,legged_eval-seed1,,n/a,settle,0.0,auto,hold,8.0,0.8,2.0,1.0,0,WALK,first,on,1000,1,deterministic,20.0,1,200,lo,1.0,0.42,0.5,0.25,dead-reckoned-heading-hold,off,,,2.649,0.5676
14,staircase_walking,8,0,1,1,heading-only,0.04,1.5854309082031364,2.6508163452148352,0.8753806391955129,0.9124749521935874,3.6726926953628882,0,roll,11.56,7.260199132211056,0.6280449076307142,0.33585137128829956,0.05064281212829899,0.05629899180059128,0.6503143310546875,0.3878614631169166,0.21644634308161592,1,11.56,-92.00507055831423,-8.798548504470832,92.00507055831423,18.577382938037044,,,,,,,off,5.0,legged_eval-seed1,,n/a,settle,0.0,auto,hold,8.0,0.8,2.0,1.0,0,WALK,first,on,1000,1,deterministic,20.0,1,200,lo,1.0,0.42,0.5,0.25,dead-reckoned-heading-hold,off,,,2.649,0.5676
14,staircase_walking,9,0,1,1,heading-only,0.04,1.716375732421909,1.9646591186523352,0.7172469364852362,0.5098505893531969,3.4838035271170704,1,timeout,20.0,-5.875055532890485,-0.29375277664452426,0.3312605619430542,0.03581878662109546,-0.001767044067383239,-0.03290557861328125,0.1109826959058694,-0.1431358687148529,0,20.0,1.1225866396861686,-8.174382392469042,11.660026837199386,10.000509195233349,,,,,,,off,5.0,legged_eval-seed1,,n/a,settle,0.0,auto,hold,8.0,0.8,2.0,1.0,0,WALK,first,on,1000,1,deterministic,20.0,1,200,lo,1.0,0.42,0.5,0.25,dead-reckoned-heading-hold,off,,,2.649,0.5676
15,staircase_climbing,0,0,1,1,heading-only,0.04,1.2613818645477295,2.77789306640625,0.8206327448239962,1.6574968081983446,9.969014397878244,0,roll,11.48,34.10500497809912,2.9708192489633376,0.32862234115600586,0.022768455099976437,0.06776072007023083,0.78240966796875,0.3211924389035285,2.277298883405095,1,11.48,-88.98629590283502,-3.929901130333432,88.98629590283502,15.33416294606144,,,,,,,off,5.0,legged_eval-seed1,,n/a,settle,0.0,auto,hold,8.0,0.8,2.0,1.0,0,WALK,first,on,1000,1,deterministic,20.0,1,200,lo,1.0,0.42,0.5,0.25,dead-reckoned-heading-hold,off,,,2.649,0.5676
15,staircase_climbing,1,0,1,1,heading-only,0.04,1.2297073364257827,1.5891952514648438,0.4706654882470784,1.550696840506846,9.978752243579402,0,roll,12.44,-57.1410878355384,-4.593335035011125,0.3274262845516205,0.018465219969918224,-0.03302288975362992,-0.4281005859375,0.4098327135172911,-4.341611967729416,1,12.44,88.77928363278103,0.6980903443874601,88.77928363278103,14.451727962559302,,,,,,,off,5.0,legged_eval-seed1,,n/a,settle,0.0,auto,hold,8.0,0.8,2.0,1.0,0,WALK,first,on,1000,1,deterministic,20.0,1,200,lo,1.0,0.42,0.5,0.25,dead-reckoned-heading-hold,off,,,2.649,0.5676
15,staircase_climbing,2,0,1,1,heading-only,0.04,1.6388122558593778,1.6867752075195312,0.7114709191952824,1.1304484004790816,9.566316995026316,1,timeout,20.0,-66.41178167665163,-3.3205890838325813,0.3332037925720215,0.03194061279296889,-0.015661239624023438,-0.31783294677734375,0.4582578824187878,-1.8144677747515938,0,20.0,4.503704806436347,-2.104593486517752,17.752978958594227,6.886835329467629,,,,,,,off,5.0,legged_eval-seed1,,n/a,settle,0.0,auto,hold,8.0,0.8,2.0,1.0,0,WALK,first,on,1000,1,deterministic,20.0,1,200,lo,1.0,0.42,0.5,0.25,dead-reckoned-heading-hold,off,,,2.649,0.5676
15,staircase_climbing,3,0,1,1,heading-only,0.04,1.5816619873046989,2.3130340576171875,0.6605459777362453,1.1854164384309458,9.62343059660575,1,timeout,20.0,29.89925956286328,1.494962978143164,0.32875463366508484,0.029083099365234944,0.015651702880859375,0.31403350830078125,0.17969282797909372,0.8971542488077406,0,20.0,-7.888147307012395,-16.386099165472903,17.828174851050022,19.384250583619053,,,,,,,off,5.0,legged_eval-seed1,,n/a,settle,0.0,auto,hold,8.0,0.8,2.0,1.0,0,WALK,first,on,1000,1,deterministic,20.0,1,200,lo,1.0,0.42,0.5,0.25,dead-reckoned-heading-hold,off,,,2.649,0.5676
15,staircase_climbing,4,0,0,1,heading-only,0.04,0.7900909423828182,2.3944931030273438,0.446863089554145,0.8121549596124238,10.417381215842884,0,roll,3.84,27.793907758940378,7.237996812224057,0.34012022614479065,-0.054663817087807764,0.10273257891337077,0.3871917724609375,0.3888440407852743,-2.310977943952244,1,3.84,-86.24919430474067,10.278404812933987,86.24919430474067,13.132234937705416,,,,,,,off,5.0,legged_eval-seed1,,n/a,settle,0.0,auto,hold,8.0,0.8,2.0,1.0,0,WALK,first,on,1000,1,deterministic,20.0,1,200,lo,1.0,0.42,0.5,0.25,dead-reckoned-heading-hold,off,,,2.649,0.5676
15,staircase_climbing,5,0,1,1,heading-only,0.04,1.6326751708984375,2.0757675170898438,0.6371958792375598,1.0700107510967425,9.267634552825676,1,timeout,20.0,2.772702470089399,0.13863512350446996,0.32445406913757324,0.031633758544921876,0.0037883758544921876,0.0527191162109375,0.085669833379074,0.0764891519490466,0,20.0,3.4808140215513053,-6.047474852200316,9.159772309308986,7.598247035771462,,,,,,,off,5.0,legged_eval-seed1,,n/a,settle,0.0,auto,hold,8.0,0.8,2.0,1.0,0,WALK,first,on,1000,1,deterministic,20.0,1,200,lo,1.0,0.42,0.5,0.25,dead-reckoned-heading-hold,off,,,2.649,0.5676
15,staircase_climbing,6,0,1,1,heading-only,0.04,1.5816741943359602,1.3337631225585938,0.8844300114872086,1.3017389079523487,9.342112576787295,0,roll,6.640000000000001,4.507517214637289,0.6788429540116399,0.32948678731918335,0.08760153529156027,-0.10033687913274189,-0.6436309814453125,0.45549259754444527,0.13524928087201038,1,6.640000000000001,87.56042136271431,-7.662530075119779,87.56042136271431,8.504371296184589,,,,,,,off,5.0,legged_eval-seed1,,n/a,settle,0.0,auto,hold,8.0,0.8,2.0,1.0,0,WALK,first,on,1000,1,deterministic,20.0,1,200,lo,1.0,0.42,0.5,0.25,dead-reckoned-heading-hold,off,,,2.649,0.5676
15,staircase_climbing,7,0,1,1,heading-only,0.04,2.0745269775390796,1.29986572265625,1.2824960942517232,0.9388314588561889,8.85320066848692,1,timeout,20.0,-22.753717463972038,-1.137685873198602,0.3286958932876587,0.053726348876953975,-0.0350067138671875,-0.7154388427734375,0.45767493064763853,-0.36958335631959793,0,20.0,-45.06214808890366,43.010172000635535,48.99081946371953,44.13727166991898,,,,,,,off,5.0,legged_eval-seed1,,n/a,settle,0.0,auto,hold,8.0,0.8,2.0,1.0,0,WALK,first,on,1000,1,deterministic,20.0,1,200,lo,1.0,0.42,0.5,0.25,dead-reckoned-heading-hold,off,,,2.649,0.5676
15,staircase_climbing,8,0,1,1,heading-only,0.04,1.6797302246093864,1.8237686157226562,0.7022041576719947,1.0353781509090767,9.221953818567167,1,timeout,20.0,-40.65182250898758,-2.032591125449379,0.33251723647117615,0.03398651123046932,-0.008811569213867188,-0.186492919921875,0.32108777060915317,-1.0438084463963644,0,20.0,2.2871150393880915,-3.3537836519605833,13.697027552051745,8.198625962487727,,,,,,,off,5.0,legged_eval-seed1,,n/a,settle,0.0,auto,hold,8.0,0.8,2.0,1.0,0,WALK,first,on,1000,1,deterministic,20.0,1,200,lo,1.0,0.42,0.5,0.25,dead-reckoned-heading-hold,off,,,2.649,0.5676
15,staircase_climbing,9,0,1,1,heading-only,0.04,1.320532226562534,2.5455551147460938,0.6327489956457926,1.4834290415042142,9.594990005495166,0,roll,12.06,77.69064474030716,6.442010343309051,0.3285800814628601,0.026578128239016095,0.045236742516259844,0.5249710083007812,0.4584713314781866,4.230331418644531,1,12.06,-90.73931450829951,21.126928574467836,90.73931450829951,25.391407891561848,,,,,,,off,5.0,legged_eval-seed1,,n/a,settle,0.0,auto,hold,8.0,0.8,2.0,1.0,0,WALK,first,on,1000,1,deterministic,20.0,1,200,lo,1.0,0.42,0.5,0.25,dead-reckoned-heading-hold,off,,,2.649,0.5676
16,staircase_spiral,0,0,0,1,heading-only,0.04,1.769474983215332,2.649087524414057,1.0066808650929073,1.9736980424360764,3.345652309209376,0,roll,7.26,-21.798791476937225,-3.002588357704852,0.32752636075019836,0.10598828969908156,0.08940599509835494,0.6342620849609375,0.7179538570860553,-0.4944419149774528,1,7.26,-92.18933355738595,-4.754629657623509,92.18933355738595,14.148541769765934,,,,,,,off,5.0,legged_eval-seed1,,n/a,settle,0.0,auto,hold,8.0,0.8,2.0,1.0,0,WALK,first,on,1000,1,deterministic,20.0,1,200,lo,1.0,0.42,0.5,0.25,dead-reckoned-heading-hold,off,,,2.649,0.5676
16,staircase_spiral,1,0,0,1,heading-only,0.04,3.787770843505861,2.3881774902343693,2.8146665947898755,0.7386388254746408,1.3469178339357863,1,timeout,20.0,17.983191120486367,0.8991595560243184,0.3345106542110443,0.13938854217529303,0.019408874511718466,0.394317626953125,0.5444086876613989,0.1125866911905794,0,20.0,2.6635905915289437,-3.980175656568168,12.682628405400573,8.332345384521703,,,,,,,off,5.0,legged_eval-seed1,,n/a,settle,0.0,auto,hold,8.0,0.8,2.0,1.0,0,WALK,first,on,1000,1,deterministic,20.0,1,200,lo,1.0,0.42,0.5,0.25,dead-reckoned-heading-hold,off,,,2.649,0.5676
16,staircase_spiral,2,0,0,1,heading-only,0.04,3.838008117675784,2.0987487792968693,2.83972558487722,0.49847056284280006,1.3224049037165897,1,timeout,20.0,-22.8144822299642,-1.1407241114982098,0.3391164243221283,0.14190040588378922,0.004937438964843466,0.10406494140625,1.1533976661437906,-0.1403053886881456,0,20.0,0.9018454990150944,-3.7311459387550974,15.100378758123469,7.298189456210414,,,,,,,off,5.0,legged_eval-seed1,,n/a,settle,0.0,auto,hold,8.0,0.8,2.0,1.0,0,WALK,first,on,1000,1,deterministic,20.0,1,200,lo,1.0,0.42,0.5,0.25,dead-reckoned-heading-hold,off,,,2.649,0.5676
16,staircase_spiral,3,0,0,1,heading-only,0.04,1.7285583496093864,1.3836151123046818,0.9543204904877203,1.8569264627938167,3.55540477154279,0,roll,11.5,-15.536383226510878,-1.3509898457835547,0.3286014795303345,0.06335289996603359,-0.05359868588654941,-0.6102447509765625,0.3101505445352449,-0.372188502540142,1,11.5,89.2823015456599,14.689440691577191,89.2823015456599,18.975994425113985,,,,,,,off,5.0,legged_eval-seed1,,n/a,settle,0.0,auto,hold,8.0,0.8,2.0,1.0,0,WALK,first,on,1000,1,deterministic,20.0,1,200,lo,1.0,0.42,0.5,0.25,dead-reckoned-heading-hold,off,,,2.649,0.5676
16,staircase_spiral,4,0,0,1,heading-only,0.04,2.261831665039068,1.4793640136718693,1.3650205057636067,1.3343142096579486,3.047090862084573,0,roll,16.42,-26.891871097605673,-1.6377509803657533,0.3328176438808441,0.07684723904013813,-0.031707429130824034,-0.52630615234375,0.9416140342087125,-0.371960623337653,1,16.42,91.74379173339169,-1.8686746373501937,91.74379173339169,12.014481768367784,,,,,,,off,5.0,legged_eval-seed1,,n/a,settle,0.0,auto,hold,8.0,0.8,2.0,1.0,0,WALK,first,on,1000,1,deterministic,20.0,1,200,lo,1.0,0.42,0.5,0.25,dead-reckoned-heading-hold,off,,,2.649,0.5676
16,staircase_spiral,5,0,0,1,heading-only,0.04,2.272186279296875,2.486703491210932,1.3621080051112453,1.5409810618977662,3.0084634042860117,0,roll,8.040000000000001,-11.748140389017522,-1.4612114911713334,0.33208417892456055,0.15823212429065608,0.06053526010086216,0.4928131103515625,0.6178784688813703,-0.16117429822322002,1,8.040000000000001,-93.50046620983909,-3.3822407070067793,93.50046620983909,14.705803223970976,,,,,,,off,5.0,legged_eval-seed1,,n/a,settle,0.0,auto,hold,8.0,0.8,2.0,1.0,0,WALK,first,on,1000,1,deterministic,20.0,1,200,lo,1.0,0.42,0.5,0.25,dead-reckoned-heading-hold,off,,,2.649,0.5676
16,staircase_spiral,6,0,0,1,heading-only,0.04,1.3688751220703352,1.4017349243164006,0.7028441907457923,2.267493965445406,4.002858802308642,0,roll,2.98,19.73894641467473,6.623807521702929,0.3217265009880066,0.12378359801017962,-0.20076009251127497,-0.5918197631835938,0.48586548288208553,0.9339464366076567,1,2.98,90.34042970878552,-4.791646920123855,90.34042970878552,13.12265003839439,,,,,,,off,5.0,legged_eval-seed1,,n/a,settle,0.0,auto,hold,8.0,0.8,2.0,1.0,0,WALK,first,on,1000,1,deterministic,20.0,1,200,lo,1.0,0.42,0.5,0.25,dead-reckoned-heading-hold,off,,,2.649,0.5676
16,staircase_spiral,7,0,1,1,heading-only,0.04,4.983996582031267,1.7976165771484318,3.989133717423112,0.5316083949550292,0.4985343058947737,1,timeout,20.0,-2.3449131973306407,-0.11724565986653204,0.33472687005996704,0.19919982910156336,-0.010119171142578409,-0.22320556640625,0.9590687469493495,-0.010272713624171977,0,20.0,-4.2595265325645055,-3.189845709286968,13.246100689294675,6.773797400429655,,,,,,,off,5.0,legged_eval-seed1,,n/a,settle,0.0,auto,hold,8.0,0.8,2.0,1.0,0,WALK,first,on,1000,1,deterministic,20.0,1,200,lo,1.0,0.42,0.5,0.25,dead-reckoned-heading-hold,off,,,2.649,0.5676
16,staircase_spiral,8,0,0,1,heading-only,0.04,3.1486022949218864,1.8109985351562443,2.156899018372599,0.5189626993088748,2.2465308774435027,0,roll,13.9,-13.92430089704385,-1.0017482659743777,0.3303554356098175,0.1545757046706393,-0.013597227686601128,-0.1866455078125,1.1196751655197528,-0.11310836689795607,1,13.9,89.48744724339787,1.966868276109573,89.48744724339787,14.535014211248441,,,,,,,off,5.0,legged_eval-seed1,,n/a,settle,0.0,auto,hold,8.0,0.8,2.0,1.0,0,WALK,first,on,1000,1,deterministic,20.0,1,200,lo,1.0,0.42,0.5,0.25,dead-reckoned-heading-hold,off,,,2.649,0.5676
16,staircase_spiral,9,0,0,1,heading-only,0.04,3.585180664062534,2.851815795898432,2.7219017645728663,1.1553125727652294,1.9565269910425354,0,roll,17.6,6.620780008776649,0.37618068231685503,0.33501195907592773,0.14688526500355306,0.04839862476695635,0.8411102294921875,1.617475655014515,0.04469877552843107,1,17.6,-89.82633589646235,-5.314663170961534,89.82633589646235,9.283936542915791,,,,,,,off,5.0,legged_eval-seed1,,n/a,settle,0.0,auto,hold,8.0,0.8,2.0,1.0,0,WALK,first,on,1000,1,deterministic,20.0,1,200,lo,1.0,0.42,0.5,0.25,dead-reckoned-heading-hold,off,,,2.649,0.5676
17,squeeze,0,0,3,1,heading-only,0.04,4.264137268066406,1.9171325683593636,3.265188986262011,0.17707431310961014,4.436636697745725,1,timeout,20.0,4.441052621019196,0.2220526310509598,0.3296245336532593,0.1632068634033203,-0.0041433715820318184,-0.0910491943359375,0.5370538620158873,0.023746241081651718,0,20.0,4.618341350215604,-1.509900210703952,15.910005706722007,9.731850162332615,,,,,,,off,5.0,legged_eval-seed1,,n/a,settle,0.0,auto,hold,8.0,0.8,2.0,1.0,0,WALK,first,on,1000,1,deterministic,20.0,1,200,lo,1.0,0.42,0.5,0.25,dead-reckoned-heading-hold,off,,,2.649,0.5676
17,squeeze,1,0,0,1,heading-only,0.04,0.9610038757324233,1.4384033203124886,0.5629489571390371,0.7784007018313294,8.208230525143978,0,roll,2.02,-9.254837767557092,-4.581602855226283,0.32337459921836853,-0.019305012013651833,-0.27801815826114423,-0.5572357177734375,0.3175751613656737,4.142139605296486,1,2.02,88.01223770800615,5.957744167135208,88.01223770800615,14.85958192331258,,,,,,,off,5.0,legged_eval-seed1,,n/a,settle,0.0,auto,hold,8.0,0.8,2.0,1.0,0,WALK,first,on,1000,1,deterministic,20.0,1,200,lo,1.0,0.42,0.5,0.25,dead-reckoned-heading-hold,off,,,2.649,0.5676
17,squeeze,2,0,1,1,heading-only,0.04,1.518733215332034,2.717990112304676,0.8857730804534488,1.1123581740682276,8.013496695538809,0,roll,5.94,5.40302633404599,0.9096003929370352,0.3322599232196808,0.08732882412997206,0.1208737562802485,0.7103424072265625,0.43424119937990474,0.1817901694239899,1,5.94,-87.33068785890417,9.092062885593881,87.33068785890417,16.208973565315755,,,,,,,off,5.0,legged_eval-seed1,,n/a,settle,0.0,auto,hold,8.0,0.8,2.0,1.0,0,WALK,first,on,1000,1,deterministic,20.0,1,200,lo,1.0,0.42,0.5,0.25,dead-reckoned-heading-hold,off,,,2.649,0.5676
17,squeeze,3,0,1,1,heading-only,0.04,1.7218521118164176,2.169985961914051,0.7415967223374623,0.668324362536381,7.280132684884183,1,timeout,20.0,0.06330868624911545,0.0031654343124557726,0.3246956169605255,0.03609260559082088,0.008499298095702556,0.179229736328125,0.23022294675446847,0.001530708301702849,0,20.0,-1.8259401435816351,-7.160144550579177,9.847269990149671,9.871955737017123,,,,,,,off,5.0,legged_eval-seed1,,n/a,settle,0.0,auto,hold,8.0,0.8,2.0,1.0,0,WALK,first,on,1000,1,deterministic,20.0,1,200,lo,1.0,0.42,0.5,0.25,dead-reckoned-heading-hold,off,,,2.649,0.5676
17,squeeze,4,0,1,1,heading-only,0.04,1.6297973632812557,2.183291625976551,0.6559272360171895,0.833096287851723,7.722378168165044,1,timeout,20.0,5.792068177299228,0.2896034088649614,0.3300897479057312,0.03148986816406278,0.009164581298827556,0.164642333984375,0.19305626462736633,0.16051299368287927,0,20.0,1.4291588642479103,-5.77125652267845,10.599259986691758,7.198422828839562,,,,,,,off,5.0,legged_eval-seed1,,n/a,settle,0.0,auto,hold,8.0,0.8,2.0,1.0,0,WALK,first,on,1000,1,deterministic,20.0,1,200,lo,1.0,0.42,0.5,0.25,dead-reckoned-heading-hold,off,,,2.649,0.5676
17,squeeze,5,0,1,1,heading-only,0.04,1.7479400634765625,2.1385375976562386,0.7606622144668987,0.6140610760570084,7.8032898138585525,1,timeout,20.0,3.9472944883103764,0.19736472441551883,0.32902756333351135,0.037397003173828124,0.0069268798828119316,0.12158203125,0.11568463617721987,0.09211070342536844,0,20.0,1.2381939589078192,-6.237653142476182,9.129798670764737,9.036391206428563,,,,,,,off,5.0,legged_eval-seed1,,n/a,settle,0.0,auto,hold,8.0,0.8,2.0,1.0,0,WALK,first,on,1000,1,deterministic,20.0,1,200,lo,1.0,0.42,0.5,0.25,dead-reckoned-heading-hold,off,,,2.649,0.5676
17,squeeze,6,0,2,1,heading-only,0.04,3.0537200927734602,1.9331085205078011,2.0548091613310677,0.7695320373497325,7.146592963255865,1,timeout,20.0,-14.276264368383039,-0.7138132184191519,0.33091461658477783,0.10268600463867301,-0.0033445739746099435,-0.038665771484375,0.5237318097073338,-0.12132511094875754,0,20.0,7.853430780190175,-2.6308114055452876,16.175505058582544,12.349444217105496,,,,,,,off,5.0,legged_eval-seed1,,n/a,settle,0.0,auto,hold,8.0,0.8,2.0,1.0,0,WALK,first,on,1000,1,deterministic,20.0,1,200,lo,1.0,0.42,0.5,0.25,dead-reckoned-heading-hold,off,,,2.649,0.5676
17,squeeze,7,0,2,1,heading-only,0.04,2.9758331298828296,1.9344970703124886,1.9769186100950704,0.6236471080298097,6.824481233398052,1,timeout,20.0,-17.055474897057934,-0.8527737448528967,0.3316613733768463,0.09879165649414148,-0.0032751464843755683,-0.0774383544921875,0.4891573088921467,-0.1506575570288947,0,20.0,1.5101654085899152,2.7151557337127126,14.469004660429956,7.650909064373917,,,,,,,off,5.0,legged_eval-seed1,,n/a,settle,0.0,auto,hold,8.0,0.8,2.0,1.0,0,WALK,first,on,1000,1,deterministic,20.0,1,200,lo,1.0,0.42,0.5,0.25,dead-reckoned-heading-hold,off,,,2.649,0.5676
17,squeeze,8,0,1,1,heading-only,0.04,1.7947509765625114,1.9507019042968636,0.796278479545329,0.6980458833104789,8.655389417002297,1,timeout,20.0,-19.852071153591908,-0.9926035576795954,0.3215668797492981,0.039737548828125566,-0.0024649047851568184,-0.041290283203125,0.3115301772269271,-0.43596549760655107,0,20.0,-0.6108622985996693,-2.663807920592997,13.22418222670537,9.246833506114708,,,,,,,off,5.0,legged_eval-seed1,,n/a,settle,0.0,auto,hold,8.0,0.8,2.0,1.0,0,WALK,first,on,1000,1,deterministic,20.0,1,200,lo,1.0,0.42,0.5,0.25,dead-reckoned-heading-hold,off,,,2.649,0.5676
17,squeeze,9,0,1,1,heading-only,0.04,1.751959228515659,1.7891113281249886,0.7809716469085618,0.7719299716655741,8.750582344705839,1,timeout,20.0,-6.384332841421923,-0.3192166420710961,0.337039589881897,0.03759796142578296,-0.010544433593750568,-0.2045135498046875,0.11813066808243738,-0.14818307216731919,0,20.0,2.0537237661732024,-3.8924714066687196,16.681499635963434,8.283524212224181,,,,,,,off,5.0,legged_eval-seed1,,n/a,settle,0.0,auto,hold,8.0,0.8,2.0,1.0,0,WALK,first,on,1000,1,deterministic,20.0,1,200,lo,1.0,0.42,0.5,0.25,dead-reckoned-heading-hold,off,,,2.649,0.5676
18,agility_poles,0,0,1,1,heading-only,0.04,4.18073034286499,2.297802734374983,3.194641135186119,0.6287328554786612,14.122409926053507,1,timeout,20.0,-14.213003687480523,-0.7106501843740262,0.3326868712902069,0.1590365171432495,0.014890136718749147,0.3027496337890625,1.1181281527216476,-0.0779895446028886,0,20.0,3.5395058103347945,-2.48751333564199,14.902802357864315,8.14788096043874,,,,,,,off,5.0,legged_eval-seed1,,n/a,settle,0.0,auto,hold,8.0,0.8,2.0,1.0,0,WALK,first,on,1000,1,deterministic,20.0,1,200,lo,1.0,0.42,0.5,0.25,dead-reckoned-heading-hold,off,,,2.649,0.5676
18,agility_poles,1,0,1,1,heading-only,0.04,3.476461029052736,2.197552490234358,2.484328121407221,0.7955902631331669,13.774955635885032,1,timeout,20.0,-3.2346949205625606,-0.16173474602812804,0.333076536655426,0.12382305145263679,0.009877624511717897,0.167327880859375,0.3657916915441417,-0.022797078572622632,0,20.0,2.8090099562670985,-2.063419320110494,10.060589466090702,11.500065738792483,,,,,,,off,5.0,legged_eval-seed1,,n/a,settle,0.0,auto,hold,8.0,0.8,2.0,1.0,0,WALK,first,on,1000,1,deterministic,20.0,1,200,lo,1.0,0.42,0.5,0.25,dead-reckoned-heading-hold,off,,,2.649,0.5676
18,agility_poles,2,0,1,1,heading-only,0.04,3.027980041503909,1.9037139892577954,2.03026452577068,1.23040588249054,13.522362765206056,0,roll,15.14,-44.25321864341615,-2.922933860199217,0.33476924896240234,0.13394848358678396,-0.006359710088652876,-0.084503173828125,1.8736202186626767,-0.3808540291943802,1,15.14,86.10671942270342,8.395757096462361,86.10671942270342,14.419263911967828,,,,,,,off,5.0,legged_eval-seed1,,n/a,settle,0.0,auto,hold,8.0,0.8,2.0,1.0,0,WALK,first,on,1000,1,deterministic,20.0,1,200,lo,1.0,0.42,0.5,0.25,dead-reckoned-heading-hold,off,,,2.649,0.5676
18,agility_poles,3,0,1,1,heading-only,0.04,3.853085327148449,2.473156738281233,2.892053454376441,0.4962331638378888,11.656521723724694,1,timeout,20.0,13.770960870547611,0.6885480435273805,0.33666858077049255,0.14265426635742245,0.023657836914061647,0.4779052734375,0.5167744287786671,0.08424164747802332,0,20.0,-1.4409616721067302,-0.3370885592876249,14.457392531223972,12.213146549449162,,,,,,,off,5.0,legged_eval-seed1,,n/a,settle,0.0,auto,hold,8.0,0.8,2.0,1.0,0,WALK,first,on,1000,1,deterministic,20.0,1,200,lo,1.0,0.42,0.5,0.25,dead-reckoned-heading-hold,off,,,2.649,0.5676
18,agility_poles,4,0,1,1,heading-only,0.04,2.2329772949218807,2.4111907958984204,1.2997349269849043,1.3408579539935361,12.57374795121092,0,roll,9.26,-2.924520811739825,-0.31582298182935475,0.33815592527389526,0.13315089577990072,0.04440505355274519,0.4058685302734375,0.8920855143645348,-0.04139777546446315,1,9.26,-89.74671162342956,7.521428555022923,89.74671162342956,16.663045825688943,,,,,,,off,5.0,legged_eval-seed1,,n/a,settle,0.0,auto,hold,8.0,0.8,2.0,1.0,0,WALK,first,on,1000,1,deterministic,20.0,1,200,lo,1.0,0.42,0.5,0.25,dead-reckoned-heading-hold,off,,,2.649,0.5676
18,agility_poles,5,0,1,1,heading-only,0.04,2.8706817626953125,2.073986816406233,1.8721443070134234,0.9121087839310572,10.879569814912367,1,timeout,20.0,-5.483754240400032,-0.2741877120200016,0.33007216453552246,0.09353408813476563,0.0036993408203116473,0.0450592041015625,0.3792045908602428,-0.05116293362869006,0,20.0,6.37970999643458,-1.593486320773074,10.083806840700259,7.463334929560315,,,,,,,off,5.0,legged_eval-seed1,,n/a,settle,0.0,auto,hold,8.0,0.8,2.0,1.0,0,WALK,first,on,1000,1,deterministic,20.0,1,200,lo,1.0,0.42,0.5,0.25,dead-reckoned-heading-hold,off,,,2.649,0.5676
18,agility_poles,6,0,0,1,heading-only,0.04,4.531533813476585,1.700421142578108,3.544217624179232,3.0463001746489287,8.523732378644766,1,timeout,20.0,4.986147054205304,0.24930735271026522,0.3314903676509857,0.17657669067382925,-0.014978942871094603,-0.2723388671875,1.0452094151137563,0.02464217750157349,0,20.0,-4.003827606536884,-7.563862909951673,16.838433993715284,8.156923014407687,,,,,,,off,5.0,legged_eval-seed1,,n/a,settle,0.0,auto,hold,8.0,0.8,2.0,1.0,0,WALK,first,on,1000,1,deterministic,20.0,1,200,lo,1.0,0.42,0.5,0.25,dead-reckoned-heading-hold,off,,,2.649,0.5676
18,agility_poles,7,0,2,1,heading-only,0.04,3.2190582275390796,3.570202636718733,2.7184105167482233,2.738282788028951,8.920228401319504,0,roll,16.48,25.1282457216206,1.5247721918459103,0.32941311597824097,0.13465159147688588,0.09527928620866098,1.5646209716796875,1.7519015719604443,0.19763817715537363,1,16.48,-86.46676161896954,18.51159313508965,86.46676161896954,21.96888662079594,,,,,,,off,5.0,legged_eval-seed1,,n/a,settle,0.0,auto,hold,8.0,0.8,2.0,1.0,0,WALK,first,on,1000,1,deterministic,20.0,1,200,lo,1.0,0.42,0.5,0.25,dead-reckoned-heading-hold,off,,,2.649,0.5676
18,agility_poles,8,0,1,1,heading-only,0.04,2.5237243652343864,2.111187744140608,1.5277757216476544,0.8790233385294293,8.776979932290368,1,timeout,20.0,-11.183633719976967,-0.5591816859988483,0.3260173797607422,0.07618621826171931,0.005559387207030397,0.102142333984375,0.4424139593037707,-0.12810140416743573,0,20.0,6.70020652175512,-2.9901843113654127,16.543947412601405,7.427489369062561,,,,,,,off,5.0,legged_eval-seed1,,n/a,settle,0.0,auto,hold,8.0,0.8,2.0,1.0,0,WALK,first,on,1000,1,deterministic,20.0,1,200,lo,1.0,0.42,0.5,0.25,dead-reckoned-heading-hold,off,,,2.649,0.5676
18,agility_poles,9,0,1,1,heading-only,0.04,3.104650878906284,1.6184051513671704,2.1389646912897153,1.2576457932608212,7.155531335324991,1,timeout,20.0,4.982466759243579,0.24912333796217895,0.3322282135486603,0.1052325439453142,-0.019079742431641476,-0.37445068359375,0.7619904696073119,0.04131823034952119,0,20.0,3.8833382569088912,-4.207034557101793,16.771005488554955,11.172625114552192,,,,,,,off,5.0,legged_eval-seed1,,n/a,settle,0.0,auto,hold,8.0,0.8,2.0,1.0,0,WALK,first,on,1000,1,deterministic,20.0,1,200,lo,1.0,0.42,0.5,0.25,dead-reckoned-heading-hold,off,,,2.649,0.5676
19,balance_beam,0,0,1,1,heading-only,0.04,1.3364776372909546,1.2874053955078182,0.7880407798764428,1.4724404740269368,8.692779233335624,0,roll,4.46,-10.358379971760002,-2.3225067201255607,0.3314286768436432,0.07544341643294945,-0.15977457499824704,-0.722686767578125,0.39180351051980256,-0.5372952483125074,1,4.46,86.38602713278398,-10.611813320536747,86.38602713278398,14.743988293540143,,,,,,,off,5.0,legged_eval-seed1,,n/a,settle,0.0,auto,hold,8.0,0.8,2.0,1.0,0,WALK,first,on,1000,1,deterministic,20.0,1,200,lo,1.0,0.42,0.5,0.25,dead-reckoned-heading-hold,off,,,2.649,0.5676
19,balance_beam,1,0,0,1,heading-only,0.04,1.3648582458496108,1.4081939697265682,0.6952380290464936,0.6070400902599781,9.254084373762753,0,roll,3.2,4.732730487830764,1.4789782774471139,0.3280640244483948,0.11401820182800337,-0.18493938446044744,-0.58935546875,0.42426379616630777,0.2263940326463431,1,3.2,90.43906327401957,-9.552081885998449,90.43906327401957,17.522410293041975,,,,,,,off,5.0,legged_eval-seed1,,n/a,settle,0.0,auto,hold,8.0,0.8,2.0,1.0,0,WALK,first,on,1000,1,deterministic,20.0,1,200,lo,1.0,0.42,0.5,0.25,dead-reckoned-heading-hold,off,,,2.649,0.5676
19,balance_beam,2,0,2,1,heading-only,0.04,2.725512695312503,2.8567871093750057,1.9265197150498605,1.6196603043657836,8.219265590385088,0,roll,10.18,7.71632997475848,0.7579891920194971,0.3264489769935608,0.1695002647654718,0.08416376319990233,0.8491363525390625,1.2838199012528875,0.07804947746587036,1,10.18,-87.67132670341303,-40.338774717009876,87.67132670341303,41.337563546973804,,,,,,,off,5.0,legged_eval-seed1,,n/a,settle,0.0,auto,hold,8.0,0.8,2.0,1.0,0,WALK,first,on,1000,1,deterministic,20.0,1,200,lo,1.0,0.42,0.5,0.25,dead-reckoned-heading-hold,off,,,2.649,0.5676
19,balance_beam,3,0,3,1,heading-only,0.04,3.9099014282226676,2.4756530761718807,2.948520335836959,1.9005811223751412,7.604987980146193,0,below,17.18,70.8038402765365,4.121294544617958,0.3271177113056183,0.1693772659035313,0.027686442152030307,0.4798126220703125,2.6500366710080496,0.4246742256958586,1,17.18,-84.00168761358152,21.598744299108613,84.00168761358152,35.61105135266025,,,,,,,off,5.0,legged_eval-seed1,,n/a,settle,0.0,auto,hold,8.0,0.8,2.0,1.0,0,WALK,first,on,1000,1,deterministic,20.0,1,200,lo,1.0,0.42,0.5,0.25,dead-reckoned-heading-hold,off,,,2.649,0.5676
19,balance_beam,4,0,1,1,heading-only,0.04,2.259848022460943,2.5257019042968807,1.3651298589804985,0.7537417668012917,9.854184564602342,0,roll,6.66,-25.64662787325014,-3.8508450260135345,0.32739609479904175,0.18916636973888035,0.0789342198643965,0.5197601318359375,0.8312256601606647,-0.35529531375348294,1,6.66,-90.56109874925951,37.64194502485953,90.56109874925951,37.89268043558607,,,,,,,off,5.0,legged_eval-seed1,,n/a,settle,0.0,auto,hold,8.0,0.8,2.0,1.0,0,WALK,first,on,1000,1,deterministic,20.0,1,200,lo,1.0,0.42,0.5,0.25,dead-reckoned-heading-hold,off,,,2.649,0.5676
19,balance_beam,5,0,1,1,heading-only,0.04,2.4070587158203125,2.525839233398443,1.5021055652473196,0.6717006895953131,10.006766830922162,0,roll,4.92,-38.71536190472443,-7.86897599689521,0.31900733709335327,0.2859875438659172,0.10687789296716325,0.518157958984375,0.7737257271846701,-0.4802290968679915,1,4.92,-96.7387931506017,71.11334690976939,96.7387931506017,71.11334690976939,,,,,,,off,5.0,legged_eval-seed1,,n/a,settle,0.0,auto,hold,8.0,0.8,2.0,1.0,0,WALK,first,on,1000,1,deterministic,20.0,1,200,lo,1.0,0.42,0.5,0.25,dead-reckoned-heading-hold,off,,,2.649,0.5676
19,balance_beam,6,0,1,1,heading-only,0.04,2.4801422119140852,2.8037780761718807,1.684304059017994,0.8955288206119727,10.550519753893001,0,roll,6.8,-10.63690328165032,-1.5642504825956351,0.3324410021305084,0.21766797234030666,0.11820265826057069,0.7792510986328125,0.6139446179076994,-0.1254264509090048,1,6.8,-87.35830904440937,-16.674199665381135,87.35830904440937,16.674199665381135,,,,,,,off,5.0,legged_eval-seed1,,n/a,settle,0.0,auto,hold,8.0,0.8,2.0,1.0,0,WALK,first,on,1000,1,deterministic,20.0,1,200,lo,1.0,0.42,0.5,0.25,dead-reckoned-heading-hold,off,,,2.649,0.5676
19,balance_beam,7,0,1,1,heading-only,0.04,2.189685058593767,2.4408935546875057,1.2687543754431903,0.8573652603297226,11.418829808200277,0,below,5.86,35.80211511545767,6.109575958269226,0.3305850625038147,0.20301792808767355,0.07523780796715114,0.4057464599609375,0.7268760366084346,0.5252354675121914,1,5.86,-0.11901020425711012,57.845713198944495,44.89440191208423,60.70579059409835,,,,,,,off,5.0,legged_eval-seed1,,n/a,settle,0.0,auto,hold,8.0,0.8,2.0,1.0,0,WALK,first,on,1000,1,deterministic,20.0,1,200,lo,1.0,0.42,0.5,0.25,dead-reckoned-heading-hold,off,,,2.649,0.5676
19,balance_beam,8,0,0,1,heading-only,0.04,0.8331726074218864,2.5225585937500057,0.548542489526924,0.8471872611143945,13.077272100531179,0,roll,2.54,36.49077354688623,14.366446278301666,0.33677175641059875,-0.06568007581815498,0.20573172982283688,0.533050537109375,0.3084337421159642,-3.817623324026992,1,2.54,-91.09896950713369,14.095051879238586,91.09896950713369,22.054013216252716,,,,,,,off,5.0,legged_eval-seed1,,n/a,settle,0.0,auto,hold,8.0,0.8,2.0,1.0,0,WALK,first,on,1000,1,deterministic,20.0,1,200,lo,1.0,0.42,0.5,0.25,dead-reckoned-heading-hold,off,,,2.649,0.5676
19,balance_beam,9,0,1,1,heading-only,0.04,2.358374023437534,2.4780029296875057,1.4400231902090024,0.8001066770059956,12.151031567547108,0,roll,5.68,-22.81615098771138,-4.016927990794257,0.3318987786769867,0.2391503562390025,0.08415544536751861,0.477447509765625,0.7718134587711625,-0.2931570763993134,1,5.68,-94.32711620382258,45.200365616757765,94.32711620382258,45.200365616757765,,,,,,,off,5.0,legged_eval-seed1,,n/a,settle,0.0,auto,hold,8.0,0.8,2.0,1.0,0,WALK,first,on,1000,1,deterministic,20.0,1,200,lo,1.0,0.42,0.5,0.25,dead-reckoned-heading-hold,off,,,2.649,0.5676
