task,task_name,level,episode,goals,settle_ok,heading,heading_cap_rad,final_x_m,final_y_m,travelled_m,dist_to_next_goal_m,dist_to_last_goal_m,alive_at_end,end_cause,upright_s,yaw_cum_deg,yaw_rate_deg_s,base_h_max_m,vx_mean_ms,vy_mean_ms,cross_track_m,cross_track_abs_max_m,curvature_rad_m,fell,episode_s,end_roll_deg,end_pitch_deg,peak_roll_deg,peak_pitch_deg,switches,refused_ticks,steps_alive,frac_WALK,frac_TROT,frac_TURN,yaw_moment,yaw_moment_gain,terrain,planner_set,perception,turn_target,swing_lift_mm,foot_yaw_turn,roll_couple,roll_gain,roll_damp,roll_cap_nm,roll_sign,partial,skill,start_phase,foot_comp,steps,terrain_seed,measurement_seed,episode_length_s,episodes,num_envs,rate,gutter,spawn_z,settle_s,foot_clip_rad,steering,cross_track,cross_track_gain,cross_track_cap,cmd_mean_feet_down,cmd_frac_below_3_feet
0,jump_on_and_off_box,0,0,1,1,heading-only,0.04,1.4840178489685059,2.506141185760498,0.7003229098374137,1.1632127043954077,16.623689173685854,0,roll,8.52,17.932444136073627,2.1047469643278904,0.33052295446395874,0.05680960668644435,0.05940624246015236,0.5067934989929199,0.23393909824229464,0.6466294451153596,1,8.52,-87.38480943868758,-3.250253088040253,87.38480943868758,21.826058696390522,,,,,,,off,5.0,legged_eval-seed1,,n/a,settle,0.0,auto,hold,8.0,0.8,2.0,1.0,0,WALK,first,on,1000,1,deterministic,20.0,1,200,lo,1.0,0.42,0.5,0.1,dead-reckoned-heading-hold,off,,,2.649,0.5676
0,jump_on_and_off_box,1,0,1,1,heading-only,0.04,1.4487472534179702,1.5444684028625488,0.6394397027404296,1.1446470026018467,16.457558323393943,0,roll,10.94,-32.52809661641757,-2.9733177894348786,0.3272587060928345,0.04101894455374499,-0.04163908566155861,-0.4526940584182739,0.32051632154503346,-1.2651272649339833,1,10.94,88.89019767574176,1.7545347888797753,88.89019767574176,16.341023393851398,,,,,,,off,5.0,legged_eval-seed1,,n/a,settle,0.0,auto,hold,8.0,0.8,2.0,1.0,0,WALK,first,on,1000,1,deterministic,20.0,1,200,lo,1.0,0.42,0.5,0.1,dead-reckoned-heading-hold,off,,,2.649,0.5676
0,jump_on_and_off_box,2,0,1,1,heading-only,0.04,1.7288696289062528,1.968103051185608,0.7295672356168461,0.7577665496068758,15.571163040985141,1,timeout,20.0,-42.803851950330966,-2.140192597516548,0.3246459364891052,0.03644348144531264,-0.0015948474407196044,-0.042813897132873535,0.5241146582772686,-1.0249681416833456,0,20.0,1.866976177946442,-3.832628390518385,10.891821537644082,9.315483556526797,,,,,,,off,5.0,legged_eval-seed1,,n/a,settle,0.0,auto,hold,8.0,0.8,2.0,1.0,0,WALK,first,on,1000,1,deterministic,20.0,1,200,lo,1.0,0.42,0.5,0.1,dead-reckoned-heading-hold,off,,,2.649,0.5676
0,jump_on_and_off_box,3,0,1,1,heading-only,0.04,1.6717193603515739,1.9503248929977417,0.6735536469553212,0.8838179202951872,15.428360609993726,1,timeout,20.0,-15.889961731129404,-0.7944980865564701,0.3331567049026489,0.033585968017578696,-0.002483755350112915,-0.0414966344833374,0.30541054851516286,-0.4128690738926329,0,20.0,-23.775136147064615,-15.449950692131292,23.775136147064615,20.240612749909815,,,,,,,off,5.0,legged_eval-seed1,,n/a,settle,0.0,auto,hold,8.0,0.8,2.0,1.0,0,WALK,first,on,1000,1,deterministic,20.0,1,200,lo,1.0,0.42,0.5,0.1,dead-reckoned-heading-hold,off,,,2.649,0.5676
0,jump_on_and_off_box,4,0,1,1,heading-only,0.04,1.2081207275390682,1.372594952583313,0.6610229426845382,1.509449653928021,16.204030099560853,0,roll,13.38,-53.25595622213183,-3.9802657864074606,0.32839271426200867,0.015554613418465483,-0.046891259149229224,-0.6459735631942749,0.26381020385228054,-4.466118263975788,1,13.38,87.86467941140116,0.8722748167535745,87.86467941140116,16.7207351197575,,,,,,,off,5.0,legged_eval-seed1,,n/a,settle,0.0,auto,hold,8.0,0.8,2.0,1.0,0,WALK,first,on,1000,1,deterministic,20.0,1,200,lo,1.0,0.42,0.5,0.1,dead-reckoned-heading-hold,off,,,2.649,0.5676
0,jump_on_and_off_box,5,0,0,1,heading-only,0.04,0.8546600341796875,1.4341837167739868,0.5841847071161222,0.8582608798312213,16.005344378942056,0,roll,2.12,-16.281461154633803,-7.679934506902737,0.31062090396881104,-0.0685565876510908,-0.2668944732198175,-0.5639517307281494,0.3766461946769264,1.9551752512123062,1,2.12,89.6949156880626,3.997054448987336,89.6949156880626,13.046677458211015,,,,,,,off,5.0,legged_eval-seed1,,n/a,settle,0.0,auto,hold,8.0,0.8,2.0,1.0,0,WALK,first,on,1000,1,deterministic,20.0,1,200,lo,1.0,0.42,0.5,0.1,dead-reckoned-heading-hold,off,,,2.649,0.5676
0,jump_on_and_off_box,6,0,1,1,heading-only,0.04,1.6422821044922102,2.098050832748413,0.6497232238065681,0.9465951095878454,14.55804809344268,1,timeout,20.0,8.56441456262624,0.428220728131312,0.32764244079589844,0.032114105224610515,0.004902541637420654,0.09886634349822998,0.06326810638975033,0.23272831607499797,0,20.0,3.1311444035239626,-1.8103096200994782,6.83604602014092,4.8600163491996895,,,,,,,off,5.0,legged_eval-seed1,,n/a,settle,0.0,auto,hold,8.0,0.8,2.0,1.0,0,WALK,first,on,1000,1,deterministic,20.0,1,200,lo,1.0,0.42,0.5,0.1,dead-reckoned-heading-hold,off,,,2.649,0.5676
0,jump_on_and_off_box,7,0,1,1,heading-only,0.04,1.334857177734392,2.6404895782470703,0.7227421596415642,1.3794689924344306,15.12870679989969,0,roll,3.8000000000000003,10.68076793643317,2.8107284043245184,0.3176858425140381,0.08812030993010317,0.1685498890123869,0.605478048324585,0.28628688471789154,0.5566987346469929,1,3.8000000000000003,-88.99198424166856,8.83006339939557,88.99198424166856,12.925539130495018,,,,,,,off,5.0,legged_eval-seed1,,n/a,settle,0.0,auto,hold,8.0,0.8,2.0,1.0,0,WALK,first,on,1000,1,deterministic,20.0,1,200,lo,1.0,0.42,0.5,0.1,dead-reckoned-heading-hold,off,,,2.649,0.5676
0,jump_on_and_off_box,8,0,0,1,heading-only,0.04,1.2049682617187614,2.5038092136383057,0.5439078157729107,0.5838385481792866,15.053464841345884,0,roll,2.06,-21.040687237158266,-10.213925843280713,0.33316341042518616,0.099499156174156,0.24456757943607071,0.5243614912033081,0.39253517619670675,-1.7916396718758294,1,2.06,-90.91716549946074,-14.249545878613368,90.91716549946074,17.886356276732304,,,,,,,off,5.0,legged_eval-seed1,,n/a,settle,0.0,auto,hold,8.0,0.8,2.0,1.0,0,WALK,first,on,1000,1,deterministic,20.0,1,200,lo,1.0,0.42,0.5,0.1,dead-reckoned-heading-hold,off,,,2.649,0.5676
0,jump_on_and_off_box,9,0,1,1,heading-only,0.04,1.663427734375034,1.6337206363677979,0.7578238126113495,0.8643864567843385,13.741454733068082,1,timeout,20.0,-58.86732459013717,-2.9433662295068586,0.3242151737213135,0.03317138671875171,-0.01831396818161011,-0.36237144470214844,0.4345026372186144,-1.5486669952168628,0,20.0,11.060565751021995,-3.8950807721132206,13.467244645690936,6.464551512558952,,,,,,,off,5.0,legged_eval-seed1,,n/a,settle,0.0,auto,hold,8.0,0.8,2.0,1.0,0,WALK,first,on,1000,1,deterministic,20.0,1,200,lo,1.0,0.42,0.5,0.1,dead-reckoned-heading-hold,off,,,2.649,0.5676
1,forward_ramp_lips,0,0,1,1,heading-only,0.04,1.3543165922164917,2.543076133728027,0.6484380730223123,1.3589250824526318,12.907113629344396,0,roll,11.78,40.79437833435648,3.463020232118547,0.32745322585105896,0.0300778091864594,0.04610153936570688,0.5406322479248047,0.2675602876474846,2.0094916068839432,1,11.78,-86.41624595369981,6.77791849900455,86.41624595369981,16.763199841959782,,,,,,,off,5.0,legged_eval-seed1,,n/a,settle,0.0,auto,hold,8.0,0.8,2.0,1.0,0,WALK,first,on,1000,1,deterministic,20.0,1,200,lo,1.0,0.42,0.5,0.1,dead-reckoned-heading-hold,off,,,2.649,0.5676
1,forward_ramp_lips,1,0,0,1,heading-only,0.04,0.9366928100585952,2.637775039672851,0.6409093551571736,0.8509241984274445,12.629421018758435,0,roll,4.68,9.435046995025175,2.0160356826976873,0.3401263654232025,-0.013527177337907016,0.13627671787881437,0.6120624542236328,0.37024085652041216,-2.6011679762757156,1,4.68,-89.27928813260192,-2.785502910006288,89.27928813260192,13.072459024489216,,,,,,,off,5.0,legged_eval-seed1,,n/a,settle,0.0,auto,hold,8.0,0.8,2.0,1.0,0,WALK,first,on,1000,1,deterministic,20.0,1,200,lo,1.0,0.42,0.5,0.1,dead-reckoned-heading-hold,off,,,2.649,0.5676
1,forward_ramp_lips,2,0,1,1,heading-only,0.04,1.6923248291015653,1.7648559570312496,0.7311678261071128,0.7827316219191245,11.660046445496079,1,timeout,20.0,-30.55825683389307,-1.5279128416946535,0.3284718096256256,0.034616241455078266,-0.011757202148437517,-0.23372936248779297,0.21699032306379093,-0.7703641022287382,0,20.0,1.7775039432157698,-5.780976949014012,12.76523580617808,9.334448793376032,,,,,,,off,5.0,legged_eval-seed1,,n/a,settle,0.0,auto,hold,8.0,0.8,2.0,1.0,0,WALK,first,on,1000,1,deterministic,20.0,1,200,lo,1.0,0.42,0.5,0.1,dead-reckoned-heading-hold,off,,,2.649,0.5676
1,forward_ramp_lips,3,0,1,1,heading-only,0.04,1.6929214477539176,1.8948808670043942,0.700849602182332,0.9464086620553751,12.60751679176454,1,timeout,20.0,-26.050684923667262,-1.302534246183363,0.3357827365398407,0.03464607238769588,-0.005255956649780291,-0.06713390350341797,0.31436516411567944,-0.6561641666475185,0,20.0,0.5301859839435386,-3.959871795215128,12.814738332894471,9.782917430282875,,,,,,,off,5.0,legged_eval-seed1,,n/a,settle,0.0,auto,hold,8.0,0.8,2.0,1.0,0,WALK,first,on,1000,1,deterministic,20.0,1,200,lo,1.0,0.42,0.5,0.1,dead-reckoned-heading-hold,off,,,2.649,0.5676
1,forward_ramp_lips,4,0,1,1,heading-only,0.04,1.3913482666015682,1.3548246383666989,0.7545891021149941,1.1552061127369582,12.07589884334294,0,roll,4.54,-6.6041277330425885,-1.4546536856922,0.3250555694103241,0.08620005872281238,-0.14210911049191655,-0.6768312454223633,0.46627964577327186,-0.2945299187468035,1,4.54,89.33920677209694,-11.389201307407065,89.33920677209694,15.86432410362364,,,,,,,off,5.0,legged_eval-seed1,,n/a,settle,0.0,auto,hold,8.0,0.8,2.0,1.0,0,WALK,first,on,1000,1,deterministic,20.0,1,200,lo,1.0,0.42,0.5,0.1,dead-reckoned-heading-hold,off,,,2.649,0.5676
1,forward_ramp_lips,5,0,1,1,heading-only,0.04,1.650970458984375,1.5993572235107418,0.764380254077347,0.9550917405741759,12.305553310807595,1,timeout,20.0,-35.998148478028014,-1.7999074239014008,0.33055874705314636,0.03254852294921875,-0.02003213882446291,-0.3626260757446289,0.2526189234115155,-0.9651531907355799,0,20.0,10.7960337416666,-3.6296074323755745,15.019832795406208,9.30545053472444,,,,,,,off,5.0,legged_eval-seed1,,n/a,settle,0.0,auto,hold,8.0,0.8,2.0,1.0,0,WALK,first,on,1000,1,deterministic,20.0,1,200,lo,1.0,0.42,0.5,0.1,dead-reckoned-heading-hold,off,,,2.649,0.5676
1,forward_ramp_lips,6,0,1,1,heading-only,0.04,1.7171722412109602,1.6971260070800778,0.7785041291803202,0.8074921518431198,11.936670849802036,1,timeout,20.0,-40.686818871616,-2.0343409435808,0.3234425187110901,0.03585861206054801,-0.01514369964599611,-0.3130626678466797,0.3516865304703466,-0.9901651383957815,0,20.0,0.032353892191695884,-5.710641991894438,11.527745424995398,10.096628969848675,,,,,,,off,5.0,legged_eval-seed1,,n/a,settle,0.0,auto,hold,8.0,0.8,2.0,1.0,0,WALK,first,on,1000,1,deterministic,20.0,1,200,lo,1.0,0.42,0.5,0.1,dead-reckoned-heading-hold,off,,,2.649,0.5676
1,forward_ramp_lips,7,0,1,1,heading-only,0.04,1.281939697265642,2.4253736495971676,0.5103261061966708,1.3353028586815225,12.075554737245174,0,roll,9.98,43.44123904519776,4.35282956364707,0.3267368674278259,0.028250470667900002,0.04262261018007691,0.3900117874145508,0.427211236750124,2.6892014847070427,1,9.98,-87.83100945376546,-1.2855133522103888,87.83100945376546,16.515672202090144,,,,,,,off,5.0,legged_eval-seed1,,n/a,settle,0.0,auto,hold,8.0,0.8,2.0,1.0,0,WALK,first,on,1000,1,deterministic,20.0,1,200,lo,1.0,0.42,0.5,0.1,dead-reckoned-heading-hold,off,,,2.649,0.5676
1,forward_ramp_lips,8,0,1,1,heading-only,0.04,1.2732360839843864,1.2785869598388668,0.7714238342867372,1.370334785511601,12.697274516876044,0,roll,6.44,-37.1433201203061,-5.767596291972996,0.3359624445438385,0.04242796335161279,-0.11202065841011384,-0.7166032791137695,0.3514521066175084,-2.3725754730793254,1,6.44,88.86916836270802,8.05508958227981,88.86916836270802,12.674162283404266,,,,,,,off,5.0,legged_eval-seed1,,n/a,settle,0.0,auto,hold,8.0,0.8,2.0,1.0,0,WALK,first,on,1000,1,deterministic,20.0,1,200,lo,1.0,0.42,0.5,0.1,dead-reckoned-heading-hold,off,,,2.649,0.5676
1,forward_ramp_lips,9,0,1,1,heading-only,0.04,1.441259765625034,2.6520086288452145,0.7872899293450137,1.2437667586615786,12.02642745243925,0,roll,5.5,10.646246207137352,1.9356811285704276,0.3385802209377289,0.08022904829546075,0.11854702342640264,0.6227092742919922,0.27006904801672504,0.4210944748821743,1,5.5,-86.43180106533178,7.447277227087382,86.43180106533178,14.101246172109217,,,,,,,off,5.0,legged_eval-seed1,,n/a,settle,0.0,auto,hold,8.0,0.8,2.0,1.0,0,WALK,first,on,1000,1,deterministic,20.0,1,200,lo,1.0,0.42,0.5,0.1,dead-reckoned-heading-hold,off,,,2.649,0.5676
2,sphere_bump_lips,0,0,0,1,heading-only,0.04,0.5872743725776672,2.6840984344482415,0.7989575154823272,1.1406396183580623,15.777563496098228,0,roll,1.36,-1.3975722807188902,-1.027626676999184,0.3178490996360779,-0.30347472604583287,0.503013554741354,0.6904582977294922,0.4792061819034392,0.05910037131808894,1,1.36,-87.79224820278722,0.6115038293018749,87.79224820278722,7.340755973951376,,,,,,,off,5.0,legged_eval-seed1,,n/a,settle,0.0,auto,hold,8.0,0.8,2.0,1.0,0,WALK,first,on,1000,1,deterministic,20.0,1,200,lo,1.0,0.42,0.5,0.1,dead-reckoned-heading-hold,off,,,2.649,0.5676
2,sphere_bump_lips,1,0,0,1,heading-only,0.04,1.132485961914064,1.9809715270996087,0.13384548137765326,0.3680063192000265,14.86752621505889,1,timeout,20.0,-0.6161245318842532,-0.03080622659421266,0.3167888820171356,0.006624298095703196,-0.0009514236450195668,-8.7738037109375e-05,0.05011562215765908,-0.0811663479536354,0,20.0,-0.7564630652651202,-5.151601749079216,12.70620244929586,7.274435669777344,,,,,,,off,5.0,legged_eval-seed1,,n/a,settle,0.0,auto,hold,8.0,0.8,2.0,1.0,0,WALK,first,on,1000,1,deterministic,20.0,1,200,lo,1.0,0.42,0.5,0.1,dead-reckoned-heading-hold,off,,,2.649,0.5676
2,sphere_bump_lips,2,0,1,1,heading-only,0.04,4.386187744140628,2.277812194824218,3.397564871221923,1.50308706454245,11.367207599142928,1,timeout,20.0,-21.959884458552523,-1.097994222927626,0.33056673407554626,0.1693093872070314,0.013890609741210902,0.2620067596435547,1.5982857282384688,-0.11318695716812462,0,20.0,9.446997122767494,-3.258508485987057,10.850756629131556,8.56976656745697,,,,,,,off,5.0,legged_eval-seed1,,n/a,settle,0.0,auto,hold,8.0,0.8,2.0,1.0,0,WALK,first,on,1000,1,deterministic,20.0,1,200,lo,1.0,0.42,0.5,0.1,dead-reckoned-heading-hold,off,,,2.649,0.5676
2,sphere_bump_lips,3,0,1,1,heading-only,0.04,1.9768875122070426,1.3559085845947259,1.1701123719134134,1.1594779091749732,13.538442491989269,0,roll,10.24,-16.15818266018053,-1.5779475254082547,0.33373498916625977,0.095399171113969,-0.0628995522856713,-0.6465721130371094,0.2778155529187729,-0.28868573406334636,1,10.24,89.97929587518148,1.0333219489190417,89.97929587518148,15.574811380209846,,,,,,,off,5.0,legged_eval-seed1,,n/a,settle,0.0,auto,hold,8.0,0.8,2.0,1.0,0,WALK,first,on,1000,1,deterministic,20.0,1,200,lo,1.0,0.42,0.5,0.1,dead-reckoned-heading-hold,off,,,2.649,0.5676
2,sphere_bump_lips,4,0,1,1,heading-only,0.04,1.5409759521484432,1.5263397216796868,0.7190334067770365,2.032200590556119,13.317450024894006,0,roll,5.84,-7.034955631277882,-1.2046156902873084,0.32999560236930847,0.09263286851856904,-0.08110621204114953,-0.4830894470214844,0.20799509755851064,-0.2269659825171372,1,5.84,88.26931873071288,4.950533815300772,88.26931873071288,12.96896573359024,,,,,,,off,5.0,legged_eval-seed1,,n/a,settle,0.0,auto,hold,8.0,0.8,2.0,1.0,0,WALK,first,on,1000,1,deterministic,20.0,1,200,lo,1.0,0.42,0.5,0.1,dead-reckoned-heading-hold,off,,,2.649,0.5676
2,sphere_bump_lips,5,0,1,1,heading-only,0.04,2.5373077392578125,1.9999057769775384,1.537307742145321,0.6904331738807866,12.012692261111724,1,timeout,20.0,6.451485892910483,0.3225742946455242,0.32850977778434753,0.07686538696289062,-4.7111511230824025e-06,0.004268646240234375,0.27357051322369774,0.07324471711279848,0,20.0,2.074283554448007,-5.759484834752955,13.33580776765178,9.556952153444035,,,,,,,off,5.0,legged_eval-seed1,,n/a,settle,0.0,auto,hold,8.0,0.8,2.0,1.0,0,WALK,first,on,1000,1,deterministic,20.0,1,200,lo,1.0,0.42,0.5,0.1,dead-reckoned-heading-hold,off,,,2.649,0.5676
2,sphere_bump_lips,6,0,1,1,heading-only,0.04,1.1027160644531477,2.6869995117187493,0.694635817532139,1.5436966235883898,13.065358258535465,0,roll,3.94,9.271547738966262,2.3531847053213863,0.31969523429870605,0.026070067120088258,0.1743653583042511,0.65887451171875,0.36845718518266424,1.5754014297793522,1,3.94,-86.89550361894288,-0.9252915598370423,86.89550361894288,11.29517611055651,,,,,,,off,5.0,legged_eval-seed1,,n/a,settle,0.0,auto,hold,8.0,0.8,2.0,1.0,0,WALK,first,on,1000,1,deterministic,20.0,1,200,lo,1.0,0.42,0.5,0.1,dead-reckoned-heading-hold,off,,,2.649,0.5676
2,sphere_bump_lips,7,0,1,1,heading-only,0.04,1.7772247314453296,2.541485977172851,0.9472514695924741,1.3391088487555545,11.885116728121705,0,roll,7.74,-10.879655737532744,-1.405640276167021,0.3398459851741791,0.10041663196968081,0.06995942857530373,0.5272102355957031,0.3662192600653961,-0.24431262467719744,1,7.74,-88.08699742959487,-0.9333380159915436,88.08699742959487,9.88989068925942,,,,,,,off,5.0,legged_eval-seed1,,n/a,settle,0.0,auto,hold,8.0,0.8,2.0,1.0,0,WALK,first,on,1000,1,deterministic,20.0,1,200,lo,1.0,0.42,0.5,0.1,dead-reckoned-heading-hold,off,,,2.649,0.5676
2,sphere_bump_lips,8,0,1,1,heading-only,0.04,2.0200317382812614,1.3380996704101555,1.2159674310655844,1.127833405205116,11.449117280830368,0,roll,9.52,-11.270990032407383,-1.1839275244125402,0.3303002119064331,0.10714619099593083,-0.06952734554515173,-0.6598339080810547,0.5083670149854967,-0.19285271099155663,1,9.52,86.50857860228217,3.7603700485791216,86.50857860228217,12.977588780180247,,,,,,,off,5.0,legged_eval-seed1,,n/a,settle,0.0,auto,hold,8.0,0.8,2.0,1.0,0,WALK,first,on,1000,1,deterministic,20.0,1,200,lo,1.0,0.42,0.5,0.1,dead-reckoned-heading-hold,off,,,2.649,0.5676
2,sphere_bump_lips,9,0,1,1,heading-only,0.04,2.449316406250034,2.2771389007568352,1.4755758251402131,0.6553591155263704,10.704271826885838,1,timeout,20.0,16.404003926950026,0.8202001963475013,0.32983461022377014,0.0724658203125017,0.013856945037841762,0.2745075225830078,0.30828711887729654,0.19754408202425644,0,20.0,4.929596933003421,-4.883602160568426,12.119466390611572,7.209357606855186,,,,,,,off,5.0,legged_eval-seed1,,n/a,settle,0.0,auto,hold,8.0,0.8,2.0,1.0,0,WALK,first,on,1000,1,deterministic,20.0,1,200,lo,1.0,0.42,0.5,0.1,dead-reckoned-heading-hold,off,,,2.649,0.5676
3,forward_ramp_no_lips,0,0,1,1,heading-only,0.04,1.4278573989868164,1.649874496459958,0.5528560591120728,1.1077519144167511,9.27875079316999,0,roll,12.58,-56.65164971766552,-4.503310788367688,0.35866791009902954,0.034010922018029924,-0.027831916020671057,-0.3429889678955078,0.7470762440913514,-2.310951771784706,1,12.58,89.24209116115743,-0.15910338678415611,89.24209116115743,26.694985092712844,,,,,,,off,5.0,legged_eval-seed1,,n/a,settle,0.0,auto,hold,8.0,0.8,2.0,1.0,0,WALK,first,on,1000,1,deterministic,20.0,1,200,lo,1.0,0.42,0.5,0.1,dead-reckoned-heading-hold,off,,,2.649,0.5676
3,forward_ramp_no_lips,1,0,1,1,heading-only,0.04,1.4105430603027358,1.5723331451415987,0.5928275829507367,1.1512497227598866,9.449139974365039,0,roll,8.94,-58.341471460137484,-6.525891662207773,0.34029293060302734,0.04592204253945591,-0.04783745580071603,-0.42633056640625,0.5856830064004434,-2.480253269137813,1,8.94,91.59218460258042,2.995020209845576,91.59218460258042,15.525745015490527,,,,,,,off,5.0,legged_eval-seed1,,n/a,settle,0.0,auto,hold,8.0,0.8,2.0,1.0,0,WALK,first,on,1000,1,deterministic,20.0,1,200,lo,1.0,0.42,0.5,0.1,dead-reckoned-heading-hold,off,,,2.649,0.5676
3,forward_ramp_no_lips,2,0,1,1,heading-only,0.04,1.5623809814453153,1.6126678466796847,0.6828605752912876,0.9611726671928215,9.095869701320082,0,roll,8.22,-36.23847198860656,-4.4085732346236695,0.33948415517807007,0.06841617779140088,-0.0471206999173133,-0.39408302307128906,0.41136163779251245,-1.1246480107976813,1,8.22,93.26622695033613,0.9466452252858525,93.26622695033613,16.80955139627191,,,,,,,off,5.0,legged_eval-seed1,,n/a,settle,0.0,auto,hold,8.0,0.8,2.0,1.0,0,WALK,first,on,1000,1,deterministic,20.0,1,200,lo,1.0,0.42,0.5,0.1,dead-reckoned-heading-hold,off,,,2.649,0.5676
3,forward_ramp_no_lips,3,0,1,1,heading-only,0.04,1.3228729248046989,2.55268745422363,0.6400862032790098,1.1595758748122802,9.642978748499587,0,roll,4.08,8.80294002879694,2.157583340391407,0.3368756175041199,0.0791355207854654,0.13546261132932108,0.5445594787597656,0.2662976515482255,0.4758537354937576,1,4.08,-89.83801786807248,1.528602617265142,89.83801786807248,11.486300194750095,,,,,,,off,5.0,legged_eval-seed1,,n/a,settle,0.0,auto,hold,8.0,0.8,2.0,1.0,0,WALK,first,on,1000,1,deterministic,20.0,1,200,lo,1.0,0.42,0.5,0.1,dead-reckoned-heading-hold,off,,,2.649,0.5676
3,forward_ramp_no_lips,4,0,1,1,heading-only,0.04,1.5929016113281307,1.2768028259277315,0.9351718950554537,1.0813665512860262,8.687253113828973,0,roll,8.28,-30.78078137607494,-3.7174856734390027,0.3335690498352051,0.07160647479808342,-0.08734265387346238,-0.7148723602294922,0.19280510912740437,-0.9060963422677234,1,8.28,88.99887349248449,3.5501147520405745,88.99887349248449,18.243574962221576,,,,,,,off,5.0,legged_eval-seed1,,n/a,settle,0.0,auto,hold,8.0,0.8,2.0,1.0,0,WALK,first,on,1000,1,deterministic,20.0,1,200,lo,1.0,0.42,0.5,0.1,dead-reckoned-heading-hold,off,,,2.649,0.5676
3,forward_ramp_no_lips,5,0,1,1,heading-only,0.04,1.7003631591796875,2.7330692291259737,1.013853564094688,0.9079508992302965,9.079279566431667,0,roll,7.08,5.493709267708027,0.7759476366819248,0.34175583720207214,0.09892135016662253,0.10354085157146521,0.7279052734375,0.408958163626641,0.13690513787323802,1,7.08,-86.88979799096316,-9.990386664726945,86.88979799096316,14.328581231592908,,,,,,,off,5.0,legged_eval-seed1,,n/a,settle,0.0,auto,hold,8.0,0.8,2.0,1.0,0,WALK,first,on,1000,1,deterministic,20.0,1,200,lo,1.0,0.42,0.5,0.1,dead-reckoned-heading-hold,off,,,2.649,0.5676
3,forward_ramp_no_lips,6,0,1,1,heading-only,0.04,1.7472320556640852,3.0124824523925753,1.2583626112591149,1.292040162932632,9.30799846090088,0,roll,8.66,17.35864749918585,2.0044627597212297,0.34031274914741516,0.08628545677414379,0.11691483283978929,1.0109481811523438,0.6441121139721345,0.40545042233850515,1,8.66,-86.5411690161947,-3.8712773245954195,86.5411690161947,10.279037352809281,,,,,,,off,5.0,legged_eval-seed1,,n/a,settle,0.0,auto,hold,8.0,0.8,2.0,1.0,0,WALK,first,on,1000,1,deterministic,20.0,1,200,lo,1.0,0.42,0.5,0.1,dead-reckoned-heading-hold,off,,,2.649,0.5676
3,forward_ramp_no_lips,7,0,1,1,heading-only,0.04,1.8421966552734546,1.5149524688720675,0.9718880149518754,0.8358148658103829,9.769851443180174,0,roll,10.28,1.3009168603054206,0.12654833271453508,0.35194140672683716,0.08192574467640609,-0.04718361197742535,-0.4939155578613281,0.30056573240426354,0.026959597102252195,1,10.28,86.16322821483975,-3.866178195876104,86.16322821483975,21.94731884306748,,,,,,,off,5.0,legged_eval-seed1,,n/a,settle,0.0,auto,hold,8.0,0.8,2.0,1.0,0,WALK,first,on,1000,1,deterministic,20.0,1,200,lo,1.0,0.42,0.5,0.1,dead-reckoned-heading-hold,off,,,2.649,0.5676
3,forward_ramp_no_lips,8,0,1,1,heading-only,0.04,1.3972595214843864,2.4078758239746065,0.569366152131445,1.0342966004005014,10.110970668735067,0,roll,9.88,50.93116931992063,5.154976651813828,0.3324293792247772,0.04020845359153708,0.04128297813508163,0.3950672149658203,0.5733080807462219,2.23762187801526,1,9.88,-86.97703686490128,0.7420741456930987,86.97703686490128,15.124748726451525,,,,,,,off,5.0,legged_eval-seed1,,n/a,settle,0.0,auto,hold,8.0,0.8,2.0,1.0,0,WALK,first,on,1000,1,deterministic,20.0,1,200,lo,1.0,0.42,0.5,0.1,dead-reckoned-heading-hold,off,,,2.649,0.5676
3,forward_ramp_no_lips,9,0,1,1,heading-only,0.04,1.695837402343784,1.4297912597656222,0.8996264213217737,0.9203782848769608,9.471342483004243,0,roll,5.96,7.398997258262199,1.2414424929970131,0.3279896080493927,0.11675124200399062,-0.09567260742187547,-0.5824794769287109,0.4202346401952862,0.1855848263800391,1,5.96,89.64855535725063,-10.03480798251286,89.64855535725063,12.702893346134923,,,,,,,off,5.0,legged_eval-seed1,,n/a,settle,0.0,auto,hold,8.0,0.8,2.0,1.0,0,WALK,first,on,1000,1,deterministic,20.0,1,200,lo,1.0,0.42,0.5,0.1,dead-reckoned-heading-hold,off,,,2.649,0.5676
4,flush_a_frame,0,0,1,1,heading-only,0.04,1.262563943862915,1.3399757385253892,0.7103322112588963,1.5201106962817703,12.854392110136661,0,roll,8.6,-66.63687733711981,-7.748474108967421,0.33215978741645813,0.030530691146850586,-0.07674700714821056,-0.6714935302734375,0.32413189472246684,-4.429522559988484,1,8.6,90.95590384557013,11.665644321877535,90.95590384557013,16.43860795968004,,,,,,,off,5.0,legged_eval-seed1,,n/a,settle,0.0,auto,hold,8.0,0.8,2.0,1.0,0,WALK,first,on,1000,1,deterministic,20.0,1,200,lo,1.0,0.42,0.5,0.1,dead-reckoned-heading-hold,off,,,2.649,0.5676
4,flush_a_frame,1,0,1,1,heading-only,0.04,1.754434204101564,1.6108154296874986,0.8489025845688577,1.127540115180394,12.5516009245429,0,roll,6.44,-0.6237253876764441,-0.09685176827273977,0.33144837617874146,0.11714816833875215,-0.06043238669448779,-0.432098388671875,0.3060099375805756,-0.014429438092876426,1,6.44,88.93942696982377,0.05841028258815409,88.93942696982377,18.839144999768394,,,,,,,off,5.0,legged_eval-seed1,,n/a,settle,0.0,auto,hold,8.0,0.8,2.0,1.0,0,WALK,first,on,1000,1,deterministic,20.0,1,200,lo,1.0,0.42,0.5,0.1,dead-reckoned-heading-hold,off,,,2.649,0.5676
4,flush_a_frame,2,0,1,1,heading-only,0.04,1.6912261962890653,2.683554077148436,0.9721315913097874,1.2126039915025366,11.628881089860341,0,roll,6.5200000000000005,13.3593671215896,2.048982687360368,0.34189167618751526,0.10601628777439652,0.10483958238472946,0.6753196716308594,0.31663452203621156,0.33732075477780127,1,6.5200000000000005,-86.67173980206981,2.721354575907749,86.67173980206981,21.957890336688994,,,,,,,off,5.0,legged_eval-seed1,,n/a,settle,0.0,auto,hold,8.0,0.8,2.0,1.0,0,WALK,first,on,1000,1,deterministic,20.0,1,200,lo,1.0,0.42,0.5,0.1,dead-reckoned-heading-hold,off,,,2.649,0.5676
4,flush_a_frame,3,0,1,1,heading-only,0.04,1.6521804809570426,2.808828735351561,1.0390107327991205,1.1456728264680982,13.072864954731571,0,roll,5.72,5.534228958034021,0.9675225451108428,0.33544543385505676,0.11401756660088158,0.14140362506146173,0.8053703308105469,0.4804011786857509,0.14810396768570402,1,5.72,-88.10913481516215,-9.869989311041031,88.10913481516215,19.44962436998966,,,,,,,off,5.0,legged_eval-seed1,,n/a,settle,0.0,auto,hold,8.0,0.8,2.0,1.0,0,WALK,first,on,1000,1,deterministic,20.0,1,200,lo,1.0,0.42,0.5,0.1,dead-reckoned-heading-hold,off,,,2.649,0.5676
4,flush_a_frame,4,0,1,1,heading-only,0.04,1.7607482910156307,2.75492706298828,1.071752225430539,1.0261471988577688,12.462138578506595,0,roll,8.26,-0.4917448917439913,-0.059533279872153906,0.34527847170829773,0.09210027736266715,0.09139552820681354,0.7572669982910156,0.5736408391457672,-0.011281743964666215,1,8.26,-90.92974553183723,0.5105209196103409,90.92974553183723,17.586455534819137,,,,,,,off,5.0,legged_eval-seed1,,n/a,settle,0.0,auto,hold,8.0,0.8,2.0,1.0,0,WALK,first,on,1000,1,deterministic,20.0,1,200,lo,1.0,0.42,0.5,0.1,dead-reckoned-heading-hold,off,,,2.649,0.5676
4,flush_a_frame,5,0,1,1,heading-only,0.04,1.4394073486328125,2.564657592773436,0.7154837629948073,1.5305693875413968,13.472430839426016,0,roll,6.82,59.958162074350014,8.79151936574047,0.33433255553245544,0.06442923000481121,0.0827943684418528,0.5634613037109375,0.35673357897552554,2.381542650339864,1,6.82,-89.20743995085246,20.46283231444292,89.20743995085246,22.344303847001452,,,,,,,off,5.0,legged_eval-seed1,,n/a,settle,0.0,auto,hold,8.0,0.8,2.0,1.0,0,WALK,first,on,1000,1,deterministic,20.0,1,200,lo,1.0,0.42,0.5,0.1,dead-reckoned-heading-hold,off,,,2.649,0.5676
4,flush_a_frame,6,0,1,1,heading-only,0.04,1.4995971679687727,2.357057952880858,0.614074679463245,1.3718319355559176,13.705054839060091,0,roll,14.02,29.152184073181502,2.0793283932369118,0.331552654504776,0.03563460541860005,0.02546775698151626,0.3499870300292969,0.44623890069484207,1.0184236998242377,1,14.02,-89.3722985091991,6.693707406567957,89.3722985091991,17.512058644116966,,,,,,,off,5.0,legged_eval-seed1,,n/a,settle,0.0,auto,hold,8.0,0.8,2.0,1.0,0,WALK,first,on,1000,1,deterministic,20.0,1,200,lo,1.0,0.42,0.5,0.1,dead-reckoned-heading-hold,off,,,2.649,0.5676
4,flush_a_frame,7,0,1,1,heading-only,0.04,1.5878326416015796,2.67729034423828,0.8968106962624268,1.3019685311760232,12.131089000096035,0,roll,10.0,7.761998080263851,0.7761998080263851,0.3368244171142578,0.05878326416015796,0.06772903442382798,0.7085380554199219,0.39186412522904346,0.23046087176272123,1,10.0,-86.3995804616224,1.2886485826319478,86.3995804616224,16.155729607120428,,,,,,,off,5.0,legged_eval-seed1,,n/a,settle,0.0,auto,hold,8.0,0.8,2.0,1.0,0,WALK,first,on,1000,1,deterministic,20.0,1,200,lo,1.0,0.42,0.5,0.1,dead-reckoned-heading-hold,off,,,2.649,0.5676
4,flush_a_frame,8,0,0,1,heading-only,0.04,1.2861450195312614,1.374971771240233,0.6874149103337209,0.6606014225066854,12.529454367966272,0,roll,4.46,8.066304396669494,1.8085884297465233,0.33931371569633484,0.06415807612808551,-0.1401408584663155,-0.627105712890625,0.4377887318077217,0.49200077086994964,1,4.46,87.99624029078655,-4.3018488472856715,87.99624029078655,10.377169036359373,,,,,,,off,5.0,legged_eval-seed1,,n/a,settle,0.0,auto,hold,8.0,0.8,2.0,1.0,0,WALK,first,on,1000,1,deterministic,20.0,1,200,lo,1.0,0.42,0.5,0.1,dead-reckoned-heading-hold,off,,,2.649,0.5676
4,flush_a_frame,9,0,1,1,heading-only,0.04,1.521429443359409,2.81815948486328,0.9701925618524658,1.2375026286116741,12.505363172644335,0,roll,7.1000000000000005,17.849261001507614,2.513980422747551,0.3536677360534668,0.0734407666703393,0.11523373026243378,0.8107452392578125,0.35228050641639164,0.5974506761970463,1,7.1000000000000005,-86.78608150168583,-10.319092722944054,86.78608150168583,17.486805647240402,,,,,,,off,5.0,legged_eval-seed1,,n/a,settle,0.0,auto,hold,8.0,0.8,2.0,1.0,0,WALK,first,on,1000,1,deterministic,20.0,1,200,lo,1.0,0.42,0.5,0.1,dead-reckoned-heading-hold,off,,,2.649,0.5676
5,sphere_bump,0,0,0,1,heading-only,0.04,1.018605351448059,2.048809051513672,0.05223487926826355,0.4838627193369117,14.931474423991599,1,timeout,20.0,3.3321629985560435,0.16660814992780218,0.34061408042907715,0.0009302675724029541,0.0024404525756835938,0.046695709228515625,0.09475976072409602,3.1258326777802954,0,20.0,-7.863040708575732,6.622955780129163,13.914970971291307,7.93723320459339,,,,,,,off,5.0,legged_eval-seed1,,n/a,settle,0.0,auto,hold,8.0,0.8,2.0,1.0,0,WALK,first,on,1000,1,deterministic,20.0,1,200,lo,1.0,0.42,0.5,0.1,dead-reckoned-heading-hold,off,,,2.649,0.5676
5,sphere_bump,1,0,1,1,heading-only,0.04,1.9656997680664077,2.7708511352539062,1.2356324351382775,1.2063304281679827,13.606153911522293,0,roll,8.56,26.288074712732453,3.0710367655061273,0.3372100293636322,0.11281539346570182,0.09005270271657782,0.7981224060058594,0.5171998859287201,0.4751098352918864,1,8.56,-89.82610653865353,-1.2882847525408156,89.82610653865353,17.64484736796141,,,,,,,off,5.0,legged_eval-seed1,,n/a,settle,0.0,auto,hold,8.0,0.8,2.0,1.0,0,WALK,first,on,1000,1,deterministic,20.0,1,200,lo,1.0,0.42,0.5,0.1,dead-reckoned-heading-hold,off,,,2.649,0.5676
5,sphere_bump,2,0,0,1,heading-only,0.04,1.2033187866210966,1.4666824340820312,0.5707592794775587,0.6102846618494072,14.156730448061957,0,roll,2.86,-8.993379710041523,-3.144538360154379,0.32072725892066956,0.07109048483255126,-0.18647467339789117,-0.5480613708496094,0.2874047067258837,-0.7720097558657708,1,2.86,86.80974389943987,4.501211526618782,86.80974389943987,11.10071247513112,,,,,,,off,5.0,legged_eval-seed1,,n/a,settle,0.0,auto,hold,8.0,0.8,2.0,1.0,0,WALK,first,on,1000,1,deterministic,20.0,1,200,lo,1.0,0.42,0.5,0.1,dead-reckoned-heading-hold,off,,,2.649,0.5676
5,sphere_bump,3,0,1,1,heading-only,0.04,1.6661270141601676,2.6259841918945312,0.9141014207930045,1.9562359720881963,12.998954339519905,0,roll,6.88,23.70961783748217,3.4461653833549666,0.341559499502182,0.09682078694188483,0.09098607440327489,0.6149864196777344,0.2767566778732119,0.6212192072338663,1,6.88,-86.97599931575255,18.522552967249556,86.97599931575255,21.52251225322612,,,,,,,off,5.0,legged_eval-seed1,,n/a,settle,0.0,auto,hold,8.0,0.8,2.0,1.0,0,WALK,first,on,1000,1,deterministic,20.0,1,200,lo,1.0,0.42,0.5,0.1,dead-reckoned-heading-hold,off,,,2.649,0.5676
5,sphere_bump,4,0,1,1,heading-only,0.04,2.104025268554693,2.922191619873047,1.4385093595007774,1.1808022674758936,12.480093124634104,0,roll,9.52,3.149779061231982,0.33085914508739306,0.33028948307037354,0.11596904081456862,0.09686886763372342,0.9095649719238281,0.6530196781897755,0.049794164041953505,1,9.52,-92.20973430377421,-11.496020504080589,92.20973430377421,16.750547809844214,,,,,,,off,5.0,legged_eval-seed1,,n/a,settle,0.0,auto,hold,8.0,0.8,2.0,1.0,0,WALK,first,on,1000,1,deterministic,20.0,1,200,lo,1.0,0.42,0.5,0.1,dead-reckoned-heading-hold,off,,,2.649,0.5676
5,sphere_bump,5,0,1,1,heading-only,0.04,2.3876495361328125,0.5021934509277344,2.041811865371876,2.38374253998164,11.906932767915793,0,roll,16.0,-11.075403173299492,-0.6922126983312182,0.3368719816207886,0.08672809600830078,-0.0936129093170166,-1.4975166320800781,0.9986864904603783,-0.13930192482073747,1,16.0,87.30629858668847,3.04199317375315,87.30629858668847,18.134670668056483,,,,,,,off,5.0,legged_eval-seed1,,n/a,settle,0.0,auto,hold,8.0,0.8,2.0,1.0,0,WALK,first,on,1000,1,deterministic,20.0,1,200,lo,1.0,0.42,0.5,0.1,dead-reckoned-heading-hold,off,,,2.649,0.5676
5,sphere_bump,6,0,0,1,heading-only,0.04,1.3108764648437727,1.33087158203125,0.7378190944446502,0.695342039059448,12.756684572556654,0,roll,3.38,-5.606147315294805,-1.658623466063552,0.3296741843223572,0.0919752854567375,-0.19796698756471895,-0.6650505065917969,0.4249707452302742,-0.3147415133304035,1,3.38,93.1657445720486,9.348595032483573,93.1657445720486,14.008272844845656,,,,,,,off,5.0,legged_eval-seed1,,n/a,settle,0.0,auto,hold,8.0,0.8,2.0,1.0,0,WALK,first,on,1000,1,deterministic,20.0,1,200,lo,1.0,0.42,0.5,0.1,dead-reckoned-heading-hold,off,,,2.649,0.5676
5,sphere_bump,7,0,0,1,heading-only,0.04,0.986743164062517,1.4534873962402344,0.5466733666160736,0.749739025064612,12.774952097216351,0,roll,5.84,-30.088570311524137,-5.152152450603448,0.3311959505081177,-0.002270006153678587,-0.09358092530132973,-0.5185890197753906,0.25938657056764824,39.613118969745685,1,5.84,86.63006388559047,5.421574761286625,86.63006388559047,12.785999096470768,,,,,,,off,5.0,legged_eval-seed1,,n/a,settle,0.0,auto,hold,8.0,0.8,2.0,1.0,0,WALK,first,on,1000,1,deterministic,20.0,1,200,lo,1.0,0.42,0.5,0.1,dead-reckoned-heading-hold,off,,,2.649,0.5676
5,sphere_bump,8,0,1,1,heading-only,0.04,3.7269714355468864,2.6989974975585938,2.815132450148984,1.442389572776782,9.698251342913247,0,roll,15.200000000000001,17.46380512655773,1.1489345477998505,0.3266531825065613,0.17940601549650567,0.045986677470960115,0.7049827575683594,0.7682015771084808,0.11177267770829087,1,15.200000000000001,-86.72405945644286,-0.3356271824202028,86.72405945644286,19.71478011194767,,,,,,,off,5.0,legged_eval-seed1,,n/a,settle,0.0,auto,hold,8.0,0.8,2.0,1.0,0,WALK,first,on,1000,1,deterministic,20.0,1,200,lo,1.0,0.42,0.5,0.1,dead-reckoned-heading-hold,off,,,2.649,0.5676
5,sphere_bump,9,0,1,1,heading-only,0.04,1.258886718750034,1.4926185607910156,0.5696123752157598,1.9797844462970002,12.001842927176773,0,roll,4.48,-7.381959388542953,-1.6477587920854804,0.3254881203174591,0.05778721400670404,-0.11325478553771971,-0.5132331848144531,0.23450344725231115,-0.49766746320803656,1,4.48,86.47935545341271,0.7203034601516447,86.47935545341271,13.17243773147603,,,,,,,off,5.0,legged_eval-seed1,,n/a,settle,0.0,auto,hold,8.0,0.8,2.0,1.0,0,WALK,first,on,1000,1,deterministic,20.0,1,200,lo,1.0,0.42,0.5,0.1,dead-reckoned-heading-hold,off,,,2.649,0.5676
6,box_jump_even,0,0,1,1,heading-only,0.04,1.1672083139419556,1.572568511962885,0.45897308986141444,1.4105850068035986,10.291671513210577,0,roll,3.68,-21.912566911084355,-5.954501878012053,0.32696837186813354,0.04543704183205314,-0.11614986087965083,-0.4539756774902344,0.1557710014204987,-2.2872453596700186,1,3.68,90.46284242634137,0.2800831135472248,90.46284242634137,13.541882355534714,,,,,,,off,5.0,legged_eval-seed1,,n/a,settle,0.0,auto,hold,8.0,0.8,2.0,1.0,0,WALK,first,on,1000,1,deterministic,20.0,1,200,lo,1.0,0.42,0.5,0.1,dead-reckoned-heading-hold,off,,,2.649,0.5676
6,box_jump_even,1,0,1,1,heading-only,0.04,2.163217163085939,3.409104919433588,1.8271975378895513,1.4378003546185745,9.195390094999118,0,roll,7.54,-3.8375037094601794,-0.5089527466127559,0.33179014921188354,0.1542728333005224,0.18688394156944138,1.3990859985351562,0.7202485377052116,-0.05757916656756526,1,7.54,-91.88496638035029,34.92691842638691,91.88496638035029,36.328982460144594,,,,,,,off,5.0,legged_eval-seed1,,n/a,settle,0.0,auto,hold,8.0,0.8,2.0,1.0,0,WALK,first,on,1000,1,deterministic,20.0,1,200,lo,1.0,0.42,0.5,0.1,dead-reckoned-heading-hold,off,,,2.649,0.5676
6,box_jump_even,2,0,2,1,heading-only,0.04,2.987841796875003,1.933091735839838,1.9889675023026812,0.8748190619995684,8.512421159155666,0,below,8.4,0.5354843055056051,0.06374813160781014,0.329257994890213,0.23664783296130984,-0.00796526954287642,-0.048248291015625,0.27185894742567884,0.004701563393284305,1,8.4,4.155391397218614,59.925342023914304,15.688387291985364,62.824197232301636,,,,,,,off,5.0,legged_eval-seed1,,n/a,settle,0.0,auto,hold,8.0,0.8,2.0,1.0,0,WALK,first,on,1000,1,deterministic,20.0,1,200,lo,1.0,0.42,0.5,0.1,dead-reckoned-heading-hold,off,,,2.649,0.5676
6,box_jump_even,3,0,0,1,heading-only,0.04,0.7814453125000114,2.587297058105463,0.6266450238273256,0.9280294571766232,10.584860226622608,0,roll,1.86,11.749886063377204,6.317143044826453,0.3214820921421051,-0.11750252016128421,0.31575110650831345,0.560882568359375,0.41719325865787904,-0.9383198360370925,1,1.86,-93.69221885012466,2.526816017623031,93.69221885012466,17.190451081910624,,,,,,,off,5.0,legged_eval-seed1,,n/a,settle,0.0,auto,hold,8.0,0.8,2.0,1.0,0,WALK,first,on,1000,1,deterministic,20.0,1,200,lo,1.0,0.42,0.5,0.1,dead-reckoned-heading-hold,off,,,2.649,0.5676
6,box_jump_even,4,0,0,1,heading-only,0.04,0.9794372558593807,2.6934448242187443,0.6937496311223219,0.8670935905788816,11.241970201856612,0,roll,1.96,-4.0142046013680215,-2.0480635721265417,0.31736651062965393,-0.010491195990111895,0.35379837970344097,0.6798744201660156,0.43923556053740437,3.4071856685791704,1,1.96,-88.04120462125535,-6.568095488195843,88.04120462125535,12.973394048010851,,,,,,,off,5.0,legged_eval-seed1,,n/a,settle,0.0,auto,hold,8.0,0.8,2.0,1.0,0,WALK,first,on,1000,1,deterministic,20.0,1,200,lo,1.0,0.42,0.5,0.1,dead-reckoned-heading-hold,off,,,2.649,0.5676
6,box_jump_even,5,0,2,1,heading-only,0.04,3.0851898193359375,2.166539764404291,2.0918298391097867,1.0341232479802038,9.016348378724736,1,timeout,20.0,11.564534959829615,0.5782267479914808,0.33185875415802,0.10425949096679688,0.008326988220214559,0.17661285400390625,0.5747146880604341,0.09679656482079696,0,20.0,7.398935420533482,42.948311782109855,16.85423310069679,42.948311782109855,,,,,,,off,5.0,legged_eval-seed1,,n/a,settle,0.0,auto,hold,8.0,0.8,2.0,1.0,0,WALK,first,on,1000,1,deterministic,20.0,1,200,lo,1.0,0.42,0.5,0.1,dead-reckoned-heading-hold,off,,,2.649,0.5676
6,box_jump_even,6,0,2,1,heading-only,0.04,3.0866180419922102,1.9604850769042912,2.0869921615364695,0.905372861000716,8.713471557036444,0,below,9.120000000000001,-20.289584386246418,-2.224735130070879,0.3250516653060913,0.22879583793774233,-0.004332776655231229,-0.051422119140625,0.4022730738886504,-0.16971004959927155,1,9.120000000000001,9.178746221127525,60.40028077691227,27.620864592146265,60.40028077691227,,,,,,,off,5.0,legged_eval-seed1,,n/a,settle,0.0,auto,hold,8.0,0.8,2.0,1.0,0,WALK,first,on,1000,1,deterministic,20.0,1,200,lo,1.0,0.42,0.5,0.1,dead-reckoned-heading-hold,off,,,2.649,0.5676
6,box_jump_even,7,0,0,1,heading-only,0.04,0.9881317138672046,2.55746231079101,0.5575886334639386,0.7568179241409243,10.826230187125905,0,roll,1.94,3.9479678114322496,2.0350349543465205,0.3164539337158203,-0.00611767326432755,0.2873517065933041,0.5606002807617188,0.35799949382823065,-5.805811917682301,1,1.94,-89.03180041174322,-6.472015040789979,89.03180041174322,12.783911167091757,,,,,,,off,5.0,legged_eval-seed1,,n/a,settle,0.0,auto,hold,8.0,0.8,2.0,1.0,0,WALK,first,on,1000,1,deterministic,20.0,1,200,lo,1.0,0.42,0.5,0.1,dead-reckoned-heading-hold,off,,,2.649,0.5676
6,box_jump_even,8,0,1,1,heading-only,0.04,1.4377868652343864,1.4440933227539006,0.7075942150544687,1.1282666618544728,10.726627730953062,0,roll,4.58,-0.49981998892499746,-0.1091310019486894,0.3328494727611542,0.09558665179790095,-0.12137700376552389,-0.5843772888183594,0.41650791549733135,-0.01992637323495836,1,4.58,92.42684225888873,-13.353900171930098,92.42684225888873,14.82667996005007,,,,,,,off,5.0,legged_eval-seed1,,n/a,settle,0.0,auto,hold,8.0,0.8,2.0,1.0,0,WALK,first,on,1000,1,deterministic,20.0,1,200,lo,1.0,0.42,0.5,0.1,dead-reckoned-heading-hold,off,,,2.649,0.5676
6,box_jump_even,9,0,2,1,heading-only,0.04,2.896124267578159,2.222795104980463,1.9091686402468657,1.020137136247968,9.306542929743088,0,below,8.700000000000001,-17.179657713403287,-1.9746733003911823,0.3296521008014679,0.21794531811243206,0.025608632756375063,0.19205093383789062,0.905551124054705,-0.15813393488576724,1,8.700000000000001,-41.37397890382714,62.53048237200498,41.46455462102163,63.24196110710948,,,,,,,off,5.0,legged_eval-seed1,,n/a,settle,0.0,auto,hold,8.0,0.8,2.0,1.0,0,WALK,first,on,1000,1,deterministic,20.0,1,200,lo,1.0,0.42,0.5,0.1,dead-reckoned-heading-hold,off,,,2.649,0.5676
7,box_jump_uneven,0,0,0,1,heading-only,0.04,0.7703899145126343,1.3494369506835895,0.6898935225767682,0.9775291085081547,11.54794964504556,0,roll,1.68,-16.84766476583698,-10.028371884426775,0.30463117361068726,-0.1366726699329558,-0.38723991030738725,-0.624298095703125,0.3966359119018085,1.2806372194494684,1,1.68,86.79077593513473,2.585688280963767,86.79077593513473,12.382932293604863,,,,,,,off,5.0,legged_eval-seed1,,n/a,settle,0.0,auto,hold,8.0,0.8,2.0,1.0,0,WALK,first,on,1000,1,deterministic,20.0,1,200,lo,1.0,0.42,0.5,0.1,dead-reckoned-heading-hold,off,,,2.649,0.5676
7,box_jump_uneven,1,0,1,1,heading-only,0.04,2.0543151855468764,0.5435173034667926,1.7980329128732286,1.6494931615643442,10.645788371515183,0,roll,13.22,-15.989943515244107,-1.209526740941309,0.3492218554019928,0.07975152689461999,-0.11017266993443323,-1.4556121826171875,0.49978973663724374,-0.26469993544119125,1,13.22,86.28629875364535,17.21148389136195,86.28629875364535,17.757189090730026,,,,,,,off,5.0,legged_eval-seed1,,n/a,settle,0.0,auto,hold,8.0,0.8,2.0,1.0,0,WALK,first,on,1000,1,deterministic,20.0,1,200,lo,1.0,0.42,0.5,0.1,dead-reckoned-heading-hold,off,,,2.649,0.5676
7,box_jump_uneven,2,0,1,1,heading-only,0.04,1.278834533691409,1.4445602416992145,0.6214998167981552,1.4066945113198024,10.985216657591394,0,roll,3.94,2.8244082221280564,0.7168548787127047,0.3183095157146454,0.07077018621609368,-0.1409745579443618,-0.5295753479003906,0.3653303290526439,0.17679023557064066,1,3.94,87.14265477478797,0.033633085680079486,87.14265477478797,8.570872367496234,,,,,,,off,5.0,legged_eval-seed1,,n/a,settle,0.0,auto,hold,8.0,0.8,2.0,1.0,0,WALK,first,on,1000,1,deterministic,20.0,1,200,lo,1.0,0.42,0.5,0.1,dead-reckoned-heading-hold,off,,,2.649,0.5676
7,box_jump_uneven,3,0,1,1,heading-only,0.04,1.5709350585937614,2.7911369323730426,0.9756354272452851,1.3179987341058597,11.406533942723586,0,roll,13.86,16.30588689534997,1.1764709159704165,0.33612099289894104,0.041193005670545554,0.05708058675130178,0.7849159240722656,0.4065546517474702,0.4984654725576223,1,13.86,-86.80258730549603,-6.043555189671049,86.80258730549603,9.546883775611027,,,,,,,off,5.0,legged_eval-seed1,,n/a,settle,0.0,auto,hold,8.0,0.8,2.0,1.0,0,WALK,first,on,1000,1,deterministic,20.0,1,200,lo,1.0,0.42,0.5,0.1,dead-reckoned-heading-hold,off,,,2.649,0.5676
7,box_jump_uneven,4,0,1,1,heading-only,0.04,1.3642944335937557,2.837306213378902,0.9131221875030257,1.3580980706269392,11.217000076370455,0,roll,6.12,25.47240874480687,4.16215829163511,0.3266902267932892,0.059525234247345696,0.1368147407481866,0.83135986328125,0.3530940754350363,1.2203793415807394,1,6.12,-90.82307741243557,7.018992766135896,90.82307741243557,13.913047950421175,,,,,,,off,5.0,legged_eval-seed1,,n/a,settle,0.0,auto,hold,8.0,0.8,2.0,1.0,0,WALK,first,on,1000,1,deterministic,20.0,1,200,lo,1.0,0.42,0.5,0.1,dead-reckoned-heading-hold,off,,,2.649,0.5676
7,box_jump_uneven,5,0,1,1,heading-only,0.04,1.442169189453125,2.695143890380855,0.8238559464102106,1.2371261088040464,11.229367591551084,0,roll,10.84,25.03201207228605,2.3092262059304476,0.3279953896999359,0.040790515632207106,0.06412766516428553,0.6973724365234375,0.2511144109283266,0.988063029901987,1,10.84,-88.93196651858133,-8.793585975387355,88.93196651858133,20.6415805235431,,,,,,,off,5.0,legged_eval-seed1,,n/a,settle,0.0,auto,hold,8.0,0.8,2.0,1.0,0,WALK,first,on,1000,1,deterministic,20.0,1,200,lo,1.0,0.42,0.5,0.1,dead-reckoned-heading-hold,off,,,2.649,0.5676
7,box_jump_uneven,6,0,1,1,heading-only,0.04,1.4645629882812727,2.4923011779785114,0.6768893705177057,1.0760185744132067,10.796666707071735,0,roll,11.06,37.02236059609879,3.347410542142748,0.32636550068855286,0.0420038868247082,0.04451186057671893,0.49260711669921875,0.3686080094161711,1.3909030757123324,1,11.06,-86.80010196080792,8.589517506411797,86.80010196080792,19.23175871112147,,,,,,,off,5.0,legged_eval-seed1,,n/a,settle,0.0,auto,hold,8.0,0.8,2.0,1.0,0,WALK,first,on,1000,1,deterministic,20.0,1,200,lo,1.0,0.42,0.5,0.1,dead-reckoned-heading-hold,off,,,2.649,0.5676
7,box_jump_uneven,7,0,1,1,heading-only,0.04,1.3816558837890796,1.3244125366210895,0.7759379062177425,1.2811392869185558,10.24065305036632,0,roll,7.22,-37.275042461550356,-5.162748263372626,0.3306165039539337,0.052860925732559495,-0.09357167082810396,-0.6677436828613281,0.19929673909779627,-1.7046041929600684,1,7.22,88.10978057465013,1.0159589620144671,88.10978057465013,16.809824508035117,,,,,,,off,5.0,legged_eval-seed1,,n/a,settle,0.0,auto,hold,8.0,0.8,2.0,1.0,0,WALK,first,on,1000,1,deterministic,20.0,1,200,lo,1.0,0.42,0.5,0.1,dead-reckoned-heading-hold,off,,,2.649,0.5676
7,box_jump_uneven,8,0,0,1,heading-only,0.04,1.1406372070312614,1.4550392150878864,0.5628153170388852,0.6527816434783682,11.821930122997944,0,roll,2.18,-1.1614041968833817,-0.5327542187538448,0.31905075907707214,0.06451248028956943,-0.24998201142757503,-0.597686767578125,0.4064941645806579,-0.14413203738886618,1,2.18,86.11189052703207,8.60385110633742,86.11189052703207,15.869352949528018,,,,,,,off,5.0,legged_eval-seed1,,n/a,settle,0.0,auto,hold,8.0,0.8,2.0,1.0,0,WALK,first,on,1000,1,deterministic,20.0,1,200,lo,1.0,0.42,0.5,0.1,dead-reckoned-heading-hold,off,,,2.649,0.5676
7,box_jump_uneven,9,0,1,1,heading-only,0.04,1.230413818359409,1.5146591186523395,0.5372581305092429,1.2700600306340302,12.029381021024847,0,roll,9.66,-45.9457248963225,-4.756286221151398,0.32874196767807007,0.023852362149007152,-0.05024232726166258,-0.48614501953125,0.3291769587173138,-3.4802781463632284,1,9.66,89.3251250011749,-0.7172150779314247,89.3251250011749,17.079512260167512,,,,,,,off,5.0,legged_eval-seed1,,n/a,settle,0.0,auto,hold,8.0,0.8,2.0,1.0,0,WALK,first,on,1000,1,deterministic,20.0,1,200,lo,1.0,0.42,0.5,0.1,dead-reckoned-heading-hold,off,,,2.649,0.5676
8,flat_circle_jump,0,0,1,1,heading-only,0.04,1.408576488494873,2.6620452880859347,0.7779708930465132,1.2815374083762578,7.421013777773734,0,roll,5.58,18.171362807875028,3.256516632235668,0.3284812271595001,0.07322159292022815,0.11864610897597395,0.658966064453125,0.2819209947706401,0.776231916183402,1,5.58,-92.74369662562472,-0.3571934673700612,92.74369662562472,16.669987296443878,,,,,,,off,5.0,legged_eval-seed1,,n/a,settle,0.0,auto,hold,8.0,0.8,2.0,1.0,0,WALK,first,on,1000,1,deterministic,20.0,1,200,lo,1.0,0.42,0.5,0.1,dead-reckoned-heading-hold,off,,,2.649,0.5676
8,flat_circle_jump,1,0,0,1,heading-only,0.04,1.0244499206542983,1.4042633056640597,0.5962382138024324,0.7622664146766646,8.296965187629574,0,roll,2.2,-4.398108806523112,-1.9991403666014145,0.3169519901275635,0.011113600297408316,-0.2707894065163365,-0.6089630126953125,0.3782238552533947,-3.139539003832796,1,2.2,89.55571511690401,1.0505375095174465,89.55571511690401,13.113869284271395,,,,,,,off,5.0,legged_eval-seed1,,n/a,settle,0.0,auto,hold,8.0,0.8,2.0,1.0,0,WALK,first,on,1000,1,deterministic,20.0,1,200,lo,1.0,0.42,0.5,0.1,dead-reckoned-heading-hold,off,,,2.649,0.5676
8,flat_circle_jump,2,0,1,1,heading-only,0.04,2.0833236694335966,2.096104431152341,1.0875781509584437,0.7577548111539383,7.7672709033139595,1,timeout,20.0,-59.59881830031307,-2.9799409150156535,0.321183979511261,0.05416618347167983,0.0048052215576170456,0.095550537109375,0.9982979482251918,-0.9601891281321011,0,20.0,-74.41405465294314,24.778021399452815,76.44758092348177,25.628200534861953,,,,,,,off,5.0,legged_eval-seed1,,n/a,settle,0.0,auto,hold,8.0,0.8,2.0,1.0,0,WALK,first,on,1000,1,deterministic,20.0,1,200,lo,1.0,0.42,0.5,0.1,dead-reckoned-heading-hold,off,,,2.649,0.5676
8,flat_circle_jump,3,0,0,1,heading-only,0.04,1.1727493286132926,2.678479003906247,0.7001257667576282,0.7532773464433031,9.102571807458157,0,roll,4.5600000000000005,12.161054769392592,2.6668979757439892,0.3232654631137848,0.0378836246958975,0.14878925524259803,0.6570510864257812,0.4279663988600523,1.2286614827684392,1,4.5600000000000005,-91.01983176033971,12.65720574370654,91.01983176033971,18.7332572890374,,,,,,,off,5.0,legged_eval-seed1,,n/a,settle,0.0,auto,hold,8.0,0.8,2.0,1.0,0,WALK,first,on,1000,1,deterministic,20.0,1,200,lo,1.0,0.42,0.5,0.1,dead-reckoned-heading-hold,off,,,2.649,0.5676
8,flat_circle_jump,4,0,1,1,heading-only,0.04,1.8748229980468807,1.7787368774414034,0.9023705709497142,0.8543269011079424,9.227830085495128,1,timeout,20.0,0.12596780247659467,0.006298390123829734,0.3341497778892517,0.04374114990234403,-0.01106315612792983,-0.2105255126953125,0.24978268410681365,0.0025131402690908985,0,20.0,7.294899081542288,9.941888410087037,13.430305625236334,11.785185987135225,,,,,,,off,5.0,legged_eval-seed1,,n/a,settle,0.0,auto,hold,8.0,0.8,2.0,1.0,0,WALK,first,on,1000,1,deterministic,20.0,1,200,lo,1.0,0.42,0.5,0.1,dead-reckoned-heading-hold,off,,,2.649,0.5676
8,flat_circle_jump,5,0,1,1,heading-only,0.04,2.3847198486328125,2.5002639770507784,1.4723155592237491,0.7577979632785582,9.17892282894786,0,below,5.26,127.49894179993021,24.23934254751525,0.3225955367088318,0.2632547240746792,0.09510721997163088,0.5064926147460938,0.7190654489417564,1.6070227702841906,1,5.26,61.56502308953141,84.56371139953589,61.56502308953141,85.02240468024473,,,,,,,off,5.0,legged_eval-seed1,,n/a,settle,0.0,auto,hold,8.0,0.8,2.0,1.0,0,WALK,first,on,1000,1,deterministic,20.0,1,200,lo,1.0,0.42,0.5,0.1,dead-reckoned-heading-hold,off,,,2.649,0.5676
8,flat_circle_jump,6,0,1,1,heading-only,0.04,2.3511138916015852,1.6140106201171847,1.405167801175753,0.7754551282352431,9.756524389141134,0,below,6.84,30.94267874516055,4.523783442274934,0.3337331712245941,0.19753127070198614,-0.05643119588930049,-0.3675689697265625,0.7406868835258628,0.3997084382351749,1,6.84,73.42378398381065,68.44889814284662,73.42378398381065,68.44889814284662,,,,,,,off,5.0,legged_eval-seed1,,n/a,settle,0.0,auto,hold,8.0,0.8,2.0,1.0,0,WALK,first,on,1000,1,deterministic,20.0,1,200,lo,1.0,0.42,0.5,0.1,dead-reckoned-heading-hold,off,,,2.649,0.5676
8,flat_circle_jump,7,0,1,1,heading-only,0.04,2.243182373046892,2.088116455078122,1.2463012967617568,0.765043036757554,10.257196124781418,0,below,9.18,-61.18812842548394,-6.665373466828316,0.3219152092933655,0.1354229164539098,0.009598742383237708,0.052825927734375,0.777274191049599,-0.8590326948896876,1,9.18,-13.873236790661178,64.32916642899858,42.35727893791093,64.32916642899858,,,,,,,off,5.0,legged_eval-seed1,,n/a,settle,0.0,auto,hold,8.0,0.8,2.0,1.0,0,WALK,first,on,1000,1,deterministic,20.0,1,200,lo,1.0,0.42,0.5,0.1,dead-reckoned-heading-hold,off,,,2.649,0.5676
8,flat_circle_jump,8,0,0,1,heading-only,0.04,1.1632507324218864,1.3864944458007784,0.6348542089878403,0.6998493653977904,11.952504848024972,0,roll,3.94,-8.566093598718169,-2.1741354311467433,0.3237423002719879,0.04143419604616405,-0.15571206959371106,-0.6315231323242188,0.3800065978044406,-0.9158092898797814,1,3.94,88.33732094847447,0.23702694718401146,88.33732094847447,9.76613384243835,,,,,,,off,5.0,legged_eval-seed1,,n/a,settle,0.0,auto,hold,8.0,0.8,2.0,1.0,0,WALK,first,on,1000,1,deterministic,20.0,1,200,lo,1.0,0.42,0.5,0.1,dead-reckoned-heading-hold,off,,,2.649,0.5676
8,flat_circle_jump,9,0,1,1,heading-only,0.04,2.497259521484409,2.580731201171872,1.605937359516319,1.157309380799022,11.467454521219771,0,roll,7.08,-11.14945175612445,-1.574781321486504,0.338015615940094,0.21147733354299564,0.08202418095647912,0.5766830444335938,0.41450499335109237,-0.1299672101892603,1,7.08,-93.37182146313779,81.20886137855838,93.37182146313779,81.20886137855838,,,,,,,off,5.0,legged_eval-seed1,,n/a,settle,0.0,auto,hold,8.0,0.8,2.0,1.0,0,WALK,first,on,1000,1,deterministic,20.0,1,200,lo,1.0,0.42,0.5,0.1,dead-reckoned-heading-hold,off,,,2.649,0.5676
9,bump_jump,0,0,1,1,heading-only,0.04,1.5519254207611084,2.6026977539062415,0.8172308441596872,0.9613353984655795,9.217799116264377,0,roll,6.42,5.759584714225582,0.8971315754245455,0.3289276659488678,0.08596969170733776,0.0938781548140563,0.5725021362304688,0.3868755400693568,0.1821327901007899,1,6.42,-91.46031482744036,-2.0962311913873966,91.46031482744036,14.491463913371396,,,,,,,off,5.0,legged_eval-seed1,,n/a,settle,0.0,auto,hold,8.0,0.8,2.0,1.0,0,WALK,first,on,1000,1,deterministic,20.0,1,200,lo,1.0,0.42,0.5,0.1,dead-reckoned-heading-hold,off,,,2.649,0.5676
9,bump_jump,1,0,0,1,heading-only,0.04,1.5880638122558608,3.0256637573242102,1.1822881164814745,1.0294374085477231,9.16948020514847,0,roll,6.54,-9.137679510703038,-1.3971987019423604,0.33036500215530396,0.08991801410640073,0.15682932069177527,0.9921112060546875,0.8443990908386447,-0.27119946871412504,1,6.54,-86.681497677449,5.711090965193707,86.681497677449,26.229785360646023,,,,,,,off,5.0,legged_eval-seed1,,n/a,settle,0.0,auto,hold,8.0,0.8,2.0,1.0,0,WALK,first,on,1000,1,deterministic,20.0,1,200,lo,1.0,0.42,0.5,0.1,dead-reckoned-heading-hold,off,,,2.649,0.5676
9,bump_jump,2,0,1,1,heading-only,0.04,2.8071090698242216,1.4705490112304602,1.883072367103826,0.8121734006772089,8.060298559247851,0,roll,5.58,26.4195797349974,4.734691708780896,0.3276222348213196,0.32385467201150925,-0.09488368974364512,-0.5390777587890625,0.7676359437921887,0.2551637093015796,1,5.58,90.63608219951512,11.983795273937075,90.63608219951512,17.801246960678984,,,,,,,off,5.0,legged_eval-seed1,,n/a,settle,0.0,auto,hold,8.0,0.8,2.0,1.0,0,WALK,first,on,1000,1,deterministic,20.0,1,200,lo,1.0,0.42,0.5,0.1,dead-reckoned-heading-hold,off,,,2.649,0.5676
9,bump_jump,3,0,0,1,heading-only,0.04,1.3234985351562614,2.647940063476554,0.7242082767451968,0.6715497695256744,9.698170287481089,0,roll,4.78,-9.018153032336642,-1.8866428937942763,0.32445305585861206,0.06767751781511744,0.13555231453484393,0.61260986328125,0.4130036846082908,-0.4865445921940788,1,4.78,-91.3128874375315,12.880530069224049,91.3128874375315,19.601984397551437,,,,,,,off,5.0,legged_eval-seed1,,n/a,settle,0.0,auto,hold,8.0,0.8,2.0,1.0,0,WALK,first,on,1000,1,deterministic,20.0,1,200,lo,1.0,0.42,0.5,0.1,dead-reckoned-heading-hold,off,,,2.649,0.5676
9,bump_jump,4,0,1,1,heading-only,0.04,1.5341857910156307,2.6987670898437415,0.8795623372858155,1.3237386751078881,9.7907815117206,0,roll,6.82,7.365243910307811,1.0799477874351628,0.33048659563064575,0.07832636231900743,0.1024585175723961,0.706329345703125,0.3925982680882607,0.24064241057952776,1,6.82,-90.61053721226172,4.189285774513408,90.61053721226172,15.503701116576504,,,,,,,off,5.0,legged_eval-seed1,,n/a,settle,0.0,auto,hold,8.0,0.8,2.0,1.0,0,WALK,first,on,1000,1,deterministic,20.0,1,200,lo,1.0,0.42,0.5,0.1,dead-reckoned-heading-hold,off,,,2.649,0.5676
9,bump_jump,5,0,1,1,heading-only,0.04,2.1486968994140625,2.685842895507804,1.3378658542776287,0.9062138517030933,9.276690656491118,0,below,6.58,14.845489365797732,2.256153399057406,0.3341403603553772,0.17457399687143807,0.1042314430862924,0.6827850341796875,0.9964316117795653,0.2255622598399462,1,6.58,-49.59707004683588,72.75883552799895,72.08805661789978,72.75883552799895,,,,,,,off,5.0,legged_eval-seed1,,n/a,settle,0.0,auto,hold,8.0,0.8,2.0,1.0,0,WALK,first,on,1000,1,deterministic,20.0,1,200,lo,1.0,0.42,0.5,0.1,dead-reckoned-heading-hold,off,,,2.649,0.5676
9,bump_jump,6,0,1,1,heading-only,0.04,1.9795928955078352,2.0907653808593665,0.9837888977275412,0.6361759723164861,9.320849046510236,1,timeout,20.0,-3.05235864574567,-0.15261793228728351,0.3369196355342865,0.04897964477539176,0.0045382690429683235,0.08733367919921875,0.26712318742340707,-0.054383518463921976,0,20.0,-1.0806975141855273,20.964277333668225,14.986370429440328,22.338852912939178,,,,,,,off,5.0,legged_eval-seed1,,n/a,settle,0.0,auto,hold,8.0,0.8,2.0,1.0,0,WALK,first,on,1000,1,deterministic,20.0,1,200,lo,1.0,0.42,0.5,0.1,dead-reckoned-heading-hold,off,,,2.649,0.5676
9,bump_jump,7,0,1,1,heading-only,0.04,2.014056396484392,1.6634277343749915,1.0684527435684097,0.6975298776954835,9.741759530024536,0,roll,5.38,21.400759159830244,3.977836275061384,0.3288952112197876,0.1884863190491435,-0.06255990067379341,-0.3516845703125,0.7077294475299019,0.3683362296814052,1,5.38,89.56653211513225,14.307896008373929,89.56653211513225,24.841746754130455,,,,,,,off,5.0,legged_eval-seed1,,n/a,settle,0.0,auto,hold,8.0,0.8,2.0,1.0,0,WALK,first,on,1000,1,deterministic,20.0,1,200,lo,1.0,0.42,0.5,0.1,dead-reckoned-heading-hold,off,,,2.649,0.5676
9,bump_jump,8,0,0,1,heading-only,0.04,0.8597839355468864,2.4976562499999915,0.5170321923195632,0.810887385737309,11.351130434086478,0,roll,1.7,30.46514138321413,17.920671401890665,0.31048741936683655,-0.08248003791359626,0.2927389705882303,0.467864990234375,0.3261049113743601,-3.792126289498484,1,1.7,-91.93357404531962,8.573058541047198,91.93357404531962,15.462908224955482,,,,,,,off,5.0,legged_eval-seed1,,n/a,settle,0.0,auto,hold,8.0,0.8,2.0,1.0,0,WALK,first,on,1000,1,deterministic,20.0,1,200,lo,1.0,0.42,0.5,0.1,dead-reckoned-heading-hold,off,,,2.649,0.5676
9,bump_jump,9,0,0,1,heading-only,0.04,1.105871582031284,2.738272094726554,0.7458246963822939,0.8368888192002906,11.018888571749862,0,roll,3.04,-1.5663499705513857,-0.5152467008392716,0.33417433500289917,0.03482617829976451,0.24285266273899803,0.7106094360351562,0.49908340795575756,-0.2582181516524404,1,3.04,-89.65634575982963,8.009852125667734,89.65634575982963,16.068965906084966,,,,,,,off,5.0,legged_eval-seed1,,n/a,settle,0.0,auto,hold,8.0,0.8,2.0,1.0,0,WALK,first,on,1000,1,deterministic,20.0,1,200,lo,1.0,0.42,0.5,0.1,dead-reckoned-heading-hold,off,,,2.649,0.5676
10,sideways_ramp,0,0,1,1,heading-only,0.04,1.3897732496261597,2.6130294799804688,0.7264491237858716,1.23999850191154,9.031057038712436,0,roll,8.9,45.11705596326274,5.069332130703679,0.3439580798149109,0.043794747149006705,0.06887971685173806,0.603485107421875,0.285202744806375,2.0202545354785872,1,8.9,-89.67244796101733,6.550684218277572,89.67244796101733,13.176901093159296,,,,,,,off,5.0,legged_eval-seed1,,n/a,settle,0.0,auto,hold,8.0,0.8,2.0,1.0,0,WALK,first,on,1000,1,deterministic,20.0,1,200,lo,1.0,0.42,0.5,0.1,dead-reckoned-heading-hold,off,,,2.649,0.5676
10,sideways_ramp,1,0,1,1,heading-only,0.04,1.6511398315429702,2.6292190551757812,0.9054831304989124,0.9717784117712117,8.821329655072189,0,roll,5.08,-13.767491893838013,-2.710136199574412,0.33326369524002075,0.12817713219349805,0.12386201873539,0.6190719604492188,0.598288612630982,-0.369026822886423,1,5.08,-89.50640292696856,-3.047875706394788,89.50640292696856,9.337646999101786,,,,,,,off,5.0,legged_eval-seed1,,n/a,settle,0.0,auto,hold,8.0,0.8,2.0,1.0,0,WALK,first,on,1000,1,deterministic,20.0,1,200,lo,1.0,0.42,0.5,0.1,dead-reckoned-heading-hold,off,,,2.649,0.5676
10,sideways_ramp,2,0,1,1,heading-only,0.04,2.6625778198242216,3.1031341552734375,1.9952618804313138,1.7109738046994474,8.013711738693711,0,roll,5.32,-31.666054679638393,-5.952265917225262,0.3231752812862396,0.3125146277865078,0.20735604422433035,1.1001129150390625,0.7032158485546922,-0.33242168197256516,1,5.32,-90.9167808618443,33.23092362000308,90.9167808618443,33.23092362000308,,,,,,,off,5.0,legged_eval-seed1,,n/a,settle,0.0,auto,hold,8.0,0.8,2.0,1.0,0,WALK,first,on,1000,1,deterministic,20.0,1,200,lo,1.0,0.42,0.5,0.1,dead-reckoned-heading-hold,off,,,2.649,0.5676
10,sideways_ramp,3,0,1,1,heading-only,0.04,2.607357788085949,2.557586669921875,1.7013235886788616,1.1746899284587917,8.16171091657375,0,roll,8.38,-21.51698826633094,-2.5676596976528567,0.3364880084991455,0.19180880526085306,0.06653778877349344,0.5624771118164062,0.5286157485665371,-0.23363951271089398,1,8.38,-86.01737006127688,21.179032527010712,86.01737006127688,21.179032527010712,,,,,,,off,5.0,legged_eval-seed1,,n/a,settle,0.0,auto,hold,8.0,0.8,2.0,1.0,0,WALK,first,on,1000,1,deterministic,20.0,1,200,lo,1.0,0.42,0.5,0.1,dead-reckoned-heading-hold,off,,,2.649,0.5676
10,sideways_ramp,4,0,1,1,heading-only,0.04,1.5721343994140682,1.3951568603515625,0.8325701139079373,0.9673763450518117,8.948330537351946,0,roll,7.28,-12.325468860402282,-1.6930589093959179,0.32515379786491394,0.07858989002940497,-0.08308284885280734,-0.6013717651367188,0.21534972454118864,-0.37599559419318423,1,7.28,87.8111168806187,1.9545915092430053,87.8111168806187,17.74740304443146,,,,,,,off,5.0,legged_eval-seed1,,n/a,settle,0.0,auto,hold,8.0,0.8,2.0,1.0,0,WALK,first,on,1000,1,deterministic,20.0,1,200,lo,1.0,0.42,0.5,0.1,dead-reckoned-heading-hold,off,,,2.649,0.5676
10,sideways_ramp,5,0,1,1,heading-only,0.04,1.4777984619140625,2.6548538208007812,0.8106324054864976,1.1646670402338226,9.245422366538579,0,roll,7.66,29.95171001174947,3.9101449101500614,0.3274782598018646,0.062375778317762726,0.08549005493482784,0.6344146728515625,0.10298039659092184,1.0940930077786675,1,7.66,-88.22339340885932,2.6402336094668684,88.22339340885932,16.856514614966393,,,,,,,off,5.0,legged_eval-seed1,,n/a,settle,0.0,auto,hold,8.0,0.8,2.0,1.0,0,WALK,first,on,1000,1,deterministic,20.0,1,200,lo,1.0,0.42,0.5,0.1,dead-reckoned-heading-hold,off,,,2.649,0.5676
10,sideways_ramp,6,0,1,1,heading-only,0.04,1.4559570312500227,1.3888626098632812,0.7624865401890412,0.9390635744295235,9.364007043540132,0,roll,4.64,12.229431880460112,2.6356534225129553,0.33390066027641296,0.09826660156250491,-0.131710644426017,-0.6050872802734375,0.4875948478715021,0.4681227337962669,1,4.64,89.23072329045544,-12.410463943291806,89.23072329045544,18.46527492009499,,,,,,,off,5.0,legged_eval-seed1,,n/a,settle,0.0,auto,hold,8.0,0.8,2.0,1.0,0,WALK,first,on,1000,1,deterministic,20.0,1,200,lo,1.0,0.42,0.5,0.1,dead-reckoned-heading-hold,off,,,2.649,0.5676
10,sideways_ramp,7,0,1,1,heading-only,0.04,1.716754150390642,1.9107284545898438,0.7222921299046036,0.6133833046956788,9.183679749598605,1,timeout,20.0,12.573075958535554,0.6286537979267777,0.3260226249694824,0.0358377075195321,-0.004463577270507812,-0.076690673828125,0.2802863213537472,0.30616017006694474,0,20.0,-8.116666597910399,-8.691367594921243,11.553159710706355,10.807667030451835,,,,,,,off,5.0,legged_eval-seed1,,n/a,settle,0.0,auto,hold,8.0,0.8,2.0,1.0,0,WALK,first,on,1000,1,deterministic,20.0,1,200,lo,1.0,0.42,0.5,0.1,dead-reckoned-heading-hold,off,,,2.649,0.5676
10,sideways_ramp,8,0,1,1,heading-only,0.04,2.2531860351562614,2.0802001953125,1.2557497003936866,0.6454788975472597,8.747181637928506,0,below,6.7,34.73904275399727,5.18493175432795,0.33064910769462585,0.18704269181436736,0.011970178404850746,0.08692169189453125,0.7234199909884794,0.4838153777964252,1,6.7,50.53588676760228,64.41631356558433,50.53588676760228,65.02109096185737,,,,,,,off,5.0,legged_eval-seed1,,n/a,settle,0.0,auto,hold,8.0,0.8,2.0,1.0,0,WALK,first,on,1000,1,deterministic,20.0,1,200,lo,1.0,0.42,0.5,0.1,dead-reckoned-heading-hold,off,,,2.649,0.5676
10,sideways_ramp,9,0,1,1,heading-only,0.04,1.467291259765659,1.4903182983398438,0.6914741921869313,0.8148726583777676,9.54632449496388,0,roll,4.16,0.141251497935599,0.033954687003749755,0.32504552602767944,0.11232962975136036,-0.12251963982215294,-0.5208206176757812,0.32633835825481383,0.005275732556150302,1,4.16,86.51217052491477,12.099918094178683,86.51217052491477,14.10519730232199,,,,,,,off,5.0,legged_eval-seed1,,n/a,settle,0.0,auto,hold,8.0,0.8,2.0,1.0,0,WALK,first,on,1000,1,deterministic,20.0,1,200,lo,1.0,0.42,0.5,0.1,dead-reckoned-heading-hold,off,,,2.649,0.5676
11,stepping_stones_cylinder,0,0,1,1,heading-only,0.04,2.0848543643951416,2.523332214355463,1.2044856157419976,0.3946360330420433,4.545373110901216,0,roll,5.42,-21.720692126875775,-4.0075077724863055,0.32728952169418335,0.2001576318072217,0.096555759106174,0.5345535278320312,0.6433943946539344,-0.34944560843183525,1,5.42,-88.19770297491276,20.41873876306928,88.19770297491276,20.41873876306928,,,,,,,off,5.0,legged_eval-seed1,,n/a,settle,0.0,auto,hold,8.0,0.8,2.0,1.0,0,WALK,first,on,1000,1,deterministic,20.0,1,200,lo,1.0,0.42,0.5,0.1,dead-reckoned-heading-hold,off,,,2.649,0.5676
11,stepping_stones_cylinder,1,0,1,1,heading-only,0.04,2.0612808227539077,2.306588745117182,1.104678072280671,0.31530724148112826,4.299663805451647,0,roll,5.96,-39.71454326937419,-6.663513971371509,0.3299686014652252,0.1780672521399174,0.05144106461697682,0.2987518310546875,0.8991455302610044,-0.6531254745352748,1,5.96,-86.46248943690068,3.263025033589758,86.46248943690068,27.959560621008194,,,,,,,off,5.0,legged_eval-seed1,,n/a,settle,0.0,auto,hold,8.0,0.8,2.0,1.0,0,WALK,first,on,1000,1,deterministic,20.0,1,200,lo,1.0,0.42,0.5,0.1,dead-reckoned-heading-hold,off,,,2.649,0.5676
11,stepping_stones_cylinder,2,0,1,1,heading-only,0.04,2.0580780029296903,2.5639663696289006,1.1989942144798211,0.4646850236105507,4.180140655036302,0,roll,6.8,-25.803981519912895,-3.794703164693073,0.32773393392562866,0.15559970631318976,0.0829362308277795,0.549530029296875,0.7525565622673617,-0.42564389052531665,1,6.8,-85.97787006819438,1.5570580560848963,85.97787006819438,13.473982433405187,,,,,,,off,5.0,legged_eval-seed1,,n/a,settle,0.0,auto,hold,8.0,0.8,2.0,1.0,0,WALK,first,on,1000,1,deterministic,20.0,1,200,lo,1.0,0.42,0.5,0.1,dead-reckoned-heading-hold,off,,,2.649,0.5676
11,stepping_stones_cylinder,3,0,1,1,heading-only,0.04,1.3329666137695426,2.706521606445307,0.7810502840785686,1.1134583186676388,4.5225612272330356,0,roll,4.58,-6.576030059783733,-1.4358144235335661,0.3325536549091339,0.07270013401081717,0.15426235948587486,0.7039642333984375,0.5232422445050753,-0.3446993527488741,1,4.58,-90.13374709602422,4.478718863660425,90.13374709602422,24.91061063164329,,,,,,,off,5.0,legged_eval-seed1,,n/a,settle,0.0,auto,hold,8.0,0.8,2.0,1.0,0,WALK,first,on,1000,1,deterministic,20.0,1,200,lo,1.0,0.42,0.5,0.1,dead-reckoned-heading-hold,off,,,2.649,0.5676
11,stepping_stones_cylinder,4,0,1,1,heading-only,0.04,1.7844757080078182,1.4363418579101506,0.9659775554320859,0.8738651530745134,4.40176247032005,0,roll,5.84,-7.862741483325664,-1.3463598430352164,0.3257250189781189,0.13432803219311956,-0.09651680515237149,-0.5755615234375,0.35013119881954513,-0.17493304855248365,1,5.84,92.42478379805743,13.992402155383125,92.42478379805743,22.638981360199523,,,,,,,off,5.0,legged_eval-seed1,,n/a,settle,0.0,auto,hold,8.0,0.8,2.0,1.0,0,WALK,first,on,1000,1,deterministic,20.0,1,200,lo,1.0,0.42,0.5,0.1,dead-reckoned-heading-hold,off,,,2.649,0.5676
11,stepping_stones_cylinder,5,0,1,1,heading-only,0.04,1.1757354736328125,1.4072586059570256,0.6182437358396425,1.336159617213532,5.158432833370738,0,roll,3.88,-32.47111471492187,-8.368843998691203,0.3257385492324829,0.04529264784350838,-0.1527684005265398,-0.6095733642578125,0.19923560154357117,-3.224891661613559,1,3.88,87.44395519161505,4.8184922078171395,87.44395519161505,17.03035933405407,,,,,,,off,5.0,legged_eval-seed1,,n/a,settle,0.0,auto,hold,8.0,0.8,2.0,1.0,0,WALK,first,on,1000,1,deterministic,20.0,1,200,lo,1.0,0.42,0.5,0.1,dead-reckoned-heading-hold,off,,,2.649,0.5676
11,stepping_stones_cylinder,6,0,0,1,heading-only,0.04,2.1002136230468977,2.037576293945307,1.1008551195341942,0.6013887022199099,3.8999674054709312,0,roll,8.2,39.788177984590845,4.852216827389128,0.33022746443748474,0.13417239305449974,0.00458247487137888,-0.00677490234375,0.8287947391485921,0.63118170385628,1,8.2,86.2370366971278,2.6620939092776505,86.2370366971278,24.751855563942264,,,,,,,off,5.0,legged_eval-seed1,,n/a,settle,0.0,auto,hold,8.0,0.8,2.0,1.0,0,WALK,first,on,1000,1,deterministic,20.0,1,200,lo,1.0,0.42,0.5,0.1,dead-reckoned-heading-hold,off,,,2.649,0.5676
11,stepping_stones_cylinder,7,0,0,1,heading-only,0.04,1.232592773437517,2.7025085449218693,0.7400119282441319,0.7516813690029048,4.670542554307757,0,roll,2.36,-9.418733109937165,-3.9909886059055784,0.31447628140449524,0.0985562599311513,0.2976731122550294,0.6997299194335938,0.522809462765243,-0.7067627325883759,1,2.36,-87.10620121117131,3.7696049029008183,87.10620121117131,32.27167037795194,,,,,,,off,5.0,legged_eval-seed1,,n/a,settle,0.0,auto,hold,8.0,0.8,2.0,1.0,0,WALK,first,on,1000,1,deterministic,20.0,1,200,lo,1.0,0.42,0.5,0.1,dead-reckoned-heading-hold,off,,,2.649,0.5676
11,stepping_stones_cylinder,8,0,1,1,heading-only,0.04,2.0037963867187614,2.329759216308588,1.0565738624109984,0.34269028609943636,3.6112908452404735,1,timeout,20.0,-35.71958739660241,-1.7859793698301203,0.3278331756591797,0.050189819335938066,0.016487960815429404,0.33853912353515625,0.894347811547751,-0.621066598538424,0,20.0,-75.82164801104595,1.8927627726039518,81.9235401947697,24.065558162842905,,,,,,,off,5.0,legged_eval-seed1,,n/a,settle,0.0,auto,hold,8.0,0.8,2.0,1.0,0,WALK,first,on,1000,1,deterministic,20.0,1,200,lo,1.0,0.42,0.5,0.1,dead-reckoned-heading-hold,off,,,2.649,0.5676
11,stepping_stones_cylinder,9,0,1,1,heading-only,0.04,2.091802978515659,1.4945007324218693,1.203147228487724,0.6052879515338948,3.84160045605527,0,roll,18.900000000000002,10.79009188844995,0.5709043327222195,0.3258916139602661,0.05776735336061688,-0.026745992993551886,-0.5146942138671875,0.8909323260324271,0.17248774160903552,1,18.900000000000002,87.32871944381829,34.39536659786469,87.32871944381829,34.39536659786469,,,,,,,off,5.0,legged_eval-seed1,,n/a,settle,0.0,auto,hold,8.0,0.8,2.0,1.0,0,WALK,first,on,1000,1,deterministic,20.0,1,200,lo,1.0,0.42,0.5,0.1,dead-reckoned-heading-hold,off,,,2.649,0.5676
12,stepping_stones_randomly_arranged,0,0,1,1,heading-only,0.04,2.1625537872314453,1.3683349609374886,1.3230767286064784,0.789726907426072,4.284267863670573,0,roll,7.5600000000000005,-6.181083591540784,-0.8176036496747068,0.33047762513160706,0.1537769559829954,-0.08355357659557028,-0.6377639770507812,0.5704107522225719,-0.09279593013093493,1,7.5600000000000005,87.48176032138957,24.75871036655401,87.48176032138957,24.75871036655401,,,,,,,off,5.0,legged_eval-seed1,,n/a,settle,0.0,auto,hold,8.0,0.8,2.0,1.0,0,WALK,first,on,1000,1,deterministic,20.0,1,200,lo,1.0,0.42,0.5,0.1,dead-reckoned-heading-hold,off,,,2.649,0.5676
12,stepping_stones_randomly_arranged,1,0,3,1,heading-only,0.04,2.328164672851564,3.4466125488281136,1.963850621772917,1.5345664009002304,4.039731377400226,0,roll,10.620000000000001,-10.583051384869549,-0.9965208460329141,0.33300530910491943,0.1250625868975107,0.13621587088776962,1.4355010986328125,0.46627069792867337,-0.13907092648169114,1,10.620000000000001,-89.8790779108167,20.06606840065957,89.8790779108167,23.229254239501135,,,,,,,off,5.0,legged_eval-seed1,,n/a,settle,0.0,auto,hold,8.0,0.8,2.0,1.0,0,WALK,first,on,1000,1,deterministic,20.0,1,200,lo,1.0,0.42,0.5,0.1,dead-reckoned-heading-hold,off,,,2.649,0.5676
12,stepping_stones_randomly_arranged,2,0,1,1,heading-only,0.04,1.5073043823242216,1.4623748779296761,0.7391877354275371,0.8759833571174325,4.624055991064488,0,roll,4.44,20.959304268185463,4.7205640243660945,0.3258594274520874,0.11425774376671656,-0.12108673920502788,-0.5539169311523438,0.46891036268168107,0.7210835962645914,1,4.44,86.24313760440393,-2.9318114833409927,86.24313760440393,13.102305663511284,,,,,,,off,5.0,legged_eval-seed1,,n/a,settle,0.0,auto,hold,8.0,0.8,2.0,1.0,0,WALK,first,on,1000,1,deterministic,20.0,1,200,lo,1.0,0.42,0.5,0.1,dead-reckoned-heading-hold,off,,,2.649,0.5676
12,stepping_stones_randomly_arranged,3,0,2,1,heading-only,0.04,3.194004821777355,3.322604370117176,2.561823467344176,1.3604647916142645,3.1928185503887128,0,roll,5.12,-33.95587906868158,-6.632007630601872,0.3242661952972412,0.42851656675338967,0.25832116603851096,1.3219528198242188,0.9253151688203735,-0.27011877288283365,1,5.12,-87.64445456885069,3.458330018964918,87.64445456885069,17.351495932307273,,,,,,,off,5.0,legged_eval-seed1,,n/a,settle,0.0,auto,hold,8.0,0.8,2.0,1.0,0,WALK,first,on,1000,1,deterministic,20.0,1,200,lo,1.0,0.42,0.5,0.1,dead-reckoned-heading-hold,off,,,2.649,0.5676
12,stepping_stones_randomly_arranged,4,0,1,1,heading-only,0.04,1.1927703857421932,1.4146148681640511,0.6163085056964452,1.1646950849860351,5.140668252798138,0,roll,7.28,-21.125069579127455,-2.901795271858167,0.32507842779159546,0.026479448590960603,-0.0804100455818611,-0.6206436157226562,0.28774635122915854,-1.912648654247965,1,7.28,88.8487141192617,0.17184104603032008,88.8487141192617,11.836351457552208,,,,,,,off,5.0,legged_eval-seed1,,n/a,settle,0.0,auto,hold,8.0,0.8,2.0,1.0,0,WALK,first,on,1000,1,deterministic,20.0,1,200,lo,1.0,0.42,0.5,0.1,dead-reckoned-heading-hold,off,,,2.649,0.5676
12,stepping_stones_randomly_arranged,5,0,2,1,heading-only,0.04,2.3878631591796875,1.4454910278320199,1.494538172420836,0.6912024407186524,3.6050380126905774,0,roll,7.94,7.4633476171609345,0.9399682137482285,0.33619043231010437,0.17479384876318482,-0.06983740203626954,-0.5626296997070312,0.5484873898247418,0.093856507594973,1,7.94,86.81351127723308,10.835518016576573,86.81351127723308,25.97160386616476,,,,,,,off,5.0,legged_eval-seed1,,n/a,settle,0.0,auto,hold,8.0,0.8,2.0,1.0,0,WALK,first,on,1000,1,deterministic,20.0,1,200,lo,1.0,0.42,0.5,0.1,dead-reckoned-heading-hold,off,,,2.649,0.5676
12,stepping_stones_randomly_arranged,6,0,1,1,heading-only,0.04,2.2377258300781477,1.3487426757812386,1.3986069257626392,0.84731467183312,3.7689674467972623,0,roll,7.46,11.405259314991213,1.5288551360578033,0.32700249552726746,0.16591499062709755,-0.0872999094127026,-0.6468429565429688,0.8111616949962206,0.16082667280021254,1,7.46,91.55370584157248,4.836805659663049,91.55370584157248,23.190102484814584,,,,,,,off,5.0,legged_eval-seed1,,n/a,settle,0.0,auto,hold,8.0,0.8,2.0,1.0,0,WALK,first,on,1000,1,deterministic,20.0,1,200,lo,1.0,0.42,0.5,0.1,dead-reckoned-heading-hold,off,,,2.649,0.5676
12,stepping_stones_randomly_arranged,7,0,1,1,heading-only,0.04,2.4089996337890796,2.062648010253895,1.410391697794103,0.37616978435354603,3.541554512737982,1,timeout,20.0,-27.58435917579513,-1.3792179587897564,0.32797881960868835,0.07044998168945397,0.003132400512694744,0.050262451171875,0.9587500859510361,-0.3416877322924864,0,20.0,-43.141921700757706,6.193078607086871,66.96346848685327,20.434792494807184,,,,,,,off,5.0,legged_eval-seed1,,n/a,settle,0.0,auto,hold,8.0,0.8,2.0,1.0,0,WALK,first,on,1000,1,deterministic,20.0,1,200,lo,1.0,0.42,0.5,0.1,dead-reckoned-heading-hold,off,,,2.649,0.5676
12,stepping_stones_randomly_arranged,8,0,2,1,heading-only,0.04,2.4842956542968864,2.9745895385742074,1.7756571623100301,0.7193186584087166,3.5520220925485906,0,roll,6.12,-18.946604138424334,-3.0958503494157408,0.3319656252861023,0.24253196965635399,0.15924665662977244,0.970306396484375,0.7570709436664151,-0.2227862241125621,1,6.12,-90.48073040233342,2.7613068505409575,90.48073040233342,24.751841432893038,,,,,,,off,5.0,legged_eval-seed1,,n/a,settle,0.0,auto,hold,8.0,0.8,2.0,1.0,0,WALK,first,on,1000,1,deterministic,20.0,1,200,lo,1.0,0.42,0.5,0.1,dead-reckoned-heading-hold,off,,,2.649,0.5676
12,stepping_stones_randomly_arranged,9,0,2,1,heading-only,0.04,2.025549316406284,2.619692993164051,1.1982365401530775,0.7367482520220112,3.6277702649451724,0,roll,4.74,-29.20314298959005,-6.1610006307152,0.3337119519710541,0.21636061527558736,0.1307369183890403,0.623443603515625,0.7445737067392911,-0.4969931615625261,1,4.74,-86.74976011739004,10.872877888511942,86.74976011739004,16.165167873089356,,,,,,,off,5.0,legged_eval-seed1,,n/a,settle,0.0,auto,hold,8.0,0.8,2.0,1.0,0,WALK,first,on,1000,1,deterministic,20.0,1,200,lo,1.0,0.42,0.5,0.1,dead-reckoned-heading-hold,off,,,2.649,0.5676
13,staircase_walking_full_width,0,0,0,1,heading-only,0.04,1.4250682592391968,1.427037048339841,0.713421032061547,0.8116853149523954,14.33638573425783,0,roll,3.98,-7.5003659868853845,-1.8845140670566294,0.3271941840648651,0.10680107016060221,-0.14396054061813043,-0.5678482055664062,0.274566884090934,-0.3079648473636786,1,3.98,86.75473024969757,-4.447692044804523,86.75473024969757,15.68206899745705,,,,,,,off,5.0,legged_eval-seed1,,n/a,settle,0.0,auto,hold,8.0,0.8,2.0,1.0,0,WALK,first,on,1000,1,deterministic,20.0,1,200,lo,1.0,0.42,0.5,0.1,dead-reckoned-heading-hold,off,,,2.649,0.5676
13,staircase_walking_full_width,1,0,0,1,heading-only,0.04,1.4564529418945327,2.599987792968747,0.7538797250726947,0.8095855458730823,14.306134098839804,0,roll,8.46,25.470940228864748,3.010749436036022,0.3324517011642456,0.053954248450890384,0.07092054290410722,0.5910263061523438,0.25492047127980244,0.9739268383882721,1,8.46,-88.16945287377135,3.487884900881548,88.16945287377135,15.629435773025552,,,,,,,off,5.0,legged_eval-seed1,,n/a,settle,0.0,auto,hold,8.0,0.8,2.0,1.0,0,WALK,first,on,1000,1,deterministic,20.0,1,200,lo,1.0,0.42,0.5,0.1,dead-reckoned-heading-hold,off,,,2.649,0.5676
13,staircase_walking_full_width,2,0,0,1,heading-only,0.04,1.5557662963867216,2.753422546386716,0.9362273813573582,0.8746365627103712,11.469007393681544,0,roll,7.12,-2.571712236898975,-0.3611955388903055,0.33272260427474976,0.07805706409925865,0.10581777336892077,0.747802734375,0.5759999870596219,-0.08076208694109632,1,7.12,-88.68584109057758,-5.105557442293762,88.68584109057758,10.189107532179253,,,,,,,off,5.0,legged_eval-seed1,,n/a,settle,0.0,auto,hold,8.0,0.8,2.0,1.0,0,WALK,first,on,1000,1,deterministic,20.0,1,200,lo,1.0,0.42,0.5,0.1,dead-reckoned-heading-hold,off,,,2.649,0.5676
13,staircase_walking_full_width,3,0,0,1,heading-only,0.04,1.7765396118164176,2.055706787109372,0.7785351725195474,0.2302993513173805,11.223598635520428,1,timeout,20.0,-2.173454416707841,-0.10867272083539206,0.32734793424606323,0.03882698059082088,0.002785339355468608,0.055572509765625,0.1563596665289807,-0.04884996867684926,0,20.0,3.1376704178903743,-3.340880411380664,11.012156486674307,7.949881146473912,,,,,,,off,5.0,legged_eval-seed1,,n/a,settle,0.0,auto,hold,8.0,0.8,2.0,1.0,0,WALK,first,on,1000,1,deterministic,20.0,1,200,lo,1.0,0.42,0.5,0.1,dead-reckoned-heading-hold,off,,,2.649,0.5676
13,staircase_walking_full_width,4,0,0,1,heading-only,0.04,1.1766265869140682,2.588848876953122,0.6147682092413905,1.0122681350638918,11.838027786128745,0,roll,6.22,15.112888679766655,2.4297248681296875,0.32253068685531616,0.02839655738168299,0.09467023745227045,0.60595703125,0.2919770111678004,1.493374647371947,1,6.22,-87.60347358032315,10.560187040358988,87.60347358032315,18.070728567204004,,,,,,,off,5.0,legged_eval-seed1,,n/a,settle,0.0,auto,hold,8.0,0.8,2.0,1.0,0,WALK,first,on,1000,1,deterministic,20.0,1,200,lo,1.0,0.42,0.5,0.1,dead-reckoned-heading-hold,off,,,2.649,0.5676
13,staircase_walking_full_width,5,0,0,1,heading-only,0.04,1.2419281005859375,2.815678405761716,0.8507998986125316,1.113554788192848,11.786330474469846,0,roll,7.18,-6.570896693299574,-0.9151666703759852,0.3334249258041382,0.03369472153007486,0.11360423478575431,0.8147659301757812,0.6773118862037308,-0.47404076594958305,1,7.18,-86.99851849620387,-3.1870885072752664,86.99851849620387,26.010279490233106,,,,,,,off,5.0,legged_eval-seed1,,n/a,settle,0.0,auto,hold,8.0,0.8,2.0,1.0,0,WALK,first,on,1000,1,deterministic,20.0,1,200,lo,1.0,0.42,0.5,0.1,dead-reckoned-heading-hold,off,,,2.649,0.5676
13,staircase_walking_full_width,6,0,0,1,heading-only,0.04,1.4714141845703352,2.5899551391601534,0.755167795682251,0.7921174347878726,11.54367090530337,0,roll,8.620000000000001,22.953849512616387,2.6628595722292787,0.3332063853740692,0.05468842048379759,0.06844027136428693,0.5919265747070312,0.3123217587432253,0.8498264649537267,1,8.620000000000001,-91.16422165665797,-3.2436448581983033,91.16422165665797,14.753283700064852,,,,,,,off,5.0,legged_eval-seed1,,n/a,settle,0.0,auto,hold,8.0,0.8,2.0,1.0,0,WALK,first,on,1000,1,deterministic,20.0,1,200,lo,1.0,0.42,0.5,0.1,dead-reckoned-heading-hold,off,,,2.649,0.5676
13,staircase_walking_full_width,7,0,0,1,heading-only,0.04,1.6205169677734546,2.604992675781247,0.8666357049208829,0.7141593026046826,11.395553967161058,0,roll,6.640000000000001,4.857899701187165,0.7316114007811995,0.3219943046569824,0.09345135056829135,0.0911133547863324,0.6007614135742188,0.3080641283354448,0.1366382370196837,1,6.640000000000001,-87.26748986844129,-2.395387205098554,87.26748986844129,15.932837169080406,,,,,,,off,5.0,legged_eval-seed1,,n/a,settle,0.0,auto,hold,8.0,0.8,2.0,1.0,0,WALK,first,on,1000,1,deterministic,20.0,1,200,lo,1.0,0.42,0.5,0.1,dead-reckoned-heading-hold,off,,,2.649,0.5676
13,staircase_walking_full_width,8,0,0,1,heading-only,0.04,1.6509826660156364,2.5495498657226534,0.8519292731022992,0.6510131752409771,8.616559879968301,0,roll,10.32,7.68037514085438,0.7442223973696105,0.32998430728912354,0.06307971569918958,0.053250955980877264,0.5330657958984375,0.21721455910704826,0.205916134167868,1,10.32,-90.9621355284936,-0.5645464454136631,90.9621355284936,22.49957768208488,,,,,,,off,5.0,legged_eval-seed1,,n/a,settle,0.0,auto,hold,8.0,0.8,2.0,1.0,0,WALK,first,on,1000,1,deterministic,20.0,1,200,lo,1.0,0.42,0.5,0.1,dead-reckoned-heading-hold,off,,,2.649,0.5676
13,staircase_walking_full_width,9,0,0,1,heading-only,0.04,1.452917480468784,2.6624420166015597,0.8024734696383006,0.8591441721479371,8.821989020668799,0,roll,9.32,28.067068109983296,3.0114879946334008,0.33590760827064514,0.04859629618763778,0.07107746959244202,0.6648101806640625,0.2946434360128884,1.0815717454616387,1,9.32,-92.54499987437872,-5.029214486157727,92.54499987437872,18.939841940141537,,,,,,,off,5.0,legged_eval-seed1,,n/a,settle,0.0,auto,hold,8.0,0.8,2.0,1.0,0,WALK,first,on,1000,1,deterministic,20.0,1,200,lo,1.0,0.42,0.5,0.1,dead-reckoned-heading-hold,off,,,2.649,0.5676
14,staircase_walking,0,0,0,1,heading-only,0.04,1.3161829710006714,1.4136718749999915,0.6661473870824962,0.6144667365416664,4.224701835906387,0,roll,3.86,15.486840168847465,4.012134758768774,0.33878734707832336,0.0819126867877387,-0.15189847797927683,-0.5754470825195312,0.44339390061544476,0.8548732109798819,1,3.86,87.981305458747,-7.67183569783957,87.981305458747,13.660051184558716,,,,,,,off,5.0,legged_eval-seed1,,n/a,settle,0.0,auto,hold,8.0,0.8,2.0,1.0,0,WALK,first,on,1000,1,deterministic,20.0,1,200,lo,1.0,0.42,0.5,0.1,dead-reckoned-heading-hold,off,,,2.649,0.5676
14,staircase_walking,1,0,0,1,heading-only,0.04,0.6581932067871108,2.5720275878906165,0.6663688507084015,1.0177692461493053,4.875480343936425,0,roll,2.66,33.09479496833245,12.441652243734003,0.3349747955799103,-0.1284987944409358,0.2150479653724122,0.5508270263671875,0.41463506009867096,-1.6898819711581805,1,2.66,-87.61940567286126,-0.6637219129227715,87.61940567286126,15.113601436271944,,,,,,,off,5.0,legged_eval-seed1,,n/a,settle,0.0,auto,hold,8.0,0.8,2.0,1.0,0,WALK,first,on,1000,1,deterministic,20.0,1,200,lo,1.0,0.42,0.5,0.1,dead-reckoned-heading-hold,off,,,2.649,0.5676
14,staircase_walking,2,0,0,1,heading-only,0.04,0.8640090942382841,2.7134384155273352,0.726283621734682,0.9557608513439764,4.690565642974788,0,roll,3.02,29.314554238762724,9.706806039325405,0.32254505157470703,-0.04503010124560129,0.2362378859362037,0.705780029296875,0.4641097173397233,-3.7622772446075206,1,3.02,-92.94967468092047,14.787550376280818,92.94967468092047,17.083534054250634,,,,,,,off,5.0,legged_eval-seed1,,n/a,settle,0.0,auto,hold,8.0,0.8,2.0,1.0,0,WALK,first,on,1000,1,deterministic,20.0,1,200,lo,1.0,0.42,0.5,0.1,dead-reckoned-heading-hold,off,,,2.649,0.5676
14,staircase_walking,3,0,1,1,heading-only,0.04,1.4800689697265739,2.6475585937499915,0.8061007058884148,1.0060446927037416,4.071753629640997,0,roll,6.140000000000001,20.58735894894241,3.352990056831011,0.3344285190105438,0.07818712861996316,0.10546556901465658,0.65740966796875,0.23214227430292364,0.7484699503773707,1,6.140000000000001,-90.72346278269679,0.4998961765269641,90.72346278269679,18.483357358367773,,,,,,,off,5.0,legged_eval-seed1,,n/a,settle,0.0,auto,hold,8.0,0.8,2.0,1.0,0,WALK,first,on,1000,1,deterministic,20.0,1,200,lo,1.0,0.42,0.5,0.1,dead-reckoned-heading-hold,off,,,2.649,0.5676
14,staircase_walking,4,0,1,1,heading-only,0.04,1.7204193115234432,1.7891983032226477,0.7506272975186306,0.5468446091420132,3.485960287063397,0,roll,6.2,14.245583228359749,2.2976747142515723,0.32726800441741943,0.11619666314894245,-0.0340002736737665,-0.2172698974609375,0.3337666180646519,0.3451216912494858,1,6.2,87.0013492528864,4.396076406335369,87.0013492528864,10.060225613554834,,,,,,,off,5.0,legged_eval-seed1,,n/a,settle,0.0,auto,hold,8.0,0.8,2.0,1.0,0,WALK,first,on,1000,1,deterministic,20.0,1,200,lo,1.0,0.42,0.5,0.1,dead-reckoned-heading-hold,off,,,2.649,0.5676
14,staircase_walking,5,0,1,1,heading-only,0.04,1.3166656494140625,1.291677856445304,0.7758849093575344,1.151864380690837,3.947404962439316,0,roll,6.12,-48.466491207433705,-7.9193613084042,0.3273809850215912,0.05174275317223243,-0.11573891234553857,-0.69732666015625,0.21739501129552977,-2.671271260472357,1,6.12,86.80636530612333,1.1766865987702197,86.80636530612333,14.127079941137257,,,,,,,off,5.0,legged_eval-seed1,,n/a,settle,0.0,auto,hold,8.0,0.8,2.0,1.0,0,WALK,first,on,1000,1,deterministic,20.0,1,200,lo,1.0,0.42,0.5,0.1,dead-reckoned-heading-hold,off,,,2.649,0.5676
14,staircase_walking,6,0,1,1,heading-only,0.04,1.4525238037109602,2.6669906616210852,0.8060113743705908,1.0205861142122732,3.806370237436529,0,roll,7.2,32.77432711045353,4.551989876451879,0.336700439453125,0.06285052829318892,0.09263759189181739,0.663330078125,0.11379566740732519,1.264065919874612,1,7.2,-86.95689703722496,0.8252525924804243,86.95689703722496,21.01676411952562,,,,,,,off,5.0,legged_eval-seed1,,n/a,settle,0.0,auto,hold,8.0,0.8,2.0,1.0,0,WALK,first,on,1000,1,deterministic,20.0,1,200,lo,1.0,0.42,0.5,0.1,dead-reckoned-heading-hold,off,,,2.649,0.5676
14,staircase_walking,7,0,0,1,heading-only,0.04,1.025653076171892,0.7835754394531165,1.2166950282707494,1.305639198112123,4.347972050505271,0,roll,12.66,-52.90176286798152,-4.178654254974844,0.32697543501853943,0.002026309334272674,-0.09608408851081228,-1.201385498046875,0.5639116776598129,-35.992172477436526,1,12.66,88.8323850977334,0.012501280615197601,88.8323850977334,7.692102727384258,,,,,,,off,5.0,legged_eval-seed1,,n/a,settle,0.0,auto,hold,8.0,0.8,2.0,1.0,0,WALK,first,on,1000,1,deterministic,20.0,1,200,lo,1.0,0.42,0.5,0.1,dead-reckoned-heading-hold,off,,,2.649,0.5676
14,staircase_walking,8,0,1,1,heading-only,0.04,1.3544738769531364,2.6136917114257727,0.7087095640069219,1.0650977643295176,3.8941865234870874,0,roll,6.82,21.73873236382221,3.1874974140501773,0.33365923166275024,0.0519756417819848,0.08998412190993735,0.613189697265625,0.2006680461691842,1.070353782399339,1,6.82,-86.02870623759587,13.098177620812583,86.02870623759587,18.062691731903616,,,,,,,off,5.0,legged_eval-seed1,,n/a,settle,0.0,auto,hold,8.0,0.8,2.0,1.0,0,WALK,first,on,1000,1,deterministic,20.0,1,200,lo,1.0,0.42,0.5,0.1,dead-reckoned-heading-hold,off,,,2.649,0.5676
14,staircase_walking,9,0,1,1,heading-only,0.04,1.796057128906284,2.0403198242187415,0.7970775625417807,0.4308336974833443,3.4041816575933024,1,timeout,20.0,-8.15331593414291,-0.4076657967071455,0.3258896470069885,0.03980285644531421,0.0020159912109370738,0.042755126953125,0.1649817987094992,-0.1787587885829529,0,20.0,-6.197603428043011,-7.4616717812821785,10.880095022861331,9.094784915225858,,,,,,,off,5.0,legged_eval-seed1,,n/a,settle,0.0,auto,hold,8.0,0.8,2.0,1.0,0,WALK,first,on,1000,1,deterministic,20.0,1,200,lo,1.0,0.42,0.5,0.1,dead-reckoned-heading-hold,off,,,2.649,0.5676
15,staircase_climbing,0,0,1,1,heading-only,0.04,1.6330739259719849,2.0039901733398438,0.6330865005896621,1.0919333645536784,9.56692690613869,1,timeout,20.0,3.935832115111822,0.1967916057555911,0.32669174671173096,0.031653696298599245,0.0001995086669921875,0.00850677490234375,0.118001954332762,0.10850743711955309,0,20.0,-1.5816034107272452,-1.7697161409055508,13.096867611389154,6.050404449391112,,,,,,,off,5.0,legged_eval-seed1,,n/a,settle,0.0,auto,hold,8.0,0.8,2.0,1.0,0,WALK,first,on,1000,1,deterministic,20.0,1,200,lo,1.0,0.42,0.5,0.1,dead-reckoned-heading-hold,off,,,2.649,0.5676
15,staircase_climbing,1,0,1,1,heading-only,0.04,1.2655769348144545,2.807525634765625,0.8500757372781949,1.667936849523747,9.96718913680754,0,roll,6.98,37.58851985554648,5.3851747644049395,0.3314984440803528,0.0380482714633889,0.11569135168561961,0.7902297973632812,0.28826917630034676,2.4702575654353964,1,6.98,-87.13687743763843,2.1792686171473257,87.13687743763843,14.506665191558579,,,,,,,off,5.0,legged_eval-seed1,,n/a,settle,0.0,auto,hold,8.0,0.8,2.0,1.0,0,WALK,first,on,1000,1,deterministic,20.0,1,200,lo,1.0,0.42,0.5,0.1,dead-reckoned-heading-hold,off,,,2.649,0.5676
15,staircase_climbing,2,0,1,1,heading-only,0.04,1.2273590087890653,1.3978195190429688,0.6436718500316662,1.6141715739663165,9.990805256395818,0,roll,13.34,-43.76749140072974,-3.2809213943575517,0.32331326603889465,0.0170434039572013,-0.045140965588982854,-0.6067886352539062,0.4279245481066932,-3.3598265331537522,1,13.34,91.90248992434556,-1.9186989052084875,91.90248992434556,10.099243389371477,,,,,,,off,5.0,legged_eval-seed1,,n/a,settle,0.0,auto,hold,8.0,0.8,2.0,1.0,0,WALK,first,on,1000,1,deterministic,20.0,1,200,lo,1.0,0.42,0.5,0.1,dead-reckoned-heading-hold,off,,,2.649,0.5676
15,staircase_climbing,3,0,1,1,heading-only,0.04,1.6634719848632926,1.9479522705078125,0.6655103611843539,1.0628032240567196,9.536670045127524,1,timeout,20.0,-31.042587074088004,-1.5521293537044003,0.33425113558769226,0.03317359924316463,-0.002602386474609375,-0.05104827880859375,0.3040653616640989,-0.8166062247398505,0,20.0,2.8567075467201106,-4.038934198193126,10.062183231118475,7.154121647319084,,,,,,,off,5.0,legged_eval-seed1,,n/a,settle,0.0,auto,hold,8.0,0.8,2.0,1.0,0,WALK,first,on,1000,1,deterministic,20.0,1,200,lo,1.0,0.42,0.5,0.1,dead-reckoned-heading-hold,off,,,2.649,0.5676
15,staircase_climbing,4,0,0,1,heading-only,0.04,0.6997894287109432,2.6267929077148438,0.6949789466417889,1.0164675634590548,10.518901624721654,0,roll,3.54,32.67052813057691,9.22896274875054,0.3388792872428894,-0.08480524612685221,0.17706014342227225,0.6194915771484375,0.4594253096848953,-1.8993611110881627,1,3.54,-89.09929631331545,7.684912142485795,89.09929631331545,11.361363659514893,,,,,,,off,5.0,legged_eval-seed1,,n/a,settle,0.0,auto,hold,8.0,0.8,2.0,1.0,0,WALK,first,on,1000,1,deterministic,20.0,1,200,lo,1.0,0.42,0.5,0.1,dead-reckoned-heading-hold,off,,,2.649,0.5676
15,staircase_climbing,5,0,1,1,heading-only,0.04,1.2222747802734375,2.4925460815429688,0.5403773870073929,1.5576499823321082,9.69025113559886,0,roll,13.52,85.64404315827909,6.3346185767957905,0.33947882056236267,0.016440442327916974,0.03643092319104799,0.4694976806640625,0.5794241088523743,6.7248769113313696,1,13.52,-86.28772574281577,18.208011424603846,86.28772574281577,22.377515364353773,,,,,,,off,5.0,legged_eval-seed1,,n/a,settle,0.0,auto,hold,8.0,0.8,2.0,1.0,0,WALK,first,on,1000,1,deterministic,20.0,1,200,lo,1.0,0.42,0.5,0.1,dead-reckoned-heading-hold,off,,,2.649,0.5676
15,staircase_climbing,6,0,1,1,heading-only,0.04,2.0694213867187727,2.6381378173828125,1.2453441196495059,0.8971339150326226,8.853605961376077,1,timeout,20.0,13.991182066629761,0.6995591033314881,0.32888224720954895,0.053471069335938634,0.03190689086914063,0.6607437133789062,0.3888265432965945,0.22834048050779218,0,20.0,32.91949052699427,44.31998735914282,36.04466333163651,44.31998735914282,,,,,,,off,5.0,legged_eval-seed1,,n/a,settle,0.0,auto,hold,8.0,0.8,2.0,1.0,0,WALK,first,on,1000,1,deterministic,20.0,1,200,lo,1.0,0.42,0.5,0.1,dead-reckoned-heading-hold,off,,,2.649,0.5676
15,staircase_climbing,7,0,1,1,heading-only,0.04,2.097003173828142,1.2887725830078125,1.3073868601414027,0.9324428191876964,8.831681468456235,1,timeout,20.0,-3.4308638637454294,-0.17154319318727146,0.32859161496162415,0.0548501586914071,-0.03556137084960938,-0.726531982421875,0.6982536542989148,-0.05458495657865135,0,20.0,-36.40122578985252,46.65773864593613,63.68608939567744,48.940950939311286,,,,,,,off,5.0,legged_eval-seed1,,n/a,settle,0.0,auto,hold,8.0,0.8,2.0,1.0,0,WALK,first,on,1000,1,deterministic,20.0,1,200,lo,1.0,0.42,0.5,0.1,dead-reckoned-heading-hold,off,,,2.649,0.5676
15,staircase_climbing,8,0,1,1,heading-only,0.04,1.6289794921875114,1.9710769653320312,0.6296441403895252,1.071410971611408,9.27106562366019,1,timeout,20.0,-6.339042883916903,-0.31695214419584516,0.3229059875011444,0.03144897460937557,-0.0014461517333984376,-0.0391845703125,0.107376516709845,-0.175899486586891,0,20.0,4.428556771881071,-3.0590795560952704,10.42028434042527,7.484995050680796,,,,,,,off,5.0,legged_eval-seed1,,n/a,settle,0.0,auto,hold,8.0,0.8,2.0,1.0,0,WALK,first,on,1000,1,deterministic,20.0,1,200,lo,1.0,0.42,0.5,0.1,dead-reckoned-heading-hold,off,,,2.649,0.5676
15,staircase_climbing,9,0,1,1,heading-only,0.04,1.311773681640659,1.381378173828125,0.6927451135735254,1.519824093374534,9.608161993633043,0,roll,15.46,-33.56078706576224,-2.170814169842318,0.33402594923973083,0.02016647358607109,-0.04001434839404107,-0.6392059326171875,0.309324778431591,-1.8787545849793414,1,15.46,90.38292464274912,0.6688917373308516,90.38292464274912,13.619145492125332,,,,,,,off,5.0,legged_eval-seed1,,n/a,settle,0.0,auto,hold,8.0,0.8,2.0,1.0,0,WALK,first,on,1000,1,deterministic,20.0,1,200,lo,1.0,0.42,0.5,0.1,dead-reckoned-heading-hold,off,,,2.649,0.5676
16,staircase_spiral,0,0,0,1,heading-only,0.04,1.7153372764587402,2.7070251464843693,1.0057792883394707,2.0491756104466976,3.4073179703259107,0,roll,8.540000000000001,35.068831403180894,4.106420539014156,0.3240315616130829,0.08376314712631618,0.08278982979910647,0.69219970703125,0.3896400975403284,0.8556335493130042,1,8.540000000000001,-92.24020662644361,1.8542818516216968,92.24020662644361,15.540166027716545,,,,,,,off,5.0,legged_eval-seed1,,n/a,settle,0.0,auto,hold,8.0,0.8,2.0,1.0,0,WALK,first,on,1000,1,deterministic,20.0,1,200,lo,1.0,0.42,0.5,0.1,dead-reckoned-heading-hold,off,,,2.649,0.5676
16,staircase_spiral,1,0,0,1,heading-only,0.04,3.6360488891601577,2.4110656738281193,2.6679071824638627,0.7205629667309533,1.500349690398475,1,timeout,20.0,69.56954034654336,3.478477017327168,0.33966541290283203,0.13180244445800787,0.020553283691405966,0.417205810546875,2.270400235768994,0.46062026510178533,0,20.0,-34.09696386432664,-4.343766367313044,34.09696386432664,8.145334793359252,,,,,,,off,5.0,legged_eval-seed1,,n/a,settle,0.0,auto,hold,8.0,0.8,2.0,1.0,0,WALK,first,on,1000,1,deterministic,20.0,1,200,lo,1.0,0.42,0.5,0.1,dead-reckoned-heading-hold,off,,,2.649,0.5676
16,staircase_spiral,2,0,0,1,heading-only,0.04,1.7753326416015653,2.576486206054682,0.9661661611256018,1.96935489608915,3.403503861124974,0,roll,6.98,8.984390346383833,1.2871619407426693,0.3336341679096222,0.1110791750145509,0.08259114699923807,0.5818023681640625,0.2978314989140526,0.20224505510935673,1,6.98,-86.4418923132979,-0.002609124562527852,86.4418923132979,9.201175992595152,,,,,,,off,5.0,legged_eval-seed1,,n/a,settle,0.0,auto,hold,8.0,0.8,2.0,1.0,0,WALK,first,on,1000,1,deterministic,20.0,1,200,lo,1.0,0.42,0.5,0.1,dead-reckoned-heading-hold,off,,,2.649,0.5676
16,staircase_spiral,3,0,0,1,heading-only,0.04,3.966526794433605,2.440744018554682,2.999089280429019,0.8457680549119667,1.2526470113476023,1,timeout,20.0,27.988210616302723,1.3994105308151361,0.33020684123039246,0.14832633972168024,0.02203720092773409,0.4468841552734375,1.1375541936964002,0.1646661098469464,0,20.0,-6.115813538126607,-5.890252796251554,16.050889117464372,9.874326364037852,,,,,,,off,5.0,legged_eval-seed1,,n/a,settle,0.0,auto,hold,8.0,0.8,2.0,1.0,0,WALK,first,on,1000,1,deterministic,20.0,1,200,lo,1.0,0.42,0.5,0.1,dead-reckoned-heading-hold,off,,,2.649,0.5676
16,staircase_spiral,4,0,0,1,heading-only,0.04,1.7000640869140682,2.817422485351557,1.0762291788207305,2.1850495911137373,3.585921218949737,0,roll,6.74,13.699468340337233,2.032562068299293,0.3336072862148285,0.1038670752098024,0.12127930049726361,0.8117523193359375,0.3967210625161381,0.3415413428298845,1,6.74,-86.0904842937249,10.76330792088419,86.0904842937249,15.768063136950536,,,,,,,off,5.0,legged_eval-seed1,,n/a,settle,0.0,auto,hold,8.0,0.8,2.0,1.0,0,WALK,first,on,1000,1,deterministic,20.0,1,200,lo,1.0,0.42,0.5,0.1,dead-reckoned-heading-hold,off,,,2.649,0.5676
16,staircase_spiral,5,0,0,1,heading-only,0.04,4.1299896240234375,2.404672241210932,3.156040980294942,0.8834048177111468,1.1581662798002672,1,timeout,20.0,41.04034048665983,2.0520170243329914,0.33315610885620117,0.15649948120117188,0.02023361206054659,0.4107818603515625,1.669927879758946,0.22884710611627967,0,20.0,-4.386612451498051,-2.6191098242909727,12.445868550423418,7.481774417405346,,,,,,,off,5.0,legged_eval-seed1,,n/a,settle,0.0,auto,hold,8.0,0.8,2.0,1.0,0,WALK,first,on,1000,1,deterministic,20.0,1,200,lo,1.0,0.42,0.5,0.1,dead-reckoned-heading-hold,off,,,2.649,0.5676
16,staircase_spiral,6,0,0,1,heading-only,0.04,1.2117401123047102,1.3690734863281193,0.6655089336838125,2.4275881218456985,4.1633364215593,0,roll,2.9,12.647016001227144,4.361040000423153,0.32095667719841003,0.07301383182921042,-0.21756086678340714,-0.624481201171875,0.4511960161511589,1.042466953338395,1,2.9,88.95615150128292,-1.7093022307325814,88.95615150128292,11.743800306328113,,,,,,,off,5.0,legged_eval-seed1,,n/a,settle,0.0,auto,hold,8.0,0.8,2.0,1.0,0,WALK,first,on,1000,1,deterministic,20.0,1,200,lo,1.0,0.42,0.5,0.1,dead-reckoned-heading-hold,off,,,2.649,0.5676
16,staircase_spiral,7,0,0,1,heading-only,0.04,4.2507049560547046,1.8555847167968693,3.2539112595984023,0.6339812286994817,1.123855860040869,1,timeout,20.0,-12.310482219778976,-0.6155241109889488,0.331816703081131,0.16253524780273523,-0.007220764160156534,-0.1652374267578125,0.7393328931590033,-0.06609595461537408,0,20.0,6.329924854333321,-5.639404096252615,11.131525530577724,8.085748086610034,,,,,,,off,5.0,legged_eval-seed1,,n/a,settle,0.0,auto,hold,8.0,0.8,2.0,1.0,0,WALK,first,on,1000,1,deterministic,20.0,1,200,lo,1.0,0.42,0.5,0.1,dead-reckoned-heading-hold,off,,,2.649,0.5676
16,staircase_spiral,8,0,0,1,heading-only,0.04,1.6541564941406364,1.3926788330078068,0.8926139807907604,2.024856662263775,3.7913337307100297,0,roll,4.4,11.089404847080289,2.5203192834273382,0.328300416469574,0.14867193048650826,-0.13802753795277117,-0.6049652099609375,0.5019439072779684,0.2958720556958332,1,4.4,88.15822335014664,-6.74031508667499,88.15822335014664,8.990069994315899,,,,,,,off,5.0,legged_eval-seed1,,n/a,settle,0.0,auto,hold,8.0,0.8,2.0,1.0,0,WALK,first,on,1000,1,deterministic,20.0,1,200,lo,1.0,0.42,0.5,0.1,dead-reckoned-heading-hold,off,,,2.649,0.5676
16,staircase_spiral,9,0,0,1,heading-only,0.04,3.619268798828159,1.7751098632812443,2.6289055924677265,0.09352784797153406,1.822639583269607,0,roll,15.700000000000001,9.742734799333107,0.6205563566454207,0.33333083987236023,0.16683240756867254,-0.014324212529857048,-0.235595703125,1.176780285757058,0.06491995035907258,1,15.700000000000001,88.64182907003453,-13.316477522735989,88.64182907003453,15.064460189753476,,,,,,,off,5.0,legged_eval-seed1,,n/a,settle,0.0,auto,hold,8.0,0.8,2.0,1.0,0,WALK,first,on,1000,1,deterministic,20.0,1,200,lo,1.0,0.42,0.5,0.1,dead-reckoned-heading-hold,off,,,2.649,0.5676
17,squeeze,0,0,2,1,heading-only,0.04,2.80656099319458,1.8879882812499886,1.8100301785521475,0.600428466803818,5.894503367720898,1,timeout,20.0,-15.588758985683398,-0.7794379492841699,0.33196625113487244,0.090328049659729,-0.0056005859375005684,-0.1201934814453125,0.46929930517327834,-0.15060392182990212,0,20.0,30.31892252273765,-9.264882287795892,41.27980844597848,15.6789253167429,,,,,,,off,5.0,legged_eval-seed1,,n/a,settle,0.0,auto,hold,8.0,0.8,2.0,1.0,0,WALK,first,on,1000,1,deterministic,20.0,1,200,lo,1.0,0.42,0.5,0.1,dead-reckoned-heading-hold,off,,,2.649,0.5676
17,squeeze,1,0,0,1,heading-only,0.04,0.9786163330078139,1.4280883789062386,0.5723112470990998,0.7739016930775594,8.191373141026402,0,roll,2.1,-3.381756067721824,-1.6103600322484874,0.32338008284568787,-0.010182698567707656,-0.2723388671875054,-0.5675506591796875,0.3415752530682091,2.760180370495388,1,2.1,88.49225344269993,4.47579816546531,88.49225344269993,16.169608424393378,,,,,,,off,5.0,legged_eval-seed1,,n/a,settle,0.0,auto,hold,8.0,0.8,2.0,1.0,0,WALK,first,on,1000,1,deterministic,20.0,1,200,lo,1.0,0.42,0.5,0.1,dead-reckoned-heading-hold,off,,,2.649,0.5676
17,squeeze,2,0,2,1,heading-only,0.04,2.9761993408203153,2.0354797363281136,1.9765178082548513,0.6455425159001856,6.523897136865602,1,timeout,20.0,-2.341485737662481,-0.11707428688312405,0.3296162188053131,0.09880996704101577,0.0017739868164056815,0.02783203125,0.2797557894033472,-0.020679409544653957,0,20.0,-2.2246904430048704,-1.8299558214574156,10.487787790576418,7.257260748147012,,,,,,,off,5.0,legged_eval-seed1,,n/a,settle,0.0,auto,hold,8.0,0.8,2.0,1.0,0,WALK,first,on,1000,1,deterministic,20.0,1,200,lo,1.0,0.42,0.5,0.1,dead-reckoned-heading-hold,off,,,2.649,0.5676
17,squeeze,3,0,1,1,heading-only,0.04,1.7347991943359489,2.157870483398426,0.7515669933713244,0.6533361567255436,7.266915840722942,1,timeout,20.0,2.342887910497808,0.1171443955248904,0.330134779214859,0.03673995971679744,0.007893524169921307,0.1671142578125,0.2349439720154942,0.0556493642869478,0,20.0,-1.3532407840520295,-6.5554867210879815,15.916520661801245,9.26463322710234,,,,,,,off,5.0,legged_eval-seed1,,n/a,settle,0.0,auto,hold,8.0,0.8,2.0,1.0,0,WALK,first,on,1000,1,deterministic,20.0,1,200,lo,1.0,0.42,0.5,0.1,dead-reckoned-heading-hold,off,,,2.649,0.5676
17,squeeze,4,0,1,1,heading-only,0.04,1.2694458007812557,2.637393188476551,0.6920051417980624,1.3311898629330534,8.105653967646775,0,roll,12.14,41.84361900852184,3.4467560962538584,0.3283267617225647,0.022194876505869494,0.052503557535136004,0.618743896484375,0.22434875537317425,2.7104112238204014,1,12.14,-85.96992131780542,0.3540448281162409,85.96992131780542,18.591471072621506,,,,,,,off,5.0,legged_eval-seed1,,n/a,settle,0.0,auto,hold,8.0,0.8,2.0,1.0,0,WALK,first,on,1000,1,deterministic,20.0,1,200,lo,1.0,0.42,0.5,0.1,dead-reckoned-heading-hold,off,,,2.649,0.5676
17,squeeze,5,0,1,1,heading-only,0.04,2.262481689453125,3.212588500976551,1.7504944698298752,1.1628881807727132,7.38771236576362,1,timeout,20.0,38.26596233378547,1.9132981166892733,0.3322642743587494,0.06312408447265624,0.060629425048827554,1.1956329345703125,0.518419798130854,0.5290112638845422,0,20.0,-15.187304302670688,5.206396905882714,16.023850272727937,13.735864623744467,,,,,,,off,5.0,legged_eval-seed1,,n/a,settle,0.0,auto,hold,8.0,0.8,2.0,1.0,0,WALK,first,on,1000,1,deterministic,20.0,1,200,lo,1.0,0.42,0.5,0.1,dead-reckoned-heading-hold,off,,,2.649,0.5676
17,squeeze,6,0,1,1,heading-only,0.04,1.3695159912109602,1.3770935058593636,0.7242613949419071,1.3155234670231275,8.852426804550339,0,roll,3.56,-3.041144499782206,-0.8542540729725298,0.3349522650241852,0.10379662674465175,-0.17497373430916752,-0.5946807861328125,0.35251836328091307,-0.14364191486319935,1,3.56,89.88016274942092,8.515439414466847,89.88016274942092,12.704635382234782,,,,,,,off,5.0,legged_eval-seed1,,n/a,settle,0.0,auto,hold,8.0,0.8,2.0,1.0,0,WALK,first,on,1000,1,deterministic,20.0,1,200,lo,1.0,0.42,0.5,0.1,dead-reckoned-heading-hold,off,,,2.649,0.5676
17,squeeze,7,0,1,1,heading-only,0.04,1.7711517333984546,1.9643737792968636,0.7719742376044875,0.6643406700364881,8.028927307910562,1,timeout,20.0,-17.953545538343093,-0.8976772769171546,0.3236157298088074,0.038557586669922726,-0.0017813110351568185,-0.0475616455078125,0.24015235769955348,-0.40633829696511553,0,20.0,1.2786515136456755,-3.6894048254258123,11.997550935721458,5.666456924911227,,,,,,,off,5.0,legged_eval-seed1,,n/a,settle,0.0,auto,hold,8.0,0.8,2.0,1.0,0,WALK,first,on,1000,1,deterministic,20.0,1,200,lo,1.0,0.42,0.5,0.1,dead-reckoned-heading-hold,off,,,2.649,0.5676
17,squeeze,8,0,1,1,heading-only,0.04,1.7865112304687614,1.9390136718749886,0.7888721365795959,0.7070782878419773,8.663703422440767,1,timeout,20.0,-18.0778883719384,-0.90389441859692,0.3227519392967224,0.039325561523438066,-0.0030493164062505686,-0.052978515625,0.2927598547630836,-0.40116232505704075,0,20.0,-0.2530188322448154,-2.5975897712734377,12.750600630291093,9.345336870970076,,,,,,,off,5.0,legged_eval-seed1,,n/a,settle,0.0,auto,hold,8.0,0.8,2.0,1.0,0,WALK,first,on,1000,1,deterministic,20.0,1,200,lo,1.0,0.42,0.5,0.1,dead-reckoned-heading-hold,off,,,2.649,0.5676
17,squeeze,9,0,0,1,heading-only,0.04,1.154638671875034,1.4958984374999886,0.5272869277293221,0.6110587797251531,9.358947416164309,0,roll,3.1,10.022519739108702,3.2330708835834523,0.33154821395874023,0.049883442540333583,-0.16261340725806817,-0.4977264404296875,0.35828974527333,1.1311916137958706,1,3.1,86.65053623073617,-14.44715489318507,86.65053623073617,14.44715489318507,,,,,,,off,5.0,legged_eval-seed1,,n/a,settle,0.0,auto,hold,8.0,0.8,2.0,1.0,0,WALK,first,on,1000,1,deterministic,20.0,1,200,lo,1.0,0.42,0.5,0.1,dead-reckoned-heading-hold,off,,,2.649,0.5676
18,agility_poles,0,0,1,1,heading-only,0.04,3.088409185409546,1.461254882812483,2.1567798281225543,1.703227913544346,15.221128125465146,0,roll,13.3,20.217804967766114,1.5201357118621137,0.3399454355239868,0.1570232470232741,-0.04050715166823436,-0.5337982177734375,0.9878021728966868,0.16896461990248618,1,13.3,87.98724981000886,2.378451061696303,87.98724981000886,12.612173387889815,,,,,,,off,5.0,legged_eval-seed1,,n/a,settle,0.0,auto,hold,8.0,0.8,2.0,1.0,0,WALK,first,on,1000,1,deterministic,20.0,1,200,lo,1.0,0.42,0.5,0.1,dead-reckoned-heading-hold,off,,,2.649,0.5676
18,agility_poles,1,0,1,1,heading-only,0.04,3.4716735839843764,2.1876800537109204,2.478788838995187,0.8065547612757071,13.77960458898712,1,timeout,20.0,-0.9608257687137609,-0.04804128843568804,0.3356682360172272,0.12358367919921882,0.009384002685546022,0.1574554443359375,0.3026195925227088,-0.006784703817980623,0,20.0,-0.3562029477781679,-2.168014697563521,13.97825179786704,9.231447887925503,,,,,,,off,5.0,legged_eval-seed1,,n/a,settle,0.0,auto,hold,8.0,0.8,2.0,1.0,0,WALK,first,on,1000,1,deterministic,20.0,1,200,lo,1.0,0.42,0.5,0.1,dead-reckoned-heading-hold,off,,,2.649,0.5676
18,agility_poles,2,0,1,1,heading-only,0.04,4.503871154785159,2.7476470947265454,3.582748839590703,0.7691119071776052,12.069308030445242,1,timeout,20.0,19.926811900920427,0.9963405950460213,0.33053845167160034,0.17519355773925796,0.03738235473632727,0.759429931640625,1.166643812332455,0.09925835218617685,0,20.0,-7.476999883658879,-2.945699128796776,11.966522474169434,7.945683840548422,,,,,,,off,5.0,legged_eval-seed1,,n/a,settle,0.0,auto,hold,8.0,0.8,2.0,1.0,0,WALK,first,on,1000,1,deterministic,20.0,1,200,lo,1.0,0.42,0.5,0.1,dead-reckoned-heading-hold,off,,,2.649,0.5676
18,agility_poles,3,0,1,1,heading-only,0.04,2.759915161132824,2.9933135986327954,2.020884281599025,0.8452514206934414,12.778749297437606,0,roll,12.84,0.24810706257613901,0.019322979951412696,0.33228984475135803,0.13706504370193331,0.0773608721676632,0.9980621337890625,1.1591756378145321,0.0024605078898336827,1,12.84,-87.45791737693546,21.12702169379438,87.45791737693546,37.2644478101661,,,,,,,off,5.0,legged_eval-seed1,,n/a,settle,0.0,auto,hold,8.0,0.8,2.0,1.0,0,WALK,first,on,1000,1,deterministic,20.0,1,200,lo,1.0,0.42,0.5,0.1,dead-reckoned-heading-hold,off,,,2.649,0.5676
18,agility_poles,4,0,1,1,heading-only,0.04,2.759451293945318,1.810437011718733,1.7696335728878954,1.276363424986602,12.042040826595859,0,roll,12.780000000000001,-6.600361205679491,-0.5164601882378318,0.3416375517845154,0.13767224522263835,-0.014832784685545152,-0.19488525390625,0.8760788118395713,-0.06547384133703106,1,12.780000000000001,91.59889170312881,-8.227772769327188,91.59889170312881,16.67292982453972,,,,,,,off,5.0,legged_eval-seed1,,n/a,settle,0.0,auto,hold,8.0,0.8,2.0,1.0,0,WALK,first,on,1000,1,deterministic,20.0,1,200,lo,1.0,0.42,0.5,0.1,dead-reckoned-heading-hold,off,,,2.649,0.5676
18,agility_poles,5,0,1,1,heading-only,0.04,4.652557373046875,1.7099578857421704,3.6640551021296393,1.7309973230367053,9.102064973331432,1,timeout,20.0,7.364060526508808,0.36820302632544044,0.3316938579082489,0.18262786865234376,-0.014502105712891478,-0.3189697265625,1.3667993527390672,0.03518825014280656,0,20.0,-1.4938066087258433,-5.5756946323076395,15.397432035781824,9.291163094554314,,,,,,,off,5.0,legged_eval-seed1,,n/a,settle,0.0,auto,hold,8.0,0.8,2.0,1.0,0,WALK,first,on,1000,1,deterministic,20.0,1,200,lo,1.0,0.42,0.5,0.1,dead-reckoned-heading-hold,off,,,2.649,0.5676
18,agility_poles,6,0,0,1,heading-only,0.04,3.7455688476562727,0.674725341796858,3.048688442083915,2.6074762451918474,9.39833985278145,0,roll,18.28,-13.896885091836623,-0.76022347329522,0.3379460275173187,0.15019523236631688,-0.0724986136872616,-1.29803466796875,0.981886736404234,-0.0883410375343204,1,18.28,89.8142553005064,3.522375803713536,89.8142553005064,9.970318975456902,,,,,,,off,5.0,legged_eval-seed1,,n/a,settle,0.0,auto,hold,8.0,0.8,2.0,1.0,0,WALK,first,on,1000,1,deterministic,20.0,1,200,lo,1.0,0.42,0.5,0.1,dead-reckoned-heading-hold,off,,,2.649,0.5676
18,agility_poles,7,0,0,1,heading-only,0.04,1.429278564453142,2.7535980224609204,0.8672889168875388,0.7569091761253911,10.597549794522612,0,roll,3.16,-14.901315819280029,-4.7156062719240595,0.330432265996933,0.1358476469788424,0.23848038685472164,0.748016357421875,0.5952778845549469,-0.6058467518807163,1,3.16,-87.09571300633479,14.986384839245131,87.09571300633479,33.21890353995232,,,,,,,off,5.0,legged_eval-seed1,,n/a,settle,0.0,auto,hold,8.0,0.8,2.0,1.0,0,WALK,first,on,1000,1,deterministic,20.0,1,200,lo,1.0,0.42,0.5,0.1,dead-reckoned-heading-hold,off,,,2.649,0.5676
18,agility_poles,8,0,1,1,heading-only,0.04,1.6815307617187614,1.5583770751952954,0.8121052806637923,1.8457114921284297,9.628602250351593,0,roll,7.24,-20.64963074607698,-2.852158942828312,0.3255004584789276,0.09413408311032616,-0.06099764154761112,-0.4506683349609375,0.22413809436848803,-0.5288155224735399,1,7.24,90.2747704565554,6.680112126913525,90.2747704565554,14.579112564271668,,,,,,,off,5.0,legged_eval-seed1,,n/a,settle,0.0,auto,hold,8.0,0.8,2.0,1.0,0,WALK,first,on,1000,1,deterministic,20.0,1,200,lo,1.0,0.42,0.5,0.1,dead-reckoned-heading-hold,off,,,2.649,0.5676
18,agility_poles,9,0,1,1,heading-only,0.04,2.192419433593784,1.284558105468733,1.3905830468054072,1.6979459727767472,8.089280665706784,0,roll,11.700000000000001,-16.19915546684507,-1.3845432022944504,0.3293919563293457,0.10191619090545162,-0.061148879874467266,-0.7082977294921875,0.3958441310258642,-0.2371049908896415,1,11.700000000000001,87.73867080871938,10.315490449534463,87.73867080871938,16.433879177573363,,,,,,,off,5.0,legged_eval-seed1,,n/a,settle,0.0,auto,hold,8.0,0.8,2.0,1.0,0,WALK,first,on,1000,1,deterministic,20.0,1,200,lo,1.0,0.42,0.5,0.1,dead-reckoned-heading-hold,off,,,2.649,0.5676
19,balance_beam,0,0,3,1,heading-only,0.04,5.06301736831665,2.484793090820318,4.091837542736744,0.4887393861123851,4.960727955295489,0,roll,19.52,11.362112253134086,0.5820754228040003,0.33467501401901245,0.2081463815735989,0.024835711619893352,0.474700927734375,2.233667866027353,0.048807635021393354,1,19.52,-87.48399855834658,48.105192284316345,87.48399855834658,48.105192284316345,,,,,,,off,5.0,legged_eval-seed1,,n/a,settle,0.0,auto,hold,8.0,0.8,2.0,1.0,0,WALK,first,on,1000,1,deterministic,20.0,1,200,lo,1.0,0.42,0.5,0.1,dead-reckoned-heading-hold,off,,,2.649,0.5676
19,balance_beam,1,0,0,1,heading-only,0.04,1.2287117004394545,1.3920196533203182,0.6495761263059572,0.6657608004585418,9.390989537606202,0,roll,3.02,-3.4819614083147883,-1.1529673537466187,0.3260047137737274,0.07573235113889223,-0.2013179955892986,-0.60552978515625,0.39484727325059354,-0.2657130828274325,1,3.02,86.94394109949373,-8.402752871011197,86.94394109949373,15.487925364960178,,,,,,,off,5.0,legged_eval-seed1,,n/a,settle,0.0,auto,hold,8.0,0.8,2.0,1.0,0,WALK,first,on,1000,1,deterministic,20.0,1,200,lo,1.0,0.42,0.5,0.1,dead-reckoned-heading-hold,off,,,2.649,0.5676
19,balance_beam,2,0,1,1,heading-only,0.04,2.0983612060546903,3.0181640625000057,1.4976833434115602,1.18263574127729,8.860333149337539,0,roll,5.74,-10.434776784388646,-1.8179053631339104,0.32867980003356934,0.19135212649036418,0.17738049869338077,1.0105133056640625,0.6613733008203846,-0.16581176628809305,1,5.74,-91.23355546198432,29.471796420990128,91.23355546198432,29.471796420990128,,,,,,,off,5.0,legged_eval-seed1,,n/a,settle,0.0,auto,hold,8.0,0.8,2.0,1.0,0,WALK,first,on,1000,1,deterministic,20.0,1,200,lo,1.0,0.42,0.5,0.1,dead-reckoned-heading-hold,off,,,2.649,0.5676
19,balance_beam,3,0,1,1,heading-only,0.04,2.3005493164062614,2.5581726074218807,1.4152685907914917,0.7166328046210416,9.216368565739407,0,roll,5.14,-23.374789837452596,-4.547624481994669,0.32590746879577637,0.25302515883390303,0.10859389249452932,0.5623321533203125,0.8253333061234389,-0.3136882542467298,1,5.14,-88.21199641291166,38.35539985949476,88.21199641291166,38.35539985949476,,,,,,,off,5.0,legged_eval-seed1,,n/a,settle,0.0,auto,hold,8.0,0.8,2.0,1.0,0,WALK,first,on,1000,1,deterministic,20.0,1,200,lo,1.0,0.42,0.5,0.1,dead-reckoned-heading-hold,off,,,2.649,0.5676
19,balance_beam,4,0,2,1,heading-only,0.04,3.8053649902343807,2.4859375000000057,2.8471403165876814,0.7679362270040531,8.308857033258885,0,below,17.68,33.38394265264657,1.8882320504890593,0.3302451968193054,0.1586744903978722,0.02748515271493245,0.4799957275390625,1.0934602648792011,0.2076947985784098,1,17.68,-76.87048093681416,41.263971984064575,80.26653741830195,41.263971984064575,,,,,,,off,5.0,legged_eval-seed1,,n/a,settle,0.0,auto,hold,8.0,0.8,2.0,1.0,0,WALK,first,on,1000,1,deterministic,20.0,1,200,lo,1.0,0.42,0.5,0.1,dead-reckoned-heading-hold,off,,,2.649,0.5676
19,balance_beam,5,0,1,1,heading-only,0.04,2.2589874267578125,2.583273315429693,1.3875363423084113,0.8127594930608785,10.157772579219747,0,roll,4.76,-19.43835125612452,-4.083687238681622,0.32273197174072266,0.2644931568818934,0.12253641080455739,0.575592041015625,0.6484818921259181,-0.2694730887442067,1,4.76,-87.51131197230202,37.865366842456126,87.51131197230202,37.865366842456126,,,,,,,off,5.0,legged_eval-seed1,,n/a,settle,0.0,auto,hold,8.0,0.8,2.0,1.0,0,WALK,first,on,1000,1,deterministic,20.0,1,200,lo,1.0,0.42,0.5,0.1,dead-reckoned-heading-hold,off,,,2.649,0.5676
19,balance_beam,6,0,1,1,heading-only,0.04,2.1970764160156477,2.3993591308593807,1.2619348878534218,0.7868088084934923,10.810302756019652,0,roll,4.82,-31.393043178785035,-6.513079497673243,0.3302129805088043,0.2483561029078107,0.08285459146460179,0.3748321533203125,0.8046001648107604,-0.45770842893573777,1,4.82,-87.15022679651656,57.51440591484202,87.15022679651656,57.51440591484202,,,,,,,off,5.0,legged_eval-seed1,,n/a,settle,0.0,auto,hold,8.0,0.8,2.0,1.0,0,WALK,first,on,1000,1,deterministic,20.0,1,200,lo,1.0,0.42,0.5,0.1,dead-reckoned-heading-hold,off,,,2.649,0.5676
19,balance_beam,7,0,1,1,heading-only,0.04,1.4795562744140796,2.8507751464843807,0.9766230440684017,1.6772375841577298,12.150266435554839,0,roll,6.16,2.17305560737654,0.35276876743125646,0.330803245306015,0.07785004454774018,0.1381128484552566,0.8156280517578125,0.5295612666052374,0.07908764247529627,1,6.16,-86.19271346616084,0.842710863778204,86.19271346616084,7.594325689515758,,,,,,,off,5.0,legged_eval-seed1,,n/a,settle,0.0,auto,hold,8.0,0.8,2.0,1.0,0,WALK,first,on,1000,1,deterministic,20.0,1,200,lo,1.0,0.42,0.5,0.1,dead-reckoned-heading-hold,off,,,2.649,0.5676
19,balance_beam,8,0,0,1,heading-only,0.04,1.0382202148437614,2.6416076660156307,0.6427450364745949,0.7905067786356844,12.877773085395747,0,roll,2.2800000000000002,8.18386839255811,3.5894159616482937,0.33495867252349854,0.01676325212445674,0.2814068710594871,0.652099609375,0.41619589765187387,3.737170227428736,1,2.2800000000000002,-86.11079807182993,2.299930715940321,86.11079807182993,9.528586760443064,,,,,,,off,5.0,legged_eval-seed1,,n/a,settle,0.0,auto,hold,8.0,0.8,2.0,1.0,0,WALK,first,on,1000,1,deterministic,20.0,1,200,lo,1.0,0.42,0.5,0.1,dead-reckoned-heading-hold,off,,,2.649,0.5676
19,balance_beam,9,0,1,1,heading-only,0.04,1.206945800781284,2.568655395507818,0.6051409119380048,1.881066803751537,13.305211719555855,0,roll,3.98,15.377887770264891,3.86379089705148,0.3297615647315979,0.05199643235710656,0.14287824007734126,0.5680999755859375,0.28425306241739046,1.2969326875926876,1,3.98,-89.3630494568934,8.271275552504799,89.3630494568934,15.660735299354231,,,,,,,off,5.0,legged_eval-seed1,,n/a,settle,0.0,auto,hold,8.0,0.8,2.0,1.0,0,WALK,first,on,1000,1,deterministic,20.0,1,200,lo,1.0,0.42,0.5,0.1,dead-reckoned-heading-hold,off,,,2.649,0.5676
