task,task_name,level,episode,goals,settle_ok,heading,heading_cap_rad,final_x_m,final_y_m,travelled_m,dist_to_next_goal_m,dist_to_last_goal_m,alive_at_end,end_cause,upright_s,yaw_cum_deg,yaw_rate_deg_s,base_h_max_m,vx_mean_ms,vy_mean_ms,cross_track_m,curvature_rad_m,fell,episode_s,end_roll_deg,end_pitch_deg,peak_roll_deg,peak_pitch_deg,switches,refused_ticks,steps_alive,frac_WALK,frac_TROT,frac_TURN,yaw_moment,yaw_moment_gain,terrain,planner_set,perception,turn_target,swing_lift_mm,foot_yaw_turn,roll_couple,roll_gain,roll_damp,roll_cap_nm,roll_sign,partial,skill,start_phase,foot_comp,steps,terrain_seed,measurement_seed,episode_length_s,episodes,num_envs,rate,gutter,spawn_z,settle_s,foot_clip_rad,steering,cmd_mean_feet_down,cmd_frac_below_3_feet
0,jump_on_and_off_box,0,0,1,1,heading-only,0.04,1.3854495286941528,2.5948944091796875,0.7088516750659436,1.2928529339625798,16.72513368603982,0,roll,7.12,36.68912143640301,5.152966493876828,0.328524649143219,0.05413616976041472,0.08355258555894488,0.5948944091796875,1.6612965409470426,1,7.12,-92.00458334145046,-1.263169714871874,92.00458334145046,14.816715746898257,,,,,,,off,5.0,legged_eval-seed1-no-roughness,,n/a,settle,0.0,auto,hold,8.0,0.8,2.0,1.0,0,WALK,first,on,1000,1,deterministic,20.0,1,200,lo,1.0,0.42,0.5,0.05,dead-reckoned-heading-hold,2.649,0.5676
0,jump_on_and_off_box,1,0,1,1,heading-only,0.04,1.416287994384767,2.55330491065979,0.6924175174193169,1.257694377813073,16.492995719644867,0,roll,6.9,35.04279494068115,5.07866593343205,0.327716588973999,0.06033159338909667,0.08018911748692609,0.55330491065979,1.4692043947123672,1,6.9,-87.74648057454385,-0.002357649562784965,87.74648057454385,17.002626524161972,,,,,,,off,5.0,legged_eval-seed1-no-roughness,,n/a,settle,0.0,auto,hold,8.0,0.8,2.0,1.0,0,WALK,first,on,1000,1,deterministic,20.0,1,200,lo,1.0,0.42,0.5,0.05,dead-reckoned-heading-hold,2.649,0.5676
0,jump_on_and_off_box,2,0,1,1,heading-only,0.04,1.6679260253906278,1.63271164894104,0.7622505547506878,0.9062798539079676,15.636388249224408,1,timeout,20.0,-63.58845415724758,-3.179422707862379,0.32709643244743347,0.033396301269531393,-0.018364417552947997,-0.36728835105895996,-1.6616030055849045,0,20.0,13.108313301120848,-5.5182108902382305,13.575978412024297,7.823173058445514,,,,,,,off,5.0,legged_eval-seed1-no-roughness,,n/a,settle,0.0,auto,hold,8.0,0.8,2.0,1.0,0,WALK,first,on,1000,1,deterministic,20.0,1,200,lo,1.0,0.42,0.5,0.05,dead-reckoned-heading-hold,2.649,0.5676
0,jump_on_and_off_box,3,0,1,1,heading-only,0.04,1.6973159790039176,1.7449754476547241,0.742487102159425,0.8901350437314995,15.404795116227506,1,timeout,20.0,-42.17142661577836,-2.108571330788918,0.3253135681152344,0.034865798950195884,-0.012751227617263794,-0.2550245523452759,-1.0555189711268138,0,20.0,7.3426902795113485,-4.301554162283138,9.945305939660077,7.389406610552082,,,,,,,off,5.0,legged_eval-seed1-no-roughness,,n/a,settle,0.0,auto,hold,8.0,0.8,2.0,1.0,0,WALK,first,on,1000,1,deterministic,20.0,1,200,lo,1.0,0.42,0.5,0.05,dead-reckoned-heading-hold,2.649,0.5676
0,jump_on_and_off_box,4,0,1,1,heading-only,0.04,1.6444763183593807,1.9801890850067139,0.6447807358156206,0.9719056306396734,15.755536136707358,1,timeout,20.0,-2.7390377513471833,-0.13695188756735915,0.32197338342666626,0.03222381591796904,-0.0009905457496643066,-0.019810914993286133,-0.07417685605442584,0,20.0,3.767676366548934,-3.2660560120598032,9.11907366339696,4.823103109647751,,,,,,,off,5.0,legged_eval-seed1-no-roughness,,n/a,settle,0.0,auto,hold,8.0,0.8,2.0,1.0,0,WALK,first,on,1000,1,deterministic,20.0,1,200,lo,1.0,0.42,0.5,0.05,dead-reckoned-heading-hold,2.649,0.5676
0,jump_on_and_off_box,5,0,1,1,heading-only,0.04,1.7096099853515625,1.8093434572219849,0.7347763255676586,0.8604497989340513,15.141590395759952,1,timeout,20.0,-43.121340240630246,-2.1560670120315124,0.3262954652309418,0.035480499267578125,-0.009532827138900756,-0.19065654277801514,-1.0605957929113075,0,20.0,5.509776200545633,-1.855428471682413,9.96351169925186,6.824158312611698,,,,,,,off,5.0,legged_eval-seed1-no-roughness,,n/a,settle,0.0,auto,hold,8.0,0.8,2.0,1.0,0,WALK,first,on,1000,1,deterministic,20.0,1,200,lo,1.0,0.42,0.5,0.05,dead-reckoned-heading-hold,2.649,0.5676
0,jump_on_and_off_box,6,0,1,1,heading-only,0.04,1.6381469726562727,2.0032286643981934,0.6381551402160465,0.9441972895155368,14.561853385274594,1,timeout,20.0,3.609673207109381,0.18048366035546906,0.3218747675418854,0.03190734863281364,0.00016143321990966797,0.0032286643981933594,0.09872440845851377,0,20.0,2.5293729629137127,-3.4409910337468186,9.02358300755025,4.836127965629074,,,,,,,off,5.0,legged_eval-seed1-no-roughness,,n/a,settle,0.0,auto,hold,8.0,0.8,2.0,1.0,0,WALK,first,on,1000,1,deterministic,20.0,1,200,lo,1.0,0.42,0.5,0.05,dead-reckoned-heading-hold,2.649,0.5676
0,jump_on_and_off_box,7,0,1,1,heading-only,0.04,1.6365386962890796,2.0013856887817383,0.6365402045486215,0.9015738609266238,14.813461368521361,1,timeout,20.0,4.503396790907573,0.22516983954537864,0.3223026394844055,0.03182693481445398,6.928443908691407e-05,0.0013856887817382812,0.1234789054982897,0,20.0,2.632052093713486,-2.958228535126319,9.11098524749571,4.8373356440145985,,,,,,,off,5.0,legged_eval-seed1-no-roughness,,n/a,settle,0.0,auto,hold,8.0,0.8,2.0,1.0,0,WALK,first,on,1000,1,deterministic,20.0,1,200,lo,1.0,0.42,0.5,0.05,dead-reckoned-heading-hold,2.649,0.5676
0,jump_on_and_off_box,8,0,1,1,heading-only,0.04,1.6336486816406364,1.9913551807403564,0.6337076491923925,0.7706903418422678,14.616353874841892,1,timeout,20.0,3.1885504057716503,0.1594275202885825,0.322197288274765,0.03168243408203182,-0.00043224096298217775,-0.008644819259643555,0.08782580088768795,0,20.0,2.778934052005824,-3.398799051477446,9.228624042337964,4.761421442412613,,,,,,,off,5.0,legged_eval-seed1-no-roughness,,n/a,settle,0.0,auto,hold,8.0,0.8,2.0,1.0,0,WALK,first,on,1000,1,deterministic,20.0,1,200,lo,1.0,0.42,0.5,0.05,dead-reckoned-heading-hold,2.649,0.5676
0,jump_on_and_off_box,9,0,1,1,heading-only,0.04,1.643621826171909,2.059244394302368,0.646342752246142,0.7820872200272546,13.756505746723239,1,timeout,20.0,15.460977103774098,0.7730488551887049,0.3221800625324249,0.03218109130859546,0.0029622197151184084,0.059244394302368164,0.41926010750953063,0,20.0,0.6013598515719616,-2.476854370468498,9.116343102472811,4.7850768613375365,,,,,,,off,5.0,legged_eval-seed1-no-roughness,,n/a,settle,0.0,auto,hold,8.0,0.8,2.0,1.0,0,WALK,first,on,1000,1,deterministic,20.0,1,200,lo,1.0,0.42,0.5,0.05,dead-reckoned-heading-hold,2.649,0.5676
1,forward_ramp_lips,0,0,1,1,heading-only,0.04,1.33478581905365,2.5630126953124996,0.6550304112958946,1.3848100436461335,12.92748005741261,0,roll,7.640000000000001,42.487380125467524,5.561175409092607,0.32782551646232605,0.043820133383985584,0.07369276116655754,0.5630126953124996,2.2149823305896246,1,7.640000000000001,-88.4527435235071,0.49895858811341365,88.4527435235071,16.929989273856823,,,,,,,off,5.0,legged_eval-seed1-no-roughness,,n/a,settle,0.0,auto,hold,8.0,0.8,2.0,1.0,0,WALK,first,on,1000,1,deterministic,20.0,1,200,lo,1.0,0.42,0.5,0.05,dead-reckoned-heading-hold,2.649,0.5676
1,forward_ramp_lips,1,0,1,1,heading-only,0.04,1.327127075195314,2.5741630554199215,0.6608141474991137,1.3432642595176836,12.236350998158427,0,roll,12.94,34.471124976546065,2.6639200136434362,0.32660311460494995,0.025280299474135542,0.04437117893507894,0.5741630554199215,1.8391465376198866,1,12.94,-86.77843324039931,-2.20644182856408,86.77843324039931,19.430325312862315,,,,,,,off,5.0,legged_eval-seed1-no-roughness,,n/a,settle,0.0,auto,hold,8.0,0.8,2.0,1.0,0,WALK,first,on,1000,1,deterministic,20.0,1,200,lo,1.0,0.42,0.5,0.05,dead-reckoned-heading-hold,2.649,0.5676
1,forward_ramp_lips,2,0,1,1,heading-only,0.04,1.6551544189453153,1.6403852462768551,0.7473620834367581,0.8604755849155465,11.700373324634127,1,timeout,20.0,-68.25519083587204,-3.4127595417936023,0.3268159031867981,0.03275772094726577,-0.017980737686157246,-0.3596147537231449,-1.81831607513352,0,20.0,10.250721756425511,-6.933062717617947,12.794999264078315,8.632193772020084,,,,,,,off,5.0,legged_eval-seed1-no-roughness,,n/a,settle,0.0,auto,hold,8.0,0.8,2.0,1.0,0,WALK,first,on,1000,1,deterministic,20.0,1,200,lo,1.0,0.42,0.5,0.05,dead-reckoned-heading-hold,2.649,0.5676
1,forward_ramp_lips,3,0,1,1,heading-only,0.04,1.0857894897461051,1.5189472198486325,0.4886426238492269,1.626168899301415,13.22296378224624,0,roll,13.6,-76.51872694259748,-5.626376981073345,0.3263414204120636,0.006308050716625376,-0.035371527952306435,-0.48105278015136754,-15.567218414927716,1,13.6,88.10066543442375,0.582278221907178,88.10066543442375,18.439634571172647,,,,,,,off,5.0,legged_eval-seed1-no-roughness,,n/a,settle,0.0,auto,hold,8.0,0.8,2.0,1.0,0,WALK,first,on,1000,1,deterministic,20.0,1,200,lo,1.0,0.42,0.5,0.05,dead-reckoned-heading-hold,2.649,0.5676
1,forward_ramp_lips,4,0,1,1,heading-only,0.04,1.7064727783203182,1.2225471496582028,1.0504935606714658,0.9890956712165249,11.769233812820442,1,timeout,20.0,-69.02234379745587,-3.451117189872794,0.328782320022583,0.035323638916015906,-0.03887264251708986,-0.7774528503417972,-1.705185526855345,0,20.0,9.130643840070402,-3.919064764661184,12.164592041088515,8.596116099357063,,,,,,,off,5.0,legged_eval-seed1-no-roughness,,n/a,settle,0.0,auto,hold,8.0,0.8,2.0,1.0,0,WALK,first,on,1000,1,deterministic,20.0,1,200,lo,1.0,0.42,0.5,0.05,dead-reckoned-heading-hold,2.649,0.5676
1,forward_ramp_lips,5,0,1,1,heading-only,0.04,1.67498779296875,1.4896503448486325,0.8462064116809467,0.9830140456523944,12.285616852778661,1,timeout,20.0,-80.66759703890395,-4.033379851945197,0.3285261392593384,0.0337493896484375,-0.025517482757568377,-0.5103496551513675,-2.0858379702076846,0,20.0,6.126632675432811,-1.2121973288184533,12.783810166150557,8.947416957085835,,,,,,,off,5.0,legged_eval-seed1-no-roughness,,n/a,settle,0.0,auto,hold,8.0,0.8,2.0,1.0,0,WALK,first,on,1000,1,deterministic,20.0,1,200,lo,1.0,0.42,0.5,0.05,dead-reckoned-heading-hold,2.649,0.5676
1,forward_ramp_lips,6,0,1,1,heading-only,0.04,1.6982818603515852,1.8447462081909176,0.7153329968393521,0.7659672834304191,11.952726476811565,1,timeout,20.0,-37.05925191066467,-1.8529625955332336,0.3265565037727356,0.034914093017579265,-0.007762689590454119,-0.1552537918090824,-0.9262820658715535,0,20.0,5.904813599750633,-4.107449347572328,10.708747340905411,7.441980561641649,,,,,,,off,5.0,legged_eval-seed1-no-roughness,,n/a,settle,0.0,auto,hold,8.0,0.8,2.0,1.0,0,WALK,first,on,1000,1,deterministic,20.0,1,200,lo,1.0,0.42,0.5,0.05,dead-reckoned-heading-hold,2.649,0.5676
1,forward_ramp_lips,7,0,1,1,heading-only,0.04,1.6529266357422046,1.9932580947875973,0.6529614421598924,0.8955837788851382,11.69707530719175,1,timeout,20.0,2.254738024985585,0.11273690124927924,0.32231462001800537,0.032646331787110225,-0.00033709526062013494,-0.006741905212402699,0.0602710934915056,0,20.0,2.45529560926231,-2.92206735803566,9.093227734716105,4.805319862301718,,,,,,,off,5.0,legged_eval-seed1-no-roughness,,n/a,settle,0.0,auto,hold,8.0,0.8,2.0,1.0,0,WALK,first,on,1000,1,deterministic,20.0,1,200,lo,1.0,0.42,0.5,0.05,dead-reckoned-heading-hold,2.649,0.5676
1,forward_ramp_lips,8,0,1,1,heading-only,0.04,1.6775939941406364,1.8750825881958004,0.6890123225801704,0.781793279807008,12.273041739211374,1,timeout,20.0,-29.874250902303118,-1.4937125451151558,0.326603502035141,0.03387969970703182,-0.006245870590209979,-0.12491741180419957,-0.7694933017718831,0,20.0,5.851561040231136,-2.8488524122265138,9.050005221192688,6.240947004399061,,,,,,,off,5.0,legged_eval-seed1-no-roughness,,n/a,settle,0.0,auto,hold,8.0,0.8,2.0,1.0,0,WALK,first,on,1000,1,deterministic,20.0,1,200,lo,1.0,0.42,0.5,0.05,dead-reckoned-heading-hold,2.649,0.5676
1,forward_ramp_lips,9,0,1,1,heading-only,0.04,1.727148437500034,1.771225547790527,0.762287741041718,0.7332352310623472,11.725083646029624,1,timeout,20.0,-46.922912497054995,-2.34614562485275,0.32523900270462036,0.036357421875001704,-0.011438722610473651,-0.228774452209473,-1.1262615381728924,0,20.0,5.258909327227649,-0.405572652235506,9.642568601323962,6.969430230350775,,,,,,,off,5.0,legged_eval-seed1-no-roughness,,n/a,settle,0.0,auto,hold,8.0,0.8,2.0,1.0,0,WALK,first,on,1000,1,deterministic,20.0,1,200,lo,1.0,0.42,0.5,0.05,dead-reckoned-heading-hold,2.649,0.5676
2,sphere_bump_lips,0,0,0,1,heading-only,0.04,3.070969581604004,1.0206462860107415,2.2908620004342506,1.8512371872425244,13.315096039826027,1,timeout,20.0,4.473059037130355,0.22365295185651773,0.32727864384651184,0.10354847908020019,-0.04896768569946293,-0.9793537139892585,0.037697129174415804,0,20.0,-0.05626087624905735,-2.0049804047286,14.768083168804438,7.650152305622824,,,,,,,off,5.0,legged_eval-seed1-no-roughness,,n/a,settle,0.0,auto,hold,8.0,0.8,2.0,1.0,0,WALK,first,on,1000,1,deterministic,20.0,1,200,lo,1.0,0.42,0.5,0.05,dead-reckoned-heading-hold,2.649,0.5676
2,sphere_bump_lips,1,0,0,1,heading-only,0.04,1.1258979797363295,2.285016250610351,0.3115839604563617,0.47030477849724434,14.876832497958823,1,timeout,20.0,71.58777228064551,3.5793886140322755,0.34793734550476074,0.006294898986816478,0.014250812530517543,0.28501625061035085,9.924244480188834,0,20.0,-2.327127829655646,-7.732080702601102,18.168680785191448,10.176327588943789,,,,,,,off,5.0,legged_eval-seed1-no-roughness,,n/a,settle,0.0,auto,hold,8.0,0.8,2.0,1.0,0,WALK,first,on,1000,1,deterministic,20.0,1,200,lo,1.0,0.42,0.5,0.05,dead-reckoned-heading-hold,2.649,0.5676
2,sphere_bump_lips,2,0,1,1,heading-only,0.04,4.446742248535159,2.104617309570312,3.4483295824643756,1.4762373708254353,11.303741883885696,1,timeout,20.0,-6.822223630197016,-0.34111118150985076,0.32498860359191895,0.17233711242675795,0.0052308654785155895,0.10461730957031179,-0.03454574089632086,0,20.0,12.968062013023971,-4.625147966813167,12.968062013023971,14.744171410878172,,,,,,,off,5.0,legged_eval-seed1-no-roughness,,n/a,settle,0.0,auto,hold,8.0,0.8,2.0,1.0,0,WALK,first,on,1000,1,deterministic,20.0,1,200,lo,1.0,0.42,0.5,0.05,dead-reckoned-heading-hold,2.649,0.5676
2,sphere_bump_lips,3,0,1,1,heading-only,0.04,1.7894332885742301,1.3758499145507805,1.0063638736935026,1.2627859855296046,13.724766040906589,0,roll,11.96,-26.62894202261819,-2.226500169115233,0.3275696635246277,0.06600612780720987,-0.05218646199408189,-0.6241500854492195,-0.5887295625153566,1,11.96,85.98600227266459,-6.4187787051358836,85.98600227266459,14.22549187562389,,,,,,,off,5.0,legged_eval-seed1-no-roughness,,n/a,settle,0.0,auto,hold,8.0,0.8,2.0,1.0,0,WALK,first,on,1000,1,deterministic,20.0,1,200,lo,1.0,0.42,0.5,0.05,dead-reckoned-heading-hold,2.649,0.5676
2,sphere_bump_lips,4,0,1,1,heading-only,0.04,3.7645935058593807,2.526213836669921,2.814227825628682,0.5907346759955674,11.097888904752912,0,roll,16.76,32.859078485961504,1.960565542121808,0.32522451877593994,0.16495187982454537,0.031397006961212476,0.5262138366699212,0.20744427979584215,1,16.76,-87.18779380713248,-3.3410661999458062,87.18779380713248,21.11532942107317,,,,,,,off,5.0,legged_eval-seed1-no-roughness,,n/a,settle,0.0,auto,hold,8.0,0.8,2.0,1.0,0,WALK,first,on,1000,1,deterministic,20.0,1,200,lo,1.0,0.42,0.5,0.05,dead-reckoned-heading-hold,2.649,0.5676
2,sphere_bump_lips,5,0,1,1,heading-only,0.04,4.2686767578125,1.6066009521484368,3.2922652623860906,1.4125464287530236,10.288846894632831,1,timeout,20.0,-15.721084913089783,-0.7860542456544891,0.3283673822879791,0.163433837890625,-0.019669952392578162,-0.3933990478515632,-0.0839436610130425,0,20.0,3.8236295667348488,-0.8779544075392379,13.601617830914863,8.869182782563623,,,,,,,off,5.0,legged_eval-seed1-no-roughness,,n/a,settle,0.0,auto,hold,8.0,0.8,2.0,1.0,0,WALK,first,on,1000,1,deterministic,20.0,1,200,lo,1.0,0.42,0.5,0.05,dead-reckoned-heading-hold,2.649,0.5676
2,sphere_bump_lips,6,0,1,1,heading-only,0.04,3.1830688476562727,1.3995429992675774,2.2641418249164214,0.9818156017405345,10.98335684160248,1,timeout,20.0,-1.7369743905211692,-0.08684871952605847,0.3308061957359314,0.10915344238281363,-0.03002285003662113,-0.6004570007324226,-0.013886837407790939,0,20.0,-0.7726421876728532,-2.2705277976058382,12.008333447819059,8.913412647170318,,,,,,,off,5.0,legged_eval-seed1-no-roughness,,n/a,settle,0.0,auto,hold,8.0,0.8,2.0,1.0,0,WALK,first,on,1000,1,deterministic,20.0,1,200,lo,1.0,0.42,0.5,0.05,dead-reckoned-heading-hold,2.649,0.5676
2,sphere_bump_lips,7,0,1,1,heading-only,0.04,4.513934326171892,1.8289176940917962,3.5180965882198256,1.6874841904398252,9.13766738023962,1,timeout,20.0,-34.526525576761145,-1.7263262788380573,0.33658838272094727,0.1756967163085946,-0.008554115295410192,-0.17108230590820384,-0.17148913287887058,0,20.0,4.579525634446272,-0.4566509563154317,19.6203603649915,10.63655439269075,,,,,,,off,5.0,legged_eval-seed1-no-roughness,,n/a,settle,0.0,auto,hold,8.0,0.8,2.0,1.0,0,WALK,first,on,1000,1,deterministic,20.0,1,200,lo,1.0,0.42,0.5,0.05,dead-reckoned-heading-hold,2.649,0.5676
2,sphere_bump_lips,8,0,1,1,heading-only,0.04,4.238385009765636,2.02968521118164,3.238521064195458,1.8753113040102622,9.211662821666517,1,timeout,20.0,3.4933428499863908,0.17466714249931953,0.32628124952316284,0.16191925048828182,0.0014842605590819958,0.029685211181639914,0.018827389099629423,0,20.0,-1.4770767733702481,-2.7097109981405327,12.162842909167171,7.719349432524759,,,,,,,off,5.0,legged_eval-seed1-no-roughness,,n/a,settle,0.0,auto,hold,8.0,0.8,2.0,1.0,0,WALK,first,on,1000,1,deterministic,20.0,1,200,lo,1.0,0.42,0.5,0.05,dead-reckoned-heading-hold,2.649,0.5676
2,sphere_bump_lips,9,0,1,1,heading-only,0.04,5.457525634765659,2.122195434570312,4.459200209546867,2.5732358859689426,7.693444845062383,1,timeout,20.0,3.172438963367199,0.15862194816835995,0.3235780596733093,0.22287628173828294,0.00610977172851559,0.12219543457031179,0.01242157864387117,0,20.0,-1.3062182487676453,-2.595095196644647,9.092588944061298,5.156754259615755,,,,,,,off,5.0,legged_eval-seed1-no-roughness,,n/a,settle,0.0,auto,hold,8.0,0.8,2.0,1.0,0,WALK,first,on,1000,1,deterministic,20.0,1,200,lo,1.0,0.42,0.5,0.05,dead-reckoned-heading-hold,2.649,0.5676
3,forward_ramp_no_lips,0,0,1,1,heading-only,0.04,1.631765365600586,2.5893543243408175,0.8639826368577458,0.9654696892531967,9.087365839677652,0,roll,9.14,35.87149866319649,3.9246716261702943,0.35248076915740967,0.06912093715542515,0.06448077946836077,0.5893543243408175,0.9909941148836896,1,9.14,-87.79928941887871,-2.3346585154916513,87.79928941887871,28.029978260425455,,,,,,,off,5.0,legged_eval-seed1-no-roughness,,n/a,settle,0.0,auto,hold,8.0,0.8,2.0,1.0,0,WALK,first,on,1000,1,deterministic,20.0,1,200,lo,1.0,0.42,0.5,0.05,dead-reckoned-heading-hold,2.649,0.5676
3,forward_ramp_no_lips,1,0,1,1,heading-only,0.04,1.7017036437988295,1.4323394775390597,0.9025666027951523,0.9484294901423904,9.165891374527863,0,roll,8.3,-43.092839418426735,-5.191908363665871,0.35566291213035583,0.08454260768660596,-0.06839283403143859,-0.5676605224609403,-1.0718370048828858,1,8.3,89.27755403066064,-4.861488820143933,89.27755403066064,25.421427462104074,,,,,,,off,5.0,legged_eval-seed1-no-roughness,,n/a,settle,0.0,auto,hold,8.0,0.8,2.0,1.0,0,WALK,first,on,1000,1,deterministic,20.0,1,200,lo,1.0,0.42,0.5,0.05,dead-reckoned-heading-hold,2.649,0.5676
3,forward_ramp_no_lips,2,0,1,1,heading-only,0.04,1.7966949462890653,1.3959720611572237,0.9997862713326231,0.87725039217644,8.873886416050542,0,roll,8.38,-16.68462808430428,-1.991005737983804,0.33808374404907227,0.09507099597721543,-0.07207970630582056,-0.6040279388427763,-0.36551216484830923,1,8.38,87.28973900822268,-3.777252049267966,87.28973900822268,24.11514724220106,,,,,,,off,5.0,legged_eval-seed1-no-roughness,,n/a,settle,0.0,auto,hold,8.0,0.8,2.0,1.0,0,WALK,first,on,1000,1,deterministic,20.0,1,200,lo,1.0,0.42,0.5,0.05,dead-reckoned-heading-hold,2.649,0.5676
3,forward_ramp_no_lips,3,0,1,1,heading-only,0.04,1.6502044677734489,1.43647651672363,0.8604211562464554,0.9076595932979482,9.316853313078665,0,roll,7.16,-28.227986588310216,-3.942456227417628,0.3367593288421631,0.09081067985662694,-0.07870439710563827,-0.56352348327637,-0.7577175051748123,1,7.16,88.02798093789733,4.899414110074656,88.02798093789733,21.579029998897784,,,,,,,off,5.0,legged_eval-seed1-no-roughness,,n/a,settle,0.0,auto,hold,8.0,0.8,2.0,1.0,0,WALK,first,on,1000,1,deterministic,20.0,1,200,lo,1.0,0.42,0.5,0.05,dead-reckoned-heading-hold,2.649,0.5676
3,forward_ramp_no_lips,4,0,1,1,heading-only,0.04,1.7094024658203182,1.4234169006347628,0.9141662480017356,0.8953277658634733,8.560038219033235,0,roll,7.46,-12.059163564528177,-1.6165098611968065,0.3385438919067383,0.09509416431907751,-0.07728995970043394,-0.5765830993652372,-0.29668928341568807,1,7.46,91.345852921845,-7.557487211076694,91.345852921845,22.24188483142175,,,,,,,off,5.0,legged_eval-seed1-no-roughness,,n/a,settle,0.0,auto,hold,8.0,0.8,2.0,1.0,0,WALK,first,on,1000,1,deterministic,20.0,1,200,lo,1.0,0.42,0.5,0.05,dead-reckoned-heading-hold,2.649,0.5676
3,forward_ramp_no_lips,5,0,1,1,heading-only,0.04,1.7877044677734375,2.574295806884763,0.974830242840083,0.7364166815408447,8.980676860948378,0,roll,8.6,-1.9533752896663543,-0.22713666158911097,0.3585236072540283,0.0915935427643532,0.06677858219590266,0.5742958068847628,-0.04328124534845441,1,8.6,-90.11011181772554,-12.712825694645343,90.11011181772554,22.896135724759805,,,,,,,off,5.0,legged_eval-seed1-no-roughness,,n/a,settle,0.0,auto,hold,8.0,0.8,2.0,1.0,0,WALK,first,on,1000,1,deterministic,20.0,1,200,lo,1.0,0.42,0.5,0.05,dead-reckoned-heading-hold,2.649,0.5676
3,forward_ramp_no_lips,6,0,1,1,heading-only,0.04,1.9191833496093977,1.4397075653076143,1.0764876416256126,0.7214387208835584,9.098085438727464,0,roll,7.12,7.9226648270471856,1.1127338240234812,0.3381584584712982,0.1290987850574997,-0.07869275768151483,-0.5602924346923857,0.15043417270632722,1,7.12,90.75763012200792,-5.770235024417049,90.75763012200792,22.95997468575498,,,,,,,off,5.0,legged_eval-seed1-no-roughness,,n/a,settle,0.0,auto,hold,8.0,0.8,2.0,1.0,0,WALK,first,on,1000,1,deterministic,20.0,1,200,lo,1.0,0.42,0.5,0.05,dead-reckoned-heading-hold,2.649,0.5676
3,forward_ramp_no_lips,7,0,1,1,heading-only,0.04,1.8450958251953296,1.3959510803222628,1.038779115657615,0.9196631824548073,9.773588417617416,0,roll,7.78,-1.3803534413517866,-0.1774233215105124,0.3388366103172302,0.10862414205595496,-0.07764124931590452,-0.6040489196777372,-0.028507669396254244,1,7.78,86.58364567601237,-1.174868368229454,86.58364567601237,22.283964083355716,,,,,,,off,5.0,legged_eval-seed1-no-roughness,,n/a,settle,0.0,auto,hold,8.0,0.8,2.0,1.0,0,WALK,first,on,1000,1,deterministic,20.0,1,200,lo,1.0,0.42,0.5,0.05,dead-reckoned-heading-hold,2.649,0.5676
3,forward_ramp_no_lips,8,0,1,1,heading-only,0.04,1.6891906738281364,2.622643280029294,0.9287994611633442,0.904302436515194,9.830547507065232,0,roll,6.42,11.570697444521073,1.8022893215764912,0.3389081358909607,0.10735057224737327,0.09698493458400219,0.622643280029294,0.2930201681883846,1,6.42,-91.49678588591918,-14.517928694381167,91.49678588591918,21.749244628463373,,,,,,,off,5.0,legged_eval-seed1-no-roughness,,n/a,settle,0.0,auto,hold,8.0,0.8,2.0,1.0,0,WALK,first,on,1000,1,deterministic,20.0,1,200,lo,1.0,0.42,0.5,0.05,dead-reckoned-heading-hold,2.649,0.5676
3,forward_ramp_no_lips,9,0,1,1,heading-only,0.04,1.654852294921909,2.638443756103513,0.9145720080300145,0.9667917561184006,9.516587643213132,0,roll,5.62,11.26147450519207,2.0038210863331085,0.32991981506347656,0.1165217606622614,0.11360209183336527,0.6384437561035128,0.30014372747741436,1,5.62,-87.42775146991684,-7.128910458503003,87.42775146991684,18.795630910255866,,,,,,,off,5.0,legged_eval-seed1-no-roughness,,n/a,settle,0.0,auto,hold,8.0,0.8,2.0,1.0,0,WALK,first,on,1000,1,deterministic,20.0,1,200,lo,1.0,0.42,0.5,0.05,dead-reckoned-heading-hold,2.649,0.5676
4,flush_a_frame,0,0,1,1,heading-only,0.04,1.5698875188827515,2.5980209350585923,0.8260755552288734,1.161009919049805,12.54437514698196,0,roll,5.6000000000000005,11.887402212145389,2.122750395025962,0.33048543334007263,0.1017656283719199,0.10678945268903434,0.5980209350585923,0.36406185648273554,1,5.6000000000000005,-87.20368163339964,-7.694142289609881,87.20368163339964,18.998232665338843,,,,,,,off,5.0,legged_eval-seed1-no-roughness,,n/a,settle,0.0,auto,hold,8.0,0.8,2.0,1.0,0,WALK,first,on,1000,1,deterministic,20.0,1,200,lo,1.0,0.42,0.5,0.05,dead-reckoned-heading-hold,2.649,0.5676
4,flush_a_frame,1,0,1,1,heading-only,0.04,1.6013046264648452,2.6091369628906236,0.8559293740535138,1.3300158540692437,12.71329666252632,0,roll,6.18,13.256394113877974,2.1450475912423905,0.3269146978855133,0.0972984832467387,0.09856585160042453,0.6091369628906236,0.3847762249717091,1,6.18,-88.28789922756881,0.09801084941529221,88.28789922756881,19.259992651049203,,,,,,,off,5.0,legged_eval-seed1-no-roughness,,n/a,settle,0.0,auto,hold,8.0,0.8,2.0,1.0,0,WALK,first,on,1000,1,deterministic,20.0,1,200,lo,1.0,0.42,0.5,0.05,dead-reckoned-heading-hold,2.649,0.5676
4,flush_a_frame,2,0,1,1,heading-only,0.04,1.5919067382812528,2.5888008117675767,0.834889203883311,1.2599786436172178,11.72288932904521,0,roll,5.64,15.346860426530668,2.7210745437111115,0.3360074460506439,0.10494800324135689,0.10439730705098878,0.5888008117675767,0.45252609400048294,1,5.64,-87.8972206762438,-7.801609983336665,87.8972206762438,21.893875134910836,,,,,,,off,5.0,legged_eval-seed1-no-roughness,,n/a,settle,0.0,auto,hold,8.0,0.8,2.0,1.0,0,WALK,first,on,1000,1,deterministic,20.0,1,200,lo,1.0,0.42,0.5,0.05,dead-reckoned-heading-hold,2.649,0.5676
4,flush_a_frame,3,0,1,1,heading-only,0.04,1.4584777832031364,2.573233032226561,0.7340286008913548,1.190829799817978,13.253924201049312,0,roll,5.48,29.324296175780404,5.351148937186204,0.3343549966812134,0.08366382905166721,0.10460456792455493,0.5732330322265611,1.1163147656177395,1,5.48,-86.56488797714832,3.290177321744131,86.56488797714832,17.861569287795344,,,,,,,off,5.0,legged_eval-seed1-no-roughness,,n/a,settle,0.0,auto,hold,8.0,0.8,2.0,1.0,0,WALK,first,on,1000,1,deterministic,20.0,1,200,lo,1.0,0.42,0.5,0.05,dead-reckoned-heading-hold,2.649,0.5676
4,flush_a_frame,4,0,1,1,heading-only,0.04,1.4429534912109432,2.55235137939453,0.708025311479048,1.1962251870721652,12.768998695031879,0,roll,5.48,28.792423687206593,5.254091913723831,0.33403143286705017,0.08083092905309182,0.10079404733476821,0.5523513793945298,1.1344816170139402,1,5.48,-87.80948634147498,2.3935580688178804,87.80948634147498,16.419089878127384,,,,,,,off,5.0,legged_eval-seed1-no-roughness,,n/a,settle,0.0,auto,hold,8.0,0.8,2.0,1.0,0,WALK,first,on,1000,1,deterministic,20.0,1,200,lo,1.0,0.42,0.5,0.05,dead-reckoned-heading-hold,2.649,0.5676
4,flush_a_frame,5,0,1,1,heading-only,0.04,1.55633544921875,2.6732734680175767,0.8733878261081061,1.472167946895956,13.36063923644796,0,roll,5.66,13.984113102803917,2.47069136091942,0.3343581259250641,0.09829248219412544,0.11895290954374146,0.6732734680175767,0.43870800783582864,1,5.66,-89.72409183729107,-12.958977414907437,89.72409183729107,12.958977414907437,,,,,,,off,5.0,legged_eval-seed1-no-roughness,,n/a,settle,0.0,auto,hold,8.0,0.8,2.0,1.0,0,WALK,first,on,1000,1,deterministic,20.0,1,200,lo,1.0,0.42,0.5,0.05,dead-reckoned-heading-hold,2.649,0.5676
4,flush_a_frame,6,0,1,1,heading-only,0.04,1.4643646240234602,2.5659240722656236,0.732055024990715,1.483551974802049,13.747288795880719,0,roll,5.44,32.17522489378237,5.914563399592347,0.33454430103302,0.0853611441219596,0.1040301603429455,0.5659240722656236,1.2093160910934815,1,5.44,-86.74739777358809,3.253624001673663,86.74739777358809,17.851547692313105,,,,,,,off,5.0,legged_eval-seed1-no-roughness,,n/a,settle,0.0,auto,hold,8.0,0.8,2.0,1.0,0,WALK,first,on,1000,1,deterministic,20.0,1,200,lo,1.0,0.42,0.5,0.05,dead-reckoned-heading-hold,2.649,0.5676
4,flush_a_frame,7,0,1,1,heading-only,0.04,1.584094238281267,2.6845954895019517,0.8999094751361331,1.3092485352578407,12.13523149392281,0,roll,5.66,9.440123962697982,1.6678664245049437,0.3314504325389862,0.10319686188714966,0.1209532666964579,0.6845954895019517,0.28207990106239395,1,5.66,-90.07339051418977,-13.467463438559214,90.07339051418977,14.431157691430286,,,,,,,off,5.0,legged_eval-seed1-no-roughness,,n/a,settle,0.0,auto,hold,8.0,0.8,2.0,1.0,0,WALK,first,on,1000,1,deterministic,20.0,1,200,lo,1.0,0.42,0.5,0.05,dead-reckoned-heading-hold,2.649,0.5676
4,flush_a_frame,8,0,1,1,heading-only,0.04,1.4307373046875114,2.6506637573242173,0.7803191339091525,1.2184172359811594,12.386364396010022,0,roll,6.54,32.33519058908945,4.94421874450909,0.3350776731967926,0.06586197319380908,0.09948987115049195,0.6506637573242173,1.310208180015708,1,6.54,-88.50311650233236,-1.5983233394736147,88.50311650233236,18.053678554106042,,,,,,,off,5.0,legged_eval-seed1-no-roughness,,n/a,settle,0.0,auto,hold,8.0,0.8,2.0,1.0,0,WALK,first,on,1000,1,deterministic,20.0,1,200,lo,1.0,0.42,0.5,0.05,dead-reckoned-heading-hold,2.649,0.5676
4,flush_a_frame,9,0,1,1,heading-only,0.04,1.533636474609409,2.595308685302733,0.7994750263957136,1.0926837462451864,12.480569377155266,0,roll,6.98,14.944294899400745,2.1410164612321982,0.3340395390987396,0.07645221699275202,0.08528777726400186,0.595308685302733,0.4887730932831158,1,6.98,-86.31751593377965,-0.4762750185270214,86.31751593377965,19.29287960696878,,,,,,,off,5.0,legged_eval-seed1-no-roughness,,n/a,settle,0.0,auto,hold,8.0,0.8,2.0,1.0,0,WALK,first,on,1000,1,deterministic,20.0,1,200,lo,1.0,0.42,0.5,0.05,dead-reckoned-heading-hold,2.649,0.5676
5,sphere_bump,0,0,0,1,heading-only,0.04,0.9365193843841553,2.0356178283691406,0.07279023462457164,0.5646052017760241,15.013522865242871,1,timeout,20.0,1.743058011731108,0.0871529005865554,0.3399430215358734,-0.0031740307807922364,0.0017808914184570313,0.035617828369140625,-0.4792345043103275,0,20.0,-3.5631657663377827,-0.8621738545348001,16.167415949431696,7.607662754172767,,,,,,,off,5.0,legged_eval-seed1-no-roughness,,n/a,settle,0.0,auto,hold,8.0,0.8,2.0,1.0,0,WALK,first,on,1000,1,deterministic,20.0,1,200,lo,1.0,0.42,0.5,0.05,dead-reckoned-heading-hold,2.649,0.5676
5,sphere_bump,1,0,1,1,heading-only,0.04,2.16548309326172,1.3387527465820312,1.339999541355039,1.163847315505871,13.400841046625237,0,roll,8.24,-15.873985728311709,-1.9264545786786054,0.32894453406333923,0.14144212296865535,-0.08024845308470495,-0.6612472534179688,-0.23771543145964322,1,8.24,91.65605012690595,-8.35835127794339,91.65605012690595,13.951364629579109,,,,,,,off,5.0,legged_eval-seed1-no-roughness,,n/a,settle,0.0,auto,hold,8.0,0.8,2.0,1.0,0,WALK,first,on,1000,1,deterministic,20.0,1,200,lo,1.0,0.42,0.5,0.05,dead-reckoned-heading-hold,2.649,0.5676
5,sphere_bump,2,0,1,1,heading-only,0.04,2.4307662963867216,2.640918731689453,1.5677592339088913,1.208183478664932,12.935121812693064,0,roll,8.02,-11.407985295168402,-1.422442056754165,0.32308441400527954,0.17839978757939173,0.07991505382661511,0.6409187316894531,-0.13916102505532404,1,8.02,-92.65501609581831,-15.327144612280003,92.65501609581831,17.27881235261758,,,,,,,off,5.0,legged_eval-seed1-no-roughness,,n/a,settle,0.0,auto,hold,8.0,0.8,2.0,1.0,0,WALK,first,on,1000,1,deterministic,20.0,1,200,lo,1.0,0.42,0.5,0.05,dead-reckoned-heading-hold,2.649,0.5676
5,sphere_bump,3,0,1,1,heading-only,0.04,3.5995376586914176,1.4933891296386719,2.648443054498835,0.7347212154363929,11.06206908903789,0,roll,15.58,-18.71947528205493,-1.2015067575131533,0.3328104317188263,0.16685094086594465,-0.032516743925630816,-0.5066108703613281,-0.1256825331324566,1,15.58,88.16873636127418,-5.139888517156738,88.16873636127418,18.402685104320845,,,,,,,off,5.0,legged_eval-seed1-no-roughness,,n/a,settle,0.0,auto,hold,8.0,0.8,2.0,1.0,0,WALK,first,on,1000,1,deterministic,20.0,1,200,lo,1.0,0.42,0.5,0.05,dead-reckoned-heading-hold,2.649,0.5676
5,sphere_bump,4,0,1,1,heading-only,0.04,1.8244995117187557,2.661876678466797,1.0572985303700684,1.2373739814400375,12.742701574420737,0,roll,7.98,33.55513432797545,4.2049040511247435,0.32990023493766785,0.10332074081688668,0.08294193965749334,0.6618766784667969,0.7103067577945591,1,7.98,-89.823238679737,-1.8755751298748937,89.823238679737,19.946616371859733,,,,,,,off,5.0,legged_eval-seed1-no-roughness,,n/a,settle,0.0,auto,hold,8.0,0.8,2.0,1.0,0,WALK,first,on,1000,1,deterministic,20.0,1,200,lo,1.0,0.42,0.5,0.05,dead-reckoned-heading-hold,2.649,0.5676
5,sphere_bump,5,0,1,1,heading-only,0.04,5.5115814208984375,2.1585693359375,4.5143671928295355,2.798347756331839,8.689865455804059,1,timeout,20.0,3.328294243858039,0.16641471219290196,0.3233509659767151,0.22557907104492186,0.007928466796875,0.1585693359375,0.012875683183155287,0,20.0,-2.0736690278650465,-2.9485607973888373,9.146186473864411,5.067059664106034,,,,,,,off,5.0,legged_eval-seed1-no-roughness,,n/a,settle,0.0,auto,hold,8.0,0.8,2.0,1.0,0,WALK,first,on,1000,1,deterministic,20.0,1,200,lo,1.0,0.42,0.5,0.05,dead-reckoned-heading-hold,2.649,0.5676
5,sphere_bump,6,0,1,1,heading-only,0.04,1.6090942382812727,2.6294784545898438,0.8759217521561283,1.362705821836465,12.456820593424283,0,roll,7.7,33.339708533184876,4.329832277036997,0.33899617195129395,0.07910314782873672,0.08175044864803166,0.6294784545898438,0.9553327695255855,1,7.7,-88.10043601669533,2.5488679881172804,88.10043601669533,14.280653546866183,,,,,,,off,5.0,legged_eval-seed1-no-roughness,,n/a,settle,0.0,auto,hold,8.0,0.8,2.0,1.0,0,WALK,first,on,1000,1,deterministic,20.0,1,200,lo,1.0,0.42,0.5,0.05,dead-reckoned-heading-hold,2.649,0.5676
5,sphere_bump,7,0,1,1,heading-only,0.04,2.197924804687517,1.4215469360351562,1.3302750786570203,1.2269269378904624,11.566548718842782,0,roll,7.36,-2.0119402310446617,-0.273361444435416,0.3248131275177002,0.16276152237602134,-0.07859416629957115,-0.5784530639648438,-0.029313176626495057,1,7.36,89.32452694899311,-0.37675022995302243,89.32452694899311,16.99570976784021,,,,,,,off,5.0,legged_eval-seed1-no-roughness,,n/a,settle,0.0,auto,hold,8.0,0.8,2.0,1.0,0,WALK,first,on,1000,1,deterministic,20.0,1,200,lo,1.0,0.42,0.5,0.05,dead-reckoned-heading-hold,2.649,0.5676
5,sphere_bump,8,0,1,1,heading-only,0.04,5.255688476562511,2.2880096435546875,4.265423069793599,2.3314274458001965,8.149402416470597,1,timeout,20.0,3.1623678664501824,0.15811839332250913,0.3370365798473358,0.21278442382812557,0.014400482177734375,0.2880096435546875,0.012969401245602022,0,20.0,-2.1671391601071557,-2.893726302453811,12.523724756073863,8.039501697383352,,,,,,,off,5.0,legged_eval-seed1-no-roughness,,n/a,settle,0.0,auto,hold,8.0,0.8,2.0,1.0,0,WALK,first,on,1000,1,deterministic,20.0,1,200,lo,1.0,0.42,0.5,0.05,dead-reckoned-heading-hold,2.649,0.5676
5,sphere_bump,9,0,1,1,heading-only,0.04,2.241674804687534,1.3494186401367188,1.4017890092297707,1.4132748495677208,11.027532802560724,0,roll,9.0,-27.83714966929847,-3.0930166299220523,0.32737502455711365,0.13796386718750378,-0.0722868177625868,-0.6505813598632812,-0.3912859585018096,1,9.0,87.27365316363279,-3.2649380453531474,87.27365316363279,17.01848762783241,,,,,,,off,5.0,legged_eval-seed1-no-roughness,,n/a,settle,0.0,auto,hold,8.0,0.8,2.0,1.0,0,WALK,first,on,1000,1,deterministic,20.0,1,200,lo,1.0,0.42,0.5,0.05,dead-reckoned-heading-hold,2.649,0.5676
6,box_jump_even,0,0,2,1,heading-only,0.04,3.0977723598480225,2.841378784179682,2.2602139571752984,1.3198843807041853,8.394499676060889,0,below,9.44,-25.415176000753263,-2.692285593300134,0.32386529445648193,0.22222164828898544,0.08912910849361037,0.8413787841796818,-0.21145216214934076,1,9.44,-56.236671503281876,62.01590335352315,56.236671503281876,62.01590335352315,,,,,,,off,5.0,legged_eval-seed1-no-roughness,,n/a,settle,0.0,auto,hold,8.0,0.8,2.0,1.0,0,WALK,first,on,1000,1,deterministic,20.0,1,200,lo,1.0,0.42,0.5,0.05,dead-reckoned-heading-hold,2.649,0.5676
6,box_jump_even,1,0,2,1,heading-only,0.04,3.2583747863769545,2.115762329101557,2.261339778224885,0.7570726649858596,7.992463604662495,0,below,9.16,8.836065869568529,0.9646360119616297,0.32346346974372864,0.24654746576167624,0.012637808853881749,0.11576232910155682,0.06828735570258242,1,9.16,14.63928838354345,67.21469027980908,19.090504178061888,67.21469027980908,,,,,,,off,5.0,legged_eval-seed1-no-roughness,,n/a,settle,0.0,auto,hold,8.0,0.8,2.0,1.0,0,WALK,first,on,1000,1,deterministic,20.0,1,200,lo,1.0,0.42,0.5,0.05,dead-reckoned-heading-hold,2.649,0.5676
6,box_jump_even,2,0,2,1,heading-only,0.04,3.033778381347659,1.9405265808105412,2.0346477808277257,0.8283678361356153,8.466430510181157,0,below,8.52,-71.8263146085823,-8.430318616030785,0.3240119516849518,0.23870638278728395,-0.006980448261673569,-0.05947341918945881,-0.6163924697942635,1,8.52,-30.835707143231446,67.17955065829649,43.0891761438508,67.17955065829649,,,,,,,off,5.0,legged_eval-seed1-no-roughness,,n/a,settle,0.0,auto,hold,8.0,0.8,2.0,1.0,0,WALK,first,on,1000,1,deterministic,20.0,1,200,lo,1.0,0.42,0.5,0.05,dead-reckoned-heading-hold,2.649,0.5676
6,box_jump_even,3,0,2,1,heading-only,0.04,3.29767303466798,1.2440811157226506,2.4188250730153014,0.9921190071054506,8.087730393393452,0,roll,8.28,21.917781549776493,2.6470750663981275,0.3226197361946106,0.27749674331738894,-0.09129455124122579,-0.7559188842773494,0.16648907264202756,1,8.28,89.38890347184561,23.14898239091356,89.38890347184561,23.14898239091356,,,,,,,off,5.0,legged_eval-seed1-no-roughness,,n/a,settle,0.0,auto,hold,8.0,0.8,2.0,1.0,0,WALK,first,on,1000,1,deterministic,20.0,1,200,lo,1.0,0.42,0.5,0.05,dead-reckoned-heading-hold,2.649,0.5676
6,box_jump_even,4,0,2,1,heading-only,0.04,3.2650512695312557,1.0826965332031193,2.443747716889517,1.2948828066029838,8.981912628516401,0,roll,9.02,22.08824273827713,2.4488073989220767,0.3234882950782776,0.2511143314336204,-0.10169661494422182,-0.9173034667968807,0.17020036894901922,1,9.02,88.15289519132106,21.004981044235087,88.15289519132106,21.004981044235087,,,,,,,off,5.0,legged_eval-seed1-no-roughness,,n/a,settle,0.0,auto,hold,8.0,0.8,2.0,1.0,0,WALK,first,on,1000,1,deterministic,20.0,1,200,lo,1.0,0.42,0.5,0.05,dead-reckoned-heading-hold,2.649,0.5676
6,box_jump_even,5,0,2,1,heading-only,0.04,3.2029571533203125,2.0981956481933537,2.205144576822401,0.9064120158586649,8.897584717268963,0,below,8.9,-23.510728101200158,-2.6416548428314783,0.3238545060157776,0.2475232756539677,0.011033218898129627,0.09819564819335369,-0.18626763316237477,1,8.9,-10.965829257581055,73.92138731760708,13.396525022851664,73.92138731760708,,,,,,,off,5.0,legged_eval-seed1-no-roughness,,n/a,settle,0.0,auto,hold,8.0,0.8,2.0,1.0,0,WALK,first,on,1000,1,deterministic,20.0,1,200,lo,1.0,0.42,0.5,0.05,dead-reckoned-heading-hold,2.649,0.5676
6,box_jump_even,6,0,2,1,heading-only,0.04,3.2521453857422102,2.5693870544433537,2.323006770607354,0.874434162568876,8.566797541920556,0,below,8.72,-38.61149497195959,-4.427923735316466,0.3227868378162384,0.2582735534108039,0.06529668055543046,0.5693870544433537,-0.2992247839079193,1,8.72,-74.36247103768622,66.02540229075477,74.36247103768622,66.02540229075477,,,,,,,off,5.0,legged_eval-seed1-no-roughness,,n/a,settle,0.0,auto,hold,8.0,0.8,2.0,1.0,0,WALK,first,on,1000,1,deterministic,20.0,1,200,lo,1.0,0.42,0.5,0.05,dead-reckoned-heading-hold,2.649,0.5676
6,box_jump_even,7,0,2,1,heading-only,0.04,3.0283233642578296,1.640561676025385,2.0599251391096423,1.0712353823226743,8.77903792626313,0,below,8.44,-109.60586517361233,-12.98647691630478,0.32276391983032227,0.24032267349026418,-0.04258747914391174,-0.35943832397461506,-0.9431352320277041,1,8.44,-40.54630832128916,65.92450806007176,60.625156560960065,70.69384703650604,,,,,,,off,5.0,legged_eval-seed1-no-roughness,,n/a,settle,0.0,auto,hold,8.0,0.8,2.0,1.0,0,WALK,first,on,1000,1,deterministic,20.0,1,200,lo,1.0,0.42,0.5,0.05,dead-reckoned-heading-hold,2.649,0.5676
6,box_jump_even,8,0,2,1,heading-only,0.04,3.0286376953125114,2.6222854614257756,2.1219354595144377,1.101556356212585,9.142564710674753,0,below,7.96,-43.22322648909369,-5.4300535790318705,0.3228495717048645,0.2548539818231798,0.0781765655057507,0.6222854614257756,-0.3718690712062809,1,7.96,-73.99461522521257,65.515638895441,73.99461522521257,65.515638895441,,,,,,,off,5.0,legged_eval-seed1-no-roughness,,n/a,settle,0.0,auto,hold,8.0,0.8,2.0,1.0,0,WALK,first,on,1000,1,deterministic,20.0,1,200,lo,1.0,0.42,0.5,0.05,dead-reckoned-heading-hold,2.649,0.5676
6,box_jump_even,9,0,2,1,heading-only,0.04,3.073950195312534,1.6615425109863224,2.101385943730076,0.8481922898987694,9.132323828550177,0,roll,7.54,25.436881725600017,3.3735917407957583,0.32274961471557617,0.27505970760113185,-0.04488826114239755,-0.33845748901367756,0.21406364461186828,1,7.54,90.31984874865377,21.885497148712428,90.31984874865377,21.885497148712428,,,,,,,off,5.0,legged_eval-seed1-no-roughness,,n/a,settle,0.0,auto,hold,8.0,0.8,2.0,1.0,0,WALK,first,on,1000,1,deterministic,20.0,1,200,lo,1.0,0.42,0.5,0.05,dead-reckoned-heading-hold,2.649,0.5676
7,box_jump_uneven,0,0,2,1,heading-only,0.04,3.0493078231811523,2.6909782409667926,2.162663516047061,1.29812585851291,9.276462508938794,0,below,10.16,-42.97628720237762,-4.229949527793073,0.3382795453071594,0.20170352590365673,0.06800966938649533,0.6909782409667926,-0.3660151508131375,1,10.16,-71.10787335802414,63.929164136313695,71.10787335802414,64.71527285748708,,,,,,,off,5.0,legged_eval-seed1-no-roughness,,n/a,settle,0.0,auto,hold,8.0,0.8,2.0,1.0,0,WALK,first,on,1000,1,deterministic,20.0,1,200,lo,1.0,0.42,0.5,0.05,dead-reckoned-heading-hold,2.649,0.5676
7,box_jump_uneven,1,0,1,1,heading-only,0.04,2.4902473449707045,2.913275909423824,1.7478300935520439,0.8379146528089362,10.150919743186122,0,roll,9.56,0.3600732766651049,0.037664568688818505,0.35770320892333984,0.15588361349065946,0.09553095286860082,0.9132759094238239,0.0042170611794474224,1,9.56,-88.29056133828514,-3.606160963986507,88.29056133828514,16.641400488710303,,,,,,,off,5.0,legged_eval-seed1-no-roughness,,n/a,settle,0.0,auto,hold,8.0,0.8,2.0,1.0,0,WALK,first,on,1000,1,deterministic,20.0,1,200,lo,1.0,0.42,0.5,0.05,dead-reckoned-heading-hold,2.649,0.5676
7,box_jump_uneven,2,0,1,1,heading-only,0.04,2.074877929687503,2.1416236877441364,1.084167806503929,0.5482795671881043,10.176107625938846,1,timeout,20.0,23.829559416420437,1.191477970821022,0.35960835218429565,0.053743896484375143,0.007081184387206818,0.14162368774413636,0.38693163161054966,0,20.0,-19.43896604140202,-10.21911621886337,19.668865800327424,14.743733727003178,,,,,,,off,5.0,legged_eval-seed1-no-roughness,,n/a,settle,0.0,auto,hold,8.0,0.8,2.0,1.0,0,WALK,first,on,1000,1,deterministic,20.0,1,200,lo,1.0,0.42,0.5,0.05,dead-reckoned-heading-hold,2.649,0.5676
7,box_jump_uneven,3,0,1,1,heading-only,0.04,1.3850219726562614,2.6499740600585895,0.7554523136354576,1.4174482604072551,11.583228524538942,0,roll,6.6000000000000005,36.45931880412809,5.52413921274668,0.3461463153362274,0.05833666252367596,0.09848091819069536,0.6499740600585895,1.6527242634394321,1,6.6000000000000005,-89.17398932717506,5.288513993437803,89.17398932717506,11.174661782233827,,,,,,,off,5.0,legged_eval-seed1-no-roughness,,n/a,settle,0.0,auto,hold,8.0,0.8,2.0,1.0,0,WALK,first,on,1000,1,deterministic,20.0,1,200,lo,1.0,0.42,0.5,0.05,dead-reckoned-heading-hold,2.649,0.5676
7,box_jump_uneven,4,0,1,1,heading-only,0.04,1.4233154296875057,2.5944549560546832,0.729775751713835,1.1866257978941939,11.142552949033195,0,roll,7.140000000000001,32.74913183506882,4.586713142166501,0.3315456807613373,0.05928787530637334,0.08325699664631417,0.5944549560546832,1.350246500850649,1,7.140000000000001,-90.3849341367739,-1.9855510292735437,90.3849341367739,19.464136894733663,,,,,,,off,5.0,legged_eval-seed1-no-roughness,,n/a,settle,0.0,auto,hold,8.0,0.8,2.0,1.0,0,WALK,first,on,1000,1,deterministic,20.0,1,200,lo,1.0,0.42,0.5,0.05,dead-reckoned-heading-hold,2.649,0.5676
7,box_jump_uneven,5,0,1,1,heading-only,0.04,1.3904266357421875,2.6096183776855426,0.7239250819725171,1.2365560520989398,11.276064336084469,0,roll,6.640000000000001,30.88377666771487,4.651171184896818,0.32918795943260193,0.05879919212984751,0.09180999663938894,0.6096183776855426,1.380601472739077,1,6.640000000000001,-89.99267087309443,3.4599678977045385,89.99267087309443,19.36694258914532,,,,,,,off,5.0,legged_eval-seed1-no-roughness,,n/a,settle,0.0,auto,hold,8.0,0.8,2.0,1.0,0,WALK,first,on,1000,1,deterministic,20.0,1,200,lo,1.0,0.42,0.5,0.05,dead-reckoned-heading-hold,2.649,0.5676
7,box_jump_uneven,6,0,1,1,heading-only,0.04,1.2931915283203352,2.4944374084472614,0.5748300819814999,1.2249400626984361,10.967958799883563,0,roll,6.86,57.21768243694882,8.340770034540643,0.3285787105560303,0.042739289842614464,0.07207542397190399,0.49443740844726136,3.4060907373633214,1,6.86,-86.90239671165749,5.075411335167877,86.90239671165749,18.204896222069465,,,,,,,off,5.0,legged_eval-seed1-no-roughness,,n/a,settle,0.0,auto,hold,8.0,0.8,2.0,1.0,0,WALK,first,on,1000,1,deterministic,20.0,1,200,lo,1.0,0.42,0.5,0.05,dead-reckoned-heading-hold,2.649,0.5676
7,box_jump_uneven,7,0,1,1,heading-only,0.04,1.3005096435547046,2.6113769531249957,0.6812399171230197,1.3444926866469178,10.31762004443476,0,roll,7.28,46.13313786658878,6.336969487168789,0.328477680683136,0.04127879719158029,0.08398035070398292,0.6113769531249957,2.679365429089377,1,7.28,-86.49908272560681,-1.202498961288748,86.49908272560681,20.487850242742734,,,,,,,off,5.0,legged_eval-seed1-no-roughness,,n/a,settle,0.0,auto,hold,8.0,0.8,2.0,1.0,0,WALK,first,on,1000,1,deterministic,20.0,1,200,lo,1.0,0.42,0.5,0.05,dead-reckoned-heading-hold,2.649,0.5676
7,box_jump_uneven,8,0,1,1,heading-only,0.04,1.4282348632812614,2.648200225830074,0.7768839236949618,1.2924944094981559,11.539984202696001,0,roll,7.74,25.538199072075344,3.299508924040742,0.32814306020736694,0.05532750171592524,0.08374679920285191,0.6482002258300739,1.0408439318139453,1,7.74,-90.32797098756727,0.5785317956643018,90.32797098756727,18.5508252260069,,,,,,,off,5.0,legged_eval-seed1-no-roughness,,n/a,settle,0.0,auto,hold,8.0,0.8,2.0,1.0,0,WALK,first,on,1000,1,deterministic,20.0,1,200,lo,1.0,0.42,0.5,0.05,dead-reckoned-heading-hold,2.649,0.5676
7,box_jump_uneven,9,0,1,1,heading-only,0.04,1.093817138671909,1.5303184509277301,0.4789597196503181,1.395838263358744,12.16525308062211,0,roll,16.1,-81.1756848527618,-5.04196800327713,0.32629111409187317,0.005827151470304913,-0.02917276702312235,-0.4696815490722699,-15.101536811910867,1,16.1,88.06094809968013,0.10216461961348922,88.06094809968013,16.899453365125282,,,,,,,off,5.0,legged_eval-seed1-no-roughness,,n/a,settle,0.0,auto,hold,8.0,0.8,2.0,1.0,0,WALK,first,on,1000,1,deterministic,20.0,1,200,lo,1.0,0.42,0.5,0.05,dead-reckoned-heading-hold,2.649,0.5676
8,flat_circle_jump,0,0,1,1,heading-only,0.04,1.3344863653182983,2.5709732055664034,0.6617337304827527,1.2865153200942907,7.487316223527171,0,roll,6.96,33.622120376250535,4.830764421875077,0.3229973316192627,0.048058385821594586,0.08203638011011544,0.5709732055664034,1.7543815321411675,1,6.96,-90.4358439773026,4.805454974454315,90.4358439773026,17.206991445219714,,,,,,,off,5.0,legged_eval-seed1-no-roughness,,n/a,settle,0.0,auto,hold,8.0,0.8,2.0,1.0,0,WALK,first,on,1000,1,deterministic,20.0,1,200,lo,1.0,0.42,0.5,0.05,dead-reckoned-heading-hold,2.649,0.5676
8,flat_circle_jump,1,0,1,1,heading-only,0.04,1.9202743530273452,2.0336578369140597,0.9208896431308325,0.8139828433685123,7.379802400780916,1,timeout,20.0,2.302050712807528,0.1151025356403764,0.3226260542869568,0.04601371765136726,0.0016828918457029828,0.03365783691405966,0.04365911573456605,0,20.0,0.5862686140325596,14.220959975317575,9.053725405433795,15.49237203047247,,,,,,,off,5.0,legged_eval-seed1-no-roughness,,n/a,settle,0.0,auto,hold,8.0,0.8,2.0,1.0,0,WALK,first,on,1000,1,deterministic,20.0,1,200,lo,1.0,0.42,0.5,0.05,dead-reckoned-heading-hold,2.649,0.5676
8,flat_circle_jump,2,0,1,1,heading-only,0.04,2.0941268920898466,2.1204727172851534,1.1007394476461063,0.7559182067303,7.756808708587192,1,timeout,20.0,-2.9321361727049577,-0.1466068086352479,0.3223690986633301,0.05470634460449233,0.00602363586425767,0.12047271728515341,-0.046772847555897765,0,20.0,-2.364659759623851,55.514388643658464,28.415546330046666,56.21016157874488,,,,,,,off,5.0,legged_eval-seed1-no-roughness,,n/a,settle,0.0,auto,hold,8.0,0.8,2.0,1.0,0,WALK,first,on,1000,1,deterministic,20.0,1,200,lo,1.0,0.42,0.5,0.05,dead-reckoned-heading-hold,2.649,0.5676
8,flat_circle_jump,3,0,1,1,heading-only,0.04,2.667324829101574,1.3586242675781222,1.7864307755629079,0.7920500089385228,7.609752004993275,0,roll,4.58,25.19215164205633,5.5004697908419935,0.3225843012332916,0.3640447225112607,-0.14003836952442747,-0.6413757324218778,0.26370745768387593,1,4.58,85.9465036751813,25.48584076607831,85.9465036751813,25.48584076607831,,,,,,,off,5.0,legged_eval-seed1-no-roughness,,n/a,settle,0.0,auto,hold,8.0,0.8,2.0,1.0,0,WALK,first,on,1000,1,deterministic,20.0,1,200,lo,1.0,0.42,0.5,0.05,dead-reckoned-heading-hold,2.649,0.5676
8,flat_circle_jump,4,0,1,1,heading-only,0.04,1.8673767089843807,2.002545166015622,0.8673804431497301,0.8326271810430578,9.232623641829772,1,timeout,20.0,-4.045804782471379,-0.20229023912356894,0.3219822943210602,0.04336883544921903,0.00012725830078110789,0.002545166015622158,-0.08140939641985485,0,20.0,0.35017577410499057,10.066569202462443,9.036218774916595,10.84555405123962,,,,,,,off,5.0,legged_eval-seed1-no-roughness,,n/a,settle,0.0,auto,hold,8.0,0.8,2.0,1.0,0,WALK,first,on,1000,1,deterministic,20.0,1,200,lo,1.0,0.42,0.5,0.05,dead-reckoned-heading-hold,2.649,0.5676
8,flat_circle_jump,5,0,1,1,heading-only,0.04,2.1502838134765625,1.273899841308591,1.3602846363897052,1.3618855879779344,9.427719015098116,0,below,4.66,14.914173887379349,3.200466499437628,0.3229363262653351,0.24684202005934816,-0.15581548469772727,-0.7261001586914091,0.22629322998383247,1,4.66,46.75708061705872,60.83566862608368,47.848936988470975,60.83566862608368,,,,,,,off,5.0,legged_eval-seed1-no-roughness,,n/a,settle,0.0,auto,hold,8.0,0.8,2.0,1.0,0,WALK,first,on,1000,1,deterministic,20.0,1,200,lo,1.0,0.42,0.5,0.05,dead-reckoned-heading-hold,2.649,0.5676
8,flat_circle_jump,6,0,1,1,heading-only,0.04,2.2112823486328352,2.0220306396484347,1.2114826772153189,0.8418050319183381,9.888742191883846,0,below,4.72,11.625691017798886,2.4630701308895944,0.32285216450691223,0.2566276162357702,0.004667508400092089,0.022030639648434658,0.16751386355884762,1,4.72,20.751424681273992,66.80962926547551,24.272053453020355,66.80962926547551,,,,,,,off,5.0,legged_eval-seed1-no-roughness,,n/a,settle,0.0,auto,hold,8.0,0.8,2.0,1.0,0,WALK,first,on,1000,1,deterministic,20.0,1,200,lo,1.0,0.42,0.5,0.05,dead-reckoned-heading-hold,2.649,0.5676
8,flat_circle_jump,7,0,1,1,heading-only,0.04,2.2111236572265796,2.020001220703122,1.211288802030094,0.8091510642246813,10.288895783596585,0,below,4.7,16.274264945338444,3.462609562837967,0.3223838806152344,0.25768588451629354,0.004255578873004714,0.020001220703122158,0.23452560351144403,1,4.7,29.601404413815388,66.0578675606202,29.90717233058238,66.20075628255564,,,,,,,off,5.0,legged_eval-seed1-no-roughness,,n/a,settle,0.0,auto,hold,8.0,0.8,2.0,1.0,0,WALK,first,on,1000,1,deterministic,20.0,1,200,lo,1.0,0.42,0.5,0.05,dead-reckoned-heading-hold,2.649,0.5676
8,flat_circle_jump,8,0,1,1,heading-only,0.04,2.2132385253906364,2.0164459228515597,1.2133499857297916,0.9889960912141254,10.886773896495582,0,below,4.72,9.238882780964161,1.957390419695797,0.32474765181541443,0.25704206046411787,0.003484305688889758,0.016445922851559658,0.1329078498242677,1,4.72,19.009786071103992,65.84062544099403,22.06746445250356,66.12908631447281,,,,,,,off,5.0,legged_eval-seed1-no-roughness,,n/a,settle,0.0,auto,hold,8.0,0.8,2.0,1.0,0,WALK,first,on,1000,1,deterministic,20.0,1,200,lo,1.0,0.42,0.5,0.05,dead-reckoned-heading-hold,2.649,0.5676
8,flat_circle_jump,9,0,1,1,heading-only,0.04,2.230841064453159,2.5237319946289034,1.33763407856639,1.3855428901716822,11.730855951668875,0,below,5.0,-26.282934794853787,-5.2565869589707575,0.32123637199401855,0.24616821289063182,0.10474639892578068,0.5237319946289034,-0.3726912941931961,1,5.0,-61.828594455420834,61.630617470513705,61.828594455420834,61.630617470513705,,,,,,,off,5.0,legged_eval-seed1-no-roughness,,n/a,settle,0.0,auto,hold,8.0,0.8,2.0,1.0,0,WALK,first,on,1000,1,deterministic,20.0,1,200,lo,1.0,0.42,0.5,0.05,dead-reckoned-heading-hold,2.649,0.5676
9,bump_jump,0,0,1,1,heading-only,0.04,1.848100185394287,1.378652954101554,1.0513544007196383,0.9484564674132856,8.923558284716021,0,roll,5.98,-5.9237396655992995,-0.9905919173242975,0.32746726274490356,0.1418227734773055,-0.10390418827733211,-0.621347045898446,-0.12190630656168241,1,5.98,91.09813191968938,14.56613981181182,91.09813191968938,16.43402336149359,,,,,,,off,5.0,legged_eval-seed1-no-roughness,,n/a,settle,0.0,auto,hold,8.0,0.8,2.0,1.0,0,WALK,first,on,1000,1,deterministic,20.0,1,200,lo,1.0,0.42,0.5,0.05,dead-reckoned-heading-hold,2.649,0.5676
9,bump_jump,1,0,1,1,heading-only,0.04,2.7951904296875014,2.6764282226562415,1.9184013707374894,0.8956227107161829,7.933698348394019,0,roll,4.86,-36.49153081535033,-7.508545435257269,0.3223215639591217,0.36938074684928013,0.13918276186342415,0.6764282226562415,-0.35477983354206183,1,4.86,-91.94733798428798,12.413084942349517,91.94733798428798,21.983601119756894,,,,,,,off,5.0,legged_eval-seed1-no-roughness,,n/a,settle,0.0,auto,hold,8.0,0.8,2.0,1.0,0,WALK,first,on,1000,1,deterministic,20.0,1,200,lo,1.0,0.42,0.5,0.05,dead-reckoned-heading-hold,2.649,0.5676
9,bump_jump,2,0,1,1,heading-only,0.04,3.0429718017578153,1.4635757446288977,2.1122227071329425,0.9454820154708354,7.825435468387634,0,roll,4.8,8.847416663917727,1.8432118049828599,0.3224088251590729,0.42561912536621155,-0.11175505320231298,-0.5364242553711023,0.0755842792094897,1,4.8,87.78074098833108,25.610104768494487,87.78074098833108,25.610104768494487,,,,,,,off,5.0,legged_eval-seed1-no-roughness,,n/a,settle,0.0,auto,hold,8.0,0.8,2.0,1.0,0,WALK,first,on,1000,1,deterministic,20.0,1,200,lo,1.0,0.42,0.5,0.05,dead-reckoned-heading-hold,2.649,0.5676
9,bump_jump,3,0,1,1,heading-only,0.04,1.9482925415039176,2.0856079101562415,0.9521488636517288,0.5681290566914783,9.052112274407278,1,timeout,20.0,-5.000218552429146,-0.2500109276214573,0.3222658634185791,0.04741462707519588,0.004280395507812074,0.08560791015624147,-0.09202885527370014,0,20.0,-9.039877307249807,15.815711834659732,13.000614381161785,17.640664708469412,,,,,,,off,5.0,legged_eval-seed1-no-roughness,,n/a,settle,0.0,auto,hold,8.0,0.8,2.0,1.0,0,WALK,first,on,1000,1,deterministic,20.0,1,200,lo,1.0,0.42,0.5,0.05,dead-reckoned-heading-hold,2.649,0.5676
9,bump_jump,4,0,1,1,heading-only,0.04,2.973867797851568,2.9656204223632727,2.197402303512132,1.1934290246384776,8.381938931281848,0,roll,10.86,-31.508370976289513,-2.901323294317635,0.32199031114578247,0.1817557824909363,0.0889153243428428,0.9656204223632727,-0.2786026582300147,1,10.86,-87.82772181756167,13.276632503520554,87.82772181756167,21.799894668999638,,,,,,,off,5.0,legged_eval-seed1-no-roughness,,n/a,settle,0.0,auto,hold,8.0,0.8,2.0,1.0,0,WALK,first,on,1000,1,deterministic,20.0,1,200,lo,1.0,0.42,0.5,0.05,dead-reckoned-heading-hold,2.649,0.5676
9,bump_jump,5,0,1,1,heading-only,0.04,2.0055389404296875,1.7753433227538977,1.0303296479048432,0.6073905156713366,9.397146866066015,0,roll,6.46,30.527114618512485,4.725559538469425,0.3225117325782776,0.1556561827290538,-0.03477657542509323,-0.22465667724610228,0.5298637773282652,1,6.46,86.3279440621442,2.3535358424879638,86.3279440621442,22.943562045929507,,,,,,,off,5.0,legged_eval-seed1-no-roughness,,n/a,settle,0.0,auto,hold,8.0,0.8,2.0,1.0,0,WALK,first,on,1000,1,deterministic,20.0,1,200,lo,1.0,0.42,0.5,0.05,dead-reckoned-heading-hold,2.649,0.5676
9,bump_jump,6,0,1,1,heading-only,0.04,2.0056549072265852,1.763571166992179,1.0330732720898126,0.6228979042190552,9.297351735663167,0,roll,6.54,33.23876715888517,5.0823802995237255,0.3224545121192932,0.15376986349030355,-0.03615119770761789,-0.23642883300782103,0.5768638148708387,1,6.54,87.96562684602125,0.7635691139742873,87.96562684602125,20.868566211834253,,,,,,,off,5.0,legged_eval-seed1-no-roughness,,n/a,settle,0.0,auto,hold,8.0,0.8,2.0,1.0,0,WALK,first,on,1000,1,deterministic,20.0,1,200,lo,1.0,0.42,0.5,0.05,dead-reckoned-heading-hold,2.649,0.5676
9,bump_jump,7,0,1,1,heading-only,0.04,1.979724121093767,1.967550659179679,0.9802613494230137,0.6705056148021221,9.770329764632107,1,timeout,20.0,-3.595721047230654,-0.17978605236153272,0.32252204418182373,0.048986206054688355,-0.0016224670410160513,-0.032449340820321027,-0.06405596219002055,0,20.0,0.523029854873247,21.175601448914843,11.979811530520529,25.728680170106326,,,,,,,off,5.0,legged_eval-seed1-no-roughness,,n/a,settle,0.0,auto,hold,8.0,0.8,2.0,1.0,0,WALK,first,on,1000,1,deterministic,20.0,1,200,lo,1.0,0.42,0.5,0.05,dead-reckoned-heading-hold,2.649,0.5676
9,bump_jump,8,0,1,1,heading-only,0.04,1.9991882324218864,2.1483901977538977,1.0101469074346634,0.7163496243911802,10.201891019235077,1,timeout,20.0,-2.7408161356507037,-0.1370408067825352,0.3241305649280548,0.04995941162109432,0.007419509887694886,0.14839019775389772,-0.047875129236604586,0,20.0,0.39525538196408116,29.33940322563603,16.75986449364162,31.073866148646722,,,,,,,off,5.0,legged_eval-seed1-no-roughness,,n/a,settle,0.0,auto,hold,8.0,0.8,2.0,1.0,0,WALK,first,on,1000,1,deterministic,20.0,1,200,lo,1.0,0.42,0.5,0.05,dead-reckoned-heading-hold,2.649,0.5676
9,bump_jump,9,0,1,1,heading-only,0.04,1.995001220703159,2.0018981933593665,0.9950030313214158,0.7050013347136651,10.104998957581794,1,timeout,20.0,-1.6490212150856678,-0.08245106075428339,0.3228467106819153,0.04975006103515796,9.490966796832367e-05,0.0018981933593664735,-0.02892544153678857,0,20.0,1.815747817466797,28.42258038169397,11.63648091337788,29.911537607734452,,,,,,,off,5.0,legged_eval-seed1-no-roughness,,n/a,settle,0.0,auto,hold,8.0,0.8,2.0,1.0,0,WALK,first,on,1000,1,deterministic,20.0,1,200,lo,1.0,0.42,0.5,0.05,dead-reckoned-heading-hold,2.649,0.5676
10,sideways_ramp,0,0,1,1,heading-only,0.04,1.5260493755340576,2.7099380493164062,0.8835949181423329,1.1719924957545138,8.902303731019668,0,roll,6.48,20.516323594847563,3.166099320192525,0.3450028598308563,0.08118045918735456,0.10955834094388985,0.7099380493164062,0.6806916114502761,1,6.48,-94.53370801660999,-10.28251221430355,94.53370801660999,11.994558106303318,,,,,,,off,5.0,legged_eval-seed1-no-roughness,,n/a,settle,0.0,auto,hold,8.0,0.8,2.0,1.0,0,WALK,first,on,1000,1,deterministic,20.0,1,200,lo,1.0,0.42,0.5,0.05,dead-reckoned-heading-hold,2.649,0.5676
10,sideways_ramp,1,0,1,1,heading-only,0.04,1.530313110351564,2.5768508911132812,0.7835744671624623,1.0438343893157738,8.938320376890976,0,roll,6.24,20.167869967102916,3.23203044344598,0.3317430317401886,0.0849860753768532,0.09244405306302583,0.5768508911132812,0.6637507675544275,1,6.24,-92.90932159077222,0.2582343885224277,92.90932159077222,13.235831154669857,,,,,,,off,5.0,legged_eval-seed1-no-roughness,,n/a,settle,0.0,auto,hold,8.0,0.8,2.0,1.0,0,WALK,first,on,1000,1,deterministic,20.0,1,200,lo,1.0,0.42,0.5,0.05,dead-reckoned-heading-hold,2.649,0.5676
10,sideways_ramp,2,0,1,1,heading-only,0.04,2.156787109375003,2.562347412109375,1.2862313276865425,1.211670354739608,8.461919317053454,0,below,4.86,-36.68582071617473,-7.548522781105912,0.3226895034313202,0.23802203896604995,0.11570934405542695,0.562347412109375,-0.5535057878018133,1,4.86,-61.24330233591851,62.47935431619422,61.24330233591851,64.33623053801037,,,,,,,off,5.0,legged_eval-seed1-no-roughness,,n/a,settle,0.0,auto,hold,8.0,0.8,2.0,1.0,0,WALK,first,on,1000,1,deterministic,20.0,1,200,lo,1.0,0.42,0.5,0.05,dead-reckoned-heading-hold,2.649,0.5676
10,sideways_ramp,3,0,1,1,heading-only,0.04,2.685643005371105,2.3985137939453125,1.7321101539801729,1.0364934720603014,8.074197606003006,0,below,4.84,-22.341692695169513,-4.616052209745767,0.32215678691864014,0.3482733482171705,0.08233756073250259,0.3985137939453125,-0.23132780592153135,1,4.84,-20.349418322962173,77.4257024035027,20.349418322962173,77.4257024035027,,,,,,,off,5.0,legged_eval-seed1-no-roughness,,n/a,settle,0.0,auto,hold,8.0,0.8,2.0,1.0,0,WALK,first,on,1000,1,deterministic,20.0,1,200,lo,1.0,0.42,0.5,0.05,dead-reckoned-heading-hold,2.649,0.5676
10,sideways_ramp,4,0,1,1,heading-only,0.04,1.3721984863281307,2.5597686767578125,0.672214760849644,1.2190949838208645,9.144949504752317,0,roll,7.1000000000000005,35.429126064680275,4.990017755588771,0.3318324685096741,0.05242232201804657,0.07884065869828344,0.5597686767578125,1.6613579142491992,1,7.1000000000000005,-89.29877155101619,-1.896572235178888,89.29877155101619,21.217566588000544,,,,,,,off,5.0,legged_eval-seed1-no-roughness,,n/a,settle,0.0,auto,hold,8.0,0.8,2.0,1.0,0,WALK,first,on,1000,1,deterministic,20.0,1,200,lo,1.0,0.42,0.5,0.05,dead-reckoned-heading-hold,2.649,0.5676
10,sideways_ramp,5,0,1,1,heading-only,0.04,1.35980224609375,2.6028823852539062,0.7020860536597682,1.2263443937728065,9.359634675163587,0,roll,8.66,40.802722853845324,4.711630814531793,0.3299005627632141,0.041547603475028866,0.0696169036089961,0.6028823852539062,1.979259066083713,1,8.66,-87.25764095722367,-2.208385021335629,87.25764095722367,19.56157383049066,,,,,,,off,5.0,legged_eval-seed1-no-roughness,,n/a,settle,0.0,auto,hold,8.0,0.8,2.0,1.0,0,WALK,first,on,1000,1,deterministic,20.0,1,200,lo,1.0,0.42,0.5,0.05,dead-reckoned-heading-hold,2.649,0.5676
10,sideways_ramp,6,0,1,1,heading-only,0.04,2.5839324951172102,2.7756118774414062,1.76363713204174,1.2905078238539887,8.252595896396436,0,roll,4.78,-18.627317771946764,-3.896928404172963,0.329824298620224,0.33136663077765904,0.1622618990463193,0.7756118774414062,-0.2052537131083149,1,4.78,-90.81228415625998,10.059067756989442,90.81228415625998,12.495954928483332,,,,,,,off,5.0,legged_eval-seed1-no-roughness,,n/a,settle,0.0,auto,hold,8.0,0.8,2.0,1.0,0,WALK,first,on,1000,1,deterministic,20.0,1,200,lo,1.0,0.42,0.5,0.05,dead-reckoned-heading-hold,2.649,0.5676
10,sideways_ramp,7,0,1,1,heading-only,0.04,1.5450164794922046,2.5792922973632812,0.7953757154342248,1.0381260247470054,9.372902231153217,0,roll,14.46,16.07044206171554,1.1113722034381424,0.3248979449272156,0.03769131946695744,0.040061707978096904,0.5792922973632812,0.5146305419778298,1,14.46,-91.26210153472132,-1.857263201019814,91.26210153472132,20.22501415171602,,,,,,,off,5.0,legged_eval-seed1-no-roughness,,n/a,settle,0.0,auto,hold,8.0,0.8,2.0,1.0,0,WALK,first,on,1000,1,deterministic,20.0,1,200,lo,1.0,0.42,0.5,0.05,dead-reckoned-heading-hold,2.649,0.5676
10,sideways_ramp,8,0,1,1,heading-only,0.04,2.1036804199218864,3.1005172729492188,1.558604740586444,1.6756475252000917,8.964130763154943,0,roll,5.0200000000000005,-20.949513918211892,-4.17320994386691,0.324253648519516,0.21985665735495744,0.21922654839625869,1.1005172729492188,-0.33128973565649905,1,5.0200000000000005,-86.23445062955737,24.516708148699724,86.23445062955737,24.516708148699724,,,,,,,off,5.0,legged_eval-seed1-no-roughness,,n/a,settle,0.0,auto,hold,8.0,0.8,2.0,1.0,0,WALK,first,on,1000,1,deterministic,20.0,1,200,lo,1.0,0.42,0.5,0.05,dead-reckoned-heading-hold,2.649,0.5676
10,sideways_ramp,9,0,1,1,heading-only,0.04,2.130895996093784,2.4981765747070312,1.23576116364279,1.0095647878065739,8.883084246571801,0,below,5.0,-39.56770181895331,-7.913540363790662,0.3325754404067993,0.22617919921875682,0.09963531494140625,0.49817657470703125,-0.610654451491059,1,5.0,-82.64867671342623,59.54546784839946,82.64867671342623,59.54546784839946,,,,,,,off,5.0,legged_eval-seed1-no-roughness,,n/a,settle,0.0,auto,hold,8.0,0.8,2.0,1.0,0,WALK,first,on,1000,1,deterministic,20.0,1,200,lo,1.0,0.42,0.5,0.05,dead-reckoned-heading-hold,2.649,0.5676
11,stepping_stones_cylinder,0,0,1,1,heading-only,0.04,2.139111280441284,2.700028991699213,1.3370172393982056,0.5324198132080245,4.515481010646111,0,roll,4.92,-36.25501386785024,-7.368905257693138,0.32329031825065613,0.23152668301652118,0.14228231538601893,0.7000289916992131,-0.5554938952979733,1,4.92,-88.13857865932097,13.26240737643012,88.13857865932097,15.902123291283033,,,,,,,off,5.0,legged_eval-seed1-no-roughness,,n/a,settle,0.0,auto,hold,8.0,0.8,2.0,1.0,0,WALK,first,on,1000,1,deterministic,20.0,1,200,lo,1.0,0.42,0.5,0.05,dead-reckoned-heading-hold,2.649,0.5676
11,stepping_stones_cylinder,1,0,1,1,heading-only,0.04,2.135060882568361,2.6833511352539006,1.324889422249895,0.5474495671873363,4.269974301762039,0,roll,4.92,-37.42324363057037,-7.606350331416742,0.32377734780311584,0.2307034314163335,0.13889250716542695,0.6833511352539006,-0.575439457178291,1,4.92,-89.35942038712894,18.102035198559737,89.35942038712894,18.102035198559737,,,,,,,off,5.0,legged_eval-seed1-no-roughness,,n/a,settle,0.0,auto,hold,8.0,0.8,2.0,1.0,0,WALK,first,on,1000,1,deterministic,20.0,1,200,lo,1.0,0.42,0.5,0.05,dead-reckoned-heading-hold,2.649,0.5676
11,stepping_stones_cylinder,2,0,1,1,heading-only,0.04,2.075953674316409,2.5945755004882756,1.229307258197016,0.48252210363573983,4.166686707944963,0,roll,4.98,-30.165911703038233,-6.057411988561894,0.3239140212535858,0.21605495468200983,0.11939267078077821,0.5945755004882756,-0.489328205899206,1,4.98,-88.6687950840358,11.572854848065264,88.6687950840358,14.790358937851035,,,,,,,off,5.0,legged_eval-seed1-no-roughness,,n/a,settle,0.0,auto,hold,8.0,0.8,2.0,1.0,0,WALK,first,on,1000,1,deterministic,20.0,1,200,lo,1.0,0.42,0.5,0.05,dead-reckoned-heading-hold,2.649,0.5676
11,stepping_stones_cylinder,3,0,1,1,heading-only,0.04,2.1358840942382926,2.6901565551757756,1.3291157760690524,0.5601541809883034,3.728546827050454,0,roll,4.94,-28.84914581389569,-5.839908059493054,0.32262566685676575,0.2299360514652414,0.13970780469145253,0.6901565551757756,-0.4432781332131139,1,4.94,-91.60752096024554,18.967628561904164,91.60752096024554,20.767893907759824,,,,,,,off,5.0,legged_eval-seed1-no-roughness,,n/a,settle,0.0,auto,hold,8.0,0.8,2.0,1.0,0,WALK,first,on,1000,1,deterministic,20.0,1,200,lo,1.0,0.42,0.5,0.05,dead-reckoned-heading-hold,2.649,0.5676
11,stepping_stones_cylinder,4,0,1,1,heading-only,0.04,2.055044555664068,2.561471557617182,1.1951440601239063,0.4858046607401654,4.133268730812164,0,roll,4.78,-34.23213670273219,-7.161534875048575,0.32181334495544434,0.2207206183397632,0.1174626689575694,0.5614715576171818,-0.5662921932992825,1,4.78,-90.478470014866,12.422737354471218,90.478470014866,16.36113934699247,,,,,,,off,5.0,legged_eval-seed1-no-roughness,,n/a,settle,0.0,auto,hold,8.0,0.8,2.0,1.0,0,WALK,first,on,1000,1,deterministic,20.0,1,200,lo,1.0,0.42,0.5,0.05,dead-reckoned-heading-hold,2.649,0.5676
11,stepping_stones_cylinder,5,0,1,1,heading-only,0.04,2.0386505126953125,2.5076232910156193,1.1560606788156769,0.4598128570169124,4.291477701041163,0,roll,4.74,-30.75608330421295,-6.488625169665179,0.32114216685295105,0.2191245807374077,0.10709352131131208,0.5076232910156193,-0.5168195770521333,1,4.74,-90.40618393724574,14.31832475742266,90.40618393724574,17.132875262929357,,,,,,,off,5.0,legged_eval-seed1-no-roughness,,n/a,settle,0.0,auto,hold,8.0,0.8,2.0,1.0,0,WALK,first,on,1000,1,deterministic,20.0,1,200,lo,1.0,0.42,0.5,0.05,dead-reckoned-heading-hold,2.649,0.5676
11,stepping_stones_cylinder,6,0,1,1,heading-only,0.04,2.0246063232422102,2.586991882324213,1.1808376635009756,0.5215439751408493,4.018496529191029,0,roll,4.96,-26.825396049560737,-5.40834597773402,0.3233073055744171,0.2065738554923811,0.11834513756536554,0.5869918823242131,-0.4569476818518886,1,4.96,-86.52031937894898,4.357210881922401,86.52031937894898,12.966944088942073,,,,,,,off,5.0,legged_eval-seed1-no-roughness,,n/a,settle,0.0,auto,hold,8.0,0.8,2.0,1.0,0,WALK,first,on,1000,1,deterministic,20.0,1,200,lo,1.0,0.42,0.5,0.05,dead-reckoned-heading-hold,2.649,0.5676
11,stepping_stones_cylinder,7,0,1,1,heading-only,0.04,2.0739166259765796,2.5562683105468693,1.2094343111006851,0.485311090010055,3.8168363969254333,0,roll,5.54,-29.20870881927513,-5.272330111782515,0.3227672874927521,0.19384776642176527,0.10040944233698001,0.5562683105468693,-0.47469992252804,1,5.54,-87.08815620759958,-1.7131407572084887,87.08815620759958,22.05588507209654,,,,,,,off,5.0,legged_eval-seed1-no-roughness,,n/a,settle,0.0,auto,hold,8.0,0.8,2.0,1.0,0,WALK,first,on,1000,1,deterministic,20.0,1,200,lo,1.0,0.42,0.5,0.05,dead-reckoned-heading-hold,2.649,0.5676
11,stepping_stones_cylinder,8,0,1,1,heading-only,0.04,2.1288574218750114,2.9565979003906193,1.4796616579319877,0.8736487611269044,3.600543061914979,0,roll,4.86,-38.089742896241006,-7.837395657662758,0.32240068912506104,0.23227518968621633,0.1968308437017735,0.9565979003906193,-0.5889064570026213,1,4.86,-87.09555208320637,6.693737846723627,87.09555208320637,15.024591227602105,,,,,,,off,5.0,legged_eval-seed1-no-roughness,,n/a,settle,0.0,auto,hold,8.0,0.8,2.0,1.0,0,WALK,first,on,1000,1,deterministic,20.0,1,200,lo,1.0,0.42,0.5,0.05,dead-reckoned-heading-hold,2.649,0.5676
11,stepping_stones_cylinder,9,0,1,1,heading-only,0.04,2.009039306640659,2.577989196777338,1.1628550356502632,0.5543481138626671,3.9336556317067894,0,roll,5.1000000000000005,-16.952093208532318,-3.323939844810258,0.3285348415374756,0.1978508444393449,0.11333121505438,0.5779891967773381,-0.29321934204811345,1,5.1000000000000005,-89.35387962143557,8.382402598611336,89.35387962143557,12.674971391355761,,,,,,,off,5.0,legged_eval-seed1-no-roughness,,n/a,settle,0.0,auto,hold,8.0,0.8,2.0,1.0,0,WALK,first,on,1000,1,deterministic,20.0,1,200,lo,1.0,0.42,0.5,0.05,dead-reckoned-heading-hold,2.649,0.5676
12,stepping_stones_randomly_arranged,0,0,2,1,heading-only,0.04,2.3924989700317383,3.502688598632801,2.0486889480837407,1.337516389149002,4.279969337466998,0,roll,7.78,-20.64029760421687,-2.652994550670549,0.32253721356391907,0.17898444344880954,0.19314763478570707,1.5026885986328011,-0.2587011980173106,1,7.78,-87.41598220255356,-6.65242644087204,87.41598220255356,22.2509001939366,,,,,,,off,5.0,legged_eval-seed1-no-roughness,,n/a,settle,0.0,auto,hold,8.0,0.8,2.0,1.0,0,WALK,first,on,1000,1,deterministic,20.0,1,200,lo,1.0,0.42,0.5,0.05,dead-reckoned-heading-hold,2.649,0.5676
12,stepping_stones_randomly_arranged,1,0,2,1,heading-only,0.04,2.0229011535644545,2.502200317382801,1.1395314514057424,0.7588546513587417,4.1079118980797835,0,roll,5.34,-42.46871424274525,-7.952942742087125,0.3225760757923126,0.19155452313941096,0.0940450032552062,0.5022003173828011,-0.7246241633823807,1,5.34,-87.10266709852444,0.5198297218604105,87.10266709852444,24.30446348795366,,,,,,,off,5.0,legged_eval-seed1-no-roughness,,n/a,settle,0.0,auto,hold,8.0,0.8,2.0,1.0,0,WALK,first,on,1000,1,deterministic,20.0,1,200,lo,1.0,0.42,0.5,0.05,dead-reckoned-heading-hold,2.649,0.5676
12,stepping_stones_randomly_arranged,2,0,2,1,heading-only,0.04,2.037989807128909,2.505465698242176,1.1545208581064963,0.6691902565163999,4.093338781372492,0,roll,5.34,-42.589868534246534,-7.9756308116566546,0.3226936161518097,0.19438011369455227,0.09465649779816032,0.5054656982421761,-0.7161278740975323,1,5.34,-86.84045512965852,0.3169199238323573,86.84045512965852,24.18344419552603,,,,,,,off,5.0,legged_eval-seed1-no-roughness,,n/a,settle,0.0,auto,hold,8.0,0.8,2.0,1.0,0,WALK,first,on,1000,1,deterministic,20.0,1,200,lo,1.0,0.42,0.5,0.05,dead-reckoned-heading-hold,2.649,0.5676
12,stepping_stones_randomly_arranged,3,0,2,1,heading-only,0.04,2.200474548339855,2.7382690429687386,1.4093190983655037,0.8007196811680379,3.9687957780605427,0,roll,5.4,-39.28350144049401,-7.274722488980371,0.32351815700531006,0.2223101015444176,0.1367164894386553,0.7382690429687386,-0.5711295110726949,1,5.4,-86.85718458252296,0.44019913593824805,86.85718458252296,23.487385387779554,,,,,,,off,5.0,legged_eval-seed1-no-roughness,,n/a,settle,0.0,auto,hold,8.0,0.8,2.0,1.0,0,WALK,first,on,1000,1,deterministic,20.0,1,200,lo,1.0,0.42,0.5,0.05,dead-reckoned-heading-hold,2.649,0.5676
12,stepping_stones_randomly_arranged,4,0,2,1,heading-only,0.04,1.9582122802734432,2.4922058105468636,1.077235969508504,0.7782964422162507,4.369598055096661,0,roll,5.5600000000000005,-17.47687294877369,-3.1433224728010227,0.3228772282600403,0.1723403381786768,0.08852622491850065,0.49220581054686363,-0.31833131570990264,1,5.5600000000000005,-87.15702058671918,2.268620786986635,87.15702058671918,23.203634258785833,,,,,,,off,5.0,legged_eval-seed1-no-roughness,,n/a,settle,0.0,auto,hold,8.0,0.8,2.0,1.0,0,WALK,first,on,1000,1,deterministic,20.0,1,200,lo,1.0,0.42,0.5,0.05,dead-reckoned-heading-hold,2.649,0.5676
12,stepping_stones_randomly_arranged,5,0,2,1,heading-only,0.04,2.0124053955078125,2.49456329345702,1.1267464382408248,0.7315252215031974,3.968531733596312,0,roll,5.26,-32.32190465829629,-6.1448487943529075,0.3230159282684326,0.1924725086516754,0.09402343982072622,0.4945632934570199,-0.5572112310997751,1,5.26,-86.74907786349591,-0.35686395792151077,86.74907786349591,17.32212171711652,,,,,,,off,5.0,legged_eval-seed1-no-roughness,,n/a,settle,0.0,auto,hold,8.0,0.8,2.0,1.0,0,WALK,first,on,1000,1,deterministic,20.0,1,200,lo,1.0,0.42,0.5,0.05,dead-reckoned-heading-hold,2.649,0.5676
12,stepping_stones_randomly_arranged,6,0,2,1,heading-only,0.04,2.0106445312500227,2.48119659423827,1.1193536218961764,0.7102229721984686,3.9686359963439295,0,roll,4.82,-38.91865194671291,-8.074409117575293,0.3220686614513397,0.20967728864108354,0.099833318306695,0.4811965942382699,-0.6721043808228946,1,4.82,-87.06874714754278,12.380018626970163,87.06874714754278,16.294431163647538,,,,,,,off,5.0,legged_eval-seed1-no-roughness,,n/a,settle,0.0,auto,hold,8.0,0.8,2.0,1.0,0,WALK,first,on,1000,1,deterministic,20.0,1,200,lo,1.0,0.42,0.5,0.05,dead-reckoned-heading-hold,2.649,0.5676
12,stepping_stones_randomly_arranged,7,0,2,1,heading-only,0.04,2.0665618896484546,2.4852478027343636,1.1717592306054219,0.6638425511343476,3.9136373090757197,0,roll,5.0200000000000005,-53.70725214309218,-10.698655805396847,0.3225325345993042,0.21246252781841724,0.09666290891122781,0.48524780273436363,-0.8788691881768828,1,5.0200000000000005,-88.15506197046767,0.9833687788391102,88.15506197046767,17.32302176882931,,,,,,,off,5.0,legged_eval-seed1-no-roughness,,n/a,settle,0.0,auto,hold,8.0,0.8,2.0,1.0,0,WALK,first,on,1000,1,deterministic,20.0,1,200,lo,1.0,0.42,0.5,0.05,dead-reckoned-heading-hold,2.649,0.5676
12,stepping_stones_randomly_arranged,8,0,2,1,heading-only,0.04,2.1378295898437614,2.64513702392577,1.3079976892807654,0.6321420223247143,3.817083700247453,0,roll,4.9,-41.897083588289405,-8.550425222099879,0.32191118597984314,0.2322101203762778,0.13166061712770813,0.6451370239257699,-0.6426639473309351,1,4.9,-87.52866202358189,9.583174681331428,87.52866202358189,15.471518291952604,,,,,,,off,5.0,legged_eval-seed1-no-roughness,,n/a,settle,0.0,auto,hold,8.0,0.8,2.0,1.0,0,WALK,first,on,1000,1,deterministic,20.0,1,200,lo,1.0,0.42,0.5,0.05,dead-reckoned-heading-hold,2.649,0.5676
12,stepping_stones_randomly_arranged,9,0,2,1,heading-only,0.04,2.050299072265659,2.4957458496093636,1.1614181368512435,0.6360359157674833,3.584151311505014,0,roll,4.84,-41.0615266073404,-8.483786489119916,0.32254350185394287,0.21700394055075603,0.1024268284316867,0.49574584960936363,-0.6823378731996799,1,4.84,-86.76185036570823,15.331811540887907,86.76185036570823,17.50718835072585,,,,,,,off,5.0,legged_eval-seed1-no-roughness,,n/a,settle,0.0,auto,hold,8.0,0.8,2.0,1.0,0,WALK,first,on,1000,1,deterministic,20.0,1,200,lo,1.0,0.42,0.5,0.05,dead-reckoned-heading-hold,2.649,0.5676
13,staircase_walking_full_width,0,0,0,1,heading-only,0.04,1.4873238801956177,2.6134307861328097,0.7834423358387199,0.7994586500834138,14.275861705263669,0,roll,5.7,23.983003762381514,4.2075445197160555,0.33058544993400574,0.08549541757817854,0.10761943616365081,0.6134307861328097,0.8589408341814097,1,5.7,-88.85922109168163,-8.889219912458993,88.85922109168163,14.488857028454875,,,,,,,off,5.0,legged_eval-seed1-no-roughness,,n/a,settle,0.0,auto,hold,8.0,0.8,2.0,1.0,0,WALK,first,on,1000,1,deterministic,20.0,1,200,lo,1.0,0.42,0.5,0.05,dead-reckoned-heading-hold,2.649,0.5676
13,staircase_walking_full_width,1,0,0,1,heading-only,0.04,1.5988784790039077,2.6768081665039034,0.9037282372817668,0.7867450469196448,14.1672971874047,0,roll,6.0,20.94846315550862,3.4914105259181034,0.33526811003685,0.09981307983398462,0.1128013610839839,0.6768081665039034,0.6105072533320415,1,6.0,-89.43724967236723,7.966863066706056,89.43724967236723,13.610290416367942,,,,,,,off,5.0,legged_eval-seed1-no-roughness,,n/a,settle,0.0,auto,hold,8.0,0.8,2.0,1.0,0,WALK,first,on,1000,1,deterministic,20.0,1,200,lo,1.0,0.42,0.5,0.05,dead-reckoned-heading-hold,2.649,0.5676
13,staircase_walking_full_width,2,0,0,1,heading-only,0.04,1.6730377197265653,2.645550537109372,0.9325852605188083,0.7236296212039712,11.345343097266797,0,roll,5.8,4.429587683638289,0.7637220144203947,0.3324461281299591,0.11604098615975265,0.1113018167429952,0.6455505371093722,0.11486858361621419,1,5.8,-93.11681782258641,-9.344196525412514,93.11681782258641,12.757148349811423,,,,,,,off,5.0,legged_eval-seed1-no-roughness,,n/a,settle,0.0,auto,hold,8.0,0.8,2.0,1.0,0,WALK,first,on,1000,1,deterministic,20.0,1,200,lo,1.0,0.42,0.5,0.05,dead-reckoned-heading-hold,2.649,0.5676
13,staircase_walking_full_width,3,0,0,1,heading-only,0.04,1.4054840087890739,2.6359451293945284,0.7542171364960367,0.8705604352405028,11.61194330325663,0,roll,7.18,34.14145242917695,4.75507693999679,0.33023154735565186,0.05647409593162589,0.08857174504102067,0.6359451293945284,1.4695542694314274,1,7.18,-86.62465504088324,-3.1713391513400104,86.62465504088324,20.226708003788158,,,,,,,off,5.0,legged_eval-seed1-no-roughness,,n/a,settle,0.0,auto,hold,8.0,0.8,2.0,1.0,0,WALK,first,on,1000,1,deterministic,20.0,1,200,lo,1.0,0.42,0.5,0.05,dead-reckoned-heading-hold,2.649,0.5676
13,staircase_walking_full_width,4,0,0,1,heading-only,0.04,1.4716552734375057,2.586590576171872,0.7526932981069097,0.789453389466437,11.543258666360853,0,roll,7.12,24.4120164667913,3.4286539981448456,0.3323245644569397,0.06624371817942495,0.08238631687807194,0.5865905761718722,0.9033505791026324,1,7.12,-91.79873422456657,-1.4292148581550526,91.79873422456657,20.719215527650334,,,,,,,off,5.0,legged_eval-seed1-no-roughness,,n/a,settle,0.0,auto,hold,8.0,0.8,2.0,1.0,0,WALK,first,on,1000,1,deterministic,20.0,1,200,lo,1.0,0.42,0.5,0.05,dead-reckoned-heading-hold,2.649,0.5676
13,staircase_walking_full_width,5,0,0,1,heading-only,0.04,1.4491119384765625,2.6175201416015597,0.763565752614525,0.8275317405469478,11.567382855906875,0,roll,7.08,24.852331127692054,3.5102162609734537,0.33105579018592834,0.06343388961533368,0.08722035898327114,0.6175201416015597,0.9658060002712168,1,7.08,-90.46099680815502,-3.8273709247791916,90.46099680815502,18.60937413323033,,,,,,,off,5.0,legged_eval-seed1-no-roughness,,n/a,settle,0.0,auto,hold,8.0,0.8,2.0,1.0,0,WALK,first,on,1000,1,deterministic,20.0,1,200,lo,1.0,0.42,0.5,0.05,dead-reckoned-heading-hold,2.649,0.5676
13,staircase_walking_full_width,6,0,0,1,heading-only,0.04,1.3756042480468977,2.5906951904296847,0.6999995422481624,0.859529442808006,11.63939420270755,0,roll,6.48,37.32148164650894,5.759487908411874,0.32896775007247925,0.05796361852575582,0.09115666518976615,0.5906951904296847,1.7342262230561467,1,6.48,-88.13377079033003,-2.344920099677107,88.13377079033003,19.673627210981454,,,,,,,off,5.0,legged_eval-seed1-no-roughness,,n/a,settle,0.0,auto,hold,8.0,0.8,2.0,1.0,0,WALK,first,on,1000,1,deterministic,20.0,1,200,lo,1.0,0.42,0.5,0.05,dead-reckoned-heading-hold,2.649,0.5676
13,staircase_walking_full_width,7,0,0,1,heading-only,0.04,1.4246246337890796,2.577282714843747,0.7166319923628005,0.8150534613752143,11.589761438508528,0,roll,6.28,28.85509122128073,4.594759748611581,0.3302171528339386,0.06761538754603177,0.09192399917894063,0.5772827148437472,1.186027158341496,1,6.28,-92.68927050843732,0.06878861023020684,92.68927050843732,15.481957342828402,,,,,,,off,5.0,legged_eval-seed1-no-roughness,,n/a,settle,0.0,auto,hold,8.0,0.8,2.0,1.0,0,WALK,first,on,1000,1,deterministic,20.0,1,200,lo,1.0,0.42,0.5,0.05,dead-reckoned-heading-hold,2.649,0.5676
13,staircase_walking_full_width,8,0,0,1,heading-only,0.04,1.5545471191406364,2.5839202880859347,0.8052859182834009,0.7344325509563607,8.715036643989729,0,roll,6.84,9.06722424029121,1.3256175789899431,0.3297721743583679,0.08107414022523923,0.08536846317045829,0.5839202880859347,0.2853732560273012,1,6.84,-88.26539303230506,-1.6991758440798035,88.26539303230506,20.579518819347,,,,,,,off,5.0,legged_eval-seed1-no-roughness,,n/a,settle,0.0,auto,hold,8.0,0.8,2.0,1.0,0,WALK,first,on,1000,1,deterministic,20.0,1,200,lo,1.0,0.42,0.5,0.05,dead-reckoned-heading-hold,2.649,0.5676
13,staircase_walking_full_width,9,0,0,1,heading-only,0.04,1.327947998046909,2.4875076293945284,0.587548787881354,0.8302515173409983,8.93536096720625,0,roll,6.86,51.80287269133245,7.551439167832719,0.3287311792373657,0.04780583061908296,0.07106525209832776,0.4875076293945284,2.756933098661216,1,6.86,-89.93977226730472,7.492512057515574,89.93977226730472,17.22892010622653,,,,,,,off,5.0,legged_eval-seed1-no-roughness,,n/a,settle,0.0,auto,hold,8.0,0.8,2.0,1.0,0,WALK,first,on,1000,1,deterministic,20.0,1,200,lo,1.0,0.42,0.5,0.05,dead-reckoned-heading-hold,2.649,0.5676
14,staircase_walking,0,0,1,1,heading-only,0.04,1.6021729707717896,2.7305282592773352,0.9467226755132128,0.9763971514713785,3.9656937712567757,0,roll,5.98,21.592959273920485,3.610862754836201,0.34056365489959717,0.1006978211992959,0.12216191626711291,0.7305282592773352,0.6258471450419542,1,5.98,-89.39784235690912,8.220834432041222,89.39784235690912,14.797761875377724,,,,,,,off,5.0,legged_eval-seed1-no-roughness,,n/a,settle,0.0,auto,hold,8.0,0.8,2.0,1.0,0,WALK,first,on,1000,1,deterministic,20.0,1,200,lo,1.0,0.42,0.5,0.05,dead-reckoned-heading-hold,2.649,0.5676
14,staircase_walking,1,0,1,1,heading-only,0.04,1.4882522583007827,2.6053833007812415,0.7777398077767431,0.973010052799378,4.057167593764591,0,roll,6.0600000000000005,33.33423642148654,5.500699079453224,0.33742621541023254,0.08056967958758789,0.09989823445235008,0.6053833007812415,1.1915811331173514,1,6.0600000000000005,-89.00276422313922,11.498255771426097,89.00276422313922,16.388689658174247,,,,,,,off,5.0,legged_eval-seed1-no-roughness,,n/a,settle,0.0,auto,hold,8.0,0.8,2.0,1.0,0,WALK,first,on,1000,1,deterministic,20.0,1,200,lo,1.0,0.42,0.5,0.05,dead-reckoned-heading-hold,2.649,0.5676
14,staircase_walking,2,0,1,1,heading-only,0.04,1.6824981689453153,2.6831497192382727,0.9656589923513574,0.8881170345994669,3.878145661137704,0,roll,5.86,6.797269923511067,1.1599436729541068,0.331266850233078,0.11646726432513912,0.1165784503819578,0.6831497192382727,0.17382426167586795,1,5.86,-91.14889619874042,-1.9756695815704417,91.14889619874042,12.781586200258573,,,,,,,off,5.0,legged_eval-seed1-no-roughness,,n/a,settle,0.0,auto,hold,8.0,0.8,2.0,1.0,0,WALK,first,on,1000,1,deterministic,20.0,1,200,lo,1.0,0.42,0.5,0.05,dead-reckoned-heading-hold,2.649,0.5676
14,staircase_walking,3,0,1,1,heading-only,0.04,1.4012115478515739,2.5841506958007727,0.7086626429648897,1.0303755974910547,4.140205165311233,0,roll,7.140000000000001,35.170255861380866,4.925806143050541,0.3302496671676636,0.05619209353663499,0.08181382294128468,0.5841506958007727,1.5299578659610673,1,7.140000000000001,-89.42364408338874,-2.3305963837269448,89.42364408338874,20.387455029691626,,,,,,,off,5.0,legged_eval-seed1-no-roughness,,n/a,settle,0.0,auto,hold,8.0,0.8,2.0,1.0,0,WALK,first,on,1000,1,deterministic,20.0,1,200,lo,1.0,0.42,0.5,0.05,dead-reckoned-heading-hold,2.649,0.5676
14,staircase_walking,4,0,1,1,heading-only,0.04,1.4634460449218807,2.5780700683593665,0.7409097384207718,0.9561011611896097,3.7810052186082546,0,roll,6.08,37.36881476836919,6.146186639534406,0.3444223701953888,0.0762246784410988,0.0950773138748958,0.5780700683593665,1.407302667532446,1,6.08,-87.53706700615727,14.273848769753975,87.53706700615727,17.69774905756812,,,,,,,off,5.0,legged_eval-seed1-no-roughness,,n/a,settle,0.0,auto,hold,8.0,0.8,2.0,1.0,0,WALK,first,on,1000,1,deterministic,20.0,1,200,lo,1.0,0.42,0.5,0.05,dead-reckoned-heading-hold,2.649,0.5676
14,staircase_walking,5,0,1,1,heading-only,0.04,1.3199462890625,2.495443725585929,0.5897712379451291,1.031788110468518,3.911557398911876,0,roll,6.9,48.65788435636367,7.051867298023719,0.3307340145111084,0.04636902740036232,0.07180343849071434,0.495443725585929,2.6543214223912837,1,6.9,-87.37724716825304,5.807305687898799,87.37724716825304,17.534197796952114,,,,,,,off,5.0,legged_eval-seed1-no-roughness,,n/a,settle,0.0,auto,hold,8.0,0.8,2.0,1.0,0,WALK,first,on,1000,1,deterministic,20.0,1,200,lo,1.0,0.42,0.5,0.05,dead-reckoned-heading-hold,2.649,0.5676
14,staircase_walking,6,0,1,1,heading-only,0.04,1.3977294921875227,2.617910766601554,0.7348485996706157,1.0325648689445253,3.8521519609255535,0,roll,7.0,27.73326394761895,3.96189484965985,0.32850882411003113,0.05681849888393182,0.08827296665736485,0.617910766601554,1.2169999402065357,1,7.0,-89.64666074429947,0.19240122842176147,89.64666074429947,20.421857750076374,,,,,,,off,5.0,legged_eval-seed1-no-roughness,,n/a,settle,0.0,auto,hold,8.0,0.8,2.0,1.0,0,WALK,first,on,1000,1,deterministic,20.0,1,200,lo,1.0,0.42,0.5,0.05,dead-reckoned-heading-hold,2.649,0.5676
14,staircase_walking,7,0,1,1,heading-only,0.04,1.375384521484392,2.5109848022460852,0.6340496881921296,0.9914393221270612,3.8585993607302345,0,roll,6.9,40.11905709388063,5.814356100562409,0.327556848526001,0.054403553838317686,0.07405576844146163,0.5109848022460852,1.865313029730019,1,6.9,-88.60557033193588,2.8368929276466806,88.60557033193588,16.898813044385243,,,,,,,off,5.0,legged_eval-seed1-no-roughness,,n/a,settle,0.0,auto,hold,8.0,0.8,2.0,1.0,0,WALK,first,on,1000,1,deterministic,20.0,1,200,lo,1.0,0.42,0.5,0.05,dead-reckoned-heading-hold,2.649,0.5676
14,staircase_walking,8,0,1,1,heading-only,0.04,1.8588989257812614,2.6815170288085852,1.0964364209858621,0.7736248813864591,3.4099005628759347,0,roll,6.7,14.1193454860543,2.1073649979185523,0.32894831895828247,0.12819386951959125,0.10171895952366944,0.6815170288085852,0.28691276652150055,1,6.7,-87.65043428461937,25.690137346849276,87.65043428461937,25.690137346849276,,,,,,,off,5.0,legged_eval-seed1-no-roughness,,n/a,settle,0.0,auto,hold,8.0,0.8,2.0,1.0,0,WALK,first,on,1000,1,deterministic,20.0,1,200,lo,1.0,0.42,0.5,0.05,dead-reckoned-heading-hold,2.649,0.5676
14,staircase_walking,9,0,1,1,heading-only,0.04,1.397253417968784,2.6492980957031165,0.7611821695044984,1.0520230136019324,3.8577803960611474,0,roll,9.18,34.33606424314439,3.7403120090571234,0.32517385482788086,0.04327379280705709,0.07072964005480571,0.6492980957031165,1.5085518364658987,1,9.18,-89.20197630407547,3.754015014333788,89.20197630407547,20.462837731308287,,,,,,,off,5.0,legged_eval-seed1-no-roughness,,n/a,settle,0.0,auto,hold,8.0,0.8,2.0,1.0,0,WALK,first,on,1000,1,deterministic,20.0,1,200,lo,1.0,0.42,0.5,0.05,dead-reckoned-heading-hold,2.649,0.5676
15,staircase_climbing,0,0,1,1,heading-only,0.04,1.6332383155822754,1.987548828125,0.6333607155504185,1.0918326828061562,9.566769787034918,1,timeout,20.0,-0.915892198267926,-0.0457946099133963,0.32347649335861206,0.03166191577911377,-0.00062255859375,-0.012451171875,-0.025243789043948132,0,20.0,4.71789782220802,-2.936997115188454,9.073261227724705,4.831909315412429,,,,,,,off,5.0,legged_eval-seed1-no-roughness,,n/a,settle,0.0,auto,hold,8.0,0.8,2.0,1.0,0,WALK,first,on,1000,1,deterministic,20.0,1,200,lo,1.0,0.42,0.5,0.05,dead-reckoned-heading-hold,2.649,0.5676
15,staircase_climbing,1,0,1,1,heading-only,0.04,1.635842895507814,1.952423095703125,0.6376203804696292,1.090195743932382,9.564275439427227,1,timeout,20.0,-7.27400795132138,-0.363700397566069,0.3218316435813904,0.0317921447753907,-0.00237884521484375,-0.047576904296875,-0.19966471193393295,0,20.0,6.993140270767617,-4.18507938525362,11.184338272583194,5.372693554047859,,,,,,,off,5.0,legged_eval-seed1-no-roughness,,n/a,settle,0.0,auto,hold,8.0,0.8,2.0,1.0,0,WALK,first,on,1000,1,deterministic,20.0,1,200,lo,1.0,0.42,0.5,0.05,dead-reckoned-heading-hold,2.649,0.5676
15,staircase_climbing,2,0,1,1,heading-only,0.04,1.6338302612304716,1.9738693237304688,0.6343686722197045,1.0914825747801251,9.566205427607763,1,timeout,20.0,-0.5431471816138469,-0.027157359080692344,0.32205480337142944,0.03169151306152358,-0.0013065338134765625,-0.02613067626953125,-0.014956222859549227,0,20.0,4.50123070789472,-3.4551198124962195,9.089609258035283,4.8644741403737575,,,,,,,off,5.0,legged_eval-seed1-no-roughness,,n/a,settle,0.0,auto,hold,8.0,0.8,2.0,1.0,0,WALK,first,on,1000,1,deterministic,20.0,1,200,lo,1.0,0.42,0.5,0.05,dead-reckoned-heading-hold,2.649,0.5676
15,staircase_climbing,3,0,1,1,heading-only,0.04,1.6302307128906364,1.977752685546875,0.6306232587456762,1.0949953127745835,9.56979514678878,1,timeout,20.0,0.04290605889158883,0.0021453029445794415,0.32209357619285583,0.03151153564453182,-0.00111236572265625,-0.022247314453125,0.0011882188243065865,0,20.0,4.528934320080515,-3.6284486657990205,9.11853961600367,4.883467496249673,,,,,,,off,5.0,legged_eval-seed1-no-roughness,,n/a,settle,0.0,auto,hold,8.0,0.8,2.0,1.0,0,WALK,first,on,1000,1,deterministic,20.0,1,200,lo,1.0,0.42,0.5,0.05,dead-reckoned-heading-hold,2.649,0.5676
15,staircase_climbing,4,0,1,1,heading-only,0.04,1.6315368652343807,2.0074920654296875,0.6315813037087712,1.0934888011021626,9.568466067892642,1,timeout,20.0,3.600237504348229,0.18001187521741144,0.32223156094551086,0.031576843261719036,0.000374603271484375,0.0074920654296875,0.09949696013603275,0,20.0,2.84792627919718,-3.1406399822375923,9.185559720132915,4.8178952959008345,,,,,,,off,5.0,legged_eval-seed1-no-roughness,,n/a,settle,0.0,auto,hold,8.0,0.8,2.0,1.0,0,WALK,first,on,1000,1,deterministic,20.0,1,200,lo,1.0,0.42,0.5,0.05,dead-reckoned-heading-hold,2.649,0.5676
15,staircase_climbing,5,0,1,1,heading-only,0.04,1.6313629150390625,1.9696884155273438,0.6320901222451316,1.0690668882287153,9.268686649405435,1,timeout,20.0,-4.960439354421254,-0.24802196772106272,0.3233132064342499,0.031568145751953124,-0.0015155792236328125,-0.03031158447265625,-0.13712556917410387,0,20.0,5.895811385308215,-3.6053152528253913,10.057894034424562,5.01364321738392,,,,,,,off,5.0,legged_eval-seed1-no-roughness,,n/a,settle,0.0,auto,hold,8.0,0.8,2.0,1.0,0,WALK,first,on,1000,1,deterministic,20.0,1,200,lo,1.0,0.42,0.5,0.05,dead-reckoned-heading-hold,2.649,0.5676
15,staircase_climbing,6,0,1,1,heading-only,0.04,1.6305023193359602,2.007537841796875,0.6305473762906162,1.069524243766681,9.269500745503777,1,timeout,20.0,3.1812379220219213,0.15906189610109606,0.32216426730155945,0.03152511596679801,0.00037689208984375,0.007537841796875,0.08806165231408124,0,20.0,2.677642228618927,-3.633509056477158,9.036497584594223,4.913935336451711,,,,,,,off,5.0,legged_eval-seed1-no-roughness,,n/a,settle,0.0,auto,hold,8.0,0.8,2.0,1.0,0,WALK,first,on,1000,1,deterministic,20.0,1,200,lo,1.0,0.42,0.5,0.05,dead-reckoned-heading-hold,2.649,0.5676
15,staircase_climbing,7,0,1,1,heading-only,0.04,1.6287872314453296,1.9826583862304688,0.6290263221812057,1.0713531290301388,9.27122898710734,1,timeout,20.0,-2.461451236387802,-0.12307256181939011,0.3229790925979614,0.031439361572266476,-0.0008670806884765625,-0.01734161376953125,-0.06832267944357524,0,20.0,4.723397126327156,-3.7219452588246917,9.101846462766225,4.936819594963818,,,,,,,off,5.0,legged_eval-seed1-no-roughness,,n/a,settle,0.0,auto,hold,8.0,0.8,2.0,1.0,0,WALK,first,on,1000,1,deterministic,20.0,1,200,lo,1.0,0.42,0.5,0.05,dead-reckoned-heading-hold,2.649,0.5676
15,staircase_climbing,8,0,1,1,heading-only,0.04,1.6889160156250114,2.2261123657226562,0.7250738434927418,1.0360586978507904,9.213858853332935,1,timeout,20.0,40.703007197272285,2.0351503598636143,0.3220881223678589,0.03444580078125057,0.011305618286132812,0.22611236572265625,1.0311873652855155,0,20.0,-5.564353634971824,-5.11743261318594,9.013063685081258,5.805105810908435,,,,,,,off,5.0,legged_eval-seed1-no-roughness,,n/a,settle,0.0,auto,hold,8.0,0.8,2.0,1.0,0,WALK,first,on,1000,1,deterministic,20.0,1,200,lo,1.0,0.42,0.5,0.05,dead-reckoned-heading-hold,2.649,0.5676
15,staircase_climbing,9,0,1,1,heading-only,0.04,1.634497070312534,2.0354385375976562,0.635485973238001,1.0660921081780923,9.265570701796713,1,timeout,20.0,9.43893131165791,0.4719465655828955,0.32466182112693787,0.031724853515626705,0.0017719268798828125,0.03543853759765625,0.25963938521713176,0,20.0,1.436404881624625,-2.6630930322721036,9.104854428846275,4.838657917097458,,,,,,,off,5.0,legged_eval-seed1-no-roughness,,n/a,settle,0.0,auto,hold,8.0,0.8,2.0,1.0,0,WALK,first,on,1000,1,deterministic,20.0,1,200,lo,1.0,0.42,0.5,0.05,dead-reckoned-heading-hold,2.649,0.5676
16,staircase_spiral,0,0,0,1,heading-only,0.04,3.729889154434204,2.2891479492187443,2.7451596186806513,0.6324115190247082,1.3585051444296976,1,timeout,20.0,32.28318720018143,1.6141593600090716,0.3233179450035095,0.1364944577217102,0.014457397460937216,0.2891479492187443,0.20639955610125704,0,20.0,-6.958011138235287,-6.479142996745282,9.099695527711972,6.479142996745282,,,,,,,off,5.0,legged_eval-seed1-no-roughness,,n/a,settle,0.0,auto,hold,8.0,0.8,2.0,1.0,0,WALK,first,on,1000,1,deterministic,20.0,1,200,lo,1.0,0.42,0.5,0.05,dead-reckoned-heading-hold,2.649,0.5676
16,staircase_spiral,1,0,0,1,heading-only,0.04,3.7222229003906264,2.0649353027343693,2.72299726642396,0.4174887751518012,1.4058778086970267,1,timeout,20.0,-0.5829668932286154,-0.02914834466143077,0.3227331042289734,0.1361111450195313,0.003246765136718466,0.06493530273436932,-0.0037376409240777284,0,20.0,0.9764921297536735,-2.194462425822958,9.12359435231224,5.03899800917869,,,,,,,off,5.0,legged_eval-seed1-no-roughness,,n/a,settle,0.0,auto,hold,8.0,0.8,2.0,1.0,0,WALK,first,on,1000,1,deterministic,20.0,1,200,lo,1.0,0.42,0.5,0.05,dead-reckoned-heading-hold,2.649,0.5676
16,staircase_spiral,2,0,0,1,heading-only,0.04,3.819201660156253,2.073129272460932,2.820149976706636,0.46669122951135567,1.3431967079822813,1,timeout,20.0,0.7973829796697203,0.039869148983486015,0.32309824228286743,0.14096008300781265,0.003656463623046591,0.07312927246093182,0.004936489145593184,0,20.0,1.9412178785058876,-3.006475292264617,9.043628575987292,4.812883251474611,,,,,,,off,5.0,legged_eval-seed1-no-roughness,,n/a,settle,0.0,auto,hold,8.0,0.8,2.0,1.0,0,WALK,first,on,1000,1,deterministic,20.0,1,200,lo,1.0,0.42,0.5,0.05,dead-reckoned-heading-hold,2.649,0.5676
16,staircase_spiral,3,0,0,1,heading-only,0.04,3.867153930664074,2.0357604980468693,2.86737693290279,0.4561855690225223,1.3337781485279445,1,timeout,20.0,-3.6402986378596722,-0.18201493189298362,0.32318633794784546,0.14335769653320368,0.0017880249023434658,0.035760498046869316,-0.022159674200610612,0,20.0,3.5332337171306873,-2.410957762101498,9.052953699192042,4.827485921368633,,,,,,,off,5.0,legged_eval-seed1-no-roughness,,n/a,settle,0.0,auto,hold,8.0,0.8,2.0,1.0,0,WALK,first,on,1000,1,deterministic,20.0,1,200,lo,1.0,0.42,0.5,0.05,dead-reckoned-heading-hold,2.649,0.5676
16,staircase_spiral,4,0,0,1,heading-only,0.04,3.9677795410156307,2.079110717773432,2.9688337625636056,0.5438991741667987,1.2641335230362911,1,timeout,20.0,5.093780258538658,0.2546890129269329,0.3235916495323181,0.14838897705078152,0.003955535888671591,0.07911071777343182,0.029956145884799515,0,20.0,2.807605077592356,-3.18565884225636,9.059157320037412,4.781222637977968,,,,,,,off,5.0,legged_eval-seed1-no-roughness,,n/a,settle,0.0,auto,hold,8.0,0.8,2.0,1.0,0,WALK,first,on,1000,1,deterministic,20.0,1,200,lo,1.0,0.42,0.5,0.05,dead-reckoned-heading-hold,2.649,0.5676
16,staircase_spiral,5,0,0,1,heading-only,0.04,4.014495849609375,2.067758178710932,3.015257268972976,0.556204421163314,1.2532498318032557,1,timeout,20.0,-1.4206910438701925,-0.07103455219350963,0.3232414126396179,0.15072479248046874,0.003387908935546591,0.06775817871093182,-0.008225500251507445,0,20.0,2.9006685759166344,-2.7701055723784007,9.102336379520441,4.795276774388534,,,,,,,off,5.0,legged_eval-seed1-no-roughness,,n/a,settle,0.0,auto,hold,8.0,0.8,2.0,1.0,0,WALK,first,on,1000,1,deterministic,20.0,1,200,lo,1.0,0.42,0.5,0.05,dead-reckoned-heading-hold,2.649,0.5676
16,staircase_spiral,6,0,0,1,heading-only,0.04,4.113488769531273,2.081704711914057,3.114560639632229,0.6265226963105195,1.188359684854423,1,timeout,20.0,-2.0703603888413795,-0.10351801944206898,0.32308638095855713,0.15567443847656365,0.004085235595702841,0.08170471191405682,-0.011605824900274848,0,20.0,1.0283645619267665,-2.759900429192248,9.129646577035693,4.817531250394674,,,,,,,off,5.0,legged_eval-seed1-no-roughness,,n/a,settle,0.0,auto,hold,8.0,0.8,2.0,1.0,0,WALK,first,on,1000,1,deterministic,20.0,1,200,lo,1.0,0.42,0.5,0.05,dead-reckoned-heading-hold,2.649,0.5676
16,staircase_spiral,7,0,0,1,heading-only,0.04,4.2778961181640796,2.2946105957031193,3.2911089870400354,0.8748998547264706,1.0665200803558565,1,timeout,20.0,25.308843146367764,1.2654421573183883,0.3241468071937561,0.163894805908204,0.014730529785155965,0.2946105957031193,0.13475797488735658,0,20.0,-2.8631968294410477,-4.418395726677034,8.990586477302335,5.368188996407851,,,,,,,off,5.0,legged_eval-seed1-no-roughness,,n/a,settle,0.0,auto,hold,8.0,0.8,2.0,1.0,0,WALK,first,on,1000,1,deterministic,20.0,1,200,lo,1.0,0.42,0.5,0.05,dead-reckoned-heading-hold,2.649,0.5676
16,staircase_spiral,8,0,0,1,heading-only,0.04,4.261761474609386,2.1111389160156193,3.26365435913473,0.7324758184120451,1.1090759974609719,1,timeout,20.0,-0.194768021613271,-0.00973840108066355,0.3240465521812439,0.16308807373046932,0.005556945800780966,0.11113891601561932,-0.0010421802088254005,0,20.0,1.2555692851692206,-4.133990571660692,9.178089231668395,5.406425398211936,,,,,,,off,5.0,legged_eval-seed1-no-roughness,,n/a,settle,0.0,auto,hold,8.0,0.8,2.0,1.0,0,WALK,first,on,1000,1,deterministic,20.0,1,200,lo,1.0,0.42,0.5,0.05,dead-reckoned-heading-hold,2.649,0.5676
16,staircase_spiral,9,0,0,1,heading-only,0.04,4.361608886718784,2.0845275878906193,3.362671441039298,0.7869518594997913,1.0455424844751988,1,timeout,20.0,-4.903465396439685,-0.24517326982198426,0.32420819997787476,0.16808044433593922,0.004226379394530966,0.08452758789061932,-0.025458528582430202,0,20.0,1.8431695354283315,-3.655382178476676,9.135818146453165,4.887690292541678,,,,,,,off,5.0,legged_eval-seed1-no-roughness,,n/a,settle,0.0,auto,hold,8.0,0.8,2.0,1.0,0,WALK,first,on,1000,1,deterministic,20.0,1,200,lo,1.0,0.42,0.5,0.05,dead-reckoned-heading-hold,2.649,0.5676
17,squeeze,0,0,2,1,heading-only,0.04,2.9035561084747314,2.0384094238281136,1.9039435763567867,0.4938143533603767,5.796571147794135,1,timeout,20.0,-1.6283608638986777,-0.08141804319493388,0.3241197466850281,0.09517780542373658,0.0019204711914056817,0.03840942382811363,-0.014930087092848335,0,20.0,5.974294715510927,-2.9926122190624542,9.064990769934928,7.974238062496047,,,,,,,off,5.0,legged_eval-seed1-no-roughness,,n/a,settle,0.0,auto,hold,8.0,0.8,2.0,1.0,0,WALK,first,on,1000,1,deterministic,20.0,1,200,lo,1.0,0.42,0.5,0.05,dead-reckoned-heading-hold,2.649,0.5676
17,squeeze,1,0,3,1,heading-only,0.04,4.332212066650392,1.9910614013671761,3.3322240554434504,0.32259311027401083,4.81779622537884,1,timeout,20.0,-0.024935132788215242,-0.001246756639410762,0.32547539472579956,0.1666106033325196,-0.00044692993164119343,-0.008938598632823869,-0.00013060398254118984,0,20.0,-1.7860546036375955,-0.7638570367028834,11.214556733059563,8.279603308476174,,,,,,,off,5.0,legged_eval-seed1-no-roughness,,n/a,settle,0.0,auto,hold,8.0,0.8,2.0,1.0,0,WALK,first,on,1000,1,deterministic,20.0,1,200,lo,1.0,0.42,0.5,0.05,dead-reckoned-heading-hold,2.649,0.5676
17,squeeze,2,0,3,1,heading-only,0.04,4.300128173828128,1.9143859863281136,3.3012385135023465,0.5067658441692297,5.20057658033732,1,timeout,20.0,11.758041532823654,0.5879020766411827,0.32447609305381775,0.1650064086914064,-0.0042807006835943184,-0.08561401367188637,0.06218441452107716,0,20.0,-3.2618828641021502,-1.9880898835175067,11.374599308284587,9.632487498763163,,,,,,,off,5.0,legged_eval-seed1-no-roughness,,n/a,settle,0.0,auto,hold,8.0,0.8,2.0,1.0,0,WALK,first,on,1000,1,deterministic,20.0,1,200,lo,1.0,0.42,0.5,0.05,dead-reckoned-heading-hold,2.649,0.5676
17,squeeze,3,0,3,1,heading-only,0.04,4.042713928222668,1.9491149902343636,3.043139387740737,0.44605009556631753,4.957547224349596,1,timeout,20.0,4.121303909264668,0.2060651954632334,0.33149096369743347,0.1521356964111334,-0.0025442504882818183,-0.05088500976563637,0.02364018583041705,0,20.0,-1.8153581771444263,-2.3163768686915014,10.081576446813791,9.069943412023429,,,,,,,off,5.0,legged_eval-seed1-no-roughness,,n/a,settle,0.0,auto,hold,8.0,0.8,2.0,1.0,0,WALK,first,on,1000,1,deterministic,20.0,1,200,lo,1.0,0.42,0.5,0.05,dead-reckoned-heading-hold,2.649,0.5676
17,squeeze,4,0,2,1,heading-only,0.04,3.0835327148437557,1.9083282470703011,2.0855484372484363,0.6161097015628361,6.267137779418815,1,timeout,20.0,-8.003442579598584,-0.4001721289799292,0.322806179523468,0.10417663574218779,-0.004583587646484944,-0.09167175292969887,-0.06704306753291307,0,20.0,10.780120419703048,-4.778984521722523,11.45849343832699,8.97129228364131,,,,,,,off,5.0,legged_eval-seed1-no-roughness,,n/a,settle,0.0,auto,hold,8.0,0.8,2.0,1.0,0,WALK,first,on,1000,1,deterministic,20.0,1,200,lo,1.0,0.42,0.5,0.05,dead-reckoned-heading-hold,2.649,0.5676
17,squeeze,5,0,2,1,heading-only,0.04,2.8883514404296875,1.9550659179687386,1.8888859770512534,0.651443446145564,6.661800102296177,1,timeout,20.0,-19.914770740975143,-0.9957385370487571,0.3229919672012329,0.09441757202148438,-0.0022467041015630683,-0.04493408203126137,-0.1840644234797506,0,20.0,-2.8874852366913646,-2.948137301664144,9.180868189496133,5.417018197880188,,,,,,,off,5.0,legged_eval-seed1-no-roughness,,n/a,settle,0.0,auto,hold,8.0,0.8,2.0,1.0,0,WALK,first,on,1000,1,deterministic,20.0,1,200,lo,1.0,0.42,0.5,0.05,dead-reckoned-heading-hold,2.649,0.5676
17,squeeze,6,0,2,1,heading-only,0.04,3.1376586914062727,1.9404174804687386,2.1384888958277224,0.6852863403713169,7.0625926426279815,1,timeout,20.0,-21.883031885164854,-1.0941515942582427,0.32503846287727356,0.10688293457031364,-0.0029791259765630683,-0.05958251953126137,-0.17866788475187897,0,20.0,-1.7599616122679709,-2.470435744182521,9.095897317154382,5.053358911260882,,,,,,,off,5.0,legged_eval-seed1-no-roughness,,n/a,settle,0.0,auto,hold,8.0,0.8,2.0,1.0,0,WALK,first,on,1000,1,deterministic,20.0,1,200,lo,1.0,0.42,0.5,0.05,dead-reckoned-heading-hold,2.649,0.5676
17,squeeze,7,0,3,1,heading-only,0.04,3.4374114990234546,1.9412414550781136,2.438119640660216,1.3894531776520958,6.362859812958328,1,timeout,20.0,6.372269453333757,0.3186134726666879,0.32472091913223267,0.12187057495117273,-0.0029379272460943184,-0.05875854492188637,0.04562917785096698,0,20.0,0.42036627659974796,-5.671724702498482,9.43577586760901,8.094504793220642,,,,,,,off,5.0,legged_eval-seed1-no-roughness,,n/a,settle,0.0,auto,hold,8.0,0.8,2.0,1.0,0,WALK,first,on,1000,1,deterministic,20.0,1,200,lo,1.0,0.42,0.5,0.05,dead-reckoned-heading-hold,2.649,0.5676
17,squeeze,8,0,1,1,heading-only,0.04,1.7719848632812614,1.9183227539062386,0.7762936310861043,0.723424898045658,8.678399500233255,1,timeout,20.0,-17.527521842779947,-0.8763760921389974,0.3230512738227844,0.03859924316406307,-0.004083862304688069,-0.08167724609376137,-0.39626808817400233,0,20.0,1.6767689962765877,-4.467342627345947,9.179551143980994,10.15360933542781,,,,,,,off,5.0,legged_eval-seed1-no-roughness,,n/a,settle,0.0,auto,hold,8.0,0.8,2.0,1.0,0,WALK,first,on,1000,1,deterministic,20.0,1,200,lo,1.0,0.42,0.5,0.05,dead-reckoned-heading-hold,2.649,0.5676
17,squeeze,9,0,2,1,heading-only,0.04,3.140783691406284,1.8594543457031136,2.145392247196968,0.7900194276136464,7.360558250405567,1,timeout,20.0,-5.465007846602219,-0.27325039233011095,0.32449135184288025,0.10703918457031421,-0.0070272827148443184,-0.14054565429688637,-0.04455488938626821,0,20.0,0.2288980102029835,-3.343153594295751,11.62964033845473,8.889328365015587,,,,,,,off,5.0,legged_eval-seed1-no-roughness,,n/a,settle,0.0,auto,hold,8.0,0.8,2.0,1.0,0,WALK,first,on,1000,1,deterministic,20.0,1,200,lo,1.0,0.42,0.5,0.05,dead-reckoned-heading-hold,2.649,0.5676
18,agility_poles,0,0,1,1,heading-only,0.04,3.520833969116211,2.0560577392577954,2.521457191780357,0.9704837065193815,14.7792723446914,1,timeout,20.0,0.35656529554390204,0.017828264777195103,0.3232402205467224,0.12604169845581054,0.0028028869628897723,0.05605773925779545,0.002468722050651192,0,20.0,2.1150504565522237,-3.167246920675149,9.04362546734805,4.945382132338024,,,,,,,off,5.0,legged_eval-seed1-no-roughness,,n/a,settle,0.0,auto,hold,8.0,0.8,2.0,1.0,0,WALK,first,on,1000,1,deterministic,20.0,1,200,lo,1.0,0.42,0.5,0.05,dead-reckoned-heading-hold,2.649,0.5676
18,agility_poles,1,0,1,1,heading-only,0.04,3.3712707519531264,2.048809814453108,2.3717730450140655,0.9765789394139568,13.878815076892504,1,timeout,20.0,1.5679438637438636,0.07839719318719318,0.3232616186141968,0.11856353759765632,0.0024404907226553973,0.04880981445310795,0.011540556001979781,0,20.0,3.0544862857107025,-2.943609302189123,9.109987897051543,4.8148169022011915,,,,,,,off,5.0,legged_eval-seed1-no-roughness,,n/a,settle,0.0,auto,hold,8.0,0.8,2.0,1.0,0,WALK,first,on,1000,1,deterministic,20.0,1,200,lo,1.0,0.42,0.5,0.05,dead-reckoned-heading-hold,2.649,0.5676
18,agility_poles,2,0,1,1,heading-only,0.04,4.340190124511722,2.1937530517577954,3.3458048826778723,0.9203853187511177,12.211347077232572,1,timeout,20.0,-24.169250060896047,-1.2084625030448024,0.32747435569763184,0.16700950622558608,0.009687652587889773,0.19375305175779545,-0.12629011390845327,0,20.0,1.7311282706480864,-1.6979969968968516,9.860156290275482,8.014049232049896,,,,,,,off,5.0,legged_eval-seed1-no-roughness,,n/a,settle,0.0,auto,hold,8.0,0.8,2.0,1.0,0,WALK,first,on,1000,1,deterministic,20.0,1,200,lo,1.0,0.42,0.5,0.05,dead-reckoned-heading-hold,2.649,0.5676
18,agility_poles,3,0,1,1,heading-only,0.04,3.121670532226574,2.0474212646484204,2.12220042023826,0.9775937702921966,12.378420302651255,1,timeout,20.0,2.424487732385842,0.1212243866192921,0.3240172863006592,0.1060835266113287,0.002371063232421022,0.04742126464842045,0.019944328283589146,0,20.0,3.448195301046406,-2.7874551912974996,9.085522459282615,4.940506454979796,,,,,,,off,5.0,legged_eval-seed1-no-roughness,,n/a,settle,0.0,auto,hold,8.0,0.8,2.0,1.0,0,WALK,first,on,1000,1,deterministic,20.0,1,200,lo,1.0,0.42,0.5,0.05,dead-reckoned-heading-hold,2.649,0.5676
18,agility_poles,4,0,1,1,heading-only,0.04,3.022329711914068,2.045452880859358,2.0228404356421326,0.9356628511582548,11.777757994594761,1,timeout,20.0,4.2112417906228075,0.21056208953114036,0.32324057817459106,0.10111648559570341,0.0022726440429678973,0.04545288085935795,0.03634423922614691,0,20.0,2.7826386606492366,-3.0914985596932905,9.110119422642029,4.812517165374722,,,,,,,off,5.0,legged_eval-seed1-no-roughness,,n/a,settle,0.0,auto,hold,8.0,0.8,2.0,1.0,0,WALK,first,on,1000,1,deterministic,20.0,1,200,lo,1.0,0.42,0.5,0.05,dead-reckoned-heading-hold,2.649,0.5676
18,agility_poles,5,0,1,1,heading-only,0.04,4.4601898193359375,2.480755615234358,3.4934280509859414,1.1699841240966167,9.302241619865022,1,timeout,20.0,4.010849062284279,0.20054245311421398,0.3295845091342926,0.17300949096679688,0.0240377807617179,0.48075561523435795,0.020230832871134894,0,20.0,0.0638564340680356,-1.4448972949768983,13.054750923206495,9.879581820305443,,,,,,,off,5.0,legged_eval-seed1-no-roughness,,n/a,settle,0.0,auto,hold,8.0,0.8,2.0,1.0,0,WALK,first,on,1000,1,deterministic,20.0,1,200,lo,1.0,0.42,0.5,0.05,dead-reckoned-heading-hold,2.649,0.5676
18,agility_poles,6,0,1,1,heading-only,0.04,2.7713104248047102,2.049786376953108,1.7720099616965928,0.9324620914066541,10.278810148385787,1,timeout,20.0,1.8475685989330657,0.09237842994665328,0.32274681329727173,0.0885655212402355,0.002489318847655397,0.04978637695310795,0.018204688888112754,0,20.0,2.257508189154024,-2.774606431130942,9.100934626647648,4.789926954520738,,,,,,,off,5.0,legged_eval-seed1-no-roughness,,n/a,settle,0.0,auto,hold,8.0,0.8,2.0,1.0,0,WALK,first,on,1000,1,deterministic,20.0,1,200,lo,1.0,0.42,0.5,0.05,dead-reckoned-heading-hold,2.649,0.5676
18,agility_poles,7,0,1,1,heading-only,0.04,2.6795684814453296,2.1453521728515454,1.6858462379520962,0.8205432481589326,9.321564833557693,1,timeout,20.0,10.113323854255441,0.505666192712772,0.32287877798080444,0.08397842407226648,0.007267608642577273,0.14535217285154545,0.1050929459127184,0,20.0,-5.606951737550907,-6.110039423973961,9.138703221203814,6.110039423973961,,,,,,,off,5.0,legged_eval-seed1-no-roughness,,n/a,settle,0.0,auto,hold,8.0,0.8,2.0,1.0,0,WALK,first,on,1000,1,deterministic,20.0,1,200,lo,1.0,0.42,0.5,0.05,dead-reckoned-heading-hold,2.649,0.5676
18,agility_poles,8,0,1,1,heading-only,0.04,2.8620422363281364,2.3265655517577954,1.8904619407607128,0.541309492032014,8.444274763477639,1,timeout,20.0,17.07958252407647,0.8539791262038235,0.327689528465271,0.09310211181640682,0.016328277587889774,0.32656555175779545,0.16009032668294784,0,20.0,-5.112383188945161,-5.147124999119834,9.907007519819212,7.32287583196509,,,,,,,off,5.0,legged_eval-seed1-no-roughness,,n/a,settle,0.0,auto,hold,8.0,0.8,2.0,1.0,0,WALK,first,on,1000,1,deterministic,20.0,1,200,lo,1.0,0.42,0.5,0.05,dead-reckoned-heading-hold,2.649,0.5676
18,agility_poles,9,0,1,1,heading-only,0.04,3.303656005859409,1.725750732421858,2.3199232000433274,1.2123284156128107,6.951755716774016,1,timeout,20.0,-75.69271229334564,-3.7846356146672817,0.3285166919231415,0.11518280029297046,-0.013712463378907103,-0.27424926757814205,-0.5734740976619122,0,20.0,4.025470200820678,-0.05397612578616328,11.072571229131244,8.93201782712481,,,,,,,off,5.0,legged_eval-seed1-no-roughness,,n/a,settle,0.0,auto,hold,8.0,0.8,2.0,1.0,0,WALK,first,on,1000,1,deterministic,20.0,1,200,lo,1.0,0.42,0.5,0.05,dead-reckoned-heading-hold,2.649,0.5676
19,balance_beam,0,0,3,1,heading-only,0.04,3.6128222942352295,2.8037475585937557,2.7336514919056656,1.712510307051443,6.437549936347208,0,roll,15.040000000000001,55.04510794022812,3.6599140917704864,0.32347050309181213,0.17372488658478918,0.053440662140542265,0.8037475585937557,0.3676937282693602,1,15.040000000000001,-86.61630524138795,17.413717460645703,86.61630524138795,35.47914416185001,,,,,,,off,5.0,legged_eval-seed1-no-roughness,,n/a,settle,0.0,auto,hold,8.0,0.8,2.0,1.0,0,WALK,first,on,1000,1,deterministic,20.0,1,200,lo,1.0,0.42,0.5,0.05,dead-reckoned-heading-hold,2.649,0.5676
19,balance_beam,1,0,2,1,heading-only,0.04,2.691464996337892,2.7990173339843807,1.8706903896272769,1.5545881467448548,7.948795795852121,0,roll,11.32,56.94010542146779,5.030044648539557,0.323570191860199,0.14942270285670425,0.07058457013996296,0.7990173339843807,0.5875334802605419,1,11.32,-86.06233975584618,13.141327563826252,86.06233975584618,35.48180183086621,,,,,,,off,5.0,legged_eval-seed1-no-roughness,,n/a,settle,0.0,auto,hold,8.0,0.8,2.0,1.0,0,WALK,first,on,1000,1,deterministic,20.0,1,200,lo,1.0,0.42,0.5,0.05,dead-reckoned-heading-hold,2.649,0.5676
19,balance_beam,2,0,2,1,heading-only,0.04,2.550372314453128,2.707601928710943,1.7042167711116432,1.7035393900138571,8.379557445161788,0,roll,10.52,58.072318236188806,5.520182341843043,0.3235372304916382,0.14737379414953689,0.0672625407519908,0.7076019287109432,0.6537482306919016,1,10.52,-86.39648329904868,14.109740827197768,86.39648329904868,36.36953883364915,,,,,,,off,5.0,legged_eval-seed1-no-roughness,,n/a,settle,0.0,auto,hold,8.0,0.8,2.0,1.0,0,WALK,first,on,1000,1,deterministic,20.0,1,200,lo,1.0,0.42,0.5,0.05,dead-reckoned-heading-hold,2.649,0.5676
19,balance_beam,3,0,2,1,heading-only,0.04,3.1110733032226676,2.7924865722656307,2.254920277704024,1.3875117973745141,8.426275932529434,0,roll,12.86,50.96616412279184,3.963154286375726,0.3225589990615845,0.16415811067050293,0.06162415025393707,0.7924865722656307,0.42136261668252517,1,12.86,-87.18060946295466,22.115495240074853,87.18060946295466,34.89537754125378,,,,,,,off,5.0,legged_eval-seed1-no-roughness,,n/a,settle,0.0,auto,hold,8.0,0.8,2.0,1.0,0,WALK,first,on,1000,1,deterministic,20.0,1,200,lo,1.0,0.42,0.5,0.05,dead-reckoned-heading-hold,2.649,0.5676
19,balance_beam,4,0,2,1,heading-only,0.04,2.8111022949218807,2.743399047851568,1.9577368737953325,1.7542058207488511,9.318597679895408,0,roll,11.36,51.76497589655264,4.556776047231747,0.3241381347179413,0.15942801891917965,0.06544005702918734,0.7433990478515682,0.4988504896402426,1,11.36,-86.55431762244083,17.279691872996054,86.55431762244083,34.47184357504643,,,,,,,off,5.0,legged_eval-seed1-no-roughness,,n/a,settle,0.0,auto,hold,8.0,0.8,2.0,1.0,0,WALK,first,on,1000,1,deterministic,20.0,1,200,lo,1.0,0.42,0.5,0.05,dead-reckoned-heading-hold,2.649,0.5676
19,balance_beam,5,0,2,1,heading-only,0.04,2.2777099609375,2.6951965332031307,1.4545930578882051,2.3046435159349286,10.146134921963224,0,below,9.16,50.828828021076674,5.548998692257279,0.3234655559062958,0.13948798700191048,0.07589481803527627,0.6951965332031307,0.6943128182602751,1,9.16,-85.70119044143371,20.30018877773271,85.70119044143371,34.54374114296395,,,,,,,off,5.0,legged_eval-seed1-no-roughness,,n/a,settle,0.0,auto,hold,8.0,0.8,2.0,1.0,0,WALK,first,on,1000,1,deterministic,20.0,1,200,lo,1.0,0.42,0.5,0.05,dead-reckoned-heading-hold,2.649,0.5676
19,balance_beam,6,0,1,1,heading-only,0.04,2.3857055664062727,2.8959106445312557,1.6501017543635723,1.0208158138127643,10.652037467358214,0,roll,6.9,3.06865475337176,0.44473257295242896,0.32276302576065063,0.2008268936820685,0.12984212239583415,0.8959106445312557,0.038650439423586154,1,6.9,-87.9831104109092,31.82921900157843,87.9831104109092,31.82921900157843,,,,,,,off,5.0,legged_eval-seed1-no-roughness,,n/a,settle,0.0,auto,hold,8.0,0.8,2.0,1.0,0,WALK,first,on,1000,1,deterministic,20.0,1,200,lo,1.0,0.42,0.5,0.05,dead-reckoned-heading-hold,2.649,0.5676
19,balance_beam,7,0,1,1,heading-only,0.04,2.2814666748047046,2.448385620117193,1.3576474148183344,0.7843371755595985,11.327411279629791,0,roll,8.22,-4.751612303706139,-0.5780550247817687,0.32282862067222595,0.1558961891489908,0.05454812896802837,0.4483856201171932,-0.06471590803606626,1,8.22,-88.98231975647818,13.763205041944857,88.98231975647818,25.46622695417029,,,,,,,off,5.0,legged_eval-seed1-no-roughness,,n/a,settle,0.0,auto,hold,8.0,0.8,2.0,1.0,0,WALK,first,on,1000,1,deterministic,20.0,1,200,lo,1.0,0.42,0.5,0.05,dead-reckoned-heading-hold,2.649,0.5676
19,balance_beam,8,0,1,1,heading-only,0.04,2.6217163085937614,2.8679565429687557,1.8393782498554367,0.9279648390567244,11.311632578205575,0,roll,7.26,-14.952833339904487,-2.059618917342216,0.3220721185207367,0.22337690201015997,0.11955324283316195,0.8679565429687557,-0.16092591096257394,1,7.26,-92.43250326015942,8.545752782314464,92.43250326015942,20.449660764703573,,,,,,,off,5.0,legged_eval-seed1-no-roughness,,n/a,settle,0.0,auto,hold,8.0,0.8,2.0,1.0,0,WALK,first,on,1000,1,deterministic,20.0,1,200,lo,1.0,0.42,0.5,0.05,dead-reckoned-heading-hold,2.649,0.5676
19,balance_beam,9,0,1,1,heading-only,0.04,2.135626220703159,2.4836791992187557,1.2343388841422103,0.9904986613281214,12.373830632505044,0,roll,5.04,-20.30779264219882,-4.02932393694421,0.32289746403694153,0.2253226628379284,0.09596809508308644,0.4836791992187557,-0.31210783879152304,1,5.04,-88.57323751928686,44.1697248736438,88.57323751928686,44.1697248736438,,,,,,,off,5.0,legged_eval-seed1-no-roughness,,n/a,settle,0.0,auto,hold,8.0,0.8,2.0,1.0,0,WALK,first,on,1000,1,deterministic,20.0,1,200,lo,1.0,0.42,0.5,0.05,dead-reckoned-heading-hold,2.649,0.5676
