task,task_name,level,episode,goals,settle_ok,heading,heading_cap_rad,final_x_m,final_y_m,travelled_m,dist_to_next_goal_m,dist_to_last_goal_m,alive_at_end,end_cause,upright_s,yaw_cum_deg,yaw_rate_deg_s,base_h_max_m,vx_mean_ms,vy_mean_ms,cross_track_m,cross_track_abs_max_m,curvature_rad_m,fell,episode_s,end_roll_deg,end_pitch_deg,peak_roll_deg,peak_pitch_deg,switches,refused_ticks,steps_alive,frac_WALK,frac_TROT,frac_TURN,yaw_moment,yaw_moment_gain,terrain,planner_set,perception,turn_target,swing_lift_mm,foot_yaw_turn,roll_couple,roll_gain,roll_damp,roll_cap_nm,roll_sign,partial,skill,start_phase,foot_comp,steps,terrain_seed,measurement_seed,episode_length_s,episodes,num_envs,rate,gutter,spawn_z,settle_s,foot_clip_rad,steering,cross_track,cross_track_gain,cross_track_cap,cmd_mean_feet_down,cmd_frac_below_3_feet
0,jump_on_and_off_box,0,0,1,1,heading-only,0.04,1.6872488260269165,1.4550691843032837,0.8770749926723846,0.9465764414748482,16.421794989971428,0,roll,5.62,1.4299458841001638,0.25443876941284055,0.32541847229003906,0.12228626797631965,-0.09696277859372177,-0.5442785024642944,0.4136134713976886,0.03631474199406144,1,5.62,90.58693486747725,-5.326104159582794,90.58693486747725,15.459282596924474,,,,,,,off,5.0,legged_eval-seed1,,n/a,settle,0.0,auto,hold,8.0,0.8,2.0,1.0,0,WALK,first,on,1000,1,deterministic,20.0,1,200,lo,1.0,0.42,0.5,0.05,dead-reckoned-heading-hold,off,,,2.649,0.5676
0,jump_on_and_off_box,1,0,1,1,heading-only,0.04,1.408506011962892,1.4449238777160645,0.6891927621062173,1.2200433067670462,16.50083281107332,0,roll,11.02,-37.47871647421212,-3.4009724568250563,0.3319891691207886,0.037069511067413075,-0.05036988405480359,-0.5522385835647583,0.23827195756397793,-1.6012665242142428,1,11.02,89.60614873654401,1.4840740419019602,89.60614873654401,17.558454633158277,,,,,,,off,5.0,legged_eval-seed1,,n/a,settle,0.0,auto,hold,8.0,0.8,2.0,1.0,0,WALK,first,on,1000,1,deterministic,20.0,1,200,lo,1.0,0.42,0.5,0.05,dead-reckoned-heading-hold,off,,,2.649,0.5676
0,jump_on_and_off_box,2,0,1,1,heading-only,0.04,1.465113830566409,2.649095058441162,0.798533199232752,1.194666529462884,15.848184261732063,0,roll,6.0,26.686365472333563,4.447727578722261,0.329464316368103,0.07751897176106819,0.10818250974019368,0.6381781101226807,0.13925922884960695,1.0013998988496007,1,6.0,-89.6054747445666,7.162505405044579,89.6054747445666,14.370992714562215,,,,,,,off,5.0,legged_eval-seed1,,n/a,settle,0.0,auto,hold,8.0,0.8,2.0,1.0,0,WALK,first,on,1000,1,deterministic,20.0,1,200,lo,1.0,0.42,0.5,0.05,dead-reckoned-heading-hold,off,,,2.649,0.5676
0,jump_on_and_off_box,3,0,1,1,heading-only,0.04,1.4136550903320426,1.4260661602020264,0.7074677280433761,1.2700920686393575,15.696840977646772,0,roll,5.08,-5.402870458917846,-1.063557176952332,0.33031296730041504,0.08142816738819736,-0.11297910232243576,-0.5657553672790527,0.29923188940124595,-0.22796257261372066,1,5.08,88.71151095055178,0.41045671864159106,88.71151095055178,14.879260828539444,,,,,,,off,5.0,legged_eval-seed1,,n/a,settle,0.0,auto,hold,8.0,0.8,2.0,1.0,0,WALK,first,on,1000,1,deterministic,20.0,1,200,lo,1.0,0.42,0.5,0.05,dead-reckoned-heading-hold,off,,,2.649,0.5676
0,jump_on_and_off_box,4,0,1,1,heading-only,0.04,1.4195770263671932,2.6337552070617676,0.7600595657795777,1.3915756482658466,15.99298483956917,0,roll,5.14,5.707680118226335,1.1104436027677695,0.33039289712905884,0.0816297716667691,0.1232986784166863,0.6151866912841797,0.33531072982734816,0.23742436895600702,1,5.14,-86.75254276311908,-4.319871312580537,86.75254276311908,16.138208919410385,,,,,,,off,5.0,legged_eval-seed1,,n/a,settle,0.0,auto,hold,8.0,0.8,2.0,1.0,0,WALK,first,on,1000,1,deterministic,20.0,1,200,lo,1.0,0.42,0.5,0.05,dead-reckoned-heading-hold,off,,,2.649,0.5676
0,jump_on_and_off_box,5,0,0,1,heading-only,0.04,0.9164886474609375,1.3390836715698242,0.6661715538722196,0.8816438576475141,15.947212747520384,0,roll,2.0,-9.097971761508006,-4.548985880754003,0.30886390805244446,-0.04175567626953125,-0.3304581642150879,-0.659051775932312,0.4148621218227649,1.9014128937441062,1,2.0,86.67168585340998,1.9260434638234165,86.67168585340998,13.397434297056211,,,,,,,off,5.0,legged_eval-seed1,,n/a,settle,0.0,auto,hold,8.0,0.8,2.0,1.0,0,WALK,first,on,1000,1,deterministic,20.0,1,200,lo,1.0,0.42,0.5,0.05,dead-reckoned-heading-hold,off,,,2.649,0.5676
0,jump_on_and_off_box,6,0,1,1,heading-only,0.04,1.6476379394531477,2.111971616744995,0.6572461818646094,0.9430409227425424,14.5527928310754,1,timeout,20.0,12.770829832452762,0.6385414916226381,0.3281972408294678,0.032381896972657385,0.005598580837249756,0.11278712749481201,0.06522113333072897,0.3441630195050383,0,20.0,2.617454735232705,-1.9130868192437718,7.212698478420164,5.104145000780579,,,,,,,off,5.0,legged_eval-seed1,,n/a,settle,0.0,auto,hold,8.0,0.8,2.0,1.0,0,WALK,first,on,1000,1,deterministic,20.0,1,200,lo,1.0,0.42,0.5,0.05,dead-reckoned-heading-hold,off,,,2.649,0.5676
0,jump_on_and_off_box,7,0,1,1,heading-only,0.04,1.3579132080078296,1.377726435661316,0.7178622802050727,1.3173563253023626,15.104910066792844,0,roll,4.76,-28.269533894212543,-5.938977708868181,0.32063037157058716,0.07519185042181294,-0.13072974040728658,-0.6572850942611694,0.2148420764957822,-1.3785365653433777,1,4.76,90.90160266268717,5.2247493675998795,90.90160266268717,17.251341736257565,,,,,,,off,5.0,legged_eval-seed1,,n/a,settle,0.0,auto,hold,8.0,0.8,2.0,1.0,0,WALK,first,on,1000,1,deterministic,20.0,1,200,lo,1.0,0.42,0.5,0.05,dead-reckoned-heading-hold,off,,,2.649,0.5676
0,jump_on_and_off_box,8,0,0,1,heading-only,0.04,1.1659362792968864,2.5476083755493164,0.5721973276402603,0.6414620039111975,15.094000571856476,0,roll,2.0,-13.886378162194063,-6.943189081097032,0.32730114459991455,0.08296813964844318,0.2738041877746582,0.5681606531143188,0.4114819989447311,-1.460578850714735,1,2.0,-88.13422994052769,-13.244181880129394,88.13422994052769,14.311527951840949,,,,,,,off,5.0,legged_eval-seed1,,n/a,settle,0.0,auto,hold,8.0,0.8,2.0,1.0,0,WALK,first,on,1000,1,deterministic,20.0,1,200,lo,1.0,0.42,0.5,0.05,dead-reckoned-heading-hold,off,,,2.649,0.5676
0,jump_on_and_off_box,9,0,1,1,heading-only,0.04,1.117834472656284,2.761237621307373,0.7703036278246987,1.4925972167594372,14.302438074207428,0,roll,14.0,62.27268442271264,4.4480488873366175,0.3313009738922119,0.008416748046877436,0.0543741158076695,0.7651455402374268,0.33617087796895895,9.22364527740565,1,14.0,-88.95332972753617,6.497026055814177,88.95332972753617,17.320051313684022,,,,,,,off,5.0,legged_eval-seed1,,n/a,settle,0.0,auto,hold,8.0,0.8,2.0,1.0,0,WALK,first,on,1000,1,deterministic,20.0,1,200,lo,1.0,0.42,0.5,0.05,dead-reckoned-heading-hold,off,,,2.649,0.5676
1,forward_ramp_lips,0,0,1,1,heading-only,0.04,1.7297978401184082,1.9168020248413082,0.7345248739913441,0.8758000287021291,12.520478586195265,1,timeout,20.0,-2.615067476247475,-0.13075337381237376,0.325420081615448,0.03648989200592041,-0.004159898757934588,-0.08564186096191406,0.10670175864304374,-0.06253997355614509,0,20.0,-1.5378812508072977,-4.8274466590364575,9.775961301018876,7.17001121888202,,,,,,,off,5.0,legged_eval-seed1,,n/a,settle,0.0,auto,hold,8.0,0.8,2.0,1.0,0,WALK,first,on,1000,1,deterministic,20.0,1,200,lo,1.0,0.42,0.5,0.05,dead-reckoned-heading-hold,off,,,2.649,0.5676
1,forward_ramp_lips,1,0,1,1,heading-only,0.04,1.3761459350585952,2.625508880615234,0.7298952830301262,1.3179935308433715,12.18991321356387,0,roll,5.82,4.42247742405138,0.759875846056938,0.3317350745201111,0.06462988574889951,0.10747575268302989,0.5997962951660156,0.3625094862149149,0.20520437668106145,1,5.82,-88.326272714513,-2.261439550243641,88.326272714513,12.005618378592864,,,,,,,off,5.0,legged_eval-seed1,,n/a,settle,0.0,auto,hold,8.0,0.8,2.0,1.0,0,WALK,first,on,1000,1,deterministic,20.0,1,200,lo,1.0,0.42,0.5,0.05,dead-reckoned-heading-hold,off,,,2.649,0.5676
1,forward_ramp_lips,2,0,1,1,heading-only,0.04,1.1292297363281278,1.4763160705566403,0.5393933469265961,1.4093311050332287,12.231985558175097,0,roll,18.38,-81.43465335837504,-4.430612261065019,0.3235326409339905,0.0070309976239460205,-0.028492052744470062,-0.5222692489624023,0.5533394087346806,-10.998264538086385,1,18.38,86.77130942714662,1.9354197815145284,86.77130942714662,17.76872449070904,,,,,,,off,5.0,legged_eval-seed1,,n/a,settle,0.0,auto,hold,8.0,0.8,2.0,1.0,0,WALK,first,on,1000,1,deterministic,20.0,1,200,lo,1.0,0.42,0.5,0.05,dead-reckoned-heading-hold,off,,,2.649,0.5676
1,forward_ramp_lips,3,0,1,1,heading-only,0.04,1.5343368530273551,1.441656684875488,0.7728280080635066,1.2431873495993409,12.777867695336326,0,roll,14.16,-27.723199983790124,-1.9578531061998674,0.33567294478416443,0.037735653462383834,-0.03943102507941469,-0.5203580856323242,0.20184753220292104,-0.905535742415291,1,14.16,90.50141579906656,1.9698180655217903,90.50141579906656,16.721618813269668,,,,,,,off,5.0,legged_eval-seed1,,n/a,settle,0.0,auto,hold,8.0,0.8,2.0,1.0,0,WALK,first,on,1000,1,deterministic,20.0,1,200,lo,1.0,0.42,0.5,0.05,dead-reckoned-heading-hold,off,,,2.649,0.5676
1,forward_ramp_lips,4,0,1,1,heading-only,0.04,1.3125671386718807,1.4845701217651364,0.602798619403473,1.167331125750573,12.148372089404598,0,roll,9.52,-49.87941324574166,-5.239434164468662,0.3321109116077423,0.03283268263360092,-0.054141793932233576,-0.5470857620239258,0.3286486004086516,-2.7851935868886692,1,9.52,89.17607832738057,1.411373861278737,89.17607832738057,18.5145098571564,,,,,,,off,5.0,legged_eval-seed1,,n/a,settle,0.0,auto,hold,8.0,0.8,2.0,1.0,0,WALK,first,on,1000,1,deterministic,20.0,1,200,lo,1.0,0.42,0.5,0.05,dead-reckoned-heading-hold,off,,,2.649,0.5676
1,forward_ramp_lips,5,0,1,1,heading-only,0.04,1.6122283935546875,1.4730955123901364,0.8077449751858357,1.045798439655042,12.349017635094352,1,timeout,20.0,-43.64949296372163,-2.1824746481860813,0.33422812819480896,0.030611419677734376,-0.026345224380493183,-0.4888877868652344,0.2548764702647411,-1.2443515803306004,0,20.0,22.516422741499326,0.7088260451200719,23.611061117937183,11.784968340929677,,,,,,,off,5.0,legged_eval-seed1,,n/a,settle,0.0,auto,hold,8.0,0.8,2.0,1.0,0,WALK,first,on,1000,1,deterministic,20.0,1,200,lo,1.0,0.42,0.5,0.05,dead-reckoned-heading-hold,off,,,2.649,0.5676
1,forward_ramp_lips,6,0,1,1,heading-only,0.04,1.6869445800781477,1.857818222045898,0.7015044647619374,0.7728159871192598,11.963900310438229,1,timeout,20.0,-37.198640213841,-1.85993201069205,0.320902943611145,0.03434722900390739,-0.0071090888977050955,-0.15237045288085938,0.3627829656697399,-0.945110810718435,0,20.0,1.828189256676684,-5.706053209685424,11.368216363850902,9.349741751936115,,,,,,,off,5.0,legged_eval-seed1,,n/a,settle,0.0,auto,hold,8.0,0.8,2.0,1.0,0,WALK,first,on,1000,1,deterministic,20.0,1,200,lo,1.0,0.42,0.5,0.05,dead-reckoned-heading-hold,off,,,2.649,0.5676
1,forward_ramp_lips,7,0,1,1,heading-only,0.04,1.1643707275390796,2.551963424682617,0.5759178398513881,1.489224678350324,12.198123806063114,0,roll,11.68,48.1717064431964,4.124289935205171,0.341410368680954,0.014072836261907496,0.047257142524196646,0.5166015625,0.47612692353352026,5.114991557958836,1,11.68,-87.96859706661995,0.5295754289317012,87.96859706661995,13.951147477290938,,,,,,,off,5.0,legged_eval-seed1,,n/a,settle,0.0,auto,hold,8.0,0.8,2.0,1.0,0,WALK,first,on,1000,1,deterministic,20.0,1,200,lo,1.0,0.42,0.5,0.05,dead-reckoned-heading-hold,off,,,2.649,0.5676
1,forward_ramp_lips,8,0,1,1,heading-only,0.04,1.6588562011718864,2.0024486541748043,0.6588607513958599,0.7944379074226576,12.291144042739788,1,timeout,20.0,9.742714238536138,0.4871357119268069,0.33763131499290466,0.03294281005859432,0.00012243270874021662,0.007258415222167969,0.207727304579556,0.2580873356597977,0,20.0,0.6589380606964126,-6.788541818347968,10.359102169309576,8.583643389934482,,,,,,,off,5.0,legged_eval-seed1,,n/a,settle,0.0,auto,hold,8.0,0.8,2.0,1.0,0,WALK,first,on,1000,1,deterministic,20.0,1,200,lo,1.0,0.42,0.5,0.05,dead-reckoned-heading-hold,off,,,2.649,0.5676
1,forward_ramp_lips,9,0,1,1,heading-only,0.04,1.426306152343784,2.9258142471313473,1.0192492117816647,1.4331846258687533,12.059284628963571,0,roll,18.46,22.137812194850767,1.1992314298402365,0.3370731770992279,0.023093507710930883,0.050152451090538855,0.896514892578125,0.41332120185789933,0.9063385781885539,1,18.46,-86.6569647484373,-3.290792725880689,86.6569647484373,13.312673881556693,,,,,,,off,5.0,legged_eval-seed1,,n/a,settle,0.0,auto,hold,8.0,0.8,2.0,1.0,0,WALK,first,on,1000,1,deterministic,20.0,1,200,lo,1.0,0.42,0.5,0.05,dead-reckoned-heading-hold,off,,,2.649,0.5676
2,sphere_bump_lips,0,0,0,1,heading-only,0.04,0.6865679025650024,2.633238983154296,0.7065630116902447,1.0308556576571652,15.676227118817309,0,roll,1.3,-13.392383789902425,-10.301833684540327,0.3142950236797333,-0.24110161341153657,0.48710691011868934,0.6395988464355469,0.4988215840507662,0.7457474640834743,1,1.3,-93.30233758080371,-1.5520780224320683,93.30233758080371,9.992946202442663,,,,,,,off,5.0,legged_eval-seed1,,n/a,settle,0.0,auto,hold,8.0,0.8,2.0,1.0,0,WALK,first,on,1000,1,deterministic,20.0,1,200,lo,1.0,0.42,0.5,0.05,dead-reckoned-heading-hold,off,,,2.649,0.5676
2,sphere_bump_lips,1,0,0,1,heading-only,0.04,0.8869796752929702,1.5407287597656243,0.47297321901277256,0.7659791058575515,15.119997136478373,0,roll,8.08,-31.71411615201791,-3.925014375249741,0.31679219007492065,-0.01398766394888983,-0.056840500029006896,-0.44033050537109375,0.3524023204092004,4.89748855037751,1,8.08,86.44245467785979,1.8122173752968433,86.44245467785979,14.56842245758886,,,,,,,off,5.0,legged_eval-seed1,,n/a,settle,0.0,auto,hold,8.0,0.8,2.0,1.0,0,WALK,first,on,1000,1,deterministic,20.0,1,200,lo,1.0,0.42,0.5,0.05,dead-reckoned-heading-hold,off,,,2.649,0.5676
2,sphere_bump_lips,2,0,1,1,heading-only,0.04,4.41641540527344,2.2471782684326165,3.4253454304310726,1.513679254022864,11.336279674664372,1,timeout,20.0,-18.978627100840384,-0.9489313550420192,0.33491086959838867,0.170820770263672,0.012358913421630823,0.23137283325195312,1.582358552251276,-0.09695528532818425,0,20.0,7.849199649536923,-3.7163505996295396,10.87762825711282,7.101981440728551,,,,,,,off,5.0,legged_eval-seed1,,n/a,settle,0.0,auto,hold,8.0,0.8,2.0,1.0,0,WALK,first,on,1000,1,deterministic,20.0,1,200,lo,1.0,0.42,0.5,0.05,dead-reckoned-heading-hold,off,,,2.649,0.5676
2,sphere_bump_lips,3,0,1,1,heading-only,0.04,1.9040344238281364,1.4035675048828118,1.0830558437578302,1.1662143281298931,13.609041541184377,0,roll,8.74,-29.286210793084337,-3.3508250335336767,0.33364278078079224,0.10343643293228105,-0.06824170424681787,-0.5989131927490234,0.36221317853281676,-0.5653997129976469,1,8.74,86.6641949610086,3.46519561864589,86.6641949610086,13.863276543297372,,,,,,,off,5.0,legged_eval-seed1,,n/a,settle,0.0,auto,hold,8.0,0.8,2.0,1.0,0,WALK,first,on,1000,1,deterministic,20.0,1,200,lo,1.0,0.42,0.5,0.05,dead-reckoned-heading-hold,off,,,2.649,0.5676
2,sphere_bump_lips,4,0,1,1,heading-only,0.04,1.4984191894531307,1.3665344238281243,0.8060399026164166,2.1618297106055073,13.366599746261501,0,roll,7.28,-30.278972163839995,-4.159199473054945,0.3306516110897064,0.06846417437543004,-0.0870145022214115,-0.6428947448730469,0.2234391715793258,-1.0602877448570123,1,7.28,88.0802574837684,-0.343903788890658,88.0802574837684,14.360994819414438,,,,,,,off,5.0,legged_eval-seed1,,n/a,settle,0.0,auto,hold,8.0,0.8,2.0,1.0,0,WALK,first,on,1000,1,deterministic,20.0,1,200,lo,1.0,0.42,0.5,0.05,dead-reckoned-heading-hold,off,,,2.649,0.5676
2,sphere_bump_lips,5,0,1,1,heading-only,0.04,4.192230224609375,2.0385601043701165,3.1924631068437823,1.1504806220459347,10.357841551290733,1,timeout,20.0,-2.035996205373891,-0.10179981026869456,0.3297490179538727,0.15961151123046874,0.0019280052185058239,0.0429229736328125,1.4932794972196886,-0.011131664961988566,0,20.0,2.917172006052738,-3.062746947818129,19.96653447204985,9.902078441837997,,,,,,,off,5.0,legged_eval-seed1,,n/a,settle,0.0,auto,hold,8.0,0.8,2.0,1.0,0,WALK,first,on,1000,1,deterministic,20.0,1,200,lo,1.0,0.42,0.5,0.05,dead-reckoned-heading-hold,off,,,2.649,0.5676
2,sphere_bump_lips,6,0,1,1,heading-only,0.04,1.2027526855468977,2.708159637451171,0.7366130080384499,1.4582926685616817,12.96659951929295,0,roll,11.200000000000001,4.754824624145755,0.42453791287015663,0.3337867259979248,0.018102918352401583,0.06322853905814027,0.6800346374511719,0.4154390676743291,0.4093033087201693,1,11.200000000000001,-86.3379918596043,-0.2501390693658308,86.3379918596043,17.454764781776447,,,,,,,off,5.0,legged_eval-seed1,,n/a,settle,0.0,auto,hold,8.0,0.8,2.0,1.0,0,WALK,first,on,1000,1,deterministic,20.0,1,200,lo,1.0,0.42,0.5,0.05,dead-reckoned-heading-hold,off,,,2.649,0.5676
2,sphere_bump_lips,7,0,1,1,heading-only,0.04,1.2629425048828296,1.2126228332519524,0.8301214149690631,2.3954767361016898,12.412056887964008,0,roll,6.22,-26.468220229554618,-4.255340872918749,0.3349791169166565,0.04227371461138739,-0.12658796893055427,-0.8016529083251953,0.41487267006296974,-1.7568768136385993,1,6.22,90.65660774962528,7.139871356711423,90.65660774962528,9.138419765764182,,,,,,,off,5.0,legged_eval-seed1,,n/a,settle,0.0,auto,hold,8.0,0.8,2.0,1.0,0,WALK,first,on,1000,1,deterministic,20.0,1,200,lo,1.0,0.42,0.5,0.05,dead-reckoned-heading-hold,off,,,2.649,0.5676
2,sphere_bump_lips,8,0,1,1,heading-only,0.04,4.119488525390636,0.8861629486083977,3.3123770372795103,2.2909263207524093,9.396758874998843,1,timeout,20.0,-35.73999482071699,-1.7869997410358494,0.3282283842563629,0.1559744262695318,-0.05569185256958011,-1.1117706298828125,1.069752462367214,-0.19996245512367106,0,20.0,2.2285081366435526,-1.0538726247745918,18.138579576184576,14.394270744075593,,,,,,,off,5.0,legged_eval-seed1,,n/a,settle,0.0,auto,hold,8.0,0.8,2.0,1.0,0,WALK,first,on,1000,1,deterministic,20.0,1,200,lo,1.0,0.42,0.5,0.05,dead-reckoned-heading-hold,off,,,2.649,0.5676
2,sphere_bump_lips,9,0,1,1,heading-only,0.04,3.339819335937534,2.272898864746093,2.3556800112084133,0.5782512381361276,9.813975670029164,1,timeout,20.0,41.480298934484665,2.0740149467242333,0.34035947918891907,0.1169909667968767,0.013644943237304651,0.2702674865722656,1.443122084223449,0.30941183363978353,0,20.0,17.24394111041571,-6.9095002036009365,17.24394111041571,8.682305255064906,,,,,,,off,5.0,legged_eval-seed1,,n/a,settle,0.0,auto,hold,8.0,0.8,2.0,1.0,0,WALK,first,on,1000,1,deterministic,20.0,1,200,lo,1.0,0.42,0.5,0.05,dead-reckoned-heading-hold,off,,,2.649,0.5676
3,forward_ramp_no_lips,0,0,1,1,heading-only,0.04,1.310084342956543,2.6794822692871065,0.7468925317757213,1.2893913265635006,9.414468237806394,0,roll,4.26,10.13892095222647,2.380028392541425,0.3387853801250458,0.0727897518677331,0.15950288011434427,0.6866188049316406,0.41856783662650066,0.5706755508148649,1,4.26,-92.69103966421241,-8.429037537291856,92.69103966421241,13.349108824871404,,,,,,,off,5.0,legged_eval-seed1,,n/a,settle,0.0,auto,hold,8.0,0.8,2.0,1.0,0,WALK,first,on,1000,1,deterministic,20.0,1,200,lo,1.0,0.42,0.5,0.05,dead-reckoned-heading-hold,off,,,2.649,0.5676
3,forward_ramp_no_lips,1,0,1,1,heading-only,0.04,1.3421150207519545,1.5782459259033175,0.5430646245533401,1.214410053511737,9.517234539383159,0,roll,9.200000000000001,-68.80531472325717,-7.478838556875778,0.3370945453643799,0.03718641529912549,-0.04584283414094375,-0.42041778564453125,0.5668427319634856,-3.510162407228674,1,9.200000000000001,89.89280665831248,4.637388840733931,89.89280665831248,17.318152703653414,,,,,,,off,5.0,legged_eval-seed1,,n/a,settle,0.0,auto,hold,8.0,0.8,2.0,1.0,0,WALK,first,on,1000,1,deterministic,20.0,1,200,lo,1.0,0.42,0.5,0.05,dead-reckoned-heading-hold,off,,,2.649,0.5676
3,forward_ramp_no_lips,2,0,1,1,heading-only,0.04,1.6951705932617216,2.6169841766357393,0.9294792240576091,0.986760764371999,8.976059223178266,0,roll,8.32,8.804843608012646,1.0582744721169046,0.3404603600502014,0.08355415784395692,0.0741567519994879,0.6102333068847656,0.20138918055338426,0.22105870497479718,1,8.32,-88.32567002535009,0.6647256870620073,88.32567002535009,19.581702331339844,,,,,,,off,5.0,legged_eval-seed1,,n/a,settle,0.0,auto,hold,8.0,0.8,2.0,1.0,0,WALK,first,on,1000,1,deterministic,20.0,1,200,lo,1.0,0.42,0.5,0.05,dead-reckoned-heading-hold,off,,,2.649,0.5676
3,forward_ramp_no_lips,3,0,1,1,heading-only,0.04,1.8729217529296989,1.465336608886716,1.0236490260507332,0.7274641149090685,9.092811140963704,0,roll,5.14,25.529543901529166,4.966837334927853,0.3289884030818939,0.16982913481122547,-0.10402011500258446,-0.5427913665771484,0.6427781192851827,0.5104404789074004,1,5.14,86.20071133864828,11.60138925910349,86.20071133864828,22.5943380488677,,,,,,,off,5.0,legged_eval-seed1,,n/a,settle,0.0,auto,hold,8.0,0.8,2.0,1.0,0,WALK,first,on,1000,1,deterministic,20.0,1,200,lo,1.0,0.42,0.5,0.05,dead-reckoned-heading-hold,off,,,2.649,0.5676
3,forward_ramp_no_lips,4,0,1,1,heading-only,0.04,1.3541473388671932,2.4945037841796847,0.6082387115226576,1.0909962365979688,8.909586329406752,0,roll,5.28,3.8763873921878655,0.7341642788234594,0.3259750008583069,0.0670733596339381,0.09365601973100088,0.5028285980224609,0.2685847488797381,0.19103834944202747,1,5.28,-87.4653026734345,9.11146228146287,87.4653026734345,14.080249005452595,,,,,,,off,5.0,legged_eval-seed1,,n/a,settle,0.0,auto,hold,8.0,0.8,2.0,1.0,0,WALK,first,on,1000,1,deterministic,20.0,1,200,lo,1.0,0.42,0.5,0.05,dead-reckoned-heading-hold,off,,,2.649,0.5676
3,forward_ramp_no_lips,5,0,1,1,heading-only,0.04,1.60186767578125,2.780438232421872,0.9855600102358557,1.0121194078645936,9.181362037085878,0,roll,6.4,17.827853191008074,2.7856020610950116,0.33324578404426575,0.09404182434082031,0.12194347381591752,0.7752742767333984,0.37074966188508074,0.5169819700673844,1,6.4,-89.3662033424215,-1.019053799167729,89.3662033424215,17.941911183008273,,,,,,,off,5.0,legged_eval-seed1,,n/a,settle,0.0,auto,hold,8.0,0.8,2.0,1.0,0,WALK,first,on,1000,1,deterministic,20.0,1,200,lo,1.0,0.42,0.5,0.05,dead-reckoned-heading-hold,off,,,2.649,0.5676
3,forward_ramp_no_lips,6,0,1,1,heading-only,0.04,1.4840637207031477,2.720890808105466,0.8683324495329693,1.249502904527161,9.54320317445086,0,roll,9.86,52.374791010624676,5.311844930083639,0.3414685130119324,0.04909368364129288,0.07311265802286673,0.7193565368652344,0.45038720981729397,1.8884136717610136,1,9.86,-86.36403506018002,-1.231718333690477,86.36403506018002,17.97605623122116,,,,,,,off,5.0,legged_eval-seed1,,n/a,settle,0.0,auto,hold,8.0,0.8,2.0,1.0,0,WALK,first,on,1000,1,deterministic,20.0,1,200,lo,1.0,0.42,0.5,0.05,dead-reckoned-heading-hold,off,,,2.649,0.5676
3,forward_ramp_no_lips,7,0,1,1,heading-only,0.04,1.596148681640642,2.7416694641113253,0.9515602159700961,1.0749229015751707,10.03130673411173,0,roll,10.14,17.525747892463187,1.728377504187691,0.3335737884044647,0.05879178319927436,0.07314294517863168,0.7328014373779297,0.6497323970709098,0.5130968397952864,1,10.14,-90.58630233858356,-6.0341845593571835,90.58630233858356,11.924775509969852,,,,,,,off,5.0,legged_eval-seed1,,n/a,settle,0.0,auto,hold,8.0,0.8,2.0,1.0,0,WALK,first,on,1000,1,deterministic,20.0,1,200,lo,1.0,0.42,0.5,0.05,dead-reckoned-heading-hold,off,,,2.649,0.5676
3,forward_ramp_no_lips,8,0,1,1,heading-only,0.04,1.3919494628906364,2.634829330444333,0.7460781864206046,1.1463633125172206,10.127965932977327,0,roll,9.46,47.52188162068717,5.023454716774542,0.33823999762535095,0.04143228994615606,0.06710669455014091,0.6220207214355469,0.3247841781240998,2.1161230708342544,1,9.46,-89.49146589532072,3.055754475275488,89.49146589532072,9.949751230336512,,,,,,,off,5.0,legged_eval-seed1,,n/a,settle,0.0,auto,hold,8.0,0.8,2.0,1.0,0,WALK,first,on,1000,1,deterministic,20.0,1,200,lo,1.0,0.42,0.5,0.05,dead-reckoned-heading-hold,off,,,2.649,0.5676
3,forward_ramp_no_lips,9,0,1,1,heading-only,0.04,1.546362304687534,2.5149429321289034,0.7507849168257087,0.9855155596712736,9.617433296164606,0,roll,10.42,15.640616763744276,1.5010188832768019,0.3378760814666748,0.052434002369245114,0.049418707497975375,0.5026721954345703,0.500665133815446,0.4996323085028272,1,10.42,-86.53150872753014,1.973991006756795,86.53150872753014,22.17167677765409,,,,,,,off,5.0,legged_eval-seed1,,n/a,settle,0.0,auto,hold,8.0,0.8,2.0,1.0,0,WALK,first,on,1000,1,deterministic,20.0,1,200,lo,1.0,0.42,0.5,0.05,dead-reckoned-heading-hold,off,,,2.649,0.5676
4,flush_a_frame,0,0,1,1,heading-only,0.04,1.8969306945800781,2.468435668945311,1.0118876651190796,0.811857549567648,12.212056847592143,0,roll,8.2,-38.32397773524235,-4.673655821371019,0.3474667966365814,0.10938179202196076,0.0571263010908916,0.4569664001464844,0.734989177663915,-0.7457427847913405,1,8.2,-91.93830027848024,-3.670628463931471,91.93830027848024,20.306941719775686,,,,,,,off,5.0,legged_eval-seed1,,n/a,settle,0.0,auto,hold,8.0,0.8,2.0,1.0,0,WALK,first,on,1000,1,deterministic,20.0,1,200,lo,1.0,0.42,0.5,0.05,dead-reckoned-heading-hold,off,,,2.649,0.5676
4,flush_a_frame,1,0,1,1,heading-only,0.04,1.5874267578125014,1.5708564758300767,0.7274849552609928,1.2976131998613978,12.719814566349568,0,roll,6.78,-25.849187384118494,-3.812564510931931,0.3253651559352875,0.08664111472160788,-0.0632955050398117,-0.4720573425292969,0.1702462867796124,-0.7680164766376711,1,6.78,90.79524134270795,3.309927599289423,90.79524134270795,13.516929884928853,,,,,,,off,5.0,legged_eval-seed1,,n/a,settle,0.0,auto,hold,8.0,0.8,2.0,1.0,0,WALK,first,on,1000,1,deterministic,20.0,1,200,lo,1.0,0.42,0.5,0.05,dead-reckoned-heading-hold,off,,,2.649,0.5676
4,flush_a_frame,2,0,1,1,heading-only,0.04,1.5681030273437528,2.564310455322264,0.800741743424906,1.2726094032555688,11.74546094740461,0,roll,6.32,17.58108787720093,2.7818177020887545,0.336505651473999,0.08988971951641658,0.08928962900668737,0.5560760498046875,0.2899403237192508,0.5401271508344674,1,6.32,-90.50649066696491,-2.2193063986670154,90.50649066696491,22.0502156130681,,,,,,,off,5.0,legged_eval-seed1,,n/a,settle,0.0,auto,hold,8.0,0.8,2.0,1.0,0,WALK,first,on,1000,1,deterministic,20.0,1,200,lo,1.0,0.42,0.5,0.05,dead-reckoned-heading-hold,off,,,2.649,0.5676
4,flush_a_frame,3,0,1,1,heading-only,0.04,1.5789001464843864,2.739351654052733,0.9390240933810783,1.1642412258850061,13.141913948671178,0,roll,5.7,14.916416770588626,2.616915222910285,0.32940903306007385,0.10156142920778707,0.12971081650047947,0.7358932495117188,0.36035755856511675,0.44971587384715384,1,5.7,-92.83223100234416,-11.316751896654354,92.83223100234416,19.73146844075395,,,,,,,off,5.0,legged_eval-seed1,,n/a,settle,0.0,auto,hold,8.0,0.8,2.0,1.0,0,WALK,first,on,1000,1,deterministic,20.0,1,200,lo,1.0,0.42,0.5,0.05,dead-reckoned-heading-hold,off,,,2.649,0.5676
4,flush_a_frame,4,0,1,1,heading-only,0.04,1.3152069091796932,2.6213554382324205,0.6967337914983158,1.340680962342053,12.899766492997903,0,roll,5.42,25.32782413712522,4.673030283602439,0.3327721655368805,0.05815625630621646,0.11464122476612924,0.6236953735351562,0.27042811631100105,1.402424600112178,1,5.42,-88.94397441570752,6.886227830581632,88.94397441570752,16.186331698170758,,,,,,,off,5.0,legged_eval-seed1,,n/a,settle,0.0,auto,hold,8.0,0.8,2.0,1.0,0,WALK,first,on,1000,1,deterministic,20.0,1,200,lo,1.0,0.42,0.5,0.05,dead-reckoned-heading-hold,off,,,2.649,0.5676
4,flush_a_frame,5,0,1,1,heading-only,0.04,1.5877685546875,2.5998100280761705,0.8397880349589228,1.4103538927843644,13.325737432628179,0,roll,6.74,20.49666057384897,3.0410475628856037,0.3455541133880615,0.08720601701594956,0.0889925857679778,0.5986137390136719,0.1520942317464315,0.6086310841647051,1,6.74,-86.05045363692513,7.881159104100376,86.05045363692513,11.380515539965007,,,,,,,off,5.0,legged_eval-seed1,,n/a,settle,0.0,auto,hold,8.0,0.8,2.0,1.0,0,WALK,first,on,1000,1,deterministic,20.0,1,200,lo,1.0,0.42,0.5,0.05,dead-reckoned-heading-hold,off,,,2.649,0.5676
4,flush_a_frame,6,0,1,1,heading-only,0.04,1.5035034179687727,2.5642646789550767,0.7562475254984392,1.4476766244794368,13.708114868555379,0,roll,7.92,37.64931127394931,4.753700918427943,0.327737957239151,0.06357366388494605,0.07124554027210564,0.5571937561035156,0.15267353082918103,1.3050645127485307,1,7.92,-86.86167099252447,-3.9577384996240923,86.86167099252447,18.6207064060448,,,,,,,off,5.0,legged_eval-seed1,,n/a,settle,0.0,auto,hold,8.0,0.8,2.0,1.0,0,WALK,first,on,1000,1,deterministic,20.0,1,200,lo,1.0,0.42,0.5,0.05,dead-reckoned-heading-hold,off,,,2.649,0.5676
4,flush_a_frame,7,0,1,1,heading-only,0.04,1.5414154052734546,1.3835243225097642,0.8204711463570576,1.2334706227280192,12.17420312004277,0,roll,8.66,-12.142075169628185,-1.4020872020355872,0.33297061920166016,0.0625190999161033,-0.07118656783951914,-0.5852279663085938,0.37275976533848654,-0.3914169927019828,1,8.66,91.78990336032109,2.5533105042863475,91.78990336032109,14.707348708884984,,,,,,,off,5.0,legged_eval-seed1,,n/a,settle,0.0,auto,hold,8.0,0.8,2.0,1.0,0,WALK,first,on,1000,1,deterministic,20.0,1,200,lo,1.0,0.42,0.5,0.05,dead-reckoned-heading-hold,off,,,2.649,0.5676
4,flush_a_frame,8,0,1,1,heading-only,0.04,1.3681762695312614,2.761537933349608,0.8458686596489717,1.3281820849020258,12.455126707078348,0,roll,8.76,32.96564337780771,3.7632012988364965,0.3412889540195465,0.04202925451270107,0.08693355403534338,0.75946044921875,0.20279168049678892,1.5627270538471154,1,8.76,-89.15660384353363,1.957296277272597,89.15660384353363,17.522683749118173,,,,,,,off,5.0,legged_eval-seed1,,n/a,settle,0.0,auto,hold,8.0,0.8,2.0,1.0,0,WALK,first,on,1000,1,deterministic,20.0,1,200,lo,1.0,0.42,0.5,0.05,dead-reckoned-heading-hold,off,,,2.649,0.5676
4,flush_a_frame,9,0,1,1,heading-only,0.04,1.519628906250034,2.739218139648436,0.903580465811375,1.1882083806076675,12.502244042398749,0,roll,7.0600000000000005,21.5746733492916,3.055902740692861,0.3362236022949219,0.07360182808074137,0.10470511893037338,0.7318038940429688,0.2702249998494168,0.7246499962922075,1,7.0600000000000005,-86.55743127433847,-3.2610242395110953,86.55743127433847,21.36114067443956,,,,,,,off,5.0,legged_eval-seed1,,n/a,settle,0.0,auto,hold,8.0,0.8,2.0,1.0,0,WALK,first,on,1000,1,deterministic,20.0,1,200,lo,1.0,0.42,0.5,0.05,dead-reckoned-heading-hold,off,,,2.649,0.5676
5,sphere_bump,0,0,0,1,heading-only,0.04,1.024074912071228,2.044727325439453,0.05079502960137056,0.4780221992344875,14.925992103177013,1,timeout,20.0,2.8480804104812023,0.14240402052406012,0.34067338705062866,0.0012037456035614014,0.0022363662719726562,0.042613983154296875,0.08109024178182889,2.064737780864221,0,20.0,-8.842653113587232,7.9827262786880375,13.37869243735298,8.829116263930777,,,,,,,off,5.0,legged_eval-seed1,,n/a,settle,0.0,auto,hold,8.0,0.8,2.0,1.0,0,WALK,first,on,1000,1,deterministic,20.0,1,200,lo,1.0,0.42,0.5,0.05,dead-reckoned-heading-hold,off,,,2.649,0.5676
5,sphere_bump,1,0,1,1,heading-only,0.04,1.341378784179689,1.3246002197265625,0.7567723154829399,1.8526492206687923,14.224664555547614,0,roll,3.1,5.5476435182210935,1.7895624252326108,0.32184234261512756,0.11012218844506094,-0.2178708968623992,-0.6481285095214844,0.4828640109277338,0.28362818548476426,1,3.1,92.88378252337431,-10.475597527342233,92.88378252337431,12.24754844716704,,,,,,,off,5.0,legged_eval-seed1,,n/a,settle,0.0,auto,hold,8.0,0.8,2.0,1.0,0,WALK,first,on,1000,1,deterministic,20.0,1,200,lo,1.0,0.42,0.5,0.05,dead-reckoned-heading-hold,off,,,2.649,0.5676
5,sphere_bump,2,0,1,1,heading-only,0.04,1.2233612060546903,1.4627761840820312,0.5818072333339191,1.7288405128351818,14.136850181104357,0,roll,2.92,-3.9576278372340994,-1.3553519990527738,0.3211999833583832,0.07649356371735971,-0.1839807588760167,-0.5519676208496094,0.32595042724725093,-0.3092463438409465,1,2.92,89.30627827172819,4.063066440914406,89.30627827172819,13.564445978975359,,,,,,,off,5.0,legged_eval-seed1,,n/a,settle,0.0,auto,hold,8.0,0.8,2.0,1.0,0,WALK,first,on,1000,1,deterministic,20.0,1,200,lo,1.0,0.42,0.5,0.05,dead-reckoned-heading-hold,off,,,2.649,0.5676
5,sphere_bump,3,0,1,1,heading-only,0.04,1.6934020996093864,2.6563491821289062,0.9547778383603117,1.9616641256256218,12.973211761213484,0,roll,7.34,3.3535509103002425,0.4568870450000331,0.3394143283367157,0.09446895090046135,0.089420869499851,0.6453514099121094,0.33274530496087973,0.08441062559655385,1,7.34,-87.13524924774367,1.4376509852603867,87.13524924774367,11.290240613404325,,,,,,,off,5.0,legged_eval-seed1,,n/a,settle,0.0,auto,hold,8.0,0.8,2.0,1.0,0,WALK,first,on,1000,1,deterministic,20.0,1,200,lo,1.0,0.42,0.5,0.05,dead-reckoned-heading-hold,off,,,2.649,0.5676
5,sphere_bump,4,0,1,1,heading-only,0.04,1.9701751708984432,2.7522354125976562,1.2276391889288112,1.1652076156290578,12.602295459433027,0,roll,8.86,16.990755449802407,1.9176924886910167,0.32999491691589355,0.10950058362284912,0.08490241677174451,0.7396087646484375,0.19706259069038773,0.30566090938567636,1,8.86,-86.47938080865603,4.889725940646364,86.47938080865603,20.34605483692485,,,,,,,off,5.0,legged_eval-seed1,,n/a,settle,0.0,auto,hold,8.0,0.8,2.0,1.0,0,WALK,first,on,1000,1,deterministic,20.0,1,200,lo,1.0,0.42,0.5,0.05,dead-reckoned-heading-hold,off,,,2.649,0.5676
5,sphere_bump,5,0,1,1,heading-only,0.04,1.3573455810546875,2.5208663940429688,0.6316626193963336,1.4797231846101315,12.853212607161627,0,roll,4.26,-14.390646064403654,-3.378085930611187,0.3226590156555176,0.08388393921471538,0.12226910658285652,0.5211563110351562,0.45011043623405067,-0.702860672214581,1,4.26,-89.7040488368659,-6.380952619054446,89.7040488368659,11.49604179189057,,,,,,,off,5.0,legged_eval-seed1,,n/a,settle,0.0,auto,hold,8.0,0.8,2.0,1.0,0,WALK,first,on,1000,1,deterministic,20.0,1,200,lo,1.0,0.42,0.5,0.05,dead-reckoned-heading-hold,off,,,2.649,0.5676
5,sphere_bump,6,0,1,1,heading-only,0.04,1.9910217285156477,2.7949600219726562,1.270466647702689,1.235392168426531,12.085152807832708,0,roll,7.140000000000001,-1.8386687974336553,-0.2575166382960301,0.3348655700683594,0.13879856141675737,0.11133893865163252,0.7990379333496094,0.5888334674127439,-0.03238155475861017,1,7.140000000000001,-89.90869956419252,-12.031669709000067,89.90869956419252,12.031669709000067,,,,,,,off,5.0,legged_eval-seed1,,n/a,settle,0.0,auto,hold,8.0,0.8,2.0,1.0,0,WALK,first,on,1000,1,deterministic,20.0,1,200,lo,1.0,0.42,0.5,0.05,dead-reckoned-heading-hold,off,,,2.649,0.5676
5,sphere_bump,7,0,1,1,heading-only,0.04,2.197314453125017,2.3437042236328125,1.2456702986766173,0.8027102366122262,11.55779719229908,0,roll,10.66,-19.371932408021024,-1.817254447281522,0.3288198709487915,0.11231842899859447,0.032242422479625936,0.3716278076171875,0.4563047787787528,-0.28238530163174896,1,10.66,-88.83971975599643,10.599436992069021,88.83971975599643,13.816124098243245,,,,,,,off,5.0,legged_eval-seed1,,n/a,settle,0.0,auto,hold,8.0,0.8,2.0,1.0,0,WALK,first,on,1000,1,deterministic,20.0,1,200,lo,1.0,0.42,0.5,0.05,dead-reckoned-heading-hold,off,,,2.649,0.5676
5,sphere_bump,8,0,1,1,heading-only,0.04,4.663372802734386,2.2310256958007812,3.6706502372105994,1.7705191971313599,8.739681210211334,1,timeout,20.0,-6.859918645101402,-0.3429959322550701,0.3352910876274109,0.18316864013671932,0.011551284790039062,0.23701095581054688,0.6539405291253346,-0.03268249594652264,0,20.0,2.915216787761794,-0.7298471513960396,11.418572297114254,8.148848504027024,,,,,,,off,5.0,legged_eval-seed1,,n/a,settle,0.0,auto,hold,8.0,0.8,2.0,1.0,0,WALK,first,on,1000,1,deterministic,20.0,1,200,lo,1.0,0.42,0.5,0.05,dead-reckoned-heading-hold,off,,,2.649,0.5676
5,sphere_bump,9,0,1,1,heading-only,0.04,1.901129150390659,2.540607452392578,1.0508521129379647,1.0006350228282743,11.361739566575842,0,roll,8.64,11.886699945705402,1.3757754566788658,0.33327555656433105,0.10429735536928925,0.06257030698988172,0.5347557067871094,0.3563893747676983,0.2302245479010985,1,8.64,-89.81084146854988,2.643119091235663,89.81084146854988,11.405229649975366,,,,,,,off,5.0,legged_eval-seed1,,n/a,settle,0.0,auto,hold,8.0,0.8,2.0,1.0,0,WALK,first,on,1000,1,deterministic,20.0,1,200,lo,1.0,0.42,0.5,0.05,dead-reckoned-heading-hold,off,,,2.649,0.5676
6,box_jump_even,0,0,1,1,heading-only,0.04,1.2252545356750488,2.6645942687988224,0.7017301104858072,1.4918917683947053,10.246321552262252,0,roll,6.86,40.75016788795779,5.940257709614837,0.3326312005519867,0.03283593814505085,0.0968796310202365,0.6380500793457031,0.197513765951358,3.1574263233098065,1,6.86,-86.78515609407327,9.942776088234204,86.78515609407327,18.569785908294886,,,,,,,off,5.0,legged_eval-seed1,,n/a,settle,0.0,auto,hold,8.0,0.8,2.0,1.0,0,WALK,first,on,1000,1,deterministic,20.0,1,200,lo,1.0,0.42,0.5,0.05,dead-reckoned-heading-hold,off,,,2.649,0.5676
6,box_jump_even,1,0,1,1,heading-only,0.04,3.1922355651855483,1.9798332214355412,2.192328322177604,0.6612404352391317,8.05778967123853,0,below,10.540000000000001,11.948370627567016,1.1336215016666997,0.3375503718852997,0.20799198910678823,-0.0019133566000435302,-0.030185699462890625,0.6674731876478578,0.09512591211062445,1,10.540000000000001,47.37331041440961,60.06887113442363,47.37331041440961,60.55230070373591,,,,,,,off,5.0,legged_eval-seed1,,n/a,settle,0.0,auto,hold,8.0,0.8,2.0,1.0,0,WALK,first,on,1000,1,deterministic,20.0,1,200,lo,1.0,0.42,0.5,0.05,dead-reckoned-heading-hold,off,,,2.649,0.5676
6,box_jump_even,2,0,2,1,heading-only,0.04,3.013385009765628,2.0999084472656193,2.015862320542741,0.8482504918995422,8.487203054617334,0,below,9.22,4.499549220766113,0.48802052285966513,0.3375506103038788,0.21837147611340865,0.010836057187160446,0.11856842041015625,0.3724746397916739,0.03900493366991719,1,9.22,19.386622091921446,58.320045388328026,21.045539976084154,60.73646545460339,,,,,,,off,5.0,legged_eval-seed1,,n/a,settle,0.0,auto,hold,8.0,0.8,2.0,1.0,0,WALK,first,on,1000,1,deterministic,20.0,1,200,lo,1.0,0.42,0.5,0.05,dead-reckoned-heading-hold,off,,,2.649,0.5676
6,box_jump_even,3,0,0,1,heading-only,0.04,0.7645309448242301,2.5994506835937443,0.644039438238356,0.9488181349353242,10.602428789675727,0,roll,1.92,15.942146126016127,8.303201107300067,0.32308483123779297,-0.12264013290404682,0.3122138977050752,0.5730361938476562,0.402135785665253,-1.1816539524709142,1,1.92,-86.91781346928147,-1.567606336839066,86.91781346928147,16.39553330575967,,,,,,,off,5.0,legged_eval-seed1,,n/a,settle,0.0,auto,hold,8.0,0.8,2.0,1.0,0,WALK,first,on,1000,1,deterministic,20.0,1,200,lo,1.0,0.42,0.5,0.05,dead-reckoned-heading-hold,off,,,2.649,0.5676
6,box_jump_even,4,0,0,1,heading-only,0.04,0.8787292480468807,2.691415405273432,0.701969983637975,0.9295335442477686,11.342364246561575,0,roll,2.9,14.197933655276216,4.895839191474558,0.31698039174079895,-0.04181750067348942,0.23841910526670063,0.6778450012207031,0.45137494208654333,-2.0433673022830603,1,2.9,-88.82653572508045,5.0469564449966455,88.82653572508045,10.29900467919747,,,,,,,off,5.0,legged_eval-seed1,,n/a,settle,0.0,auto,hold,8.0,0.8,2.0,1.0,0,WALK,first,on,1000,1,deterministic,20.0,1,200,lo,1.0,0.42,0.5,0.05,dead-reckoned-heading-hold,off,,,2.649,0.5676
6,box_jump_even,5,0,1,1,heading-only,0.04,2.4919586181640625,0.9455657958984318,1.8269570353714744,1.0329113085247672,9.665727633543739,0,roll,16.18,-11.772635638667879,-0.7276041803873844,0.34050530195236206,0.09221005056638211,-0.06516898665646281,-1.0443611145019531,0.5458345096690825,-0.13771913713345726,1,16.18,86.48247397331058,7.961835306420333,86.48247397331058,14.886881938860324,,,,,,,off,5.0,legged_eval-seed1,,n/a,settle,0.0,auto,hold,8.0,0.8,2.0,1.0,0,WALK,first,on,1000,1,deterministic,20.0,1,200,lo,1.0,0.42,0.5,0.05,dead-reckoned-heading-hold,off,,,2.649,0.5676
6,box_jump_even,6,0,2,1,heading-only,0.04,3.0935150146484602,1.9430137634277287,2.094290464027665,0.901211475100454,8.706671478315387,0,below,10.16,-10.983296248198968,-1.081033095295174,0.32353636622428894,0.20605462742602954,-0.0056088815523889085,-0.0688934326171875,0.6296681924351076,-0.09156594574756435,1,10.16,-34.36465225232846,55.13113928749013,37.46847581229464,57.57189671877187,,,,,,,off,5.0,legged_eval-seed1,,n/a,settle,0.0,auto,hold,8.0,0.8,2.0,1.0,0,WALK,first,on,1000,1,deterministic,20.0,1,200,lo,1.0,0.42,0.5,0.05,dead-reckoned-heading-hold,off,,,2.649,0.5676
6,box_jump_even,7,0,0,1,heading-only,0.04,0.983203125000017,2.5569282531738224,0.557181491251289,0.7597684444572526,10.831124766809413,0,roll,1.86,6.481886901995523,3.4848854311803885,0.3164841830730438,-0.009030577956980078,0.29942379202893676,0.5600662231445312,0.3406464278777456,-6.735197361523006,1,1.86,-87.8114056116201,2.1610262868087102,87.8114056116201,13.081472425608464,,,,,,,off,5.0,legged_eval-seed1,,n/a,settle,0.0,auto,hold,8.0,0.8,2.0,1.0,0,WALK,first,on,1000,1,deterministic,20.0,1,200,lo,1.0,0.42,0.5,0.05,dead-reckoned-heading-hold,off,,,2.649,0.5676
6,box_jump_even,8,0,2,1,heading-only,0.04,2.8812072753906364,2.204045867919916,1.8922408750467932,1.1052098333667095,9.271038414761652,0,below,11.66,47.24017346712424,4.051472853098134,0.3312727212905884,0.16133853133710432,0.01749964561920379,0.17557525634765625,1.3055799930502685,0.4382805536638034,1,11.66,-21.269518900544735,73.39099746784188,80.60697048033556,73.39099746784188,,,,,,,off,5.0,legged_eval-seed1,,n/a,settle,0.0,auto,hold,8.0,0.8,2.0,1.0,0,WALK,first,on,1000,1,deterministic,20.0,1,200,lo,1.0,0.42,0.5,0.05,dead-reckoned-heading-hold,off,,,2.649,0.5676
6,box_jump_even,9,0,2,1,heading-only,0.04,2.822973632812534,1.8426872253417912,1.829748664434652,1.0571069304468168,9.378345845616881,0,below,8.3,25.62085919824912,3.086850505813147,0.32982951402664185,0.21963537744729325,-0.018953346344362507,-0.18805694580078125,0.8432341450891498,0.24529611517716693,1,8.3,61.72156452527465,63.39191130334408,61.72156452527465,63.39191130334408,,,,,,,off,5.0,legged_eval-seed1,,n/a,settle,0.0,auto,hold,8.0,0.8,2.0,1.0,0,WALK,first,on,1000,1,deterministic,20.0,1,200,lo,1.0,0.42,0.5,0.05,dead-reckoned-heading-hold,off,,,2.649,0.5676
7,box_jump_uneven,0,0,0,1,heading-only,0.04,0.8015140295028687,1.3814918518066364,0.6495760231610862,0.9329710501204758,11.51510885502612,0,roll,1.68,-14.098495059505495,-8.391961344943748,0.30463117361068726,-0.11814641101019724,-0.3681596120198593,-0.5922431945800781,0.38696347441091883,1.2397105838172129,1,1.68,87.46427617369964,3.24441549507079,87.46427617369964,13.462573377544306,,,,,,,off,5.0,legged_eval-seed1,,n/a,settle,0.0,auto,hold,8.0,0.8,2.0,1.0,0,WALK,first,on,1000,1,deterministic,20.0,1,200,lo,1.0,0.42,0.5,0.05,dead-reckoned-heading-hold,off,,,2.649,0.5676
7,box_jump_uneven,1,0,2,1,heading-only,0.04,3.0917373657226577,2.69877548217773,2.20536898990919,1.4343667968920546,9.533905049710086,0,roll,15.32,-27.12104965135393,-1.7703035020466011,0.3612278699874878,0.136536381574586,0.04561197664345497,0.69964599609375,1.535493259487792,-0.22629591112622868,1,15.32,-88.48320425383156,8.040653520877749,88.48320425383156,13.320508612522778,,,,,,,off,5.0,legged_eval-seed1,,n/a,settle,0.0,auto,hold,8.0,0.8,2.0,1.0,0,WALK,first,on,1000,1,deterministic,20.0,1,200,lo,1.0,0.42,0.5,0.05,dead-reckoned-heading-hold,off,,,2.649,0.5676
7,box_jump_uneven,2,0,1,1,heading-only,0.04,1.6581146240234403,2.690283966064449,0.9537330927252023,1.187705195260227,10.614354797708232,0,roll,11.1,21.508790008065517,1.937728829555452,0.3412916660308838,0.05928960576787751,0.06218774469049089,0.7161483764648438,0.38637851349440333,0.5704161403765284,1,11.1,-91.7249183025498,6.407010091417355,91.7249183025498,12.30431786205702,,,,,,,off,5.0,legged_eval-seed1,,n/a,settle,0.0,auto,hold,8.0,0.8,2.0,1.0,0,WALK,first,on,1000,1,deterministic,20.0,1,200,lo,1.0,0.42,0.5,0.05,dead-reckoned-heading-hold,off,,,2.649,0.5676
7,box_jump_uneven,3,0,1,1,heading-only,0.04,1.3577545166015739,2.6572753906249957,0.7483309650616273,1.4453909642749543,11.610864148998235,0,roll,8.48,40.93781635485436,4.827572683355467,0.33460408449172974,0.042188032618110126,0.077508890403891,0.6510543823242188,0.3414929687644463,1.9971786541124794,1,8.48,-89.26436258766012,3.1355766442261075,89.26436258766012,16.29980351882202,,,,,,,off,5.0,legged_eval-seed1,,n/a,settle,0.0,auto,hold,8.0,0.8,2.0,1.0,0,WALK,first,on,1000,1,deterministic,20.0,1,200,lo,1.0,0.42,0.5,0.05,dead-reckoned-heading-hold,off,,,2.649,0.5676
7,box_jump_uneven,4,0,1,1,heading-only,0.04,1.5843719482421932,2.8881866455078082,1.0631867621216837,1.2141968199430304,11.001539623468908,0,roll,8.78,10.901958993774713,1.2416809787898306,0.3406932055950165,0.06655716950366665,0.1011602101945112,0.8822402954101562,0.5578686352660871,0.3256061142755558,1,8.78,-89.02783842001492,2.823525673860147,89.02783842001492,7.928460251097468,,,,,,,off,5.0,legged_eval-seed1,,n/a,settle,0.0,auto,hold,8.0,0.8,2.0,1.0,0,WALK,first,on,1000,1,deterministic,20.0,1,200,lo,1.0,0.42,0.5,0.05,dead-reckoned-heading-hold,off,,,2.649,0.5676
7,box_jump_uneven,5,0,1,1,heading-only,0.04,1.4452056884765625,2.6211730957031207,0.7642408781773509,1.1949320205010912,11.221999446550223,0,roll,9.84,32.058807048265635,3.2580088463684587,0.32794153690338135,0.045244480536236024,0.06312734712430089,0.6234016418457031,0.18691495890200066,1.2567937736115788,1,9.84,-87.6054097423716,2.2597761967623957,87.6054097423716,20.04982073737707,,,,,,,off,5.0,legged_eval-seed1,,n/a,settle,0.0,auto,hold,8.0,0.8,2.0,1.0,0,WALK,first,on,1000,1,deterministic,20.0,1,200,lo,1.0,0.42,0.5,0.05,dead-reckoned-heading-hold,off,,,2.649,0.5676
7,box_jump_uneven,6,0,1,1,heading-only,0.04,1.5358062744140852,1.3170845031738239,0.8680218542795135,1.0263983974274895,10.735935951988067,0,roll,5.22,-10.395566113781939,-1.9914877612609079,0.3198845386505127,0.10264488015595503,-0.1308267235299188,-0.6826095581054688,0.3211980211462239,-0.33862398586625564,1,5.22,86.36307930756733,-0.011509268483226663,86.36307930756733,9.936897049596125,,,,,,,off,5.0,legged_eval-seed1,,n/a,settle,0.0,auto,hold,8.0,0.8,2.0,1.0,0,WALK,first,on,1000,1,deterministic,20.0,1,200,lo,1.0,0.42,0.5,0.05,dead-reckoned-heading-hold,off,,,2.649,0.5676
7,box_jump_uneven,7,0,1,1,heading-only,0.04,1.4830657958984546,1.2417137145996051,0.8990832296252314,1.2419007904806725,10.145312010024432,0,roll,6.6000000000000005,-21.80290600681934,-3.3034706070938396,0.3256039023399353,0.07319178725734159,-0.11489186142430224,-0.7504425048828125,0.2761408407273548,-0.7877446500100344,1,6.6000000000000005,90.69897981225662,-0.3361482238268824,90.69897981225662,17.01318280601399,,,,,,,off,5.0,legged_eval-seed1,,n/a,settle,0.0,auto,hold,8.0,0.8,2.0,1.0,0,WALK,first,on,1000,1,deterministic,20.0,1,200,lo,1.0,0.42,0.5,0.05,dead-reckoned-heading-hold,off,,,2.649,0.5676
7,box_jump_uneven,8,0,0,1,heading-only,0.04,1.2504699707031364,1.4136192321777301,0.6376343866949655,0.6372657533499885,11.714215522658384,0,roll,2.2800000000000002,7.965291379446171,3.4935488506342853,0.320006787776947,0.10985525030839313,-0.25718454729046925,-0.6391067504882812,0.48236660006570903,0.5550388338441876,1,2.2800000000000002,92.21896697794878,-1.4250527574199356,92.21896697794878,10.194149662867677,,,,,,,off,5.0,legged_eval-seed1,,n/a,settle,0.0,auto,hold,8.0,0.8,2.0,1.0,0,WALK,first,on,1000,1,deterministic,20.0,1,200,lo,1.0,0.42,0.5,0.05,dead-reckoned-heading-hold,off,,,2.649,0.5676
7,box_jump_uneven,9,0,1,1,heading-only,0.04,1.329382324218784,1.5040885925292926,0.5953325453621247,1.1802909125633765,11.93092845910188,0,roll,9.64,-40.718539052270614,-4.223914839447159,0.32851898670196533,0.034168290894064736,-0.051443092061276695,-0.4967155456542969,0.30572190860467063,-2.1575917127598108,1,9.64,86.75640723867136,-0.5243810820113107,86.75640723867136,15.955969585043192,,,,,,,off,5.0,legged_eval-seed1,,n/a,settle,0.0,auto,hold,8.0,0.8,2.0,1.0,0,WALK,first,on,1000,1,deterministic,20.0,1,200,lo,1.0,0.42,0.5,0.05,dead-reckoned-heading-hold,off,,,2.649,0.5676
8,flat_circle_jump,0,0,1,1,heading-only,0.04,2.2603375911712646,2.614933776855466,1.4023531629504438,0.7775791094250292,6.568510331221638,0,roll,11.46,-36.34206414156611,-3.171209785476973,0.32971397042274475,0.10997710219644542,0.05365914283206508,0.6118545532226562,1.0684661380592995,-0.5032688707252112,1,11.46,-90.42660580658254,22.2063833289633,90.42660580658254,22.2063833289633,,,,,,,off,5.0,legged_eval-seed1,,n/a,settle,0.0,auto,hold,8.0,0.8,2.0,1.0,0,WALK,first,on,1000,1,deterministic,20.0,1,200,lo,1.0,0.42,0.5,0.05,dead-reckoned-heading-hold,off,,,2.649,0.5676
8,flat_circle_jump,1,0,0,1,heading-only,0.04,0.9624687194824233,1.4302871704101534,0.570947725467541,0.7832704422701876,8.356973169862902,0,roll,2.22,-15.757770937446054,-7.098095016867592,0.317337304353714,-0.01690598221512464,-0.2566274007161471,-0.5829391479492188,0.3250275956589045,7.327887080876629,1,2.22,86.73339910160486,4.693186437527704,86.73339910160486,12.995088757299875,,,,,,,off,5.0,legged_eval-seed1,,n/a,settle,0.0,auto,hold,8.0,0.8,2.0,1.0,0,WALK,first,on,1000,1,deterministic,20.0,1,200,lo,1.0,0.42,0.5,0.05,dead-reckoned-heading-hold,off,,,2.649,0.5676
8,flat_circle_jump,2,0,1,1,heading-only,0.04,2.0284225463867216,2.144688415527341,1.038550755381922,0.8259376666373586,7.822915607397253,1,timeout,20.0,-46.38979062102047,-2.3194895310510235,0.31887349486351013,0.05142112731933608,0.007234420776367045,0.144134521484375,0.9199323981338814,-0.7872781362993716,0,20.0,-62.52538696783297,18.421430025790865,73.18990623895071,25.871234280863042,,,,,,,off,5.0,legged_eval-seed1,,n/a,settle,0.0,auto,hold,8.0,0.8,2.0,1.0,0,WALK,first,on,1000,1,deterministic,20.0,1,200,lo,1.0,0.42,0.5,0.05,dead-reckoned-heading-hold,off,,,2.649,0.5676
8,flat_circle_jump,3,0,1,1,heading-only,0.04,1.9244049072265739,2.1327789306640597,0.9338922191199913,0.7757862548171999,8.326653823309892,1,timeout,20.0,-2.3430279568540016,-0.11715139784270008,0.3269294500350952,0.046220245361328696,0.006638946533202983,0.11135101318359375,0.2852563031717201,-0.044237705786383134,0,20.0,1.831639763997503,16.024323562621607,15.019806576904982,18.313616105438072,,,,,,,off,5.0,legged_eval-seed1,,n/a,settle,0.0,auto,hold,8.0,0.8,2.0,1.0,0,WALK,first,on,1000,1,deterministic,20.0,1,200,lo,1.0,0.42,0.5,0.05,dead-reckoned-heading-hold,off,,,2.649,0.5676
8,flat_circle_jump,4,0,1,1,heading-only,0.04,1.3574432373046932,2.6643875122070284,0.7544378266441202,1.4979550819151808,9.765184229737635,0,roll,4.66,4.540864891492788,0.9744345260714137,0.3289780914783478,0.07670455736152214,0.14257242751223786,0.6751251220703125,0.4248744917190954,0.22172203856022882,1,4.66,-92.63882768577676,3.9107985958958387,92.63882768577676,11.913188107107429,,,,,,,off,5.0,legged_eval-seed1,,n/a,settle,0.0,auto,hold,8.0,0.8,2.0,1.0,0,WALK,first,on,1000,1,deterministic,20.0,1,200,lo,1.0,0.42,0.5,0.05,dead-reckoned-heading-hold,off,,,2.649,0.5676
8,flat_circle_jump,5,0,1,1,heading-only,0.04,2.0524444580078125,2.7384613037109347,1.28567664452218,1.1558404123327406,9.526220991049135,0,roll,5.4,38.923661669529565,7.208085494357326,0.32274380326271057,0.1948971218532986,0.1367520932798027,0.74468994140625,0.7890075520033553,0.6454934964943879,1,5.4,-89.44811082153875,74.34110552822325,89.44811082153875,80.03333654649987,,,,,,,off,5.0,legged_eval-seed1,,n/a,settle,0.0,auto,hold,8.0,0.8,2.0,1.0,0,WALK,first,on,1000,1,deterministic,20.0,1,200,lo,1.0,0.42,0.5,0.05,dead-reckoned-heading-hold,off,,,2.649,0.5676
8,flat_circle_jump,6,0,1,1,heading-only,0.04,2.4020477294922102,2.4840286254882784,1.4832469605788288,0.8396598821529534,9.710023787372467,0,roll,5.7,-54.17990089621716,-9.505245771266168,0.3360321521759033,0.24597328587582634,0.08491730271724182,0.5024490356445312,1.0516282540698252,-0.6744546844961528,1,5.7,-87.1051233821628,61.04438086576754,87.1051233821628,61.875492000983805,,,,,,,off,5.0,legged_eval-seed1,,n/a,settle,0.0,auto,hold,8.0,0.8,2.0,1.0,0,WALK,first,on,1000,1,deterministic,20.0,1,200,lo,1.0,0.42,0.5,0.05,dead-reckoned-heading-hold,off,,,2.649,0.5676
8,flat_circle_jump,7,0,1,1,heading-only,0.04,2.243518066406267,2.0227554321289034,1.2437262525050095,0.776968823501642,10.256507176608684,0,below,8.86,-64.7744355857624,-7.310884377625554,0.32424262166023254,0.14035192623095566,0.002568333197393161,-0.01253509521484375,0.9720538370148651,-0.9091361055651794,1,8.86,-23.840306086451598,70.27335760424565,23.840306086451598,70.27335760424565,,,,,,,off,5.0,legged_eval-seed1,,n/a,settle,0.0,auto,hold,8.0,0.8,2.0,1.0,0,WALK,first,on,1000,1,deterministic,20.0,1,200,lo,1.0,0.42,0.5,0.05,dead-reckoned-heading-hold,off,,,2.649,0.5676
8,flat_circle_jump,8,0,0,1,heading-only,0.04,1.1214416503906364,1.337040710449216,0.6739904257860656,0.7634274318235137,11.996890228496651,0,roll,2.7600000000000002,-5.444455318164529,-1.9726287384654089,0.32431453466415405,0.04400059796762187,-0.24020264114158843,-0.6809768676757812,0.4248465189129347,-0.7824636026769047,1,2.7600000000000002,90.44181234199104,0.1835109880764895,90.44181234199104,6.111267834596037,,,,,,,off,5.0,legged_eval-seed1,,n/a,settle,0.0,auto,hold,8.0,0.8,2.0,1.0,0,WALK,first,on,1000,1,deterministic,20.0,1,200,lo,1.0,0.42,0.5,0.05,dead-reckoned-heading-hold,off,,,2.649,0.5676
8,flat_circle_jump,9,0,1,1,heading-only,0.04,2.234869384765659,2.049656677246091,1.235867380840938,1.31609383604384,11.715235854117314,0,below,5.84,-1.2976888655247762,-0.2222069975213658,0.3342379927635193,0.21145023711740737,0.008502855692823786,0.0456085205078125,0.36171406131809625,-0.01834116518661232,1,5.84,-16.53191912607265,61.618802174272176,24.334118366645143,62.696179626328195,,,,,,,off,5.0,legged_eval-seed1,,n/a,settle,0.0,auto,hold,8.0,0.8,2.0,1.0,0,WALK,first,on,1000,1,deterministic,20.0,1,200,lo,1.0,0.42,0.5,0.05,dead-reckoned-heading-hold,off,,,2.649,0.5676
9,bump_jump,0,0,1,1,heading-only,0.04,1.5531275272369385,2.6588119506835852,0.8602227896020663,0.9879689196944671,9.220439060404361,0,roll,10.040000000000001,31.78694370660679,3.1660302496620307,0.3455946743488312,0.05509238319093012,0.06561872018760809,0.6286163330078125,0.4498509899292842,1.002999849958163,1,10.040000000000001,-87.40415318297761,3.4431552628188626,87.40415318297761,18.80932906034641,,,,,,,off,5.0,legged_eval-seed1,,n/a,settle,0.0,auto,hold,8.0,0.8,2.0,1.0,0,WALK,first,on,1000,1,deterministic,20.0,1,200,lo,1.0,0.42,0.5,0.05,dead-reckoned-heading-hold,off,,,2.649,0.5676
9,bump_jump,1,0,0,1,heading-only,0.04,1.0472961425781264,2.6584838867187415,0.6601802436993937,0.7990881125338208,9.675137869206587,0,roll,3.08,19.849866748355737,6.44476193128433,0.3340075612068176,0.015355890447443643,0.2137934697138771,0.6249313354492188,0.3693290278415648,7.3250272000231345,1,3.08,-90.24034327763552,14.66007462481073,90.24034327763552,20.260944968008136,,,,,,,off,5.0,legged_eval-seed1,,n/a,settle,0.0,auto,hold,8.0,0.8,2.0,1.0,0,WALK,first,on,1000,1,deterministic,20.0,1,200,lo,1.0,0.42,0.5,0.05,dead-reckoned-heading-hold,off,,,2.649,0.5676
9,bump_jump,2,0,1,1,heading-only,0.04,1.727412414550784,2.733755493164054,1.0332114713799039,0.8983472297102783,9.15204902619849,0,roll,5.9,4.509912083706354,0.7643918785942972,0.32828813791275024,0.12329023975437017,0.12436533782441592,0.7241287231445312,0.4288679845175291,0.10820933663163192,1,5.9,-86.05768831665932,2.370782774047937,86.05768831665932,6.742145790112022,,,,,,,off,5.0,legged_eval-seed1,,n/a,settle,0.0,auto,hold,8.0,0.8,2.0,1.0,0,WALK,first,on,1000,1,deterministic,20.0,1,200,lo,1.0,0.42,0.5,0.05,dead-reckoned-heading-hold,off,,,2.649,0.5676
9,bump_jump,3,0,1,1,heading-only,0.04,2.1636245727539176,1.3546432495117102,1.3306041792048986,0.6838114421439316,8.859910610533223,0,roll,11.6,25.917221781172486,2.2342432569976283,0.32733455300331116,0.10031246316844118,-0.05563420262830084,-0.6806869506835938,0.9151554140054832,0.38873435955422186,1,11.6,86.83207726258156,2.8399637584028063,86.83207726258156,15.457466352106062,,,,,,,off,5.0,legged_eval-seed1,,n/a,settle,0.0,auto,hold,8.0,0.8,2.0,1.0,0,WALK,first,on,1000,1,deterministic,20.0,1,200,lo,1.0,0.42,0.5,0.05,dead-reckoned-heading-hold,off,,,2.649,0.5676
9,bump_jump,4,0,1,1,heading-only,0.04,1.5739349365234432,2.677175903320304,0.8876759067361456,1.2794229102111965,9.749610701100693,0,roll,8.3,4.0558831877229125,0.48866062502685687,0.3303740620613098,0.06914878753294496,0.08158745823136192,0.6847381591796875,0.4147009483346615,0.12333892083803584,1,8.3,-88.59408028813158,8.50815206580613,88.59408028813158,19.85205652562214,,,,,,,off,5.0,legged_eval-seed1,,n/a,settle,0.0,auto,hold,8.0,0.8,2.0,1.0,0,WALK,first,on,1000,1,deterministic,20.0,1,200,lo,1.0,0.42,0.5,0.05,dead-reckoned-heading-hold,off,,,2.649,0.5676
9,bump_jump,5,0,1,1,heading-only,0.04,2.4215545654296875,2.5081924438476477,1.5096612012229207,0.633830278443964,8.992816131865503,0,below,8.88,123.81864129889101,13.94354068681205,0.3285559117794037,0.16008497358442425,0.05722887881167204,0.5051345825195312,1.2387610172906693,1.520196986148236,1,8.88,56.0698546443722,76.10281202987807,72.01039413459773,76.10281202987807,,,,,,,off,5.0,legged_eval-seed1,,n/a,settle,0.0,auto,hold,8.0,0.8,2.0,1.0,0,WALK,first,on,1000,1,deterministic,20.0,1,200,lo,1.0,0.42,0.5,0.05,dead-reckoned-heading-hold,off,,,2.649,0.5676
9,bump_jump,6,0,1,1,heading-only,0.04,1.9666534423828352,1.9241928100585852,0.9696213733810735,0.6338721267717786,9.333654412641986,1,timeout,20.0,-5.694560035312037,-0.28472800176560187,0.3256307542324066,0.04833267211914176,-0.003790359497070739,-0.0792388916015625,0.24309306884620557,-0.1028174294022919,0,20.0,-2.9524841825912134,17.967319843593323,14.502432907002454,19.24768506728456,,,,,,,off,5.0,legged_eval-seed1,,n/a,settle,0.0,auto,hold,8.0,0.8,2.0,1.0,0,WALK,first,on,1000,1,deterministic,20.0,1,200,lo,1.0,0.42,0.5,0.05,dead-reckoned-heading-hold,off,,,2.649,0.5676
9,bump_jump,7,0,1,1,heading-only,0.04,2.013323974609392,1.651785278320304,1.071484470215338,0.7030564568608196,9.742900672582584,0,roll,5.4,20.58349082837961,3.8117575608110386,0.32721760869026184,0.18765258789062814,-0.06448420771846222,-0.3633270263671875,0.7165766203828061,0.35452599120410616,1,5.4,86.20483763334106,14.96622253585726,86.20483763334106,25.275759178391247,,,,,,,off,5.0,legged_eval-seed1,,n/a,settle,0.0,auto,hold,8.0,0.8,2.0,1.0,0,WALK,first,on,1000,1,deterministic,20.0,1,200,lo,1.0,0.42,0.5,0.05,dead-reckoned-heading-hold,off,,,2.649,0.5676
9,bump_jump,8,0,0,1,heading-only,0.04,0.7310302734375114,2.5261672973632727,0.5909287085780065,0.9317545090763764,11.481032994187462,0,roll,1.76,34.44699004501365,19.572153434666845,0.31048741936683655,-0.15282370827414127,0.29895869168367767,0.49637603759765625,0.3250174108051691,-2.2352455845900576,1,1.76,-89.76001415002905,10.2714061260717,89.76001415002905,20.497967646694637,,,,,,,off,5.0,legged_eval-seed1,,n/a,settle,0.0,auto,hold,8.0,0.8,2.0,1.0,0,WALK,first,on,1000,1,deterministic,20.0,1,200,lo,1.0,0.42,0.5,0.05,dead-reckoned-heading-hold,off,,,2.649,0.5676
9,bump_jump,9,0,0,1,heading-only,0.04,1.188116455078159,2.7328781127929602,0.7566360610505847,0.7964808056720418,10.936467108995826,0,roll,2.96,-7.418191372423195,-2.506145733926755,0.3349604308605194,0.06355285644532402,0.24759395702464873,0.7052154541015625,0.5206244089729445,-0.6882537943744919,1,2.96,-91.7486323136666,2.0635330851567253,91.7486323136666,10.913841004993975,,,,,,,off,5.0,legged_eval-seed1,,n/a,settle,0.0,auto,hold,8.0,0.8,2.0,1.0,0,WALK,first,on,1000,1,deterministic,20.0,1,200,lo,1.0,0.42,0.5,0.05,dead-reckoned-heading-hold,off,,,2.649,0.5676
10,sideways_ramp,0,0,0,1,heading-only,0.04,1.4667507410049438,1.4477615356445312,0.7230654021195804,0.553238497157787,8.950302209693783,0,roll,2.74,20.612477330770304,7.522801945536607,0.3224785327911377,0.17034698576822768,-0.20154688480126595,-0.5617828369140625,0.47028640485129614,0.7707659888017693,1,2.74,87.67575250841679,11.989978787236806,87.67575250841679,17.01285900167462,,,,,,,off,5.0,legged_eval-seed1,,n/a,settle,0.0,auto,hold,8.0,0.8,2.0,1.0,0,WALK,first,on,1000,1,deterministic,20.0,1,200,lo,1.0,0.42,0.5,0.05,dead-reckoned-heading-hold,off,,,2.649,0.5676
10,sideways_ramp,1,0,1,1,heading-only,0.04,1.6098953247070327,1.4805831909179688,0.8011030699332365,0.9995803387217701,8.85535117833808,0,roll,7.3,-8.215265624845074,-1.1253788527185034,0.33092373609542847,0.08354730475438804,-0.07115298754548373,-0.5295639038085938,0.1959986772718228,-0.23509515202191622,1,7.3,86.77727087165026,1.2845028170557478,86.77727087165026,16.832282423893407,,,,,,,off,5.0,legged_eval-seed1,,n/a,settle,0.0,auto,hold,8.0,0.8,2.0,1.0,0,WALK,first,on,1000,1,deterministic,20.0,1,200,lo,1.0,0.42,0.5,0.05,dead-reckoned-heading-hold,off,,,2.649,0.5676
10,sideways_ramp,2,0,1,1,heading-only,0.04,2.051814270019534,2.8734588623046875,1.3672028535500227,1.5398165574362408,8.592695133564346,0,roll,4.98,-17.39844147781605,-3.49366294735262,0.3236005902290344,0.21120768474287832,0.17539334584431474,0.8704376220703125,0.46989908278945536,-0.2887012442774698,1,4.98,-86.86917978148576,37.22156717737267,86.86917978148576,37.22156717737267,,,,,,,off,5.0,legged_eval-seed1,,n/a,settle,0.0,auto,hold,8.0,0.8,2.0,1.0,0,WALK,first,on,1000,1,deterministic,20.0,1,200,lo,1.0,0.42,0.5,0.05,dead-reckoned-heading-hold,off,,,2.649,0.5676
10,sideways_ramp,3,0,1,1,heading-only,0.04,2.2231948852539176,2.175689697265625,1.2357477886027681,0.7973157157876812,8.528614913019888,0,below,6.66,18.632864338430323,2.797727378142691,0.33161744475364685,0.18366289568377142,0.026379834424268018,0.18058013916015625,0.2740905933834468,0.26586510105913036,1,6.66,-9.381001741443342,59.39102529451848,22.864855766860007,62.432058484974554,,,,,,,off,5.0,legged_eval-seed1,,n/a,settle,0.0,auto,hold,8.0,0.8,2.0,1.0,0,WALK,first,on,1000,1,deterministic,20.0,1,200,lo,1.0,0.42,0.5,0.05,dead-reckoned-heading-hold,off,,,2.649,0.5676
10,sideways_ramp,4,0,0,1,heading-only,0.04,1.1490692138671932,1.4305953979492188,0.5885942841716962,0.6688602376374293,9.36825107305963,0,roll,3.24,-7.906682852869409,-2.440334213848583,0.32053595781326294,0.046009016625676906,-0.1757421611267843,-0.5659332275390625,0.2985929857301457,-0.9257286941654678,1,3.24,89.27893953303574,2.8320052210420736,89.27893953303574,19.849982906535455,,,,,,,off,5.0,legged_eval-seed1,,n/a,settle,0.0,auto,hold,8.0,0.8,2.0,1.0,0,WALK,first,on,1000,1,deterministic,20.0,1,200,lo,1.0,0.42,0.5,0.05,dead-reckoned-heading-hold,off,,,2.649,0.5676
10,sideways_ramp,5,0,1,1,heading-only,0.04,1.4708404541015625,2.6537399291992188,0.8056467142910503,1.169256110469528,9.252284140615087,0,roll,6.26,27.795161313304874,4.44012161554391,0.3230447471141815,0.07521413004817293,0.10443129859412441,0.63330078125,0.09216084549090359,1.0303215809393456,1,6.26,-86.46510311623518,2.2367558399391627,86.46510311623518,16.296657015306327,,,,,,,off,5.0,legged_eval-seed1,,n/a,settle,0.0,auto,hold,8.0,0.8,2.0,1.0,0,WALK,first,on,1000,1,deterministic,20.0,1,200,lo,1.0,0.42,0.5,0.05,dead-reckoned-heading-hold,off,,,2.649,0.5676
10,sideways_ramp,6,0,1,1,heading-only,0.04,2.5665374755859602,2.890228271484375,1.8018174263130242,1.401592008848527,8.281449843854677,0,roll,8.52,-35.79881224376015,-4.201738526262929,0.33267292380332947,0.18386590089037094,0.10448688632445717,0.8962783813476562,0.8893448645460933,-0.39884595912597987,1,8.52,-87.87605558080807,33.37701865441442,87.87605558080807,33.37701865441442,,,,,,,off,5.0,legged_eval-seed1,,n/a,settle,0.0,auto,hold,8.0,0.8,2.0,1.0,0,WALK,first,on,1000,1,deterministic,20.0,1,200,lo,1.0,0.42,0.5,0.05,dead-reckoned-heading-hold,off,,,2.649,0.5676
10,sideways_ramp,7,0,1,1,heading-only,0.04,1.6817047119140796,1.9720535278320312,0.682277303999256,0.652330480750736,9.218337649687921,1,timeout,20.0,-13.399372857338221,-0.669968642866911,0.33357906341552734,0.03408523559570398,-0.0013973236083984375,-0.0153656005859375,0.14834169886965193,-0.3430564142739679,0,20.0,2.4293862741666086,-1.524180036430468,9.65793326768909,5.262170727142665,,,,,,,off,5.0,legged_eval-seed1,,n/a,settle,0.0,auto,hold,8.0,0.8,2.0,1.0,0,WALK,first,on,1000,1,deterministic,20.0,1,200,lo,1.0,0.42,0.5,0.05,dead-reckoned-heading-hold,off,,,2.649,0.5676
10,sideways_ramp,8,0,1,1,heading-only,0.04,2.1507690429687614,2.6461334228515625,1.319756716361434,1.2203736434338213,8.872788565665582,0,below,7.4,70.03432082663062,9.464097409004138,0.334858775138855,0.1555093301309137,0.0873153274123733,0.6528549194335938,0.8777444028728911,1.0621848886978813,1,7.4,34.615198405560655,63.80771133106716,44.20460158019862,63.80771133106716,,,,,,,off,5.0,legged_eval-seed1,,n/a,settle,0.0,auto,hold,8.0,0.8,2.0,1.0,0,WALK,first,on,1000,1,deterministic,20.0,1,200,lo,1.0,0.42,0.5,0.05,dead-reckoned-heading-hold,off,,,2.649,0.5676
10,sideways_ramp,9,0,1,1,heading-only,0.04,1.331549072265659,2.7413864135742188,0.8121444462364203,1.563521494126994,9.69683438840942,0,roll,8.76,29.608089627157852,3.3799189072098006,0.33288028836250305,0.037848067610235056,0.08463315223449985,0.7302474975585938,0.29852945249485524,1.5586188967086703,1,8.76,-88.81215799417973,1.8390058970583116,88.81215799417973,14.613740350331142,,,,,,,off,5.0,legged_eval-seed1,,n/a,settle,0.0,auto,hold,8.0,0.8,2.0,1.0,0,WALK,first,on,1000,1,deterministic,20.0,1,200,lo,1.0,0.42,0.5,0.05,dead-reckoned-heading-hold,off,,,2.649,0.5676
11,stepping_stones_cylinder,0,0,1,1,heading-only,0.04,2.0125486850738525,2.5876708984374943,1.1707313630868184,0.48865969490502426,4.624939637626418,0,roll,5.5200000000000005,-27.185268000755087,-4.924867391441139,0.32830601930618286,0.18343273280323413,0.10646211928215475,0.5988922119140625,0.7055268094031502,-0.4685922184725625,1,5.5200000000000005,-87.55071572076336,14.967806544715012,87.55071572076336,17.09238778573451,,,,,,,off,5.0,legged_eval-seed1,,n/a,settle,0.0,auto,hold,8.0,0.8,2.0,1.0,0,WALK,first,on,1000,1,deterministic,20.0,1,200,lo,1.0,0.42,0.5,0.05,dead-reckoned-heading-hold,off,,,2.649,0.5676
11,stepping_stones_cylinder,1,0,1,1,heading-only,0.04,2.168748474121095,3.014939880371088,1.5479263407953452,0.8545224786406698,4.3026697855438965,0,roll,7.32,-16.5906962664491,-2.266488560990314,0.331487238407135,0.15966509209304577,0.13865298912173335,1.0071029663085938,0.859648317527135,-0.24775414168187004,1,7.32,-86.30530290269283,1.712283573880298,86.30530290269283,20.925027530620916,,,,,,,off,5.0,legged_eval-seed1,,n/a,settle,0.0,auto,hold,8.0,0.8,2.0,1.0,0,WALK,first,on,1000,1,deterministic,20.0,1,200,lo,1.0,0.42,0.5,0.05,dead-reckoned-heading-hold,off,,,2.649,0.5676
11,stepping_stones_cylinder,2,0,1,1,heading-only,0.04,2.040576171875003,2.2790847778320256,1.077351884340296,0.28251363497463805,4.168776186747326,0,roll,7.44,-36.43558877582345,-4.897256555890248,0.32247164845466614,0.13986238869287673,0.03751139486989591,0.2646484375,0.8783908521115826,-0.6111239198327502,1,7.44,-87.15403858718078,11.474251741332855,87.15403858718078,19.996776802551295,,,,,,,off,5.0,legged_eval-seed1,,n/a,settle,0.0,auto,hold,8.0,0.8,2.0,1.0,0,WALK,first,on,1000,1,deterministic,20.0,1,200,lo,1.0,0.42,0.5,0.05,dead-reckoned-heading-hold,off,,,2.649,0.5676
11,stepping_stones_cylinder,3,0,0,1,heading-only,0.04,1.3364379882812614,2.7109390258789006,0.7865270615028972,0.7295113639931327,4.51982523234873,0,roll,3.52,-17.869622460656984,-5.076597289959371,0.32827094197273254,0.09557897394354016,0.20197131417014222,0.7083816528320312,0.567343561350834,-0.9270170399606039,1,3.52,-87.84999330234196,3.795105844195084,87.84999330234196,28.694438309389355,,,,,,,off,5.0,legged_eval-seed1,,n/a,settle,0.0,auto,hold,8.0,0.8,2.0,1.0,0,WALK,first,on,1000,1,deterministic,20.0,1,200,lo,1.0,0.42,0.5,0.05,dead-reckoned-heading-hold,off,,,2.649,0.5676
11,stepping_stones_cylinder,4,0,1,1,heading-only,0.04,2.2113403320312557,1.5601821899414006,1.2887145168928358,0.5884792753264966,3.9631401295094837,0,roll,6.62,41.26607275816568,6.2335457338618845,0.32782644033432007,0.18298192326756127,-0.06643773565839871,-0.45172119140625,0.7561629935923471,0.5945718308493876,1,6.62,88.81212578028034,5.94807838590408,88.81212578028034,15.98913369605284,,,,,,,off,5.0,legged_eval-seed1,,n/a,settle,0.0,auto,hold,8.0,0.8,2.0,1.0,0,WALK,first,on,1000,1,deterministic,20.0,1,200,lo,1.0,0.42,0.5,0.05,dead-reckoned-heading-hold,off,,,2.649,0.5676
11,stepping_stones_cylinder,5,0,1,1,heading-only,0.04,1.937042236328125,2.6025405883789006,1.114048164715873,0.5963972958531956,4.404367787575055,0,roll,5.66,-7.1704554282248125,-1.2668649166474935,0.326648473739624,0.16555516542899734,0.10645593434256194,0.5857086181640625,0.4600365527209066,-0.13355647295091583,1,5.66,-87.31055926021129,9.1128574014231,87.31055926021129,20.958315852567647,,,,,,,off,5.0,legged_eval-seed1,,n/a,settle,0.0,auto,hold,8.0,0.8,2.0,1.0,0,WALK,first,on,1000,1,deterministic,20.0,1,200,lo,1.0,0.42,0.5,0.05,dead-reckoned-heading-hold,off,,,2.649,0.5676
11,stepping_stones_cylinder,6,0,1,1,heading-only,0.04,2.0244842529297102,2.313249206542963,1.0713043684689905,0.2991689274655528,3.9878378252636653,1,timeout,20.0,-21.756897619405237,-1.0878448809702619,0.32729479670524597,0.05122421264648551,0.015662460327148152,0.26889801025390625,0.6084381980458071,-0.3706543047314078,0,20.0,-30.717203362765154,21.56384172249065,35.69500736780448,22.158770943088705,,,,,,,off,5.0,legged_eval-seed1,,n/a,settle,0.0,auto,hold,8.0,0.8,2.0,1.0,0,WALK,first,on,1000,1,deterministic,20.0,1,200,lo,1.0,0.42,0.5,0.05,dead-reckoned-heading-hold,off,,,2.649,0.5676
11,stepping_stones_cylinder,7,0,0,1,heading-only,0.04,1.157611083984392,2.736161804199213,0.7528449081693889,0.8118893839509072,4.74978398888917,0,roll,2.32,-7.951490695438736,-3.4273666790684207,0.3308444023132324,0.06793581206223796,0.3173111224996608,0.7333831787109375,0.5332016205986287,-0.8805198820334406,1,2.32,-89.27741526787744,-0.06925885832522534,89.27741526787744,25.116135068566674,,,,,,,off,5.0,legged_eval-seed1,,n/a,settle,0.0,auto,hold,8.0,0.8,2.0,1.0,0,WALK,first,on,1000,1,deterministic,20.0,1,200,lo,1.0,0.42,0.5,0.05,dead-reckoned-heading-hold,off,,,2.649,0.5676
11,stepping_stones_cylinder,8,0,1,1,heading-only,0.04,2.0020568847656364,2.292253112792963,1.043805481037242,0.31909594926402307,3.609793143990345,1,timeout,20.0,-39.51587669617044,-1.9757938348085218,0.33077260851860046,0.05010284423828182,0.014612655639648153,0.30103302001953125,0.9082025197040167,-0.6882664703427268,0,20.0,-70.85315151827452,3.221223802795495,81.65763393917689,22.73390601266871,,,,,,,off,5.0,legged_eval-seed1,,n/a,settle,0.0,auto,hold,8.0,0.8,2.0,1.0,0,WALK,first,on,1000,1,deterministic,20.0,1,200,lo,1.0,0.42,0.5,0.05,dead-reckoned-heading-hold,off,,,2.649,0.5676
11,stepping_stones_cylinder,9,0,1,1,heading-only,0.04,2.189825439453159,2.581552124023432,1.3243441581877682,0.5063901200255397,3.755475754506337,0,roll,6.22,-23.34028384552127,-3.7524572098908795,0.32678642868995667,0.1912902635776783,0.09349712604878326,0.572357177734375,0.6777522830020601,-0.34237358518877664,1,6.22,-90.38752980497853,6.1674392100077355,90.38752980497853,13.630707000061237,,,,,,,off,5.0,legged_eval-seed1,,n/a,settle,0.0,auto,hold,8.0,0.8,2.0,1.0,0,WALK,first,on,1000,1,deterministic,20.0,1,200,lo,1.0,0.42,0.5,0.05,dead-reckoned-heading-hold,off,,,2.649,0.5676
12,stepping_stones_randomly_arranged,0,0,1,1,heading-only,0.04,2.499282121658325,1.3683807373046761,1.6268957475302692,0.901544838961544,3.951524118542384,0,roll,8.18,17.309768492528093,2.116108617668471,0.3293037712574005,0.18328632294111555,-0.0772150687891594,-0.6377182006835938,0.9662838390335293,0.20150473922708445,1,8.18,93.28500276406916,15.41435804102743,93.28500276406916,22.92858612841959,,,,,,,off,5.0,legged_eval-seed1,,n/a,settle,0.0,auto,hold,8.0,0.8,2.0,1.0,0,WALK,first,on,1000,1,deterministic,20.0,1,200,lo,1.0,0.42,0.5,0.05,dead-reckoned-heading-hold,off,,,2.649,0.5676
12,stepping_stones_randomly_arranged,1,0,1,1,heading-only,0.04,2.57216033935547,1.3064605712890511,1.7183378805750098,0.9920736806234839,3.595365017685024,0,roll,8.72,12.960401701267102,1.486284598769163,0.32998737692832947,0.18029361689856307,-0.07953433815492532,-0.70465087890625,0.9222687816818926,0.14387952450251995,1,8.72,87.32793247995812,2.04107399795673,87.32793247995812,16.105642312052066,,,,,,,off,5.0,legged_eval-seed1,,n/a,settle,0.0,auto,hold,8.0,0.8,2.0,1.0,0,WALK,first,on,1000,1,deterministic,20.0,1,200,lo,1.0,0.42,0.5,0.05,dead-reckoned-heading-hold,off,,,2.649,0.5676
12,stepping_stones_randomly_arranged,2,0,1,1,heading-only,0.04,1.271327209472659,1.4034683227538949,0.6553384595445864,1.078721863985116,4.8653808648385475,0,roll,4.22,-3.0941083439590784,-0.7332010293741893,0.32675623893737793,0.06429554726840263,-0.14135821735689696,-0.612823486328125,0.3641745611359379,-0.19903045522220947,1,4.22,88.9731629186636,1.8046847667185961,88.9731629186636,7.606207369957988,,,,,,,off,5.0,legged_eval-seed1,,n/a,settle,0.0,auto,hold,8.0,0.8,2.0,1.0,0,WALK,first,on,1000,1,deterministic,20.0,1,200,lo,1.0,0.42,0.5,0.05,dead-reckoned-heading-hold,off,,,2.649,0.5676
12,stepping_stones_randomly_arranged,3,0,2,1,heading-only,0.04,2.073483276367199,2.6532165527343636,1.2566058289719262,0.8160683951281256,4.079157853094282,0,roll,5.26,-28.09518397193787,-5.3412897285052985,0.3211996555328369,0.20408427307361196,0.12418565641337712,0.6525650024414062,0.8511352288188107,-0.45678724117926756,1,5.26,-88.3754587908771,0.5558389528554799,88.3754587908771,18.954614820079087,,,,,,,off,5.0,legged_eval-seed1,,n/a,settle,0.0,auto,hold,8.0,0.8,2.0,1.0,0,WALK,first,on,1000,1,deterministic,20.0,1,200,lo,1.0,0.42,0.5,0.05,dead-reckoned-heading-hold,off,,,2.649,0.5676
12,stepping_stones_randomly_arranged,4,0,2,1,heading-only,0.04,2.4648498535156307,2.3598434448242074,1.5084006092970519,0.2568049219837015,3.8519948015102665,0,roll,8.84,128.92258733056428,14.584003091692793,0.33078595995903015,0.16570699700403063,0.04070627203893749,0.3245849609375,1.1514988271745676,1.5360779971462541,1,8.84,86.63028421162922,-4.279527418993141,86.63028421162922,40.503154021586866,,,,,,,off,5.0,legged_eval-seed1,,n/a,settle,0.0,auto,hold,8.0,0.8,2.0,1.0,0,WALK,first,on,1000,1,deterministic,20.0,1,200,lo,1.0,0.42,0.5,0.05,dead-reckoned-heading-hold,off,,,2.649,0.5676
12,stepping_stones_randomly_arranged,5,0,2,1,heading-only,0.04,1.9827880859375,2.4825241088867074,1.0948524729467464,0.7502073327276555,3.9964484091173085,0,roll,5.26,-20.23546823393275,-3.84704719276288,0.3350518047809601,0.1868418414329848,0.09173462146135122,0.47440338134765625,0.7550119095588275,-0.359360834159836,1,5.26,-87.17222844904002,0.12150508723951357,87.17222844904002,24.476207485042835,,,,,,,off,5.0,legged_eval-seed1,,n/a,settle,0.0,auto,hold,8.0,0.8,2.0,1.0,0,WALK,first,on,1000,1,deterministic,20.0,1,200,lo,1.0,0.42,0.5,0.05,dead-reckoned-heading-hold,off,,,2.649,0.5676
12,stepping_stones_randomly_arranged,6,0,1,1,heading-only,0.04,2.4688354492187727,2.098117065429676,1.4721088734907637,0.4258334406201865,3.482546997262825,0,roll,15.200000000000001,-29.839086302815502,-1.9630977830799672,0.3318113386631012,0.09663391113281398,0.0064550700940576395,0.10253143310546875,0.7566289326414668,-0.35456000333316046,1,15.200000000000001,-86.76745874785281,19.02335143886905,86.76745874785281,22.1299045047117,,,,,,,off,5.0,legged_eval-seed1,,n/a,settle,0.0,auto,hold,8.0,0.8,2.0,1.0,0,WALK,first,on,1000,1,deterministic,20.0,1,200,lo,1.0,0.42,0.5,0.05,dead-reckoned-heading-hold,off,,,2.649,0.5676
12,stepping_stones_randomly_arranged,7,0,1,1,heading-only,0.04,1.8665191650390796,1.1906082153320199,1.185736279477035,1.0013452963487501,4.162923346709773,0,roll,5.9,-5.803499120179168,-0.9836439186744352,0.32573238015174866,0.1468676550913694,-0.13718504824881017,-0.82177734375,0.5030666067348656,-0.11689316505671567,1,5.9,87.77253792357602,15.352048091436188,87.77253792357602,17.70467933773455,,,,,,,off,5.0,legged_eval-seed1,,n/a,settle,0.0,auto,hold,8.0,0.8,2.0,1.0,0,WALK,first,on,1000,1,deterministic,20.0,1,200,lo,1.0,0.42,0.5,0.05,dead-reckoned-heading-hold,off,,,2.649,0.5676
12,stepping_stones_randomly_arranged,8,0,2,1,heading-only,0.04,1.8965270996093864,2.581813049316395,1.0687690417900682,0.8136895952165927,4.045528604337966,0,roll,6.22,-0.31522695631193187,-0.05067957496976397,0.3289282023906708,0.14413618964781133,0.0935390754527966,0.5775299072265625,0.3730402785494866,-0.006136733938193976,1,6.22,-87.09221022309224,2.581233153662169,87.09221022309224,24.942614276232607,,,,,,,off,5.0,legged_eval-seed1,,n/a,settle,0.0,auto,hold,8.0,0.8,2.0,1.0,0,WALK,first,on,1000,1,deterministic,20.0,1,200,lo,1.0,0.42,0.5,0.05,dead-reckoned-heading-hold,off,,,2.649,0.5676
12,stepping_stones_randomly_arranged,9,0,2,1,heading-only,0.04,1.952124023437534,2.6092025756835824,1.1303397428323878,0.7838742045598502,3.6983951815079528,0,roll,5.46,-21.131014324978224,-3.8701491437689057,0.34031611680984497,0.17438168927427364,0.11157556331201142,0.6129531860351562,0.6483463961231944,-0.3873505606185907,1,5.46,-89.47339347344558,11.409924124546933,89.47339347344558,21.95515849648164,,,,,,,off,5.0,legged_eval-seed1,,n/a,settle,0.0,auto,hold,8.0,0.8,2.0,1.0,0,WALK,first,on,1000,1,deterministic,20.0,1,200,lo,1.0,0.42,0.5,0.05,dead-reckoned-heading-hold,off,,,2.649,0.5676
13,staircase_walking_full_width,0,0,0,1,heading-only,0.04,1.421683430671692,1.2637451171874972,0.8484622373260344,0.9362271662502195,14.3472201824379,0,roll,4.5,-6.972459962780846,-1.5494355472846324,0.32666149735450745,0.09370742903815375,-0.1636121961805562,-0.73114013671875,0.4297799605721584,-0.28858706428224,1,4.5,87.68607426318054,0.35576582977649046,87.68607426318054,14.630543000152276,,,,,,,off,5.0,legged_eval-seed1,,n/a,settle,0.0,auto,hold,8.0,0.8,2.0,1.0,0,WALK,first,on,1000,1,deterministic,20.0,1,200,lo,1.0,0.42,0.5,0.05,dead-reckoned-heading-hold,off,,,2.649,0.5676
13,staircase_walking_full_width,1,0,0,1,heading-only,0.04,1.3018508911132827,2.609997558593747,0.6805960490307116,0.9270971900128107,14.461020354529426,0,roll,4.76,11.900227889323247,2.5000478759082454,0.31972822546958923,0.06341405275489131,0.1281507476037284,0.6010360717773438,0.28565119932648514,0.6880819786230091,1,4.76,-87.22884900816618,3.364101673690128,87.22884900816618,16.287734284633068,,,,,,,off,5.0,legged_eval-seed1,,n/a,settle,0.0,auto,hold,8.0,0.8,2.0,1.0,0,WALK,first,on,1000,1,deterministic,20.0,1,200,lo,1.0,0.42,0.5,0.05,dead-reckoned-heading-hold,off,,,2.649,0.5676
13,staircase_walking_full_width,2,0,0,1,heading-only,0.04,1.4768707275390653,2.8934906005859347,1.0127838585399414,1.035369349092835,11.557717494522068,0,roll,8.46,27.935097135661266,3.302020938021426,0.3282415270805359,0.056367698290669656,0.10561354616855019,0.8878707885742188,0.3004849902582058,1.0224142387556912,1,8.46,-89.91711560387832,1.5622687876454686,89.91711560387832,15.427615281600081,,,,,,,off,5.0,legged_eval-seed1,,n/a,settle,0.0,auto,hold,8.0,0.8,2.0,1.0,0,WALK,first,on,1000,1,deterministic,20.0,1,200,lo,1.0,0.42,0.5,0.05,dead-reckoned-heading-hold,off,,,2.649,0.5676
13,staircase_walking_full_width,3,0,0,1,heading-only,0.04,1.4802673339843864,2.512821960449216,0.7025973777430765,0.7301427307332962,11.53114161996054,0,roll,9.0,32.47322541233174,3.6081361569257493,0.33575499057769775,0.05336303710937626,0.05698021782769066,0.5126876831054688,0.2199851826270598,1.1801025430680403,1,9.0,-88.73587616547367,7.132881265693631,88.73587616547367,12.631316584953453,,,,,,,off,5.0,legged_eval-seed1,,n/a,settle,0.0,auto,hold,8.0,0.8,2.0,1.0,0,WALK,first,on,1000,1,deterministic,20.0,1,200,lo,1.0,0.42,0.5,0.05,dead-reckoned-heading-hold,off,,,2.649,0.5676
13,staircase_walking_full_width,4,0,0,1,heading-only,0.04,1.3016418457031307,1.3952835083007784,0.6757735111797488,0.9237890164999499,11.713977357906113,0,roll,5.84,-9.387899593387345,-1.6075170536622168,0.33490076661109924,0.05165100097656347,-0.1035473444690448,-0.5876083374023438,0.30001275982749026,-0.5431930618555604,1,5.84,87.72858716039332,1.501347380190855,87.72858716039332,15.380065499872027,,,,,,,off,5.0,legged_eval-seed1,,n/a,settle,0.0,auto,hold,8.0,0.8,2.0,1.0,0,WALK,first,on,1000,1,deterministic,20.0,1,200,lo,1.0,0.42,0.5,0.05,dead-reckoned-heading-hold,off,,,2.649,0.5676
13,staircase_walking_full_width,5,0,0,1,heading-only,0.04,1.3973541259765625,1.4024475097656222,0.7176066332022748,0.848676044237599,11.618023078672998,0,roll,3.24,11.557974868086745,3.5672761938539335,0.33049362897872925,0.12264016233844521,-0.18442978093653636,-0.5984649658203125,0.4670306361084645,0.5076698670615276,1,3.24,89.11683353891979,-5.83938631594298,89.11683353891979,11.427587560004305,,,,,,,off,5.0,legged_eval-seed1,,n/a,settle,0.0,auto,hold,8.0,0.8,2.0,1.0,0,WALK,first,on,1000,1,deterministic,20.0,1,200,lo,1.0,0.42,0.5,0.05,dead-reckoned-heading-hold,off,,,2.649,0.5676
13,staircase_walking_full_width,6,0,0,1,heading-only,0.04,1.4759765625000227,2.5387542724609347,0.7188948839324488,0.7515695105206195,11.536610089369567,0,roll,8.88,29.279318416976707,3.2972205424523318,0.34189802408218384,0.05360096424549805,0.060670526178033174,0.5407257080078125,0.2169323005873029,1.0736253617866598,1,8.88,-87.36781300569196,4.64250380758131,87.36781300569196,12.312873946507798,,,,,,,off,5.0,legged_eval-seed1,,n/a,settle,0.0,auto,hold,8.0,0.8,2.0,1.0,0,WALK,first,on,1000,1,deterministic,20.0,1,200,lo,1.0,0.42,0.5,0.05,dead-reckoned-heading-hold,off,,,2.649,0.5676
13,staircase_walking_full_width,7,0,0,1,heading-only,0.04,1.464404296875017,2.554028320312497,0.7229237377927674,0.7705907713658604,11.548892397354093,0,roll,9.08,39.56052168188887,4.356885647785118,0.3307030498981476,0.051145847673460025,0.0610163348361781,0.5497970581054688,0.16281245964716207,1.486767805125167,1,9.08,-87.10760935865524,0.12796416051035892,87.10760935865524,20.060156054824347,,,,,,,off,5.0,legged_eval-seed1,,n/a,settle,0.0,auto,hold,8.0,0.8,2.0,1.0,0,WALK,first,on,1000,1,deterministic,20.0,1,200,lo,1.0,0.42,0.5,0.05,dead-reckoned-heading-hold,off,,,2.649,0.5676
13,staircase_walking_full_width,8,0,0,1,heading-only,0.04,1.3551147460937614,2.6909988403320284,0.7769078968793178,0.9451753213271715,8.921684990936345,0,roll,6.5200000000000005,41.42744148331931,6.35390206799376,0.3323119282722473,0.05446545185487137,0.1059814172288387,0.6745147705078125,0.2045683928223934,2.0360890740659334,1,6.5200000000000005,-88.03395690361096,-1.5158898633379987,88.03395690361096,17.964966798366287,,,,,,,off,5.0,legged_eval-seed1,,n/a,settle,0.0,auto,hold,8.0,0.8,2.0,1.0,0,WALK,first,on,1000,1,deterministic,20.0,1,200,lo,1.0,0.42,0.5,0.05,dead-reckoned-heading-hold,off,,,2.649,0.5676
13,staircase_walking_full_width,9,0,0,1,heading-only,0.04,1.493353271484409,2.6403472900390597,0.8083576574417642,0.8165387678340316,8.780028848465316,0,roll,10.8,20.924518678217993,1.9374554331683325,0.3336957097053528,0.045680858470778615,0.059291415744357374,0.6427154541015625,0.3162930078717022,0.740243891017751,1,10.8,-87.37955354655124,-5.825585475870283,87.37955354655124,17.524515757944535,,,,,,,off,5.0,legged_eval-seed1,,n/a,settle,0.0,auto,hold,8.0,0.8,2.0,1.0,0,WALK,first,on,1000,1,deterministic,20.0,1,200,lo,1.0,0.42,0.5,0.05,dead-reckoned-heading-hold,off,,,2.649,0.5676
14,staircase_walking,0,0,0,1,heading-only,0.04,1.2715694904327393,2.6812728881835852,0.7334048924761148,0.7185494039209568,4.2829612795837,0,roll,5.72,-24.392541726491743,-4.264430371764291,0.339278906583786,0.047477183642087285,0.11910365178034707,0.6921539306640625,0.5714559079453311,-1.5676656659000707,1,5.72,-87.32931176228385,-1.252780082885088,87.32931176228385,29.599211902147054,,,,,,,off,5.0,legged_eval-seed1,,n/a,settle,0.0,auto,hold,8.0,0.8,2.0,1.0,0,WALK,first,on,1000,1,deterministic,20.0,1,200,lo,1.0,0.42,0.5,0.05,dead-reckoned-heading-hold,off,,,2.649,0.5676
14,staircase_walking,1,0,0,1,heading-only,0.04,0.6988159179687514,2.6335510253906165,0.7014975075098324,1.02141217687756,4.842804506824919,0,roll,2.7600000000000002,33.49106080800573,12.134442321741204,0.3365570902824402,-0.10912466740262629,0.22954747296761466,0.6123504638671875,0.4401094477559742,-1.9407708307263267,1,2.7600000000000002,-87.0870587760929,2.0738896605134873,87.0870587760929,13.250808021687279,,,,,,,off,5.0,legged_eval-seed1,,n/a,settle,0.0,auto,hold,8.0,0.8,2.0,1.0,0,WALK,first,on,1000,1,deterministic,20.0,1,200,lo,1.0,0.42,0.5,0.05,dead-reckoned-heading-hold,off,,,2.649,0.5676
14,staircase_walking,2,0,0,1,heading-only,0.04,1.1569091796875028,1.4442733764648352,0.5774535226111274,0.6531028947175912,4.378500879706258,0,roll,4.04,-14.278989406552853,-3.5344033184536765,0.317024290561676,0.038838905863243275,-0.13755609493444673,-0.563385009765625,0.2983408495422729,-1.5882778783119686,1,4.04,89.8481167974843,3.9020341638647102,89.8481167974843,17.343262936281157,,,,,,,off,5.0,legged_eval-seed1,,n/a,settle,0.0,auto,hold,8.0,0.8,2.0,1.0,0,WALK,first,on,1000,1,deterministic,20.0,1,200,lo,1.0,0.42,0.5,0.05,dead-reckoned-heading-hold,off,,,2.649,0.5676
14,staircase_walking,3,0,1,1,heading-only,0.04,1.4555557250976676,2.596670532226554,0.750697504123186,0.9935579650692816,4.088220299447887,0,roll,6.18,29.846582734717344,4.829544131831286,0.33276861906051636,0.07371451862421806,0.09654862981012201,0.6065216064453125,0.2082698110051509,1.143485001923814,1,6.18,-86.87453564802475,-0.030551382276194344,86.87453564802475,14.002941916696278,,,,,,,off,5.0,legged_eval-seed1,,n/a,settle,0.0,auto,hold,8.0,0.8,2.0,1.0,0,WALK,first,on,1000,1,deterministic,20.0,1,200,lo,1.0,0.42,0.5,0.05,dead-reckoned-heading-hold,off,,,2.649,0.5676
14,staircase_walking,4,0,1,1,heading-only,0.04,1.4934448242187557,1.482778930664054,0.7148464374348509,0.895930025045114,3.7424682905370976,0,roll,8.34,5.043652668199883,0.6047545165707293,0.32965201139450073,0.05916604606939517,-0.06201691478848274,-0.5236892700195312,0.3570125335361331,0.17839551874205092,1,8.34,89.12156654526407,-9.283147730744666,89.12156654526407,12.567382230535506,,,,,,,off,5.0,legged_eval-seed1,,n/a,settle,0.0,auto,hold,8.0,0.8,2.0,1.0,0,WALK,first,on,1000,1,deterministic,20.0,1,200,lo,1.0,0.42,0.5,0.05,dead-reckoned-heading-hold,off,,,2.649,0.5676
14,staircase_walking,5,0,1,1,heading-only,0.04,1.4279327392578125,1.2852539062499915,0.8330596664462822,1.070597121553174,3.8391865542187293,0,roll,5.94,-32.09338399828749,-5.402926599038298,0.32706668972969055,0.07204254869660143,-0.12032762521043913,-0.7037506103515625,0.22354780796547385,-1.3089328473639397,1,5.94,91.15159286015694,0.6967324706241107,91.15159286015694,16.357810464022414,,,,,,,off,5.0,legged_eval-seed1,,n/a,settle,0.0,auto,hold,8.0,0.8,2.0,1.0,0,WALK,first,on,1000,1,deterministic,20.0,1,200,lo,1.0,0.42,0.5,0.05,dead-reckoned-heading-hold,off,,,2.649,0.5676
14,staircase_walking,6,0,1,1,heading-only,0.04,1.4479766845703352,2.5867446899413977,0.7382089413526882,0.9736706650072838,3.7976240322999533,0,roll,7.54,24.430990778103876,3.2401844533294266,0.33114996552467346,0.05941335339129115,0.07781759813546389,0.5830841064453125,0.1893205904269089,0.9518379935582033,1,7.54,-91.19453563050664,0.7807994984390546,91.19453563050664,17.381521638604923,,,,,,,off,5.0,legged_eval-seed1,,n/a,settle,0.0,auto,hold,8.0,0.8,2.0,1.0,0,WALK,first,on,1000,1,deterministic,20.0,1,200,lo,1.0,0.42,0.5,0.05,dead-reckoned-heading-hold,off,,,2.649,0.5676
14,staircase_walking,7,0,1,1,heading-only,0.04,1.486682128906267,2.538778686523429,0.7260454308434477,0.9139998642386579,3.7522009654116517,0,roll,9.16,22.091266023057017,2.4117102645258752,0.3258356750011444,0.05313123678016016,0.05881863389993766,0.5538177490234375,0.15939167109766478,0.7922323527736453,1,9.16,-90.44949146331327,0.6868997944240486,90.44949146331327,16.978182040540556,,,,,,,off,5.0,legged_eval-seed1,,n/a,settle,0.0,auto,hold,8.0,0.8,2.0,1.0,0,WALK,first,on,1000,1,deterministic,20.0,1,200,lo,1.0,0.42,0.5,0.05,dead-reckoned-heading-hold,off,,,2.649,0.5676
14,staircase_walking,8,0,1,1,heading-only,0.04,1.7581298828125114,1.6137451171874915,0.850854719508458,0.6059377367512154,3.463475528726115,0,roll,5.4,37.373573287719296,6.921032090318388,0.3379058539867401,0.14039442274305766,-0.0715286820023164,-0.38675689697265625,0.6782180481349955,0.8603959847700902,1,5.4,88.40042014366911,1.4527962835853148,88.40042014366911,9.520692842379184,,,,,,,off,5.0,legged_eval-seed1,,n/a,settle,0.0,auto,hold,8.0,0.8,2.0,1.0,0,WALK,first,on,1000,1,deterministic,20.0,1,200,lo,1.0,0.42,0.5,0.05,dead-reckoned-heading-hold,off,,,2.649,0.5676
14,staircase_walking,9,0,1,1,heading-only,0.04,1.475347900390659,1.4213012695312415,0.7488977547382292,0.9470324657026707,3.7693401920986567,0,roll,8.84,-27.22163329067382,-3.0793702817504323,0.32859060168266296,0.053772386922020264,-0.06546365729284599,-0.576263427734375,0.16086034697593118,-0.9994934831989277,1,8.84,89.11400413993746,-0.2255000258271562,89.11400413993746,16.594244717170152,,,,,,,off,5.0,legged_eval-seed1,,n/a,settle,0.0,auto,hold,8.0,0.8,2.0,1.0,0,WALK,first,on,1000,1,deterministic,20.0,1,200,lo,1.0,0.42,0.5,0.05,dead-reckoned-heading-hold,off,,,2.649,0.5676
15,staircase_climbing,0,0,1,1,heading-only,0.04,1.546097993850708,2.5260162353515625,0.758232219535149,1.2909310670815293,9.66822201980213,0,roll,5.42,2.0101606226492095,0.3708783436622158,0.32207924127578735,0.1007560874263299,0.0970509659320226,0.5305328369140625,0.27557398611628875,0.06424473584270157,1,5.42,-88.46543588189114,0.5306558105599045,88.46543588189114,18.995376077429867,,,,,,,off,5.0,legged_eval-seed1,,n/a,settle,0.0,auto,hold,8.0,0.8,2.0,1.0,0,WALK,first,on,1000,1,deterministic,20.0,1,200,lo,1.0,0.42,0.5,0.05,dead-reckoned-heading-hold,off,,,2.649,0.5676
15,staircase_climbing,1,0,0,1,heading-only,0.04,1.3612228393554702,2.8935317993164062,0.9637847353333846,0.9042445336888535,9.879267943183347,0,roll,7.4,26.466310600847947,3.576528459574047,0.3359532654285431,0.04881389721019867,0.12074754044816301,0.8762359619140625,0.3859679422221043,1.2787792202300574,1,7.4,-86.34887689149394,6.40224007749242,86.34887689149394,12.516453302798867,,,,,,,off,5.0,legged_eval-seed1,,n/a,settle,0.0,auto,hold,8.0,0.8,2.0,1.0,0,WALK,first,on,1000,1,deterministic,20.0,1,200,lo,1.0,0.42,0.5,0.05,dead-reckoned-heading-hold,off,,,2.649,0.5676
15,staircase_climbing,2,0,1,1,heading-only,0.04,1.9985763549804716,1.286773681640625,1.2271293810868327,1.018029023772858,9.229024264586425,1,timeout,20.0,-33.708051326320316,-1.6854025663160157,0.32414954900741577,0.04992881774902358,-0.03566131591796875,-0.71783447265625,0.4001444824827243,-0.5891552279815762,0,20.0,-24.48255237829493,24.599412385571235,26.342783913970482,24.599412385571235,,,,,,,off,5.0,legged_eval-seed1,,n/a,settle,0.0,auto,hold,8.0,0.8,2.0,1.0,0,WALK,first,on,1000,1,deterministic,20.0,1,200,lo,1.0,0.42,0.5,0.05,dead-reckoned-heading-hold,off,,,2.649,0.5676
15,staircase_climbing,3,0,1,1,heading-only,0.04,1.3622482299804801,2.9260177612304688,0.9943503780047958,1.6476047101187858,9.881238221125757,0,roll,19.2,26.652122316958184,1.3881313706749054,0.32585135102272034,0.01886709531148334,0.048230091730753585,0.9270172119140625,0.35136861317810153,1.2841119668141534,1,19.2,-86.07907272250105,3.587004503995697,86.07907272250105,17.37066828298426,,,,,,,off,5.0,legged_eval-seed1,,n/a,settle,0.0,auto,hold,8.0,0.8,2.0,1.0,0,WALK,first,on,1000,1,deterministic,20.0,1,200,lo,1.0,0.42,0.5,0.05,dead-reckoned-heading-hold,off,,,2.649,0.5676
15,staircase_climbing,4,0,0,1,heading-only,0.04,0.7459167480468807,2.6230392456054688,0.6728567458885315,0.9781714841687132,10.472632646108194,0,roll,4.12,19.2093071752424,4.662453197874369,0.33434444665908813,-0.0616706922216309,0.15122311786540504,0.6157379150390625,0.4256531473532501,-1.319511044737458,1,4.12,-89.28215801588641,2.1681104884158775,89.28215801588641,17.228158550623363,,,,,,,off,5.0,legged_eval-seed1,,n/a,settle,0.0,auto,hold,8.0,0.8,2.0,1.0,0,WALK,first,on,1000,1,deterministic,20.0,1,200,lo,1.0,0.42,0.5,0.05,dead-reckoned-heading-hold,off,,,2.649,0.5676
15,staircase_climbing,5,0,1,1,heading-only,0.04,1.4178009033203125,1.4197845458984375,0.7149878096817815,1.407367932242475,9.499934193574788,0,roll,18.76,-32.12260868814565,-1.7122925739949704,0.3262651264667511,0.02227083706398254,-0.03092832910989139,-0.6032638549804688,0.20422700024140755,-1.3418958204311298,1,18.76,88.17661944380384,-3.1402456323355277,88.17661944380384,12.654980330940887,,,,,,,off,5.0,legged_eval-seed1,,n/a,settle,0.0,auto,hold,8.0,0.8,2.0,1.0,0,WALK,first,on,1000,1,deterministic,20.0,1,200,lo,1.0,0.42,0.5,0.05,dead-reckoned-heading-hold,off,,,2.649,0.5676
15,staircase_climbing,6,0,1,1,heading-only,0.04,1.6301971435547102,1.9591903686523438,0.6315171143803212,1.070580953346924,9.269892686723622,1,timeout,20.0,-3.409410382491842,-0.1704705191245921,0.3300003409385681,0.03150985717773551,-0.0020404815673828124,-0.0182037353515625,0.11950873079429161,-0.09442352656585144,0,20.0,4.052899518066946,-2.025303636661411,11.310536187180062,8.235706651943023,,,,,,,off,5.0,legged_eval-seed1,,n/a,settle,0.0,auto,hold,8.0,0.8,2.0,1.0,0,WALK,first,on,1000,1,deterministic,20.0,1,200,lo,1.0,0.42,0.5,0.05,dead-reckoned-heading-hold,off,,,2.649,0.5676
15,staircase_climbing,7,0,1,1,heading-only,0.04,1.6904327392578296,1.4990768432617188,0.8530072545973537,1.1270093446458513,9.22318020744964,0,roll,6.66,29.687620040940175,4.457600606747774,0.33669719099998474,0.10366857946814258,-0.07521368719794012,-0.5162277221679688,0.7140153038730179,0.7504666093216177,1,6.66,87.97367601225817,-6.375992559015569,87.97367601225817,13.355813325045037,,,,,,,off,5.0,legged_eval-seed1,,n/a,settle,0.0,auto,hold,8.0,0.8,2.0,1.0,0,WALK,first,on,1000,1,deterministic,20.0,1,200,lo,1.0,0.42,0.5,0.05,dead-reckoned-heading-hold,off,,,2.649,0.5676
15,staircase_climbing,8,0,1,1,heading-only,0.04,1.6948974609375114,1.7733383178710938,0.7309295447325314,1.030342968227252,9.207892716186466,1,timeout,20.0,-40.170069408032504,-2.0085034704016254,0.32557299733161926,0.03474487304687557,-0.011333084106445313,-0.2369232177734375,0.31189066715818636,-1.008925793136353,0,20.0,0.41046834670230026,-1.6359824493085675,9.686924227462839,7.464243312198845,,,,,,,off,5.0,legged_eval-seed1,,n/a,settle,0.0,auto,hold,8.0,0.8,2.0,1.0,0,WALK,first,on,1000,1,deterministic,20.0,1,200,lo,1.0,0.42,0.5,0.05,dead-reckoned-heading-hold,off,,,2.649,0.5676
15,staircase_climbing,9,0,1,1,heading-only,0.04,1.277319335937534,2.7899169921875,0.8371826972838019,1.6272643074939406,9.655048006978928,0,roll,14.86,46.91568580755094,3.1571793948553797,0.3286706507205963,0.01866213566201441,0.05315726730736878,0.7693328857421875,0.2690335409114323,2.952672540501756,1,14.86,-88.55289010593646,14.676515283491444,88.55289010593646,18.437790191131068,,,,,,,off,5.0,legged_eval-seed1,,n/a,settle,0.0,auto,hold,8.0,0.8,2.0,1.0,0,WALK,first,on,1000,1,deterministic,20.0,1,200,lo,1.0,0.42,0.5,0.05,dead-reckoned-heading-hold,off,,,2.649,0.5676
16,staircase_spiral,0,0,0,1,heading-only,0.04,1.5818485021591187,1.4823699951171818,0.7787737164413012,1.9304579735633995,3.5786230293261667,0,roll,5.78,-4.830896386388986,-0.835795222558648,0.3259632885456085,0.10066583082337692,-0.08955536416657754,-0.5324554443359375,0.2571742541227019,-0.14490893669453198,1,5.78,86.67628270293879,6.04397753787587,86.67628270293879,11.395602175137268,,,,,,,off,5.0,legged_eval-seed1,,n/a,settle,0.0,auto,hold,8.0,0.8,2.0,1.0,0,WALK,first,on,1000,1,deterministic,20.0,1,200,lo,1.0,0.42,0.5,0.05,dead-reckoned-heading-hold,off,,,2.649,0.5676
16,staircase_spiral,1,0,0,1,heading-only,0.04,3.7233520507812514,1.9808593749999943,2.723419313293463,0.3470739120812735,1.4153437432226774,1,timeout,20.0,2.2941878820323893,0.11470939410161947,0.33331552147865295,0.13616760253906257,-0.0009570312500002843,-0.01300048828125,0.6872186320401822,0.014702885067442457,0,20.0,3.1418126968891933,-1.8685128944546918,20.465199740824257,9.915400713250595,,,,,,,off,5.0,legged_eval-seed1,,n/a,settle,0.0,auto,hold,8.0,0.8,2.0,1.0,0,WALK,first,on,1000,1,deterministic,20.0,1,200,lo,1.0,0.42,0.5,0.05,dead-reckoned-heading-hold,off,,,2.649,0.5676
16,staircase_spiral,2,0,0,1,heading-only,0.04,1.8277313232421903,1.3335968017578068,1.0626534553200733,1.7499461472148345,3.438339009499079,0,roll,6.1000000000000005,0.6640145065046568,0.10885483713191094,0.32666394114494324,0.13569365954790005,-0.10924642594134314,-0.6610870361328125,0.5135305402995198,0.014001209201697212,1,6.1000000000000005,92.0247314154866,-11.58105235554674,92.0247314154866,12.636421022358801,,,,,,,off,5.0,legged_eval-seed1,,n/a,settle,0.0,auto,hold,8.0,0.8,2.0,1.0,0,WALK,first,on,1000,1,deterministic,20.0,1,200,lo,1.0,0.42,0.5,0.05,dead-reckoned-heading-hold,off,,,2.649,0.5676
16,staircase_spiral,3,0,0,1,heading-only,0.04,2.245114135742199,2.678201293945307,1.417838568432292,1.6375049411828375,2.9886215756670085,0,roll,12.9,3.8403386261869343,0.29770066869666156,0.3356088101863861,0.09652047563893014,0.05257374371669045,0.6843414306640625,0.39141783972288835,0.05383165405838392,1,12.9,-93.67234591635611,0.849445106629862,93.67234591635611,14.08995096802554,,,,,,,off,5.0,legged_eval-seed1,,n/a,settle,0.0,auto,hold,8.0,0.8,2.0,1.0,0,WALK,first,on,1000,1,deterministic,20.0,1,200,lo,1.0,0.42,0.5,0.05,dead-reckoned-heading-hold,off,,,2.649,0.5676
16,staircase_spiral,4,0,0,1,heading-only,0.04,0.7810882568359432,1.3767333984374943,0.6605933756240681,2.8153105640819915,4.518376933927414,0,roll,8.56,-66.19060850987626,-7.732547723116385,0.3281498849391937,-0.025573801771501963,-0.07281151887412449,-0.628936767578125,0.24222174257217124,5.277213710413677,1,8.56,91.20501602649306,6.395428948089228,91.20501602649306,9.410813380693382,,,,,,,off,5.0,legged_eval-seed1,,n/a,settle,0.0,auto,hold,8.0,0.8,2.0,1.0,0,WALK,first,on,1000,1,deterministic,20.0,1,200,lo,1.0,0.42,0.5,0.05,dead-reckoned-heading-hold,off,,,2.649,0.5676
16,staircase_spiral,5,0,0,1,heading-only,0.04,1.9783477783203125,2.660379028320307,1.180366399212365,1.882307717445853,3.3220626636560717,0,roll,8.38,1.3770937413871707,0.16433099539226378,0.3297051787376404,0.11674794490695851,0.07880417999049007,0.6664886474609375,0.5049867788129265,0.02456674449353571,1,8.38,-87.71710589470698,8.205213466849589,87.71710589470698,34.35443940454187,,,,,,,off,5.0,legged_eval-seed1,,n/a,settle,0.0,auto,hold,8.0,0.8,2.0,1.0,0,WALK,first,on,1000,1,deterministic,20.0,1,200,lo,1.0,0.42,0.5,0.05,dead-reckoned-heading-hold,off,,,2.649,0.5676
16,staircase_spiral,6,0,0,1,heading-only,0.04,1.1392608642578352,1.416520690917963,0.5998680625276614,2.4935717411950686,4.225913911355606,0,roll,2.88,5.472052294792007,1.9000181579138915,0.32098454236984253,0.048354466756192795,-0.20259698232015172,-0.5770339965820312,0.3705708237009275,0.6858016420794866,1,2.88,90.4538767794404,-1.2538817451532964,90.4538767794404,12.742925948846903,,,,,,,off,5.0,legged_eval-seed1,,n/a,settle,0.0,auto,hold,8.0,0.8,2.0,1.0,0,WALK,first,on,1000,1,deterministic,20.0,1,200,lo,1.0,0.42,0.5,0.05,dead-reckoned-heading-hold,off,,,2.649,0.5676
16,staircase_spiral,7,0,0,1,heading-only,0.04,4.2638275146484546,2.450662231445307,3.294793846696265,0.9785303618121977,1.111898362386895,1,timeout,20.0,1.7244112599123582,0.08622056299561791,0.3297545909881592,0.16319137573242273,0.02253311157226534,0.429840087890625,0.7691791624526403,0.009221275943307945,0,20.0,-4.730903022086898,-2.6516574089072944,11.215990922062087,6.487365375840983,,,,,,,off,5.0,legged_eval-seed1,,n/a,settle,0.0,auto,hold,8.0,0.8,2.0,1.0,0,WALK,first,on,1000,1,deterministic,20.0,1,200,lo,1.0,0.42,0.5,0.05,dead-reckoned-heading-hold,off,,,2.649,0.5676
16,staircase_spiral,8,0,0,1,heading-only,0.04,4.220318603515636,1.7788482666015568,3.2279033438648743,0.5702406066628551,1.2065314652984764,1,timeout,20.0,-4.802514475380946,-0.24012572376904728,0.3334752917289734,0.1610159301757818,-0.011057586669922159,-0.2187957763671875,1.1139680378774635,-0.026028384234584527,0,20.0,10.036417221138205,-0.1943600571573232,17.568793937495162,9.545257915221036,,,,,,,off,5.0,legged_eval-seed1,,n/a,settle,0.0,auto,hold,8.0,0.8,2.0,1.0,0,WALK,first,on,1000,1,deterministic,20.0,1,200,lo,1.0,0.42,0.5,0.05,dead-reckoned-heading-hold,off,,,2.649,0.5676
16,staircase_spiral,9,0,0,1,heading-only,0.04,3.463629150390659,2.6850219726562443,2.5570928207001895,1.007445245499824,2.018488252350932,0,roll,15.860000000000001,4.872413276359964,0.3072139518511957,0.34179720282554626,0.15533601200445515,0.04319180155461817,0.67431640625,0.7093597645204746,0.03451804188015919,1,15.860000000000001,-86.87623971542104,0.34489484040887197,86.87623971542104,18.83313498097959,,,,,,,off,5.0,legged_eval-seed1,,n/a,settle,0.0,auto,hold,8.0,0.8,2.0,1.0,0,WALK,first,on,1000,1,deterministic,20.0,1,200,lo,1.0,0.42,0.5,0.05,dead-reckoned-heading-hold,off,,,2.649,0.5676
17,squeeze,0,0,3,1,heading-only,0.04,3.6722347736358643,1.8582794189453011,2.67599017347284,0.7704246140346,5.029762210535494,1,timeout,20.0,-11.976428074594821,-0.598821403729741,0.33120226860046387,0.1336117386817932,-0.007086029052734944,-0.14990234375,0.5026749632155543,-0.07822220734204403,0,20.0,4.199714921012987,-5.71070248462903,24.191543770707735,15.097093187336823,,,,,,,off,5.0,legged_eval-seed1,,n/a,settle,0.0,auto,hold,8.0,0.8,2.0,1.0,0,WALK,first,on,1000,1,deterministic,20.0,1,200,lo,1.0,0.42,0.5,0.05,dead-reckoned-heading-hold,off,,,2.649,0.5676
17,squeeze,1,0,0,1,heading-only,0.04,0.9912467956542983,1.4767181396484261,0.5233550649027118,0.7298313012642191,8.175516971714647,0,roll,2.12,-3.1646095669492524,-1.4927403617685153,0.3232092261314392,-0.004128869974387596,-0.24683106620357256,-0.5189208984375,0.33339027924157366,6.310015658494103,1,2.12,86.79795090068545,4.2402502557640105,86.79795090068545,15.574578483520908,,,,,,,off,5.0,legged_eval-seed1,,n/a,settle,0.0,auto,hold,8.0,0.8,2.0,1.0,0,WALK,first,on,1000,1,deterministic,20.0,1,200,lo,1.0,0.42,0.5,0.05,dead-reckoned-heading-hold,off,,,2.649,0.5676
17,squeeze,2,0,2,1,heading-only,0.04,3.3227874755859403,1.9113800048828011,2.3244773950876523,0.2934518180254621,6.177848175158766,1,timeout,20.0,2.3732259240711073,0.11866129620355537,0.3294081389904022,0.11613937377929702,-0.004430999755859944,-0.0962677001953125,0.45668695086510463,0.017832284143118653,0,20.0,-2.2361803471725854,-0.16074033726493087,30.011160362505173,13.585075256763254,,,,,,,off,5.0,legged_eval-seed1,,n/a,settle,0.0,auto,hold,8.0,0.8,2.0,1.0,0,WALK,first,on,1000,1,deterministic,20.0,1,200,lo,1.0,0.42,0.5,0.05,dead-reckoned-heading-hold,off,,,2.649,0.5676
17,squeeze,3,0,1,1,heading-only,0.04,1.4563034057617301,1.4256317138671761,0.7335609901193707,1.1072446708284593,7.5655308626716495,0,roll,4.68,-8.451076924918368,-1.8057856677176,0.3226737380027771,0.09750072772686541,-0.12272826626769741,-0.56512451171875,0.24964880092440156,-0.32324790000836284,1,4.68,87.75362303677908,-4.977691155117005,87.75362303677908,15.923138954990028,,,,,,,off,5.0,legged_eval-seed1,,n/a,settle,0.0,auto,hold,8.0,0.8,2.0,1.0,0,WALK,first,on,1000,1,deterministic,20.0,1,200,lo,1.0,0.42,0.5,0.05,dead-reckoned-heading-hold,off,,,2.649,0.5676
17,squeeze,4,0,0,1,heading-only,0.04,1.2666992187500057,2.7746459960937386,0.8192709518504387,0.8090152494211207,8.120334225844447,0,roll,9.92,35.88900559638387,3.6178433060870834,0.3256511688232422,0.02688500189012154,0.07808931412235269,0.7559967041015625,0.18487159950316717,2.3486432238510493,1,9.92,-88.29894713527536,-1.5928569251905316,88.29894713527536,16.641987539555792,,,,,,,off,5.0,legged_eval-seed1,,n/a,settle,0.0,auto,hold,8.0,0.8,2.0,1.0,0,WALK,first,on,1000,1,deterministic,20.0,1,200,lo,1.0,0.42,0.5,0.05,dead-reckoned-heading-hold,off,,,2.649,0.5676
17,squeeze,5,0,1,1,heading-only,0.04,1.463592529296875,2.668124389648426,0.8132086037807001,1.0836656263103657,8.113961793247894,0,roll,5.64,26.59104030496411,4.71472345832697,0.3203687369823456,0.08219725696753104,0.11846177121425996,0.6511688232421875,0.1339204524107848,1.0010972470933415,1,5.64,-88.54940851458548,1.798663158611635,88.54940851458548,16.33117894730312,,,,,,,off,5.0,legged_eval-seed1,,n/a,settle,0.0,auto,hold,8.0,0.8,2.0,1.0,0,WALK,first,on,1000,1,deterministic,20.0,1,200,lo,1.0,0.42,0.5,0.05,dead-reckoned-heading-hold,off,,,2.649,0.5676
17,squeeze,6,0,1,1,heading-only,0.04,1.3971954345703352,1.3239471435546761,0.784099278121973,1.3225327742006003,8.82872673050067,0,roll,3.24,2.020707123891043,0.6236750382379762,0.3289465308189392,0.12259118350936273,-0.20865828902633451,-0.6478271484375,0.4335504594794805,0.08879254256422836,1,3.24,88.319055650352,-2.8800299673301497,88.319055650352,15.980062255953221,,,,,,,off,5.0,legged_eval-seed1,,n/a,settle,0.0,auto,hold,8.0,0.8,2.0,1.0,0,WALK,first,on,1000,1,deterministic,20.0,1,200,lo,1.0,0.42,0.5,0.05,dead-reckoned-heading-hold,off,,,2.649,0.5676
17,squeeze,7,0,2,1,heading-only,0.04,3.355761718750017,1.9377014160156136,2.356585323958056,0.24585267329781685,6.444539404728159,1,timeout,20.0,6.103075451543447,0.30515377257717236,0.3306337296962738,0.11778808593750086,-0.0031149291992193183,-0.0742340087890625,0.4968026643839696,0.04521627135684689,0,20.0,1.4864285143737455,-4.128426883184794,16.275727446644066,6.981965331895183,,,,,,,off,5.0,legged_eval-seed1,,n/a,settle,0.0,auto,hold,8.0,0.8,2.0,1.0,0,WALK,first,on,1000,1,deterministic,20.0,1,200,lo,1.0,0.42,0.5,0.05,dead-reckoned-heading-hold,off,,,2.649,0.5676
17,squeeze,8,0,1,1,heading-only,0.04,1.7443359375000114,1.9951965332031136,0.7443514365857633,0.7471357255664783,8.70566538768846,1,timeout,20.0,6.613436320275497,0.3306718160137748,0.3249445855617523,0.03721679687500057,-0.00024017333984431842,0.003204345703125,0.1295539878810285,0.15507277405880174,0,20.0,1.4263608124664322,-6.196739882363207,9.671995971230588,9.844706199312567,,,,,,,off,5.0,legged_eval-seed1,,n/a,settle,0.0,auto,hold,8.0,0.8,2.0,1.0,0,WALK,first,on,1000,1,deterministic,20.0,1,200,lo,1.0,0.42,0.5,0.05,dead-reckoned-heading-hold,off,,,2.649,0.5676
17,squeeze,9,0,0,1,heading-only,0.04,1.210607910156284,1.4828826904296761,0.5583601021541991,0.5925859376675787,9.303774272342825,0,roll,3.14,11.256630784348516,3.5849142625313744,0.33244219422340393,0.06707258285231978,-0.16468704126443434,-0.5107421875,0.37585058818496375,0.9328484847622486,1,3.14,90.61481560451587,-14.903615944073136,90.61481560451587,15.076901879449897,,,,,,,off,5.0,legged_eval-seed1,,n/a,settle,0.0,auto,hold,8.0,0.8,2.0,1.0,0,WALK,first,on,1000,1,deterministic,20.0,1,200,lo,1.0,0.42,0.5,0.05,dead-reckoned-heading-hold,off,,,2.649,0.5676
18,agility_poles,0,0,1,1,heading-only,0.04,4.3177490234375,2.6345489501952954,3.377885574248251,0.4140394929688564,13.996642266693,1,timeout,20.0,11.67733362565096,0.5838666812825479,0.3373239040374756,0.165887451171875,0.03172744750976477,0.639495849609375,0.7634580518276811,0.06142957715659036,0,20.0,-5.144683749084473,-2.3955351070389903,14.571861705482197,10.243343033118245,,,,,,,off,5.0,legged_eval-seed1,,n/a,settle,0.0,auto,hold,8.0,0.8,2.0,1.0,0,WALK,first,on,1000,1,deterministic,20.0,1,200,lo,1.0,0.42,0.5,0.05,dead-reckoned-heading-hold,off,,,2.649,0.5676
18,agility_poles,1,0,1,1,heading-only,0.04,1.282254791259767,1.4249847412109204,0.6405546932381081,2.961247282931478,15.978095305733001,0,roll,4.22,-17.56845940882249,-4.16314204000533,0.3285354673862457,0.06688502162553722,-0.13625953999741222,-0.6052398681640625,0.2846511189044287,-1.08634988911395,1,4.22,90.6117521577466,4.220574992353009,90.6117521577466,12.286297272319555,,,,,,,off,5.0,legged_eval-seed1,,n/a,settle,0.0,auto,hold,8.0,0.8,2.0,1.0,0,WALK,first,on,1000,1,deterministic,20.0,1,200,lo,1.0,0.42,0.5,0.05,dead-reckoned-heading-hold,off,,,2.649,0.5676
18,agility_poles,2,0,1,1,heading-only,0.04,4.359492492675784,3.089764404296858,3.5318233626863957,0.6383507090669516,12.239120055910902,0,roll,19.64,0.24022015387581064,0.012231168730947588,0.3329603374004364,0.17105358924011121,0.05548698596216181,1.1015472412109375,1.2957464555579263,0.0012479958279177298,1,19.64,-89.80555423601065,6.454792968249826,89.80555423601065,13.121444038191388,,,,,,,off,5.0,legged_eval-seed1,,n/a,settle,0.0,auto,hold,8.0,0.8,2.0,1.0,0,WALK,first,on,1000,1,deterministic,20.0,1,200,lo,1.0,0.42,0.5,0.05,dead-reckoned-heading-hold,off,,,2.649,0.5676
18,agility_poles,3,0,1,1,heading-only,0.04,4.07471160888673,2.3649566650390454,3.0962953420465635,0.7152779053612516,11.431115789259774,1,timeout,20.0,-3.3018031194531545,-0.16509015597265772,0.3384288549423218,0.1537355804443365,0.018247833251952273,0.3697052001953125,0.779014649942973,-0.018742354736788626,0,20.0,-3.892941697855194,-3.0438288431723857,17.279806491319096,15.43992266346577,,,,,,,off,5.0,legged_eval-seed1,,n/a,settle,0.0,auto,hold,8.0,0.8,2.0,1.0,0,WALK,first,on,1000,1,deterministic,20.0,1,200,lo,1.0,0.42,0.5,0.05,dead-reckoned-heading-hold,off,,,2.649,0.5676
18,agility_poles,4,0,0,1,heading-only,0.04,1.1452850341796932,2.6807830810546704,0.696113025741427,0.7676511645449328,13.671675332644776,0,roll,4.16,1.8385723577305555,0.4419645090698451,0.3375402092933655,0.03492428706242624,0.1636497790996804,0.6754608154296875,0.4522985379015215,0.2208702455812781,1,4.16,-91.0653288823556,-8.510678631221422,91.0653288823556,9.970812877189267,,,,,,,off,5.0,legged_eval-seed1,,n/a,settle,0.0,auto,hold,8.0,0.8,2.0,1.0,0,WALK,first,on,1000,1,deterministic,20.0,1,200,lo,1.0,0.42,0.5,0.05,dead-reckoned-heading-hold,off,,,2.649,0.5676
18,agility_poles,5,0,1,1,heading-only,0.04,2.8707733154296875,2.057415771484358,1.8716541797401915,0.9262008283822547,10.879378191104577,1,timeout,20.0,-2.0160927712041143,-0.10080463856020572,0.3295934796333313,0.09353866577148437,0.002870788574217897,0.0284881591796875,0.31155458001051095,-0.018809043614718496,0,20.0,5.164087442345901,-2.1605742763717934,9.934102220173155,6.794406298959268,,,,,,,off,5.0,legged_eval-seed1,,n/a,settle,0.0,auto,hold,8.0,0.8,2.0,1.0,0,WALK,first,on,1000,1,deterministic,20.0,1,200,lo,1.0,0.42,0.5,0.05,dead-reckoned-heading-hold,off,,,2.649,0.5676
18,agility_poles,6,0,0,1,heading-only,0.04,4.356423950195335,1.2638519287109204,3.43620367794278,2.9497579165267367,8.724687875024534,1,timeout,20.0,3.374983009879088,0.1687491504939544,0.3396144211292267,0.16782119750976676,-0.03680740356445398,-0.7089080810546875,0.842150810148267,0.017549799010887854,0,20.0,1.3270338197949414,-1.4524553952670827,15.963282460254522,9.654350685110982,,,,,,,off,5.0,legged_eval-seed1,,n/a,settle,0.0,auto,hold,8.0,0.8,2.0,1.0,0,WALK,first,on,1000,1,deterministic,20.0,1,200,lo,1.0,0.42,0.5,0.05,dead-reckoned-heading-hold,off,,,2.649,0.5676
18,agility_poles,7,0,0,1,heading-only,0.04,1.1920806884765796,2.7276275634765454,0.7525535608954694,0.7900988378297183,10.832384858170942,0,roll,3.74,-4.519556460264141,-1.2084375562203584,0.33020713925361633,0.05135847285470041,0.19455282445896935,0.7220458984375,0.5600837749832042,-0.4106666921438462,1,3.74,-87.29738725022385,-1.1719147287176586,87.29738725022385,35.04863143623606,,,,,,,off,5.0,legged_eval-seed1,,n/a,settle,0.0,auto,hold,8.0,0.8,2.0,1.0,0,WALK,first,on,1000,1,deterministic,20.0,1,200,lo,1.0,0.42,0.5,0.05,dead-reckoned-heading-hold,off,,,2.649,0.5676
18,agility_poles,8,0,1,1,heading-only,0.04,1.5207031250000114,2.740277099609358,0.9050645991258418,1.4833604953802921,9.807275745771138,0,roll,6.44,9.875259619155969,1.5334254067012374,0.331807017326355,0.08085452251552971,0.1149498601877885,0.731231689453125,0.4784699766931074,0.3310058775689299,1,6.44,-92.25411268566022,-2.5327114123626733,92.25411268566022,11.605760389269108,,,,,,,off,5.0,legged_eval-seed1,,n/a,settle,0.0,auto,hold,8.0,0.8,2.0,1.0,0,WALK,first,on,1000,1,deterministic,20.0,1,200,lo,1.0,0.42,0.5,0.05,dead-reckoned-heading-hold,off,,,2.649,0.5676
18,agility_poles,9,0,1,1,heading-only,0.04,2.219946289062534,1.480328369140608,1.3260194388158524,1.5076365792349002,8.046851633058772,0,roll,12.88,-11.994876033290382,-0.9312791951312408,0.3359297811985016,0.09471632679056942,-0.04034717630895901,-0.5125274658203125,0.6113637897449647,-0.17160598136689187,1,12.88,90.50079230873732,4.3477648430974245,90.50079230873732,10.285747835092605,,,,,,,off,5.0,legged_eval-seed1,,n/a,settle,0.0,auto,hold,8.0,0.8,2.0,1.0,0,WALK,first,on,1000,1,deterministic,20.0,1,200,lo,1.0,0.42,0.5,0.05,dead-reckoned-heading-hold,off,,,2.649,0.5676
19,balance_beam,0,0,3,1,heading-only,0.04,3.614586114883423,2.4301513671875057,2.6497340905899356,1.5704713633321152,6.399885989838636,0,roll,19.28,9.208051177453001,0.4775960154280602,0.33691734075546265,0.13561131301262566,0.02231075555951793,0.4200592041015625,1.216485382141532,0.061467017599403546,1,19.28,-94.25742806112113,49.57389530120394,94.25742806112113,49.57389530120394,,,,,,,off,5.0,legged_eval-seed1,,n/a,settle,0.0,auto,hold,8.0,0.8,2.0,1.0,0,WALK,first,on,1000,1,deterministic,20.0,1,200,lo,1.0,0.42,0.5,0.05,dead-reckoned-heading-hold,off,,,2.649,0.5676
19,balance_beam,1,0,0,1,heading-only,0.04,1.193265533447267,1.4040740966796932,0.6264816427213015,0.6702340749465916,9.425591812002008,0,roll,2.9,-6.682126998620731,-2.304181723662321,0.33186769485473633,0.06664328739560933,-0.2054916908001058,-0.593475341796875,0.320495308794881,-0.60344498619129,1,2.9,86.26914326527482,0.296279046145477,86.26914326527482,14.018477765407104,,,,,,,off,5.0,legged_eval-seed1,,n/a,settle,0.0,auto,hold,8.0,0.8,2.0,1.0,0,WALK,first,on,1000,1,deterministic,20.0,1,200,lo,1.0,0.42,0.5,0.05,dead-reckoned-heading-hold,off,,,2.649,0.5676
19,balance_beam,2,0,1,1,heading-only,0.04,2.2707015991210966,2.298239135742193,1.3052314492446013,0.522727174619262,8.63445061793161,0,roll,5.68,-36.545271987961314,-6.434026758443894,0.3228531777858734,0.22371507026779872,0.052506890095456546,0.29058837890625,0.39302167207105054,-0.5019552369084517,1,5.68,-103.97329689056492,83.48408570077261,103.97329689056492,83.48408570077261,,,,,,,off,5.0,legged_eval-seed1,,n/a,settle,0.0,auto,hold,8.0,0.8,2.0,1.0,0,WALK,first,on,1000,1,deterministic,20.0,1,200,lo,1.0,0.42,0.5,0.05,dead-reckoned-heading-hold,off,,,2.649,0.5676
19,balance_beam,3,0,2,1,heading-only,0.04,2.581509399414074,2.7920898437500057,1.768778759768155,1.8469616143318985,8.953595976662752,0,roll,11.36,52.65839586865741,4.635422171536744,0.32677793502807617,0.13921737670898537,0.0697262186399653,0.7962493896484375,1.1817420127339946,0.581129892156917,1,11.36,-87.9885268830137,23.58572603954867,87.9885268830137,34.415893525212724,,,,,,,off,5.0,legged_eval-seed1,,n/a,settle,0.0,auto,hold,8.0,0.8,2.0,1.0,0,WALK,first,on,1000,1,deterministic,20.0,1,200,lo,1.0,0.42,0.5,0.05,dead-reckoned-heading-hold,off,,,2.649,0.5676
19,balance_beam,4,0,3,1,heading-only,0.04,3.803976440429693,2.8080810546875057,2.9180950754609833,2.3399817232475795,8.335286551276468,0,below,17.96,70.09494390821072,3.9028365205017104,0.326317697763443,0.15612340982347958,0.04499337720977203,0.8021392822265625,2.7008729412747403,0.4363045076126039,1,17.96,-84.37122860826415,21.779385250991858,84.37122860826415,37.353180087401135,,,,,,,off,5.0,legged_eval-seed1,,n/a,settle,0.0,auto,hold,8.0,0.8,2.0,1.0,0,WALK,first,on,1000,1,deterministic,20.0,1,200,lo,1.0,0.42,0.5,0.05,dead-reckoned-heading-hold,off,,,2.649,0.5676
19,balance_beam,5,0,1,1,heading-only,0.04,2.348297119140625,2.2991394042968807,1.381082729124509,0.5627877218123271,10.056153100877088,0,roll,5.92,-41.885608882851216,-7.075271770751895,0.3214837908744812,0.2277528917467272,0.05053030477987849,0.2914581298828125,1.1468826783505128,-0.5421963555586973,1,5.92,-90.20028774435036,19.842699710255918,90.20028774435036,31.042462360379407,,,,,,,off,5.0,legged_eval-seed1,,n/a,settle,0.0,auto,hold,8.0,0.8,2.0,1.0,0,WALK,first,on,1000,1,deterministic,20.0,1,200,lo,1.0,0.42,0.5,0.05,dead-reckoned-heading-hold,off,,,2.649,0.5676
19,balance_beam,6,0,1,1,heading-only,0.04,2.6837249755859602,3.126821899414068,2.025995406315392,1.1429408243490649,10.377632580331028,0,roll,6.08,-3.3878060166802584,-0.5572049369539899,0.3360307216644287,0.27692844993190135,0.1853325492457349,1.102294921875,0.44145959296008175,-0.03511759358999051,1,6.08,-86.73216754265881,22.965367480402854,86.73216754265881,22.965367480402854,,,,,,,off,5.0,legged_eval-seed1,,n/a,settle,0.0,auto,hold,8.0,0.8,2.0,1.0,0,WALK,first,on,1000,1,deterministic,20.0,1,200,lo,1.0,0.42,0.5,0.05,dead-reckoned-heading-hold,off,,,2.649,0.5676
19,balance_beam,7,0,1,1,heading-only,0.04,2.1133453369140796,2.991629028320318,1.490927888610252,1.2814489540815255,11.529378278068636,0,roll,5.64,-21.156883205348493,-3.7512204264802294,0.330038845539093,0.1974016554812198,0.1758207497021841,0.95648193359375,0.7376332643966882,-0.33166463194314305,1,5.64,-86.82257917842983,26.50682171797969,86.82257917842983,26.50682171797969,,,,,,,off,5.0,legged_eval-seed1,,n/a,settle,0.0,auto,hold,8.0,0.8,2.0,1.0,0,WALK,first,on,1000,1,deterministic,20.0,1,200,lo,1.0,0.42,0.5,0.05,dead-reckoned-heading-hold,off,,,2.649,0.5676
19,balance_beam,8,0,0,1,heading-only,0.04,1.1668823242187614,2.653982543945318,0.6749391660896897,0.7339349792066627,12.749901133462847,0,roll,2.14,-7.801673701821443,-3.6456419167389917,0.32997480034828186,0.0779823944947483,0.305599319600616,0.6644744873046875,0.45033705734123786,-0.8159335861390795,1,2.14,-87.55422323995012,-4.817705078548611,87.55422323995012,13.854665907047222,,,,,,,off,5.0,legged_eval-seed1,,n/a,settle,0.0,auto,hold,8.0,0.8,2.0,1.0,0,WALK,first,on,1000,1,deterministic,20.0,1,200,lo,1.0,0.42,0.5,0.05,dead-reckoned-heading-hold,off,,,2.649,0.5676
19,balance_beam,9,0,1,1,heading-only,0.04,2.475317382812534,2.443655395507818,1.5405815427922092,0.6871113146658898,12.03286425395274,0,roll,5.84,-53.29643058064923,-9.126101126823498,0.3322056531906128,0.2526228395226942,0.07596838964174969,0.4430999755859375,0.790979644228549,-0.6305071735951483,1,5.84,-110.4192881120029,78.646906847041,110.4192881120029,80.0727115675718,,,,,,,off,5.0,legged_eval-seed1,,n/a,settle,0.0,auto,hold,8.0,0.8,2.0,1.0,0,WALK,first,on,1000,1,deterministic,20.0,1,200,lo,1.0,0.42,0.5,0.05,dead-reckoned-heading-hold,off,,,2.649,0.5676
