task,task_name,level,episode,goals,settle_ok,heading,heading_cap_rad,final_x_m,final_y_m,travelled_m,dist_to_next_goal_m,dist_to_last_goal_m,alive_at_end,end_cause,upright_s,yaw_cum_deg,yaw_rate_deg_s,base_h_max_m,vx_mean_ms,vy_mean_ms,cross_track_m,curvature_rad_m,fell,episode_s,end_roll_deg,end_pitch_deg,peak_roll_deg,peak_pitch_deg,switches,refused_ticks,steps_alive,frac_WALK,frac_TROT,frac_TURN,yaw_moment,yaw_moment_gain,terrain,planner_set,perception,turn_target,swing_lift_mm,foot_yaw_turn,roll_couple,roll_gain,roll_damp,roll_cap_nm,roll_sign,partial,skill,start_phase,foot_comp,steps,terrain_seed,measurement_seed,episode_length_s,episodes,num_envs,rate,gutter,spawn_z,settle_s,foot_clip_rad,steering,cmd_mean_feet_down,cmd_frac_below_3_feet
0,jump_on_and_off_box,0,0,1,1,heading-only,0.04,1.3974765539169312,2.594897747039795,0.7154655409918097,1.2824992141475366,16.713114395479607,0,roll,6.94,33.14369842894865,4.77574905316263,0.32659009099006653,0.05727327866238201,0.08572013646106555,0.5948977470397949,1.455347889511289,1,6.94,-89.39085118149981,0.3030050890882944,89.39085118149981,16.490133912427954,,,,,,,off,5.0,legged_eval-seed1-no-roughness,,n/a,settle,0.0,auto,off,,,,,0,WALK,first,on,1000,1,deterministic,20.0,1,200,lo,1.0,0.42,0.5,0.05,dead-reckoned-heading-hold,2.649,0.5676
0,jump_on_and_off_box,1,0,1,1,heading-only,0.04,1.4182983398437514,2.588052749633789,0.7216505646557054,1.2730081865723373,16.49218892842151,0,roll,7.08,24.20639835481117,3.418982818476154,0.32704728841781616,0.059081686418608954,0.08305829797087416,0.5880527496337891,1.010000067173598,1,7.08,-87.30874321999646,-3.7895587706518077,87.30874321999646,20.05425069647761,,,,,,,off,5.0,legged_eval-seed1-no-roughness,,n/a,settle,0.0,auto,off,,,,,0,WALK,first,on,1000,1,deterministic,20.0,1,200,lo,1.0,0.42,0.5,0.05,dead-reckoned-heading-hold,2.649,0.5676
0,jump_on_and_off_box,2,0,1,1,heading-only,0.04,1.6575805664062528,2.0042099952697754,0.6575940429895483,0.8271274030088156,15.642420000132057,1,timeout,20.0,6.7683989280461105,0.33841994640230555,0.3215121328830719,0.03287902832031264,0.00021049976348876953,0.004209995269775391,0.17964467385107946,0,20.0,2.317088171467198,-3.7113462705267475,8.183851153417148,4.979849212399977,,,,,,,off,5.0,legged_eval-seed1-no-roughness,,n/a,settle,0.0,auto,off,,,,,0,WALK,first,on,1000,1,deterministic,20.0,1,200,lo,1.0,0.42,0.5,0.05,dead-reckoned-heading-hold,2.649,0.5676
0,jump_on_and_off_box,3,0,1,1,heading-only,0.04,1.4278686523437614,2.5683059692382812,0.7113671754658973,1.2697705867426041,15.6824319750752,1,timeout,20.0,35.09059294978985,1.7545296474894925,0.32350999116897583,0.02139343261718807,0.02841529846191406,0.5683059692382812,1.431388768717008,0,20.0,-75.02265065227633,1.7252381661439404,75.02265065227633,20.840733503678898,,,,,,,off,5.0,legged_eval-seed1-no-roughness,,n/a,settle,0.0,auto,off,,,,,0,WALK,first,on,1000,1,deterministic,20.0,1,200,lo,1.0,0.42,0.5,0.05,dead-reckoned-heading-hold,2.649,0.5676
0,jump_on_and_off_box,4,0,1,1,heading-only,0.04,1.6827453613281307,2.1352293491363525,0.6960087681077884,0.9561973419846755,15.71783637635029,1,timeout,20.0,31.677383010485016,1.5838691505242508,0.3216957449913025,0.03413726806640653,0.006761467456817627,0.13522934913635254,0.8097816012587493,0,20.0,-2.8058918916361537,-4.286456968331242,8.304538815439024,5.238563156568743,,,,,,,off,5.0,legged_eval-seed1-no-roughness,,n/a,settle,0.0,auto,off,,,,,0,WALK,first,on,1000,1,deterministic,20.0,1,200,lo,1.0,0.42,0.5,0.05,dead-reckoned-heading-hold,2.649,0.5676
0,jump_on_and_off_box,5,0,1,1,heading-only,0.04,1.6954803466796875,2.237492084503174,0.7349118333646295,0.9265332223657549,15.156380452240999,1,timeout,20.0,37.30430241684317,1.8652151208421586,0.3216075599193573,0.03477401733398437,0.01187460422515869,0.23749208450317383,0.9361629058850404,0,20.0,-4.381576790778533,-5.963850304789664,8.306530966582804,5.963850304789664,,,,,,,off,5.0,legged_eval-seed1-no-roughness,,n/a,settle,0.0,auto,off,,,,,0,WALK,first,on,1000,1,deterministic,20.0,1,200,lo,1.0,0.42,0.5,0.05,dead-reckoned-heading-hold,2.649,0.5676
0,jump_on_and_off_box,6,0,1,1,heading-only,0.04,1.6468750000000227,2.0339951515197754,0.6477676558395625,0.93655409046308,14.553164705174982,1,timeout,20.0,13.15929668561023,0.6579648342805114,0.3211056590080261,0.032343750000001135,0.0016997575759887696,0.03399515151977539,0.355050132422288,0,20.0,0.7379631755626056,-3.356349863909296,8.270376637879608,4.7802853830893755,,,,,,,off,5.0,legged_eval-seed1-no-roughness,,n/a,settle,0.0,auto,off,,,,,0,WALK,first,on,1000,1,deterministic,20.0,1,200,lo,1.0,0.42,0.5,0.05,dead-reckoned-heading-hold,2.649,0.5676
0,jump_on_and_off_box,7,0,1,1,heading-only,0.04,1.6430084228515796,2.026853322982788,0.6435689029259366,0.8965194569376393,14.807015927144132,1,timeout,20.0,11.786334290137233,0.5893167145068616,0.3213917911052704,0.032150421142578975,0.0013426661491394043,0.026853322982788086,0.31991857772458104,0,20.0,1.4432161048287129,-3.1878043691244624,8.217786157057919,4.946703794274902,,,,,,,off,5.0,legged_eval-seed1-no-roughness,,n/a,settle,0.0,auto,off,,,,,0,WALK,first,on,1000,1,deterministic,20.0,1,200,lo,1.0,0.42,0.5,0.05,dead-reckoned-heading-hold,2.649,0.5676
0,jump_on_and_off_box,8,0,1,1,heading-only,0.04,1.4520080566406364,2.5276100635528564,0.6947543900043338,1.1270716712332145,14.807394704501224,1,timeout,20.0,91.44316258624235,4.572158129312117,0.3231034576892853,0.022600402832031817,0.026380503177642824,0.5276100635528564,3.530875704800303,0,20.0,-37.71425895382098,-0.2910755232565331,37.71425895382098,14.918781750789822,,,,,,,off,5.0,legged_eval-seed1-no-roughness,,n/a,settle,0.0,auto,off,,,,,0,WALK,first,on,1000,1,deterministic,20.0,1,200,lo,1.0,0.42,0.5,0.05,dead-reckoned-heading-hold,2.649,0.5676
0,jump_on_and_off_box,9,0,1,1,heading-only,0.04,1.210699462890659,2.8790931701660156,0.9039906335216906,1.475501313965606,14.216506411008414,0,roll,18.3,41.636093932347904,2.275196389745787,0.33023056387901306,0.011513631851948584,0.04803787815114839,0.8790931701660156,3.448926337160208,1,18.3,-93.636482837542,-11.454018278099626,93.636482837542,14.230423758736729,,,,,,,off,5.0,legged_eval-seed1-no-roughness,,n/a,settle,0.0,auto,off,,,,,0,WALK,first,on,1000,1,deterministic,20.0,1,200,lo,1.0,0.42,0.5,0.05,dead-reckoned-heading-hold,2.649,0.5676
1,forward_ramp_lips,0,0,1,1,heading-only,0.04,1.3781049251556396,2.634596443176269,0.7386988426408448,1.376638664062208,12.887528679444111,0,roll,7.42,35.87567565852646,4.83499671947796,0.32673436403274536,0.0509575370829703,0.08552512711270474,0.6345964431762692,1.6560182636106353,1,7.42,-87.71720614714566,8.035030251609617,87.71720614714566,13.105330257762722,,,,,,,off,5.0,legged_eval-seed1-no-roughness,,n/a,settle,0.0,auto,off,,,,,0,WALK,first,on,1000,1,deterministic,20.0,1,200,lo,1.0,0.42,0.5,0.05,dead-reckoned-heading-hold,2.649,0.5676
1,forward_ramp_lips,1,0,1,1,heading-only,0.04,1.399209594726564,2.7095390319824215,0.8141338578073628,1.334262402729711,12.171489354667804,0,roll,10.6,22.258230671754802,2.099833082241019,0.32638224959373474,0.037661282521373955,0.06693764452664354,0.7095390319824215,0.973121427997233,1,10.6,-90.14314592749415,0.25272647265270337,90.14314592749415,18.66736541217578,,,,,,,off,5.0,legged_eval-seed1-no-roughness,,n/a,settle,0.0,auto,off,,,,,0,WALK,first,on,1000,1,deterministic,20.0,1,200,lo,1.0,0.42,0.5,0.05,dead-reckoned-heading-hold,2.649,0.5676
1,forward_ramp_lips,2,0,1,1,heading-only,0.04,1.6630279541015653,1.9210725784301754,0.6677092224881788,0.7828319225086982,11.687238559192986,1,timeout,20.0,-15.849175506088955,-0.7924587753044477,0.32690611481666565,0.033151397705078266,-0.003946371078491229,-0.07892742156982457,-0.4172075922236561,0,20.0,5.493033114458483,-4.79963394779565,9.335792263669406,6.499620184718928,,,,,,,off,5.0,legged_eval-seed1-no-roughness,,n/a,settle,0.0,auto,off,,,,,0,WALK,first,on,1000,1,deterministic,20.0,1,200,lo,1.0,0.42,0.5,0.05,dead-reckoned-heading-hold,2.649,0.5676
1,forward_ramp_lips,3,0,1,1,heading-only,0.04,1.4432189941406364,2.708399391174316,0.8356271741531501,1.3669024682371185,12.876282364488679,0,roll,11.26,14.76713685079605,1.311468636838015,0.3295916020870209,0.03936225525227677,0.0629129121824437,0.708399391174316,0.5815074772206098,1,11.26,-86.21810374465892,-0.537610782602973,86.21810374465892,18.853842321887985,,,,,,,off,5.0,legged_eval-seed1-no-roughness,,n/a,settle,0.0,auto,off,,,,,0,WALK,first,on,1000,1,deterministic,20.0,1,200,lo,1.0,0.42,0.5,0.05,dead-reckoned-heading-hold,2.649,0.5676
1,forward_ramp_lips,4,0,1,1,heading-only,0.04,1.6555541992187557,1.9508958816528317,0.6573906924744194,0.7319571795015313,11.794548018555215,1,timeout,20.0,-4.458333686057415,-0.22291668430287076,0.3210604786872864,0.03277770996093778,-0.002455205917358416,-0.049104118347168324,-0.11869743503589603,0,20.0,4.492494954402405,-4.152579884958612,8.168231431383761,5.411420267118746,,,,,,,off,5.0,legged_eval-seed1-no-roughness,,n/a,settle,0.0,auto,off,,,,,0,WALK,first,on,1000,1,deterministic,20.0,1,200,lo,1.0,0.42,0.5,0.05,dead-reckoned-heading-hold,2.649,0.5676
1,forward_ramp_lips,5,0,1,1,heading-only,0.04,1.66278076171875,2.036688423156738,0.6637954342251944,0.8658807919877207,12.287274012163248,1,timeout,20.0,9.88186768560874,0.494093384280437,0.32322365045547485,0.0331390380859375,0.0018344211578368963,0.036688423156737926,0.2602234967005458,0,20.0,-0.0661058237352144,-3.512899777638355,8.281768903246723,4.771866145749129,,,,,,,off,5.0,legged_eval-seed1-no-roughness,,n/a,settle,0.0,auto,off,,,,,0,WALK,first,on,1000,1,deterministic,20.0,1,200,lo,1.0,0.42,0.5,0.05,dead-reckoned-heading-hold,2.649,0.5676
1,forward_ramp_lips,6,0,1,1,heading-only,0.04,1.6914916992187727,2.4027029037475582,0.8002064725901564,0.8005045578159634,11.965286892028137,1,timeout,20.0,45.22447901119796,2.2612239505598977,0.32766473293304443,0.03457458496093864,0.020135145187377912,0.40270290374755824,1.1414685991693323,0,20.0,-9.313218732028535,-6.397424991510467,9.313218732028535,8.330996064114393,,,,,,,off,5.0,legged_eval-seed1-no-roughness,,n/a,settle,0.0,auto,off,,,,,0,WALK,first,on,1000,1,deterministic,20.0,1,200,lo,1.0,0.42,0.5,0.05,dead-reckoned-heading-hold,2.649,0.5676
1,forward_ramp_lips,7,0,1,1,heading-only,0.04,1.665789794921892,2.077866172790527,0.6703276750121386,0.8858989535488162,11.684469660935251,1,timeout,20.0,16.894668711056084,0.8447334355528042,0.3241860866546631,0.0332894897460946,0.0038933086395263493,0.07786617279052699,0.4428839211574097,0,20.0,-4.258224748376738,-4.231096926192548,8.246545011181029,5.446390245609297,,,,,,,off,5.0,legged_eval-seed1-no-roughness,,n/a,settle,0.0,auto,off,,,,,0,WALK,first,on,1000,1,deterministic,20.0,1,200,lo,1.0,0.42,0.5,0.05,dead-reckoned-heading-hold,2.649,0.5676
1,forward_ramp_lips,8,0,1,1,heading-only,0.04,1.6502807617187614,1.9888969421386715,0.6503755430175742,0.8026758098424819,12.299724249691096,1,timeout,20.0,6.006455142254936,0.3003227571127468,0.32086414098739624,0.03251403808593807,-0.000555152893066424,-0.01110305786132848,0.16121101034668434,0,20.0,1.1288222505924466,-3.973337999613341,8.131452754253628,5.083340575967663,,,,,,,off,5.0,legged_eval-seed1-no-roughness,,n/a,settle,0.0,auto,off,,,,,0,WALK,first,on,1000,1,deterministic,20.0,1,200,lo,1.0,0.42,0.5,0.05,dead-reckoned-heading-hold,2.649,0.5676
1,forward_ramp_lips,9,0,1,1,heading-only,0.04,1.323919677734409,2.7493921279907223,0.8164021797607026,1.3959952042511132,12.149214482571741,0,roll,19.66,29.18897327383604,1.4846883659123113,0.32274511456489563,0.016476077199105245,0.03811760569637448,0.7493921279907223,1.5727469614327494,1,19.66,-91.191012602776,-2.457635891981812,91.191012602776,20.557585683695795,,,,,,,off,5.0,legged_eval-seed1-no-roughness,,n/a,settle,0.0,auto,off,,,,,0,WALK,first,on,1000,1,deterministic,20.0,1,200,lo,1.0,0.42,0.5,0.05,dead-reckoned-heading-hold,2.649,0.5676
2,sphere_bump_lips,0,0,0,1,heading-only,0.04,0.44497352838516235,1.441487503051757,0.7873948142073182,1.1937407863750886,15.91482966519014,0,roll,14.0,-57.627519707056166,-4.116251407646869,0.3312820494174957,-0.0396447479724884,-0.03989374978201735,-0.5585124969482429,1.8121477264313606,1,14.0,91.01161637115604,-0.2014824755482051,91.01161637115604,14.738359361648623,,,,,,,off,5.0,legged_eval-seed1-no-roughness,,n/a,settle,0.0,auto,off,,,,,0,WALK,first,on,1000,1,deterministic,20.0,1,200,lo,1.0,0.42,0.5,0.05,dead-reckoned-heading-hold,2.649,0.5676
2,sphere_bump_lips,1,0,0,1,heading-only,0.04,1.1215148925781264,2.3096572875976555,0.332646215791809,0.4890180081576591,14.881707117381957,1,timeout,20.0,73.68846826288802,3.684423413144401,0.32532215118408203,0.006075744628906321,0.015482864379882777,0.30965728759765554,10.583940492000659,0,20.0,-3.079359540668869,-8.122277987984852,6.7448132382213855,8.512011446690707,,,,,,,off,5.0,legged_eval-seed1-no-roughness,,n/a,settle,0.0,auto,off,,,,,0,WALK,first,on,1000,1,deterministic,20.0,1,200,lo,1.0,0.42,0.5,0.05,dead-reckoned-heading-hold,2.649,0.5676
2,sphere_bump_lips,2,0,1,1,heading-only,0.04,4.31387634277344,1.5556671142578118,3.343532283161844,1.2151520905445659,11.444752335316347,0,roll,18.42,-10.185100593924034,-0.5529370572162884,0.3288627862930298,0.17990642468911183,-0.024122306500661682,-0.4443328857421882,-0.053642176600358894,1,18.42,89.20540733997933,0.055844728365670324,89.20540733997933,16.94222467417183,,,,,,,off,5.0,legged_eval-seed1-no-roughness,,n/a,settle,0.0,auto,off,,,,,0,WALK,first,on,1000,1,deterministic,20.0,1,200,lo,1.0,0.42,0.5,0.05,dead-reckoned-heading-hold,2.649,0.5676
2,sphere_bump_lips,3,0,1,1,heading-only,0.04,1.7619522094726676,1.3678638458251946,0.9900339827173578,1.2874419164297413,13.752583510461873,0,roll,7.62,-30.762818746622827,-4.037115321079111,0.32624539732933044,0.09999372827725296,-0.08295750054787472,-0.6321361541748054,-0.7046537402843024,1,7.62,88.82206522608712,-6.049781505716967,88.82206522608712,11.224588188317822,,,,,,,off,5.0,legged_eval-seed1-no-roughness,,n/a,settle,0.0,auto,off,,,,,0,WALK,first,on,1000,1,deterministic,20.0,1,200,lo,1.0,0.42,0.5,0.05,dead-reckoned-heading-hold,2.649,0.5676
2,sphere_bump_lips,4,0,1,1,heading-only,0.04,3.684347534179693,2.4363052368164055,2.719574221073957,0.5514775262840832,11.174173671782285,1,timeout,20.0,51.747199479175066,2.5873599739587534,0.3242439925670624,0.13421737670898465,0.021815261840820277,0.43630523681640554,0.33645383025037223,0,20.0,-4.571037517147732,-2.383009994639893,13.039885486704332,8.044860127677001,,,,,,,off,5.0,legged_eval-seed1-no-roughness,,n/a,settle,0.0,auto,off,,,,,0,WALK,first,on,1000,1,deterministic,20.0,1,200,lo,1.0,0.42,0.5,0.05,dead-reckoned-heading-hold,2.649,0.5676
2,sphere_bump_lips,5,0,1,1,heading-only,0.04,2.291015625,1.3801414489746087,1.4321124143283719,1.3017554236851663,12.274645515442542,0,roll,13.4,-32.291323322753584,-2.409800247966685,0.3258349299430847,0.09634444962686567,-0.046258100822790395,-0.6198585510253913,-0.43654770778478036,1,13.4,87.62497785987391,-8.655087099759013,87.62497785987391,18.512321930247246,,,,,,,off,5.0,legged_eval-seed1-no-roughness,,n/a,settle,0.0,auto,off,,,,,0,WALK,first,on,1000,1,deterministic,20.0,1,200,lo,1.0,0.42,0.5,0.05,dead-reckoned-heading-hold,2.649,0.5676
2,sphere_bump_lips,6,0,1,1,heading-only,0.04,1.8912902832031477,2.026175689697265,0.8916745682498042,0.6702469327229719,12.258737662884414,1,timeout,20.0,2.950661187953955,0.14753305939769773,0.32306432723999023,0.04456451416015739,0.0013087844848632458,0.026175689697264914,0.05778000031092662,0,20.0,0.5743792689719899,-4.903257290181905,8.171959237615594,6.207862744926396,,,,,,,off,5.0,legged_eval-seed1-no-roughness,,n/a,settle,0.0,auto,off,,,,,0,WALK,first,on,1000,1,deterministic,20.0,1,200,lo,1.0,0.42,0.5,0.05,dead-reckoned-heading-hold,2.649,0.5676
2,sphere_bump_lips,7,0,1,1,heading-only,0.04,4.2738677978515796,2.0257961273193352,3.2739694253297826,1.3792885325553181,9.376167687938894,1,timeout,20.0,-15.9559849154642,-0.7977992457732099,0.32341933250427246,0.16369338989257898,0.0012898063659667613,0.025796127319335227,-0.08506283373939233,0,20.0,6.62267694678723,-1.2201094059159807,8.28249223730099,6.687451859879537,,,,,,,off,5.0,legged_eval-seed1-no-roughness,,n/a,settle,0.0,auto,off,,,,,0,WALK,first,on,1000,1,deterministic,20.0,1,200,lo,1.0,0.42,0.5,0.05,dead-reckoned-heading-hold,2.649,0.5676
2,sphere_bump_lips,8,0,1,1,heading-only,0.04,4.575512695312511,1.7925159454345696,3.5815277001916166,2.258736895704603,8.876912444873957,1,timeout,20.0,4.86159548576623,0.2430797742883115,0.32973581552505493,0.17877563476562558,-0.01037420272827152,-0.2074840545654304,0.02373109966521811,0,20.0,-1.137693661966719,-2.7230712990198684,11.329616149964037,9.490826153473712,,,,,,,off,5.0,legged_eval-seed1-no-roughness,,n/a,settle,0.0,auto,off,,,,,0,WALK,first,on,1000,1,deterministic,20.0,1,200,lo,1.0,0.42,0.5,0.05,dead-reckoned-heading-hold,2.649,0.5676
2,sphere_bump_lips,9,0,1,1,heading-only,0.04,5.568762207031284,2.2602493286132805,4.576168464713797,2.6554276774110215,7.585703407501541,1,timeout,20.0,5.732864972063538,0.2866432486031769,0.3236110508441925,0.2284381103515642,0.013012466430664027,0.26024932861328054,0.021900323282479896,0,20.0,-2.6542989171386036,-3.1240017844710004,8.275924305130244,5.681224836881844,,,,,,,off,5.0,legged_eval-seed1-no-roughness,,n/a,settle,0.0,auto,off,,,,,0,WALK,first,on,1000,1,deterministic,20.0,1,200,lo,1.0,0.42,0.5,0.05,dead-reckoned-heading-hold,2.649,0.5676
3,forward_ramp_no_lips,0,0,1,1,heading-only,0.04,1.8007692098617554,1.4360969543457003,0.9793967389984588,0.9122012904408185,8.917078854705883,0,roll,6.54,-11.309492034968088,-1.7292801276709615,0.33875772356987,0.12244177520821947,-0.08622370728659016,-0.5639030456542997,-0.2464978302204499,1,6.54,85.9501457905106,-2.6839332016820157,85.9501457905106,22.434459552564554,,,,,,,off,5.0,legged_eval-seed1-no-roughness,,n/a,settle,0.0,auto,off,,,,,0,WALK,first,on,1000,1,deterministic,20.0,1,200,lo,1.0,0.42,0.5,0.05,dead-reckoned-heading-hold,2.649,0.5676
3,forward_ramp_no_lips,1,0,1,1,heading-only,0.04,1.7027603149414077,2.576948928833005,0.9092536096920916,1.017676509518362,9.165416734791298,0,roll,7.86,33.6682637050794,4.283494110060992,0.35546839237213135,0.08940970928007731,0.07340317160725254,0.576948928833005,0.8361628318928812,1,7.86,-87.06213620565079,-5.072859811152026,87.06213620565079,25.636298105609832,,,,,,,off,5.0,legged_eval-seed1-no-roughness,,n/a,settle,0.0,auto,off,,,,,0,WALK,first,on,1000,1,deterministic,20.0,1,200,lo,1.0,0.42,0.5,0.05,dead-reckoned-heading-hold,2.649,0.5676
3,forward_ramp_no_lips,2,0,1,1,heading-only,0.04,1.840998840332034,2.5608089447021456,1.0108341713148405,0.8405727882376457,8.826834546058377,0,roll,6.92,-12.764671361403316,-1.844605688064063,0.3476789593696594,0.12153162432543846,0.08104175501476092,0.5608089447021456,-0.2649058863191263,1,6.92,-88.3474722928598,-2.9031822037783397,88.3474722928598,20.263609982919245,,,,,,,off,5.0,legged_eval-seed1-no-roughness,,n/a,settle,0.0,auto,off,,,,,0,WALK,first,on,1000,1,deterministic,20.0,1,200,lo,1.0,0.42,0.5,0.05,dead-reckoned-heading-hold,2.649,0.5676
3,forward_ramp_no_lips,3,0,1,1,heading-only,0.04,1.6296356201171989,2.5910118103027315,0.8635600581532714,0.9226428126027599,9.339083848735136,0,roll,5.5600000000000005,13.189926584619116,2.372288954068186,0.3294486701488495,0.11324381656784151,0.10629708818394451,0.5910118103027315,0.36562043131404115,1,5.5600000000000005,-86.81269179198901,-4.852735803855134,86.81269179198901,19.241050606344615,,,,,,,off,5.0,legged_eval-seed1-no-roughness,,n/a,settle,0.0,auto,off,,,,,0,WALK,first,on,1000,1,deterministic,20.0,1,200,lo,1.0,0.42,0.5,0.05,dead-reckoned-heading-hold,2.649,0.5676
3,forward_ramp_no_lips,4,0,1,1,heading-only,0.04,1.6450103759765682,2.618281173706052,0.8934819499445789,0.9061949906190117,8.627173235730824,0,roll,5.8,17.596014453454956,3.0337955954232685,0.3353109657764435,0.11120868551320141,0.10660020236311239,0.6182811737060518,0.4761293754016386,1,5.8,-89.11231278574323,-9.427907546375724,89.11231278574323,15.076030583300462,,,,,,,off,5.0,legged_eval-seed1-no-roughness,,n/a,settle,0.0,auto,off,,,,,0,WALK,first,on,1000,1,deterministic,20.0,1,200,lo,1.0,0.42,0.5,0.05,dead-reckoned-heading-hold,2.649,0.5676
3,forward_ramp_no_lips,5,0,1,1,heading-only,0.04,1.6787567138671875,2.622793960571286,0.9211856457543462,0.851573833892263,9.092597377731718,0,roll,5.5600000000000005,5.800506579338986,1.0432565790178032,0.32841983437538147,0.12207854565956609,0.11201330226102268,0.6227939605712862,0.14915202461314916,1,5.5600000000000005,-87.83491670970139,-3.012021770389232,87.83491670970139,20.6652032816541,,,,,,,off,5.0,legged_eval-seed1-no-roughness,,n/a,settle,0.0,auto,off,,,,,0,WALK,first,on,1000,1,deterministic,20.0,1,200,lo,1.0,0.42,0.5,0.05,dead-reckoned-heading-hold,2.649,0.5676
3,forward_ramp_no_lips,6,0,1,1,heading-only,0.04,1.7454010009765852,1.3922718048095675,0.9617464382498724,0.8853075500445404,9.274531588816473,0,roll,6.92,-22.10328071830304,-3.1941157107374334,0.3356402516365051,0.1077169076555759,-0.08782199352462898,-0.6077281951904325,-0.5175402548715968,1,6.92,89.26897297203433,-1.2861532381773495,89.26897297203433,22.512976584187797,,,,,,,off,5.0,legged_eval-seed1-no-roughness,,n/a,settle,0.0,auto,off,,,,,0,WALK,first,on,1000,1,deterministic,20.0,1,200,lo,1.0,0.42,0.5,0.05,dead-reckoned-heading-hold,2.649,0.5676
3,forward_ramp_no_lips,7,0,1,1,heading-only,0.04,1.699847412109392,2.5832717895507784,0.911039176282766,0.8985273537382913,9.917319559437558,0,roll,6.38,8.975714629764553,1.4068518228471087,0.33209899067878723,0.10969395174128402,0.09142191058789631,0.5832717895507784,0.22384275528953254,1,6.38,-88.40804462801782,-5.5027834942877245,88.40804462801782,20.85972074303407,,,,,,,off,5.0,legged_eval-seed1-no-roughness,,n/a,settle,0.0,auto,off,,,,,0,WALK,first,on,1000,1,deterministic,20.0,1,200,lo,1.0,0.42,0.5,0.05,dead-reckoned-heading-hold,2.649,0.5676
3,forward_ramp_no_lips,8,0,1,1,heading-only,0.04,1.6613586425781364,2.629254150390622,0.9128833659874732,0.9292613762625639,9.858743558169863,0,roll,5.5600000000000005,8.198100629721324,1.4744785305254178,0.3273376226425171,0.11894939614714682,0.11317520690478815,0.6292541503906222,0.21634834594537403,1,5.5600000000000005,-91.01684635704083,-2.649047828724323,91.01684635704083,19.84342324600299,,,,,,,off,5.0,legged_eval-seed1-no-roughness,,n/a,settle,0.0,auto,off,,,,,0,WALK,first,on,1000,1,deterministic,20.0,1,200,lo,1.0,0.42,0.5,0.05,dead-reckoned-heading-hold,2.649,0.5676
3,forward_ramp_no_lips,9,0,1,1,heading-only,0.04,1.588079833984409,2.608149337768552,0.8459807965713277,1.0011250220046215,9.581240153460486,0,roll,5.5600000000000005,17.374565892900677,3.1249219231835745,0.3279573321342468,0.10576975431374264,0.10937937729650211,0.6081493377685518,0.5156500247275351,1,5.5600000000000005,-90.73692726785428,-1.391015041462891,90.73692726785428,18.698420857725516,,,,,,,off,5.0,legged_eval-seed1-no-roughness,,n/a,settle,0.0,auto,off,,,,,0,WALK,first,on,1000,1,deterministic,20.0,1,200,lo,1.0,0.42,0.5,0.05,dead-reckoned-heading-hold,2.649,0.5676
4,flush_a_frame,0,0,1,1,heading-only,0.04,1.4185048341751099,2.5548652648925767,0.6949976679185661,1.2799928238854092,12.693628130011703,0,roll,5.48,32.76418495548961,5.978865867790074,0.3327758014202118,0.0763694952874288,0.10125278556433881,0.5548652648925767,1.36639497924274,1,5.48,-86.95216469250501,3.116951603785578,86.95216469250501,15.169653801609845,,,,,,,off,5.0,legged_eval-seed1-no-roughness,,n/a,settle,0.0,auto,off,,,,,0,WALK,first,on,1000,1,deterministic,20.0,1,200,lo,1.0,0.42,0.5,0.05,dead-reckoned-heading-hold,2.649,0.5676
4,flush_a_frame,1,0,1,1,heading-only,0.04,1.5250907897949233,2.609018707275389,0.80412941952079,1.3990456713964503,12.789417856759313,0,roll,5.5600000000000005,17.51386030603865,3.1499748751868077,0.33341434597969055,0.09444078953146101,0.10953573871859518,0.6090187072753892,0.5821365238459026,1,5.5600000000000005,-90.72781609996474,-2.9429639078425613,90.72781609996474,17.842203184607445,,,,,,,off,5.0,legged_eval-seed1-no-roughness,,n/a,settle,0.0,auto,off,,,,,0,WALK,first,on,1000,1,deterministic,20.0,1,200,lo,1.0,0.42,0.5,0.05,dead-reckoned-heading-hold,2.649,0.5676
4,flush_a_frame,2,0,1,1,heading-only,0.04,1.5421173095703153,2.610781097412108,0.8166668392261902,1.3144009519203614,11.77373597932542,0,roll,6.4,26.377782943663902,4.121528584947485,0.3529273569583893,0.08470582962036177,0.09543454647064187,0.610781097412108,0.8492242428271395,1,6.4,-89.44320971882603,-6.316667437419173,89.44320971882603,22.75493957444696,,,,,,,off,5.0,legged_eval-seed1-no-roughness,,n/a,settle,0.0,auto,off,,,,,0,WALK,first,on,1000,1,deterministic,20.0,1,200,lo,1.0,0.42,0.5,0.05,dead-reckoned-heading-hold,2.649,0.5676
4,flush_a_frame,3,0,1,1,heading-only,0.04,1.5995300292968864,2.693704986572264,0.9168766898683545,1.1221723475602905,13.11882388256239,0,roll,5.66,8.276774670913056,1.4623276803733314,0.33061203360557556,0.10592403344467957,0.12256271847566505,0.6937049865722642,0.24095034842961655,1,5.66,-90.07689323912508,-15.566933182208434,90.07689323912508,15.566933182208434,,,,,,,off,5.0,legged_eval-seed1-no-roughness,,n/a,settle,0.0,auto,off,,,,,0,WALK,first,on,1000,1,deterministic,20.0,1,200,lo,1.0,0.42,0.5,0.05,dead-reckoned-heading-hold,2.649,0.5676
4,flush_a_frame,4,0,1,1,heading-only,0.04,1.4252685546875057,2.5868591308593736,0.7247461507859282,1.2259254101062602,12.788204218705946,0,roll,5.5200000000000005,31.284119517043962,5.667412955986224,0.33601462841033936,0.07704140483469306,0.10631505993829231,0.5868591308593736,1.2839202032255905,1,5.5200000000000005,-87.34435821072634,1.0558259173230933,87.34435821072634,12.874632483008668,,,,,,,off,5.0,legged_eval-seed1-no-roughness,,n/a,settle,0.0,auto,off,,,,,0,WALK,first,on,1000,1,deterministic,20.0,1,200,lo,1.0,0.42,0.5,0.05,dead-reckoned-heading-hold,2.649,0.5676
4,flush_a_frame,5,0,1,1,heading-only,0.04,1.597869873046875,2.7057746887207017,0.9249682677453804,1.4519884095828466,13.320840207195376,0,roll,5.74,9.921381130983548,1.7284636116696075,0.3323475122451782,0.10415851446809668,0.12295726284332782,0.7057746887207017,0.28962952456265567,1,5.74,-88.22764814836577,-14.791335938412686,88.22764814836577,16.41702839145228,,,,,,,off,5.0,legged_eval-seed1-no-roughness,,n/a,settle,0.0,auto,off,,,,,0,WALK,first,on,1000,1,deterministic,20.0,1,200,lo,1.0,0.42,0.5,0.05,dead-reckoned-heading-hold,2.649,0.5676
4,flush_a_frame,6,0,1,1,heading-only,0.04,1.4713226318359602,2.5676559448242173,0.7378199610847154,1.4780486787643214,13.740408128976135,0,roll,6.22,23.53951970735406,3.784488698931521,0.3358801305294037,0.07577534273890037,0.09126301363733398,0.5676559448242173,0.8716791757506999,1,6.22,-88.09002403960426,0.08285828440389753,88.09002403960426,12.986297572016154,,,,,,,off,5.0,legged_eval-seed1-no-roughness,,n/a,settle,0.0,auto,off,,,,,0,WALK,first,on,1000,1,deterministic,20.0,1,200,lo,1.0,0.42,0.5,0.05,dead-reckoned-heading-hold,2.649,0.5676
4,flush_a_frame,7,0,1,1,heading-only,0.04,1.589648437500017,2.6899894714355455,0.9076181744203423,1.3078809925039434,12.129991774030108,0,roll,5.66,8.902236402333756,1.5728332866314056,0.33046796917915344,0.10417816916961432,0.12190626703808223,0.6899894714355455,0.2635016496785242,1,5.66,-86.14564225201208,-15.212661508546692,86.14564225201208,15.212661508546692,,,,,,,off,5.0,legged_eval-seed1-no-roughness,,n/a,settle,0.0,auto,off,,,,,0,WALK,first,on,1000,1,deterministic,20.0,1,200,lo,1.0,0.42,0.5,0.05,dead-reckoned-heading-hold,2.649,0.5676
4,flush_a_frame,8,0,1,1,heading-only,0.04,1.7237060546875114,2.512483978271483,0.886786491539158,0.8952717563839449,12.087163243771316,0,roll,6.0600000000000005,-10.585896494045897,-1.7468476062782008,0.33845481276512146,0.11942344136757613,0.0845683132461193,0.512483978271483,-0.2552952913682643,1,6.0600000000000005,-89.08093516082798,-0.06528967764419312,89.08093516082798,18.653884011485715,,,,,,,off,5.0,legged_eval-seed1-no-roughness,,n/a,settle,0.0,auto,off,,,,,0,WALK,first,on,1000,1,deterministic,20.0,1,200,lo,1.0,0.42,0.5,0.05,dead-reckoned-heading-hold,2.649,0.5676
4,flush_a_frame,9,0,1,1,heading-only,0.04,1.458105468750034,2.6191772460937486,0.7702214503497854,1.1692186128624718,12.55716922300078,0,roll,5.62,23.964156876003926,4.2640848533814815,0.3325212001800537,0.08151342860320891,0.11017388720529334,0.6191772460937486,0.9130068695576468,1,5.62,-91.12322056562189,-8.433551938161454,91.12322056562189,12.912797893907506,,,,,,,off,5.0,legged_eval-seed1-no-roughness,,n/a,settle,0.0,auto,off,,,,,0,WALK,first,on,1000,1,deterministic,20.0,1,200,lo,1.0,0.42,0.5,0.05,dead-reckoned-heading-hold,2.649,0.5676
5,sphere_bump,0,0,0,1,heading-only,0.04,0.9427856206893921,2.0401077270507812,0.06987213299361977,0.558655971309433,15.007267974430132,1,timeout,20.0,-0.21169093403179318,-0.010584546701589658,0.3374602198600769,-0.0028607189655303956,0.0020053863525390627,0.04010772705078125,0.0645764900361662,0,20.0,-3.0033546680667262,-0.833649642825054,13.77872745902913,7.380019569914379,,,,,,,off,5.0,legged_eval-seed1-no-roughness,,n/a,settle,0.0,auto,off,,,,,0,WALK,first,on,1000,1,deterministic,20.0,1,200,lo,1.0,0.42,0.5,0.05,dead-reckoned-heading-hold,2.649,0.5676
5,sphere_bump,1,0,1,1,heading-only,0.04,2.040383911132814,2.619518280029297,1.2108681108339046,1.068321324927302,13.523813432899379,0,roll,8.46,17.762661171378397,2.0996053394064296,0.33608150482177734,0.12297682164690471,0.07322911111457409,0.6195182800292969,0.2979831945105209,1,8.46,-91.59356439249626,0.2613042681281582,91.59356439249626,15.964587732178723,,,,,,,off,5.0,legged_eval-seed1-no-roughness,,n/a,settle,0.0,auto,off,,,,,0,WALK,first,on,1000,1,deterministic,20.0,1,200,lo,1.0,0.42,0.5,0.05,dead-reckoned-heading-hold,2.649,0.5676
5,sphere_bump,2,0,1,1,heading-only,0.04,2.1859848022460966,2.6489830017089844,1.351938936367289,1.3384628722696181,13.180002847617414,0,roll,7.76,18.607729239915273,2.397903252566401,0.3232393264770508,0.1528330930729506,0.08363183011713717,0.6489830017089844,0.27383668065651406,1,7.76,-86.72697746879707,0.02692255673834562,86.72697746879707,14.680263776974655,,,,,,,off,5.0,legged_eval-seed1-no-roughness,,n/a,settle,0.0,auto,off,,,,,0,WALK,first,on,1000,1,deterministic,20.0,1,200,lo,1.0,0.42,0.5,0.05,dead-reckoned-heading-hold,2.649,0.5676
5,sphere_bump,3,0,1,1,heading-only,0.04,3.56537322998048,2.7789764404296875,2.681034148205686,1.7413352507922149,11.111964494425727,0,roll,14.44,7.457315675124164,0.5164346035404546,0.3278413414955139,0.17765742589892522,0.053945736871862014,0.7789764404296875,0.05073519531989924,1,14.44,-88.37430368654668,-1.476542593538709,88.37430368654668,19.193041801738843,,,,,,,off,5.0,legged_eval-seed1-no-roughness,,n/a,settle,0.0,auto,off,,,,,0,WALK,first,on,1000,1,deterministic,20.0,1,200,lo,1.0,0.42,0.5,0.05,dead-reckoned-heading-hold,2.649,0.5676
5,sphere_bump,4,0,1,1,heading-only,0.04,1.8705963134765682,2.601318359375,1.0580745296813605,1.167743072431598,12.693654383791364,0,roll,7.68,26.079698383613817,3.3957940603663825,0.33091941475868225,0.11335889498392815,0.07829666137695312,0.601318359375,0.5228331405441394,1,7.68,-86.18086172808424,2.072441209399049,86.18086172808424,17.56939271527381,,,,,,,off,5.0,legged_eval-seed1-no-roughness,,n/a,settle,0.0,auto,off,,,,,0,WALK,first,on,1000,1,deterministic,20.0,1,200,lo,1.0,0.42,0.5,0.05,dead-reckoned-heading-hold,2.649,0.5676
5,sphere_bump,5,0,1,1,heading-only,0.04,5.6610565185546875,2.2306137084960938,4.666758034407555,2.927333903139026,8.54205703925369,1,timeout,20.0,4.174349830060493,0.20871749150302463,0.3233290910720825,0.23305282592773438,0.011530685424804687,0.23061370849609375,0.015630822834822176,0,20.0,0.026189770416582867,-2.1559292067067006,8.234239943003585,5.834791672023796,,,,,,,off,5.0,legged_eval-seed1-no-roughness,,n/a,settle,0.0,auto,off,,,,,0,WALK,first,on,1000,1,deterministic,20.0,1,200,lo,1.0,0.42,0.5,0.05,dead-reckoned-heading-hold,2.649,0.5676
5,sphere_bump,6,0,1,1,heading-only,0.04,1.6086975097656477,2.690948486328125,0.920827057136153,1.4034582038990207,12.460474207038466,0,roll,7.74,35.9433356577388,4.643841816245323,0.33834168314933777,0.07864308911700875,0.08926983027495154,0.690948486328125,1.0306096892339012,1,7.74,-87.54246180787746,14.859354610777062,87.54246180787746,20.076162151685743,,,,,,,off,5.0,legged_eval-seed1-no-roughness,,n/a,settle,0.0,auto,off,,,,,0,WALK,first,on,1000,1,deterministic,20.0,1,200,lo,1.0,0.42,0.5,0.05,dead-reckoned-heading-hold,2.649,0.5676
5,sphere_bump,7,0,1,1,heading-only,0.04,2.176257324218767,1.4869728088378906,1.283268557882557,1.193049843295907,11.585107527514397,0,roll,7.32,-7.85532531049671,-1.073131873018676,0.32741421461105347,0.1606908912867168,-0.07008568185274718,-0.5130271911621094,-0.116557225753703,1,7.32,88.6226042715879,1.7259354192214624,88.6226042715879,15.184756773791664,,,,,,,off,5.0,legged_eval-seed1-no-roughness,,n/a,settle,0.0,auto,off,,,,,0,WALK,first,on,1000,1,deterministic,20.0,1,200,lo,1.0,0.42,0.5,0.05,dead-reckoned-heading-hold,2.649,0.5676
5,sphere_bump,8,0,1,1,heading-only,0.04,5.390637207031261,2.468578338623047,4.415570262513554,2.527623088992951,8.02305789638953,1,timeout,20.0,3.9967286771734223,0.19983643385867111,0.33704492449760437,0.21953186035156308,0.023428916931152344,0.4685783386230469,0.01588746039272953,0,20.0,0.19779272099550088,-2.069372760568464,11.534967000822402,7.0160140385193515,,,,,,,off,5.0,legged_eval-seed1-no-roughness,,n/a,settle,0.0,auto,off,,,,,0,WALK,first,on,1000,1,deterministic,20.0,1,200,lo,1.0,0.42,0.5,0.05,dead-reckoned-heading-hold,2.649,0.5676
5,sphere_bump,9,0,1,1,heading-only,0.04,2.499304199218784,1.4764976501464844,1.588070461943434,1.1928179470858309,10.76343415974832,0,roll,7.66,17.73497317766501,2.3152706498257194,0.3254261910915375,0.1957316186969692,-0.06834234332291327,-0.5235023498535156,0.20645154923491776,1,7.66,90.40329339150799,-10.838647296273786,90.40329339150799,15.698217683463497,,,,,,,off,5.0,legged_eval-seed1-no-roughness,,n/a,settle,0.0,auto,off,,,,,0,WALK,first,on,1000,1,deterministic,20.0,1,200,lo,1.0,0.42,0.5,0.05,dead-reckoned-heading-hold,2.649,0.5676
6,box_jump_even,0,0,2,1,heading-only,0.04,3.193528413772583,1.5328422546386662,2.2427222879970556,0.969287978853179,8.269677104532667,0,below,9.18,-112.14364561445555,-12.21608340026749,0.3227089047431946,0.2389464503020243,-0.050888643285548346,-0.4671577453613338,-0.8922956451681834,1,9.18,-44.0837321260912,63.75954863599595,46.5615878213373,66.92051202178759,,,,,,,off,5.0,legged_eval-seed1-no-roughness,,n/a,settle,0.0,auto,off,,,,,0,WALK,first,on,1000,1,deterministic,20.0,1,200,lo,1.0,0.42,0.5,0.05,dead-reckoned-heading-hold,2.649,0.5676
6,box_jump_even,1,0,2,1,heading-only,0.04,3.207753753662111,1.7389312744140568,2.223135964417878,0.8635251647168013,8.046482558622428,0,below,9.040000000000001,18.515084017365865,2.0481287629829494,0.3245859742164612,0.2442205479714724,-0.028879283803754773,-0.2610687255859432,0.14637011797642274,1,9.040000000000001,66.0938061648064,63.40461790841435,66.11058917013298,63.40461790841435,,,,,,,off,5.0,legged_eval-seed1-no-roughness,,n/a,settle,0.0,auto,off,,,,,0,WALK,first,on,1000,1,deterministic,20.0,1,200,lo,1.0,0.42,0.5,0.05,dead-reckoned-heading-hold,2.649,0.5676
6,box_jump_even,2,0,2,1,heading-only,0.04,2.7411529541015653,2.621255493164057,1.8486676276072784,1.2673406434121761,8.780851892682751,0,below,7.96,-50.51320068782249,-6.345879483394786,0.32327455282211304,0.21873780830421674,0.07804717250804734,0.6212554931640568,-0.5063436073472841,1,7.96,-75.88247232250731,63.249603129939146,75.88247232250731,63.249603129939146,,,,,,,off,5.0,legged_eval-seed1-no-roughness,,n/a,settle,0.0,auto,off,,,,,0,WALK,first,on,1000,1,deterministic,20.0,1,200,lo,1.0,0.42,0.5,0.05,dead-reckoned-heading-hold,2.649,0.5676
6,box_jump_even,3,0,2,1,heading-only,0.04,3.1904800415039176,2.3631492614746037,2.220378390801116,0.6642555757222486,8.16759715823481,0,below,7.9,-54.099021111558244,-6.847977355893448,0.3229871094226837,0.27727595462074905,0.04596826094615236,0.3631492614746037,-0.43104982588855295,1,7.9,-63.79619778488698,68.88566762577669,63.79619778488698,68.88566762577669,,,,,,,off,5.0,legged_eval-seed1-no-roughness,,n/a,settle,0.0,auto,off,,,,,0,WALK,first,on,1000,1,deterministic,20.0,1,200,lo,1.0,0.42,0.5,0.05,dead-reckoned-heading-hold,2.649,0.5676
6,box_jump_even,4,0,2,1,heading-only,0.04,3.4067749023437557,1.2619377136230412,2.517399723747458,1.0677881658800104,8.824145485916665,0,roll,8.92,30.600953046373945,3.430600117306496,0.3239520788192749,0.26981781416409817,-0.08274240878665458,-0.7380622863769588,0.22190998600962292,1,8.92,90.66653086404247,31.560993175638956,90.66653086404247,31.560993175638956,,,,,,,off,5.0,legged_eval-seed1-no-roughness,,n/a,settle,0.0,auto,off,,,,,0,WALK,first,on,1000,1,deterministic,20.0,1,200,lo,1.0,0.42,0.5,0.05,dead-reckoned-heading-hold,2.649,0.5676
6,box_jump_even,5,0,2,1,heading-only,0.04,3.0351715087890625,2.5633750915527287,2.1117089202749497,1.2207024131859627,9.082318375219595,0,below,8.68,-30.579433869821145,-3.522976252283542,0.3228195905685425,0.23446676368537586,0.06490496446460008,0.5633750915527287,-0.26224414115437933,1,8.68,-72.64319185340544,62.707172233433994,72.64319185340544,62.707172233433994,,,,,,,off,5.0,legged_eval-seed1-no-roughness,,n/a,settle,0.0,auto,off,,,,,0,WALK,first,on,1000,1,deterministic,20.0,1,200,lo,1.0,0.42,0.5,0.05,dead-reckoned-heading-hold,2.649,0.5676
6,box_jump_even,6,0,2,1,heading-only,0.04,3.1074920654297102,2.045365905761713,2.107980282463469,0.8764160015662545,8.692626315330322,0,below,8.38,21.836242500123973,2.6057568615899727,0.32329729199409485,0.2514906999319463,0.0054135925729967855,0.045365905761713066,0.18083784709926,1,8.38,32.7489848323334,65.86487128601452,32.7489848323334,65.86487128601452,,,,,,,off,5.0,legged_eval-seed1-no-roughness,,n/a,settle,0.0,auto,off,,,,,0,WALK,first,on,1000,1,deterministic,20.0,1,200,lo,1.0,0.42,0.5,0.05,dead-reckoned-heading-hold,2.649,0.5676
6,box_jump_even,7,0,2,1,heading-only,0.04,2.9261810302734546,2.556985473632807,2.0050950549096838,1.167058104797534,8.891282018095948,0,below,7.94,-44.2452296442716,-5.572447058472494,0.3235030174255371,0.24259206930396152,0.0701493039839807,0.5569854736328068,-0.400909843600686,1,7.94,-67.83240564058886,64.05593752504043,67.83240564058886,64.05593752504043,,,,,,,off,5.0,legged_eval-seed1-no-roughness,,n/a,settle,0.0,auto,off,,,,,0,WALK,first,on,1000,1,deterministic,20.0,1,200,lo,1.0,0.42,0.5,0.05,dead-reckoned-heading-hold,2.649,0.5676
6,box_jump_even,8,0,2,1,heading-only,0.04,2.9790771484375114,2.652024841308588,2.083718491819622,1.1593534938329744,9.19407213061732,0,below,7.9,-39.20098113616439,-4.962149510906884,0.3229755759239197,0.2505160947389255,0.08253479003906178,0.6520248413085881,-0.34570971191215244,1,7.9,-70.5587736047251,61.59100141267769,70.5587736047251,61.59100141267769,,,,,,,off,5.0,legged_eval-seed1-no-roughness,,n/a,settle,0.0,auto,off,,,,,0,WALK,first,on,1000,1,deterministic,20.0,1,200,lo,1.0,0.42,0.5,0.05,dead-reckoned-heading-hold,2.649,0.5676
6,box_jump_even,9,0,2,1,heading-only,0.04,3.213171386718784,1.2289863586425724,2.343627449521358,0.9705636488415047,9.019842047378047,0,roll,7.44,31.252304588138344,4.200578573674508,0.32334527373313904,0.29746927240843873,-0.10363086577384778,-0.7710136413574276,0.24645882247186882,1,7.44,89.55500849621446,37.04746086761578,89.55500849621446,37.04746086761578,,,,,,,off,5.0,legged_eval-seed1-no-roughness,,n/a,settle,0.0,auto,off,,,,,0,WALK,first,on,1000,1,deterministic,20.0,1,200,lo,1.0,0.42,0.5,0.05,dead-reckoned-heading-hold,2.649,0.5676
7,box_jump_uneven,0,0,2,1,heading-only,0.04,3.2967336177825928,1.8314888000488239,2.302907148706109,0.8905136397379385,9.004843228711708,0,below,9.88,18.239310086498193,1.8460840168520436,0.3374209702014923,0.23246291677961464,-0.017055789468742522,-0.16851119995117614,0.1386038031737204,1,9.88,44.510984953150185,61.346202458421246,44.510984953150185,61.49973670972863,,,,,,,off,5.0,legged_eval-seed1-no-roughness,,n/a,settle,0.0,auto,off,,,,,0,WALK,first,on,1000,1,deterministic,20.0,1,200,lo,1.0,0.42,0.5,0.05,dead-reckoned-heading-hold,2.649,0.5676
7,box_jump_uneven,1,0,1,1,heading-only,0.04,2.4251838684082045,2.8669464111328082,1.6681562092762867,0.8066599662104109,10.21168347489662,0,roll,9.02,28.154084958743454,3.121295449971558,0.35490378737449646,0.15800264616498944,0.09611379280851533,0.8669464111328082,0.3447846213451123,1,9.02,-89.59601589750173,17.54938420525397,89.59601589750173,17.96753958225836,,,,,,,off,5.0,legged_eval-seed1-no-roughness,,n/a,settle,0.0,auto,off,,,,,0,WALK,first,on,1000,1,deterministic,20.0,1,200,lo,1.0,0.42,0.5,0.05,dead-reckoned-heading-hold,2.649,0.5676
7,box_jump_uneven,2,0,1,1,heading-only,0.04,1.7478744506835966,1.4519187927246051,0.9272050494651901,0.9804702197923327,10.516417358747837,0,roll,10.92,-43.34088613741764,-3.9689456169796373,0.3535129427909851,0.06848667130802166,-0.05019058674683104,-0.5480812072753949,-1.0114547477032787,1,10.92,85.95900968732967,-5.2420345553273435,85.95900968732967,17.83634224241528,,,,,,,off,5.0,legged_eval-seed1-no-roughness,,n/a,settle,0.0,auto,off,,,,,0,WALK,first,on,1000,1,deterministic,20.0,1,200,lo,1.0,0.42,0.5,0.05,dead-reckoned-heading-hold,2.649,0.5676
7,box_jump_uneven,3,0,1,1,heading-only,0.04,1.6058776855468864,2.6973678588867145,0.9238017646940778,1.2400794754414528,11.365537075557906,0,roll,5.92,16.817078463014923,2.8407227133471156,0.3324130177497864,0.10234420363967675,0.11779862481194502,0.6973678588867145,0.48444330720135764,1,5.92,-89.19197863513564,7.9656710396500845,89.19197863513564,11.22615891411673,,,,,,,off,5.0,legged_eval-seed1-no-roughness,,n/a,settle,0.0,auto,off,,,,,0,WALK,first,on,1000,1,deterministic,20.0,1,200,lo,1.0,0.42,0.5,0.05,dead-reckoned-heading-hold,2.649,0.5676
7,box_jump_uneven,4,0,1,1,heading-only,0.04,1.7066406250000057,2.5403129577636676,0.8895386811306867,0.9103950376439537,10.85681263666864,0,roll,6.76,-15.746155993670754,-2.3293130168152003,0.33052775263786316,0.10453263683432037,0.0799279523319035,0.5403129577636676,-0.388913765921952,1,6.76,-89.57830101312702,0.003447451790322236,89.57830101312702,19.75966900657319,,,,,,,off,5.0,legged_eval-seed1-no-roughness,,n/a,settle,0.0,auto,off,,,,,0,WALK,first,on,1000,1,deterministic,20.0,1,200,lo,1.0,0.42,0.5,0.05,dead-reckoned-heading-hold,2.649,0.5676
7,box_jump_uneven,5,0,1,1,heading-only,0.04,1.320159912109375,2.5212394714355426,0.6117131320351775,1.259744640070827,11.341823795305407,0,roll,6.94,44.64626085048346,6.433178796899633,0.3296366035938263,0.04613255217714337,0.07510655208004936,0.5212394714355426,2.4338595216723347,1,6.94,-88.94067739423595,1.2010491885469397,88.94067739423595,16.996860128116158,,,,,,,off,5.0,legged_eval-seed1-no-roughness,,n/a,settle,0.0,auto,off,,,,,0,WALK,first,on,1000,1,deterministic,20.0,1,200,lo,1.0,0.42,0.5,0.05,dead-reckoned-heading-hold,2.649,0.5676
7,box_jump_uneven,6,0,1,1,heading-only,0.04,1.4498840332031477,2.6207572937011676,0.7666389378412295,1.1618749380638247,10.817940862934291,0,roll,7.0200000000000005,18.772574431305657,2.6741559018953924,0.3298720121383667,0.064086044615833,0.08842696491469623,0.6207572937011676,0.728283754747163,1,7.0200000000000005,-85.95251789007484,-1.427154752517905,85.95251789007484,20.660977361120306,,,,,,,off,5.0,legged_eval-seed1-no-roughness,,n/a,settle,0.0,auto,off,,,,,0,WALK,first,on,1000,1,deterministic,20.0,1,200,lo,1.0,0.42,0.5,0.05,dead-reckoned-heading-hold,2.649,0.5676
7,box_jump_uneven,7,0,1,1,heading-only,0.04,1.450457763671892,2.5885841369628864,0.741177092965391,1.2026747489051595,10.166594262253826,0,roll,6.34,21.616061183421152,3.409473372779362,0.3292043209075928,0.07105012045297981,0.09283661466291583,0.5885841369628864,0.8375289969206545,1,6.34,-91.35889079549085,-3.7730755212569127,91.35889079549085,19.13279779294622,,,,,,,off,5.0,legged_eval-seed1-no-roughness,,n/a,settle,0.0,auto,off,,,,,0,WALK,first,on,1000,1,deterministic,20.0,1,200,lo,1.0,0.42,0.5,0.05,dead-reckoned-heading-hold,2.649,0.5676
7,box_jump_uneven,8,0,1,1,heading-only,0.04,1.4142272949218864,2.6472465515136676,0.7684480140547167,1.3041483126657685,11.553916219259655,0,roll,7.88,28.288664473464024,3.5899320397796988,0.3253873586654663,0.05256691559922416,0.08213788724792737,0.6472465515136676,1.1919309570051422,1,7.88,-87.63519323960867,-2.7051557351798943,87.63519323960867,21.530317162727336,,,,,,,off,5.0,legged_eval-seed1-no-roughness,,n/a,settle,0.0,auto,off,,,,,0,WALK,first,on,1000,1,deterministic,20.0,1,200,lo,1.0,0.42,0.5,0.05,dead-reckoned-heading-hold,2.649,0.5676
7,box_jump_uneven,9,0,1,1,heading-only,0.04,1.180609130859409,2.6396209716796832,0.6646312101927304,1.4471023238308554,12.086327438039511,0,roll,11.1,50.108921478462406,4.514317250311929,0.32883578538894653,0.016271092870217038,0.057623510962133626,0.6396209716796832,4.842311461557604,1,11.1,-88.84553719890694,1.6967396112106838,88.84553719890694,19.551588646157747,,,,,,,off,5.0,legged_eval-seed1-no-roughness,,n/a,settle,0.0,auto,off,,,,,0,WALK,first,on,1000,1,deterministic,20.0,1,200,lo,1.0,0.42,0.5,0.05,dead-reckoned-heading-hold,2.649,0.5676
8,flat_circle_jump,0,0,1,1,heading-only,0.04,1.498816728591919,2.6228912353515597,0.7980047742970816,1.1872203461653783,7.327705688260617,0,roll,5.6000000000000005,11.525969553600476,2.0582088488572277,0.3216606378555298,0.08907441581998551,0.11123057774134992,0.6228912353515597,0.4032866314704593,1,5.6000000000000005,-88.42581122055742,-5.80105633010917,88.42581122055742,19.166321029275043,,,,,,,off,5.0,legged_eval-seed1-no-roughness,,n/a,settle,0.0,auto,off,,,,,0,WALK,first,on,1000,1,deterministic,20.0,1,200,lo,1.0,0.42,0.5,0.05,dead-reckoned-heading-hold,2.649,0.5676
8,flat_circle_jump,1,0,1,1,heading-only,0.04,1.9627281188964858,1.6034362792968722,1.041205174541442,0.7630249818731852,7.347980773097482,0,roll,4.6000000000000005,25.207428156816405,5.479875686264435,0.32222917675971985,0.20928872149923602,-0.08620950450067996,-0.39656372070312784,0.4569853198020866,1,4.6000000000000005,87.9136915587629,-8.284623775011212,87.9136915587629,13.861271868482708,,,,,,,off,5.0,legged_eval-seed1-no-roughness,,n/a,settle,0.0,auto,off,,,,,0,WALK,first,on,1000,1,deterministic,20.0,1,200,lo,1.0,0.42,0.5,0.05,dead-reckoned-heading-hold,2.649,0.5676
8,flat_circle_jump,2,0,1,1,heading-only,0.04,2.1053268432617216,1.5173843383789034,1.2060950656050673,0.7701973598035485,7.759695882026856,0,roll,4.68,41.23883780022703,8.81171747868099,0.3224048912525177,0.23618094941489778,-0.10312300461989245,-0.4826156616210966,0.6511680266317685,1,4.68,86.9718677185022,1.1983679681476471,86.9718677185022,19.356562828173363,,,,,,,off,5.0,legged_eval-seed1-no-roughness,,n/a,settle,0.0,auto,off,,,,,0,WALK,first,on,1000,1,deterministic,20.0,1,200,lo,1.0,0.42,0.5,0.05,dead-reckoned-heading-hold,2.649,0.5676
8,flat_circle_jump,3,0,1,1,heading-only,0.04,2.6356704711914176,0.9718368530273409,1.931977574176335,1.1799180857844613,7.683432412019972,0,roll,4.5600000000000005,29.582516120441596,6.487393886061753,0.3219582140445709,0.35869966473495996,-0.22547437433610942,-1.028163146972659,0.31565790079338224,1,4.5600000000000005,89.85653035545307,19.449198657428802,89.85653035545307,19.449198657428802,,,,,,,off,5.0,legged_eval-seed1-no-roughness,,n/a,settle,0.0,auto,off,,,,,0,WALK,first,on,1000,1,deterministic,20.0,1,200,lo,1.0,0.42,0.5,0.05,dead-reckoned-heading-hold,2.649,0.5676
8,flat_circle_jump,4,0,1,1,heading-only,0.04,2.013449096679693,1.5305908203124972,1.1168813945696205,0.8316833056066522,9.098667611062945,0,roll,4.58,28.825449306828517,6.293766224198366,0.32269296050071716,0.22127709534491116,-0.10249108726801372,-0.46940917968750284,0.4964225637174576,1,4.58,88.25439925656907,-11.355229933438203,88.25439925656907,12.089909527246162,,,,,,,off,5.0,legged_eval-seed1-no-roughness,,n/a,settle,0.0,auto,off,,,,,0,WALK,first,on,1000,1,deterministic,20.0,1,200,lo,1.0,0.42,0.5,0.05,dead-reckoned-heading-hold,2.649,0.5676
8,flat_circle_jump,5,0,1,1,heading-only,0.04,2.05828857421875,0.9436691284179659,1.4952623905452898,1.670827052884729,9.55030997929197,0,roll,4.6000000000000005,24.450441924450416,5.315313461837047,0.32310304045677185,0.2300627335258152,-0.22963714599609433,-1.056330871582034,0.40323662708382446,1,4.6000000000000005,89.35274698285818,36.521228143282386,89.35274698285818,36.521228143282386,,,,,,,off,5.0,legged_eval-seed1-no-roughness,,n/a,settle,0.0,auto,off,,,,,0,WALK,first,on,1000,1,deterministic,20.0,1,200,lo,1.0,0.42,0.5,0.05,dead-reckoned-heading-hold,2.649,0.5676
8,flat_circle_jump,6,0,1,1,heading-only,0.04,2.6199127197265852,1.3573425292968722,1.742735161802425,0.7322690395156857,9.501845266381274,0,roll,4.6000000000000005,21.605053104151438,4.696750674815529,0.3226589858531952,0.35215493907099676,-0.13970814580502777,-0.6426574707031278,0.23277754853317575,1,4.6000000000000005,88.697904759454,34.79999694427525,88.697904759454,34.79999694427525,,,,,,,off,5.0,legged_eval-seed1-no-roughness,,n/a,settle,0.0,auto,off,,,,,0,WALK,first,on,1000,1,deterministic,20.0,1,200,lo,1.0,0.42,0.5,0.05,dead-reckoned-heading-hold,2.649,0.5676
8,flat_circle_jump,7,0,1,1,heading-only,0.04,2.6830169677734546,1.3480194091796847,1.8048891391494828,0.9090374963960913,9.838609380691448,0,roll,4.58,26.48864166559335,5.783546215195054,0.3227531611919403,0.3674709536623263,-0.14235384079046187,-0.6519805908203153,0.27469361289754346,1,4.58,87.54021216732839,32.00967331411733,87.54021216732839,32.00967331411733,,,,,,,off,5.0,legged_eval-seed1-no-roughness,,n/a,settle,0.0,auto,off,,,,,0,WALK,first,on,1000,1,deterministic,20.0,1,200,lo,1.0,0.42,0.5,0.05,dead-reckoned-heading-hold,2.649,0.5676
8,flat_circle_jump,8,0,1,1,heading-only,0.04,2.7148254394531364,0.8137405395507784,2.0851469481312153,1.2355079585588244,10.452705973121768,0,roll,4.62,21.687277963434894,4.694216009401492,0.3236531615257263,0.3711743375439689,-0.256766116980351,-1.1862594604492216,0.22073057557267103,1,4.62,87.28669570631054,45.50425363323261,87.28669570631054,45.50425363323261,,,,,,,off,5.0,legged_eval-seed1-no-roughness,,n/a,settle,0.0,auto,off,,,,,0,WALK,first,on,1000,1,deterministic,20.0,1,200,lo,1.0,0.42,0.5,0.05,dead-reckoned-heading-hold,2.649,0.5676
8,flat_circle_jump,9,0,1,1,heading-only,0.04,2.528295898437534,1.1387451171874972,1.7542657513470892,1.4028151057357687,11.454129585298787,0,roll,4.5600000000000005,30.17851523143696,6.618095445490561,0.3227059841156006,0.3351526093064767,-0.18887168482730324,-0.8612548828125028,0.3446416722640716,1,4.5600000000000005,90.247335853485,21.66644887490236,90.247335853485,21.66644887490236,,,,,,,off,5.0,legged_eval-seed1-no-roughness,,n/a,settle,0.0,auto,off,,,,,0,WALK,first,on,1000,1,deterministic,20.0,1,200,lo,1.0,0.42,0.5,0.05,dead-reckoned-heading-hold,2.649,0.5676
9,bump_jump,0,0,1,1,heading-only,0.04,1.7627540826797485,1.5070480346679602,0.9081824875923039,0.905245595883056,9.0007550138038,0,roll,6.28,-7.629165585992581,-1.2148352843937231,0.3284856379032135,0.12145765647766696,-0.07849553588089805,-0.4929519653320398,-0.17457010284049762,1,6.28,86.27761309584947,2.3285029107068866,86.27761309584947,26.836242128752883,,,,,,,off,5.0,legged_eval-seed1-no-roughness,,n/a,settle,0.0,auto,off,,,,,0,WALK,first,on,1000,1,deterministic,20.0,1,200,lo,1.0,0.42,0.5,0.05,dead-reckoned-heading-hold,2.649,0.5676
9,bump_jump,1,0,1,1,heading-only,0.04,1.9609695434570327,2.036947631835929,0.9616795677096925,0.523545799788032,8.73910856139709,1,timeout,20.0,-4.8727411109451,-0.24363705554725498,0.32406651973724365,0.048048477172851635,0.0018473815917964486,0.036947631835928973,-0.08849955397892471,0,20.0,-10.645680074171864,17.894658922949144,11.901672149339085,18.16102166910684,,,,,,,off,5.0,legged_eval-seed1-no-roughness,,n/a,settle,0.0,auto,off,,,,,0,WALK,first,on,1000,1,deterministic,20.0,1,200,lo,1.0,0.42,0.5,0.05,dead-reckoned-heading-hold,2.649,0.5676
9,bump_jump,2,0,1,1,heading-only,0.04,2.659197998046878,1.3486465454101477,1.7824700052255864,0.8766792497994353,8.216659829760847,0,roll,4.58,23.871503776298113,5.2121187284493695,0.3218650817871094,0.36227030525041,-0.14221691148250049,-0.6513534545898523,0.25110706424977897,1,4.58,88.16689226717143,20.60966784711418,88.16689226717143,20.60966784711418,,,,,,,off,5.0,legged_eval-seed1-no-roughness,,n/a,settle,0.0,auto,off,,,,,0,WALK,first,on,1000,1,deterministic,20.0,1,200,lo,1.0,0.42,0.5,0.05,dead-reckoned-heading-hold,2.649,0.5676
9,bump_jump,3,0,1,1,heading-only,0.04,2.12134246826173,0.8960861206054602,1.5735421139096377,1.1198732033237395,8.947021036021578,0,roll,4.6000000000000005,30.72252500107058,6.678809782841429,0.32310613989830017,0.24377010179602826,-0.23998127812924774,-1.1039138793945398,0.4781850602931063,1,4.6000000000000005,87.1358309900504,6.825045272727922,87.1358309900504,18.979198793227834,,,,,,,off,5.0,legged_eval-seed1-no-roughness,,n/a,settle,0.0,auto,off,,,,,0,WALK,first,on,1000,1,deterministic,20.0,1,200,lo,1.0,0.42,0.5,0.05,dead-reckoned-heading-hold,2.649,0.5676
9,bump_jump,4,0,1,1,heading-only,0.04,2.3418029785156307,1.203909301757804,1.5601908963268454,0.6788071818344652,8.993500668569462,0,roll,4.64,35.15845803048765,7.5772538858809595,0.3219445049762726,0.28918167640423076,-0.1715712711728871,-0.796090698242196,0.457318147583097,1,4.64,88.20818157107988,0.6238813043109077,88.20818157107988,19.068034945301886,,,,,,,off,5.0,legged_eval-seed1-no-roughness,,n/a,settle,0.0,auto,off,,,,,0,WALK,first,on,1000,1,deterministic,20.0,1,200,lo,1.0,0.42,0.5,0.05,dead-reckoned-heading-hold,2.649,0.5676
9,bump_jump,5,0,1,1,heading-only,0.04,2.035491943359375,1.5947555541992102,1.1119652088148102,0.6417503546585723,9.373272331674764,0,roll,4.5600000000000005,28.492819752742008,6.248425384373247,0.32286617159843445,0.2270815665261787,-0.08886939600894511,-0.4052444458007898,0.48024856306393815,1,4.5600000000000005,86.16862484669618,12.445601461366326,86.16862484669618,20.90959394875523,,,,,,,off,5.0,legged_eval-seed1-no-roughness,,n/a,settle,0.0,auto,off,,,,,0,WALK,first,on,1000,1,deterministic,20.0,1,200,lo,1.0,0.42,0.5,0.05,dead-reckoned-heading-hold,2.649,0.5676
9,bump_jump,6,0,1,1,heading-only,0.04,2.1806732177734602,1.3922180175781165,1.3279262725483714,0.6978221049858974,9.139557970667463,0,roll,4.54,30.29722319442436,6.673397179388626,0.32230132818222046,0.2600601801263128,-0.13387268335283778,-0.6077819824218835,0.44786846266530556,1,4.54,91.30078614473791,15.454522259616985,91.30078614473791,19.893969997587334,,,,,,,off,5.0,legged_eval-seed1-no-roughness,,n/a,settle,0.0,auto,off,,,,,0,WALK,first,on,1000,1,deterministic,20.0,1,200,lo,1.0,0.42,0.5,0.05,dead-reckoned-heading-hold,2.649,0.5676
9,bump_jump,7,0,1,1,heading-only,0.04,2.032061767578142,1.5698226928710852,1.1181252200291358,0.7255221870793839,9.727454754699947,0,roll,4.5600000000000005,29.956008182712935,6.569300040068625,0.3224030137062073,0.22632933499520658,-0.09433712875634095,-0.4301773071289148,0.5065888399001447,1,4.5600000000000005,86.84100268765692,16.832347011896502,86.84100268765692,21.487415246285746,,,,,,,off,5.0,legged_eval-seed1-no-roughness,,n/a,settle,0.0,auto,off,,,,,0,WALK,first,on,1000,1,deterministic,20.0,1,200,lo,1.0,0.42,0.5,0.05,dead-reckoned-heading-hold,2.649,0.5676
9,bump_jump,8,0,1,1,heading-only,0.04,2.1334350585937614,1.5107254028320227,1.2345301387505003,0.7485889821955224,10.07844826106593,0,roll,4.5600000000000005,28.3088522946249,6.208081643558091,0.3226068913936615,0.2485603198670529,-0.10729706078245115,-0.4892745971679773,0.43591617910156977,1,4.5600000000000005,90.29686814226136,17.788777798315326,90.29686814226136,19.88916474360061,,,,,,,off,5.0,legged_eval-seed1-no-roughness,,n/a,settle,0.0,auto,off,,,,,0,WALK,first,on,1000,1,deterministic,20.0,1,200,lo,1.0,0.42,0.5,0.05,dead-reckoned-heading-hold,2.649,0.5676
9,bump_jump,9,0,1,1,heading-only,0.04,1.995214843750034,2.0206741333007727,0.99542955803419,0.705088318055271,10.104806305603184,1,timeout,20.0,-1.7435716250504356,-0.08717858125252179,0.3233436048030853,0.049760742187501705,0.0010337066650386363,0.020674133300772723,-0.030577383157602347,0,20.0,1.6441548913368924,28.54944803130897,21.24483226440874,29.98892152796935,,,,,,,off,5.0,legged_eval-seed1-no-roughness,,n/a,settle,0.0,auto,off,,,,,0,WALK,first,on,1000,1,deterministic,20.0,1,200,lo,1.0,0.42,0.5,0.05,dead-reckoned-heading-hold,2.649,0.5676
10,sideways_ramp,0,0,1,1,heading-only,0.04,1.3845303058624268,2.5796279907226562,0.6955804509586473,1.2299236754402267,9.03408337428553,0,roll,6.62,32.10051692602403,4.84902068368943,0.34725049138069153,0.05808614892181673,0.08755709829647375,0.5796279907226562,1.4569975458624378,1,6.62,-89.77438852979039,-1.4479744870016087,89.77438852979039,13.979488866565196,,,,,,,off,5.0,legged_eval-seed1-no-roughness,,n/a,settle,0.0,auto,off,,,,,0,WALK,first,on,1000,1,deterministic,20.0,1,200,lo,1.0,0.42,0.5,0.05,dead-reckoned-heading-hold,2.649,0.5676
10,sideways_ramp,1,0,1,1,heading-only,0.04,1.4025398254394545,2.6362075805664062,0.7528601441403223,1.1841714377606074,9.069801304098638,0,roll,5.88,29.59332240768694,5.032877960490977,0.33165058493614197,0.0684591539863018,0.10819856812353848,0.6362075805664062,1.2831051239575773,1,5.88,-87.42200201024075,-0.8653865627884945,87.42200201024075,18.214167738623907,,,,,,,off,5.0,legged_eval-seed1-no-roughness,,n/a,settle,0.0,auto,off,,,,,0,WALK,first,on,1000,1,deterministic,20.0,1,200,lo,1.0,0.42,0.5,0.05,dead-reckoned-heading-hold,2.649,0.5676
10,sideways_ramp,2,0,1,1,heading-only,0.04,2.0922042846679716,1.4871444702148438,1.2066196558478106,0.4160021032935778,8.523239333038429,0,roll,4.62,50.922722227032494,11.022234248275431,0.3221900761127472,0.23640785382423626,-0.1110076904296875,-0.5128555297851562,0.8137389492208419,1,4.62,90.40578037471748,-6.272409524735238,90.40578037471748,16.82751634336297,,,,,,,off,5.0,legged_eval-seed1-no-roughness,,n/a,settle,0.0,auto,off,,,,,0,WALK,first,on,1000,1,deterministic,20.0,1,200,lo,1.0,0.42,0.5,0.05,dead-reckoned-heading-hold,2.649,0.5676
10,sideways_ramp,3,0,1,1,heading-only,0.04,2.0302017211914176,1.4578781127929688,1.1641356136355732,0.38184436355270407,8.73663425832294,0,roll,4.64,23.06788448298309,4.9715268282291145,0.3232458531856537,0.22202623301539173,-0.11683661362220502,-0.5421218872070312,0.3908074772309154,1,4.64,88.11621007387757,-6.13466496982754,88.11621007387757,15.171220207382712,,,,,,,off,5.0,legged_eval-seed1-no-roughness,,n/a,settle,0.0,auto,off,,,,,0,WALK,first,on,1000,1,deterministic,20.0,1,200,lo,1.0,0.42,0.5,0.05,dead-reckoned-heading-hold,2.649,0.5676
10,sideways_ramp,4,0,1,1,heading-only,0.04,1.4614166259765682,2.6148834228515625,0.7687567407348398,1.177707570369647,9.059474103548752,0,roll,6.32,20.518186796841007,3.2465485438039567,0.3276439607143402,0.07300895980641901,0.09729168083094343,0.6148834228515625,0.776109693460179,1,6.32,-90.90085548140604,-1.662569833520234,90.90085548140604,18.628705438460695,,,,,,,off,5.0,legged_eval-seed1-no-roughness,,n/a,settle,0.0,auto,off,,,,,0,WALK,first,on,1000,1,deterministic,20.0,1,200,lo,1.0,0.42,0.5,0.05,dead-reckoned-heading-hold,2.649,0.5676
10,sideways_ramp,5,0,1,1,heading-only,0.04,1.3285369873046875,2.6306533813476562,0.7110979112840037,1.2678909133420098,9.39265897846405,0,roll,6.5600000000000005,44.06844980146741,6.717751494126129,0.32518768310546875,0.0500818578208365,0.09613618618104515,0.6306533813476562,2.3411048831836467,1,6.5600000000000005,-88.58586165920067,5.404889519364845,88.58586165920067,13.455888141215341,,,,,,,off,5.0,legged_eval-seed1-no-roughness,,n/a,settle,0.0,auto,off,,,,,0,WALK,first,on,1000,1,deterministic,20.0,1,200,lo,1.0,0.42,0.5,0.05,dead-reckoned-heading-hold,2.649,0.5676
10,sideways_ramp,6,0,1,1,heading-only,0.04,2.6806121826172102,2.8123397827148438,1.8666422343187734,1.3444744131244175,8.159923679278224,0,roll,4.74,-17.39055018793519,-3.6688924447120654,0.32716846466064453,0.3545595321977237,0.17137970099469277,0.8123397827148438,-0.1806022606834336,1,4.74,-87.38138339619162,11.735161643478422,87.38138339619162,14.330662489124883,,,,,,,off,5.0,legged_eval-seed1-no-roughness,,n/a,settle,0.0,auto,off,,,,,0,WALK,first,on,1000,1,deterministic,20.0,1,200,lo,1.0,0.42,0.5,0.05,dead-reckoned-heading-hold,2.649,0.5676
10,sideways_ramp,7,0,1,1,heading-only,0.04,1.516162109375017,2.5902633666992188,0.7841136175463116,1.0671769467409105,9.40238397426931,0,roll,16.96,24.734603701357116,1.4584082371083205,0.3274869918823242,0.030434086637677892,0.0348032645459445,0.5902633666992188,0.8363656803235173,1,16.96,-87.74974221359776,5.9479549285271105,87.74974221359776,20.144719979793454,,,,,,,off,5.0,legged_eval-seed1-no-roughness,,n/a,settle,0.0,auto,off,,,,,0,WALK,first,on,1000,1,deterministic,20.0,1,200,lo,1.0,0.42,0.5,0.05,dead-reckoned-heading-hold,2.649,0.5676
10,sideways_ramp,8,0,1,1,heading-only,0.04,1.8921020507812614,1.6595306396484375,0.9548641025540411,0.5427676539296374,9.114259401548823,0,roll,7.42,42.356606818919175,5.708437576673743,0.32242828607559204,0.12022938689774412,-0.04588535853794643,-0.3404693603515625,0.8286745314792291,1,7.42,87.44154725388528,-12.169270193721486,87.44154725388528,15.191636412836102,,,,,,,off,5.0,legged_eval-seed1-no-roughness,,n/a,settle,0.0,auto,off,,,,,0,WALK,first,on,1000,1,deterministic,20.0,1,200,lo,1.0,0.42,0.5,0.05,dead-reckoned-heading-hold,2.649,0.5676
10,sideways_ramp,9,0,1,1,heading-only,0.04,2.144628906250034,2.4456329345703125,1.2283175669984119,0.9555740203908992,8.866576899818567,0,below,4.98,-28.053752459586235,-5.633283626422938,0.3310992419719696,0.22984516189759718,0.08948452501411897,0.4456329345703125,-0.4277633958793994,1,4.98,-74.96968549661352,63.791547229328,76.93186790117132,63.791547229328,,,,,,,off,5.0,legged_eval-seed1-no-roughness,,n/a,settle,0.0,auto,off,,,,,0,WALK,first,on,1000,1,deterministic,20.0,1,200,lo,1.0,0.42,0.5,0.05,dead-reckoned-heading-hold,2.649,0.5676
11,stepping_stones_cylinder,0,0,1,1,heading-only,0.04,2.1377575397491455,2.693132019042963,1.3322628175696427,0.5262651749824308,4.515754617988911,0,roll,4.78,-33.86624580547149,-7.084988662232529,0.3223665952682495,0.23802458990567896,0.14500669854455295,0.6931320190429631,-0.5195109449465993,1,4.78,-87.94547358794405,11.843081082544177,87.94547358794405,16.577183785802525,,,,,,,off,5.0,legged_eval-seed1-no-roughness,,n/a,settle,0.0,auto,off,,,,,0,WALK,first,on,1000,1,deterministic,20.0,1,200,lo,1.0,0.42,0.5,0.05,dead-reckoned-heading-hold,2.649,0.5676
11,stepping_stones_cylinder,1,0,1,1,heading-only,0.04,2.0204788208007827,2.5182128906249943,1.144518074873817,0.4722987764551765,4.360424089597766,0,roll,4.7,-23.250834069088,-4.946985972146383,0.32276660203933716,0.21712315336186863,0.11025806183510517,0.5182128906249943,-0.39766000045156946,1,4.7,-91.41083974751045,13.395491672500915,91.41083974751045,18.05281718594203,,,,,,,off,5.0,legged_eval-seed1-no-roughness,,n/a,settle,0.0,auto,off,,,,,0,WALK,first,on,1000,1,deterministic,20.0,1,200,lo,1.0,0.42,0.5,0.05,dead-reckoned-heading-hold,2.649,0.5676
11,stepping_stones_cylinder,2,0,1,1,heading-only,0.04,2.042559814453128,2.533830261230463,1.171283789061355,0.4479697572380023,4.191572931991691,0,roll,4.68,-22.02154967384726,-4.705459332018646,0.3222690224647522,0.22276919112246324,0.11406629513471434,0.5338302612304631,-0.36865851040088976,1,4.68,-87.88656352543528,17.28383115735614,87.88656352543528,19.542347536643046,,,,,,,off,5.0,legged_eval-seed1-no-roughness,,n/a,settle,0.0,auto,off,,,,,0,WALK,first,on,1000,1,deterministic,20.0,1,200,lo,1.0,0.42,0.5,0.05,dead-reckoned-heading-hold,2.649,0.5676
11,stepping_stones_cylinder,3,0,1,1,heading-only,0.04,2.16309051513673,1.1051956176757756,1.4674653076061666,1.0582810519037538,3.7453685377696857,0,roll,4.5600000000000005,38.126659024243395,8.361109435141094,0.3227967917919159,0.2550637094598092,-0.19622903121145271,-0.8948043823242244,0.5721272111655289,1,4.5600000000000005,87.27462827728436,-1.8280864364887344,87.27462827728436,15.255954621744936,,,,,,,off,5.0,legged_eval-seed1-no-roughness,,n/a,settle,0.0,auto,off,,,,,0,WALK,first,on,1000,1,deterministic,20.0,1,200,lo,1.0,0.42,0.5,0.05,dead-reckoned-heading-hold,2.649,0.5676
11,stepping_stones_cylinder,4,0,1,1,heading-only,0.04,2.0258239746093807,2.4847656249999943,1.1345979631856487,0.43897477687960873,4.152568554471852,0,roll,4.7,-27.66823233360779,-5.886857943320806,0.3228716254234314,0.21826042012965546,0.10314162234042432,0.4847656249999943,-0.4707452393205104,1,4.7,-88.46173012997417,11.926441318436133,88.46173012997417,16.580521678314128,,,,,,,off,5.0,legged_eval-seed1-no-roughness,,n/a,settle,0.0,auto,off,,,,,0,WALK,first,on,1000,1,deterministic,20.0,1,200,lo,1.0,0.42,0.5,0.05,dead-reckoned-heading-hold,2.649,0.5676
11,stepping_stones_cylinder,5,0,1,1,heading-only,0.04,2.172149658203125,2.745950317382807,1.3893799686296089,0.629759058836442,4.194709801675938,0,roll,4.86,-40.074426495261974,-8.245766768572421,0.32435351610183716,0.24118305724344133,0.15348771962609192,0.7459503173828068,-0.5967076672299528,1,4.86,-86.2879220609108,6.308095392945176,86.2879220609108,15.176672473906155,,,,,,,off,5.0,legged_eval-seed1-no-roughness,,n/a,settle,0.0,auto,off,,,,,0,WALK,first,on,1000,1,deterministic,20.0,1,200,lo,1.0,0.42,0.5,0.05,dead-reckoned-heading-hold,2.649,0.5676
11,stepping_stones_cylinder,6,0,1,1,heading-only,0.04,1.9914794921875227,2.599504089355463,1.1586357221242365,0.5476904506273474,4.053102739224251,0,roll,4.76,-25.480016797420063,-5.35294470534035,0.3240636885166168,0.2082940109637653,0.12594623725955106,0.5995040893554631,-0.44853190618927213,1,4.76,-89.64777436861749,9.921573415152869,89.64777436861749,16.386410009029262,,,,,,,off,5.0,legged_eval-seed1-no-roughness,,n/a,settle,0.0,auto,off,,,,,0,WALK,first,on,1000,1,deterministic,20.0,1,200,lo,1.0,0.42,0.5,0.05,dead-reckoned-heading-hold,2.649,0.5676
11,stepping_stones_cylinder,7,0,1,1,heading-only,0.04,2.0393402099609546,2.5468460083007756,1.1744226789517362,0.4903728504136598,3.8496972078612717,0,roll,4.82,-35.427737051314864,-7.350152915210552,0.3220798969268799,0.21563074895455486,0.11345352869310696,0.5468460083007756,-0.5949261388621353,1,4.82,-86.02209410625369,10.5687368327557,86.02209410625369,15.724612274245255,,,,,,,off,5.0,legged_eval-seed1-no-roughness,,n/a,settle,0.0,auto,off,,,,,0,WALK,first,on,1000,1,deterministic,20.0,1,200,lo,1.0,0.42,0.5,0.05,dead-reckoned-heading-hold,2.649,0.5676
11,stepping_stones_cylinder,8,0,1,1,heading-only,0.04,2.5591552734375114,3.2873168945312443,2.0219173953536203,1.2352411820263807,3.302108635101002,0,roll,4.74,-29.76262731845719,-6.2790352992525715,0.3223266899585724,0.3289357116956775,0.2715858427281106,1.2873168945312443,-0.3331649192359339,1,4.74,-87.10323162673022,12.062339331386337,87.10323162673022,16.256959722148657,,,,,,,off,5.0,legged_eval-seed1-no-roughness,,n/a,settle,0.0,auto,off,,,,,0,WALK,first,on,1000,1,deterministic,20.0,1,200,lo,1.0,0.42,0.5,0.05,dead-reckoned-heading-hold,2.649,0.5676
11,stepping_stones_cylinder,9,0,1,1,heading-only,0.04,1.999273681640659,2.568002319335932,1.14942356230881,0.5497558719046289,3.9418640825771805,0,roll,4.74,-19.180533689706124,-4.046526094874709,0.3293098509311676,0.21081723241364114,0.11983171294007,0.5680023193359318,-0.33500678675479206,1,4.74,-87.64698809771865,11.657373017678923,87.64698809771865,13.108954373366563,,,,,,,off,5.0,legged_eval-seed1-no-roughness,,n/a,settle,0.0,auto,off,,,,,0,WALK,first,on,1000,1,deterministic,20.0,1,200,lo,1.0,0.42,0.5,0.05,dead-reckoned-heading-hold,2.649,0.5676
12,stepping_stones_randomly_arranged,0,0,2,1,heading-only,0.04,2.1125857830047607,2.697352600097645,1.3130680764557725,0.7690392486419854,4.343756590435961,0,roll,7.5200000000000005,7.4713791908256155,0.9935344668651084,0.3236175775527954,0.14795023710169689,0.09273305852362299,0.6973526000976449,0.11720459540002832,1,7.5200000000000005,-87.8093252548177,4.973350250875943,87.8093252548177,21.495109631919174,,,,,,,off,5.0,legged_eval-seed1-no-roughness,,n/a,settle,0.0,auto,off,,,,,0,WALK,first,on,1000,1,deterministic,20.0,1,200,lo,1.0,0.42,0.5,0.05,dead-reckoned-heading-hold,2.649,0.5676
12,stepping_stones_randomly_arranged,1,0,2,1,heading-only,0.04,1.9329353332519545,2.485438537597645,1.0516743363869234,0.8262836239594945,4.195244749790524,0,roll,8.98,-10.250932079729722,-1.141529184825136,0.32369258999824524,0.10389034891447155,0.05405774360775555,0.4854385375976449,-0.19177375945871186,1,8.98,-87.44628664726054,0.04364145293787974,87.44628664726054,27.974130705551445,,,,,,,off,5.0,legged_eval-seed1-no-roughness,,n/a,settle,0.0,auto,off,,,,,0,WALK,first,on,1000,1,deterministic,20.0,1,200,lo,1.0,0.42,0.5,0.05,dead-reckoned-heading-hold,2.649,0.5676
12,stepping_stones_randomly_arranged,2,0,2,1,heading-only,0.04,2.021136474609378,2.505313110351551,1.139324817280317,0.6845771541042939,4.11004489005353,0,roll,5.36,-40.80316930978083,-7.612531587645676,0.32320117950439453,0.19051053630771975,0.09427483402081177,0.5053131103515511,-0.6974088845242756,1,5.36,-86.81571031926677,-0.05942344188369634,86.81571031926677,24.559335871099748,,,,,,,off,5.0,legged_eval-seed1-no-roughness,,n/a,settle,0.0,auto,off,,,,,0,WALK,first,on,1000,1,deterministic,20.0,1,200,lo,1.0,0.42,0.5,0.05,dead-reckoned-heading-hold,2.649,0.5676
12,stepping_stones_randomly_arranged,3,0,2,1,heading-only,0.04,2.6050613403320426,3.3451339721679574,2.094184163178788,1.2702903394907294,3.7448606967311835,0,roll,7.88,-30.619246483861673,-3.8856911781550347,0.32284843921661377,0.20368798735178206,0.1707022807319743,1.3451339721679574,-0.3329509297834867,1,7.88,-87.09890779593752,-13.189247070280697,87.09890779593752,23.63269060884203,,,,,,,off,5.0,legged_eval-seed1-no-roughness,,n/a,settle,0.0,auto,off,,,,,0,WALK,first,on,1000,1,deterministic,20.0,1,200,lo,1.0,0.42,0.5,0.05,dead-reckoned-heading-hold,2.649,0.5676
12,stepping_stones_randomly_arranged,4,0,2,1,heading-only,0.04,1.9400543212890682,2.4966918945312386,1.0632050437555691,0.7969614313915743,4.388146437780223,0,roll,5.82,-10.773520912639327,-1.8511204317249703,0.3217097818851471,0.16152136104623163,0.08534224991945681,0.49669189453123863,-0.20002398552902356,1,5.82,-86.17313308054628,1.1600921119622931,86.17313308054628,21.90885335517668,,,,,,,off,5.0,legged_eval-seed1-no-roughness,,n/a,settle,0.0,auto,off,,,,,0,WALK,first,on,1000,1,deterministic,20.0,1,200,lo,1.0,0.42,0.5,0.05,dead-reckoned-heading-hold,2.649,0.5676
12,stepping_stones_randomly_arranged,5,0,2,1,heading-only,0.04,2.1846771240234375,3.1292297363281136,1.6366489194668796,1.1242993105781132,3.9310070157352794,0,roll,9.200000000000001,1.4619987285691138,0.15891290527925148,0.32376089692115784,0.1287692526112432,0.12274236264436016,1.1292297363281136,0.02153894167116297,1,9.200000000000001,-88.15531666305506,0.1354406890149681,88.15531666305506,18.87445566375933,,,,,,,off,5.0,legged_eval-seed1-no-roughness,,n/a,settle,0.0,auto,off,,,,,0,WALK,first,on,1000,1,deterministic,20.0,1,200,lo,1.0,0.42,0.5,0.05,dead-reckoned-heading-hold,2.649,0.5676
12,stepping_stones_randomly_arranged,6,0,2,1,heading-only,0.04,2.3114105224609602,2.8291503906249886,1.5515437243902925,0.7982737645287388,3.7318659885278986,0,roll,4.76,-31.323313464148214,-6.5805280386866,0.32270264625549316,0.27550641228171435,0.1741912585346615,0.8291503906249886,-0.41687552693853874,1,4.76,-86.00519303027836,10.864586156902583,86.00519303027836,16.81118626544973,,,,,,,off,5.0,legged_eval-seed1-no-roughness,,n/a,settle,0.0,auto,off,,,,,0,WALK,first,on,1000,1,deterministic,20.0,1,200,lo,1.0,0.42,0.5,0.05,dead-reckoned-heading-hold,2.649,0.5676
12,stepping_stones_randomly_arranged,7,0,2,1,heading-only,0.04,1.988146972656267,2.58556671142577,1.1486177837295295,0.7872975978777831,4.004892980318304,0,roll,4.72,-22.146486218192365,-4.692052164871264,0.3221697509288788,0.20935317217293795,0.1240607439461377,0.5855667114257699,-0.39116559879343027,1,4.72,-89.10092776753558,10.92215419727328,89.10092776753558,19.608478938700067,,,,,,,off,5.0,legged_eval-seed1-no-roughness,,n/a,settle,0.0,auto,off,,,,,0,WALK,first,on,1000,1,deterministic,20.0,1,200,lo,1.0,0.42,0.5,0.05,dead-reckoned-heading-hold,2.649,0.5676
12,stepping_stones_randomly_arranged,8,0,2,1,heading-only,0.04,2.1320312500000114,2.6409790039062386,1.300903084178534,0.6344388575808495,3.82209923790905,0,roll,4.74,-28.107536309052733,-5.929859980812813,0.3221883773803711,0.2388251582278505,0.13522763795490267,0.6409790039062386,-0.433352924856818,1,4.74,-86.3668171128134,18.34591697060837,86.3668171128134,18.35780798733662,,,,,,,off,5.0,legged_eval-seed1-no-roughness,,n/a,settle,0.0,auto,off,,,,,0,WALK,first,on,1000,1,deterministic,20.0,1,200,lo,1.0,0.42,0.5,0.05,dead-reckoned-heading-hold,2.649,0.5676
12,stepping_stones_randomly_arranged,9,0,2,1,heading-only,0.04,2.295690917968784,2.7629272460937386,1.503619944580068,0.7079338686123793,3.391241143361277,0,roll,4.76,-32.7472759689216,-6.879679825403698,0.32390230894088745,0.27220397436318994,0.16027883321297032,0.7629272460937386,-0.44111429569398897,1,4.76,-88.71353371879543,9.545029093537911,88.71353371879543,16.614709188903383,,,,,,,off,5.0,legged_eval-seed1-no-roughness,,n/a,settle,0.0,auto,off,,,,,0,WALK,first,on,1000,1,deterministic,20.0,1,200,lo,1.0,0.42,0.5,0.05,dead-reckoned-heading-hold,2.649,0.5676
13,staircase_walking_full_width,0,0,0,1,heading-only,0.04,1.566064476966858,2.8020523071289034,0.9816908349651428,0.9119144376096057,14.206594061383335,0,roll,7.22,23.37696429065619,3.237806688456536,0.34379318356513977,0.07840228212837368,0.11108757716466806,0.8020523071289034,0.7207747749502027,1,7.22,-93.18050398996701,-8.14362637162324,93.18050398996701,14.775155100976841,,,,,,,off,5.0,legged_eval-seed1-no-roughness,,n/a,settle,0.0,auto,off,,,,,0,WALK,first,on,1000,1,deterministic,20.0,1,200,lo,1.0,0.42,0.5,0.05,dead-reckoned-heading-hold,2.649,0.5676
13,staircase_walking_full_width,1,0,1,1,heading-only,0.04,1.691770172119142,1.4140441894531222,0.9065815919967689,2.3468427943307755,14.07043603110553,0,roll,9.1,-36.86029186744548,-4.050581523895108,0.3539309799671173,0.07601870023287276,-0.06439074841174482,-0.5859558105468778,-0.9299814913416259,1,9.1,88.4501157597073,-4.457107901795461,88.4501157597073,26.052991996754663,,,,,,,off,5.0,legged_eval-seed1-no-roughness,,n/a,settle,0.0,auto,off,,,,,0,WALK,first,on,1000,1,deterministic,20.0,1,200,lo,1.0,0.42,0.5,0.05,dead-reckoned-heading-hold,2.649,0.5676
13,staircase_walking_full_width,2,0,0,1,heading-only,0.04,1.618251037597659,2.682530212402341,0.9209135878748704,0.7820356520883485,11.402195268192383,0,roll,5.88,11.106584946388892,1.8888749908824647,0.33319225907325745,0.10514473428531618,0.116076566735092,0.6825302124023409,0.313540073818807,1,5.88,-89.02832985595181,4.210129600291203,89.02832985595181,11.015459700879493,,,,,,,off,5.0,legged_eval-seed1-no-roughness,,n/a,settle,0.0,auto,off,,,,,0,WALK,first,on,1000,1,deterministic,20.0,1,200,lo,1.0,0.42,0.5,0.05,dead-reckoned-heading-hold,2.649,0.5676
13,staircase_walking_full_width,3,0,0,1,heading-only,0.04,1.4533889770507926,2.5881622314453097,0.7426280192733709,0.8029435975884638,11.561581246775498,0,roll,6.34,19.449880537389078,3.0678045011654698,0.32881584763526917,0.07151245694807455,0.09277006805131068,0.5881622314453097,0.7487267482883107,1,6.34,-87.72700865689917,-6.161696160519371,87.72700865689917,19.170771321900368,,,,,,,off,5.0,legged_eval-seed1-no-roughness,,n/a,settle,0.0,auto,off,,,,,0,WALK,first,on,1000,1,deterministic,20.0,1,200,lo,1.0,0.42,0.5,0.05,dead-reckoned-heading-hold,2.649,0.5676
13,staircase_walking_full_width,4,0,0,1,heading-only,0.04,1.4302276611328182,2.567478942871091,0.7121293358694795,0.804159728375072,11.583680948809764,0,roll,6.34,23.398479716976084,3.6906119427407074,0.33091622591018677,0.06785925254460855,0.08950771969575566,0.5674789428710909,0.949219559586314,1,6.34,-92.04971201827595,-6.034610347586708,92.04971201827595,19.05797418694735,,,,,,,off,5.0,legged_eval-seed1-no-roughness,,n/a,settle,0.0,auto,off,,,,,0,WALK,first,on,1000,1,deterministic,20.0,1,200,lo,1.0,0.42,0.5,0.05,dead-reckoned-heading-hold,2.649,0.5676
13,staircase_walking_full_width,5,0,0,1,heading-only,0.04,1.4086151123046875,2.611576843261716,0.735521954273112,0.8507422174832766,11.607507477917265,0,roll,6.48,35.40290384424722,5.463411087075188,0.33148518204689026,0.06305788770134066,0.09437914247865986,0.6115768432617159,1.512174215397915,1,6.48,-86.95654171723315,-4.388225559563869,86.95654171723315,19.872089840541168,,,,,,,off,5.0,legged_eval-seed1-no-roughness,,n/a,settle,0.0,auto,off,,,,,0,WALK,first,on,1000,1,deterministic,20.0,1,200,lo,1.0,0.42,0.5,0.05,dead-reckoned-heading-hold,2.649,0.5676
13,staircase_walking_full_width,6,0,0,1,heading-only,0.04,1.3095031738281477,2.5244720458984347,0.6089853377041079,0.8670967615452677,11.702255635973051,0,roll,6.92,45.76436943866753,6.613348184778545,0.330169141292572,0.04472589217169765,0.07579075807780848,0.5244720458984347,2.580713202144153,1,6.92,-88.19139908325319,1.5259357330856362,88.19139908325319,17.08839530610037,,,,,,,off,5.0,legged_eval-seed1-no-roughness,,n/a,settle,0.0,auto,off,,,,,0,WALK,first,on,1000,1,deterministic,20.0,1,200,lo,1.0,0.42,0.5,0.05,dead-reckoned-heading-hold,2.649,0.5676
13,staircase_walking_full_width,7,0,0,1,heading-only,0.04,1.3843719482422046,2.589642333984372,0.7038606940453813,0.8524529196018023,11.63058438423489,0,roll,6.46,36.68436933302951,5.678694943193422,0.3281593918800354,0.05950030158548058,0.09127590309355606,0.5896423339843722,1.6657381783635046,1,6.46,-88.64625235942334,-2.1723442185465434,88.64625235942334,19.956190938038706,,,,,,,off,5.0,legged_eval-seed1-no-roughness,,n/a,settle,0.0,auto,off,,,,,0,WALK,first,on,1000,1,deterministic,20.0,1,200,lo,1.0,0.42,0.5,0.05,dead-reckoned-heading-hold,2.649,0.5676
13,staircase_walking_full_width,8,0,0,1,heading-only,0.04,1.3415649414062614,2.534855651855466,0.6346157715654395,0.8482967020489207,8.924476778024792,0,roll,6.96,39.55645198856959,5.683398274219769,0.330803245306015,0.04907542261584215,0.07684707641601522,0.5348556518554659,2.0212564110508033,1,6.96,-89.23531365653805,0.25627467994391706,89.23531365653805,15.893382537981205,,,,,,,off,5.0,legged_eval-seed1-no-roughness,,n/a,settle,0.0,auto,off,,,,,0,WALK,first,on,1000,1,deterministic,20.0,1,200,lo,1.0,0.42,0.5,0.05,dead-reckoned-heading-hold,2.649,0.5676
13,staircase_walking_full_width,9,0,0,1,heading-only,0.04,1.306829833984409,2.4889114379882784,0.5772165462100565,0.8482448191706495,8.956524270748508,0,roll,6.86,53.49187461103031,7.7976493602085,0.33091360330581665,0.04472738104728995,0.07126988891957411,0.4889114379882784,3.0427593135349396,1,6.86,-88.3524569121861,6.141782578199097,88.3524569121861,18.03434532060525,,,,,,,off,5.0,legged_eval-seed1-no-roughness,,n/a,settle,0.0,auto,off,,,,,0,WALK,first,on,1000,1,deterministic,20.0,1,200,lo,1.0,0.42,0.5,0.05,dead-reckoned-heading-hold,2.649,0.5676
14,staircase_walking,0,0,1,1,heading-only,0.04,1.685916543006897,2.6978134155273352,0.9784809997442249,0.8972924324562285,3.8773929617461245,0,roll,7.140000000000001,18.17437314276478,2.5454304121519296,0.34070563316345215,0.0960667427180528,0.09773297136237187,0.6978134155273352,0.46245079530628164,1,7.140000000000001,-89.25893807536151,9.128993121845477,89.25893807536151,19.529006345304992,,,,,,,off,5.0,legged_eval-seed1-no-roughness,,n/a,settle,0.0,auto,off,,,,,0,WALK,first,on,1000,1,deterministic,20.0,1,200,lo,1.0,0.42,0.5,0.05,dead-reckoned-heading-hold,2.649,0.5676
14,staircase_walking,1,0,1,1,heading-only,0.04,1.7026725769042983,2.6962951660156165,0.9892298562771151,0.8856603560560313,3.860637579003157,0,roll,5.88,6.437253545923028,1.0947710112113993,0.33103007078170776,0.11950213892930243,0.1184175452407511,0.6962951660156165,0.15989135317762473,1,5.88,-91.44147415974302,1.38948436863805,91.44147415974302,12.07103525227937,,,,,,,off,5.0,legged_eval-seed1-no-roughness,,n/a,settle,0.0,auto,off,,,,,0,WALK,first,on,1000,1,deterministic,20.0,1,200,lo,1.0,0.42,0.5,0.05,dead-reckoned-heading-hold,2.649,0.5676
14,staircase_walking,2,0,1,1,heading-only,0.04,1.6547729492187528,2.7019790649413977,0.959949072943259,0.920363976694949,3.9087780289594147,0,roll,5.88,13.986986230402607,2.3787391548303756,0.3341400921344757,0.11135594374468585,0.11938419471792479,0.7019790649413977,0.3728299442469455,1,5.88,-86.04985811101307,5.746947332983203,86.04985811101307,11.005645190791128,,,,,,,off,5.0,legged_eval-seed1-no-roughness,,n/a,settle,0.0,auto,off,,,,,0,WALK,first,on,1000,1,deterministic,20.0,1,200,lo,1.0,0.42,0.5,0.05,dead-reckoned-heading-hold,2.649,0.5676
14,staircase_walking,3,0,1,1,heading-only,0.04,1.6872680664062614,2.6926635742187415,0.9757664793132029,0.892440505656052,3.8751396909653373,0,roll,5.84,10.349654296289401,1.7722010781317468,0.33291760087013245,0.11768288808326394,0.11860677640731875,0.6926635742187415,0.26283127755080155,1,5.84,-88.06605693421028,-3.2741343139513264,88.06605693421028,11.377793599825724,,,,,,,off,5.0,legged_eval-seed1-no-roughness,,n/a,settle,0.0,auto,off,,,,,0,WALK,first,on,1000,1,deterministic,20.0,1,200,lo,1.0,0.42,0.5,0.05,dead-reckoned-heading-hold,2.649,0.5676
14,staircase_walking,4,0,1,1,heading-only,0.04,1.3876098632812557,2.539572143554679,0.6643639847351035,0.996172846033267,3.8503839617173856,0,roll,6.140000000000001,38.14917872723652,6.213221291080865,0.33108851313591003,0.06312864222821753,0.08787819927600633,0.539572143554679,1.7177807862926373,1,6.140000000000001,-86.5474790950817,3.775615812021153,86.5474790950817,16.397951355301398,,,,,,,off,5.0,legged_eval-seed1-no-roughness,,n/a,settle,0.0,auto,off,,,,,0,WALK,first,on,1000,1,deterministic,20.0,1,200,lo,1.0,0.42,0.5,0.05,dead-reckoned-heading-hold,2.649,0.5676
14,staircase_walking,5,0,1,1,heading-only,0.04,1.426239013671875,2.6458724975585852,0.7738417020803011,1.0272148735208397,3.8286320357321753,0,roll,7.04,24.02585922375775,3.412764094283771,0.33111074566841125,0.0605453144420277,0.09174325249411722,0.6458724975585852,0.9837915714539176,1,7.04,-91.31527933179923,0.1842386560888214,91.31527933179923,20.328144190750862,,,,,,,off,5.0,legged_eval-seed1-no-roughness,,n/a,settle,0.0,auto,off,,,,,0,WALK,first,on,1000,1,deterministic,20.0,1,200,lo,1.0,0.42,0.5,0.05,dead-reckoned-heading-hold,2.649,0.5676
14,staircase_walking,6,0,1,1,heading-only,0.04,1.3525787353515852,2.6581100463867102,0.7466060525988528,1.0928072548102192,3.903301067151218,0,roll,7.32,38.34843174637106,5.238856795952331,0.32948052883148193,0.048166493900489785,0.0899057440419003,0.6581100463867102,1.898317538302682,1,7.32,-86.52259388405697,6.5052069436604665,86.52259388405697,12.78593908472722,,,,,,,off,5.0,legged_eval-seed1-no-roughness,,n/a,settle,0.0,auto,off,,,,,0,WALK,first,on,1000,1,deterministic,20.0,1,200,lo,1.0,0.42,0.5,0.05,dead-reckoned-heading-hold,2.649,0.5676
14,staircase_walking,7,0,1,1,heading-only,0.04,1.4686920166015796,2.5789474487304602,0.7448841217381159,0.9524609777537796,3.775955430796876,0,roll,6.96,18.62924621684209,2.676615835753174,0.3278020918369293,0.06734080698298557,0.08318210470265233,0.5789474487304602,0.6937214036760195,1,6.96,-87.17001012389183,0.05425296799577576,87.17001012389183,19.500334660656602,,,,,,,off,5.0,legged_eval-seed1-no-roughness,,n/a,settle,0.0,auto,off,,,,,0,WALK,first,on,1000,1,deterministic,20.0,1,200,lo,1.0,0.42,0.5,0.05,dead-reckoned-heading-hold,2.649,0.5676
14,staircase_walking,8,0,1,1,heading-only,0.04,1.7989929199218864,2.624075317382804,1.0138341520444798,0.7556136804235,3.457791081096113,0,roll,6.7,17.56071330956297,2.621001986501936,0.327188640832901,0.11925267461520692,0.09314556975862745,0.624075317382804,0.383598225476927,1,6.7,-87.36854041550379,21.897258191514478,87.36854041550379,21.897258191514478,,,,,,,off,5.0,legged_eval-seed1-no-roughness,,n/a,settle,0.0,auto,off,,,,,0,WALK,first,on,1000,1,deterministic,20.0,1,200,lo,1.0,0.42,0.5,0.05,dead-reckoned-heading-hold,2.649,0.5676
14,staircase_walking,9,0,1,1,heading-only,0.04,2.699407958984409,2.7435668945312415,1.8549606836001646,0.8820173684177458,2.608802844646045,0,roll,7.66,-15.431919103145788,-2.014610848974646,0.3232395052909851,0.2218548249326905,0.09707139615290358,0.7435668945312415,-0.15848919432639624,1,7.66,-89.73548494777008,13.592484753242198,89.73548494777008,15.06245666566417,,,,,,,off,5.0,legged_eval-seed1-no-roughness,,n/a,settle,0.0,auto,off,,,,,0,WALK,first,on,1000,1,deterministic,20.0,1,200,lo,1.0,0.42,0.5,0.05,dead-reckoned-heading-hold,2.649,0.5676
15,staircase_climbing,0,0,1,1,heading-only,0.04,1.6368370056152344,1.9987335205078125,0.6368382649396016,1.08816373139281,9.56316307824668,1,timeout,20.0,7.103646275434841,0.35518231377174203,0.3224087059497833,0.03184185028076172,-6.3323974609375e-05,-0.0012664794921875,0.19468406407004193,0,20.0,2.9174863669013043,-3.7033268129239185,8.202797730131211,5.526660475542592,,,,,,,off,5.0,legged_eval-seed1-no-roughness,,n/a,settle,0.0,auto,off,,,,,0,WALK,first,on,1000,1,deterministic,20.0,1,200,lo,1.0,0.42,0.5,0.05,dead-reckoned-heading-hold,2.649,0.5676
15,staircase_climbing,1,0,1,1,heading-only,0.04,1.6374145507812514,2.0205917358398438,0.6377470730097963,1.0877803679682991,9.562607619953623,1,timeout,20.0,5.362782028587731,0.2681391014293865,0.324013888835907,0.031870727539062574,0.0010295867919921874,0.02059173583984375,0.14684039350987094,0,20.0,0.56839611548539,-4.751496027526474,8.22024966663964,6.042470365029088,,,,,,,off,5.0,legged_eval-seed1-no-roughness,,n/a,settle,0.0,auto,off,,,,,0,WALK,first,on,1000,1,deterministic,20.0,1,200,lo,1.0,0.42,0.5,0.05,dead-reckoned-heading-hold,2.649,0.5676
15,staircase_climbing,2,0,1,1,heading-only,0.04,1.6400482177734403,2.02362060546875,0.6404839217948157,1.0852088751753213,9.559980962925582,1,timeout,20.0,9.913829192712598,0.4956914596356299,0.3230457603931427,0.03200241088867202,0.0011810302734375,0.02362060546875,0.2703373841037923,0,20.0,2.2222879730582545,-3.1701366004511793,8.262633196305693,5.279266889206871,,,,,,,off,5.0,legged_eval-seed1-no-roughness,,n/a,settle,0.0,auto,off,,,,,0,WALK,first,on,1000,1,deterministic,20.0,1,200,lo,1.0,0.42,0.5,0.05,dead-reckoned-heading-hold,2.649,0.5676
15,staircase_climbing,3,0,1,1,heading-only,0.04,1.6346023559570426,2.0040283203125,0.6346151412870396,1.0904050850481941,9.56539849227554,1,timeout,20.0,8.221450410868698,0.4110725205434349,0.3217810392379761,0.031730117797852134,0.000201416015625,0.0040283203125,0.2261122695371975,0,20.0,2.0646485967080075,-3.181513671406212,8.201048449712793,5.10717761333032,,,,,,,off,5.0,legged_eval-seed1-no-roughness,,n/a,settle,0.0,auto,off,,,,,0,WALK,first,on,1000,1,deterministic,20.0,1,200,lo,1.0,0.42,0.5,0.05,dead-reckoned-heading-hold,2.649,0.5676
15,staircase_climbing,4,0,1,1,heading-only,0.04,1.6824249267578182,2.2138824462890625,0.7151569628347383,1.0642877825929051,9.519977992392173,1,timeout,20.0,38.84194564070452,1.9420972820352262,0.32311925292015076,0.03412124633789091,0.010694122314453125,0.2138824462890625,0.9933984131144368,0,20.0,-5.6916691858614685,-5.17798130941826,8.219254704053613,5.533140423335215,,,,,,,off,5.0,legged_eval-seed1-no-roughness,,n/a,settle,0.0,auto,off,,,,,0,WALK,first,on,1000,1,deterministic,20.0,1,200,lo,1.0,0.42,0.5,0.05,dead-reckoned-heading-hold,2.649,0.5676
15,staircase_climbing,5,0,1,1,heading-only,0.04,1.6394500732421875,2.0301895141601562,0.6401623254571182,1.0609795256795502,9.260599135733036,1,timeout,20.0,11.628167970420009,0.5814083985210005,0.32179057598114014,0.031972503662109374,0.0015094757080078125,0.03018951416015625,0.3173818028196704,0,20.0,0.9853225798533234,-3.400671091224335,8.269551064670162,5.160362770152511,,,,,,,off,5.0,legged_eval-seed1-no-roughness,,n/a,settle,0.0,auto,off,,,,,0,WALK,first,on,1000,1,deterministic,20.0,1,200,lo,1.0,0.42,0.5,0.05,dead-reckoned-heading-hold,2.649,0.5676
15,staircase_climbing,6,0,1,1,heading-only,0.04,1.6458984375000227,2.0728759765625,0.6499966919338196,1.0566177227478288,9.254388506920625,1,timeout,20.0,17.38497223598108,0.8692486117990541,0.32381516695022583,0.03229492187500114,0.003643798828125,0.0728759765625,0.46977200790280554,0,20.0,-0.7494642406121805,-3.358951083686829,8.262732549560166,5.340156025832605,,,,,,,off,5.0,legged_eval-seed1-no-roughness,,n/a,settle,0.0,auto,off,,,,,0,WALK,first,on,1000,1,deterministic,20.0,1,200,lo,1.0,0.42,0.5,0.05,dead-reckoned-heading-hold,2.649,0.5676
15,staircase_climbing,7,0,1,1,heading-only,0.04,1.635150146484392,2.013946533203125,0.6353032459916528,1.0649411797468316,9.264860350484332,1,timeout,20.0,9.787600498090256,0.4893800249045128,0.32090672850608826,0.0317575073242196,0.00069732666015625,0.013946533203125,0.26895349943166513,0,20.0,1.4288183547640216,-3.166428979125073,8.244462484545346,4.868283265933222,,,,,,,off,5.0,legged_eval-seed1-no-roughness,,n/a,settle,0.0,auto,off,,,,,0,WALK,first,on,1000,1,deterministic,20.0,1,200,lo,1.0,0.42,0.5,0.05,dead-reckoned-heading-hold,2.649,0.5676
15,staircase_climbing,8,0,1,1,heading-only,0.04,2.0707519531250114,2.6500244140625,1.2526138606922417,0.9047015217038546,8.853143668331757,1,timeout,20.0,7.367680483598235,0.3683840241799118,0.3287610709667206,0.05353759765625057,0.032501220703125,0.6500244140625,0.12009343741883816,0,20.0,21.79105717904094,40.56501286565876,39.38178008655992,42.07042945815656,,,,,,,off,5.0,legged_eval-seed1-no-roughness,,n/a,settle,0.0,auto,off,,,,,0,WALK,first,on,1000,1,deterministic,20.0,1,200,lo,1.0,0.42,0.5,0.05,dead-reckoned-heading-hold,2.649,0.5676
15,staircase_climbing,9,0,1,1,heading-only,0.04,1.682501220703159,2.3475570678710938,0.7659006669852523,1.0752207593316314,9.224048984137362,1,timeout,20.0,39.54832750885646,1.977416375442823,0.3214636445045471,0.03412506103515796,0.017377853393554688,0.34755706787109375,1.011351346705946,0,20.0,-4.632585155817865,-6.047014551079286,8.142651761346624,6.047014551079286,,,,,,,off,5.0,legged_eval-seed1-no-roughness,,n/a,settle,0.0,auto,off,,,,,0,WALK,first,on,1000,1,deterministic,20.0,1,200,lo,1.0,0.42,0.5,0.05,dead-reckoned-heading-hold,2.649,0.5676
16,staircase_spiral,0,0,0,1,heading-only,0.04,3.682878255844116,2.159494018554682,2.687614942218451,0.49454950161548716,1.4039863255879794,1,timeout,20.0,9.267749160098958,0.4633874580049479,0.3236907124519348,0.1341439127922058,0.00797470092773409,0.15949401855468182,0.06029074809500572,0,20.0,0.6285990524868135,-3.4355308530163566,8.264754251575342,5.332771855272783,,,,,,,off,5.0,legged_eval-seed1-no-roughness,,n/a,settle,0.0,auto,off,,,,,0,WALK,first,on,1000,1,deterministic,20.0,1,200,lo,1.0,0.42,0.5,0.05,dead-reckoned-heading-hold,2.649,0.5676
16,staircase_spiral,1,0,0,1,heading-only,0.04,3.7271858215332045,2.1414123535156193,2.730849677096593,0.48785381580032966,1.3956149240057927,1,timeout,20.0,9.110101245802099,0.45550506229010496,0.3233776092529297,0.13635929107666023,0.0070706176757809654,0.14141235351561932,0.05830232053637419,0,20.0,2.4259897163352546,-3.93582779788046,8.2578945207095,5.815680257587579,,,,,,,off,5.0,legged_eval-seed1-no-roughness,,n/a,settle,0.0,auto,off,,,,,0,WALK,first,on,1000,1,deterministic,20.0,1,200,lo,1.0,0.42,0.5,0.05,dead-reckoned-heading-hold,2.649,0.5676
16,staircase_spiral,2,0,0,1,heading-only,0.04,3.8190109252929716,2.136544799804682,2.822315907065479,0.5186903869512992,1.33924741207112,1,timeout,20.0,0.018579158519969496,0.0009289579259984748,0.32329046726226807,0.1409505462646486,0.006827239990234091,0.13654479980468182,0.00011502881578570831,0,20.0,0.676085066535951,-2.878322250374987,8.232125134847784,5.315427440299642,,,,,,,off,5.0,legged_eval-seed1-no-roughness,,n/a,settle,0.0,auto,off,,,,,0,WALK,first,on,1000,1,deterministic,20.0,1,200,lo,1.0,0.42,0.5,0.05,dead-reckoned-heading-hold,2.649,0.5676
16,staircase_spiral,3,0,0,1,heading-only,0.04,3.8678787231445426,2.119424438476557,2.8703641872017935,0.5212822728088455,1.3263454627288809,1,timeout,20.0,3.359158327450814,0.1679579163725407,0.323190301656723,0.14339393615722712,0.005971221923827841,0.11942443847655682,0.020443114430417155,0,20.0,2.5871524345521157,-3.63445548705573,8.229461024851314,5.678023186933713,,,,,,,off,5.0,legged_eval-seed1-no-roughness,,n/a,settle,0.0,auto,off,,,,,0,WALK,first,on,1000,1,deterministic,20.0,1,200,lo,1.0,0.42,0.5,0.05,dead-reckoned-heading-hold,2.649,0.5676
16,staircase_spiral,4,0,0,1,heading-only,0.04,3.967031860351568,2.1431518554687443,2.9704832122174047,0.5898324404487771,1.261582160044294,1,timeout,20.0,3.488830506990837,0.17444152534954185,0.3240633010864258,0.14835159301757841,0.007157592773437216,0.14315185546874432,0.020522725153277594,0,20.0,1.319761990232196,-2.6042544993712538,8.208629840002311,5.560091195621164,,,,,,,off,5.0,legged_eval-seed1-no-roughness,,n/a,settle,0.0,auto,off,,,,,0,WALK,first,on,1000,1,deterministic,20.0,1,200,lo,1.0,0.42,0.5,0.05,dead-reckoned-heading-hold,2.649,0.5676
16,staircase_spiral,5,0,0,1,heading-only,0.04,4.15350341796875,2.5018554687499943,3.1931869219722895,0.9759205713097101,1.1593192828268735,1,timeout,20.0,39.48548208962583,1.9742741044812917,0.32696032524108887,0.1576751708984375,0.025092773437499716,0.5018554687499943,0.2185352536085473,0,20.0,-10.143625343547354,-5.615528060407028,10.486045556337228,8.40023847693229,,,,,,,off,5.0,legged_eval-seed1-no-roughness,,n/a,settle,0.0,auto,off,,,,,0,WALK,first,on,1000,1,deterministic,20.0,1,200,lo,1.0,0.42,0.5,0.05,dead-reckoned-heading-hold,2.649,0.5676
16,staircase_spiral,6,0,0,1,heading-only,0.04,4.113442993164085,2.145516967773432,3.1168417443932745,0.6672871099776359,1.1859152417964238,1,timeout,20.0,1.527962702544528,0.0763981351272264,0.32357436418533325,0.15567214965820425,0.007275848388671591,0.14551696777343182,0.00856543063920724,0,20.0,0.9790634557537262,-3.7690962401995622,8.248045538572669,5.054061010691426,,,,,,,off,5.0,legged_eval-seed1-no-roughness,,n/a,settle,0.0,auto,off,,,,,0,WALK,first,on,1000,1,deterministic,20.0,1,200,lo,1.0,0.42,0.5,0.05,dead-reckoned-heading-hold,2.649,0.5676
16,staircase_spiral,7,0,0,1,heading-only,0.04,4.275347900390642,2.353738403320307,3.294394440041597,0.9143290287113228,1.0785358067338309,1,timeout,20.0,32.09306081933468,1.6046530409667341,0.32376039028167725,0.1637673950195321,0.017686920166015342,0.3537384033203068,0.17101376567459417,0,20.0,-6.949149208981262,-4.774077556095343,8.26004991213341,6.450530752723573,,,,,,,off,5.0,legged_eval-seed1-no-roughness,,n/a,settle,0.0,auto,off,,,,,0,WALK,first,on,1000,1,deterministic,20.0,1,200,lo,1.0,0.42,0.5,0.05,dead-reckoned-heading-hold,2.649,0.5676
16,staircase_spiral,8,0,0,1,heading-only,0.04,4.266400146484386,2.190530395507807,3.2719522839683317,0.783422735937664,1.1049512615499948,1,timeout,20.0,7.209664226088989,0.3604832113044495,0.323901891708374,0.1633200073242193,0.009526519775390341,0.19053039550780682,0.03852325895954132,0,20.0,1.4792810902607125,-2.6888057032808805,8.301841751949192,5.27244937311758,,,,,,,off,5.0,legged_eval-seed1-no-roughness,,n/a,settle,0.0,auto,off,,,,,0,WALK,first,on,1000,1,deterministic,20.0,1,200,lo,1.0,0.42,0.5,0.05,dead-reckoned-heading-hold,2.649,0.5676
16,staircase_spiral,9,0,0,1,heading-only,0.04,4.361486816406284,2.1459899902343693,3.364655508981846,0.8186398600660015,1.0444681793035115,1,timeout,20.0,-4.268613410349275,-0.21343067051746373,0.32354187965393066,0.1680743408203142,0.0072994995117184654,0.14598999023436932,-0.022163216033382196,0,20.0,1.163257629078993,-3.732069224216649,8.254158356484414,5.610331593754209,,,,,,,off,5.0,legged_eval-seed1-no-roughness,,n/a,settle,0.0,auto,off,,,,,0,WALK,first,on,1000,1,deterministic,20.0,1,200,lo,1.0,0.42,0.5,0.05,dead-reckoned-heading-hold,2.649,0.5676
17,squeeze,0,0,4,1,heading-only,0.04,5.218387126922607,1.9502899169921761,4.218680012152974,0.19707064827469958,3.481967732522929,1,timeout,20.0,4.068932232420423,0.20344661162102112,0.32690948247909546,0.21091935634613038,-0.0024855041503911933,-0.04971008300782387,0.016834932963601005,0,20.0,-1.3116240568426096,-2.8771152613547795,13.328501431344518,7.828228752550426,,,,,,,off,5.0,legged_eval-seed1-no-roughness,,n/a,settle,0.0,auto,off,,,,,0,WALK,first,on,1000,1,deterministic,20.0,1,200,lo,1.0,0.42,0.5,0.05,dead-reckoned-heading-hold,2.649,0.5676
17,squeeze,1,0,2,1,heading-only,0.04,2.9806648254394545,1.9427978515624886,1.9814906602149231,0.4912984468370494,6.169600358358379,1,timeout,20.0,10.383235166862619,0.5191617583431309,0.323262095451355,0.09903324127197273,-0.0028601074218755685,-0.05720214843751137,0.09149535971105432,0,20.0,7.180973102765562,-0.671490238465043,9.281302598178126,8.26722046267695,,,,,,,off,5.0,legged_eval-seed1-no-roughness,,n/a,settle,0.0,auto,off,,,,,0,WALK,first,on,1000,1,deterministic,20.0,1,200,lo,1.0,0.42,0.5,0.05,dead-reckoned-heading-hold,2.649,0.5676
17,squeeze,2,0,3,1,heading-only,0.04,3.935260009765628,1.8714324951171761,2.9380743571668004,0.8741530353874,5.566225001042038,1,timeout,20.0,-2.2504036537569334,-0.11252018268784666,0.32553631067276,0.1467630004882814,-0.0064283752441411934,-0.12856750488282387,-0.01338108144637759,0,20.0,1.0309659625253245,-2.172001910000787,9.21527027239499,8.881865923880657,,,,,,,off,5.0,legged_eval-seed1-no-roughness,,n/a,settle,0.0,auto,off,,,,,0,WALK,first,on,1000,1,deterministic,20.0,1,200,lo,1.0,0.42,0.5,0.05,dead-reckoned-heading-hold,2.649,0.5676
17,squeeze,3,0,3,1,heading-only,0.04,3.958370971679699,1.9236480712890511,2.9593560825110194,0.5319108420373053,5.042207143327194,1,timeout,20.0,1.6385144867056738,0.0819257243352837,0.3227638602256775,0.14791854858398495,-0.0038175964355474435,-0.07635192871094887,0.009666628326332529,0,20.0,0.9258786799350591,-2.1106936711354316,10.691272565429701,9.428220705669881,,,,,,,off,5.0,legged_eval-seed1-no-roughness,,n/a,settle,0.0,auto,off,,,,,0,WALK,first,on,1000,1,deterministic,20.0,1,200,lo,1.0,0.42,0.5,0.05,dead-reckoned-heading-hold,2.649,0.5676
17,squeeze,4,0,3,1,heading-only,0.04,4.193991088867193,1.8632690429687386,3.19691639402311,0.6269659932167561,5.157821560144509,1,timeout,20.0,-10.133595392857785,-0.5066797696428893,0.32399702072143555,0.15969955444335965,-0.0068365478515630684,-0.13673095703126137,-0.05537416972976743,0,20.0,6.4296163222562255,-2.4533048857931923,8.887831815861457,8.37451958569353,,,,,,,off,5.0,legged_eval-seed1-no-roughness,,n/a,settle,0.0,auto,off,,,,,0,WALK,first,on,1000,1,deterministic,20.0,1,200,lo,1.0,0.42,0.5,0.05,dead-reckoned-heading-hold,2.649,0.5676
17,squeeze,5,0,2,1,heading-only,0.04,2.8928375244140625,1.9660217285156136,1.8931424713325258,0.6470179194102909,6.657249187861508,1,timeout,20.0,-17.763788205907787,-0.8881894102953893,0.3247852623462677,0.09464187622070312,-0.0016989135742193184,-0.03397827148438637,-0.1637946140760289,0,20.0,-4.832799896635762,-3.577392187593002,8.201603529320844,5.687073671336269,,,,,,,off,5.0,legged_eval-seed1-no-roughness,,n/a,settle,0.0,auto,off,,,,,0,WALK,first,on,1000,1,deterministic,20.0,1,200,lo,1.0,0.42,0.5,0.05,dead-reckoned-heading-hold,2.649,0.5676
17,squeeze,6,0,2,1,heading-only,0.04,3.1455017089843977,1.9496948242187386,2.146091375958944,0.6768686312435237,7.05467765022983,1,timeout,20.0,-23.68905548781774,-1.184452774390887,0.3232755661010742,0.10727508544921989,-0.0025152587890630686,-0.05030517578126137,-0.19270644866825304,0,20.0,-1.0966900033029594,-4.067961155970525,8.304158512214352,6.247567884491891,,,,,,,off,5.0,legged_eval-seed1-no-roughness,,n/a,settle,0.0,auto,off,,,,,0,WALK,first,on,1000,1,deterministic,20.0,1,200,lo,1.0,0.42,0.5,0.05,dead-reckoned-heading-hold,2.649,0.5676
17,squeeze,7,0,3,1,heading-only,0.04,3.3860504150390796,1.9323150634765511,2.3870102290816324,1.4407537807186193,6.414306706811916,1,timeout,20.0,8.774352045463957,0.43871760227319784,0.3227299153804779,0.11930252075195398,-0.0033842468261724434,-0.06768493652344887,0.0641819351163781,0,20.0,3.0608530629240778,-5.05989389273415,8.413546785083977,7.08687441598401,,,,,,,off,5.0,legged_eval-seed1-no-roughness,,n/a,settle,0.0,auto,off,,,,,0,WALK,first,on,1000,1,deterministic,20.0,1,200,lo,1.0,0.42,0.5,0.05,dead-reckoned-heading-hold,2.649,0.5676
17,squeeze,8,0,1,1,heading-only,0.04,1.7827575683593864,1.9337646484374886,0.7855549201809565,0.7112439741970465,8.667495514312535,1,timeout,20.0,-20.23641907065158,-1.0118209535325788,0.32232359051704407,0.03913787841796932,-0.0033117675781255684,-0.06623535156251137,-0.4512152368408407,0,20.0,-0.8646636387468468,-4.468141522896493,10.591218718852552,8.048888564771897,,,,,,,off,5.0,legged_eval-seed1-no-roughness,,n/a,settle,0.0,auto,off,,,,,0,WALK,first,on,1000,1,deterministic,20.0,1,200,lo,1.0,0.42,0.5,0.05,dead-reckoned-heading-hold,2.649,0.5676
17,squeeze,9,0,2,1,heading-only,0.04,3.142919921875034,1.8657562255859261,2.1471206725607757,0.7870716726165939,7.358304741372988,1,timeout,20.0,-6.347367981578344,-0.31736839907891723,0.32468193769454956,0.10714599609375171,-0.006712188720703694,-0.13424377441407387,-0.05169697149358493,0,20.0,-0.8368117623869743,-4.244430092404833,8.515069573686956,9.081321348299376,,,,,,,off,5.0,legged_eval-seed1-no-roughness,,n/a,settle,0.0,auto,off,,,,,0,WALK,first,on,1000,1,deterministic,20.0,1,200,lo,1.0,0.42,0.5,0.05,dead-reckoned-heading-hold,2.649,0.5676
18,agility_poles,0,0,1,1,heading-only,0.04,4.110108852386475,2.508618164062483,3.1514234102238636,0.40657557830702573,14.199003599476091,1,timeout,20.0,17.388774839996188,0.8694387419998094,0.331707626581192,0.15550544261932372,0.025430908203124148,0.508618164062483,0.09758223530118765,0,20.0,0.31061695068714745,-0.3374051008170816,14.082099073419178,11.478778350045028,,,,,,,off,5.0,legged_eval-seed1-no-roughness,,n/a,settle,0.0,auto,off,,,,,0,WALK,first,on,1000,1,deterministic,20.0,1,200,lo,1.0,0.42,0.5,0.05,dead-reckoned-heading-hold,2.649,0.5676
18,agility_poles,1,0,1,1,heading-only,0.04,4.275262451171876,2.2172821044921704,3.2824618256712377,0.8043331879410166,12.976556784212944,1,timeout,20.0,-20.79713684832589,-1.0398568424162946,0.3255870044231415,0.16376312255859382,0.010864105224608522,0.21728210449217045,-0.11082425253012962,0,20.0,7.731569815637838,-0.6176852054343683,8.905735758374234,8.40056584091473,,,,,,,off,5.0,legged_eval-seed1-no-roughness,,n/a,settle,0.0,auto,off,,,,,0,WALK,first,on,1000,1,deterministic,20.0,1,200,lo,1.0,0.42,0.5,0.05,dead-reckoned-heading-hold,2.649,0.5676
18,agility_poles,2,0,1,1,heading-only,0.04,4.749293518066409,2.329602050781233,3.7637533655240993,1.1506265057448148,11.805308593367164,1,timeout,20.0,3.7740906427519576,0.18870453213759789,0.32292601466178894,0.18746467590332044,0.016480102539061646,0.32960205078123295,0.017568725325805234,0,20.0,-1.1486699136917884,-2.786166040153933,8.190904582172077,5.920371839353528,,,,,,,off,5.0,legged_eval-seed1-no-roughness,,n/a,settle,0.0,auto,off,,,,,0,WALK,first,on,1000,1,deterministic,20.0,1,200,lo,1.0,0.42,0.5,0.05,dead-reckoned-heading-hold,2.649,0.5676
18,agility_poles,3,0,1,1,heading-only,0.04,3.2092178344726676,2.175732421874983,2.216196138488232,0.8229667220594724,12.29203840396469,1,timeout,20.0,6.398522324834147,0.31992611624170736,0.3233001232147217,0.11046089172363338,0.008786621093749147,0.17573242187498295,0.050549692333700755,0,20.0,-2.336080299772435,-4.318227317080242,8.231561809142802,6.379408347755657,,,,,,,off,5.0,legged_eval-seed1-no-roughness,,n/a,settle,0.0,auto,off,,,,,0,WALK,first,on,1000,1,deterministic,20.0,1,200,lo,1.0,0.42,0.5,0.05,dead-reckoned-heading-hold,2.649,0.5676
18,agility_poles,4,0,1,1,heading-only,0.04,4.624990844726568,2.377453613281233,3.6445891201245852,1.2202067399910372,10.182007785308231,1,timeout,20.0,3.433554969153903,0.17167774845769515,0.32890358567237854,0.18124954223632841,0.01887268066406165,0.37745361328123295,0.016531583616859646,0,20.0,-1.1001520083468546,-2.8184016415537414,8.26914080576057,6.356514124532505,,,,,,,off,5.0,legged_eval-seed1-no-roughness,,n/a,settle,0.0,auto,off,,,,,0,WALK,first,on,1000,1,deterministic,20.0,1,200,lo,1.0,0.42,0.5,0.05,dead-reckoned-heading-hold,2.649,0.5676
18,agility_poles,5,0,1,1,heading-only,0.04,4.6609039306640625,2.4311798095702954,3.6862085694833735,1.3761829338216898,9.09931774287496,1,timeout,20.0,5.663614037313778,0.2831807018656889,0.3265860974788666,0.18304519653320311,0.021558990478514773,0.43117980957029545,0.02700117631750144,0,20.0,-2.900674275818742,-3.2281240545722767,8.277326238693222,6.880899155432223,,,,,,,off,5.0,legged_eval-seed1-no-roughness,,n/a,settle,0.0,auto,off,,,,,0,WALK,first,on,1000,1,deterministic,20.0,1,200,lo,1.0,0.42,0.5,0.05,dead-reckoned-heading-hold,2.649,0.5676
18,agility_poles,6,0,1,1,heading-only,0.04,2.7699066162109602,2.0663116455077954,1.7711484027142623,0.9190522804088463,10.280307252886628,1,timeout,20.0,-1.1011188976977166,-0.055055944884885834,0.322559118270874,0.08849533081054801,0.0033155822753897723,0.06631164550779545,-0.010858284863581242,0,20.0,-0.6442786641647592,-4.0137120190557285,8.214007288986299,5.922837001812956,,,,,,,off,5.0,legged_eval-seed1-no-roughness,,n/a,settle,0.0,auto,off,,,,,0,WALK,first,on,1000,1,deterministic,20.0,1,200,lo,1.0,0.42,0.5,0.05,dead-reckoned-heading-hold,2.649,0.5676
18,agility_poles,7,0,1,1,heading-only,0.04,2.6209747314453296,2.051190185546858,1.6217828199486453,0.9314302591072092,9.379164964072377,1,timeout,20.0,2.0034556344562304,0.10017278172281152,0.3234013020992279,0.08104873657226648,0.0025595092773428975,0.05119018554685795,0.021571525182083013,0,20.0,1.037292471333681,-3.4047977162302865,8.270326689086337,4.871056983903102,,,,,,,off,5.0,legged_eval-seed1-no-roughness,,n/a,settle,0.0,auto,off,,,,,0,WALK,first,on,1000,1,deterministic,20.0,1,200,lo,1.0,0.42,0.5,0.05,dead-reckoned-heading-hold,2.649,0.5676
18,agility_poles,8,0,1,1,heading-only,0.04,3.4210327148437614,2.182415771484358,2.4278951624874554,0.7892637386397056,7.881078669461984,1,timeout,20.0,-26.242089958407178,-1.3121044979203589,0.32776033878326416,0.12105163574218807,0.009120788574217897,0.18241577148435795,-0.18917996009331262,0,20.0,6.903149505650118,-0.20161764211955266,8.579843564996114,6.37767765178752,,,,,,,off,5.0,legged_eval-seed1-no-roughness,,n/a,settle,0.0,auto,off,,,,,0,WALK,first,on,1000,1,deterministic,20.0,1,200,lo,1.0,0.42,0.5,0.05,dead-reckoned-heading-hold,2.649,0.5676
18,agility_poles,9,0,1,1,heading-only,0.04,2.484777832031284,2.2220733642577954,1.5012933722641608,0.7264152337680575,7.768396996615553,1,timeout,20.0,19.26335048653823,0.9631675243269114,0.3226762115955353,0.0742388916015642,0.011103668212889772,0.22207336425779545,0.22643717039860806,0,20.0,-5.144439323820336,-4.3934056350941315,8.244786201778204,6.322843794557215,,,,,,,off,5.0,legged_eval-seed1-no-roughness,,n/a,settle,0.0,auto,off,,,,,0,WALK,first,on,1000,1,deterministic,20.0,1,200,lo,1.0,0.42,0.5,0.05,dead-reckoned-heading-hold,2.649,0.5676
19,balance_beam,0,0,2,1,heading-only,0.04,3.134059429168701,2.6938842773437557,2.244033207768706,1.0151198549179683,6.900914092533836,0,roll,12.06,56.78800966909847,4.708790188150785,0.323013037443161,0.17695351817319246,0.057536009729996326,0.6938842773437557,0.46443774284497336,1,12.06,-88.87066629951379,20.44804365042471,88.87066629951379,36.473947562374654,,,,,,,off,5.0,legged_eval-seed1-no-roughness,,n/a,settle,0.0,auto,off,,,,,0,WALK,first,on,1000,1,deterministic,20.0,1,200,lo,1.0,0.42,0.5,0.05,dead-reckoned-heading-hold,2.649,0.5676
19,balance_beam,1,0,2,1,heading-only,0.04,2.2413574218750014,2.7009033203125057,1.4255643490454035,1.9164149631344152,8.387977778539309,0,below,8.4,52.26474397400696,6.221993330238924,0.3224450349807739,0.14778064546130967,0.08344087146577449,0.7009033203125057,0.7348341815046886,1,8.4,-85.94141736453692,23.683298718488743,85.94141736453692,35.33696616099161,,,,,,,off,5.0,legged_eval-seed1-no-roughness,,n/a,settle,0.0,auto,off,,,,,0,WALK,first,on,1000,1,deterministic,20.0,1,200,lo,1.0,0.42,0.5,0.05,dead-reckoned-heading-hold,2.649,0.5676
19,balance_beam,2,0,2,1,heading-only,0.04,2.599818420410159,2.5795654296875057,1.701562536485956,1.6082415425020946,8.320391237282744,0,roll,9.8,60.598466899101055,6.183517030520515,0.3232835531234741,0.16324677759287337,0.059139329559949556,0.5795654296875057,0.6611017572725253,1,9.8,-87.16042282076377,16.130570882352927,87.16042282076377,37.21750625520142,,,,,,,off,5.0,legged_eval-seed1-no-roughness,,n/a,settle,0.0,auto,off,,,,,0,WALK,first,on,1000,1,deterministic,20.0,1,200,lo,1.0,0.42,0.5,0.05,dead-reckoned-heading-hold,2.649,0.5676
19,balance_beam,3,0,2,1,heading-only,0.04,2.3278625488281364,2.709432983398443,1.5054946384872883,2.0488795814129936,9.199532628406898,0,roll,9.120000000000001,55.162399248940716,6.048508689576832,0.32346323132514954,0.14559896368729563,0.07778870432000473,0.7094329833984432,0.7250490580092956,1,9.120000000000001,-88.6099648779573,22.71228159336563,88.6099648779573,36.07928462023488,,,,,,,off,5.0,legged_eval-seed1-no-roughness,,n/a,settle,0.0,auto,off,,,,,0,WALK,first,on,1000,1,deterministic,20.0,1,200,lo,1.0,0.42,0.5,0.05,dead-reckoned-heading-hold,2.649,0.5676
19,balance_beam,4,0,2,1,heading-only,0.04,2.552175903320318,2.648703002929693,1.6822798877886662,1.9583844051360562,9.569835973889369,0,roll,9.66,55.463967979004934,5.741611592029496,0.32277390360832214,0.16068073533336627,0.06715351997201793,0.6487030029296932,0.623659248532073,1,9.66,-86.06714371153612,1.4675423222557284,86.06714371153612,37.3578869275072,,,,,,,off,5.0,legged_eval-seed1-no-roughness,,n/a,settle,0.0,auto,off,,,,,0,WALK,first,on,1000,1,deterministic,20.0,1,200,lo,1.0,0.42,0.5,0.05,dead-reckoned-heading-hold,2.649,0.5676
19,balance_beam,5,0,1,1,heading-only,0.04,2.217559814453125,3.061331176757818,1.6152014637590146,1.2228685316808767,10.237602844367334,0,roll,6.12,-3.598950350823685,-0.5880637828143276,0.3233969509601593,0.19894768210018382,0.17342012692121211,1.0613311767578182,-0.05158968987974643,1,6.12,-90.48228165679436,43.02357653281566,90.48228165679436,43.02357653281566,,,,,,,off,5.0,legged_eval-seed1-no-roughness,,n/a,settle,0.0,auto,off,,,,,0,WALK,first,on,1000,1,deterministic,20.0,1,200,lo,1.0,0.42,0.5,0.05,dead-reckoned-heading-hold,2.649,0.5676
19,balance_beam,6,0,1,1,heading-only,0.04,2.2932067871093977,2.9498657226562557,1.6045649520362526,1.1138798111299353,10.748844858619812,0,roll,6.46,10.019271192179104,1.5509707727831432,0.3222365081310272,0.20018680915006157,0.14703803756288789,0.9498657226562557,0.1352214299343528,1,6.46,-88.30883808350143,-1.4011183447870945,88.30883808350143,14.243246978928886,,,,,,,off,5.0,legged_eval-seed1-no-roughness,,n/a,settle,0.0,auto,off,,,,,0,WALK,first,on,1000,1,deterministic,20.0,1,200,lo,1.0,0.42,0.5,0.05,dead-reckoned-heading-hold,2.649,0.5676
19,balance_beam,7,0,1,1,heading-only,0.04,2.273730468750017,3.001913452148443,1.6205615917385396,1.1949822458641794,11.370497441190407,0,roll,6.1000000000000005,-2.944942574450664,-0.4827774712214203,0.32233110070228577,0.20880827356557655,0.16424810690958083,1.0019134521484432,-0.040353077411081316,1,6.1000000000000005,-86.93513305262626,41.72628930662836,86.93513305262626,41.72628930662836,,,,,,,off,5.0,legged_eval-seed1-no-roughness,,n/a,settle,0.0,auto,off,,,,,0,WALK,first,on,1000,1,deterministic,20.0,1,200,lo,1.0,0.42,0.5,0.05,dead-reckoned-heading-hold,2.649,0.5676
19,balance_beam,8,0,1,1,heading-only,0.04,2.1562316894531364,3.0558532714843807,1.5657898487983384,1.3209444582315615,11.791137360861695,0,roll,6.08,-4.026260775486207,-0.6622139433365473,0.3242399990558624,0.19016968576531848,0.17366007754677315,1.0558532714843807,-0.060776319934087664,1,6.08,-86.30990688092896,39.30266799259422,86.30990688092896,39.30266799259422,,,,,,,off,5.0,legged_eval-seed1-no-roughness,,n/a,settle,0.0,auto,off,,,,,0,WALK,first,on,1000,1,deterministic,20.0,1,200,lo,1.0,0.42,0.5,0.05,dead-reckoned-heading-hold,2.649,0.5676
19,balance_beam,9,0,1,1,heading-only,0.04,2.392553710937534,3.2944091796875057,1.90123669286735,1.4298552788849095,12.176442451183833,0,roll,5.04,-10.555516758771347,-2.0943485632482832,0.32295680046081543,0.27630033947173294,0.2568272181919654,1.2944091796875057,-0.1322954513301814,1,5.04,-88.96119826283055,63.17132055661941,88.96119826283055,63.17132055661941,,,,,,,off,5.0,legged_eval-seed1-no-roughness,,n/a,settle,0.0,auto,off,,,,,0,WALK,first,on,1000,1,deterministic,20.0,1,200,lo,1.0,0.42,0.5,0.05,dead-reckoned-heading-hold,2.649,0.5676
