task,task_name,level,episode,goals,settle_ok,heading,heading_cap_rad,final_x_m,final_y_m,travelled_m,dist_to_next_goal_m,dist_to_last_goal_m,alive_at_end,end_cause,upright_s,yaw_cum_deg,yaw_rate_deg_s,base_h_max_m,vx_mean_ms,vy_mean_ms,cross_track_m,cross_track_abs_max_m,curvature_rad_m,fell,episode_s,end_roll_deg,end_pitch_deg,peak_roll_deg,peak_pitch_deg,switches,refused_ticks,steps_alive,frac_WALK,frac_TROT,frac_TURN,yaw_moment,yaw_moment_gain,terrain,planner_set,perception,turn_target,swing_lift_mm,foot_yaw_turn,roll_couple,roll_gain,roll_damp,roll_cap_nm,roll_sign,partial,skill,start_phase,foot_comp,steps,terrain_seed,measurement_seed,episode_length_s,episodes,num_envs,rate,gutter,spawn_z,settle_s,foot_clip_rad,steering,cross_track,cross_track_gain,cross_track_cap,cmd_mean_feet_down,cmd_frac_below_3_feet
0,jump_on_and_off_box,0,0,1,1,heading-only,0.04,1.3527734279632568,2.4704318046569824,0.5880095018873185,1.2640648246551496,16.753832514919278,0,roll,8.42,43.85129787918609,5.207992622231127,0.32137903571128845,0.04189708170584998,0.05587076064809768,0.4710841178894043,0.4428378139116619,2.1695214792207054,1,8.42,-87.60439665263688,5.159387005273736,87.60439665263688,18.50580422841942,,,,,,,off,5.0,legged_eval-seed1,,n/a,settle,0.0,auto,off,,,,,0,WALK,first,on,1000,1,deterministic,20.0,1,200,lo,1.0,0.42,0.5,0.15,dead-reckoned-heading-hold,off,,,2.649,0.5676
0,jump_on_and_off_box,1,0,1,1,heading-only,0.04,1.3370376586914077,2.686525583267212,0.7647952404771955,1.39341856879769,16.577184287329587,0,roll,9.38,39.920324225241444,4.255898105036401,0.32749083638191223,0.03593152011635476,0.07319036068946821,0.6893631219863892,0.14075171563423114,2.0672499889160907,1,9.38,-90.76512446749268,-0.8342205555280771,90.76512446749268,18.517465708784897,,,,,,,off,5.0,legged_eval-seed1,,n/a,settle,0.0,auto,off,,,,,0,WALK,first,on,1000,1,deterministic,20.0,1,200,lo,1.0,0.42,0.5,0.15,dead-reckoned-heading-hold,off,,,2.649,0.5676
0,jump_on_and_off_box,2,0,1,1,heading-only,0.04,1.6923248291015653,2.461846113204956,0.8322352439503128,0.9040871844817314,15.614506910964622,0,roll,18.98,9.378915574490918,0.49414729054219797,0.33014363050460815,0.036476545263517665,0.024333304173074607,0.4509291648864746,0.33720702060368213,0.23643952977082663,1,18.98,-86.47267104272848,-15.284345651276597,86.47267104272848,22.57571850249283,,,,,,,off,5.0,legged_eval-seed1,,n/a,settle,0.0,auto,off,,,,,0,WALK,first,on,1000,1,deterministic,20.0,1,200,lo,1.0,0.42,0.5,0.15,dead-reckoned-heading-hold,off,,,2.649,0.5676
0,jump_on_and_off_box,3,0,1,1,heading-only,0.04,1.6924407958984489,2.0034286975860596,0.6924492846350655,0.8627080564940496,15.407559585601524,1,timeout,20.0,-22.655611777493647,-1.1327805888746822,0.32525134086608887,0.03462203979492244,0.0001714348793029785,0.011607170104980469,0.31571422622607065,-0.571045238687611,0,20.0,-29.537887418210662,-15.338783593037181,32.65614061831561,22.03196327735632,,,,,,,off,5.0,legged_eval-seed1,,n/a,settle,0.0,auto,off,,,,,0,WALK,first,on,1000,1,deterministic,20.0,1,200,lo,1.0,0.42,0.5,0.15,dead-reckoned-heading-hold,off,,,2.649,0.5676
0,jump_on_and_off_box,4,0,1,1,heading-only,0.04,1.6460479736328182,1.949603796005249,0.6480106184408949,0.9689415708969644,15.754032633787956,1,timeout,20.0,3.6749353925014248,0.18374676962507125,0.33078503608703613,0.032302398681640906,-0.002519810199737549,-0.06896471977233887,0.14735549946242274,0.09928012317189597,0,20.0,5.582286028015003,-3.6010183463636296,9.77440439369304,6.237124871597647,,,,,,,off,5.0,legged_eval-seed1,,n/a,settle,0.0,auto,off,,,,,0,WALK,first,on,1000,1,deterministic,20.0,1,200,lo,1.0,0.42,0.5,0.15,dead-reckoned-heading-hold,off,,,2.649,0.5676
0,jump_on_and_off_box,5,0,0,1,heading-only,0.04,0.81280517578125,1.4518486261367798,0.5792338309201428,0.8790373456805886,16.046559997663568,0,roll,2.12,-20.776125004494958,-9.800058964384414,0.31033867597579956,-0.08829944538620282,-0.25856196880340576,-0.5462868213653564,0.3935557563084867,1.9370823346623192,1,2.12,89.82812981215196,2.7244576903003215,89.82812981215196,11.87456775709517,,,,,,,off,5.0,legged_eval-seed1,,n/a,settle,0.0,auto,off,,,,,0,WALK,first,on,1000,1,deterministic,20.0,1,200,lo,1.0,0.42,0.5,0.15,dead-reckoned-heading-hold,off,,,2.649,0.5676
0,jump_on_and_off_box,6,0,1,1,heading-only,0.04,1.6393371582031477,2.042541742324829,0.6407509669905375,0.9445581486954084,14.56072498855477,1,timeout,20.0,2.40032249724905,0.1200161248624525,0.3320522606372833,0.03196685791015739,0.002127087116241455,0.043357253074645996,0.069018001624182,0.0655265068660015,0,20.0,0.9653741149631458,-1.0521320759354205,5.5996110344924945,5.71973364099387,,,,,,,off,5.0,legged_eval-seed1,,n/a,settle,0.0,auto,off,,,,,0,WALK,first,on,1000,1,deterministic,20.0,1,200,lo,1.0,0.42,0.5,0.15,dead-reckoned-heading-hold,off,,,2.649,0.5676
0,jump_on_and_off_box,7,0,1,1,heading-only,0.04,1.5914031982422046,0.8768624663352966,1.2693288235983382,1.44147413961782,14.90098442508863,1,timeout,20.0,-81.64159070777964,-4.082079535388982,0.3335285782814026,0.029570159912110226,-0.05615687668323517,-1.1581490635871887,0.6543963597909925,-2.4093791995910037,0,20.0,-13.955220499256038,4.982705422123377,15.247749627014748,10.586655025137288,,,,,,,off,5.0,legged_eval-seed1,,n/a,settle,0.0,auto,off,,,,,0,WALK,first,on,1000,1,deterministic,20.0,1,200,lo,1.0,0.42,0.5,0.15,dead-reckoned-heading-hold,off,,,2.649,0.5676
0,jump_on_and_off_box,8,0,0,1,heading-only,0.04,1.0347412109375114,2.707247734069824,0.7081004936337112,0.8465607468733677,15.231687344988742,0,roll,3.62,7.420931088302524,2.0499809636194817,0.33331114053726196,0.009597019595997616,0.1953723022292332,0.7278000116348267,0.4739995707017927,3.728127994371029,1,3.62,-89.53040896549243,4.2147924735636755,89.53040896549243,15.131987545001175,,,,,,,off,5.0,legged_eval-seed1,,n/a,settle,0.0,auto,off,,,,,0,WALK,first,on,1000,1,deterministic,20.0,1,200,lo,1.0,0.42,0.5,0.15,dead-reckoned-heading-hold,off,,,2.649,0.5676
0,jump_on_and_off_box,9,0,1,1,heading-only,0.04,1.640356445312534,1.9074277877807617,0.6470131308779352,0.7965416702661219,13.759954955105298,1,timeout,20.0,-19.9937682926265,-0.999688414631325,0.3276137113571167,0.0320178222656267,-0.004628610610961914,-0.08866429328918457,0.16093496953628778,-0.5449419446646853,0,20.0,7.761696214311303,-2.8609504683966422,8.95943406033753,6.5803743758808135,,,,,,,off,5.0,legged_eval-seed1,,n/a,settle,0.0,auto,off,,,,,0,WALK,first,on,1000,1,deterministic,20.0,1,200,lo,1.0,0.42,0.5,0.15,dead-reckoned-heading-hold,off,,,2.649,0.5676
1,forward_ramp_lips,0,0,1,1,heading-only,0.04,1.7312873601913452,1.9113842010498043,0.7366369275288931,0.8748689164613646,12.519026276748864,1,timeout,20.0,-3.2394637836617903,-0.1619731891830895,0.32888832688331604,0.036564368009567264,-0.004430789947509783,-0.09105968475341797,0.1256320755452144,-0.07731476311749423,0,20.0,-0.9358704233245131,-4.195213558686072,10.185958448982928,7.0408774467893736,,,,,,,off,5.0,legged_eval-seed1,,n/a,settle,0.0,auto,off,,,,,0,WALK,first,on,1000,1,deterministic,20.0,1,200,lo,1.0,0.42,0.5,0.15,dead-reckoned-heading-hold,off,,,2.649,0.5676
1,forward_ramp_lips,1,0,1,1,heading-only,0.04,1.4018302917480483,2.6284109115600582,0.7459007019262449,1.295835322067689,12.164412338220789,0,roll,4.48,-28.350329858088827,-6.328198629037684,0.32947757840156555,0.08969426155090363,0.14027029275894157,0.6026983261108398,0.5375430570010378,-1.2313820292083792,1,4.48,-87.88097186320451,1.5548723592618552,87.88097186320451,32.75941496905923,,,,,,,off,5.0,legged_eval-seed1,,n/a,settle,0.0,auto,off,,,,,0,WALK,first,on,1000,1,deterministic,20.0,1,200,lo,1.0,0.42,0.5,0.15,dead-reckoned-heading-hold,off,,,2.649,0.5676
1,forward_ramp_lips,2,0,1,1,heading-only,0.04,1.700984191894534,1.6626382827758786,0.7779407210928356,0.8095693893625432,11.653899871963018,1,timeout,20.0,-38.38473749496532,-1.919236874748266,0.3247967064380646,0.0350492095947267,-0.016868085861206073,-0.33594703674316406,0.28868842813840795,-0.9557134947511918,0,20.0,1.7655679344412634,-5.118611549693031,12.283141396795418,8.839621912152923,,,,,,,off,5.0,legged_eval-seed1,,n/a,settle,0.0,auto,off,,,,,0,WALK,first,on,1000,1,deterministic,20.0,1,200,lo,1.0,0.42,0.5,0.15,dead-reckoned-heading-hold,off,,,2.649,0.5676
1,forward_ramp_lips,3,0,1,1,heading-only,0.04,1.5172775268554801,1.3825431823730465,0.8054992001384773,1.2869294610856792,12.797626606018316,0,roll,3.18,12.952641557151225,4.0731577223745985,0.33172547817230225,0.16266588894826417,-0.19416881057451366,-0.5794715881347656,0.5702832533802249,0.4370308591931035,1,3.18,89.25145710160633,2.721913685613699,89.25145710160633,12.20020412350239,,,,,,,off,5.0,legged_eval-seed1,,n/a,settle,0.0,auto,off,,,,,0,WALK,first,on,1000,1,deterministic,20.0,1,200,lo,1.0,0.42,0.5,0.15,dead-reckoned-heading-hold,off,,,2.649,0.5676
1,forward_ramp_lips,4,0,1,1,heading-only,0.04,1.6364959716796932,1.5185409545898434,0.7980789023472153,0.8610760059485105,11.823310883147204,1,timeout,20.0,-47.13178099723166,-2.356589049861583,0.3303995430469513,0.03182479858398466,-0.02407295227050783,-0.5131149291992188,0.2974684676156708,-1.2923958631816008,0,20.0,13.345432477013818,-10.617277807934814,14.331496635742143,11.76706076890789,,,,,,,off,5.0,legged_eval-seed1,,n/a,settle,0.0,auto,off,,,,,0,WALK,first,on,1000,1,deterministic,20.0,1,200,lo,1.0,0.42,0.5,0.15,dead-reckoned-heading-hold,off,,,2.649,0.5676
1,forward_ramp_lips,5,0,1,1,heading-only,0.04,1.6770782470703125,1.4431186676025387,0.8766708453168606,1.005277300232127,12.285549445259141,1,timeout,20.0,-40.511374462972896,-2.025568723148645,0.3329170048236847,0.033853912353515626,-0.027844066619873063,-0.518864631652832,0.23490476898708254,-1.0442764509813014,0,20.0,15.153857945659587,0.41302616477791815,15.7895314053398,8.834520694455792,,,,,,,off,5.0,legged_eval-seed1,,n/a,settle,0.0,auto,off,,,,,0,WALK,first,on,1000,1,deterministic,20.0,1,200,lo,1.0,0.42,0.5,0.15,dead-reckoned-heading-hold,off,,,2.649,0.5676
1,forward_ramp_lips,6,0,1,1,heading-only,0.04,1.6486755371093977,1.938640213012695,0.6515711595085322,0.7907050970873168,12.001481320530214,1,timeout,20.0,-0.36243088136171764,-0.01812154406808588,0.32351720333099365,0.03243377685546989,-0.003067989349365252,-0.0715484619140625,0.12946785689691012,-0.009751581227889163,0,20.0,4.222834980527034,-3.9280165152650612,11.078345176963037,5.782246782559919,,,,,,,off,5.0,legged_eval-seed1,,n/a,settle,0.0,auto,off,,,,,0,WALK,first,on,1000,1,deterministic,20.0,1,200,lo,1.0,0.42,0.5,0.15,dead-reckoned-heading-hold,off,,,2.649,0.5676
1,forward_ramp_lips,7,0,1,1,heading-only,0.04,1.644274902343767,1.8152996063232418,0.6702271146517574,0.9233342580906109,11.70718216725627,1,timeout,20.0,-19.322658026915605,-0.9661329013457802,0.327813059091568,0.03221374511718835,-0.009235019683837909,-0.220062255859375,0.126765000418062,-0.5234473694066767,0,20.0,9.897029582849209,-3.6810271285607024,13.680118570665584,10.898001384387383,,,,,,,off,5.0,legged_eval-seed1,,n/a,settle,0.0,auto,off,,,,,0,WALK,first,on,1000,1,deterministic,20.0,1,200,lo,1.0,0.42,0.5,0.15,dead-reckoned-heading-hold,off,,,2.649,0.5676
1,forward_ramp_lips,8,0,1,1,heading-only,0.04,1.3826721191406364,1.1011892318725582,0.9768821564904475,1.3822090472027353,12.59942819583201,0,roll,9.88,-33.547622986934414,-3.3955083994872886,0.3356396555900574,0.038731995864436874,-0.09097274981046981,-0.8940010070800781,0.34186436613246823,-1.530073522614163,1,9.88,91.1671258919859,-7.022104515923537,91.1671258919859,13.972745150426482,,,,,,,off,5.0,legged_eval-seed1,,n/a,settle,0.0,auto,off,,,,,0,WALK,first,on,1000,1,deterministic,20.0,1,200,lo,1.0,0.42,0.5,0.15,dead-reckoned-heading-hold,off,,,2.649,0.5676
1,forward_ramp_lips,9,0,1,1,heading-only,0.04,1.368566894531284,2.979980087280273,1.0469969088828708,1.512328058705337,12.121113267904935,0,roll,14.74,37.084988348365556,2.515942221734434,0.3288852274417877,0.025004538299273005,0.06648440212213522,0.9506807327270508,0.49304635262999175,1.7561402267717063,1,14.74,-89.91488425256658,4.8106433589931505,89.91488425256658,11.701508194242004,,,,,,,off,5.0,legged_eval-seed1,,n/a,settle,0.0,auto,off,,,,,0,WALK,first,on,1000,1,deterministic,20.0,1,200,lo,1.0,0.42,0.5,0.15,dead-reckoned-heading-hold,off,,,2.649,0.5676
2,sphere_bump_lips,0,0,0,1,heading-only,0.04,0.6728019714355469,2.612599563598632,0.6945046977650325,1.0293370700514737,15.6891623821078,0,roll,1.28,-16.248140246393035,-12.693859567494558,0.32414472103118896,-0.255623459815979,0.47859340906143133,0.6189594268798828,0.420409560077544,0.8667030968051798,1,1.28,-87.75928815582012,-3.786337542058443,87.75928815582012,10.553548793843195,,,,,,,off,5.0,legged_eval-seed1,,n/a,settle,0.0,auto,off,,,,,0,WALK,first,on,1000,1,deterministic,20.0,1,200,lo,1.0,0.42,0.5,0.15,dead-reckoned-heading-hold,off,,,2.649,0.5676
2,sphere_bump_lips,1,0,0,1,heading-only,0.04,1.128274536132814,2.2668830871582024,0.2961096736534983,0.45760944341039045,14.874119969088818,1,timeout,20.0,68.46657244753104,3.4233286223765518,0.32345688343048096,0.006413726806640696,0.01334415435791012,0.2858238220214844,0.06927631808217004,9.315700159908546,0,20.0,-2.753848273749245,-6.932640731020946,12.499604519924931,9.427061883078919,,,,,,,off,5.0,legged_eval-seed1,,n/a,settle,0.0,auto,off,,,,,0,WALK,first,on,1000,1,deterministic,20.0,1,200,lo,1.0,0.42,0.5,0.15,dead-reckoned-heading-hold,off,,,2.649,0.5676
2,sphere_bump_lips,2,0,1,1,heading-only,0.04,2.793238830566409,2.6164924621582024,1.8962511593533873,1.157867796049422,12.97141946579633,0,roll,14.68,-12.877760224249755,-0.8772316229052967,0.32976874709129333,0.12215523368980989,0.04199539932957782,0.6006870269775391,0.7321934202048059,-0.12533707856667897,1,14.68,-93.21986441562994,-8.303103795989886,93.21986441562994,20.771699310440646,,,,,,,off,5.0,legged_eval-seed1,,n/a,settle,0.0,auto,off,,,,,0,WALK,first,on,1000,1,deterministic,20.0,1,200,lo,1.0,0.42,0.5,0.15,dead-reckoned-heading-hold,off,,,2.649,0.5676
2,sphere_bump_lips,3,0,1,1,heading-only,0.04,1.7494247436523551,1.524159622192382,0.8877282870059368,1.1886816580490778,13.75880605087637,0,roll,8.040000000000001,-25.349347010254036,-3.1529038569967702,0.33157825469970703,0.09321203279258147,-0.059184126592987295,-0.4783210754394531,0.5413953969966959,-0.5903589016867969,1,8.040000000000001,88.02596532395941,1.0029972523345698,88.02596532395941,13.149974215287996,,,,,,,off,5.0,legged_eval-seed1,,n/a,settle,0.0,auto,off,,,,,0,WALK,first,on,1000,1,deterministic,20.0,1,200,lo,1.0,0.42,0.5,0.15,dead-reckoned-heading-hold,off,,,2.649,0.5676
2,sphere_bump_lips,4,0,1,1,heading-only,0.04,2.7329772949218807,1.1304904937744134,1.9388803692160643,1.637519556277407,12.148180358259223,0,roll,16.580000000000002,-8.688112686157467,-0.5240116216017772,0.3342682421207428,0.10452215289034261,-0.05244327540564454,-0.8789386749267578,0.6998579406941414,-0.08750038018505721,1,16.580000000000002,89.58317109990044,-2.5164461017102067,89.58317109990044,12.952981184912948,,,,,,,off,5.0,legged_eval-seed1,,n/a,settle,0.0,auto,off,,,,,0,WALK,first,on,1000,1,deterministic,20.0,1,200,lo,1.0,0.42,0.5,0.15,dead-reckoned-heading-hold,off,,,2.649,0.5676
2,sphere_bump_lips,5,0,1,1,heading-only,0.04,1.326568603515625,1.4412528991699212,0.6471826446129127,2.0159997324867347,13.235230871436093,0,roll,4.44,-21.305013522988332,-4.798426469141516,0.32826298475265503,0.07355148727829391,-0.12584394162839613,-0.5543842315673828,0.19497046537829604,-1.138635585769873,1,4.44,88.5607502282289,1.0273049198796869,88.5607502282289,14.324560715225235,,,,,,,off,5.0,legged_eval-seed1,,n/a,settle,0.0,auto,off,,,,,0,WALK,first,on,1000,1,deterministic,20.0,1,200,lo,1.0,0.42,0.5,0.15,dead-reckoned-heading-hold,off,,,2.649,0.5676
2,sphere_bump_lips,6,0,1,1,heading-only,0.04,1.4482513427734602,1.5817119598388665,0.613102072121806,1.2396779421650967,12.70863422386128,0,roll,6.140000000000001,-22.62903369789248,-3.6855103742495894,0.32835808396339417,0.07300510468623131,-0.06812508797412598,-0.4464130401611328,0.3704162884635239,-0.8810930540203071,1,6.140000000000001,87.841349800193,-4.639889543112545,87.841349800193,14.148274932956294,,,,,,,off,5.0,legged_eval-seed1,,n/a,settle,0.0,auto,off,,,,,0,WALK,first,on,1000,1,deterministic,20.0,1,200,lo,1.0,0.42,0.5,0.15,dead-reckoned-heading-hold,off,,,2.649,0.5676
2,sphere_bump_lips,7,0,0,1,heading-only,0.04,1.619250488281267,0.8729469299316399,1.285970369015983,1.133344299719126,12.083425939545092,0,roll,13.46,-13.545110567712044,-1.0063232219696912,0.32777297496795654,0.046006722754923256,-0.08373351189215156,-1.1413288116455078,0.8709209425593208,-0.381762762286069,1,13.46,90.26852734199207,-16.55748296931561,90.26852734199207,17.639613153430478,,,,,,,off,5.0,legged_eval-seed1,,n/a,settle,0.0,auto,off,,,,,0,WALK,first,on,1000,1,deterministic,20.0,1,200,lo,1.0,0.42,0.5,0.15,dead-reckoned-heading-hold,off,,,2.649,0.5676
2,sphere_bump_lips,8,0,1,1,heading-only,0.04,1.8830993652343864,2.0983325958251946,0.8885571384436103,0.5984893390551226,11.567318600001585,1,timeout,20.0,-4.506909231741702,-0.22534546158708507,0.32547348737716675,0.044154968261719316,0.00491662979125973,0.10039901733398438,0.3762595674396646,-0.08907310805454301,0,20.0,2.865571094570156,-4.5702682616853645,8.289746810679503,9.154215874103578,,,,,,,off,5.0,legged_eval-seed1,,n/a,settle,0.0,auto,off,,,,,0,WALK,first,on,1000,1,deterministic,20.0,1,200,lo,1.0,0.42,0.5,0.15,dead-reckoned-heading-hold,off,,,2.649,0.5676
2,sphere_bump_lips,9,0,1,1,heading-only,0.04,3.833441162109409,1.57747573852539,2.864771469187479,1.4284708623238909,9.32613506933132,1,timeout,20.0,-12.165959028234028,-0.6082979514117014,0.33410993218421936,0.14167205810547046,-0.021126213073730506,-0.4251556396484375,0.5318439746071211,-0.07493928038630453,0,20.0,4.46371186145906,-3.260542415409404,13.653027523147616,8.583387301183347,,,,,,,off,5.0,legged_eval-seed1,,n/a,settle,0.0,auto,off,,,,,0,WALK,first,on,1000,1,deterministic,20.0,1,200,lo,1.0,0.42,0.5,0.15,dead-reckoned-heading-hold,off,,,2.649,0.5676
3,forward_ramp_no_lips,0,0,1,1,heading-only,0.04,1.5359916687011719,1.350121307373044,0.8423950285036043,1.1677320407885592,9.187022967819601,0,roll,8.06,-42.355171531730406,-5.254984061008735,0.3414795398712158,0.06650020703488485,-0.08063011074776127,-0.6427421569824219,0.5540828617456897,-1.3791953152313041,1,8.06,88.2669974815803,10.41583480991773,88.2669974815803,17.43986879277053,,,,,,,off,5.0,legged_eval-seed1,,n/a,settle,0.0,auto,off,,,,,0,WALK,first,on,1000,1,deterministic,20.0,1,200,lo,1.0,0.42,0.5,0.15,dead-reckoned-heading-hold,off,,,2.649,0.5676
3,forward_ramp_no_lips,1,0,1,1,heading-only,0.04,1.2523361206054702,1.5116985321044893,0.5496470151935047,1.3205777787386506,9.610077536907982,0,roll,9.5,-78.39101005537216,-8.251685268986543,0.34219133853912354,0.026561696905838966,-0.05140015451531691,-0.4869651794433594,0.6720159400906099,-5.422058586568312,1,9.5,91.07460907167847,0.9075400497480486,91.07460907167847,16.337773207035916,,,,,,,off,5.0,legged_eval-seed1,,n/a,settle,0.0,auto,off,,,,,0,WALK,first,on,1000,1,deterministic,20.0,1,200,lo,1.0,0.42,0.5,0.15,dead-reckoned-heading-hold,off,,,2.649,0.5676
3,forward_ramp_no_lips,2,0,1,1,heading-only,0.04,1.807551574707034,2.542370605468747,0.9727823083754894,0.852874300660025,8.85906654380938,0,roll,13.620000000000001,-3.1380358930673253,-0.2303991110915804,0.350456178188324,0.05929159873032555,0.03982163035747042,0.5356197357177734,0.40272866497382803,-0.06782112758513882,1,13.620000000000001,-92.11666076443684,0.2646462489428077,92.11666076443684,27.09580717844857,,,,,,,off,5.0,legged_eval-seed1,,n/a,settle,0.0,auto,off,,,,,0,WALK,first,on,1000,1,deterministic,20.0,1,200,lo,1.0,0.42,0.5,0.15,dead-reckoned-heading-hold,off,,,2.649,0.5676
3,forward_ramp_no_lips,3,0,1,1,heading-only,0.04,1.5353897094726676,2.485142517089841,0.7224994137696542,0.9407854184539073,9.427101897422743,0,roll,4.24,-21.017684624718214,-4.957001090735427,0.3364945352077484,0.12627115789449708,0.11442040497401908,0.47701454162597656,0.44554266911912144,-0.6851603446178091,1,4.24,-90.48242980268292,-9.73678034902213,90.48242980268292,17.62374872601465,,,,,,,off,5.0,legged_eval-seed1,,n/a,settle,0.0,auto,off,,,,,0,WALK,first,on,1000,1,deterministic,20.0,1,200,lo,1.0,0.42,0.5,0.15,dead-reckoned-heading-hold,off,,,2.649,0.5676
3,forward_ramp_no_lips,4,0,1,1,heading-only,0.04,1.8978179931640682,1.3732765197753878,1.0949244126943214,0.8129911174791867,8.375662755625894,0,roll,7.34,18.81354842245335,2.563153736029067,0.33322930335998535,0.12231852767902837,-0.08538467033032864,-0.6183986663818359,0.6943738155904544,0.36572931981236373,1,7.34,91.82054659084947,-4.373264930718217,91.82054659084947,14.251735333600019,,,,,,,off,5.0,legged_eval-seed1,,n/a,settle,0.0,auto,off,,,,,0,WALK,first,on,1000,1,deterministic,20.0,1,200,lo,1.0,0.42,0.5,0.15,dead-reckoned-heading-hold,off,,,2.649,0.5676
3,forward_ramp_no_lips,5,0,1,1,heading-only,0.04,1.7765960693359375,2.6836002349853487,1.034606561055966,0.8190414450386122,8.999404834994882,0,roll,7.0200000000000005,-2.9842391077758066,-0.4251052860079496,0.33767735958099365,0.11062622070312499,0.09737895085261378,0.678436279296875,0.5412911701975444,-0.0670680681425585,1,7.0200000000000005,-89.5846403249962,6.107856010009452,89.5846403249962,15.815418713708981,,,,,,,off,5.0,legged_eval-seed1,,n/a,settle,0.0,auto,off,,,,,0,WALK,first,on,1000,1,deterministic,20.0,1,200,lo,1.0,0.42,0.5,0.15,dead-reckoned-heading-hold,off,,,2.649,0.5676
3,forward_ramp_no_lips,6,0,1,1,heading-only,0.04,1.6311126708984602,2.8592823028564425,1.0661469314174568,1.2398924123288957,9.40821002430333,0,roll,10.1,27.8233136216067,2.7547835268917527,0.3440410792827606,0.062486403059253494,0.08507745572836065,0.8577480316162109,0.4988254034101656,0.7694480778221521,1,10.1,-89.92896507826043,-4.141078902868407,89.92896507826043,13.953678799654968,,,,,,,off,5.0,legged_eval-seed1,,n/a,settle,0.0,auto,off,,,,,0,WALK,first,on,1000,1,deterministic,20.0,1,200,lo,1.0,0.42,0.5,0.15,dead-reckoned-heading-hold,off,,,2.649,0.5676
3,forward_ramp_no_lips,7,0,1,1,heading-only,0.04,1.1955596923828296,1.5065734863281222,0.5307667262359715,1.3829196498497172,10.41613401599476,0,roll,3.44,-27.31061017486948,-7.93913086478764,0.3212753236293793,0.05684874778570627,-0.14343794002089472,-0.5022945404052734,0.25443573664106556,-2.4374146966186796,1,3.44,93.01297977652577,10.865606582252918,93.01297977652577,17.11170373198248,,,,,,,off,5.0,legged_eval-seed1,,n/a,settle,0.0,auto,off,,,,,0,WALK,first,on,1000,1,deterministic,20.0,1,200,lo,1.0,0.42,0.5,0.15,dead-reckoned-heading-hold,off,,,2.649,0.5676
3,forward_ramp_no_lips,8,0,1,1,heading-only,0.04,1.1279724121093864,2.6836917877197237,0.695565524488158,1.3976931674638366,10.39453658152009,0,roll,4.72,8.011712635044887,1.6973967447129,0.3189125657081604,0.02711279917571745,0.1448499550253652,0.6708831787109375,0.39007499908945203,1.0926633475161946,1,4.72,-87.0763378840242,8.848310431714353,87.0763378840242,37.39478262136908,,,,,,,off,5.0,legged_eval-seed1,,n/a,settle,0.0,auto,off,,,,,0,WALK,first,on,1000,1,deterministic,20.0,1,200,lo,1.0,0.42,0.5,0.15,dead-reckoned-heading-hold,off,,,2.649,0.5676
3,forward_ramp_no_lips,9,0,1,1,heading-only,0.04,1.679174804687534,2.4904048919677706,0.8377203431863588,0.8593982439182373,9.483513422684174,0,roll,9.06,1.970750635546409,0.2175221452037979,0.3402929902076721,0.07496410647765277,0.05412857527238086,0.4781341552734375,0.4303824306047619,0.050643938922145595,1,9.06,-87.59464193394591,1.7236177327135744,87.59464193394591,16.849090578561885,,,,,,,off,5.0,legged_eval-seed1,,n/a,settle,0.0,auto,off,,,,,0,WALK,first,on,1000,1,deterministic,20.0,1,200,lo,1.0,0.42,0.5,0.15,dead-reckoned-heading-hold,off,,,2.649,0.5676
4,flush_a_frame,0,0,0,1,heading-only,0.04,1.6017409563064575,2.906587982177733,1.0881148597118335,0.9122790097438644,12.531096555876367,0,roll,8.68,7.784575324133186,0.8968404751305514,0.34936079382896423,0.06932499496618175,0.1044456200665591,0.8951187133789062,0.5724639637882183,0.22578896924282843,1,8.68,-86.2861476446992,-15.607866836858156,86.2861476446992,17.76955753101808,,,,,,,off,5.0,legged_eval-seed1,,n/a,settle,0.0,auto,off,,,,,0,WALK,first,on,1000,1,deterministic,20.0,1,200,lo,1.0,0.42,0.5,0.15,dead-reckoned-heading-hold,off,,,2.649,0.5676
4,flush_a_frame,1,0,0,1,heading-only,0.04,0.9349189758300795,2.718946838378905,0.7218864842355956,0.9144403317286204,13.384404183191794,0,roll,4.66,31.719699931989396,6.806802560512746,0.32572323083877563,-0.01396588501500439,0.15428043742036585,0.6760330200195312,0.36164733384927616,-8.506522578876512,1,4.66,-88.54428827828622,12.306497917448889,88.54428827828622,20.18870533645035,,,,,,,off,5.0,legged_eval-seed1,,n/a,settle,0.0,auto,off,,,,,0,WALK,first,on,1000,1,deterministic,20.0,1,200,lo,1.0,0.42,0.5,0.15,dead-reckoned-heading-hold,off,,,2.649,0.5676
4,flush_a_frame,2,0,1,1,heading-only,0.04,1.3865692138671903,1.6938270568847642,0.4931304373142495,1.4205076951689,11.917364430404602,0,roll,7.3,-72.41635739353237,-9.920048958018132,0.33975887298583984,0.052954686831121964,-0.04194149905688162,-0.3144073486328125,0.6473697373599427,-3.2695409346599065,1,7.3,91.922991292541,9.234423369324864,91.922991292541,20.198666627101755,,,,,,,off,5.0,legged_eval-seed1,,n/a,settle,0.0,auto,off,,,,,0,WALK,first,on,1000,1,deterministic,20.0,1,200,lo,1.0,0.42,0.5,0.15,dead-reckoned-heading-hold,off,,,2.649,0.5676
4,flush_a_frame,3,0,1,1,heading-only,0.04,1.5779693603515739,2.67191925048828,0.8862979525430142,1.1292488764165156,13.139222335703469,0,roll,5.5200000000000005,13.150646840203734,2.3823635580079228,0.33417266607284546,0.10470459426658946,0.12172450190005069,0.6684608459472656,0.25406685499180026,0.3971180859638086,1,5.5200000000000005,-88.0058262299185,-3.012189887089956,88.0058262299185,20.810038080955238,,,,,,,off,5.0,legged_eval-seed1,,n/a,settle,0.0,auto,off,,,,,0,WALK,first,on,1000,1,deterministic,20.0,1,200,lo,1.0,0.42,0.5,0.15,dead-reckoned-heading-hold,off,,,2.649,0.5676
4,flush_a_frame,4,0,1,1,heading-only,0.04,1.5610565185546932,2.747988128662108,0.9350244155272925,1.182800157222712,12.66105756119085,0,roll,7.5200000000000005,29.92718030782703,3.9796782324238067,0.33246126770973206,0.07460857959503898,0.09946650647102499,0.7503280639648438,0.609044556515987,0.9309718627904578,1,7.5200000000000005,-87.254591323776,13.27257172371555,87.254591323776,15.928767404829863,,,,,,,off,5.0,legged_eval-seed1,,n/a,settle,0.0,auto,off,,,,,0,WALK,first,on,1000,1,deterministic,20.0,1,200,lo,1.0,0.42,0.5,0.15,dead-reckoned-heading-hold,off,,,2.649,0.5676
4,flush_a_frame,5,0,1,1,heading-only,0.04,1.6389312744140625,2.6590637207031236,0.917931457883116,1.3930653405559719,13.277436075261694,0,roll,7.0600000000000005,7.037702909090029,0.9968417718257832,0.3404384255409241,0.09050018051190686,0.09335180179930928,0.657867431640625,0.37922964551767185,0.19224460041253655,1,7.0600000000000005,-89.3869732959708,-1.0238635184445481,89.3869732959708,16.77930361377657,,,,,,,off,5.0,legged_eval-seed1,,n/a,settle,0.0,auto,off,,,,,0,WALK,first,on,1000,1,deterministic,20.0,1,200,lo,1.0,0.42,0.5,0.15,dead-reckoned-heading-hold,off,,,2.649,0.5676
4,flush_a_frame,6,0,1,1,heading-only,0.04,1.2427154541015852,2.4067443847656236,0.47365787885150223,1.6315313428446978,13.963209977999785,0,roll,5.44,29.671428027881092,5.454306622772259,0.3262467086315155,0.04461681141573258,0.07476918837603375,0.3996734619140625,0.20888678999016716,2.133626450659825,1,5.44,-89.28741823946147,7.916161044458641,89.28741823946147,17.37250023439129,,,,,,,off,5.0,legged_eval-seed1,,n/a,settle,0.0,auto,off,,,,,0,WALK,first,on,1000,1,deterministic,20.0,1,200,lo,1.0,0.42,0.5,0.15,dead-reckoned-heading-hold,off,,,2.649,0.5676
4,flush_a_frame,7,0,1,1,heading-only,0.04,1.666644287109392,2.5878852844238267,0.8888327813361032,1.1862843357885313,12.047707616829001,0,roll,9.5,17.791713637805117,1.8728119618742227,0.3459995985031128,0.07017308285362021,0.06188266151829755,0.6191329956054688,0.17221395851010893,0.46580161047824625,1,9.5,-87.38856880678236,4.5695531813771915,87.38856880678236,17.587551472155152,,,,,,,off,5.0,legged_eval-seed1,,n/a,settle,0.0,auto,off,,,,,0,WALK,first,on,1000,1,deterministic,20.0,1,200,lo,1.0,0.42,0.5,0.15,dead-reckoned-heading-hold,off,,,2.649,0.5676
4,flush_a_frame,8,0,1,1,heading-only,0.04,1.8730895996093864,2.5544914245605455,1.0342853517561108,0.7944354488672484,11.939792813899965,0,roll,6.46,-24.2069545753545,-3.747206590612152,0.33583498001098633,0.13515318879402266,0.08583458584528568,0.5524139404296875,0.6840618945305518,-0.4839034383294236,1,6.46,-87.51241228006691,-14.940146017276863,87.51241228006691,15.769968052698474,,,,,,,off,5.0,legged_eval-seed1,,n/a,settle,0.0,auto,off,,,,,0,WALK,first,on,1000,1,deterministic,20.0,1,200,lo,1.0,0.42,0.5,0.15,dead-reckoned-heading-hold,off,,,2.649,0.5676
4,flush_a_frame,9,0,1,1,heading-only,0.04,1.483007812500034,2.796640777587889,0.9316292585851438,1.2527971189235514,12.542317566959108,0,roll,11.38,21.512016385275416,1.8903353589872949,0.3460955023765564,0.04244356876098718,0.07000358326782857,0.7892265319824219,0.39022544006857396,0.7773280368337696,1,11.38,-89.48693458292789,0.6176344661659026,89.48693458292789,17.31215369865449,,,,,,,off,5.0,legged_eval-seed1,,n/a,settle,0.0,auto,off,,,,,0,WALK,first,on,1000,1,deterministic,20.0,1,200,lo,1.0,0.42,0.5,0.15,dead-reckoned-heading-hold,off,,,2.649,0.5676
5,sphere_bump,0,0,0,1,heading-only,0.04,1.0262876749038696,2.0689849853515625,0.07382391249322152,0.4787089879581719,14.923871766081017,1,timeout,20.0,2.8486500285417833,0.14243250142708916,0.33840805292129517,0.0013143837451934815,0.003449249267578125,0.06687164306640625,0.08807647855090897,1.891316840188322,0,20.0,-5.077096772182653,6.910546024486071,11.46874187031814,8.59586417044467,,,,,,,off,5.0,legged_eval-seed1,,n/a,settle,0.0,auto,off,,,,,0,WALK,first,on,1000,1,deterministic,20.0,1,200,lo,1.0,0.42,0.5,0.15,dead-reckoned-heading-hold,off,,,2.649,0.5676
5,sphere_bump,1,0,1,1,heading-only,0.04,2.3662544250488295,1.3264808654785156,1.523246263258859,1.0391425401229621,13.20093842912735,0,roll,8.26,9.366980666854516,1.1340170298855348,0.3279431164264679,0.1654061047274612,-0.08153984679436857,-0.6462478637695312,0.8236589036719335,0.1196590112426699,1,8.26,92.57618291151809,-10.382002998371544,92.57618291151809,13.801694952050815,,,,,,,off,5.0,legged_eval-seed1,,n/a,settle,0.0,auto,off,,,,,0,WALK,first,on,1000,1,deterministic,20.0,1,200,lo,1.0,0.42,0.5,0.15,dead-reckoned-heading-hold,off,,,2.649,0.5676
5,sphere_bump,2,0,0,1,heading-only,0.04,1.2492706298828153,1.403961181640625,0.6460635571779417,0.6466277832189089,14.113321049358895,0,roll,2.92,-0.6836426942301728,-0.2341242103527989,0.3195367455482483,0.08536665406945732,-0.20412288299978595,-0.6107826232910156,0.38787374075543,-0.047866914474162574,1,2.92,88.51756133121941,-2.581812074899437,88.51756133121941,14.921549136095289,,,,,,,off,5.0,legged_eval-seed1,,n/a,settle,0.0,auto,off,,,,,0,WALK,first,on,1000,1,deterministic,20.0,1,200,lo,1.0,0.42,0.5,0.15,dead-reckoned-heading-hold,off,,,2.649,0.5676
5,sphere_bump,3,0,1,1,heading-only,0.04,2.743832397460949,1.9874839782714844,1.7438773125522073,0.8624873878487359,11.906174181094048,0,roll,14.72,-4.149528725205755,-0.28189733187539096,0.33958616852760315,0.1184668748275101,-0.0008502732152524202,-0.0235137939453125,0.8406724705883749,-0.041530905588388276,1,14.72,88.96681285651825,2.9079282427402697,88.96681285651825,15.36824355264793,,,,,,,off,5.0,legged_eval-seed1,,n/a,settle,0.0,auto,off,,,,,0,WALK,first,on,1000,1,deterministic,20.0,1,200,lo,1.0,0.42,0.5,0.15,dead-reckoned-heading-hold,off,,,2.649,0.5676
5,sphere_bump,4,0,1,1,heading-only,0.04,1.4980529785156307,2.7064895629882812,0.8643982137994408,1.5480419882423921,13.071053842527249,0,roll,5.58,-14.425572694254015,-2.5852280814075295,0.3343983292579651,0.08925680618559689,0.12661103279359878,0.6938629150390625,0.5557954748813497,-0.5055159809522558,1,5.58,-87.42719611608933,-4.278372736516351,87.42719611608933,13.924840418004608,,,,,,,off,5.0,legged_eval-seed1,,n/a,settle,0.0,auto,off,,,,,0,WALK,first,on,1000,1,deterministic,20.0,1,200,lo,1.0,0.42,0.5,0.15,dead-reckoned-heading-hold,off,,,2.649,0.5676
5,sphere_bump,5,0,0,1,heading-only,0.04,1.1560516357421875,1.2906303405761719,0.7263314854313354,0.7883563857715005,13.063222965376303,0,roll,2.7,-0.6025766609371601,-0.22317654108783708,0.3226362466812134,0.057796902126736105,-0.2627295034903067,-0.7090797424316406,0.4945637083312289,-0.06739401787753102,1,2.7,90.98040692938031,7.754338192323179,90.98040692938031,15.200731006902833,,,,,,,off,5.0,legged_eval-seed1,,n/a,settle,0.0,auto,off,,,,,0,WALK,first,on,1000,1,deterministic,20.0,1,200,lo,1.0,0.42,0.5,0.15,dead-reckoned-heading-hold,off,,,2.649,0.5676
5,sphere_bump,6,0,1,1,heading-only,0.04,1.3295532226562727,2.3912925720214844,0.511581082021534,1.467935916423936,12.726463612966247,0,roll,6.82,43.3026562797958,6.349363090879149,0.32879799604415894,0.048321586899746735,0.05737427742250504,0.3953704833984375,0.3331256624372261,2.293328891916542,1,6.82,-92.73020971410385,19.157544767634732,92.73020971410385,23.938281620099804,,,,,,,off,5.0,legged_eval-seed1,,n/a,settle,0.0,auto,off,,,,,0,WALK,first,on,1000,1,deterministic,20.0,1,200,lo,1.0,0.42,0.5,0.15,dead-reckoned-heading-hold,off,,,2.649,0.5676
5,sphere_bump,7,0,0,1,heading-only,0.04,1.0758392333984546,2.4350929260253906,0.4416530805958465,0.6076332859557207,12.68162674864461,0,roll,3.14,7.613649478666019,2.424729133333127,0.3248603940010071,0.024152622101418646,0.13856462612273587,0.4630165100097656,0.24344802719036754,1.7521702889230377,1,3.14,-86.35845957367229,14.259241488266083,86.35845957367229,16.963482296925367,,,,,,,off,5.0,legged_eval-seed1,,n/a,settle,0.0,auto,off,,,,,0,WALK,first,on,1000,1,deterministic,20.0,1,200,lo,1.0,0.42,0.5,0.15,dead-reckoned-heading-hold,off,,,2.649,0.5676
5,sphere_bump,8,0,1,1,heading-only,0.04,5.200970458984386,2.3794288635253906,4.2180705375486145,2.3180504240053987,8.207804315218688,1,timeout,20.0,11.179133879540615,0.5589566939770307,0.3320411443710327,0.21004852294921933,0.01897144317626953,0.38541412353515625,0.561869583640066,0.046444671683409246,0,20.0,-0.6679613682357749,-0.21153465567759883,9.435466613320694,7.097210084956947,,,,,,,off,5.0,legged_eval-seed1,,n/a,settle,0.0,auto,off,,,,,0,WALK,first,on,1000,1,deterministic,20.0,1,200,lo,1.0,0.42,0.5,0.15,dead-reckoned-heading-hold,off,,,2.649,0.5676
5,sphere_bump,9,0,1,1,heading-only,0.04,1.606848144531284,2.6004371643066406,0.8536916649479847,1.2931519293628089,11.658623843223745,0,roll,5.8,2.706967825284039,0.4667185905662136,0.3192695379257202,0.1046289904364283,0.10352364901838632,0.5945854187011719,0.49065634407698766,0.07785391077243624,1,5.8,-87.70620736805125,-0.5262977843908178,87.70620736805125,9.95308278614262,,,,,,,off,5.0,legged_eval-seed1,,n/a,settle,0.0,auto,off,,,,,0,WALK,first,on,1000,1,deterministic,20.0,1,200,lo,1.0,0.42,0.5,0.15,dead-reckoned-heading-hold,off,,,2.649,0.5676
6,box_jump_even,0,0,0,1,heading-only,0.04,1.313501238822937,2.7286582946777287,0.793237629683673,0.7521467265921158,10.162654675120415,0,roll,3.2800000000000002,-11.017216573711778,-3.3589074919852977,0.3279040455818176,0.09557964598260274,0.2221519191090636,0.7021141052246094,0.4258400100722082,-0.6133522927644987,1,3.2800000000000002,-87.54586644737383,19.145156788895783,87.54586644737383,25.361181794291678,,,,,,,off,5.0,legged_eval-seed1,,n/a,settle,0.0,auto,off,,,,,0,WALK,first,on,1000,1,deterministic,20.0,1,200,lo,1.0,0.42,0.5,0.15,dead-reckoned-heading-hold,off,,,2.649,0.5676
6,box_jump_even,1,0,2,1,heading-only,0.04,3.3604255676269545,1.5752273559570256,2.398341230816476,0.8076734413713352,7.901000982349118,0,roll,11.540000000000001,28.339193936756146,2.4557360430464596,0.3293958902359009,0.20454294346854024,-0.036808721320881664,-0.43479156494140625,0.9094476377213827,0.20954367226875326,1,11.540000000000001,86.30616901490197,80.33863648837311,86.30616901490197,80.33863648837311,,,,,,,off,5.0,legged_eval-seed1,,n/a,settle,0.0,auto,off,,,,,0,WALK,first,on,1000,1,deterministic,20.0,1,200,lo,1.0,0.42,0.5,0.15,dead-reckoned-heading-hold,off,,,2.649,0.5676
6,box_jump_even,2,0,2,1,heading-only,0.04,2.983821105957034,1.8152786254882756,1.9924026115828324,0.8984708683485372,8.518182020921152,0,below,9.06,5.531450353501185,0.610535359106091,0.32986921072006226,0.21896480198201257,-0.02038867268341329,-0.1660614013671875,0.4673761109792775,0.04866468089753797,1,9.06,24.76195124365063,57.077619447543874,24.76195124365063,59.03525640089122,,,,,,,off,5.0,legged_eval-seed1,,n/a,settle,0.0,auto,off,,,,,0,WALK,first,on,1000,1,deterministic,20.0,1,200,lo,1.0,0.42,0.5,0.15,dead-reckoned-heading-hold,off,,,2.649,0.5676
6,box_jump_even,3,0,0,1,heading-only,0.04,0.7620590209961051,2.625077819824213,0.6688334548492049,0.9670983245406943,10.606376216960532,0,roll,2.18,22.729641021231032,10.426440835427078,0.3181915879249573,-0.10914723807518113,0.2867329448734922,0.598663330078125,0.4265444996686536,-1.6672499007006025,1,2.18,-86.71509247222336,8.268940416776658,86.71509247222336,19.109273101175404,,,,,,,off,5.0,legged_eval-seed1,,n/a,settle,0.0,auto,off,,,,,0,WALK,first,on,1000,1,deterministic,20.0,1,200,lo,1.0,0.42,0.5,0.15,dead-reckoned-heading-hold,off,,,2.649,0.5676
6,box_jump_even,4,0,0,1,heading-only,0.04,0.8379882812500057,2.637002563476557,0.6572823311850335,0.918712023235805,11.379854241724171,0,roll,1.56,19.204267484913714,12.310427874944688,0.31250062584877014,-0.10385366586538097,0.4083349765875364,0.6234321594238281,0.42738389670425897,-2.068848479798296,1,1.56,-90.47445939504107,16.61828809943865,90.47445939504107,21.854008538448166,,,,,,,off,5.0,legged_eval-seed1,,n/a,settle,0.0,auto,off,,,,,0,WALK,first,on,1000,1,deterministic,20.0,1,200,lo,1.0,0.42,0.5,0.15,dead-reckoned-heading-hold,off,,,2.649,0.5676
6,box_jump_even,5,0,0,1,heading-only,0.04,0.8874664306640625,1.3163047790527287,0.6928946235710192,0.9179523564486132,11.233358722956874,0,roll,2.22,-4.677627931419153,-2.1070396087473657,0.3225208520889282,-0.05069079699817004,-0.30797082024651856,-0.6736221313476562,0.4435886790116855,0.7254724885052061,1,2.22,89.27809800130038,0.2804336898557782,89.27809800130038,11.77472781366224,,,,,,,off,5.0,legged_eval-seed1,,n/a,settle,0.0,auto,off,,,,,0,WALK,first,on,1000,1,deterministic,20.0,1,200,lo,1.0,0.42,0.5,0.15,dead-reckoned-heading-hold,off,,,2.649,0.5676
6,box_jump_even,6,0,2,1,heading-only,0.04,2.9609008789062727,1.8804985046386662,1.9645388426521344,1.0429771004438444,8.839906893169957,0,roll,9.5,-38.65260996908512,-4.068695786219486,0.3246149718761444,0.20641061883223924,-0.012579104774877243,-0.13140869140625,1.1876151170693534,-0.34403335513113625,1,9.5,86.40991459415079,79.17534904965707,86.40991459415079,84.52638410108182,,,,,,,off,5.0,legged_eval-seed1,,n/a,settle,0.0,auto,off,,,,,0,WALK,first,on,1000,1,deterministic,20.0,1,200,lo,1.0,0.42,0.5,0.15,dead-reckoned-heading-hold,off,,,2.649,0.5676
6,box_jump_even,7,0,0,1,heading-only,0.04,1.194293212890642,2.3700271606445256,0.41793534450919306,0.47997576949193577,10.612159843959748,0,roll,2.1,-29.70594087234258,-14.145686129686942,0.31663185358047485,0.0925205775669724,0.17620340983072647,0.3731651306152344,0.34023139453079965,-2.6684744562691107,1,2.1,-90.78974062555116,-16.32641357039291,90.78974062555116,17.894619535527585,,,,,,,off,5.0,legged_eval-seed1,,n/a,settle,0.0,auto,off,,,,,0,WALK,first,on,1000,1,deterministic,20.0,1,200,lo,1.0,0.42,0.5,0.15,dead-reckoned-heading-hold,off,,,2.649,0.5676
6,box_jump_even,8,0,2,1,heading-only,0.04,2.9201171875000114,1.9484878540039006,1.9208080369776874,1.0633077309434356,9.230026556498492,0,below,9.58,7.5312586348257184,0.7861439076018495,0.3331913650035858,0.20042976905010557,-0.005377050730281778,-0.07998275756835938,0.560278846573023,0.0684568946378234,1,9.58,4.112023370905182,55.45196212046233,20.55425604413648,56.78504041890984,,,,,,,off,5.0,legged_eval-seed1,,n/a,settle,0.0,auto,off,,,,,0,WALK,first,on,1000,1,deterministic,20.0,1,200,lo,1.0,0.42,0.5,0.15,dead-reckoned-heading-hold,off,,,2.649,0.5676
6,box_jump_even,9,0,2,1,heading-only,0.04,2.801855468750034,1.7774139404296818,1.815551619805795,1.085870739621203,9.400780030623974,0,below,8.3,24.575152126405925,2.9608617019766172,0.3320271670818329,0.2170910203313294,-0.02681759753859255,-0.2533302307128906,0.8903069705466429,0.23804202180645126,1,8.3,71.2428633276752,62.74548998119955,71.2428633276752,62.74548998119955,,,,,,,off,5.0,legged_eval-seed1,,n/a,settle,0.0,auto,off,,,,,0,WALK,first,on,1000,1,deterministic,20.0,1,200,lo,1.0,0.42,0.5,0.15,dead-reckoned-heading-hold,off,,,2.649,0.5676
7,box_jump_uneven,0,0,0,1,heading-only,0.04,0.7829477787017822,1.374293518066402,0.6622841295880572,0.9516682665731943,11.534036607781507,0,roll,1.62,-11.815073895031787,-7.293255490760362,0.30439797043800354,-0.13398285265322085,-0.3862385690948136,-0.5994415283203125,0.4063930477553423,0.950056809376817,1,1.62,89.04892237816388,-1.1791644576116653,89.04892237816388,11.320495373999533,,,,,,,off,5.0,legged_eval-seed1,,n/a,settle,0.0,auto,off,,,,,0,WALK,first,on,1000,1,deterministic,20.0,1,200,lo,1.0,0.42,0.5,0.15,dead-reckoned-heading-hold,off,,,2.649,0.5676
7,box_jump_uneven,1,0,1,1,heading-only,0.04,2.0755363464355483,0.5267211914062457,1.8240967299886703,1.657960084699629,10.627082649676282,0,roll,12.34,-31.432404823552446,-2.547196501098253,0.3545309603214264,0.08715853698829402,-0.11939050312753276,-1.4724082946777344,0.7592009643032943,-0.5100701225103715,1,12.34,89.2263672254168,29.57141286007808,89.2263672254168,31.257332744412647,,,,,,,off,5.0,legged_eval-seed1,,n/a,settle,0.0,auto,off,,,,,0,WALK,first,on,1000,1,deterministic,20.0,1,200,lo,1.0,0.42,0.5,0.15,dead-reckoned-heading-hold,off,,,2.649,0.5676
7,box_jump_uneven,2,0,1,1,heading-only,0.04,1.5424072265625028,2.6088287353515582,0.8154005325096397,1.2354668562512825,10.724887665181425,0,roll,18.68,42.43934824487454,2.2719137176057034,0.3425537645816803,0.02903678943054084,0.03259254471903417,0.6346931457519531,0.40271162965305163,1.365590875268665,1,18.68,-88.30634213617793,-0.645022647902246,88.30634213617793,25.96973440649918,,,,,,,off,5.0,legged_eval-seed1,,n/a,settle,0.0,auto,off,,,,,0,WALK,first,on,1000,1,deterministic,20.0,1,200,lo,1.0,0.42,0.5,0.15,dead-reckoned-heading-hold,off,,,2.649,0.5676
7,box_jump_uneven,3,0,1,1,heading-only,0.04,1.7780883789062614,2.208277893066402,0.8054819713247178,0.9170476931877508,11.173852914293688,1,timeout,20.0,-3.4824186990588544,-0.17412093495294273,0.3320538401603699,0.03890441894531307,0.0104138946533201,0.202056884765625,0.2521091157259956,-0.07811409844859908,0,20.0,-5.107246103251121,-5.427671818747509,12.255579723494842,9.718820072546205,,,,,,,off,5.0,legged_eval-seed1,,n/a,settle,0.0,auto,off,,,,,0,WALK,first,on,1000,1,deterministic,20.0,1,200,lo,1.0,0.42,0.5,0.15,dead-reckoned-heading-hold,off,,,2.649,0.5676
7,box_jump_uneven,4,0,1,1,heading-only,0.04,1.6085418701171932,2.865851593017574,1.058311007604476,1.1812964356999467,10.97566421630645,0,roll,6.6000000000000005,11.54028108992361,1.7485274378672135,0.34244051575660706,0.09220331365412017,0.131189635305693,0.8599052429199219,0.48141582419233986,0.33098117239824115,1,6.6000000000000005,-87.31982873476903,3.8839389223453953,87.31982873476903,9.29694860154743,,,,,,,off,5.0,legged_eval-seed1,,n/a,settle,0.0,auto,off,,,,,0,WALK,first,on,1000,1,deterministic,20.0,1,200,lo,1.0,0.42,0.5,0.15,dead-reckoned-heading-hold,off,,,2.649,0.5676
7,box_jump_uneven,5,0,1,1,heading-only,0.04,1.3081207275390625,2.524420928955074,0.6082398321922889,1.2720347489799484,11.353996773903244,0,roll,11.98,61.636238961756646,5.1449281270247615,0.3323820233345032,0.02571959328372809,0.04377470191611635,0.5266494750976562,0.2800314670049623,3.4913435295984243,1,11.98,-90.2493659581869,16.696982987086024,90.2493659581869,20.468365889708846,,,,,,,off,5.0,legged_eval-seed1,,n/a,settle,0.0,auto,off,,,,,0,WALK,first,on,1000,1,deterministic,20.0,1,200,lo,1.0,0.42,0.5,0.15,dead-reckoned-heading-hold,off,,,2.649,0.5676
7,box_jump_uneven,6,0,1,1,heading-only,0.04,1.7921234130859602,2.1741630554199176,0.8110439392734232,0.6353842111306431,10.459326721973936,0,roll,14.1,-24.46990980598514,-1.7354545961691588,0.3243190050125122,0.05617896546708938,0.012351989746093448,0.174468994140625,0.40725294426487957,-0.5391590334600314,1,14.1,-88.5040156528432,-3.6386908555897444,88.5040156528432,18.580042577361322,,,,,,,off,5.0,legged_eval-seed1,,n/a,settle,0.0,auto,off,,,,,0,WALK,first,on,1000,1,deterministic,20.0,1,200,lo,1.0,0.42,0.5,0.15,dead-reckoned-heading-hold,off,,,2.649,0.5676
7,box_jump_uneven,7,0,1,1,heading-only,0.04,1.454394531250017,1.330104064941402,0.8094658447630487,1.216021617531671,10.167697423278167,0,roll,6.5,-34.7606499175825,-5.347792295012692,0.3310878276824951,0.06990685096154109,-0.10306091308593815,-0.6620521545410156,0.25860451383794897,-1.3351564542952175,1,6.5,89.70588211836348,1.2674290364241543,89.70588211836348,17.37718316563426,,,,,,,off,5.0,legged_eval-seed1,,n/a,settle,0.0,auto,off,,,,,0,WALK,first,on,1000,1,deterministic,20.0,1,200,lo,1.0,0.42,0.5,0.15,dead-reckoned-heading-hold,off,,,2.649,0.5676
7,box_jump_uneven,8,0,0,1,heading-only,0.04,1.0497558593750114,1.4341270446777301,0.5680562006591474,0.723140365165916,11.913690562040138,0,roll,2.12,-3.588704723381454,-1.6927852468780444,0.3154127597808838,0.023469744988212908,-0.26692120534069336,-0.6185989379882812,0.42535428158372945,-1.2588409504255378,1,2.12,92.00651655012729,12.832321957101568,92.00651655012729,17.558966438286866,,,,,,,off,5.0,legged_eval-seed1,,n/a,settle,0.0,auto,off,,,,,0,WALK,first,on,1000,1,deterministic,20.0,1,200,lo,1.0,0.42,0.5,0.15,dead-reckoned-heading-hold,off,,,2.649,0.5676
7,box_jump_uneven,9,0,1,1,heading-only,0.04,1.407537841796909,1.489710998535152,0.6530558609433608,1.1128820439259808,11.853451178179636,0,roll,4.0,-0.44713099079092444,-0.11178274769773111,0.32109907269477844,0.10188446044922728,-0.127572250366212,-0.5110931396484375,0.30454164890910684,-0.019148916190450473,1,4.0,90.14963316619274,-2.172320216783005,90.14963316619274,14.8531167339654,,,,,,,off,5.0,legged_eval-seed1,,n/a,settle,0.0,auto,off,,,,,0,WALK,first,on,1000,1,deterministic,20.0,1,200,lo,1.0,0.42,0.5,0.15,dead-reckoned-heading-hold,off,,,2.649,0.5676
8,flat_circle_jump,0,0,1,1,heading-only,0.04,1.5468848943710327,2.705418395996091,0.8925795208836652,1.2081167226972978,7.287337912359548,0,roll,6.74,9.788080483234324,1.4522374604205228,0.32600489258766174,0.08114019204317993,0.10466148308547342,0.7023391723632812,0.4611685172497364,0.3123769437426343,1,6.74,-86.40531288104788,5.688364064666231,86.40531288104788,13.410538137821103,,,,,,,off,5.0,legged_eval-seed1,,n/a,settle,0.0,auto,off,,,,,0,WALK,first,on,1000,1,deterministic,20.0,1,200,lo,1.0,0.42,0.5,0.15,dead-reckoned-heading-hold,off,,,2.649,0.5676
8,flat_circle_jump,1,0,0,1,heading-only,0.04,1.1417861938476577,1.367283630371091,0.6484083043593688,0.7270812439573271,8.182712417731125,0,roll,2.22,5.788612229324855,2.607482986182367,0.31700316071510315,0.06386765488633228,-0.2850073737067158,-0.6459426879882812,0.4518628689349286,0.7125541618775656,1,2.22,91.38341688636065,-1.8207708368979818,91.38341688636065,14.15039319538699,,,,,,,off,5.0,legged_eval-seed1,,n/a,settle,0.0,auto,off,,,,,0,WALK,first,on,1000,1,deterministic,20.0,1,200,lo,1.0,0.42,0.5,0.15,dead-reckoned-heading-hold,off,,,2.649,0.5676
8,flat_circle_jump,2,0,1,1,heading-only,0.04,2.036647033691409,2.095372009277341,1.0410249241083493,0.8018199137642583,7.813935013568835,1,timeout,20.0,-48.934986372522104,-2.446749318626105,0.32613953948020935,0.051832351684570455,0.004768600463867045,0.094818115234375,0.908863560689432,-0.8238837365672819,0,20.0,-63.62926789749279,17.763962678880553,73.11590980159527,24.668098605133178,,,,,,,off,5.0,legged_eval-seed1,,n/a,settle,0.0,auto,off,,,,,0,WALK,first,on,1000,1,deterministic,20.0,1,200,lo,1.0,0.42,0.5,0.15,dead-reckoned-heading-hold,off,,,2.649,0.5676
8,flat_circle_jump,3,0,1,1,heading-only,0.04,1.9223983764648551,2.038189697265622,0.9231886144674015,0.7855990254080336,8.327689190482701,1,timeout,20.0,-2.7937327829678793,-0.13968663914839397,0.3395221531391144,0.046119918823242755,0.001909484863281108,0.01676177978515625,0.37519081271572735,-0.05286201355922647,0,20.0,-0.40898287313910103,16.10427645189872,18.233065874363025,17.949705098990627,,,,,,,off,5.0,legged_eval-seed1,,n/a,settle,0.0,auto,off,,,,,0,WALK,first,on,1000,1,deterministic,20.0,1,200,lo,1.0,0.42,0.5,0.15,dead-reckoned-heading-hold,off,,,2.649,0.5676
8,flat_circle_jump,4,0,1,1,heading-only,0.04,1.9156097412109432,2.2431915283203097,0.9473559614248165,0.8212248154615845,9.187609403168267,1,timeout,20.0,12.615213725088523,0.6307606862544262,0.33021318912506104,0.04578048706054716,0.012159576416015483,0.25392913818359375,0.27101162913323046,0.2404703722946171,0,20.0,7.0849758361075335,14.124336505404463,17.421174853916032,15.466421357194674,,,,,,,off,5.0,legged_eval-seed1,,n/a,settle,0.0,auto,off,,,,,0,WALK,first,on,1000,1,deterministic,20.0,1,200,lo,1.0,0.42,0.5,0.15,dead-reckoned-heading-hold,off,,,2.649,0.5676
8,flat_circle_jump,5,0,1,1,heading-only,0.04,2.6273193359375,1.7912490844726534,1.6406538836237128,0.6586952350486067,8.925122250006917,0,below,4.54,48.565148391860845,10.697169249308557,0.320025235414505,0.35844038236508813,-0.045980377869459604,-0.20252227783203125,0.9530102545662141,0.5208699500084816,1,4.54,57.98708536154567,70.75102174657074,57.98708536154567,70.75102174657074,,,,,,,off,5.0,legged_eval-seed1,,n/a,settle,0.0,auto,off,,,,,0,WALK,first,on,1000,1,deterministic,20.0,1,200,lo,1.0,0.42,0.5,0.15,dead-reckoned-heading-hold,off,,,2.649,0.5676
8,flat_circle_jump,6,0,0,1,heading-only,0.04,1.2309204101562727,2.5601776123046847,0.6059069178959082,0.6214521566442955,10.883505413591925,0,roll,3.0,-1.6017202487876432,-0.533906749595881,0.3314990699291229,0.07697347005209092,0.18672587076822822,0.5785980224609375,0.3793193889093532,-0.12106029093872069,1,3.0,-87.61533607986031,10.470938920711204,87.61533607986031,18.61210945906561,,,,,,,off,5.0,legged_eval-seed1,,n/a,settle,0.0,auto,off,,,,,0,WALK,first,on,1000,1,deterministic,20.0,1,200,lo,1.0,0.42,0.5,0.15,dead-reckoned-heading-hold,off,,,2.649,0.5676
8,flat_circle_jump,7,0,0,1,heading-only,0.04,0.884204101562517,2.727886962890622,0.7370401080274246,0.9534275112868104,11.638579543264827,0,roll,3.64,8.6029260659935,2.3634412269212914,0.3231121599674225,-0.03181206001029751,0.19996894584907202,0.692596435546875,0.4796920151914426,-1.2966727421549713,1,3.64,-91.14356162373657,2.268576490805237,91.14356162373657,32.22339724995388,,,,,,,off,5.0,legged_eval-seed1,,n/a,settle,0.0,auto,off,,,,,0,WALK,first,on,1000,1,deterministic,20.0,1,200,lo,1.0,0.42,0.5,0.15,dead-reckoned-heading-hold,off,,,2.649,0.5676
8,flat_circle_jump,8,0,0,1,heading-only,0.04,0.9181335449218864,2.5032318115234347,0.5098474012841632,0.7692924201331559,12.1922562549139,0,roll,3.5,17.450367041504194,4.985819154715484,0.323994904756546,-0.023390415736603894,0.14378051757812418,0.4852142333984375,0.32096709911427507,-3.7202827490838017,1,3.5,-87.48971332531451,-16.877260016823257,87.48971332531451,17.886773632064177,,,,,,,off,5.0,legged_eval-seed1,,n/a,settle,0.0,auto,off,,,,,0,WALK,first,on,1000,1,deterministic,20.0,1,200,lo,1.0,0.42,0.5,0.15,dead-reckoned-heading-hold,off,,,2.649,0.5676
8,flat_circle_jump,9,0,0,1,heading-only,0.04,1.110052490234409,2.7963150024414034,0.8038837812271417,0.8866660270280112,12.864616964241437,0,roll,4.6000000000000005,27.467805924824518,5.971262157570546,0.3326331675052643,0.023924454398784586,0.17311195705247898,0.792266845703125,0.41514229600145697,4.356136336995881,1,4.6000000000000005,-86.42174953417491,8.879166259818742,86.42174953417491,23.138127748042933,,,,,,,off,5.0,legged_eval-seed1,,n/a,settle,0.0,auto,off,,,,,0,WALK,first,on,1000,1,deterministic,20.0,1,200,lo,1.0,0.42,0.5,0.15,dead-reckoned-heading-hold,off,,,2.649,0.5676
9,bump_jump,0,0,0,1,heading-only,0.04,1.4639111757278442,2.5968765258788977,0.7559597648753889,0.5979665462069003,9.305251594632866,0,roll,4.5200000000000005,-25.018893227392596,-5.535153368892167,0.33463993668556213,0.10263521586899207,0.1320523287342694,0.566680908203125,0.47674062373065884,-0.9412622175739115,1,4.5200000000000005,-87.87052019370323,3.585953978260755,87.87052019370323,11.088279966502302,,,,,,,off,5.0,legged_eval-seed1,,n/a,settle,0.0,auto,off,,,,,0,WALK,first,on,1000,1,deterministic,20.0,1,200,lo,1.0,0.42,0.5,0.15,dead-reckoned-heading-hold,off,,,2.649,0.5676
9,bump_jump,1,0,0,1,heading-only,0.04,1.1431518554687514,1.285269165039054,0.7289256616199744,0.798862168774668,9.58353727097017,0,roll,4.0600000000000005,-18.0956073755909,-4.457046151623374,0.3310321867465973,0.03525907770166291,-0.17604207757658766,-0.7482833862304688,0.4536966033850798,-2.2062440463523956,1,4.0600000000000005,89.48030931282423,7.117159324221455,89.48030931282423,9.65668690197421,,,,,,,off,5.0,legged_eval-seed1,,n/a,settle,0.0,auto,off,,,,,0,WALK,first,on,1000,1,deterministic,20.0,1,200,lo,1.0,0.42,0.5,0.15,dead-reckoned-heading-hold,off,,,2.649,0.5676
9,bump_jump,2,0,1,1,heading-only,0.04,2.346850585937503,1.1201843261718665,1.6087517275060959,1.0847311607335475,8.548545231662823,0,roll,5.4,15.878714536011756,2.9405026918540287,0.32626602053642273,0.24941677517361163,-0.16292882848669138,-0.8894424438476562,0.8343172018654406,0.20576584554461383,1,5.4,86.91564464005896,44.6305591598927,86.91564464005896,44.6305591598927,,,,,,,off,5.0,legged_eval-seed1,,n/a,settle,0.0,auto,off,,,,,0,WALK,first,on,1000,1,deterministic,20.0,1,200,lo,1.0,0.42,0.5,0.15,dead-reckoned-heading-hold,off,,,2.649,0.5676
9,bump_jump,3,0,1,1,heading-only,0.04,2.258152770996105,1.2489761352538977,1.465259444802643,0.7415689725982526,8.774048656159895,0,roll,9.42,19.922036615887777,2.1148658827906344,0.32488304376602173,0.13356186528621072,-0.0797265249199684,-0.7863540649414062,0.9276819846809689,0.27636161574784385,1,9.42,89.15964037721128,12.714881075355738,89.15964037721128,15.151124907993706,,,,,,,off,5.0,legged_eval-seed1,,n/a,settle,0.0,auto,off,,,,,0,WALK,first,on,1000,1,deterministic,20.0,1,200,lo,1.0,0.42,0.5,0.15,dead-reckoned-heading-hold,off,,,2.649,0.5676
9,bump_jump,4,0,0,1,heading-only,0.04,0.9893096923828182,2.4329666137695227,0.4330985699768553,0.6695257119283612,10.319776872986653,0,roll,4.54,12.577904849584229,2.770463623256438,0.3342355787754059,-0.0023546933077492984,0.09536709554394773,0.44052886962890625,0.25486496924931823,-20.53503608025065,1,4.54,-88.27069577073095,13.454916217828917,88.27069577073095,15.827329741151807,,,,,,,off,5.0,legged_eval-seed1,,n/a,settle,0.0,auto,off,,,,,0,WALK,first,on,1000,1,deterministic,20.0,1,200,lo,1.0,0.42,0.5,0.15,dead-reckoned-heading-hold,off,,,2.649,0.5676
9,bump_jump,5,0,1,1,heading-only,0.04,1.9970245361328125,2.2659744262695227,1.031891622739642,0.705348630614071,9.406736414374429,1,timeout,20.0,-22.859084725956563,-1.1429542362978282,0.3196122348308563,0.04985122680664063,0.013298721313476137,0.26291656494140625,0.7015787606009735,-0.40015694499131355,0,20.0,-69.55668271870289,16.448156014130145,79.49586622298838,25.842921458997473,,,,,,,off,5.0,legged_eval-seed1,,n/a,settle,0.0,auto,off,,,,,0,WALK,first,on,1000,1,deterministic,20.0,1,200,lo,1.0,0.42,0.5,0.15,dead-reckoned-heading-hold,off,,,2.649,0.5676
9,bump_jump,6,0,1,1,heading-only,0.04,1.9782348632812727,1.943319702148429,0.9798755553147926,0.6218010225291015,9.321937455288438,1,timeout,20.0,-6.448579770583848,-0.3224289885291924,0.3244059681892395,0.04891174316406364,-0.002834014892578551,-0.06011199951171875,0.21534497233169658,-0.11505309542604947,0,20.0,3.63468973400767,18.52073703099809,18.919976811321916,19.184019311110593,,,,,,,off,5.0,legged_eval-seed1,,n/a,settle,0.0,auto,off,,,,,0,WALK,first,on,1000,1,deterministic,20.0,1,200,lo,1.0,0.42,0.5,0.15,dead-reckoned-heading-hold,off,,,2.649,0.5676
9,bump_jump,7,0,1,1,heading-only,0.04,2.180072021484392,1.382925415039054,1.3316722642208116,0.7364821042635071,9.589802008247094,0,roll,5.88,-201.70350219225574,-34.30331669936322,0.3310018479824066,0.20069252066061088,-0.10494465730628334,-0.6321868896484375,1.2369855799887968,-2.9831994674615077,1,5.88,-109.7162969302414,74.9851763957819,109.7162969302414,77.89755112784852,,,,,,,off,5.0,legged_eval-seed1,,n/a,settle,0.0,auto,off,,,,,0,WALK,first,on,1000,1,deterministic,20.0,1,200,lo,1.0,0.42,0.5,0.15,dead-reckoned-heading-hold,off,,,2.649,0.5676
9,bump_jump,8,0,0,1,heading-only,0.04,0.7343566894531364,2.5099243164062415,0.574968848635011,0.9199089560644215,11.476976924833044,0,roll,1.82,27.48845879671171,15.103548789402039,0.31155070662498474,-0.14595786293783716,0.28017819582760517,0.480133056640625,0.3627637598265129,-1.8060462780476456,1,1.82,-90.58002896789634,6.445123624707871,90.58002896789634,19.865303704232133,,,,,,,off,5.0,legged_eval-seed1,,n/a,settle,0.0,auto,off,,,,,0,WALK,first,on,1000,1,deterministic,20.0,1,200,lo,1.0,0.42,0.5,0.15,dead-reckoned-heading-hold,off,,,2.649,0.5676
9,bump_jump,9,0,1,1,heading-only,0.04,2.011938476562534,2.160940551757804,1.0246566944825026,0.7066332296426323,10.089345229590473,1,timeout,20.0,1.714664374214749,0.08573321871073744,0.33845096826553345,0.05059692382812671,0.008047027587890198,0.13327789306640625,0.1581120768791217,0.029573476638968553,0,20.0,1.8360620393424185,31.771225585333838,11.238667541423586,32.575578625190275,,,,,,,off,5.0,legged_eval-seed1,,n/a,settle,0.0,auto,off,,,,,0,WALK,first,on,1000,1,deterministic,20.0,1,200,lo,1.0,0.42,0.5,0.15,dead-reckoned-heading-hold,off,,,2.649,0.5676
10,sideways_ramp,0,0,1,1,heading-only,0.04,1.275405764579773,2.5835113525390625,0.6452393615595188,1.3307952183251184,9.143232768534661,0,roll,6.42,57.33993059089758,8.93145336306816,0.33110111951828003,0.0428980941713042,0.0908896187755549,0.5739669799804688,0.3947379883975216,3.63380404619781,1,6.42,-87.1896158541357,2.7001818231455093,87.1896158541357,16.014179157144206,,,,,,,off,5.0,legged_eval-seed1,,n/a,settle,0.0,auto,off,,,,,0,WALK,first,on,1000,1,deterministic,20.0,1,200,lo,1.0,0.42,0.5,0.15,dead-reckoned-heading-hold,off,,,2.649,0.5676
10,sideways_ramp,1,0,1,1,heading-only,0.04,1.740842437744142,2.4570846557617188,0.8705020965485907,0.8016447153590667,8.721143951726244,0,roll,6.84,-28.450903423576165,-4.159488804616398,0.32886457443237305,0.10831029791581025,0.06682524207042671,0.44693756103515625,0.746564421792277,-0.6702665973352677,1,6.84,-87.60663978714983,-7.102648870712897,87.60663978714983,12.692246942313153,,,,,,,off,5.0,legged_eval-seed1,,n/a,settle,0.0,auto,off,,,,,0,WALK,first,on,1000,1,deterministic,20.0,1,200,lo,1.0,0.42,0.5,0.15,dead-reckoned-heading-hold,off,,,2.649,0.5676
10,sideways_ramp,2,0,1,1,heading-only,0.04,2.5839263916015653,2.8422622680664062,1.7939421791742125,1.4447618984252653,8.060201103165504,0,roll,5.36,-35.5749972915807,-6.637126360369534,0.32305285334587097,0.2955086551495458,0.1571384828482101,0.8392410278320312,0.7572058739529819,-0.39200106609647,1,5.36,-91.93746446933484,41.5159420585134,91.93746446933484,41.5159420585134,,,,,,,off,5.0,legged_eval-seed1,,n/a,settle,0.0,auto,off,,,,,0,WALK,first,on,1000,1,deterministic,20.0,1,200,lo,1.0,0.42,0.5,0.15,dead-reckoned-heading-hold,off,,,2.649,0.5676
10,sideways_ramp,3,0,0,1,heading-only,0.04,1.1782806396484489,2.5193557739257812,0.5491032747885477,0.6109286101788477,9.585798972085673,0,roll,3.2600000000000002,4.782431440028574,1.467003509211219,0.33135461807250977,0.05468731277559781,0.15931158709379792,0.5242462158203125,0.301436214343436,0.4681897879881125,1,3.2600000000000002,-88.42082090911,-0.3961247283531142,88.42082090911,10.813151612165044,,,,,,,off,5.0,legged_eval-seed1,,n/a,settle,0.0,auto,off,,,,,0,WALK,first,on,1000,1,deterministic,20.0,1,200,lo,1.0,0.42,0.5,0.15,dead-reckoned-heading-hold,off,,,2.649,0.5676
10,sideways_ramp,4,0,0,1,heading-only,0.04,1.2563690185546932,2.51068115234375,0.5714195595478309,0.565819135836836,9.257726986711948,0,roll,2.84,-25.554956939311182,-8.998224274405347,0.3200606405735016,0.09027078118123,0.17981730716329225,0.5141525268554688,0.41098909559656915,-1.7397505412737708,1,2.84,-89.94859883823771,-10.919390949349548,89.94859883823771,17.033657104084504,,,,,,,off,5.0,legged_eval-seed1,,n/a,settle,0.0,auto,off,,,,,0,WALK,first,on,1000,1,deterministic,20.0,1,200,lo,1.0,0.42,0.5,0.15,dead-reckoned-heading-hold,off,,,2.649,0.5676
10,sideways_ramp,5,0,1,1,heading-only,0.04,1.595855712890625,2.5823593139648438,0.8331784929689426,1.0279979134199897,9.12275098701415,0,roll,6.9,-0.0861806653577446,-0.012489951501122405,0.3245702087879181,0.08635590041893115,0.08439990057461504,0.561920166015625,0.3496134453868222,-0.0025243298495120055,1,6.9,-89.33357587799321,0.40409192231100144,89.33357587799321,14.731756734238765,,,,,,,off,5.0,legged_eval-seed1,,n/a,settle,0.0,auto,off,,,,,0,WALK,first,on,1000,1,deterministic,20.0,1,200,lo,1.0,0.42,0.5,0.15,dead-reckoned-heading-hold,off,,,2.649,0.5676
10,sideways_ramp,6,0,1,1,heading-only,0.04,1.7209106445312727,2.51385498046875,0.8853016990557707,1.2138664960840888,9.093619217096034,0,roll,6.54,17.13000227412826,2.619266402771905,0.3295443058013916,0.11023098540233528,0.07857109793100153,0.5199050903320312,0.6861215101497644,0.4147184437150935,1,6.54,-86.65985735587523,6.747360522594304,86.65985735587523,12.34943040802881,,,,,,,off,5.0,legged_eval-seed1,,n/a,settle,0.0,auto,off,,,,,0,WALK,first,on,1000,1,deterministic,20.0,1,200,lo,1.0,0.42,0.5,0.15,dead-reckoned-heading-hold,off,,,2.649,0.5676
10,sideways_ramp,7,0,1,1,heading-only,0.04,1.653521728515642,2.2695465087890625,0.7069271320599066,0.7708738532084697,9.250406247588959,1,timeout,20.0,56.49021922735653,2.8245109613678268,0.3349730968475342,0.032676086425782104,0.013477325439453125,0.28212738037109375,0.4516301794087247,1.5086572912122849,0,20.0,-11.910236733148544,-6.435784610596681,13.005535544396157,8.821971538856937,,,,,,,off,5.0,legged_eval-seed1,,n/a,settle,0.0,auto,off,,,,,0,WALK,first,on,1000,1,deterministic,20.0,1,200,lo,1.0,0.42,0.5,0.15,dead-reckoned-heading-hold,off,,,2.649,0.5676
10,sideways_ramp,8,0,1,1,heading-only,0.04,1.4796875000000114,1.63330078125,0.6037950104862753,0.9313242517682035,9.527372062362627,0,roll,4.98,2.778566746880074,0.5579451298955971,0.3314473330974579,0.09632279116466091,-0.0736343812751004,-0.35997772216796875,0.21912592852305915,0.10109735654876147,1,4.98,87.99479536892113,4.927157708791662,87.99479536892113,15.656047877758478,,,,,,,off,5.0,legged_eval-seed1,,n/a,settle,0.0,auto,off,,,,,0,WALK,first,on,1000,1,deterministic,20.0,1,200,lo,1.0,0.42,0.5,0.15,dead-reckoned-heading-hold,off,,,2.649,0.5676
10,sideways_ramp,9,0,1,1,heading-only,0.04,1.349096679687534,2.6920089721679688,0.7750773569972416,1.5137346297750274,9.675681439339513,0,roll,7.0200000000000005,5.514733195798357,0.7855745293160051,0.3256458640098572,0.04972887175036098,0.09857677666210381,0.6808700561523438,0.4291997973391601,0.27571230904247257,1,7.0200000000000005,-90.2427768396164,0.26951810240034973,90.2427768396164,19.637765581651777,,,,,,,off,5.0,legged_eval-seed1,,n/a,settle,0.0,auto,off,,,,,0,WALK,first,on,1000,1,deterministic,20.0,1,200,lo,1.0,0.42,0.5,0.15,dead-reckoned-heading-hold,off,,,2.649,0.5676
11,stepping_stones_cylinder,0,0,2,1,heading-only,0.04,2.2507684230804443,2.603898620605463,1.3889259131229146,0.8112790045338842,4.390957623758553,0,roll,8.540000000000001,6.28674887948975,0.7361532645772539,0.3290720582008362,0.14646000270262813,0.07071412419267717,0.6151199340820312,0.34749597090869233,0.08772564542597451,1,8.540000000000001,-87.32146543645955,2.929374168651821,87.32146543645955,18.004530371768993,,,,,,,off,5.0,legged_eval-seed1,,n/a,settle,0.0,auto,off,,,,,0,WALK,first,on,1000,1,deterministic,20.0,1,200,lo,1.0,0.42,0.5,0.15,dead-reckoned-heading-hold,off,,,2.649,0.5676
11,stepping_stones_cylinder,1,0,0,1,heading-only,0.04,1.0791450500488295,1.1920791625976506,0.8117881610716834,0.9109637580097881,5.332414835975694,0,roll,4.88,-43.641061302027964,-8.942840430743436,0.33268994092941284,0.016218247960825726,-0.16555754864802244,-0.8157577514648438,0.4212979549765722,-9.62385150195929,1,4.88,86.54777845032135,0.29050081217008167,86.54777845032135,14.258434863117936,,,,,,,off,5.0,legged_eval-seed1,,n/a,settle,0.0,auto,off,,,,,0,WALK,first,on,1000,1,deterministic,20.0,1,200,lo,1.0,0.42,0.5,0.15,dead-reckoned-heading-hold,off,,,2.649,0.5676
11,stepping_stones_cylinder,2,0,1,1,heading-only,0.04,1.346369934082034,1.382127380371088,0.7083351645394197,1.23522638140705,4.892799954102963,0,roll,4.0200000000000005,0.34839883980401964,0.08666637806070139,0.32312774658203125,0.0861616751447846,-0.15369965662410742,-0.6323089599609375,0.4054743265706924,0.01755552738959227,1,4.0200000000000005,86.67759217175097,4.6727127089891685,86.67759217175097,9.923822975718684,,,,,,,off,5.0,legged_eval-seed1,,n/a,settle,0.0,auto,off,,,,,0,WALK,first,on,1000,1,deterministic,20.0,1,200,lo,1.0,0.42,0.5,0.15,dead-reckoned-heading-hold,off,,,2.649,0.5676
11,stepping_stones_cylinder,3,0,1,1,heading-only,0.04,1.0691955566406364,2.5599914550781193,0.564250347646607,1.2958531255392256,4.76383260737289,0,roll,5.1000000000000005,-23.593398888851482,-4.6261566448728395,0.32804977893829346,0.013567756204046346,0.10980224609374888,0.55743408203125,0.5665609499206241,-5.950996167071848,1,5.1000000000000005,-87.09682628083425,0.2909070972408485,87.09682628083425,34.93868740029589,,,,,,,off,5.0,legged_eval-seed1,,n/a,settle,0.0,auto,off,,,,,0,WALK,first,on,1000,1,deterministic,20.0,1,200,lo,1.0,0.42,0.5,0.15,dead-reckoned-heading-hold,off,,,2.649,0.5676
11,stepping_stones_cylinder,4,0,1,1,heading-only,0.04,1.6876739501953182,1.5799804687499943,0.8057989007244347,0.8311117260920677,4.482049774533632,0,roll,5.74,-15.613004314340259,-2.7200355948327974,0.32727301120758057,0.11980382407583941,-0.07317413436411249,-0.43192291259765625,0.35495557258903243,-0.39626094799129774,1,5.74,89.42969475512605,16.95956427446421,89.42969475512605,19.722556785251626,,,,,,,off,5.0,legged_eval-seed1,,n/a,settle,0.0,auto,off,,,,,0,WALK,first,on,1000,1,deterministic,20.0,1,200,lo,1.0,0.42,0.5,0.15,dead-reckoned-heading-hold,off,,,2.649,0.5676
11,stepping_stones_cylinder,5,0,1,1,heading-only,0.04,1.9927520751953125,2.183877563476557,1.0096373810208665,0.31205671174535426,4.31117102932422,1,timeout,20.0,-10.874881382805427,-0.5437440691402713,0.326647013425827,0.04963760375976563,0.00919387817382784,0.16704559326171875,0.46955653355474614,-0.19118820361714894,0,20.0,-1.5637096094753895,20.786757372514682,15.92328710324708,25.677681996574506,,,,,,,off,5.0,legged_eval-seed1,,n/a,settle,0.0,auto,off,,,,,0,WALK,first,on,1000,1,deterministic,20.0,1,200,lo,1.0,0.42,0.5,0.15,dead-reckoned-heading-hold,off,,,2.649,0.5676
11,stepping_stones_cylinder,6,0,1,1,heading-only,0.04,1.6218963623047102,1.6167007446289006,0.7305295371276036,0.8027951811546472,4.3948503707826925,0,roll,3.7,6.673687101625518,1.8036992166555452,0.33201971650123596,0.16808009792019193,-0.10359439334354038,-0.42765045166015625,0.32113225417301833,0.1872945722653578,1,3.7,87.2955131713607,2.6289099676869863,87.2955131713607,13.639375303318072,,,,,,,off,5.0,legged_eval-seed1,,n/a,settle,0.0,auto,off,,,,,0,WALK,first,on,1000,1,deterministic,20.0,1,200,lo,1.0,0.42,0.5,0.15,dead-reckoned-heading-hold,off,,,2.649,0.5676
11,stepping_stones_cylinder,7,0,0,1,heading-only,0.04,1.4125396728515796,2.7082839965820256,0.8196677384713242,0.7136634561466039,4.493631090202034,0,roll,2.52,-28.20747085190561,-11.193440814248259,0.31444257497787476,0.16370621938554744,0.2810650780087403,0.70550537109375,0.5654012060461097,-1.1933718680268686,1,2.52,-89.19032345239417,16.87630981882405,89.19032345239417,28.640290898868393,,,,,,,off,5.0,legged_eval-seed1,,n/a,settle,0.0,auto,off,,,,,0,WALK,first,on,1000,1,deterministic,20.0,1,200,lo,1.0,0.42,0.5,0.15,dead-reckoned-heading-hold,off,,,2.649,0.5676
11,stepping_stones_cylinder,8,0,1,1,heading-only,0.04,2.2628601074218864,0.5695739746093693,1.908123231091864,1.521869250522684,3.630787969126158,0,roll,5.44,0.3890744692171495,0.07152104213550542,0.3323794901371002,0.23214340209961146,-0.2629459605497483,-1.4216461181640625,0.5504783031555399,0.005377183492755642,1,5.44,88.75607595607333,41.11714259196157,88.75607595607333,41.11714259196157,,,,,,,off,5.0,legged_eval-seed1,,n/a,settle,0.0,auto,off,,,,,0,WALK,first,on,1000,1,deterministic,20.0,1,200,lo,1.0,0.42,0.5,0.15,dead-reckoned-heading-hold,off,,,2.649,0.5676
11,stepping_stones_cylinder,9,0,1,1,heading-only,0.04,1.986212158203159,1.8059707641601506,1.0051177868032826,0.3794634857073959,3.9185944693164148,1,timeout,20.0,6.839849302231755,0.34199246511158776,0.32277294993400574,0.049310607910157955,-0.009701461791992471,-0.20322418212890625,0.4453401245197035,0.12104686569843433,0,20.0,10.798194404476249,16.436013831418713,23.522171058605768,19.398283233682097,,,,,,,off,5.0,legged_eval-seed1,,n/a,settle,0.0,auto,off,,,,,0,WALK,first,on,1000,1,deterministic,20.0,1,200,lo,1.0,0.42,0.5,0.15,dead-reckoned-heading-hold,off,,,2.649,0.5676
12,stepping_stones_randomly_arranged,0,0,1,1,heading-only,0.04,2.516232967376709,3.328211975097645,2.0157156203573874,1.2671056144348707,4.104606365351532,0,roll,8.18,-17.485964336022676,-2.137648451836513,0.32684460282325745,0.18535855346903535,0.16237310209017664,1.322113037109375,0.7645495810848786,-0.2012801839270889,1,8.18,-89.50579960368965,15.034780638967813,89.50579960368965,17.146331323260284,,,,,,,off,5.0,legged_eval-seed1,,n/a,settle,0.0,auto,off,,,,,0,WALK,first,on,1000,1,deterministic,20.0,1,200,lo,1.0,0.42,0.5,0.15,dead-reckoned-heading-hold,off,,,2.649,0.5676
12,stepping_stones_randomly_arranged,1,0,1,1,heading-only,0.04,1.6643539428710952,1.5389358520507699,0.8086694689009347,0.7225802891637675,4.459544381733112,0,roll,6.86,-8.682524197216395,-1.2656740812268796,0.3311643600463867,0.09684459808616547,-0.06721051719376532,-0.47217559814453125,0.31691252107510526,-0.22809924777537846,1,6.86,86.01139964539827,-4.841686902311324,86.01139964539827,10.661296566330286,,,,,,,off,5.0,legged_eval-seed1,,n/a,settle,0.0,auto,off,,,,,0,WALK,first,on,1000,1,deterministic,20.0,1,200,lo,1.0,0.42,0.5,0.15,dead-reckoned-heading-hold,off,,,2.649,0.5676
12,stepping_stones_randomly_arranged,2,0,0,1,heading-only,0.04,1.386164855957034,2.6281234741210824,0.737334655850554,0.6383553389462806,4.75550006455225,0,roll,3.42,-28.40772655801544,-8.306352794741358,0.3249591588973999,0.1129137005722322,0.18366183453832818,0.6118316650390625,0.5850465307779374,-1.2839292695728133,1,3.42,-91.1191400744466,-6.161327968357021,91.1191400744466,11.49984974959117,,,,,,,off,5.0,legged_eval-seed1,,n/a,settle,0.0,auto,off,,,,,0,WALK,first,on,1000,1,deterministic,20.0,1,200,lo,1.0,0.42,0.5,0.15,dead-reckoned-heading-hold,off,,,2.649,0.5676
12,stepping_stones_randomly_arranged,3,0,1,1,heading-only,0.04,1.6489456176757926,1.4993850708007699,0.819600952926341,0.7642934015666862,4.479118263871209,0,roll,4.32,3.319426515589015,0.7683857674974571,0.3280952572822571,0.15021889298050753,-0.11588308546278474,-0.5012664794921875,0.2602274024190687,0.08927546530405105,1,4.32,86.13234862517763,1.6523897841161843,86.13234862517763,16.13268306285512,,,,,,,off,5.0,legged_eval-seed1,,n/a,settle,0.0,auto,off,,,,,0,WALK,first,on,1000,1,deterministic,20.0,1,200,lo,1.0,0.42,0.5,0.15,dead-reckoned-heading-hold,off,,,2.649,0.5676
12,stepping_stones_randomly_arranged,4,0,0,1,heading-only,0.04,1.9802307128906307,2.2835876464843636,1.0204284412601476,0.557712731468436,4.329067872774927,1,timeout,20.0,-7.341810663525166,-0.3670905331762583,0.33442026376724243,0.049011535644531534,0.014179382324218181,0.24832916259765625,0.4329722203626464,-0.1307230710601503,0,20.0,-6.516922854020029,19.56822142360621,17.8646685656132,20.531073183144066,,,,,,,off,5.0,legged_eval-seed1,,n/a,settle,0.0,auto,off,,,,,0,WALK,first,on,1000,1,deterministic,20.0,1,200,lo,1.0,0.42,0.5,0.15,dead-reckoned-heading-hold,off,,,2.649,0.5676
12,stepping_stones_randomly_arranged,5,0,2,1,heading-only,0.04,2.1317901611328125,1.8355209350585824,1.1436792957997626,0.5571817914766564,3.821750873150435,0,roll,7.1000000000000005,28.331126945759365,3.9902995698252623,0.3363689184188843,0.15940706494828344,-0.023166065484706705,-0.17259979248046875,0.5038901859086832,0.4368932183586644,1,7.1000000000000005,87.21104450241147,0.903826321109851,87.21104450241147,22.11707483506137,,,,,,,off,5.0,legged_eval-seed1,,n/a,settle,0.0,auto,off,,,,,0,WALK,first,on,1000,1,deterministic,20.0,1,200,lo,1.0,0.42,0.5,0.15,dead-reckoned-heading-hold,off,,,2.649,0.5676
12,stepping_stones_randomly_arranged,6,0,2,1,heading-only,0.04,2.0534149169922102,2.62133331298827,1.2230037093854966,0.765866104597044,3.9458117536126474,0,roll,5.42,-20.236104913858895,-3.733598692593892,0.33192896842956543,0.19435699575502033,0.11463714261776198,0.6257476806640625,0.7498560092233704,-0.3352778215200203,1,5.42,-87.02233961940728,-2.6110804431110557,87.02233961940728,26.222932542604937,,,,,,,off,5.0,legged_eval-seed1,,n/a,settle,0.0,auto,off,,,,,0,WALK,first,on,1000,1,deterministic,20.0,1,200,lo,1.0,0.42,0.5,0.15,dead-reckoned-heading-hold,off,,,2.649,0.5676
12,stepping_stones_randomly_arranged,7,0,1,1,heading-only,0.04,1.4183380126953296,2.679354858398426,0.7978281246580765,0.8083134846059413,4.582301102155097,0,roll,4.8,11.89080753862794,2.4772515705474873,0.327860951423645,0.08715375264486033,0.1415322621663388,0.6669692993164062,0.28408032866529787,0.4960910459293228,1,4.8,-92.8071691605535,15.106973635464136,92.8071691605535,22.380210170688915,,,,,,,off,5.0,legged_eval-seed1,,n/a,settle,0.0,auto,off,,,,,0,WALK,first,on,1000,1,deterministic,20.0,1,200,lo,1.0,0.42,0.5,0.15,dead-reckoned-heading-hold,off,,,2.649,0.5676
12,stepping_stones_randomly_arranged,8,0,1,1,heading-only,0.04,1.5818603515625114,1.4865142822265511,0.7760341816426408,0.8468761990037599,4.348562705741399,0,roll,3.92,17.38587022796392,4.435170976521408,0.32293272018432617,0.14843376315370188,-0.1309912545340431,-0.5177688598632812,0.47285177223671504,0.5215008687008429,1,3.92,87.0036020952636,-14.069853368234593,87.0036020952636,17.36079773247163,,,,,,,off,5.0,legged_eval-seed1,,n/a,settle,0.0,auto,off,,,,,0,WALK,first,on,1000,1,deterministic,20.0,1,200,lo,1.0,0.42,0.5,0.15,dead-reckoned-heading-hold,off,,,2.649,0.5676
12,stepping_stones_randomly_arranged,9,0,2,1,heading-only,0.04,2.119299316406284,2.0106613159179574,1.1193500897237991,0.44033075481895306,3.4807170112531445,0,roll,13.84,44.67407936422478,3.22789590781971,0.3271680474281311,0.08087422806403786,0.0007703262946500998,0.01441192626953125,0.8366790816525331,0.6966052455980933,1,13.84,88.12988638839107,14.076048025963262,88.12988638839107,23.577817186233723,,,,,,,off,5.0,legged_eval-seed1,,n/a,settle,0.0,auto,off,,,,,0,WALK,first,on,1000,1,deterministic,20.0,1,200,lo,1.0,0.42,0.5,0.15,dead-reckoned-heading-hold,off,,,2.649,0.5676
13,staircase_walking_full_width,0,0,0,1,heading-only,0.04,1.8416470289230347,2.702122497558591,1.096059178545066,0.7197580600638076,13.926063994167317,0,roll,5.78,-8.739833944136848,-1.51208199725551,0.33047619462013245,0.14561367282405444,0.121474480546469,0.7072372436523438,0.5883225772125515,-0.18123853962621098,1,5.78,-86.7953021241154,-10.862610640939597,86.7953021241154,11.63810462580795,,,,,,,off,5.0,legged_eval-seed1,,n/a,settle,0.0,auto,off,,,,,0,WALK,first,on,1000,1,deterministic,20.0,1,200,lo,1.0,0.42,0.5,0.15,dead-reckoned-heading-hold,off,,,2.649,0.5676
13,staircase_walking_full_width,1,0,0,1,heading-only,0.04,1.5332466125488295,1.3177764892578097,0.8658988788560712,0.8266121480516373,14.233113004477051,0,roll,7.7,-19.65582984130134,-2.5527051741949793,0.33097800612449646,0.06925280682452331,-0.08860045594054419,-0.6911849975585938,0.36317412925626147,-0.6433401354444589,1,7.7,87.71110075742507,-5.619174496398018,87.71110075742507,15.197874606081115,,,,,,,off,5.0,legged_eval-seed1,,n/a,settle,0.0,auto,off,,,,,0,WALK,first,on,1000,1,deterministic,20.0,1,200,lo,1.0,0.42,0.5,0.15,dead-reckoned-heading-hold,off,,,2.649,0.5676
13,staircase_walking_full_width,2,0,0,1,heading-only,0.04,1.1611206054687528,2.5882766723632784,0.6099420404869872,1.0245916658922831,11.853486185992008,0,roll,2.84,-8.595901612972796,-3.026725920060844,0.3280595541000366,0.056732607559420015,0.20713967336735156,0.5826568603515625,0.4470482995943588,-0.931145863605647,1,2.84,-86.69247354759631,-3.4204920877049507,86.69247354759631,9.873508495945815,,,,,,,off,5.0,legged_eval-seed1,,n/a,settle,0.0,auto,off,,,,,0,WALK,first,on,1000,1,deterministic,20.0,1,200,lo,1.0,0.42,0.5,0.15,dead-reckoned-heading-hold,off,,,2.649,0.5676
13,staircase_walking_full_width,3,0,0,1,heading-only,0.04,1.7798278808593864,2.047650146484372,0.7812823178759541,0.22526939096746076,11.22027329968394,1,timeout,20.0,-0.17746669508321133,-0.008873334754160567,0.32950690388679504,0.03899139404296932,0.002382507324218608,0.047515869140625,0.15117160787741957,-0.003971874073573127,0,20.0,2.883526481084165,-2.969053912130858,14.598401450008156,6.338007032188706,,,,,,,off,5.0,legged_eval-seed1,,n/a,settle,0.0,auto,off,,,,,0,WALK,first,on,1000,1,deterministic,20.0,1,200,lo,1.0,0.42,0.5,0.15,dead-reckoned-heading-hold,off,,,2.649,0.5676
13,staircase_walking_full_width,4,0,0,1,heading-only,0.04,1.3262084960937557,2.644169616699216,0.7220571154709055,0.9321746004985617,11.6915509053227,0,roll,11.22,49.28922151114642,4.39297874430895,0.3273674547672272,0.02907384100657359,0.057412621809199274,0.6612777709960938,0.37106353365540573,2.6371452963845328,1,11.22,-87.16092044328748,8.086414346462027,87.16092044328748,16.26008854108671,,,,,,,off,5.0,legged_eval-seed1,,n/a,settle,0.0,auto,off,,,,,0,WALK,first,on,1000,1,deterministic,20.0,1,200,lo,1.0,0.42,0.5,0.15,dead-reckoned-heading-hold,off,,,2.649,0.5676
13,staircase_walking_full_width,5,0,0,1,heading-only,0.04,0.96917724609375,2.695660400390622,0.6963429003228265,1.2435991889039273,12.050918617623307,0,roll,7.6000000000000005,66.12110467761929,8.700145352318327,0.33329808712005615,-0.004055625513980263,0.09153426320929238,0.6947479248046875,0.28648572136376105,-37.440878423464774,1,7.6000000000000005,-91.30280434898597,5.183654476581626,91.30280434898597,14.28473003568156,,,,,,,off,5.0,legged_eval-seed1,,n/a,settle,0.0,auto,off,,,,,0,WALK,first,on,1000,1,deterministic,20.0,1,200,lo,1.0,0.42,0.5,0.15,dead-reckoned-heading-hold,off,,,2.649,0.5676
13,staircase_walking_full_width,6,0,0,1,heading-only,0.04,1.2923522949218977,2.6727493286132784,0.7335267708105254,0.9763999865075387,11.726960665294746,0,roll,12.24,44.14789911825545,3.6068545031254455,0.33154499530792236,0.023884991415187722,0.054963180442261304,0.6747207641601562,0.5345460916004211,2.6356085135494016,1,12.24,-90.80560222617899,-3.473456081577099,90.80560222617899,16.576737275793384,,,,,,,off,5.0,legged_eval-seed1,,n/a,settle,0.0,auto,off,,,,,0,WALK,first,on,1000,1,deterministic,20.0,1,200,lo,1.0,0.42,0.5,0.15,dead-reckoned-heading-hold,off,,,2.649,0.5676
13,staircase_walking_full_width,7,0,0,1,heading-only,0.04,1.0684234619140796,2.484593200683591,0.4893999798621517,1.0500787667889087,11.94141320172577,0,roll,4.0600000000000005,19.26533608178326,4.7451566703899655,0.3252878785133362,0.016853069436965407,0.11935793120285489,0.4803619384765625,0.19246851851414631,4.914155710984163,1,4.0600000000000005,-88.73891727499023,8.364342460413985,88.73891727499023,17.63312040380497,,,,,,,off,5.0,legged_eval-seed1,,n/a,settle,0.0,auto,off,,,,,0,WALK,first,on,1000,1,deterministic,20.0,1,200,lo,1.0,0.42,0.5,0.15,dead-reckoned-heading-hold,off,,,2.649,0.5676
13,staircase_walking_full_width,8,0,0,1,heading-only,0.04,1.4616516113281364,1.5047882080078097,0.6770206268423298,0.7314736540120281,8.802289595304137,0,roll,8.4,-39.80066491976308,-4.7381743952098905,0.3319907784461975,0.05495852515811147,-0.058953784760975035,-0.5116958618164062,0.29323238146665287,-1.5047118439257863,1,8.4,89.45005141189199,4.475179073800084,89.45005141189199,17.709276531363876,,,,,,,off,5.0,legged_eval-seed1,,n/a,settle,0.0,auto,off,,,,,0,WALK,first,on,1000,1,deterministic,20.0,1,200,lo,1.0,0.42,0.5,0.15,dead-reckoned-heading-hold,off,,,2.649,0.5676
13,staircase_walking_full_width,9,0,0,1,heading-only,0.04,1.431524658203159,2.692150878906247,0.8156508872109708,0.8956768688549044,8.845596655571041,0,roll,15.040000000000001,30.96306462876322,2.058714403508193,0.33635517954826355,0.028691799082656854,0.046020670140043025,0.69451904296875,0.13669791004791237,1.2523210759958323,1,15.040000000000001,-88.24409619453799,0.6918710427704232,88.24409619453799,18.27946794416224,,,,,,,off,5.0,legged_eval-seed1,,n/a,settle,0.0,auto,off,,,,,0,WALK,first,on,1000,1,deterministic,20.0,1,200,lo,1.0,0.42,0.5,0.15,dead-reckoned-heading-hold,off,,,2.649,0.5676
14,staircase_walking,0,0,1,1,heading-only,0.04,1.4005519151687622,1.5241683959960852,0.6219787392783628,0.9736414967493919,4.12697108247628,0,roll,7.44,-49.95635672647646,-6.714564076139308,0.34512859582901,0.05383762300655406,-0.06395586075321434,-0.4649505615234375,0.45100407062441966,-2.1767538093295014,1,7.44,92.82332507932647,0.8329906992296892,92.82332507932647,18.088831406021395,,,,,,,off,5.0,legged_eval-seed1,,n/a,settle,0.0,auto,off,,,,,0,WALK,first,on,1000,1,deterministic,20.0,1,200,lo,1.0,0.42,0.5,0.15,dead-reckoned-heading-hold,off,,,2.649,0.5676
14,staircase_walking,1,0,1,1,heading-only,0.04,1.4623580932617202,1.6547988891601477,0.5770085036892277,0.8599671971507873,4.052371648056753,0,roll,8.040000000000001,-26.625870570990884,-3.3116754441530944,0.33053261041641235,0.05750722553006469,-0.042935461547245306,-0.36640167236328125,0.4244033341064686,-1.0050848345604768,1,8.040000000000001,86.65026580756377,0.4314371742652567,86.65026580756377,14.32865006294429,,,,,,,off,5.0,legged_eval-seed1,,n/a,settle,0.0,auto,off,,,,,0,WALK,first,on,1000,1,deterministic,20.0,1,200,lo,1.0,0.42,0.5,0.15,dead-reckoned-heading-hold,off,,,2.649,0.5676
14,staircase_walking,2,0,1,1,heading-only,0.04,1.6209136962890653,2.5347579956054602,0.8194509943268841,0.8256607604704584,3.9157728056542975,0,roll,19.38,1.0709110076475383,0.05525856592608557,0.3417695164680481,0.032038890417392434,0.027593291826907132,0.527099609375,0.5505969570145643,0.030102288274533713,1,19.38,-90.6367228906633,1.5405349518284024,90.6367228906633,12.525443547493193,,,,,,,off,5.0,legged_eval-seed1,,n/a,settle,0.0,auto,off,,,,,0,WALK,first,on,1000,1,deterministic,20.0,1,200,lo,1.0,0.42,0.5,0.15,dead-reckoned-heading-hold,off,,,2.649,0.5676
14,staircase_walking,3,0,1,1,heading-only,0.04,1.6476867675781364,2.677053833007804,0.9369632018848841,0.9061915485928089,3.911357709732408,0,roll,10.18,8.646845313843954,0.8493954139335909,0.33863383531570435,0.06362345457545544,0.06650823506952888,0.6869049072265625,0.38364771293336314,0.23300757123930751,1,10.18,-89.29754884760823,-10.604309712864206,89.29754884760823,15.494674876917218,,,,,,,off,5.0,legged_eval-seed1,,n/a,settle,0.0,auto,off,,,,,0,WALK,first,on,1000,1,deterministic,20.0,1,200,lo,1.0,0.42,0.5,0.15,dead-reckoned-heading-hold,off,,,2.649,0.5676
14,staircase_walking,4,0,1,1,heading-only,0.04,2.247366333007818,3.0436691284179602,1.626397251084149,1.0439087615615272,3.1316594356775664,0,roll,6.26,-23.90498279429923,-3.8186873473321454,0.3298221826553345,0.19925979760508278,0.16672030805398727,1.037200927734375,0.8734477661757514,-0.3344812557086234,1,6.26,-88.98846680761577,36.74197015600772,88.98846680761577,36.74197015600772,,,,,,,off,5.0,legged_eval-seed1,,n/a,settle,0.0,auto,off,,,,,0,WALK,first,on,1000,1,deterministic,20.0,1,200,lo,1.0,0.42,0.5,0.15,dead-reckoned-heading-hold,off,,,2.649,0.5676
14,staircase_walking,5,0,1,1,heading-only,0.04,1.60711669921875,2.5009826660156165,0.7871304327228016,0.7954642701167918,3.6276430426215867,0,roll,9.6,10.790757298477274,1.1240372185913827,0.32683858275413513,0.06324132283528647,0.05218569437662672,0.5119781494140625,0.3038100338127223,0.3102109427798465,1,9.6,-87.27519069392523,1.2329268742945205,87.27519069392523,15.917723022331968,,,,,,,off,5.0,legged_eval-seed1,,n/a,settle,0.0,auto,off,,,,,0,WALK,first,on,1000,1,deterministic,20.0,1,200,lo,1.0,0.42,0.5,0.15,dead-reckoned-heading-hold,off,,,2.649,0.5676
14,staircase_walking,6,0,1,1,heading-only,0.04,1.4288116455078352,2.5041564941406165,0.6618558739690197,0.9423850945410212,3.8047385423497095,0,roll,7.640000000000001,32.922696106077865,4.309253417025898,0.334516316652298,0.056127178731392044,0.06598906991369326,0.5004959106445312,0.2495253143926681,1.3400042925701647,1,7.640000000000001,-89.38971680770968,3.357640125921136,89.38971680770968,15.020918682117925,,,,,,,off,5.0,legged_eval-seed1,,n/a,settle,0.0,auto,off,,,,,0,WALK,first,on,1000,1,deterministic,20.0,1,200,lo,1.0,0.42,0.5,0.15,dead-reckoned-heading-hold,off,,,2.649,0.5676
14,staircase_walking,7,0,0,1,heading-only,0.04,1.3461029052734546,2.5305770874023352,0.6334818598153156,0.552445799551066,3.890248689019532,0,roll,4.32,-10.747236418396284,-2.4877862079621025,0.3217597007751465,0.0801164132577441,0.12281877023202203,0.5456161499023438,0.3882024012012876,-0.5419621104973275,1,4.32,-87.6367458758039,-0.9994324435086579,87.6367458758039,15.541857550542113,,,,,,,off,5.0,legged_eval-seed1,,n/a,settle,0.0,auto,off,,,,,0,WALK,first,on,1000,1,deterministic,20.0,1,200,lo,1.0,0.42,0.5,0.15,dead-reckoned-heading-hold,off,,,2.649,0.5676
14,staircase_walking,8,0,1,1,heading-only,0.04,2.8261535644531364,2.457479858398429,1.8825845696289827,0.7554293010566445,2.417526570774092,0,roll,11.94,-31.572114620277404,-2.644230705215863,0.33459070324897766,0.15294418462756587,0.03831489601326876,0.45697784423828125,0.606723210404762,-0.3017475433978055,1,11.94,-87.2459922967908,-17.704757113359857,87.2459922967908,23.6666866338351,,,,,,,off,5.0,legged_eval-seed1,,n/a,settle,0.0,auto,off,,,,,0,WALK,first,on,1000,1,deterministic,20.0,1,200,lo,1.0,0.42,0.5,0.15,dead-reckoned-heading-hold,off,,,2.649,0.5676
14,staircase_walking,9,0,1,1,heading-only,0.04,1.759130859375034,2.0744995117187415,0.7627777126409822,0.4717883354143003,3.4416755541671042,1,timeout,20.0,9.496382771550259,0.47481913857751296,0.32805460691452026,0.03795654296875171,0.0037249755859370738,0.076934814453125,0.14791639844763876,0.2183327740485574,0,20.0,-2.845601784447179,-4.448733189632818,10.401316660976386,7.795610895988564,,,,,,,off,5.0,legged_eval-seed1,,n/a,settle,0.0,auto,off,,,,,0,WALK,first,on,1000,1,deterministic,20.0,1,200,lo,1.0,0.42,0.5,0.15,dead-reckoned-heading-hold,off,,,2.649,0.5676
15,staircase_climbing,0,0,1,1,heading-only,0.04,1.2935727834701538,2.5921707153320312,0.6609471501498917,1.5490803827817434,9.924110355719558,0,roll,12.780000000000001,46.19897152434129,3.6149429987747483,0.3317159116268158,0.022971266312218606,0.0463357367239461,0.5966873168945312,0.2886420135304927,2.746590316049629,1,12.780000000000001,-86.10478934549022,17.748905898321585,86.10478934549022,21.668774938561654,,,,,,,off,5.0,legged_eval-seed1,,n/a,settle,0.0,auto,off,,,,,0,WALK,first,on,1000,1,deterministic,20.0,1,200,lo,1.0,0.42,0.5,0.15,dead-reckoned-heading-hold,off,,,2.649,0.5676
15,staircase_climbing,1,0,1,1,heading-only,0.04,1.3705039978027358,2.8322296142578125,0.9109771365053665,1.5897375729396606,9.86466409909936,0,roll,9.66,15.602304401174393,1.6151453831443472,0.32756489515304565,0.03835445111829563,0.08615213398114001,0.8149337768554688,0.4392243201164131,0.7349760982710903,1,9.66,-87.98698821850995,-0.9768644310442326,87.98698821850995,17.924532517767595,,,,,,,off,5.0,legged_eval-seed1,,n/a,settle,0.0,auto,off,,,,,0,WALK,first,on,1000,1,deterministic,20.0,1,200,lo,1.0,0.42,0.5,0.15,dead-reckoned-heading-hold,off,,,2.649,0.5676
15,staircase_climbing,2,0,1,1,heading-only,0.04,1.6334030151367216,1.8433074951171875,0.6524966824978807,1.1027857989877445,9.567880142010647,1,timeout,20.0,-5.699631406233124,-0.28498157031165616,0.3305935859680176,0.03167015075683608,-0.007834625244140626,-0.1613006591796875,0.142509820146695,-0.15705219553994393,0,20.0,6.604076878672064,-3.379628747021136,10.691590488667707,5.59018099886698,,,,,,,off,5.0,legged_eval-seed1,,n/a,settle,0.0,auto,off,,,,,0,WALK,first,on,1000,1,deterministic,20.0,1,200,lo,1.0,0.42,0.5,0.15,dead-reckoned-heading-hold,off,,,2.649,0.5676
15,staircase_climbing,3,0,1,1,heading-only,0.04,1.6749771118164176,1.7015609741210938,0.738010808622464,1.0916106988651817,9.529697102877337,1,timeout,20.0,-47.559989027011085,-2.3779994513505542,0.32816678285598755,0.03374885559082088,-0.014921951293945312,-0.2974395751953125,0.37914072121542597,-1.2297874790152663,0,20.0,-6.106864332508437,-7.252440112393947,14.653026128213352,11.696947532377814,,,,,,,off,5.0,legged_eval-seed1,,n/a,settle,0.0,auto,off,,,,,0,WALK,first,on,1000,1,deterministic,20.0,1,200,lo,1.0,0.42,0.5,0.15,dead-reckoned-heading-hold,off,,,2.649,0.5676
15,staircase_climbing,4,0,0,1,heading-only,0.04,0.6849426269531307,2.550628662109375,0.634391891379102,0.9836210880691934,10.52946453918733,0,roll,4.66,29.558135778067737,6.342947591860029,0.34503576159477234,-0.06760887833623805,0.1181606571050161,0.5433273315429688,0.41095983755266424,-1.6374376041092435,1,4.66,-87.94474184363517,2.9036667951826374,87.94474184363517,13.235064526744013,,,,,,,off,5.0,legged_eval-seed1,,n/a,settle,0.0,auto,off,,,,,0,WALK,first,on,1000,1,deterministic,20.0,1,200,lo,1.0,0.42,0.5,0.15,dead-reckoned-heading-hold,off,,,2.649,0.5676
15,staircase_climbing,5,0,1,1,heading-only,0.04,1.6310577392578125,2.0851593017578125,0.636777808150582,1.0723290835729826,9.269333457139648,1,timeout,20.0,-1.0302675814632778,-0.05151337907316389,0.3258311450481415,0.031552886962890624,0.004257965087890625,0.06211090087890625,0.08488635517249725,-0.028494320494731946,0,20.0,1.8957496984806617,-4.460067769952624,7.888510707347399,6.250813507348138,,,,,,,off,5.0,legged_eval-seed1,,n/a,settle,0.0,auto,off,,,,,0,WALK,first,on,1000,1,deterministic,20.0,1,200,lo,1.0,0.42,0.5,0.15,dead-reckoned-heading-hold,off,,,2.649,0.5676
15,staircase_climbing,6,0,1,1,heading-only,0.04,1.6647735595703352,1.6664505004882812,0.743760145563294,1.0876346130889587,9.241247895962742,1,timeout,20.0,-28.79598541752972,-1.439799270876486,0.3238920569419861,0.03323867797851676,-0.016677474975585936,-0.310943603515625,0.23944126706590213,-0.7560239869001476,0,20.0,1.521071729413551,-0.8998469960478318,13.717493750634446,6.462763737303075,,,,,,,off,5.0,legged_eval-seed1,,n/a,settle,0.0,auto,off,,,,,0,WALK,first,on,1000,1,deterministic,20.0,1,200,lo,1.0,0.42,0.5,0.15,dead-reckoned-heading-hold,off,,,2.649,0.5676
15,staircase_climbing,7,0,1,1,heading-only,0.04,1.322711181640642,2.7722930908203125,0.8370060482963614,1.5790380322545992,9.608376435610758,0,roll,13.76,32.509056244347704,2.362576761943874,0.33079391717910767,0.02345284750295364,0.05612595136775527,0.756988525390625,0.308382737264001,1.7581977336369832,1,13.76,-91.88666077309634,-3.086360298989529,91.88666077309634,16.5461290177536,,,,,,,off,5.0,legged_eval-seed1,,n/a,settle,0.0,auto,off,,,,,0,WALK,first,on,1000,1,deterministic,20.0,1,200,lo,1.0,0.42,0.5,0.15,dead-reckoned-heading-hold,off,,,2.649,0.5676
15,staircase_climbing,8,0,1,1,heading-only,0.04,1.6501586914062614,2.4595870971679688,0.7961950916040503,1.1460310087921137,9.26125178008081,1,timeout,20.0,27.09813918106076,1.354906959053038,0.34063252806663513,0.03250793457031307,0.022979354858398436,0.4493255615234375,0.3088119965493236,0.7274404789547897,0,20.0,-9.341959578593862,-7.182029574793806,15.02897472044708,16.32958681795759,,,,,,,off,5.0,legged_eval-seed1,,n/a,settle,0.0,auto,off,,,,,0,WALK,first,on,1000,1,deterministic,20.0,1,200,lo,1.0,0.42,0.5,0.15,dead-reckoned-heading-hold,off,,,2.649,0.5676
15,staircase_climbing,9,0,1,1,heading-only,0.04,1.671057128906284,1.5266952514648438,0.8211790640547729,1.13258148358539,9.241071577630866,0,roll,6.12,5.2674088350485135,0.860687718145182,0.33004632592201233,0.1096498576644255,-0.07733737721162684,-0.49388885498046875,0.40460290080856504,0.13699821261130563,1,6.12,91.32959332553497,-6.563105956293344,91.32959332553497,9.594162153952027,,,,,,,off,5.0,legged_eval-seed1,,n/a,settle,0.0,auto,off,,,,,0,WALK,first,on,1000,1,deterministic,20.0,1,200,lo,1.0,0.42,0.5,0.15,dead-reckoned-heading-hold,off,,,2.649,0.5676
16,staircase_spiral,0,0,0,1,heading-only,0.04,2.1760010719299316,1.519670104980463,1.2703130831530578,1.3362230474619285,2.9904458146991657,0,roll,17.8,-50.45558883349574,-2.834583642331221,0.33887484669685364,0.06606747595111975,-0.02698482556289533,-0.49515533447265625,1.177067778602022,-0.7488225752480049,1,17.8,88.89596857579055,-0.7748723015920145,88.89596857579055,17.591006620491108,,,,,,,off,5.0,legged_eval-seed1,,n/a,settle,0.0,auto,off,,,,,0,WALK,first,on,1000,1,deterministic,20.0,1,200,lo,1.0,0.42,0.5,0.15,dead-reckoned-heading-hold,off,,,2.649,0.5676
16,staircase_spiral,1,0,1,1,heading-only,0.04,3.4196220397949233,1.510758972167963,2.4685881792586413,1.8773175813665361,1.836382328694006,0,roll,19.580000000000002,-31.36022333102983,-1.6016457268145978,0.3316177427768707,0.12357620223671721,-0.02498677363799984,-0.48310089111328125,1.6618430546232155,-0.22620853269033878,1,19.580000000000002,87.218557504748,1.4991357161276206,87.218557504748,14.390747923147826,,,,,,,off,5.0,legged_eval-seed1,,n/a,settle,0.0,auto,off,,,,,0,WALK,first,on,1000,1,deterministic,20.0,1,200,lo,1.0,0.42,0.5,0.15,dead-reckoned-heading-hold,off,,,2.649,0.5676
16,staircase_spiral,2,0,1,1,heading-only,0.04,4.77450866699219,1.6626068115234318,3.7895580007211325,0.585367768191086,0.6534823674138546,1,timeout,20.0,0.19097075639078298,0.00954853781953915,0.3329022526741028,0.1887254333496095,-0.01686965942382841,-0.3320770263671875,1.0886970340690802,0.0008830469785883955,0,20.0,-8.510381034424336,-7.380254768794514,11.451474484576272,7.380254768794514,,,,,,,off,5.0,legged_eval-seed1,,n/a,settle,0.0,auto,off,,,,,0,WALK,first,on,1000,1,deterministic,20.0,1,200,lo,1.0,0.42,0.5,0.15,dead-reckoned-heading-hold,off,,,2.649,0.5676
16,staircase_spiral,3,0,0,1,heading-only,0.04,3.9219177246093864,2.225045776367182,2.9305714102964973,0.6386444056441768,1.2713739858340927,1,timeout,20.0,6.928051369233401,0.34640256846167006,0.3340162932872772,0.14609588623046932,0.011252288818359091,0.2311859130859375,0.629885518969022,0.041382858292695064,0,20.0,4.291147770920501,-2.39010915634362,14.91919580854175,8.171143155558283,,,,,,,off,5.0,legged_eval-seed1,,n/a,settle,0.0,auto,off,,,,,0,WALK,first,on,1000,1,deterministic,20.0,1,200,lo,1.0,0.42,0.5,0.15,dead-reckoned-heading-hold,off,,,2.649,0.5676
16,staircase_spiral,4,0,0,1,heading-only,0.04,1.8383087158203182,2.849130249023432,1.1932240706702604,2.0847668806674435,3.4560276433818564,0,roll,6.6000000000000005,-7.2614814536484005,-1.100224462674,0.3305499851703644,0.1270164720939876,0.1286560983368836,0.8434600830078125,0.7354533508658456,-0.15118148904685033,1,6.6000000000000005,-87.39929634608397,4.140224396061004,87.39929634608397,10.259548263463065,,,,,,,off,5.0,legged_eval-seed1,,n/a,settle,0.0,auto,off,,,,,0,WALK,first,on,1000,1,deterministic,20.0,1,200,lo,1.0,0.42,0.5,0.15,dead-reckoned-heading-hold,off,,,2.649,0.5676
16,staircase_spiral,5,0,0,1,heading-only,0.04,2.1531982421875,1.4102493286132756,1.2952497983730522,1.4728070839333944,3.2015068714243338,0,roll,8.24,11.366681585264331,1.3794516486971276,0.3377358913421631,0.1399512429839199,-0.07157168342071898,-0.5836410522460938,0.5864745505265967,0.17203114905235461,1,8.24,89.52119902301199,-15.343517288914816,89.52119902301199,15.343517288914816,,,,,,,off,5.0,legged_eval-seed1,,n/a,settle,0.0,auto,off,,,,,0,WALK,first,on,1000,1,deterministic,20.0,1,200,lo,1.0,0.42,0.5,0.15,dead-reckoned-heading-hold,off,,,2.649,0.5676
16,staircase_spiral,6,0,0,1,heading-only,0.04,1.2886138916015852,1.4324432373046818,0.6367249463517205,2.343377123886007,4.076102795197292,0,roll,2.9,7.6971297371866,2.6541826679953795,0.3220314383506775,0.09952203158675353,-0.19570922851562697,-0.5611114501953125,0.3987901073080835,0.4654670505344938,1,2.9,87.98879685911368,16.09835648608348,87.98879685911368,21.344088358586607,,,,,,,off,5.0,legged_eval-seed1,,n/a,settle,0.0,auto,off,,,,,0,WALK,first,on,1000,1,deterministic,20.0,1,200,lo,1.0,0.42,0.5,0.15,dead-reckoned-heading-hold,off,,,2.649,0.5676
16,staircase_spiral,7,0,1,1,heading-only,0.04,4.286761474609392,1.8047882080078068,3.2925535128087606,1.2020477840061319,1.1040152891794064,1,timeout,20.0,3.220835987605682,0.1610417993802841,0.331036239862442,0.1643380737304696,-0.009760589599609659,-0.216033935546875,1.0365706902287293,0.01710321636805819,0,20.0,7.712715908036166,-6.233985645192254,9.900672337453864,12.050429437135831,,,,,,,off,5.0,legged_eval-seed1,,n/a,settle,0.0,auto,off,,,,,0,WALK,first,on,1000,1,deterministic,20.0,1,200,lo,1.0,0.42,0.5,0.15,dead-reckoned-heading-hold,off,,,2.649,0.5676
16,staircase_spiral,8,0,0,1,heading-only,0.04,2.5672119140625114,1.360093688964838,1.6928181445394865,1.1401877837706762,2.9106168895337596,0,roll,13.4,-14.181466067228683,-1.0583183632260211,0.3343890607357025,0.11695611298973965,-0.04775420231605686,-0.6375503540039062,0.8913679124779729,-0.1579322320179347,1,13.4,88.29926906206218,-10.236426050365221,88.29926906206218,16.234135243150046,,,,,,,off,5.0,legged_eval-seed1,,n/a,settle,0.0,auto,off,,,,,0,WALK,first,on,1000,1,deterministic,20.0,1,200,lo,1.0,0.42,0.5,0.15,dead-reckoned-heading-hold,off,,,2.649,0.5676
16,staircase_spiral,9,0,0,1,heading-only,0.04,1.516424560546909,1.6361175537109318,0.6317473873736121,2.1595205242724664,3.9214189143253306,0,roll,6.5600000000000005,-37.97746774697356,-5.789248132160603,0.3335663974285126,0.07872325618093126,-0.055469885105040875,-0.3745880126953125,0.4898175155901769,-1.2835018014106117,1,6.5600000000000005,89.52221161914163,25.166184255161326,89.52221161914163,27.102572253857677,,,,,,,off,5.0,legged_eval-seed1,,n/a,settle,0.0,auto,off,,,,,0,WALK,first,on,1000,1,deterministic,20.0,1,200,lo,1.0,0.42,0.5,0.15,dead-reckoned-heading-hold,off,,,2.649,0.5676
17,squeeze,0,0,3,1,heading-only,0.04,3.6018309593200684,1.9384948730468636,2.6025578228961423,0.834333609065861,5.098540031027398,1,timeout,20.0,-1.2073843388260173,-0.06036921694130086,0.32748156785964966,0.13009154796600342,-0.0030752563476568184,-0.0696868896484375,0.51771471335945,-0.008099231802144337,0,20.0,-1.1226301200660251,-2.5561814787841652,19.428096335833597,7.36623230637887,,,,,,,off,5.0,legged_eval-seed1,,n/a,settle,0.0,auto,off,,,,,0,WALK,first,on,1000,1,deterministic,20.0,1,200,lo,1.0,0.42,0.5,0.15,dead-reckoned-heading-hold,off,,,2.649,0.5676
17,squeeze,1,0,0,1,heading-only,0.04,0.8831192016601577,1.4913055419921761,0.5219493966165998,0.7995698662207542,8.282517019938313,0,roll,2.16,-19.92824147295559,-9.22603771896092,0.3242708444595337,-0.054111480712889966,-0.23550669352214065,-0.50433349609375,0.3105770676369238,2.975796133974531,1,2.16,86.67197436371306,1.7225412953963126,86.67197436371306,12.129040647648928,,,,,,,off,5.0,legged_eval-seed1,,n/a,settle,0.0,auto,off,,,,,0,WALK,first,on,1000,1,deterministic,20.0,1,200,lo,1.0,0.42,0.5,0.15,dead-reckoned-heading-hold,off,,,2.649,0.5676
17,squeeze,2,0,2,1,heading-only,0.04,2.988177490234378,2.004641723632801,1.9881829086562817,0.6298273844331824,6.511824164110125,1,timeout,20.0,2.399590201942118,0.1199795100971059,0.33162426948547363,0.0994088745117189,0.00023208618164005657,-0.0030059814453125,0.3153412141580269,0.021064894823624846,0,20.0,1.0913731937348126,-6.069943108546513,10.32852087315618,10.005800162238852,,,,,,,off,5.0,legged_eval-seed1,,n/a,settle,0.0,auto,off,,,,,0,WALK,first,on,1000,1,deterministic,20.0,1,200,lo,1.0,0.42,0.5,0.15,dead-reckoned-heading-hold,off,,,2.649,0.5676
17,squeeze,3,0,1,1,heading-only,0.04,2.769863891601574,3.1680786132812386,2.1205720552718996,1.1943324936483675,6.338690998619108,1,timeout,20.0,14.188699481071382,0.709434974053569,0.3286430835723877,0.08849319458007869,0.05840393066406193,1.1773223876953125,0.8893013027571219,0.13992009424895047,0,20.0,-1.121325422776126,-2.5753393971472565,17.558628018607102,9.452238356838004,,,,,,,off,5.0,legged_eval-seed1,,n/a,settle,0.0,auto,off,,,,,0,WALK,first,on,1000,1,deterministic,20.0,1,200,lo,1.0,0.42,0.5,0.15,dead-reckoned-heading-hold,off,,,2.649,0.5676
17,squeeze,4,0,1,1,heading-only,0.04,1.3959564208984432,2.8989135742187386,0.9822561280874825,1.3730240200740376,8.004677062328081,0,roll,19.0,19.418571740335437,1.022030091596602,0.32490742206573486,0.020839811626233853,0.04731124074835467,0.8802642822265625,0.46678513936289756,0.8559477634800272,1,19.0,-88.04763879683766,-16.775737498591884,88.04763879683766,17.0254368122313,,,,,,,off,5.0,legged_eval-seed1,,n/a,settle,0.0,auto,off,,,,,0,WALK,first,on,1000,1,deterministic,20.0,1,200,lo,1.0,0.42,0.5,0.15,dead-reckoned-heading-hold,off,,,2.649,0.5676
17,squeeze,5,0,1,1,heading-only,0.04,1.7560272216796875,2.0840026855468636,0.760679703357328,0.6008296364860446,7.794425451588931,1,timeout,20.0,-5.080559347414578,-0.2540279673707289,0.3329499661922455,0.037801361083984374,0.004200134277343182,0.067047119140625,0.16752970502119788,-0.11728742816740463,0,20.0,1.8578723820873548,-6.838188260270303,7.714736875507281,10.692789879233501,,,,,,,off,5.0,legged_eval-seed1,,n/a,settle,0.0,auto,off,,,,,0,WALK,first,on,1000,1,deterministic,20.0,1,200,lo,1.0,0.42,0.5,0.15,dead-reckoned-heading-hold,off,,,2.649,0.5676
17,squeeze,6,0,1,1,heading-only,0.04,1.3515258789062727,1.3279754638671761,0.7584111158899008,1.3576909785771885,8.873956910467266,0,roll,3.24,3.931109305702506,1.2133053412662056,0.3333660960197449,0.10849564163773849,-0.20741498028790858,-0.643798828125,0.41755521673179974,0.19517994195411917,1,3.24,87.45350449601646,-5.142728640260572,87.45350449601646,14.2980576440866,,,,,,,off,5.0,legged_eval-seed1,,n/a,settle,0.0,auto,off,,,,,0,WALK,first,on,1000,1,deterministic,20.0,1,200,lo,1.0,0.42,0.5,0.15,dead-reckoned-heading-hold,off,,,2.649,0.5676
17,squeeze,7,0,1,1,heading-only,0.04,1.7485076904297046,1.9226409912109261,0.7524946371059653,0.6933367570335929,8.051863934972458,1,timeout,20.0,-9.613806607977097,-0.48069033039885484,0.3223605751991272,0.03742538452148523,-0.0038679504394536933,-0.08929443359375,0.07517049151105079,-0.22416947895733902,0,20.0,2.322733557456493,-3.197000460871036,8.97544357715389,6.037851496484461,,,,,,,off,5.0,legged_eval-seed1,,n/a,settle,0.0,auto,off,,,,,0,WALK,first,on,1000,1,deterministic,20.0,1,200,lo,1.0,0.42,0.5,0.15,dead-reckoned-heading-hold,off,,,2.649,0.5676
17,squeeze,8,0,1,1,heading-only,0.04,1.7613342285156364,1.8991577148437386,0.7679837068486779,0.7362337754635336,8.689250949019675,1,timeout,20.0,-10.585106373323299,-0.5292553186661649,0.3323954641819,0.038066711425781816,-0.005042114257813068,-0.09283447265625,0.13278646247278159,-0.24265946672136696,0,20.0,-0.5882726876797478,-1.214543392658127,21.94769098927883,13.288649564421995,,,,,,,off,5.0,legged_eval-seed1,,n/a,settle,0.0,auto,off,,,,,0,WALK,first,on,1000,1,deterministic,20.0,1,200,lo,1.0,0.42,0.5,0.15,dead-reckoned-heading-hold,off,,,2.649,0.5676
17,squeeze,9,0,0,1,heading-only,0.04,0.8699401855469091,1.4786560058593636,0.5373221711060175,0.8177866042037956,9.644161528622943,0,roll,3.42,-34.09918058201691,-9.970520638016641,0.33448392152786255,-0.03802918551259968,-0.15243976436860712,-0.5149688720703125,0.28869328128223876,4.575917441455091,1,3.42,88.81361747061806,6.633282885996446,88.81361747061806,12.625066933316006,,,,,,,off,5.0,legged_eval-seed1,,n/a,settle,0.0,auto,off,,,,,0,WALK,first,on,1000,1,deterministic,20.0,1,200,lo,1.0,0.42,0.5,0.15,dead-reckoned-heading-hold,off,,,2.649,0.5676
18,agility_poles,0,0,1,1,heading-only,0.04,4.187869548797607,2.3565948486327954,3.207751883519439,0.574964456203892,14.116635072063927,1,timeout,20.0,-4.163795530850308,-0.20818977654251541,0.34081026911735535,0.15939347743988036,0.01782974243163977,0.361541748046875,1.381639538263624,-0.022796397493922933,0,20.0,4.123311345637463,-2.47173962515417,16.041077405429135,8.22517216977797,,,,,,,off,5.0,legged_eval-seed1,,n/a,settle,0.0,auto,off,,,,,0,WALK,first,on,1000,1,deterministic,20.0,1,200,lo,1.0,0.42,0.5,0.15,dead-reckoned-heading-hold,off,,,2.649,0.5676
18,agility_poles,1,0,2,1,heading-only,0.04,3.914170837402345,3.232800292968733,3.164204201992988,2.9832063933342545,13.392689648324337,0,roll,16.94,-3.4302077031523766,-0.20249159994996319,0.33419063687324524,0.1720289750532671,0.07277451552353795,1.20257568359375,0.9158843785153458,-0.02054389457161928,1,16.94,-86.50868463956292,15.840719429135424,86.50868463956292,32.22355837554048,,,,,,,off,5.0,legged_eval-seed1,,n/a,settle,0.0,auto,off,,,,,0,WALK,first,on,1000,1,deterministic,20.0,1,200,lo,1.0,0.42,0.5,0.15,dead-reckoned-heading-hold,off,,,2.649,0.5676
18,agility_poles,2,0,1,1,heading-only,0.04,3.5937530517578153,2.3834503173827954,2.621943752143426,0.539663490933875,12.961919963097126,1,timeout,20.0,-9.954048181607817,-0.4977024090803909,0.3342406153678894,0.12968765258789078,0.01917251586913977,0.395233154296875,1.0468974493403769,-0.06698051480015474,0,20.0,-4.3901854912605955,-6.803080690144365,13.160318768102437,8.203690205136754,,,,,,,off,5.0,legged_eval-seed1,,n/a,settle,0.0,auto,off,,,,,0,WALK,first,on,1000,1,deterministic,20.0,1,200,lo,1.0,0.42,0.5,0.15,dead-reckoned-heading-hold,off,,,2.649,0.5676
18,agility_poles,3,0,1,1,heading-only,0.04,1.7477996826171989,2.594494628906233,0.9553157745587283,1.8772265573126947,13.765044040366234,0,roll,5.8,-25.693154194944213,-4.429854171542106,0.3223923444747925,0.12893097976158602,0.10249907394935051,0.5992431640625,0.6814846393383462,-0.5996661222894935,1,5.8,-93.60674246414659,-12.470077412963207,93.60674246414659,19.37150759069789,,,,,,,off,5.0,legged_eval-seed1,,n/a,settle,0.0,auto,off,,,,,0,WALK,first,on,1000,1,deterministic,20.0,1,200,lo,1.0,0.42,0.5,0.15,dead-reckoned-heading-hold,off,,,2.649,0.5676
18,agility_poles,4,0,1,1,heading-only,0.04,2.0873474121093807,3.086010742187483,1.536796579501521,1.4322319660243426,12.758955880186628,0,roll,9.6,9.068094131396407,0.9445931386871258,0.34077146649360657,0.11326535542806049,0.11312611897786282,1.0806884765625,0.7571299582295858,0.14555430740080869,1,9.6,-90.67286418469875,3.535879862935708,90.67286418469875,8.812390625042974,,,,,,,off,5.0,legged_eval-seed1,,n/a,settle,0.0,auto,off,,,,,0,WALK,first,on,1000,1,deterministic,20.0,1,200,lo,1.0,0.42,0.5,0.15,dead-reckoned-heading-hold,off,,,2.649,0.5676
18,agility_poles,5,0,1,1,heading-only,0.04,1.9149627685546875,1.423168945312483,1.0816149654535905,2.0236547912761425,11.849086054854553,0,roll,8.1,-14.257354109828754,-1.7601671740529325,0.330456405878067,0.11295836648823303,-0.07121371045524902,-0.6057586669921875,0.6030429041912951,-0.2719649152853851,1,8.1,90.88829929220549,4.4426193659512405,90.88829929220549,14.403283975114137,,,,,,,off,5.0,legged_eval-seed1,,n/a,settle,0.0,auto,off,,,,,0,WALK,first,on,1000,1,deterministic,20.0,1,200,lo,1.0,0.42,0.5,0.15,dead-reckoned-heading-hold,off,,,2.649,0.5676
18,agility_poles,6,0,1,1,heading-only,0.04,2.9716278076172102,1.025158691406233,2.199461704306364,1.8459514833933726,10.125408713979684,0,roll,17.18,1.4743715615797726,0.08581906644818234,0.3338795602321625,0.11476296901147906,-0.0567428002673904,-0.947601318359375,0.7888749710147134,0.013051468460691,1,17.18,88.62337810864331,-11.888473751721762,88.62337810864331,14.630053228372985,,,,,,,off,5.0,legged_eval-seed1,,n/a,settle,0.0,auto,off,,,,,0,WALK,first,on,1000,1,deterministic,20.0,1,200,lo,1.0,0.42,0.5,0.15,dead-reckoned-heading-hold,off,,,2.649,0.5676
18,agility_poles,7,0,0,1,heading-only,0.04,5.108538818359392,2.6060455322265454,4.152996798589874,3.6590768768554662,6.918058138321094,1,timeout,20.0,0.7022056759895179,0.035110283799475894,0.33414268493652344,0.2054269409179696,0.030302276611327273,0.6004638671875,1.031262784448865,0.0029830072475994086,0,20.0,2.3706128076027113,-1.671927859212381,11.48720385233237,6.951000638790968,,,,,,,off,5.0,legged_eval-seed1,,n/a,settle,0.0,auto,off,,,,,0,WALK,first,on,1000,1,deterministic,20.0,1,200,lo,1.0,0.42,0.5,0.15,dead-reckoned-heading-hold,off,,,2.649,0.5676
18,agility_poles,8,0,1,1,heading-only,0.04,1.7747314453125114,1.4923675537109204,0.9262286504321965,1.82878344544203,9.538785653291718,0,roll,6.94,-4.979322946710795,-0.7174816926096246,0.3253699541091919,0.11163277309978549,-0.07314588563243221,-0.5166778564453125,0.3820560408349001,-0.11217510334197618,1,6.94,88.51782257684263,4.937928070135976,88.51782257684263,10.108014996117076,,,,,,,off,5.0,legged_eval-seed1,,n/a,settle,0.0,auto,off,,,,,0,WALK,first,on,1000,1,deterministic,20.0,1,200,lo,1.0,0.42,0.5,0.15,dead-reckoned-heading-hold,off,,,2.649,0.5676
18,agility_poles,9,0,1,1,heading-only,0.04,1.450506591796909,1.418377685546858,0.7356906319386544,2.0020300324530904,8.818694277367793,0,roll,4.5200000000000005,14.784132009930516,3.2708256659138306,0.3360821604728699,0.09966959995506837,-0.1286775031975978,-0.5744781494140625,0.5079325506662624,0.5727591678372083,1,4.5200000000000005,92.53303252130188,-12.407382075039626,92.53303252130188,14.9788849122654,,,,,,,off,5.0,legged_eval-seed1,,n/a,settle,0.0,auto,off,,,,,0,WALK,first,on,1000,1,deterministic,20.0,1,200,lo,1.0,0.42,0.5,0.15,dead-reckoned-heading-hold,off,,,2.649,0.5676
19,balance_beam,0,0,0,1,heading-only,0.04,1.3312677145004272,1.4386505126953182,0.6518063712235143,0.5861602435061068,8.686888550255487,0,roll,3.18,3.9902801838158553,1.254805089250269,0.3268758952617645,0.10417223726428529,-0.17652499600776156,-0.571441650390625,0.39435003388310796,0.21023336786592103,1,3.18,89.66215529881602,-13.63389840938146,89.66215529881602,16.210745786097874,,,,,,,off,5.0,legged_eval-seed1,,n/a,settle,0.0,auto,off,,,,,0,WALK,first,on,1000,1,deterministic,20.0,1,200,lo,1.0,0.42,0.5,0.15,dead-reckoned-heading-hold,off,,,2.649,0.5676
19,balance_beam,1,0,0,1,heading-only,0.04,1.215737915039064,1.4090026855468807,0.6291428086501518,0.6558069522634977,9.402853434193592,0,roll,2.88,-10.085802115908962,-3.502014623579501,0.32402288913726807,0.07490899827745276,-0.20520740085177755,-0.5885467529296875,0.3023109538252355,-0.8159458414871029,1,2.88,87.31514401365618,11.052261051537586,87.31514401365618,16.376009119045648,,,,,,,off,5.0,legged_eval-seed1,,n/a,settle,0.0,auto,off,,,,,0,WALK,first,on,1000,1,deterministic,20.0,1,200,lo,1.0,0.42,0.5,0.15,dead-reckoned-heading-hold,off,,,2.649,0.5676
19,balance_beam,2,0,1,1,heading-only,0.04,2.0533859252929716,1.0666717529296932,1.4073817976599887,1.1354344447781042,8.895711450108076,0,roll,9.06,3.8975793920351975,0.4301964008868871,0.3278844654560089,0.11626776217361717,-0.10301636281129213,-0.94097900390625,0.497155809815521,0.06457803509190947,1,9.06,86.05633882867075,52.2071063935982,86.05633882867075,52.2071063935982,,,,,,,off,5.0,legged_eval-seed1,,n/a,settle,0.0,auto,off,,,,,0,WALK,first,on,1000,1,deterministic,20.0,1,200,lo,1.0,0.42,0.5,0.15,dead-reckoned-heading-hold,off,,,2.649,0.5676
19,balance_beam,3,0,1,1,heading-only,0.04,2.355282592773449,2.5741027832031307,1.47186443395997,0.6967035504784168,9.162720691132842,0,roll,5.76,-15.35709509537213,-2.6661623429465506,0.32989588379859924,0.235292116800946,0.09967062208387686,0.5782623291015625,0.7225539524078363,-0.19776825466902526,1,5.76,-86.25248502075554,36.238189804404485,86.25248502075554,36.238189804404485,,,,,,,off,5.0,legged_eval-seed1,,n/a,settle,0.0,auto,off,,,,,0,WALK,first,on,1000,1,deterministic,20.0,1,200,lo,1.0,0.42,0.5,0.15,dead-reckoned-heading-hold,off,,,2.649,0.5676
19,balance_beam,4,0,1,1,heading-only,0.04,1.2529357910156307,2.7203125000000057,0.7634308167954454,1.7065338450721468,10.870954514277292,0,roll,4.16,3.738170943923791,0.8985987845970651,0.3290599584579468,0.06080187284029583,0.17315204326923214,0.7143707275390625,0.49397235791321986,0.25794447955300487,1,4.16,-93.15314885021446,-12.252730815684705,93.15314885021446,12.549053785244809,,,,,,,off,5.0,legged_eval-seed1,,n/a,settle,0.0,auto,off,,,,,0,WALK,first,on,1000,1,deterministic,20.0,1,200,lo,1.0,0.42,0.5,0.15,dead-reckoned-heading-hold,off,,,2.649,0.5676
19,balance_beam,5,0,1,1,heading-only,0.04,2.4544830322265625,0.8898071289062557,1.8297674994551485,1.1703892661996629,10.007289141785444,0,below,7.44,-8.620412832940673,-1.1586576388361118,0.3271554112434387,0.19549503121324763,-0.1492194719212022,-1.1178741455078125,0.49789903720082695,-0.10344196768364264,1,7.44,81.67556135298874,34.41359107905522,81.67556135298874,34.41359107905522,,,,,,,off,5.0,legged_eval-seed1,,n/a,settle,0.0,auto,off,,,,,0,WALK,first,on,1000,1,deterministic,20.0,1,200,lo,1.0,0.42,0.5,0.15,dead-reckoned-heading-hold,off,,,2.649,0.5676
19,balance_beam,6,0,1,1,heading-only,0.04,2.0771575927734602,3.069418334960943,1.517868260034497,1.3342443861300957,10.97506910357548,0,roll,5.32,25.352703120458358,4.765545699334278,0.33270391821861267,0.20247323172433462,0.20101848401521488,1.044891357421875,0.7342834616503279,0.4107923916623217,1,5.32,-86.71137111307975,80.59682318614627,86.71137111307975,82.60033885683377,,,,,,,off,5.0,legged_eval-seed1,,n/a,settle,0.0,auto,off,,,,,0,WALK,first,on,1000,1,deterministic,20.0,1,200,lo,1.0,0.42,0.5,0.15,dead-reckoned-heading-hold,off,,,2.649,0.5676
19,balance_beam,7,0,1,1,heading-only,0.04,1.669512939453142,2.7483581542968807,1.0041352016525567,1.4616044903814616,11.953934976775576,0,roll,6.62,-19.996935970849364,-3.0206851919712028,0.3319251537322998,0.10113488511376768,0.11304503841342609,0.7132110595703125,0.6583967720407172,-0.521292946611134,1,6.62,-88.79626436602217,-4.659106914273357,88.79626436602217,20.01400055035466,,,,,,,off,5.0,legged_eval-seed1,,n/a,settle,0.0,auto,off,,,,,0,WALK,first,on,1000,1,deterministic,20.0,1,200,lo,1.0,0.42,0.5,0.15,dead-reckoned-heading-hold,off,,,2.649,0.5676
19,balance_beam,8,0,1,1,heading-only,0.04,3.0396545410156364,0.6451171875000057,2.4486522991828794,1.3578458573537062,10.944533380829432,0,roll,6.140000000000001,6.336586541888295,1.0320173520990708,0.3272615969181061,0.3321912933250222,-0.22066495317589482,-1.344390869140625,0.5835630481062016,0.05422207352743294,1,6.140000000000001,87.14887129367322,-5.810823432757414,87.14887129367322,12.886813065346272,,,,,,,off,5.0,legged_eval-seed1,,n/a,settle,0.0,auto,off,,,,,0,WALK,first,on,1000,1,deterministic,20.0,1,200,lo,1.0,0.42,0.5,0.15,dead-reckoned-heading-hold,off,,,2.649,0.5676
19,balance_beam,9,0,1,1,heading-only,0.04,2.233953857421909,2.244528198242193,1.2579491889508028,0.8041273109989152,12.268483280813095,1,timeout,20.0,19.30986231233325,0.9654931156166626,0.3263188898563385,0.06169769287109546,0.01222640991210966,0.2439727783203125,0.37139579190503413,0.2731225916025059,0,20.0,21.745576100838008,67.81202007423076,35.43536417226042,67.99605419975458,,,,,,,off,5.0,legged_eval-seed1,,n/a,settle,0.0,auto,off,,,,,0,WALK,first,on,1000,1,deterministic,20.0,1,200,lo,1.0,0.42,0.5,0.15,dead-reckoned-heading-hold,off,,,2.649,0.5676
