task,task_name,level,episode,goals,settle_ok,heading,heading_cap_rad,final_x_m,final_y_m,travelled_m,dist_to_next_goal_m,dist_to_last_goal_m,alive_at_end,end_cause,upright_s,yaw_cum_deg,yaw_rate_deg_s,base_h_max_m,vx_mean_ms,vy_mean_ms,cross_track_m,cross_track_abs_max_m,curvature_rad_m,fell,episode_s,end_roll_deg,end_pitch_deg,peak_roll_deg,peak_pitch_deg,switches,refused_ticks,steps_alive,frac_WALK,frac_TROT,frac_TURN,yaw_moment,yaw_moment_gain,terrain,planner_set,perception,turn_target,swing_lift_mm,foot_yaw_turn,roll_couple,roll_gain,roll_damp,roll_cap_nm,roll_sign,partial,skill,start_phase,foot_comp,steps,terrain_seed,measurement_seed,episode_length_s,episodes,num_envs,rate,gutter,spawn_z,settle_s,foot_clip_rad,steering,cross_track,cross_track_gain,cross_track_cap,cmd_mean_feet_down,cmd_frac_below_3_feet
0,jump_on_and_off_box,0,0,1,1,heading-only,0.04,1.4657549858093262,1.3923524618148804,0.7656129815178698,1.1704448249549462,16.64533997017753,0,roll,5.32,-37.72837999933941,-7.091800751755528,0.32298755645751953,0.08754792966340717,-0.1142194620648721,-0.6069952249526978,0.12479978908369957,-1.4138001148561476,1,5.32,91.91879714389196,3.2975330049537925,91.91879714389196,13.90584578147599,,,,,,,off,5.0,legged_eval-seed1,,n/a,settle,0.0,auto,off,,,,,0,WALK,first,on,1000,1,deterministic,20.0,1,200,lo,1.0,0.42,0.5,0.05,dead-reckoned-heading-hold,hold,1.0,0.3,2.649,0.5676
0,jump_on_and_off_box,1,0,1,1,heading-only,0.04,1.2941184997558608,2.6370747089385986,0.7016907272209306,1.4051620210018039,16.618097501968137,0,roll,8.5,36.98321161099415,4.350966071881665,0.32579857110977173,0.03460217644186597,0.0749499657574822,0.6399122476577759,0.2503277571499716,2.194621593369466,1,8.5,-86.07892056763251,-0.6538866427719183,86.07892056763251,15.537402201749757,,,,,,,off,5.0,legged_eval-seed1,,n/a,settle,0.0,auto,off,,,,,0,WALK,first,on,1000,1,deterministic,20.0,1,200,lo,1.0,0.42,0.5,0.05,dead-reckoned-heading-hold,hold,1.0,0.3,2.649,0.5676
0,jump_on_and_off_box,2,0,1,1,heading-only,0.04,1.4727813720703153,2.8024487495422363,0.9313679302072778,1.2752566363983868,15.847547869999516,0,roll,7.5200000000000005,5.674373842475774,0.7545709896909273,0.32986652851104736,0.06286986330722279,0.1067086103114676,0.7915318012237549,0.507136329396825,0.20947632963321347,1,7.5200000000000005,-89.43963657385943,2.5939027615837764,89.43963657385943,15.177924530328504,,,,,,,off,5.0,legged_eval-seed1,,n/a,settle,0.0,auto,off,,,,,0,WALK,first,on,1000,1,deterministic,20.0,1,200,lo,1.0,0.42,0.5,0.05,dead-reckoned-heading-hold,hold,1.0,0.3,2.649,0.5676
0,jump_on_and_off_box,3,0,1,1,heading-only,0.04,1.4818389892578239,1.4208095073699951,0.7534125286468157,1.2116265526128043,15.62889679357503,0,roll,4.98,-9.499623929973865,-1.9075550060188482,0.32731902599334717,0.09675481712004494,-0.11630331177309335,-0.571012020111084,0.23978868558291522,-0.3440977566690241,1,4.98,86.17170925159122,14.242556431852934,86.17170925159122,19.147337290080984,,,,,,,off,5.0,legged_eval-seed1,,n/a,settle,0.0,auto,off,,,,,0,WALK,first,on,1000,1,deterministic,20.0,1,200,lo,1.0,0.42,0.5,0.05,dead-reckoned-heading-hold,hold,1.0,0.3,2.649,0.5676
0,jump_on_and_off_box,4,0,1,1,heading-only,0.04,1.3472961425781307,1.3344186544418335,0.750741725365434,1.3962911234648427,16.066496184969584,0,roll,11.72,-35.23835790933242,-3.006685828441333,0.3276357650756836,0.029632776670488966,-0.05679021719779578,-0.6841498613357544,0.201214543525674,-1.7708960541526166,1,11.72,87.86293399000299,1.964946406764229,87.86293399000299,14.62838625689319,,,,,,,off,5.0,legged_eval-seed1,,n/a,settle,0.0,auto,off,,,,,0,WALK,first,on,1000,1,deterministic,20.0,1,200,lo,1.0,0.42,0.5,0.05,dead-reckoned-heading-hold,hold,1.0,0.3,2.649,0.5676
0,jump_on_and_off_box,5,0,0,1,heading-only,0.04,0.9003753662109375,1.5621381998062134,0.44905236189841863,0.7424773784537889,15.955633767257245,0,roll,1.84,-10.566408295206799,-5.742613203916738,0.30851322412490845,-0.05414382271144701,-0.2379683696705362,-0.43599724769592285,0.43729216720658387,1.8511346827319166,1,1.84,86.15271797034154,1.0202657473625643,86.15271797034154,13.310441639129508,,,,,,,off,5.0,legged_eval-seed1,,n/a,settle,0.0,auto,off,,,,,0,WALK,first,on,1000,1,deterministic,20.0,1,200,lo,1.0,0.42,0.5,0.05,dead-reckoned-heading-hold,hold,1.0,0.3,2.649,0.5676
0,jump_on_and_off_box,6,0,1,1,heading-only,0.04,1.6643615722656477,2.399482250213623,0.7752176255342903,1.0067995666173668,14.54112686727074,1,timeout,20.0,63.49782051950808,3.174891025975404,0.3344545364379883,0.03321807861328239,0.019974112510681152,0.40029776096343994,0.49932953205348346,1.668136873308945,0,20.0,-12.426031919486137,-8.137433662998598,12.426031919486137,8.223746735689456,,,,,,,off,5.0,legged_eval-seed1,,n/a,settle,0.0,auto,off,,,,,0,WALK,first,on,1000,1,deterministic,20.0,1,200,lo,1.0,0.42,0.5,0.05,dead-reckoned-heading-hold,hold,1.0,0.3,2.649,0.5676
0,jump_on_and_off_box,7,0,1,1,heading-only,0.04,1.539172363281267,2.573760509490967,0.7873423395052754,1.1694190238281141,14.921862549098453,0,roll,4.4,-27.31816188397042,-6.208673155447822,0.32415249943733215,0.12253917347301523,0.13040011579340152,0.5387489795684814,0.5070180669556824,-0.8843032450077112,1,4.4,-89.48698628281896,1.0176013344597798,89.48698628281896,17.206340321281072,,,,,,,off,5.0,legged_eval-seed1,,n/a,settle,0.0,auto,off,,,,,0,WALK,first,on,1000,1,deterministic,20.0,1,200,lo,1.0,0.42,0.5,0.05,dead-reckoned-heading-hold,hold,1.0,0.3,2.649,0.5676
0,jump_on_and_off_box,8,0,0,1,heading-only,0.04,1.0197570800781364,2.5941011905670166,0.5944296147117507,0.7639302892072183,15.241825862555418,0,roll,2.2600000000000002,6.084283794988721,2.692160971233947,0.3330879807472229,0.00874207083103379,0.2628766329942551,0.614653468132019,0.42308957304984723,5.374821807084842,1,2.2600000000000002,-90.88897049724355,5.720972597904269,90.88897049724355,9.981407073919916,,,,,,,off,5.0,legged_eval-seed1,,n/a,settle,0.0,auto,off,,,,,0,WALK,first,on,1000,1,deterministic,20.0,1,200,lo,1.0,0.42,0.5,0.05,dead-reckoned-heading-hold,hold,1.0,0.3,2.649,0.5676
0,jump_on_and_off_box,9,0,1,1,heading-only,0.04,1.164556884765659,2.464733362197876,0.4930071665437741,1.3300442203974678,14.243026988144475,0,roll,12.200000000000001,54.68651764104368,4.482501445987187,0.33306097984313965,0.01348826924308681,0.0380928985408095,0.4686412811279297,0.3961991509971306,5.800181442699249,1,12.200000000000001,-91.38673960067284,0.30310661737362515,91.38673960067284,17.905838206651236,,,,,,,off,5.0,legged_eval-seed1,,n/a,settle,0.0,auto,off,,,,,0,WALK,first,on,1000,1,deterministic,20.0,1,200,lo,1.0,0.42,0.5,0.05,dead-reckoned-heading-hold,hold,1.0,0.3,2.649,0.5676
1,forward_ramp_lips,0,0,1,1,heading-only,0.04,1.4980251789093018,2.4524875640869137,0.6728848894728956,1.1913364128559483,12.760000267765845,0,roll,6.7,25.40007244367311,3.791055588607927,0.32865026593208313,0.07433211625511967,0.06753545732640504,0.4500436782836914,0.26959882836166316,0.8901455451671296,1,6.7,-88.39969612774847,7.6109221898834,88.39969612774847,12.965740581184269,,,,,,,off,5.0,legged_eval-seed1,,n/a,settle,0.0,auto,off,,,,,0,WALK,first,on,1000,1,deterministic,20.0,1,200,lo,1.0,0.42,0.5,0.05,dead-reckoned-heading-hold,hold,1.0,0.3,2.649,0.5676
1,forward_ramp_lips,1,0,1,1,heading-only,0.04,1.2143417358398452,1.5119262695312496,0.5330650486540272,1.478668922415433,12.345310072109024,0,roll,15.040000000000001,-58.96785976707855,-3.9207353568536267,0.33536481857299805,0.014251445202117364,-0.03245171080244351,-0.5137863159179688,0.43248710367283366,-4.801600125879435,1,15.040000000000001,87.25063530112635,3.233498495827633,87.25063530112635,15.383782269038678,,,,,,,off,5.0,legged_eval-seed1,,n/a,settle,0.0,auto,off,,,,,0,WALK,first,on,1000,1,deterministic,20.0,1,200,lo,1.0,0.42,0.5,0.05,dead-reckoned-heading-hold,hold,1.0,0.3,2.649,0.5676
1,forward_ramp_lips,2,0,1,1,heading-only,0.04,1.7115966796875028,1.6927619934082028,0.7750903348879922,0.7881541838577526,11.642457946626033,1,timeout,20.0,-37.52351375970599,-1.8761756879852995,0.3284556269645691,0.03557983398437514,-0.015361900329589862,-0.30582332611083984,0.30482771530742636,-0.9203371526576946,0,20.0,-0.4323029524828356,-4.397953954862046,11.545902781798812,11.434979558652998,,,,,,,off,5.0,legged_eval-seed1,,n/a,settle,0.0,auto,off,,,,,0,WALK,first,on,1000,1,deterministic,20.0,1,200,lo,1.0,0.42,0.5,0.05,dead-reckoned-heading-hold,hold,1.0,0.3,2.649,0.5676
1,forward_ramp_lips,3,0,1,1,heading-only,0.04,1.3337295532226676,1.3903585433959957,0.695009439003855,1.4450552968451849,12.980594439569453,0,roll,3.54,-10.170950436827525,-2.87314984091173,0.3370145857334137,0.09427388509114905,-0.17221510073559443,-0.5716562271118164,0.2621207304244295,-0.5319174507190109,1,3.54,87.07635960092263,4.16585070912655,87.07635960092263,17.905094838827534,,,,,,,off,5.0,legged_eval-seed1,,n/a,settle,0.0,auto,off,,,,,0,WALK,first,on,1000,1,deterministic,20.0,1,200,lo,1.0,0.42,0.5,0.05,dead-reckoned-heading-hold,hold,1.0,0.3,2.649,0.5676
1,forward_ramp_lips,4,0,0,1,heading-only,0.04,1.3492797851562557,2.535151100158691,0.6390485649149503,0.5559705776060473,12.112547891254293,0,roll,3.44,-10.56393374075725,-3.0709109711503633,0.3233337998390198,0.1015348212663534,0.15556718027868927,0.5034952163696289,0.375147699049492,-0.5278731652226937,1,3.44,-86.1920763886993,-10.451962042660773,86.1920763886993,15.98168606770867,,,,,,,off,5.0,legged_eval-seed1,,n/a,settle,0.0,auto,off,,,,,0,WALK,first,on,1000,1,deterministic,20.0,1,200,lo,1.0,0.42,0.5,0.05,dead-reckoned-heading-hold,hold,1.0,0.3,2.649,0.5676
1,forward_ramp_lips,5,0,1,1,heading-only,0.04,1.3281402587890625,1.030517196655273,1.0235101051867068,1.5293282973849083,12.659037887327074,0,roll,18.72,-35.93095220608663,-1.919388472547363,0.3285064995288849,0.017528859978048213,-0.051788611289782426,-0.9314661026000977,0.29215868576111165,-1.9111139294129023,1,18.72,91.23957227442908,1.2879851300578369,91.23957227442908,10.27836379258532,,,,,,,off,5.0,legged_eval-seed1,,n/a,settle,0.0,auto,off,,,,,0,WALK,first,on,1000,1,deterministic,20.0,1,200,lo,1.0,0.42,0.5,0.05,dead-reckoned-heading-hold,hold,1.0,0.3,2.649,0.5676
1,forward_ramp_lips,6,0,1,1,heading-only,0.04,1.7318969726562727,1.7384277343749996,0.7772343460807767,0.7753235634858043,11.92097310711353,1,timeout,20.0,-50.27495205484891,-2.5137476027424457,0.32355934381484985,0.036594848632813634,-0.013078613281250017,-0.2717609405517578,0.46998582350174267,-1.1988892937414748,0,20.0,-1.790337780134724,-5.238665551892738,10.384652100505221,9.236007651138955,,,,,,,off,5.0,legged_eval-seed1,,n/a,settle,0.0,auto,off,,,,,0,WALK,first,on,1000,1,deterministic,20.0,1,200,lo,1.0,0.42,0.5,0.05,dead-reckoned-heading-hold,hold,1.0,0.3,2.649,0.5676
1,forward_ramp_lips,7,0,1,1,heading-only,0.04,1.4908477783203296,1.4123750686645504,0.7656595858532662,1.2110420016444892,11.873701801750654,0,roll,3.9,9.416192643601022,2.414408370154108,0.3224845826625824,0.1258584046975204,-0.15067305931678193,-0.6229867935180664,0.5688925532968812,0.33481574510795775,1,3.9,88.51083055086445,-9.70096239835842,88.51083055086445,10.046313998112957,,,,,,,off,5.0,legged_eval-seed1,,n/a,settle,0.0,auto,off,,,,,0,WALK,first,on,1000,1,deterministic,20.0,1,200,lo,1.0,0.42,0.5,0.05,dead-reckoned-heading-hold,hold,1.0,0.3,2.649,0.5676
1,forward_ramp_lips,8,0,1,1,heading-only,0.04,1.4642761230468864,1.332810020446777,0.8128313399763063,1.1793723304539843,12.503537227534176,0,roll,12.84,-33.07080552051937,-2.5756079065825057,0.3352220952510834,0.03615857656128398,-0.05196183641380241,-0.6623802185058594,0.20267993036408172,-1.24321371263258,1,12.84,87.25341406606114,1.3114725950974397,87.25341406606114,12.215313373144278,,,,,,,off,5.0,legged_eval-seed1,,n/a,settle,0.0,auto,off,,,,,0,WALK,first,on,1000,1,deterministic,20.0,1,200,lo,1.0,0.42,0.5,0.05,dead-reckoned-heading-hold,hold,1.0,0.3,2.649,0.5676
1,forward_ramp_lips,9,0,1,1,heading-only,0.04,1.328344726562534,2.9117837905883786,0.9691026469064757,1.4950654102267629,12.15589882521378,0,roll,17.92,28.668421903093872,1.5998003294137204,0.32581278681755066,0.018322808401927123,0.05088079188551219,0.8824844360351562,0.34556049182978255,1.5238811927882516,1,17.92,-87.82184710235397,2.3021281611925852,87.82184710235397,12.976240463107654,,,,,,,off,5.0,legged_eval-seed1,,n/a,settle,0.0,auto,off,,,,,0,WALK,first,on,1000,1,deterministic,20.0,1,200,lo,1.0,0.42,0.5,0.05,dead-reckoned-heading-hold,hold,1.0,0.3,2.649,0.5676
2,sphere_bump_lips,0,0,0,1,heading-only,0.04,0.6142749786376953,2.682170104980468,0.7836707498905475,1.1179735531739192,15.750504690328397,0,roll,1.28,-8.113793296849224,-6.338901013163456,0.31398749351501465,-0.30134767293930054,0.5329453945159907,0.6885299682617188,0.5096184980095032,0.36713306115355837,1,1.28,-91.14030842590466,0.2484637155601568,91.14030842590466,11.371371193172024,,,,,,,off,5.0,legged_eval-seed1,,n/a,settle,0.0,auto,off,,,,,0,WALK,first,on,1000,1,deterministic,20.0,1,200,lo,1.0,0.42,0.5,0.05,dead-reckoned-heading-hold,hold,1.0,0.3,2.649,0.5676
2,sphere_bump_lips,1,0,0,1,heading-only,0.04,1.1276908874511733,2.2652751922607415,0.2944076941369596,0.4571487754723491,14.87467476171603,1,timeout,20.0,69.00760090382869,3.4503800451914346,0.32309821248054504,0.006384544372558665,0.013263759613037074,0.28421592712402344,0.06008402396229486,9.432230198373162,0,20.0,-2.36800416680156,-7.30323077472731,11.042781366381664,9.16841724051071,,,,,,,off,5.0,legged_eval-seed1,,n/a,settle,0.0,auto,off,,,,,0,WALK,first,on,1000,1,deterministic,20.0,1,200,lo,1.0,0.42,0.5,0.05,dead-reckoned-heading-hold,hold,1.0,0.3,2.649,0.5676
2,sphere_bump_lips,2,0,1,1,heading-only,0.04,2.2017623901367216,1.2909843444824212,1.3953265001841497,0.922235516570647,13.566777271448178,0,roll,7.58,12.147455383025914,1.602566673222416,0.3317599594593048,0.15854385094152,-0.0935376854244827,-0.7248210906982422,0.7920878526112136,0.17641847832231702,1,7.58,92.55171156023835,-5.8978375635607,92.55171156023835,12.149132246706694,,,,,,,off,5.0,legged_eval-seed1,,n/a,settle,0.0,auto,off,,,,,0,WALK,first,on,1000,1,deterministic,20.0,1,200,lo,1.0,0.42,0.5,0.05,dead-reckoned-heading-hold,hold,1.0,0.3,2.649,0.5676
2,sphere_bump_lips,3,0,0,1,heading-only,0.04,1.0281036376953239,2.604319763183593,0.6049728842072047,0.7667389079280248,14.484508507279823,0,roll,3.22,13.553858931775835,4.20927296017883,0.33433613181114197,0.00872783779357884,0.18767694508807237,0.6018390655517578,0.36146521427423517,8.417396611602728,1,3.22,-89.91350660925377,1.3811687926523706,89.91350660925377,11.189782960966726,,,,,,,off,5.0,legged_eval-seed1,,n/a,settle,0.0,auto,off,,,,,0,WALK,first,on,1000,1,deterministic,20.0,1,200,lo,1.0,0.42,0.5,0.05,dead-reckoned-heading-hold,hold,1.0,0.3,2.649,0.5676
2,sphere_bump_lips,4,0,1,1,heading-only,0.04,1.6763824462890682,2.5931064605712884,0.8995935122150367,1.5273626546264796,13.18696230088689,0,roll,8.94,29.809162597678466,3.334358232402513,0.3398991823196411,0.07565799175492934,0.06634300453817543,0.5836772918701172,0.28983056186962314,0.7691921004843554,1,8.94,-93.07354547850073,15.255935446894302,93.07354547850073,20.338011471194996,,,,,,,off,5.0,legged_eval-seed1,,n/a,settle,0.0,auto,off,,,,,0,WALK,first,on,1000,1,deterministic,20.0,1,200,lo,1.0,0.42,0.5,0.05,dead-reckoned-heading-hold,hold,1.0,0.3,2.649,0.5676
2,sphere_bump_lips,5,0,1,1,heading-only,0.04,2.5913238525390625,1.948109817504882,1.5921696500998694,0.6804088183079114,11.958788725907436,1,timeout,20.0,12.677797939241259,0.633889896962063,0.3263339400291443,0.07956619262695312,-0.002594509124755895,-0.047527313232421875,0.5195610503890052,0.13904731936824938,0,20.0,-18.853398725534227,-15.534477973667746,20.8633435816154,18.948589345116687,,,,,,,off,5.0,legged_eval-seed1,,n/a,settle,0.0,auto,off,,,,,0,WALK,first,on,1000,1,deterministic,20.0,1,200,lo,1.0,0.42,0.5,0.05,dead-reckoned-heading-hold,hold,1.0,0.3,2.649,0.5676
2,sphere_bump_lips,6,0,1,1,heading-only,0.04,1.5006958007812727,2.76705093383789,0.9160040502211653,1.2172884446376266,12.672539755687266,0,roll,5.0600000000000005,-5.28348934009631,-1.044167853773974,0.3294166624546051,0.0989517392848365,0.15159109364385176,0.7389259338378906,0.5659855612768561,-0.18417227553099963,1,5.0600000000000005,-88.32600918153138,-2.887664609887973,88.32600918153138,14.74701670654013,,,,,,,off,5.0,legged_eval-seed1,,n/a,settle,0.0,auto,off,,,,,0,WALK,first,on,1000,1,deterministic,20.0,1,200,lo,1.0,0.42,0.5,0.05,dead-reckoned-heading-hold,hold,1.0,0.3,2.649,0.5676
2,sphere_bump_lips,7,0,0,1,heading-only,0.04,0.889727783203142,1.3382293701171868,0.670895169436171,0.9002069457461692,12.77742100008188,0,roll,2.08,-21.4889927583784,-10.331246518451154,0.32089197635650635,-0.053015488844643244,-0.3181589566744294,-0.6760463714599609,0.4660491124670188,3.401162028526555,1,2.08,86.86057112357487,8.233775718963843,86.86057112357487,15.453850962151279,,,,,,,off,5.0,legged_eval-seed1,,n/a,settle,0.0,auto,off,,,,,0,WALK,first,on,1000,1,deterministic,20.0,1,200,lo,1.0,0.42,0.5,0.05,dead-reckoned-heading-hold,hold,1.0,0.3,2.649,0.5676
2,sphere_bump_lips,8,0,1,1,heading-only,0.04,2.5378234863281364,1.97603530883789,1.5380102020223791,0.4458041865391502,10.912202828574719,1,timeout,20.0,19.109825231508268,0.9554912615754134,0.3308531641960144,0.07689117431640682,-0.0011982345581055044,-0.021898269653320312,0.9771805836433958,0.21688403951150176,0,20.0,-20.88084985207772,2.6709513101237055,25.166515148167306,7.891219082494451,,,,,,,off,5.0,legged_eval-seed1,,n/a,settle,0.0,auto,off,,,,,0,WALK,first,on,1000,1,deterministic,20.0,1,200,lo,1.0,0.42,0.5,0.05,dead-reckoned-heading-hold,hold,1.0,0.3,2.649,0.5676
2,sphere_bump_lips,9,0,1,1,heading-only,0.04,1.208044433593784,1.4716846466064446,0.56780242953048,2.131470807380644,11.953636261098595,0,roll,5.34,-30.23258820791895,-5.661533372269466,0.3349517583847046,0.0389596317591356,-0.0989354594369954,-0.5309467315673828,0.3141285765231549,-2.536276489175738,1,5.34,90.76366838955677,-3.726274529669371,90.76366838955677,14.817399729373863,,,,,,,off,5.0,legged_eval-seed1,,n/a,settle,0.0,auto,off,,,,,0,WALK,first,on,1000,1,deterministic,20.0,1,200,lo,1.0,0.42,0.5,0.05,dead-reckoned-heading-hold,hold,1.0,0.3,2.649,0.5676
3,forward_ramp_no_lips,0,0,1,1,heading-only,0.04,1.3392913341522217,2.658634948730466,0.7408904137050081,1.2538363541510191,9.383851380034049,0,roll,4.44,5.515624100917307,1.2422576803867809,0.3418880105018616,0.07641696715140127,0.14834120466902384,0.665771484375,0.40364427140546705,0.2837260819050856,1,4.44,-87.01360436855249,0.623369029213416,87.01360436855249,14.957623844830843,,,,,,,off,5.0,legged_eval-seed1,,n/a,settle,0.0,auto,off,,,,,0,WALK,first,on,1000,1,deterministic,20.0,1,200,lo,1.0,0.42,0.5,0.05,dead-reckoned-heading-hold,hold,1.0,0.3,2.649,0.5676
3,forward_ramp_no_lips,1,0,1,1,heading-only,0.04,1.437070465087892,1.3991268157958956,0.7430203058784638,1.1946463022228986,9.43208836964096,0,roll,4.88,2.475073288308778,0.507187149243602,0.32679450511932373,0.08956361989505984,-0.1231297508614968,-0.5995368957519531,0.39532295347386914,0.09883572915516992,1,4.88,86.25106298845334,3.800236679138234,86.25106298845334,17.932934213584524,,,,,,,off,5.0,legged_eval-seed1,,n/a,settle,0.0,auto,off,,,,,0,WALK,first,on,1000,1,deterministic,20.0,1,200,lo,1.0,0.42,0.5,0.05,dead-reckoned-heading-hold,hold,1.0,0.3,2.649,0.5676
3,forward_ramp_no_lips,2,0,1,1,heading-only,0.04,1.541194152832034,2.6626480102539034,0.8555661847882023,1.1357756492852864,9.132877221713587,0,roll,9.44,39.610809014498386,4.196060276959575,0.34742364287376404,0.057329889071190056,0.070195763798083,0.6558971405029297,0.2088927073351118,1.2774325684487065,1,9.44,-91.0781612390822,0.4091155507471586,91.0781612390822,21.64574774962931,,,,,,,off,5.0,legged_eval-seed1,,n/a,settle,0.0,auto,off,,,,,0,WALK,first,on,1000,1,deterministic,20.0,1,200,lo,1.0,0.42,0.5,0.05,dead-reckoned-heading-hold,hold,1.0,0.3,2.649,0.5676
3,forward_ramp_no_lips,3,0,1,1,heading-only,0.04,1.3564041137695426,2.545208740234372,0.6513650763894271,1.1264391988929245,9.609075637059268,0,roll,4.62,27.3416623380258,5.918108731174415,0.3344789445400238,0.07714374756916506,0.11801054983427968,0.5370807647705078,0.2001797833446921,1.3389352488665396,1,4.62,-88.10979342879786,16.189483029289967,88.10979342879786,20.43619713733762,,,,,,,off,5.0,legged_eval-seed1,,n/a,settle,0.0,auto,off,,,,,0,WALK,first,on,1000,1,deterministic,20.0,1,200,lo,1.0,0.42,0.5,0.05,dead-reckoned-heading-hold,hold,1.0,0.3,2.649,0.5676
3,forward_ramp_no_lips,4,0,0,1,heading-only,0.04,1.3636993408203182,2.51960639953613,0.6342460255705464,0.5371858897362403,8.90147910269839,0,roll,3.04,-12.464922117591783,-4.100303328155192,0.3246983289718628,0.11963794105931519,0.170923157742148,0.5279312133789062,0.39788957265268404,-0.5981697175088383,1,3.04,-88.41296056535506,0.9071241314497905,88.41296056535506,13.26278724032905,,,,,,,off,5.0,legged_eval-seed1,,n/a,settle,0.0,auto,off,,,,,0,WALK,first,on,1000,1,deterministic,20.0,1,200,lo,1.0,0.42,0.5,0.05,dead-reckoned-heading-hold,hold,1.0,0.3,2.649,0.5676
3,forward_ramp_no_lips,5,0,1,1,heading-only,0.04,1.671722412109375,2.721865463256833,0.9860531151885477,0.9210426382061279,9.106932178831697,0,roll,6.26,9.041170523386285,1.4442764414355087,0.34323036670684814,0.10730389969798323,0.11531397176626727,0.7167015075683594,0.3144330294722647,0.23491577923062618,1,6.26,-88.19690455038916,13.729250512743532,88.19690455038916,20.91090913139897,,,,,,,off,5.0,legged_eval-seed1,,n/a,settle,0.0,auto,off,,,,,0,WALK,first,on,1000,1,deterministic,20.0,1,200,lo,1.0,0.42,0.5,0.05,dead-reckoned-heading-hold,hold,1.0,0.3,2.649,0.5676
3,forward_ramp_no_lips,6,0,1,1,heading-only,0.04,1.5981994628906477,2.689488220214841,0.9128179463713936,1.1423638289177944,9.427048708127307,0,roll,6.5200000000000005,-8.054786995450485,-1.2353967784433257,0.3333137631416321,0.09174838387893369,0.10574972702681608,0.6879539489746094,0.5970934597541924,-0.23500949489005357,1,6.5200000000000005,-87.29729322791543,1.581723213618506,87.29729322791543,10.828604016253779,,,,,,,off,5.0,legged_eval-seed1,,n/a,settle,0.0,auto,off,,,,,0,WALK,first,on,1000,1,deterministic,20.0,1,200,lo,1.0,0.42,0.5,0.05,dead-reckoned-heading-hold,hold,1.0,0.3,2.649,0.5676
3,forward_ramp_no_lips,7,0,1,1,heading-only,0.04,1.4457427978515796,1.528080749511716,0.6491489973942638,1.150131466657892,10.165217513972063,0,roll,10.32,-35.86890541567044,-3.4756691294254303,0.35799404978752136,0.04319213157476546,-0.04572860954343838,-0.4807872772216797,0.5335373608002172,-1.4044657627835098,1,10.32,88.69526186324296,0.13925410383273507,88.69526186324296,17.62500296676792,,,,,,,off,5.0,legged_eval-seed1,,n/a,settle,0.0,auto,off,,,,,0,WALK,first,on,1000,1,deterministic,20.0,1,200,lo,1.0,0.42,0.5,0.05,dead-reckoned-heading-hold,hold,1.0,0.3,2.649,0.5676
3,forward_ramp_no_lips,8,0,1,1,heading-only,0.04,1.5163085937500114,2.5638092041015597,0.7644968166119126,1.0034724155698225,9.999598737642401,0,roll,9.52,31.035544803067296,3.26003621880959,0.33097854256629944,0.05423409598214406,0.05922365589302098,0.5510005950927734,0.1794145388713037,1.0491253651803611,1,9.52,-90.59763953175691,3.357393966128729,90.59763953175691,21.440415935178347,,,,,,,off,5.0,legged_eval-seed1,,n/a,settle,0.0,auto,off,,,,,0,WALK,first,on,1000,1,deterministic,20.0,1,200,lo,1.0,0.42,0.5,0.05,dead-reckoned-heading-hold,hold,1.0,0.3,2.649,0.5676
3,forward_ramp_no_lips,9,0,1,1,heading-only,0.04,1.668737792968784,2.3251407623290987,0.7435904457917059,0.7914307418680973,9.48683559221967,0,roll,8.98,11.739486425015912,1.3072924749460926,0.3279494643211365,0.07446968741300491,0.036207211840656874,0.3128700256347656,0.3214739529352978,0.3063871860749916,1,8.98,-89.52541215647057,3.782806397025702,89.52541215647057,11.821065284963685,,,,,,,off,5.0,legged_eval-seed1,,n/a,settle,0.0,auto,off,,,,,0,WALK,first,on,1000,1,deterministic,20.0,1,200,lo,1.0,0.42,0.5,0.05,dead-reckoned-heading-hold,hold,1.0,0.3,2.649,0.5676
4,flush_a_frame,0,0,1,1,heading-only,0.04,1.3930339813232422,1.7011779785156236,0.493731010772878,1.2598811764035882,12.710479141257023,0,roll,6.5600000000000005,-45.44559948466704,-6.927682848272415,0.3314543068408966,0.059913716665128375,-0.04555213742139884,-0.3102912902832031,0.5501808104717976,-2.0180833699917375,1,6.5600000000000005,88.65454141025283,2.5498875813602835,88.65454141025283,14.117507158796199,,,,,,,off,5.0,legged_eval-seed1,,n/a,settle,0.0,auto,off,,,,,0,WALK,first,on,1000,1,deterministic,20.0,1,200,lo,1.0,0.42,0.5,0.05,dead-reckoned-heading-hold,hold,1.0,0.3,2.649,0.5676
4,flush_a_frame,1,0,1,1,heading-only,0.04,1.5706115722656264,2.858408355712889,1.0307582022769242,1.480841732382693,12.758299050002536,0,roll,6.62,-1.0366311269076505,-0.15659080466882938,0.3335667550563812,0.08619510155069886,0.12966893590829143,0.8154945373535156,0.5744048604265672,-0.03170742966421185,1,6.62,-91.88947229743499,1.4840744778061192,91.88947229743499,11.177864932119526,,,,,,,off,5.0,legged_eval-seed1,,n/a,settle,0.0,auto,off,,,,,0,WALK,first,on,1000,1,deterministic,20.0,1,200,lo,1.0,0.42,0.5,0.05,dead-reckoned-heading-hold,hold,1.0,0.3,2.649,0.5676
4,flush_a_frame,2,0,1,1,heading-only,0.04,1.7415496826171903,2.5237182617187486,0.9078418086028883,1.0967981302091767,11.570309181567467,0,roll,6.0200000000000005,-7.959009918909999,-1.322094670915282,0.33126482367515564,0.12318101040152662,0.08699638898982534,0.5154838562011719,0.447263409700392,-0.18732518068593962,1,6.0200000000000005,-90.59653651142851,-1.281029851725432,90.59653651142851,19.982001711054878,,,,,,,off,5.0,legged_eval-seed1,,n/a,settle,0.0,auto,off,,,,,0,WALK,first,on,1000,1,deterministic,20.0,1,200,lo,1.0,0.42,0.5,0.05,dead-reckoned-heading-hold,hold,1.0,0.3,2.649,0.5676
4,flush_a_frame,3,0,1,1,heading-only,0.04,1.3659942626953239,2.734396362304686,0.820542392135988,1.3446011513884546,13.35421457890506,0,roll,7.0600000000000005,36.436444151639535,5.160969426577838,0.3356132507324219,0.051840547123983546,0.10402214763522465,0.7309379577636719,0.2319308044128135,1.737557068468404,1,7.0600000000000005,-90.99223026540639,-1.2957967214463941,90.99223026540639,12.130562997609875,,,,,,,off,5.0,legged_eval-seed1,,n/a,settle,0.0,auto,off,,,,,0,WALK,first,on,1000,1,deterministic,20.0,1,200,lo,1.0,0.42,0.5,0.05,dead-reckoned-heading-hold,hold,1.0,0.3,2.649,0.5676
4,flush_a_frame,4,0,1,1,heading-only,0.04,1.3028625488281307,2.6326545715332017,0.7014110994021486,1.3564631126586864,12.912645206978375,0,roll,4.74,3.994515204059553,0.8427247265948424,0.33285340666770935,0.06389505249538621,0.13347142859350247,0.6349945068359375,0.41607326308502723,0.2301949930804281,1,4.74,-88.04916654810846,-1.3686199720654262,88.04916654810846,18.95196008046433,,,,,,,off,5.0,legged_eval-seed1,,n/a,settle,0.0,auto,off,,,,,0,WALK,first,on,1000,1,deterministic,20.0,1,200,lo,1.0,0.42,0.5,0.05,dead-reckoned-heading-hold,hold,1.0,0.3,2.649,0.5676
4,flush_a_frame,5,0,1,1,heading-only,0.04,1.53497314453125,1.550783538818358,0.6985640230975336,1.3804220722938525,13.372574108091442,0,roll,7.0600000000000005,-26.083299660425325,-3.6945183654993374,0.3347153067588806,0.07577523293643768,-0.06362839393507677,-0.4504127502441406,0.2796965570442907,-0.8509575920070291,1,7.0600000000000005,86.70996093833566,1.3860759512990841,86.70996093833566,16.951005730933826,,,,,,,off,5.0,legged_eval-seed1,,n/a,settle,0.0,auto,off,,,,,0,WALK,first,on,1000,1,deterministic,20.0,1,200,lo,1.0,0.42,0.5,0.05,dead-reckoned-heading-hold,hold,1.0,0.3,2.649,0.5676
4,flush_a_frame,6,0,0,1,heading-only,0.04,1.0230957031250227,2.567404174804686,0.567874025721045,0.7412052387588767,14.188254400747741,0,roll,2.64,1.4878732689885226,0.5635883594653495,0.3250918984413147,0.008748372395841945,0.2149258237896538,0.560333251953125,0.3559900477882379,1.1243774331393255,1,2.64,-90.53807638755043,2.771908459005841,90.53807638755043,16.49075543731965,,,,,,,off,5.0,legged_eval-seed1,,n/a,settle,0.0,auto,off,,,,,0,WALK,first,on,1000,1,deterministic,20.0,1,200,lo,1.0,0.42,0.5,0.05,dead-reckoned-heading-hold,hold,1.0,0.3,2.649,0.5676
4,flush_a_frame,7,0,1,1,heading-only,0.04,1.4346954345703296,1.4023384094238267,0.7390260466900535,1.3226711353795726,12.279857306157934,0,roll,13.4,-27.127374777037602,-2.0244309535102687,0.34462907910346985,0.032439957803755935,-0.044601611237027855,-0.5664138793945312,0.3600098879361288,-1.0891809980699652,1,13.4,90.24534896435945,-4.35085226223142,90.24534896435945,17.211140736569615,,,,,,,off,5.0,legged_eval-seed1,,n/a,settle,0.0,auto,off,,,,,0,WALK,first,on,1000,1,deterministic,20.0,1,200,lo,1.0,0.42,0.5,0.05,dead-reckoned-heading-hold,hold,1.0,0.3,2.649,0.5676
4,flush_a_frame,8,0,1,1,heading-only,0.04,1.2251708984375114,1.4227661132812486,0.619597364003102,1.4281509042176395,12.588070777266848,0,roll,4.34,-4.702898158147121,-1.0836170871306732,0.3371308445930481,0.05188269549251414,-0.13300319970478144,-0.5793113708496094,0.3601093395977267,-0.3645278222683963,1,4.34,91.0240949947779,5.918155433798302,91.0240949947779,14.819632365094272,,,,,,,off,5.0,legged_eval-seed1,,n/a,settle,0.0,auto,off,,,,,0,WALK,first,on,1000,1,deterministic,20.0,1,200,lo,1.0,0.42,0.5,0.05,dead-reckoned-heading-hold,hold,1.0,0.3,2.649,0.5676
4,flush_a_frame,9,0,1,1,heading-only,0.04,1.972692871093784,3.4488281249999986,1.74505998672472,1.5253011057349617,12.114256878109748,0,roll,11.8,27.202440626571786,2.3052915785230326,0.34519651532173157,0.08243159924523594,0.1227820444915253,1.4414138793945312,0.7880445255158027,0.4881007845550159,1,11.8,-88.53526539438907,2.467124631449941,88.53526539438907,13.599095659348423,,,,,,,off,5.0,legged_eval-seed1,,n/a,settle,0.0,auto,off,,,,,0,WALK,first,on,1000,1,deterministic,20.0,1,200,lo,1.0,0.42,0.5,0.05,dead-reckoned-heading-hold,hold,1.0,0.3,2.649,0.5676
5,sphere_bump,0,0,0,1,heading-only,0.04,1.037552833557129,2.0520401000976562,0.0641746626507963,0.46536604277623717,14.91253796856753,1,timeout,20.0,-0.8178231433134613,-0.04089115716567306,0.33971861004829407,0.0018776416778564452,0.0026020050048828126,0.0499267578125,0.09173175528671162,-0.38009665843497115,0,20.0,-4.868874437910802,7.003436430674814,12.383747240910505,9.225172329978975,,,,,,,off,5.0,legged_eval-seed1,,n/a,settle,0.0,auto,off,,,,,0,WALK,first,on,1000,1,deterministic,20.0,1,200,lo,1.0,0.42,0.5,0.05,dead-reckoned-heading-hold,hold,1.0,0.3,2.649,0.5676
5,sphere_bump,1,0,1,1,heading-only,0.04,2.33918914794922,1.3628501892089844,1.4830331942933663,1.0277527946040366,13.22616661206314,0,roll,7.74,9.888310946671709,1.277559553833554,0.33278876543045044,0.1730218537402093,-0.0823190970014232,-0.6098785400390625,0.634771259247037,0.12887170101751963,1,7.74,86.08622588302883,1.1413691131689898,86.08622588302883,12.023545727735161,,,,,,,off,5.0,legged_eval-seed1,,n/a,settle,0.0,auto,off,,,,,0,WALK,first,on,1000,1,deterministic,20.0,1,200,lo,1.0,0.42,0.5,0.05,dead-reckoned-heading-hold,hold,1.0,0.3,2.649,0.5676
5,sphere_bump,2,0,1,1,heading-only,0.04,1.1765167236328153,1.4368743896484375,0.5901428697831429,1.7770875992115602,14.184665616026848,0,roll,2.9,-9.5223501225978,-3.283569007792345,0.3221692144870758,0.06086783573545357,-0.19418124494881467,-0.5778694152832031,0.3182393721064079,-0.9415332368888393,1,2.9,86.99628246332821,0.19700463658695389,86.99628246332821,14.805681291404904,,,,,,,off,5.0,legged_eval-seed1,,n/a,settle,0.0,auto,off,,,,,0,WALK,first,on,1000,1,deterministic,20.0,1,200,lo,1.0,0.42,0.5,0.05,dead-reckoned-heading-hold,hold,1.0,0.3,2.649,0.5676
5,sphere_bump,3,0,1,1,heading-only,0.04,1.9501235961914176,2.7387161254882812,1.2035100174473539,1.8771712096342437,12.72134278235087,0,roll,8.1,-19.487299339743487,-2.40583942465969,0.3355584144592285,0.11729920940634786,0.09119952166521991,0.7277183532714844,0.772793033071951,-0.3579718861457671,1,8.1,-86.2804986639854,-4.723401041455255,86.2804986639854,30.39654165377332,,,,,,,off,5.0,legged_eval-seed1,,n/a,settle,0.0,auto,off,,,,,0,WALK,first,on,1000,1,deterministic,20.0,1,200,lo,1.0,0.42,0.5,0.05,dead-reckoned-heading-hold,hold,1.0,0.3,2.649,0.5676
5,sphere_bump,4,0,0,1,heading-only,0.04,1.2717041015625057,2.7677764892578125,0.8144346850809709,0.8009992226590701,13.30047452927599,0,roll,2.82,-0.7087343244865281,-0.251324228541322,0.32412537932395935,0.09634897218528571,0.27226116640347964,0.7551498413085938,0.5571409399134706,-0.04552653939727928,1,2.82,-90.26134994467172,0.4341075004847741,90.26134994467172,10.725554792737558,,,,,,,off,5.0,legged_eval-seed1,,n/a,settle,0.0,auto,off,,,,,0,WALK,first,on,1000,1,deterministic,20.0,1,200,lo,1.0,0.42,0.5,0.05,dead-reckoned-heading-hold,hold,1.0,0.3,2.649,0.5676
5,sphere_bump,5,0,0,1,heading-only,0.04,0.909454345703125,1.3744544982910156,0.6320646250348094,0.8602623695810884,13.305258771014474,0,roll,1.98,-18.480231900857632,-9.333450454978601,0.3099716603755951,-0.04573012843276515,-0.31593207157019415,-0.6252555847167969,0.4032838638318473,3.5621907611880586,1,1.98,89.18376768134708,10.094284392787824,89.18376768134708,18.71153153050495,,,,,,,off,5.0,legged_eval-seed1,,n/a,settle,0.0,auto,off,,,,,0,WALK,first,on,1000,1,deterministic,20.0,1,200,lo,1.0,0.42,0.5,0.05,dead-reckoned-heading-hold,hold,1.0,0.3,2.649,0.5676
5,sphere_bump,6,0,1,1,heading-only,0.04,1.8232208251953352,2.5105857849121094,0.968705512934454,1.1234120081702266,12.237435467988856,0,roll,8.540000000000001,5.739241764639445,0.6720423611989982,0.3326125741004944,0.09639588117041395,0.05978756263607837,0.5146636962890625,0.2617852423557584,0.12167897397051343,1,8.540000000000001,-91.92905366299445,-1.3524953606542698,91.92905366299445,12.251009195505496,,,,,,,off,5.0,legged_eval-seed1,,n/a,settle,0.0,auto,off,,,,,0,WALK,first,on,1000,1,deterministic,20.0,1,200,lo,1.0,0.42,0.5,0.05,dead-reckoned-heading-hold,hold,1.0,0.3,2.649,0.5676
5,sphere_bump,7,0,0,1,heading-only,0.04,1.522113037109392,1.179595947265625,0.9724529979708945,0.8207020142251318,12.255377692546745,0,roll,11.94,-14.240720200349585,-1.1926901340326286,0.3335278332233429,0.04372806005941307,-0.06871055718043342,-0.79248046875,0.48363929301521186,-0.4760414655175363,1,11.94,90.71748696555869,0.43849491810255425,90.71748696555869,21.093370850783018,,,,,,,off,5.0,legged_eval-seed1,,n/a,settle,0.0,auto,off,,,,,0,WALK,first,on,1000,1,deterministic,20.0,1,200,lo,1.0,0.42,0.5,0.05,dead-reckoned-heading-hold,hold,1.0,0.3,2.649,0.5676
5,sphere_bump,8,0,1,1,heading-only,0.04,2.5608032226562614,2.65948486328125,1.6944105124648101,1.3700493733922476,10.859240630121219,0,roll,9.200000000000001,13.325734123524086,1.448449361252618,0.328022837638855,0.16965252420176752,0.07168313731317934,0.6654701232910156,0.8109303101638973,0.14901169623742963,1,9.200000000000001,-89.5452356163618,-0.509030213905156,89.5452356163618,15.052335224832614,,,,,,,off,5.0,legged_eval-seed1,,n/a,settle,0.0,auto,off,,,,,0,WALK,first,on,1000,1,deterministic,20.0,1,200,lo,1.0,0.42,0.5,0.05,dead-reckoned-heading-hold,hold,1.0,0.3,2.649,0.5676
5,sphere_bump,9,0,1,1,heading-only,0.04,2.054907226562534,2.7641029357910156,1.302567676989686,0.8608783707652431,11.221138779212929,0,roll,8.94,-28.905330005295923,-3.23325838985413,0.3212392330169678,0.11799857120386288,0.08547012704597491,0.7582511901855469,0.9896964344179953,-0.47823464212283306,1,8.94,-86.70607347394066,-1.3800048174585295,86.70607347394066,30.253647832927797,,,,,,,off,5.0,legged_eval-seed1,,n/a,settle,0.0,auto,off,,,,,0,WALK,first,on,1000,1,deterministic,20.0,1,200,lo,1.0,0.42,0.5,0.05,dead-reckoned-heading-hold,hold,1.0,0.3,2.649,0.5676
6,box_jump_even,0,0,1,1,heading-only,0.04,1.5069873332977295,1.462358093261713,0.7389823922161636,1.1281498204629417,9.957537833725915,0,roll,5.0200000000000005,9.188321227266584,1.8303428739574867,0.32475054264068604,0.10099349268879072,-0.1070999814219695,-0.5641860961914062,0.4340298859926187,0.31631255381386914,1,5.0200000000000005,86.6827991638115,1.5339992683404498,86.6827991638115,17.91889999802696,,,,,,,off,5.0,legged_eval-seed1,,n/a,settle,0.0,auto,off,,,,,0,WALK,first,on,1000,1,deterministic,20.0,1,200,lo,1.0,0.42,0.5,0.05,dead-reckoned-heading-hold,hold,1.0,0.3,2.649,0.5676
6,box_jump_even,1,0,2,1,heading-only,0.04,3.1216560363769545,2.958207702636713,2.3280005021664185,1.2712495445318153,8.18462812792124,0,roll,9.24,-43.83191336525644,-4.743713567668446,0.3318442702293396,0.22961645415335005,0.10370213231999059,0.9481887817382812,1.6328347749229577,-0.3605726812245231,1,9.24,-86.76155297165378,14.866308306004955,86.76155297165378,15.358320775479179,,,,,,,off,5.0,legged_eval-seed1,,n/a,settle,0.0,auto,off,,,,,0,WALK,first,on,1000,1,deterministic,20.0,1,200,lo,1.0,0.42,0.5,0.05,dead-reckoned-heading-hold,hold,1.0,0.3,2.649,0.5676
6,box_jump_even,2,0,1,1,heading-only,0.04,2.073107910156253,1.6082092285156193,1.14239248748416,0.4598657409022597,9.435030179187502,0,roll,8.02,-9.900954056390617,-1.2345329247369847,0.3338809311389923,0.1338039788224754,-0.04885171714269086,-0.37313079833984375,0.5662338480094098,-0.16103156610554006,1,8.02,88.93213298379335,2.16538100081374,88.93213298379335,15.460809661307579,,,,,,,off,5.0,legged_eval-seed1,,n/a,settle,0.0,auto,off,,,,,0,WALK,first,on,1000,1,deterministic,20.0,1,200,lo,1.0,0.42,0.5,0.05,dead-reckoned-heading-hold,hold,1.0,0.3,2.649,0.5676
6,box_jump_even,3,0,0,1,heading-only,0.04,0.8519866943359489,2.5834785461425724,0.6019594275881472,0.8719910883296349,10.514215642629173,0,roll,1.76,0.5712015514865811,0.3245463360719211,0.3181080222129822,-0.08409846912730178,0.3315219012173707,0.5570640563964844,0.36892215274099954,-0.06735440250600434,1,1.76,-89.33775530298539,0.01769976785512262,89.33775530298539,20.803869494748326,,,,,,,off,5.0,legged_eval-seed1,,n/a,settle,0.0,auto,off,,,,,0,WALK,first,on,1000,1,deterministic,20.0,1,200,lo,1.0,0.42,0.5,0.05,dead-reckoned-heading-hold,hold,1.0,0.3,2.649,0.5676
6,box_jump_even,4,0,0,1,heading-only,0.04,0.8284973144531307,2.6110664367675724,0.6346773678756837,0.9079196257601635,11.387909181124655,0,roll,1.6400000000000001,21.352904991262164,13.020064019062294,0.3107622563838959,-0.10457480826028616,0.3726014858338856,0.5974960327148438,0.42362101218973486,-2.1730184327708844,1,1.6400000000000001,-92.73671102977897,11.486484175078072,92.73671102977897,17.408018816317654,,,,,,,off,5.0,legged_eval-seed1,,n/a,settle,0.0,auto,off,,,,,0,WALK,first,on,1000,1,deterministic,20.0,1,200,lo,1.0,0.42,0.5,0.05,dead-reckoned-heading-hold,hold,1.0,0.3,2.649,0.5676
6,box_jump_even,5,0,0,1,heading-only,0.04,0.7175445556640625,1.4094367980956974,0.6546342287709022,0.9803067978007759,11.397765431773728,0,roll,2.12,-24.546028092902247,-11.578315138161438,0.30501842498779297,-0.1332337001584611,-0.2785675480680672,-0.5804901123046875,0.42762821197210854,1.5167312831068742,1,2.12,90.07736951673513,0.019177505511459702,90.07736951673513,13.457497488815138,,,,,,,off,5.0,legged_eval-seed1,,n/a,settle,0.0,auto,off,,,,,0,WALK,first,on,1000,1,deterministic,20.0,1,200,lo,1.0,0.42,0.5,0.05,dead-reckoned-heading-hold,hold,1.0,0.3,2.649,0.5676
6,box_jump_even,6,0,2,1,heading-only,0.04,3.0291992187500227,2.171853637695307,2.0364633908236143,0.9572113639190057,8.772484255737625,0,below,9.36,-15.369129108124156,-1.6420009730901877,0.3293660581111908,0.2167947883279939,0.018360431377703722,0.15994644165039062,0.8584163378781497,-0.1321910158560488,1,9.36,-57.472291827236475,58.297016239797266,57.472291827236475,58.297016239797266,,,,,,,off,5.0,legged_eval-seed1,,n/a,settle,0.0,auto,off,,,,,0,WALK,first,on,1000,1,deterministic,20.0,1,200,lo,1.0,0.42,0.5,0.05,dead-reckoned-heading-hold,hold,1.0,0.3,2.649,0.5676
6,box_jump_even,7,0,0,1,heading-only,0.04,0.974810791015642,2.497350311279291,0.49798777934690874,0.7233125447296096,10.836608267462685,0,roll,1.84,9.960288785455504,5.4132004268779905,0.31678706407546997,-0.013689787491498883,0.27029908221700605,0.50048828125,0.33987652388784134,-6.901361367227414,1,1.84,-92.50614880912099,4.225965935783699,92.50614880912099,12.10915030333347,,,,,,,off,5.0,legged_eval-seed1,,n/a,settle,0.0,auto,off,,,,,0,WALK,first,on,1000,1,deterministic,20.0,1,200,lo,1.0,0.42,0.5,0.05,dead-reckoned-heading-hold,hold,1.0,0.3,2.649,0.5676
6,box_jump_even,8,0,1,1,heading-only,0.04,1.5011413574218864,1.609574890136713,0.6352750794186803,0.9889477856114495,10.656013426982057,0,roll,4.6000000000000005,0.8747443602905491,0.19016181745446717,0.33545324206352234,0.10894377335258398,-0.08487502388332324,-0.4188957214355469,0.27729518964481237,0.030464795958695827,1,4.6000000000000005,88.51086932481412,-3.765315933982071,88.51086932481412,11.061203124988312,,,,,,,off,5.0,legged_eval-seed1,,n/a,settle,0.0,auto,off,,,,,0,WALK,first,on,1000,1,deterministic,20.0,1,200,lo,1.0,0.42,0.5,0.05,dead-reckoned-heading-hold,hold,1.0,0.3,2.649,0.5676
6,box_jump_even,9,0,1,1,heading-only,0.04,1.675238037109409,1.56307754516601,0.804268386981316,0.8052669382987129,10.533827206056046,0,roll,5.14,2.126992771444634,0.41381182323825566,0.3299691081047058,0.13136926792011852,-0.08500436864474516,-0.4676666259765625,0.2894522668236895,0.054977689329745255,1,5.14,85.99670603102443,3.944831015886899,85.99670603102443,11.586559904036179,,,,,,,off,5.0,legged_eval-seed1,,n/a,settle,0.0,auto,off,,,,,0,WALK,first,on,1000,1,deterministic,20.0,1,200,lo,1.0,0.42,0.5,0.05,dead-reckoned-heading-hold,hold,1.0,0.3,2.649,0.5676
7,box_jump_uneven,0,0,0,1,heading-only,0.04,0.8198476433753967,1.3867332458496051,0.639179930335394,0.9158074797511551,11.496520962580794,0,roll,1.54,0.39064589540095085,0.25366616584477325,0.3044782876968384,-0.11698204975623588,-0.3982251650327239,-0.5870018005371094,0.37538095271534005,-0.037846061033524274,1,1.54,90.34659351258145,0.14597384758103427,90.34659351258145,12.52531162824528,,,,,,,off,5.0,legged_eval-seed1,,n/a,settle,0.0,auto,off,,,,,0,WALK,first,on,1000,1,deterministic,20.0,1,200,lo,1.0,0.42,0.5,0.05,dead-reckoned-heading-hold,hold,1.0,0.3,2.649,0.5676
7,box_jump_uneven,1,0,2,1,heading-only,0.04,2.5529495239257827,2.6968414306640582,1.702128139521595,1.921084636090852,10.071187181671936,0,roll,14.26,16.89412551216276,1.1847212841628862,0.3766797184944153,0.1089024911588908,0.04886686049537575,0.6977119445800781,0.6029462612667955,0.18986973490743356,1,14.26,-89.25304496291383,13.423394941893255,89.25304496291383,14.572266699310193,,,,,,,off,5.0,legged_eval-seed1,,n/a,settle,0.0,auto,off,,,,,0,WALK,first,on,1000,1,deterministic,20.0,1,200,lo,1.0,0.42,0.5,0.05,dead-reckoned-heading-hold,hold,1.0,0.3,2.649,0.5676
7,box_jump_uneven,2,0,1,1,heading-only,0.04,1.4704315185546903,2.4235260009765582,0.6329929597972378,1.2140901121698358,10.78788537757388,0,roll,7.94,60.874637402826494,7.666830907156989,0.3360583782196045,0.05924830208497359,0.05334080616833227,0.4493904113769531,0.4479500930474717,2.258485691820189,1,7.94,-86.15190445756949,1.5029819915890965,86.15190445756949,16.56526907984345,,,,,,,off,5.0,legged_eval-seed1,,n/a,settle,0.0,auto,off,,,,,0,WALK,first,on,1000,1,deterministic,20.0,1,200,lo,1.0,0.42,0.5,0.05,dead-reckoned-heading-hold,hold,1.0,0.3,2.649,0.5676
7,box_jump_uneven,3,0,1,1,heading-only,0.04,1.7662475585937614,2.9039833068847614,1.185040564781311,1.2287440463500339,11.22022747050105,0,roll,10.38,10.20506924860618,0.9831473264553159,0.35518643260002136,0.07381961065450494,0.0870889505669327,0.8977622985839844,0.5037475575141983,0.2324471468582265,1,10.38,-88.84921823354873,9.730887911931724,88.84921823354873,13.803034628601933,,,,,,,off,5.0,legged_eval-seed1,,n/a,settle,0.0,auto,off,,,,,0,WALK,first,on,1000,1,deterministic,20.0,1,200,lo,1.0,0.42,0.5,0.05,dead-reckoned-heading-hold,hold,1.0,0.3,2.649,0.5676
7,box_jump_uneven,4,0,1,1,heading-only,0.04,1.4577545166015682,2.7473480224609332,0.8763950388639833,1.23067618606753,11.117393531338605,0,roll,6.96,27.393786434810124,3.9358888555761675,0.32853248715400696,0.06576932709792646,0.10737758943404213,0.7414016723632812,0.2373334745803651,1.0444719834228233,1,6.96,-86.46235610891294,2.4295686048258753,86.46235610891294,13.976284172436252,,,,,,,off,5.0,legged_eval-seed1,,n/a,settle,0.0,auto,off,,,,,0,WALK,first,on,1000,1,deterministic,20.0,1,200,lo,1.0,0.42,0.5,0.05,dead-reckoned-heading-hold,hold,1.0,0.3,2.649,0.5676
7,box_jump_uneven,5,0,1,1,heading-only,0.04,1.3603515625,2.6402275085449176,0.7346730642223274,1.277795815433814,11.307787277139765,0,roll,8.620000000000001,35.899488119220564,4.164673795733243,0.3254130482673645,0.0418041255800464,0.07427233277783266,0.6424560546875,0.19625336657727327,1.7387582923578566,1,8.620000000000001,-88.9805483557259,-4.766689127054079,88.9805483557259,23.397640807141276,,,,,,,off,5.0,legged_eval-seed1,,n/a,settle,0.0,auto,off,,,,,0,WALK,first,on,1000,1,deterministic,20.0,1,200,lo,1.0,0.42,0.5,0.05,dead-reckoned-heading-hold,hold,1.0,0.3,2.649,0.5676
7,box_jump_uneven,6,0,1,1,heading-only,0.04,1.4923492431640852,1.3171264648437457,0.8418574952217552,1.0620535584158766,10.77930267090915,0,roll,6.5,-25.681536635985253,-3.951005636305424,0.3188307583332062,0.07574603740985927,-0.10505746694711604,-0.6825675964355469,0.1314288843269248,-0.9103850112350237,1,6.5,87.01975128625547,0.9043805982083652,87.01975128625547,13.77869774230836,,,,,,,off,5.0,legged_eval-seed1,,n/a,settle,0.0,auto,off,,,,,0,WALK,first,on,1000,1,deterministic,20.0,1,200,lo,1.0,0.42,0.5,0.05,dead-reckoned-heading-hold,hold,1.0,0.3,2.649,0.5676
7,box_jump_uneven,7,0,1,1,heading-only,0.04,1.4375640869140796,2.4206764221191364,0.6069851582072744,1.1382219511071177,10.171139185937104,0,roll,7.1000000000000005,32.51687365428447,4.579841359758375,0.3268342614173889,0.06162874463578585,0.059250200298469904,0.42852020263671875,0.31136244521393613,1.2970134540170897,1,7.1000000000000005,-87.56900526661855,0.6002167103157818,87.56900526661855,20.25959003115765,,,,,,,off,5.0,legged_eval-seed1,,n/a,settle,0.0,auto,off,,,,,0,WALK,first,on,1000,1,deterministic,20.0,1,200,lo,1.0,0.42,0.5,0.05,dead-reckoned-heading-hold,hold,1.0,0.3,2.649,0.5676
7,box_jump_uneven,8,0,0,1,heading-only,0.04,0.9915893554687614,1.4024803161621051,0.597578874722968,0.7845451905699297,11.973329316268366,0,roll,1.8800000000000001,-11.348082260135243,-6.0362139681570435,0.3155229091644287,-0.004473747091084378,-0.31782961906271,-0.6502456665039062,0.44997495563421913,23.548896697617447,1,1.8800000000000001,88.17079910843337,5.60704827041078,88.17079910843337,11.213327464645948,,,,,,,off,5.0,legged_eval-seed1,,n/a,settle,0.0,auto,off,,,,,0,WALK,first,on,1000,1,deterministic,20.0,1,200,lo,1.0,0.42,0.5,0.05,dead-reckoned-heading-hold,hold,1.0,0.3,2.649,0.5676
7,box_jump_uneven,9,0,1,1,heading-only,0.04,1.304815673828159,2.7541534423828082,0.8134248641817843,1.4058608428996426,11.968967206943098,0,roll,7.5,33.97976308070179,4.530635077426905,0.3343941271305084,0.040642089843754545,0.10055379231770777,0.7533493041992188,0.30824019846181505,1.9456307392519347,1,7.5,-86.08714229300001,4.1484782740386805,86.08714229300001,12.31613956782732,,,,,,,off,5.0,legged_eval-seed1,,n/a,settle,0.0,auto,off,,,,,0,WALK,first,on,1000,1,deterministic,20.0,1,200,lo,1.0,0.42,0.5,0.05,dead-reckoned-heading-hold,hold,1.0,0.3,2.649,0.5676
8,flat_circle_jump,0,0,1,1,heading-only,0.04,2.081874370574951,3.503887939453122,1.8526011681253751,1.684205816509846,6.88439473789601,0,roll,12.92,-39.93553353036731,-3.0909855673658906,0.32607796788215637,0.08373640639125009,0.11639999531370915,1.5008087158203125,1.0922856240147159,-0.6442583054029529,1,12.92,-87.35197568665009,22.45207574976455,87.35197568665009,22.45207574976455,,,,,,,off,5.0,legged_eval-seed1,,n/a,settle,0.0,auto,off,,,,,0,WALK,first,on,1000,1,deterministic,20.0,1,200,lo,1.0,0.42,0.5,0.05,dead-reckoned-heading-hold,hold,1.0,0.3,2.649,0.5676
8,flat_circle_jump,1,0,0,1,heading-only,0.04,1.2036758422851577,1.3775909423828097,0.6548869243880866,0.6893482729718917,8.120212922196126,0,roll,2.32,7.705940540913275,3.3215260952212393,0.3182949125766754,0.08779131132980934,-0.2682797662143062,-0.6356353759765625,0.4549187158876783,0.6603337582546988,1,2.32,93.03010436186416,-7.212415834099897,93.03010436186416,9.476860728443386,,,,,,,off,5.0,legged_eval-seed1,,n/a,settle,0.0,auto,off,,,,,0,WALK,first,on,1000,1,deterministic,20.0,1,200,lo,1.0,0.42,0.5,0.05,dead-reckoned-heading-hold,hold,1.0,0.3,2.649,0.5676
8,flat_circle_jump,2,0,1,1,heading-only,0.04,2.0346099853515653,2.139202880859372,1.0439325954431706,0.8182054636953301,7.816629614041217,1,timeout,20.0,-47.38775138539489,-2.369387569269745,0.3186759054660797,0.051730499267578264,0.0069601440429686075,0.13864898681640625,0.93330355855179,-0.799404895082858,0,20.0,-64.64739494090269,21.61322589294751,72.2345847505408,26.151737874328038,,,,,,,off,5.0,legged_eval-seed1,,n/a,settle,0.0,auto,off,,,,,0,WALK,first,on,1000,1,deterministic,20.0,1,200,lo,1.0,0.42,0.5,0.05,dead-reckoned-heading-hold,hold,1.0,0.3,2.649,0.5676
8,flat_circle_jump,3,0,1,1,heading-only,0.04,2.042996215820324,2.2545059204101534,1.073598793655868,0.6652634514440052,8.210949054589447,1,timeout,20.0,-62.88209923143975,-3.144104961571988,0.3301195502281189,0.052149810791016195,0.01272529602050767,0.2330780029296875,1.0777681627517217,-1.0522566194463403,0,20.0,-52.209976463379874,4.0618979458168685,58.350133110512864,24.742070935439198,,,,,,,off,5.0,legged_eval-seed1,,n/a,settle,0.0,auto,off,,,,,0,WALK,first,on,1000,1,deterministic,20.0,1,200,lo,1.0,0.42,0.5,0.05,dead-reckoned-heading-hold,hold,1.0,0.3,2.649,0.5676
8,flat_circle_jump,4,0,1,1,heading-only,0.04,1.8681701660156307,2.1098297119140597,0.8750897112746402,0.8390491274803699,9.23248312477542,1,timeout,20.0,-3.486578560382526,-0.1743289280191263,0.3371615409851074,0.04340850830078154,0.0054914855957029825,0.12056732177734375,0.3087710840305215,-0.07009256697611907,0,20.0,-5.8666390855154384,11.179337537275572,14.823870701632691,11.837162807481368,,,,,,,off,5.0,legged_eval-seed1,,n/a,settle,0.0,auto,off,,,,,0,WALK,first,on,1000,1,deterministic,20.0,1,200,lo,1.0,0.42,0.5,0.05,dead-reckoned-heading-hold,hold,1.0,0.3,2.649,0.5676
8,flat_circle_jump,5,0,1,1,heading-only,0.04,2.1388397216796875,2.615185546874997,1.294375976584608,1.0281972399628196,9.431245466072768,0,below,4.98,-32.26866913467532,-6.479652436681791,0.3233497142791748,0.2286826750360818,0.12353123431224841,0.6214141845703125,0.6660224946302857,-0.4945336125140524,1,4.98,-73.60711590476197,61.80375834969734,73.60711590476197,61.80375834969734,,,,,,,off,5.0,legged_eval-seed1,,n/a,settle,0.0,auto,off,,,,,0,WALK,first,on,1000,1,deterministic,20.0,1,200,lo,1.0,0.42,0.5,0.05,dead-reckoned-heading-hold,hold,1.0,0.3,2.649,0.5676
8,flat_circle_jump,6,0,0,1,heading-only,0.04,1.2885070800781477,2.5612457275390597,0.631057130485083,0.5997716414252339,10.826050800000944,0,roll,3.0,-7.16508561686112,-2.38836187228704,0.3227759599685669,0.09616902669271592,0.18708190917968656,0.5796661376953125,0.41619189320674566,-0.43345326280257,1,3.0,-89.8380239708986,8.425714108413764,89.8380239708986,14.496634704934465,,,,,,,off,5.0,legged_eval-seed1,,n/a,settle,0.0,auto,off,,,,,0,WALK,first,on,1000,1,deterministic,20.0,1,200,lo,1.0,0.42,0.5,0.05,dead-reckoned-heading-hold,hold,1.0,0.3,2.649,0.5676
8,flat_circle_jump,7,0,0,1,heading-only,0.04,1.3530303955078296,2.587017822265622,0.6849966305098794,0.6051363386064817,11.162415566853314,0,roll,4.24,-15.78845062587638,-3.7236911853482026,0.34285232424736023,0.08326188573297866,0.13844759959094863,0.551727294921875,0.4540063578606425,-0.780557285481643,1,4.24,-90.16968988081535,-8.08540625911196,90.16968988081535,11.56134899581227,,,,,,,off,5.0,legged_eval-seed1,,n/a,settle,0.0,auto,off,,,,,0,WALK,first,on,1000,1,deterministic,20.0,1,200,lo,1.0,0.42,0.5,0.05,dead-reckoned-heading-hold,hold,1.0,0.3,2.649,0.5676
8,flat_circle_jump,8,0,0,1,heading-only,0.04,0.8618286132812614,2.581578063964841,0.5977661554428051,0.8634209652953827,12.251982367567582,0,roll,3.84,33.40256230944965,8.698583934752513,0.3238702416419983,-0.03598213195800486,0.15145262082417732,0.5635604858398438,0.30938549581624175,-4.219286675389455,1,3.84,-86.15346146508779,9.90363689789598,86.15346146508779,22.192438573153243,,,,,,,off,5.0,legged_eval-seed1,,n/a,settle,0.0,auto,off,,,,,0,WALK,first,on,1000,1,deterministic,20.0,1,200,lo,1.0,0.42,0.5,0.05,dead-reckoned-heading-hold,hold,1.0,0.3,2.649,0.5676
8,flat_circle_jump,9,0,1,1,heading-only,0.04,1.359136962890659,2.7680252075195284,0.8478455504982858,2.290445049603577,12.614265525135872,0,roll,4.92,24.78173630988732,5.036938274367341,0.33085358142852783,0.07299531766070307,0.1561026844551887,0.76397705078125,0.31457141000430167,1.2043396744440564,1,4.92,-89.31386684772873,-1.157905436900409,89.31386684772873,14.20312620636486,,,,,,,off,5.0,legged_eval-seed1,,n/a,settle,0.0,auto,off,,,,,0,WALK,first,on,1000,1,deterministic,20.0,1,200,lo,1.0,0.42,0.5,0.05,dead-reckoned-heading-hold,hold,1.0,0.3,2.649,0.5676
9,bump_jump,0,0,0,1,heading-only,0.04,1.1586837768554688,2.6569503784179602,0.675843429161383,0.7403246341201599,9.613788571216812,0,roll,4.1,1.5899555965695527,0.38779404794379335,0.3294280469417572,0.038703360208650915,0.16023179961413667,0.6267547607421875,0.36034481636793597,0.1748758484991467,1,4.1,-86.20192881244412,2.8016005589746866,86.20192881244412,15.405893311170702,,,,,,,off,5.0,legged_eval-seed1,,n/a,settle,0.0,auto,off,,,,,0,WALK,first,on,1000,1,deterministic,20.0,1,200,lo,1.0,0.42,0.5,0.05,dead-reckoned-heading-hold,hold,1.0,0.3,2.649,0.5676
9,bump_jump,1,0,0,1,heading-only,0.04,1.1683975219726577,2.7676528930663977,0.7859062855326594,0.836212393873162,9.562464994099075,0,roll,3.04,-2.2310509450253164,-0.7338983371793804,0.3320426344871521,0.05539392170153213,0.25251739903499926,0.734100341796875,0.5105632719643498,-0.2312337159969922,1,3.04,-87.55344273542359,12.380374340427048,87.55344273542359,18.90376075904717,,,,,,,off,5.0,legged_eval-seed1,,n/a,settle,0.0,auto,off,,,,,0,WALK,first,on,1000,1,deterministic,20.0,1,200,lo,1.0,0.42,0.5,0.05,dead-reckoned-heading-hold,hold,1.0,0.3,2.649,0.5676
9,bump_jump,2,0,1,1,heading-only,0.04,2.1796371459960966,1.3694900512695227,1.3375674157446888,0.8734087518255368,8.69325800925861,0,roll,6.16,15.299726521116014,2.483721837843509,0.33472761511802673,0.19149953668767802,-0.10235551115754501,-0.64013671875,0.5052933622531706,0.22636672925612988,1,6.16,92.28031702057046,10.88288929605711,92.28031702057046,17.13853856248303,,,,,,,off,5.0,legged_eval-seed1,,n/a,settle,0.0,auto,off,,,,,0,WALK,first,on,1000,1,deterministic,20.0,1,200,lo,1.0,0.42,0.5,0.05,dead-reckoned-heading-hold,hold,1.0,0.3,2.649,0.5676
9,bump_jump,3,0,0,1,heading-only,0.04,1.2434814453125114,1.412557983398429,0.6359019870077384,0.6410069358188557,9.774187558607117,0,roll,2.92,15.576564006784935,5.334439728351005,0.3214692771434784,0.08338405661387376,-0.2011787728087572,-0.622772216796875,0.45731472235499715,1.1165628153599094,1,2.92,87.63939412274841,5.666436137100915,87.63939412274841,15.605527528680348,,,,,,,off,5.0,legged_eval-seed1,,n/a,settle,0.0,auto,off,,,,,0,WALK,first,on,1000,1,deterministic,20.0,1,200,lo,1.0,0.42,0.5,0.05,dead-reckoned-heading-hold,hold,1.0,0.3,2.649,0.5676
9,bump_jump,4,0,1,1,heading-only,0.04,1.5245880126953182,2.670156860351554,0.8510598102013016,1.3130601735221001,9.798356481523651,0,roll,5.26,5.450389915862587,1.0361958014947885,0.3310222029685974,0.0997315613489198,0.12740624721512434,0.6777191162109375,0.4218536968896393,0.18133706308029757,1,5.26,-91.93177087180173,4.022759947692002,91.93177087180173,12.343034440978247,,,,,,,off,5.0,legged_eval-seed1,,n/a,settle,0.0,auto,off,,,,,0,WALK,first,on,1000,1,deterministic,20.0,1,200,lo,1.0,0.42,0.5,0.05,dead-reckoned-heading-hold,hold,1.0,0.3,2.649,0.5676
9,bump_jump,5,0,1,1,heading-only,0.04,2.0443572998046875,2.217459106445304,1.0667570635488326,0.6399367894920395,9.35816962854884,0,roll,8.56,-37.74229774980253,-4.409146933388146,0.3287712037563324,0.12200435745381863,0.02540410122024579,0.2144012451171875,0.8192137417842004,-0.6307490387871032,1,8.56,-88.80046600828675,10.541640858142937,88.80046600828675,23.18289642913103,,,,,,,off,5.0,legged_eval-seed1,,n/a,settle,0.0,auto,off,,,,,0,WALK,first,on,1000,1,deterministic,20.0,1,200,lo,1.0,0.42,0.5,0.05,dead-reckoned-heading-hold,hold,1.0,0.3,2.649,0.5676
9,bump_jump,6,0,1,1,heading-only,0.04,2.2605987548828352,0.6336807250976477,1.8590152182760216,1.3593710452509056,9.142078714996696,0,roll,5.38,23.010588632369235,4.277061084083501,0.33212339878082275,0.23431203622357533,-0.253962690502296,-1.3697509765625,0.8435458439373553,0.3185871260789476,1,5.38,91.1054482450963,16.076610982587752,91.1054482450963,19.700828335761443,,,,,,,off,5.0,legged_eval-seed1,,n/a,settle,0.0,auto,off,,,,,0,WALK,first,on,1000,1,deterministic,20.0,1,200,lo,1.0,0.42,0.5,0.05,dead-reckoned-heading-hold,hold,1.0,0.3,2.649,0.5676
9,bump_jump,7,0,1,1,heading-only,0.04,1.9935028076172046,1.8665451049804602,1.0024260759517105,0.6617803888823115,9.757409885516623,1,timeout,20.0,-11.376437586337914,-0.5688218793168958,0.33072608709335327,0.049675140380860225,-0.0066727447509769885,-0.14856719970703125,0.2377124178789709,-0.19985478803572418,0,20.0,-10.391019944263663,22.056381386892195,20.784109980901327,23.905766906525812,,,,,,,off,5.0,legged_eval-seed1,,n/a,settle,0.0,auto,off,,,,,0,WALK,first,on,1000,1,deterministic,20.0,1,200,lo,1.0,0.42,0.5,0.05,dead-reckoned-heading-hold,hold,1.0,0.3,2.649,0.5676
9,bump_jump,8,0,0,1,heading-only,0.04,0.8005798339843864,2.6055130004882727,0.6375063892809278,0.9251132700321726,11.415490620867923,0,roll,1.82,10.968516537862854,6.0266574383861835,0.31086719036102295,-0.1095715197887987,0.3326994508177323,0.5757217407226562,0.40398537144399593,-0.9599667449387617,1,1.82,-90.7327570266866,0.18046727055019154,90.7327570266866,16.809210601181366,,,,,,,off,5.0,legged_eval-seed1,,n/a,settle,0.0,auto,off,,,,,0,WALK,first,on,1000,1,deterministic,20.0,1,200,lo,1.0,0.42,0.5,0.05,dead-reckoned-heading-hold,hold,1.0,0.3,2.649,0.5676
9,bump_jump,9,0,1,1,heading-only,0.04,2.011755371093784,1.9701980590820227,1.0121941941246253,0.6888895592914135,10.088288648147318,1,timeout,20.0,-28.11363690977589,-1.4056818454887945,0.3313561975955963,0.0505877685546892,-0.0014900970458988638,-0.057464599609375,0.5984033576477934,-0.4849744738743872,0,20.0,-63.89288909016134,15.138402012635686,73.00705303931181,19.71491537153891,,,,,,,off,5.0,legged_eval-seed1,,n/a,settle,0.0,auto,off,,,,,0,WALK,first,on,1000,1,deterministic,20.0,1,200,lo,1.0,0.42,0.5,0.05,dead-reckoned-heading-hold,hold,1.0,0.3,2.649,0.5676
10,sideways_ramp,0,0,1,1,heading-only,0.04,1.1492050886154175,2.5119705200195312,0.5332691364009395,1.4224787187964458,9.26495117665862,0,roll,7.22,67.10066049876991,9.293720290688354,0.3260302245616913,0.02066552473897749,0.0709100443240348,0.5024261474609375,0.36739852545944496,7.849112029852191,1,7.22,-86.36878933064662,5.891624867160363,86.36878933064662,18.69193083080927,,,,,,,off,5.0,legged_eval-seed1,,n/a,settle,0.0,auto,off,,,,,0,WALK,first,on,1000,1,deterministic,20.0,1,200,lo,1.0,0.42,0.5,0.05,dead-reckoned-heading-hold,hold,1.0,0.3,2.649,0.5676
10,sideways_ramp,1,0,1,1,heading-only,0.04,1.4187141418457045,1.3853912353515625,0.7436837137952285,1.2113239756304013,9.052174776554002,0,roll,8.34,-39.27734545049961,-4.709513842985565,0.33227136731147766,0.05020553259540822,-0.073694096480628,-0.624755859375,0.2871143718388157,-1.6372004932354212,1,8.34,86.57540765368677,3.2291989706183073,86.57540765368677,13.8943732420705,,,,,,,off,5.0,legged_eval-seed1,,n/a,settle,0.0,auto,off,,,,,0,WALK,first,on,1000,1,deterministic,20.0,1,200,lo,1.0,0.42,0.5,0.05,dead-reckoned-heading-hold,hold,1.0,0.3,2.649,0.5676
10,sideways_ramp,2,0,1,1,heading-only,0.04,2.218218994140628,2.8889312744140625,1.5080637679874191,1.5151703160758128,8.428787080049922,0,roll,5.34,-2.940428078380023,-0.5506419622434501,0.32320886850357056,0.2281308977791438,0.16646653078915027,0.8859100341796875,0.24637208789223156,-0.0421271968608766,1,5.34,-90.38138540461108,49.15153192793491,90.38138540461108,49.15153192793491,,,,,,,off,5.0,legged_eval-seed1,,n/a,settle,0.0,auto,off,,,,,0,WALK,first,on,1000,1,deterministic,20.0,1,200,lo,1.0,0.42,0.5,0.05,dead-reckoned-heading-hold,hold,1.0,0.3,2.649,0.5676
10,sideways_ramp,3,0,0,1,heading-only,0.04,1.1759536743164176,1.3770904541015625,0.6472835529169929,0.7021554838925834,9.594288892289345,0,roll,3.56,-2.4189090852435697,-0.679468844169542,0.332947313785553,0.04942518941472405,-0.17497459154450493,-0.6180191040039062,0.4033564566344075,-0.2399377450224992,1,3.56,88.80697330209658,4.91550095989023,88.80697330209658,12.120502701729094,,,,,,,off,5.0,legged_eval-seed1,,n/a,settle,0.0,auto,off,,,,,0,WALK,first,on,1000,1,deterministic,20.0,1,200,lo,1.0,0.42,0.5,0.05,dead-reckoned-heading-hold,hold,1.0,0.3,2.649,0.5676
10,sideways_ramp,4,0,0,1,heading-only,0.04,1.1778778076171932,2.68060302734375,0.7034635706788067,0.7529828601336045,9.346934398536533,0,roll,4.48,18.28739288785121,4.082007341038216,0.335287481546402,0.0397048677716949,0.1519203186035156,0.6840744018554688,0.3964107825569028,1.794350974831484,1,4.48,-88.69512721228776,4.239515431867584,88.69512721228776,14.07521821001708,,,,,,,off,5.0,legged_eval-seed1,,n/a,settle,0.0,auto,off,,,,,0,WALK,first,on,1000,1,deterministic,20.0,1,200,lo,1.0,0.42,0.5,0.05,dead-reckoned-heading-hold,hold,1.0,0.3,2.649,0.5676
10,sideways_ramp,5,0,1,1,heading-only,0.04,1.61785888671875,2.5809097290039062,0.8480599726132138,1.0106692777164703,9.100700155197114,0,roll,6.94,4.338456068161349,0.6251377619829033,0.3356848359107971,0.08902865802863832,0.08370457190258014,0.5604705810546875,0.2851207578649549,0.12255281014839728,1,6.94,-86.61725419595624,0.1300272451309247,86.61725419595624,17.69283978761609,,,,,,,off,5.0,legged_eval-seed1,,n/a,settle,0.0,auto,off,,,,,0,WALK,first,on,1000,1,deterministic,20.0,1,200,lo,1.0,0.42,0.5,0.05,dead-reckoned-heading-hold,hold,1.0,0.3,2.649,0.5676
10,sideways_ramp,6,0,1,1,heading-only,0.04,2.2332550048828352,2.15252685546875,1.2426513383518913,0.6707218155943925,8.568102721898494,0,below,7.68,12.878577544743223,1.6768981178051072,0.3334547281265259,0.16058007876078584,0.019860267639160156,0.15857696533203125,0.3075526043304024,0.1822604248425743,1,7.68,33.77411966123043,60.93567277753014,33.77411966123043,60.93567277753014,,,,,,,off,5.0,legged_eval-seed1,,n/a,settle,0.0,auto,off,,,,,0,WALK,first,on,1000,1,deterministic,20.0,1,200,lo,1.0,0.42,0.5,0.05,dead-reckoned-heading-hold,hold,1.0,0.3,2.649,0.5676
10,sideways_ramp,7,0,1,1,heading-only,0.04,1.7428314208984546,1.935760498046875,0.7456039387538148,0.5883000807246034,9.157393903272695,1,timeout,20.0,1.3554127693491296,0.06777063846745648,0.3414958119392395,0.03714157104492273,-0.00321197509765625,-0.05165863037109375,0.17968574689104447,0.03184627747720251,0,20.0,-4.0761368308792525,-7.831766861390716,9.671281985920412,10.376592366989298,,,,,,,off,5.0,legged_eval-seed1,,n/a,settle,0.0,auto,off,,,,,0,WALK,first,on,1000,1,deterministic,20.0,1,200,lo,1.0,0.42,0.5,0.05,dead-reckoned-heading-hold,hold,1.0,0.3,2.649,0.5676
10,sideways_ramp,8,0,0,1,heading-only,0.04,1.0365722656250114,1.453887939453125,0.547335284161089,0.7162427295705617,9.978383165663036,0,roll,3.02,-19.291889610839007,-6.38804291749636,0.3332248032093048,0.012110021730136214,-0.18083180812810432,-0.5393905639648438,0.25451055026494185,-9.206621107174668,1,3.02,91.93887659013092,3.1973068462587344,91.93887659013092,13.652235221543075,,,,,,,off,5.0,legged_eval-seed1,,n/a,settle,0.0,auto,off,,,,,0,WALK,first,on,1000,1,deterministic,20.0,1,200,lo,1.0,0.42,0.5,0.05,dead-reckoned-heading-hold,hold,1.0,0.3,2.649,0.5676
10,sideways_ramp,9,0,1,1,heading-only,0.04,1.443579101562534,2.7485809326171875,0.870135525088502,1.5040220666022457,9.585695269555066,0,roll,5.3,-7.10180326611146,-1.3399628803983887,0.33638349175453186,0.08369417010613851,0.14124168539946935,0.7374420166015625,0.630246706812977,-0.27943122069076565,1,5.3,-88.18857453450545,0.7657200484695371,88.18857453450545,27.110113332622415,,,,,,,off,5.0,legged_eval-seed1,,n/a,settle,0.0,auto,off,,,,,0,WALK,first,on,1000,1,deterministic,20.0,1,200,lo,1.0,0.42,0.5,0.05,dead-reckoned-heading-hold,hold,1.0,0.3,2.649,0.5676
11,stepping_stones_cylinder,0,0,1,1,heading-only,0.04,1.9803789854049683,2.329385375976557,1.0342328949182058,0.3476998693226706,4.631348944356844,1,timeout,20.0,-9.637274237600735,-0.48186371188003674,0.32242149114608765,0.04901894927024841,0.01646926879882784,0.340606689453125,0.5065729179651519,-0.17156851469463041,0,20.0,-61.584473465304455,9.317726156140917,67.41422259708538,18.69090076184247,,,,,,,off,5.0,legged_eval-seed1,,n/a,settle,0.0,auto,off,,,,,0,WALK,first,on,1000,1,deterministic,20.0,1,200,lo,1.0,0.42,0.5,0.05,dead-reckoned-heading-hold,hold,1.0,0.3,2.649,0.5676
11,stepping_stones_cylinder,1,0,0,1,heading-only,0.04,1.196267700195314,1.3778778076171818,0.6523473249697295,0.6923072527424856,5.191145599990942,0,roll,2.56,0.40437306859371347,0.15795822991941932,0.3316483497619629,0.0766670703887945,-0.24301648139953835,-0.6299591064453125,0.4306871886796181,0.03595926098043556,1,2.56,91.40183102321971,-0.3761054026863687,91.40183102321971,6.257549372106701,,,,,,,off,5.0,legged_eval-seed1,,n/a,settle,0.0,auto,off,,,,,0,WALK,first,on,1000,1,deterministic,20.0,1,200,lo,1.0,0.42,0.5,0.05,dead-reckoned-heading-hold,hold,1.0,0.3,2.649,0.5676
11,stepping_stones_cylinder,2,0,1,1,heading-only,0.04,1.8648788452148466,2.688333129882807,1.105358726655934,0.6788865865698053,4.3894279723399094,0,roll,8.36,-19.696062956388403,-2.3559883919124887,0.324649840593338,0.10345440732235008,0.08233649878980943,0.6738967895507812,0.6648579261988841,-0.3974674027131181,1,8.36,-87.83295598537836,39.16607156316889,87.83295598537836,49.337642458622355,,,,,,,off,5.0,legged_eval-seed1,,n/a,settle,0.0,auto,off,,,,,0,WALK,first,on,1000,1,deterministic,20.0,1,200,lo,1.0,0.42,0.5,0.05,dead-reckoned-heading-hold,hold,1.0,0.3,2.649,0.5676
11,stepping_stones_cylinder,3,0,1,1,heading-only,0.04,1.3184783935546989,2.6825805664062443,0.7532228865326989,1.1145248952139235,4.533205503688479,0,roll,3.04,-13.517731074371284,-4.446622063937922,0.32695916295051575,0.10476262945878252,0.22453308105468564,0.680023193359375,0.5656761716897605,-0.7408003789946536,1,3.04,-90.17346521399949,1.406148825190154,90.17346521399949,27.83565754864341,,,,,,,off,5.0,legged_eval-seed1,,n/a,settle,0.0,auto,off,,,,,0,WALK,first,on,1000,1,deterministic,20.0,1,200,lo,1.0,0.42,0.5,0.05,dead-reckoned-heading-hold,hold,1.0,0.3,2.649,0.5676
11,stepping_stones_cylinder,4,0,1,1,heading-only,0.04,2.030905151367193,2.487504577636713,1.1403622864389042,0.4379769893642534,4.147843184746757,0,roll,6.140000000000001,-18.843695866656986,-3.069005841475079,0.33389386534690857,0.1678998617861878,0.07939813968024642,0.4756011962890625,0.5647663402823541,-0.3190250195970424,1,6.140000000000001,-92.13376676894354,22.146494184434125,92.13376676894354,25.753829864287564,,,,,,,off,5.0,legged_eval-seed1,,n/a,settle,0.0,auto,off,,,,,0,WALK,first,on,1000,1,deterministic,20.0,1,200,lo,1.0,0.42,0.5,0.05,dead-reckoned-heading-hold,hold,1.0,0.3,2.649,0.5676
11,stepping_stones_cylinder,5,0,2,1,heading-only,0.04,2.172821044921875,1.2430435180664006,1.3958840635786807,1.1787567719045124,4.196020643750594,0,roll,8.26,6.515625781951741,0.7888166806236975,0.32901468873023987,0.1419880199663287,-0.091641220573075,-0.7737884521484375,0.5459992015427031,0.09696204140885208,1,8.26,86.1267838481682,-8.54988496756179,86.1267838481682,10.478919561473017,,,,,,,off,5.0,legged_eval-seed1,,n/a,settle,0.0,auto,off,,,,,0,WALK,first,on,1000,1,deterministic,20.0,1,200,lo,1.0,0.42,0.5,0.05,dead-reckoned-heading-hold,hold,1.0,0.3,2.649,0.5676
11,stepping_stones_cylinder,6,0,1,1,heading-only,0.04,1.5291687011718977,1.6048599243164006,0.6604204673624174,0.8840497174284904,4.488258925462324,0,roll,4.0,-5.957747918076365,-1.4894369795190912,0.331460565328598,0.13229217529297443,-0.09878501892089986,-0.43949127197265625,0.2577022336584856,-0.1965012612121438,1,4.0,89.94917691537775,1.8853382092435644,89.94917691537775,7.144996740954877,,,,,,,off,5.0,legged_eval-seed1,,n/a,settle,0.0,auto,off,,,,,0,WALK,first,on,1000,1,deterministic,20.0,1,200,lo,1.0,0.42,0.5,0.05,dead-reckoned-heading-hold,hold,1.0,0.3,2.649,0.5676
11,stepping_stones_cylinder,7,0,0,1,heading-only,0.04,1.183306884765642,2.7211242675781193,0.7440575403102662,0.7876006212078056,4.722080562746233,0,roll,2.22,-21.501195294307024,-9.685223105543704,0.33056798577308655,0.08257066881335227,0.324830751161315,0.7183456420898438,0.5635704852213916,-2.047204345214569,1,2.22,-87.04994045252042,-2.22976582672849,87.04994045252042,27.323590395009663,,,,,,,off,5.0,legged_eval-seed1,,n/a,settle,0.0,auto,off,,,,,0,WALK,first,on,1000,1,deterministic,20.0,1,200,lo,1.0,0.42,0.5,0.05,dead-reckoned-heading-hold,hold,1.0,0.3,2.649,0.5676
11,stepping_stones_cylinder,8,0,1,1,heading-only,0.04,2.6263549804687614,1.1884246826171818,1.8176041973654682,0.9782573429990347,3.0824047751663146,0,roll,5.58,-11.610927429528942,-2.0808113672990936,0.32904157042503357,0.2914614660338282,-0.14544360526573802,-0.80279541015625,0.3797888644113076,-0.12460312495676239,1,5.58,88.32331903001575,36.22228250000818,88.32331903001575,36.22228250000818,,,,,,,off,5.0,legged_eval-seed1,,n/a,settle,0.0,auto,off,,,,,0,WALK,first,on,1000,1,deterministic,20.0,1,200,lo,1.0,0.42,0.5,0.05,dead-reckoned-heading-hold,hold,1.0,0.3,2.649,0.5676
11,stepping_stones_cylinder,9,0,1,1,heading-only,0.04,2.095770263671909,1.5275360107421818,1.1932873467413525,0.5723842009711221,3.8334561570348153,0,roll,7.0,10.749282384418564,1.5356117692026519,0.32172393798828125,0.15653860909598702,-0.06749485560825974,-0.481658935546875,0.8916773498014798,0.17121323333419483,1,7.0,88.27626783051406,45.09510312854908,88.27626783051406,45.09510312854908,,,,,,,off,5.0,legged_eval-seed1,,n/a,settle,0.0,auto,off,,,,,0,WALK,first,on,1000,1,deterministic,20.0,1,200,lo,1.0,0.42,0.5,0.05,dead-reckoned-heading-hold,hold,1.0,0.3,2.649,0.5676
12,stepping_stones_randomly_arranged,0,0,1,1,heading-only,0.04,1.3728982210159302,2.6950561523437386,0.7887687482068035,0.8692255336281529,5.074924171963133,0,roll,4.5,-13.379796279847227,-2.9732880621882725,0.3284696638584137,0.08286627133687337,0.15445692274305303,0.6889572143554688,0.5518982620184055,-0.6262338760780699,1,4.5,-86.89394073494262,2.3868488762404043,86.89394073494262,33.80653426420013,,,,,,,off,5.0,legged_eval-seed1,,n/a,settle,0.0,auto,off,,,,,0,WALK,first,on,1000,1,deterministic,20.0,1,200,lo,1.0,0.42,0.5,0.05,dead-reckoned-heading-hold,hold,1.0,0.3,2.649,0.5676
12,stepping_stones_randomly_arranged,1,0,1,1,heading-only,0.04,1.1890502929687514,1.4864608764648324,0.5472316188533324,1.0869768012699323,4.937727154915669,0,roll,2.72,-12.118608798989925,-4.455370881981589,0.3238190710544586,0.06950378417968801,-0.1888011483585175,-0.5246505737304688,0.3294275599194356,-1.1188008279812123,1,2.72,89.32630852695196,10.290623046419077,89.32630852695196,16.303303735330797,,,,,,,off,5.0,legged_eval-seed1,,n/a,settle,0.0,auto,off,,,,,0,WALK,first,on,1000,1,deterministic,20.0,1,200,lo,1.0,0.42,0.5,0.05,dead-reckoned-heading-hold,hold,1.0,0.3,2.649,0.5676
12,stepping_stones_randomly_arranged,2,0,2,1,heading-only,0.04,1.8160278320312528,2.733119201660145,1.0969800301247215,0.9715092055162483,4.346249106962647,0,roll,8.24,3.4756153497133653,0.42179797933414626,0.3364112675189972,0.09903250388728796,0.08897077690050302,0.716827392578125,0.45225025482591313,0.07433684122556881,1,8.24,-86.5905106920108,11.008879387237876,86.5905106920108,18.529645816983532,,,,,,,off,5.0,legged_eval-seed1,,n/a,settle,0.0,auto,off,,,,,0,WALK,first,on,1000,1,deterministic,20.0,1,200,lo,1.0,0.42,0.5,0.05,dead-reckoned-heading-hold,hold,1.0,0.3,2.649,0.5676
12,stepping_stones_randomly_arranged,3,0,2,1,heading-only,0.04,1.9931838989257926,2.5034057617187386,1.1134772642569144,0.7838316070419145,4.137554331845557,0,roll,6.88,-24.395368234256125,-3.5458384061418786,0.3164980411529541,0.1443581248438652,0.07316944211028178,0.5027542114257812,0.8309272350413446,-0.4287015711639296,1,6.88,-86.88794566804307,0.8719676293435074,86.88794566804307,24.561873360228418,,,,,,,off,5.0,legged_eval-seed1,,n/a,settle,0.0,auto,off,,,,,0,WALK,first,on,1000,1,deterministic,20.0,1,200,lo,1.0,0.42,0.5,0.05,dead-reckoned-heading-hold,hold,1.0,0.3,2.649,0.5676
12,stepping_stones_randomly_arranged,4,0,1,1,heading-only,0.04,1.2811035156250057,2.651705932617176,0.7097462991133953,0.9260238517961468,5.061031766693449,0,roll,5.44,-3.5661232444291784,-0.6555373611083049,0.3336281180381775,0.05167344037224369,0.11979888467227502,0.6164474487304688,0.3993592791647735,-0.22141520360855657,1,5.44,-89.47431855797527,3.8919626028431202,89.47431855797527,12.417374902625891,,,,,,,off,5.0,legged_eval-seed1,,n/a,settle,0.0,auto,off,,,,,0,WALK,first,on,1000,1,deterministic,20.0,1,200,lo,1.0,0.42,0.5,0.05,dead-reckoned-heading-hold,hold,1.0,0.3,2.649,0.5676
12,stepping_stones_randomly_arranged,5,0,2,1,heading-only,0.04,1.400177001953125,2.6779052734374886,0.7872084810560336,1.3565657680687733,4.600048355540462,0,roll,6.66,24.429773828365313,3.66813420846326,0.3284020721912384,0.06008663692989865,0.10178757859421751,0.6697845458984375,0.6419212143971349,1.0654784926207708,1,6.66,-89.42205140456382,1.4419261066372098,89.42205140456382,33.24088287251451,,,,,,,off,5.0,legged_eval-seed1,,n/a,settle,0.0,auto,off,,,,,0,WALK,first,on,1000,1,deterministic,20.0,1,200,lo,1.0,0.42,0.5,0.05,dead-reckoned-heading-hold,hold,1.0,0.3,2.649,0.5676
12,stepping_stones_randomly_arranged,6,0,2,1,heading-only,0.04,2.2071014404297102,2.1174423217773324,1.2128011322685726,0.3942466249667924,3.744740622016125,1,timeout,20.0,-14.96061150975413,-0.7480305754877066,0.33279502391815186,0.06035507202148551,0.005872116088866619,0.121856689453125,0.4943251889333652,-0.2163131616047259,0,20.0,-40.6316361512718,23.135106480158154,47.065438839738704,31.738047496948838,,,,,,,off,5.0,legged_eval-seed1,,n/a,settle,0.0,auto,off,,,,,0,WALK,first,on,1000,1,deterministic,20.0,1,200,lo,1.0,0.42,0.5,0.05,dead-reckoned-heading-hold,hold,1.0,0.3,2.649,0.5676
12,stepping_stones_randomly_arranged,7,0,2,1,heading-only,0.04,1.843096923828142,2.4819824218749886,0.97114338692335,0.8523280588461203,4.135088866284072,0,roll,6.58,8.08471863322552,1.2286806433473436,0.3243868947029114,0.128130231584824,0.07324960818768825,0.46959686279296875,0.4139956230062661,0.16736505051687767,1,6.58,-86.47766368828059,6.7318829565940685,86.47766368828059,7.971370958725251,,,,,,,off,5.0,legged_eval-seed1,,n/a,settle,0.0,auto,off,,,,,0,WALK,first,on,1000,1,deterministic,20.0,1,200,lo,1.0,0.42,0.5,0.05,dead-reckoned-heading-hold,hold,1.0,0.3,2.649,0.5676
12,stepping_stones_randomly_arranged,8,0,1,1,heading-only,0.04,1.8723266601562614,1.6913787841796761,0.92531122162967,0.5243719701461325,4.039480113497558,0,roll,5.34,-5.177096451706575,-0.9694937175480478,0.3258942663669586,0.16335705246371937,-0.0577942351723453,-0.31290435791015625,0.17393052323358993,-0.10358204432203123,1,5.34,91.92313287289744,0.21761200305564182,91.92313287289744,27.774301779278726,,,,,,,off,5.0,legged_eval-seed1,,n/a,settle,0.0,auto,off,,,,,0,WALK,first,on,1000,1,deterministic,20.0,1,200,lo,1.0,0.42,0.5,0.05,dead-reckoned-heading-hold,hold,1.0,0.3,2.649,0.5676
12,stepping_stones_randomly_arranged,9,0,1,1,heading-only,0.04,1.724584960937534,1.4905731201171761,0.8857421247541504,0.7578489965383388,3.9087539537477745,0,roll,5.04,-21.546437262136692,-4.275086758360454,0.33076658844947815,0.1437668573288758,-0.10107676188151267,-0.50567626953125,0.3793038918444346,-0.5189954147158974,1,5.04,87.02133521891167,15.977628412493674,87.02133521891167,19.109202306471534,,,,,,,off,5.0,legged_eval-seed1,,n/a,settle,0.0,auto,off,,,,,0,WALK,first,on,1000,1,deterministic,20.0,1,200,lo,1.0,0.42,0.5,0.05,dead-reckoned-heading-hold,hold,1.0,0.3,2.649,0.5676
13,staircase_walking_full_width,0,0,0,1,heading-only,0.04,1.4094600677490234,1.3588150024414034,0.7607731252977148,0.8716969729654942,14.35486690114468,0,roll,3.8200000000000003,-3.5288104183467794,-0.9237723608237642,0.32405000925064087,0.10718849941073912,-0.16784947580067971,-0.6360702514648438,0.4141852806534588,-0.15041603645848248,1,3.8200000000000003,88.7990857259128,-6.643061294790667,88.7990857259128,13.361048464126068,,,,,,,off,5.0,legged_eval-seed1,,n/a,settle,0.0,auto,off,,,,,0,WALK,first,on,1000,1,deterministic,20.0,1,200,lo,1.0,0.42,0.5,0.05,dead-reckoned-heading-hold,hold,1.0,0.3,2.649,0.5676
13,staircase_walking_full_width,1,0,0,1,heading-only,0.04,1.265115356445314,1.359806823730466,0.6929166293034109,0.9746295410434535,14.499025154817424,0,roll,8.0,-49.71427502895574,-6.2142843786194675,0.3285764753818512,0.03313941955566424,-0.08002414703369176,-0.6491546630859375,0.2717469645076132,-3.272831103151338,1,8.0,86.33326697588859,3.9639836965203026,86.33326697588859,15.021350187540817,,,,,,,off,5.0,legged_eval-seed1,,n/a,settle,0.0,auto,off,,,,,0,WALK,first,on,1000,1,deterministic,20.0,1,200,lo,1.0,0.42,0.5,0.05,dead-reckoned-heading-hold,hold,1.0,0.3,2.649,0.5676
13,staircase_walking_full_width,2,0,0,1,heading-only,0.04,1.1941024780273466,2.687229919433591,0.7141153507249766,1.0591297267503934,11.825882684243266,0,roll,3.5,-2.08387120978594,-0.5953917742245542,0.33306440711021423,0.05545785086495617,0.19635140555245453,0.681610107421875,0.4652106748436791,-0.18737738007218022,1,3.5,-86.40961503736361,-4.471088583922475,86.40961503736361,11.226870773450562,,,,,,,off,5.0,legged_eval-seed1,,n/a,settle,0.0,auto,off,,,,,0,WALK,first,on,1000,1,deterministic,20.0,1,200,lo,1.0,0.42,0.5,0.05,dead-reckoned-heading-hold,hold,1.0,0.3,2.649,0.5676
13,staircase_walking_full_width,3,0,0,1,heading-only,0.04,1.4477813720703239,2.5732009887695284,0.7273702844490878,0.7959301392452098,11.566430503876802,0,roll,7.84,31.735803231661833,4.0479340856711525,0.33212709426879883,0.05711497092733723,0.07311237101652149,0.5730667114257812,0.16477032640098374,1.2369747642618927,1,7.84,-88.56768377406901,3.165861125843912,88.56768377406901,17.217069317793488,,,,,,,off,5.0,legged_eval-seed1,,n/a,settle,0.0,auto,off,,,,,0,WALK,first,on,1000,1,deterministic,20.0,1,200,lo,1.0,0.42,0.5,0.05,dead-reckoned-heading-hold,hold,1.0,0.3,2.649,0.5676
13,staircase_walking_full_width,4,0,0,1,heading-only,0.04,1.2101348876953182,2.5875137329101534,0.6239623845912083,0.9844080871234808,11.80449455727339,0,roll,5.96,13.25301889755886,2.223660888852158,0.33052676916122437,0.035257531492503054,0.09857612968291164,0.6046218872070312,0.3031600360656139,1.1007635054242577,1,5.96,-87.90353623110617,8.725481012548881,87.90353623110617,11.536434310553775,,,,,,,off,5.0,legged_eval-seed1,,n/a,settle,0.0,auto,off,,,,,0,WALK,first,on,1000,1,deterministic,20.0,1,200,lo,1.0,0.42,0.5,0.05,dead-reckoned-heading-hold,hold,1.0,0.3,2.649,0.5676
13,staircase_walking_full_width,5,0,0,1,heading-only,0.04,1.180938720703125,1.3868911743164034,0.6392505399143612,1.0231147596308794,11.834952976497448,0,roll,2.92,1.085735402020731,0.3718271924728531,0.3336622416973114,0.061965315309289386,-0.20996877591903992,-0.6140213012695312,0.36492783664501444,0.10472969797226367,1,2.92,86.0927166552722,9.180828545746364,86.0927166552722,13.452813322002418,,,,,,,off,5.0,legged_eval-seed1,,n/a,settle,0.0,auto,off,,,,,0,WALK,first,on,1000,1,deterministic,20.0,1,200,lo,1.0,0.42,0.5,0.05,dead-reckoned-heading-hold,hold,1.0,0.3,2.649,0.5676
13,staircase_walking_full_width,6,0,0,1,heading-only,0.04,0.9846435546875227,1.492619323730466,0.5076130130959655,1.1350699809656317,12.026064429336964,0,roll,2.68,-39.641644623007494,-14.791658441420706,0.3363218903541565,-0.005730016907640769,-0.18932114786176643,-0.5054092407226562,0.2575459213262311,45.05451655630421,1,2.68,91.59232897696756,13.752806174938303,91.59232897696756,19.618084365936575,,,,,,,off,5.0,legged_eval-seed1,,n/a,settle,0.0,auto,off,,,,,0,WALK,first,on,1000,1,deterministic,20.0,1,200,lo,1.0,0.42,0.5,0.05,dead-reckoned-heading-hold,hold,1.0,0.3,2.649,0.5676
13,staircase_walking_full_width,7,0,0,1,heading-only,0.04,1.4041473388672046,1.191441345214841,0.9039370385936341,1.0043940919813397,11.6240081743316,0,roll,7.46,-40.962088082881365,-5.490896525855411,0.3340282142162323,0.05417524649694431,-0.10838587865752802,-0.8127899169921875,0.24190906560264835,-1.7689669998622024,1,7.46,87.84765018957478,2.9758786862132776,87.84765018957478,17.691933107509435,,,,,,,off,5.0,legged_eval-seed1,,n/a,settle,0.0,auto,off,,,,,0,WALK,first,on,1000,1,deterministic,20.0,1,200,lo,1.0,0.42,0.5,0.05,dead-reckoned-heading-hold,hold,1.0,0.3,2.649,0.5676
13,staircase_walking_full_width,8,0,0,1,heading-only,0.04,1.3613403320312614,2.6693618774414034,0.7606656023012626,0.9251656578482688,8.913827237272775,0,roll,5.4,45.11407919476187,8.354459110141086,0.3274967670440674,0.06691487630208544,0.12395590322988952,0.6528778076171875,0.2507881276966959,2.179079253422355,1,5.4,-86.16590992124847,6.03915199704881,86.16590992124847,15.629541283601622,,,,,,,off,5.0,legged_eval-seed1,,n/a,settle,0.0,auto,off,,,,,0,WALK,first,on,1000,1,deterministic,20.0,1,200,lo,1.0,0.42,0.5,0.05,dead-reckoned-heading-hold,hold,1.0,0.3,2.649,0.5676
13,staircase_walking_full_width,9,0,0,1,heading-only,0.04,1.624670410156284,1.263554382324216,0.9656941902686831,0.8265739221667469,8.65671200174913,0,roll,5.2,2.19875042549441,0.4228366202873865,0.32675743103027344,0.12012892503005464,-0.14162415724534308,-0.7340774536132812,0.5724548952145826,0.061433091323955476,1,5.2,90.27937743259668,-3.92329186178609,90.27937743259668,7.923216061632239,,,,,,,off,5.0,legged_eval-seed1,,n/a,settle,0.0,auto,off,,,,,0,WALK,first,on,1000,1,deterministic,20.0,1,200,lo,1.0,0.42,0.5,0.05,dead-reckoned-heading-hold,hold,1.0,0.3,2.649,0.5676
14,staircase_walking,0,0,0,1,heading-only,0.04,1.0555964708328247,1.473715209960929,0.5292132347131298,0.688817956330052,4.475455106500355,0,roll,4.7,-5.326789579741302,-1.1333594850513409,0.33742555975914,0.011829036347409512,-0.11197548724235554,-0.5154037475585938,0.2923644642621354,-1.672228746442667,1,4.7,91.28954651230136,-8.601273253249824,91.28954651230136,15.999156794946707,,,,,,,off,5.0,legged_eval-seed1,,n/a,settle,0.0,auto,off,,,,,0,WALK,first,on,1000,1,deterministic,20.0,1,200,lo,1.0,0.42,0.5,0.05,dead-reckoned-heading-hold,hold,1.0,0.3,2.649,0.5676
14,staircase_walking,1,0,0,1,heading-only,0.04,1.2116142272949233,2.8108276367187415,0.8379868958763776,0.8605857367895448,4.36436639066958,0,roll,4.96,21.642789604611977,4.363465646091124,0.33364349603652954,0.04266415872881518,0.16347331385458497,0.7896270751953125,0.46923934359168173,1.7850309156691695,1,4.96,-90.86123709687509,-5.122310321247861,90.86123709687509,17.555107206443637,,,,,,,off,5.0,legged_eval-seed1,,n/a,settle,0.0,auto,off,,,,,0,WALK,first,on,1000,1,deterministic,20.0,1,200,lo,1.0,0.42,0.5,0.05,dead-reckoned-heading-hold,hold,1.0,0.3,2.649,0.5676
14,staircase_walking,2,0,0,1,heading-only,0.04,1.646846008300784,3.0210098266601477,1.208664893422177,1.0315157857689135,3.986133057222775,0,roll,7.8,3.6814807753020773,0.4719847147823176,0.3400186598300934,0.08292897542317745,0.13089869572565996,1.0133514404296875,0.7137827921237544,0.0993342465646269,1,7.8,-89.94345818667836,-2.5131367084720395,89.94345818667836,16.832985828206944,,,,,,,off,5.0,legged_eval-seed1,,n/a,settle,0.0,auto,off,,,,,0,WALK,first,on,1000,1,deterministic,20.0,1,200,lo,1.0,0.42,0.5,0.05,dead-reckoned-heading-hold,hold,1.0,0.3,2.649,0.5676
14,staircase_walking,3,0,1,1,heading-only,0.04,1.4938552856445426,2.688314819335929,0.8471542561284251,1.0225126500758555,4.064845970375215,0,roll,6.32,12.780447513627735,2.0222227078524897,0.33419451117515564,0.07814165912097193,0.1089105726797356,0.6981658935546875,0.39153049225418923,0.4516725759045073,1,6.32,-88.0198680398178,-5.47801099528609,88.0198680398178,15.126704449053952,,,,,,,off,5.0,legged_eval-seed1,,n/a,settle,0.0,auto,off,,,,,0,WALK,first,on,1000,1,deterministic,20.0,1,200,lo,1.0,0.42,0.5,0.05,dead-reckoned-heading-hold,hold,1.0,0.3,2.649,0.5676
14,staircase_walking,4,0,0,1,heading-only,0.04,1.1848052978515682,2.7909225463867102,0.81222624464914,0.8514142203682509,4.092352253966364,0,roll,3.86,-1.9750388822418756,-0.5116681042077398,0.3297274112701416,0.04787702016880005,0.20490221408982132,0.784454345703125,0.5965180399095189,-0.18652566647583685,1,3.86,-88.08598146029125,5.848103701398614,88.08598146029125,33.62708505932225,,,,,,,off,5.0,legged_eval-seed1,,n/a,settle,0.0,auto,off,,,,,0,WALK,first,on,1000,1,deterministic,20.0,1,200,lo,1.0,0.42,0.5,0.05,dead-reckoned-heading-hold,hold,1.0,0.3,2.649,0.5676
14,staircase_walking,5,0,1,1,heading-only,0.04,1.634429931640625,1.109091186523429,1.0937183604986065,1.0688739493374426,3.6751882164469385,0,roll,6.12,-11.222471751505395,-1.833737214298267,0.33529743552207947,0.10366502150990604,-0.14557333553538743,-0.879913330078125,0.539928766931656,-0.3087324107948532,1,6.12,88.95083273699139,-9.253111643968358,88.95083273699139,12.15267697241985,,,,,,,off,5.0,legged_eval-seed1,,n/a,settle,0.0,auto,off,,,,,0,WALK,first,on,1000,1,deterministic,20.0,1,200,lo,1.0,0.42,0.5,0.05,dead-reckoned-heading-hold,hold,1.0,0.3,2.649,0.5676
14,staircase_walking,6,0,1,1,heading-only,0.04,1.4492126464843977,2.6061996459960852,0.7544998426555803,0.9845425479279767,3.799458353778637,0,roll,5.68,28.094396751080552,4.946196611105731,0.33612555265426636,0.07908673353598553,0.10672528978804317,0.6025390625,0.1885403466724224,1.0915536962403487,1,5.68,-89.04696779687177,-0.7386480617273716,89.04696779687177,16.01672285697528,,,,,,,off,5.0,legged_eval-seed1,,n/a,settle,0.0,auto,off,,,,,0,WALK,first,on,1000,1,deterministic,20.0,1,200,lo,1.0,0.42,0.5,0.05,dead-reckoned-heading-hold,hold,1.0,0.3,2.649,0.5676
14,staircase_walking,7,0,1,1,heading-only,0.04,1.454791259765642,1.5426620483398352,0.6449752646326329,0.8957563873967648,3.7730288244269574,0,roll,10.32,-28.104705001282866,-2.7233241280312854,0.33386778831481934,0.04406892051992656,-0.04431569299032604,-0.44229888916015625,0.3068444961019224,-1.0785599481988115,1,10.32,89.88119394683152,3.5889752125517966,89.88119394683152,23.11823871016483,,,,,,,off,5.0,legged_eval-seed1,,n/a,settle,0.0,auto,off,,,,,0,WALK,first,on,1000,1,deterministic,20.0,1,200,lo,1.0,0.42,0.5,0.05,dead-reckoned-heading-hold,hold,1.0,0.3,2.649,0.5676
14,staircase_walking,8,0,1,1,heading-only,0.04,1.0300720214843864,1.597402954101554,0.40371859982209496,1.2609271411170515,4.1893178116936145,0,roll,3.44,-46.39379899046244,-13.48656947397164,0.3303946852684021,0.008741866710577433,-0.1170340249704785,-0.40309906005859375,0.1540063844916961,-26.926176057449492,1,3.44,87.46054562616133,15.86241503773147,87.46054562616133,17.930065861887666,,,,,,,off,5.0,legged_eval-seed1,,n/a,settle,0.0,auto,off,,,,,0,WALK,first,on,1000,1,deterministic,20.0,1,200,lo,1.0,0.42,0.5,0.05,dead-reckoned-heading-hold,hold,1.0,0.3,2.649,0.5676
14,staircase_walking,9,0,1,1,heading-only,0.04,1.326086425781284,1.462057495117179,0.6290584198931104,1.0475818595576727,3.9110853377388155,0,roll,10.120000000000001,-52.6231278200415,-5.1999138162096346,0.3295102119445801,0.03222197883214269,-0.053156374000278755,-0.5355072021484375,0.2718389364176531,-2.8165749032852414,1,10.120000000000001,91.16836601896591,3.497592528011196,91.16836601896591,15.545364896463672,,,,,,,off,5.0,legged_eval-seed1,,n/a,settle,0.0,auto,off,,,,,0,WALK,first,on,1000,1,deterministic,20.0,1,200,lo,1.0,0.42,0.5,0.05,dead-reckoned-heading-hold,hold,1.0,0.3,2.649,0.5676
15,staircase_climbing,0,0,1,1,heading-only,0.04,1.632267713546753,1.9504928588867188,0.6342029790334078,1.0938531925622157,9.567860370127748,1,timeout,20.0,-5.185860290736258,-0.2592930145368129,0.32178056240081787,0.031613385677337645,-0.0024753570556640624,-0.04499053955078125,0.09912155132440359,-0.14315191916736283,0,20.0,1.31856209417866,-1.1061238338107138,11.058416625339577,6.192352492449698,,,,,,,off,5.0,legged_eval-seed1,,n/a,settle,0.0,auto,off,,,,,0,WALK,first,on,1000,1,deterministic,20.0,1,200,lo,1.0,0.42,0.5,0.05,dead-reckoned-heading-hold,hold,1.0,0.3,2.649,0.5676
15,staircase_climbing,1,0,1,1,heading-only,0.04,1.0606513977050795,1.6996612548828125,0.30640162183341435,1.6912302125315841,10.143795810281208,0,roll,17.2,-74.57892838559158,-4.335984208464627,0.33057495951652527,0.003526244052620904,-0.017461554948673692,-0.31763458251953125,0.49842787998236815,-21.4611353107963,1,17.2,89.99377890338161,3.203736336570348,89.99377890338161,18.243236141144035,,,,,,,off,5.0,legged_eval-seed1,,n/a,settle,0.0,auto,off,,,,,0,WALK,first,on,1000,1,deterministic,20.0,1,200,lo,1.0,0.42,0.5,0.05,dead-reckoned-heading-hold,hold,1.0,0.3,2.649,0.5676
15,staircase_climbing,2,0,1,1,heading-only,0.04,1.2030441284179716,1.4717483520507812,0.565929961785095,1.611024356924519,10.010902881454776,0,roll,7.34,-56.09584853381094,-7.642486176268521,0.33100804686546326,0.027662687795363978,-0.07196888936637857,-0.5328598022460938,0.33211350948484053,-4.821893946125937,1,7.34,88.62537563091338,-1.8866821390810302,88.62537563091338,9.654049358532456,,,,,,,off,5.0,legged_eval-seed1,,n/a,settle,0.0,auto,off,,,,,0,WALK,first,on,1000,1,deterministic,20.0,1,200,lo,1.0,0.42,0.5,0.05,dead-reckoned-heading-hold,hold,1.0,0.3,2.649,0.5676
15,staircase_climbing,3,0,1,1,heading-only,0.04,1.3562744140625114,2.6175384521484375,0.7129412303952366,1.501586983654891,9.86307696163435,0,roll,9.16,28.28215159926549,3.0875711352909923,0.33946919441223145,0.03889458668804709,0.06741686158825737,0.6185379028320312,0.24143874758711675,1.3854956894792716,1,9.16,-91.01195873247757,7.784670921277136,91.01195873247757,15.026002933471183,,,,,,,off,5.0,legged_eval-seed1,,n/a,settle,0.0,auto,off,,,,,0,WALK,first,on,1000,1,deterministic,20.0,1,200,lo,1.0,0.42,0.5,0.05,dead-reckoned-heading-hold,hold,1.0,0.3,2.649,0.5676
15,staircase_climbing,4,0,0,1,heading-only,0.04,1.4667572021484432,2.694000244140625,0.8363603437661842,0.6947959574409214,9.75795325366935,0,roll,5.22,-18.11331919778692,-3.469984520648836,0.3400379717350006,0.08941708853418452,0.1329502383411159,0.6866989135742188,0.583782865961773,-0.6773051535379168,1,5.22,-86.01328620982036,7.559296026393283,86.01328620982036,17.59259278868909,,,,,,,off,5.0,legged_eval-seed1,,n/a,settle,0.0,auto,off,,,,,0,WALK,first,on,1000,1,deterministic,20.0,1,200,lo,1.0,0.42,0.5,0.05,dead-reckoned-heading-hold,hold,1.0,0.3,2.649,0.5676
15,staircase_climbing,5,0,1,1,heading-only,0.04,1.4710235595703125,1.400238037109375,0.7626123561815027,1.3675150833762721,9.448032129830455,0,roll,3.8200000000000003,0.9504114421227712,0.24879880683842176,0.32708024978637695,0.1233045967461551,-0.15700574944780757,-0.6228103637695312,0.46628567314699754,0.0352165164069542,1,3.8200000000000003,92.85772136885323,-9.304427123953777,92.85772136885323,10.390297743988679,,,,,,,off,5.0,legged_eval-seed1,,n/a,settle,0.0,auto,off,,,,,0,WALK,first,on,1000,1,deterministic,20.0,1,200,lo,1.0,0.42,0.5,0.05,dead-reckoned-heading-hold,hold,1.0,0.3,2.649,0.5676
15,staircase_climbing,6,0,1,1,heading-only,0.04,1.5452819824218977,2.4124679565429688,0.683712114510696,1.2261743413129345,9.363806864922793,0,roll,7.66,-6.262549266934741,-0.8175651784510105,0.3298322260379791,0.07118563739189265,0.05384699171579226,0.4350738525390625,0.338397829323667,-0.20045060684179883,1,7.66,-86.40699809293478,-0.7642144698288371,86.40699809293478,37.335247013044615,,,,,,,off,5.0,legged_eval-seed1,,n/a,settle,0.0,auto,off,,,,,0,WALK,first,on,1000,1,deterministic,20.0,1,200,lo,1.0,0.42,0.5,0.05,dead-reckoned-heading-hold,hold,1.0,0.3,2.649,0.5676
15,staircase_climbing,7,0,1,1,heading-only,0.04,1.0643035888672046,1.5961761474609375,0.40891154962985937,1.6848075419086181,9.843982811639309,0,roll,13.620000000000001,-94.1301696369878,-6.911172513728913,0.32943734526634216,0.004721262031365973,-0.02964932838025422,-0.41912841796875,0.5729197337785559,-25.5488288378274,1,13.620000000000001,86.51040715728676,5.826760485252838,86.51040715728676,19.53875487935464,,,,,,,off,5.0,legged_eval-seed1,,n/a,settle,0.0,auto,off,,,,,0,WALK,first,on,1000,1,deterministic,20.0,1,200,lo,1.0,0.42,0.5,0.05,dead-reckoned-heading-hold,hold,1.0,0.3,2.649,0.5676
15,staircase_climbing,8,0,1,1,heading-only,0.04,1.6287048339843864,2.007598876953125,0.6287507544379438,1.0713221157333332,9.271298280085428,1,timeout,20.0,2.0459683690134227,0.10229841845067114,0.3249416649341583,0.03143524169921932,0.00037994384765625,-0.00266265869140625,0.08905949007746217,0.05679753439247354,0,20.0,0.05049545539093989,-4.090897752151579,8.093715744212535,7.372206342436903,,,,,,,off,5.0,legged_eval-seed1,,n/a,settle,0.0,auto,off,,,,,0,WALK,first,on,1000,1,deterministic,20.0,1,200,lo,1.0,0.42,0.5,0.05,dead-reckoned-heading-hold,hold,1.0,0.3,2.649,0.5676
15,staircase_climbing,9,0,1,1,heading-only,0.04,1.575781250000034,2.7720947265625,0.9631481270485985,1.36381746015993,9.35613090783985,0,roll,5.58,-12.739171000186758,-2.2830055555890247,0.3353358805179596,0.10318660394265844,0.13836823056675626,0.7515106201171875,0.6026060360413246,-0.38615442570911246,1,5.58,-86.93776065394054,12.063984252912997,86.93776065394054,19.82475116039252,,,,,,,off,5.0,legged_eval-seed1,,n/a,settle,0.0,auto,off,,,,,0,WALK,first,on,1000,1,deterministic,20.0,1,200,lo,1.0,0.42,0.5,0.05,dead-reckoned-heading-hold,hold,1.0,0.3,2.649,0.5676
16,staircase_spiral,0,0,0,1,heading-only,0.04,1.4693883657455444,1.450639343261713,0.7225804931419024,2.0458651828257146,3.695191619977206,0,roll,4.7,8.304317215465318,1.766876003290493,0.3279264569282532,0.09986986505224349,-0.11688524611452913,-0.5641860961914062,0.4048220573054605,0.3087798678386671,1,4.7,86.39119791889519,-1.340682844357167,86.39119791889519,6.754987772196722,,,,,,,off,5.0,legged_eval-seed1,,n/a,settle,0.0,auto,off,,,,,0,WALK,first,on,1000,1,deterministic,20.0,1,200,lo,1.0,0.42,0.5,0.05,dead-reckoned-heading-hold,hold,1.0,0.3,2.649,0.5676
16,staircase_spiral,1,0,0,1,heading-only,0.04,3.772286987304689,1.9268432617187443,2.7732520708249475,0.3396869395005316,1.3767342604977326,1,timeout,20.0,-39.60631387615558,-1.980315693807779,0.3298547565937042,0.13861434936523445,-0.003657836914062784,-0.0670166015625,1.7190711774007643,-0.2493466891713471,0,20.0,11.699549006172314,-2.491172713088557,11.80431108194422,7.716878288714141,,,,,,,off,5.0,legged_eval-seed1,,n/a,settle,0.0,auto,off,,,,,0,WALK,first,on,1000,1,deterministic,20.0,1,200,lo,1.0,0.42,0.5,0.05,dead-reckoned-heading-hold,hold,1.0,0.3,2.649,0.5676
16,staircase_spiral,2,0,0,1,heading-only,0.04,3.302386474609378,2.5464111328124943,2.366336536616386,0.8788317232035879,1.8881924921861635,0,roll,14.38,-3.786854708049759,-0.2633417738560333,0.32785874605178833,0.16011032507714726,0.03799799254607054,0.551727294921875,0.8443332387367581,-0.028706337393391023,1,14.38,-88.28890086168815,0.9839203798468175,88.28890086168815,10.691798312377223,,,,,,,off,5.0,legged_eval-seed1,,n/a,settle,0.0,auto,off,,,,,0,WALK,first,on,1000,1,deterministic,20.0,1,200,lo,1.0,0.42,0.5,0.05,dead-reckoned-heading-hold,hold,1.0,0.3,2.649,0.5676
16,staircase_spiral,3,0,0,1,heading-only,0.04,1.3186309814453239,1.5577636718749943,0.5450675850298732,2.2442142941553462,3.9243401530111526,0,roll,5.24,-13.682272366284423,-2.61112068058863,0.32879605889320374,0.06080743920712287,-0.08439624582538276,-0.43609619140625,0.18065240106280306,-0.7494585142445612,1,5.24,90.0553201950246,-0.46814310699539136,90.0553201950246,15.124474779208192,,,,,,,off,5.0,legged_eval-seed1,,n/a,settle,0.0,auto,off,,,,,0,WALK,first,on,1000,1,deterministic,20.0,1,200,lo,1.0,0.42,0.5,0.05,dead-reckoned-heading-hold,hold,1.0,0.3,2.649,0.5676
16,staircase_spiral,4,0,0,1,heading-only,0.04,1.2386535644531307,2.6920104980468693,0.7320068669304003,2.5407847042984364,4.022739980011245,0,roll,5.0600000000000005,10.289914715248699,2.0335799832507306,0.33715784549713135,0.04716473605793096,0.13676096799345241,0.68634033203125,0.3903396544947678,0.7525254941908689,1,5.0600000000000005,-88.76407863932936,-0.3416943040190171,88.76407863932936,7.292860165135219,,,,,,,off,5.0,legged_eval-seed1,,n/a,settle,0.0,auto,off,,,,,0,WALK,first,on,1000,1,deterministic,20.0,1,200,lo,1.0,0.42,0.5,0.05,dead-reckoned-heading-hold,hold,1.0,0.3,2.649,0.5676
16,staircase_spiral,5,0,1,1,heading-only,0.04,3.476104736328125,1.2398696899414006,2.5901530367019543,1.9549685424572616,2.014226644863415,0,roll,18.080000000000002,-11.387913294542898,-0.6298624609813549,0.33266034722328186,0.13695269559336973,-0.04204260564483404,-0.7540206909179688,1.0000237169112363,-0.08026986056177465,1,18.080000000000002,91.0253558938671,7.994352656893463,91.0253558938671,10.513210153266646,,,,,,,off,5.0,legged_eval-seed1,,n/a,settle,0.0,auto,off,,,,,0,WALK,first,on,1000,1,deterministic,20.0,1,200,lo,1.0,0.42,0.5,0.05,dead-reckoned-heading-hold,hold,1.0,0.3,2.649,0.5676
16,staircase_spiral,6,0,0,1,heading-only,0.04,1.7604766845703352,1.3059097290039006,1.0296048232533332,1.8975638042839502,3.6403879683358658,0,roll,7.32,15.396305804988316,2.103320465162338,0.3267717659473419,0.10389025745496383,-0.09482107527269118,-0.6876449584960938,0.5902391051871431,0.35335235700590234,1,7.32,88.18498979653278,0.854547765024398,88.18498979653278,10.715707928029065,,,,,,,off,5.0,legged_eval-seed1,,n/a,settle,0.0,auto,off,,,,,0,WALK,first,on,1000,1,deterministic,20.0,1,200,lo,1.0,0.42,0.5,0.05,dead-reckoned-heading-hold,hold,1.0,0.3,2.649,0.5676
16,staircase_spiral,7,0,0,1,heading-only,0.04,4.2481109619140796,2.3427673339843693,3.266146700035557,0.8875210775075898,1.1033515041637054,1,timeout,20.0,-32.67458062482237,-1.6337290312411183,0.33455541729927063,0.16240554809570398,0.017138366699218466,0.3219451904296875,1.9934984143408252,-0.17557251593259504,0,20.0,2.2145545051501783,-4.017203162201379,12.798001398932932,8.118613379829538,,,,,,,off,5.0,legged_eval-seed1,,n/a,settle,0.0,auto,off,,,,,0,WALK,first,on,1000,1,deterministic,20.0,1,200,lo,1.0,0.42,0.5,0.05,dead-reckoned-heading-hold,hold,1.0,0.3,2.649,0.5676
16,staircase_spiral,8,0,0,1,heading-only,0.04,1.1741760253906364,1.416093444824213,0.6093309059929045,2.4975682783045796,4.2588002975265455,0,roll,2.92,-5.50515572972472,-1.8853273047002466,0.3286856710910797,0.059649323763916566,-0.19996799834787224,-0.5815505981445312,0.38021300689039794,-0.5516436208900471,1,2.92,88.63790888309796,7.317257188289577,88.63790888309796,13.831506247816035,,,,,,,off,5.0,legged_eval-seed1,,n/a,settle,0.0,auto,off,,,,,0,WALK,first,on,1000,1,deterministic,20.0,1,200,lo,1.0,0.42,0.5,0.05,dead-reckoned-heading-hold,hold,1.0,0.3,2.649,0.5676
16,staircase_spiral,9,0,0,1,heading-only,0.04,4.040319824218784,2.184945678710932,3.0459398447132187,0.6071498046344512,1.3664747944297624,1,timeout,20.0,-21.018631756491942,-1.050931587824597,0.33023133873939514,0.1520159912109392,0.00924728393554659,0.1742401123046875,1.3855566633854104,-0.12065978239946672,0,20.0,6.7391401385962695,0.06234261296876696,21.889654499577215,11.122523909830946,,,,,,,off,5.0,legged_eval-seed1,,n/a,settle,0.0,auto,off,,,,,0,WALK,first,on,1000,1,deterministic,20.0,1,200,lo,1.0,0.42,0.5,0.05,dead-reckoned-heading-hold,hold,1.0,0.3,2.649,0.5676
17,squeeze,0,0,1,1,heading-only,0.04,1.6339104175567627,2.272586059570301,0.6900330262813896,0.7457869612036158,7.071345356223589,1,timeout,20.0,12.797829855814797,0.6398914927907399,0.32470113039016724,0.03169552087783813,0.013629302978515057,0.264404296875,0.18555511299415497,0.3523593585271826,0,20.0,-0.8161036452096876,-3.168991118821328,9.995357342198902,5.434740100167742,,,,,,,off,5.0,legged_eval-seed1,,n/a,settle,0.0,auto,off,,,,,0,WALK,first,on,1000,1,deterministic,20.0,1,200,lo,1.0,0.42,0.5,0.05,dead-reckoned-heading-hold,hold,1.0,0.3,2.649,0.5676
17,squeeze,1,0,0,1,heading-only,0.04,1.0425849914550795,2.580325317382801,0.5818856893692077,0.7389221637206442,8.128158192036796,0,roll,3.14,24.63792414658397,7.846472658147761,0.3174486458301544,0.01356209918951578,0.18481698005821692,0.584686279296875,0.3174633277131782,10.097757038840788,1,3.14,-86.561377810679,8.028291430871302,86.561377810679,15.15721732078201,,,,,,,off,5.0,legged_eval-seed1,,n/a,settle,0.0,auto,off,,,,,0,WALK,first,on,1000,1,deterministic,20.0,1,200,lo,1.0,0.42,0.5,0.05,dead-reckoned-heading-hold,hold,1.0,0.3,2.649,0.5676
17,squeeze,2,0,2,1,heading-only,0.04,2.846797180175784,2.008181762695301,1.8468153036906614,0.7709141114516375,6.653207850575368,1,timeout,20.0,1.9952450536700042,0.09976225268350021,0.3332061767578125,0.0923398590087892,0.0004090881347650566,0.0005340576171875,0.2727759036925803,0.018856210061658163,0,20.0,-7.2052821602590384,-1.1413705099200424,15.780461218306812,10.212673709538171,,,,,,,off,5.0,legged_eval-seed1,,n/a,settle,0.0,auto,off,,,,,0,WALK,first,on,1000,1,deterministic,20.0,1,200,lo,1.0,0.42,0.5,0.05,dead-reckoned-heading-hold,hold,1.0,0.3,2.649,0.5676
17,squeeze,3,0,1,1,heading-only,0.04,1.6311920166015739,2.2051574707031136,0.6636964288037569,0.7642786123108032,7.3716633593770196,1,timeout,20.0,11.228606187212591,0.5614303093606295,0.328988641500473,0.03155960083007869,0.010257873535155681,0.2144012451171875,0.14557062370018253,0.3104857843922512,0,20.0,-0.6897578042222842,-4.943145466346864,8.69138784872144,6.3897938297267824,,,,,,,off,5.0,legged_eval-seed1,,n/a,settle,0.0,auto,off,,,,,0,WALK,first,on,1000,1,deterministic,20.0,1,200,lo,1.0,0.42,0.5,0.05,dead-reckoned-heading-hold,hold,1.0,0.3,2.649,0.5676
17,squeeze,4,0,1,1,heading-only,0.04,1.1600555419921932,1.8315460205078011,0.23236720880789716,1.2981955658702435,8.191676688472237,0,roll,8.72,-66.39726855616257,-7.614365660110386,0.3314283490180969,0.018354993347728575,-0.019318116914242987,-0.187103271484375,0.4714775809996952,-7.240305060429973,1,8.72,86.94479380628545,-0.8912644723350086,86.94479380628545,17.78911002776533,,,,,,,off,5.0,legged_eval-seed1,,n/a,settle,0.0,auto,off,,,,,0,WALK,first,on,1000,1,deterministic,20.0,1,200,lo,1.0,0.42,0.5,0.05,dead-reckoned-heading-hold,hold,1.0,0.3,2.649,0.5676
17,squeeze,5,0,1,1,heading-only,0.04,1.735931396484375,2.146212768554676,0.7503153963633331,0.6270452977905471,7.815436412263696,1,timeout,20.0,3.1134169889713235,0.15567084944856618,0.33311182260513306,0.03679656982421875,0.007310638427733806,0.1292572021484375,0.14775168289684376,0.07383755837115083,0,20.0,-1.245808807391295,-9.453189772626844,16.94960609978563,14.465190627002407,,,,,,,off,5.0,legged_eval-seed1,,n/a,settle,0.0,auto,off,,,,,0,WALK,first,on,1000,1,deterministic,20.0,1,200,lo,1.0,0.42,0.5,0.05,dead-reckoned-heading-hold,hold,1.0,0.3,2.649,0.5676
17,squeeze,6,0,1,1,heading-only,0.04,1.3247467041015852,1.3667327880859261,0.7116795511396031,1.3588210315024076,8.897817059708572,0,roll,2.98,2.52086146714592,0.84592666682749,0.323210209608078,0.10897540406093464,-0.2125057758100919,-0.60504150390625,0.43321649063287776,0.13548199883989648,1,2.98,89.76296709750197,-6.067254818289581,89.76296709750197,8.792113273702933,,,,,,,off,5.0,legged_eval-seed1,,n/a,settle,0.0,auto,off,,,,,0,WALK,first,on,1000,1,deterministic,20.0,1,200,lo,1.0,0.42,0.5,0.05,dead-reckoned-heading-hold,hold,1.0,0.3,2.649,0.5676
17,squeeze,7,0,2,1,heading-only,0.04,3.2304718017578296,1.9474517822265511,2.231090713894884,0.3688056697839241,6.569738355725436,1,timeout,20.0,-12.269374468882177,-0.6134687234441089,0.3263789117336273,0.11152359008789148,-0.0026274108886724435,-0.064483642578125,0.5170844113474448,-0.09600703379139809,0,20.0,-0.5569394244464193,-1.391226891263053,18.575263965604666,8.013539803032684,,,,,,,off,5.0,legged_eval-seed1,,n/a,settle,0.0,auto,off,,,,,0,WALK,first,on,1000,1,deterministic,20.0,1,200,lo,1.0,0.42,0.5,0.05,dead-reckoned-heading-hold,hold,1.0,0.3,2.649,0.5676
17,squeeze,8,0,1,1,heading-only,0.04,1.7637756347656364,1.9552032470703011,0.7650882101657921,0.728713085826504,8.68633987777729,1,timeout,20.0,14.43224772222834,0.721612386111417,0.3264111876487732,0.038188781738281816,-0.0022398376464849434,-0.0367889404296875,0.23845911228308464,0.32979612041909234,0,20.0,1.653913643755534,-3.613735497773269,7.962672298719996,6.740508268018703,,,,,,,off,5.0,legged_eval-seed1,,n/a,settle,0.0,auto,off,,,,,0,WALK,first,on,1000,1,deterministic,20.0,1,200,lo,1.0,0.42,0.5,0.05,dead-reckoned-heading-hold,hold,1.0,0.3,2.649,0.5676
17,squeeze,9,0,0,1,heading-only,0.04,1.026464843750034,1.3991577148437386,0.6014248411784401,0.7650143762286286,9.492569715747988,0,roll,2.92,-3.900779459337855,-1.3358833764855669,0.33209970593452454,0.00906330265412127,-0.20576790587543198,-0.5944671630859375,0.3512950655940399,-2.5725239719022372,1,2.92,90.00401327749411,8.00666385664004,90.00401327749411,16.316475265460863,,,,,,,off,5.0,legged_eval-seed1,,n/a,settle,0.0,auto,off,,,,,0,WALK,first,on,1000,1,deterministic,20.0,1,200,lo,1.0,0.42,0.5,0.05,dead-reckoned-heading-hold,hold,1.0,0.3,2.649,0.5676
18,agility_poles,0,0,1,1,heading-only,0.04,1.55642569065094,2.833233642578108,1.0019420404097024,2.4444862756403696,16.764294168136573,0,roll,5.2,-18.011160598919616,-3.4636847305614644,0.32811403274536133,0.10700494050979614,0.16023723895732844,0.8381805419921875,0.765515534354082,-0.5649524452921486,1,5.2,-91.48676554027058,-1.280414914934583,91.48676554027058,27.4806831293905,,,,,,,off,5.0,legged_eval-seed1,,n/a,settle,0.0,auto,off,,,,,0,WALK,first,on,1000,1,deterministic,20.0,1,200,lo,1.0,0.42,0.5,0.05,dead-reckoned-heading-hold,hold,1.0,0.3,2.649,0.5676
18,agility_poles,1,0,1,1,heading-only,0.04,1.2563949584960952,1.6278656005859204,0.4519097099747825,2.8887909307333257,15.997933811428476,0,roll,3.6,-17.440718534824384,-4.844644037451218,0.3291943073272705,0.07122082180447088,-0.10337066650391098,-0.4023590087890625,0.14214255025227096,-1.1872228850822848,1,3.6,89.27242640382065,0.7607202534665503,89.27242640382065,11.88900692082336,,,,,,,off,5.0,legged_eval-seed1,,n/a,settle,0.0,auto,off,,,,,0,WALK,first,on,1000,1,deterministic,20.0,1,200,lo,1.0,0.42,0.5,0.05,dead-reckoned-heading-hold,hold,1.0,0.3,2.649,0.5676
18,agility_poles,2,0,1,1,heading-only,0.04,3.4190780639648466,1.626812744140608,2.447694304338631,1.315490447031843,13.136223948235086,1,timeout,20.0,-5.104861321689356,-0.2552430660844678,0.3421657085418701,0.12095390319824233,-0.018659362792969602,-0.3614044189453125,0.6850718115718009,-0.03683082379539258,0,20.0,5.154526678027769,-6.531942814425757,16.686261160353673,14.465480677721583,,,,,,,off,5.0,legged_eval-seed1,,n/a,settle,0.0,auto,off,,,,,0,WALK,first,on,1000,1,deterministic,20.0,1,200,lo,1.0,0.42,0.5,0.05,dead-reckoned-heading-hold,hold,1.0,0.3,2.649,0.5676
18,agility_poles,3,0,1,1,heading-only,0.04,3.188504028320324,2.9179046630859204,2.373204342758786,0.4118853137328597,12.345666528430119,0,roll,13.200000000000001,-25.57923998056731,-1.9378212106490385,0.32955697178840637,0.16579575972123664,0.06953823205196366,0.9226531982421875,1.508331620995214,-0.2039941220310725,1,13.200000000000001,-85.94808867725372,3.8308558875392045,85.94808867725372,19.245825702152796,,,,,,,off,5.0,legged_eval-seed1,,n/a,settle,0.0,auto,off,,,,,0,WALK,first,on,1000,1,deterministic,20.0,1,200,lo,1.0,0.42,0.5,0.05,dead-reckoned-heading-hold,hold,1.0,0.3,2.649,0.5676
18,agility_poles,4,0,0,1,heading-only,0.04,1.0691741943359432,2.7076080322265454,0.7109811505472917,0.8284443264924973,13.749046746329793,0,roll,2.94,18.354877986980995,6.2431557778846924,0.32856687903404236,0.023528637529232375,0.24068300415868893,0.7022857666015625,0.4121270991112252,4.631106408248987,1,2.94,-86.58721588654223,5.803112997842847,86.58721588654223,8.286535214166932,,,,,,,off,5.0,legged_eval-seed1,,n/a,settle,0.0,auto,off,,,,,0,WALK,first,on,1000,1,deterministic,20.0,1,200,lo,1.0,0.42,0.5,0.05,dead-reckoned-heading-hold,hold,1.0,0.3,2.649,0.5676
18,agility_poles,5,0,1,1,heading-only,0.04,1.3578338623046875,1.539379882812483,0.5832803488629905,2.384628065706776,12.400723869057007,0,roll,4.38,-6.476845884141625,-1.4787319370186358,0.33119890093803406,0.08169722883668665,-0.10516441031678472,-0.4895477294921875,0.2182087990235338,-0.31590717852817846,1,4.38,86.91836574486356,0.01462604578147193,86.91836574486356,13.868315212294428,,,,,,,off,5.0,legged_eval-seed1,,n/a,settle,0.0,auto,off,,,,,0,WALK,first,on,1000,1,deterministic,20.0,1,200,lo,1.0,0.42,0.5,0.05,dead-reckoned-heading-hold,hold,1.0,0.3,2.649,0.5676
18,agility_poles,6,0,1,1,heading-only,0.04,1.2921539306640852,1.2284820556640454,0.8249811256234001,2.542141159538072,11.783131338003097,0,roll,5.14,-8.819698012394184,-1.715894554940503,0.33309388160705566,0.056839286121417365,-0.1501007673805359,-0.7442779541015625,0.44858650805315475,-0.5268892634714131,1,5.14,89.6178613324354,-0.5575171482578598,89.6178613324354,12.150787058548751,,,,,,,off,5.0,legged_eval-seed1,,n/a,settle,0.0,auto,off,,,,,0,WALK,first,on,1000,1,deterministic,20.0,1,200,lo,1.0,0.42,0.5,0.05,dead-reckoned-heading-hold,hold,1.0,0.3,2.649,0.5676
18,agility_poles,7,0,1,1,heading-only,0.04,4.0365631103515796,2.401470947265608,3.062987829660184,1.0384261027238488,7.973550402230565,1,timeout,20.0,-3.296378924037782,-0.1648189462018891,0.333103746175766,0.15182815551757897,0.020073547363280396,0.3958892822265625,1.123907484161302,-0.018946639186150853,0,20.0,-0.9028678608679443,-2.56280289651387,24.555051915534793,9.013400202226197,,,,,,,off,5.0,legged_eval-seed1,,n/a,settle,0.0,auto,off,,,,,0,WALK,first,on,1000,1,deterministic,20.0,1,200,lo,1.0,0.42,0.5,0.05,dead-reckoned-heading-hold,hold,1.0,0.3,2.649,0.5676
18,agility_poles,8,0,0,1,heading-only,0.04,0.9666564941406364,2.5540130615234204,0.5550155508826277,0.7690161035901071,10.348184308487392,0,roll,2.44,20.917417669458956,8.572712159614326,0.32414668798446655,-0.013665371253837554,0.22705453341123788,0.5449676513671875,0.37345568548813957,-10.948992912944558,1,2.44,-89.71075783763708,9.321070653550526,89.71075783763708,13.76799016316648,,,,,,,off,5.0,legged_eval-seed1,,n/a,settle,0.0,auto,off,,,,,0,WALK,first,on,1000,1,deterministic,20.0,1,200,lo,1.0,0.42,0.5,0.05,dead-reckoned-heading-hold,hold,1.0,0.3,2.649,0.5676
18,agility_poles,9,0,0,1,heading-only,0.04,0.7988342285156591,2.527355957031233,0.5644218041794786,0.8773469920832684,9.465867036119487,0,roll,2.34,25.76432906394035,11.010397035871947,0.3365291655063629,-0.08596827841211149,0.22536579360309103,0.5345001220703125,0.40750227385325855,-2.235332424671615,1,2.34,-86.7098705176241,7.626510285574938,86.7098705176241,8.905788300552317,,,,,,,off,5.0,legged_eval-seed1,,n/a,settle,0.0,auto,off,,,,,0,WALK,first,on,1000,1,deterministic,20.0,1,200,lo,1.0,0.42,0.5,0.05,dead-reckoned-heading-hold,hold,1.0,0.3,2.649,0.5676
19,balance_beam,0,0,0,1,heading-only,0.04,1.2231545448303223,1.4739746093750057,0.5714023647663756,0.5944292368569062,8.792594546293762,0,roll,2.94,-4.557628304424924,-1.5502137089880694,0.3268529176712036,0.07590290640487152,-0.1789202008928552,-0.5361175537109375,0.328108359802747,-0.35645978017066443,1,2.94,90.48777032932007,2.957449032779254,90.48777032932007,14.130825195596465,,,,,,,off,5.0,legged_eval-seed1,,n/a,settle,0.0,auto,off,,,,,0,WALK,first,on,1000,1,deterministic,20.0,1,200,lo,1.0,0.42,0.5,0.05,dead-reckoned-heading-hold,hold,1.0,0.3,2.649,0.5676
19,balance_beam,1,0,0,1,heading-only,0.04,1.0455757141113295,1.5259460449218807,0.4762397484901541,0.6566799707091999,9.56617742816348,0,roll,2.82,-35.7833163950321,-12.689119289018477,0.3322789967060089,0.01616160074869842,-0.16810423938940403,-0.4716033935546875,0.15318497692868144,-13.703278172462603,1,2.82,88.88384037478416,3.550355849533457,88.88384037478416,14.605606514997636,,,,,,,off,5.0,legged_eval-seed1,,n/a,settle,0.0,auto,off,,,,,0,WALK,first,on,1000,1,deterministic,20.0,1,200,lo,1.0,0.42,0.5,0.05,dead-reckoned-heading-hold,hold,1.0,0.3,2.649,0.5676
19,balance_beam,2,0,1,1,heading-only,0.04,2.7781707763671903,3.519033813476568,2.33866522538209,1.5210438510322488,8.262661415327461,0,roll,6.12,-13.886475071678007,-2.2690318744571907,0.3258412182331085,0.29055078045215527,0.24820813945695558,1.511383056640625,0.7551997993905648,-0.13630001950209125,1,6.12,-91.82640317436068,44.412474428465806,91.82640317436068,44.412474428465806,,,,,,,off,5.0,legged_eval-seed1,,n/a,settle,0.0,auto,off,,,,,0,WALK,first,on,1000,1,deterministic,20.0,1,200,lo,1.0,0.42,0.5,0.05,dead-reckoned-heading-hold,hold,1.0,0.3,2.649,0.5676
19,balance_beam,3,0,1,1,heading-only,0.04,2.0850646972656364,3.0653747558593807,1.5206540591714484,1.255851236112333,9.475021378608927,0,roll,5.38,-0.9166375316569884,-0.17037872335631754,0.3308507204055786,0.2016848879675904,0.19802504755750572,1.0695343017578125,0.5008597661912448,-0.014744137391147305,1,5.38,-86.20502847630576,43.751292019504106,86.20502847630576,43.751292019504106,,,,,,,off,5.0,legged_eval-seed1,,n/a,settle,0.0,auto,off,,,,,0,WALK,first,on,1000,1,deterministic,20.0,1,200,lo,1.0,0.42,0.5,0.05,dead-reckoned-heading-hold,hold,1.0,0.3,2.649,0.5676
19,balance_beam,4,0,1,1,heading-only,0.04,2.4318298339843807,0.8101104736328182,1.861712587497344,1.2455466093656604,9.741116539904073,0,roll,7.1000000000000005,-19.631129620864385,-2.7649478339245612,0.3305779695510864,0.201666173800617,-0.1675900741362228,-1.195831298828125,0.3434409167405797,-0.23929369233523545,1,7.1000000000000005,87.20839244107923,19.650898159281738,87.20839244107923,19.650898159281738,,,,,,,off,5.0,legged_eval-seed1,,n/a,settle,0.0,auto,off,,,,,0,WALK,first,on,1000,1,deterministic,20.0,1,200,lo,1.0,0.42,0.5,0.05,dead-reckoned-heading-hold,hold,1.0,0.3,2.649,0.5676
19,balance_beam,5,0,1,1,heading-only,0.04,2.120361328125,1.3532012939453182,1.2936607251176888,0.9564853496294433,10.299966980066593,0,below,7.1000000000000005,-62.05929539688307,-8.740745830546912,0.3224700391292572,0.1577973701584507,-0.0910984093034763,-0.65447998046875,0.6410799151452946,-0.9667765291007293,1,7.1000000000000005,80.3914104704332,29.29011742015551,80.3914104704332,34.512314180105264,,,,,,,off,5.0,legged_eval-seed1,,n/a,settle,0.0,auto,off,,,,,0,WALK,first,on,1000,1,deterministic,20.0,1,200,lo,1.0,0.42,0.5,0.05,dead-reckoned-heading-hold,hold,1.0,0.3,2.649,0.5676
19,balance_beam,6,0,2,1,heading-only,0.04,2.3279510498047102,2.606832885742193,1.4600342947669516,2.375853537323267,10.689287859655693,0,roll,9.14,-11.698667797509273,-1.2799417721563755,0.33002257347106934,0.14529004921276917,0.06639309472015242,0.582305908203125,0.682518929599836,-0.15375587164421237,1,9.14,-93.7579390416701,41.807999193507534,93.7579390416701,42.009698138225254,,,,,,,off,5.0,legged_eval-seed1,,n/a,settle,0.0,auto,off,,,,,0,WALK,first,on,1000,1,deterministic,20.0,1,200,lo,1.0,0.42,0.5,0.05,dead-reckoned-heading-hold,hold,1.0,0.3,2.649,0.5676
19,balance_beam,7,0,1,1,heading-only,0.04,2.4246551513672046,2.6951965332031307,1.58522570004866,0.8565297352287531,11.196947383355925,0,roll,5.7,-24.37864009621103,-4.27695440284404,0.32972216606140137,0.24993950023986045,0.12196430407072467,0.6600494384765625,0.7578233337041921,-0.29866002058762103,1,5.7,-90.97021592750971,51.54736818783748,90.97021592750971,51.54736818783748,,,,,,,off,5.0,legged_eval-seed1,,n/a,settle,0.0,auto,off,,,,,0,WALK,first,on,1000,1,deterministic,20.0,1,200,lo,1.0,0.42,0.5,0.05,dead-reckoned-heading-hold,hold,1.0,0.3,2.649,0.5676
19,balance_beam,8,0,0,1,heading-only,0.04,0.9637878417968864,2.5761779785156307,0.577314804355549,0.7870861080791602,12.949037264019585,0,roll,2.38,17.05094538495561,7.164262766788072,0.33535727858543396,-0.015215192522316652,0.24209158761160954,0.586669921875,0.37881621385584124,-8.218100005970351,1,2.38,-89.51197672387516,4.380542583635997,89.51197672387516,9.242392277836881,,,,,,,off,5.0,legged_eval-seed1,,n/a,settle,0.0,auto,off,,,,,0,WALK,first,on,1000,1,deterministic,20.0,1,200,lo,1.0,0.42,0.5,0.05,dead-reckoned-heading-hold,hold,1.0,0.3,2.649,0.5676
19,balance_beam,9,0,1,1,heading-only,0.04,1.453131103515659,2.6289733886718807,0.7752001810053373,1.6698535584200402,13.06202111182293,0,roll,4.84,0.21087003620954192,0.04356818929949213,0.3325323462486267,0.0936221288255494,0.1299531794776613,0.62841796875,0.43974124991475,0.008122100639531546,1,4.84,-90.61152141792076,-1.3626167022239961,90.61152141792076,5.4669212593369325,,,,,,,off,5.0,legged_eval-seed1,,n/a,settle,0.0,auto,off,,,,,0,WALK,first,on,1000,1,deterministic,20.0,1,200,lo,1.0,0.42,0.5,0.05,dead-reckoned-heading-hold,hold,1.0,0.3,2.649,0.5676
