task,task_name,level,episode,goals,settle_ok,heading,heading_cap_rad,final_x_m,final_y_m,travelled_m,dist_to_next_goal_m,dist_to_last_goal_m,alive_at_end,end_cause,upright_s,yaw_cum_deg,yaw_rate_deg_s,base_h_max_m,vx_mean_ms,vy_mean_ms,cross_track_m,cross_track_abs_max_m,curvature_rad_m,fell,episode_s,end_roll_deg,end_pitch_deg,peak_roll_deg,peak_pitch_deg,switches,refused_ticks,steps_alive,frac_WALK,frac_TROT,frac_TURN,yaw_moment,yaw_moment_gain,terrain,planner_set,perception,turn_target,swing_lift_mm,foot_yaw_turn,roll_couple,roll_gain,roll_damp,roll_cap_nm,roll_sign,partial,skill,start_phase,foot_comp,steps,terrain_seed,measurement_seed,episode_length_s,episodes,num_envs,rate,gutter,spawn_z,settle_s,foot_clip_rad,steering,cross_track,cross_track_gain,cross_track_cap,cmd_mean_feet_down,cmd_frac_below_3_feet
0,jump_on_and_off_box,0,0,1,1,heading-only,0.04,1.4657549858093262,1.3923524618148804,0.7656129815178698,1.1704448249549462,16.64533997017753,0,roll,5.32,-37.72837999933941,-7.091800751755528,0.32298755645751953,0.08754792966340717,-0.1142194620648721,-0.6069952249526978,0.12479978908369957,-1.4138001148561476,1,5.32,91.91879714389196,3.2975330049537925,91.91879714389196,13.90584578147599,,,,,,,off,5.0,legged_eval-seed1,,n/a,settle,0.0,auto,off,,,,,0,WALK,first,on,1000,1,deterministic,20.0,1,200,lo,1.0,0.42,0.5,0.05,dead-reckoned-heading-hold,hold,1.0,0.1,2.649,0.5676
0,jump_on_and_off_box,1,0,1,1,heading-only,0.04,1.2821250915527358,2.64945912361145,0.7080901923666169,1.4216909851301391,16.630561133829588,0,roll,8.58,50.881658204814244,5.9302631940342945,0.32579857110977173,0.03288171230218366,0.07569453655145107,0.6522966623306274,0.21695908637613537,3.1477259242019526,1,8.58,-86.28992910449273,2.9683099004163958,86.28992910449273,14.724354011445502,,,,,,,off,5.0,legged_eval-seed1,,n/a,settle,0.0,auto,off,,,,,0,WALK,first,on,1000,1,deterministic,20.0,1,200,lo,1.0,0.42,0.5,0.05,dead-reckoned-heading-hold,hold,1.0,0.1,2.649,0.5676
0,jump_on_and_off_box,2,0,1,1,heading-only,0.04,1.5025054931640653,2.872072219848633,1.0064898048623159,1.2961433950210397,15.821546784374249,0,roll,8.06,18.384543760156618,2.2809607642874212,0.3336453437805176,0.062345594685367905,0.10819754588692714,0.8611552715301514,0.42957855106574083,0.6385419153755382,1,8.06,-87.90248556905198,0.989903055151096,87.90248556905198,13.136870076793056,,,,,,,off,5.0,legged_eval-seed1,,n/a,settle,0.0,auto,off,,,,,0,WALK,first,on,1000,1,deterministic,20.0,1,200,lo,1.0,0.42,0.5,0.05,dead-reckoned-heading-hold,hold,1.0,0.1,2.649,0.5676
0,jump_on_and_off_box,3,0,1,1,heading-only,0.04,1.4818389892578239,1.4208095073699951,0.7534125286468157,1.2116265526128043,15.62889679357503,0,roll,4.98,-9.499623929973865,-1.9075550060188482,0.32731902599334717,0.09675481712004494,-0.11630331177309335,-0.571012020111084,0.23978868558291522,-0.3440977566690241,1,4.98,86.17170925159122,14.242556431852934,86.17170925159122,19.147337290080984,,,,,,,off,5.0,legged_eval-seed1,,n/a,settle,0.0,auto,off,,,,,0,WALK,first,on,1000,1,deterministic,20.0,1,200,lo,1.0,0.42,0.5,0.05,dead-reckoned-heading-hold,hold,1.0,0.1,2.649,0.5676
0,jump_on_and_off_box,4,0,1,1,heading-only,0.04,1.3178466796875057,1.373434066772461,0.7025748219724849,1.4074494023194384,16.09435429853337,0,roll,11.02,-39.76962478693187,-3.6088588735872844,0.3276357650756836,0.02884271140539979,-0.05685716272482206,-0.645134449005127,0.20648399074888987,-2.18379155477456,1,11.02,87.33727795023007,1.830198871179133,87.33727795023007,14.729494054193948,,,,,,,off,5.0,legged_eval-seed1,,n/a,settle,0.0,auto,off,,,,,0,WALK,first,on,1000,1,deterministic,20.0,1,200,lo,1.0,0.42,0.5,0.05,dead-reckoned-heading-hold,hold,1.0,0.1,2.649,0.5676
0,jump_on_and_off_box,5,0,0,1,heading-only,0.04,0.9003753662109375,1.5621381998062134,0.44905236189841863,0.7424773784537889,15.955633767257245,0,roll,1.84,-10.566408295206799,-5.742613203916738,0.30851322412490845,-0.05414382271144701,-0.2379683696705362,-0.43599724769592285,0.43729216720658387,1.8511346827319166,1,1.84,86.15271797034154,1.0202657473625643,86.15271797034154,13.310441639129508,,,,,,,off,5.0,legged_eval-seed1,,n/a,settle,0.0,auto,off,,,,,0,WALK,first,on,1000,1,deterministic,20.0,1,200,lo,1.0,0.42,0.5,0.05,dead-reckoned-heading-hold,hold,1.0,0.1,2.649,0.5676
0,jump_on_and_off_box,6,0,1,1,heading-only,0.04,1.5870147705078352,2.2318758964538574,0.631151940621786,1.025173255891047,14.614824793637183,1,timeout,20.0,60.12401347476833,3.006200673738417,0.3331030607223511,0.029350738525391763,0.011593794822692871,0.23269140720367432,0.46198759109470916,1.787624515376888,0,20.0,-15.642348895904963,-17.825671586530856,16.206201506225234,20.444927268334588,,,,,,,off,5.0,legged_eval-seed1,,n/a,settle,0.0,auto,off,,,,,0,WALK,first,on,1000,1,deterministic,20.0,1,200,lo,1.0,0.42,0.5,0.05,dead-reckoned-heading-hold,hold,1.0,0.1,2.649,0.5676
0,jump_on_and_off_box,7,0,1,1,heading-only,0.04,1.539172363281267,2.573760509490967,0.7873423395052754,1.1694190238281141,14.921862549098453,0,roll,4.4,-27.31816188397042,-6.208673155447822,0.32415249943733215,0.12253917347301523,0.13040011579340152,0.5387489795684814,0.5070180669556824,-0.8843032450077112,1,4.4,-89.48698628281896,1.0176013344597798,89.48698628281896,17.206340321281072,,,,,,,off,5.0,legged_eval-seed1,,n/a,settle,0.0,auto,off,,,,,0,WALK,first,on,1000,1,deterministic,20.0,1,200,lo,1.0,0.42,0.5,0.05,dead-reckoned-heading-hold,hold,1.0,0.1,2.649,0.5676
0,jump_on_and_off_box,8,0,0,1,heading-only,0.04,1.0197570800781364,2.5941011905670166,0.5944296147117507,0.7639302892072183,15.241825862555418,0,roll,2.2600000000000002,6.084283794988721,2.692160971233947,0.3330879807472229,0.00874207083103379,0.2628766329942551,0.614653468132019,0.42308957304984723,5.374821807084842,1,2.2600000000000002,-90.88897049724355,5.720972597904269,90.88897049724355,9.981407073919916,,,,,,,off,5.0,legged_eval-seed1,,n/a,settle,0.0,auto,off,,,,,0,WALK,first,on,1000,1,deterministic,20.0,1,200,lo,1.0,0.42,0.5,0.05,dead-reckoned-heading-hold,hold,1.0,0.1,2.649,0.5676
0,jump_on_and_off_box,9,0,1,1,heading-only,0.04,1.298651123046909,2.5402321815490723,0.6172870509564006,1.2322388780470732,14.111693412185755,0,roll,12.96,29.09390478947344,2.2449000609161605,0.33174923062324524,0.02304406813633558,0.04168458190965064,0.544140100479126,0.3902068437248837,1.7002595726328529,1,12.96,-90.41239867371584,-2.8083487093109634,90.41239867371584,13.783172126411175,,,,,,,off,5.0,legged_eval-seed1,,n/a,settle,0.0,auto,off,,,,,0,WALK,first,on,1000,1,deterministic,20.0,1,200,lo,1.0,0.42,0.5,0.05,dead-reckoned-heading-hold,hold,1.0,0.1,2.649,0.5676
1,forward_ramp_lips,0,0,1,1,heading-only,0.04,1.5831869840621948,2.435180282592773,0.7276599045825491,1.1060549397520743,12.674286325434222,0,roll,7.0,15.820971295759733,2.260138756537105,0.32865026593208313,0.08331242629459926,0.062168611798967585,0.4327363967895508,0.25795696446359107,0.47348114330527113,1,7.0,-88.01309443993782,3.922234084441787,88.01309443993782,16.910881366000062,,,,,,,off,5.0,legged_eval-seed1,,n/a,settle,0.0,auto,off,,,,,0,WALK,first,on,1000,1,deterministic,20.0,1,200,lo,1.0,0.42,0.5,0.05,dead-reckoned-heading-hold,hold,1.0,0.1,2.649,0.5676
1,forward_ramp_lips,1,0,1,1,heading-only,0.04,1.7106033325195327,1.9132305145263668,0.7158813028688658,0.883887502524609,11.839714624667144,1,timeout,20.0,-38.57352619260698,-1.9286763096303488,0.3381277322769165,0.035530166625976634,-0.004338474273681658,-0.11248207092285156,0.37076626166642995,-0.9474132829890136,0,20.0,3.5379716647261192,-0.5768836423008545,11.0673768486965,9.24768498768383,,,,,,,off,5.0,legged_eval-seed1,,n/a,settle,0.0,auto,off,,,,,0,WALK,first,on,1000,1,deterministic,20.0,1,200,lo,1.0,0.42,0.5,0.05,dead-reckoned-heading-hold,hold,1.0,0.1,2.649,0.5676
1,forward_ramp_lips,2,0,1,1,heading-only,0.04,1.539607238769534,1.1953512191772457,0.968832097224295,1.2006529988280519,11.837771616102616,0,roll,6.0200000000000005,-1.4691170242675469,-0.24403937280191806,0.32758858799934387,0.08963575394842759,-0.13366258817653726,-0.8032341003417969,0.5807737954034,-0.0475177635293387,1,6.0200000000000005,89.42765162360872,-5.068246591869432,89.42765162360872,11.442124010543152,,,,,,,off,5.0,legged_eval-seed1,,n/a,settle,0.0,auto,off,,,,,0,WALK,first,on,1000,1,deterministic,20.0,1,200,lo,1.0,0.42,0.5,0.05,dead-reckoned-heading-hold,hold,1.0,0.1,2.649,0.5676
1,forward_ramp_lips,3,0,1,1,heading-only,0.04,1.3337295532226676,1.3903585433959957,0.695009439003855,1.4450552968451849,12.980594439569453,0,roll,3.54,-10.170950436827525,-2.87314984091173,0.3370145857334137,0.09427388509114905,-0.17221510073559443,-0.5716562271118164,0.2621207304244295,-0.5319174507190109,1,3.54,87.07635960092263,4.16585070912655,87.07635960092263,17.905094838827534,,,,,,,off,5.0,legged_eval-seed1,,n/a,settle,0.0,auto,off,,,,,0,WALK,first,on,1000,1,deterministic,20.0,1,200,lo,1.0,0.42,0.5,0.05,dead-reckoned-heading-hold,hold,1.0,0.1,2.649,0.5676
1,forward_ramp_lips,4,0,0,1,heading-only,0.04,1.3492797851562557,2.535151100158691,0.6390485649149503,0.5559705776060473,12.112547891254293,0,roll,3.44,-10.56393374075725,-3.0709109711503633,0.3233337998390198,0.1015348212663534,0.15556718027868927,0.5034952163696289,0.375147699049492,-0.5278731652226937,1,3.44,-86.1920763886993,-10.451962042660773,86.1920763886993,15.98168606770867,,,,,,,off,5.0,legged_eval-seed1,,n/a,settle,0.0,auto,off,,,,,0,WALK,first,on,1000,1,deterministic,20.0,1,200,lo,1.0,0.42,0.5,0.05,dead-reckoned-heading-hold,hold,1.0,0.1,2.649,0.5676
1,forward_ramp_lips,5,0,1,1,heading-only,0.04,1.3578948974609375,1.0256982803344723,1.0379559714033055,1.5091634901022237,12.629741674093465,0,roll,18.740000000000002,-36.26453860834965,-1.9351408008724467,0.32576078176498413,0.01909791341840648,-0.05199048664170371,-0.9362850189208984,0.2999426741973871,-1.7684957369401606,1,18.740000000000002,87.2955719663634,3.4060206587863897,87.2955719663634,11.480332482657246,,,,,,,off,5.0,legged_eval-seed1,,n/a,settle,0.0,auto,off,,,,,0,WALK,first,on,1000,1,deterministic,20.0,1,200,lo,1.0,0.42,0.5,0.05,dead-reckoned-heading-hold,hold,1.0,0.1,2.649,0.5676
1,forward_ramp_lips,6,0,1,1,heading-only,0.04,1.7318054199218977,1.7386957168579098,0.7770579778983463,0.7752860705984617,11.92105876073898,1,timeout,20.0,-50.094607265397286,-2.5047303632698643,0.32355934381484985,0.03659027099609489,-0.01306521415710451,-0.27149295806884766,0.4689519227516555,-1.194738123650365,0,20.0,-1.506596925219215,-5.693374039169719,10.384652100505221,9.647456605623331,,,,,,,off,5.0,legged_eval-seed1,,n/a,settle,0.0,auto,off,,,,,0,WALK,first,on,1000,1,deterministic,20.0,1,200,lo,1.0,0.42,0.5,0.05,dead-reckoned-heading-hold,hold,1.0,0.1,2.649,0.5676
1,forward_ramp_lips,7,0,1,1,heading-only,0.04,1.4908477783203296,1.4123750686645504,0.7656595858532662,1.2110420016444892,11.873701801750654,0,roll,3.9,9.416192643601022,2.414408370154108,0.3224845826625824,0.1258584046975204,-0.15067305931678193,-0.6229867935180664,0.5688925532968812,0.33481574510795775,1,3.9,88.51083055086445,-9.70096239835842,88.51083055086445,10.046313998112957,,,,,,,off,5.0,legged_eval-seed1,,n/a,settle,0.0,auto,off,,,,,0,WALK,first,on,1000,1,deterministic,20.0,1,200,lo,1.0,0.42,0.5,0.05,dead-reckoned-heading-hold,hold,1.0,0.1,2.649,0.5676
1,forward_ramp_lips,8,0,1,1,heading-only,0.04,1.5433776855468864,1.352447128295898,0.8453307227366813,1.102681683027338,12.4235100505106,0,roll,13.38,-16.97171836605557,-1.2684393397649902,0.3352220952510834,0.04061118726060436,-0.048397075613161575,-0.6427431106567383,0.31666871267970687,-0.5451316332777575,1,13.38,86.34394476143491,-1.0485175314532371,86.34394476143491,10.89695574360241,,,,,,,off,5.0,legged_eval-seed1,,n/a,settle,0.0,auto,off,,,,,0,WALK,first,on,1000,1,deterministic,20.0,1,200,lo,1.0,0.42,0.5,0.05,dead-reckoned-heading-hold,hold,1.0,0.1,2.649,0.5676
1,forward_ramp_lips,9,0,1,1,heading-only,0.04,1.433752441406284,3.03373966217041,1.1210525721705047,1.5059996227200578,12.06063112272958,0,roll,18.240000000000002,18.174969668362593,0.9964347405900543,0.33000555634498596,0.02378028735780066,0.05667432358390404,1.0044403076171875,0.5640033888040011,0.7313228281426647,1,18.240000000000002,-92.18956881535456,-1.9351334760079186,92.18956881535456,15.218128190353262,,,,,,,off,5.0,legged_eval-seed1,,n/a,settle,0.0,auto,off,,,,,0,WALK,first,on,1000,1,deterministic,20.0,1,200,lo,1.0,0.42,0.5,0.05,dead-reckoned-heading-hold,hold,1.0,0.1,2.649,0.5676
2,sphere_bump_lips,0,0,0,1,heading-only,0.04,0.6142749786376953,2.682170104980468,0.7836707498905475,1.1179735531739192,15.750504690328397,0,roll,1.28,-8.113793296849224,-6.338901013163456,0.31398749351501465,-0.30134767293930054,0.5329453945159907,0.6885299682617188,0.5096184980095032,0.36713306115355837,1,1.28,-91.14030842590466,0.2484637155601568,91.14030842590466,11.371371193172024,,,,,,,off,5.0,legged_eval-seed1,,n/a,settle,0.0,auto,off,,,,,0,WALK,first,on,1000,1,deterministic,20.0,1,200,lo,1.0,0.42,0.5,0.05,dead-reckoned-heading-hold,hold,1.0,0.1,2.649,0.5676
2,sphere_bump_lips,1,0,0,1,heading-only,0.04,1.1276908874511733,2.2652751922607415,0.2944076941369596,0.4571487754723491,14.87467476171603,1,timeout,20.0,69.00760090382869,3.4503800451914346,0.32309821248054504,0.006384544372558665,0.013263759613037074,0.28421592712402344,0.06008402396229486,9.432230198373162,0,20.0,-2.36800416680156,-7.30323077472731,11.042781366381664,9.16841724051071,,,,,,,off,5.0,legged_eval-seed1,,n/a,settle,0.0,auto,off,,,,,0,WALK,first,on,1000,1,deterministic,20.0,1,200,lo,1.0,0.42,0.5,0.05,dead-reckoned-heading-hold,hold,1.0,0.1,2.649,0.5676
2,sphere_bump_lips,2,0,1,1,heading-only,0.04,2.2120468139648466,1.3027946472167962,1.3982677795014398,0.9095882649618549,13.555894355269553,0,roll,7.58,12.184890042002195,1.6075052825860414,0.3317599594593048,0.15990063508771063,-0.0919795979925071,-0.7130107879638672,0.7898028933939303,0.17546059094098365,1,7.58,92.30782207401596,-5.848032571965263,92.30782207401596,11.27739852140177,,,,,,,off,5.0,legged_eval-seed1,,n/a,settle,0.0,auto,off,,,,,0,WALK,first,on,1000,1,deterministic,20.0,1,200,lo,1.0,0.42,0.5,0.05,dead-reckoned-heading-hold,hold,1.0,0.1,2.649,0.5676
2,sphere_bump_lips,3,0,0,1,heading-only,0.04,1.0281036376953239,2.604319763183593,0.6049728842072047,0.7667389079280248,14.484508507279823,0,roll,3.22,13.553858931775835,4.20927296017883,0.33433613181114197,0.00872783779357884,0.18767694508807237,0.6018390655517578,0.36146521427423517,8.417396611602728,1,3.22,-89.91350660925377,1.3811687926523706,89.91350660925377,11.189782960966726,,,,,,,off,5.0,legged_eval-seed1,,n/a,settle,0.0,auto,off,,,,,0,WALK,first,on,1000,1,deterministic,20.0,1,200,lo,1.0,0.42,0.5,0.05,dead-reckoned-heading-hold,hold,1.0,0.1,2.649,0.5676
2,sphere_bump_lips,4,0,1,1,heading-only,0.04,3.508108520507818,1.938407135009765,2.5088646897873192,0.8215561772718631,11.342058720249817,1,timeout,20.0,17.260647748242206,0.8630323874121103,0.3398991823196411,0.1254054260253909,-0.003079643249511754,-0.07102203369140625,0.8285387156049727,0.12011247989093252,0,20.0,-0.7741903648989515,-0.7535881029474244,18.86440027939521,10.919599606019153,,,,,,,off,5.0,legged_eval-seed1,,n/a,settle,0.0,auto,off,,,,,0,WALK,first,on,1000,1,deterministic,20.0,1,200,lo,1.0,0.42,0.5,0.05,dead-reckoned-heading-hold,hold,1.0,0.1,2.649,0.5676
2,sphere_bump_lips,5,0,1,1,heading-only,0.04,2.685699462890625,1.2666065216064446,1.838327683885531,1.2067417751591096,11.886946337432683,0,roll,9.120000000000001,1.428267429049754,0.15660827072913966,0.3260208070278168,0.18483546742221763,-0.08041595157824072,-0.7290306091308594,0.6734967329021235,0.014787908393330334,1,9.120000000000001,88.87672823229266,-0.15561036411546728,88.87672823229266,7.730900226844072,,,,,,,off,5.0,legged_eval-seed1,,n/a,settle,0.0,auto,off,,,,,0,WALK,first,on,1000,1,deterministic,20.0,1,200,lo,1.0,0.42,0.5,0.05,dead-reckoned-heading-hold,hold,1.0,0.1,2.649,0.5676
2,sphere_bump_lips,6,0,1,1,heading-only,0.04,1.5006958007812727,2.76705093383789,0.9160040502211653,1.2172884446376266,12.672539755687266,0,roll,5.0600000000000005,-5.28348934009631,-1.044167853773974,0.3294166624546051,0.0989517392848365,0.15159109364385176,0.7389259338378906,0.5659855612768561,-0.18417227553099963,1,5.0600000000000005,-88.32600918153138,-2.887664609887973,88.32600918153138,14.74701670654013,,,,,,,off,5.0,legged_eval-seed1,,n/a,settle,0.0,auto,off,,,,,0,WALK,first,on,1000,1,deterministic,20.0,1,200,lo,1.0,0.42,0.5,0.05,dead-reckoned-heading-hold,hold,1.0,0.1,2.649,0.5676
2,sphere_bump_lips,7,0,0,1,heading-only,0.04,0.889727783203142,1.3382293701171868,0.670895169436171,0.9002069457461692,12.77742100008188,0,roll,2.08,-21.4889927583784,-10.331246518451154,0.32089197635650635,-0.053015488844643244,-0.3181589566744294,-0.6760463714599609,0.4660491124670188,3.401162028526555,1,2.08,86.86057112357487,8.233775718963843,86.86057112357487,15.453850962151279,,,,,,,off,5.0,legged_eval-seed1,,n/a,settle,0.0,auto,off,,,,,0,WALK,first,on,1000,1,deterministic,20.0,1,200,lo,1.0,0.42,0.5,0.05,dead-reckoned-heading-hold,hold,1.0,0.1,2.649,0.5676
2,sphere_bump_lips,8,0,1,1,heading-only,0.04,2.6839721679687614,1.2591239929199212,1.8397444171298174,1.1756862913685266,10.791489820128541,0,roll,10.38,10.674761481566236,1.0283970598811403,0.32488447427749634,0.1622323861241581,-0.0713753378689864,-0.7388095855712891,0.8585285591190666,0.11063706292909167,1,10.38,86.75314448692066,-7.555858788674794,86.75314448692066,16.8337710678506,,,,,,,off,5.0,legged_eval-seed1,,n/a,settle,0.0,auto,off,,,,,0,WALK,first,on,1000,1,deterministic,20.0,1,200,lo,1.0,0.42,0.5,0.05,dead-reckoned-heading-hold,hold,1.0,0.1,2.649,0.5676
2,sphere_bump_lips,9,0,1,1,heading-only,0.04,1.918676757812534,2.503489685058593,1.0476014739896802,1.049878056611535,11.242603063057071,0,roll,5.8,-28.664552011627876,-4.942164139935841,0.3349517583847046,0.1583925444504369,0.08680856638941259,0.5008583068847656,0.7025779852562895,-0.5445776296804496,1,5.8,-89.8989098649654,-1.4331418792664428,89.8989098649654,14.634360707991203,,,,,,,off,5.0,legged_eval-seed1,,n/a,settle,0.0,auto,off,,,,,0,WALK,first,on,1000,1,deterministic,20.0,1,200,lo,1.0,0.42,0.5,0.05,dead-reckoned-heading-hold,hold,1.0,0.1,2.649,0.5676
3,forward_ramp_no_lips,0,0,1,1,heading-only,0.04,1.339504599571228,2.6571643829345675,0.7396812822613471,1.2529657055435328,9.383535536653868,0,roll,4.46,4.063434537928941,0.9110839771141124,0.34173837304115295,0.07612210752718117,0.14734627420057567,0.6643009185791016,0.42045587204397017,0.20889352225472682,1,4.46,-90.44557411280839,2.0948462098548504,90.44557411280839,15.144805373628223,,,,,,,off,5.0,legged_eval-seed1,,n/a,settle,0.0,auto,off,,,,,0,WALK,first,on,1000,1,deterministic,20.0,1,200,lo,1.0,0.42,0.5,0.05,dead-reckoned-heading-hold,hold,1.0,0.1,2.649,0.5676
3,forward_ramp_no_lips,1,0,1,1,heading-only,0.04,1.4516845703125014,1.4254882812499972,0.7308095962967861,1.1697309660822124,9.415858783503671,0,roll,4.92,4.756710201909783,0.9668110166483299,0.32679450511932373,0.09180580697408565,-0.1167706745426835,-0.5731754302978516,0.41373718351457617,0.18380139602530984,1,4.92,91.60871602924637,6.136945019716984,91.60871602924637,18.042927879418126,,,,,,,off,5.0,legged_eval-seed1,,n/a,settle,0.0,auto,off,,,,,0,WALK,first,on,1000,1,deterministic,20.0,1,200,lo,1.0,0.42,0.5,0.05,dead-reckoned-heading-hold,hold,1.0,0.1,2.649,0.5676
3,forward_ramp_no_lips,2,0,1,1,heading-only,0.04,1.5134460449218778,2.5995491027832003,0.7893579464945288,1.1221429455356295,9.156204306408958,0,roll,9.22,35.41134279726694,3.840709630940015,0.3418453633785248,0.05568829120627742,0.0650270176554447,0.5927982330322266,0.6024604518156542,1.2037185415630653,1,9.22,-88.60503142818773,2.656093666740531,88.60503142818773,22.10620793861242,,,,,,,off,5.0,legged_eval-seed1,,n/a,settle,0.0,auto,off,,,,,0,WALK,first,on,1000,1,deterministic,20.0,1,200,lo,1.0,0.42,0.5,0.05,dead-reckoned-heading-hold,hold,1.0,0.1,2.649,0.5676
3,forward_ramp_no_lips,3,0,1,1,heading-only,0.04,1.3710067749023551,2.587851333618161,0.6951368336234942,1.1345213324621557,9.597014139663612,0,roll,4.64,24.575097130465053,5.296357140186434,0.3344789445400238,0.07995835665999033,0.12669209776253476,0.5797233581542969,0.1996014959407108,1.156087672622452,1,4.64,-90.31306417356392,14.982804676069906,90.31306417356392,20.75741646552112,,,,,,,off,5.0,legged_eval-seed1,,n/a,settle,0.0,auto,off,,,,,0,WALK,first,on,1000,1,deterministic,20.0,1,200,lo,1.0,0.42,0.5,0.05,dead-reckoned-heading-hold,hold,1.0,0.1,2.649,0.5676
3,forward_ramp_no_lips,4,0,0,1,heading-only,0.04,1.3636993408203182,2.51960639953613,0.6342460255705464,0.5371858897362403,8.90147910269839,0,roll,3.04,-12.464922117591783,-4.100303328155192,0.3246983289718628,0.11963794105931519,0.170923157742148,0.5279312133789062,0.39788957265268404,-0.5981697175088383,1,3.04,-88.41296056535506,0.9071241314497905,88.41296056535506,13.26278724032905,,,,,,,off,5.0,legged_eval-seed1,,n/a,settle,0.0,auto,off,,,,,0,WALK,first,on,1000,1,deterministic,20.0,1,200,lo,1.0,0.42,0.5,0.05,dead-reckoned-heading-hold,hold,1.0,0.1,2.649,0.5676
3,forward_ramp_no_lips,5,0,1,1,heading-only,0.04,1.673736572265625,2.708054351806638,0.9773750221488944,0.9102584786025797,9.103839781912953,0,roll,6.18,12.587021993266376,2.0367349503667276,0.34193840622901917,0.10901886282615292,0.1145719015868346,0.7028903961181641,0.2693951428920791,0.32606954386443127,1,6.18,-86.24614975287065,12.05654044654465,86.24614975287065,17.517919778297752,,,,,,,off,5.0,legged_eval-seed1,,n/a,settle,0.0,auto,off,,,,,0,WALK,first,on,1000,1,deterministic,20.0,1,200,lo,1.0,0.42,0.5,0.05,dead-reckoned-heading-hold,hold,1.0,0.1,2.649,0.5676
3,forward_ramp_no_lips,6,0,1,1,heading-only,0.04,1.2479492187500227,2.5778472900390597,0.6287975076956267,1.3663300401175846,9.769155640621342,0,roll,5.36,24.31356905494556,4.5361136296540225,0.3332025408744812,0.04625918260261618,0.10780733023116784,0.5763130187988281,0.3854517976460141,1.7114465415905538,1,5.36,-92.26746040434018,10.409769423967214,92.26746040434018,14.670900162767698,,,,,,,off,5.0,legged_eval-seed1,,n/a,settle,0.0,auto,off,,,,,0,WALK,first,on,1000,1,deterministic,20.0,1,200,lo,1.0,0.42,0.5,0.05,dead-reckoned-heading-hold,hold,1.0,0.1,2.649,0.5676
3,forward_ramp_no_lips,7,0,1,1,heading-only,0.04,1.4212066650390796,1.4670818328857393,0.6792766943696555,1.2019975748685345,10.192734448060794,0,roll,12.94,-52.54838777556742,-4.060926412331331,0.35076454281806946,0.03255074691182995,-0.04118378416648073,-0.5417861938476562,0.3831940976806241,-2.1774165971787225,1,12.94,87.81363278035734,5.9273028604085685,87.81363278035734,23.7137241135709,,,,,,,off,5.0,legged_eval-seed1,,n/a,settle,0.0,auto,off,,,,,0,WALK,first,on,1000,1,deterministic,20.0,1,200,lo,1.0,0.42,0.5,0.05,dead-reckoned-heading-hold,hold,1.0,0.1,2.649,0.5676
3,forward_ramp_no_lips,8,0,1,1,heading-only,0.04,1.7501647949218864,2.494051742553708,0.8982395804352818,0.773734876877072,9.762344679968074,0,roll,8.28,-12.236005171637089,-1.4777784023716292,0.3475472927093506,0.0905996129132713,0.05966808484948166,0.4812431335449219,0.4405132998601924,-0.2846822178030344,1,8.28,-89.10632559297937,0.8548218385172315,89.10632559297937,18.87872453550729,,,,,,,off,5.0,legged_eval-seed1,,n/a,settle,0.0,auto,off,,,,,0,WALK,first,on,1000,1,deterministic,20.0,1,200,lo,1.0,0.42,0.5,0.05,dead-reckoned-heading-hold,hold,1.0,0.1,2.649,0.5676
3,forward_ramp_no_lips,9,0,1,1,heading-only,0.04,1.767431640625034,2.308487701416013,0.8271130424297314,0.6942312253698754,9.387638344134736,0,roll,8.26,5.008582178097697,0.6063658811256292,0.3289501368999481,0.0929093995914085,0.037347179348185565,0.2962169647216797,0.3468643515067281,0.1139075394302452,1,8.26,-89.598287018556,2.5461847998933336,89.598287018556,11.8368209101748,,,,,,,off,5.0,legged_eval-seed1,,n/a,settle,0.0,auto,off,,,,,0,WALK,first,on,1000,1,deterministic,20.0,1,200,lo,1.0,0.42,0.5,0.05,dead-reckoned-heading-hold,hold,1.0,0.1,2.649,0.5676
4,flush_a_frame,0,0,1,1,heading-only,0.04,1.4713505506515503,1.599752807617186,0.6183600541835194,1.2198192226351452,12.634990491865803,0,roll,7.42,-28.640719031555705,-3.8599351794549466,0.33141985535621643,0.06352433297190704,-0.053941670132454704,-0.4117164611816406,0.48956929901326157,-1.0605160990016225,1,7.42,92.10708609770808,-1.3604919545439282,92.10708609770808,18.84852735295112,,,,,,,off,5.0,legged_eval-seed1,,n/a,settle,0.0,auto,off,,,,,0,WALK,first,on,1000,1,deterministic,20.0,1,200,lo,1.0,0.42,0.5,0.05,dead-reckoned-heading-hold,hold,1.0,0.1,2.649,0.5676
4,flush_a_frame,1,0,1,1,heading-only,0.04,1.4159790039062514,2.674379730224608,0.7923550670177179,1.5254623723982805,12.901658228627918,0,roll,6.94,-1.853038954219386,-0.2670084948442919,0.33667659759521484,0.05993933773865294,0.09717287179028933,0.6314659118652344,0.4382778841702555,-0.0777482291537232,1,6.94,-88.80825878474103,-0.2271229326560671,88.80825878474103,13.693172509613161,,,,,,,off,5.0,legged_eval-seed1,,n/a,settle,0.0,auto,off,,,,,0,WALK,first,on,1000,1,deterministic,20.0,1,200,lo,1.0,0.42,0.5,0.05,dead-reckoned-heading-hold,hold,1.0,0.1,2.649,0.5676
4,flush_a_frame,2,0,1,1,heading-only,0.04,1.640284729003909,2.608011627197264,0.8829737668825016,1.2236314415298208,11.675557303165723,0,roll,6.08,11.371981808097559,1.870391744752888,0.3311980366706848,0.10530998832301136,0.10000191236797108,0.5997772216796875,0.2798570033026013,0.3099847865136084,1,6.08,-91.4714535257808,0.4787991180945303,91.4714535257808,18.003647694825844,,,,,,,off,5.0,legged_eval-seed1,,n/a,settle,0.0,auto,off,,,,,0,WALK,first,on,1000,1,deterministic,20.0,1,200,lo,1.0,0.42,0.5,0.05,dead-reckoned-heading-hold,hold,1.0,0.1,2.649,0.5676
4,flush_a_frame,3,0,1,1,heading-only,0.04,1.3792007446289176,2.7286552429199205,0.8214205182254786,1.3302516734034746,13.340713296706797,0,roll,7.04,35.41979308814388,5.0312206091113465,0.3356132507324219,0.053863742134789436,0.1035021651874887,0.7251968383789062,0.22992202746836743,1.6302499890083226,1,7.04,-89.62403809923558,-0.9492989898948657,89.62403809923558,12.130562997609875,,,,,,,off,5.0,legged_eval-seed1,,n/a,settle,0.0,auto,off,,,,,0,WALK,first,on,1000,1,deterministic,20.0,1,200,lo,1.0,0.42,0.5,0.05,dead-reckoned-heading-hold,hold,1.0,0.1,2.649,0.5676
4,flush_a_frame,4,0,1,1,heading-only,0.04,1.3028625488281307,2.6326545715332017,0.7014110994021486,1.3564631126586864,12.912645206978375,0,roll,4.74,3.994515204059553,0.8427247265948424,0.33285340666770935,0.06389505249538621,0.13347142859350247,0.6349945068359375,0.41607326308502723,0.2301949930804281,1,4.74,-88.04916654810846,-1.3686199720654262,88.04916654810846,18.95196008046433,,,,,,,off,5.0,legged_eval-seed1,,n/a,settle,0.0,auto,off,,,,,0,WALK,first,on,1000,1,deterministic,20.0,1,200,lo,1.0,0.42,0.5,0.05,dead-reckoned-heading-hold,hold,1.0,0.1,2.649,0.5676
4,flush_a_frame,5,0,1,1,heading-only,0.04,1.577362060546875,1.5499443054199205,0.7320499144067235,1.34036643926168,13.330237499533904,0,roll,7.1000000000000005,-23.820776372847575,-3.3550389257531794,0.3347153067588806,0.08131860007702464,-0.0633881259971943,-0.4512519836425781,0.27304154048863133,-0.7200871108393665,1,7.1000000000000005,87.5946373890553,2.892259302180949,87.5946373890553,16.69712119880754,,,,,,,off,5.0,legged_eval-seed1,,n/a,settle,0.0,auto,off,,,,,0,WALK,first,on,1000,1,deterministic,20.0,1,200,lo,1.0,0.42,0.5,0.05,dead-reckoned-heading-hold,hold,1.0,0.1,2.649,0.5676
4,flush_a_frame,6,0,0,1,heading-only,0.04,1.0230957031250227,2.567404174804686,0.567874025721045,0.7412052387588767,14.188254400747741,0,roll,2.64,1.4878732689885226,0.5635883594653495,0.3250918984413147,0.008748372395841945,0.2149258237896538,0.560333251953125,0.3559900477882379,1.1243774331393255,1,2.64,-90.53807638755043,2.771908459005841,90.53807638755043,16.49075543731965,,,,,,,off,5.0,legged_eval-seed1,,n/a,settle,0.0,auto,off,,,,,0,WALK,first,on,1000,1,deterministic,20.0,1,200,lo,1.0,0.42,0.5,0.05,dead-reckoned-heading-hold,hold,1.0,0.1,2.649,0.5676
4,flush_a_frame,7,0,1,1,heading-only,0.04,1.493212890625017,2.507093811035155,0.7073917504953267,1.2952796589181845,12.217315403426149,0,roll,9.32,25.775948021583957,2.765659658968236,0.3365342915058136,0.05291983804989453,0.054409207192613177,0.5383415222167969,0.37305739497185736,0.9121317981560874,1,9.32,-92.75861900647493,-7.000535126719632,92.75861900647493,20.58865797532247,,,,,,,off,5.0,legged_eval-seed1,,n/a,settle,0.0,auto,off,,,,,0,WALK,first,on,1000,1,deterministic,20.0,1,200,lo,1.0,0.42,0.5,0.05,dead-reckoned-heading-hold,hold,1.0,0.1,2.649,0.5676
4,flush_a_frame,8,0,1,1,heading-only,0.04,1.2373168945312614,1.461569213867186,0.5884105878428445,1.4001215572117576,12.574216258673363,0,roll,4.32,-6.466443214737069,-1.4968618552632103,0.3371308445930481,0.05493446632668087,-0.12463675604926247,-0.5405082702636719,0.3300494267545692,-0.4755697027526272,1,4.32,86.82974509899094,8.523703273770016,86.82974509899094,14.891016895838613,,,,,,,off,5.0,legged_eval-seed1,,n/a,settle,0.0,auto,off,,,,,0,WALK,first,on,1000,1,deterministic,20.0,1,200,lo,1.0,0.42,0.5,0.05,dead-reckoned-heading-hold,hold,1.0,0.1,2.649,0.5676
4,flush_a_frame,9,0,1,1,heading-only,0.04,1.344335937500034,2.9344161987304673,0.9958417897959111,1.4475429413033367,12.690112942574745,0,roll,9.06,53.262785760837716,5.878894675589152,0.3438205122947693,0.03800617411700156,0.10313644577598977,0.927001953125,0.3995695365636855,2.699721054561373,1,9.06,-87.3762634158755,1.4654563336084057,87.3762634158755,14.98638275647646,,,,,,,off,5.0,legged_eval-seed1,,n/a,settle,0.0,auto,off,,,,,0,WALK,first,on,1000,1,deterministic,20.0,1,200,lo,1.0,0.42,0.5,0.05,dead-reckoned-heading-hold,hold,1.0,0.1,2.649,0.5676
5,sphere_bump,0,0,0,1,heading-only,0.04,1.037552833557129,2.0520401000976562,0.0641746626507963,0.46536604277623717,14.91253796856753,1,timeout,20.0,-0.8178231433134613,-0.04089115716567306,0.33971861004829407,0.0018776416778564452,0.0026020050048828126,0.0499267578125,0.09173175528671162,-0.38009665843497115,0,20.0,-4.868874437910802,7.003436430674814,12.383747240910505,9.225172329978975,,,,,,,off,5.0,legged_eval-seed1,,n/a,settle,0.0,auto,off,,,,,0,WALK,first,on,1000,1,deterministic,20.0,1,200,lo,1.0,0.42,0.5,0.05,dead-reckoned-heading-hold,hold,1.0,0.1,2.649,0.5676
5,sphere_bump,1,0,1,1,heading-only,0.04,2.042020416259767,1.3904304504394531,1.2072206027291061,1.222567292005933,13.521726497400193,0,roll,8.040000000000001,-17.194556692795743,-2.1386264543278286,0.3304694592952728,0.12960452938554315,-0.07581710815429686,-0.5822982788085938,0.46541562465401715,-0.2879997579963923,1,8.040000000000001,86.44321441093423,-1.8906344426643689,86.44321441093423,15.585893727135938,,,,,,,off,5.0,legged_eval-seed1,,n/a,settle,0.0,auto,off,,,,,0,WALK,first,on,1000,1,deterministic,20.0,1,200,lo,1.0,0.42,0.5,0.05,dead-reckoned-heading-hold,hold,1.0,0.1,2.649,0.5676
5,sphere_bump,2,0,1,1,heading-only,0.04,1.1765167236328153,1.4368743896484375,0.5901428697831429,1.7770875992115602,14.184665616026848,0,roll,2.9,-9.5223501225978,-3.283569007792345,0.3221692144870758,0.06086783573545357,-0.19418124494881467,-0.5778694152832031,0.3182393721064079,-0.9415332368888393,1,2.9,86.99628246332821,0.19700463658695389,86.99628246332821,14.805681291404904,,,,,,,off,5.0,legged_eval-seed1,,n/a,settle,0.0,auto,off,,,,,0,WALK,first,on,1000,1,deterministic,20.0,1,200,lo,1.0,0.42,0.5,0.05,dead-reckoned-heading-hold,hold,1.0,0.1,2.649,0.5676
5,sphere_bump,3,0,1,1,heading-only,0.04,2.04303436279298,2.7417755126953125,1.2799029624160387,1.8320305537547048,12.628769278474968,0,roll,8.9,-17.00862197541403,-1.911081120833037,0.33564266562461853,0.11719487222393035,0.08334556322419241,0.7307777404785156,0.7446576068244029,-0.2846085088732177,1,8.9,-87.39850506168239,-1.4648314936734939,87.39850506168239,28.110881444404132,,,,,,,off,5.0,legged_eval-seed1,,n/a,settle,0.0,auto,off,,,,,0,WALK,first,on,1000,1,deterministic,20.0,1,200,lo,1.0,0.42,0.5,0.05,dead-reckoned-heading-hold,hold,1.0,0.1,2.649,0.5676
5,sphere_bump,4,0,0,1,heading-only,0.04,1.2717041015625057,2.7677764892578125,0.8144346850809709,0.8009992226590701,13.30047452927599,0,roll,2.82,-0.7087343244865281,-0.251324228541322,0.32412537932395935,0.09634897218528571,0.27226116640347964,0.7551498413085938,0.5571409399134706,-0.04552653939727928,1,2.82,-90.26134994467172,0.4341075004847741,90.26134994467172,10.725554792737558,,,,,,,off,5.0,legged_eval-seed1,,n/a,settle,0.0,auto,off,,,,,0,WALK,first,on,1000,1,deterministic,20.0,1,200,lo,1.0,0.42,0.5,0.05,dead-reckoned-heading-hold,hold,1.0,0.1,2.649,0.5676
5,sphere_bump,5,0,0,1,heading-only,0.04,0.909454345703125,1.3744544982910156,0.6320646250348094,0.8602623695810884,13.305258771014474,0,roll,1.98,-18.480231900857632,-9.333450454978601,0.3099716603755951,-0.04573012843276515,-0.31593207157019415,-0.6252555847167969,0.4032838638318473,3.5621907611880586,1,1.98,89.18376768134708,10.094284392787824,89.18376768134708,18.71153153050495,,,,,,,off,5.0,legged_eval-seed1,,n/a,settle,0.0,auto,off,,,,,0,WALK,first,on,1000,1,deterministic,20.0,1,200,lo,1.0,0.42,0.5,0.05,dead-reckoned-heading-hold,hold,1.0,0.1,2.649,0.5676
5,sphere_bump,6,0,1,1,heading-only,0.04,1.4591766357422102,1.4431114196777344,0.7217811813180522,1.2297320381263839,12.603132859762825,0,roll,7.96,-48.24771084298007,-6.061270206404531,0.33267614245414734,0.05768550700279023,-0.06996087692490774,-0.5528106689453125,0.37444527738383937,-1.8338942908082332,1,7.96,89.3174291514021,1.1006731687898321,89.3174291514021,17.107348733410575,,,,,,,off,5.0,legged_eval-seed1,,n/a,settle,0.0,auto,off,,,,,0,WALK,first,on,1000,1,deterministic,20.0,1,200,lo,1.0,0.42,0.5,0.05,dead-reckoned-heading-hold,hold,1.0,0.1,2.649,0.5676
5,sphere_bump,7,0,0,1,heading-only,0.04,1.6030914306640796,1.1489067077636719,1.0431102845960813,0.8573141986261739,12.176688695367694,0,roll,7.16,1.3287357788405814,0.18557762274309794,0.3335789740085602,0.08423064674079324,-0.11886777824529722,-0.8231697082519531,0.6544064181565026,0.03845323121949079,1,7.16,92.53002334867963,0.3033787566625485,92.53002334867963,17.042697179963163,,,,,,,off,5.0,legged_eval-seed1,,n/a,settle,0.0,auto,off,,,,,0,WALK,first,on,1000,1,deterministic,20.0,1,200,lo,1.0,0.42,0.5,0.05,dead-reckoned-heading-hold,hold,1.0,0.1,2.649,0.5676
5,sphere_bump,8,0,1,1,heading-only,0.04,2.8024414062500114,2.7230796813964844,1.9420708660120927,1.3561271916891537,10.622198095197255,0,roll,9.46,-12.888710278682083,-1.3624429470065627,0.32818979024887085,0.19053291820824642,0.07643548429138312,0.72906494140625,0.8282089187014878,-0.12480318634415351,1,9.46,-91.57540923546308,-16.805037654728054,91.57540923546308,16.989237472575027,,,,,,,off,5.0,legged_eval-seed1,,n/a,settle,0.0,auto,off,,,,,0,WALK,first,on,1000,1,deterministic,20.0,1,200,lo,1.0,0.42,0.5,0.05,dead-reckoned-heading-hold,hold,1.0,0.1,2.649,0.5676
5,sphere_bump,9,0,1,1,heading-only,0.04,1.848120117187534,1.3973121643066406,1.0404519981579843,1.5977826253875398,11.417797400960325,0,roll,8.38,-5.948352877907581,-0.7098273123994726,0.3222145140171051,0.10120765121569618,-0.07191978946221472,-0.6085395812988281,0.32494736079465647,-0.12240995194671407,1,8.38,90.0988005474284,0.8762507768519071,90.0988005474284,13.298767403571068,,,,,,,off,5.0,legged_eval-seed1,,n/a,settle,0.0,auto,off,,,,,0,WALK,first,on,1000,1,deterministic,20.0,1,200,lo,1.0,0.42,0.5,0.05,dead-reckoned-heading-hold,hold,1.0,0.1,2.649,0.5676
6,box_jump_even,0,0,1,1,heading-only,0.04,1.5069873332977295,1.462358093261713,0.7389823922161636,1.1281498204629417,9.957537833725915,0,roll,5.0200000000000005,9.188321227266584,1.8303428739574867,0.32475054264068604,0.10099349268879072,-0.1070999814219695,-0.5641860961914062,0.4340298859926187,0.31631255381386914,1,5.0200000000000005,86.6827991638115,1.5339992683404498,86.6827991638115,17.91889999802696,,,,,,,off,5.0,legged_eval-seed1,,n/a,settle,0.0,auto,off,,,,,0,WALK,first,on,1000,1,deterministic,20.0,1,200,lo,1.0,0.42,0.5,0.05,dead-reckoned-heading-hold,hold,1.0,0.1,2.649,0.5676
6,box_jump_even,1,0,2,1,heading-only,0.04,2.8652702331542983,3.1037536621093693,2.1673728773128387,1.5568665229825693,8.45706600480617,0,roll,9.88,9.599836892386094,0.9716434101605357,0.3318442702293396,0.18879253372007065,0.11171595770337746,1.0937347412109375,0.9072058775700945,0.08982546252465606,1,9.88,-89.26309279935828,32.79941500233636,89.26309279935828,32.79941500233636,,,,,,,off,5.0,legged_eval-seed1,,n/a,settle,0.0,auto,off,,,,,0,WALK,first,on,1000,1,deterministic,20.0,1,200,lo,1.0,0.42,0.5,0.05,dead-reckoned-heading-hold,hold,1.0,0.1,2.649,0.5676
6,box_jump_even,2,0,1,1,heading-only,0.04,2.111903381347659,1.611955261230463,1.1776705179034905,0.4294982264895539,9.396112858008797,0,roll,8.08,-2.2202072070740257,-0.2747781196873794,0.3338809311389923,0.13761180462223505,-0.048025338956625856,-0.369384765625,0.615729585659462,-0.03485008364034585,1,8.08,88.24024210038793,2.6225531422454127,88.24024210038793,12.656159855553799,,,,,,,off,5.0,legged_eval-seed1,,n/a,settle,0.0,auto,off,,,,,0,WALK,first,on,1000,1,deterministic,20.0,1,200,lo,1.0,0.42,0.5,0.05,dead-reckoned-heading-hold,hold,1.0,0.1,2.649,0.5676
6,box_jump_even,3,0,0,1,heading-only,0.04,0.8519866943359489,2.5834785461425724,0.6019594275881472,0.8719910883296349,10.514215642629173,0,roll,1.76,0.5712015514865811,0.3245463360719211,0.3181080222129822,-0.08409846912730178,0.3315219012173707,0.5570640563964844,0.36892215274099954,-0.06735440250600434,1,1.76,-89.33775530298539,0.01769976785512262,89.33775530298539,20.803869494748326,,,,,,,off,5.0,legged_eval-seed1,,n/a,settle,0.0,auto,off,,,,,0,WALK,first,on,1000,1,deterministic,20.0,1,200,lo,1.0,0.42,0.5,0.05,dead-reckoned-heading-hold,hold,1.0,0.1,2.649,0.5676
6,box_jump_even,4,0,0,1,heading-only,0.04,0.8284973144531307,2.6110664367675724,0.6346773678756837,0.9079196257601635,11.387909181124655,0,roll,1.6400000000000001,21.352904991262164,13.020064019062294,0.3107622563838959,-0.10457480826028616,0.3726014858338856,0.5974960327148438,0.42362101218973486,-2.1730184327708844,1,1.6400000000000001,-92.73671102977897,11.486484175078072,92.73671102977897,17.408018816317654,,,,,,,off,5.0,legged_eval-seed1,,n/a,settle,0.0,auto,off,,,,,0,WALK,first,on,1000,1,deterministic,20.0,1,200,lo,1.0,0.42,0.5,0.05,dead-reckoned-heading-hold,hold,1.0,0.1,2.649,0.5676
6,box_jump_even,5,0,0,1,heading-only,0.04,0.7175445556640625,1.4094367980956974,0.6546342287709022,0.9803067978007759,11.397765431773728,0,roll,2.12,-24.546028092902247,-11.578315138161438,0.30501842498779297,-0.1332337001584611,-0.2785675480680672,-0.5804901123046875,0.42762821197210854,1.5167312831068742,1,2.12,90.07736951673513,0.019177505511459702,90.07736951673513,13.457497488815138,,,,,,,off,5.0,legged_eval-seed1,,n/a,settle,0.0,auto,off,,,,,0,WALK,first,on,1000,1,deterministic,20.0,1,200,lo,1.0,0.42,0.5,0.05,dead-reckoned-heading-hold,hold,1.0,0.1,2.649,0.5676
6,box_jump_even,6,0,2,1,heading-only,0.04,3.0291381835937727,2.170995330810541,2.0363303197853835,0.9571982846649248,8.772528506972888,0,below,9.34,-30.294354642338277,-3.243506921021229,0.3293660581111908,0.21725248218348744,0.018307851264511905,0.159088134765625,1.1144246604787835,-0.26057182184566463,1,9.34,-64.03784997405891,59.9839277556535,64.03784997405891,60.48064309551016,,,,,,,off,5.0,legged_eval-seed1,,n/a,settle,0.0,auto,off,,,,,0,WALK,first,on,1000,1,deterministic,20.0,1,200,lo,1.0,0.42,0.5,0.05,dead-reckoned-heading-hold,hold,1.0,0.1,2.649,0.5676
6,box_jump_even,7,0,0,1,heading-only,0.04,0.974810791015642,2.497350311279291,0.49798777934690874,0.7233125447296096,10.836608267462685,0,roll,1.84,9.960288785455504,5.4132004268779905,0.31678706407546997,-0.013689787491498883,0.27029908221700605,0.50048828125,0.33987652388784134,-6.901361367227414,1,1.84,-92.50614880912099,4.225965935783699,92.50614880912099,12.10915030333347,,,,,,,off,5.0,legged_eval-seed1,,n/a,settle,0.0,auto,off,,,,,0,WALK,first,on,1000,1,deterministic,20.0,1,200,lo,1.0,0.42,0.5,0.05,dead-reckoned-heading-hold,hold,1.0,0.1,2.649,0.5676
6,box_jump_even,8,0,1,1,heading-only,0.04,1.4964111328125114,1.6118789672851506,0.6301285176976534,0.9920651921347539,10.66065634410454,0,roll,4.6000000000000005,0.9105147259899695,0.19793798391086292,0.33545324206352234,0.10791546365489377,-0.08437413754670639,-0.4165916442871094,0.27734594125293377,0.032012738647464976,1,4.6000000000000005,88.65972712975724,-3.83032570059444,88.65972712975724,11.061203124988312,,,,,,,off,5.0,legged_eval-seed1,,n/a,settle,0.0,auto,off,,,,,0,WALK,first,on,1000,1,deterministic,20.0,1,200,lo,1.0,0.42,0.5,0.05,dead-reckoned-heading-hold,hold,1.0,0.1,2.649,0.5676
6,box_jump_even,9,0,1,1,heading-only,0.04,1.675238037109409,1.56307754516601,0.804268386981316,0.8052669382987129,10.533827206056046,0,roll,5.14,2.126992771444634,0.41381182323825566,0.3299691081047058,0.13136926792011852,-0.08500436864474516,-0.4676666259765625,0.2894522668236895,0.054977689329745255,1,5.14,85.99670603102443,3.944831015886899,85.99670603102443,11.586559904036179,,,,,,,off,5.0,legged_eval-seed1,,n/a,settle,0.0,auto,off,,,,,0,WALK,first,on,1000,1,deterministic,20.0,1,200,lo,1.0,0.42,0.5,0.05,dead-reckoned-heading-hold,hold,1.0,0.1,2.649,0.5676
7,box_jump_uneven,0,0,0,1,heading-only,0.04,0.8198476433753967,1.3867332458496051,0.639179930335394,0.9158074797511551,11.496520962580794,0,roll,1.54,0.39064589540095085,0.25366616584477325,0.3044782876968384,-0.11698204975623588,-0.3982251650327239,-0.5870018005371094,0.37538095271534005,-0.037846061033524274,1,1.54,90.34659351258145,0.14597384758103427,90.34659351258145,12.52531162824528,,,,,,,off,5.0,legged_eval-seed1,,n/a,settle,0.0,auto,off,,,,,0,WALK,first,on,1000,1,deterministic,20.0,1,200,lo,1.0,0.42,0.5,0.05,dead-reckoned-heading-hold,hold,1.0,0.1,2.649,0.5676
7,box_jump_uneven,1,0,1,1,heading-only,0.04,2.5277458190917983,0.8184959411621051,1.9313102104019668,1.2737329751007098,10.141314319449585,0,roll,8.42,-23.257929415564263,-2.762224396147775,0.3435540497303009,0.1814424963291922,-0.14032114713039132,-1.180633544921875,0.5117189334288808,-0.26570352242191,1,8.42,89.88432219821192,-4.765305818724036,89.88432219821192,15.617075484278972,,,,,,,off,5.0,legged_eval-seed1,,n/a,settle,0.0,auto,off,,,,,0,WALK,first,on,1000,1,deterministic,20.0,1,200,lo,1.0,0.42,0.5,0.05,dead-reckoned-heading-hold,hold,1.0,0.1,2.649,0.5676
7,box_jump_uneven,2,0,1,1,heading-only,0.04,1.5202438354492216,2.41831893920898,0.6675660141318184,1.1662297706853442,10.73790752826715,0,roll,7.66,52.43219452517562,6.844934011119532,0.3360583782196045,0.0679169497975485,0.054610827572973905,0.444183349609375,0.45832723434430045,1.7590106141676314,1,7.66,-87.24905388368957,1.7355714884528959,87.24905388368957,16.56526907984345,,,,,,,off,5.0,legged_eval-seed1,,n/a,settle,0.0,auto,off,,,,,0,WALK,first,on,1000,1,deterministic,20.0,1,200,lo,1.0,0.42,0.5,0.05,dead-reckoned-heading-hold,hold,1.0,0.1,2.649,0.5676
7,box_jump_uneven,3,0,1,1,heading-only,0.04,1.4570892333984489,2.611384582519527,0.7633620864513497,1.3360222184680957,11.509161090053805,0,roll,9.24,26.794241435112042,2.89980967912468,0.3354029357433319,0.04946853175307888,0.06616716261033842,0.60516357421875,0.3246890652814149,1.0230994288359072,1,9.24,-86.95356242124005,-1.340412332421373,86.95356242124005,15.879705707410473,,,,,,,off,5.0,legged_eval-seed1,,n/a,settle,0.0,auto,off,,,,,0,WALK,first,on,1000,1,deterministic,20.0,1,200,lo,1.0,0.42,0.5,0.05,dead-reckoned-heading-hold,hold,1.0,0.1,2.649,0.5676
7,box_jump_uneven,4,0,1,1,heading-only,0.04,1.3788970947265682,2.7571022033691364,0.8466207856759927,1.3028421380329913,11.196729159292689,0,roll,6.94,39.598471123897895,5.705831574048688,0.3274868428707123,0.05459612315944786,0.10909253650852109,0.7511558532714844,0.23910041253464087,1.8240406418705015,1,6.94,-86.3243154948466,2.0889078405852,86.3243154948466,13.758803542921926,,,,,,,off,5.0,legged_eval-seed1,,n/a,settle,0.0,auto,off,,,,,0,WALK,first,on,1000,1,deterministic,20.0,1,200,lo,1.0,0.42,0.5,0.05,dead-reckoned-heading-hold,hold,1.0,0.1,2.649,0.5676
7,box_jump_uneven,5,0,1,1,heading-only,0.04,1.3609466552734375,2.6661407470703082,0.757645024309188,1.2903292367312216,11.308689973422629,0,roll,7.98,37.0158209574067,4.63857405481287,0.3254130482673645,0.045231410435267856,0.08347628409402358,0.6683692932128906,0.216373530344704,1.7898710005943919,1,7.98,-90.88207771177119,-5.915757711475898,90.88207771177119,20.161317043343,,,,,,,off,5.0,legged_eval-seed1,,n/a,settle,0.0,auto,off,,,,,0,WALK,first,on,1000,1,deterministic,20.0,1,200,lo,1.0,0.42,0.5,0.05,dead-reckoned-heading-hold,hold,1.0,0.1,2.649,0.5676
7,box_jump_uneven,6,0,1,1,heading-only,0.04,1.4790130615234602,1.3280860900878864,0.825179868539861,1.0670700605821029,10.791924199658077,0,roll,6.62,-22.879930434283295,-3.4561828450578997,0.3188307583332062,0.07235846850807556,-0.10149756947312895,-0.6716079711914062,0.19182804307222445,-0.8336518370406523,1,6.62,87.04731280946346,-0.43575378253561875,87.04731280946346,16.361303745619875,,,,,,,off,5.0,legged_eval-seed1,,n/a,settle,0.0,auto,off,,,,,0,WALK,first,on,1000,1,deterministic,20.0,1,200,lo,1.0,0.42,0.5,0.05,dead-reckoned-heading-hold,hold,1.0,0.1,2.649,0.5676
7,box_jump_uneven,7,0,1,1,heading-only,0.04,1.404071044921892,2.4316627502441364,0.5912750115577364,1.1733474432716577,10.205062468547087,0,roll,7.22,40.44798151588961,5.602213506355902,0.3258233964443207,0.05596551868724267,0.05978708452134853,0.43950653076171875,0.3065136116995986,1.7470948787596072,1,7.22,-87.11073059774748,0.8303233523273169,87.11073059774748,20.730523817508196,,,,,,,off,5.0,legged_eval-seed1,,n/a,settle,0.0,auto,off,,,,,0,WALK,first,on,1000,1,deterministic,20.0,1,200,lo,1.0,0.42,0.5,0.05,dead-reckoned-heading-hold,hold,1.0,0.1,2.649,0.5676
7,box_jump_uneven,8,0,0,1,heading-only,0.04,0.9915893554687614,1.4024803161621051,0.597578874722968,0.7845451905699297,11.973329316268366,0,roll,1.8800000000000001,-11.348082260135243,-6.0362139681570435,0.3155229091644287,-0.004473747091084378,-0.31782961906271,-0.6502456665039062,0.44997495563421913,23.548896697617447,1,1.8800000000000001,88.17079910843337,5.60704827041078,88.17079910843337,11.213327464645948,,,,,,,off,5.0,legged_eval-seed1,,n/a,settle,0.0,auto,off,,,,,0,WALK,first,on,1000,1,deterministic,20.0,1,200,lo,1.0,0.42,0.5,0.05,dead-reckoned-heading-hold,hold,1.0,0.1,2.649,0.5676
7,box_jump_uneven,9,0,1,1,heading-only,0.04,1.296392822265659,2.7471343994140582,0.8037776532589147,1.4084953009349614,11.976933429320285,0,roll,7.5200000000000005,34.70830181911353,4.615465667435309,0.3343941271305084,0.03941393913107169,0.09935297864548646,0.7463302612304688,0.3118562658725288,2.043821911370406,1,7.5200000000000005,-88.5307401207765,3.2861733052637514,88.5307401207765,12.31613956782732,,,,,,,off,5.0,legged_eval-seed1,,n/a,settle,0.0,auto,off,,,,,0,WALK,first,on,1000,1,deterministic,20.0,1,200,lo,1.0,0.42,0.5,0.05,dead-reckoned-heading-hold,hold,1.0,0.1,2.649,0.5676
8,flat_circle_jump,0,0,1,1,heading-only,0.04,2.4945104122161865,3.2259490966796847,1.9330060941115346,1.3791911160788883,6.423562105973588,0,roll,11.76,-20.808899038997367,-1.7694642039963748,0.326038122177124,0.1270842187258662,0.10424737216663986,1.222869873046875,0.9753505370188671,-0.24301189137051799,1,11.76,-87.66187185961613,52.08497214788898,87.66187185961613,52.08497214788898,,,,,,,off,5.0,legged_eval-seed1,,n/a,settle,0.0,auto,off,,,,,0,WALK,first,on,1000,1,deterministic,20.0,1,200,lo,1.0,0.42,0.5,0.05,dead-reckoned-heading-hold,hold,1.0,0.1,2.649,0.5676
8,flat_circle_jump,1,0,0,1,heading-only,0.04,1.2036758422851577,1.3775909423828097,0.6548869243880866,0.6893482729718917,8.120212922196126,0,roll,2.32,7.705940540913275,3.3215260952212393,0.3182949125766754,0.08779131132980934,-0.2682797662143062,-0.6356353759765625,0.4549187158876783,0.6603337582546988,1,2.32,93.03010436186416,-7.212415834099897,93.03010436186416,9.476860728443386,,,,,,,off,5.0,legged_eval-seed1,,n/a,settle,0.0,auto,off,,,,,0,WALK,first,on,1000,1,deterministic,20.0,1,200,lo,1.0,0.42,0.5,0.05,dead-reckoned-heading-hold,hold,1.0,0.1,2.649,0.5676
8,flat_circle_jump,2,0,1,1,heading-only,0.04,2.036669921875003,2.1516616821289034,1.0477050122751599,0.8207755957843489,7.81480186412676,1,timeout,20.0,-48.52714669101448,-2.426357334550724,0.3186759054660797,0.05183349609375014,0.007583084106445171,0.1511077880859375,0.9185026884496266,-0.8169991898912223,0,20.0,-66.04067931072814,19.50690670742201,70.49048127620478,25.637494006660805,,,,,,,off,5.0,legged_eval-seed1,,n/a,settle,0.0,auto,off,,,,,0,WALK,first,on,1000,1,deterministic,20.0,1,200,lo,1.0,0.42,0.5,0.05,dead-reckoned-heading-hold,hold,1.0,0.1,2.649,0.5676
8,flat_circle_jump,3,0,0,1,heading-only,0.04,1.0182769775390739,1.4720733642578097,0.5282429182052809,0.7146772719871237,9.246805745562149,0,roll,3.62,-15.820626220128162,-4.370338734842034,0.32687535881996155,0.005048888822948582,-0.14583608722159955,-0.5493545532226562,0.29992045635617837,-15.107641111790372,1,3.62,88.77665832233295,-0.5085054667873745,88.77665832233295,12.596092339813545,,,,,,,off,5.0,legged_eval-seed1,,n/a,settle,0.0,auto,off,,,,,0,WALK,first,on,1000,1,deterministic,20.0,1,200,lo,1.0,0.42,0.5,0.05,dead-reckoned-heading-hold,hold,1.0,0.1,2.649,0.5676
8,flat_circle_jump,4,0,1,1,heading-only,0.04,1.8680480957031307,2.1108673095703097,0.8750994553678972,0.8393065777143219,9.232617587855671,1,timeout,20.0,-3.832997301384893,-0.19164986506924464,0.3371615409851074,0.043402404785156536,0.005543365478515483,0.12160491943359375,0.3087710840305215,-0.07706764574494591,0,20.0,-5.09641284444471,11.225161518911479,14.823870701632691,11.997474730141464,,,,,,,off,5.0,legged_eval-seed1,,n/a,settle,0.0,auto,off,,,,,0,WALK,first,on,1000,1,deterministic,20.0,1,200,lo,1.0,0.42,0.5,0.05,dead-reckoned-heading-hold,hold,1.0,0.1,2.649,0.5676
8,flat_circle_jump,5,0,1,1,heading-only,0.04,2.1388397216796875,2.615185546874997,1.294375976584608,1.0281972399628196,9.431245466072768,0,below,4.98,-32.26866913467532,-6.479652436681791,0.3233497142791748,0.2286826750360818,0.12353123431224841,0.6214141845703125,0.6660224946302857,-0.4945336125140524,1,4.98,-73.60711590476197,61.80375834969734,73.60711590476197,61.80375834969734,,,,,,,off,5.0,legged_eval-seed1,,n/a,settle,0.0,auto,off,,,,,0,WALK,first,on,1000,1,deterministic,20.0,1,200,lo,1.0,0.42,0.5,0.05,dead-reckoned-heading-hold,hold,1.0,0.1,2.649,0.5676
8,flat_circle_jump,6,0,0,1,heading-only,0.04,1.2885070800781477,2.5612457275390597,0.631057130485083,0.5997716414252339,10.826050800000944,0,roll,3.0,-7.16508561686112,-2.38836187228704,0.3227759599685669,0.09616902669271592,0.18708190917968656,0.5796661376953125,0.41619189320674566,-0.43345326280257,1,3.0,-89.8380239708986,8.425714108413764,89.8380239708986,14.496634704934465,,,,,,,off,5.0,legged_eval-seed1,,n/a,settle,0.0,auto,off,,,,,0,WALK,first,on,1000,1,deterministic,20.0,1,200,lo,1.0,0.42,0.5,0.05,dead-reckoned-heading-hold,hold,1.0,0.1,2.649,0.5676
8,flat_circle_jump,7,0,0,1,heading-only,0.04,1.3530303955078296,2.587017822265622,0.6849966305098794,0.6051363386064817,11.162415566853314,0,roll,4.24,-15.78845062587638,-3.7236911853482026,0.34285232424736023,0.08326188573297866,0.13844759959094863,0.551727294921875,0.4540063578606425,-0.780557285481643,1,4.24,-90.16968988081535,-8.08540625911196,90.16968988081535,11.56134899581227,,,,,,,off,5.0,legged_eval-seed1,,n/a,settle,0.0,auto,off,,,,,0,WALK,first,on,1000,1,deterministic,20.0,1,200,lo,1.0,0.42,0.5,0.05,dead-reckoned-heading-hold,hold,1.0,0.1,2.649,0.5676
8,flat_circle_jump,8,0,0,1,heading-only,0.04,0.8618286132812614,2.581578063964841,0.5977661554428051,0.8634209652953827,12.251982367567582,0,roll,3.84,33.40256230944965,8.698583934752513,0.3238702416419983,-0.03598213195800486,0.15145262082417732,0.5635604858398438,0.30938549581624175,-4.219286675389455,1,3.84,-86.15346146508779,9.90363689789598,86.15346146508779,22.192438573153243,,,,,,,off,5.0,legged_eval-seed1,,n/a,settle,0.0,auto,off,,,,,0,WALK,first,on,1000,1,deterministic,20.0,1,200,lo,1.0,0.42,0.5,0.05,dead-reckoned-heading-hold,hold,1.0,0.1,2.649,0.5676
8,flat_circle_jump,9,0,1,1,heading-only,0.04,1.365087890625034,2.6990554809570284,0.7886493094760809,2.265548144480288,12.6043124114784,0,roll,5.54,18.00482532244729,3.2499684697558284,0.33085358142852783,0.0659003412680567,0.12618329981173798,0.69500732421875,0.33072476491395947,0.8607337881986908,1,5.54,-90.00398053507502,-2.065183102628198,90.00398053507502,14.434111082457205,,,,,,,off,5.0,legged_eval-seed1,,n/a,settle,0.0,auto,off,,,,,0,WALK,first,on,1000,1,deterministic,20.0,1,200,lo,1.0,0.42,0.5,0.05,dead-reckoned-heading-hold,hold,1.0,0.1,2.649,0.5676
9,bump_jump,0,0,0,1,heading-only,0.04,1.1586837768554688,2.6569503784179602,0.675843429161383,0.7403246341201599,9.613788571216812,0,roll,4.1,1.5899555965695527,0.38779404794379335,0.3294280469417572,0.038703360208650915,0.16023179961413667,0.6267547607421875,0.36034481636793597,0.1748758484991467,1,4.1,-86.20192881244412,2.8016005589746866,86.20192881244412,15.405893311170702,,,,,,,off,5.0,legged_eval-seed1,,n/a,settle,0.0,auto,off,,,,,0,WALK,first,on,1000,1,deterministic,20.0,1,200,lo,1.0,0.42,0.5,0.05,dead-reckoned-heading-hold,hold,1.0,0.1,2.649,0.5676
9,bump_jump,1,0,0,1,heading-only,0.04,1.1683975219726577,2.7676528930663977,0.7859062855326594,0.836212393873162,9.562464994099075,0,roll,3.04,-2.2310509450253164,-0.7338983371793804,0.3320426344871521,0.05539392170153213,0.25251739903499926,0.734100341796875,0.5105632719643498,-0.2312337159969922,1,3.04,-87.55344273542359,12.380374340427048,87.55344273542359,18.90376075904717,,,,,,,off,5.0,legged_eval-seed1,,n/a,settle,0.0,auto,off,,,,,0,WALK,first,on,1000,1,deterministic,20.0,1,200,lo,1.0,0.42,0.5,0.05,dead-reckoned-heading-hold,hold,1.0,0.1,2.649,0.5676
9,bump_jump,2,0,1,1,heading-only,0.04,2.4747421264648466,1.598471069335929,1.5284272379574666,0.6020375629874489,8.384877454702183,0,roll,6.16,11.726568300326704,1.9036636851179713,0.33472761511802673,0.23940618936117639,-0.0651832679649466,-0.41115570068359375,0.4684215986829138,0.13878170503700932,1,6.16,88.96392037713586,13.697386234271619,88.96392037713586,17.32299100759397,,,,,,,off,5.0,legged_eval-seed1,,n/a,settle,0.0,auto,off,,,,,0,WALK,first,on,1000,1,deterministic,20.0,1,200,lo,1.0,0.42,0.5,0.05,dead-reckoned-heading-hold,hold,1.0,0.1,2.649,0.5676
9,bump_jump,3,0,0,1,heading-only,0.04,1.2434814453125114,1.412557983398429,0.6359019870077384,0.6410069358188557,9.774187558607117,0,roll,2.92,15.576564006784935,5.334439728351005,0.3214692771434784,0.08338405661387376,-0.2011787728087572,-0.622772216796875,0.45731472235499715,1.1165628153599094,1,2.92,87.63939412274841,5.666436137100915,87.63939412274841,15.605527528680348,,,,,,,off,5.0,legged_eval-seed1,,n/a,settle,0.0,auto,off,,,,,0,WALK,first,on,1000,1,deterministic,20.0,1,200,lo,1.0,0.42,0.5,0.05,dead-reckoned-heading-hold,hold,1.0,0.1,2.649,0.5676
9,bump_jump,4,0,1,1,heading-only,0.04,1.5245880126953182,2.670156860351554,0.8510598102013016,1.3130601735221001,9.798356481523651,0,roll,5.26,5.450389915862587,1.0361958014947885,0.3310222029685974,0.0997315613489198,0.12740624721512434,0.6777191162109375,0.4218536968896393,0.18133706308029757,1,5.26,-91.93177087180173,4.022759947692002,91.93177087180173,12.343034440978247,,,,,,,off,5.0,legged_eval-seed1,,n/a,settle,0.0,auto,off,,,,,0,WALK,first,on,1000,1,deterministic,20.0,1,200,lo,1.0,0.42,0.5,0.05,dead-reckoned-heading-hold,hold,1.0,0.1,2.649,0.5676
9,bump_jump,5,0,1,1,heading-only,0.04,2.045989990234375,2.2130111694335852,1.0674590474458359,0.6363199534123369,9.356435059417613,0,roll,10.82,-36.318650359406234,-3.3566220295199845,0.3287712037563324,0.0966719029791474,0.019686799393122477,0.20995330810546875,0.791787880039851,-0.6060096507331081,1,10.82,-88.91429762948427,10.601677950362863,88.91429762948427,23.256595417625135,,,,,,,off,5.0,legged_eval-seed1,,n/a,settle,0.0,auto,off,,,,,0,WALK,first,on,1000,1,deterministic,20.0,1,200,lo,1.0,0.42,0.5,0.05,dead-reckoned-heading-hold,hold,1.0,0.1,2.649,0.5676
9,bump_jump,6,0,1,1,heading-only,0.04,2.9014831542968977,0.9260925292968665,2.1837846601043065,1.0673699456545067,8.466898042564997,0,roll,5.38,23.32870550679013,4.336190614645005,0.3317504823207855,0.35343553053845683,-0.1996110540340397,-1.0773391723632812,0.8537418590553105,0.2141290183936311,1,5.38,91.94852823650837,15.919706998167687,91.94852823650837,19.70484158937839,,,,,,,off,5.0,legged_eval-seed1,,n/a,settle,0.0,auto,off,,,,,0,WALK,first,on,1000,1,deterministic,20.0,1,200,lo,1.0,0.42,0.5,0.05,dead-reckoned-heading-hold,hold,1.0,0.1,2.649,0.5676
9,bump_jump,7,0,1,1,heading-only,0.04,1.9928924560547046,1.871725463867179,1.0011442383145566,0.6617531468127934,9.757950706000402,1,timeout,20.0,-10.885354125811006,-0.5442677062905503,0.33072608709335327,0.049644622802735225,-0.0064137268066410515,-0.1433868408203125,0.2370322345489031,-0.19134526461794737,0,20.0,-9.434372146683396,21.956358455976655,22.0424311106371,23.217978314669928,,,,,,,off,5.0,legged_eval-seed1,,n/a,settle,0.0,auto,off,,,,,0,WALK,first,on,1000,1,deterministic,20.0,1,200,lo,1.0,0.42,0.5,0.05,dead-reckoned-heading-hold,hold,1.0,0.1,2.649,0.5676
9,bump_jump,8,0,0,1,heading-only,0.04,0.8005798339843864,2.6055130004882727,0.6375063892809278,0.9251132700321726,11.415490620867923,0,roll,1.82,10.968516537862854,6.0266574383861835,0.31086719036102295,-0.1095715197887987,0.3326994508177323,0.5757217407226562,0.40398537144399593,-0.9599667449387617,1,1.82,-90.7327570266866,0.18046727055019154,90.7327570266866,16.809210601181366,,,,,,,off,5.0,legged_eval-seed1,,n/a,settle,0.0,auto,off,,,,,0,WALK,first,on,1000,1,deterministic,20.0,1,200,lo,1.0,0.42,0.5,0.05,dead-reckoned-heading-hold,hold,1.0,0.1,2.649,0.5676
9,bump_jump,9,0,0,1,heading-only,0.04,1.345251464843784,2.5197738647460852,0.6239899393819266,0.5423209193882127,10.767301469027341,0,roll,5.44,-9.170348986660315,-1.685725916665499,0.3313561975955963,0.06346534280216619,0.0955466663136186,0.4921112060546875,0.36777038806255596,-0.46358321302580746,1,5.44,-89.63398634047037,-1.7965713158217629,89.63398634047037,12.584918569364802,,,,,,,off,5.0,legged_eval-seed1,,n/a,settle,0.0,auto,off,,,,,0,WALK,first,on,1000,1,deterministic,20.0,1,200,lo,1.0,0.42,0.5,0.05,dead-reckoned-heading-hold,hold,1.0,0.1,2.649,0.5676
10,sideways_ramp,0,0,1,1,heading-only,0.04,1.2454924583435059,2.5599594116210938,0.6114091018022053,1.3491752729195563,9.171617244134682,0,roll,7.04,49.569182578421675,7.041077070798534,0.3268466293811798,0.034871087832884354,0.07953968915072354,0.5504150390625,0.4243818891361294,3.5241222860912247,1,7.04,-91.27792335622485,-1.039862513044262,91.27792335622485,16.006145860873083,,,,,,,off,5.0,legged_eval-seed1,,n/a,settle,0.0,auto,off,,,,,0,WALK,first,on,1000,1,deterministic,20.0,1,200,lo,1.0,0.42,0.5,0.05,dead-reckoned-heading-hold,hold,1.0,0.1,2.649,0.5676
10,sideways_ramp,1,0,1,1,heading-only,0.04,1.4848762512207045,2.5522384643554688,0.7348961154554636,1.071547728937732,8.982116184532478,0,roll,9.02,33.047565523626275,3.6638099250139997,0.3357722759246826,0.05375568195351492,0.06122377653608301,0.5420913696289062,0.30079529235759794,1.1895588342463517,1,9.02,-86.23566493946795,12.340846551989948,86.23566493946795,14.695747674196333,,,,,,,off,5.0,legged_eval-seed1,,n/a,settle,0.0,auto,off,,,,,0,WALK,first,on,1000,1,deterministic,20.0,1,200,lo,1.0,0.42,0.5,0.05,dead-reckoned-heading-hold,hold,1.0,0.1,2.649,0.5676
10,sideways_ramp,2,0,1,1,heading-only,0.04,2.866137695312503,2.6846542358398438,1.9877679242103943,1.336092769473388,7.76410829203971,0,roll,5.38,-27.561264269508797,-5.122911574258141,0.32320886850357056,0.3468657426231418,0.12725915164309365,0.6816329956054688,0.5941177164844977,-0.25777026460774877,1,5.38,-95.48502315617552,28.32138846008119,95.48502315617552,28.32138846008119,,,,,,,off,5.0,legged_eval-seed1,,n/a,settle,0.0,auto,off,,,,,0,WALK,first,on,1000,1,deterministic,20.0,1,200,lo,1.0,0.42,0.5,0.05,dead-reckoned-heading-hold,hold,1.0,0.1,2.649,0.5676
10,sideways_ramp,3,0,0,1,heading-only,0.04,1.1759536743164176,1.3770904541015625,0.6472835529169929,0.7021554838925834,9.594288892289345,0,roll,3.56,-2.4189090852435697,-0.679468844169542,0.332947313785553,0.04942518941472405,-0.17497459154450493,-0.6180191040039062,0.4033564566344075,-0.2399377450224992,1,3.56,88.80697330209658,4.91550095989023,88.80697330209658,12.120502701729094,,,,,,,off,5.0,legged_eval-seed1,,n/a,settle,0.0,auto,off,,,,,0,WALK,first,on,1000,1,deterministic,20.0,1,200,lo,1.0,0.42,0.5,0.05,dead-reckoned-heading-hold,hold,1.0,0.1,2.649,0.5676
10,sideways_ramp,4,0,0,1,heading-only,0.04,1.1778778076171932,2.68060302734375,0.7034635706788067,0.7529828601336045,9.346934398536533,0,roll,4.48,18.28739288785121,4.082007341038216,0.335287481546402,0.0397048677716949,0.1519203186035156,0.6840744018554688,0.3964107825569028,1.794350974831484,1,4.48,-88.69512721228776,4.239515431867584,88.69512721228776,14.07521821001708,,,,,,,off,5.0,legged_eval-seed1,,n/a,settle,0.0,auto,off,,,,,0,WALK,first,on,1000,1,deterministic,20.0,1,200,lo,1.0,0.42,0.5,0.05,dead-reckoned-heading-hold,hold,1.0,0.1,2.649,0.5676
10,sideways_ramp,5,0,1,1,heading-only,0.04,1.55126953125,2.5978851318359375,0.8132433380944913,1.0718018807435625,9.168246060218108,0,roll,6.9,10.490296799243339,1.5203328694555562,0.33727791905403137,0.07989413496376811,0.08665001910665761,0.5774459838867188,0.2297553221887978,0.33212468362447495,1,6.9,-89.0166459462595,-1.368122488672958,89.0166459462595,16.071722650576277,,,,,,,off,5.0,legged_eval-seed1,,n/a,settle,0.0,auto,off,,,,,0,WALK,first,on,1000,1,deterministic,20.0,1,200,lo,1.0,0.42,0.5,0.05,dead-reckoned-heading-hold,hold,1.0,0.1,2.649,0.5676
10,sideways_ramp,6,0,1,1,heading-only,0.04,2.2326293945312727,2.1524581909179688,1.24202203049725,0.6708000341966344,8.568727011139272,0,below,7.68,10.324237090406626,1.3443017044800296,0.3334547281265259,0.1604986190795928,0.019851326942443848,0.15850830078125,0.3088416786713384,0.1461850015775715,1,7.68,30.243173859484585,61.06116852811621,32.03866408284859,61.34001077932237,,,,,,,off,5.0,legged_eval-seed1,,n/a,settle,0.0,auto,off,,,,,0,WALK,first,on,1000,1,deterministic,20.0,1,200,lo,1.0,0.42,0.5,0.05,dead-reckoned-heading-hold,hold,1.0,0.1,2.649,0.5676
10,sideways_ramp,7,0,1,1,heading-only,0.04,1.185443115234392,2.5880966186523438,0.6166415343278104,1.3355101204520683,9.732341604167894,0,roll,18.76,52.023607802324904,2.773113422298769,0.34062522649765015,0.009885027464519832,0.03134843383008229,0.600677490234375,0.45714102009015556,4.896289861012794,1,18.76,-88.54895364087452,-0.5467502838716779,88.54895364087452,20.17753712370688,,,,,,,off,5.0,legged_eval-seed1,,n/a,settle,0.0,auto,off,,,,,0,WALK,first,on,1000,1,deterministic,20.0,1,200,lo,1.0,0.42,0.5,0.05,dead-reckoned-heading-hold,hold,1.0,0.1,2.649,0.5676
10,sideways_ramp,8,0,0,1,heading-only,0.04,1.0365722656250114,1.453887939453125,0.547335284161089,0.7162427295705617,9.978383165663036,0,roll,3.02,-19.291889610839007,-6.38804291749636,0.3332248032093048,0.012110021730136214,-0.18083180812810432,-0.5393905639648438,0.25451055026494185,-9.206621107174668,1,3.02,91.93887659013092,3.1973068462587344,91.93887659013092,13.652235221543075,,,,,,,off,5.0,legged_eval-seed1,,n/a,settle,0.0,auto,off,,,,,0,WALK,first,on,1000,1,deterministic,20.0,1,200,lo,1.0,0.42,0.5,0.05,dead-reckoned-heading-hold,hold,1.0,0.1,2.649,0.5676
10,sideways_ramp,9,0,1,1,heading-only,0.04,1.403082275390659,2.59674072265625,0.7201213861637596,1.405533217589437,9.615452631207605,0,roll,5.3,-9.164413469902598,-1.7291346169627544,0.3362313508987427,0.07605325950767153,0.11259258918042453,0.585601806640625,0.6601292493122177,-0.39681523805257657,1,5.3,-88.16621765971405,1.2905450176557283,88.16621765971405,27.514986368483065,,,,,,,off,5.0,legged_eval-seed1,,n/a,settle,0.0,auto,off,,,,,0,WALK,first,on,1000,1,deterministic,20.0,1,200,lo,1.0,0.42,0.5,0.05,dead-reckoned-heading-hold,hold,1.0,0.1,2.649,0.5676
11,stepping_stones_cylinder,0,0,1,1,heading-only,0.04,1.9828691482543945,2.5836807250976506,1.1431163332928271,0.5035815096057644,4.653878005598301,0,roll,4.94,-23.553821855761043,-4.7679801327451505,0.32197967171669006,0.19896136604339967,0.11815399293474707,0.5949020385742188,0.7279340411996905,-0.4182568387067012,1,4.94,-86.56390772881194,14.955236166291078,86.56390772881194,15.405859771937529,,,,,,,off,5.0,legged_eval-seed1,,n/a,settle,0.0,auto,off,,,,,0,WALK,first,on,1000,1,deterministic,20.0,1,200,lo,1.0,0.42,0.5,0.05,dead-reckoned-heading-hold,hold,1.0,0.1,2.649,0.5676
11,stepping_stones_cylinder,1,0,0,1,heading-only,0.04,1.196267700195314,1.3778778076171818,0.6523473249697295,0.6923072527424856,5.191145599990942,0,roll,2.56,0.40437306859371347,0.15795822991941932,0.3316483497619629,0.0766670703887945,-0.24301648139953835,-0.6299591064453125,0.4306871886796181,0.03595926098043556,1,2.56,91.40183102321971,-0.3761054026863687,91.40183102321971,6.257549372106701,,,,,,,off,5.0,legged_eval-seed1,,n/a,settle,0.0,auto,off,,,,,0,WALK,first,on,1000,1,deterministic,20.0,1,200,lo,1.0,0.42,0.5,0.05,dead-reckoned-heading-hold,hold,1.0,0.1,2.649,0.5676
11,stepping_stones_cylinder,2,0,1,1,heading-only,0.04,2.1131393432617216,2.6626907348632756,1.2954683352327703,0.5295337119158683,4.140240214971697,0,roll,8.3,-41.20844433083775,-4.964872810944307,0.32590895891189575,0.1341131738869544,0.07984225721244283,0.64825439453125,0.8849660555510479,-0.6461212942940661,1,8.3,-87.8300421364113,40.95666798700174,87.8300421364113,51.855111466450694,,,,,,,off,5.0,legged_eval-seed1,,n/a,settle,0.0,auto,off,,,,,0,WALK,first,on,1000,1,deterministic,20.0,1,200,lo,1.0,0.42,0.5,0.05,dead-reckoned-heading-hold,hold,1.0,0.1,2.649,0.5676
11,stepping_stones_cylinder,3,0,1,1,heading-only,0.04,1.3184783935546989,2.6825805664062443,0.7532228865326989,1.1145248952139235,4.533205503688479,0,roll,3.04,-13.517731074371284,-4.446622063937922,0.32695916295051575,0.10476262945878252,0.22453308105468564,0.680023193359375,0.5656761716897605,-0.7408003789946536,1,3.04,-90.17346521399949,1.406148825190154,90.17346521399949,27.83565754864341,,,,,,,off,5.0,legged_eval-seed1,,n/a,settle,0.0,auto,off,,,,,0,WALK,first,on,1000,1,deterministic,20.0,1,200,lo,1.0,0.42,0.5,0.05,dead-reckoned-heading-hold,hold,1.0,0.1,2.649,0.5676
11,stepping_stones_cylinder,4,0,1,1,heading-only,0.04,2.030905151367193,2.487504577636713,1.1403622864389042,0.4379769893642534,4.147843184746757,0,roll,6.140000000000001,-18.843695866656986,-3.069005841475079,0.33389386534690857,0.1678998617861878,0.07939813968024642,0.4756011962890625,0.5647663402823541,-0.3190250195970424,1,6.140000000000001,-92.13376676894354,22.146494184434125,92.13376676894354,25.753829864287564,,,,,,,off,5.0,legged_eval-seed1,,n/a,settle,0.0,auto,off,,,,,0,WALK,first,on,1000,1,deterministic,20.0,1,200,lo,1.0,0.42,0.5,0.05,dead-reckoned-heading-hold,hold,1.0,0.1,2.649,0.5676
11,stepping_stones_cylinder,5,0,2,1,heading-only,0.04,2.6687774658203125,1.447404479980463,1.7578907927329634,0.7376145271081059,3.673028573463607,0,roll,8.26,20.523508223117148,2.484686225558977,0.33049318194389343,0.20203117019616373,-0.06690018402173571,-0.569427490234375,0.8650133714377434,0.2146498259295737,1,8.26,90.70084963200101,14.165555123801731,90.70084963200101,16.25299661863171,,,,,,,off,5.0,legged_eval-seed1,,n/a,settle,0.0,auto,off,,,,,0,WALK,first,on,1000,1,deterministic,20.0,1,200,lo,1.0,0.42,0.5,0.05,dead-reckoned-heading-hold,hold,1.0,0.1,2.649,0.5676
11,stepping_stones_cylinder,6,0,1,1,heading-only,0.04,1.4422851562500227,1.6488967895507756,0.564703128933123,0.9333873401493401,4.571218443842586,0,roll,4.14,-18.040024879708994,-4.357493932296859,0.33319714665412903,0.10683216334541613,-0.08480753875585131,-0.39545440673828125,0.2803370381842984,-0.7118887596458869,1,4.14,89.19137478404882,10.780055345108371,89.19137478404882,14.554517977433335,,,,,,,off,5.0,legged_eval-seed1,,n/a,settle,0.0,auto,off,,,,,0,WALK,first,on,1000,1,deterministic,20.0,1,200,lo,1.0,0.42,0.5,0.05,dead-reckoned-heading-hold,hold,1.0,0.1,2.649,0.5676
11,stepping_stones_cylinder,7,0,0,1,heading-only,0.04,1.183306884765642,2.7211242675781193,0.7440575403102662,0.7876006212078056,4.722080562746233,0,roll,2.22,-21.501195294307024,-9.685223105543704,0.33056798577308655,0.08257066881335227,0.324830751161315,0.7183456420898438,0.5635704852213916,-2.047204345214569,1,2.22,-87.04994045252042,-2.22976582672849,87.04994045252042,27.323590395009663,,,,,,,off,5.0,legged_eval-seed1,,n/a,settle,0.0,auto,off,,,,,0,WALK,first,on,1000,1,deterministic,20.0,1,200,lo,1.0,0.42,0.5,0.05,dead-reckoned-heading-hold,hold,1.0,0.1,2.649,0.5676
11,stepping_stones_cylinder,8,0,1,1,heading-only,0.04,2.9831359863281364,0.9397598266601506,2.2487635637019254,1.3651878520625529,2.8234883550697796,0,roll,5.5600000000000005,-4.6408028860051616,-0.8346767780584822,0.32904157042503357,0.3566791342316792,-0.1906906786582463,-1.0514602661132812,0.45723980457219326,-0.040843033889378,1,5.5600000000000005,92.32486766889659,36.98618418832621,92.32486766889659,36.98618418832621,,,,,,,off,5.0,legged_eval-seed1,,n/a,settle,0.0,auto,off,,,,,0,WALK,first,on,1000,1,deterministic,20.0,1,200,lo,1.0,0.42,0.5,0.05,dead-reckoned-heading-hold,hold,1.0,0.1,2.649,0.5676
11,stepping_stones_cylinder,9,0,1,1,heading-only,0.04,2.303137207031284,1.3150726318359318,1.472172571409158,0.7655237980736342,3.6614952479967395,0,roll,6.62,29.573440978100507,4.467287156812765,0.32172393798828125,0.19684852069958975,-0.1034633486652671,-0.694122314453125,0.8801108951579887,0.3960856258474361,1,6.62,86.17375826208925,6.946052298379714,86.17375826208925,16.84720624222393,,,,,,,off,5.0,legged_eval-seed1,,n/a,settle,0.0,auto,off,,,,,0,WALK,first,on,1000,1,deterministic,20.0,1,200,lo,1.0,0.42,0.5,0.05,dead-reckoned-heading-hold,hold,1.0,0.1,2.649,0.5676
12,stepping_stones_randomly_arranged,0,0,1,1,heading-only,0.04,1.3516520261764526,2.68853302001952,0.7731344431411687,0.8818773759399845,5.095085375581602,0,roll,4.54,-7.540845364461234,-1.6609791551676727,0.3284696638584137,0.0774563934309367,0.15165925551090745,0.68243408203125,0.5024091611952193,-0.37426936345181044,1,4.54,-88.07602703708523,3.3783431410609475,88.07602703708523,34.42213798862856,,,,,,,off,5.0,legged_eval-seed1,,n/a,settle,0.0,auto,off,,,,,0,WALK,first,on,1000,1,deterministic,20.0,1,200,lo,1.0,0.42,0.5,0.05,dead-reckoned-heading-hold,hold,1.0,0.1,2.649,0.5676
12,stepping_stones_randomly_arranged,1,0,1,1,heading-only,0.04,1.1890502929687514,1.4864608764648324,0.5472316188533324,1.0869768012699323,4.937727154915669,0,roll,2.72,-12.118608798989925,-4.455370881981589,0.3238190710544586,0.06950378417968801,-0.1888011483585175,-0.5246505737304688,0.3294275599194356,-1.1188008279812123,1,2.72,89.32630852695196,10.290623046419077,89.32630852695196,16.303303735330797,,,,,,,off,5.0,legged_eval-seed1,,n/a,settle,0.0,auto,off,,,,,0,WALK,first,on,1000,1,deterministic,20.0,1,200,lo,1.0,0.42,0.5,0.05,dead-reckoned-heading-hold,hold,1.0,0.1,2.649,0.5676
12,stepping_stones_randomly_arranged,2,0,2,1,heading-only,0.04,2.339495849609378,2.83636016845702,1.5791603663029932,0.6769680143155757,3.85238754495008,0,roll,8.06,7.393573223055398,0.9173167770540196,0.3363686800003052,0.16619055206071684,0.10376677028002727,0.820068359375,0.43965609167826625,0.09633639123796983,1,8.06,-90.89091262074946,11.899533217064974,90.89091262074946,12.128197917585354,,,,,,,off,5.0,legged_eval-seed1,,n/a,settle,0.0,auto,off,,,,,0,WALK,first,on,1000,1,deterministic,20.0,1,200,lo,1.0,0.42,0.5,0.05,dead-reckoned-heading-hold,hold,1.0,0.1,2.649,0.5676
12,stepping_stones_randomly_arranged,3,0,2,1,heading-only,0.04,1.9863021850586051,2.5019027709960824,1.106660919968228,0.7887938808538056,4.144202710315593,0,roll,6.84,-22.708759494109245,-3.3199940780861468,0.3164980411529541,0.14419622588576098,0.07337759809884245,0.501251220703125,0.8258985722062007,-0.40184704872389376,1,6.84,-86.67751981984651,1.3866147389232315,86.67751981984651,24.935064688474455,,,,,,,off,5.0,legged_eval-seed1,,n/a,settle,0.0,auto,off,,,,,0,WALK,first,on,1000,1,deterministic,20.0,1,200,lo,1.0,0.42,0.5,0.05,dead-reckoned-heading-hold,hold,1.0,0.1,2.649,0.5676
12,stepping_stones_randomly_arranged,4,0,1,1,heading-only,0.04,1.2811035156250057,2.651705932617176,0.7097462991133953,0.9260238517961468,5.061031766693449,0,roll,5.44,-3.5661232444291784,-0.6555373611083049,0.3336281180381775,0.05167344037224369,0.11979888467227502,0.6164474487304688,0.3993592791647735,-0.22141520360855657,1,5.44,-89.47431855797527,3.8919626028431202,89.47431855797527,12.417374902625891,,,,,,,off,5.0,legged_eval-seed1,,n/a,settle,0.0,auto,off,,,,,0,WALK,first,on,1000,1,deterministic,20.0,1,200,lo,1.0,0.42,0.5,0.05,dead-reckoned-heading-hold,hold,1.0,0.1,2.649,0.5676
12,stepping_stones_randomly_arranged,5,0,2,1,heading-only,0.04,1.6568603515625,2.7003662109374886,0.9601970375281034,1.1419610164458274,4.349892052730608,0,roll,6.98,10.004674787199491,1.4333344967334514,0.3284020721912384,0.09410606755909741,0.10033899870164593,0.6922454833984375,0.5748640107762377,0.2658320223050936,1,6.98,-88.10684734637202,2.1583298152472756,88.10684734637202,33.555981861059344,,,,,,,off,5.0,legged_eval-seed1,,n/a,settle,0.0,auto,off,,,,,0,WALK,first,on,1000,1,deterministic,20.0,1,200,lo,1.0,0.42,0.5,0.05,dead-reckoned-heading-hold,hold,1.0,0.1,2.649,0.5676
12,stepping_stones_randomly_arranged,6,0,1,1,heading-only,0.04,2.4345184326172102,2.0549423217773324,1.4355701976012254,0.40282536057527984,3.5159108790369475,1,timeout,20.0,-20.058961729552266,-1.0029480864776132,0.33279502391815186,0.07172592163086051,0.002747116088866619,0.059356689453125,0.7393479281829295,-0.24405049022165015,0,20.0,-38.00406247168156,9.692984277391474,49.89242673912232,22.320076858441993,,,,,,,off,5.0,legged_eval-seed1,,n/a,settle,0.0,auto,off,,,,,0,WALK,first,on,1000,1,deterministic,20.0,1,200,lo,1.0,0.42,0.5,0.05,dead-reckoned-heading-hold,hold,1.0,0.1,2.649,0.5676
12,stepping_stones_randomly_arranged,7,0,1,1,heading-only,0.04,2.128527832031267,1.3901779174804574,1.2827540839918083,0.7887409724452232,3.8698233167533953,0,roll,9.22,-6.968082491714085,-0.7557573201425255,0.3245616853237152,0.12239998178213307,-0.06614122370060115,-0.6222076416015625,0.7041546062576489,-0.10776515968780448,1,9.22,86.5812882977917,7.494067301328619,86.5812882977917,24.91928760342522,,,,,,,off,5.0,legged_eval-seed1,,n/a,settle,0.0,auto,off,,,,,0,WALK,first,on,1000,1,deterministic,20.0,1,200,lo,1.0,0.42,0.5,0.05,dead-reckoned-heading-hold,hold,1.0,0.1,2.649,0.5676
12,stepping_stones_randomly_arranged,8,0,1,1,heading-only,0.04,1.9006469726562614,1.6649429321288949,0.9609517199554153,0.5390335709667707,4.013363661077044,0,roll,5.32,-3.0759566775099927,-0.5781873453966151,0.3258942663669586,0.16929454373237995,-0.06298065185547089,-0.3393402099609375,0.16661137132121795,-0.059607785626504615,1,5.32,86.16180788230183,0.6097935899161082,86.16180788230183,27.163639093014854,,,,,,,off,5.0,legged_eval-seed1,,n/a,settle,0.0,auto,off,,,,,0,WALK,first,on,1000,1,deterministic,20.0,1,200,lo,1.0,0.42,0.5,0.05,dead-reckoned-heading-hold,hold,1.0,0.1,2.649,0.5676
12,stepping_stones_randomly_arranged,9,0,1,1,heading-only,0.04,1.724584960937534,1.4905731201171761,0.8857421247541504,0.7578489965383388,3.9087539537477745,0,roll,5.04,-21.546437262136692,-4.275086758360454,0.33076658844947815,0.1437668573288758,-0.10107676188151267,-0.50567626953125,0.3793038918444346,-0.5189954147158974,1,5.04,87.02133521891167,15.977628412493674,87.02133521891167,19.109202306471534,,,,,,,off,5.0,legged_eval-seed1,,n/a,settle,0.0,auto,off,,,,,0,WALK,first,on,1000,1,deterministic,20.0,1,200,lo,1.0,0.42,0.5,0.05,dead-reckoned-heading-hold,hold,1.0,0.1,2.649,0.5676
13,staircase_walking_full_width,0,0,0,1,heading-only,0.04,1.4094600677490234,1.3588150024414034,0.7607731252977148,0.8716969729654942,14.35486690114468,0,roll,3.8200000000000003,-3.5288104183467794,-0.9237723608237642,0.32405000925064087,0.10718849941073912,-0.16784947580067971,-0.6360702514648438,0.4141852806534588,-0.15041603645848248,1,3.8200000000000003,88.7990857259128,-6.643061294790667,88.7990857259128,13.361048464126068,,,,,,,off,5.0,legged_eval-seed1,,n/a,settle,0.0,auto,off,,,,,0,WALK,first,on,1000,1,deterministic,20.0,1,200,lo,1.0,0.42,0.5,0.05,dead-reckoned-heading-hold,hold,1.0,0.1,2.649,0.5676
13,staircase_walking_full_width,1,0,0,1,heading-only,0.04,1.375211334228517,1.3426025390624972,0.7569378884562588,0.9069356639385098,14.38981308451362,0,roll,8.700000000000001,-64.41150966375986,-7.403621800432167,0.334204763174057,0.04312773956649621,-0.07556292654454055,-0.6663589477539062,0.4652740045689265,-2.9961592768092706,1,8.700000000000001,86.01711527815132,1.9427870631854676,86.01711527815132,16.298513037067984,,,,,,,off,5.0,legged_eval-seed1,,n/a,settle,0.0,auto,off,,,,,0,WALK,first,on,1000,1,deterministic,20.0,1,200,lo,1.0,0.42,0.5,0.05,dead-reckoned-heading-hold,hold,1.0,0.1,2.649,0.5676
13,staircase_walking_full_width,2,0,0,1,heading-only,0.04,1.1941024780273466,2.687229919433591,0.7141153507249766,1.0591297267503934,11.825882684243266,0,roll,3.5,-2.08387120978594,-0.5953917742245542,0.33306440711021423,0.05545785086495617,0.19635140555245453,0.681610107421875,0.4652106748436791,-0.18737738007218022,1,3.5,-86.40961503736361,-4.471088583922475,86.40961503736361,11.226870773450562,,,,,,,off,5.0,legged_eval-seed1,,n/a,settle,0.0,auto,off,,,,,0,WALK,first,on,1000,1,deterministic,20.0,1,200,lo,1.0,0.42,0.5,0.05,dead-reckoned-heading-hold,hold,1.0,0.1,2.649,0.5676
13,staircase_walking_full_width,3,0,0,1,heading-only,0.04,1.7810333251953239,2.4752471923828097,0.9142608757534185,0.5232650366141044,11.229028147807167,0,roll,7.76,-24.510659507222783,-3.1585901426833485,0.330335795879364,0.10064862438084071,0.06124319489469197,0.4751129150390625,0.5798798249869843,-0.5477252972903616,1,7.76,-92.93156215205477,-0.9796806739033915,92.93156215205477,16.99893687450763,,,,,,,off,5.0,legged_eval-seed1,,n/a,settle,0.0,auto,off,,,,,0,WALK,first,on,1000,1,deterministic,20.0,1,200,lo,1.0,0.42,0.5,0.05,dead-reckoned-heading-hold,hold,1.0,0.1,2.649,0.5676
13,staircase_walking_full_width,4,0,0,1,heading-only,0.04,1.2288726806640682,2.594769287109372,0.6372858140920346,0.9738520665454332,11.786143935694374,0,roll,5.8,15.675305023603045,2.7026387971729386,0.3305230140686035,0.03946080701104624,0.10254642881196072,0.61187744140625,0.28437946062078373,1.1953619065520567,1,5.8,-88.0209544692276,4.463438931585976,88.0209544692276,9.313561720645053,,,,,,,off,5.0,legged_eval-seed1,,n/a,settle,0.0,auto,off,,,,,0,WALK,first,on,1000,1,deterministic,20.0,1,200,lo,1.0,0.42,0.5,0.05,dead-reckoned-heading-hold,hold,1.0,0.1,2.649,0.5676
13,staircase_walking_full_width,5,0,0,1,heading-only,0.04,1.180938720703125,1.3868911743164034,0.6392505399143612,1.0231147596308794,11.834952976497448,0,roll,2.92,1.085735402020731,0.3718271924728531,0.3336622416973114,0.061965315309289386,-0.20996877591903992,-0.6140213012695312,0.36492783664501444,0.10472969797226367,1,2.92,86.0927166552722,9.180828545746364,86.0927166552722,13.452813322002418,,,,,,,off,5.0,legged_eval-seed1,,n/a,settle,0.0,auto,off,,,,,0,WALK,first,on,1000,1,deterministic,20.0,1,200,lo,1.0,0.42,0.5,0.05,dead-reckoned-heading-hold,hold,1.0,0.1,2.649,0.5676
13,staircase_walking_full_width,6,0,0,1,heading-only,0.04,0.9846435546875227,1.492619323730466,0.5076130130959655,1.1350699809656317,12.026064429336964,0,roll,2.68,-39.641644623007494,-14.791658441420706,0.3363218903541565,-0.005730016907640769,-0.18932114786176643,-0.5054092407226562,0.2575459213262311,45.05451655630421,1,2.68,91.59232897696756,13.752806174938303,91.59232897696756,19.618084365936575,,,,,,,off,5.0,legged_eval-seed1,,n/a,settle,0.0,auto,off,,,,,0,WALK,first,on,1000,1,deterministic,20.0,1,200,lo,1.0,0.42,0.5,0.05,dead-reckoned-heading-hold,hold,1.0,0.1,2.649,0.5676
13,staircase_walking_full_width,7,0,0,1,heading-only,0.04,1.3329803466797046,1.1914337158203097,0.8744457371312916,1.0481863640725722,11.695004361986083,0,roll,7.7,-57.833498438883765,-7.510843953101787,0.3340282142162323,0.043244200867494094,-0.10500860833502472,-0.8127975463867188,0.24221984172630742,-3.0313649912691534,1,7.7,88.13590919412938,10.542934664176576,88.13590919412938,17.636995175446557,,,,,,,off,5.0,legged_eval-seed1,,n/a,settle,0.0,auto,off,,,,,0,WALK,first,on,1000,1,deterministic,20.0,1,200,lo,1.0,0.42,0.5,0.05,dead-reckoned-heading-hold,hold,1.0,0.1,2.649,0.5676
13,staircase_walking_full_width,8,0,0,1,heading-only,0.04,1.3613403320312614,2.6693618774414034,0.7606656023012626,0.9251656578482688,8.913827237272775,0,roll,5.4,45.11407919476187,8.354459110141086,0.3274967670440674,0.06691487630208544,0.12395590322988952,0.6528778076171875,0.2507881276966959,2.179079253422355,1,5.4,-86.16590992124847,6.03915199704881,86.16590992124847,15.629541283601622,,,,,,,off,5.0,legged_eval-seed1,,n/a,settle,0.0,auto,off,,,,,0,WALK,first,on,1000,1,deterministic,20.0,1,200,lo,1.0,0.42,0.5,0.05,dead-reckoned-heading-hold,hold,1.0,0.1,2.649,0.5676
13,staircase_walking_full_width,9,0,0,1,heading-only,0.04,1.624670410156284,1.263554382324216,0.9656941902686831,0.8265739221667469,8.65671200174913,0,roll,5.2,2.19875042549441,0.4228366202873865,0.32675743103027344,0.12012892503005464,-0.14162415724534308,-0.7340774536132812,0.5724548952145826,0.061433091323955476,1,5.2,90.27937743259668,-3.92329186178609,90.27937743259668,7.923216061632239,,,,,,,off,5.0,legged_eval-seed1,,n/a,settle,0.0,auto,off,,,,,0,WALK,first,on,1000,1,deterministic,20.0,1,200,lo,1.0,0.42,0.5,0.05,dead-reckoned-heading-hold,hold,1.0,0.1,2.649,0.5676
14,staircase_walking,0,0,0,1,heading-only,0.04,1.0615085363388062,1.4617065429687415,0.5417962217708846,0.6942871233044723,4.471014014614129,0,roll,4.7,-6.197338633369412,-1.3185826879509388,0.33742555975914,0.013086922625277905,-0.1145305227726082,-0.5274124145507812,0.29168113541128227,-1.7585195560099938,1,4.7,87.85941019916707,-8.921749855071736,87.85941019916707,15.702297430283734,,,,,,,off,5.0,legged_eval-seed1,,n/a,settle,0.0,auto,off,,,,,0,WALK,first,on,1000,1,deterministic,20.0,1,200,lo,1.0,0.42,0.5,0.05,dead-reckoned-heading-hold,hold,1.0,0.1,2.649,0.5676
14,staircase_walking,1,0,0,1,heading-only,0.04,1.2050987243652358,2.794668579101554,0.8207092282578098,0.847623096064692,4.367799802882501,0,roll,5.38,15.47701428212244,2.876768453926104,0.33364349603652954,0.03812243947309216,0.14770791433114386,0.773468017578125,0.4861147998595111,1.3170479652530167,1,5.38,-88.32277084415081,5.150684255174785,88.32277084415081,18.170420702282506,,,,,,,off,5.0,legged_eval-seed1,,n/a,settle,0.0,auto,off,,,,,0,WALK,first,on,1000,1,deterministic,20.0,1,200,lo,1.0,0.42,0.5,0.05,dead-reckoned-heading-hold,hold,1.0,0.1,2.649,0.5676
14,staircase_walking,2,0,1,1,heading-only,0.04,1.4131042480468778,2.9092391967773352,0.9986846532868472,1.2357630908040083,4.186816547723194,0,roll,7.92,25.0460804157768,3.162383890880909,0.3358313739299774,0.05215962727864619,0.11480292888602718,0.901580810546875,0.42343178288154515,1.0581749523063984,1,7.92,-91.07913706130475,-8.907856587546283,91.07913706130475,15.731540035043771,,,,,,,off,5.0,legged_eval-seed1,,n/a,settle,0.0,auto,off,,,,,0,WALK,first,on,1000,1,deterministic,20.0,1,200,lo,1.0,0.42,0.5,0.05,dead-reckoned-heading-hold,hold,1.0,0.1,2.649,0.5676
14,staircase_walking,3,0,1,1,heading-only,0.04,1.5975082397461051,2.7850631713867102,0.9865800928623323,1.0208181426027778,3.9806740788360586,0,roll,6.36,3.8467617594397154,0.6048367546288861,0.333047479391098,0.09394783643806684,0.12343760556394814,0.7949142456054688,0.522158304103227,0.11236440567005711,1,6.36,-90.85153319757268,-1.7568926334902109,90.85153319757268,14.241342357607762,,,,,,,off,5.0,legged_eval-seed1,,n/a,settle,0.0,auto,off,,,,,0,WALK,first,on,1000,1,deterministic,20.0,1,200,lo,1.0,0.42,0.5,0.05,dead-reckoned-heading-hold,hold,1.0,0.1,2.649,0.5676
14,staircase_walking,4,0,0,1,heading-only,0.04,1.1848052978515682,2.7909225463867102,0.81222624464914,0.8514142203682509,4.092352253966364,0,roll,3.86,-1.9750388822418756,-0.5116681042077398,0.3297274112701416,0.04787702016880005,0.20490221408982132,0.784454345703125,0.5965180399095189,-0.18652566647583685,1,3.86,-88.08598146029125,5.848103701398614,88.08598146029125,33.62708505932225,,,,,,,off,5.0,legged_eval-seed1,,n/a,settle,0.0,auto,off,,,,,0,WALK,first,on,1000,1,deterministic,20.0,1,200,lo,1.0,0.42,0.5,0.05,dead-reckoned-heading-hold,hold,1.0,0.1,2.649,0.5676
14,staircase_walking,5,0,1,1,heading-only,0.04,1.490814208984375,2.3432983398437415,0.5989593791572403,0.810482896715717,3.725038655156694,0,roll,9.18,27.149327477663746,2.957443080355528,0.3341067433357239,0.05346560010723039,0.03739633331631171,0.3542938232421875,0.37991746841538715,0.9654267246417155,1,9.18,-88.25075398547618,1.3328969937612782,88.25075398547618,17.86039109788734,,,,,,,off,5.0,legged_eval-seed1,,n/a,settle,0.0,auto,off,,,,,0,WALK,first,on,1000,1,deterministic,20.0,1,200,lo,1.0,0.42,0.5,0.05,dead-reckoned-heading-hold,hold,1.0,0.1,2.649,0.5676
14,staircase_walking,6,0,1,1,heading-only,0.04,1.4492126464843977,2.6061996459960852,0.7544998426555803,0.9845425479279767,3.799458353778637,0,roll,5.68,28.094396751080552,4.946196611105731,0.33612555265426636,0.07908673353598553,0.10672528978804317,0.6025390625,0.1885403466724224,1.0915536962403487,1,5.68,-89.04696779687177,-0.7386480617273716,89.04696779687177,16.01672285697528,,,,,,,off,5.0,legged_eval-seed1,,n/a,settle,0.0,auto,off,,,,,0,WALK,first,on,1000,1,deterministic,20.0,1,200,lo,1.0,0.42,0.5,0.05,dead-reckoned-heading-hold,hold,1.0,0.1,2.649,0.5676
14,staircase_walking,7,0,1,1,heading-only,0.04,2.689288330078142,2.3850463867187415,1.7326153012320296,0.6031785584484197,2.5400657096632457,0,roll,9.42,-2.4755052030631077,-0.2627924844016038,0.33386778831481934,0.17932997134587494,0.0408754126028388,0.40008544921875,0.8141207533516913,-0.025576283026653872,1,9.42,-88.61696667262571,4.198590400000507,88.61696667262571,9.125654333728399,,,,,,,off,5.0,legged_eval-seed1,,n/a,settle,0.0,auto,off,,,,,0,WALK,first,on,1000,1,deterministic,20.0,1,200,lo,1.0,0.42,0.5,0.05,dead-reckoned-heading-hold,hold,1.0,0.1,2.649,0.5676
14,staircase_walking,8,0,1,1,heading-only,0.04,1.0300720214843864,1.597402954101554,0.40371859982209496,1.2609271411170515,4.1893178116936145,0,roll,3.44,-46.39379899046244,-13.48656947397164,0.3303946852684021,0.008741866710577433,-0.1170340249704785,-0.40309906005859375,0.1540063844916961,-26.926176057449492,1,3.44,87.46054562616133,15.86241503773147,87.46054562616133,17.930065861887666,,,,,,,off,5.0,legged_eval-seed1,,n/a,settle,0.0,auto,off,,,,,0,WALK,first,on,1000,1,deterministic,20.0,1,200,lo,1.0,0.42,0.5,0.05,dead-reckoned-heading-hold,hold,1.0,0.1,2.649,0.5676
14,staircase_walking,9,0,1,1,heading-only,0.04,1.294744873046909,1.4662307739257727,0.6097410326452682,1.0725130245952414,3.9415640541918373,0,roll,10.34,-42.10245289502333,-4.07180395503127,0.33129245042800903,0.02850530687107438,-0.05162178201878407,-0.5313339233398438,0.4163460410776469,-2.4930931574406956,1,10.34,88.52073301840417,-2.9468550321097067,88.52073301840417,18.892370628636414,,,,,,,off,5.0,legged_eval-seed1,,n/a,settle,0.0,auto,off,,,,,0,WALK,first,on,1000,1,deterministic,20.0,1,200,lo,1.0,0.42,0.5,0.05,dead-reckoned-heading-hold,hold,1.0,0.1,2.649,0.5676
15,staircase_climbing,0,0,1,1,heading-only,0.04,1.632267713546753,1.9504928588867188,0.6342029790334078,1.0938531925622157,9.567860370127748,1,timeout,20.0,-5.185860290736258,-0.2592930145368129,0.32178056240081787,0.031613385677337645,-0.0024753570556640624,-0.04499053955078125,0.09912155132440359,-0.14315191916736283,0,20.0,1.31856209417866,-1.1061238338107138,11.058416625339577,6.192352492449698,,,,,,,off,5.0,legged_eval-seed1,,n/a,settle,0.0,auto,off,,,,,0,WALK,first,on,1000,1,deterministic,20.0,1,200,lo,1.0,0.42,0.5,0.05,dead-reckoned-heading-hold,hold,1.0,0.1,2.649,0.5676
15,staircase_climbing,1,0,1,1,heading-only,0.04,1.317910766601564,1.60858154296875,0.5042575374011959,1.4605165248125496,9.889838018155508,0,roll,15.52,-39.767851462976324,-2.5623615633361037,0.33057495951652527,0.020483941147007984,-0.025220261406652705,-0.40871429443359375,0.4275086461296492,-2.1832539737254884,1,15.52,91.13254926045977,-0.6480943951145148,91.13254926045977,12.566204353966583,,,,,,,off,5.0,legged_eval-seed1,,n/a,settle,0.0,auto,off,,,,,0,WALK,first,on,1000,1,deterministic,20.0,1,200,lo,1.0,0.42,0.5,0.05,dead-reckoned-heading-hold,hold,1.0,0.1,2.649,0.5676
15,staircase_climbing,2,0,1,1,heading-only,0.04,1.220698547363284,1.4932098388671875,0.5527604510357862,1.587374917222122,9.992161615487328,0,roll,7.36,-57.41901400212197,-7.801496467679615,0.33100804686546326,0.02998621567435925,-0.06885735884956691,-0.5113983154296875,0.36219298133327715,-4.540813066323222,1,7.36,87.64009495489479,-0.8858772246545503,87.64009495489479,9.136355332262518,,,,,,,off,5.0,legged_eval-seed1,,n/a,settle,0.0,auto,off,,,,,0,WALK,first,on,1000,1,deterministic,20.0,1,200,lo,1.0,0.42,0.5,0.05,dead-reckoned-heading-hold,hold,1.0,0.1,2.649,0.5676
15,staircase_climbing,3,0,1,1,heading-only,0.04,1.4183319091796989,2.687103271484375,0.8044330251316529,1.4763104027447909,9.805770828683315,0,roll,9.92,20.909173241848094,2.107779560670171,0.33946919441223145,0.04217055536085674,0.06926444268995716,0.6881027221679688,0.2761006122440911,0.8723549624883735,1,9.92,-89.70120543897482,0.22136265654028103,89.70120543897482,10.018491332662503,,,,,,,off,5.0,legged_eval-seed1,,n/a,settle,0.0,auto,off,,,,,0,WALK,first,on,1000,1,deterministic,20.0,1,200,lo,1.0,0.42,0.5,0.05,dead-reckoned-heading-hold,hold,1.0,0.1,2.649,0.5676
15,staircase_climbing,4,0,0,1,heading-only,0.04,1.3201354980468807,2.4884109497070312,0.5839794456172653,0.5204771799575538,9.89192942922395,0,roll,5.34,-15.324823782974448,-2.8698171878229304,0.3400379717350006,0.059950467799041326,0.09146272466423806,0.481109619140625,0.5618301449619808,-0.8354857050612642,1,5.34,-87.39323785611676,8.615252751309674,87.39323785611676,20.69601442498676,,,,,,,off,5.0,legged_eval-seed1,,n/a,settle,0.0,auto,off,,,,,0,WALK,first,on,1000,1,deterministic,20.0,1,200,lo,1.0,0.42,0.5,0.05,dead-reckoned-heading-hold,hold,1.0,0.1,2.649,0.5676
15,staircase_climbing,5,0,1,1,heading-only,0.04,1.4710235595703125,1.400238037109375,0.7626123561815027,1.3675150833762721,9.448032129830455,0,roll,3.8200000000000003,0.9504114421227712,0.24879880683842176,0.32708024978637695,0.1233045967461551,-0.15700574944780757,-0.6228103637695312,0.46628567314699754,0.0352165164069542,1,3.8200000000000003,92.85772136885323,-9.304427123953777,92.85772136885323,10.390297743988679,,,,,,,off,5.0,legged_eval-seed1,,n/a,settle,0.0,auto,off,,,,,0,WALK,first,on,1000,1,deterministic,20.0,1,200,lo,1.0,0.42,0.5,0.05,dead-reckoned-heading-hold,hold,1.0,0.1,2.649,0.5676
15,staircase_climbing,6,0,1,1,heading-only,0.04,1.6419006347656477,2.44732666015625,0.7823922071436337,1.1487712599102835,9.268899880645996,0,roll,6.9,-19.96748674304709,-2.8938386584126214,0.33069100975990295,0.09302907750226778,0.06482995074728261,0.46993255615234375,0.4639458706689267,-0.5429164081473831,1,6.9,-86.42350028198018,3.975501868198181,86.42350028198018,24.408599245545275,,,,,,,off,5.0,legged_eval-seed1,,n/a,settle,0.0,auto,off,,,,,0,WALK,first,on,1000,1,deterministic,20.0,1,200,lo,1.0,0.42,0.5,0.05,dead-reckoned-heading-hold,hold,1.0,0.1,2.649,0.5676
15,staircase_climbing,7,0,1,1,heading-only,0.04,1.167193603515642,1.4643478393554688,0.5611389651946302,1.6237052338113844,9.74753525711244,0,roll,11.8,-61.01472906892391,-5.170739751603721,0.32761862874031067,0.01416894945047814,-0.045394250902078916,-0.5509567260742188,0.4415007296478451,-6.369310141493465,1,11.8,88.37571409904274,0.05584575255328679,88.37571409904274,15.96624228738124,,,,,,,off,5.0,legged_eval-seed1,,n/a,settle,0.0,auto,off,,,,,0,WALK,first,on,1000,1,deterministic,20.0,1,200,lo,1.0,0.42,0.5,0.05,dead-reckoned-heading-hold,hold,1.0,0.1,2.649,0.5676
15,staircase_climbing,8,0,1,1,heading-only,0.04,1.6287048339843864,2.007598876953125,0.6287507544379438,1.0713221157333332,9.271298280085428,1,timeout,20.0,2.0459683690134227,0.10229841845067114,0.3249416649341583,0.03143524169921932,0.00037994384765625,-0.00266265869140625,0.08905949007746217,0.05679753439247354,0,20.0,0.05049545539093989,-4.090897752151579,8.093715744212535,7.372206342436903,,,,,,,off,5.0,legged_eval-seed1,,n/a,settle,0.0,auto,off,,,,,0,WALK,first,on,1000,1,deterministic,20.0,1,200,lo,1.0,0.42,0.5,0.05,dead-reckoned-heading-hold,hold,1.0,0.1,2.649,0.5676
15,staircase_climbing,9,0,1,1,heading-only,0.04,1.575781250000034,2.7720947265625,0.9631481270485985,1.36381746015993,9.35613090783985,0,roll,5.58,-12.739171000186758,-2.2830055555890247,0.3353358805179596,0.10318660394265844,0.13836823056675626,0.7515106201171875,0.6026060360413246,-0.38615442570911246,1,5.58,-86.93776065394054,12.063984252912997,86.93776065394054,19.82475116039252,,,,,,,off,5.0,legged_eval-seed1,,n/a,settle,0.0,auto,off,,,,,0,WALK,first,on,1000,1,deterministic,20.0,1,200,lo,1.0,0.42,0.5,0.05,dead-reckoned-heading-hold,hold,1.0,0.1,2.649,0.5676
16,staircase_spiral,0,0,0,1,heading-only,0.04,1.4764549732208252,1.4490447998046818,0.7283961656469098,2.0390470783941694,3.688603585569777,0,roll,4.72,9.389431562952666,1.989286348083192,0.32780471444129944,0.10094385025864941,-0.11672779665155048,-0.5657806396484375,0.42448305554075816,0.3439495962365546,1,4.72,92.71384781290273,0.8277247218185517,92.71384781290273,6.754987772196722,,,,,,,off,5.0,legged_eval-seed1,,n/a,settle,0.0,auto,off,,,,,0,WALK,first,on,1000,1,deterministic,20.0,1,200,lo,1.0,0.42,0.5,0.05,dead-reckoned-heading-hold,hold,1.0,0.1,2.649,0.5676
16,staircase_spiral,1,0,0,1,heading-only,0.04,3.7808547973632827,2.267892456054682,2.7937286503934833,0.6251697483539831,1.3423872337336298,1,timeout,20.0,12.6181151819452,0.63090575909726,0.335028737783432,0.13904273986816412,0.013394622802734091,0.2740325927734375,0.7580982022642724,0.07919423032430167,0,20.0,-0.8892752802507468,-3.1392502256567547,10.883402978202511,7.716878288714141,,,,,,,off,5.0,legged_eval-seed1,,n/a,settle,0.0,auto,off,,,,,0,WALK,first,on,1000,1,deterministic,20.0,1,200,lo,1.0,0.42,0.5,0.05,dead-reckoned-heading-hold,hold,1.0,0.1,2.649,0.5676
16,staircase_spiral,2,0,0,1,heading-only,0.04,3.848841857910159,2.125985717773432,2.8516262610068477,0.5268155984327481,1.3099358023493206,1,timeout,20.0,-28.258776257325223,-1.4129388128662612,0.3319058120250702,0.14244209289550797,0.006299285888671591,0.1313018798828125,1.5619286626236337,-0.1731260325683825,0,20.0,3.9183185809627066,-1.9935652474489978,10.595020548558487,7.343424653785466,,,,,,,off,5.0,legged_eval-seed1,,n/a,settle,0.0,auto,off,,,,,0,WALK,first,on,1000,1,deterministic,20.0,1,200,lo,1.0,0.42,0.5,0.05,dead-reckoned-heading-hold,hold,1.0,0.1,2.649,0.5676
16,staircase_spiral,3,0,0,1,heading-only,0.04,1.3794448852539176,1.5063415527343693,0.6226372005446448,2.187477648656386,3.872987779292779,0,roll,5.28,-10.133296953065411,-1.919185028989661,0.32879605889320374,0.07186456160112076,-0.09349591804273308,-0.487518310546875,0.20987006116378823,-0.4661003555099962,1,5.28,90.28796957984086,-2.9730180791730687,90.28796957984086,14.63326260269837,,,,,,,off,5.0,legged_eval-seed1,,n/a,settle,0.0,auto,off,,,,,0,WALK,first,on,1000,1,deterministic,20.0,1,200,lo,1.0,0.42,0.5,0.05,dead-reckoned-heading-hold,hold,1.0,0.1,2.649,0.5676
16,staircase_spiral,4,0,0,1,heading-only,0.04,1.2386535644531307,2.6920104980468693,0.7320068669304003,2.5407847042984364,4.022739980011245,0,roll,5.0600000000000005,10.289914715248699,2.0335799832507306,0.33715784549713135,0.04716473605793096,0.13676096799345241,0.68634033203125,0.3903396544947678,0.7525254941908689,1,5.0600000000000005,-88.76407863932936,-0.3416943040190171,88.76407863932936,7.292860165135219,,,,,,,off,5.0,legged_eval-seed1,,n/a,settle,0.0,auto,off,,,,,0,WALK,first,on,1000,1,deterministic,20.0,1,200,lo,1.0,0.42,0.5,0.05,dead-reckoned-heading-hold,hold,1.0,0.1,2.649,0.5676
16,staircase_spiral,5,0,0,1,heading-only,0.04,2.0527191162109375,1.2944427490234318,1.267291825919172,1.5968614618363697,3.327725391384973,0,roll,9.1,-25.60610748094635,-2.8138579649391593,0.33264410495758057,0.11568341936383929,-0.07753376384357892,-0.6994476318359375,0.25037438358140124,-0.42453003586620125,1,9.1,87.04282383484038,4.465513000528429,87.04282383484038,13.232062348587512,,,,,,,off,5.0,legged_eval-seed1,,n/a,settle,0.0,auto,off,,,,,0,WALK,first,on,1000,1,deterministic,20.0,1,200,lo,1.0,0.42,0.5,0.05,dead-reckoned-heading-hold,hold,1.0,0.1,2.649,0.5676
16,staircase_spiral,6,0,0,1,heading-only,0.04,1.5583587646484602,1.4034133911132756,0.8171169389767392,2.079566069179227,3.816641054073065,0,roll,7.22,-11.833838203677459,-1.6390357622821965,0.3239290416240692,0.07733500895408037,-0.08262972422253802,-0.5901412963867188,0.24569193909493361,-0.36990453607815965,1,7.22,91.10433411257128,10.328175961773297,91.10433411257128,17.78852556964574,,,,,,,off,5.0,legged_eval-seed1,,n/a,settle,0.0,auto,off,,,,,0,WALK,first,on,1000,1,deterministic,20.0,1,200,lo,1.0,0.42,0.5,0.05,dead-reckoned-heading-hold,hold,1.0,0.1,2.649,0.5676
16,staircase_spiral,7,0,0,1,heading-only,0.04,3.247302246093767,2.9437805175781193,2.437434932599866,1.3031355683208883,2.232689755989219,0,roll,15.14,7.310565120155445,0.4828642747790915,0.3337242603302002,0.1484347586587693,0.062336890196705366,0.9229583740234375,1.3702509778735754,0.056776266632558525,1,15.14,-90.15419101587486,12.555448860148944,90.15419101587486,19.437688668330942,,,,,,,off,5.0,legged_eval-seed1,,n/a,settle,0.0,auto,off,,,,,0,WALK,first,on,1000,1,deterministic,20.0,1,200,lo,1.0,0.42,0.5,0.05,dead-reckoned-heading-hold,hold,1.0,0.1,2.649,0.5676
16,staircase_spiral,8,0,0,1,heading-only,0.04,1.1741760253906364,1.416093444824213,0.6093309059929045,2.4975682783045796,4.2588002975265455,0,roll,2.92,-5.50515572972472,-1.8853273047002466,0.3286856710910797,0.059649323763916566,-0.19996799834787224,-0.5815505981445312,0.38021300689039794,-0.5516436208900471,1,2.92,88.63790888309796,7.317257188289577,88.63790888309796,13.831506247816035,,,,,,,off,5.0,legged_eval-seed1,,n/a,settle,0.0,auto,off,,,,,0,WALK,first,on,1000,1,deterministic,20.0,1,200,lo,1.0,0.42,0.5,0.05,dead-reckoned-heading-hold,hold,1.0,0.1,2.649,0.5676
16,staircase_spiral,9,0,0,1,heading-only,0.04,3.464178466796909,2.691629028320307,2.559399583699438,1.0137918172236375,2.019768569431905,0,roll,16.92,8.47395951931756,0.5008250306925272,0.3284216821193695,0.1456370252244036,0.04087642011349331,0.6809234619140625,1.460590717357079,0.06001939237990949,1,16.92,-86.29783208077482,-0.7149300201569515,86.29783208077482,7.3532521041448335,,,,,,,off,5.0,legged_eval-seed1,,n/a,settle,0.0,auto,off,,,,,0,WALK,first,on,1000,1,deterministic,20.0,1,200,lo,1.0,0.42,0.5,0.05,dead-reckoned-heading-hold,hold,1.0,0.1,2.649,0.5676
17,squeeze,0,0,1,1,heading-only,0.04,1.6325949430465698,2.2616760253906136,0.6845806776650375,0.7439814337508639,7.0722477743158265,1,timeout,20.0,11.112392186813054,0.5556196093406527,0.32470113039016724,0.03162974715232849,0.013083801269530682,0.2534942626953125,0.18544771944956182,0.30659086602673447,0,20.0,-0.45275997598197554,-3.195598109942534,9.995357342198902,5.434740100167742,,,,,,,off,5.0,legged_eval-seed1,,n/a,settle,0.0,auto,off,,,,,0,WALK,first,on,1000,1,deterministic,20.0,1,200,lo,1.0,0.42,0.5,0.05,dead-reckoned-heading-hold,hold,1.0,0.1,2.649,0.5676
17,squeeze,1,0,0,1,heading-only,0.04,1.0425849914550795,2.580325317382801,0.5818856893692077,0.7389221637206442,8.128158192036796,0,roll,3.14,24.63792414658397,7.846472658147761,0.3174486458301544,0.01356209918951578,0.18481698005821692,0.584686279296875,0.3174633277131782,10.097757038840788,1,3.14,-86.561377810679,8.028291430871302,86.561377810679,15.15721732078201,,,,,,,off,5.0,legged_eval-seed1,,n/a,settle,0.0,auto,off,,,,,0,WALK,first,on,1000,1,deterministic,20.0,1,200,lo,1.0,0.42,0.5,0.05,dead-reckoned-heading-hold,hold,1.0,0.1,2.649,0.5676
17,squeeze,2,0,2,1,heading-only,0.04,2.9718429565429716,1.9683258056640511,1.9720973352892497,0.643506892791258,6.528233883572527,1,timeout,20.0,-9.877902436543081,-0.49389512182715406,0.3332061767578125,0.09859214782714858,-0.0015837097167974434,-0.0393218994140625,0.4324493676661882,-0.0874318718619973,0,20.0,-0.556447178326025,-3.329706821984612,15.780461218306812,11.475173188518548,,,,,,,off,5.0,legged_eval-seed1,,n/a,settle,0.0,auto,off,,,,,0,WALK,first,on,1000,1,deterministic,20.0,1,200,lo,1.0,0.42,0.5,0.05,dead-reckoned-heading-hold,hold,1.0,0.1,2.649,0.5676
17,squeeze,3,0,1,1,heading-only,0.04,1.6305358886718864,2.2026245117187386,0.6622931372530617,0.7643765635519165,7.372249180603048,1,timeout,20.0,10.68247105675286,0.534123552837643,0.328988641500473,0.03152679443359432,0.010131225585936932,0.2118682861328125,0.1463424267423654,0.295691800481092,0,20.0,-0.6741127445527951,-4.810952418937393,8.69138784872144,6.3897938297267824,,,,,,,off,5.0,legged_eval-seed1,,n/a,settle,0.0,auto,off,,,,,0,WALK,first,on,1000,1,deterministic,20.0,1,200,lo,1.0,0.42,0.5,0.05,dead-reckoned-heading-hold,hold,1.0,0.1,2.649,0.5676
17,squeeze,4,0,1,1,heading-only,0.04,1.3584197998046932,1.6020843505859261,0.5355386232015955,1.1622869432463734,8.001480548011235,0,roll,8.78,-32.9481711338033,-3.7526390812987813,0.3314288258552551,0.04082230066112679,-0.045320688999325044,-0.41656494140625,0.37659217424408975,-1.6044149042792109,1,8.78,87.21799319594194,-0.12735829304458876,87.21799319594194,15.878373694663281,,,,,,,off,5.0,legged_eval-seed1,,n/a,settle,0.0,auto,off,,,,,0,WALK,first,on,1000,1,deterministic,20.0,1,200,lo,1.0,0.42,0.5,0.05,dead-reckoned-heading-hold,hold,1.0,0.1,2.649,0.5676
17,squeeze,5,0,1,1,heading-only,0.04,1.7288818359375,2.1500732421874886,0.7441711555685864,0.634594360491847,7.822557849849959,1,timeout,20.0,2.266763326385899,0.11333816631929494,0.33311182260513306,0.036444091796875,0.007503662109374432,0.13311767578125,0.17313790203412685,0.054278322573379625,0,20.0,-1.452080113378916,-8.679248796820161,16.980455195275436,14.465190627002407,,,,,,,off,5.0,legged_eval-seed1,,n/a,settle,0.0,auto,off,,,,,0,WALK,first,on,1000,1,deterministic,20.0,1,200,lo,1.0,0.42,0.5,0.05,dead-reckoned-heading-hold,hold,1.0,0.1,2.649,0.5676
17,squeeze,6,0,1,1,heading-only,0.04,1.3247467041015852,1.3667327880859261,0.7116795511396031,1.3588210315024076,8.897817059708572,0,roll,2.98,2.52086146714592,0.84592666682749,0.323210209608078,0.10897540406093464,-0.2125057758100919,-0.60504150390625,0.43321649063287776,0.13548199883989648,1,2.98,89.76296709750197,-6.067254818289581,89.76296709750197,8.792113273702933,,,,,,,off,5.0,legged_eval-seed1,,n/a,settle,0.0,auto,off,,,,,0,WALK,first,on,1000,1,deterministic,20.0,1,200,lo,1.0,0.42,0.5,0.05,dead-reckoned-heading-hold,hold,1.0,0.1,2.649,0.5676
17,squeeze,7,0,3,1,heading-only,0.04,3.3525115966797046,1.9433319091796761,2.35319401771926,1.474370206963876,6.447737431337189,1,timeout,20.0,5.035063873013314,0.25175319365066573,0.3263789117336273,0.11762557983398522,-0.0028334045410161935,-0.068603515625,0.548266255490534,0.03735515810265512,0,20.0,1.554975916117221,-5.2268374916343925,18.575263965604666,8.045050579372111,,,,,,,off,5.0,legged_eval-seed1,,n/a,settle,0.0,auto,off,,,,,0,WALK,first,on,1000,1,deterministic,20.0,1,200,lo,1.0,0.42,0.5,0.05,dead-reckoned-heading-hold,hold,1.0,0.1,2.649,0.5676
17,squeeze,8,0,1,1,heading-only,0.04,1.7614868164062614,1.9569427490234261,0.7627031522304093,0.7309091288401727,8.688619871322699,1,timeout,20.0,13.914494950948665,0.6957247475474333,0.3239370584487915,0.038074340820313066,-0.0021528625488286936,-0.0350494384765625,0.23609346258030686,0.3189204926649919,0,20.0,1.6909644668568857,-3.6326005632434377,7.962672298719996,6.610539066257358,,,,,,,off,5.0,legged_eval-seed1,,n/a,settle,0.0,auto,off,,,,,0,WALK,first,on,1000,1,deterministic,20.0,1,200,lo,1.0,0.42,0.5,0.05,dead-reckoned-heading-hold,hold,1.0,0.1,2.649,0.5676
17,squeeze,9,0,0,1,heading-only,0.04,1.026464843750034,1.3991577148437386,0.6014248411784401,0.7650143762286286,9.492569715747988,0,roll,2.92,-3.900779459337855,-1.3358833764855669,0.33209970593452454,0.00906330265412127,-0.20576790587543198,-0.5944671630859375,0.3512950655940399,-2.5725239719022372,1,2.92,90.00401327749411,8.00666385664004,90.00401327749411,16.316475265460863,,,,,,,off,5.0,legged_eval-seed1,,n/a,settle,0.0,auto,off,,,,,0,WALK,first,on,1000,1,deterministic,20.0,1,200,lo,1.0,0.42,0.5,0.05,dead-reckoned-heading-hold,hold,1.0,0.1,2.649,0.5676
18,agility_poles,0,0,1,1,heading-only,0.04,1.55642569065094,2.833233642578108,1.0019420404097024,2.4444862756403696,16.764294168136573,0,roll,5.2,-18.011160598919616,-3.4636847305614644,0.32811403274536133,0.10700494050979614,0.16023723895732844,0.8381805419921875,0.765515534354082,-0.5649524452921486,1,5.2,-91.48676554027058,-1.280414914934583,91.48676554027058,27.4806831293905,,,,,,,off,5.0,legged_eval-seed1,,n/a,settle,0.0,auto,off,,,,,0,WALK,first,on,1000,1,deterministic,20.0,1,200,lo,1.0,0.42,0.5,0.05,dead-reckoned-heading-hold,hold,1.0,0.1,2.649,0.5676
18,agility_poles,1,0,1,1,heading-only,0.04,1.2563949584960952,1.6278656005859204,0.4519097099747825,2.8887909307333257,15.997933811428476,0,roll,3.6,-17.440718534824384,-4.844644037451218,0.3291943073272705,0.07122082180447088,-0.10337066650391098,-0.4023590087890625,0.14214255025227096,-1.1872228850822848,1,3.6,89.27242640382065,0.7607202534665503,89.27242640382065,11.88900692082336,,,,,,,off,5.0,legged_eval-seed1,,n/a,settle,0.0,auto,off,,,,,0,WALK,first,on,1000,1,deterministic,20.0,1,200,lo,1.0,0.42,0.5,0.05,dead-reckoned-heading-hold,hold,1.0,0.1,2.649,0.5676
18,agility_poles,2,0,1,1,heading-only,0.04,4.303324890136722,2.5337493896484204,3.346168516489695,0.663557038714626,12.258300847078878,1,timeout,20.0,11.521649129640764,0.5760824564820382,0.3415200412273407,0.1651662445068361,0.02668746948242102,0.5455322265625,0.5682559827156802,0.060875245172583484,0,20.0,1.9139029657608284,-2.8086884696429064,14.024799024272825,14.572979779582608,,,,,,,off,5.0,legged_eval-seed1,,n/a,settle,0.0,auto,off,,,,,0,WALK,first,on,1000,1,deterministic,20.0,1,200,lo,1.0,0.42,0.5,0.05,dead-reckoned-heading-hold,hold,1.0,0.1,2.649,0.5676
18,agility_poles,3,0,1,1,heading-only,0.04,4.325215148925793,2.4946563720702954,3.3618061682784934,0.8308071189720796,11.185727575541401,1,timeout,20.0,4.695464221808521,0.23477321109042606,0.3397451341152191,0.16626075744628963,0.024732818603514773,0.4994049072265625,0.8099715661190331,0.024645415983572165,0,20.0,-3.8390787637908663,0.15205190701378002,11.990694728922072,9.811383061036869,,,,,,,off,5.0,legged_eval-seed1,,n/a,settle,0.0,auto,off,,,,,0,WALK,first,on,1000,1,deterministic,20.0,1,200,lo,1.0,0.42,0.5,0.05,dead-reckoned-heading-hold,hold,1.0,0.1,2.649,0.5676
18,agility_poles,4,0,0,1,heading-only,0.04,1.0691741943359432,2.7076080322265454,0.7109811505472917,0.8284443264924973,13.749046746329793,0,roll,2.94,18.354877986980995,6.2431557778846924,0.32856687903404236,0.023528637529232375,0.24068300415868893,0.7022857666015625,0.4121270991112252,4.631106408248987,1,2.94,-86.58721588654223,5.803112997842847,86.58721588654223,8.286535214166932,,,,,,,off,5.0,legged_eval-seed1,,n/a,settle,0.0,auto,off,,,,,0,WALK,first,on,1000,1,deterministic,20.0,1,200,lo,1.0,0.42,0.5,0.05,dead-reckoned-heading-hold,hold,1.0,0.1,2.649,0.5676
18,agility_poles,5,0,1,1,heading-only,0.04,1.3578338623046875,1.539379882812483,0.5832803488629905,2.384628065706776,12.400723869057007,0,roll,4.38,-6.476845884141625,-1.4787319370186358,0.33119890093803406,0.08169722883668665,-0.10516441031678472,-0.4895477294921875,0.2182087990235338,-0.31590717852817846,1,4.38,86.91836574486356,0.01462604578147193,86.91836574486356,13.868315212294428,,,,,,,off,5.0,legged_eval-seed1,,n/a,settle,0.0,auto,off,,,,,0,WALK,first,on,1000,1,deterministic,20.0,1,200,lo,1.0,0.42,0.5,0.05,dead-reckoned-heading-hold,hold,1.0,0.1,2.649,0.5676
18,agility_poles,6,0,1,1,heading-only,0.04,1.2921539306640852,1.2284820556640454,0.8249811256234001,2.542141159538072,11.783131338003097,0,roll,5.14,-8.819698012394184,-1.715894554940503,0.33309388160705566,0.056839286121417365,-0.1501007673805359,-0.7442779541015625,0.44858650805315475,-0.5268892634714131,1,5.14,89.6178613324354,-0.5575171482578598,89.6178613324354,12.150787058548751,,,,,,,off,5.0,legged_eval-seed1,,n/a,settle,0.0,auto,off,,,,,0,WALK,first,on,1000,1,deterministic,20.0,1,200,lo,1.0,0.42,0.5,0.05,dead-reckoned-heading-hold,hold,1.0,0.1,2.649,0.5676
18,agility_poles,7,0,1,1,heading-only,0.04,3.7207977294922046,1.811901855468733,2.7272919163129643,1.2095609032297345,8.281338729212631,0,roll,17.16,0.0050550923461401,0.0002945858010571154,0.3298938274383545,0.15855464624080445,-0.010961430333989922,-0.1936798095703125,1.7359194481405913,3.2427256343299e-05,1,17.16,87.92108729016702,-4.971498735302368,87.92108729016702,10.820322699658295,,,,,,,off,5.0,legged_eval-seed1,,n/a,settle,0.0,auto,off,,,,,0,WALK,first,on,1000,1,deterministic,20.0,1,200,lo,1.0,0.42,0.5,0.05,dead-reckoned-heading-hold,hold,1.0,0.1,2.649,0.5676
18,agility_poles,8,0,0,1,heading-only,0.04,0.9666564941406364,2.5540130615234204,0.5550155508826277,0.7690161035901071,10.348184308487392,0,roll,2.44,20.917417669458956,8.572712159614326,0.32414668798446655,-0.013665371253837554,0.22705453341123788,0.5449676513671875,0.37345568548813957,-10.948992912944558,1,2.44,-89.71075783763708,9.321070653550526,89.71075783763708,13.76799016316648,,,,,,,off,5.0,legged_eval-seed1,,n/a,settle,0.0,auto,off,,,,,0,WALK,first,on,1000,1,deterministic,20.0,1,200,lo,1.0,0.42,0.5,0.05,dead-reckoned-heading-hold,hold,1.0,0.1,2.649,0.5676
18,agility_poles,9,0,0,1,heading-only,0.04,0.8033813476562841,2.528851318359358,0.5642185847523015,0.8746206398911507,9.461410448751213,0,roll,2.34,25.650442914701785,10.96172774132555,0.3365291655063629,-0.0840250651041521,0.22600483690570855,0.5359954833984375,0.40816643471432656,-2.2769186855872863,1,2.34,-86.46521711448644,7.803414890944567,86.46521711448644,9.039219819035669,,,,,,,off,5.0,legged_eval-seed1,,n/a,settle,0.0,auto,off,,,,,0,WALK,first,on,1000,1,deterministic,20.0,1,200,lo,1.0,0.42,0.5,0.05,dead-reckoned-heading-hold,hold,1.0,0.1,2.649,0.5676
19,balance_beam,0,0,0,1,heading-only,0.04,1.2231545448303223,1.4739746093750057,0.5714023647663756,0.5944292368569062,8.792594546293762,0,roll,2.94,-4.557628304424924,-1.5502137089880694,0.3268529176712036,0.07590290640487152,-0.1789202008928552,-0.5361175537109375,0.328108359802747,-0.35645978017066443,1,2.94,90.48777032932007,2.957449032779254,90.48777032932007,14.130825195596465,,,,,,,off,5.0,legged_eval-seed1,,n/a,settle,0.0,auto,off,,,,,0,WALK,first,on,1000,1,deterministic,20.0,1,200,lo,1.0,0.42,0.5,0.05,dead-reckoned-heading-hold,hold,1.0,0.1,2.649,0.5676
19,balance_beam,1,0,0,1,heading-only,0.04,1.0455757141113295,1.5259460449218807,0.4762397484901541,0.6566799707091999,9.56617742816348,0,roll,2.82,-35.7833163950321,-12.689119289018477,0.3322789967060089,0.01616160074869842,-0.16810423938940403,-0.4716033935546875,0.15318497692868144,-13.703278172462603,1,2.82,88.88384037478416,3.550355849533457,88.88384037478416,14.605606514997636,,,,,,,off,5.0,legged_eval-seed1,,n/a,settle,0.0,auto,off,,,,,0,WALK,first,on,1000,1,deterministic,20.0,1,200,lo,1.0,0.42,0.5,0.05,dead-reckoned-heading-hold,hold,1.0,0.1,2.649,0.5676
19,balance_beam,2,0,1,1,heading-only,0.04,2.7781707763671903,3.519033813476568,2.33866522538209,1.5210438510322488,8.262661415327461,0,roll,6.12,-13.886475071678007,-2.2690318744571907,0.3258412182331085,0.29055078045215527,0.24820813945695558,1.511383056640625,0.7551997993905648,-0.13630001950209125,1,6.12,-91.82640317436068,44.412474428465806,91.82640317436068,44.412474428465806,,,,,,,off,5.0,legged_eval-seed1,,n/a,settle,0.0,auto,off,,,,,0,WALK,first,on,1000,1,deterministic,20.0,1,200,lo,1.0,0.42,0.5,0.05,dead-reckoned-heading-hold,hold,1.0,0.1,2.649,0.5676
19,balance_beam,3,0,1,1,heading-only,0.04,2.0850646972656364,3.0653747558593807,1.5206540591714484,1.255851236112333,9.475021378608927,0,roll,5.38,-0.9166375316569884,-0.17037872335631754,0.3308507204055786,0.2016848879675904,0.19802504755750572,1.0695343017578125,0.5008597661912448,-0.014744137391147305,1,5.38,-86.20502847630576,43.751292019504106,86.20502847630576,43.751292019504106,,,,,,,off,5.0,legged_eval-seed1,,n/a,settle,0.0,auto,off,,,,,0,WALK,first,on,1000,1,deterministic,20.0,1,200,lo,1.0,0.42,0.5,0.05,dead-reckoned-heading-hold,hold,1.0,0.1,2.649,0.5676
19,balance_beam,4,0,1,1,heading-only,0.04,2.2509216308593807,1.0081695556640682,1.5964124018760015,1.13367309475428,9.898892481070048,0,roll,7.1000000000000005,1.877981953595338,0.26450450050638563,0.3331489562988281,0.17618614519146206,-0.1396944287797087,-0.997772216796875,0.5345805637377741,0.02620225566069738,1,7.1000000000000005,90.62084259334578,42.241685549077594,90.62084259334578,42.87779881853929,,,,,,,off,5.0,legged_eval-seed1,,n/a,settle,0.0,auto,off,,,,,0,WALK,first,on,1000,1,deterministic,20.0,1,200,lo,1.0,0.42,0.5,0.05,dead-reckoned-heading-hold,hold,1.0,0.1,2.649,0.5676
19,balance_beam,5,0,1,1,heading-only,0.04,2.120361328125,1.3532012939453182,1.2936607251176888,0.9564853496294433,10.299966980066593,0,below,7.1000000000000005,-62.05929539688307,-8.740745830546912,0.3224700391292572,0.1577973701584507,-0.0910984093034763,-0.65447998046875,0.6410799151452946,-0.9667765291007293,1,7.1000000000000005,80.3914104704332,29.29011742015551,80.3914104704332,34.512314180105264,,,,,,,off,5.0,legged_eval-seed1,,n/a,settle,0.0,auto,off,,,,,0,WALK,first,on,1000,1,deterministic,20.0,1,200,lo,1.0,0.42,0.5,0.05,dead-reckoned-heading-hold,hold,1.0,0.1,2.649,0.5676
19,balance_beam,6,0,2,1,heading-only,0.04,3.2162719726562727,2.7586730957031307,2.3425298979789986,1.600031100062596,9.813099356430412,0,roll,9.76,-21.301669109936,-2.182548064542623,0.33002257347106934,0.22707704637871648,0.07773289914991094,0.7341461181640625,1.0273422126484872,-0.16775209303087374,1,9.76,-89.49608207926033,16.21815697745118,89.49608207926033,28.39150692014889,,,,,,,off,5.0,legged_eval-seed1,,n/a,settle,0.0,auto,off,,,,,0,WALK,first,on,1000,1,deterministic,20.0,1,200,lo,1.0,0.42,0.5,0.05,dead-reckoned-heading-hold,hold,1.0,0.1,2.649,0.5676
19,balance_beam,7,0,1,1,heading-only,0.04,2.368487548828142,2.8329833984375057,1.602067262436304,1.0017821371844373,11.262359134874933,0,roll,5.7,-24.370655207541688,-4.275553545182752,0.32972216606140137,0.24008553488213016,0.14613743832236942,0.7978363037109375,0.7606489169860147,-0.31081625448776423,1,5.7,-91.30276064289627,52.62286206112123,91.30276064289627,52.62286206112123,,,,,,,off,5.0,legged_eval-seed1,,n/a,settle,0.0,auto,off,,,,,0,WALK,first,on,1000,1,deterministic,20.0,1,200,lo,1.0,0.42,0.5,0.05,dead-reckoned-heading-hold,hold,1.0,0.1,2.649,0.5676
19,balance_beam,8,0,0,1,heading-only,0.04,0.9637878417968864,2.5761779785156307,0.577314804355549,0.7870861080791602,12.949037264019585,0,roll,2.38,17.05094538495561,7.164262766788072,0.33535727858543396,-0.015215192522316652,0.24209158761160954,0.586669921875,0.37881621385584124,-8.218100005970351,1,2.38,-89.51197672387516,4.380542583635997,89.51197672387516,9.242392277836881,,,,,,,off,5.0,legged_eval-seed1,,n/a,settle,0.0,auto,off,,,,,0,WALK,first,on,1000,1,deterministic,20.0,1,200,lo,1.0,0.42,0.5,0.05,dead-reckoned-heading-hold,hold,1.0,0.1,2.649,0.5676
19,balance_beam,9,0,1,1,heading-only,0.04,1.453131103515659,2.6289733886718807,0.7752001810053373,1.6698535584200402,13.06202111182293,0,roll,4.84,0.21087003620954192,0.04356818929949213,0.3325323462486267,0.0936221288255494,0.1299531794776613,0.62841796875,0.43974124991475,0.008122100639531546,1,4.84,-90.61152141792076,-1.3626167022239961,90.61152141792076,5.4669212593369325,,,,,,,off,5.0,legged_eval-seed1,,n/a,settle,0.0,auto,off,,,,,0,WALK,first,on,1000,1,deterministic,20.0,1,200,lo,1.0,0.42,0.5,0.05,dead-reckoned-heading-hold,hold,1.0,0.1,2.649,0.5676
