task,task_name,level,episode,goals,settle_ok,heading,heading_cap_rad,final_x_m,final_y_m,travelled_m,dist_to_next_goal_m,dist_to_last_goal_m,alive_at_end,end_cause,upright_s,yaw_cum_deg,yaw_rate_deg_s,base_h_max_m,vx_mean_ms,vy_mean_ms,cross_track_m,cross_track_abs_max_m,curvature_rad_m,fell,episode_s,end_roll_deg,end_pitch_deg,peak_roll_deg,peak_pitch_deg,switches,refused_ticks,steps_alive,frac_WALK,frac_TROT,frac_TURN,yaw_moment,yaw_moment_gain,terrain,planner_set,perception,turn_target,swing_lift_mm,foot_yaw_turn,roll_couple,roll_gain,roll_damp,roll_cap_nm,roll_sign,partial,skill,start_phase,foot_comp,steps,terrain_seed,measurement_seed,episode_length_s,episodes,num_envs,rate,gutter,spawn_z,settle_s,foot_clip_rad,steering,cross_track,cross_track_gain,cross_track_cap,cmd_mean_feet_down,cmd_frac_below_3_feet
0,jump_on_and_off_box,0,0,1,1,heading-only,0.04,1.3873823881149292,2.4865458011627197,0.6219259853476927,1.2397545829869903,16.719698390154058,0,roll,7.78,34.62012549451666,4.449887595696228,0.3226522207260132,0.049792080734566736,0.06253802071500253,0.4871981143951416,0.32112979137457137,1.5597900056150211,1,7.78,-90.71243391713034,-0.07817703726918988,90.71243391713034,21.615520532751816,,,,,,,off,5.0,legged_eval-seed1,,n/a,settle,0.0,auto,off,,,,,0,WALK,first,on,1000,1,deterministic,20.0,1,200,lo,1.0,0.42,0.5,0.05,dead-reckoned-heading-hold,hold,2.0,0.1,2.649,0.5676
0,jump_on_and_off_box,1,0,1,1,heading-only,0.04,1.5553337097167983,1.4449397325515747,0.7851671348494782,1.0880345440418713,16.354088419756692,0,roll,7.12,-14.179036136123358,-1.9914376595678873,0.333173006772995,0.07799630754449415,-0.07795790273152041,-0.552222728729248,0.26774088566005677,-0.445625505897723,1,7.12,88.09033126594923,9.593481325047575,88.09033126594923,12.818760649004416,,,,,,,off,5.0,legged_eval-seed1,,n/a,settle,0.0,auto,off,,,,,0,WALK,first,on,1000,1,deterministic,20.0,1,200,lo,1.0,0.42,0.5,0.05,dead-reckoned-heading-hold,hold,2.0,0.1,2.649,0.5676
0,jump_on_and_off_box,2,0,1,1,heading-only,0.04,1.7185470581054716,1.8791738748550415,0.728634906677942,0.7798216893081281,15.581921406970038,1,timeout,20.0,-39.910969666238515,-1.9955484833119257,0.3311789929866791,0.03592735290527358,-0.006041306257247925,-0.13174307346343994,0.40220851726481854,-0.9694254822725857,0,20.0,0.01749735387293715,-5.119693528886776,13.457796464620953,12.812549016182711,,,,,,,off,5.0,legged_eval-seed1,,n/a,settle,0.0,auto,off,,,,,0,WALK,first,on,1000,1,deterministic,20.0,1,200,lo,1.0,0.42,0.5,0.05,dead-reckoned-heading-hold,hold,2.0,0.1,2.649,0.5676
0,jump_on_and_off_box,3,0,1,1,heading-only,0.04,1.3599136352539176,2.6061573028564453,0.7049570913522968,1.3475243100401415,15.751753726029097,0,roll,14.22,36.065484295327934,2.5362506536798826,0.33057183027267456,0.025310382226013894,0.04262709584081894,0.6143357753753662,0.20871926690614595,1.7489235906155567,1,14.22,-90.28152045143175,5.821663999260448,90.28152045143175,18.286618649534486,,,,,,,off,5.0,legged_eval-seed1,,n/a,settle,0.0,auto,off,,,,,0,WALK,first,on,1000,1,deterministic,20.0,1,200,lo,1.0,0.42,0.5,0.05,dead-reckoned-heading-hold,hold,2.0,0.1,2.649,0.5676
0,jump_on_and_off_box,4,0,1,1,heading-only,0.04,1.6422027587890682,1.6148922443389893,0.7488206506678023,1.0192971734335177,15.762502399003315,1,timeout,20.0,-57.07892367408647,-2.8539461837043234,0.3276340961456299,0.03211013793945341,-0.019255387783050536,-0.40367627143859863,0.4204122516020875,-1.5512470757456758,0,20.0,6.703763601702885,-3.628613654198497,14.545570111764675,6.834800796962678,,,,,,,off,5.0,legged_eval-seed1,,n/a,settle,0.0,auto,off,,,,,0,WALK,first,on,1000,1,deterministic,20.0,1,200,lo,1.0,0.42,0.5,0.05,dead-reckoned-heading-hold,hold,2.0,0.1,2.649,0.5676
0,jump_on_and_off_box,5,0,0,1,heading-only,0.04,0.7819366455078125,1.3918288946151733,0.6460833692313921,0.9410032276722406,16.07956877709721,0,roll,1.68,-27.466509469077295,-16.349112779212675,0.30835965275764465,-0.12979961576915924,-0.3620066103481111,-0.6063065528869629,0.4093076557622438,2.19835664448046,1,1.68,89.04645690784854,4.190967240165534,89.04645690784854,14.115071195933037,,,,,,,off,5.0,legged_eval-seed1,,n/a,settle,0.0,auto,off,,,,,0,WALK,first,on,1000,1,deterministic,20.0,1,200,lo,1.0,0.42,0.5,0.05,dead-reckoned-heading-hold,hold,2.0,0.1,2.649,0.5676
0,jump_on_and_off_box,6,0,1,1,heading-only,0.04,1.6436096191406477,2.0063204765319824,0.6436406530619092,0.9387985665241737,14.556391753054667,1,timeout,20.0,10.151192367013522,0.5075596183506761,0.3324907124042511,0.03218048095703239,0.0003160238265991211,0.007135987281799316,0.14148494770577524,0.2752782502602487,0,20.0,-1.7315157792514042,-4.192970174148296,6.536280695816463,5.405843011856913,,,,,,,off,5.0,legged_eval-seed1,,n/a,settle,0.0,auto,off,,,,,0,WALK,first,on,1000,1,deterministic,20.0,1,200,lo,1.0,0.42,0.5,0.05,dead-reckoned-heading-hold,hold,2.0,0.1,2.649,0.5676
0,jump_on_and_off_box,7,0,0,1,heading-only,0.04,1.2612945556640796,1.3396728038787842,0.7101456546068527,0.7021483426548237,15.203052492204895,0,roll,3.2800000000000002,-8.396171414946537,-2.5598083582154074,0.3160821497440338,0.07966297428782912,-0.20131926711012677,-0.6953387260437012,0.45116170295428426,-0.5608262115535276,1,3.2800000000000002,90.50262375361915,2.7466301102456874,90.50262375361915,8.645207954537824,,,,,,,off,5.0,legged_eval-seed1,,n/a,settle,0.0,auto,off,,,,,0,WALK,first,on,1000,1,deterministic,20.0,1,200,lo,1.0,0.42,0.5,0.05,dead-reckoned-heading-hold,hold,2.0,0.1,2.649,0.5676
0,jump_on_and_off_box,8,0,0,1,heading-only,0.04,1.0964782714843864,2.568401575088501,0.5765313585848595,0.6970725471192488,15.164178221293692,0,roll,2.18,-3.2939182086632,-1.5109716553500918,0.3336394131183624,0.04425608783687448,0.2607346674717894,0.5889538526535034,0.42183540819416154,-0.5958825458628821,1,2.18,-87.8483168388926,1.4351859528113446,87.8483168388926,14.22557266103433,,,,,,,off,5.0,legged_eval-seed1,,n/a,settle,0.0,auto,off,,,,,0,WALK,first,on,1000,1,deterministic,20.0,1,200,lo,1.0,0.42,0.5,0.05,dead-reckoned-heading-hold,hold,2.0,0.1,2.649,0.5676
0,jump_on_and_off_box,9,0,1,1,heading-only,0.04,1.476629638671909,1.3339520692825317,0.8190211587459362,1.1837184074195866,13.939292021645931,0,roll,5.32,-26.649952263250754,-5.009389523167434,0.3297369182109833,0.08959203734434382,-0.1251969794581707,-0.6621400117874146,0.252830903888054,-0.9758717770659138,1,5.32,89.25181321642253,1.7974100455718585,89.25181321642253,12.840682606594191,,,,,,,off,5.0,legged_eval-seed1,,n/a,settle,0.0,auto,off,,,,,0,WALK,first,on,1000,1,deterministic,20.0,1,200,lo,1.0,0.42,0.5,0.05,dead-reckoned-heading-hold,hold,2.0,0.1,2.649,0.5676
1,forward_ramp_lips,0,0,1,1,heading-only,0.04,1.250683069229126,1.3150573730468746,0.7293753515273073,1.5157924108655858,13.017349464036208,0,roll,4.64,-36.209635058522366,-7.803800659164303,0.32561352849006653,0.054026523540759916,-0.14761694546403564,-0.6873865127563477,0.21747948383435478,-2.5210212826106475,1,4.64,91.26153901433125,4.102295737072216,91.26153901433125,15.712051546932113,,,,,,,off,5.0,legged_eval-seed1,,n/a,settle,0.0,auto,off,,,,,0,WALK,first,on,1000,1,deterministic,20.0,1,200,lo,1.0,0.42,0.5,0.05,dead-reckoned-heading-hold,hold,2.0,0.1,2.649,0.5676
1,forward_ramp_lips,1,0,1,1,heading-only,0.04,1.4797225952148452,1.4914155960083004,0.699136513381513,1.2478393034686077,12.080987324074583,0,roll,5.16,-1.192936103171462,-0.23118916728129107,0.3358169496059418,0.09296949519667541,-0.09856286899063944,-0.534296989440918,0.27583468816597867,-0.04340146362488551,1,5.16,87.23652097829742,3.4350449003814387,87.23652097829742,12.514784969785989,,,,,,,off,5.0,legged_eval-seed1,,n/a,settle,0.0,auto,off,,,,,0,WALK,first,on,1000,1,deterministic,20.0,1,200,lo,1.0,0.42,0.5,0.05,dead-reckoned-heading-hold,hold,2.0,0.1,2.649,0.5676
1,forward_ramp_lips,2,0,1,1,heading-only,0.04,1.574855041503909,2.389692878723144,0.6944917987060698,0.9575523229373251,11.78159154500459,0,roll,5.5200000000000005,-0.5540943188512131,-0.10037940558898786,0.3289024233818054,0.10414040606954875,0.07059653600056959,0.39110755920410156,0.41312160658176833,-0.016822971936105373,1,5.5200000000000005,-89.53190020930327,11.746296508402164,89.53190020930327,16.997065046826698,,,,,,,off,5.0,legged_eval-seed1,,n/a,settle,0.0,auto,off,,,,,0,WALK,first,on,1000,1,deterministic,20.0,1,200,lo,1.0,0.42,0.5,0.05,dead-reckoned-heading-hold,hold,2.0,0.1,2.649,0.5676
1,forward_ramp_lips,3,0,1,1,heading-only,0.04,1.6911743164062614,1.781251525878906,0.7249640202037406,0.9708255409525983,12.610723056755443,1,timeout,20.0,-38.35407675882331,-1.9177038379411655,0.334933876991272,0.03455871582031307,-0.010937423706054706,-0.18076324462890625,0.3608351831509906,-0.9685037552967118,0,20.0,6.979171422417709,-1.0974225259556505,19.24276879956691,8.948021098944157,,,,,,,off,5.0,legged_eval-seed1,,n/a,settle,0.0,auto,off,,,,,0,WALK,first,on,1000,1,deterministic,20.0,1,200,lo,1.0,0.42,0.5,0.05,dead-reckoned-heading-hold,hold,2.0,0.1,2.649,0.5676
1,forward_ramp_lips,4,0,0,1,heading-only,0.04,1.2656921386718807,2.557135200500488,0.6172454489008055,0.6044003685611683,12.19703889029049,0,roll,3.4,-12.58186184918327,-3.700547602700962,0.3244161009788513,0.0781447466682002,0.16386329426484939,0.5254793167114258,0.3730062494015091,-0.8265013650648555,1,3.4,-87.38146352299756,-11.287155096951158,87.38146352299756,12.818225539949283,,,,,,,off,5.0,legged_eval-seed1,,n/a,settle,0.0,auto,off,,,,,0,WALK,first,on,1000,1,deterministic,20.0,1,200,lo,1.0,0.42,0.5,0.05,dead-reckoned-heading-hold,hold,2.0,0.1,2.649,0.5676
1,forward_ramp_lips,5,0,0,1,heading-only,0.04,1.2317047119140625,1.3267570495605465,0.7119993987635095,0.724733352292784,12.736101880295442,0,roll,4.62,-6.530133445979345,-1.413448797831027,0.32591304183006287,0.05015253504633387,-0.14572358234620206,-0.6352262496948242,0.40800167767195616,-0.4918861092009829,1,4.62,93.57617401012737,-6.176654179707229,93.57617401012737,11.319323894516561,,,,,,,off,5.0,legged_eval-seed1,,n/a,settle,0.0,auto,off,,,,,0,WALK,first,on,1000,1,deterministic,20.0,1,200,lo,1.0,0.42,0.5,0.05,dead-reckoned-heading-hold,hold,2.0,0.1,2.649,0.5676
1,forward_ramp_lips,6,0,1,1,heading-only,0.04,1.7313476562500227,1.7339406967163082,0.778239646359786,0.77782512771632,11.92162158617865,1,timeout,20.0,-49.68711780638969,-2.4843558903194847,0.32475048303604126,0.03656738281250114,-0.013302965164184588,-0.2762479782104492,0.46004376099540534,-1.1857613737280306,0,20.0,-1.1244539152409914,-5.315064343005935,10.501206604154193,9.259479527372871,,,,,,,off,5.0,legged_eval-seed1,,n/a,settle,0.0,auto,off,,,,,0,WALK,first,on,1000,1,deterministic,20.0,1,200,lo,1.0,0.42,0.5,0.05,dead-reckoned-heading-hold,hold,2.0,0.1,2.649,0.5676
1,forward_ramp_lips,7,0,1,1,heading-only,0.04,1.655871582031267,1.8228689193725582,0.6793695252514955,0.9104587080070772,11.695469844160517,1,timeout,20.0,-14.083031275560558,-0.7041515637780279,0.32890456914901733,0.03279357910156335,-0.008856554031372088,-0.2124929428100586,0.20559407517119704,-0.37476126600672094,0,20.0,5.161394419872702,-3.7609389210738353,13.14792144320078,6.4268217652361574,,,,,,,off,5.0,legged_eval-seed1,,n/a,settle,0.0,auto,off,,,,,0,WALK,first,on,1000,1,deterministic,20.0,1,200,lo,1.0,0.42,0.5,0.05,dead-reckoned-heading-hold,hold,2.0,0.1,2.649,0.5676
1,forward_ramp_lips,8,0,1,1,heading-only,0.04,1.4816711425781364,1.4558959960937496,0.7266747942920136,1.1016600254650313,12.480195257442302,0,roll,11.74,-26.48128405308435,-2.2556460011145103,0.3385876715183258,0.041028206352481805,-0.046346167283326266,-0.5392942428588867,0.15420451295440632,-0.9595459557912281,1,11.74,88.47715050774535,3.7261818852323483,88.47715050774535,16.085541434356625,,,,,,,off,5.0,legged_eval-seed1,,n/a,settle,0.0,auto,off,,,,,0,WALK,first,on,1000,1,deterministic,20.0,1,200,lo,1.0,0.42,0.5,0.05,dead-reckoned-heading-hold,hold,2.0,0.1,2.649,0.5676
1,forward_ramp_lips,9,0,1,1,heading-only,0.04,1.649603271484409,2.1300922393798825,0.6625016234471577,0.8236168513953815,11.801113800871004,1,timeout,20.0,1.1596833078406519,0.05798416539203259,0.332931250333786,0.032480163574220455,0.006504611968994123,0.10079288482666016,0.12333803623528378,0.03115792806275011,0,20.0,-1.9441424094632835,-4.515118004408612,9.786124103340038,6.03624511201816,,,,,,,off,5.0,legged_eval-seed1,,n/a,settle,0.0,auto,off,,,,,0,WALK,first,on,1000,1,deterministic,20.0,1,200,lo,1.0,0.42,0.5,0.05,dead-reckoned-heading-hold,hold,2.0,0.1,2.649,0.5676
2,sphere_bump_lips,0,0,0,1,heading-only,0.04,0.6142749786376953,2.682170104980468,0.7836707498905475,1.1179735531739192,15.750504690328397,0,roll,1.28,-8.113793296849224,-6.338901013163456,0.31398749351501465,-0.30134767293930054,0.5329453945159907,0.6885299682617188,0.5096184980095032,0.36713306115355837,1,1.28,-91.14030842590466,0.2484637155601568,91.14030842590466,11.371371193172024,,,,,,,off,5.0,legged_eval-seed1,,n/a,settle,0.0,auto,off,,,,,0,WALK,first,on,1000,1,deterministic,20.0,1,200,lo,1.0,0.42,0.5,0.05,dead-reckoned-heading-hold,hold,2.0,0.1,2.649,0.5676
2,sphere_bump_lips,1,0,0,1,heading-only,0.04,1.1269546508789077,2.258404922485351,0.28790725476174706,0.45380164881315477,14.875289948803593,1,timeout,20.0,69.59636799882969,3.4798183999414847,0.3252110183238983,0.0063477325439453836,0.012920246124267542,0.2773456573486328,0.06233538059566047,9.567871366664551,0,20.0,-2.4376460428834474,-7.729245391110652,11.341907345448993,9.624253724144857,,,,,,,off,5.0,legged_eval-seed1,,n/a,settle,0.0,auto,off,,,,,0,WALK,first,on,1000,1,deterministic,20.0,1,200,lo,1.0,0.42,0.5,0.05,dead-reckoned-heading-hold,hold,2.0,0.1,2.649,0.5676
2,sphere_bump_lips,2,0,1,1,heading-only,0.04,4.342242431640628,2.6043254852294915,3.396438393958724,1.6621374901902026,11.42375341254171,1,timeout,20.0,15.956953706731667,0.7978476853365833,0.33460912108421326,0.1671121215820314,0.030216274261474572,0.5885200500488281,0.888317921352752,0.08332770182505028,0,20.0,-12.820555440161062,-10.141157849537795,13.682640290547678,12.304989422909852,,,,,,,off,5.0,legged_eval-seed1,,n/a,settle,0.0,auto,off,,,,,0,WALK,first,on,1000,1,deterministic,20.0,1,200,lo,1.0,0.42,0.5,0.05,dead-reckoned-heading-hold,hold,2.0,0.1,2.649,0.5676
2,sphere_bump_lips,3,0,1,1,heading-only,0.04,2.013340759277355,2.002228927612304,1.0133432106305877,0.7028531854864577,13.486659424909039,1,timeout,20.0,-2.7036337329980142,-0.1351816866499007,0.32659316062927246,0.050667037963867755,0.00011144638061519885,-0.00025177001953125,0.2579561934291571,-0.04656608349835977,0,20.0,1.6107829525758286,-3.207771628393153,11.531208890940519,6.50445444985891,,,,,,,off,5.0,legged_eval-seed1,,n/a,settle,0.0,auto,off,,,,,0,WALK,first,on,1000,1,deterministic,20.0,1,200,lo,1.0,0.42,0.5,0.05,dead-reckoned-heading-hold,hold,2.0,0.1,2.649,0.5676
2,sphere_bump_lips,4,0,1,1,heading-only,0.04,1.2665771484375057,1.4055473327636712,0.6514885644840264,2.326742708306883,13.596424174684106,0,roll,5.9,-0.6471466343497525,-0.1096858702287716,0.32907605171203613,0.04518256753178062,-0.10075468936208963,-0.6038818359375,0.40279777742020145,-0.042369871456746006,1,5.9,91.39957709985049,0.25551863358030863,91.39957709985049,10.730271553149223,,,,,,,off,5.0,legged_eval-seed1,,n/a,settle,0.0,auto,off,,,,,0,WALK,first,on,1000,1,deterministic,20.0,1,200,lo,1.0,0.42,0.5,0.05,dead-reckoned-heading-hold,hold,2.0,0.1,2.649,0.5676
2,sphere_bump_lips,5,0,1,1,heading-only,0.04,2.4422149658203125,1.38167495727539,1.5691748997790131,1.2122982487122747,12.123563184656824,0,roll,7.5200000000000005,13.290237024148212,1.7673187532111982,0.3239588737487793,0.19178390502929688,-0.08222407483040027,-0.6139621734619141,0.761299218930857,0.1608348269426705,1,7.5200000000000005,90.2920638785033,-12.720611498583612,90.2920638785033,13.195920704231948,,,,,,,off,5.0,legged_eval-seed1,,n/a,settle,0.0,auto,off,,,,,0,WALK,first,on,1000,1,deterministic,20.0,1,200,lo,1.0,0.42,0.5,0.05,dead-reckoned-heading-hold,hold,2.0,0.1,2.649,0.5676
2,sphere_bump_lips,6,0,1,1,heading-only,0.04,1.2003723144531477,2.7191326141357415,0.7465258073991925,1.4647207317668336,12.969580136264835,0,roll,3.64,11.734256498606896,3.2236968402766197,0.32259440422058105,0.05504733913548015,0.19756390498234655,0.6910076141357422,0.43279772892612384,1.0221043347888246,1,3.64,-90.66174182796955,3.4255687675938127,90.66174182796955,11.603369211876982,,,,,,,off,5.0,legged_eval-seed1,,n/a,settle,0.0,auto,off,,,,,0,WALK,first,on,1000,1,deterministic,20.0,1,200,lo,1.0,0.42,0.5,0.05,dead-reckoned-heading-hold,hold,2.0,0.1,2.649,0.5676
2,sphere_bump_lips,7,0,0,1,heading-only,0.04,0.8686248779297046,1.3452178955078118,0.6678315858524542,0.9096010934099075,12.79813617740649,0,roll,1.94,-29.13183890311967,-15.01641180573179,0.3200114071369171,-0.06771913508778116,-0.3375165487073135,-0.6690578460693359,0.4520423824774543,3.8701886476494005,1,1.94,93.17152212375265,10.406322636215002,93.17152212375265,16.308981920341644,,,,,,,off,5.0,legged_eval-seed1,,n/a,settle,0.0,auto,off,,,,,0,WALK,first,on,1000,1,deterministic,20.0,1,200,lo,1.0,0.42,0.5,0.05,dead-reckoned-heading-hold,hold,2.0,0.1,2.649,0.5676
2,sphere_bump_lips,8,0,1,1,heading-only,0.04,1.8839233398437614,2.074950408935546,0.8870952792796022,0.6099117606745785,11.566319504164246,1,timeout,20.0,-5.518504482383179,-0.27592522411915893,0.3228710889816284,0.04419616699218807,0.003747520446777308,0.07701683044433594,0.28093115464818263,-0.10896428305725733,0,20.0,3.2141513015240553,-6.945280488470005,6.883339094812707,10.777439618323339,,,,,,,off,5.0,legged_eval-seed1,,n/a,settle,0.0,auto,off,,,,,0,WALK,first,on,1000,1,deterministic,20.0,1,200,lo,1.0,0.42,0.5,0.05,dead-reckoned-heading-hold,hold,2.0,0.1,2.649,0.5676
2,sphere_bump_lips,9,0,1,1,heading-only,0.04,2.899786376953159,2.142935943603515,1.9051558891677702,0.5593225999978855,10.251210172563452,0,roll,13.34,-2.971813598973739,-0.22277463260672706,0.33559077978134155,0.14241277188554416,0.010714838351088074,0.1403045654296875,0.7278713998947086,-0.027301981257923807,1,13.34,-86.5872676628332,5.439339774799468,86.5872676628332,18.887215851018762,,,,,,,off,5.0,legged_eval-seed1,,n/a,settle,0.0,auto,off,,,,,0,WALK,first,on,1000,1,deterministic,20.0,1,200,lo,1.0,0.42,0.5,0.05,dead-reckoned-heading-hold,hold,2.0,0.1,2.649,0.5676
3,forward_ramp_no_lips,0,0,1,1,heading-only,0.04,1.497481107711792,1.4790924072265597,0.7203000574338252,1.1245663145556457,9.217250060789846,0,roll,8.620000000000001,-29.019024560290262,-3.366476167087037,0.3393576145172119,0.05771242548860695,-0.06043011517093275,-0.5137710571289062,0.2956980236269622,-1.0180839361393093,1,8.620000000000001,88.88908987875904,13.09890975448163,88.88908987875904,14.825959507416663,,,,,,,off,5.0,legged_eval-seed1,,n/a,settle,0.0,auto,off,,,,,0,WALK,first,on,1000,1,deterministic,20.0,1,200,lo,1.0,0.42,0.5,0.05,dead-reckoned-heading-hold,hold,2.0,0.1,2.649,0.5676
3,forward_ramp_no_lips,1,0,1,1,heading-only,0.04,1.354245758056642,1.4648750305175753,0.6417544624423667,1.2420668959093677,9.510820540644685,0,roll,4.38,-14.619364471104518,-3.3377544454576524,0.3274679481983185,0.08087802695357124,-0.12217465056676363,-0.5337886810302734,0.24942906844633123,-0.7202797458171825,1,4.38,89.63078129470297,5.866617258572902,89.63078129470297,15.717483053156027,,,,,,,off,5.0,legged_eval-seed1,,n/a,settle,0.0,auto,off,,,,,0,WALK,first,on,1000,1,deterministic,20.0,1,200,lo,1.0,0.42,0.5,0.05,dead-reckoned-heading-hold,hold,2.0,0.1,2.649,0.5676
3,forward_ramp_no_lips,2,0,1,1,heading-only,0.04,1.8108245849609403,2.5862834930419893,1.00058225138696,0.8799961408989376,8.858597538665167,0,roll,7.8,-6.67598541712843,-0.8558955662985167,0.3521149754524231,0.10395186986678723,0.07516455038999864,0.5795326232910156,0.45844217409858834,-0.14370300124734273,1,7.8,-92.15250539395876,-3.535863286247783,92.15250539395876,16.286930877822464,,,,,,,off,5.0,legged_eval-seed1,,n/a,settle,0.0,auto,off,,,,,0,WALK,first,on,1000,1,deterministic,20.0,1,200,lo,1.0,0.42,0.5,0.05,dead-reckoned-heading-hold,hold,2.0,0.1,2.649,0.5676
3,forward_ramp_no_lips,3,0,1,1,heading-only,0.04,1.3613555908203239,1.3809268951415987,0.7168189256542592,1.1742468516431355,9.608608281892426,0,roll,3.54,0.087072159389038,0.024596655194643505,0.3313825726509094,0.10207785051421578,-0.17487940815209074,-0.6272010803222656,0.4069864017073904,0.0042055413193140346,1,3.54,88.1632843818482,4.890549155694546,88.1632843818482,11.42006145797213,,,,,,,off,5.0,legged_eval-seed1,,n/a,settle,0.0,auto,off,,,,,0,WALK,first,on,1000,1,deterministic,20.0,1,200,lo,1.0,0.42,0.5,0.05,dead-reckoned-heading-hold,hold,2.0,0.1,2.649,0.5676
3,forward_ramp_no_lips,4,0,0,1,heading-only,0.04,1.3309844970703182,2.518357086181638,0.6150161023059554,0.5452158371005845,8.93406579393138,0,roll,3.04,-8.201484640435154,-2.6978567896168273,0.32744210958480835,0.10887647929944677,0.17051219940185453,0.5266819000244141,0.3515442139077788,-0.43247617877681377,1,3.04,-88.34713641849974,1.3389782413198108,88.34713641849974,13.427095941343206,,,,,,,off,5.0,legged_eval-seed1,,n/a,settle,0.0,auto,off,,,,,0,WALK,first,on,1000,1,deterministic,20.0,1,200,lo,1.0,0.42,0.5,0.05,dead-reckoned-heading-hold,hold,2.0,0.1,2.649,0.5676
3,forward_ramp_no_lips,5,0,1,1,heading-only,0.04,1.543914794921875,2.736595916748044,0.9156510518231259,1.0279137216381347,9.235506393681304,0,roll,7.5200000000000005,47.698854484602265,6.342932777207747,0.3393481373786926,0.07232909506939826,0.09795158467394202,0.7314319610595703,0.3302975922876068,1.5305743987080707,1,7.5200000000000005,-88.50548352919614,9.918127874203597,88.50548352919614,17.745451460523583,,,,,,,off,5.0,legged_eval-seed1,,n/a,settle,0.0,auto,off,,,,,0,WALK,first,on,1000,1,deterministic,20.0,1,200,lo,1.0,0.42,0.5,0.05,dead-reckoned-heading-hold,hold,2.0,0.1,2.649,0.5676
3,forward_ramp_no_lips,6,0,1,1,heading-only,0.04,2.0066162109375227,1.755345153808591,1.0359209380484387,0.47591725532306545,8.996710952961461,0,roll,9.08,15.91666515328194,1.7529366908900814,0.3388932943344116,0.11086081618254656,-0.02694436632063977,-0.24618911743164062,0.4378751941844224,0.27597232176847963,1,9.08,86.0380089084899,-8.697050654659083,86.0380089084899,21.39959321373812,,,,,,,off,5.0,legged_eval-seed1,,n/a,settle,0.0,auto,off,,,,,0,WALK,first,on,1000,1,deterministic,20.0,1,200,lo,1.0,0.42,0.5,0.05,dead-reckoned-heading-hold,hold,2.0,0.1,2.649,0.5676
3,forward_ramp_no_lips,7,0,1,1,heading-only,0.04,1.3929473876953296,1.5785224914550753,0.5762386135151139,1.1737203247329997,10.215750893623273,0,roll,5.86,-30.80312993857038,-5.256506815455696,0.32740485668182373,0.06705586820739412,-0.07192448951278578,-0.4303455352783203,0.27038195022004513,-1.368162899620879,1,5.86,86.16601191001601,-3.8721851119635,86.16601191001601,12.656418416309094,,,,,,,off,5.0,legged_eval-seed1,,n/a,settle,0.0,auto,off,,,,,0,WALK,first,on,1000,1,deterministic,20.0,1,200,lo,1.0,0.42,0.5,0.05,dead-reckoned-heading-hold,hold,2.0,0.1,2.649,0.5676
3,forward_ramp_no_lips,8,0,1,1,heading-only,0.04,1.4734008789062614,1.498265075683591,0.6898161540787614,1.0126825119764191,10.03914477778842,0,roll,5.82,-2.881425072358894,-0.49509021861836666,0.33378866314888,0.08134035720038854,-0.08620874988254451,-0.5145435333251953,0.285954290111737,-0.10623206863994143,1,5.82,87.80430806698173,0.7653056932406198,87.80430806698173,14.269162084304144,,,,,,,off,5.0,legged_eval-seed1,,n/a,settle,0.0,auto,off,,,,,0,WALK,first,on,1000,1,deterministic,20.0,1,200,lo,1.0,0.42,0.5,0.05,dead-reckoned-heading-hold,hold,2.0,0.1,2.649,0.5676
3,forward_ramp_no_lips,9,0,1,1,heading-only,0.04,1.543310546875034,2.314810562133786,0.6279267794708544,0.9052006091294037,9.611846229461488,0,roll,6.84,38.31953100947658,5.602270615420553,0.3368760943412781,0.07943136650219797,0.046024935984471674,0.3025398254394531,0.3872653909292706,1.2309755217935474,1,6.84,-87.73183722433599,10.524132859976419,87.73183722433599,13.86701313548171,,,,,,,off,5.0,legged_eval-seed1,,n/a,settle,0.0,auto,off,,,,,0,WALK,first,on,1000,1,deterministic,20.0,1,200,lo,1.0,0.42,0.5,0.05,dead-reckoned-heading-hold,hold,2.0,0.1,2.649,0.5676
4,flush_a_frame,0,0,1,1,heading-only,0.04,1.471328854560852,2.7439140319824205,0.8806582629612842,1.3184313966776766,12.650562951372073,0,roll,8.42,22.764223026776392,2.703589433108835,0.3439295291900635,0.05597729864143136,0.08835083515230646,0.7324447631835938,0.2686635179017761,0.8429584559293337,1,8.42,-87.10230002682002,-1.4075461912805147,87.10230002682002,14.186049063867415,,,,,,,off,5.0,legged_eval-seed1,,n/a,settle,0.0,auto,off,,,,,0,WALK,first,on,1000,1,deterministic,20.0,1,200,lo,1.0,0.42,0.5,0.05,dead-reckoned-heading-hold,hold,2.0,0.1,2.649,0.5676
4,flush_a_frame,1,0,1,1,heading-only,0.04,1.5753684997558608,2.8709663391113267,1.0438540484072936,1.4839509008159992,12.754404305214356,0,roll,5.82,3.923248034352895,0.6740976004042775,0.3343407213687897,0.09886056696836096,0.1496505737304685,0.8280525207519531,0.5225970090354288,0.11900824532609658,1,5.82,-90.56381960924689,1.0380496760944575,90.56381960924689,7.232956777485764,,,,,,,off,5.0,legged_eval-seed1,,n/a,settle,0.0,auto,off,,,,,0,WALK,first,on,1000,1,deterministic,20.0,1,200,lo,1.0,0.42,0.5,0.05,dead-reckoned-heading-hold,hold,2.0,0.1,2.649,0.5676
4,flush_a_frame,2,0,1,1,heading-only,0.04,1.7037078857421903,2.7074035644531236,0.9978098974537826,1.213629933757548,11.617848794083988,0,roll,5.8,1.8541850353231268,0.31968707505571153,0.33938437700271606,0.12132894581761902,0.12196613180226269,0.6991691589355469,0.47989327067338333,0.04598731158663169,1,5.8,-90.4479932227748,-9.227827089740408,90.4479932227748,17.85783234751323,,,,,,,off,5.0,legged_eval-seed1,,n/a,settle,0.0,auto,off,,,,,0,WALK,first,on,1000,1,deterministic,20.0,1,200,lo,1.0,0.42,0.5,0.05,dead-reckoned-heading-hold,hold,2.0,0.1,2.649,0.5676
4,flush_a_frame,3,0,1,1,heading-only,0.04,1.6494033813476676,1.487234497070311,0.827437739470784,1.0876908729926178,13.060666160796488,0,roll,7.34,-4.668671418903898,-0.6360587764174248,0.33232057094573975,0.08847457511548605,-0.06985906034464427,-0.5162239074707031,0.29298401504899535,-0.125474689990881,1,7.34,92.4083945871943,0.2647117513764462,92.4083945871943,18.145102701067955,,,,,,,off,5.0,legged_eval-seed1,,n/a,settle,0.0,auto,off,,,,,0,WALK,first,on,1000,1,deterministic,20.0,1,200,lo,1.0,0.42,0.5,0.05,dead-reckoned-heading-hold,hold,2.0,0.1,2.649,0.5676
4,flush_a_frame,4,0,1,1,heading-only,0.04,1.4680694580078182,2.7086853027343736,0.8493078804717659,1.241822086235503,12.751638725451123,0,roll,3.74,5.319591299250533,1.4223506147728697,0.3339058458805084,0.1251522614994166,0.18948804885945816,0.7110252380371094,0.4702101929243053,0.1983559949147846,1,3.74,-86.48046950147159,6.5242980474652486,86.48046950147159,10.360422786271744,,,,,,,off,5.0,legged_eval-seed1,,n/a,settle,0.0,auto,off,,,,,0,WALK,first,on,1000,1,deterministic,20.0,1,200,lo,1.0,0.42,0.5,0.05,dead-reckoned-heading-hold,hold,2.0,0.1,2.649,0.5676
4,flush_a_frame,5,0,1,1,heading-only,0.04,1.7373046875,2.6895393371582017,1.009496260368529,1.324735522905916,13.18074399975958,0,roll,8.120000000000001,13.763179026969908,1.6949727865726485,0.36253151297569275,0.09080106988916255,0.08491863758105932,0.6883430480957031,0.2621827888521018,0.32579853842588563,1,8.120000000000001,-86.40611620766128,6.315194721465343,86.40611620766128,26.11588369417732,,,,,,,off,5.0,legged_eval-seed1,,n/a,settle,0.0,auto,off,,,,,0,WALK,first,on,1000,1,deterministic,20.0,1,200,lo,1.0,0.42,0.5,0.05,dead-reckoned-heading-hold,hold,2.0,0.1,2.649,0.5676
4,flush_a_frame,6,0,0,1,heading-only,0.04,0.9742370605468977,2.541658782958983,0.5422711187274045,0.7548648260840964,14.236071278504953,0,roll,2.56,3.67929370112995,1.4372241020038867,0.3257932960987091,-0.010063648223868071,0.21158546209335272,0.5345878601074219,0.33189208531127795,-2.492564536337225,1,2.56,-89.5187688342843,0.7714493880807362,89.5187688342843,11.996921467984524,,,,,,,off,5.0,legged_eval-seed1,,n/a,settle,0.0,auto,off,,,,,0,WALK,first,on,1000,1,deterministic,20.0,1,200,lo,1.0,0.42,0.5,0.05,dead-reckoned-heading-hold,hold,2.0,0.1,2.649,0.5676
4,flush_a_frame,7,0,1,1,heading-only,0.04,1.659899902343767,2.4409469604492173,0.7936637216370148,1.1167689795073021,12.048171835739705,0,roll,7.54,7.460853714790943,0.9895031451977379,0.33262068033218384,0.08751988094744921,0.05848102923729673,0.4721946716308594,0.29254146053618824,0.19732759751935405,1,7.54,-89.97056447511969,2.0828000427334663,89.97056447511969,20.184467380580895,,,,,,,off,5.0,legged_eval-seed1,,n/a,settle,0.0,auto,off,,,,,0,WALK,first,on,1000,1,deterministic,20.0,1,200,lo,1.0,0.42,0.5,0.05,dead-reckoned-heading-hold,hold,2.0,0.1,2.649,0.5676
4,flush_a_frame,8,0,0,1,heading-only,0.04,1.2153747558593864,1.4731620788574205,0.5691612079326253,0.5988069177589206,12.595648086963026,0,roll,3.56,-5.955239805541794,-1.6728201700960095,0.33719679713249207,0.06049852692679392,-0.14798818009623022,-0.5289154052734375,0.31452662387923686,-0.4825938951749314,1,3.56,89.1326735257804,4.829981380359762,89.1326735257804,16.76320160380541,,,,,,,off,5.0,legged_eval-seed1,,n/a,settle,0.0,auto,off,,,,,0,WALK,first,on,1000,1,deterministic,20.0,1,200,lo,1.0,0.42,0.5,0.05,dead-reckoned-heading-hold,hold,2.0,0.1,2.649,0.5676
4,flush_a_frame,9,0,1,1,heading-only,0.04,1.467474365234409,2.887972259521483,1.0035073571384525,1.3242422377316632,12.563944186430325,0,roll,6.26,21.60349841301914,3.4510380851468274,0.3284686803817749,0.07467641617163084,0.1418486037574254,0.8805580139160156,0.39247097966746114,0.8065729488021995,1,6.26,-88.33745551068799,-2.2332363910466855,88.33745551068799,19.102816815214847,,,,,,,off,5.0,legged_eval-seed1,,n/a,settle,0.0,auto,off,,,,,0,WALK,first,on,1000,1,deterministic,20.0,1,200,lo,1.0,0.42,0.5,0.05,dead-reckoned-heading-hold,hold,2.0,0.1,2.649,0.5676
5,sphere_bump,0,0,0,1,heading-only,0.04,1.0623594522476196,2.023357391357422,0.06659030721994695,0.43826341025464044,14.887658870581763,1,timeout,20.0,-13.208595529860446,-0.6604297764930223,0.3398705720901489,0.0031179726123809815,0.0011678695678710937,0.021244049072265625,0.09153524567787841,-3.6968490461535386,0,20.0,6.515649878893343,2.4866677149821776,11.764992329433225,8.530736130346185,,,,,,,off,5.0,legged_eval-seed1,,n/a,settle,0.0,auto,off,,,,,0,WALK,first,on,1000,1,deterministic,20.0,1,200,lo,1.0,0.42,0.5,0.05,dead-reckoned-heading-hold,hold,2.0,0.1,2.649,0.5676
5,sphere_bump,1,0,1,1,heading-only,0.04,2.1970230102539077,1.3567276000976562,1.3589199636304736,1.128739627420123,13.368462659152879,0,roll,8.120000000000001,-0.7240318428815442,-0.08916648311349065,0.333067923784256,0.14741662687856005,-0.07922073890422951,-0.6160011291503906,0.3866210531423011,-0.010556805875339657,1,8.120000000000001,90.41935598042564,-1.2407868710744707,90.41935598042564,15.293719058449787,,,,,,,off,5.0,legged_eval-seed1,,n/a,settle,0.0,auto,off,,,,,0,WALK,first,on,1000,1,deterministic,20.0,1,200,lo,1.0,0.42,0.5,0.05,dead-reckoned-heading-hold,hold,2.0,0.1,2.649,0.5676
5,sphere_bump,2,0,1,1,heading-only,0.04,1.173579406738284,1.4741783142089844,0.5537312124954853,1.7780379782784472,14.18616894310452,0,roll,2.9,-10.334716996736262,-3.5636955161159523,0.3216758966445923,0.05985496784078762,-0.1813178226865571,-0.5405654907226562,0.31601309387627796,-1.0391488382422553,1,2.9,87.5402019783402,-0.15015672419459014,87.5402019783402,14.944465667206009,,,,,,,off,5.0,legged_eval-seed1,,n/a,settle,0.0,auto,off,,,,,0,WALK,first,on,1000,1,deterministic,20.0,1,200,lo,1.0,0.42,0.5,0.05,dead-reckoned-heading-hold,hold,2.0,0.1,2.649,0.5676
5,sphere_bump,3,0,1,1,heading-only,0.04,2.3177383422851676,1.5423126220703125,1.3949595243750315,0.7440860146864718,12.3407518138183,0,roll,10.540000000000001,3.72957118886319,0.35384925890542596,0.3390626013278961,0.12502261312003488,-0.04342384989845232,-0.4686851501464844,0.7453096491732899,0.049397740692814496,1,10.540000000000001,91.30322567365593,-1.3339651185527086,91.30322567365593,12.980091326106376,,,,,,,off,5.0,legged_eval-seed1,,n/a,settle,0.0,auto,off,,,,,0,WALK,first,on,1000,1,deterministic,20.0,1,200,lo,1.0,0.42,0.5,0.05,dead-reckoned-heading-hold,hold,2.0,0.1,2.649,0.5676
5,sphere_bump,4,0,0,1,heading-only,0.04,1.2347320556640682,2.685649871826172,0.724717106664059,0.7351753729739979,13.332909516538225,0,roll,2.74,-6.49105293044849,-2.3689974198717114,0.3209656774997711,0.08566863345403948,0.25023717949860286,0.6730232238769531,0.4919870767613453,-0.4826364479152586,1,2.74,-87.84194628995635,-11.15261628494317,87.84194628995635,11.891099130157588,,,,,,,off,5.0,legged_eval-seed1,,n/a,settle,0.0,auto,off,,,,,0,WALK,first,on,1000,1,deterministic,20.0,1,200,lo,1.0,0.42,0.5,0.05,dead-reckoned-heading-hold,hold,2.0,0.1,2.649,0.5676
5,sphere_bump,5,0,0,1,heading-only,0.04,1.0518798828125,1.2905540466308594,0.71134034258749,0.8391216837741637,13.167246339942995,0,roll,1.86,-0.46336230940383416,-0.24911952118485706,0.30865615606307983,0.02789241011424731,-0.38142255557480675,-0.7091560363769531,0.46247392684896943,-0.15588311866412025,1,1.86,86.38916756009282,3.095739708236273,86.38916756009282,9.830617975875958,,,,,,,off,5.0,legged_eval-seed1,,n/a,settle,0.0,auto,off,,,,,0,WALK,first,on,1000,1,deterministic,20.0,1,200,lo,1.0,0.42,0.5,0.05,dead-reckoned-heading-hold,hold,2.0,0.1,2.649,0.5676
5,sphere_bump,6,0,1,1,heading-only,0.04,1.5378356933593977,2.4839515686035156,0.7235166575865323,1.3325142963664387,12.521520065755801,0,roll,6.36,-1.4654849513727868,-0.2304221621655325,0.3296016454696655,0.08456536059110027,0.07609301393137037,0.48802947998046875,0.3634757286980122,-0.0475564151946168,1,6.36,-89.2918762025791,-7.346744088345103,89.2918762025791,8.685914342406857,,,,,,,off,5.0,legged_eval-seed1,,n/a,settle,0.0,auto,off,,,,,0,WALK,first,on,1000,1,deterministic,20.0,1,200,lo,1.0,0.42,0.5,0.05,dead-reckoned-heading-hold,hold,2.0,0.1,2.649,0.5676
5,sphere_bump,7,0,0,1,heading-only,0.04,1.7393829345703296,1.2144851684570312,1.0787588583681762,0.8211806987122148,12.036276660286758,0,roll,10.06,-23.819264380188827,-2.3677201173149927,0.331196665763855,0.07349730959943633,-0.07808298524283983,-0.7575912475585938,0.3485886131318259,-0.5622588369298616,1,10.06,90.02982426515159,15.343484359329658,90.02982426515159,19.60119245756595,,,,,,,off,5.0,legged_eval-seed1,,n/a,settle,0.0,auto,off,,,,,0,WALK,first,on,1000,1,deterministic,20.0,1,200,lo,1.0,0.42,0.5,0.05,dead-reckoned-heading-hold,hold,2.0,0.1,2.649,0.5676
5,sphere_bump,8,0,1,1,heading-only,0.04,4.614331054687511,2.1522216796875,3.6175351294279676,1.690868415513995,8.786987552989633,1,timeout,20.0,-14.510377773764219,-0.7255188886882109,0.3411462903022766,0.18071655273437556,0.007611083984375,0.15820693969726562,1.5343205747754138,-0.07006936111509199,0,20.0,0.6012333147362164,-1.4761358832719647,12.726447992809572,8.253153333693923,,,,,,,off,5.0,legged_eval-seed1,,n/a,settle,0.0,auto,off,,,,,0,WALK,first,on,1000,1,deterministic,20.0,1,200,lo,1.0,0.42,0.5,0.05,dead-reckoned-heading-hold,hold,2.0,0.1,2.649,0.5676
5,sphere_bump,9,0,1,1,heading-only,0.04,2.116796875000034,1.6691055297851562,1.1647859934033393,1.2165408540966693,11.138119364279042,0,roll,11.42,-5.11637611702335,-0.4480189244328678,0.3341906666755676,0.09779307136602751,-0.02897499739184271,-0.3367462158203125,0.37648041174662006,-0.07995868453021722,1,11.42,89.5033437766859,-5.097283818677546,89.5033437766859,14.360854711395842,,,,,,,off,5.0,legged_eval-seed1,,n/a,settle,0.0,auto,off,,,,,0,WALK,first,on,1000,1,deterministic,20.0,1,200,lo,1.0,0.42,0.5,0.05,dead-reckoned-heading-hold,hold,2.0,0.1,2.649,0.5676
6,box_jump_even,0,0,1,1,heading-only,0.04,1.222502589225769,2.7570014953613224,0.7890238692152789,1.5412461325811198,10.255474369885231,0,roll,3.6,-5.604727432269641,-1.5568687311860114,0.3248385488986969,0.06180627478493585,0.2102781931559229,0.7304573059082031,0.5507908582045457,-0.43963959120806323,1,3.6,-88.91966941693673,-0.9664124552573502,88.91966941693673,27.015369979449023,,,,,,,off,5.0,legged_eval-seed1,,n/a,settle,0.0,auto,off,,,,,0,WALK,first,on,1000,1,deterministic,20.0,1,200,lo,1.0,0.42,0.5,0.05,dead-reckoned-heading-hold,hold,2.0,0.1,2.649,0.5676
6,box_jump_even,1,0,2,1,heading-only,0.04,3.1922737121582045,1.6559654235839787,2.21910428299115,0.9108174502916743,8.065067434283886,0,below,9.700000000000001,16.803743727595815,1.7323447141851354,0.33145976066589355,0.22600759919156746,-0.03546748210474446,-0.3540534973144531,0.766833215219684,0.13377921428395417,1,9.700000000000001,45.63820187274465,65.73260013873464,45.63820187274465,65.73260013873464,,,,,,,off,5.0,legged_eval-seed1,,n/a,settle,0.0,auto,off,,,,,0,WALK,first,on,1000,1,deterministic,20.0,1,200,lo,1.0,0.42,0.5,0.05,dead-reckoned-heading-hold,hold,2.0,0.1,2.649,0.5676
6,box_jump_even,2,0,2,1,heading-only,0.04,3.1597702026367216,2.308206176757807,2.1816503788620967,0.7545354755622413,8.345922604494842,0,below,10.14,-54.59795521623394,-5.384413729411631,0.33336585760116577,0.21299508901742814,0.03039508646526694,0.32686614990234375,1.6605306947350749,-0.4412108668859051,1,10.14,-76.73306984962528,69.18897735623968,76.73306984962528,69.18897735623968,,,,,,,off,5.0,legged_eval-seed1,,n/a,settle,0.0,auto,off,,,,,0,WALK,first,on,1000,1,deterministic,20.0,1,200,lo,1.0,0.42,0.5,0.05,dead-reckoned-heading-hold,hold,2.0,0.1,2.649,0.5676
6,box_jump_even,3,0,0,1,heading-only,0.04,0.8340194702148551,2.5996032714843693,0.6221524085322789,0.8961328859201969,10.533060836527762,0,roll,1.78,4.662527764453245,2.6193976204793508,0.31722405552864075,-0.09324748864333982,0.3368557704968367,0.5731887817382812,0.38629320832095587,-0.49027714913730125,1,1.78,-91.42912308584215,0.5144508780169867,91.42912308584215,20.595002679425274,,,,,,,off,5.0,legged_eval-seed1,,n/a,settle,0.0,auto,off,,,,,0,WALK,first,on,1000,1,deterministic,20.0,1,200,lo,1.0,0.42,0.5,0.05,dead-reckoned-heading-hold,hold,2.0,0.1,2.649,0.5676
6,box_jump_even,4,0,0,1,heading-only,0.04,0.8414215087890682,2.6325317382812443,0.6521069987416391,0.9131385595947419,11.376176938714185,0,roll,1.6,18.164413733927404,11.352758583704627,0.3089364767074585,-0.09911155700683238,0.3953323364257777,0.6189613342285156,0.4422657203478437,-1.999191844559911,1,1.6,-90.16802367580162,12.444681888034982,90.16802367580162,18.088341858959858,,,,,,,off,5.0,legged_eval-seed1,,n/a,settle,0.0,auto,off,,,,,0,WALK,first,on,1000,1,deterministic,20.0,1,200,lo,1.0,0.42,0.5,0.05,dead-reckoned-heading-hold,hold,2.0,0.1,2.649,0.5676
6,box_jump_even,5,0,0,1,heading-only,0.04,0.7349700927734375,1.408158874511713,0.6484726436356144,0.9672366188117182,11.380429724310646,0,roll,2.14,-21.038271053810746,-9.830967782154554,0.30618998408317566,-0.12384575104044976,-0.2765612735926574,-0.5817680358886719,0.4229206306267552,1.3854553346770877,1,2.14,92.36711993987379,1.14539734221349,92.36711993987379,13.067564781803494,,,,,,,off,5.0,legged_eval-seed1,,n/a,settle,0.0,auto,off,,,,,0,WALK,first,on,1000,1,deterministic,20.0,1,200,lo,1.0,0.42,0.5,0.05,dead-reckoned-heading-hold,hold,2.0,0.1,2.649,0.5676
6,box_jump_even,6,0,2,1,heading-only,0.04,3.0957885742187727,2.069944000244135,2.0969553907978367,0.8872366278137409,8.704492444012507,0,below,9.58,21.095292993154885,2.202013882375249,0.324249267578125,0.2187670745531078,0.007301043866819931,0.05803680419921875,0.7344770766471096,0.17567722428331597,1,9.58,26.91040284979454,61.57426744946867,26.91040284979454,66.31160444670087,,,,,,,off,5.0,legged_eval-seed1,,n/a,settle,0.0,auto,off,,,,,0,WALK,first,on,1000,1,deterministic,20.0,1,200,lo,1.0,0.42,0.5,0.05,dead-reckoned-heading-hold,hold,2.0,0.1,2.649,0.5676
6,box_jump_even,7,0,0,1,heading-only,0.04,1.0237457275390796,2.57687149047851,0.5773600056318915,0.7480633987598766,10.791683689826105,0,roll,1.8800000000000001,4.0320625887586345,2.1447141429567202,0.3163139820098877,0.012630706137808272,0.3068465374885691,0.5800094604492188,0.37120179022133926,2.963597038857126,1,1.8800000000000001,-87.70655615622503,1.3702975088029827,87.70655615622503,12.099570198499771,,,,,,,off,5.0,legged_eval-seed1,,n/a,settle,0.0,auto,off,,,,,0,WALK,first,on,1000,1,deterministic,20.0,1,200,lo,1.0,0.42,0.5,0.05,dead-reckoned-heading-hold,hold,2.0,0.1,2.649,0.5676
6,box_jump_even,8,0,1,1,heading-only,0.04,2.5774047851562614,2.87319717407226,1.802963993273757,0.8270597882960603,9.612338552717366,0,roll,5.76,-19.781138671822333,-3.434225463858044,0.33260488510131836,0.27385499742296204,0.15159673160976736,0.8447265625,0.8300112133960047,-0.21886962868739931,1,5.76,-89.11822465827257,-9.401928890640335,89.11822465827257,11.465221255436246,,,,,,,off,5.0,legged_eval-seed1,,n/a,settle,0.0,auto,off,,,,,0,WALK,first,on,1000,1,deterministic,20.0,1,200,lo,1.0,0.42,0.5,0.05,dead-reckoned-heading-hold,hold,2.0,0.1,2.649,0.5676
6,box_jump_even,9,0,1,1,heading-only,0.04,2.255773925781284,3.297338104248041,1.8055620480631618,1.2911102610067313,10.028495319433771,0,roll,6.12,-9.657961626185198,-1.578098304932222,0.32778921723365784,0.2051918179381183,0.211983350367327,1.2665939331054688,0.8024752994562687,-0.1342305537227374,1,6.12,-88.48952162077076,40.21927310163834,88.48952162077076,40.21927310163834,,,,,,,off,5.0,legged_eval-seed1,,n/a,settle,0.0,auto,off,,,,,0,WALK,first,on,1000,1,deterministic,20.0,1,200,lo,1.0,0.42,0.5,0.05,dead-reckoned-heading-hold,hold,2.0,0.1,2.649,0.5676
7,box_jump_uneven,0,0,0,1,heading-only,0.04,0.8179343342781067,1.4109870910644489,0.6165096216017039,0.9011935304080747,11.497163483174546,0,roll,1.54,0.5354971557981685,0.34772542584296656,0.3045254349708557,-0.11822445826096968,-0.38247591489321503,-0.5627479553222656,0.3755833914812373,-0.051334162686222554,1,1.54,90.62468929703496,0.2244453067119318,90.62468929703496,12.599421393496478,,,,,,,off,5.0,legged_eval-seed1,,n/a,settle,0.0,auto,off,,,,,0,WALK,first,on,1000,1,deterministic,20.0,1,200,lo,1.0,0.42,0.5,0.05,dead-reckoned-heading-hold,hold,2.0,0.1,2.649,0.5676
7,box_jump_uneven,1,0,2,1,heading-only,0.04,3.650533294677736,2.697119903564449,2.7406756295010397,0.9857818349777844,8.976576767878582,0,roll,14.24,-39.19103669789604,-2.7521795433915757,0.36892685294151306,0.18613295608691965,0.04895504940761579,0.6979904174804688,1.4949739445316312,-0.25806603864275457,1,14.24,-88.56771355797714,35.544210074696565,88.56771355797714,35.544210074696565,,,,,,,off,5.0,legged_eval-seed1,,n/a,settle,0.0,auto,off,,,,,0,WALK,first,on,1000,1,deterministic,20.0,1,200,lo,1.0,0.42,0.5,0.05,dead-reckoned-heading-hold,hold,2.0,0.1,2.649,0.5676
7,box_jump_uneven,2,0,1,1,heading-only,0.04,1.630244445800784,1.467585754394527,0.8250290845699819,1.0760122488625172,10.633093292164268,0,roll,10.88,-22.39736997136663,-2.0585817988388446,0.3372676968574524,0.05792687920963089,-0.04893513286815009,-0.5065498352050781,0.21272370158776568,-0.6202479885260568,1,10.88,91.97575069366242,-0.4783763536826723,91.97575069366242,24.71805536528001,,,,,,,off,5.0,legged_eval-seed1,,n/a,settle,0.0,auto,off,,,,,0,WALK,first,on,1000,1,deterministic,20.0,1,200,lo,1.0,0.42,0.5,0.05,dead-reckoned-heading-hold,hold,2.0,0.1,2.649,0.5676
7,box_jump_uneven,3,0,1,1,heading-only,0.04,1.4541748046875114,2.6879150390624957,0.8243190245173855,1.370270184302698,11.51638936568879,0,roll,7.640000000000001,55.525402490961994,7.26772283913115,0.32863032817840576,0.059446963964333945,0.09004123547938425,0.6816940307617188,0.3805319103225095,2.1337623354715247,1,7.640000000000001,-90.32946000210787,12.512305152910178,90.32946000210787,18.472392843280854,,,,,,,off,5.0,legged_eval-seed1,,n/a,settle,0.0,auto,off,,,,,0,WALK,first,on,1000,1,deterministic,20.0,1,200,lo,1.0,0.42,0.5,0.05,dead-reckoned-heading-hold,hold,2.0,0.1,2.649,0.5676
7,box_jump_uneven,4,0,1,1,heading-only,0.04,1.6172698974609432,2.8902809143066364,1.0833384663576309,1.1911353291984117,10.968919162859327,0,roll,6.3,0.6507153861533084,0.10328815653227118,0.33827632665634155,0.09797934880332432,0.14131443084232323,0.8843345642089844,0.5588516005921852,0.018398962963328623,1,6.3,-87.12722916377516,2.5497793519973535,87.12722916377516,12.28899354564398,,,,,,,off,5.0,legged_eval-seed1,,n/a,settle,0.0,auto,off,,,,,0,WALK,first,on,1000,1,deterministic,20.0,1,200,lo,1.0,0.42,0.5,0.05,dead-reckoned-heading-hold,hold,2.0,0.1,2.649,0.5676
7,box_jump_uneven,5,0,1,1,heading-only,0.04,1.3100738525390625,2.5928756713867145,0.6690645378068275,1.2996583374609623,11.355413977112002,0,roll,7.92,43.487990194515675,5.490907852842888,0.33464908599853516,0.039150738956952334,0.07485803931650435,0.5951042175292969,0.25764291263859057,2.447831727035705,1,7.92,-87.45441059325857,-2.084814671158403,87.45441059325857,20.178168307590862,,,,,,,off,5.0,legged_eval-seed1,,n/a,settle,0.0,auto,off,,,,,0,WALK,first,on,1000,1,deterministic,20.0,1,200,lo,1.0,0.42,0.5,0.05,dead-reckoned-heading-hold,hold,2.0,0.1,2.649,0.5676
7,box_jump_uneven,6,0,1,1,heading-only,0.04,1.5176635742187727,2.672480773925777,0.8486494961836523,1.1425866719213296,10.753384376439373,0,roll,5.72,15.033534899767432,2.6282403670922085,0.3234859108924866,0.09050062486342181,0.11756656886814283,0.6727867126464844,0.33089535186449026,0.5068633283892784,1,5.72,-89.89754040304642,-6.3904753363726865,89.89754040304642,18.806301879392876,,,,,,,off,5.0,legged_eval-seed1,,n/a,settle,0.0,auto,off,,,,,0,WALK,first,on,1000,1,deterministic,20.0,1,200,lo,1.0,0.42,0.5,0.05,dead-reckoned-heading-hold,hold,2.0,0.1,2.649,0.5676
7,box_jump_uneven,7,0,1,1,heading-only,0.04,1.494036865234392,1.2530815124511676,0.8955219993126133,1.2263360665932967,10.133527426729728,0,roll,6.6000000000000005,-21.595084764144985,-3.271982540021967,0.3303155303001404,0.07485407049005939,-0.11316946781042914,-0.73907470703125,0.2602069809617044,-0.7629093250010264,1,6.6000000000000005,87.3244889005678,-0.27194440909209017,87.3244889005678,18.588835999782184,,,,,,,off,5.0,legged_eval-seed1,,n/a,settle,0.0,auto,off,,,,,0,WALK,first,on,1000,1,deterministic,20.0,1,200,lo,1.0,0.42,0.5,0.05,dead-reckoned-heading-hold,hold,2.0,0.1,2.649,0.5676
7,box_jump_uneven,8,0,0,1,heading-only,0.04,0.9642150878906364,1.4095756530761676,0.5915077931651526,0.797286887816721,12.000318365309672,0,roll,1.86,-12.132703470383149,-6.5229588550447035,0.3157115876674652,-0.01923920005879765,-0.3174324445827056,-0.6431503295898438,0.44322886051092686,5.917455437061683,1,1.86,87.16920049325091,6.605531518578422,87.16920049325091,10.637123361858405,,,,,,,off,5.0,legged_eval-seed1,,n/a,settle,0.0,auto,off,,,,,0,WALK,first,on,1000,1,deterministic,20.0,1,200,lo,1.0,0.42,0.5,0.05,dead-reckoned-heading-hold,hold,2.0,0.1,2.649,0.5676
7,box_jump_uneven,9,0,1,1,heading-only,0.04,1.344488525390659,1.551722717285152,0.5653537532590003,1.1501204095930018,11.913947960027897,0,roll,10.36,-31.711846105226385,-3.0609890062959835,0.3333013355731964,0.03325178816512154,-0.04327000798405869,-0.4490814208984375,0.2675352973789706,-1.606660557980223,1,10.36,89.83781959485036,-0.193615978473507,89.83781959485036,17.001001286461626,,,,,,,off,5.0,legged_eval-seed1,,n/a,settle,0.0,auto,off,,,,,0,WALK,first,on,1000,1,deterministic,20.0,1,200,lo,1.0,0.42,0.5,0.05,dead-reckoned-heading-hold,hold,2.0,0.1,2.649,0.5676
8,flat_circle_jump,0,0,1,1,heading-only,0.04,2.4095540046691895,2.9618423461914034,1.706453395497789,1.1118833939715245,6.462425296911879,0,roll,12.120000000000001,-29.260923105171486,-2.414267582934941,0.3219362497329712,0.116299835368745,0.07935992955374616,0.9587631225585938,1.004262992151127,-0.3623127944487536,1,12.120000000000001,-89.10156745639104,38.2636956146579,89.10156745639104,38.2636956146579,,,,,,,off,5.0,legged_eval-seed1,,n/a,settle,0.0,auto,off,,,,,0,WALK,first,on,1000,1,deterministic,20.0,1,200,lo,1.0,0.42,0.5,0.05,dead-reckoned-heading-hold,hold,2.0,0.1,2.649,0.5676
8,flat_circle_jump,1,0,0,1,heading-only,0.04,1.1979804992675795,1.3520172119140597,0.6775529291102421,0.7149108143525941,8.12789035875264,0,roll,2.2600000000000002,11.113439693221665,4.9174511916910015,0.318359911441803,0.08760199082636262,-0.2867180478256373,-0.6612091064453125,0.4679919794746443,0.9797233292476583,1,2.2600000000000002,86.0454542582233,-4.401920510330127,86.0454542582233,12.414773689658999,,,,,,,off,5.0,legged_eval-seed1,,n/a,settle,0.0,auto,off,,,,,0,WALK,first,on,1000,1,deterministic,20.0,1,200,lo,1.0,0.42,0.5,0.05,dead-reckoned-heading-hold,hold,2.0,0.1,2.649,0.5676
8,flat_circle_jump,2,0,1,1,heading-only,0.04,2.034419250488284,2.1357086181640597,1.0432832859893528,0.8171556146268201,7.816758873163624,1,timeout,20.0,-47.63510148105928,-2.381755074052964,0.31933194398880005,0.0517209625244142,0.006785430908202983,0.13515472412109375,0.9466078679383171,-0.8037257233695769,0,20.0,-64.97169067875477,20.32761781052993,73.83954641613362,26.40032657258834,,,,,,,off,5.0,legged_eval-seed1,,n/a,settle,0.0,auto,off,,,,,0,WALK,first,on,1000,1,deterministic,20.0,1,200,lo,1.0,0.42,0.5,0.05,dead-reckoned-heading-hold,hold,2.0,0.1,2.649,0.5676
8,flat_circle_jump,3,0,1,1,heading-only,0.04,2.08386688232423,1.8801391601562472,1.0904742268973147,0.6726402393390142,8.167012716809557,1,timeout,20.0,-20.211335063327226,-1.0105667531663614,0.3265029489994049,0.0541933441162115,-0.005993041992187642,-0.14128875732421875,0.5122314868990383,-0.3254591028027306,0,20.0,-14.073243857068062,47.906009110787586,21.379476605831858,47.919418965154975,,,,,,,off,5.0,legged_eval-seed1,,n/a,settle,0.0,auto,off,,,,,0,WALK,first,on,1000,1,deterministic,20.0,1,200,lo,1.0,0.42,0.5,0.05,dead-reckoned-heading-hold,hold,2.0,0.1,2.649,0.5676
8,flat_circle_jump,4,0,1,1,heading-only,0.04,1.8676971435546932,2.1539505004882784,0.8812485968973598,0.846421172613014,9.233586344954416,1,timeout,20.0,-3.8466539964882145,-0.19233269982441073,0.330782949924469,0.04338485717773466,0.007697525024413921,0.1646881103515625,0.3385445552270018,-0.0773735143908376,0,20.0,-7.720465087946421,8.38756200702654,15.16737748898893,9.110935437235362,,,,,,,off,5.0,legged_eval-seed1,,n/a,settle,0.0,auto,off,,,,,0,WALK,first,on,1000,1,deterministic,20.0,1,200,lo,1.0,0.42,0.5,0.05,dead-reckoned-heading-hold,hold,2.0,0.1,2.649,0.5676
8,flat_circle_jump,5,0,1,1,heading-only,0.04,2.1700897216796875,2.5526092529296847,1.2940196842412997,0.9779087307537511,9.396174424507176,0,below,4.96,-38.59855077387596,-7.78196588182983,0.32580578327178955,0.23590518582251765,0.11141315583259771,0.558837890625,0.7680291905175325,-0.5757437100936766,1,4.96,-68.28663076167732,59.041349984267434,68.28663076167732,59.041349984267434,,,,,,,off,5.0,legged_eval-seed1,,n/a,settle,0.0,auto,off,,,,,0,WALK,first,on,1000,1,deterministic,20.0,1,200,lo,1.0,0.42,0.5,0.05,dead-reckoned-heading-hold,hold,2.0,0.1,2.649,0.5676
8,flat_circle_jump,6,0,1,1,heading-only,0.04,1.4736572265625227,2.5053298950195284,0.6926106201000304,1.6713012390562603,10.638351330981093,0,roll,2.7600000000000002,-24.814507454930038,-8.990763570626825,0.3221849501132965,0.17161493716033432,0.18309054167374217,0.5237503051757812,0.4490365984484875,-0.9143634532767738,1,2.7600000000000002,-86.17706394339771,14.996434803099524,86.17706394339771,23.116271936538013,,,,,,,off,5.0,legged_eval-seed1,,n/a,settle,0.0,auto,off,,,,,0,WALK,first,on,1000,1,deterministic,20.0,1,200,lo,1.0,0.42,0.5,0.05,dead-reckoned-heading-hold,hold,2.0,0.1,2.649,0.5676
8,flat_circle_jump,7,0,0,1,heading-only,0.04,1.1469146728515796,2.672558593749997,0.6884177388229187,0.7596079977689024,11.372989119292214,0,roll,4.7,7.033381429244486,1.4964641338818054,0.32904157042503357,0.03125844103225097,0.14309757313829727,0.63726806640625,0.31105245334798576,0.8355575457936368,1,4.7,-88.7144568499574,2.669145214398705,88.7144568499574,14.564901019054458,,,,,,,off,5.0,legged_eval-seed1,,n/a,settle,0.0,auto,off,,,,,0,WALK,first,on,1000,1,deterministic,20.0,1,200,lo,1.0,0.42,0.5,0.05,dead-reckoned-heading-hold,hold,2.0,0.1,2.649,0.5676
8,flat_circle_jump,8,0,0,1,heading-only,0.04,1.2499816894531364,2.6160247802734347,0.6648137896981212,0.6648275607401075,11.866019572300031,0,roll,3.5,5.601780767304092,1.600508790658312,0.3299138844013214,0.07142333984375325,0.17600708007812418,0.5980072021484375,0.3620750272533784,0.3911067189690284,1,3.5,-89.20859255631343,-7.227932051517471,89.20859255631343,9.008237739312577,,,,,,,off,5.0,legged_eval-seed1,,n/a,settle,0.0,auto,off,,,,,0,WALK,first,on,1000,1,deterministic,20.0,1,200,lo,1.0,0.42,0.5,0.05,dead-reckoned-heading-hold,hold,2.0,0.1,2.649,0.5676
8,flat_circle_jump,9,0,1,1,heading-only,0.04,1.428045654296909,2.817852783203122,0.9230960173002385,2.240089923105936,12.548634340471688,0,roll,5.5,-4.885816199628351,-0.8883302181142457,0.33169302344322205,0.07782648259943802,0.1487005060369313,0.8138046264648438,0.6180450651059002,-0.19921608472081861,1,5.5,-86.13290524700898,-1.658751958243906,86.13290524700898,24.91565328277403,,,,,,,off,5.0,legged_eval-seed1,,n/a,settle,0.0,auto,off,,,,,0,WALK,first,on,1000,1,deterministic,20.0,1,200,lo,1.0,0.42,0.5,0.05,dead-reckoned-heading-hold,hold,2.0,0.1,2.649,0.5676
9,bump_jump,0,0,1,1,heading-only,0.04,1.8699204921722412,1.3913940429687415,1.0616792706063016,0.9254551759335725,8.900910811612283,0,roll,9.36,-27.96747550708372,-2.9879781524662095,0.33083805441856384,0.09294022352267535,-0.06502200395633104,-0.6388015747070312,0.535216076115314,-0.5611139586453547,1,9.36,87.29570085169348,32.91706909207736,87.29570085169348,32.91706909207736,,,,,,,off,5.0,legged_eval-seed1,,n/a,settle,0.0,auto,off,,,,,0,WALK,first,on,1000,1,deterministic,20.0,1,200,lo,1.0,0.42,0.5,0.05,dead-reckoned-heading-hold,hold,2.0,0.1,2.649,0.5676
9,bump_jump,1,0,1,1,heading-only,0.04,1.4651504516601577,1.510916137695304,0.6749577520456578,1.0415884496962622,9.247791585283457,0,roll,8.0,-10.92879309620443,-1.3660991370255537,0.32897257804870605,0.05814380645751971,-0.061135482788087,-0.5226364135742188,0.23856274739347444,-0.41006823086426075,1,8.0,89.48843340247575,9.944421304376466,89.48843340247575,16.728513330910115,,,,,,,off,5.0,legged_eval-seed1,,n/a,settle,0.0,auto,off,,,,,0,WALK,first,on,1000,1,deterministic,20.0,1,200,lo,1.0,0.42,0.5,0.05,dead-reckoned-heading-hold,hold,2.0,0.1,2.649,0.5676
9,bump_jump,2,0,1,1,heading-only,0.04,1.9785873413085966,2.5034240722656165,1.100485793232209,0.5606211398125731,8.885685024652107,1,timeout,20.0,-19.204702103599573,-0.9602351051799787,0.3316271901130676,0.04892936706542983,0.025171203613280825,0.49379730224609375,0.7839847780153488,-0.3425195375246463,0,20.0,-72.80798242896363,6.561688215979066,76.30922165606844,16.583092169573856,,,,,,,off,5.0,legged_eval-seed1,,n/a,settle,0.0,auto,off,,,,,0,WALK,first,on,1000,1,deterministic,20.0,1,200,lo,1.0,0.42,0.5,0.05,dead-reckoned-heading-hold,hold,2.0,0.1,2.649,0.5676
9,bump_jump,3,0,0,1,heading-only,0.04,1.3817794799804801,1.4247726440429602,0.6903927015659224,0.5872500339676556,9.63540619189279,0,roll,3.2,8.8030586080109,2.7509558150034064,0.32044681906700134,0.11930608749390004,-0.17975854873657493,-0.6105575561523438,0.4902309838504295,0.4024374410161453,1,3.2,88.1748656490039,-2.7593925346657038,88.1748656490039,9.015251588911596,,,,,,,off,5.0,legged_eval-seed1,,n/a,settle,0.0,auto,off,,,,,0,WALK,first,on,1000,1,deterministic,20.0,1,200,lo,1.0,0.42,0.5,0.05,dead-reckoned-heading-hold,hold,2.0,0.1,2.649,0.5676
9,bump_jump,4,0,1,1,heading-only,0.04,1.9966186523437557,1.4737228393554602,1.1270387695263915,0.6691901206358072,9.318254780254422,0,roll,16.82,21.015245799242763,1.2494200831892248,0.342384397983551,0.059252000733873704,-0.031288772927737206,-0.5187149047851562,0.941637064580759,0.36802966856994085,1,16.82,86.29621990477351,10.272185313965261,86.29621990477351,18.597174058653806,,,,,,,off,5.0,legged_eval-seed1,,n/a,settle,0.0,auto,off,,,,,0,WALK,first,on,1000,1,deterministic,20.0,1,200,lo,1.0,0.42,0.5,0.05,dead-reckoned-heading-hold,hold,2.0,0.1,2.649,0.5676
9,bump_jump,5,0,1,1,heading-only,0.04,2.02960205078125,1.740286254882804,1.0618529146617979,0.5923363072210851,9.373996423944586,1,timeout,20.0,52.2096425712443,2.6104821285622153,0.32677164673805237,0.0514801025390625,-0.012985687255859801,-0.2627716064453125,1.0043143829473014,0.885031419145077,0,20.0,74.57173821278737,4.909184375819746,82.39899825989649,32.689595937099504,,,,,,,off,5.0,legged_eval-seed1,,n/a,settle,0.0,auto,off,,,,,0,WALK,first,on,1000,1,deterministic,20.0,1,200,lo,1.0,0.42,0.5,0.05,dead-reckoned-heading-hold,hold,2.0,0.1,2.649,0.5676
9,bump_jump,6,0,1,1,heading-only,0.04,2.9099822998047102,1.035116577148429,2.1398673802974457,0.9659713782513603,8.445318053767082,0,roll,5.4,16.660265818661856,3.0852344108633063,0.3310061991214752,0.35370042588976114,-0.1786821153428835,-0.9683151245117188,0.7234669423404102,0.1522404122922233,1,5.4,87.96248190763458,16.220061637421153,87.96248190763458,19.397615270081292,,,,,,,off,5.0,legged_eval-seed1,,n/a,settle,0.0,auto,off,,,,,0,WALK,first,on,1000,1,deterministic,20.0,1,200,lo,1.0,0.42,0.5,0.05,dead-reckoned-heading-hold,hold,2.0,0.1,2.649,0.5676
9,bump_jump,7,0,1,1,heading-only,0.04,2.0329315185547046,1.7076095581054602,1.07351743932505,0.6629680513531867,9.721466558272384,1,timeout,20.0,28.98826277537063,1.4494131387685314,0.3318078815937042,0.05164657592773523,-0.01461952209472699,-0.30750274658203125,0.8593783936689892,0.48981042864433805,0,20.0,81.05304027760596,12.428963308935497,82.08037865118642,22.192743722085456,,,,,,,off,5.0,legged_eval-seed1,,n/a,settle,0.0,auto,off,,,,,0,WALK,first,on,1000,1,deterministic,20.0,1,200,lo,1.0,0.42,0.5,0.05,dead-reckoned-heading-hold,hold,2.0,0.1,2.649,0.5676
9,bump_jump,8,0,0,1,heading-only,0.04,0.7675903320312614,2.4780639648437415,0.5315631742770162,0.8746251060975759,11.442400795757285,0,roll,1.6600000000000001,35.59545478915379,21.443045053707102,0.31134968996047974,-0.14000582407755338,0.2879903402673141,0.448272705078125,0.33047827326935725,-2.6731154957765475,1,1.6600000000000001,-89.59707149032704,9.607089481378225,89.59707149032704,16.30505865001595,,,,,,,off,5.0,legged_eval-seed1,,n/a,settle,0.0,auto,off,,,,,0,WALK,first,on,1000,1,deterministic,20.0,1,200,lo,1.0,0.42,0.5,0.05,dead-reckoned-heading-hold,hold,2.0,0.1,2.649,0.5676
9,bump_jump,9,0,1,1,heading-only,0.04,2.220678710937534,2.6272338867187415,1.3723989449079372,0.7894119626638502,9.899212669761752,0,roll,9.66,-47.87281370366395,-4.9557778161142805,0.33080726861953735,0.126364255790635,0.06493104417378276,0.5995712280273438,0.9044364220603509,-0.684486600639629,1,9.66,-87.71339636165752,49.480565844838246,87.71339636165752,49.480565844838246,,,,,,,off,5.0,legged_eval-seed1,,n/a,settle,0.0,auto,off,,,,,0,WALK,first,on,1000,1,deterministic,20.0,1,200,lo,1.0,0.42,0.5,0.05,dead-reckoned-heading-hold,hold,2.0,0.1,2.649,0.5676
10,sideways_ramp,0,0,1,1,heading-only,0.04,1.5691808462142944,1.523345947265625,0.7424054968043573,1.0647651603371973,8.843673784850761,0,roll,3.66,37.37272353406394,10.211126648651348,0.323064386844635,0.15551389240827715,-0.1302333477416325,-0.48619842529296875,0.5178506441858195,1.1459926672609904,1,3.66,86.56092710374058,1.6254197870953135,86.56092710374058,10.375012761908627,,,,,,,off,5.0,legged_eval-seed1,,n/a,settle,0.0,auto,off,,,,,0,WALK,first,on,1000,1,deterministic,20.0,1,200,lo,1.0,0.42,0.5,0.05,dead-reckoned-heading-hold,hold,2.0,0.1,2.649,0.5676
10,sideways_ramp,1,0,1,1,heading-only,0.04,1.5155235290527358,1.5228958129882812,0.7024193293689319,1.0567546166709367,8.947206168138434,0,roll,10.200000000000001,-23.48045852545613,-2.302005737789816,0.3323105573654175,0.05054152245615056,-0.04677492029526654,-0.48725128173828125,0.2233291659886681,-0.7949420114736612,1,10.200000000000001,88.25155796696404,-0.6376415880408228,88.25155796696404,17.7054715013306,,,,,,,off,5.0,legged_eval-seed1,,n/a,settle,0.0,auto,off,,,,,0,WALK,first,on,1000,1,deterministic,20.0,1,200,lo,1.0,0.42,0.5,0.05,dead-reckoned-heading-hold,hold,2.0,0.1,2.649,0.5676
10,sideways_ramp,2,0,1,1,heading-only,0.04,2.209986877441409,2.0695724487304688,1.211985383246335,0.7292751434468722,8.390301575171648,0,below,5.68,4.266474636123974,0.7511399007260517,0.32558146119117737,0.21302585870447344,0.012248670551138865,0.06655120849609375,0.5143387226059182,0.06154118795953313,1,5.68,-21.437965055403822,64.11232967033892,21.437965055403822,65.07319587826167,,,,,,,off,5.0,legged_eval-seed1,,n/a,settle,0.0,auto,off,,,,,0,WALK,first,on,1000,1,deterministic,20.0,1,200,lo,1.0,0.42,0.5,0.05,dead-reckoned-heading-hold,hold,2.0,0.1,2.649,0.5676
10,sideways_ramp,3,0,0,1,heading-only,0.04,1.1542938232421989,1.3658447265625,0.6526557244974454,0.7222642670637157,9.616638182935677,0,roll,3.54,-7.058324671223289,-1.9938770257692908,0.3334001302719116,0.04358582577463245,-0.1791399077507062,-0.6292648315429688,0.38266110140028814,-0.7984182555008482,1,3.54,86.62115841635413,5.736157970548125,86.62115841635413,12.077620611202477,,,,,,,off,5.0,legged_eval-seed1,,n/a,settle,0.0,auto,off,,,,,0,WALK,first,on,1000,1,deterministic,20.0,1,200,lo,1.0,0.42,0.5,0.05,dead-reckoned-heading-hold,hold,2.0,0.1,2.649,0.5676
10,sideways_ramp,4,0,1,1,heading-only,0.04,1.5902160644531307,1.5084762573242188,0.7680824124744361,0.897065385997413,8.923331517305803,0,roll,5.76,-4.726227346325999,-0.8205255809593748,0.3299972712993622,0.10246806674533519,-0.08533398310343425,-0.4880523681640625,0.2073930214024707,-0.13975937518341375,1,5.76,88.84418479709015,7.905562912820889,88.84418479709015,14.427731942193311,,,,,,,off,5.0,legged_eval-seed1,,n/a,settle,0.0,auto,off,,,,,0,WALK,first,on,1000,1,deterministic,20.0,1,200,lo,1.0,0.42,0.5,0.05,dead-reckoned-heading-hold,hold,2.0,0.1,2.649,0.5676
10,sideways_ramp,5,0,1,1,heading-only,0.04,1.748931884765625,1.4154129028320312,0.9500742298335765,0.7836008022497177,8.970137260808249,0,roll,4.7,5.047998306946113,1.074042192967258,0.3245006501674652,0.15934720952460105,-0.12438023343999334,-0.6050262451171875,0.4752696320061771,0.1176397919269799,1,4.7,86.30694266525742,-3.003533373291834,86.30694266525742,7.836215432594581,,,,,,,off,5.0,legged_eval-seed1,,n/a,settle,0.0,auto,off,,,,,0,WALK,first,on,1000,1,deterministic,20.0,1,200,lo,1.0,0.42,0.5,0.05,dead-reckoned-heading-hold,hold,2.0,0.1,2.649,0.5676
10,sideways_ramp,6,0,1,1,heading-only,0.04,2.2575927734375227,2.1842117309570312,1.2710128030922687,0.6966072731429929,8.544393201758052,0,below,7.74,14.81242268183459,1.9137497004954251,0.3343045115470886,0.16247968649063602,0.02379996523992652,0.1902618408203125,0.33289908673834673,0.20557174902368794,1,7.74,5.064814294187862,74.08302685349821,23.686694937400997,74.08302685349821,,,,,,,off,5.0,legged_eval-seed1,,n/a,settle,0.0,auto,off,,,,,0,WALK,first,on,1000,1,deterministic,20.0,1,200,lo,1.0,0.42,0.5,0.05,dead-reckoned-heading-hold,hold,2.0,0.1,2.649,0.5676
10,sideways_ramp,7,0,1,1,heading-only,0.04,1.995562744140642,2.5172653198242188,1.1219218282098342,0.7020640527854936,8.919448764056504,1,timeout,20.0,37.53429592737501,1.8767147963687507,0.33762824535369873,0.0497781372070321,0.025863265991210936,0.52984619140625,0.7234903657995643,0.6580168354090674,0,20.0,25.126522030045205,27.186083158080077,27.223671371840947,27.84255415406533,,,,,,,off,5.0,legged_eval-seed1,,n/a,settle,0.0,auto,off,,,,,0,WALK,first,on,1000,1,deterministic,20.0,1,200,lo,1.0,0.42,0.5,0.05,dead-reckoned-heading-hold,hold,2.0,0.1,2.649,0.5676
10,sideways_ramp,8,0,0,1,heading-only,0.04,1.0985839843750114,1.4030914306640625,0.6049947455324949,0.7193293110578193,9.919392065778109,0,roll,3.3000000000000003,-15.643796261542889,-4.740544321679663,0.3340018093585968,0.029873934659094353,-0.18088138464725378,-0.5901870727539062,0.2811295821039519,-2.7695751394717547,1,3.3000000000000003,87.90865056912135,4.881101038706314,87.90865056912135,12.948397768887933,,,,,,,off,5.0,legged_eval-seed1,,n/a,settle,0.0,auto,off,,,,,0,WALK,first,on,1000,1,deterministic,20.0,1,200,lo,1.0,0.42,0.5,0.05,dead-reckoned-heading-hold,hold,2.0,0.1,2.649,0.5676
10,sideways_ramp,9,0,1,1,heading-only,0.04,1.123083496093784,2.6619186401367188,0.6732650541734002,1.6411547824267367,9.89907146712738,0,roll,7.0,55.7586412979048,7.965520185414972,0.3400346636772156,0.0175833565848263,0.09455980573381696,0.6507797241210938,0.4176339840451061,7.906599243373863,1,7.0,-90.52193992129688,11.75427421887827,90.52193992129688,19.177928644506142,,,,,,,off,5.0,legged_eval-seed1,,n/a,settle,0.0,auto,off,,,,,0,WALK,first,on,1000,1,deterministic,20.0,1,200,lo,1.0,0.42,0.5,0.05,dead-reckoned-heading-hold,hold,2.0,0.1,2.649,0.5676
11,stepping_stones_cylinder,0,0,1,1,heading-only,0.04,1.883727788925171,2.580125427246088,1.0571283348089897,0.5688022728161721,4.751817450228293,0,roll,5.42,-3.2099773595480485,-0.592246745304068,0.3258020877838135,0.16304940755076955,0.10703421166901994,0.5913467407226562,0.36127374229358894,-0.06339584942409358,1,5.42,-87.74766972302427,18.17512881996025,87.74766972302427,20.627771798979634,,,,,,,off,5.0,legged_eval-seed1,,n/a,settle,0.0,auto,off,,,,,0,WALK,first,on,1000,1,deterministic,20.0,1,200,lo,1.0,0.42,0.5,0.05,dead-reckoned-heading-hold,hold,2.0,0.1,2.649,0.5676
11,stepping_stones_cylinder,1,0,0,1,heading-only,0.04,1.2367912292480483,1.4088989257812443,0.6367657074555513,0.6470543539327437,5.147261836475512,0,roll,2.5,6.8522601418926286,2.7409040567570515,0.3320339024066925,0.09471649169921932,-0.23644042968750228,-0.59893798828125,0.4041499909383922,0.5050630509372463,1,2.5,87.99896893707029,0.2590332602454246,87.99896893707029,6.543253337931708,,,,,,,off,5.0,legged_eval-seed1,,n/a,settle,0.0,auto,off,,,,,0,WALK,first,on,1000,1,deterministic,20.0,1,200,lo,1.0,0.42,0.5,0.05,dead-reckoned-heading-hold,hold,2.0,0.1,2.649,0.5676
11,stepping_stones_cylinder,2,0,1,1,heading-only,0.04,1.8543731689453153,2.693826293945307,1.1006127556881846,0.6898515209167623,4.400666708687706,0,roll,8.040000000000001,-13.472628841450188,-1.6757001046579834,0.3248480558395386,0.10626531952056159,0.08629680272951576,0.6793899536132812,0.5161133145577097,-0.27522134440706586,1,8.040000000000001,-90.77289327974256,-0.22827279117806706,90.77289327974256,45.7025898054787,,,,,,,off,5.0,legged_eval-seed1,,n/a,settle,0.0,auto,off,,,,,0,WALK,first,on,1000,1,deterministic,20.0,1,200,lo,1.0,0.42,0.5,0.05,dead-reckoned-heading-hold,hold,2.0,0.1,2.649,0.5676
11,stepping_stones_cylinder,3,0,1,1,heading-only,0.04,1.3495071411132926,2.6966491699218693,0.7794070230900005,1.0941992716096318,4.504687198125346,0,roll,3.04,-12.95248918203771,-4.260687230933457,0.32796236872673035,0.1149694543135831,0.22916091115850964,0.694091796875,0.5477748421024254,-0.646806762904529,1,3.04,-88.52554939892268,1.5535051726282578,88.52554939892268,23.15915690479614,,,,,,,off,5.0,legged_eval-seed1,,n/a,settle,0.0,auto,off,,,,,0,WALK,first,on,1000,1,deterministic,20.0,1,200,lo,1.0,0.42,0.5,0.05,dead-reckoned-heading-hold,hold,2.0,0.1,2.649,0.5676
11,stepping_stones_cylinder,4,0,1,1,heading-only,0.04,2.0123352050781307,2.709268188476557,1.2360760213778914,0.6360874662969374,4.198015164136582,0,roll,7.5,-10.389542247865734,-1.3852722997154312,0.33311694860458374,0.13497802734375075,0.09456909179687424,0.6973648071289062,0.6223435025896593,-0.17912221079609192,1,7.5,-91.02513390154479,14.016903777793797,91.02513390154479,24.31753961568394,,,,,,,off,5.0,legged_eval-seed1,,n/a,settle,0.0,auto,off,,,,,0,WALK,first,on,1000,1,deterministic,20.0,1,200,lo,1.0,0.42,0.5,0.05,dead-reckoned-heading-hold,hold,2.0,0.1,2.649,0.5676
11,stepping_stones_cylinder,5,0,1,1,heading-only,0.04,1.9933319091796875,2.570603942871088,1.14555538557269,0.537391463064559,4.344304191019548,0,roll,6.1000000000000005,-10.267553945530778,-1.683205564841111,0.3274970054626465,0.162841296586834,0.09354162997886689,0.55377197265625,0.5036656629292107,-0.18040558328951253,1,6.1000000000000005,-87.33625216735835,8.839090250293669,87.33625216735835,20.855591830087075,,,,,,,off,5.0,legged_eval-seed1,,n/a,settle,0.0,auto,off,,,,,0,WALK,first,on,1000,1,deterministic,20.0,1,200,lo,1.0,0.42,0.5,0.05,dead-reckoned-heading-hold,hold,2.0,0.1,2.649,0.5676
11,stepping_stones_cylinder,6,0,1,1,heading-only,0.04,1.4163452148437727,1.624742126464838,0.5605013912323847,0.9679721349639406,4.598990069693096,0,roll,4.22,-20.216171688686188,-4.790562011537012,0.33450576663017273,0.09866000351748169,-0.08892366671449335,-0.41960906982421875,0.27618589902020896,-0.8474668268937195,1,4.22,93.17758862523392,9.121851381600434,93.17758862523392,14.894074524343692,,,,,,,off,5.0,legged_eval-seed1,,n/a,settle,0.0,auto,off,,,,,0,WALK,first,on,1000,1,deterministic,20.0,1,200,lo,1.0,0.42,0.5,0.05,dead-reckoned-heading-hold,hold,2.0,0.1,2.649,0.5676
11,stepping_stones_cylinder,7,0,0,1,heading-only,0.04,1.176715087890642,2.720140075683588,0.741505192762506,0.7893762493279863,4.72844515653449,0,roll,2.2600000000000002,-19.845279959371084,-8.781097327155345,0.33275163173675537,0.07819251676577081,0.31864605118742834,0.7173614501953125,0.5699500492391347,-1.9600220920887972,1,2.2600000000000002,-89.8532242911707,-2.5833856391481103,89.8532242911707,27.777244429446448,,,,,,,off,5.0,legged_eval-seed1,,n/a,settle,0.0,auto,off,,,,,0,WALK,first,on,1000,1,deterministic,20.0,1,200,lo,1.0,0.42,0.5,0.05,dead-reckoned-heading-hold,hold,2.0,0.1,2.649,0.5676
11,stepping_stones_cylinder,8,0,1,1,heading-only,0.04,2.6716430664062614,2.5628906249999943,1.763869722280252,0.632532024963372,2.981965825800078,0,roll,5.0200000000000005,-11.982327504175117,-2.3869178295169555,0.3290310502052307,0.33299662677415565,0.11212960657370404,0.5716705322265625,0.7293427942635237,-0.12510509641853473,1,5.0200000000000005,-87.54183414034932,2.7532413729504643,87.54183414034932,13.959583114552059,,,,,,,off,5.0,legged_eval-seed1,,n/a,settle,0.0,auto,off,,,,,0,WALK,first,on,1000,1,deterministic,20.0,1,200,lo,1.0,0.42,0.5,0.05,dead-reckoned-heading-hold,hold,2.0,0.1,2.649,0.5676
11,stepping_stones_cylinder,9,0,1,1,heading-only,0.04,2.048651123046909,1.6202102661132756,1.1153068724944237,0.500799418732868,3.87002951073676,1,timeout,20.0,34.2795011843815,1.713975059219075,0.32041865587234497,0.052432556152345454,-0.01898948669433622,-0.38898468017578125,0.955306126433709,0.570533086228326,0,20.0,71.78467999583897,6.294500683119464,76.7285680070518,18.921835373650556,,,,,,,off,5.0,legged_eval-seed1,,n/a,settle,0.0,auto,off,,,,,0,WALK,first,on,1000,1,deterministic,20.0,1,200,lo,1.0,0.42,0.5,0.05,dead-reckoned-heading-hold,hold,2.0,0.1,2.649,0.5676
12,stepping_stones_randomly_arranged,0,0,1,1,heading-only,0.04,1.381683588027954,2.62719268798827,0.7342023081112209,0.8211940623145387,5.057358033453232,0,roll,3.36,-15.643541806977623,-4.655816013981435,0.32893407344818115,0.11359630596070062,0.18666449047269937,0.62109375,0.47730985127169256,-0.7153341662286675,1,3.36,-86.44611399026395,5.734818261901846,86.44611399026395,27.470646615873974,,,,,,,off,5.0,legged_eval-seed1,,n/a,settle,0.0,auto,off,,,,,0,WALK,first,on,1000,1,deterministic,20.0,1,200,lo,1.0,0.42,0.5,0.05,dead-reckoned-heading-hold,hold,2.0,0.1,2.649,0.5676
12,stepping_stones_randomly_arranged,1,0,1,1,heading-only,0.04,1.3301597595214858,1.4523956298828011,0.6394341349808748,1.0024080152406916,4.801171363933972,0,roll,2.58,-1.948663139805916,-0.755295790622448,0.3241650462150574,0.1279688990393356,-0.2122497558593794,-0.5587158203125,0.3467259413936712,-0.1030125168832106,1,2.58,91.28236066611944,8.985673101045421,91.28236066611944,10.053670513324224,,,,,,,off,5.0,legged_eval-seed1,,n/a,settle,0.0,auto,off,,,,,0,WALK,first,on,1000,1,deterministic,20.0,1,200,lo,1.0,0.42,0.5,0.05,dead-reckoned-heading-hold,hold,2.0,0.1,2.649,0.5676
12,stepping_stones_randomly_arranged,2,0,1,1,heading-only,0.04,1.6972534179687528,2.6302368164062386,0.9398727433131463,0.5958670581318616,4.447625873467962,0,roll,5.72,-14.790234129469496,-2.585705267389772,0.33995693922042847,0.12189745069383791,0.11018126160948229,0.6139450073242188,0.5689661192458394,-0.3702216096008415,1,5.72,-88.47702208861425,-13.06972882802737,88.47702208861425,15.45227681773995,,,,,,,off,5.0,legged_eval-seed1,,n/a,settle,0.0,auto,off,,,,,0,WALK,first,on,1000,1,deterministic,20.0,1,200,lo,1.0,0.42,0.5,0.05,dead-reckoned-heading-hold,hold,2.0,0.1,2.649,0.5676
12,stepping_stones_randomly_arranged,3,0,2,1,heading-only,0.04,2.0097167968750114,2.640040588378895,1.195483151141803,0.853529138714173,4.140056598228915,0,roll,5.46,-18.45835316796274,-3.3806507633631395,0.3171873092651367,0.18492981627747462,0.11722355098514559,0.6393890380859375,0.6914169658716793,-0.31905880765174044,1,5.46,-86.14840894130282,2.9276094811641324,86.14840894130282,22.30387609784856,,,,,,,off,5.0,legged_eval-seed1,,n/a,settle,0.0,auto,off,,,,,0,WALK,first,on,1000,1,deterministic,20.0,1,200,lo,1.0,0.42,0.5,0.05,dead-reckoned-heading-hold,hold,2.0,0.1,2.649,0.5676
12,stepping_stones_randomly_arranged,4,0,1,1,heading-only,0.04,1.6361297607421932,2.7607910156249886,0.9916975556880342,0.7319550538749996,4.7255146363216864,0,roll,9.540000000000001,8.159238906833508,0.8552661327917722,0.33068153262138367,0.06668026842161354,0.07974748591456902,0.7255325317382812,0.3185060433245829,0.22386247613209978,1,9.540000000000001,-86.96428502641868,6.854611514125471,86.96428502641868,17.125138978463976,,,,,,,off,5.0,legged_eval-seed1,,n/a,settle,0.0,auto,off,,,,,0,WALK,first,on,1000,1,deterministic,20.0,1,200,lo,1.0,0.42,0.5,0.05,dead-reckoned-heading-hold,hold,2.0,0.1,2.649,0.5676
12,stepping_stones_randomly_arranged,5,0,2,1,heading-only,0.04,2.2606201171875,0.8546630859374886,1.7032203987071264,1.2925047846061979,3.863071390282055,0,roll,8.86,18.52471621356213,2.0908257577383895,0.3353419899940491,0.14228218026946954,-0.12927053206123154,-1.1534576416015625,0.7173884316432211,0.2564747988042358,1,8.86,88.4929347627251,-1.1628746388504738,88.4929347627251,19.00537189583086,,,,,,,off,5.0,legged_eval-seed1,,n/a,settle,0.0,auto,off,,,,,0,WALK,first,on,1000,1,deterministic,20.0,1,200,lo,1.0,0.42,0.5,0.05,dead-reckoned-heading-hold,hold,2.0,0.1,2.649,0.5676
12,stepping_stones_randomly_arranged,6,0,2,1,heading-only,0.04,2.0498596191406477,2.5935852050781136,1.2060466888100858,0.7492984767484151,3.9450523933272765,0,roll,13.66,-25.596859853594168,-1.8738550405266594,0.32986679673194885,0.07685648749199471,0.04345426098668474,0.5979995727539062,0.8096768073659995,-0.4255325897594331,1,13.66,-86.040350479219,-2.075546633187995,86.040350479219,22.503737641301367,,,,,,,off,5.0,legged_eval-seed1,,n/a,settle,0.0,auto,off,,,,,0,WALK,first,on,1000,1,deterministic,20.0,1,200,lo,1.0,0.42,0.5,0.05,dead-reckoned-heading-hold,hold,2.0,0.1,2.649,0.5676
12,stepping_stones_randomly_arranged,7,0,2,1,heading-only,0.04,2.0767852783203296,2.779139709472645,1.3291069266558304,0.8651647595637411,3.9508038380959105,0,roll,5.14,-10.790268500643322,-2.099274027362514,0.3263532519340515,0.2094912992841108,0.1515836010647169,0.766754150390625,0.594121111470425,-0.17489625490072255,1,5.14,-86.91594158396849,2.8346985318475966,86.91594158396849,24.78433565907131,,,,,,,off,5.0,legged_eval-seed1,,n/a,settle,0.0,auto,off,,,,,0,WALK,first,on,1000,1,deterministic,20.0,1,200,lo,1.0,0.42,0.5,0.05,dead-reckoned-heading-hold,hold,2.0,0.1,2.649,0.5676
12,stepping_stones_randomly_arranged,8,0,1,1,heading-only,0.04,1.3221252441406364,1.3859893798828011,0.6933784785594168,1.0905769833753147,4.618868511004717,0,roll,4.12,-17.558797423948988,-4.261844034939075,0.3244544565677643,0.0781857388690865,-0.14903170391194148,-0.6182937622070312,0.3210929344341613,-0.9513654496597352,1,4.12,89.82665167194972,7.277601493033449,89.82665167194972,12.112548458561493,,,,,,,off,5.0,legged_eval-seed1,,n/a,settle,0.0,auto,off,,,,,0,WALK,first,on,1000,1,deterministic,20.0,1,200,lo,1.0,0.42,0.5,0.05,dead-reckoned-heading-hold,hold,2.0,0.1,2.649,0.5676
12,stepping_stones_randomly_arranged,9,0,1,1,heading-only,0.04,1.335943603515659,2.582667541503895,0.6725768124647767,0.8222343715486787,4.3036819604056955,0,roll,4.6000000000000005,31.270162186403212,6.797861344870262,0.3295832574367523,0.07303121815557806,0.1266668568486728,0.5864181518554688,0.3616728231830031,1.6245800844960139,1,4.6000000000000005,-91.51523270315992,9.391802525360339,91.51523270315992,13.745401832188374,,,,,,,off,5.0,legged_eval-seed1,,n/a,settle,0.0,auto,off,,,,,0,WALK,first,on,1000,1,deterministic,20.0,1,200,lo,1.0,0.42,0.5,0.05,dead-reckoned-heading-hold,hold,2.0,0.1,2.649,0.5676
13,staircase_walking_full_width,0,0,0,1,heading-only,0.04,1.3937783241271973,1.3826187133789034,0.7322711394165037,0.8652539357714301,14.369490612400636,0,roll,3.74,-7.309552160059297,-1.9544257112458014,0.3254085183143616,0.10528832195914364,-0.1650752103264964,-0.6122665405273438,0.34790034124941827,-0.3239786047697463,1,3.74,87.59241798430618,-3.6406333331448577,87.59241798430618,12.952022542878124,,,,,,,off,5.0,legged_eval-seed1,,n/a,settle,0.0,auto,off,,,,,0,WALK,first,on,1000,1,deterministic,20.0,1,200,lo,1.0,0.42,0.5,0.05,dead-reckoned-heading-hold,hold,2.0,0.1,2.649,0.5676
13,staircase_walking_full_width,1,0,0,1,heading-only,0.04,1.2234397888183608,1.357762145996091,0.6799961767118549,1.0077277522753942,14.54075035994364,0,roll,10.4,-69.99563079707974,-6.730349115103821,0.33229246735572815,0.021484595078688537,-0.06175363980806818,-0.6511993408203125,0.4793351657783242,-5.467487352543528,1,10.4,88.20837127888271,2.287919312673924,88.20837127888271,14.24484297066582,,,,,,,off,5.0,legged_eval-seed1,,n/a,settle,0.0,auto,off,,,,,0,WALK,first,on,1000,1,deterministic,20.0,1,200,lo,1.0,0.42,0.5,0.05,dead-reckoned-heading-hold,hold,2.0,0.1,2.649,0.5676
13,staircase_walking_full_width,2,0,0,1,heading-only,0.04,1.718531799316409,2.7372711181640597,1.0294933940088005,0.7891723827370931,11.305533754083172,0,roll,7.7,-11.131510657086721,-1.4456507346865872,0.33455055952072144,0.09331581809304014,0.09574949586546229,0.7316513061523438,0.6954227120915976,-0.2703867968986685,1,7.7,-93.66325300766293,1.167885299823798,93.66325300766293,20.86964004361281,,,,,,,off,5.0,legged_eval-seed1,,n/a,settle,0.0,auto,off,,,,,0,WALK,first,on,1000,1,deterministic,20.0,1,200,lo,1.0,0.42,0.5,0.05,dead-reckoned-heading-hold,hold,2.0,0.1,2.649,0.5676
13,staircase_walking_full_width,3,0,0,1,heading-only,0.04,1.6792114257812614,2.3818634033203097,0.7791969068901541,0.4987233382795121,11.32722709231862,0,roll,5.84,-16.047067258280407,-2.7477854894315765,0.32928624749183655,0.11630332633240777,0.06538756906169686,0.3817291259765625,0.4709565731287536,-0.41235195450933076,1,5.84,-86.89371491426272,-0.5677602621078706,86.89371491426272,7.754148908796693,,,,,,,off,5.0,legged_eval-seed1,,n/a,settle,0.0,auto,off,,,,,0,WALK,first,on,1000,1,deterministic,20.0,1,200,lo,1.0,0.42,0.5,0.05,dead-reckoned-heading-hold,hold,2.0,0.1,2.649,0.5676
13,staircase_walking_full_width,4,0,0,1,heading-only,0.04,1.5935424804687557,1.1569793701171847,1.031007496834539,0.935890750884691,11.437567788969773,0,roll,9.24,-8.660402249973572,-0.9372729707763606,0.3326081931591034,0.06423619918493027,-0.09123599890506659,-0.8259124755859375,0.47126006457862113,-0.2546616944583136,1,9.24,86.468820558547,2.7633889199464736,86.468820558547,10.21047797060938,,,,,,,off,5.0,legged_eval-seed1,,n/a,settle,0.0,auto,off,,,,,0,WALK,first,on,1000,1,deterministic,20.0,1,200,lo,1.0,0.42,0.5,0.05,dead-reckoned-heading-hold,hold,2.0,0.1,2.649,0.5676
13,staircase_walking_full_width,5,0,0,1,heading-only,0.04,1.30279541015625,1.363316345214841,0.7050185364104119,0.944171762112053,11.714519251464495,0,roll,3.3000000000000003,3.8556520861295667,1.1683794200392625,0.3350025415420532,0.09175618489583333,-0.1929344408439876,-0.6375961303710938,0.4579836101012438,0.22224188827572927,1,3.3000000000000003,91.64457067319618,3.5012557236991304,91.64457067319618,9.208802371389208,,,,,,,off,5.0,legged_eval-seed1,,n/a,settle,0.0,auto,off,,,,,0,WALK,first,on,1000,1,deterministic,20.0,1,200,lo,1.0,0.42,0.5,0.05,dead-reckoned-heading-hold,hold,2.0,0.1,2.649,0.5676
13,staircase_walking_full_width,6,0,0,1,heading-only,0.04,1.4860778808593977,2.461499023437497,0.6702634220174382,0.6907222981602165,11.523167269213312,0,roll,5.88,22.925197710561207,3.898843148054627,0.3254988491535187,0.08266630626860506,0.07848622847576482,0.463470458984375,0.27066058454506015,0.8231606445710647,1,5.88,-86.7423353420696,8.006254498001358,86.7423353420696,12.786717144303099,,,,,,,off,5.0,legged_eval-seed1,,n/a,settle,0.0,auto,off,,,,,0,WALK,first,on,1000,1,deterministic,20.0,1,200,lo,1.0,0.42,0.5,0.05,dead-reckoned-heading-hold,hold,2.0,0.1,2.649,0.5676
13,staircase_walking_full_width,7,0,0,1,heading-only,0.04,1.3741180419922046,1.2461212158203097,0.8416041412566415,0.9798272534461979,11.650298902722056,0,roll,4.44,-0.2135876859651944,-0.04810533467684558,0.33354055881500244,0.08426082026851453,-0.1697925189593897,-0.7581100463867188,0.5262216155570167,-0.00996425711510059,1,4.44,91.67290862804444,-2.921166234842756,91.67290862804444,12.092926885510064,,,,,,,off,5.0,legged_eval-seed1,,n/a,settle,0.0,auto,off,,,,,0,WALK,first,on,1000,1,deterministic,20.0,1,200,lo,1.0,0.42,0.5,0.05,dead-reckoned-heading-hold,hold,2.0,0.1,2.649,0.5676
13,staircase_walking_full_width,8,0,0,1,heading-only,0.04,1.4925048828125114,2.772717285156247,0.9163258494517147,0.924469197295607,8.791519364156684,0,roll,5.44,21.403086142211492,3.9343908349653476,0.3292155861854553,0.0905339858111234,0.14204361859489836,0.7562332153320312,0.2692086549499707,0.7584784157597234,1,5.44,-89.07613285654168,3.004895867258246,89.07613285654168,14.867072131575846,,,,,,,off,5.0,legged_eval-seed1,,n/a,settle,0.0,auto,off,,,,,0,WALK,first,on,1000,1,deterministic,20.0,1,200,lo,1.0,0.42,0.5,0.05,dead-reckoned-heading-hold,hold,2.0,0.1,2.649,0.5676
13,staircase_walking_full_width,9,0,0,1,heading-only,0.04,1.388494873046909,2.487644958496091,0.6234788464177339,0.7821356185704433,8.874912434529287,0,roll,7.36,33.872816909679074,4.602284906206395,0.32564881443977356,0.05278462949006917,0.06625610849131669,0.49001312255859375,0.35888529380112666,1.5217502804154808,1,7.36,-86.34763692355855,5.748253329696418,86.34763692355855,17.514442584052208,,,,,,,off,5.0,legged_eval-seed1,,n/a,settle,0.0,auto,off,,,,,0,WALK,first,on,1000,1,deterministic,20.0,1,200,lo,1.0,0.42,0.5,0.05,dead-reckoned-heading-hold,hold,2.0,0.1,2.649,0.5676
14,staircase_walking,0,0,1,1,heading-only,0.04,1.7080655097961426,1.561819458007804,0.8326817840828787,0.6969183446093878,3.8171677151231074,0,roll,7.3,17.970539373588963,2.461717722409447,0.3365565240383148,0.09699527531454008,-0.060024731779752885,-0.42729949951171875,0.4134567118315599,0.44296053979342603,1,7.3,88.09056378297127,8.65945893647825,88.09056378297127,19.495366528895566,,,,,,,off,5.0,legged_eval-seed1,,n/a,settle,0.0,auto,off,,,,,0,WALK,first,on,1000,1,deterministic,20.0,1,200,lo,1.0,0.42,0.5,0.05,dead-reckoned-heading-hold,hold,2.0,0.1,2.649,0.5676
14,staircase_walking,1,0,1,1,heading-only,0.04,1.3015800476074233,2.6924804687499915,0.7553010821620102,1.1743209125688538,4.255145038215301,0,roll,5.5200000000000005,16.038226935617843,2.9054758941336667,0.3317202627658844,0.054634066595547696,0.12544936028079554,0.6712799072265625,0.3329293694404619,0.9281776710008113,1,5.5200000000000005,-87.64043436068572,1.3638214880283306,87.64043436068572,13.660768453744787,,,,,,,off,5.0,legged_eval-seed1,,n/a,settle,0.0,auto,off,,,,,0,WALK,first,on,1000,1,deterministic,20.0,1,200,lo,1.0,0.42,0.5,0.05,dead-reckoned-heading-hold,hold,2.0,0.1,2.649,0.5676
14,staircase_walking,2,0,1,1,heading-only,0.04,1.2867309570312528,1.5466598510742102,0.5364064991665514,1.064614737719699,4.2375881488255605,0,roll,10.28,-46.21453668502761,-4.495577498543542,0.3281921148300171,0.027892116442728876,-0.044099236276827804,-0.46099853515625,0.5546507279319366,-2.813075489960161,1,10.28,87.56198324653165,22.17607127699032,87.56198324653165,25.593899823928663,,,,,,,off,5.0,legged_eval-seed1,,n/a,settle,0.0,auto,off,,,,,0,WALK,first,on,1000,1,deterministic,20.0,1,200,lo,1.0,0.42,0.5,0.05,dead-reckoned-heading-hold,hold,2.0,0.1,2.649,0.5676
14,staircase_walking,3,0,1,1,heading-only,0.04,1.6637237548828239,2.537252807617179,0.8539143997429113,0.7952109247748277,3.873713464899396,0,roll,6.36,2.706133008625727,0.42549261141913947,0.33344537019729614,0.10435908095641884,0.08447371188949354,0.5471038818359375,0.2991604682588853,0.07116052521844327,1,6.36,-91.60787618762329,-3.4598980787519933,91.60787618762329,12.18103700176623,,,,,,,off,5.0,legged_eval-seed1,,n/a,settle,0.0,auto,off,,,,,0,WALK,first,on,1000,1,deterministic,20.0,1,200,lo,1.0,0.42,0.5,0.05,dead-reckoned-heading-hold,hold,2.0,0.1,2.649,0.5676
14,staircase_walking,4,0,1,1,heading-only,0.04,1.4157470703125057,2.741262817382804,0.8498918701268555,1.0974337650364487,3.856169187196354,0,roll,4.1,-29.75283383140473,-7.256788739367008,0.32985198497772217,0.10140172446646481,0.18079580911775708,0.7347946166992188,0.6455245575554062,-1.2490404605050849,1,4.1,-86.62771279978827,11.438481678647953,86.62771279978827,30.908302697450836,,,,,,,off,5.0,legged_eval-seed1,,n/a,settle,0.0,auto,off,,,,,0,WALK,first,on,1000,1,deterministic,20.0,1,200,lo,1.0,0.42,0.5,0.05,dead-reckoned-heading-hold,hold,2.0,0.1,2.649,0.5676
14,staircase_walking,5,0,1,1,heading-only,0.04,2.3336334228515625,1.0489868164062415,1.6379878454725818,0.957197626370638,3.0200138128761465,0,roll,7.58,-5.339918944917969,-0.7044747948440592,0.3365887403488159,0.17594108480891327,-0.12546348068519242,-0.9400177001953125,0.9281388228362878,-0.06988364702135516,1,7.58,86.77692350902481,26.59412883145046,86.77692350902481,26.59412883145046,,,,,,,off,5.0,legged_eval-seed1,,n/a,settle,0.0,auto,off,,,,,0,WALK,first,on,1000,1,deterministic,20.0,1,200,lo,1.0,0.42,0.5,0.05,dead-reckoned-heading-hold,hold,2.0,0.1,2.649,0.5676
14,staircase_walking,6,0,1,1,heading-only,0.04,1.4943023681640852,1.3418258666992102,0.823120902977727,0.9834186386869285,3.7636934158271274,0,roll,7.640000000000001,-24.70996371490679,-3.2342884443595277,0.3289547264575958,0.06469926284870225,-0.08614844676711908,-0.661834716796875,0.19650539733943034,-0.8724826192422599,1,7.640000000000001,86.80822001906002,-6.829431175568132,86.80822001906002,14.432019447696275,,,,,,,off,5.0,legged_eval-seed1,,n/a,settle,0.0,auto,off,,,,,0,WALK,first,on,1000,1,deterministic,20.0,1,200,lo,1.0,0.42,0.5,0.05,dead-reckoned-heading-hold,hold,2.0,0.1,2.649,0.5676
14,staircase_walking,7,0,1,1,heading-only,0.04,1.2701751708984546,2.5490554809570227,0.6119285449617109,1.1014319658688556,3.9679950993659343,0,roll,4.68,5.819409530470608,1.243463574886882,0.3250824511051178,0.057729737371464654,0.11731954721303905,0.5640945434570312,0.3011199911713138,0.3759333490597614,1,4.68,-86.96722614877216,3.1524582371060808,86.96722614877216,11.094265389778505,,,,,,,off,5.0,legged_eval-seed1,,n/a,settle,0.0,auto,off,,,,,0,WALK,first,on,1000,1,deterministic,20.0,1,200,lo,1.0,0.42,0.5,0.05,dead-reckoned-heading-hold,hold,2.0,0.1,2.649,0.5676
14,staircase_walking,8,0,0,1,heading-only,0.04,1.0595825195312614,2.6206192016601477,0.6234727500885442,0.7610096915097145,4.186672318923501,0,roll,3.04,14.301369810442395,4.7043979639613145,0.33486461639404297,0.019599513003704397,0.20415105317768018,0.6201171875,0.3895433856865458,4.189248670603388,1,3.04,-90.99940756012252,6.7371368540532375,90.99940756012252,17.089969293066147,,,,,,,off,5.0,legged_eval-seed1,,n/a,settle,0.0,auto,off,,,,,0,WALK,first,on,1000,1,deterministic,20.0,1,200,lo,1.0,0.42,0.5,0.05,dead-reckoned-heading-hold,hold,2.0,0.1,2.649,0.5676
14,staircase_walking,9,0,1,1,heading-only,0.04,1.419378662109409,1.3666671752929602,0.7595978732751139,1.0247615366103766,3.8333025144599473,0,roll,8.2,-34.049128924428175,-4.152332795661973,0.3276771306991577,0.051143739281635264,-0.07723571033012681,-0.6308975219726562,0.10309418894053185,-1.4170234703363898,1,8.2,86.44450699475381,1.0844839577788705,86.44450699475381,16.309219369538905,,,,,,,off,5.0,legged_eval-seed1,,n/a,settle,0.0,auto,off,,,,,0,WALK,first,on,1000,1,deterministic,20.0,1,200,lo,1.0,0.42,0.5,0.05,dead-reckoned-heading-hold,hold,2.0,0.1,2.649,0.5676
15,staircase_climbing,0,0,1,1,heading-only,0.04,1.6338680982589722,1.9305877685546875,0.6376572934301494,1.0933374981547144,9.566383727374815,1,timeout,20.0,3.7707053326704454,0.18853526663352227,0.3228130042552948,0.03169340491294861,-0.003470611572265625,-0.0648956298828125,0.17628376040392413,0.10382479155895245,0,20.0,1.6900533022192683,-3.1435647247028102,7.421837170686497,6.182469994409151,,,,,,,off,5.0,legged_eval-seed1,,n/a,settle,0.0,auto,off,,,,,0,WALK,first,on,1000,1,deterministic,20.0,1,200,lo,1.0,0.42,0.5,0.05,dead-reckoned-heading-hold,hold,2.0,0.1,2.649,0.5676
15,staircase_climbing,1,0,1,1,heading-only,0.04,1.1108108520507827,1.6225433349609375,0.39338604311112957,1.6577334343432408,10.09624738192754,0,roll,10.56,-65.96568216077571,-6.246750204618912,0.33098793029785156,0.010493451898748358,-0.035744002371123344,-0.39475250244140625,0.4546975986325401,-10.38994219178095,1,10.56,87.98535929338388,-4.017087513217619,87.98535929338388,15.153874918288862,,,,,,,off,5.0,legged_eval-seed1,,n/a,settle,0.0,auto,off,,,,,0,WALK,first,on,1000,1,deterministic,20.0,1,200,lo,1.0,0.42,0.5,0.05,dead-reckoned-heading-hold,hold,2.0,0.1,2.649,0.5676
15,staircase_climbing,2,0,1,1,heading-only,0.04,1.4366867065429716,1.2968826293945312,0.827689142443282,1.4676938301107725,9.788598495343546,0,roll,4.82,-21.900207665740226,-4.5436115489087605,0.3239317834377289,0.09059890177240074,-0.14587497315466155,-0.7077255249023438,0.299523890643285,-0.875297381190274,1,4.82,90.62459554109522,5.38666712371206,90.62459554109522,10.91912558860417,,,,,,,off,5.0,legged_eval-seed1,,n/a,settle,0.0,auto,off,,,,,0,WALK,first,on,1000,1,deterministic,20.0,1,200,lo,1.0,0.42,0.5,0.05,dead-reckoned-heading-hold,hold,2.0,0.1,2.649,0.5676
15,staircase_climbing,3,0,1,1,heading-only,0.04,1.6504028320312614,2.7010955810546875,0.9563257069057044,1.2830799223668146,9.575298485386813,0,roll,7.66,-10.769098364290272,-1.405887514920401,0.3347640633583069,0.08490898590486441,0.0915268382577921,0.7020950317382812,0.5947291198322888,-0.2889843258231184,1,7.66,-89.98527384499982,-8.421160201650414,89.98527384499982,15.086831476960153,,,,,,,off,5.0,legged_eval-seed1,,n/a,settle,0.0,auto,off,,,,,0,WALK,first,on,1000,1,deterministic,20.0,1,200,lo,1.0,0.42,0.5,0.05,dead-reckoned-heading-hold,hold,2.0,0.1,2.649,0.5676
15,staircase_climbing,4,0,0,1,heading-only,0.04,1.0641845703125057,2.6340103149414062,0.6372509227284823,0.7693530842245297,10.155625214832563,0,roll,3.94,14.501233664295768,3.6805161584507027,0.33779484033584595,0.016290500079316164,0.16091632358918942,0.626708984375,0.39548021387046073,3.9432261026399753,1,3.94,-86.42032237359699,7.3585470199466645,86.42032237359699,17.68199052411273,,,,,,,off,5.0,legged_eval-seed1,,n/a,settle,0.0,auto,off,,,,,0,WALK,first,on,1000,1,deterministic,20.0,1,200,lo,1.0,0.42,0.5,0.05,dead-reckoned-heading-hold,hold,2.0,0.1,2.649,0.5676
15,staircase_climbing,5,0,1,1,heading-only,0.04,1.21026611328125,1.4662399291992188,0.5736825355330756,1.5824685988730944,9.704423867938118,0,roll,3.8000000000000003,-16.182616646224375,-4.258583327953782,0.3251287639141083,0.055333187705592105,-0.14046317652652138,-0.5568084716796875,0.3142238381246993,-1.3432499305623664,1,3.8000000000000003,86.96978861705914,-4.074776558281503,86.96978861705914,12.76580397463676,,,,,,,off,5.0,legged_eval-seed1,,n/a,settle,0.0,auto,off,,,,,0,WALK,first,on,1000,1,deterministic,20.0,1,200,lo,1.0,0.42,0.5,0.05,dead-reckoned-heading-hold,hold,2.0,0.1,2.649,0.5676
15,staircase_climbing,6,0,1,1,heading-only,0.04,1.7174774169922102,2.3803787231445312,0.8120725441208303,1.0535836934678426,9.190397649746675,0,roll,5.0200000000000005,-46.07016406346227,-9.177323518617982,0.3195876479148865,0.1429237882454602,0.07577265401285482,0.402984619140625,0.661859575591296,-1.1206987576169474,1,5.0200000000000005,-88.5494704847196,-0.6488902000601184,88.5494704847196,25.33093776214325,,,,,,,off,5.0,legged_eval-seed1,,n/a,settle,0.0,auto,off,,,,,0,WALK,first,on,1000,1,deterministic,20.0,1,200,lo,1.0,0.42,0.5,0.05,dead-reckoned-heading-hold,hold,2.0,0.1,2.649,0.5676
15,staircase_climbing,7,0,1,1,heading-only,0.04,1.2643463134765796,2.576507568359375,0.6342238956585423,1.5470819254337806,9.652884695415569,0,roll,11.32,45.61445407727979,4.02954541318726,0.326289564371109,0.0233521478336201,0.05092823042043949,0.5612030029296875,0.3424364643910397,3.0116645081143485,1,11.32,-86.01873162558843,1.9507816700895535,86.01873162558843,16.464596173463978,,,,,,,off,5.0,legged_eval-seed1,,n/a,settle,0.0,auto,off,,,,,0,WALK,first,on,1000,1,deterministic,20.0,1,200,lo,1.0,0.42,0.5,0.05,dead-reckoned-heading-hold,hold,2.0,0.1,2.649,0.5676
15,staircase_climbing,8,0,1,1,heading-only,0.04,1.6917846679687614,1.7786407470703125,0.726337349786061,1.032229661751893,9.210875610923878,1,timeout,20.0,-39.13547903472704,-1.956773951736352,0.32477816939353943,0.03458923339843807,-0.011067962646484375,-0.23162078857421875,0.3321269639364866,-0.9873635469643611,0,20.0,0.2240794226500979,-1.9036670687534167,10.637964536188226,6.807776449836803,,,,,,,off,5.0,legged_eval-seed1,,n/a,settle,0.0,auto,off,,,,,0,WALK,first,on,1000,1,deterministic,20.0,1,200,lo,1.0,0.42,0.5,0.05,dead-reckoned-heading-hold,hold,2.0,0.1,2.649,0.5676
15,staircase_climbing,9,0,1,1,heading-only,0.04,1.380743408203159,1.4123458862304688,0.7002163239459721,1.4442213516042612,9.537378225586812,0,roll,4.28,-2.474774453130294,-0.5782183301706294,0.33043280243873596,0.08895874023438297,-0.1373023630302643,-0.6082382202148438,0.39210294083541564,-0.11344375640068492,1,4.28,93.22923648442857,7.044399637679725,93.22923648442857,14.997956903632694,,,,,,,off,5.0,legged_eval-seed1,,n/a,settle,0.0,auto,off,,,,,0,WALK,first,on,1000,1,deterministic,20.0,1,200,lo,1.0,0.42,0.5,0.05,dead-reckoned-heading-hold,hold,2.0,0.1,2.649,0.5676
16,staircase_spiral,0,0,0,1,heading-only,0.04,1.7875399589538574,2.7989746093749943,1.1218643471360377,2.0347640119263715,3.350880265913562,0,roll,5.96,-21.02459339501553,-3.5276163414455586,0.3280245065689087,0.13213757700568077,0.13405614251258294,0.784149169921875,0.8047450403924239,-0.46594255245602534,1,5.96,-87.93045520140831,-2.787893559012636,87.93045520140831,19.419602262664014,,,,,,,off,5.0,legged_eval-seed1,,n/a,settle,0.0,auto,off,,,,,0,WALK,first,on,1000,1,deterministic,20.0,1,200,lo,1.0,0.42,0.5,0.05,dead-reckoned-heading-hold,hold,2.0,0.1,2.649,0.5676
16,staircase_spiral,1,0,0,1,heading-only,0.04,3.7345520019531264,2.2003112792968693,2.741878782878521,0.54459401161694,1.386997340100079,1,timeout,20.0,39.405786134107274,1.9702893067053637,0.3340245485305786,0.13672760009765633,0.010015563964843465,0.206451416015625,1.6076061776016288,0.25150763704097545,0,20.0,-10.392886875037174,-10.150744135042537,10.392886875037174,11.497646874046966,,,,,,,off,5.0,legged_eval-seed1,,n/a,settle,0.0,auto,off,,,,,0,WALK,first,on,1000,1,deterministic,20.0,1,200,lo,1.0,0.42,0.5,0.05,dead-reckoned-heading-hold,hold,2.0,0.1,2.649,0.5676
16,staircase_spiral,2,0,0,1,heading-only,0.04,1.8784210205078153,2.608316040039057,1.068490474379061,1.8926678447414509,3.304949311406911,0,roll,6.58,6.249998863161494,0.9498478515443,0.32373160123825073,0.13349863533553424,0.09244924620654359,0.6136322021484375,0.36072876463557635,0.12418083795969462,1,6.58,-88.75970704685304,1.2913641711318329,88.75970704685304,8.969686394021046,,,,,,,off,5.0,legged_eval-seed1,,n/a,settle,0.0,auto,off,,,,,0,WALK,first,on,1000,1,deterministic,20.0,1,200,lo,1.0,0.42,0.5,0.05,dead-reckoned-heading-hold,hold,2.0,0.1,2.649,0.5676
16,staircase_spiral,3,0,0,1,heading-only,0.04,2.3211563110351676,2.606240844726557,1.4536099752006457,1.5335838591851734,2.9023199549364085,0,roll,14.14,3.709224904661397,0.2623214218289531,0.3434179127216339,0.09343396824859743,0.042874175723235985,0.6123809814453125,0.5113025425832911,0.049001156594854205,1,14.14,-88.55189563291952,6.298182212505081,88.55189563291952,11.150070723086962,,,,,,,off,5.0,legged_eval-seed1,,n/a,settle,0.0,auto,off,,,,,0,WALK,first,on,1000,1,deterministic,20.0,1,200,lo,1.0,0.42,0.5,0.05,dead-reckoned-heading-hold,hold,2.0,0.1,2.649,0.5676
16,staircase_spiral,4,0,0,1,heading-only,0.04,1.6231597900390682,2.7628417968749943,0.9850155993592211,2.224896438753101,3.652448267011285,0,roll,6.82,-16.452626749083834,-2.412408614235166,0.33063238859176636,0.09137240323153492,0.11185363590542438,0.757171630859375,0.6517498847699694,-0.46080076404673226,1,6.82,-89.63035275940717,0.29312842895607794,89.63035275940717,33.74946743103633,,,,,,,off,5.0,legged_eval-seed1,,n/a,settle,0.0,auto,off,,,,,0,WALK,first,on,1000,1,deterministic,20.0,1,200,lo,1.0,0.42,0.5,0.05,dead-reckoned-heading-hold,hold,2.0,0.1,2.649,0.5676
16,staircase_spiral,5,0,0,1,heading-only,0.04,2.451446533203125,1.5083633422851506,1.5324502086385705,1.1616912404452895,2.8886162121592505,0,roll,9.6,10.315189921556765,1.0744989501621631,0.3322882056236267,0.15119234720865887,-0.051212151845296816,-0.48552703857421875,0.4930249922149649,0.12403765690382892,1,9.6,89.79974714413598,-0.26630326019600115,89.79974714413598,12.895170834178558,,,,,,,off,5.0,legged_eval-seed1,,n/a,settle,0.0,auto,off,,,,,0,WALK,first,on,1000,1,deterministic,20.0,1,200,lo,1.0,0.42,0.5,0.05,dead-reckoned-heading-hold,hold,2.0,0.1,2.649,0.5676
16,staircase_spiral,6,0,0,1,heading-only,0.04,1.8874145507812727,2.551339721679682,1.0447392371497095,1.9274574449268123,3.4342331896781646,0,roll,8.38,17.219245596259128,2.0548025771192275,0.3271525502204895,0.10589672443690605,0.06579232955604794,0.5577850341796875,0.39224439715451126,0.3386608097643537,1,8.38,-89.63822137798253,8.857517848454108,89.63822137798253,15.682813859464767,,,,,,,off,5.0,legged_eval-seed1,,n/a,settle,0.0,auto,off,,,,,0,WALK,first,on,1000,1,deterministic,20.0,1,200,lo,1.0,0.42,0.5,0.05,dead-reckoned-heading-hold,hold,2.0,0.1,2.649,0.5676
16,staircase_spiral,7,0,1,1,heading-only,0.04,4.838519287109392,1.6987396240234318,3.8503231204204584,0.6401951969028418,0.6720080801781442,1,timeout,20.0,7.631763023885014,0.3815881511942507,0.3340127766132355,0.1919259643554696,-0.015063018798828409,-0.32208251953125,1.5355120059759115,0.03470072247547786,0,20.0,-3.9499448594501665,-5.2548022524969165,13.325606111853801,7.706092301190395,,,,,,,off,5.0,legged_eval-seed1,,n/a,settle,0.0,auto,off,,,,,0,WALK,first,on,1000,1,deterministic,20.0,1,200,lo,1.0,0.42,0.5,0.05,dead-reckoned-heading-hold,hold,2.0,0.1,2.649,0.5676
16,staircase_spiral,8,0,0,1,heading-only,0.04,1.4062011718750114,1.325761413574213,0.7871448808561712,2.280274032425245,4.047664755877481,0,roll,2.98,14.168106465240783,4.754398142698249,0.3229719400405884,0.13630911807886287,-0.22625455920328422,-0.6718826293945312,0.5494083615913605,0.608762661737558,1,2.98,92.21006538590673,6.325703957764802,92.21006538590673,18.336524097310395,,,,,,,off,5.0,legged_eval-seed1,,n/a,settle,0.0,auto,off,,,,,0,WALK,first,on,1000,1,deterministic,20.0,1,200,lo,1.0,0.42,0.5,0.05,dead-reckoned-heading-hold,hold,2.0,0.1,2.649,0.5676
16,staircase_spiral,9,0,0,1,heading-only,0.04,2.015539550781284,2.757272338867182,1.2667998951746184,1.9676467622657592,3.4468891041642946,0,roll,7.74,-5.525602615330001,-0.7139021466834626,0.3352999985218048,0.13120666030765943,0.09783880347121211,0.7465667724609375,0.5549688315146999,-0.09496425690178602,1,7.74,-86.05464282579366,1.6303288764923627,86.05464282579366,12.055222716122229,,,,,,,off,5.0,legged_eval-seed1,,n/a,settle,0.0,auto,off,,,,,0,WALK,first,on,1000,1,deterministic,20.0,1,200,lo,1.0,0.42,0.5,0.05,dead-reckoned-heading-hold,hold,2.0,0.1,2.649,0.5676
17,squeeze,0,0,1,1,heading-only,0.04,1.7322169542312622,2.218112182617176,0.764012167618903,0.6363993131372985,6.971195987569731,1,timeout,20.0,-0.8505389650983375,-0.042526948254916874,0.3357643783092499,0.03661084771156311,0.010905609130858807,0.209930419921875,0.29761037131657786,-0.020273643312529194,0,20.0,0.8690407025475722,-6.68005604855804,8.41653618465582,11.714652445573536,,,,,,,off,5.0,legged_eval-seed1,,n/a,settle,0.0,auto,off,,,,,0,WALK,first,on,1000,1,deterministic,20.0,1,200,lo,1.0,0.42,0.5,0.05,dead-reckoned-heading-hold,hold,2.0,0.1,2.649,0.5676
17,squeeze,1,0,0,1,heading-only,0.04,0.9608322143554702,1.4284393310546761,0.5729011378218077,0.7857375511976322,8.20908951222505,0,roll,2.06,-9.324886060561596,-4.526643718719221,0.32496488094329834,-0.019013488176956226,-0.27745663541035137,-0.56719970703125,0.3367317589953339,4.155199520523644,1,2.06,89.61086341878077,3.362090267451491,89.61086341878077,13.257997486992652,,,,,,,off,5.0,legged_eval-seed1,,n/a,settle,0.0,auto,off,,,,,0,WALK,first,on,1000,1,deterministic,20.0,1,200,lo,1.0,0.42,0.5,0.05,dead-reckoned-heading-hold,hold,2.0,0.1,2.649,0.5676
17,squeeze,2,0,1,1,heading-only,0.04,1.3711273193359403,2.4860107421874886,0.611507913831959,1.1174130486461693,8.143388576014786,0,roll,4.98,-5.063058162817356,-1.0166783459472601,0.3279315233230591,0.07452355809958641,0.0975925185115439,0.478363037109375,0.4051118444932821,-0.2381043662300407,1,4.98,-90.11478880154868,-4.610529188898828,90.11478880154868,9.154173181554581,,,,,,,off,5.0,legged_eval-seed1,,n/a,settle,0.0,auto,off,,,,,0,WALK,first,on,1000,1,deterministic,20.0,1,200,lo,1.0,0.42,0.5,0.05,dead-reckoned-heading-hold,hold,2.0,0.1,2.649,0.5676
17,squeeze,3,0,1,1,heading-only,0.04,1.3079956054687614,2.782046508789051,0.8405105798841632,1.3016232384812105,7.731657542040842,0,roll,7.58,36.97881309440305,4.8784713844858905,0.32622283697128296,0.04063266562912419,0.10317236263707799,0.791290283203125,0.2030227580467296,2.0954910736295758,1,7.58,-88.1076098353383,-0.24070889456251918,88.1076098353383,13.879060471629037,,,,,,,off,5.0,legged_eval-seed1,,n/a,settle,0.0,auto,off,,,,,0,WALK,first,on,1000,1,deterministic,20.0,1,200,lo,1.0,0.42,0.5,0.05,dead-reckoned-heading-hold,hold,2.0,0.1,2.649,0.5676
17,squeeze,4,0,1,1,heading-only,0.04,1.3222869873046932,2.8901550292968636,0.9467021064561099,1.4247167905119071,8.076914769290312,0,roll,9.52,36.09393336736508,3.791379555395492,0.3233211040496826,0.0338536751370476,0.09350367954798988,0.8715057373046875,0.2860283097643197,1.9546491235167258,1,9.52,-90.70986364314537,3.0052174031122756,90.70986364314537,7.192897888062643,,,,,,,off,5.0,legged_eval-seed1,,n/a,settle,0.0,auto,off,,,,,0,WALK,first,on,1000,1,deterministic,20.0,1,200,lo,1.0,0.42,0.5,0.05,dead-reckoned-heading-hold,hold,2.0,0.1,2.649,0.5676
17,squeeze,5,0,1,1,heading-only,0.04,1.674774169921875,2.1681091308593636,0.6953997844923782,0.690883495382348,7.87701990314917,1,timeout,20.0,1.3402233041199452,0.06701116520599726,0.3262433111667633,0.03373870849609375,0.008405456542968181,0.151153564453125,0.2113242740332337,0.03466538941696384,0,20.0,-14.096749650771415,-16.339880908637785,20.139505316956015,20.37159242168613,,,,,,,off,5.0,legged_eval-seed1,,n/a,settle,0.0,auto,off,,,,,0,WALK,first,on,1000,1,deterministic,20.0,1,200,lo,1.0,0.42,0.5,0.05,dead-reckoned-heading-hold,hold,2.0,0.1,2.649,0.5676
17,squeeze,6,0,1,1,heading-only,0.04,1.3127380371093977,1.3669464111328011,0.7060891772521934,1.3688761474388407,8.909780134403967,0,roll,2.98,0.6298897809974164,0.21137240973067667,0.3229520618915558,0.10494565003671065,-0.21243409022389223,-0.604827880859375,0.42402533158960404,0.035152905302738346,1,2.98,90.58024508167674,-6.279090293665712,90.58024508167674,8.984559576544767,,,,,,,off,5.0,legged_eval-seed1,,n/a,settle,0.0,auto,off,,,,,0,WALK,first,on,1000,1,deterministic,20.0,1,200,lo,1.0,0.42,0.5,0.05,dead-reckoned-heading-hold,hold,2.0,0.1,2.649,0.5676
17,squeeze,7,0,1,1,heading-only,0.04,1.7951690673828296,2.0008422851562386,0.7951695134792099,0.6365946432198221,8.004830976930661,1,timeout,20.0,-23.330640157382987,-1.1665320078691495,0.3278176486492157,0.03975845336914148,4.211425781193156e-05,-0.0110931396484375,0.35663561433760094,-0.5120879370780387,0,20.0,-0.4827696311779305,-6.8766489257807075,22.178467547327397,13.46362612267276,,,,,,,off,5.0,legged_eval-seed1,,n/a,settle,0.0,auto,off,,,,,0,WALK,first,on,1000,1,deterministic,20.0,1,200,lo,1.0,0.42,0.5,0.05,dead-reckoned-heading-hold,hold,2.0,0.1,2.649,0.5676
17,squeeze,8,0,1,1,heading-only,0.04,1.7787902832031364,1.9300720214843636,0.7819234152977544,0.7155162235271896,8.671491675303127,1,timeout,20.0,-16.002231018836284,-0.8001115509418142,0.3263866901397705,0.03893951416015682,-0.0034963989257818183,-0.061920166015625,0.2503392863592296,-0.358622372373142,0,20.0,-1.3176063844012584,-1.732254251507385,14.108450192389762,7.727358792715,,,,,,,off,5.0,legged_eval-seed1,,n/a,settle,0.0,auto,off,,,,,0,WALK,first,on,1000,1,deterministic,20.0,1,200,lo,1.0,0.42,0.5,0.05,dead-reckoned-heading-hold,hold,2.0,0.1,2.649,0.5676
17,squeeze,9,0,0,1,heading-only,0.04,1.025122070312534,1.4131805419921761,0.5873569568102383,0.7548947770390586,9.493032648146494,0,roll,2.9,-6.9532781023236225,-2.397682104249525,0.33253538608551025,0.00866278286639107,-0.2023515372440772,-0.5804443359375,0.32161811358131787,-4.830716385337943,1,2.9,87.93374360949237,9.537333611058948,87.93374360949237,16.458066506122115,,,,,,,off,5.0,legged_eval-seed1,,n/a,settle,0.0,auto,off,,,,,0,WALK,first,on,1000,1,deterministic,20.0,1,200,lo,1.0,0.42,0.5,0.05,dead-reckoned-heading-hold,hold,2.0,0.1,2.649,0.5676
18,agility_poles,0,0,1,1,heading-only,0.04,1.6951322555541992,1.5411956787109204,0.83289270494188,2.6755867586270803,16.611205080179165,0,roll,4.7,29.266254837583887,6.226862731400827,0.33087193965911865,0.14790047990514876,-0.09761794069980416,-0.453857421875,0.5342275691184907,0.7348134150908076,1,4.7,90.82077433630198,0.2309704638925672,90.82077433630198,8.132669433973767,,,,,,,off,5.0,legged_eval-seed1,,n/a,settle,0.0,auto,off,,,,,0,WALK,first,on,1000,1,deterministic,20.0,1,200,lo,1.0,0.42,0.5,0.05,dead-reckoned-heading-hold,hold,2.0,0.1,2.649,0.5676
18,agility_poles,1,0,1,1,heading-only,0.04,1.4479003906250014,1.506298828124983,0.6666000352781224,2.7771362029697677,15.80981002136712,0,roll,3.64,1.2067948371482942,0.3315370431726083,0.3309602737426758,0.12304955786401138,-0.13563219007555413,-0.52392578125,0.28045974528065715,0.047025061252828515,1,3.64,85.98424088293008,5.816548499485164,85.98424088293008,14.22552105876227,,,,,,,off,5.0,legged_eval-seed1,,n/a,settle,0.0,auto,off,,,,,0,WALK,first,on,1000,1,deterministic,20.0,1,200,lo,1.0,0.42,0.5,0.05,dead-reckoned-heading-hold,hold,2.0,0.1,2.649,0.5676
18,agility_poles,2,0,1,1,heading-only,0.04,1.471705627441409,1.195599365234358,0.9325055389493734,2.8452779779525383,15.099735811157204,0,roll,6.0,-12.99191670809111,-2.1653194513485183,0.33162403106689453,0.07861760457356819,-0.13406677246094034,-0.7926177978515625,0.5139143086826723,-0.4807059943952394,1,6.0,90.99530137571575,-4.1264114865142965,90.99530137571575,15.449839351344494,,,,,,,off,5.0,legged_eval-seed1,,n/a,settle,0.0,auto,off,,,,,0,WALK,first,on,1000,1,deterministic,20.0,1,200,lo,1.0,0.42,0.5,0.05,dead-reckoned-heading-hold,hold,2.0,0.1,2.649,0.5676
18,agility_poles,3,0,1,1,heading-only,0.04,2.7176712036132926,1.6148345947265454,1.7603257519964313,1.5588951933484505,12.788130506385846,0,roll,17.740000000000002,-45.26225899337055,-2.5514238440456904,0.3345027267932892,0.0968247578136016,-0.021711691390837347,-0.3804168701171875,1.929397480084862,-0.4599107469828558,1,17.740000000000002,89.03999833239992,0.788990803580234,89.03999833239992,15.015390570337393,,,,,,,off,5.0,legged_eval-seed1,,n/a,settle,0.0,auto,off,,,,,0,WALK,first,on,1000,1,deterministic,20.0,1,200,lo,1.0,0.42,0.5,0.05,dead-reckoned-heading-hold,hold,2.0,0.1,2.649,0.5676
18,agility_poles,4,0,0,1,heading-only,0.04,1.1470092773437557,2.773815917968733,0.7876565257311884,0.850525440644294,13.674902074524686,0,roll,5.46,16.707613833458822,3.060002533600517,0.33309778571128845,0.026924776070284925,0.14172452710050054,0.76849365234375,0.4309174993086814,1.9835678184019998,1,5.46,-86.52119005731538,10.530610783066622,86.52119005731538,16.558506043672153,,,,,,,off,5.0,legged_eval-seed1,,n/a,settle,0.0,auto,off,,,,,0,WALK,first,on,1000,1,deterministic,20.0,1,200,lo,1.0,0.42,0.5,0.05,dead-reckoned-heading-hold,hold,2.0,0.1,2.649,0.5676
18,agility_poles,5,0,1,1,heading-only,0.04,1.33856201171875,2.757824707031233,0.830013567579483,2.013548873341488,12.434552312951919,0,roll,4.6000000000000005,5.76235099235754,1.2526849983385955,0.3285706043243408,0.07360043733016304,0.16474450152852887,0.7288970947265625,0.45394400749812525,0.29705635597341845,1,4.6000000000000005,-87.73296704786473,-0.7518067877501349,87.73296704786473,22.243300559023407,,,,,,,off,5.0,legged_eval-seed1,,n/a,settle,0.0,auto,off,,,,,0,WALK,first,on,1000,1,deterministic,20.0,1,200,lo,1.0,0.42,0.5,0.05,dead-reckoned-heading-hold,hold,2.0,0.1,2.649,0.5676
18,agility_poles,6,0,1,1,heading-only,0.04,1.1793304443359602,1.350872802734358,0.6734430387907211,2.556375317189445,11.888404511035082,0,roll,5.3,-16.568461514430055,-3.126124814043407,0.33411428332328796,0.033835932893577406,-0.12247682967276266,-0.62188720703125,0.3417107555198275,-1.6125215463974836,1,5.3,90.05451885765572,-0.06193691976219681,90.05451885765572,12.498584618375778,,,,,,,off,5.0,legged_eval-seed1,,n/a,settle,0.0,auto,off,,,,,0,WALK,first,on,1000,1,deterministic,20.0,1,200,lo,1.0,0.42,0.5,0.05,dead-reckoned-heading-hold,hold,2.0,0.1,2.649,0.5676
18,agility_poles,7,0,1,1,heading-only,0.04,1.6463958740234546,1.684033203124983,0.7194877640947093,1.8634493624649406,10.35842427274368,0,roll,4.62,5.00529664541358,1.0833975422973117,0.32804837822914124,0.13991252684490357,-0.06839108157467902,-0.3215484619140625,0.3054390322726833,0.1351476858256126,1,4.62,90.15418217561404,-8.047376585585226,90.15418217561404,16.49492734910904,,,,,,,off,5.0,legged_eval-seed1,,n/a,settle,0.0,auto,off,,,,,0,WALK,first,on,1000,1,deterministic,20.0,1,200,lo,1.0,0.42,0.5,0.05,dead-reckoned-heading-hold,hold,2.0,0.1,2.649,0.5676
18,agility_poles,8,0,0,1,heading-only,0.04,1.0310791015625114,2.635998535156233,0.636757447757627,0.7901777937352427,10.288597113070727,0,roll,2.66,0.7955383655392723,0.2990745735110046,0.32471227645874023,0.011683872767861416,0.23909719366775672,0.626953125,0.4273636205574088,0.4467556366347074,1,2.66,-92.19437546209076,-7.094119549839838,92.19437546209076,9.347335398991717,,,,,,,off,5.0,legged_eval-seed1,,n/a,settle,0.0,auto,off,,,,,0,WALK,first,on,1000,1,deterministic,20.0,1,200,lo,1.0,0.42,0.5,0.05,dead-reckoned-heading-hold,hold,2.0,0.1,2.649,0.5676
18,agility_poles,9,0,1,1,heading-only,0.04,2.279791259765659,2.615216064453108,1.419984674048894,0.6166534714331416,7.993917573309663,0,roll,8.42,1.3922703848075457,0.1653527772930577,0.3334807753562927,0.15199421137359373,0.07306604090892019,0.6223602294921875,0.49378262879044393,0.018987238823110573,1,8.42,-86.70452286582696,10.082355132764507,86.70452286582696,15.456162155456656,,,,,,,off,5.0,legged_eval-seed1,,n/a,settle,0.0,auto,off,,,,,0,WALK,first,on,1000,1,deterministic,20.0,1,200,lo,1.0,0.42,0.5,0.05,dead-reckoned-heading-hold,hold,2.0,0.1,2.649,0.5676
19,balance_beam,0,0,0,1,heading-only,0.04,1.2246694564819336,1.4105285644531307,0.630835111579543,0.6506023989501121,8.79510674871697,0,roll,2.94,-5.733222394770451,-1.9500756444797451,0.32877179980278015,0.07641818247684816,-0.20050048828124806,-0.5995635986328125,0.3300098265217677,-0.4453814466136163,1,2.94,86.88391522477049,3.1237077821244843,86.88391522477049,14.986601633225362,,,,,,,off,5.0,legged_eval-seed1,,n/a,settle,0.0,auto,off,,,,,0,WALK,first,on,1000,1,deterministic,20.0,1,200,lo,1.0,0.42,0.5,0.05,dead-reckoned-heading-hold,hold,2.0,0.1,2.649,0.5676
19,balance_beam,1,0,0,1,heading-only,0.04,1.0508438110351577,1.5353607177734432,0.46741283220359786,0.6462437192525983,9.560453628559348,0,roll,2.82,-35.77958694666427,-12.68779678959726,0.330689013004303,0.018029720225233217,-0.16476570291721873,-0.462188720703125,0.15303199623517696,-12.282155576242392,1,2.82,89.50964392517932,0.043504784158031884,89.50964392517932,13.458216687451362,,,,,,,off,5.0,legged_eval-seed1,,n/a,settle,0.0,auto,off,,,,,0,WALK,first,on,1000,1,deterministic,20.0,1,200,lo,1.0,0.42,0.5,0.05,dead-reckoned-heading-hold,hold,2.0,0.1,2.649,0.5676
19,balance_beam,2,0,1,1,heading-only,0.04,1.5830261230468778,1.3786987304687557,0.8520180324830039,1.2781415842217287,9.337666597782773,0,roll,4.5200000000000005,1.9673505794438029,0.4352545529742926,0.3333599269390106,0.1289880803201057,-0.1374560330821337,-0.6289520263671875,0.44736981443535373,0.05889400799550761,1,4.5200000000000005,86.82184509418968,-12.65671887984567,86.82184509418968,12.65671887984567,,,,,,,off,5.0,legged_eval-seed1,,n/a,settle,0.0,auto,off,,,,,0,WALK,first,on,1000,1,deterministic,20.0,1,200,lo,1.0,0.42,0.5,0.05,dead-reckoned-heading-hold,hold,2.0,0.1,2.649,0.5676
19,balance_beam,3,0,1,1,heading-only,0.04,2.397976684570324,3.4052185058593807,1.9821649426351746,1.448640557148588,9.209857082704113,0,roll,5.26,-15.444973992384519,-2.936306842658654,0.3239804208278656,0.2657750350894152,0.2671518071976009,1.4093780517578125,0.7240345173950647,-0.19282556857152164,1,5.26,-86.11947613757728,39.46636571385081,86.11947613757728,39.46636571385081,,,,,,,off,5.0,legged_eval-seed1,,n/a,settle,0.0,auto,off,,,,,0,WALK,first,on,1000,1,deterministic,20.0,1,200,lo,1.0,0.42,0.5,0.05,dead-reckoned-heading-hold,hold,2.0,0.1,2.649,0.5676
19,balance_beam,4,0,2,1,heading-only,0.04,3.807333374023443,2.844564819335943,2.931622487116273,1.0317671557121775,8.335562938617,0,roll,14.88,-9.808957809487254,-0.6592041538633907,0.3293018341064453,0.1886648772865217,0.05675838839623274,0.838623046875,0.8071081222146737,-0.06098264336857259,1,14.88,-86.63742380142824,33.79010011831215,86.63742380142824,36.397144011296575,,,,,,,off,5.0,legged_eval-seed1,,n/a,settle,0.0,auto,off,,,,,0,WALK,first,on,1000,1,deterministic,20.0,1,200,lo,1.0,0.42,0.5,0.05,dead-reckoned-heading-hold,hold,2.0,0.1,2.649,0.5676
19,balance_beam,5,0,1,1,heading-only,0.04,2.56011962890625,1.0739501953125057,1.8142605924343729,0.9631873399046018,9.883360458781109,0,roll,6.44,-4.089943795926445,-0.6350844403612491,0.32160645723342896,0.24225460076184005,-0.14379655352290283,-0.9337310791015625,0.44477215837136264,-0.045754815296103826,1,6.44,88.19011399178176,3.238122403450743,88.19011399178176,11.461416108897321,,,,,,,off,5.0,legged_eval-seed1,,n/a,settle,0.0,auto,off,,,,,0,WALK,first,on,1000,1,deterministic,20.0,1,200,lo,1.0,0.42,0.5,0.05,dead-reckoned-heading-hold,hold,2.0,0.1,2.649,0.5676
19,balance_beam,6,0,1,1,heading-only,0.04,2.5042968750000227,3.696707153320318,2.2675370454003994,1.736731404395362,10.631961213824223,0,roll,6.1000000000000005,0.13221376056637268,0.02167438697809388,0.3306916058063507,0.24660604508197093,0.2781487136590685,1.67218017578125,0.3875700364304643,0.0015339827375009415,1,6.1000000000000005,-91.13778882586715,50.28431329633902,91.13778882586715,50.28431329633902,,,,,,,off,5.0,legged_eval-seed1,,n/a,settle,0.0,auto,off,,,,,0,WALK,first,on,1000,1,deterministic,20.0,1,200,lo,1.0,0.42,0.5,0.05,dead-reckoned-heading-hold,hold,2.0,0.1,2.649,0.5676
19,balance_beam,7,0,1,1,heading-only,0.04,2.244006347656267,2.433340454101568,1.317321427051894,0.8071779876169975,11.364258699151122,0,roll,7.66,127.47748320501873,16.641969086817067,0.3355947434902191,0.16240291744859883,0.05657186084876869,0.398193359375,1.229708781834863,1.788497147361917,1,7.66,97.24302322529888,56.68472967450612,97.24302322529888,66.2923356633202,,,,,,,off,5.0,legged_eval-seed1,,n/a,settle,0.0,auto,off,,,,,0,WALK,first,on,1000,1,deterministic,20.0,1,200,lo,1.0,0.42,0.5,0.05,dead-reckoned-heading-hold,hold,2.0,0.1,2.649,0.5676
19,balance_beam,8,0,0,1,heading-only,0.04,0.9690063476562614,2.5909179687500057,0.5917302191685305,0.7944421342180787,12.94448843650243,0,roll,2.36,16.257908335338414,6.888944209889159,0.33362331986427307,-0.013132903535482472,0.25038896980932446,0.601409912109375,0.3898958000416172,-9.155230457904066,1,2.36,-91.4671192350844,2.481392777106037,91.4671192350844,9.269323688113237,,,,,,,off,5.0,legged_eval-seed1,,n/a,settle,0.0,auto,off,,,,,0,WALK,first,on,1000,1,deterministic,20.0,1,200,lo,1.0,0.42,0.5,0.05,dead-reckoned-heading-hold,hold,2.0,0.1,2.649,0.5676
19,balance_beam,9,0,1,1,heading-only,0.04,1.522436523437534,1.4331878662109432,0.770854017328833,1.582551680761758,12.989935711281198,0,roll,3.7,-3.061861527045835,-0.8275301424448203,0.3339703381061554,0.14119906038852273,-0.15319246859163696,-0.5673675537109375,0.32089580050430894,-0.1022891059290207,1,3.7,86.9679665437648,8.193899285002212,86.9679665437648,13.961833280862558,,,,,,,off,5.0,legged_eval-seed1,,n/a,settle,0.0,auto,off,,,,,0,WALK,first,on,1000,1,deterministic,20.0,1,200,lo,1.0,0.42,0.5,0.05,dead-reckoned-heading-hold,hold,2.0,0.1,2.649,0.5676
