task,task_name,level,episode,goals,settle_ok,heading,heading_cap_rad,final_x_m,final_y_m,travelled_m,dist_to_next_goal_m,dist_to_last_goal_m,alive_at_end,end_cause,upright_s,yaw_cum_deg,yaw_rate_deg_s,base_h_max_m,vx_mean_ms,vy_mean_ms,cross_track_m,cross_track_abs_max_m,curvature_rad_m,fell,episode_s,end_roll_deg,end_pitch_deg,peak_roll_deg,peak_pitch_deg,switches,refused_ticks,steps_alive,frac_WALK,frac_TROT,frac_TURN,yaw_moment,yaw_moment_gain,terrain,planner_set,perception,turn_target,swing_lift_mm,foot_yaw_turn,roll_couple,roll_gain,roll_damp,roll_cap_nm,roll_sign,partial,skill,start_phase,foot_comp,steps,terrain_seed,measurement_seed,episode_length_s,episodes,num_envs,rate,gutter,spawn_z,settle_s,foot_clip_rad,steering,cross_track,cross_track_gain,cross_track_cap,cmd_mean_feet_down,cmd_frac_below_3_feet
0,jump_on_and_off_box,0,0,1,1,heading-only,0.04,1.369444489479065,1.4736367464065552,0.6430765938361651,1.2231277211787388,16.738833470865167,0,roll,6.54,-41.95470690673466,-6.415092799194902,0.322959303855896,0.05648998310077446,-0.08048367791948698,-0.525710940361023,0.27550577729136605,-1.9820238035333293,1,6.54,88.22175331269861,0.3852433369442841,88.22175331269861,17.305575381869428,,,,,,,off,5.0,legged_eval-seed1,,n/a,settle,0.0,auto,off,,,,,0,WALK,first,on,1000,1,deterministic,20.0,1,200,lo,1.0,0.42,0.5,0.05,dead-reckoned-heading-hold,off,,,2.649,0.5676
0,jump_on_and_off_box,1,0,1,1,heading-only,0.04,1.4299789428710952,2.6713685989379883,0.7972563495843115,1.3070376664893546,16.4836988997588,0,roll,5.1000000000000005,5.77562989234238,1.132476449478898,0.3278217911720276,0.0843095966413912,0.1316409017525467,0.6742061376571655,0.4232765050558951,0.23443882466635224,1,5.1000000000000005,-87.27470982844528,-0.30323662050427935,87.27470982844528,12.169875167612362,,,,,,,off,5.0,legged_eval-seed1,,n/a,settle,0.0,auto,off,,,,,0,WALK,first,on,1000,1,deterministic,20.0,1,200,lo,1.0,0.42,0.5,0.05,dead-reckoned-heading-hold,off,,,2.649,0.5676
0,jump_on_and_off_box,2,0,1,1,heading-only,0.04,1.5158187866210966,2.873969078063965,1.0148354398833523,1.2873357097700608,15.80835850195065,0,roll,5.0200000000000005,9.949364259995093,1.9819450717121698,0.3346078395843506,0.10275274633886386,0.17409742590915633,0.8630521297454834,0.4773177889262012,0.33664761602551024,1,5.0200000000000005,-88.55356341100573,-0.9060016984811473,88.55356341100573,10.413275498911686,,,,,,,off,5.0,legged_eval-seed1,,n/a,settle,0.0,auto,off,,,,,0,WALK,first,on,1000,1,deterministic,20.0,1,200,lo,1.0,0.42,0.5,0.05,dead-reckoned-heading-hold,off,,,2.649,0.5676
0,jump_on_and_off_box,3,0,1,1,heading-only,0.04,1.6565444946289176,1.9564262628555298,0.6579888631248072,0.898778311008341,15.443516976937117,1,timeout,20.0,-11.998262933929311,-0.5999131466964656,0.32949531078338623,0.03282722473144588,-0.002178686857223511,-0.035395264625549316,0.1524174454432456,-0.3189565892794829,0,20.0,2.844407930409155,-2.4282485688071875,8.820471203477776,7.019172505874099,,,,,,,off,5.0,legged_eval-seed1,,n/a,settle,0.0,auto,off,,,,,0,WALK,first,on,1000,1,deterministic,20.0,1,200,lo,1.0,0.42,0.5,0.05,dead-reckoned-heading-hold,off,,,2.649,0.5676
0,jump_on_and_off_box,4,0,1,1,heading-only,0.04,1.2977050781250057,1.302870750427246,0.7580352921541891,1.4545660645921885,16.117378538138617,0,roll,9.68,-36.18646585365994,-3.7382712658739607,0.3314533531665802,0.030754656831095628,-0.07201748445999524,-0.7156977653503418,0.2749475085566793,-2.1214719540043268,1,9.68,87.8803846975016,-5.081816146086497,87.8803846975016,11.655631273112705,,,,,,,off,5.0,legged_eval-seed1,,n/a,settle,0.0,auto,off,,,,,0,WALK,first,on,1000,1,deterministic,20.0,1,200,lo,1.0,0.42,0.5,0.05,dead-reckoned-heading-hold,off,,,2.649,0.5676
0,jump_on_and_off_box,5,0,0,1,heading-only,0.04,0.8940277099609375,1.5572500228881836,0.45525560786072383,0.7504864812424669,15.962113872001,0,roll,1.74,-17.221849569109736,-9.897614694890652,0.30868035554885864,-0.060903614964978446,-0.25445400983437727,-0.44088542461395264,0.40830271219622677,2.8363827766044825,1,1.74,87.81056284221332,3.2976655328287867,87.81056284221332,13.28661775478404,,,,,,,off,5.0,legged_eval-seed1,,n/a,settle,0.0,auto,off,,,,,0,WALK,first,on,1000,1,deterministic,20.0,1,200,lo,1.0,0.42,0.5,0.05,dead-reckoned-heading-hold,off,,,2.649,0.5676
0,jump_on_and_off_box,6,0,1,1,heading-only,0.04,1.6408477783203352,2.0555830001831055,0.6432537173522316,0.9439267232006775,14.55925832190462,1,timeout,20.0,6.385709206256394,0.3192854603128197,0.33396607637405396,0.03204238891601676,0.0027791500091552735,0.05639851093292236,0.05402609592103292,0.1739128299956083,0,20.0,-1.732460898062209,-1.5620826432624757,7.624716578352457,6.2248102248106765,,,,,,,off,5.0,legged_eval-seed1,,n/a,settle,0.0,auto,off,,,,,0,WALK,first,on,1000,1,deterministic,20.0,1,200,lo,1.0,0.42,0.5,0.05,dead-reckoned-heading-hold,off,,,2.649,0.5676
0,jump_on_and_off_box,7,0,1,1,heading-only,0.04,1.4479705810547046,1.4127918481826782,0.7385736625761877,1.2211384837576145,15.013517246150595,0,roll,5.6000000000000005,-25.075045197319866,-4.477686642378547,0.3214063048362732,0.07999474661691151,-0.10485859853880745,-0.6222196817398071,0.2347411459814487,-0.9769438380289076,1,5.6000000000000005,91.70683606498505,5.324426559822874,91.70683606498505,15.65118609630448,,,,,,,off,5.0,legged_eval-seed1,,n/a,settle,0.0,auto,off,,,,,0,WALK,first,on,1000,1,deterministic,20.0,1,200,lo,1.0,0.42,0.5,0.05,dead-reckoned-heading-hold,off,,,2.649,0.5676
0,jump_on_and_off_box,8,0,0,1,heading-only,0.04,1.2523315429687614,2.5024824142456055,0.5622808766115811,0.5602037497503267,15.006083690412227,0,roll,2.02,-26.15718764334821,-12.949102793736737,0.33092227578163147,0.12491660543007989,0.24875367041861657,0.5230346918106079,0.4334608030112852,-1.8092428796938826,1,2.02,-90.76146619152397,-8.235052337149249,90.76146619152397,12.487493077992237,,,,,,,off,5.0,legged_eval-seed1,,n/a,settle,0.0,auto,off,,,,,0,WALK,first,on,1000,1,deterministic,20.0,1,200,lo,1.0,0.42,0.5,0.05,dead-reckoned-heading-hold,off,,,2.649,0.5676
0,jump_on_and_off_box,9,0,1,1,heading-only,0.04,1.305914306640659,2.5531132221221924,0.632074204104098,1.2308968577342283,14.104934801984808,0,roll,11.64,32.30782635383764,2.7755864565152613,0.33151355385780334,0.026281297821362466,0.04751831805173474,0.5570211410522461,0.3427028880089428,1.8432545709587167,1,11.64,-90.25789961879107,-8.04904909030836,90.25789961879107,11.986129662470052,,,,,,,off,5.0,legged_eval-seed1,,n/a,settle,0.0,auto,off,,,,,0,WALK,first,on,1000,1,deterministic,20.0,1,200,lo,1.0,0.42,0.5,0.05,dead-reckoned-heading-hold,off,,,2.649,0.5676
1,forward_ramp_lips,0,0,1,1,heading-only,0.04,1.3425520658493042,1.2895723342895504,0.7887010752017676,1.4469336500637044,12.926984166502946,0,roll,6.88,-43.65305245982816,-6.344920415672698,0.32614758610725403,0.049789544454840726,-0.10325983513233279,-0.7128715515136719,0.11614345929016318,-2.2241567630918397,1,6.88,87.32811998183784,2.1276543303180793,87.32811998183784,16.69512479802391,,,,,,,off,5.0,legged_eval-seed1,,n/a,settle,0.0,auto,off,,,,,0,WALK,first,on,1000,1,deterministic,20.0,1,200,lo,1.0,0.42,0.5,0.05,dead-reckoned-heading-hold,off,,,2.649,0.5676
1,forward_ramp_lips,1,0,1,1,heading-only,0.04,1.694223022460939,2.212233161926269,0.7259397495219719,0.892829969476445,11.85767644423504,1,timeout,20.0,30.10478026084334,1.5052390130421671,0.3361256420612335,0.03471115112304694,0.010611658096313458,0.18652057647705078,0.2690351302001126,0.7568569741155153,0,20.0,0.35747118133705597,-10.828547379464482,19.767423594978165,11.292284636993035,,,,,,,off,5.0,legged_eval-seed1,,n/a,settle,0.0,auto,off,,,,,0,WALK,first,on,1000,1,deterministic,20.0,1,200,lo,1.0,0.42,0.5,0.05,dead-reckoned-heading-hold,off,,,2.649,0.5676
1,forward_ramp_lips,2,0,1,1,heading-only,0.04,1.6654769897460966,1.860778427124023,0.6798840123400368,0.787704283600879,11.685352396205568,1,timeout,20.0,14.247615794838907,0.7123807897419454,0.3279886245727539,0.03327384948730483,-0.006961078643798846,-0.13780689239501953,0.3194282749003245,0.37366852650151516,0,20.0,1.904378653528673,0.2300152194973742,11.374231693149174,12.64414600446434,,,,,,,off,5.0,legged_eval-seed1,,n/a,settle,0.0,auto,off,,,,,0,WALK,first,on,1000,1,deterministic,20.0,1,200,lo,1.0,0.42,0.5,0.05,dead-reckoned-heading-hold,off,,,2.649,0.5676
1,forward_ramp_lips,3,0,1,1,heading-only,0.04,1.3095672607421989,1.3821073532104489,0.6911028952913058,1.4703785088156314,13.005119533327537,0,roll,3.56,-9.598959436001252,-2.696336920225071,0.3374878764152527,0.0869570957141008,-0.17356535022178401,-0.5799074172973633,0.29227658966757875,-0.5411859332990581,1,3.56,86.92136075247139,8.316374213961394,86.92136075247139,16.019968651137276,,,,,,,off,5.0,legged_eval-seed1,,n/a,settle,0.0,auto,off,,,,,0,WALK,first,on,1000,1,deterministic,20.0,1,200,lo,1.0,0.42,0.5,0.05,dead-reckoned-heading-hold,off,,,2.649,0.5676
1,forward_ramp_lips,4,0,0,1,heading-only,0.04,1.3335021972656307,2.5403657913208004,0.6349951999903295,0.5654349712788623,12.128541305206339,0,roll,4.14,-13.599833488739733,-3.2849839344781966,0.3283255398273468,0.08055608629604606,0.13052313800019336,0.5087099075317383,0.4034749926708821,-0.7117250622263201,1,4.14,-93.1424052437062,-8.111848889487522,93.1424052437062,15.547787153646626,,,,,,,off,5.0,legged_eval-seed1,,n/a,settle,0.0,auto,off,,,,,0,WALK,first,on,1000,1,deterministic,20.0,1,200,lo,1.0,0.42,0.5,0.05,dead-reckoned-heading-hold,off,,,2.649,0.5676
1,forward_ramp_lips,5,0,1,1,heading-only,0.04,1.3499298095703125,2.5200296401977536,0.6268027586969606,1.2947681932402269,12.61079694668179,0,roll,10.66,32.74257403704303,3.071536025989027,0.3445475399494171,0.032826436169822934,0.04878326831123392,0.5580463409423828,0.40852517135788763,1.6330867130929188,1,10.66,-88.58236629138561,-0.3241152950932853,88.58236629138561,13.847745707704359,,,,,,,off,5.0,legged_eval-seed1,,n/a,settle,0.0,auto,off,,,,,0,WALK,first,on,1000,1,deterministic,20.0,1,200,lo,1.0,0.42,0.5,0.05,dead-reckoned-heading-hold,off,,,2.649,0.5676
1,forward_ramp_lips,6,0,1,1,heading-only,0.04,1.7044921875000227,1.8004594802856442,0.7322060237777633,0.7751595571726843,11.94717428170804,1,timeout,20.0,-37.99601484796,-1.899800742398,0.32345542311668396,0.03522460937500114,-0.00997702598571779,-0.20972919464111328,0.33434507942510217,-0.9413242240298558,0,20.0,0.8935635561373151,-3.006676559542073,10.305083667645329,9.915257012272354,,,,,,,off,5.0,legged_eval-seed1,,n/a,settle,0.0,auto,off,,,,,0,WALK,first,on,1000,1,deterministic,20.0,1,200,lo,1.0,0.42,0.5,0.05,dead-reckoned-heading-hold,off,,,2.649,0.5676
1,forward_ramp_lips,7,0,1,1,heading-only,0.04,1.3110687255859546,2.6196113586425778,0.6933123306249291,1.382808608725507,12.054865593021905,0,roll,11.620000000000001,40.259935902131105,3.4647104907169624,0.3301401436328888,0.026770114077965104,0.05332283637199464,0.5842494964599609,0.3895111860380421,2.2588848712144154,1,11.620000000000001,-87.24249777044017,-1.1041027694864531,87.24249777044017,19.745709082175445,,,,,,,off,5.0,legged_eval-seed1,,n/a,settle,0.0,auto,off,,,,,0,WALK,first,on,1000,1,deterministic,20.0,1,200,lo,1.0,0.42,0.5,0.05,dead-reckoned-heading-hold,off,,,2.649,0.5676
1,forward_ramp_lips,8,0,1,1,heading-only,0.04,1.7129333496093864,1.8776622772216793,0.723353633708883,0.7464191591704671,12.237678159051105,1,timeout,20.0,-43.401397351911015,-2.1700698675955508,0.3399927020072937,0.03564666748046932,-0.006116886138916033,-0.11752796173095703,0.42194317688389704,-1.0625078545872841,0,20.0,1.4118734469433192,-1.3745863481019818,14.042785597983316,11.247976049603617,,,,,,,off,5.0,legged_eval-seed1,,n/a,settle,0.0,auto,off,,,,,0,WALK,first,on,1000,1,deterministic,20.0,1,200,lo,1.0,0.42,0.5,0.05,dead-reckoned-heading-hold,off,,,2.649,0.5676
1,forward_ramp_lips,9,0,1,1,heading-only,0.04,1.652899169921909,2.060278511047363,0.6556758535883451,0.8052321747553021,11.79725482872702,1,timeout,20.0,7.314050606503855,0.36570253032519273,0.338868111371994,0.03264495849609546,0.003013925552368146,0.030979156494140625,0.12404044837812356,0.19551911018090087,0,20.0,1.716320061503653,-1.092463484368493,9.283494923502438,7.8431606377497465,,,,,,,off,5.0,legged_eval-seed1,,n/a,settle,0.0,auto,off,,,,,0,WALK,first,on,1000,1,deterministic,20.0,1,200,lo,1.0,0.42,0.5,0.05,dead-reckoned-heading-hold,off,,,2.649,0.5676
2,sphere_bump_lips,0,0,0,1,heading-only,0.04,0.6113532781600952,2.691348266601562,0.7931006872584896,1.125902048123989,15.753823759983321,0,roll,1.28,-7.6326502981705175,-5.963008045445717,0.31398749351501465,-0.3036302514374256,0.5401158332824701,0.6977081298828125,0.509899341560651,0.34276598996061425,1,1.28,-91.32194657354263,0.31685458196039895,91.32194657354263,11.459423286408827,,,,,,,off,5.0,legged_eval-seed1,,n/a,settle,0.0,auto,off,,,,,0,WALK,first,on,1000,1,deterministic,20.0,1,200,lo,1.0,0.42,0.5,0.05,dead-reckoned-heading-hold,off,,,2.649,0.5676
2,sphere_bump_lips,1,0,0,1,heading-only,0.04,1.1303878784179702,2.263671112060546,0.2941486939858555,0.45402155869034927,14.871949673853608,1,timeout,20.0,67.30930587076344,3.365465293538172,0.32244551181793213,0.0065193939208985086,0.013183555603027308,0.2826118469238281,0.06226593063586222,9.009802283237882,0,20.0,-2.5013882066446396,-7.197550605139639,11.353564494446761,9.184031356935243,,,,,,,off,5.0,legged_eval-seed1,,n/a,settle,0.0,auto,off,,,,,0,WALK,first,on,1000,1,deterministic,20.0,1,200,lo,1.0,0.42,0.5,0.05,dead-reckoned-heading-hold,off,,,2.649,0.5676
2,sphere_bump_lips,2,0,1,1,heading-only,0.04,4.35989685058594,2.295949172973632,3.3729056849489725,1.4902600981284424,11.393947325983032,1,timeout,20.0,-15.762198149929247,-0.7881099074964624,0.33409541845321655,0.16799484252929703,0.014797458648681604,0.28014373779296875,1.2569117730148243,-0.08187818474845394,0,20.0,10.940135064146848,-6.1063653290004245,12.680677521738252,9.321340207513062,,,,,,,off,5.0,legged_eval-seed1,,n/a,settle,0.0,auto,off,,,,,0,WALK,first,on,1000,1,deterministic,20.0,1,200,lo,1.0,0.42,0.5,0.05,dead-reckoned-heading-hold,off,,,2.649,0.5676
2,sphere_bump_lips,3,0,1,1,heading-only,0.04,1.5826385498046989,2.5035163879394524,0.7700626160528218,1.086590716655977,13.926466834351986,0,roll,7.48,14.889329277571733,1.9905520424561138,0.3362230062484741,0.07789285425196509,0.06731502512559524,0.5010356903076172,0.27585077750845155,0.4460189244160439,1,7.48,-90.98776841103813,8.888798591124758,90.98776841103813,13.26309203780393,,,,,,,off,5.0,legged_eval-seed1,,n/a,settle,0.0,auto,off,,,,,0,WALK,first,on,1000,1,deterministic,20.0,1,200,lo,1.0,0.42,0.5,0.05,dead-reckoned-heading-hold,off,,,2.649,0.5676
2,sphere_bump_lips,4,0,0,1,heading-only,0.04,1.4067901611328182,1.418406677246093,0.7097387042189501,0.5890151671507078,13.455784687816879,0,roll,4.66,13.201370469801077,2.8329121179830636,0.32866623997688293,0.087294025994167,-0.12480543406736201,-0.5910224914550781,0.47457944746345887,0.5664035232119362,1,4.66,90.47680941131286,-12.11527969386885,90.47680941131286,18.05674895400107,,,,,,,off,5.0,legged_eval-seed1,,n/a,settle,0.0,auto,off,,,,,0,WALK,first,on,1000,1,deterministic,20.0,1,200,lo,1.0,0.42,0.5,0.05,dead-reckoned-heading-hold,off,,,2.649,0.5676
2,sphere_bump_lips,5,0,1,1,heading-only,0.04,2.4921875,2.080626678466796,1.4943641445232945,0.6866115012606442,12.058082059201501,1,timeout,20.0,-8.6591218031256,-0.43295609015628,0.3279772400856018,0.074609375,0.004031333923339808,0.08498954772949219,0.4428545831184166,-0.10128096220868353,0,20.0,2.988732893033403,-5.756521989635249,6.954989302278605,8.888993263983318,,,,,,,off,5.0,legged_eval-seed1,,n/a,settle,0.0,auto,off,,,,,0,WALK,first,on,1000,1,deterministic,20.0,1,200,lo,1.0,0.42,0.5,0.05,dead-reckoned-heading-hold,off,,,2.649,0.5676
2,sphere_bump_lips,6,0,1,1,heading-only,0.04,1.5057617187500227,1.6226646423339837,0.6310125896508861,1.169835957505442,12.649867338639265,0,roll,5.72,-31.78429798181884,-5.55669545136693,0.32816699147224426,0.08841988090035363,-0.06596771987168118,-0.4054603576660156,0.15080917633583663,-1.0968419112240346,1,5.72,91.43843752905693,9.940625953437937,91.43843752905693,16.592901269958265,,,,,,,off,5.0,legged_eval-seed1,,n/a,settle,0.0,auto,off,,,,,0,WALK,first,on,1000,1,deterministic,20.0,1,200,lo,1.0,0.42,0.5,0.05,dead-reckoned-heading-hold,off,,,2.649,0.5676
2,sphere_bump_lips,7,0,0,1,heading-only,0.04,0.843676757812517,1.371388626098632,0.6477570651457009,0.9087972588171989,12.821741973803311,0,roll,1.96,-33.31752781753843,-16.998738682417567,0.32069528102874756,-0.07975675621810355,-0.3207200887251877,-0.6428871154785156,0.4203212577618511,3.7198598935367264,1,1.96,87.23000846829397,11.194328533320668,87.23000846829397,17.078898670792295,,,,,,,off,5.0,legged_eval-seed1,,n/a,settle,0.0,auto,off,,,,,0,WALK,first,on,1000,1,deterministic,20.0,1,200,lo,1.0,0.42,0.5,0.05,dead-reckoned-heading-hold,off,,,2.649,0.5676
2,sphere_bump_lips,8,0,1,1,heading-only,0.04,3.4002197265625114,2.7232601165771477,2.506822676618952,1.0511596474248335,10.075772364469348,0,roll,14.68,-12.158869632732632,-0.8282608741643482,0.3309795558452606,0.16350270616910842,0.0492684003117948,0.7253265380859375,0.9946560825415967,-0.08841370065558923,1,14.68,-86.76041882789355,-11.723985769901258,86.76041882789355,17.906854676725604,,,,,,,off,5.0,legged_eval-seed1,,n/a,settle,0.0,auto,off,,,,,0,WALK,first,on,1000,1,deterministic,20.0,1,200,lo,1.0,0.42,0.5,0.05,dead-reckoned-heading-hold,off,,,2.649,0.5676
2,sphere_bump_lips,9,0,1,1,heading-only,0.04,1.305303955078159,2.59078140258789,0.665006143302512,1.64831847110993,11.859420182379502,0,roll,5.32,19.20932132043322,3.6107746842919584,0.33450013399124146,0.057387961480856974,0.11104913582479133,0.5881500244140625,0.23928722878521394,1.0981380966036778,1,5.32,-88.4637621672013,6.931507267888344,88.4637621672013,15.590988463150946,,,,,,,off,5.0,legged_eval-seed1,,n/a,settle,0.0,auto,off,,,,,0,WALK,first,on,1000,1,deterministic,20.0,1,200,lo,1.0,0.42,0.5,0.05,dead-reckoned-heading-hold,off,,,2.649,0.5676
3,forward_ramp_no_lips,0,0,1,1,heading-only,0.04,1.9618098735809326,2.7425601959228487,1.2151024144024853,0.8255009153583259,8.769684277670244,0,roll,10.9,6.0046774908474845,0.5508878431970169,0.36389851570129395,0.08823943794320482,0.06812478861677511,0.7496967315673828,0.4017798802108679,0.10896269170692979,1,10.9,-89.24255253675247,-14.95819028822782,89.24255253675247,24.368146593037157,,,,,,,off,5.0,legged_eval-seed1,,n/a,settle,0.0,auto,off,,,,,0,WALK,first,on,1000,1,deterministic,20.0,1,200,lo,1.0,0.42,0.5,0.05,dead-reckoned-heading-hold,off,,,2.649,0.5676
3,forward_ramp_no_lips,1,0,1,1,heading-only,0.04,1.690835571289064,1.3827999114990206,0.9263853063406738,0.9849774657737923,9.17993621880944,0,roll,8.4,-47.35473455460826,-5.637468399358125,0.353377103805542,0.08224232991536475,-0.07347620101202136,-0.6158638000488281,0.23991682403037545,-1.1963715661653687,1,8.4,90.84583608360958,-2.5763673455220766,90.84583608360958,27.68388218676072,,,,,,,off,5.0,legged_eval-seed1,,n/a,settle,0.0,auto,off,,,,,0,WALK,first,on,1000,1,deterministic,20.0,1,200,lo,1.0,0.42,0.5,0.05,dead-reckoned-heading-hold,off,,,2.649,0.5676
3,forward_ramp_no_lips,2,0,1,1,heading-only,0.04,1.5569641113281278,2.6131904602050753,0.8283788757531443,1.093907965672727,9.11368773950267,0,roll,6.38,29.024276737449867,4.5492596767162805,0.3357487618923187,0.08729845005143069,0.09611135739891462,0.6064395904541016,0.22952339814890665,0.9095185520491456,1,6.38,-89.98687095088528,1.306934183263213,89.98687095088528,18.256495259438008,,,,,,,off,5.0,legged_eval-seed1,,n/a,settle,0.0,auto,off,,,,,0,WALK,first,on,1000,1,deterministic,20.0,1,200,lo,1.0,0.42,0.5,0.05,dead-reckoned-heading-hold,off,,,2.649,0.5676
3,forward_ramp_no_lips,3,0,1,1,heading-only,0.04,1.3667648315429801,2.5778606414794893,0.6844263018235327,1.1331840711639107,9.600641604336795,0,roll,4.54,20.618198369055307,4.5414533852544725,0.3405717611312866,0.08078520518567844,0.12728207962103288,0.569732666015625,0.2730395417604752,0.981161268531194,1,4.54,-87.01389908538223,12.026610841486136,87.01389908538223,14.874149626996498,,,,,,,off,5.0,legged_eval-seed1,,n/a,settle,0.0,auto,off,,,,,0,WALK,first,on,1000,1,deterministic,20.0,1,200,lo,1.0,0.42,0.5,0.05,dead-reckoned-heading-hold,off,,,2.649,0.5676
3,forward_ramp_no_lips,4,0,0,1,heading-only,0.04,1.3235687255859432,2.493656921386716,0.5902489950947156,0.5242376852386506,8.940071165984664,0,roll,3.3000000000000003,-11.742526592497484,-3.5583413916659037,0.3227260708808899,0.09805112896543731,0.149593006480823,0.5019817352294922,0.33033844041435234,-0.6333917197063468,1,3.3000000000000003,-91.21936358700148,2.768064687376086,91.21936358700148,10.082842897265518,,,,,,,off,5.0,legged_eval-seed1,,n/a,settle,0.0,auto,off,,,,,0,WALK,first,on,1000,1,deterministic,20.0,1,200,lo,1.0,0.42,0.5,0.05,dead-reckoned-heading-hold,off,,,2.649,0.5676
3,forward_ramp_no_lips,5,0,1,1,heading-only,0.04,1.692169189453125,2.7696846008300753,1.03513891414783,0.939616798225293,9.090473770780443,0,roll,6.36,8.924141164035518,1.4031668496911192,0.34981870651245117,0.10883163356181211,0.12101959132548352,0.7645206451416016,0.44887191273398763,0.22502539638934219,1,6.36,-94.24116082872823,-6.232286363976582,94.24116082872823,11.858639691481564,,,,,,,off,5.0,legged_eval-seed1,,n/a,settle,0.0,auto,off,,,,,0,WALK,first,on,1000,1,deterministic,20.0,1,200,lo,1.0,0.42,0.5,0.05,dead-reckoned-heading-hold,off,,,2.649,0.5676
3,forward_ramp_no_lips,6,0,1,1,heading-only,0.04,1.3567901611328352,2.6723640441894503,0.7611653085893941,1.3224076459177363,9.66662140586582,0,roll,6.98,19.222203049655633,2.75389728505095,0.33299344778060913,0.05111606893020562,0.09632722696123928,0.6708297729492188,0.27776252602596185,0.9403026463459023,1,6.98,-87.63459966365156,7.971931390211829,87.63459966365156,19.83824954819372,,,,,,,off,5.0,legged_eval-seed1,,n/a,settle,0.0,auto,off,,,,,0,WALK,first,on,1000,1,deterministic,20.0,1,200,lo,1.0,0.42,0.5,0.05,dead-reckoned-heading-hold,off,,,2.649,0.5676
3,forward_ramp_no_lips,7,0,1,1,heading-only,0.04,1.7175933837890796,2.5304935455322237,0.892392103455208,0.8553478628486405,9.896634980132418,0,roll,8.68,7.8819342569064474,0.9080569420399134,0.333391934633255,0.08267204882362668,0.06111676791845896,0.5216255187988281,0.32651967574754376,0.1917042538524637,1,8.68,-89.55561929414957,-11.5630103565324,89.55561929414957,15.974999832691639,,,,,,,off,5.0,legged_eval-seed1,,n/a,settle,0.0,auto,off,,,,,0,WALK,first,on,1000,1,deterministic,20.0,1,200,lo,1.0,0.42,0.5,0.05,dead-reckoned-heading-hold,off,,,2.649,0.5676
3,forward_ramp_no_lips,8,0,1,1,heading-only,0.04,1.5608032226562614,2.55079536437988,0.7860507540636374,0.9593644453560848,9.954446650225341,0,roll,8.38,16.851118854080426,2.0108733716086427,0.3373374938964844,0.06692162561530565,0.06572737045105966,0.5379867553710938,0.2336063885732151,0.5244397584870291,1,8.38,-88.1149483081648,1.040331280131913,88.1149483081648,19.23922030462696,,,,,,,off,5.0,legged_eval-seed1,,n/a,settle,0.0,auto,off,,,,,0,WALK,first,on,1000,1,deterministic,20.0,1,200,lo,1.0,0.42,0.5,0.05,dead-reckoned-heading-hold,off,,,2.649,0.5676
3,forward_ramp_no_lips,9,0,1,1,heading-only,0.04,1.501745605468784,2.4792583465576143,0.6938567686146581,1.007734860951685,9.660150176075712,0,roll,5.3,10.71261427555072,2.021247976519004,0.3272257149219513,0.09466898216392153,0.09042610312407819,0.46698760986328125,0.29186669529401243,0.37263981700411614,1,5.3,-90.92040956860042,8.721356258146336,90.92040956860042,14.049728303218966,,,,,,,off,5.0,legged_eval-seed1,,n/a,settle,0.0,auto,off,,,,,0,WALK,first,on,1000,1,deterministic,20.0,1,200,lo,1.0,0.42,0.5,0.05,dead-reckoned-heading-hold,off,,,2.649,0.5676
4,flush_a_frame,0,0,1,1,heading-only,0.04,1.8811085224151611,1.6863502502441392,0.9352691558019769,0.8113401108198603,12.222916391210298,0,roll,6.34,16.67899496817452,2.6307563041284734,0.3432052731513977,0.13897610763646076,-0.04947156936212316,-0.3251190185546875,0.4096894140821604,0.33038311480665716,1,6.34,86.73989982109221,-7.661011455527871,86.73989982109221,10.378801028935476,,,,,,,off,5.0,legged_eval-seed1,,n/a,settle,0.0,auto,off,,,,,0,WALK,first,on,1000,1,deterministic,20.0,1,200,lo,1.0,0.42,0.5,0.05,dead-reckoned-heading-hold,off,,,2.649,0.5676
4,flush_a_frame,1,0,1,1,heading-only,0.04,1.3774658203125014,2.846182250976561,0.9265553665982132,1.638616281731443,12.950209034106729,0,roll,6.8,16.83424017429823,2.4756235550438577,0.3371957540512085,0.0555096794577208,0.12443856632008252,0.8032684326171875,0.41176507906361703,0.7783828423716947,1,6.8,-89.02529631337882,3.9691877947262006,89.02529631337882,20.040708306321452,,,,,,,off,5.0,legged_eval-seed1,,n/a,settle,0.0,auto,off,,,,,0,WALK,first,on,1000,1,deterministic,20.0,1,200,lo,1.0,0.42,0.5,0.05,dead-reckoned-heading-hold,off,,,2.649,0.5676
4,flush_a_frame,2,0,1,1,heading-only,0.04,1.543605041503909,2.6386703491210923,0.8386931834675448,1.3242914040939355,11.773730175054917,0,roll,5.9,23.267154301420618,3.943585474817054,0.33073270320892334,0.09213644771252696,0.10824921171543937,0.6304359436035156,0.12191810744738862,0.7470284841470345,1,5.9,-87.87822964979148,5.242902339571176,87.87822964979148,19.25586115694209,,,,,,,off,5.0,legged_eval-seed1,,n/a,settle,0.0,auto,off,,,,,0,WALK,first,on,1000,1,deterministic,20.0,1,200,lo,1.0,0.42,0.5,0.05,dead-reckoned-heading-hold,off,,,2.649,0.5676
4,flush_a_frame,3,0,1,1,heading-only,0.04,1.7122848510742301,2.7009452819824205,0.9993367787704269,1.0326350617679645,13.006616357760747,0,roll,6.22,-6.812811992303381,-1.0953073942609937,0.33176112174987793,0.11451524936884729,0.11269216752128947,0.6974868774414062,0.5547364725654047,-0.1669360234261909,1,6.22,-91.40754504808888,-1.203826436355452,91.40754504808888,21.084549969023136,,,,,,,off,5.0,legged_eval-seed1,,n/a,settle,0.0,auto,off,,,,,0,WALK,first,on,1000,1,deterministic,20.0,1,200,lo,1.0,0.42,0.5,0.05,dead-reckoned-heading-hold,off,,,2.649,0.5676
4,flush_a_frame,4,0,1,1,heading-only,0.04,1.6409973144531307,1.4603561401367173,0.8379099310929952,1.111002989111131,12.570591233154522,0,roll,6.2,-3.1816063231313763,-0.51316231018248,0.3324645161628723,0.10338666362147268,-0.08703933223601333,-0.5373039245605469,0.3301168787283282,-0.08662985723783936,1,6.2,90.20711440673279,-2.108997965382553,90.20711440673279,16.094827671336365,,,,,,,off,5.0,legged_eval-seed1,,n/a,settle,0.0,auto,off,,,,,0,WALK,first,on,1000,1,deterministic,20.0,1,200,lo,1.0,0.42,0.5,0.05,dead-reckoned-heading-hold,off,,,2.649,0.5676
4,flush_a_frame,5,0,1,1,heading-only,0.04,1.2610321044921875,2.45957794189453,0.5285353765374955,1.6624953856865556,13.646708655912933,0,roll,7.76,64.85999284241532,8.358246500311253,0.34609875082969666,0.03363815779538499,0.05922396158434663,0.45838165283203125,0.5571640183547625,4.336709578778972,1,7.76,-90.75979936786946,-1.8904737319237306,90.75979936786946,14.196479012532679,,,,,,,off,5.0,legged_eval-seed1,,n/a,settle,0.0,auto,off,,,,,0,WALK,first,on,1000,1,deterministic,20.0,1,200,lo,1.0,0.42,0.5,0.05,dead-reckoned-heading-hold,off,,,2.649,0.5676
4,flush_a_frame,6,0,1,1,heading-only,0.04,1.4043060302734602,2.5684989929199205,0.6976062435689978,1.538927694134551,13.80740247879013,0,roll,3.6,-34.15763648213127,-9.488232356147574,0.32501059770584106,0.11230723063151674,0.1579163869222001,0.5614280700683594,0.544790771471519,-1.4745345769621523,1,3.6,-87.1834083775988,-1.5848360916556683,87.1834083775988,28.193953942588738,,,,,,,off,5.0,legged_eval-seed1,,n/a,settle,0.0,auto,off,,,,,0,WALK,first,on,1000,1,deterministic,20.0,1,200,lo,1.0,0.42,0.5,0.05,dead-reckoned-heading-hold,off,,,2.649,0.5676
4,flush_a_frame,7,0,1,1,heading-only,0.04,1.6311676025390796,1.297518157958983,0.9443798393084585,1.1962168634179218,12.08925953797006,0,roll,6.3,-10.490341931680462,-1.6651336399492798,0.3286531865596771,0.10018533373636183,-0.11150505429222493,-0.671234130859375,0.3497964903659503,-0.2900830233226519,1,6.3,87.2380012658895,9.22278726265036,87.2380012658895,12.541103609640446,,,,,,,off,5.0,legged_eval-seed1,,n/a,settle,0.0,auto,off,,,,,0,WALK,first,on,1000,1,deterministic,20.0,1,200,lo,1.0,0.42,0.5,0.05,dead-reckoned-heading-hold,off,,,2.649,0.5676
4,flush_a_frame,8,0,1,1,heading-only,0.04,1.1638916015625114,2.631155395507811,0.652087103339229,1.4505147036176618,12.65186123028313,0,roll,4.0600000000000005,8.058019727969508,1.9847339231451988,0.3325793147087097,0.04036738954741659,0.15545699396744114,0.6290779113769531,0.39514607176689154,0.8581219177974982,1,4.0600000000000005,-88.51432480845223,4.681382666376793,88.51432480845223,13.935539360184599,,,,,,,off,5.0,legged_eval-seed1,,n/a,settle,0.0,auto,off,,,,,0,WALK,first,on,1000,1,deterministic,20.0,1,200,lo,1.0,0.42,0.5,0.05,dead-reckoned-heading-hold,off,,,2.649,0.5676
4,flush_a_frame,9,0,1,1,heading-only,0.04,1.420538330078159,2.8677238464355455,0.964259903105913,1.346293981261423,12.609353693933155,0,roll,12.3,29.704213725883392,2.4149767256815764,0.33931592106819153,0.0341901081364357,0.07054665418175166,0.8603096008300781,0.29243301351503204,1.232792100392855,1,12.3,-89.0151209874218,-4.979401966609807,89.0151209874218,22.287480037762027,,,,,,,off,5.0,legged_eval-seed1,,n/a,settle,0.0,auto,off,,,,,0,WALK,first,on,1000,1,deterministic,20.0,1,200,lo,1.0,0.42,0.5,0.05,dead-reckoned-heading-hold,off,,,2.649,0.5676
5,sphere_bump,0,0,0,1,heading-only,0.04,1.035935401916504,2.0563430786132812,0.06682735681233445,0.4674724523456106,14.914171025515131,1,timeout,20.0,0.4427789023899038,0.02213894511949519,0.33970192074775696,0.0017967700958251953,0.0028171539306640625,0.054229736328125,0.09313445789253022,0.21505115548801546,0,20.0,-5.161594577518771,7.218894451611639,11.450300645637665,9.080748793867306,,,,,,,off,5.0,legged_eval-seed1,,n/a,settle,0.0,auto,off,,,,,0,WALK,first,on,1000,1,deterministic,20.0,1,200,lo,1.0,0.42,0.5,0.05,dead-reckoned-heading-hold,off,,,2.649,0.5676
5,sphere_bump,1,0,1,1,heading-only,0.04,1.9474502563476577,2.5290451049804688,1.085150087018859,1.1187207669799766,13.612833953723241,0,roll,8.88,15.101086975190128,1.7005728575664558,0.3285670876502991,0.10669484868779928,0.059577151461764496,0.5563163757324219,0.4827085068423895,0.27818208563594166,1,8.88,-87.45592929298358,6.888019562685948,87.45592929298358,9.273178618323882,,,,,,,off,5.0,legged_eval-seed1,,n/a,settle,0.0,auto,off,,,,,0,WALK,first,on,1000,1,deterministic,20.0,1,200,lo,1.0,0.42,0.5,0.05,dead-reckoned-heading-hold,off,,,2.649,0.5676
5,sphere_bump,2,0,1,1,heading-only,0.04,1.1590377807617216,1.470703125,0.552673680931505,1.7927168390807497,14.20082969018829,0,roll,2.86,-12.3931876138044,-4.333282382449092,0.32191845774650574,0.05560761565095161,-0.18506883741258742,-0.5440406799316406,0.3108038475976276,-1.3600663165838607,1,2.86,88.66589739574572,-0.207085690842307,88.66589739574572,15.597330161781858,,,,,,,off,5.0,legged_eval-seed1,,n/a,settle,0.0,auto,off,,,,,0,WALK,first,on,1000,1,deterministic,20.0,1,200,lo,1.0,0.42,0.5,0.05,dead-reckoned-heading-hold,off,,,2.649,0.5676
5,sphere_bump,3,0,1,1,heading-only,0.04,2.7011001586914176,2.83258056640625,1.8939197843249111,1.7008905001355674,11.977871172173366,0,roll,17.04,3.2706417499296663,0.1919390698315532,0.3351416289806366,0.0998298215194494,0.04886036187830106,0.8215827941894531,0.5321179128789914,0.03355679375950063,1,17.04,-87.57171327305097,3.9206386385817154,87.57171327305097,14.707012022025042,,,,,,,off,5.0,legged_eval-seed1,,n/a,settle,0.0,auto,off,,,,,0,WALK,first,on,1000,1,deterministic,20.0,1,200,lo,1.0,0.42,0.5,0.05,dead-reckoned-heading-hold,off,,,2.649,0.5676
5,sphere_bump,4,0,0,1,heading-only,0.04,1.2286895751953182,2.77313232421875,0.8062459380083111,0.8193551960899396,13.34372680418638,0,roll,2.86,0.5953115855450335,0.208150904036725,0.3211522400379181,0.07996138992843294,0.27032598748907344,0.7605056762695312,0.5368162339070095,0.0454334100457126,1,2.86,-89.85814291312558,2.027288180708747,89.85814291312558,10.91585935919863,,,,,,,off,5.0,legged_eval-seed1,,n/a,settle,0.0,auto,off,,,,,0,WALK,first,on,1000,1,deterministic,20.0,1,200,lo,1.0,0.42,0.5,0.05,dead-reckoned-heading-hold,off,,,2.649,0.5676
5,sphere_bump,5,0,0,1,heading-only,0.04,0.8733062744140625,1.4196929931640625,0.5939760283763391,0.8541084520549291,13.339322392001558,0,roll,2.0,-26.978301047186363,-13.489150523593182,0.3112029433250427,-0.06334686279296875,-0.29015350341796875,-0.58001708984375,0.3669174435910966,3.7165232744556667,1,2.0,88.77786186052025,12.071748706694882,88.77786186052025,20.070139377686104,,,,,,,off,5.0,legged_eval-seed1,,n/a,settle,0.0,auto,off,,,,,0,WALK,first,on,1000,1,deterministic,20.0,1,200,lo,1.0,0.42,0.5,0.05,dead-reckoned-heading-hold,off,,,2.649,0.5676
5,sphere_bump,6,0,1,1,heading-only,0.04,1.6434570312500227,1.315338134765625,0.9395737441900482,1.096384825245705,12.425420327101454,0,roll,5.62,-23.67005354166207,-4.211753299228127,0.33479201793670654,0.11449413367438127,-0.12182595466803825,-0.6805839538574219,0.3882084082970546,-0.6420325652869044,1,5.62,87.33473840136782,10.93328575517354,87.33473840136782,13.447249232486755,,,,,,,off,5.0,legged_eval-seed1,,n/a,settle,0.0,auto,off,,,,,0,WALK,first,on,1000,1,deterministic,20.0,1,200,lo,1.0,0.42,0.5,0.05,dead-reckoned-heading-hold,off,,,2.649,0.5676
5,sphere_bump,7,0,0,1,heading-only,0.04,2.1970245361328296,0.8932304382324219,1.6302780753476422,1.307968679604517,11.605868383346909,0,roll,11.78,-13.818193799011738,-1.1730215449076178,0.33573028445243835,0.10161498608937433,-0.09395327349470103,-1.0788459777832031,0.5791690313867539,-0.20147705514087833,1,11.78,89.85715606466108,-1.4512360928776378,89.85715606466108,9.813552471580262,,,,,,,off,5.0,legged_eval-seed1,,n/a,settle,0.0,auto,off,,,,,0,WALK,first,on,1000,1,deterministic,20.0,1,200,lo,1.0,0.42,0.5,0.05,dead-reckoned-heading-hold,off,,,2.649,0.5676
5,sphere_bump,8,0,1,1,heading-only,0.04,1.7010925292968864,2.7379150390625,1.017865089051843,1.9357062699021927,11.722156568351542,0,roll,4.58,-19.96547301859212,-4.359273584845441,0.33030959963798523,0.15307697146220225,0.16111682075600436,0.7439002990722656,0.7370593973362877,-0.4970288889570558,1,4.58,-88.1653249268011,-0.34620340102943054,88.1653249268011,30.569096892798257,,,,,,,off,5.0,legged_eval-seed1,,n/a,settle,0.0,auto,off,,,,,0,WALK,first,on,1000,1,deterministic,20.0,1,200,lo,1.0,0.42,0.5,0.05,dead-reckoned-heading-hold,off,,,2.649,0.5676
5,sphere_bump,9,0,1,1,heading-only,0.04,1.527319335937534,2.5980758666992188,0.7973458624597131,1.372682012623415,11.737927274178864,0,roll,7.640000000000001,6.360869379558295,0.8325745261201957,0.32294386625289917,0.06902085548920603,0.07828218150513334,0.59222412109375,0.3375060138312816,0.21053298522649333,1,7.640000000000001,-86.65021430084954,10.302711953273581,86.65021430084954,15.225963443971814,,,,,,,off,5.0,legged_eval-seed1,,n/a,settle,0.0,auto,off,,,,,0,WALK,first,on,1000,1,deterministic,20.0,1,200,lo,1.0,0.42,0.5,0.05,dead-reckoned-heading-hold,off,,,2.649,0.5676
6,box_jump_even,0,0,1,1,heading-only,0.04,1.4152084589004517,2.8098083496093693,0.9100481456711719,1.4135322977864828,10.067414307379035,0,roll,4.5,-0.4519776131849369,-0.10043946959665265,0.32873356342315674,0.09226854642232259,0.1799574110243043,0.78326416015625,0.5199163512207993,-0.018998884358648844,1,4.5,-86.58638223586891,10.76670391658386,86.58638223586891,17.652519858554413,,,,,,,off,5.0,legged_eval-seed1,,n/a,settle,0.0,auto,off,,,,,0,WALK,first,on,1000,1,deterministic,20.0,1,200,lo,1.0,0.42,0.5,0.05,dead-reckoned-heading-hold,off,,,2.649,0.5676
6,box_jump_even,1,0,2,1,heading-only,0.04,3.301133728027345,2.03909072875976,2.3014657328189783,0.7116914484545742,7.948962391078436,0,below,10.08,-34.18607699003368,-3.391475891868421,0.3320368826389313,0.228287076193189,0.0038780484880714225,0.029071807861328125,1.2248954997111645,-0.259289407890192,1,10.08,-15.9655835594985,63.53680645843157,23.96760445647234,69.4214160757104,,,,,,,off,5.0,legged_eval-seed1,,n/a,settle,0.0,auto,off,,,,,0,WALK,first,on,1000,1,deterministic,20.0,1,200,lo,1.0,0.42,0.5,0.05,dead-reckoned-heading-hold,off,,,2.649,0.5676
6,box_jump_even,2,0,1,1,heading-only,0.04,1.4340621948242216,2.704343414306635,0.827350974044721,1.2521679944994943,10.09055021011957,0,roll,4.82,-2.1641532216932546,-0.4489944443347001,0.33958736062049866,0.090054397266436,0.14612933906776657,0.7230033874511719,0.54289961784155,-0.08701886431617502,1,4.82,-90.72939591968188,-0.6070727083950089,90.72939591968188,8.185487360763071,,,,,,,off,5.0,legged_eval-seed1,,n/a,settle,0.0,auto,off,,,,,0,WALK,first,on,1000,1,deterministic,20.0,1,200,lo,1.0,0.42,0.5,0.05,dead-reckoned-heading-hold,off,,,2.649,0.5676
6,box_jump_even,3,0,0,1,heading-only,0.04,0.9170806884765739,2.588780975341791,0.5945911613436159,0.8285275859447144,10.449520008004328,0,roll,1.76,-3.852032646160808,-2.188654912591368,0.3182159960269928,-0.04711324518376485,0.3345346450805632,0.5623664855957031,0.3771733849976863,0.8107960779537103,1,1.76,-89.73332807356981,1.7992554279740258,89.73332807356981,20.90546100483245,,,,,,,off,5.0,legged_eval-seed1,,n/a,settle,0.0,auto,off,,,,,0,WALK,first,on,1000,1,deterministic,20.0,1,200,lo,1.0,0.42,0.5,0.05,dead-reckoned-heading-hold,off,,,2.649,0.5676
6,box_jump_even,4,0,0,1,heading-only,0.04,0.8927978515625057,2.6198249816894474,0.6290272717108046,0.8676851139632584,11.324177825941959,0,roll,1.72,13.366174488404539,7.771031679304965,0.3155366778373718,-0.0623268304869153,0.36036336144735315,0.6062545776367188,0.4088967730434946,-2.1761108020586653,1,1.72,-89.9036044754534,4.661093969581364,89.9036044754534,15.603351979495663,,,,,,,off,5.0,legged_eval-seed1,,n/a,settle,0.0,auto,off,,,,,0,WALK,first,on,1000,1,deterministic,20.0,1,200,lo,1.0,0.42,0.5,0.05,dead-reckoned-heading-hold,off,,,2.649,0.5676
6,box_jump_even,5,0,0,1,heading-only,0.04,0.6983642578125,1.4389167785644474,0.637023156833016,0.9784856894860554,11.415433061382465,0,roll,2.12,-27.678468114130567,-13.055881185910645,0.3048621714115143,-0.14228101046580188,-0.2646618969035625,-0.5510101318359375,0.41849617385486726,1.6015356701314132,1,2.12,91.16146933804217,0.24074143536023632,91.16146933804217,13.399973478859646,,,,,,,off,5.0,legged_eval-seed1,,n/a,settle,0.0,auto,off,,,,,0,WALK,first,on,1000,1,deterministic,20.0,1,200,lo,1.0,0.42,0.5,0.05,dead-reckoned-heading-hold,off,,,2.649,0.5676
6,box_jump_even,6,0,2,1,heading-only,0.04,3.0878845214843977,1.8883987426757756,2.0908650400469373,0.917147572459959,8.712830249214528,0,below,9.120000000000001,-50.850803089836205,-5.575745952832917,0.32634422183036804,0.22893470630311377,-0.01223697996976145,-0.12350845336914062,1.2314592561403874,-0.4250780788249547,1,9.120000000000001,-9.777851751279847,74.30773634319273,37.725311770094805,74.30773634319273,,,,,,,off,5.0,legged_eval-seed1,,n/a,settle,0.0,auto,off,,,,,0,WALK,first,on,1000,1,deterministic,20.0,1,200,lo,1.0,0.42,0.5,0.05,dead-reckoned-heading-hold,off,,,2.649,0.5676
6,box_jump_even,7,0,0,1,heading-only,0.04,1.002612304687517,2.579629516601557,0.5796354032075118,0.7637832781385161,10.81293444997244,0,roll,1.86,6.279251172181347,3.375941490420079,0.3165685534477234,0.0014044648857618565,0.3116287723664284,0.5827674865722656,0.3556816944240322,41.952842651920726,1,1.86,-86.89495561122769,3.2033619864847602,86.89495561122769,11.697692486921776,,,,,,,off,5.0,legged_eval-seed1,,n/a,settle,0.0,auto,off,,,,,0,WALK,first,on,1000,1,deterministic,20.0,1,200,lo,1.0,0.42,0.5,0.05,dead-reckoned-heading-hold,off,,,2.649,0.5676
6,box_jump_even,8,0,1,1,heading-only,0.04,1.4030883789062614,1.5757843017578068,0.5851830481519344,1.091553423762223,10.755280951710851,0,roll,4.5200000000000005,-6.452284864805961,-1.4274966515057435,0.3391904830932617,0.08917884489076577,-0.093853030584556,-0.4526863098144531,0.24628036296351952,-0.27937698296593566,1,4.5200000000000005,91.54962273229022,-2.0177179609864107,91.54962273229022,13.235691231647206,,,,,,,off,5.0,legged_eval-seed1,,n/a,settle,0.0,auto,off,,,,,0,WALK,first,on,1000,1,deterministic,20.0,1,200,lo,1.0,0.42,0.5,0.05,dead-reckoned-heading-hold,off,,,2.649,0.5676
6,box_jump_even,9,0,2,1,heading-only,0.04,2.685522460937534,2.7246337890624943,1.8346880101466814,1.426586518947883,9.54203211950028,0,below,8.64,-20.527937093467727,-2.375918645077283,0.33042192459106445,0.19508361816406644,0.08386965151186276,0.6938896179199219,1.004570990063276,-0.21256322548440054,1,8.64,-66.28393769018442,58.23237397070105,66.28393769018442,58.23237397070105,,,,,,,off,5.0,legged_eval-seed1,,n/a,settle,0.0,auto,off,,,,,0,WALK,first,on,1000,1,deterministic,20.0,1,200,lo,1.0,0.42,0.5,0.05,dead-reckoned-heading-hold,off,,,2.649,0.5676
7,box_jump_uneven,0,0,0,1,heading-only,0.04,0.826801061630249,1.3906661987304645,0.6334710361350316,0.9080112840663058,11.489368196762534,0,roll,1.54,0.4548017612780768,0.29532581901173816,0.30439797043800354,-0.11246684309724089,-0.3956712995256724,-0.58306884765625,0.3749280135980051,-0.04583046670428103,1,1.54,90.10200709281288,-0.017474075906242337,90.10200709281288,12.536887602034165,,,,,,,off,5.0,legged_eval-seed1,,n/a,settle,0.0,auto,off,,,,,0,WALK,first,on,1000,1,deterministic,20.0,1,200,lo,1.0,0.42,0.5,0.05,dead-reckoned-heading-hold,off,,,2.649,0.5676
7,box_jump_uneven,1,0,2,1,heading-only,0.04,2.62184295654297,3.230117034912105,2.0355742421412666,2.1175624159253914,10.053696131446987,0,roll,11.22,17.586895439335876,1.567459486571825,0.36608558893203735,0.1445492831143467,0.10963609936828031,1.230987548828125,0.5114279985886823,0.1892595268746991,1,11.22,-94.26007518071346,20.684793188843432,94.26007518071346,20.684793188843432,,,,,,,off,5.0,legged_eval-seed1,,n/a,settle,0.0,auto,off,,,,,0,WALK,first,on,1000,1,deterministic,20.0,1,200,lo,1.0,0.42,0.5,0.05,dead-reckoned-heading-hold,off,,,2.649,0.5676
7,box_jump_uneven,2,0,1,1,heading-only,0.04,1.408381652832034,1.3982574462890582,0.7272342643992991,1.305818932406293,10.85830477038638,0,roll,7.12,-29.258095550883894,-4.109283082989311,0.33475714921951294,0.05735697371236434,-0.08451440361108732,-0.5758781433105469,0.14024694957891293,-1.2504237070514443,1,7.12,91.61519042647386,9.572989128203298,91.61519042647386,17.300265793974738,,,,,,,off,5.0,legged_eval-seed1,,n/a,settle,0.0,auto,off,,,,,0,WALK,first,on,1000,1,deterministic,20.0,1,200,lo,1.0,0.42,0.5,0.05,dead-reckoned-heading-hold,off,,,2.649,0.5676
7,box_jump_uneven,3,0,1,1,heading-only,0.04,1.8685043334961051,2.8290931701660114,1.2007061514448238,1.1025790428205169,11.112467848842606,0,roll,8.82,1.0412808707664567,0.1180590556424554,0.33859333395957947,0.09846987908119105,0.09400149321610106,0.8228721618652344,0.5825931292865952,0.02092537588125891,1,8.82,-86.15207248438638,6.671127191348861,86.15207248438638,10.397651208111817,,,,,,,off,5.0,legged_eval-seed1,,n/a,settle,0.0,auto,off,,,,,0,WALK,first,on,1000,1,deterministic,20.0,1,200,lo,1.0,0.42,0.5,0.05,dead-reckoned-heading-hold,off,,,2.649,0.5676
7,box_jump_uneven,4,0,1,1,heading-only,0.04,1.3358825683593807,2.836085510253902,0.901030565621512,1.3811799871028947,11.2452420494662,0,roll,5.2,14.452164108985272,2.7792623286510136,0.32563623785972595,0.0645928016075732,0.1607856750488273,0.83013916015625,0.46930659842617384,0.7509703435114304,1,5.2,-86.32859918796252,3.973285759961635,86.32859918796252,16.81421739370735,,,,,,,off,5.0,legged_eval-seed1,,n/a,settle,0.0,auto,off,,,,,0,WALK,first,on,1000,1,deterministic,20.0,1,200,lo,1.0,0.42,0.5,0.05,dead-reckoned-heading-hold,off,,,2.649,0.5676
7,box_jump_uneven,5,0,1,1,heading-only,0.04,1.5229644775390625,2.6844703674316364,0.8613893014541705,1.1646185339966975,11.148067958260736,0,roll,10.06,15.310900706309411,1.521958320706701,0.3264578580856323,0.0519845405108412,0.06803880391964576,0.6866989135742188,0.31518927685199477,0.5109823711708302,1,10.06,-88.92643216597413,-4.486241861571562,88.92643216597413,21.79786936208287,,,,,,,off,5.0,legged_eval-seed1,,n/a,settle,0.0,auto,off,,,,,0,WALK,first,on,1000,1,deterministic,20.0,1,200,lo,1.0,0.42,0.5,0.05,dead-reckoned-heading-hold,off,,,2.649,0.5676
7,box_jump_uneven,6,0,1,1,heading-only,0.04,1.4946380615234602,1.2013389587402301,0.9394286937994955,1.1293200275179993,10.784974264524509,0,roll,5.44,-22.890322992936603,-4.207779961936875,0.32408708333969116,0.09092611425063607,-0.14681269140804593,-0.7983551025390625,0.33221762269830596,-0.8076845155045919,1,5.44,86.52843663498584,3.7051134234477505,86.52843663498584,7.634521230317622,,,,,,,off,5.0,legged_eval-seed1,,n/a,settle,0.0,auto,off,,,,,0,WALK,first,on,1000,1,deterministic,20.0,1,200,lo,1.0,0.42,0.5,0.05,dead-reckoned-heading-hold,off,,,2.649,0.5676
7,box_jump_uneven,7,0,1,1,heading-only,0.04,1.4670135498047046,1.2832633972167926,0.8554607024699641,1.2310571577009628,10.158303291279038,0,roll,6.5200000000000005,-25.665889262900805,-3.9364860832669946,0.32825717329978943,0.07162784506207125,-0.1099289268072404,-0.708892822265625,0.21356374276994328,-0.9591890284065737,1,6.5200000000000005,90.60307633456453,1.1270081153307951,90.60307633456453,18.31641663038834,,,,,,,off,5.0,legged_eval-seed1,,n/a,settle,0.0,auto,off,,,,,0,WALK,first,on,1000,1,deterministic,20.0,1,200,lo,1.0,0.42,0.5,0.05,dead-reckoned-heading-hold,off,,,2.649,0.5676
7,box_jump_uneven,8,0,0,1,heading-only,0.04,0.9603698730468864,1.425654602050777,0.5757110239588706,0.7880820452598098,12.003378825034511,0,roll,1.9000000000000001,-17.733385322756362,-9.333360696187558,0.3153228163719177,-0.020857961554270332,-0.30228705155222263,-0.6270713806152344,0.4151590328800633,7.80986550391605,1,1.9000000000000001,86.86618274483155,11.237298613350337,86.86618274483155,13.27868179093157,,,,,,,off,5.0,legged_eval-seed1,,n/a,settle,0.0,auto,off,,,,,0,WALK,first,on,1000,1,deterministic,20.0,1,200,lo,1.0,0.42,0.5,0.05,dead-reckoned-heading-hold,off,,,2.649,0.5676
7,box_jump_uneven,9,0,1,1,heading-only,0.04,1.666662597656284,2.051490020751949,0.6686480698774661,0.7797003284978743,11.583451842985832,1,timeout,20.0,0.027806110008896212,0.0013903055004448107,0.3305997848510742,0.03333312988281421,0.0025745010375974433,0.050685882568359375,0.20546154965137847,0.0007279667008965792,0,20.0,0.6096831399967244,-7.921536708699459,7.461272587846444,8.904146238055615,,,,,,,off,5.0,legged_eval-seed1,,n/a,settle,0.0,auto,off,,,,,0,WALK,first,on,1000,1,deterministic,20.0,1,200,lo,1.0,0.42,0.5,0.05,dead-reckoned-heading-hold,off,,,2.649,0.5676
8,flat_circle_jump,0,0,1,1,heading-only,0.04,2.113560676574707,2.674870300292966,1.3021011107556268,0.8731886957065792,6.720410757391665,0,roll,19.82,-20.948702184013655,-1.0569476379421623,0.3278956413269043,0.056183687011841926,0.03404996469692058,0.6717910766601562,0.8989773652254469,-0.3283375884423449,1,19.82,-86.84861730336958,42.46863612602208,86.84861730336958,42.46863612602208,,,,,,,off,5.0,legged_eval-seed1,,n/a,settle,0.0,auto,off,,,,,0,WALK,first,on,1000,1,deterministic,20.0,1,200,lo,1.0,0.42,0.5,0.05,dead-reckoned-heading-hold,off,,,2.649,0.5676
8,flat_circle_jump,1,0,0,1,heading-only,0.04,1.1499191284179702,1.3722122192382784,0.645440347932581,0.7188004690603373,8.174223859853674,0,roll,2.32,5.084237387511848,2.1914816325482107,0.31782999634742737,0.06462031397326301,-0.27059818136281105,-0.6410140991210938,0.4427078534708874,0.5918970000791446,1,2.32,89.48754398862341,-7.467049364383249,89.48754398862341,10.522032769902719,,,,,,,off,5.0,legged_eval-seed1,,n/a,settle,0.0,auto,off,,,,,0,WALK,first,on,1000,1,deterministic,20.0,1,200,lo,1.0,0.42,0.5,0.05,dead-reckoned-heading-hold,off,,,2.649,0.5676
8,flat_circle_jump,2,0,1,1,heading-only,0.04,2.0322677612304716,2.146099853515622,1.0425554652262181,0.822853518980167,7.819097295998678,1,timeout,20.0,-47.942764961904345,-2.3971382480952173,0.31925085186958313,0.05161338806152358,0.007304992675781108,0.14554595947265625,0.8821806812885642,-0.8106027646330647,0,20.0,-65.10122222296852,15.970018909568594,70.11770844487654,24.6554386914325,,,,,,,off,5.0,legged_eval-seed1,,n/a,settle,0.0,auto,off,,,,,0,WALK,first,on,1000,1,deterministic,20.0,1,200,lo,1.0,0.42,0.5,0.05,dead-reckoned-heading-hold,off,,,2.649,0.5676
8,flat_circle_jump,3,0,0,1,heading-only,0.04,1.1881835937500114,1.4216735839843722,0.6081730908369347,0.6570318977554583,9.08025209033554,0,roll,3.18,-1.5656910012603475,-0.4923556607736942,0.32590243220329285,0.059177230738997284,-0.18186365283510308,-0.5997543334960938,0.3714349190108008,-0.1452117184941267,1,3.18,88.43789331380871,-8.999048526435136,88.43789331380871,13.695829626435087,,,,,,,off,5.0,legged_eval-seed1,,n/a,settle,0.0,auto,off,,,,,0,WALK,first,on,1000,1,deterministic,20.0,1,200,lo,1.0,0.42,0.5,0.05,dead-reckoned-heading-hold,off,,,2.649,0.5676
8,flat_circle_jump,4,0,0,1,heading-only,0.04,1.0890106201171932,2.638584899902341,0.644758532224995,0.7594096027571265,10.031335855134625,0,roll,4.68,8.758768718701162,1.8715317775002485,0.3298066556453705,0.019019363272904526,0.13644976493639763,0.649322509765625,0.41026027414652233,1.7174282390207982,1,4.68,-89.68101129215707,3.4786845060385545,89.68101129215707,13.657068713408119,,,,,,,off,5.0,legged_eval-seed1,,n/a,settle,0.0,auto,off,,,,,0,WALK,first,on,1000,1,deterministic,20.0,1,200,lo,1.0,0.42,0.5,0.05,dead-reckoned-heading-hold,off,,,2.649,0.5676
8,flat_circle_jump,5,0,1,1,heading-only,0.04,2.3338165283203125,2.463078308105466,1.4119164460612645,0.7952606350500556,9.227810103328952,0,below,4.24,-42.13819020564995,-9.938252406992913,0.3208770155906677,0.31457936988686613,0.10921658210034572,0.46930694580078125,0.8025532762210109,-0.5513877990748678,1,4.24,-61.28768898638163,65.29155045546966,61.28768898638163,65.29155045546966,,,,,,,off,5.0,legged_eval-seed1,,n/a,settle,0.0,auto,off,,,,,0,WALK,first,on,1000,1,deterministic,20.0,1,200,lo,1.0,0.42,0.5,0.05,dead-reckoned-heading-hold,off,,,2.649,0.5676
8,flat_circle_jump,6,0,1,1,heading-only,0.04,2.2443939208984602,1.7388198852539034,1.2715074843302447,0.8328254292164418,9.859066195069486,0,below,7.5200000000000005,18.33814595437417,2.438583238613586,0.32635003328323364,0.1654779150130931,-0.03473139823751284,-0.24275970458984375,0.5713867010490262,0.2572023378127893,1,7.5200000000000005,13.138671372259406,70.57860285367381,15.487354934932114,70.86595339971149,,,,,,,off,5.0,legged_eval-seed1,,n/a,settle,0.0,auto,off,,,,,0,WALK,first,on,1000,1,deterministic,20.0,1,200,lo,1.0,0.42,0.5,0.05,dead-reckoned-heading-hold,off,,,2.649,0.5676
8,flat_circle_jump,7,0,1,1,heading-only,0.04,3.013201904296892,2.995732116699216,2.245988503018422,0.7958416248373004,9.538910868482937,0,roll,7.28,-15.90471217733861,-2.1847132111728857,0.3232838213443756,0.27653872311770494,0.1367763896564857,0.9604415893554688,0.6757731422086564,-0.13788462721206435,1,7.28,-86.3036890420295,34.872504410080666,86.3036890420295,34.872504410080666,,,,,,,off,5.0,legged_eval-seed1,,n/a,settle,0.0,auto,off,,,,,0,WALK,first,on,1000,1,deterministic,20.0,1,200,lo,1.0,0.42,0.5,0.05,dead-reckoned-heading-hold,off,,,2.649,0.5676
8,flat_circle_jump,8,0,0,1,heading-only,0.04,1.0354125976562614,2.7525833129882784,0.7534160172581794,0.8844337721983008,12.088037509529004,0,roll,3.48,3.66373523340539,1.0527974808636178,0.3390502631664276,0.010176033809270508,0.21625957269778115,0.7345657348632812,0.476359387132842,1.8056919564312417,1,3.48,-89.8847538130743,12.371001898597223,89.8847538130743,20.43156334006672,,,,,,,off,5.0,legged_eval-seed1,,n/a,settle,0.0,auto,off,,,,,0,WALK,first,on,1000,1,deterministic,20.0,1,200,lo,1.0,0.42,0.5,0.05,dead-reckoned-heading-hold,off,,,2.649,0.5676
8,flat_circle_jump,9,0,1,1,heading-only,0.04,1.483526611328159,2.8123367309570284,0.9453512301385365,2.1858032583833986,12.492911978995323,0,roll,6.62,13.499606089392643,2.039215421358405,0.3318658769130707,0.07304027361452554,0.12270947597538193,0.80828857421875,0.45561058527561893,0.48727943501391363,1,6.62,-86.19369468912832,2.8358401086809093,86.19369468912832,19.713597223259775,,,,,,,off,5.0,legged_eval-seed1,,n/a,settle,0.0,auto,off,,,,,0,WALK,first,on,1000,1,deterministic,20.0,1,200,lo,1.0,0.42,0.5,0.05,dead-reckoned-heading-hold,off,,,2.649,0.5676
9,bump_jump,0,0,0,1,heading-only,0.04,1.0569323301315308,2.6694396972656165,0.6718562334973799,0.8027817065415448,9.716157180744064,0,roll,4.28,18.306654366527596,4.277255693113924,0.33063533902168274,0.013301946292413729,0.1564111442209384,0.6392440795898438,0.38104553466943575,5.612125711038635,1,4.28,-86.90278336284307,3.0716838421370793,86.90278336284307,11.96041013115386,,,,,,,off,5.0,legged_eval-seed1,,n/a,settle,0.0,auto,off,,,,,0,WALK,first,on,1000,1,deterministic,20.0,1,200,lo,1.0,0.42,0.5,0.05,dead-reckoned-heading-hold,off,,,2.649,0.5676
9,bump_jump,1,0,0,1,heading-only,0.04,1.380166625976564,2.6108230590820227,0.7194661027544834,0.6224667437190207,9.339828634887656,0,roll,3.8200000000000003,-34.02002300790886,-8.905765185316454,0.3315885663032532,0.09952005915616856,0.15990132436702165,0.5772705078125,0.680182100070233,-1.561845181877796,1,3.8200000000000003,-87.37656676263673,-0.07950151957293065,87.37656676263673,29.260658741084292,,,,,,,off,5.0,legged_eval-seed1,,n/a,settle,0.0,auto,off,,,,,0,WALK,first,on,1000,1,deterministic,20.0,1,200,lo,1.0,0.42,0.5,0.05,dead-reckoned-heading-hold,off,,,2.649,0.5676
9,bump_jump,2,0,1,1,heading-only,0.04,2.368823242187503,2.855734252929679,1.6142980455881817,0.6607397948316642,8.524238400519788,0,roll,5.82,-4.162840601003012,-0.7152647080761189,0.325412392616272,0.23519299693943346,0.14703337679204107,0.8461074829101562,0.6073508685634761,-0.05307863899731308,1,5.82,-93.59841509112032,10.01929600391868,93.59841509112032,15.594670679691268,,,,,,,off,5.0,legged_eval-seed1,,n/a,settle,0.0,auto,off,,,,,0,WALK,first,on,1000,1,deterministic,20.0,1,200,lo,1.0,0.42,0.5,0.05,dead-reckoned-heading-hold,off,,,2.649,0.5676
9,bump_jump,3,0,0,1,heading-only,0.04,1.2772262573242301,1.3980697631835852,0.6627023522999337,0.6418318708350617,9.741388466807967,0,roll,3.04,15.400421705466982,5.0659281925878235,0.322075217962265,0.09119284780402306,-0.19800336737382065,-0.6372604370117188,0.50703396407383,0.9695620737744118,1,3.04,87.17851108003539,-8.060500881689045,87.17851108003539,10.660840212353708,,,,,,,off,5.0,legged_eval-seed1,,n/a,settle,0.0,auto,off,,,,,0,WALK,first,on,1000,1,deterministic,20.0,1,200,lo,1.0,0.42,0.5,0.05,dead-reckoned-heading-hold,off,,,2.649,0.5676
9,bump_jump,4,0,1,1,heading-only,0.04,1.5356964111328182,2.7183364868163977,0.8960903711079068,1.3352228371045494,9.790691083057236,0,roll,6.72,4.3446138337436935,0.6465199157356687,0.3342319428920746,0.07971672784714556,0.10689531053815443,0.7258987426757812,0.4575236522097135,0.14154997970990804,1,6.72,-89.41909255014505,0.5999989044617896,89.41909255014505,12.548722593603555,,,,,,,off,5.0,legged_eval-seed1,,n/a,settle,0.0,auto,off,,,,,0,WALK,first,on,1000,1,deterministic,20.0,1,200,lo,1.0,0.42,0.5,0.05,dead-reckoned-heading-hold,off,,,2.649,0.5676
9,bump_jump,5,0,1,1,heading-only,0.04,1.3569793701171875,2.6393798828124915,0.7322847159640704,1.4462997259980572,10.063352821341265,0,roll,5.28,28.670764182240845,5.4300689739092505,0.33487167954444885,0.06760972918886127,0.12109467477509307,0.636322021484375,0.34604257878120986,1.4017595299097916,1,5.28,-87.78346735364242,6.9269715455045615,87.78346735364242,11.499226821476167,,,,,,,off,5.0,legged_eval-seed1,,n/a,settle,0.0,auto,off,,,,,0,WALK,first,on,1000,1,deterministic,20.0,1,200,lo,1.0,0.42,0.5,0.05,dead-reckoned-heading-hold,off,,,2.649,0.5676
9,bump_jump,6,0,1,1,heading-only,0.04,2.0328155517578352,1.5322555541992102,1.1337957622651134,0.7044207693737982,9.278981219095076,0,roll,11.200000000000001,30.22406340804332,2.6985770900038677,0.33434218168258667,0.09221567426409243,-0.04176289694649908,-0.4711761474609375,0.8974807343474157,0.5107489124307646,1,11.200000000000001,89.50071710059481,14.518080479730042,89.50071710059481,21.563377917244534,,,,,,,off,5.0,legged_eval-seed1,,n/a,settle,0.0,auto,off,,,,,0,WALK,first,on,1000,1,deterministic,20.0,1,200,lo,1.0,0.42,0.5,0.05,dead-reckoned-heading-hold,off,,,2.649,0.5676
9,bump_jump,7,0,1,1,heading-only,0.04,2.026751708984392,2.0484756469726477,1.0278954033615417,0.6309800989734652,9.723369128912406,1,timeout,20.0,-32.91845004398516,-1.645922502199258,0.33067256212234497,0.051337585449219604,0.002423782348632386,0.03336334228515625,0.5949143772156542,-0.5595659913623254,0,20.0,-65.01388163178356,12.097823305183937,68.994604073074,24.952887035433942,,,,,,,off,5.0,legged_eval-seed1,,n/a,settle,0.0,auto,off,,,,,0,WALK,first,on,1000,1,deterministic,20.0,1,200,lo,1.0,0.42,0.5,0.05,dead-reckoned-heading-hold,off,,,2.649,0.5676
9,bump_jump,8,0,0,1,heading-only,0.04,0.7173889160156364,2.3661788940429602,0.4625537884758296,0.8640411397715424,11.488448297680712,0,roll,1.7,47.42791428585605,27.898773109327088,0.3115640878677368,-0.1662418141084492,0.21539934943703543,0.33638763427734375,0.2825780641991704,-2.929019095682894,1,1.7,-88.3359757453883,13.175810551166006,88.3359757453883,21.69528676979687,,,,,,,off,5.0,legged_eval-seed1,,n/a,settle,0.0,auto,off,,,,,0,WALK,first,on,1000,1,deterministic,20.0,1,200,lo,1.0,0.42,0.5,0.05,dead-reckoned-heading-hold,off,,,2.649,0.5676
9,bump_jump,9,0,1,1,heading-only,0.04,1.999121093750034,2.0692504882812415,1.0015181426731394,0.7042917515868853,10.101116290235112,1,timeout,20.0,0.6081842235325325,0.03040921117662663,0.33334824442863464,0.04995605468750171,0.0034625244140620735,0.04158782958984375,0.2615838799025428,0.010624154795378133,0,20.0,6.06532110891954,28.12768806468708,21.962673776373713,29.719478797026984,,,,,,,off,5.0,legged_eval-seed1,,n/a,settle,0.0,auto,off,,,,,0,WALK,first,on,1000,1,deterministic,20.0,1,200,lo,1.0,0.42,0.5,0.05,dead-reckoned-heading-hold,off,,,2.649,0.5676
10,sideways_ramp,0,0,1,1,heading-only,0.04,1.6320433616638184,1.337860107421875,0.915373174375714,1.1185301339879894,8.792922884290917,0,roll,4.44,13.841865504558598,3.1175372758014857,0.3223353922367096,0.14235210848284197,-0.14913060643651463,-0.6716842651367188,0.5193368315503228,0.3822303062195162,1,4.44,88.17983263787748,5.498485663251975,88.17983263787748,14.770323754725878,,,,,,,off,5.0,legged_eval-seed1,,n/a,settle,0.0,auto,off,,,,,0,WALK,first,on,1000,1,deterministic,20.0,1,200,lo,1.0,0.42,0.5,0.05,dead-reckoned-heading-hold,off,,,2.649,0.5676
10,sideways_ramp,1,0,1,1,heading-only,0.04,1.6132217407226577,2.6358184814453125,0.8833493333004501,1.006307185865162,8.859622742813837,0,roll,8.5,7.404251103994881,0.8710883651758683,0.32929402589797974,0.07214373420266561,0.07480217428768382,0.62567138671875,0.3053735989059557,0.21073708224507007,1,8.5,-86.03783906500382,-0.2247664851201682,86.03783906500382,15.197522948614333,,,,,,,off,5.0,legged_eval-seed1,,n/a,settle,0.0,auto,off,,,,,0,WALK,first,on,1000,1,deterministic,20.0,1,200,lo,1.0,0.42,0.5,0.05,dead-reckoned-heading-hold,off,,,2.649,0.5676
10,sideways_ramp,2,0,1,1,heading-only,0.04,2.264033508300784,2.9854736328125,1.602791000435133,1.6027865810301982,8.39401546530032,0,roll,5.12,-18.588850600773384,-3.6306348829635513,0.32430383563041687,0.2468815445899969,0.1924753189086914,0.982452392578125,0.4627317367565361,-0.2566677584211794,1,5.12,-92.14198041000829,44.28128020314955,92.14198041000829,44.28128020314955,,,,,,,off,5.0,legged_eval-seed1,,n/a,settle,0.0,auto,off,,,,,0,WALK,first,on,1000,1,deterministic,20.0,1,200,lo,1.0,0.42,0.5,0.05,dead-reckoned-heading-hold,off,,,2.649,0.5676
10,sideways_ramp,3,0,0,1,heading-only,0.04,1.1044586181640739,1.3236312866210938,0.6843874921026719,0.7835353349929478,9.669226607394572,0,roll,4.0600000000000005,-6.825157449395846,-1.6810732633979915,0.33315739035606384,0.025728723685732476,-0.16659327915736605,-0.671478271484375,0.40571911414831946,-1.1403699527392834,1,4.0600000000000005,86.45590793387173,8.02602845520103,86.45590793387173,9.075246487261337,,,,,,,off,5.0,legged_eval-seed1,,n/a,settle,0.0,auto,off,,,,,0,WALK,first,on,1000,1,deterministic,20.0,1,200,lo,1.0,0.42,0.5,0.05,dead-reckoned-heading-hold,off,,,2.649,0.5676
10,sideways_ramp,4,0,0,1,heading-only,0.04,1.1030792236328182,1.4496917724609375,0.559878979460677,0.6785169474737613,9.41302072783325,0,roll,3.14,-12.454019424666399,-3.9662482244160504,0.32260003685951233,0.03282777822701216,-0.1752573973054339,-0.5468368530273438,0.28911370252474666,-2.1087047069934926,1,3.14,91.39379393643968,1.7579409458255901,91.39379393643968,18.641653742975798,,,,,,,off,5.0,legged_eval-seed1,,n/a,settle,0.0,auto,off,,,,,0,WALK,first,on,1000,1,deterministic,20.0,1,200,lo,1.0,0.42,0.5,0.05,dead-reckoned-heading-hold,off,,,2.649,0.5676
10,sideways_ramp,5,0,1,1,heading-only,0.04,1.5222320556640625,2.6144485473632812,0.8063952736220364,1.1046434313103641,9.198313511586617,0,roll,6.18,24.030474069353858,3.8884262248145403,0.3256987929344177,0.08450356887768003,0.09942533128855684,0.5940093994140625,0.1146210314867662,0.8031121199406811,1,6.18,-86.2936094309814,2.0590531388569717,86.2936094309814,15.476311301593904,,,,,,,off,5.0,legged_eval-seed1,,n/a,settle,0.0,auto,off,,,,,0,WALK,first,on,1000,1,deterministic,20.0,1,200,lo,1.0,0.42,0.5,0.05,dead-reckoned-heading-hold,off,,,2.649,0.5676
10,sideways_ramp,6,0,1,1,heading-only,0.04,2.2412200927734602,2.1912002563476562,1.2558602058875687,0.7067006960019679,8.560915315453853,0,below,6.26,-30.435381062175395,-4.861881958813961,0.3304882347583771,0.19827797009160708,0.03054317194052017,0.1972503662109375,0.8304908225662614,-0.4279640748057407,1,6.26,-46.731905677247944,63.23446709416943,46.731905677247944,63.557120205281436,,,,,,,off,5.0,legged_eval-seed1,,n/a,settle,0.0,auto,off,,,,,0,WALK,first,on,1000,1,deterministic,20.0,1,200,lo,1.0,0.42,0.5,0.05,dead-reckoned-heading-hold,off,,,2.649,0.5676
10,sideways_ramp,7,0,1,1,heading-only,0.04,1.747119140625017,1.9105377197265625,0.7524563175892586,0.5830197227723627,9.153318060982299,1,timeout,20.0,3.640045466865388,0.1820022733432694,0.3298936188220978,0.03735595703125085,-0.004473114013671875,-0.07688140869140625,0.1894217380085586,0.0850343337020482,0,20.0,-2.351814470212372,-6.475218940987403,6.54100945285232,8.780403498051442,,,,,,,off,5.0,legged_eval-seed1,,n/a,settle,0.0,auto,off,,,,,0,WALK,first,on,1000,1,deterministic,20.0,1,200,lo,1.0,0.42,0.5,0.05,dead-reckoned-heading-hold,off,,,2.649,0.5676
10,sideways_ramp,8,0,0,1,heading-only,0.04,1.1656616210937614,2.5906448364257812,0.6134371161739814,0.678707208158341,9.852059311312768,0,roll,3.12,-13.056877222935327,-4.184896545812605,0.3363714814186096,0.05309667342748762,0.18930924244416064,0.5973663330078125,0.446562965919566,-1.3756082794813183,1,3.12,-88.84036346159473,5.41148051705918,88.84036346159473,16.351980108127986,,,,,,,off,5.0,legged_eval-seed1,,n/a,settle,0.0,auto,off,,,,,0,WALK,first,on,1000,1,deterministic,20.0,1,200,lo,1.0,0.42,0.5,0.05,dead-reckoned-heading-hold,off,,,2.649,0.5676
10,sideways_ramp,9,0,1,1,heading-only,0.04,1.372747802734409,1.5111846923828125,0.614720529512571,0.9094273787286964,9.639653794339091,0,roll,3.7,9.035601152177748,2.442054365453445,0.322872519493103,0.10074264938767813,-0.13211224530194257,-0.4999542236328125,0.3266863847688922,0.4230769137889735,1,3.7,89.8922261609752,-0.36514748710746436,89.8922261609752,15.20138588936236,,,,,,,off,5.0,legged_eval-seed1,,n/a,settle,0.0,auto,off,,,,,0,WALK,first,on,1000,1,deterministic,20.0,1,200,lo,1.0,0.42,0.5,0.05,dead-reckoned-heading-hold,off,,,2.649,0.5676
11,stepping_stones_cylinder,0,0,1,1,heading-only,0.04,2.0463221073150635,2.542550659179682,1.1786225731897988,0.43230537497144683,4.58588525457232,0,roll,4.9,-21.11900655591623,-4.310001337942087,0.323440283536911,0.21353512394184967,0.11072462432238403,0.55377197265625,0.6387827483898875,-0.35227794249406624,1,4.9,-91.80571204181477,26.118883938811248,91.80571204181477,27.27405014190821,,,,,,,off,5.0,legged_eval-seed1,,n/a,settle,0.0,auto,off,,,,,0,WALK,first,on,1000,1,deterministic,20.0,1,200,lo,1.0,0.42,0.5,0.05,dead-reckoned-heading-hold,off,,,2.649,0.5676
11,stepping_stones_cylinder,1,0,0,1,heading-only,0.04,1.0679946899414077,1.423204040527338,0.5807898559067787,0.7206401090577801,5.313405092250276,0,roll,2.64,-13.447450606096766,-5.093731290188169,0.33159226179122925,0.025755564371745327,-0.2184833179820689,-0.5846328735351562,0.35176699813883666,-3.4517737970118416,1,2.64,86.72543991166036,9.81321424481394,86.72543991166036,13.812521268433192,,,,,,,off,5.0,legged_eval-seed1,,n/a,settle,0.0,auto,off,,,,,0,WALK,first,on,1000,1,deterministic,20.0,1,200,lo,1.0,0.42,0.5,0.05,dead-reckoned-heading-hold,off,,,2.649,0.5676
11,stepping_stones_cylinder,2,0,1,1,heading-only,0.04,2.1196014404296903,2.7546707153320256,1.3501982350721646,0.6145236955171223,4.149600016088687,0,roll,6.54,-36.976106296164886,-5.65383888320564,0.32198888063430786,0.17119288079964684,0.11539307573884183,0.740234375,0.9545633437099019,-0.5764147634427863,1,6.54,-88.01610656246498,3.6428194489417516,88.01610656246498,14.523334240666303,,,,,,,off,5.0,legged_eval-seed1,,n/a,settle,0.0,auto,off,,,,,0,WALK,first,on,1000,1,deterministic,20.0,1,200,lo,1.0,0.42,0.5,0.05,dead-reckoned-heading-hold,off,,,2.649,0.5676
11,stepping_stones_cylinder,3,0,1,1,heading-only,0.04,1.2218521118164176,2.674913024902338,0.7104406735964857,1.197140700470503,4.627628515477727,0,roll,4.48,-3.1349004482381986,-0.6997545643388835,0.3285153806209564,0.0495205606733075,0.15065022877284331,0.6723556518554688,0.5256030412063167,-0.24662525903417448,1,4.48,-87.73717492488129,0.08242061862167974,87.73717492488129,26.780849480211156,,,,,,,off,5.0,legged_eval-seed1,,n/a,settle,0.0,auto,off,,,,,0,WALK,first,on,1000,1,deterministic,20.0,1,200,lo,1.0,0.42,0.5,0.05,dead-reckoned-heading-hold,off,,,2.649,0.5676
11,stepping_stones_cylinder,4,0,1,1,heading-only,0.04,2.058065795898443,2.427140808105463,1.1410313310331115,0.3739908086567439,4.114167570802784,0,roll,6.94,-36.21015300970362,-5.217601298228186,0.3315439224243164,0.15245904840035204,0.06154766687398603,0.4152374267578125,0.9242159143005719,-0.5973034901233332,1,6.94,-89.19214743265486,0.15784719759664603,89.19214743265486,22.796591396238373,,,,,,,off,5.0,legged_eval-seed1,,n/a,settle,0.0,auto,off,,,,,0,WALK,first,on,1000,1,deterministic,20.0,1,200,lo,1.0,0.42,0.5,0.05,dead-reckoned-heading-hold,off,,,2.649,0.5676
11,stepping_stones_cylinder,5,0,1,1,heading-only,0.04,2.005462646484375,2.5552383422851506,1.148583802000936,0.5178522872665804,4.330281826565639,0,roll,5.8,-8.246880374146599,-1.4218759265769998,0.32814574241638184,0.1733556287042026,0.09573074866985355,0.5384063720703125,0.41828884278467765,-0.14315322011238613,1,5.8,-88.25052651127864,9.805247707729942,88.25052651127864,14.595233448437925,,,,,,,off,5.0,legged_eval-seed1,,n/a,settle,0.0,auto,off,,,,,0,WALK,first,on,1000,1,deterministic,20.0,1,200,lo,1.0,0.42,0.5,0.05,dead-reckoned-heading-hold,off,,,2.649,0.5676
11,stepping_stones_cylinder,6,0,1,1,heading-only,0.04,1.4372497558593977,1.6414199829101506,0.5654794228398232,0.9415000636070973,4.576818700698257,0,roll,3.66,1.6555148661363432,0.4523264661574708,0.3231929540634155,0.11946714640967152,-0.09797268226498618,-0.40293121337890625,0.2309598800576867,0.06608164977245544,1,3.66,90.40514168860649,-0.14363947550059822,90.40514168860649,10.587602621551227,,,,,,,off,5.0,legged_eval-seed1,,n/a,settle,0.0,auto,off,,,,,0,WALK,first,on,1000,1,deterministic,20.0,1,200,lo,1.0,0.42,0.5,0.05,dead-reckoned-heading-hold,off,,,2.649,0.5676
11,stepping_stones_cylinder,7,0,0,1,heading-only,0.04,1.1622039794922046,2.7342239379882756,0.7519274712883675,0.8082022906339192,4.74494639811702,0,roll,2.2600000000000002,-12.961458068915022,-5.735158437573018,0.33048850297927856,0.07177167234168343,0.3248778486673785,0.7314453125,0.5565021427320682,-1.3946644211193675,1,2.2600000000000002,-89.01982688429489,-1.4154479268166305,89.01982688429489,25.651083788212993,,,,,,,off,5.0,legged_eval-seed1,,n/a,settle,0.0,auto,off,,,,,0,WALK,first,on,1000,1,deterministic,20.0,1,200,lo,1.0,0.42,0.5,0.05,dead-reckoned-heading-hold,off,,,2.649,0.5676
11,stepping_stones_cylinder,8,0,1,1,heading-only,0.04,2.1840942382812614,2.668504333496088,1.3597710134555485,0.5808664268417442,3.480705419429585,0,roll,4.8,-24.46512506910446,-5.096901056063429,0.3329530358314514,0.24668629964192945,0.13927173614501837,0.6772842407226562,0.7531603239369555,-0.36061064277102933,1,4.8,-89.46968907027575,10.18786552267738,89.46968907027575,15.269735939161505,,,,,,,off,5.0,legged_eval-seed1,,n/a,settle,0.0,auto,off,,,,,0,WALK,first,on,1000,1,deterministic,20.0,1,200,lo,1.0,0.42,0.5,0.05,dead-reckoned-heading-hold,off,,,2.649,0.5676
11,stepping_stones_cylinder,9,0,1,1,heading-only,0.04,2.623083496093784,2.6070190429687443,1.7328797286074735,0.6467298329416034,3.332664683417682,0,roll,5.72,-8.205123118171144,-1.434462083596354,0.3300977647304535,0.2837558559604518,0.10612221030922103,0.5978240966796875,0.4836498997071022,-0.08823108255874691,1,5.72,-91.4095997086393,4.83019220359894,91.4095997086393,12.752257407250127,,,,,,,off,5.0,legged_eval-seed1,,n/a,settle,0.0,auto,off,,,,,0,WALK,first,on,1000,1,deterministic,20.0,1,200,lo,1.0,0.42,0.5,0.05,dead-reckoned-heading-hold,off,,,2.649,0.5676
12,stepping_stones_randomly_arranged,0,0,1,1,heading-only,0.04,2.058311700820923,0.6692687988281136,1.7002556236833466,1.4807545287773023,4.541046445149057,0,roll,5.84,5.0497711122203555,0.8646868342843075,0.32720568776130676,0.18121775698988404,-0.2278649317075148,-1.3368301391601562,0.6235399732981309,0.08327899267481938,1,5.84,91.75334545126576,52.08677840511087,91.75334545126576,52.08677840511087,,,,,,,off,5.0,legged_eval-seed1,,n/a,settle,0.0,auto,off,,,,,0,WALK,first,on,1000,1,deterministic,20.0,1,200,lo,1.0,0.42,0.5,0.05,dead-reckoned-heading-hold,off,,,2.649,0.5676
12,stepping_stones_randomly_arranged,1,0,1,1,heading-only,0.04,1.1698432922363295,1.4757492065429574,0.5510767989654564,1.1087334948935372,4.9579515989516745,0,roll,2.68,-18.946647546013793,-7.069644606721564,0.32600095868110657,0.06337436277474982,-0.19561596770785172,-0.5353622436523438,0.29024479828952643,-1.9469793451290132,1,2.68,87.57223884227224,7.716474920802408,87.57223884227224,13.989779295645723,,,,,,,off,5.0,legged_eval-seed1,,n/a,settle,0.0,auto,off,,,,,0,WALK,first,on,1000,1,deterministic,20.0,1,200,lo,1.0,0.42,0.5,0.05,dead-reckoned-heading-hold,off,,,2.649,0.5676
12,stepping_stones_randomly_arranged,2,0,0,1,heading-only,0.04,1.0763275146484403,2.68102569580077,0.6852896379147511,0.8020563404056416,5.069623382305552,0,roll,3.02,5.389352524193896,1.7845538159582437,0.32979050278663635,0.02527401147299349,0.22550519728502313,0.66473388671875,0.4695064612005843,1.2323465074304354,1,3.02,-91.22430568576321,7.9662361278109595,91.22430568576321,14.951714892077256,,,,,,,off,5.0,legged_eval-seed1,,n/a,settle,0.0,auto,off,,,,,0,WALK,first,on,1000,1,deterministic,20.0,1,200,lo,1.0,0.42,0.5,0.05,dead-reckoned-heading-hold,off,,,2.649,0.5676
12,stepping_stones_randomly_arranged,3,0,2,1,heading-only,0.04,2.033665466308605,2.16198272705077,1.046280411793029,0.6223532244710016,4.069559551567464,1,timeout,20.0,22.933660984032485,1.1466830492016242,0.3253759741783142,0.05168327331543025,0.008099136352538495,0.1613311767578125,0.3803278768556964,0.3872315625837382,0,20.0,32.169712038794174,22.21343749221938,39.509225209869825,23.7162396507476,,,,,,,off,5.0,legged_eval-seed1,,n/a,settle,0.0,auto,off,,,,,0,WALK,first,on,1000,1,deterministic,20.0,1,200,lo,1.0,0.42,0.5,0.05,dead-reckoned-heading-hold,off,,,2.649,0.5676
12,stepping_stones_randomly_arranged,4,0,1,1,heading-only,0.04,1.5157684326171932,1.4012557983398324,0.7902605235655313,0.9546832121495297,4.821552271765175,0,roll,6.140000000000001,-10.311713880392034,-1.6794322280768783,0.3349606692790985,0.08400137339042234,-0.09751534228992957,-0.634002685546875,0.3572586539609754,-0.3489421751214836,1,6.140000000000001,89.22889224624079,2.4264114373953305,89.22889224624079,13.490242979361732,,,,,,,off,5.0,legged_eval-seed1,,n/a,settle,0.0,auto,off,,,,,0,WALK,first,on,1000,1,deterministic,20.0,1,200,lo,1.0,0.42,0.5,0.05,dead-reckoned-heading-hold,off,,,2.649,0.5676
12,stepping_stones_randomly_arranged,5,0,2,1,heading-only,0.04,2.455963134765625,3.427005004882801,2.0386691575037643,1.3429437644724944,3.77420679078099,0,roll,8.28,1.0044370234910218,0.12130881926220072,0.3326656222343445,0.1758409583050272,0.17234359962352672,1.41888427734375,0.424172907326571,0.012040643592031598,1,8.28,-89.95918568042279,2.005226072554336,89.95918568042279,12.67970864086401,,,,,,,off,5.0,legged_eval-seed1,,n/a,settle,0.0,auto,off,,,,,0,WALK,first,on,1000,1,deterministic,20.0,1,200,lo,1.0,0.42,0.5,0.05,dead-reckoned-heading-hold,off,,,2.649,0.5676
12,stepping_stones_randomly_arranged,6,0,1,1,heading-only,0.04,2.1513458251953352,1.0367309570312386,1.5011610367767614,1.1427718015708712,3.918885146173944,0,roll,5.42,43.90554812268101,8.100654635180998,0.33052653074264526,0.21242542900282937,-0.17772491567689325,-0.9588546752929688,0.961816913147584,0.6655657734317927,1,5.42,102.20324872506811,74.6418489077933,102.20324872506811,79.18305106963437,,,,,,,off,5.0,legged_eval-seed1,,n/a,settle,0.0,auto,off,,,,,0,WALK,first,on,1000,1,deterministic,20.0,1,200,lo,1.0,0.42,0.5,0.05,dead-reckoned-heading-hold,off,,,2.649,0.5676
12,stepping_stones_randomly_arranged,7,0,1,1,heading-only,0.04,1.5742828369140796,1.3183624267578011,0.8913083406036305,0.979864659606012,4.428490766906979,0,roll,5.86,-15.86385278354419,-2.7071421132327966,0.32503780722618103,0.09800048411503064,-0.11632040499013632,-0.6940231323242188,0.3107292268171433,-0.4821256101128056,1,5.86,87.42750174815103,0.7367297702080796,87.42750174815103,14.180777699830417,,,,,,,off,5.0,legged_eval-seed1,,n/a,settle,0.0,auto,off,,,,,0,WALK,first,on,1000,1,deterministic,20.0,1,200,lo,1.0,0.42,0.5,0.05,dead-reckoned-heading-hold,off,,,2.649,0.5676
12,stepping_stones_randomly_arranged,8,0,2,1,heading-only,0.04,1.9841125488281364,2.7047912597656136,1.2104578590777175,0.7927521035017494,3.9788070134258957,0,roll,5.8,-16.597251936386556,-2.861595161445958,0.32957565784454346,0.16967457738416145,0.12151573444234719,0.7005081176757812,0.7649362491805133,-0.2943532154100582,1,5.8,-89.95394271467077,3.782885442696324,89.95394271467077,18.5409869254836,,,,,,,off,5.0,legged_eval-seed1,,n/a,settle,0.0,auto,off,,,,,0,WALK,first,on,1000,1,deterministic,20.0,1,200,lo,1.0,0.42,0.5,0.05,dead-reckoned-heading-hold,off,,,2.649,0.5676
12,stepping_stones_randomly_arranged,9,0,2,1,heading-only,0.04,1.944647216796909,2.6960250854492074,1.1733751675302846,0.8479524676039537,3.721028740717455,0,roll,5.5,-6.280611191336362,-1.1419293075157022,0.3343730568885803,0.17175403941761982,0.12655001553621953,0.6997756958007812,0.42224598642866734,-0.1160405094910578,1,5.5,-86.10399354783952,0.8873706474026009,86.10399354783952,23.937295803063307,,,,,,,off,5.0,legged_eval-seed1,,n/a,settle,0.0,auto,off,,,,,0,WALK,first,on,1000,1,deterministic,20.0,1,200,lo,1.0,0.42,0.5,0.05,dead-reckoned-heading-hold,off,,,2.649,0.5676
13,staircase_walking_full_width,0,0,0,1,heading-only,0.04,1.4591493606567383,2.6980789184570284,0.8355431238336092,0.8830818707640585,14.307890346672771,0,roll,7.640000000000001,50.10577849701295,6.558347970813212,0.3387487530708313,0.06009808385559401,0.09137158618547492,0.7031936645507812,0.36460834433972167,1.9046325313336092,1,7.640000000000001,-88.7658468412101,16.044307404938422,88.7658468412101,19.882907469087385,,,,,,,off,5.0,legged_eval-seed1,,n/a,settle,0.0,auto,off,,,,,0,WALK,first,on,1000,1,deterministic,20.0,1,200,lo,1.0,0.42,0.5,0.05,dead-reckoned-heading-hold,off,,,2.649,0.5676
13,staircase_walking_full_width,1,0,0,1,heading-only,0.04,1.3925033569335952,1.3517044067382784,0.7578562274249047,0.8884477179775513,14.372125696357712,0,roll,6.76,-41.261781919489266,-6.103813893415572,0.3335467576980591,0.05806262676532473,-0.09590171497954461,-0.657257080078125,0.4390257701517163,-1.8347714408383804,1,6.76,88.86181358989371,-3.8986349113494434,88.86181358989371,10.07844888528975,,,,,,,off,5.0,legged_eval-seed1,,n/a,settle,0.0,auto,off,,,,,0,WALK,first,on,1000,1,deterministic,20.0,1,200,lo,1.0,0.42,0.5,0.05,dead-reckoned-heading-hold,off,,,2.649,0.5676
13,staircase_walking_full_width,2,0,0,1,heading-only,0.04,1.158106994628909,2.718907165527341,0.7360878577976554,1.1070733241928121,11.863694933000566,0,roll,2.9,-0.426329835869808,-0.1470102882309683,0.32810238003730774,0.05451965332031348,0.24789902259563482,0.713287353515625,0.4885848309356899,-0.04706217680552033,1,2.9,-86.53124779129541,1.9389718440887524,86.53124779129541,6.789947740713213,,,,,,,off,5.0,legged_eval-seed1,,n/a,settle,0.0,auto,off,,,,,0,WALK,first,on,1000,1,deterministic,20.0,1,200,lo,1.0,0.42,0.5,0.05,dead-reckoned-heading-hold,off,,,2.649,0.5676
13,staircase_walking_full_width,3,0,0,1,heading-only,0.04,1.6374786376953239,2.4706924438476534,0.7924205892158295,0.5941154053065065,11.372266400569652,0,roll,6.08,6.390489700314305,1.051067384920116,0.3306323289871216,0.10484846014725721,0.07741652036967983,0.47055816650390625,0.26781862406753465,0.1749628606983648,1,6.08,-86.68880020247458,2.5107809640349847,86.68880020247458,10.153365174572839,,,,,,,off,5.0,legged_eval-seed1,,n/a,settle,0.0,auto,off,,,,,0,WALK,first,on,1000,1,deterministic,20.0,1,200,lo,1.0,0.42,0.5,0.05,dead-reckoned-heading-hold,off,,,2.649,0.5676
13,staircase_walking_full_width,4,0,0,1,heading-only,0.04,1.2999481201171932,2.608219909667966,0.6781595190501618,0.9273640563683501,11.715850180437855,0,roll,5.66,6.110998827509803,1.0796817716448415,0.3220534920692444,0.05299436751187159,0.10745934799787384,0.6253280639648438,0.39641933641536187,0.35558499277770755,1,5.66,-88.29621055585685,-3.9269692866780423,88.29621055585685,14.127822109515014,,,,,,,off,5.0,legged_eval-seed1,,n/a,settle,0.0,auto,off,,,,,0,WALK,first,on,1000,1,deterministic,20.0,1,200,lo,1.0,0.42,0.5,0.05,dead-reckoned-heading-hold,off,,,2.649,0.5676
13,staircase_walking_full_width,5,0,0,1,heading-only,0.04,1.1804046630859375,1.371922302246091,0.6534733635573844,1.0325783799340011,11.8362711832239,0,roll,2.98,-1.6042775367663467,-0.5383481667001163,0.3297836184501648,0.06053847754561661,-0.21076432810533863,-0.6289901733398438,0.39262020864282887,-0.1552062161443083,1,2.98,91.91041367546617,7.249606021326544,91.91041367546617,13.390260105244545,,,,,,,off,5.0,legged_eval-seed1,,n/a,settle,0.0,auto,off,,,,,0,WALK,first,on,1000,1,deterministic,20.0,1,200,lo,1.0,0.42,0.5,0.05,dead-reckoned-heading-hold,off,,,2.649,0.5676
13,staircase_walking_full_width,6,0,0,1,heading-only,0.04,1.5319458007812727,2.5221755981445284,0.7454084050146105,0.7012432450326206,11.47993617018474,0,roll,4.0,-34.71105834222976,-8.67776458555744,0.3379872143268585,0.13298645019531818,0.1305438995361321,0.5241470336914062,0.5170707926281739,-1.1388796641198755,1,4.0,-91.7781535337238,-2.614519544540261,91.7781535337238,15.06499177386891,,,,,,,off,5.0,legged_eval-seed1,,n/a,settle,0.0,auto,off,,,,,0,WALK,first,on,1000,1,deterministic,20.0,1,200,lo,1.0,0.42,0.5,0.05,dead-reckoned-heading-hold,off,,,2.649,0.5676
13,staircase_walking_full_width,7,0,0,1,heading-only,0.04,1.5154449462890796,2.529797363281247,0.7391675985828341,0.717968555172547,11.496768677670094,0,roll,6.26,20.926036675671014,3.342817360330833,0.3263353109359741,0.08233944828899034,0.08463216665834619,0.5255661010742188,0.3417124602177711,0.7085688627136432,1,6.26,-86.75683791455046,0.5325591740314104,86.75683791455046,16.69965067912285,,,,,,,off,5.0,legged_eval-seed1,,n/a,settle,0.0,auto,off,,,,,0,WALK,first,on,1000,1,deterministic,20.0,1,200,lo,1.0,0.42,0.5,0.05,dead-reckoned-heading-hold,off,,,2.649,0.5676
13,staircase_walking_full_width,8,0,0,1,heading-only,0.04,1.3906372070312614,2.690373229980466,0.7932292381089124,0.9208356042901051,8.886221035632216,0,roll,7.0200000000000005,32.784840999159655,4.670205270535563,0.3230458199977875,0.05564632578792897,0.09834376495448231,0.67388916015625,0.2173099264269891,1.4647949808129055,1,7.0200000000000005,-89.2109245403225,1.8343815381927553,89.2109245403225,18.297081639252145,,,,,,,off,5.0,legged_eval-seed1,,n/a,settle,0.0,auto,off,,,,,0,WALK,first,on,1000,1,deterministic,20.0,1,200,lo,1.0,0.42,0.5,0.05,dead-reckoned-heading-hold,off,,,2.649,0.5676
13,staircase_walking_full_width,9,0,0,1,heading-only,0.04,1.434088134765659,2.648388671874997,0.7802822428840424,0.8606184456708057,8.839723405480257,0,roll,9.32,27.08805585995691,2.9064437617979517,0.33784860372543335,0.04657598012507072,0.06956959998658768,0.6507568359375,0.3875240739339674,1.0891239010152127,1,9.32,-90.00080635905572,-2.5876780366859493,90.00080635905572,15.654670731549174,,,,,,,off,5.0,legged_eval-seed1,,n/a,settle,0.0,auto,off,,,,,0,WALK,first,on,1000,1,deterministic,20.0,1,200,lo,1.0,0.42,0.5,0.05,dead-reckoned-heading-hold,off,,,2.649,0.5676
14,staircase_walking,0,0,0,1,heading-only,0.04,1.4494318962097168,2.628347778320304,0.772534762875253,0.6303793014059128,4.099014868717028,0,roll,3.7800000000000002,-31.917311862842098,-8.443733297048173,0.33708053827285767,0.1188973270396076,0.1662295709842074,0.6392288208007812,0.57605041683933,-1.2394807424449008,1,3.7800000000000002,-87.28102343300013,-0.7010546160918143,87.28102343300013,18.14620153431991,,,,,,,off,5.0,legged_eval-seed1,,n/a,settle,0.0,auto,off,,,,,0,WALK,first,on,1000,1,deterministic,20.0,1,200,lo,1.0,0.42,0.5,0.05,dead-reckoned-heading-hold,off,,,2.649,0.5676
14,staircase_walking,1,0,1,1,heading-only,0.04,1.5444274902343764,2.7378982543945227,0.9170033402127747,1.0209438771918096,4.023810099128934,0,roll,7.34,10.378482174299961,1.413962149087188,0.33898061513900757,0.0741726825932393,0.10053109732895406,0.7166976928710938,0.474655488950384,0.3327140685403193,1,7.34,-91.89856619575157,2.839711146599799,91.89856619575157,15.242998922698334,,,,,,,off,5.0,legged_eval-seed1,,n/a,settle,0.0,auto,off,,,,,0,WALK,first,on,1000,1,deterministic,20.0,1,200,lo,1.0,0.42,0.5,0.05,dead-reckoned-heading-hold,off,,,2.649,0.5676
14,staircase_walking,2,0,1,1,heading-only,0.04,2.414599609375003,2.6016067504882727,1.537212651872528,0.6237176553854015,3.1435054084098444,0,roll,14.76,-53.88147987129193,-3.6505067663476916,0.3313180208206177,0.0958400819359758,0.04075926493822986,0.5939483642578125,1.0242349092427618,-0.6647882717969825,1,14.76,-90.63626868426189,-13.948566807829947,90.63626868426189,13.948566807829947,,,,,,,off,5.0,legged_eval-seed1,,n/a,settle,0.0,auto,off,,,,,0,WALK,first,on,1000,1,deterministic,20.0,1,200,lo,1.0,0.42,0.5,0.05,dead-reckoned-heading-hold,off,,,2.649,0.5676
14,staircase_walking,3,0,1,1,heading-only,0.04,1.6389358520507926,1.3853439331054602,0.8865895914154064,0.8667187972342331,3.909682651462776,0,roll,5.22,-2.8196266655085083,-0.5401583650399442,0.32509490847587585,0.12240150422428978,-0.11775020438592716,-0.6048049926757812,0.40214360405188987,-0.07702145502118447,1,5.22,86.07486191373812,-7.005865965205348,86.07486191373812,16.176108271922693,,,,,,,off,5.0,legged_eval-seed1,,n/a,settle,0.0,auto,off,,,,,0,WALK,first,on,1000,1,deterministic,20.0,1,200,lo,1.0,0.42,0.5,0.05,dead-reckoned-heading-hold,off,,,2.649,0.5676
14,staircase_walking,4,0,1,1,heading-only,0.04,2.167807006835943,2.6929687499999915,1.3579318442733697,0.695324907466728,3.1103697587697967,0,roll,8.5,-40.48916742332267,-4.7634314615673725,0.3283969461917877,0.13738905962775802,0.08152573529411665,0.6865005493164062,1.0924594202519677,-0.6051250581573914,1,8.5,-88.02917217708364,38.31156255607934,88.02917217708364,38.31156255607934,,,,,,,off,5.0,legged_eval-seed1,,n/a,settle,0.0,auto,off,,,,,0,WALK,first,on,1000,1,deterministic,20.0,1,200,lo,1.0,0.42,0.5,0.05,dead-reckoned-heading-hold,off,,,2.649,0.5676
14,staircase_walking,5,0,1,1,heading-only,0.04,1.611083984375,1.2268356323242102,0.9854982371385193,0.9872568124274312,3.6712533699886536,0,roll,5.12,-6.865355547259242,-1.3408897553240706,0.33462953567504883,0.11935234069824219,-0.1510086655616777,-0.7621688842773438,0.46886030688391406,-0.1960827998827079,1,5.12,89.322780218684,1.120213831805664,89.322780218684,14.241776644882297,,,,,,,off,5.0,legged_eval-seed1,,n/a,settle,0.0,auto,off,,,,,0,WALK,first,on,1000,1,deterministic,20.0,1,200,lo,1.0,0.42,0.5,0.05,dead-reckoned-heading-hold,off,,,2.649,0.5676
14,staircase_walking,6,0,1,1,heading-only,0.04,1.4667907714843977,2.6156677246093665,0.772619163280768,0.9766923678067168,3.783635538869943,0,roll,6.42,26.530078809341376,4.132411029492427,0.33113545179367065,0.07270884291034233,0.09589839947186393,0.6120071411132812,0.1876264947875673,0.9919588267868333,1,6.42,-91.46850331271287,-1.7961981112391998,91.46850331271287,17.296437256042747,,,,,,,off,5.0,legged_eval-seed1,,n/a,settle,0.0,auto,off,,,,,0,WALK,first,on,1000,1,deterministic,20.0,1,200,lo,1.0,0.42,0.5,0.05,dead-reckoned-heading-hold,off,,,2.649,0.5676
14,staircase_walking,7,0,1,1,heading-only,0.04,1.5326263427734546,2.613546752929679,0.8124841161812199,0.9251058854270718,3.7183422596299396,0,roll,6.0600000000000005,4.075673632425207,0.6725534046906282,0.3339459002017975,0.08789213577119712,0.10124533876727375,0.6285858154296875,0.3229827175996607,0.13355314675600424,1,6.0600000000000005,-87.31605978147087,-0.34895790567449714,87.31605978147087,27.022399181228476,,,,,,,off,5.0,legged_eval-seed1,,n/a,settle,0.0,auto,off,,,,,0,WALK,first,on,1000,1,deterministic,20.0,1,200,lo,1.0,0.42,0.5,0.05,dead-reckoned-heading-hold,off,,,2.649,0.5676
14,staircase_walking,8,0,1,1,heading-only,0.04,1.3623474121093864,1.2713607788085852,0.8137633327453387,1.1291964408608643,3.9062120398157942,0,roll,7.0600000000000005,-23.695400363163742,-3.356289003280983,0.3379039168357849,0.05132399604948815,-0.10320668855402475,-0.7291412353515625,0.3143008817574823,-1.1413431974246306,1,7.0600000000000005,86.5795036545525,6.884651363920301,86.5795036545525,14.588686043693354,,,,,,,off,5.0,legged_eval-seed1,,n/a,settle,0.0,auto,off,,,,,0,WALK,first,on,1000,1,deterministic,20.0,1,200,lo,1.0,0.42,0.5,0.05,dead-reckoned-heading-hold,off,,,2.649,0.5676
14,staircase_walking,9,0,1,1,heading-only,0.04,1.704077148437534,2.6846145629882727,0.9820497598429283,0.8602660734537997,3.5623270040708204,0,roll,14.780000000000001,12.380903356342799,0.8376795234332068,0.3268330991268158,0.04763715483339202,0.046320335790816826,0.6870498657226562,0.2935090263149574,0.3069088784076195,1,14.780000000000001,-90.27629901411372,4.47005593148309,90.27629901411372,11.54880648405166,,,,,,,off,5.0,legged_eval-seed1,,n/a,settle,0.0,auto,off,,,,,0,WALK,first,on,1000,1,deterministic,20.0,1,200,lo,1.0,0.42,0.5,0.05,dead-reckoned-heading-hold,off,,,2.649,0.5676
15,staircase_climbing,0,0,1,1,heading-only,0.04,1.6569008827209473,1.9137344360351562,0.6625409551459686,1.071577095620499,9.543489011348964,1,timeout,20.0,-27.526188464465008,-1.3763094232232504,0.32255807518959045,0.032845044136047365,-0.004313278198242188,-0.08174896240234375,0.2290973814854088,-0.7313471969156737,0,20.0,-0.05919363370984521,-2.1208286325200323,10.8162410548121,6.911731207911367,,,,,,,off,5.0,legged_eval-seed1,,n/a,settle,0.0,auto,off,,,,,0,WALK,first,on,1000,1,deterministic,20.0,1,200,lo,1.0,0.42,0.5,0.05,dead-reckoned-heading-hold,off,,,2.649,0.5676
15,staircase_climbing,1,0,1,1,heading-only,0.04,1.5431953430175795,1.528106689453125,0.7195446318435538,1.2725350854904667,9.668327646478284,0,roll,5.76,-5.945156864822593,-1.0321452890317002,0.33073949813842773,0.09430474705166311,-0.08192592196994358,-0.48918914794921875,0.23183719616293214,-0.19102255417410605,1,5.76,89.93050988243654,3.5249401172448813,89.93050988243654,9.180750755038519,,,,,,,off,5.0,legged_eval-seed1,,n/a,settle,0.0,auto,off,,,,,0,WALK,first,on,1000,1,deterministic,20.0,1,200,lo,1.0,0.42,0.5,0.05,dead-reckoned-heading-hold,off,,,2.649,0.5676
15,staircase_climbing,2,0,1,1,heading-only,0.04,1.4618865966796903,1.4736480712890625,0.7002753608760419,1.3683938842691181,9.752327876398764,0,roll,5.1000000000000005,-1.5567950824739398,-0.30525393773998816,0.3300180733203888,0.09056599934895888,-0.10320626053155636,-0.5309600830078125,0.32677454153464064,-0.058826560812436035,1,5.1000000000000005,89.90296712122507,-0.20393086786102202,89.90296712122507,8.314093399271517,,,,,,,off,5.0,legged_eval-seed1,,n/a,settle,0.0,auto,off,,,,,0,WALK,first,on,1000,1,deterministic,20.0,1,200,lo,1.0,0.42,0.5,0.05,dead-reckoned-heading-hold,off,,,2.649,0.5676
15,staircase_climbing,3,0,1,1,heading-only,0.04,1.2996719360351676,2.486083984375,0.5710349456144876,1.505934171798886,9.912253700041964,0,roll,3.42,6.530261224440608,1.9094331065615813,0.32621243596076965,0.08762337310969813,0.14212981999269006,0.48708343505859375,0.44326490839044275,0.3803311077098313,1,3.42,-86.1242670371692,1.678739073460518,86.1242670371692,23.842808716165063,,,,,,,off,5.0,legged_eval-seed1,,n/a,settle,0.0,auto,off,,,,,0,WALK,first,on,1000,1,deterministic,20.0,1,200,lo,1.0,0.42,0.5,0.05,dead-reckoned-heading-hold,off,,,2.649,0.5676
15,staircase_climbing,4,0,0,1,heading-only,0.04,0.6825317382812557,2.5562667846679688,0.6404832807525591,0.9887806099647716,10.532168407881906,0,roll,4.12,26.690368963937885,6.478244894159681,0.34153059124946594,-0.07705540332979231,0.1350162098708662,0.5489654541015625,0.4119070295277495,-1.4673429541297653,1,4.12,-92.49397403584582,1.7652765219788678,92.49397403584582,15.636095184378767,,,,,,,off,5.0,legged_eval-seed1,,n/a,settle,0.0,auto,off,,,,,0,WALK,first,on,1000,1,deterministic,20.0,1,200,lo,1.0,0.42,0.5,0.05,dead-reckoned-heading-hold,off,,,2.649,0.5676
15,staircase_climbing,5,0,1,1,heading-only,0.04,1.6568756103515625,1.8370819091796875,0.6767775644857573,1.0557702385443233,9.244560064536897,1,timeout,20.0,-27.81756896370382,-1.390878448185191,0.3291585147380829,0.03284378051757812,-0.008145904541015625,-0.18596649169921875,0.14913960761148443,-0.739117362048764,0,20.0,2.1292569245264255,-0.8937259175083281,13.706930242995464,7.4025598108470705,,,,,,,off,5.0,legged_eval-seed1,,n/a,settle,0.0,auto,off,,,,,0,WALK,first,on,1000,1,deterministic,20.0,1,200,lo,1.0,0.42,0.5,0.05,dead-reckoned-heading-hold,off,,,2.649,0.5676
15,staircase_climbing,6,0,1,1,heading-only,0.04,1.6297241210937727,1.802398681640625,0.6599990528059019,1.0883642487631777,9.272381633218517,1,timeout,20.0,1.794130624261868,0.0897065312130934,0.32217690348625183,0.03148620605468864,-0.00988006591796875,-0.17499542236328125,0.2194708985992675,0.04972572203497972,0,20.0,4.397875623868874,-3.559638347165519,10.12800176104308,7.465821266554076,,,,,,,off,5.0,legged_eval-seed1,,n/a,settle,0.0,auto,off,,,,,0,WALK,first,on,1000,1,deterministic,20.0,1,200,lo,1.0,0.42,0.5,0.05,dead-reckoned-heading-hold,off,,,2.649,0.5676
15,staircase_climbing,7,0,1,1,heading-only,0.04,1.1751129150390796,2.6147613525390625,0.6392151856684425,1.6441448058052053,9.74429886322333,0,roll,13.76,55.89754349349644,4.062321474818056,0.32665860652923584,0.012726229290630782,0.044677423876385354,0.599456787109375,0.3193827751430628,5.5712405765190125,1,13.76,-92.12284590250422,1.2015734040418817,92.12284590250422,16.152806389300025,,,,,,,off,5.0,legged_eval-seed1,,n/a,settle,0.0,auto,off,,,,,0,WALK,first,on,1000,1,deterministic,20.0,1,200,lo,1.0,0.42,0.5,0.05,dead-reckoned-heading-hold,off,,,2.649,0.5676
15,staircase_climbing,8,0,1,1,heading-only,0.04,1.6917541503906364,1.7812118530273438,0.7255288125487505,1.0317111739775882,9.210844688740734,1,timeout,20.0,-39.01448370757004,-1.9507241853785018,0.3311651945114136,0.034587707519531816,-0.010939407348632812,-0.2290496826171875,0.3114832774480131,-0.9843543349588247,0,20.0,-0.3507012699688681,-3.1620981509154737,8.006375168520492,6.877710888731029,,,,,,,off,5.0,legged_eval-seed1,,n/a,settle,0.0,auto,off,,,,,0,WALK,first,on,1000,1,deterministic,20.0,1,200,lo,1.0,0.42,0.5,0.05,dead-reckoned-heading-hold,off,,,2.649,0.5676
15,staircase_climbing,9,0,1,1,heading-only,0.04,1.463873291015659,1.3413467407226562,0.8056069426676796,1.40065461717766,9.459086181231456,0,roll,14.040000000000001,-16.96381893853055,-1.2082492121460506,0.3320697546005249,0.03303940819199851,-0.04691262530465411,-0.6792373657226562,0.3019809451123889,-0.6382658797648537,1,14.040000000000001,90.08385448805826,-0.1375271171453746,90.08385448805826,13.119321793286675,,,,,,,off,5.0,legged_eval-seed1,,n/a,settle,0.0,auto,off,,,,,0,WALK,first,on,1000,1,deterministic,20.0,1,200,lo,1.0,0.42,0.5,0.05,dead-reckoned-heading-hold,off,,,2.649,0.5676
16,staircase_spiral,0,0,0,1,heading-only,0.04,3.4393274784088135,2.5361572265624943,2.4975554285171504,0.8383555703929774,1.6789377908570362,1,timeout,20.0,8.215611107790522,0.4107805553895261,0.33531785011291504,0.12196637392044067,0.026807861328124717,0.521331787109375,1.2386007451752397,0.05878237553733339,0,20.0,-49.390162223160665,0.26963553753663555,49.390162223160665,13.531857542634915,,,,,,,off,5.0,legged_eval-seed1,,n/a,settle,0.0,auto,off,,,,,0,WALK,first,on,1000,1,deterministic,20.0,1,200,lo,1.0,0.42,0.5,0.05,dead-reckoned-heading-hold,off,,,2.649,0.5676
16,staircase_spiral,1,0,0,1,heading-only,0.04,1.7479110717773452,1.249864196777338,1.059280271959997,1.8278273254922557,3.5050170792328053,0,roll,7.0,-2.6716001125372486,-0.3816571589338927,0.3294493556022644,0.10684443882533502,-0.10716225760323742,-0.7439956665039062,0.4626718351984547,-0.06234460221269107,1,7.0,86.89385805671222,-1.6722635710134754,86.89385805671222,14.32005944205671,,,,,,,off,5.0,legged_eval-seed1,,n/a,settle,0.0,auto,off,,,,,0,WALK,first,on,1000,1,deterministic,20.0,1,200,lo,1.0,0.42,0.5,0.05,dead-reckoned-heading-hold,off,,,2.649,0.5676
16,staircase_spiral,2,0,0,1,heading-only,0.04,1.6113388061523466,1.317460632324213,0.9162942345857249,1.9651426638489744,3.652105501628639,0,roll,5.78,-20.05458779619434,-3.469651867853692,0.32976678013801575,0.10576795954192847,-0.11808639579165864,-0.6772232055664062,0.19470928209298563,-0.5725443627189595,1,5.78,86.39010695883084,0.14071812865125455,86.39010695883084,15.672818430189132,,,,,,,off,5.0,legged_eval-seed1,,n/a,settle,0.0,auto,off,,,,,0,WALK,first,on,1000,1,deterministic,20.0,1,200,lo,1.0,0.42,0.5,0.05,dead-reckoned-heading-hold,off,,,2.649,0.5676
16,staircase_spiral,3,0,0,1,heading-only,0.04,2.5318420410156364,1.7774597167968693,1.5479225485375812,1.029409724517073,2.6917156215648412,0,roll,13.38,-15.67354064972048,-1.1714155941495126,0.33463725447654724,0.11448744701163201,-0.016632308161668958,-0.216400146484375,0.5843781697366934,-0.1785790456576203,1,13.38,90.70853029939148,3.880610007455849,90.70853029939148,15.318432955657798,,,,,,,off,5.0,legged_eval-seed1,,n/a,settle,0.0,auto,off,,,,,0,WALK,first,on,1000,1,deterministic,20.0,1,200,lo,1.0,0.42,0.5,0.05,dead-reckoned-heading-hold,off,,,2.649,0.5676
16,staircase_spiral,4,0,0,1,heading-only,0.04,1.6484893798828182,2.7594543457031193,0.9986537833644626,2.2010445776679237,3.6269035331984076,0,roll,6.86,-14.125012479484667,-2.0590397200414965,0.32663044333457947,0.09453197957475483,0.11070763056896782,0.7537841796875,0.6285156429051465,-0.3801573044987151,1,6.86,-89.76416183185549,-1.1421588143184154,89.76416183185549,30.489262451659204,,,,,,,off,5.0,legged_eval-seed1,,n/a,settle,0.0,auto,off,,,,,0,WALK,first,on,1000,1,deterministic,20.0,1,200,lo,1.0,0.42,0.5,0.05,dead-reckoned-heading-hold,off,,,2.649,0.5676
16,staircase_spiral,5,0,0,1,heading-only,0.04,3.67138671875,2.833352661132807,2.7983537408503274,1.135776662483456,1.7257385295670948,0,roll,16.34,-60.56758542453241,-3.706706574328789,0.34937408566474915,0.1634875592870257,0.05100077485512894,0.8394622802734375,2.57106543061923,-0.39571349899338426,1,16.34,-86.31131381424409,-2.9631341421672612,86.31131381424409,38.293733575577605,,,,,,,off,5.0,legged_eval-seed1,,n/a,settle,0.0,auto,off,,,,,0,WALK,first,on,1000,1,deterministic,20.0,1,200,lo,1.0,0.42,0.5,0.05,dead-reckoned-heading-hold,off,,,2.649,0.5676
16,staircase_spiral,6,0,0,1,heading-only,0.04,1.3346954345703352,1.324082946777338,0.754244586828061,2.3127270342647193,4.051728991011468,0,roll,3.06,15.83765914007813,5.175705601332722,0.32265472412109375,0.10937759299684158,-0.2208879258897588,-0.6694717407226562,0.5353261210654063,0.8258830842965936,1,3.06,90.64941012586205,0.4060239262531109,90.64941012586205,13.697987585464988,,,,,,,off,5.0,legged_eval-seed1,,n/a,settle,0.0,auto,off,,,,,0,WALK,first,on,1000,1,deterministic,20.0,1,200,lo,1.0,0.42,0.5,0.05,dead-reckoned-heading-hold,off,,,2.649,0.5676
16,staircase_spiral,7,0,0,1,heading-only,0.04,4.2154876708984546,2.2195068359374943,3.222971332904353,0.7781802815651431,1.1213715647406297,1,timeout,20.0,1.979838709443385,0.09899193547216925,0.33088207244873047,0.16077438354492274,0.010975341796874715,0.1986846923828125,0.61733654813379,0.01074633389235398,0,20.0,-0.743158285500547,-1.312202256080558,9.610377824731819,7.118916645529831,,,,,,,off,5.0,legged_eval-seed1,,n/a,settle,0.0,auto,off,,,,,0,WALK,first,on,1000,1,deterministic,20.0,1,200,lo,1.0,0.42,0.5,0.05,dead-reckoned-heading-hold,off,,,2.649,0.5676
16,staircase_spiral,8,0,0,1,heading-only,0.04,1.3750427246093864,1.214524841308588,0.8704184454638647,2.3316142266285382,4.101943481120342,0,roll,3.3000000000000003,-5.538384392544799,-1.6782983007711512,0.3297247588634491,0.11364931048769283,-0.2380227753610339,-0.7831192016601562,0.5352995599640423,-0.2577387496095254,1,3.3000000000000003,87.89231032878659,3.7735378144544005,87.89231032878659,7.179038249702901,,,,,,,off,5.0,legged_eval-seed1,,n/a,settle,0.0,auto,off,,,,,0,WALK,first,on,1000,1,deterministic,20.0,1,200,lo,1.0,0.42,0.5,0.05,dead-reckoned-heading-hold,off,,,2.649,0.5676
16,staircase_spiral,9,0,0,1,heading-only,0.04,1.963873291015659,2.803598022460932,1.2549189228139315,2.03614420151897,3.5062506626868273,0,roll,6.6000000000000005,-4.33751323408103,-0.6571989748607621,0.3292916417121887,0.1460414077296453,0.12175727613044421,0.7928924560546875,0.7187206703740283,-0.07854132694533976,1,6.6000000000000005,-91.11577167169138,2.422805781984912,91.11577167169138,9.179754601905188,,,,,,,off,5.0,legged_eval-seed1,,n/a,settle,0.0,auto,off,,,,,0,WALK,first,on,1000,1,deterministic,20.0,1,200,lo,1.0,0.42,0.5,0.05,dead-reckoned-heading-hold,off,,,2.649,0.5676
17,squeeze,0,0,1,1,heading-only,0.04,1.5662095546722412,1.6029846191406136,0.6915305289291727,0.9044498235772925,7.144829412273505,0,roll,6.5200000000000005,-14.368545317951742,-2.203764619317752,0.3293778896331787,0.0868419562380738,-0.060891929579660484,-0.4051971435546875,0.2003199563505337,-0.44290744027701934,1,6.5200000000000005,86.90729376914683,0.8204537944851398,86.90729376914683,19.147059116830235,,,,,,,off,5.0,legged_eval-seed1,,n/a,settle,0.0,auto,off,,,,,0,WALK,first,on,1000,1,deterministic,20.0,1,200,lo,1.0,0.42,0.5,0.05,dead-reckoned-heading-hold,off,,,2.649,0.5676
17,squeeze,1,0,1,1,heading-only,0.04,1.6715599060058608,2.3991271972656136,0.7812139444170877,0.7422271435689113,7.489083305656051,1,timeout,20.0,56.78854227125106,2.839427113562553,0.3314746022224426,0.03357799530029304,0.019956359863280683,0.4034881591796875,0.3028577844221196,1.4758877520491225,0,20.0,-7.640979541035705,-4.02940784510636,13.153122047105303,7.856165422433561,,,,,,,off,5.0,legged_eval-seed1,,n/a,settle,0.0,auto,off,,,,,0,WALK,first,on,1000,1,deterministic,20.0,1,200,lo,1.0,0.42,0.5,0.05,dead-reckoned-heading-hold,off,,,2.649,0.5676
17,squeeze,2,0,2,1,heading-only,0.04,2.796343994140628,1.7753479003906136,1.8103370711400708,0.8349733116966959,6.707419206427561,1,timeout,20.0,-45.70915006762587,-2.2854575033812936,0.3292240500450134,0.08981719970703139,-0.011232604980469319,-0.2322998046875,1.402643817767781,-0.4441104652396583,0,20.0,81.9256277761889,1.6210020951350013,85.73659694788762,29.842828009746086,,,,,,,off,5.0,legged_eval-seed1,,n/a,settle,0.0,auto,off,,,,,0,WALK,first,on,1000,1,deterministic,20.0,1,200,lo,1.0,0.42,0.5,0.05,dead-reckoned-heading-hold,off,,,2.649,0.5676
17,squeeze,3,0,1,1,heading-only,0.04,1.3452194213867301,2.800814819335926,0.8720555164498536,1.2822620513232323,7.696555728479002,0,roll,7.640000000000001,37.67846771400784,4.9317366117811305,0.32828783988952637,0.04518578813962436,0.10481869363035681,0.81005859375,0.1985650013370862,1.9049140285161719,1,7.640000000000001,-86.62521775126831,7.753699839541701,86.62521775126831,13.169044004450768,,,,,,,off,5.0,legged_eval-seed1,,n/a,settle,0.0,auto,off,,,,,0,WALK,first,on,1000,1,deterministic,20.0,1,200,lo,1.0,0.42,0.5,0.05,dead-reckoned-heading-hold,off,,,2.649,0.5676
17,squeeze,4,0,1,1,heading-only,0.04,1.2918762207031307,2.8452026367187386,0.8941807565186419,1.4220641276832635,8.102328451722128,0,roll,16.38,24.744690006195412,1.5106648355430656,0.3258645534515381,0.017819061092987223,0.05159967257135157,0.8265533447265625,0.3865671421059082,1.479655697723695,1,16.38,-89.4238124159645,-0.6236404174050517,89.4238124159645,15.906953217129725,,,,,,,off,5.0,legged_eval-seed1,,n/a,settle,0.0,auto,off,,,,,0,WALK,first,on,1000,1,deterministic,20.0,1,200,lo,1.0,0.42,0.5,0.05,dead-reckoned-heading-hold,off,,,2.649,0.5676
17,squeeze,5,0,1,1,heading-only,0.04,1.736724853515625,2.1345703124999886,0.7489143334146862,0.624642639311075,7.814433932389278,1,timeout,20.0,5.835275282808681,0.29176376414043403,0.327285498380661,0.03683624267578125,0.0067285156249994316,0.11761474609375,0.12062766573057622,0.13823989506971987,0,20.0,-4.033362841324532,-8.478460981134065,8.964235583264399,10.401501474324975,,,,,,,off,5.0,legged_eval-seed1,,n/a,settle,0.0,auto,off,,,,,0,WALK,first,on,1000,1,deterministic,20.0,1,200,lo,1.0,0.42,0.5,0.05,dead-reckoned-heading-hold,off,,,2.649,0.5676
17,squeeze,6,0,1,1,heading-only,0.04,1.2533660888672102,1.4036895751953011,0.6479046980217287,1.40115702696993,8.966484509692846,0,roll,2.9,-2.8104740965387123,-0.9691289988064525,0.32291629910469055,0.08736761685076215,-0.20562428441541342,-0.568084716796875,0.3326054843033476,-0.19360138819651507,1,2.9,89.6751583399992,0.7315373820281911,89.6751583399992,9.86194756844647,,,,,,,off,5.0,legged_eval-seed1,,n/a,settle,0.0,auto,off,,,,,0,WALK,first,on,1000,1,deterministic,20.0,1,200,lo,1.0,0.42,0.5,0.05,dead-reckoned-heading-hold,off,,,2.649,0.5676
17,squeeze,7,0,2,1,heading-only,0.04,2.9363739013672046,1.9359313964843636,1.9374335270797014,0.6629022087897692,6.8639251167090585,1,timeout,20.0,-15.913881190368983,-0.7956940595184492,0.326815128326416,0.09681869506836023,-0.0032034301757818185,-0.0760040283203125,0.43605972109312263,-0.14343801233172176,0,20.0,4.380973850211282,1.126921654380118,15.068583405559368,7.294418367367149,,,,,,,off,5.0,legged_eval-seed1,,n/a,settle,0.0,auto,off,,,,,0,WALK,first,on,1000,1,deterministic,20.0,1,200,lo,1.0,0.42,0.5,0.05,dead-reckoned-heading-hold,off,,,2.649,0.5676
17,squeeze,8,0,1,1,heading-only,0.04,1.7494934082031364,1.9768402099609261,0.7498511484385465,0.742168725524319,8.700537416147071,1,timeout,20.0,9.457023290868023,0.47285116454340115,0.32761484384536743,0.03747467041015682,-0.0011579895019536933,-0.0151519775390625,0.15473364999078085,0.22022367649523203,0,20.0,2.991025076116284,-6.080599471851607,14.904623832551925,9.578915747761156,,,,,,,off,5.0,legged_eval-seed1,,n/a,settle,0.0,auto,off,,,,,0,WALK,first,on,1000,1,deterministic,20.0,1,200,lo,1.0,0.42,0.5,0.05,dead-reckoned-heading-hold,off,,,2.649,0.5676
17,squeeze,9,0,0,1,heading-only,0.04,1.188146972656284,1.4816162109374886,0.5514717001646874,0.6049579021934062,9.326270881526717,0,roll,3.04,7.7298333522387,2.542708339552204,0.33204886317253113,0.0618904515316724,-0.17052098324424717,-0.5120086669921875,0.38563594532687145,0.7170513600210717,1,3.04,87.79827687642691,-14.898688512794374,87.79827687642691,14.898688512794374,,,,,,,off,5.0,legged_eval-seed1,,n/a,settle,0.0,auto,off,,,,,0,WALK,first,on,1000,1,deterministic,20.0,1,200,lo,1.0,0.42,0.5,0.05,dead-reckoned-heading-hold,off,,,2.649,0.5676
18,agility_poles,0,0,1,1,heading-only,0.04,1.6140568256378174,2.7630584716796704,0.9794508748857735,2.3898698319080474,16.703381629156596,0,roll,5.08,-11.833066302760074,-2.329343760385841,0.3321148753166199,0.12087732788146012,0.15020836056686426,0.76800537109375,0.649183707725923,-0.33633038338990545,1,5.08,-90.61122102591263,0.36059557348168475,90.61122102591263,7.889532057098916,,,,,,,off,5.0,legged_eval-seed1,,n/a,settle,0.0,auto,off,,,,,0,WALK,first,on,1000,1,deterministic,20.0,1,200,lo,1.0,0.42,0.5,0.05,dead-reckoned-heading-hold,off,,,2.649,0.5676
18,agility_poles,1,0,1,1,heading-only,0.04,4.777597045898439,2.3472259521484204,3.793521491045752,1.0798126816896227,12.477235323232735,1,timeout,20.0,-0.9839231762224472,-0.04919615881112236,0.32967185974121094,0.18887985229492193,0.01736129760742102,0.3170013427734375,0.7664249333514087,-0.004545931925271782,0,20.0,6.546530175843202,-1.6897482074332224,11.264223972322354,7.769783101931475,,,,,,,off,5.0,legged_eval-seed1,,n/a,settle,0.0,auto,off,,,,,0,WALK,first,on,1000,1,deterministic,20.0,1,200,lo,1.0,0.42,0.5,0.05,dead-reckoned-heading-hold,off,,,2.649,0.5676
18,agility_poles,2,0,1,1,heading-only,0.04,2.2818328857421903,1.103344726562483,1.5643165364955585,2.3202337914440787,14.296313632533781,0,roll,11.34,-13.812586865125326,-1.218041169764138,0.32992035150527954,0.11303640967744183,-0.07907012993276165,-0.8848724365234375,0.5863339108887622,-0.1880706304976523,1,11.34,86.98917092957065,-1.3459622109189695,86.98917092957065,11.851841511938899,,,,,,,off,5.0,legged_eval-seed1,,n/a,settle,0.0,auto,off,,,,,0,WALK,first,on,1000,1,deterministic,20.0,1,200,lo,1.0,0.42,0.5,0.05,dead-reckoned-heading-hold,off,,,2.649,0.5676
18,agility_poles,3,0,1,1,heading-only,0.04,1.4453552246093864,2.668682861328108,0.803416482978052,2.1670260097104044,14.070542865555991,0,roll,5.34,16.438618990740423,3.0783930694270456,0.3299042582511902,0.08339985479576524,0.12522150961200523,0.673431396484375,0.3830798193074869,0.644222881006796,1,5.34,-93.15444098120383,9.638333162398188,93.15444098120383,11.855257516795175,,,,,,,off,5.0,legged_eval-seed1,,n/a,settle,0.0,auto,off,,,,,0,WALK,first,on,1000,1,deterministic,20.0,1,200,lo,1.0,0.42,0.5,0.05,dead-reckoned-heading-hold,off,,,2.649,0.5676
18,agility_poles,4,0,1,1,heading-only,0.04,1.4768890380859432,1.541271972656233,0.6617057939275128,2.409511779131182,13.3310058550188,0,roll,7.32,-32.493986744214425,-4.439069227351697,0.3424011170864105,0.06514877569480097,-0.06266776329832884,-0.46405029296875,0.4370439133175618,-1.1892222519145612,1,7.32,87.29004499743439,1.4621979787804344,87.29004499743439,10.655505600194328,,,,,,,off,5.0,legged_eval-seed1,,n/a,settle,0.0,auto,off,,,,,0,WALK,first,on,1000,1,deterministic,20.0,1,200,lo,1.0,0.42,0.5,0.05,dead-reckoned-heading-hold,off,,,2.649,0.5676
18,agility_poles,5,0,1,1,heading-only,0.04,1.63519287109375,2.6646392822265454,0.9193559479151363,1.7247962444999596,12.133025061627306,0,roll,6.46,-6.776950995087162,-1.0490636215305205,0.337161660194397,0.09832706982875387,0.10288533780596679,0.635711669921875,0.47463027413998116,-0.18621132807568888,1,6.46,-90.27865334664911,-12.552190474817454,90.27865334664911,14.683652818264283,,,,,,,off,5.0,legged_eval-seed1,,n/a,settle,0.0,auto,off,,,,,0,WALK,first,on,1000,1,deterministic,20.0,1,200,lo,1.0,0.42,0.5,0.05,dead-reckoned-heading-hold,off,,,2.649,0.5676
18,agility_poles,6,0,1,1,heading-only,0.04,1.5658355712890852,2.3657806396484204,0.6737695229658678,1.752392139868942,11.489988168053566,0,roll,6.6000000000000005,16.59055351568267,2.5137202296488894,0.33670398592948914,0.08573266231652805,0.055421309037639456,0.3930206298828125,0.18070598681805983,0.51173838879961,1,6.6000000000000005,-86.19486944998101,7.0654449077587245,86.19486944998101,14.763938704817546,,,,,,,off,5.0,legged_eval-seed1,,n/a,settle,0.0,auto,off,,,,,0,WALK,first,on,1000,1,deterministic,20.0,1,200,lo,1.0,0.42,0.5,0.05,dead-reckoned-heading-hold,off,,,2.649,0.5676
18,agility_poles,7,0,0,1,heading-only,0.04,2.316699218750017,1.971722412109358,1.3170028301540655,0.8171886170791913,9.683342069870964,0,roll,6.46,16.905823845746312,2.6170005953167665,0.33082741498947144,0.20382340847523484,-0.004377335586786695,-0.0338592529296875,0.4256069108221035,0.22409240065514338,1,6.46,92.52195248978072,8.700085957406419,92.52195248978072,14.908896414128368,,,,,,,off,5.0,legged_eval-seed1,,n/a,settle,0.0,auto,off,,,,,0,WALK,first,on,1000,1,deterministic,20.0,1,200,lo,1.0,0.42,0.5,0.05,dead-reckoned-heading-hold,off,,,2.649,0.5676
18,agility_poles,8,0,0,1,heading-only,0.04,1.0375793457031364,2.6561859130859204,0.6572611047033584,0.8027532709698184,10.283377734882226,0,roll,2.7600000000000002,1.477633671039996,0.5353745184927521,0.3243933618068695,0.01361570496490448,0.23774851923402912,0.6471405029296875,0.4311272062966797,0.6862698702022989,1,2.7600000000000002,-91.64692514706996,-7.340620960673474,91.64692514706996,12.451076063137448,,,,,,,off,5.0,legged_eval-seed1,,n/a,settle,0.0,auto,off,,,,,0,WALK,first,on,1000,1,deterministic,20.0,1,200,lo,1.0,0.42,0.5,0.05,dead-reckoned-heading-hold,off,,,2.649,0.5676
18,agility_poles,9,0,1,1,heading-only,0.04,1.494146728515659,1.623974609374983,0.6209477302458115,1.8279705556304957,8.763923870399477,0,roll,5.76,-29.58458021578423,-5.136211843018096,0.3358289897441864,0.08578936258952416,-0.0652821858723988,-0.3688812255859375,0.32992335768704945,-1.0449291734397197,1,5.76,88.12859124865054,-1.6808057837706976,88.12859124865054,11.362039483288724,,,,,,,off,5.0,legged_eval-seed1,,n/a,settle,0.0,auto,off,,,,,0,WALK,first,on,1000,1,deterministic,20.0,1,200,lo,1.0,0.42,0.5,0.05,dead-reckoned-heading-hold,off,,,2.649,0.5676
19,balance_beam,0,0,0,1,heading-only,0.04,1.1682754755020142,1.3963073730468807,0.6267068082388981,0.6888294041277367,8.852333187609736,0,roll,2.98,-10.499494544800172,-3.5233203170470375,0.32734838128089905,0.05646828036980341,-0.20258141844064406,-0.6137847900390625,0.33101304786254915,-1.0889926119968258,1,2.98,86.31449883740032,-1.0565562927961087,86.31449883740032,13.279250577036015,,,,,,,off,5.0,legged_eval-seed1,,n/a,settle,0.0,auto,off,,,,,0,WALK,first,on,1000,1,deterministic,20.0,1,200,lo,1.0,0.42,0.5,0.05,dead-reckoned-heading-hold,off,,,2.649,0.5676
19,balance_beam,1,0,0,1,heading-only,0.04,1.3030029296875014,1.2963165283203182,0.7661469857112135,0.7307381706376621,9.323589703205219,0,roll,3.08,-5.448530107838735,-1.769003281765823,0.3348495364189148,0.09837757457386409,-0.2284686596362603,-0.70123291015625,0.4498519715835806,-0.3138411561693564,1,3.08,86.23206769733284,-1.0407915770737364,86.23206769733284,12.876084944697155,,,,,,,off,5.0,legged_eval-seed1,,n/a,settle,0.0,auto,off,,,,,0,WALK,first,on,1000,1,deterministic,20.0,1,200,lo,1.0,0.42,0.5,0.05,dead-reckoned-heading-hold,off,,,2.649,0.5676
19,balance_beam,2,0,2,1,heading-only,0.04,3.5096847534179716,1.4211334228515682,2.575578396337057,0.8267760304258558,7.412951231324971,0,roll,14.14,8.007056497484484,0.5662699078843341,0.32731443643569946,0.17748831353733885,-0.04093823034995982,-0.586517333984375,1.1319752496981872,0.055684085056492735,1,14.14,93.25707641969377,-21.4060498247105,93.25707641969377,21.4060498247105,,,,,,,off,5.0,legged_eval-seed1,,n/a,settle,0.0,auto,off,,,,,0,WALK,first,on,1000,1,deterministic,20.0,1,200,lo,1.0,0.42,0.5,0.05,dead-reckoned-heading-hold,off,,,2.649,0.5676
19,balance_beam,3,0,1,1,heading-only,0.04,2.272579956054699,3.140371704101568,1.7087736444794828,1.2362756658109257,9.297619495920394,0,roll,5.46,12.284592456245747,2.2499253582867667,0.32897356152534485,0.23307325202467014,0.20885928646548868,1.14453125,0.24683312804538765,0.16848181884921185,1,5.46,-89.3981317247293,44.59647375913145,89.3981317247293,44.59647375913145,,,,,,,off,5.0,legged_eval-seed1,,n/a,settle,0.0,auto,off,,,,,0,WALK,first,on,1000,1,deterministic,20.0,1,200,lo,1.0,0.42,0.5,0.05,dead-reckoned-heading-hold,off,,,2.649,0.5676
19,balance_beam,4,0,1,1,heading-only,0.04,2.326437377929693,2.435354614257818,1.396055069732055,0.6432691483179406,9.783254058220367,0,roll,8.26,-17.93653004584496,-2.1714927416277194,0.32899579405784607,0.16058563897453912,0.05270636976486903,0.429412841796875,0.8111238176410391,-0.23600926126757346,1,8.26,-87.27850533677801,32.50274574941123,87.27850533677801,35.00400677180893,,,,,,,off,5.0,legged_eval-seed1,,n/a,settle,0.0,auto,off,,,,,0,WALK,first,on,1000,1,deterministic,20.0,1,200,lo,1.0,0.42,0.5,0.05,dead-reckoned-heading-hold,off,,,2.649,0.5676
19,balance_beam,5,0,1,1,heading-only,0.04,2.19232177734375,2.5920776367187557,1.331235196586473,0.8665088928141037,10.224834992565563,0,roll,5.12,-26.728023056464338,-5.2203170032156905,0.3197225332260132,0.23287534713745117,0.11564016342163197,0.5843963623046875,0.8185858070621282,-0.3912467370373039,1,5.12,-87.32146700018727,31.695985982812708,87.32146700018727,31.695985982812708,,,,,,,off,5.0,legged_eval-seed1,,n/a,settle,0.0,auto,off,,,,,0,WALK,first,on,1000,1,deterministic,20.0,1,200,lo,1.0,0.42,0.5,0.05,dead-reckoned-heading-hold,off,,,2.649,0.5676
19,balance_beam,6,0,1,1,heading-only,0.04,2.7342468261718977,2.4209350585937557,1.7846003411522224,0.4438443189858495,10.274379521387901,0,roll,4.94,2.94462236197117,0.5960774012087389,0.3306674361228943,0.35106211056111286,0.08520952603112462,0.3964080810546875,0.4380345959884361,0.029634394982686912,1,4.94,-88.493881559661,50.90259358559834,88.493881559661,50.90259358559834,,,,,,,off,5.0,legged_eval-seed1,,n/a,settle,0.0,auto,off,,,,,0,WALK,first,on,1000,1,deterministic,20.0,1,200,lo,1.0,0.42,0.5,0.05,dead-reckoned-heading-hold,off,,,2.649,0.5676
19,balance_beam,7,0,1,1,heading-only,0.04,1.425952148437517,1.6393951416015682,0.5580959564977063,1.5418107293616437,12.17938738016135,0,roll,4.16,-0.4665193562994432,-0.11214407603351999,0.3371112644672394,0.10239234337440313,-0.08668386019193072,-0.395751953125,0.22859258991974424,-0.019115524646553642,1,4.16,90.91815522191497,7.014635363379248,90.91815522191497,14.652268201659695,,,,,,,off,5.0,legged_eval-seed1,,n/a,settle,0.0,auto,off,,,,,0,WALK,first,on,1000,1,deterministic,20.0,1,200,lo,1.0,0.42,0.5,0.05,dead-reckoned-heading-hold,off,,,2.649,0.5676
19,balance_beam,8,0,0,1,heading-only,0.04,0.9722412109375114,2.5882324218750057,0.588887028652483,0.7902826845994028,12.94113459826173,0,roll,2.36,17.045207432373104,7.222545522191994,0.3340146243572235,-0.011762198755291794,0.24925102621822276,0.598724365234375,0.37880936526337095,-10.717145863626097,1,2.36,-89.79038078307829,4.067311355364298,89.79038078307829,8.915858240592323,,,,,,,off,5.0,legged_eval-seed1,,n/a,settle,0.0,auto,off,,,,,0,WALK,first,on,1000,1,deterministic,20.0,1,200,lo,1.0,0.42,0.5,0.05,dead-reckoned-heading-hold,off,,,2.649,0.5676
19,balance_beam,9,0,1,1,heading-only,0.04,3.048712158203159,2.7899536132812557,2.195734095537426,0.7914540956321606,11.478502513255824,0,roll,8.72,0.5980524445422475,0.06858399593374397,0.33219483494758606,0.23494405483981182,0.0905910106973917,0.789398193359375,0.5748110801065112,0.005094900332908521,1,8.72,-87.39562016572786,46.96067037285985,87.39562016572786,46.96067037285985,,,,,,,off,5.0,legged_eval-seed1,,n/a,settle,0.0,auto,off,,,,,0,WALK,first,on,1000,1,deterministic,20.0,1,200,lo,1.0,0.42,0.5,0.05,dead-reckoned-heading-hold,off,,,2.649,0.5676
