argv,drift_max_m,entry_frame,entry_frame_arg,family,fell,final_dist_m,foot_com_height_m,foot_comp,foot_gain,foot_len_bias,foot_offset_clip_m,foot_vy_avg_n,foot_yaw_bias,grid_cols,grid_rows,heading,heading_cap_rad,heading_len,heading_len_cap_rad,hip_saturated,inplace_at,level_m,n_probes,param,probe,reached,rep,run_utc,score,settle_ok,skill,spawn_x,spawn_z0_m,steps,swing_lift_mm,swing_lift_sym,t_reached_s,tau_hip_max_nm,yaw_cum_deg,yaw_moment,yaw_moment_cap_nm,yaw_moment_gain,yaw_moment_nm,yaw_ok_deg
--headless --device cpu --params skill.STEP_TROT_MAX --reps 1 --entry-frame 0 --skip-unsupported --foot-comp on --heading heading-only --yaw-moment hold --yaw-moment-gain 5 --yaw-moment-cap-nm 2.0 --swing-lift 70 --trace-npz outputs/lift/trace_trot70_0.npz --results-csv outputs/lift/lift.csv,,0,0,step_up,1,3.56282686300736,,on,half-stance,0.0,0.0,0,0.0,4,4,heading-only,0.0,0,0.04,0,obstacle,0.02,15,skill.STEP_TROT_MAX,step_up_0p02,0,0,2026-09-01T08:26:40Z,goal,1,TROT,1.0,0.0,98,70.0,1,nan,18.10176658630371,,hold,2.0,5.0,0.0,
--headless --device cpu --params skill.STEP_TROT_MAX --reps 1 --entry-frame 0 --skip-unsupported --foot-comp on --heading heading-only --yaw-moment hold --yaw-moment-gain 5 --yaw-moment-cap-nm 2.0 --swing-lift 70 --trace-npz outputs/lift/trace_trot70_0.npz --results-csv outputs/lift/lift.csv,,0,0,step_up,1,3.565324533660684,,on,half-stance,0.0,0.0,0,0.0,4,4,heading-only,0.0,0,0.04,0,obstacle,0.04,15,skill.STEP_TROT_MAX,step_up_0p04,0,0,2026-09-01T08:26:40Z,goal,1,TROT,0.9999999999999982,0.0,98,70.0,1,nan,17.959781646728516,,hold,2.0,5.0,0.0,
--headless --device cpu --params skill.STEP_TROT_MAX --reps 1 --entry-frame 0 --skip-unsupported --foot-comp on --heading heading-only --yaw-moment hold --yaw-moment-gain 5 --yaw-moment-cap-nm 2.0 --swing-lift 70 --trace-npz outputs/lift/trace_trot70_0.npz --results-csv outputs/lift/lift.csv,,0,0,step_up,1,3.5350927608235385,,on,half-stance,0.0,0.0,0,0.0,4,4,heading-only,0.0,0,0.04,0,obstacle,0.06,15,skill.STEP_TROT_MAX,step_up_0p06,0,0,2026-09-01T08:26:40Z,goal,1,TROT,0.9999999999999964,0.0,98,70.0,1,nan,17.321592330932617,,hold,2.0,5.0,0.0,
--headless --device cpu --params skill.STEP_TROT_MAX --reps 1 --entry-frame 0 --skip-unsupported --foot-comp on --heading heading-only --yaw-moment hold --yaw-moment-gain 5 --yaw-moment-cap-nm 2.0 --swing-lift 70 --trace-npz outputs/lift/trace_trot70_0.npz --results-csv outputs/lift/lift.csv,,0,0,step_up,1,3.560912804294665,,on,half-stance,0.0,0.0,0,0.0,4,4,heading-only,0.0,0,0.04,0,obstacle,0.08,15,skill.STEP_TROT_MAX,step_up_0p08,0,0,2026-09-01T08:26:40Z,goal,1,TROT,1.0,0.0,98,70.0,1,nan,19.019832611083984,,hold,2.0,5.0,0.0,
--headless --device cpu --params skill.STEP_TROT_MAX --reps 1 --entry-frame 0 --skip-unsupported --foot-comp on --heading heading-only --yaw-moment hold --yaw-moment-gain 5 --yaw-moment-cap-nm 2.0 --swing-lift 70 --trace-npz outputs/lift/trace_trot70_0.npz --results-csv outputs/lift/lift.csv,,0,0,step_up,1,3.564738437995356,,on,half-stance,0.0,0.0,0,0.0,4,4,heading-only,0.0,0,0.04,0,obstacle,0.1,15,skill.STEP_TROT_MAX,step_up_0p10,0,0,2026-09-01T08:26:40Z,goal,1,TROT,1.0,0.0,98,70.0,1,nan,17.77516746520996,,hold,2.0,5.0,0.0,
--headless --device cpu --params skill.STEP_TROT_MAX --reps 1 --entry-frame 0 --skip-unsupported --foot-comp on --heading heading-only --yaw-moment hold --yaw-moment-gain 5 --yaw-moment-cap-nm 2.0 --swing-lift 70 --trace-npz outputs/lift/trace_trot70_0.npz --results-csv outputs/lift/lift.csv,,0,0,step_up,1,3.5551373708278087,,on,half-stance,0.0,0.0,0,0.0,4,4,heading-only,0.0,0,0.04,0,obstacle,0.12,15,skill.STEP_TROT_MAX,step_up_0p12,0,0,2026-09-01T08:26:40Z,goal,1,TROT,0.9999999999999982,0.0,98,70.0,1,nan,17.705829620361328,,hold,2.0,5.0,0.0,
--headless --device cpu --params skill.STEP_TROT_MAX --reps 1 --entry-frame 0 --skip-unsupported --foot-comp on --heading heading-only --yaw-moment hold --yaw-moment-gain 5 --yaw-moment-cap-nm 2.0 --swing-lift 70 --trace-npz outputs/lift/trace_trot70_0.npz --results-csv outputs/lift/lift.csv,,0,0,step_up,1,3.552422527421875,,on,half-stance,0.0,0.0,0,0.0,4,4,heading-only,0.0,0,0.04,0,obstacle,0.14,15,skill.STEP_TROT_MAX,step_up_0p14,0,0,2026-09-01T08:26:40Z,goal,1,TROT,0.9999999999999964,0.0,98,70.0,1,nan,18.42568588256836,,hold,2.0,5.0,0.0,
--headless --device cpu --params skill.STEP_TROT_MAX --reps 1 --entry-frame 0 --skip-unsupported --foot-comp on --heading heading-only --yaw-moment hold --yaw-moment-gain 5 --yaw-moment-cap-nm 2.0 --swing-lift 70 --trace-npz outputs/lift/trace_trot70_0.npz --results-csv outputs/lift/lift.csv,,0,0,step_up,1,3.5526769821250848,,on,half-stance,0.0,0.0,0,0.0,4,4,heading-only,0.0,0,0.04,0,obstacle,0.16,15,skill.STEP_TROT_MAX,step_up_0p16,0,0,2026-09-01T08:26:40Z,goal,1,TROT,1.0,0.0,98,70.0,1,nan,16.330612182617188,,hold,2.0,5.0,0.0,
--headless --device cpu --params skill.STEP_TROT_MAX --reps 1 --entry-frame 0 --skip-unsupported --foot-comp on --heading heading-only --yaw-moment hold --yaw-moment-gain 5 --yaw-moment-cap-nm 2.0 --swing-lift 70 --trace-npz outputs/lift/trace_trot70_0.npz --results-csv outputs/lift/lift.csv,,0,0,step_up,1,3.547961623138338,,on,half-stance,0.0,0.0,0,0.0,4,4,heading-only,0.0,0,0.04,0,obstacle,0.18,15,skill.STEP_TROT_MAX,step_up_0p18,0,0,2026-09-01T08:26:40Z,goal,1,TROT,1.0,0.0,98,70.0,1,nan,17.154085159301758,,hold,2.0,5.0,0.0,
--headless --device cpu --params skill.STEP_TROT_MAX --reps 1 --entry-frame 0 --skip-unsupported --foot-comp on --heading heading-only --yaw-moment hold --yaw-moment-gain 5 --yaw-moment-cap-nm 2.0 --swing-lift 70 --trace-npz outputs/lift/trace_trot70_0.npz --results-csv outputs/lift/lift.csv,,0,0,step_up,1,3.5499139951055296,,on,half-stance,0.0,0.0,0,0.0,4,4,heading-only,0.0,0,0.04,0,obstacle,0.2,15,skill.STEP_TROT_MAX,step_up_0p20,0,0,2026-09-01T08:26:40Z,goal,1,TROT,0.9999999999999982,0.0,98,70.0,1,nan,17.095874786376953,,hold,2.0,5.0,0.0,
--headless --device cpu --params skill.STEP_TROT_MAX --reps 1 --entry-frame 0 --skip-unsupported --foot-comp on --heading heading-only --yaw-moment hold --yaw-moment-gain 5 --yaw-moment-cap-nm 2.0 --swing-lift 70 --trace-npz outputs/lift/trace_trot70_0.npz --results-csv outputs/lift/lift.csv,,0,0,step_up,1,3.5322303317723143,,on,half-stance,0.0,0.0,0,0.0,4,4,heading-only,0.0,0,0.04,0,obstacle,0.22,15,skill.STEP_TROT_MAX,step_up_0p22,0,0,2026-09-01T08:26:40Z,goal,1,TROT,0.9999999999999964,0.0,98,70.0,1,nan,15.554190635681152,,hold,2.0,5.0,0.0,
--headless --device cpu --params skill.STEP_TROT_MAX --reps 1 --entry-frame 0 --skip-unsupported --foot-comp on --heading heading-only --yaw-moment hold --yaw-moment-gain 5 --yaw-moment-cap-nm 2.0 --swing-lift 70 --trace-npz outputs/lift/trace_trot70_0.npz --results-csv outputs/lift/lift.csv,,0,0,step_up,1,3.5716449667463745,,on,half-stance,0.0,0.0,0,0.0,4,4,heading-only,0.0,0,0.04,0,obstacle,0.24,15,skill.STEP_TROT_MAX,step_up_0p24,0,0,2026-09-01T08:26:40Z,goal,1,TROT,1.0,0.0,98,70.0,1,nan,14.826859474182129,,hold,2.0,5.0,0.0,
--headless --device cpu --params skill.STEP_TROT_MAX --reps 1 --entry-frame 0 --skip-unsupported --foot-comp on --heading heading-only --yaw-moment hold --yaw-moment-gain 5 --yaw-moment-cap-nm 2.0 --swing-lift 70 --trace-npz outputs/lift/trace_trot70_0.npz --results-csv outputs/lift/lift.csv,,0,0,step_up,1,3.527239665333399,,on,half-stance,0.0,0.0,0,0.0,4,4,heading-only,0.0,0,0.04,0,obstacle,0.26,15,skill.STEP_TROT_MAX,step_up_0p26,0,0,2026-09-01T08:26:40Z,goal,1,TROT,1.0,0.0,98,70.0,1,nan,18.141193389892578,,hold,2.0,5.0,0.0,
--headless --device cpu --params skill.STEP_TROT_MAX --reps 1 --entry-frame 0 --skip-unsupported --foot-comp on --heading heading-only --yaw-moment hold --yaw-moment-gain 5 --yaw-moment-cap-nm 2.0 --swing-lift 70 --trace-npz outputs/lift/trace_trot70_0.npz --results-csv outputs/lift/lift.csv,,0,0,step_up,1,3.5320056193683014,,on,half-stance,0.0,0.0,0,0.0,4,4,heading-only,0.0,0,0.04,0,obstacle,0.28,15,skill.STEP_TROT_MAX,step_up_0p28,0,0,2026-09-01T08:26:40Z,goal,1,TROT,0.9999999999999982,0.0,98,70.0,1,nan,15.744311332702637,,hold,2.0,5.0,0.0,
--headless --device cpu --params skill.STEP_TROT_MAX --reps 1 --entry-frame 0 --skip-unsupported --foot-comp on --heading heading-only --yaw-moment hold --yaw-moment-gain 5 --yaw-moment-cap-nm 2.0 --swing-lift 70 --trace-npz outputs/lift/trace_trot70_0.npz --results-csv outputs/lift/lift.csv,,0,0,step_up,1,3.548217281586423,,on,half-stance,0.0,0.0,0,0.0,4,4,heading-only,0.0,0,0.04,0,obstacle,0.3,15,skill.STEP_TROT_MAX,step_up_0p30,0,0,2026-09-01T08:26:40Z,goal,1,TROT,0.9999999999999964,0.0,98,70.0,1,nan,16.499740600585938,,hold,2.0,5.0,0.0,
--headless --device cpu --params skill.STEP_TROT_MAX --reps 1 --entry-frame 16 --skip-unsupported --foot-comp on --heading heading-only --yaw-moment hold --yaw-moment-gain 5 --yaw-moment-cap-nm 2.0 --swing-lift 70 --trace-npz outputs/lift/trace_trot70_16.npz --results-csv outputs/lift/lift.csv,,16,16,step_up,1,3.7558362133151415,,on,half-stance,0.0,0.0,0,0.0,4,4,heading-only,0.0,0,0.04,0,obstacle,0.02,15,skill.STEP_TROT_MAX,step_up_0p02,0,0,2026-09-01T08:26:40Z,goal,1,TROT,1.0,0.0,86,70.0,1,nan,17.20728874206543,,hold,2.0,5.0,0.0,
--headless --device cpu --params skill.STEP_TROT_MAX --reps 1 --entry-frame 16 --skip-unsupported --foot-comp on --heading heading-only --yaw-moment hold --yaw-moment-gain 5 --yaw-moment-cap-nm 2.0 --swing-lift 70 --trace-npz outputs/lift/trace_trot70_16.npz --results-csv outputs/lift/lift.csv,,16,16,step_up,1,3.8033121445801554,,on,half-stance,0.0,0.0,0,0.0,4,4,heading-only,0.0,0,0.04,0,obstacle,0.04,15,skill.STEP_TROT_MAX,step_up_0p04,0,0,2026-09-01T08:26:40Z,goal,1,TROT,0.9999999999999982,0.0,86,70.0,1,nan,19.500263214111328,,hold,2.0,5.0,0.0,
--headless --device cpu --params skill.STEP_TROT_MAX --reps 1 --entry-frame 16 --skip-unsupported --foot-comp on --heading heading-only --yaw-moment hold --yaw-moment-gain 5 --yaw-moment-cap-nm 2.0 --swing-lift 70 --trace-npz outputs/lift/trace_trot70_16.npz --results-csv outputs/lift/lift.csv,,16,16,step_up,1,3.7530902939421544,,on,half-stance,0.0,0.0,0,0.0,4,4,heading-only,0.0,0,0.04,0,obstacle,0.06,15,skill.STEP_TROT_MAX,step_up_0p06,0,0,2026-09-01T08:26:40Z,goal,1,TROT,0.9999999999999964,0.0,86,70.0,1,nan,17.176963806152344,,hold,2.0,5.0,0.0,
--headless --device cpu --params skill.STEP_TROT_MAX --reps 1 --entry-frame 16 --skip-unsupported --foot-comp on --heading heading-only --yaw-moment hold --yaw-moment-gain 5 --yaw-moment-cap-nm 2.0 --swing-lift 70 --trace-npz outputs/lift/trace_trot70_16.npz --results-csv outputs/lift/lift.csv,,16,16,step_up,1,3.7589120650243095,,on,half-stance,0.0,0.0,0,0.0,4,4,heading-only,0.0,0,0.04,0,obstacle,0.08,15,skill.STEP_TROT_MAX,step_up_0p08,0,0,2026-09-01T08:26:40Z,goal,1,TROT,1.0,0.0,86,70.0,1,nan,17.16045379638672,,hold,2.0,5.0,0.0,
--headless --device cpu --params skill.STEP_TROT_MAX --reps 1 --entry-frame 16 --skip-unsupported --foot-comp on --heading heading-only --yaw-moment hold --yaw-moment-gain 5 --yaw-moment-cap-nm 2.0 --swing-lift 70 --trace-npz outputs/lift/trace_trot70_16.npz --results-csv outputs/lift/lift.csv,,16,16,step_up,1,3.7590097898618864,,on,half-stance,0.0,0.0,0,0.0,4,4,heading-only,0.0,0,0.04,0,obstacle,0.1,15,skill.STEP_TROT_MAX,step_up_0p10,0,0,2026-09-01T08:26:40Z,goal,1,TROT,1.0,0.0,86,70.0,1,nan,17.181360244750977,,hold,2.0,5.0,0.0,
--headless --device cpu --params skill.STEP_TROT_MAX --reps 1 --entry-frame 16 --skip-unsupported --foot-comp on --heading heading-only --yaw-moment hold --yaw-moment-gain 5 --yaw-moment-cap-nm 2.0 --swing-lift 70 --trace-npz outputs/lift/trace_trot70_16.npz --results-csv outputs/lift/lift.csv,,16,16,step_up,1,3.772748525873364,,on,half-stance,0.0,0.0,0,0.0,4,4,heading-only,0.0,0,0.04,0,obstacle,0.12,15,skill.STEP_TROT_MAX,step_up_0p12,0,0,2026-09-01T08:26:40Z,goal,1,TROT,0.9999999999999982,0.0,86,70.0,1,nan,18.12302017211914,,hold,2.0,5.0,0.0,
--headless --device cpu --params skill.STEP_TROT_MAX --reps 1 --entry-frame 16 --skip-unsupported --foot-comp on --heading heading-only --yaw-moment hold --yaw-moment-gain 5 --yaw-moment-cap-nm 2.0 --swing-lift 70 --trace-npz outputs/lift/trace_trot70_16.npz --results-csv outputs/lift/lift.csv,,16,16,step_up,1,3.758610716440874,,on,half-stance,0.0,0.0,0,0.0,4,4,heading-only,0.0,0,0.04,0,obstacle,0.14,15,skill.STEP_TROT_MAX,step_up_0p14,0,0,2026-09-01T08:26:40Z,goal,1,TROT,0.9999999999999964,0.0,86,70.0,1,nan,17.387451171875,,hold,2.0,5.0,0.0,
--headless --device cpu --params skill.STEP_TROT_MAX --reps 1 --entry-frame 16 --skip-unsupported --foot-comp on --heading heading-only --yaw-moment hold --yaw-moment-gain 5 --yaw-moment-cap-nm 2.0 --swing-lift 70 --trace-npz outputs/lift/trace_trot70_16.npz --results-csv outputs/lift/lift.csv,,16,16,step_up,1,3.750438854833041,,on,half-stance,0.0,0.0,0,0.0,4,4,heading-only,0.0,0,0.04,0,obstacle,0.16,15,skill.STEP_TROT_MAX,step_up_0p16,0,0,2026-09-01T08:26:40Z,goal,1,TROT,1.0,0.0,86,70.0,1,nan,16.99628257751465,,hold,2.0,5.0,0.0,
--headless --device cpu --params skill.STEP_TROT_MAX --reps 1 --entry-frame 16 --skip-unsupported --foot-comp on --heading heading-only --yaw-moment hold --yaw-moment-gain 5 --yaw-moment-cap-nm 2.0 --swing-lift 70 --trace-npz outputs/lift/trace_trot70_16.npz --results-csv outputs/lift/lift.csv,,16,16,step_up,1,3.7638327314028888,,on,half-stance,0.0,0.0,0,0.0,4,4,heading-only,0.0,0,0.04,0,obstacle,0.18,15,skill.STEP_TROT_MAX,step_up_0p18,0,0,2026-09-01T08:26:40Z,goal,1,TROT,1.0,0.0,86,70.0,1,nan,17.496047973632812,,hold,2.0,5.0,0.0,
--headless --device cpu --params skill.STEP_TROT_MAX --reps 1 --entry-frame 16 --skip-unsupported --foot-comp on --heading heading-only --yaw-moment hold --yaw-moment-gain 5 --yaw-moment-cap-nm 2.0 --swing-lift 70 --trace-npz outputs/lift/trace_trot70_16.npz --results-csv outputs/lift/lift.csv,,16,16,step_up,1,3.763316536617842,,on,half-stance,0.0,0.0,0,0.0,4,4,heading-only,0.0,0,0.04,0,obstacle,0.2,15,skill.STEP_TROT_MAX,step_up_0p20,0,0,2026-09-01T08:26:40Z,goal,1,TROT,0.9999999999999982,0.0,86,70.0,1,nan,17.262304306030273,,hold,2.0,5.0,0.0,
--headless --device cpu --params skill.STEP_TROT_MAX --reps 1 --entry-frame 16 --skip-unsupported --foot-comp on --heading heading-only --yaw-moment hold --yaw-moment-gain 5 --yaw-moment-cap-nm 2.0 --swing-lift 70 --trace-npz outputs/lift/trace_trot70_16.npz --results-csv outputs/lift/lift.csv,,16,16,step_up,1,3.7625625096726583,,on,half-stance,0.0,0.0,0,0.0,4,4,heading-only,0.0,0,0.04,0,obstacle,0.22,15,skill.STEP_TROT_MAX,step_up_0p22,0,0,2026-09-01T08:26:40Z,goal,1,TROT,0.9999999999999964,0.0,86,70.0,1,nan,17.725208282470703,,hold,2.0,5.0,0.0,
--headless --device cpu --params skill.STEP_TROT_MAX --reps 1 --entry-frame 16 --skip-unsupported --foot-comp on --heading heading-only --yaw-moment hold --yaw-moment-gain 5 --yaw-moment-cap-nm 2.0 --swing-lift 70 --trace-npz outputs/lift/trace_trot70_16.npz --results-csv outputs/lift/lift.csv,,16,16,step_up,1,3.7820782588904347,,on,half-stance,0.0,0.0,0,0.0,4,4,heading-only,0.0,0,0.04,0,obstacle,0.24,15,skill.STEP_TROT_MAX,step_up_0p24,0,0,2026-09-01T08:26:40Z,goal,1,TROT,1.0,0.0,86,70.0,1,nan,17.841205596923828,,hold,2.0,5.0,0.0,
--headless --device cpu --params skill.STEP_TROT_MAX --reps 1 --entry-frame 16 --skip-unsupported --foot-comp on --heading heading-only --yaw-moment hold --yaw-moment-gain 5 --yaw-moment-cap-nm 2.0 --swing-lift 70 --trace-npz outputs/lift/trace_trot70_16.npz --results-csv outputs/lift/lift.csv,,16,16,step_up,1,3.7591583564897664,,on,half-stance,0.0,0.0,0,0.0,4,4,heading-only,0.0,0,0.04,0,obstacle,0.26,15,skill.STEP_TROT_MAX,step_up_0p26,0,0,2026-09-01T08:26:40Z,goal,1,TROT,1.0,0.0,86,70.0,1,nan,17.497575759887695,,hold,2.0,5.0,0.0,
--headless --device cpu --params skill.STEP_TROT_MAX --reps 1 --entry-frame 16 --skip-unsupported --foot-comp on --heading heading-only --yaw-moment hold --yaw-moment-gain 5 --yaw-moment-cap-nm 2.0 --swing-lift 70 --trace-npz outputs/lift/trace_trot70_16.npz --results-csv outputs/lift/lift.csv,,16,16,step_up,1,3.762708936917179,,on,half-stance,0.0,0.0,0,0.0,4,4,heading-only,0.0,0,0.04,0,obstacle,0.28,15,skill.STEP_TROT_MAX,step_up_0p28,0,0,2026-09-01T08:26:40Z,goal,1,TROT,0.9999999999999982,0.0,86,70.0,1,nan,17.59383773803711,,hold,2.0,5.0,0.0,
--headless --device cpu --params skill.STEP_TROT_MAX --reps 1 --entry-frame 16 --skip-unsupported --foot-comp on --heading heading-only --yaw-moment hold --yaw-moment-gain 5 --yaw-moment-cap-nm 2.0 --swing-lift 70 --trace-npz outputs/lift/trace_trot70_16.npz --results-csv outputs/lift/lift.csv,,16,16,step_up,1,3.7702332367318085,,on,half-stance,0.0,0.0,0,0.0,4,4,heading-only,0.0,0,0.04,0,obstacle,0.3,15,skill.STEP_TROT_MAX,step_up_0p30,0,0,2026-09-01T08:26:40Z,goal,1,TROT,0.9999999999999964,0.0,86,70.0,1,nan,17.954044342041016,,hold,2.0,5.0,0.0,
--headless --device cpu --params skill.STEP_TROT_MAX --reps 1 --entry-frame 16 --skip-unsupported --foot-comp on --heading heading-only --yaw-moment hold --yaw-moment-gain 5 --yaw-moment-cap-nm 2.0 --swing-lift 60 --trace-npz outputs/lift/trace_trot60_16.npz --results-csv outputs/lift/lift.csv,,16,16,step_up,1,3.732482346343579,,on,half-stance,0.0,0.0,0,0.0,4,4,heading-only,0.0,0,0.04,0,obstacle,0.02,15,skill.STEP_TROT_MAX,step_up_0p02,0,0,2026-09-01T08:26:40Z,goal,1,TROT,1.0,0.0,88,60.0,1,nan,18.170068740844727,,hold,2.0,5.0,0.0,
--headless --device cpu --params skill.STEP_TROT_MAX --reps 1 --entry-frame 16 --skip-unsupported --foot-comp on --heading heading-only --yaw-moment hold --yaw-moment-gain 5 --yaw-moment-cap-nm 2.0 --swing-lift 60 --trace-npz outputs/lift/trace_trot60_16.npz --results-csv outputs/lift/lift.csv,,16,16,step_up,1,3.7342805851225456,,on,half-stance,0.0,0.0,0,0.0,4,4,heading-only,0.0,0,0.04,0,obstacle,0.04,15,skill.STEP_TROT_MAX,step_up_0p04,0,0,2026-09-01T08:26:40Z,goal,1,TROT,0.9999999999999982,0.0,88,60.0,1,nan,18.16649055480957,,hold,2.0,5.0,0.0,
--headless --device cpu --params skill.STEP_TROT_MAX --reps 1 --entry-frame 16 --skip-unsupported --foot-comp on --heading heading-only --yaw-moment hold --yaw-moment-gain 5 --yaw-moment-cap-nm 2.0 --swing-lift 60 --trace-npz outputs/lift/trace_trot60_16.npz --results-csv outputs/lift/lift.csv,,16,16,step_up,1,3.7464345030484867,,on,half-stance,0.0,0.0,0,0.0,4,4,heading-only,0.0,0,0.04,0,obstacle,0.06,15,skill.STEP_TROT_MAX,step_up_0p06,0,0,2026-09-01T08:26:40Z,goal,1,TROT,0.9999999999999964,0.0,88,60.0,1,nan,19.08076286315918,,hold,2.0,5.0,0.0,
--headless --device cpu --params skill.STEP_TROT_MAX --reps 1 --entry-frame 16 --skip-unsupported --foot-comp on --heading heading-only --yaw-moment hold --yaw-moment-gain 5 --yaw-moment-cap-nm 2.0 --swing-lift 60 --trace-npz outputs/lift/trace_trot60_16.npz --results-csv outputs/lift/lift.csv,,16,16,step_up,1,3.731980218266636,,on,half-stance,0.0,0.0,0,0.0,4,4,heading-only,0.0,0,0.04,0,obstacle,0.08,15,skill.STEP_TROT_MAX,step_up_0p08,0,0,2026-09-01T08:26:40Z,goal,1,TROT,1.0,0.0,88,60.0,1,nan,18.50306510925293,,hold,2.0,5.0,0.0,
--headless --device cpu --params skill.STEP_TROT_MAX --reps 1 --entry-frame 16 --skip-unsupported --foot-comp on --heading heading-only --yaw-moment hold --yaw-moment-gain 5 --yaw-moment-cap-nm 2.0 --swing-lift 60 --trace-npz outputs/lift/trace_trot60_16.npz --results-csv outputs/lift/lift.csv,,16,16,step_up,1,3.735368701399548,,on,half-stance,0.0,0.0,0,0.0,4,4,heading-only,0.0,0,0.04,0,obstacle,0.1,15,skill.STEP_TROT_MAX,step_up_0p10,0,0,2026-09-01T08:26:40Z,goal,1,TROT,1.0,0.0,88,60.0,1,nan,18.278018951416016,,hold,2.0,5.0,0.0,
--headless --device cpu --params skill.STEP_TROT_MAX --reps 1 --entry-frame 16 --skip-unsupported --foot-comp on --heading heading-only --yaw-moment hold --yaw-moment-gain 5 --yaw-moment-cap-nm 2.0 --swing-lift 60 --trace-npz outputs/lift/trace_trot60_16.npz --results-csv outputs/lift/lift.csv,,16,16,step_up,1,3.7354204563171294,,on,half-stance,0.0,0.0,0,0.0,4,4,heading-only,0.0,0,0.04,0,obstacle,0.12,15,skill.STEP_TROT_MAX,step_up_0p12,0,0,2026-09-01T08:26:40Z,goal,1,TROT,0.9999999999999982,0.0,88,60.0,1,nan,18.081214904785156,,hold,2.0,5.0,0.0,
--headless --device cpu --params skill.STEP_TROT_MAX --reps 1 --entry-frame 16 --skip-unsupported --foot-comp on --heading heading-only --yaw-moment hold --yaw-moment-gain 5 --yaw-moment-cap-nm 2.0 --swing-lift 60 --trace-npz outputs/lift/trace_trot60_16.npz --results-csv outputs/lift/lift.csv,,16,16,step_up,1,3.7370230621195852,,on,half-stance,0.0,0.0,0,0.0,4,4,heading-only,0.0,0,0.04,0,obstacle,0.14,15,skill.STEP_TROT_MAX,step_up_0p14,0,0,2026-09-01T08:26:40Z,goal,1,TROT,0.9999999999999964,0.0,88,60.0,1,nan,19.075702667236328,,hold,2.0,5.0,0.0,
--headless --device cpu --params skill.STEP_TROT_MAX --reps 1 --entry-frame 16 --skip-unsupported --foot-comp on --heading heading-only --yaw-moment hold --yaw-moment-gain 5 --yaw-moment-cap-nm 2.0 --swing-lift 60 --trace-npz outputs/lift/trace_trot60_16.npz --results-csv outputs/lift/lift.csv,,16,16,step_up,1,3.7297355007741477,,on,half-stance,0.0,0.0,0,0.0,4,4,heading-only,0.0,0,0.04,0,obstacle,0.16,15,skill.STEP_TROT_MAX,step_up_0p16,0,0,2026-09-01T08:26:40Z,goal,1,TROT,1.0,0.0,88,60.0,1,nan,18.21967887878418,,hold,2.0,5.0,0.0,
--headless --device cpu --params skill.STEP_TROT_MAX --reps 1 --entry-frame 16 --skip-unsupported --foot-comp on --heading heading-only --yaw-moment hold --yaw-moment-gain 5 --yaw-moment-cap-nm 2.0 --swing-lift 60 --trace-npz outputs/lift/trace_trot60_16.npz --results-csv outputs/lift/lift.csv,,16,16,step_up,1,3.75377144581487,,on,half-stance,0.0,0.0,0,0.0,4,4,heading-only,0.0,0,0.04,0,obstacle,0.18,15,skill.STEP_TROT_MAX,step_up_0p18,0,0,2026-09-01T08:26:40Z,goal,1,TROT,1.0,0.0,88,60.0,1,nan,19.331411361694336,,hold,2.0,5.0,0.0,
--headless --device cpu --params skill.STEP_TROT_MAX --reps 1 --entry-frame 16 --skip-unsupported --foot-comp on --heading heading-only --yaw-moment hold --yaw-moment-gain 5 --yaw-moment-cap-nm 2.0 --swing-lift 60 --trace-npz outputs/lift/trace_trot60_16.npz --results-csv outputs/lift/lift.csv,,16,16,step_up,1,3.7542331087995886,,on,half-stance,0.0,0.0,0,0.0,4,4,heading-only,0.0,0,0.04,0,obstacle,0.2,15,skill.STEP_TROT_MAX,step_up_0p20,0,0,2026-09-01T08:26:40Z,goal,1,TROT,0.9999999999999982,0.0,88,60.0,1,nan,19.295682907104492,,hold,2.0,5.0,0.0,
--headless --device cpu --params skill.STEP_TROT_MAX --reps 1 --entry-frame 16 --skip-unsupported --foot-comp on --heading heading-only --yaw-moment hold --yaw-moment-gain 5 --yaw-moment-cap-nm 2.0 --swing-lift 60 --trace-npz outputs/lift/trace_trot60_16.npz --results-csv outputs/lift/lift.csv,,16,16,step_up,1,3.736562164855832,,on,half-stance,0.0,0.0,0,0.0,4,4,heading-only,0.0,0,0.04,0,obstacle,0.22,15,skill.STEP_TROT_MAX,step_up_0p22,0,0,2026-09-01T08:26:40Z,goal,1,TROT,0.9999999999999964,0.0,88,60.0,1,nan,18.882463455200195,,hold,2.0,5.0,0.0,
--headless --device cpu --params skill.STEP_TROT_MAX --reps 1 --entry-frame 16 --skip-unsupported --foot-comp on --heading heading-only --yaw-moment hold --yaw-moment-gain 5 --yaw-moment-cap-nm 2.0 --swing-lift 60 --trace-npz outputs/lift/trace_trot60_16.npz --results-csv outputs/lift/lift.csv,,16,16,step_up,1,3.7275475775461375,,on,half-stance,0.0,0.0,0,0.0,4,4,heading-only,0.0,0,0.04,0,obstacle,0.24,15,skill.STEP_TROT_MAX,step_up_0p24,0,0,2026-09-01T08:26:40Z,goal,1,TROT,1.0,0.0,88,60.0,1,nan,18.180221557617188,,hold,2.0,5.0,0.0,
--headless --device cpu --params skill.STEP_TROT_MAX --reps 1 --entry-frame 16 --skip-unsupported --foot-comp on --heading heading-only --yaw-moment hold --yaw-moment-gain 5 --yaw-moment-cap-nm 2.0 --swing-lift 60 --trace-npz outputs/lift/trace_trot60_16.npz --results-csv outputs/lift/lift.csv,,16,16,step_up,1,3.7308869770346247,,on,half-stance,0.0,0.0,0,0.0,4,4,heading-only,0.0,0,0.04,0,obstacle,0.26,15,skill.STEP_TROT_MAX,step_up_0p26,0,0,2026-09-01T08:26:40Z,goal,1,TROT,1.0,0.0,88,60.0,1,nan,18.394765853881836,,hold,2.0,5.0,0.0,
--headless --device cpu --params skill.STEP_TROT_MAX --reps 1 --entry-frame 16 --skip-unsupported --foot-comp on --heading heading-only --yaw-moment hold --yaw-moment-gain 5 --yaw-moment-cap-nm 2.0 --swing-lift 60 --trace-npz outputs/lift/trace_trot60_16.npz --results-csv outputs/lift/lift.csv,,16,16,step_up,1,3.744340513772386,,on,half-stance,0.0,0.0,0,0.0,4,4,heading-only,0.0,0,0.04,0,obstacle,0.28,15,skill.STEP_TROT_MAX,step_up_0p28,0,0,2026-09-01T08:26:40Z,goal,1,TROT,0.9999999999999982,0.0,88,60.0,1,nan,18.91086769104004,,hold,2.0,5.0,0.0,
--headless --device cpu --params skill.STEP_TROT_MAX --reps 1 --entry-frame 16 --skip-unsupported --foot-comp on --heading heading-only --yaw-moment hold --yaw-moment-gain 5 --yaw-moment-cap-nm 2.0 --swing-lift 60 --trace-npz outputs/lift/trace_trot60_16.npz --results-csv outputs/lift/lift.csv,,16,16,step_up,1,3.7283526080367144,,on,half-stance,0.0,0.0,0,0.0,4,4,heading-only,0.0,0,0.04,0,obstacle,0.3,15,skill.STEP_TROT_MAX,step_up_0p30,0,0,2026-09-01T08:26:40Z,goal,1,TROT,0.9999999999999964,0.0,88,60.0,1,nan,18.162641525268555,,hold,2.0,5.0,0.0,
--headless --device cpu --params skill.STEP_TROT_MAX --reps 1 --entry-frame 0 --skip-unsupported --foot-comp on --heading heading-only --yaw-moment hold --yaw-moment-gain 5 --yaw-moment-cap-nm 2.0 --swing-lift 60 --trace-npz outputs/lift/trace_trot60_0.npz --results-csv outputs/lift/lift.csv,,0,0,step_up,1,3.575432240882347,,on,half-stance,0.0,0.0,0,0.0,4,4,heading-only,0.0,0,0.04,0,obstacle,0.02,15,skill.STEP_TROT_MAX,step_up_0p02,0,0,2026-09-01T08:26:40Z,goal,1,TROT,1.0,0.0,95,60.0,1,nan,14.739240646362305,,hold,2.0,5.0,0.0,
--headless --device cpu --params skill.STEP_TROT_MAX --reps 1 --entry-frame 0 --skip-unsupported --foot-comp on --heading heading-only --yaw-moment hold --yaw-moment-gain 5 --yaw-moment-cap-nm 2.0 --swing-lift 60 --trace-npz outputs/lift/trace_trot60_0.npz --results-csv outputs/lift/lift.csv,,0,0,step_up,1,3.564518533215634,,on,half-stance,0.0,0.0,0,0.0,4,4,heading-only,0.0,0,0.04,0,obstacle,0.04,15,skill.STEP_TROT_MAX,step_up_0p04,0,0,2026-09-01T08:26:40Z,goal,1,TROT,0.9999999999999982,0.0,95,60.0,1,nan,15.03078842163086,,hold,2.0,5.0,0.0,
--headless --device cpu --params skill.STEP_TROT_MAX --reps 1 --entry-frame 0 --skip-unsupported --foot-comp on --heading heading-only --yaw-moment hold --yaw-moment-gain 5 --yaw-moment-cap-nm 2.0 --swing-lift 60 --trace-npz outputs/lift/trace_trot60_0.npz --results-csv outputs/lift/lift.csv,,0,0,step_up,1,3.5614426408399122,,on,half-stance,0.0,0.0,0,0.0,4,4,heading-only,0.0,0,0.04,0,obstacle,0.06,15,skill.STEP_TROT_MAX,step_up_0p06,0,0,2026-09-01T08:26:40Z,goal,1,TROT,0.9999999999999964,0.0,95,60.0,1,nan,16.74489974975586,,hold,2.0,5.0,0.0,
--headless --device cpu --params skill.STEP_TROT_MAX --reps 1 --entry-frame 0 --skip-unsupported --foot-comp on --heading heading-only --yaw-moment hold --yaw-moment-gain 5 --yaw-moment-cap-nm 2.0 --swing-lift 60 --trace-npz outputs/lift/trace_trot60_0.npz --results-csv outputs/lift/lift.csv,,0,0,step_up,1,3.5968227246308206,,on,half-stance,0.0,0.0,0,0.0,4,4,heading-only,0.0,0,0.04,0,obstacle,0.08,15,skill.STEP_TROT_MAX,step_up_0p08,0,0,2026-09-01T08:26:40Z,goal,1,TROT,1.0,0.0,95,60.0,1,nan,18.640705108642578,,hold,2.0,5.0,0.0,
--headless --device cpu --params skill.STEP_TROT_MAX --reps 1 --entry-frame 0 --skip-unsupported --foot-comp on --heading heading-only --yaw-moment hold --yaw-moment-gain 5 --yaw-moment-cap-nm 2.0 --swing-lift 60 --trace-npz outputs/lift/trace_trot60_0.npz --results-csv outputs/lift/lift.csv,,0,0,step_up,1,3.546872090655489,,on,half-stance,0.0,0.0,0,0.0,4,4,heading-only,0.0,0,0.04,0,obstacle,0.1,15,skill.STEP_TROT_MAX,step_up_0p10,0,0,2026-09-01T08:26:40Z,goal,1,TROT,1.0,0.0,95,60.0,1,nan,21.903038024902344,,hold,2.0,5.0,0.0,
--headless --device cpu --params skill.STEP_TROT_MAX --reps 1 --entry-frame 0 --skip-unsupported --foot-comp on --heading heading-only --yaw-moment hold --yaw-moment-gain 5 --yaw-moment-cap-nm 2.0 --swing-lift 60 --trace-npz outputs/lift/trace_trot60_0.npz --results-csv outputs/lift/lift.csv,,0,0,step_up,1,3.5860952819639738,,on,half-stance,0.0,0.0,0,0.0,4,4,heading-only,0.0,0,0.04,0,obstacle,0.12,15,skill.STEP_TROT_MAX,step_up_0p12,0,0,2026-09-01T08:26:40Z,goal,1,TROT,0.9999999999999982,0.0,95,60.0,1,nan,14.79664421081543,,hold,2.0,5.0,0.0,
--headless --device cpu --params skill.STEP_TROT_MAX --reps 1 --entry-frame 0 --skip-unsupported --foot-comp on --heading heading-only --yaw-moment hold --yaw-moment-gain 5 --yaw-moment-cap-nm 2.0 --swing-lift 60 --trace-npz outputs/lift/trace_trot60_0.npz --results-csv outputs/lift/lift.csv,,0,0,step_up,1,3.581579512818106,,on,half-stance,0.0,0.0,0,0.0,4,4,heading-only,0.0,0,0.04,0,obstacle,0.14,15,skill.STEP_TROT_MAX,step_up_0p14,0,0,2026-09-01T08:26:40Z,goal,1,TROT,0.9999999999999964,0.0,95,60.0,1,nan,16.866992950439453,,hold,2.0,5.0,0.0,
--headless --device cpu --params skill.STEP_TROT_MAX --reps 1 --entry-frame 0 --skip-unsupported --foot-comp on --heading heading-only --yaw-moment hold --yaw-moment-gain 5 --yaw-moment-cap-nm 2.0 --swing-lift 60 --trace-npz outputs/lift/trace_trot60_0.npz --results-csv outputs/lift/lift.csv,,0,0,step_up,1,3.5804613511160963,,on,half-stance,0.0,0.0,0,0.0,4,4,heading-only,0.0,0,0.04,0,obstacle,0.16,15,skill.STEP_TROT_MAX,step_up_0p16,0,0,2026-09-01T08:26:40Z,goal,1,TROT,1.0,0.0,95,60.0,1,nan,14.849143981933594,,hold,2.0,5.0,0.0,
--headless --device cpu --params skill.STEP_TROT_MAX --reps 1 --entry-frame 0 --skip-unsupported --foot-comp on --heading heading-only --yaw-moment hold --yaw-moment-gain 5 --yaw-moment-cap-nm 2.0 --swing-lift 60 --trace-npz outputs/lift/trace_trot60_0.npz --results-csv outputs/lift/lift.csv,,0,0,step_up,1,3.577377295426941,,on,half-stance,0.0,0.0,0,0.0,4,4,heading-only,0.0,0,0.04,0,obstacle,0.18,15,skill.STEP_TROT_MAX,step_up_0p18,0,0,2026-09-01T08:26:40Z,goal,1,TROT,1.0,0.0,95,60.0,1,nan,14.870491981506348,,hold,2.0,5.0,0.0,
--headless --device cpu --params skill.STEP_TROT_MAX --reps 1 --entry-frame 0 --skip-unsupported --foot-comp on --heading heading-only --yaw-moment hold --yaw-moment-gain 5 --yaw-moment-cap-nm 2.0 --swing-lift 60 --trace-npz outputs/lift/trace_trot60_0.npz --results-csv outputs/lift/lift.csv,,0,0,step_up,1,3.5896228781788073,,on,half-stance,0.0,0.0,0,0.0,4,4,heading-only,0.0,0,0.04,0,obstacle,0.2,15,skill.STEP_TROT_MAX,step_up_0p20,0,0,2026-09-01T08:26:40Z,goal,1,TROT,0.9999999999999982,0.0,95,60.0,1,nan,16.790733337402344,,hold,2.0,5.0,0.0,
--headless --device cpu --params skill.STEP_TROT_MAX --reps 1 --entry-frame 0 --skip-unsupported --foot-comp on --heading heading-only --yaw-moment hold --yaw-moment-gain 5 --yaw-moment-cap-nm 2.0 --swing-lift 60 --trace-npz outputs/lift/trace_trot60_0.npz --results-csv outputs/lift/lift.csv,,0,0,step_up,1,3.5855732555519215,,on,half-stance,0.0,0.0,0,0.0,4,4,heading-only,0.0,0,0.04,0,obstacle,0.22,15,skill.STEP_TROT_MAX,step_up_0p22,0,0,2026-09-01T08:26:40Z,goal,1,TROT,0.9999999999999964,0.0,95,60.0,1,nan,20.61618423461914,,hold,2.0,5.0,0.0,
--headless --device cpu --params skill.STEP_TROT_MAX --reps 1 --entry-frame 0 --skip-unsupported --foot-comp on --heading heading-only --yaw-moment hold --yaw-moment-gain 5 --yaw-moment-cap-nm 2.0 --swing-lift 60 --trace-npz outputs/lift/trace_trot60_0.npz --results-csv outputs/lift/lift.csv,,0,0,step_up,1,3.5873923969138435,,on,half-stance,0.0,0.0,0,0.0,4,4,heading-only,0.0,0,0.04,0,obstacle,0.24,15,skill.STEP_TROT_MAX,step_up_0p24,0,0,2026-09-01T08:26:40Z,goal,1,TROT,1.0,0.0,95,60.0,1,nan,19.46981430053711,,hold,2.0,5.0,0.0,
--headless --device cpu --params skill.STEP_TROT_MAX --reps 1 --entry-frame 0 --skip-unsupported --foot-comp on --heading heading-only --yaw-moment hold --yaw-moment-gain 5 --yaw-moment-cap-nm 2.0 --swing-lift 60 --trace-npz outputs/lift/trace_trot60_0.npz --results-csv outputs/lift/lift.csv,,0,0,step_up,1,3.55466161227137,,on,half-stance,0.0,0.0,0,0.0,4,4,heading-only,0.0,0,0.04,0,obstacle,0.26,15,skill.STEP_TROT_MAX,step_up_0p26,0,0,2026-09-01T08:26:40Z,goal,1,TROT,1.0,0.0,95,60.0,1,nan,14.799687385559082,,hold,2.0,5.0,0.0,
--headless --device cpu --params skill.STEP_TROT_MAX --reps 1 --entry-frame 0 --skip-unsupported --foot-comp on --heading heading-only --yaw-moment hold --yaw-moment-gain 5 --yaw-moment-cap-nm 2.0 --swing-lift 60 --trace-npz outputs/lift/trace_trot60_0.npz --results-csv outputs/lift/lift.csv,,0,0,step_up,1,3.5507234226523985,,on,half-stance,0.0,0.0,0,0.0,4,4,heading-only,0.0,0,0.04,0,obstacle,0.28,15,skill.STEP_TROT_MAX,step_up_0p28,0,0,2026-09-01T08:26:40Z,goal,1,TROT,0.9999999999999982,0.0,95,60.0,1,nan,21.51222038269043,,hold,2.0,5.0,0.0,
--headless --device cpu --params skill.STEP_TROT_MAX --reps 1 --entry-frame 0 --skip-unsupported --foot-comp on --heading heading-only --yaw-moment hold --yaw-moment-gain 5 --yaw-moment-cap-nm 2.0 --swing-lift 60 --trace-npz outputs/lift/trace_trot60_0.npz --results-csv outputs/lift/lift.csv,,0,0,step_up,1,3.5832939995004436,,on,half-stance,0.0,0.0,0,0.0,4,4,heading-only,0.0,0,0.04,0,obstacle,0.3,15,skill.STEP_TROT_MAX,step_up_0p30,0,0,2026-09-01T08:26:40Z,goal,1,TROT,0.9999999999999964,0.0,95,60.0,1,nan,14.807374954223633,,hold,2.0,5.0,0.0,
--headless --device cpu --params skill.STEP_TROT_MAX --reps 1 --entry-frame 1 --skip-unsupported --foot-comp on --heading heading-only --yaw-moment hold --yaw-moment-gain 5 --yaw-moment-cap-nm 2.0 --swing-lift 60 --trace-npz outputs/lift/trace_trot60_1.npz --results-csv outputs/lift/lift.csv,,1,1,step_up,1,4.087327446130158,,on,half-stance,0.0,0.0,0,0.0,4,4,heading-only,0.0,0,0.04,0,obstacle,0.02,15,skill.STEP_TROT_MAX,step_up_0p02,0,0,2026-09-01T08:26:40Z,goal,1,TROT,1.0,0.0,56,60.0,1,nan,14.1310453414917,,hold,2.0,5.0,0.0,
--headless --device cpu --params skill.STEP_TROT_MAX --reps 1 --entry-frame 1 --skip-unsupported --foot-comp on --heading heading-only --yaw-moment hold --yaw-moment-gain 5 --yaw-moment-cap-nm 2.0 --swing-lift 60 --trace-npz outputs/lift/trace_trot60_1.npz --results-csv outputs/lift/lift.csv,,1,1,step_up,1,4.086760645269685,,on,half-stance,0.0,0.0,0,0.0,4,4,heading-only,0.0,0,0.04,0,obstacle,0.04,15,skill.STEP_TROT_MAX,step_up_0p04,0,0,2026-09-01T08:26:40Z,goal,1,TROT,0.9999999999999982,0.0,56,60.0,1,nan,17.587928771972656,,hold,2.0,5.0,0.0,
--headless --device cpu --params skill.STEP_TROT_MAX --reps 1 --entry-frame 1 --skip-unsupported --foot-comp on --heading heading-only --yaw-moment hold --yaw-moment-gain 5 --yaw-moment-cap-nm 2.0 --swing-lift 60 --trace-npz outputs/lift/trace_trot60_1.npz --results-csv outputs/lift/lift.csv,,1,1,step_up,1,4.083198498627746,,on,half-stance,0.0,0.0,0,0.0,4,4,heading-only,0.0,0,0.04,0,obstacle,0.06,15,skill.STEP_TROT_MAX,step_up_0p06,0,0,2026-09-01T08:26:40Z,goal,1,TROT,0.9999999999999964,0.0,56,60.0,1,nan,14.203067779541016,,hold,2.0,5.0,0.0,
--headless --device cpu --params skill.STEP_TROT_MAX --reps 1 --entry-frame 1 --skip-unsupported --foot-comp on --heading heading-only --yaw-moment hold --yaw-moment-gain 5 --yaw-moment-cap-nm 2.0 --swing-lift 60 --trace-npz outputs/lift/trace_trot60_1.npz --results-csv outputs/lift/lift.csv,,1,1,step_up,1,4.097989847733656,,on,half-stance,0.0,0.0,0,0.0,4,4,heading-only,0.0,0,0.04,0,obstacle,0.08,15,skill.STEP_TROT_MAX,step_up_0p08,0,0,2026-09-01T08:26:40Z,goal,1,TROT,1.0,0.0,56,60.0,1,nan,17.11530303955078,,hold,2.0,5.0,0.0,
--headless --device cpu --params skill.STEP_TROT_MAX --reps 1 --entry-frame 1 --skip-unsupported --foot-comp on --heading heading-only --yaw-moment hold --yaw-moment-gain 5 --yaw-moment-cap-nm 2.0 --swing-lift 60 --trace-npz outputs/lift/trace_trot60_1.npz --results-csv outputs/lift/lift.csv,,1,1,step_up,1,4.0876266123742795,,on,half-stance,0.0,0.0,0,0.0,4,4,heading-only,0.0,0,0.04,0,obstacle,0.1,15,skill.STEP_TROT_MAX,step_up_0p10,0,0,2026-09-01T08:26:40Z,goal,1,TROT,1.0,0.0,56,60.0,1,nan,14.135516166687012,,hold,2.0,5.0,0.0,
--headless --device cpu --params skill.STEP_TROT_MAX --reps 1 --entry-frame 1 --skip-unsupported --foot-comp on --heading heading-only --yaw-moment hold --yaw-moment-gain 5 --yaw-moment-cap-nm 2.0 --swing-lift 60 --trace-npz outputs/lift/trace_trot60_1.npz --results-csv outputs/lift/lift.csv,,1,1,step_up,1,4.092017552059282,,on,half-stance,0.0,0.0,0,0.0,4,4,heading-only,0.0,0,0.04,0,obstacle,0.12,15,skill.STEP_TROT_MAX,step_up_0p12,0,0,2026-09-01T08:26:40Z,goal,1,TROT,0.9999999999999982,0.0,56,60.0,1,nan,14.246511459350586,,hold,2.0,5.0,0.0,
--headless --device cpu --params skill.STEP_TROT_MAX --reps 1 --entry-frame 1 --skip-unsupported --foot-comp on --heading heading-only --yaw-moment hold --yaw-moment-gain 5 --yaw-moment-cap-nm 2.0 --swing-lift 60 --trace-npz outputs/lift/trace_trot60_1.npz --results-csv outputs/lift/lift.csv,,1,1,step_up,1,4.088069075427257,,on,half-stance,0.0,0.0,0,0.0,4,4,heading-only,0.0,0,0.04,0,obstacle,0.14,15,skill.STEP_TROT_MAX,step_up_0p14,0,0,2026-09-01T08:26:40Z,goal,1,TROT,0.9999999999999964,0.0,56,60.0,1,nan,14.172828674316406,,hold,2.0,5.0,0.0,
--headless --device cpu --params skill.STEP_TROT_MAX --reps 1 --entry-frame 1 --skip-unsupported --foot-comp on --heading heading-only --yaw-moment hold --yaw-moment-gain 5 --yaw-moment-cap-nm 2.0 --swing-lift 60 --trace-npz outputs/lift/trace_trot60_1.npz --results-csv outputs/lift/lift.csv,,1,1,step_up,1,4.08725424374236,,on,half-stance,0.0,0.0,0,0.0,4,4,heading-only,0.0,0,0.04,0,obstacle,0.16,15,skill.STEP_TROT_MAX,step_up_0p16,0,0,2026-09-01T08:26:40Z,goal,1,TROT,1.0,0.0,56,60.0,1,nan,14.085674285888672,,hold,2.0,5.0,0.0,
--headless --device cpu --params skill.STEP_TROT_MAX --reps 1 --entry-frame 1 --skip-unsupported --foot-comp on --heading heading-only --yaw-moment hold --yaw-moment-gain 5 --yaw-moment-cap-nm 2.0 --swing-lift 60 --trace-npz outputs/lift/trace_trot60_1.npz --results-csv outputs/lift/lift.csv,,1,1,step_up,1,4.083096997544691,,on,half-stance,0.0,0.0,0,0.0,4,4,heading-only,0.0,0,0.04,0,obstacle,0.18,15,skill.STEP_TROT_MAX,step_up_0p18,0,0,2026-09-01T08:26:40Z,goal,1,TROT,1.0,0.0,56,60.0,1,nan,14.149770736694336,,hold,2.0,5.0,0.0,
--headless --device cpu --params skill.STEP_TROT_MAX --reps 1 --entry-frame 1 --skip-unsupported --foot-comp on --heading heading-only --yaw-moment hold --yaw-moment-gain 5 --yaw-moment-cap-nm 2.0 --swing-lift 60 --trace-npz outputs/lift/trace_trot60_1.npz --results-csv outputs/lift/lift.csv,,1,1,step_up,1,4.081235605305037,,on,half-stance,0.0,0.0,0,0.0,4,4,heading-only,0.0,0,0.04,0,obstacle,0.2,15,skill.STEP_TROT_MAX,step_up_0p20,0,0,2026-09-01T08:26:40Z,goal,1,TROT,0.9999999999999982,0.0,56,60.0,1,nan,18.173423767089844,,hold,2.0,5.0,0.0,
--headless --device cpu --params skill.STEP_TROT_MAX --reps 1 --entry-frame 1 --skip-unsupported --foot-comp on --heading heading-only --yaw-moment hold --yaw-moment-gain 5 --yaw-moment-cap-nm 2.0 --swing-lift 60 --trace-npz outputs/lift/trace_trot60_1.npz --results-csv outputs/lift/lift.csv,,1,1,step_up,1,4.086932111350603,,on,half-stance,0.0,0.0,0,0.0,4,4,heading-only,0.0,0,0.04,0,obstacle,0.22,15,skill.STEP_TROT_MAX,step_up_0p22,0,0,2026-09-01T08:26:40Z,goal,1,TROT,0.9999999999999964,0.0,56,60.0,1,nan,14.117414474487305,,hold,2.0,5.0,0.0,
--headless --device cpu --params skill.STEP_TROT_MAX --reps 1 --entry-frame 1 --skip-unsupported --foot-comp on --heading heading-only --yaw-moment hold --yaw-moment-gain 5 --yaw-moment-cap-nm 2.0 --swing-lift 60 --trace-npz outputs/lift/trace_trot60_1.npz --results-csv outputs/lift/lift.csv,,1,1,step_up,1,4.090482040687769,,on,half-stance,0.0,0.0,0,0.0,4,4,heading-only,0.0,0,0.04,0,obstacle,0.24,15,skill.STEP_TROT_MAX,step_up_0p24,0,0,2026-09-01T08:26:40Z,goal,1,TROT,1.0,0.0,56,60.0,1,nan,14.254865646362305,,hold,2.0,5.0,0.0,
--headless --device cpu --params skill.STEP_TROT_MAX --reps 1 --entry-frame 1 --skip-unsupported --foot-comp on --heading heading-only --yaw-moment hold --yaw-moment-gain 5 --yaw-moment-cap-nm 2.0 --swing-lift 60 --trace-npz outputs/lift/trace_trot60_1.npz --results-csv outputs/lift/lift.csv,,1,1,step_up,1,4.080818032489093,,on,half-stance,0.0,0.0,0,0.0,4,4,heading-only,0.0,0,0.04,0,obstacle,0.26,15,skill.STEP_TROT_MAX,step_up_0p26,0,0,2026-09-01T08:26:40Z,goal,1,TROT,1.0,0.0,56,60.0,1,nan,14.339107513427734,,hold,2.0,5.0,0.0,
--headless --device cpu --params skill.STEP_TROT_MAX --reps 1 --entry-frame 1 --skip-unsupported --foot-comp on --heading heading-only --yaw-moment hold --yaw-moment-gain 5 --yaw-moment-cap-nm 2.0 --swing-lift 60 --trace-npz outputs/lift/trace_trot60_1.npz --results-csv outputs/lift/lift.csv,,1,1,step_up,1,4.0896972912797,,on,half-stance,0.0,0.0,0,0.0,4,4,heading-only,0.0,0,0.04,0,obstacle,0.28,15,skill.STEP_TROT_MAX,step_up_0p28,0,0,2026-09-01T08:26:40Z,goal,1,TROT,0.9999999999999982,0.0,56,60.0,1,nan,14.24325180053711,,hold,2.0,5.0,0.0,
--headless --device cpu --params skill.STEP_TROT_MAX --reps 1 --entry-frame 1 --skip-unsupported --foot-comp on --heading heading-only --yaw-moment hold --yaw-moment-gain 5 --yaw-moment-cap-nm 2.0 --swing-lift 60 --trace-npz outputs/lift/trace_trot60_1.npz --results-csv outputs/lift/lift.csv,,1,1,step_up,1,4.089111562174075,,on,half-stance,0.0,0.0,0,0.0,4,4,heading-only,0.0,0,0.04,0,obstacle,0.3,15,skill.STEP_TROT_MAX,step_up_0p30,0,0,2026-09-01T08:26:40Z,goal,1,TROT,0.9999999999999964,0.0,56,60.0,1,nan,14.185529708862305,,hold,2.0,5.0,0.0,
--headless --device cpu --params skill.STEP_TROT_MAX --reps 1 --entry-frame 1 --skip-unsupported --foot-comp on --heading heading-only --yaw-moment hold --yaw-moment-gain 5 --yaw-moment-cap-nm 2.0 --swing-lift 70 --trace-npz outputs/lift/trace_trot70_1.npz --results-csv outputs/lift/lift.csv,,1,1,step_up,1,4.130890203647764,,on,half-stance,0.0,0.0,0,0.0,4,4,heading-only,0.0,0,0.04,0,obstacle,0.02,15,skill.STEP_TROT_MAX,step_up_0p02,0,0,2026-09-01T08:26:40Z,goal,1,TROT,1.0,0.0,59,70.0,1,nan,16.609783172607422,,hold,2.0,5.0,0.0,
--headless --device cpu --params skill.STEP_TROT_MAX --reps 1 --entry-frame 1 --skip-unsupported --foot-comp on --heading heading-only --yaw-moment hold --yaw-moment-gain 5 --yaw-moment-cap-nm 2.0 --swing-lift 70 --trace-npz outputs/lift/trace_trot70_1.npz --results-csv outputs/lift/lift.csv,,1,1,step_up,1,4.127715595474313,,on,half-stance,0.0,0.0,0,0.0,4,4,heading-only,0.0,0,0.04,0,obstacle,0.04,15,skill.STEP_TROT_MAX,step_up_0p04,0,0,2026-09-01T08:26:40Z,goal,1,TROT,0.9999999999999982,0.0,59,70.0,1,nan,21.684310913085938,,hold,2.0,5.0,0.0,
--headless --device cpu --params skill.STEP_TROT_MAX --reps 1 --entry-frame 1 --skip-unsupported --foot-comp on --heading heading-only --yaw-moment hold --yaw-moment-gain 5 --yaw-moment-cap-nm 2.0 --swing-lift 70 --trace-npz outputs/lift/trace_trot70_1.npz --results-csv outputs/lift/lift.csv,,1,1,step_up,1,4.132632635753378,,on,half-stance,0.0,0.0,0,0.0,4,4,heading-only,0.0,0,0.04,0,obstacle,0.06,15,skill.STEP_TROT_MAX,step_up_0p06,0,0,2026-09-01T08:26:40Z,goal,1,TROT,0.9999999999999964,0.0,59,70.0,1,nan,17.190162658691406,,hold,2.0,5.0,0.0,
--headless --device cpu --params skill.STEP_TROT_MAX --reps 1 --entry-frame 1 --skip-unsupported --foot-comp on --heading heading-only --yaw-moment hold --yaw-moment-gain 5 --yaw-moment-cap-nm 2.0 --swing-lift 70 --trace-npz outputs/lift/trace_trot70_1.npz --results-csv outputs/lift/lift.csv,,1,1,step_up,1,4.125076061349902,,on,half-stance,0.0,0.0,0,0.0,4,4,heading-only,0.0,0,0.04,0,obstacle,0.08,15,skill.STEP_TROT_MAX,step_up_0p08,0,0,2026-09-01T08:26:40Z,goal,1,TROT,1.0,0.0,59,70.0,1,nan,21.403263092041016,,hold,2.0,5.0,0.0,
--headless --device cpu --params skill.STEP_TROT_MAX --reps 1 --entry-frame 1 --skip-unsupported --foot-comp on --heading heading-only --yaw-moment hold --yaw-moment-gain 5 --yaw-moment-cap-nm 2.0 --swing-lift 70 --trace-npz outputs/lift/trace_trot70_1.npz --results-csv outputs/lift/lift.csv,,1,1,step_up,1,4.109478201993203,,on,half-stance,0.0,0.0,0,0.0,4,4,heading-only,0.0,0,0.04,0,obstacle,0.1,15,skill.STEP_TROT_MAX,step_up_0p10,0,0,2026-09-01T08:26:40Z,goal,1,TROT,1.0,0.0,59,70.0,1,nan,20.333436965942383,,hold,2.0,5.0,0.0,
--headless --device cpu --params skill.STEP_TROT_MAX --reps 1 --entry-frame 1 --skip-unsupported --foot-comp on --heading heading-only --yaw-moment hold --yaw-moment-gain 5 --yaw-moment-cap-nm 2.0 --swing-lift 70 --trace-npz outputs/lift/trace_trot70_1.npz --results-csv outputs/lift/lift.csv,,1,1,step_up,1,4.131285573009547,,on,half-stance,0.0,0.0,0,0.0,4,4,heading-only,0.0,0,0.04,0,obstacle,0.12,15,skill.STEP_TROT_MAX,step_up_0p12,0,0,2026-09-01T08:26:40Z,goal,1,TROT,0.9999999999999982,0.0,59,70.0,1,nan,17.305490493774414,,hold,2.0,5.0,0.0,
--headless --device cpu --params skill.STEP_TROT_MAX --reps 1 --entry-frame 1 --skip-unsupported --foot-comp on --heading heading-only --yaw-moment hold --yaw-moment-gain 5 --yaw-moment-cap-nm 2.0 --swing-lift 70 --trace-npz outputs/lift/trace_trot70_1.npz --results-csv outputs/lift/lift.csv,,1,1,step_up,1,4.125623858365335,,on,half-stance,0.0,0.0,0,0.0,4,4,heading-only,0.0,0,0.04,0,obstacle,0.14,15,skill.STEP_TROT_MAX,step_up_0p14,0,0,2026-09-01T08:26:40Z,goal,1,TROT,0.9999999999999964,0.0,59,70.0,1,nan,14.036662101745605,,hold,2.0,5.0,0.0,
--headless --device cpu --params skill.STEP_TROT_MAX --reps 1 --entry-frame 1 --skip-unsupported --foot-comp on --heading heading-only --yaw-moment hold --yaw-moment-gain 5 --yaw-moment-cap-nm 2.0 --swing-lift 70 --trace-npz outputs/lift/trace_trot70_1.npz --results-csv outputs/lift/lift.csv,,1,1,step_up,1,4.129628152725363,,on,half-stance,0.0,0.0,0,0.0,4,4,heading-only,0.0,0,0.04,0,obstacle,0.16,15,skill.STEP_TROT_MAX,step_up_0p16,0,0,2026-09-01T08:26:40Z,goal,1,TROT,1.0,0.0,59,70.0,1,nan,13.314311027526855,,hold,2.0,5.0,0.0,
--headless --device cpu --params skill.STEP_TROT_MAX --reps 1 --entry-frame 1 --skip-unsupported --foot-comp on --heading heading-only --yaw-moment hold --yaw-moment-gain 5 --yaw-moment-cap-nm 2.0 --swing-lift 70 --trace-npz outputs/lift/trace_trot70_1.npz --results-csv outputs/lift/lift.csv,,1,1,step_up,1,4.13342271253456,,on,half-stance,0.0,0.0,0,0.0,4,4,heading-only,0.0,0,0.04,0,obstacle,0.18,15,skill.STEP_TROT_MAX,step_up_0p18,0,0,2026-09-01T08:26:40Z,goal,1,TROT,1.0,0.0,59,70.0,1,nan,15.51046371459961,,hold,2.0,5.0,0.0,
--headless --device cpu --params skill.STEP_TROT_MAX --reps 1 --entry-frame 1 --skip-unsupported --foot-comp on --heading heading-only --yaw-moment hold --yaw-moment-gain 5 --yaw-moment-cap-nm 2.0 --swing-lift 70 --trace-npz outputs/lift/trace_trot70_1.npz --results-csv outputs/lift/lift.csv,,1,1,step_up,1,4.115887354129952,,on,half-stance,0.0,0.0,0,0.0,4,4,heading-only,0.0,0,0.04,0,obstacle,0.2,15,skill.STEP_TROT_MAX,step_up_0p20,0,0,2026-09-01T08:26:40Z,goal,1,TROT,0.9999999999999982,0.0,59,70.0,1,nan,16.507326126098633,,hold,2.0,5.0,0.0,
--headless --device cpu --params skill.STEP_TROT_MAX --reps 1 --entry-frame 1 --skip-unsupported --foot-comp on --heading heading-only --yaw-moment hold --yaw-moment-gain 5 --yaw-moment-cap-nm 2.0 --swing-lift 70 --trace-npz outputs/lift/trace_trot70_1.npz --results-csv outputs/lift/lift.csv,,1,1,step_up,1,4.159175007092455,,on,half-stance,0.0,0.0,0,0.0,4,4,heading-only,0.0,0,0.04,0,obstacle,0.22,15,skill.STEP_TROT_MAX,step_up_0p22,0,0,2026-09-01T08:26:40Z,goal,1,TROT,0.9999999999999964,0.0,59,70.0,1,nan,13.22284984588623,,hold,2.0,5.0,0.0,
--headless --device cpu --params skill.STEP_TROT_MAX --reps 1 --entry-frame 1 --skip-unsupported --foot-comp on --heading heading-only --yaw-moment hold --yaw-moment-gain 5 --yaw-moment-cap-nm 2.0 --swing-lift 70 --trace-npz outputs/lift/trace_trot70_1.npz --results-csv outputs/lift/lift.csv,,1,1,step_up,1,4.153362625272617,,on,half-stance,0.0,0.0,0,0.0,4,4,heading-only,0.0,0,0.04,0,obstacle,0.24,15,skill.STEP_TROT_MAX,step_up_0p24,0,0,2026-09-01T08:26:40Z,goal,1,TROT,1.0,0.0,59,70.0,1,nan,14.028787612915039,,hold,2.0,5.0,0.0,
--headless --device cpu --params skill.STEP_TROT_MAX --reps 1 --entry-frame 1 --skip-unsupported --foot-comp on --heading heading-only --yaw-moment hold --yaw-moment-gain 5 --yaw-moment-cap-nm 2.0 --swing-lift 70 --trace-npz outputs/lift/trace_trot70_1.npz --results-csv outputs/lift/lift.csv,,1,1,step_up,1,4.156104614298826,,on,half-stance,0.0,0.0,0,0.0,4,4,heading-only,0.0,0,0.04,0,obstacle,0.26,15,skill.STEP_TROT_MAX,step_up_0p26,0,0,2026-09-01T08:26:40Z,goal,1,TROT,1.0,0.0,59,70.0,1,nan,13.706872940063477,,hold,2.0,5.0,0.0,
--headless --device cpu --params skill.STEP_TROT_MAX --reps 1 --entry-frame 1 --skip-unsupported --foot-comp on --heading heading-only --yaw-moment hold --yaw-moment-gain 5 --yaw-moment-cap-nm 2.0 --swing-lift 70 --trace-npz outputs/lift/trace_trot70_1.npz --results-csv outputs/lift/lift.csv,,1,1,step_up,1,4.112010973652696,,on,half-stance,0.0,0.0,0,0.0,4,4,heading-only,0.0,0,0.04,0,obstacle,0.28,15,skill.STEP_TROT_MAX,step_up_0p28,0,0,2026-09-01T08:26:40Z,goal,1,TROT,0.9999999999999982,0.0,59,70.0,1,nan,16.32612419128418,,hold,2.0,5.0,0.0,
--headless --device cpu --params skill.STEP_TROT_MAX --reps 1 --entry-frame 1 --skip-unsupported --foot-comp on --heading heading-only --yaw-moment hold --yaw-moment-gain 5 --yaw-moment-cap-nm 2.0 --swing-lift 70 --trace-npz outputs/lift/trace_trot70_1.npz --results-csv outputs/lift/lift.csv,,1,1,step_up,1,4.112019192179021,,on,half-stance,0.0,0.0,0,0.0,4,4,heading-only,0.0,0,0.04,0,obstacle,0.3,15,skill.STEP_TROT_MAX,step_up_0p30,0,0,2026-09-01T08:26:40Z,goal,1,TROT,0.9999999999999964,0.0,59,70.0,1,nan,17.634136199951172,,hold,2.0,5.0,0.0,
--headless --device cpu --params skill.STEP_WALK_MAX --reps 5 --skip-unsupported --foot-comp on --heading heading-only --swing-lift 60 --trace-npz outputs/lift/trace_walk60.npz --results-csv outputs/lift/lift.csv,,0,0,step_up,1,0.7698737568511054,,on,half-stance,0.0,0.0,0,0.0,4,4,heading-only,0.0,0,0.04,0,obstacle,0.02,15,skill.STEP_WALK_MAX,step_up_0p02,0,0,2026-09-01T08:26:40Z,goal,1,WALK,1.0,0.0,766,60.0,1,nan,16.538331985473633,,off,nan,0.0,0.0,
--headless --device cpu --params skill.STEP_WALK_MAX --reps 5 --skip-unsupported --foot-comp on --heading heading-only --swing-lift 60 --trace-npz outputs/lift/trace_walk60.npz --results-csv outputs/lift/lift.csv,,0,0,step_up,1,0.940207859559095,,on,half-stance,0.0,0.0,0,0.0,4,4,heading-only,0.0,0,0.04,0,obstacle,0.04,15,skill.STEP_WALK_MAX,step_up_0p04,0,0,2026-09-01T08:26:40Z,goal,1,WALK,0.9999999999999982,0.0,766,60.0,1,nan,16.624923706054688,,off,nan,0.0,0.0,
--headless --device cpu --params skill.STEP_WALK_MAX --reps 5 --skip-unsupported --foot-comp on --heading heading-only --swing-lift 60 --trace-npz outputs/lift/trace_walk60.npz --results-csv outputs/lift/lift.csv,,0,0,step_up,1,1.0027120184825535,,on,half-stance,0.0,0.0,0,0.0,4,4,heading-only,0.0,0,0.04,0,obstacle,0.06,15,skill.STEP_WALK_MAX,step_up_0p06,0,0,2026-09-01T08:26:40Z,goal,1,WALK,0.9999999999999964,0.0,766,60.0,1,nan,15.829554557800293,,off,nan,0.0,0.0,
--headless --device cpu --params skill.STEP_WALK_MAX --reps 5 --skip-unsupported --foot-comp on --heading heading-only --swing-lift 60 --trace-npz outputs/lift/trace_walk60.npz --results-csv outputs/lift/lift.csv,,0,0,step_up,1,2.091935810382256,,on,half-stance,0.0,0.0,0,0.0,4,4,heading-only,0.0,0,0.04,0,obstacle,0.08,15,skill.STEP_WALK_MAX,step_up_0p08,0,0,2026-09-01T08:26:40Z,goal,1,WALK,1.0,0.0,766,60.0,1,nan,18.728195190429688,,off,nan,0.0,0.0,
--headless --device cpu --params skill.STEP_WALK_MAX --reps 5 --skip-unsupported --foot-comp on --heading heading-only --swing-lift 60 --trace-npz outputs/lift/trace_walk60.npz --results-csv outputs/lift/lift.csv,,0,0,step_up,1,2.1360354770065273,,on,half-stance,0.0,0.0,0,0.0,4,4,heading-only,0.0,0,0.04,0,obstacle,0.1,15,skill.STEP_WALK_MAX,step_up_0p10,0,0,2026-09-01T08:26:40Z,goal,1,WALK,1.0,0.0,766,60.0,1,nan,15.340075492858887,,off,nan,0.0,0.0,
--headless --device cpu --params skill.STEP_WALK_MAX --reps 5 --skip-unsupported --foot-comp on --heading heading-only --swing-lift 60 --trace-npz outputs/lift/trace_walk60.npz --results-csv outputs/lift/lift.csv,,0,0,step_up,1,2.0881966590934273,,on,half-stance,0.0,0.0,0,0.0,4,4,heading-only,0.0,0,0.04,0,obstacle,0.12,15,skill.STEP_WALK_MAX,step_up_0p12,0,0,2026-09-01T08:26:40Z,goal,1,WALK,0.9999999999999982,0.0,766,60.0,1,nan,16.913780212402344,,off,nan,0.0,0.0,
--headless --device cpu --params skill.STEP_WALK_MAX --reps 5 --skip-unsupported --foot-comp on --heading heading-only --swing-lift 60 --trace-npz outputs/lift/trace_walk60.npz --results-csv outputs/lift/lift.csv,,0,0,step_up,1,2.050845152593902,,on,half-stance,0.0,0.0,0,0.0,4,4,heading-only,0.0,0,0.04,0,obstacle,0.14,15,skill.STEP_WALK_MAX,step_up_0p14,0,0,2026-09-01T08:26:40Z,goal,1,WALK,0.9999999999999964,0.0,766,60.0,1,nan,17.92197036743164,,off,nan,0.0,0.0,
--headless --device cpu --params skill.STEP_WALK_MAX --reps 5 --skip-unsupported --foot-comp on --heading heading-only --swing-lift 60 --trace-npz outputs/lift/trace_walk60.npz --results-csv outputs/lift/lift.csv,,0,0,step_up,1,2.0294113356772083,,on,half-stance,0.0,0.0,0,0.0,4,4,heading-only,0.0,0,0.04,0,obstacle,0.16,15,skill.STEP_WALK_MAX,step_up_0p16,0,0,2026-09-01T08:26:40Z,goal,1,WALK,1.0,0.0,766,60.0,1,nan,18.16176414489746,,off,nan,0.0,0.0,
--headless --device cpu --params skill.STEP_WALK_MAX --reps 5 --skip-unsupported --foot-comp on --heading heading-only --swing-lift 60 --trace-npz outputs/lift/trace_walk60.npz --results-csv outputs/lift/lift.csv,,0,0,step_up,1,2.1020352161742015,,on,half-stance,0.0,0.0,0,0.0,4,4,heading-only,0.0,0,0.04,0,obstacle,0.18,15,skill.STEP_WALK_MAX,step_up_0p18,0,0,2026-09-01T08:26:40Z,goal,1,WALK,1.0,0.0,766,60.0,1,nan,13.775044441223145,,off,nan,0.0,0.0,
--headless --device cpu --params skill.STEP_WALK_MAX --reps 5 --skip-unsupported --foot-comp on --heading heading-only --swing-lift 60 --trace-npz outputs/lift/trace_walk60.npz --results-csv outputs/lift/lift.csv,,0,0,step_up,1,2.0978982796178927,,on,half-stance,0.0,0.0,0,0.0,4,4,heading-only,0.0,0,0.04,0,obstacle,0.2,15,skill.STEP_WALK_MAX,step_up_0p20,0,0,2026-09-01T08:26:40Z,goal,1,WALK,0.9999999999999982,0.0,766,60.0,1,nan,19.844743728637695,,off,nan,0.0,0.0,
--headless --device cpu --params skill.STEP_WALK_MAX --reps 5 --skip-unsupported --foot-comp on --heading heading-only --swing-lift 60 --trace-npz outputs/lift/trace_walk60.npz --results-csv outputs/lift/lift.csv,,0,0,step_up,1,2.0248949804146896,,on,half-stance,0.0,0.0,0,0.0,4,4,heading-only,0.0,0,0.04,0,obstacle,0.22,15,skill.STEP_WALK_MAX,step_up_0p22,0,0,2026-09-01T08:26:40Z,goal,1,WALK,0.9999999999999964,0.0,766,60.0,1,nan,21.53485679626465,,off,nan,0.0,0.0,
--headless --device cpu --params skill.STEP_WALK_MAX --reps 5 --skip-unsupported --foot-comp on --heading heading-only --swing-lift 60 --trace-npz outputs/lift/trace_walk60.npz --results-csv outputs/lift/lift.csv,,0,0,step_up,1,2.1499435084256917,,on,half-stance,0.0,0.0,0,0.0,4,4,heading-only,0.0,0,0.04,0,obstacle,0.24,15,skill.STEP_WALK_MAX,step_up_0p24,0,0,2026-09-01T08:26:40Z,goal,1,WALK,1.0,0.0,766,60.0,1,nan,13.17258071899414,,off,nan,0.0,0.0,
--headless --device cpu --params skill.STEP_WALK_MAX --reps 5 --skip-unsupported --foot-comp on --heading heading-only --swing-lift 60 --trace-npz outputs/lift/trace_walk60.npz --results-csv outputs/lift/lift.csv,,0,0,step_up,1,1.4982491778759832,,on,half-stance,0.0,0.0,0,0.0,4,4,heading-only,0.0,0,0.04,0,obstacle,0.26,15,skill.STEP_WALK_MAX,step_up_0p26,0,0,2026-09-01T08:26:40Z,goal,1,WALK,1.0,0.0,766,60.0,1,nan,12.677909851074219,,off,nan,0.0,0.0,
--headless --device cpu --params skill.STEP_WALK_MAX --reps 5 --skip-unsupported --foot-comp on --heading heading-only --swing-lift 60 --trace-npz outputs/lift/trace_walk60.npz --results-csv outputs/lift/lift.csv,,0,0,step_up,1,2.0588753581208916,,on,half-stance,0.0,0.0,0,0.0,4,4,heading-only,0.0,0,0.04,0,obstacle,0.28,15,skill.STEP_WALK_MAX,step_up_0p28,0,0,2026-09-01T08:26:40Z,goal,1,WALK,0.9999999999999982,0.0,766,60.0,1,nan,20.770883560180664,,off,nan,0.0,0.0,
--headless --device cpu --params skill.STEP_WALK_MAX --reps 5 --skip-unsupported --foot-comp on --heading heading-only --swing-lift 60 --trace-npz outputs/lift/trace_walk60.npz --results-csv outputs/lift/lift.csv,,0,0,step_up,1,2.0238338096624853,,on,half-stance,0.0,0.0,0,0.0,4,4,heading-only,0.0,0,0.04,0,obstacle,0.3,15,skill.STEP_WALK_MAX,step_up_0p30,0,0,2026-09-01T08:26:40Z,goal,1,WALK,0.9999999999999964,0.0,766,60.0,1,nan,22.59241485595703,,off,nan,0.0,0.0,
--headless --device cpu --params skill.STEP_WALK_MAX --reps 5 --skip-unsupported --foot-comp on --heading heading-only --swing-lift 60 --trace-npz outputs/lift/trace_walk60.npz --results-csv outputs/lift/lift.csv,,7,0,step_up,1,13.357740511376722,,on,half-stance,0.0,0.0,0,0.0,4,4,heading-only,0.0,0,0.04,0,obstacle,0.02,15,skill.STEP_WALK_MAX,step_up_0p02,0,1,2026-09-01T08:26:40Z,goal,1,WALK,1.0,0.0,1380,60.0,1,nan,12.874923706054688,,off,nan,0.0,0.0,
--headless --device cpu --params skill.STEP_WALK_MAX --reps 5 --skip-unsupported --foot-comp on --heading heading-only --swing-lift 60 --trace-npz outputs/lift/trace_walk60.npz --results-csv outputs/lift/lift.csv,,7,0,step_up,1,0.996338808799007,,on,half-stance,0.0,0.0,0,0.0,4,4,heading-only,0.0,0,0.04,0,obstacle,0.04,15,skill.STEP_WALK_MAX,step_up_0p04,0,1,2026-09-01T08:26:40Z,goal,1,WALK,0.9999999999999982,0.0,1380,60.0,1,nan,15.448444366455078,,off,nan,0.0,0.0,
--headless --device cpu --params skill.STEP_WALK_MAX --reps 5 --skip-unsupported --foot-comp on --heading heading-only --swing-lift 60 --trace-npz outputs/lift/trace_walk60.npz --results-csv outputs/lift/lift.csv,,7,0,step_up,1,2.1037748721693905,,on,half-stance,0.0,0.0,0,0.0,4,4,heading-only,0.0,0,0.04,0,obstacle,0.06,15,skill.STEP_WALK_MAX,step_up_0p06,0,1,2026-09-01T08:26:40Z,goal,1,WALK,0.9999999999999964,0.0,1380,60.0,1,nan,20.6043758392334,,off,nan,0.0,0.0,
--headless --device cpu --params skill.STEP_WALK_MAX --reps 5 --skip-unsupported --foot-comp on --heading heading-only --swing-lift 60 --trace-npz outputs/lift/trace_walk60.npz --results-csv outputs/lift/lift.csv,,7,0,step_up,1,2.11649384787016,,on,half-stance,0.0,0.0,0,0.0,4,4,heading-only,0.0,0,0.04,0,obstacle,0.08,15,skill.STEP_WALK_MAX,step_up_0p08,0,1,2026-09-01T08:26:40Z,goal,1,WALK,1.0,0.0,1380,60.0,1,nan,19.522552490234375,,off,nan,0.0,0.0,
--headless --device cpu --params skill.STEP_WALK_MAX --reps 5 --skip-unsupported --foot-comp on --heading heading-only --swing-lift 60 --trace-npz outputs/lift/trace_walk60.npz --results-csv outputs/lift/lift.csv,,7,0,step_up,1,2.0905495938511676,,on,half-stance,0.0,0.0,0,0.0,4,4,heading-only,0.0,0,0.04,0,obstacle,0.1,15,skill.STEP_WALK_MAX,step_up_0p10,0,1,2026-09-01T08:26:40Z,goal,1,WALK,1.0,0.0,1380,60.0,1,nan,23.313077926635742,,off,nan,0.0,0.0,
--headless --device cpu --params skill.STEP_WALK_MAX --reps 5 --skip-unsupported --foot-comp on --heading heading-only --swing-lift 60 --trace-npz outputs/lift/trace_walk60.npz --results-csv outputs/lift/lift.csv,,7,0,step_up,1,2.040567581206557,,on,half-stance,0.0,0.0,0,0.0,4,4,heading-only,0.0,0,0.04,0,obstacle,0.12,15,skill.STEP_WALK_MAX,step_up_0p12,0,1,2026-09-01T08:26:40Z,goal,1,WALK,0.9999999999999982,0.0,1380,60.0,1,nan,22.447376251220703,,off,nan,0.0,0.0,
--headless --device cpu --params skill.STEP_WALK_MAX --reps 5 --skip-unsupported --foot-comp on --heading heading-only --swing-lift 60 --trace-npz outputs/lift/trace_walk60.npz --results-csv outputs/lift/lift.csv,,7,0,step_up,1,2.118418801698705,,on,half-stance,0.0,0.0,0,0.0,4,4,heading-only,0.0,0,0.04,0,obstacle,0.14,15,skill.STEP_WALK_MAX,step_up_0p14,0,1,2026-09-01T08:26:40Z,goal,1,WALK,0.9999999999999964,0.0,1380,60.0,1,nan,22.059717178344727,,off,nan,0.0,0.0,
--headless --device cpu --params skill.STEP_WALK_MAX --reps 5 --skip-unsupported --foot-comp on --heading heading-only --swing-lift 60 --trace-npz outputs/lift/trace_walk60.npz --results-csv outputs/lift/lift.csv,,7,0,step_up,1,1.999993228775974,,on,half-stance,0.0,0.0,0,0.0,4,4,heading-only,0.0,0,0.04,0,obstacle,0.16,15,skill.STEP_WALK_MAX,step_up_0p16,0,1,2026-09-01T08:26:40Z,goal,1,WALK,1.0,0.0,1380,60.0,1,nan,21.695819854736328,,off,nan,0.0,0.0,
--headless --device cpu --params skill.STEP_WALK_MAX --reps 5 --skip-unsupported --foot-comp on --heading heading-only --swing-lift 60 --trace-npz outputs/lift/trace_walk60.npz --results-csv outputs/lift/lift.csv,,7,0,step_up,1,2.1062425340766264,,on,half-stance,0.0,0.0,0,0.0,4,4,heading-only,0.0,0,0.04,0,obstacle,0.18,15,skill.STEP_WALK_MAX,step_up_0p18,0,1,2026-09-01T08:26:40Z,goal,1,WALK,1.0,0.0,1380,60.0,1,nan,17.140644073486328,,off,nan,0.0,0.0,
--headless --device cpu --params skill.STEP_WALK_MAX --reps 5 --skip-unsupported --foot-comp on --heading heading-only --swing-lift 60 --trace-npz outputs/lift/trace_walk60.npz --results-csv outputs/lift/lift.csv,,7,0,step_up,1,2.1163459363013453,,on,half-stance,0.0,0.0,0,0.0,4,4,heading-only,0.0,0,0.04,0,obstacle,0.2,15,skill.STEP_WALK_MAX,step_up_0p20,0,1,2026-09-01T08:26:40Z,goal,1,WALK,0.9999999999999982,0.0,1380,60.0,1,nan,19.28742218017578,,off,nan,0.0,0.0,
--headless --device cpu --params skill.STEP_WALK_MAX --reps 5 --skip-unsupported --foot-comp on --heading heading-only --swing-lift 60 --trace-npz outputs/lift/trace_walk60.npz --results-csv outputs/lift/lift.csv,,7,0,step_up,1,2.1676197722127766,,on,half-stance,0.0,0.0,0,0.0,4,4,heading-only,0.0,0,0.04,0,obstacle,0.22,15,skill.STEP_WALK_MAX,step_up_0p22,0,1,2026-09-01T08:26:40Z,goal,1,WALK,0.9999999999999964,0.0,1380,60.0,1,nan,20.46502113342285,,off,nan,0.0,0.0,
--headless --device cpu --params skill.STEP_WALK_MAX --reps 5 --skip-unsupported --foot-comp on --heading heading-only --swing-lift 60 --trace-npz outputs/lift/trace_walk60.npz --results-csv outputs/lift/lift.csv,,7,0,step_up,1,2.053989509744752,,on,half-stance,0.0,0.0,0,0.0,4,4,heading-only,0.0,0,0.04,1,obstacle,0.24,15,skill.STEP_WALK_MAX,step_up_0p24,0,1,2026-09-01T08:26:40Z,goal,1,WALK,1.0,0.0,1380,60.0,1,nan,23.700000762939453,,off,nan,0.0,0.0,
--headless --device cpu --params skill.STEP_WALK_MAX --reps 5 --skip-unsupported --foot-comp on --heading heading-only --swing-lift 60 --trace-npz outputs/lift/trace_walk60.npz --results-csv outputs/lift/lift.csv,,7,0,step_up,1,2.130536300241661,,on,half-stance,0.0,0.0,0,0.0,4,4,heading-only,0.0,0,0.04,0,obstacle,0.26,15,skill.STEP_WALK_MAX,step_up_0p26,0,1,2026-09-01T08:26:40Z,goal,1,WALK,1.0,0.0,1380,60.0,1,nan,19.85049819946289,,off,nan,0.0,0.0,
--headless --device cpu --params skill.STEP_WALK_MAX --reps 5 --skip-unsupported --foot-comp on --heading heading-only --swing-lift 60 --trace-npz outputs/lift/trace_walk60.npz --results-csv outputs/lift/lift.csv,,7,0,step_up,1,2.4176930979028524,,on,half-stance,0.0,0.0,0,0.0,4,4,heading-only,0.0,0,0.04,0,obstacle,0.28,15,skill.STEP_WALK_MAX,step_up_0p28,0,1,2026-09-01T08:26:40Z,goal,1,WALK,0.9999999999999982,0.0,1380,60.0,1,nan,13.083788871765137,,off,nan,0.0,0.0,
--headless --device cpu --params skill.STEP_WALK_MAX --reps 5 --skip-unsupported --foot-comp on --heading heading-only --swing-lift 60 --trace-npz outputs/lift/trace_walk60.npz --results-csv outputs/lift/lift.csv,,7,0,step_up,1,1.4256839298368762,,on,half-stance,0.0,0.0,0,0.0,4,4,heading-only,0.0,0,0.04,0,obstacle,0.3,15,skill.STEP_WALK_MAX,step_up_0p30,0,1,2026-09-01T08:26:40Z,goal,1,WALK,0.9999999999999964,0.0,1380,60.0,1,nan,12.868197441101074,,off,nan,0.0,0.0,
--headless --device cpu --params skill.STEP_WALK_MAX --reps 5 --skip-unsupported --foot-comp on --heading heading-only --swing-lift 60 --trace-npz outputs/lift/trace_walk60.npz --results-csv outputs/lift/lift.csv,,15,0,step_up,1,3.4188932955448124,,on,half-stance,0.0,0.0,0,0.0,4,4,heading-only,0.0,0,0.04,0,obstacle,0.02,15,skill.STEP_WALK_MAX,step_up_0p02,0,2,2026-09-01T08:26:40Z,goal,1,WALK,1.0,0.0,1266,60.0,1,nan,14.007984161376953,,off,nan,0.0,0.0,
--headless --device cpu --params skill.STEP_WALK_MAX --reps 5 --skip-unsupported --foot-comp on --heading heading-only --swing-lift 60 --trace-npz outputs/lift/trace_walk60.npz --results-csv outputs/lift/lift.csv,,15,0,step_up,1,3.809423310248713,,on,half-stance,0.0,0.0,0,0.0,4,4,heading-only,0.0,0,0.04,0,obstacle,0.04,15,skill.STEP_WALK_MAX,step_up_0p04,0,2,2026-09-01T08:26:40Z,goal,1,WALK,0.9999999999999982,0.0,1266,60.0,1,nan,13.90536117553711,,off,nan,0.0,0.0,
--headless --device cpu --params skill.STEP_WALK_MAX --reps 5 --skip-unsupported --foot-comp on --heading heading-only --swing-lift 60 --trace-npz outputs/lift/trace_walk60.npz --results-csv outputs/lift/lift.csv,,15,0,step_up,1,3.6940978447340274,,on,half-stance,0.0,0.0,0,0.0,4,4,heading-only,0.0,0,0.04,0,obstacle,0.06,15,skill.STEP_WALK_MAX,step_up_0p06,0,2,2026-09-01T08:26:40Z,goal,1,WALK,0.9999999999999964,0.0,1266,60.0,1,nan,15.920835494995117,,off,nan,0.0,0.0,
--headless --device cpu --params skill.STEP_WALK_MAX --reps 5 --skip-unsupported --foot-comp on --heading heading-only --swing-lift 60 --trace-npz outputs/lift/trace_walk60.npz --results-csv outputs/lift/lift.csv,,15,0,step_up,1,3.705459490789012,,on,half-stance,0.0,0.0,0,0.0,4,4,heading-only,0.0,0,0.04,0,obstacle,0.08,15,skill.STEP_WALK_MAX,step_up_0p08,0,2,2026-09-01T08:26:40Z,goal,1,WALK,1.0,0.0,1266,60.0,1,nan,16.631912231445312,,off,nan,0.0,0.0,
--headless --device cpu --params skill.STEP_WALK_MAX --reps 5 --skip-unsupported --foot-comp on --heading heading-only --swing-lift 60 --trace-npz outputs/lift/trace_walk60.npz --results-csv outputs/lift/lift.csv,,15,0,step_up,1,3.6855998589724357,,on,half-stance,0.0,0.0,0,0.0,4,4,heading-only,0.0,0,0.04,0,obstacle,0.1,15,skill.STEP_WALK_MAX,step_up_0p10,0,2,2026-09-01T08:26:40Z,goal,1,WALK,1.0,0.0,1266,60.0,1,nan,13.453522682189941,,off,nan,0.0,0.0,
--headless --device cpu --params skill.STEP_WALK_MAX --reps 5 --skip-unsupported --foot-comp on --heading heading-only --swing-lift 60 --trace-npz outputs/lift/trace_walk60.npz --results-csv outputs/lift/lift.csv,,15,0,step_up,1,3.7610016752820274,,on,half-stance,0.0,0.0,0,0.0,4,4,heading-only,0.0,0,0.04,0,obstacle,0.12,15,skill.STEP_WALK_MAX,step_up_0p12,0,2,2026-09-01T08:26:40Z,goal,1,WALK,0.9999999999999982,0.0,1266,60.0,1,nan,14.424148559570312,,off,nan,0.0,0.0,
--headless --device cpu --params skill.STEP_WALK_MAX --reps 5 --skip-unsupported --foot-comp on --heading heading-only --swing-lift 60 --trace-npz outputs/lift/trace_walk60.npz --results-csv outputs/lift/lift.csv,,15,0,step_up,1,1.8527444546552436,,on,half-stance,0.0,0.0,0,0.0,4,4,heading-only,0.0,0,0.04,0,obstacle,0.14,15,skill.STEP_WALK_MAX,step_up_0p14,0,2,2026-09-01T08:26:40Z,goal,1,WALK,0.9999999999999964,0.0,1266,60.0,1,nan,19.150249481201172,,off,nan,0.0,0.0,
--headless --device cpu --params skill.STEP_WALK_MAX --reps 5 --skip-unsupported --foot-comp on --heading heading-only --swing-lift 60 --trace-npz outputs/lift/trace_walk60.npz --results-csv outputs/lift/lift.csv,,15,0,step_up,1,3.689632978971682,,on,half-stance,0.0,0.0,0,0.0,4,4,heading-only,0.0,0,0.04,0,obstacle,0.16,15,skill.STEP_WALK_MAX,step_up_0p16,0,2,2026-09-01T08:26:40Z,goal,1,WALK,1.0,0.0,1266,60.0,1,nan,14.812752723693848,,off,nan,0.0,0.0,
--headless --device cpu --params skill.STEP_WALK_MAX --reps 5 --skip-unsupported --foot-comp on --heading heading-only --swing-lift 60 --trace-npz outputs/lift/trace_walk60.npz --results-csv outputs/lift/lift.csv,,15,0,step_up,1,3.7233563431977506,,on,half-stance,0.0,0.0,0,0.0,4,4,heading-only,0.0,0,0.04,0,obstacle,0.18,15,skill.STEP_WALK_MAX,step_up_0p18,0,2,2026-09-01T08:26:40Z,goal,1,WALK,1.0,0.0,1266,60.0,1,nan,17.001014709472656,,off,nan,0.0,0.0,
--headless --device cpu --params skill.STEP_WALK_MAX --reps 5 --skip-unsupported --foot-comp on --heading heading-only --swing-lift 60 --trace-npz outputs/lift/trace_walk60.npz --results-csv outputs/lift/lift.csv,,15,0,step_up,1,3.847594986163453,,on,half-stance,0.0,0.0,0,0.0,4,4,heading-only,0.0,0,0.04,0,obstacle,0.2,15,skill.STEP_WALK_MAX,step_up_0p20,0,2,2026-09-01T08:26:40Z,goal,1,WALK,0.9999999999999982,0.0,1266,60.0,1,nan,11.895562171936035,,off,nan,0.0,0.0,
--headless --device cpu --params skill.STEP_WALK_MAX --reps 5 --skip-unsupported --foot-comp on --heading heading-only --swing-lift 60 --trace-npz outputs/lift/trace_walk60.npz --results-csv outputs/lift/lift.csv,,15,0,step_up,1,3.9651139110841505,,on,half-stance,0.0,0.0,0,0.0,4,4,heading-only,0.0,0,0.04,0,obstacle,0.22,15,skill.STEP_WALK_MAX,step_up_0p22,0,2,2026-09-01T08:26:40Z,goal,1,WALK,0.9999999999999964,0.0,1266,60.0,1,nan,13.852743148803711,,off,nan,0.0,0.0,
--headless --device cpu --params skill.STEP_WALK_MAX --reps 5 --skip-unsupported --foot-comp on --heading heading-only --swing-lift 60 --trace-npz outputs/lift/trace_walk60.npz --results-csv outputs/lift/lift.csv,,15,0,step_up,1,3.8262806004771543,,on,half-stance,0.0,0.0,0,0.0,4,4,heading-only,0.0,0,0.04,0,obstacle,0.24,15,skill.STEP_WALK_MAX,step_up_0p24,0,2,2026-09-01T08:26:40Z,goal,1,WALK,1.0,0.0,1266,60.0,1,nan,12.652539253234863,,off,nan,0.0,0.0,
--headless --device cpu --params skill.STEP_WALK_MAX --reps 5 --skip-unsupported --foot-comp on --heading heading-only --swing-lift 60 --trace-npz outputs/lift/trace_walk60.npz --results-csv outputs/lift/lift.csv,,15,0,step_up,1,3.64316035846229,,on,half-stance,0.0,0.0,0,0.0,4,4,heading-only,0.0,0,0.04,0,obstacle,0.26,15,skill.STEP_WALK_MAX,step_up_0p26,0,2,2026-09-01T08:26:40Z,goal,1,WALK,1.0,0.0,1266,60.0,1,nan,14.118051528930664,,off,nan,0.0,0.0,
--headless --device cpu --params skill.STEP_WALK_MAX --reps 5 --skip-unsupported --foot-comp on --heading heading-only --swing-lift 60 --trace-npz outputs/lift/trace_walk60.npz --results-csv outputs/lift/lift.csv,,15,0,step_up,1,3.923441911772029,,on,half-stance,0.0,0.0,0,0.0,4,4,heading-only,0.0,0,0.04,0,obstacle,0.28,15,skill.STEP_WALK_MAX,step_up_0p28,0,2,2026-09-01T08:26:40Z,goal,1,WALK,0.9999999999999982,0.0,1266,60.0,1,nan,16.585208892822266,,off,nan,0.0,0.0,
--headless --device cpu --params skill.STEP_WALK_MAX --reps 5 --skip-unsupported --foot-comp on --heading heading-only --swing-lift 60 --trace-npz outputs/lift/trace_walk60.npz --results-csv outputs/lift/lift.csv,,15,0,step_up,1,4.016357753076104,,on,half-stance,0.0,0.0,0,0.0,4,4,heading-only,0.0,0,0.04,0,obstacle,0.3,15,skill.STEP_WALK_MAX,step_up_0p30,0,2,2026-09-01T08:26:40Z,goal,1,WALK,0.9999999999999964,0.0,1266,60.0,1,nan,22.946950912475586,,off,nan,0.0,0.0,
--headless --device cpu --params skill.STEP_WALK_MAX --reps 5 --skip-unsupported --foot-comp on --heading heading-only --swing-lift 60 --trace-npz outputs/lift/trace_walk60.npz --results-csv outputs/lift/lift.csv,,22,0,step_up,1,0.955960676756583,,on,half-stance,0.0,0.0,0,0.0,4,4,heading-only,0.0,0,0.04,0,obstacle,0.02,15,skill.STEP_WALK_MAX,step_up_0p02,0,3,2026-09-01T08:26:40Z,goal,1,WALK,1.0,0.0,646,60.0,1,nan,13.063580513000488,,off,nan,0.0,0.0,
--headless --device cpu --params skill.STEP_WALK_MAX --reps 5 --skip-unsupported --foot-comp on --heading heading-only --swing-lift 60 --trace-npz outputs/lift/trace_walk60.npz --results-csv outputs/lift/lift.csv,,22,0,step_up,1,0.899897701624689,,on,half-stance,0.0,0.0,0,0.0,4,4,heading-only,0.0,0,0.04,0,obstacle,0.04,15,skill.STEP_WALK_MAX,step_up_0p04,0,3,2026-09-01T08:26:40Z,goal,1,WALK,0.9999999999999982,0.0,646,60.0,1,nan,14.764785766601562,,off,nan,0.0,0.0,
--headless --device cpu --params skill.STEP_WALK_MAX --reps 5 --skip-unsupported --foot-comp on --heading heading-only --swing-lift 60 --trace-npz outputs/lift/trace_walk60.npz --results-csv outputs/lift/lift.csv,,22,0,step_up,1,1.0063541647192573,,on,half-stance,0.0,0.0,0,0.0,4,4,heading-only,0.0,0,0.04,0,obstacle,0.06,15,skill.STEP_WALK_MAX,step_up_0p06,0,3,2026-09-01T08:26:40Z,goal,1,WALK,0.9999999999999964,0.0,646,60.0,1,nan,15.435869216918945,,off,nan,0.0,0.0,
--headless --device cpu --params skill.STEP_WALK_MAX --reps 5 --skip-unsupported --foot-comp on --heading heading-only --swing-lift 60 --trace-npz outputs/lift/trace_walk60.npz --results-csv outputs/lift/lift.csv,,22,0,step_up,1,1.8656692766981968,,on,half-stance,0.0,0.0,0,0.0,4,4,heading-only,0.0,0,0.04,0,obstacle,0.08,15,skill.STEP_WALK_MAX,step_up_0p08,0,3,2026-09-01T08:26:40Z,goal,1,WALK,1.0,0.0,646,60.0,1,nan,22.241920471191406,,off,nan,0.0,0.0,
--headless --device cpu --params skill.STEP_WALK_MAX --reps 5 --skip-unsupported --foot-comp on --heading heading-only --swing-lift 60 --trace-npz outputs/lift/trace_walk60.npz --results-csv outputs/lift/lift.csv,,22,0,step_up,1,1.8892853468151325,,on,half-stance,0.0,0.0,0,0.0,4,4,heading-only,0.0,0,0.04,0,obstacle,0.1,15,skill.STEP_WALK_MAX,step_up_0p10,0,3,2026-09-01T08:26:40Z,goal,1,WALK,1.0,0.0,646,60.0,1,nan,21.32316780090332,,off,nan,0.0,0.0,
--headless --device cpu --params skill.STEP_WALK_MAX --reps 5 --skip-unsupported --foot-comp on --heading heading-only --swing-lift 60 --trace-npz outputs/lift/trace_walk60.npz --results-csv outputs/lift/lift.csv,,22,0,step_up,1,1.9096023408844407,,on,half-stance,0.0,0.0,0,0.0,4,4,heading-only,0.0,0,0.04,0,obstacle,0.12,15,skill.STEP_WALK_MAX,step_up_0p12,0,3,2026-09-01T08:26:40Z,goal,1,WALK,0.9999999999999982,0.0,646,60.0,1,nan,19.579771041870117,,off,nan,0.0,0.0,
--headless --device cpu --params skill.STEP_WALK_MAX --reps 5 --skip-unsupported --foot-comp on --heading heading-only --swing-lift 60 --trace-npz outputs/lift/trace_walk60.npz --results-csv outputs/lift/lift.csv,,22,0,step_up,1,1.9373097226047695,,on,half-stance,0.0,0.0,0,0.0,4,4,heading-only,0.0,0,0.04,0,obstacle,0.14,15,skill.STEP_WALK_MAX,step_up_0p14,0,3,2026-09-01T08:26:40Z,goal,1,WALK,0.9999999999999964,0.0,646,60.0,1,nan,19.93745231628418,,off,nan,0.0,0.0,
--headless --device cpu --params skill.STEP_WALK_MAX --reps 5 --skip-unsupported --foot-comp on --heading heading-only --swing-lift 60 --trace-npz outputs/lift/trace_walk60.npz --results-csv outputs/lift/lift.csv,,22,0,step_up,1,1.9177165256928084,,on,half-stance,0.0,0.0,0,0.0,4,4,heading-only,0.0,0,0.04,0,obstacle,0.16,15,skill.STEP_WALK_MAX,step_up_0p16,0,3,2026-09-01T08:26:40Z,goal,1,WALK,1.0,0.0,646,60.0,1,nan,18.545818328857422,,off,nan,0.0,0.0,
--headless --device cpu --params skill.STEP_WALK_MAX --reps 5 --skip-unsupported --foot-comp on --heading heading-only --swing-lift 60 --trace-npz outputs/lift/trace_walk60.npz --results-csv outputs/lift/lift.csv,,22,0,step_up,1,1.9053703028600415,,on,half-stance,0.0,0.0,0,0.0,4,4,heading-only,0.0,0,0.04,0,obstacle,0.18,15,skill.STEP_WALK_MAX,step_up_0p18,0,3,2026-09-01T08:26:40Z,goal,1,WALK,1.0,0.0,646,60.0,1,nan,20.64600944519043,,off,nan,0.0,0.0,
--headless --device cpu --params skill.STEP_WALK_MAX --reps 5 --skip-unsupported --foot-comp on --heading heading-only --swing-lift 60 --trace-npz outputs/lift/trace_walk60.npz --results-csv outputs/lift/lift.csv,,22,0,step_up,1,1.894600892911678,,on,half-stance,0.0,0.0,0,0.0,4,4,heading-only,0.0,0,0.04,0,obstacle,0.2,15,skill.STEP_WALK_MAX,step_up_0p20,0,3,2026-09-01T08:26:40Z,goal,1,WALK,0.9999999999999982,0.0,646,60.0,1,nan,19.023422241210938,,off,nan,0.0,0.0,
--headless --device cpu --params skill.STEP_WALK_MAX --reps 5 --skip-unsupported --foot-comp on --heading heading-only --swing-lift 60 --trace-npz outputs/lift/trace_walk60.npz --results-csv outputs/lift/lift.csv,,22,0,step_up,1,2.063143744401898,,on,half-stance,0.0,0.0,0,0.0,4,4,heading-only,0.0,0,0.04,0,obstacle,0.22,15,skill.STEP_WALK_MAX,step_up_0p22,0,3,2026-09-01T08:26:40Z,goal,1,WALK,0.9999999999999964,0.0,646,60.0,1,nan,23.291845321655273,,off,nan,0.0,0.0,
--headless --device cpu --params skill.STEP_WALK_MAX --reps 5 --skip-unsupported --foot-comp on --heading heading-only --swing-lift 60 --trace-npz outputs/lift/trace_walk60.npz --results-csv outputs/lift/lift.csv,,22,0,step_up,1,1.9422553246938161,,on,half-stance,0.0,0.0,0,0.0,4,4,heading-only,0.0,0,0.04,0,obstacle,0.24,15,skill.STEP_WALK_MAX,step_up_0p24,0,3,2026-09-01T08:26:40Z,goal,1,WALK,1.0,0.0,646,60.0,1,nan,23.491107940673828,,off,nan,0.0,0.0,
--headless --device cpu --params skill.STEP_WALK_MAX --reps 5 --skip-unsupported --foot-comp on --heading heading-only --swing-lift 60 --trace-npz outputs/lift/trace_walk60.npz --results-csv outputs/lift/lift.csv,,22,0,step_up,1,2.0136684977440344,,on,half-stance,0.0,0.0,0,0.0,4,4,heading-only,0.0,0,0.04,0,obstacle,0.26,15,skill.STEP_WALK_MAX,step_up_0p26,0,3,2026-09-01T08:26:40Z,goal,1,WALK,1.0,0.0,646,60.0,1,nan,21.147899627685547,,off,nan,0.0,0.0,
--headless --device cpu --params skill.STEP_WALK_MAX --reps 5 --skip-unsupported --foot-comp on --heading heading-only --swing-lift 60 --trace-npz outputs/lift/trace_walk60.npz --results-csv outputs/lift/lift.csv,,22,0,step_up,1,1.9814118766084912,,on,half-stance,0.0,0.0,0,0.0,4,4,heading-only,0.0,0,0.04,0,obstacle,0.28,15,skill.STEP_WALK_MAX,step_up_0p28,0,3,2026-09-01T08:26:40Z,goal,1,WALK,0.9999999999999982,0.0,646,60.0,1,nan,21.589628219604492,,off,nan,0.0,0.0,
--headless --device cpu --params skill.STEP_WALK_MAX --reps 5 --skip-unsupported --foot-comp on --heading heading-only --swing-lift 60 --trace-npz outputs/lift/trace_walk60.npz --results-csv outputs/lift/lift.csv,,22,0,step_up,1,1.9919258433094773,,on,half-stance,0.0,0.0,0,0.0,4,4,heading-only,0.0,0,0.04,0,obstacle,0.3,15,skill.STEP_WALK_MAX,step_up_0p30,0,3,2026-09-01T08:26:40Z,goal,1,WALK,0.9999999999999964,0.0,646,60.0,1,nan,23.618972778320312,,off,nan,0.0,0.0,
--headless --device cpu --params skill.STEP_WALK_MAX --reps 5 --skip-unsupported --foot-comp on --heading heading-only --swing-lift 60 --trace-npz outputs/lift/trace_walk60.npz --results-csv outputs/lift/lift.csv,,30,0,step_up,1,4.293634442605291,,on,half-stance,0.0,0.0,0,0.0,4,4,heading-only,0.0,0,0.04,0,obstacle,0.02,15,skill.STEP_WALK_MAX,step_up_0p02,0,4,2026-09-01T08:26:40Z,goal,1,WALK,1.0,0.0,38,60.0,1,nan,19.65880012512207,,off,nan,0.0,0.0,
--headless --device cpu --params skill.STEP_WALK_MAX --reps 5 --skip-unsupported --foot-comp on --heading heading-only --swing-lift 60 --trace-npz outputs/lift/trace_walk60.npz --results-csv outputs/lift/lift.csv,,30,0,step_up,1,4.300642748430535,,on,half-stance,0.0,0.0,0,0.0,4,4,heading-only,0.0,0,0.04,0,obstacle,0.04,15,skill.STEP_WALK_MAX,step_up_0p04,0,4,2026-09-01T08:26:40Z,goal,1,WALK,0.9999999999999982,0.0,38,60.0,1,nan,19.667123794555664,,off,nan,0.0,0.0,
--headless --device cpu --params skill.STEP_WALK_MAX --reps 5 --skip-unsupported --foot-comp on --heading heading-only --swing-lift 60 --trace-npz outputs/lift/trace_walk60.npz --results-csv outputs/lift/lift.csv,,30,0,step_up,1,4.31400070984901,,on,half-stance,0.0,0.0,0,0.0,4,4,heading-only,0.0,0,0.04,0,obstacle,0.06,15,skill.STEP_WALK_MAX,step_up_0p06,0,4,2026-09-01T08:26:40Z,goal,1,WALK,0.9999999999999964,0.0,38,60.0,1,nan,19.621776580810547,,off,nan,0.0,0.0,
--headless --device cpu --params skill.STEP_WALK_MAX --reps 5 --skip-unsupported --foot-comp on --heading heading-only --swing-lift 60 --trace-npz outputs/lift/trace_walk60.npz --results-csv outputs/lift/lift.csv,,30,0,step_up,1,4.303770219450949,,on,half-stance,0.0,0.0,0,0.0,4,4,heading-only,0.0,0,0.04,0,obstacle,0.08,15,skill.STEP_WALK_MAX,step_up_0p08,0,4,2026-09-01T08:26:40Z,goal,1,WALK,1.0,0.0,38,60.0,1,nan,19.662187576293945,,off,nan,0.0,0.0,
--headless --device cpu --params skill.STEP_WALK_MAX --reps 5 --skip-unsupported --foot-comp on --heading heading-only --swing-lift 60 --trace-npz outputs/lift/trace_walk60.npz --results-csv outputs/lift/lift.csv,,30,0,step_up,1,4.299806557163561,,on,half-stance,0.0,0.0,0,0.0,4,4,heading-only,0.0,0,0.04,0,obstacle,0.1,15,skill.STEP_WALK_MAX,step_up_0p10,0,4,2026-09-01T08:26:40Z,goal,1,WALK,1.0,0.0,38,60.0,1,nan,19.63609504699707,,off,nan,0.0,0.0,
--headless --device cpu --params skill.STEP_WALK_MAX --reps 5 --skip-unsupported --foot-comp on --heading heading-only --swing-lift 60 --trace-npz outputs/lift/trace_walk60.npz --results-csv outputs/lift/lift.csv,,30,0,step_up,1,4.319047698164081,,on,half-stance,0.0,0.0,0,0.0,4,4,heading-only,0.0,0,0.04,0,obstacle,0.12,15,skill.STEP_WALK_MAX,step_up_0p12,0,4,2026-09-01T08:26:40Z,goal,1,WALK,0.9999999999999982,0.0,38,60.0,1,nan,19.667877197265625,,off,nan,0.0,0.0,
--headless --device cpu --params skill.STEP_WALK_MAX --reps 5 --skip-unsupported --foot-comp on --heading heading-only --swing-lift 60 --trace-npz outputs/lift/trace_walk60.npz --results-csv outputs/lift/lift.csv,,30,0,step_up,1,4.332172611987238,,on,half-stance,0.0,0.0,0,0.0,4,4,heading-only,0.0,0,0.04,0,obstacle,0.14,15,skill.STEP_WALK_MAX,step_up_0p14,0,4,2026-09-01T08:26:40Z,goal,1,WALK,0.9999999999999964,0.0,38,60.0,1,nan,19.742450714111328,,off,nan,0.0,0.0,
--headless --device cpu --params skill.STEP_WALK_MAX --reps 5 --skip-unsupported --foot-comp on --heading heading-only --swing-lift 60 --trace-npz outputs/lift/trace_walk60.npz --results-csv outputs/lift/lift.csv,,30,0,step_up,1,4.322777839978101,,on,half-stance,0.0,0.0,0,0.0,4,4,heading-only,0.0,0,0.04,0,obstacle,0.16,15,skill.STEP_WALK_MAX,step_up_0p16,0,4,2026-09-01T08:26:40Z,goal,1,WALK,1.0,0.0,38,60.0,1,nan,19.67344856262207,,off,nan,0.0,0.0,
--headless --device cpu --params skill.STEP_WALK_MAX --reps 5 --skip-unsupported --foot-comp on --heading heading-only --swing-lift 60 --trace-npz outputs/lift/trace_walk60.npz --results-csv outputs/lift/lift.csv,,30,0,step_up,1,4.2932235670894645,,on,half-stance,0.0,0.0,0,0.0,4,4,heading-only,0.0,0,0.04,0,obstacle,0.18,15,skill.STEP_WALK_MAX,step_up_0p18,0,4,2026-09-01T08:26:40Z,goal,1,WALK,1.0,0.0,38,60.0,1,nan,19.657976150512695,,off,nan,0.0,0.0,
--headless --device cpu --params skill.STEP_WALK_MAX --reps 5 --skip-unsupported --foot-comp on --heading heading-only --swing-lift 60 --trace-npz outputs/lift/trace_walk60.npz --results-csv outputs/lift/lift.csv,,30,0,step_up,1,4.309351899925223,,on,half-stance,0.0,0.0,0,0.0,4,4,heading-only,0.0,0,0.04,0,obstacle,0.2,15,skill.STEP_WALK_MAX,step_up_0p20,0,4,2026-09-01T08:26:40Z,goal,1,WALK,0.9999999999999982,0.0,38,60.0,1,nan,19.646297454833984,,off,nan,0.0,0.0,
--headless --device cpu --params skill.STEP_WALK_MAX --reps 5 --skip-unsupported --foot-comp on --heading heading-only --swing-lift 60 --trace-npz outputs/lift/trace_walk60.npz --results-csv outputs/lift/lift.csv,,30,0,step_up,1,4.297926365585588,,on,half-stance,0.0,0.0,0,0.0,4,4,heading-only,0.0,0,0.04,0,obstacle,0.22,15,skill.STEP_WALK_MAX,step_up_0p22,0,4,2026-09-01T08:26:40Z,goal,1,WALK,0.9999999999999964,0.0,38,60.0,1,nan,19.664794921875,,off,nan,0.0,0.0,
--headless --device cpu --params skill.STEP_WALK_MAX --reps 5 --skip-unsupported --foot-comp on --heading heading-only --swing-lift 60 --trace-npz outputs/lift/trace_walk60.npz --results-csv outputs/lift/lift.csv,,30,0,step_up,1,4.303429205449238,,on,half-stance,0.0,0.0,0,0.0,4,4,heading-only,0.0,0,0.04,0,obstacle,0.24,15,skill.STEP_WALK_MAX,step_up_0p24,0,4,2026-09-01T08:26:40Z,goal,1,WALK,1.0,0.0,38,60.0,1,nan,19.67047691345215,,off,nan,0.0,0.0,
--headless --device cpu --params skill.STEP_WALK_MAX --reps 5 --skip-unsupported --foot-comp on --heading heading-only --swing-lift 60 --trace-npz outputs/lift/trace_walk60.npz --results-csv outputs/lift/lift.csv,,30,0,step_up,1,4.297333574702515,,on,half-stance,0.0,0.0,0,0.0,4,4,heading-only,0.0,0,0.04,0,obstacle,0.26,15,skill.STEP_WALK_MAX,step_up_0p26,0,4,2026-09-01T08:26:40Z,goal,1,WALK,1.0,0.0,38,60.0,1,nan,19.653295516967773,,off,nan,0.0,0.0,
--headless --device cpu --params skill.STEP_WALK_MAX --reps 5 --skip-unsupported --foot-comp on --heading heading-only --swing-lift 60 --trace-npz outputs/lift/trace_walk60.npz --results-csv outputs/lift/lift.csv,,30,0,step_up,1,4.296513661473658,,on,half-stance,0.0,0.0,0,0.0,4,4,heading-only,0.0,0,0.04,0,obstacle,0.28,15,skill.STEP_WALK_MAX,step_up_0p28,0,4,2026-09-01T08:26:40Z,goal,1,WALK,0.9999999999999982,0.0,38,60.0,1,nan,19.655364990234375,,off,nan,0.0,0.0,
--headless --device cpu --params skill.STEP_WALK_MAX --reps 5 --skip-unsupported --foot-comp on --heading heading-only --swing-lift 60 --trace-npz outputs/lift/trace_walk60.npz --results-csv outputs/lift/lift.csv,,30,0,step_up,1,4.303039285019784,,on,half-stance,0.0,0.0,0,0.0,4,4,heading-only,0.0,0,0.04,0,obstacle,0.3,15,skill.STEP_WALK_MAX,step_up_0p30,0,4,2026-09-01T08:26:40Z,goal,1,WALK,0.9999999999999964,0.0,38,60.0,1,nan,19.651580810546875,,off,nan,0.0,0.0,
--headless --device cpu --params skill.STEP_WALK_MAX --reps 5 --skip-unsupported --foot-comp on --heading heading-only --swing-lift 80 --trace-npz outputs/lift/trace_walk80.npz --results-csv outputs/lift/lift.csv,,0,0,step_up,1,25.490243527456034,,on,half-stance,0.0,0.0,0,0.0,4,4,heading-only,0.0,0,0.04,0,obstacle,0.02,15,skill.STEP_WALK_MAX,step_up_0p02,0,0,2026-09-01T08:26:40Z,goal,1,WALK,1.0,0.0,2140,80.0,1,nan,14.184240341186523,,off,nan,0.0,0.0,
--headless --device cpu --params skill.STEP_WALK_MAX --reps 5 --skip-unsupported --foot-comp on --heading heading-only --swing-lift 80 --trace-npz outputs/lift/trace_walk80.npz --results-csv outputs/lift/lift.csv,,0,0,step_up,1,0.7583661238171687,,on,half-stance,0.0,0.0,0,0.0,4,4,heading-only,0.0,0,0.04,0,obstacle,0.04,15,skill.STEP_WALK_MAX,step_up_0p04,0,0,2026-09-01T08:26:40Z,goal,1,WALK,0.9999999999999982,0.0,2140,80.0,1,nan,13.065680503845215,,off,nan,0.0,0.0,
--headless --device cpu --params skill.STEP_WALK_MAX --reps 5 --skip-unsupported --foot-comp on --heading heading-only --swing-lift 80 --trace-npz outputs/lift/trace_walk80.npz --results-csv outputs/lift/lift.csv,,0,0,step_up,1,2.0236592467372034,,on,half-stance,0.0,0.0,0,0.0,4,4,heading-only,0.0,0,0.04,0,obstacle,0.06,15,skill.STEP_WALK_MAX,step_up_0p06,0,0,2026-09-01T08:26:40Z,goal,1,WALK,0.9999999999999964,0.0,2140,80.0,1,nan,21.644590377807617,,off,nan,0.0,0.0,
--headless --device cpu --params skill.STEP_WALK_MAX --reps 5 --skip-unsupported --foot-comp on --heading heading-only --swing-lift 80 --trace-npz outputs/lift/trace_walk80.npz --results-csv outputs/lift/lift.csv,,0,0,step_up,1,2.1147873938485797,,on,half-stance,0.0,0.0,0,0.0,4,4,heading-only,0.0,0,0.04,0,obstacle,0.08,15,skill.STEP_WALK_MAX,step_up_0p08,0,0,2026-09-01T08:26:40Z,goal,1,WALK,1.0,0.0,2140,80.0,1,nan,21.702468872070312,,off,nan,0.0,0.0,
--headless --device cpu --params skill.STEP_WALK_MAX --reps 5 --skip-unsupported --foot-comp on --heading heading-only --swing-lift 80 --trace-npz outputs/lift/trace_walk80.npz --results-csv outputs/lift/lift.csv,,0,0,step_up,1,2.3126747682392,,on,half-stance,0.0,0.0,0,0.0,4,4,heading-only,0.0,0,0.04,0,obstacle,0.1,15,skill.STEP_WALK_MAX,step_up_0p10,0,0,2026-09-01T08:26:40Z,goal,1,WALK,1.0,0.0,2140,80.0,1,nan,18.226696014404297,,off,nan,0.0,0.0,
--headless --device cpu --params skill.STEP_WALK_MAX --reps 5 --skip-unsupported --foot-comp on --heading heading-only --swing-lift 80 --trace-npz outputs/lift/trace_walk80.npz --results-csv outputs/lift/lift.csv,,0,0,step_up,1,2.23990746025801,,on,half-stance,0.0,0.0,0,0.0,4,4,heading-only,0.0,0,0.04,0,obstacle,0.12,15,skill.STEP_WALK_MAX,step_up_0p12,0,0,2026-09-01T08:26:40Z,goal,1,WALK,0.9999999999999982,0.0,2140,80.0,1,nan,16.26871109008789,,off,nan,0.0,0.0,
--headless --device cpu --params skill.STEP_WALK_MAX --reps 5 --skip-unsupported --foot-comp on --heading heading-only --swing-lift 80 --trace-npz outputs/lift/trace_walk80.npz --results-csv outputs/lift/lift.csv,,0,0,step_up,1,2.02301157194875,,on,half-stance,0.0,0.0,0,0.0,4,4,heading-only,0.0,0,0.04,0,obstacle,0.14,15,skill.STEP_WALK_MAX,step_up_0p14,0,0,2026-09-01T08:26:40Z,goal,1,WALK,0.9999999999999964,0.0,2140,80.0,1,nan,21.441343307495117,,off,nan,0.0,0.0,
--headless --device cpu --params skill.STEP_WALK_MAX --reps 5 --skip-unsupported --foot-comp on --heading heading-only --swing-lift 80 --trace-npz outputs/lift/trace_walk80.npz --results-csv outputs/lift/lift.csv,,0,0,step_up,1,2.1800875913202424,,on,half-stance,0.0,0.0,0,0.0,4,4,heading-only,0.0,0,0.04,0,obstacle,0.16,15,skill.STEP_WALK_MAX,step_up_0p16,0,0,2026-09-01T08:26:40Z,goal,1,WALK,1.0,0.0,2140,80.0,1,nan,18.43735122680664,,off,nan,0.0,0.0,
--headless --device cpu --params skill.STEP_WALK_MAX --reps 5 --skip-unsupported --foot-comp on --heading heading-only --swing-lift 80 --trace-npz outputs/lift/trace_walk80.npz --results-csv outputs/lift/lift.csv,,0,0,step_up,1,2.043323441964452,,on,half-stance,0.0,0.0,0,0.0,4,4,heading-only,0.0,0,0.04,0,obstacle,0.18,15,skill.STEP_WALK_MAX,step_up_0p18,0,0,2026-09-01T08:26:40Z,goal,1,WALK,1.0,0.0,2140,80.0,1,nan,13.379705429077148,,off,nan,0.0,0.0,
--headless --device cpu --params skill.STEP_WALK_MAX --reps 5 --skip-unsupported --foot-comp on --heading heading-only --swing-lift 80 --trace-npz outputs/lift/trace_walk80.npz --results-csv outputs/lift/lift.csv,,0,0,step_up,1,2.0385187077646933,,on,half-stance,0.0,0.0,0,0.0,4,4,heading-only,0.0,0,0.04,0,obstacle,0.2,15,skill.STEP_WALK_MAX,step_up_0p20,0,0,2026-09-01T08:26:40Z,goal,1,WALK,0.9999999999999982,0.0,2140,80.0,1,nan,13.375080108642578,,off,nan,0.0,0.0,
--headless --device cpu --params skill.STEP_WALK_MAX --reps 5 --skip-unsupported --foot-comp on --heading heading-only --swing-lift 80 --trace-npz outputs/lift/trace_walk80.npz --results-csv outputs/lift/lift.csv,,0,0,step_up,1,1.9566141977338232,,on,half-stance,0.0,0.0,0,0.0,4,4,heading-only,0.0,0,0.04,1,obstacle,0.22,15,skill.STEP_WALK_MAX,step_up_0p22,0,0,2026-09-01T08:26:40Z,goal,1,WALK,0.9999999999999964,0.0,2140,80.0,1,nan,23.700000762939453,,off,nan,0.0,0.0,
--headless --device cpu --params skill.STEP_WALK_MAX --reps 5 --skip-unsupported --foot-comp on --heading heading-only --swing-lift 80 --trace-npz outputs/lift/trace_walk80.npz --results-csv outputs/lift/lift.csv,,0,0,step_up,1,2.208669506252265,,on,half-stance,0.0,0.0,0,0.0,4,4,heading-only,0.0,0,0.04,0,obstacle,0.24,15,skill.STEP_WALK_MAX,step_up_0p24,0,0,2026-09-01T08:26:40Z,goal,1,WALK,1.0,0.0,2140,80.0,1,nan,22.437843322753906,,off,nan,0.0,0.0,
--headless --device cpu --params skill.STEP_WALK_MAX --reps 5 --skip-unsupported --foot-comp on --heading heading-only --swing-lift 80 --trace-npz outputs/lift/trace_walk80.npz --results-csv outputs/lift/lift.csv,,0,0,step_up,1,4.601512471418007,,on,half-stance,0.0,0.0,0,0.0,4,4,heading-only,0.0,0,0.04,0,obstacle,0.26,15,skill.STEP_WALK_MAX,step_up_0p26,0,0,2026-09-01T08:26:40Z,goal,1,WALK,1.0,0.0,2140,80.0,1,nan,13.36611270904541,,off,nan,0.0,0.0,
--headless --device cpu --params skill.STEP_WALK_MAX --reps 5 --skip-unsupported --foot-comp on --heading heading-only --swing-lift 80 --trace-npz outputs/lift/trace_walk80.npz --results-csv outputs/lift/lift.csv,,0,0,step_up,1,1.9939305294351115,,on,half-stance,0.0,0.0,0,0.0,4,4,heading-only,0.0,0,0.04,0,obstacle,0.28,15,skill.STEP_WALK_MAX,step_up_0p28,0,0,2026-09-01T08:26:40Z,goal,1,WALK,0.9999999999999982,0.0,2140,80.0,1,nan,22.33205795288086,,off,nan,0.0,0.0,
--headless --device cpu --params skill.STEP_WALK_MAX --reps 5 --skip-unsupported --foot-comp on --heading heading-only --swing-lift 80 --trace-npz outputs/lift/trace_walk80.npz --results-csv outputs/lift/lift.csv,,0,0,step_up,0,1.6208295228117275,,on,half-stance,0.0,0.0,0,0.0,4,4,heading-only,0.0,0,0.04,0,obstacle,0.3,15,skill.STEP_WALK_MAX,step_up_0p30,0,0,2026-09-01T08:26:40Z,goal,1,WALK,0.9999999999999964,0.0,2140,80.0,1,nan,14.521974563598633,,off,nan,0.0,0.0,
--headless --device cpu --params skill.STEP_WALK_MAX --reps 5 --skip-unsupported --foot-comp on --heading heading-only --swing-lift 80 --trace-npz outputs/lift/trace_walk80.npz --results-csv outputs/lift/lift.csv,,7,0,step_up,1,2.0940989019747343,,on,half-stance,0.0,0.0,0,0.0,4,4,heading-only,0.0,0,0.04,0,obstacle,0.02,15,skill.STEP_WALK_MAX,step_up_0p02,0,1,2026-09-01T08:26:40Z,goal,1,WALK,1.0,0.0,879,80.0,1,nan,13.767471313476562,,off,nan,0.0,0.0,
--headless --device cpu --params skill.STEP_WALK_MAX --reps 5 --skip-unsupported --foot-comp on --heading heading-only --swing-lift 80 --trace-npz outputs/lift/trace_walk80.npz --results-csv outputs/lift/lift.csv,,7,0,step_up,1,0.849344877263964,,on,half-stance,0.0,0.0,0,0.0,4,4,heading-only,0.0,0,0.04,0,obstacle,0.04,15,skill.STEP_WALK_MAX,step_up_0p04,0,1,2026-09-01T08:26:40Z,goal,1,WALK,0.9999999999999982,0.0,879,80.0,1,nan,15.68077278137207,,off,nan,0.0,0.0,
--headless --device cpu --params skill.STEP_WALK_MAX --reps 5 --skip-unsupported --foot-comp on --heading heading-only --swing-lift 80 --trace-npz outputs/lift/trace_walk80.npz --results-csv outputs/lift/lift.csv,,7,0,step_up,1,1.008265380545619,,on,half-stance,0.0,0.0,0,0.0,4,4,heading-only,0.0,0,0.04,0,obstacle,0.06,15,skill.STEP_WALK_MAX,step_up_0p06,0,1,2026-09-01T08:26:40Z,goal,1,WALK,0.9999999999999964,0.0,879,80.0,1,nan,13.708330154418945,,off,nan,0.0,0.0,
--headless --device cpu --params skill.STEP_WALK_MAX --reps 5 --skip-unsupported --foot-comp on --heading heading-only --swing-lift 80 --trace-npz outputs/lift/trace_walk80.npz --results-csv outputs/lift/lift.csv,,7,0,step_up,1,2.240947390468201,,on,half-stance,0.0,0.0,0,0.0,4,4,heading-only,0.0,0,0.04,0,obstacle,0.08,15,skill.STEP_WALK_MAX,step_up_0p08,0,1,2026-09-01T08:26:40Z,goal,1,WALK,1.0,0.0,879,80.0,1,nan,20.057891845703125,,off,nan,0.0,0.0,
--headless --device cpu --params skill.STEP_WALK_MAX --reps 5 --skip-unsupported --foot-comp on --heading heading-only --swing-lift 80 --trace-npz outputs/lift/trace_walk80.npz --results-csv outputs/lift/lift.csv,,7,0,step_up,1,2.257076260533489,,on,half-stance,0.0,0.0,0,0.0,4,4,heading-only,0.0,0,0.04,0,obstacle,0.1,15,skill.STEP_WALK_MAX,step_up_0p10,0,1,2026-09-01T08:26:40Z,goal,1,WALK,1.0,0.0,879,80.0,1,nan,19.713274002075195,,off,nan,0.0,0.0,
--headless --device cpu --params skill.STEP_WALK_MAX --reps 5 --skip-unsupported --foot-comp on --heading heading-only --swing-lift 80 --trace-npz outputs/lift/trace_walk80.npz --results-csv outputs/lift/lift.csv,,7,0,step_up,1,2.2321771815246803,,on,half-stance,0.0,0.0,0,0.0,4,4,heading-only,0.0,0,0.04,0,obstacle,0.12,15,skill.STEP_WALK_MAX,step_up_0p12,0,1,2026-09-01T08:26:40Z,goal,1,WALK,0.9999999999999982,0.0,879,80.0,1,nan,19.42057228088379,,off,nan,0.0,0.0,
--headless --device cpu --params skill.STEP_WALK_MAX --reps 5 --skip-unsupported --foot-comp on --heading heading-only --swing-lift 80 --trace-npz outputs/lift/trace_walk80.npz --results-csv outputs/lift/lift.csv,,7,0,step_up,1,2.246658216516913,,on,half-stance,0.0,0.0,0,0.0,4,4,heading-only,0.0,0,0.04,0,obstacle,0.14,15,skill.STEP_WALK_MAX,step_up_0p14,0,1,2026-09-01T08:26:40Z,goal,1,WALK,0.9999999999999964,0.0,879,80.0,1,nan,20.028789520263672,,off,nan,0.0,0.0,
--headless --device cpu --params skill.STEP_WALK_MAX --reps 5 --skip-unsupported --foot-comp on --heading heading-only --swing-lift 80 --trace-npz outputs/lift/trace_walk80.npz --results-csv outputs/lift/lift.csv,,7,0,step_up,1,2.2348461290805433,,on,half-stance,0.0,0.0,0,0.0,4,4,heading-only,0.0,0,0.04,0,obstacle,0.16,15,skill.STEP_WALK_MAX,step_up_0p16,0,1,2026-09-01T08:26:40Z,goal,1,WALK,1.0,0.0,879,80.0,1,nan,17.109012603759766,,off,nan,0.0,0.0,
--headless --device cpu --params skill.STEP_WALK_MAX --reps 5 --skip-unsupported --foot-comp on --heading heading-only --swing-lift 80 --trace-npz outputs/lift/trace_walk80.npz --results-csv outputs/lift/lift.csv,,7,0,step_up,1,2.1870158056604665,,on,half-stance,0.0,0.0,0,0.0,4,4,heading-only,0.0,0,0.04,0,obstacle,0.18,15,skill.STEP_WALK_MAX,step_up_0p18,0,1,2026-09-01T08:26:40Z,goal,1,WALK,1.0,0.0,879,80.0,1,nan,20.0384521484375,,off,nan,0.0,0.0,
--headless --device cpu --params skill.STEP_WALK_MAX --reps 5 --skip-unsupported --foot-comp on --heading heading-only --swing-lift 80 --trace-npz outputs/lift/trace_walk80.npz --results-csv outputs/lift/lift.csv,,7,0,step_up,1,2.2490175000012234,,on,half-stance,0.0,0.0,0,0.0,4,4,heading-only,0.0,0,0.04,0,obstacle,0.2,15,skill.STEP_WALK_MAX,step_up_0p20,0,1,2026-09-01T08:26:40Z,goal,1,WALK,0.9999999999999982,0.0,879,80.0,1,nan,20.00138282775879,,off,nan,0.0,0.0,
--headless --device cpu --params skill.STEP_WALK_MAX --reps 5 --skip-unsupported --foot-comp on --heading heading-only --swing-lift 80 --trace-npz outputs/lift/trace_walk80.npz --results-csv outputs/lift/lift.csv,,7,0,step_up,1,2.167407396203928,,on,half-stance,0.0,0.0,0,0.0,4,4,heading-only,0.0,0,0.04,0,obstacle,0.22,15,skill.STEP_WALK_MAX,step_up_0p22,0,1,2026-09-01T08:26:40Z,goal,1,WALK,0.9999999999999964,0.0,879,80.0,1,nan,17.963407516479492,,off,nan,0.0,0.0,
--headless --device cpu --params skill.STEP_WALK_MAX --reps 5 --skip-unsupported --foot-comp on --heading heading-only --swing-lift 80 --trace-npz outputs/lift/trace_walk80.npz --results-csv outputs/lift/lift.csv,,7,0,step_up,1,2.3537189163363004,,on,half-stance,0.0,0.0,0,0.0,4,4,heading-only,0.0,0,0.04,0,obstacle,0.24,15,skill.STEP_WALK_MAX,step_up_0p24,0,1,2026-09-01T08:26:40Z,goal,1,WALK,1.0,0.0,879,80.0,1,nan,22.1038875579834,,off,nan,0.0,0.0,
--headless --device cpu --params skill.STEP_WALK_MAX --reps 5 --skip-unsupported --foot-comp on --heading heading-only --swing-lift 80 --trace-npz outputs/lift/trace_walk80.npz --results-csv outputs/lift/lift.csv,,7,0,step_up,1,2.2582626352095465,,on,half-stance,0.0,0.0,0,0.0,4,4,heading-only,0.0,0,0.04,0,obstacle,0.26,15,skill.STEP_WALK_MAX,step_up_0p26,0,1,2026-09-01T08:26:40Z,goal,1,WALK,1.0,0.0,879,80.0,1,nan,22.492523193359375,,off,nan,0.0,0.0,
--headless --device cpu --params skill.STEP_WALK_MAX --reps 5 --skip-unsupported --foot-comp on --heading heading-only --swing-lift 80 --trace-npz outputs/lift/trace_walk80.npz --results-csv outputs/lift/lift.csv,,7,0,step_up,1,2.125542314096328,,on,half-stance,0.0,0.0,0,0.0,4,4,heading-only,0.0,0,0.04,0,obstacle,0.28,15,skill.STEP_WALK_MAX,step_up_0p28,0,1,2026-09-01T08:26:40Z,goal,1,WALK,0.9999999999999982,0.0,879,80.0,1,nan,16.9794864654541,,off,nan,0.0,0.0,
--headless --device cpu --params skill.STEP_WALK_MAX --reps 5 --skip-unsupported --foot-comp on --heading heading-only --swing-lift 80 --trace-npz outputs/lift/trace_walk80.npz --results-csv outputs/lift/lift.csv,,7,0,step_up,1,2.3500049990045815,,on,half-stance,0.0,0.0,0,0.0,4,4,heading-only,0.0,0,0.04,0,obstacle,0.3,15,skill.STEP_WALK_MAX,step_up_0p30,0,1,2026-09-01T08:26:40Z,goal,1,WALK,0.9999999999999964,0.0,879,80.0,1,nan,22.285444259643555,,off,nan,0.0,0.0,
--headless --device cpu --params skill.STEP_WALK_MAX --reps 5 --skip-unsupported --foot-comp on --heading heading-only --swing-lift 80 --trace-npz outputs/lift/trace_walk80.npz --results-csv outputs/lift/lift.csv,,15,0,step_up,1,3.8197161026356956,,on,half-stance,0.0,0.0,0,0.0,4,4,heading-only,0.0,0,0.04,0,obstacle,0.02,15,skill.STEP_WALK_MAX,step_up_0p02,0,2,2026-09-01T08:26:40Z,goal,1,WALK,1.0,0.0,108,80.0,1,nan,11.76229190826416,,off,nan,0.0,0.0,
--headless --device cpu --params skill.STEP_WALK_MAX --reps 5 --skip-unsupported --foot-comp on --heading heading-only --swing-lift 80 --trace-npz outputs/lift/trace_walk80.npz --results-csv outputs/lift/lift.csv,,15,0,step_up,1,3.781718763040346,,on,half-stance,0.0,0.0,0,0.0,4,4,heading-only,0.0,0,0.04,0,obstacle,0.04,15,skill.STEP_WALK_MAX,step_up_0p04,0,2,2026-09-01T08:26:40Z,goal,1,WALK,0.9999999999999982,0.0,108,80.0,1,nan,11.77126693725586,,off,nan,0.0,0.0,
--headless --device cpu --params skill.STEP_WALK_MAX --reps 5 --skip-unsupported --foot-comp on --heading heading-only --swing-lift 80 --trace-npz outputs/lift/trace_walk80.npz --results-csv outputs/lift/lift.csv,,15,0,step_up,1,3.747307821014427,,on,half-stance,0.0,0.0,0,0.0,4,4,heading-only,0.0,0,0.04,0,obstacle,0.06,15,skill.STEP_WALK_MAX,step_up_0p06,0,2,2026-09-01T08:26:40Z,goal,1,WALK,0.9999999999999964,0.0,108,80.0,1,nan,11.618023872375488,,off,nan,0.0,0.0,
--headless --device cpu --params skill.STEP_WALK_MAX --reps 5 --skip-unsupported --foot-comp on --heading heading-only --swing-lift 80 --trace-npz outputs/lift/trace_walk80.npz --results-csv outputs/lift/lift.csv,,15,0,step_up,1,3.8655457393859343,,on,half-stance,0.0,0.0,0,0.0,4,4,heading-only,0.0,0,0.04,0,obstacle,0.08,15,skill.STEP_WALK_MAX,step_up_0p08,0,2,2026-09-01T08:26:40Z,goal,1,WALK,1.0,0.0,108,80.0,1,nan,11.84003734588623,,off,nan,0.0,0.0,
--headless --device cpu --params skill.STEP_WALK_MAX --reps 5 --skip-unsupported --foot-comp on --heading heading-only --swing-lift 80 --trace-npz outputs/lift/trace_walk80.npz --results-csv outputs/lift/lift.csv,,15,0,step_up,1,3.755515708688128,,on,half-stance,0.0,0.0,0,0.0,4,4,heading-only,0.0,0,0.04,0,obstacle,0.1,15,skill.STEP_WALK_MAX,step_up_0p10,0,2,2026-09-01T08:26:40Z,goal,1,WALK,1.0,0.0,108,80.0,1,nan,11.73840045928955,,off,nan,0.0,0.0,
--headless --device cpu --params skill.STEP_WALK_MAX --reps 5 --skip-unsupported --foot-comp on --heading heading-only --swing-lift 80 --trace-npz outputs/lift/trace_walk80.npz --results-csv outputs/lift/lift.csv,,15,0,step_up,1,3.8939750992601176,,on,half-stance,0.0,0.0,0,0.0,4,4,heading-only,0.0,0,0.04,0,obstacle,0.12,15,skill.STEP_WALK_MAX,step_up_0p12,0,2,2026-09-01T08:26:40Z,goal,1,WALK,0.9999999999999982,0.0,108,80.0,1,nan,11.876444816589355,,off,nan,0.0,0.0,
--headless --device cpu --params skill.STEP_WALK_MAX --reps 5 --skip-unsupported --foot-comp on --heading heading-only --swing-lift 80 --trace-npz outputs/lift/trace_walk80.npz --results-csv outputs/lift/lift.csv,,15,0,step_up,1,3.8218214685569043,,on,half-stance,0.0,0.0,0,0.0,4,4,heading-only,0.0,0,0.04,0,obstacle,0.14,15,skill.STEP_WALK_MAX,step_up_0p14,0,2,2026-09-01T08:26:40Z,goal,1,WALK,0.9999999999999964,0.0,108,80.0,1,nan,11.815057754516602,,off,nan,0.0,0.0,
--headless --device cpu --params skill.STEP_WALK_MAX --reps 5 --skip-unsupported --foot-comp on --heading heading-only --swing-lift 80 --trace-npz outputs/lift/trace_walk80.npz --results-csv outputs/lift/lift.csv,,15,0,step_up,1,3.944340383638478,,on,half-stance,0.0,0.0,0,0.0,4,4,heading-only,0.0,0,0.04,0,obstacle,0.16,15,skill.STEP_WALK_MAX,step_up_0p16,0,2,2026-09-01T08:26:40Z,goal,1,WALK,1.0,0.0,108,80.0,1,nan,11.9334077835083,,off,nan,0.0,0.0,
--headless --device cpu --params skill.STEP_WALK_MAX --reps 5 --skip-unsupported --foot-comp on --heading heading-only --swing-lift 80 --trace-npz outputs/lift/trace_walk80.npz --results-csv outputs/lift/lift.csv,,15,0,step_up,1,3.823553965097024,,on,half-stance,0.0,0.0,0,0.0,4,4,heading-only,0.0,0,0.04,0,obstacle,0.18,15,skill.STEP_WALK_MAX,step_up_0p18,0,2,2026-09-01T08:26:40Z,goal,1,WALK,1.0,0.0,108,80.0,1,nan,12.976422309875488,,off,nan,0.0,0.0,
--headless --device cpu --params skill.STEP_WALK_MAX --reps 5 --skip-unsupported --foot-comp on --heading heading-only --swing-lift 80 --trace-npz outputs/lift/trace_walk80.npz --results-csv outputs/lift/lift.csv,,15,0,step_up,1,3.9478794595788647,,on,half-stance,0.0,0.0,0,0.0,4,4,heading-only,0.0,0,0.04,0,obstacle,0.2,15,skill.STEP_WALK_MAX,step_up_0p20,0,2,2026-09-01T08:26:40Z,goal,1,WALK,0.9999999999999982,0.0,108,80.0,1,nan,12.21946907043457,,off,nan,0.0,0.0,
--headless --device cpu --params skill.STEP_WALK_MAX --reps 5 --skip-unsupported --foot-comp on --heading heading-only --swing-lift 80 --trace-npz outputs/lift/trace_walk80.npz --results-csv outputs/lift/lift.csv,,15,0,step_up,1,3.8612188221922175,,on,half-stance,0.0,0.0,0,0.0,4,4,heading-only,0.0,0,0.04,0,obstacle,0.22,15,skill.STEP_WALK_MAX,step_up_0p22,0,2,2026-09-01T08:26:40Z,goal,1,WALK,0.9999999999999964,0.0,108,80.0,1,nan,12.347986221313477,,off,nan,0.0,0.0,
--headless --device cpu --params skill.STEP_WALK_MAX --reps 5 --skip-unsupported --foot-comp on --heading heading-only --swing-lift 80 --trace-npz outputs/lift/trace_walk80.npz --results-csv outputs/lift/lift.csv,,15,0,step_up,1,3.75549753614896,,on,half-stance,0.0,0.0,0,0.0,4,4,heading-only,0.0,0,0.04,0,obstacle,0.24,15,skill.STEP_WALK_MAX,step_up_0p24,0,2,2026-09-01T08:26:40Z,goal,1,WALK,1.0,0.0,108,80.0,1,nan,11.825701713562012,,off,nan,0.0,0.0,
--headless --device cpu --params skill.STEP_WALK_MAX --reps 5 --skip-unsupported --foot-comp on --heading heading-only --swing-lift 80 --trace-npz outputs/lift/trace_walk80.npz --results-csv outputs/lift/lift.csv,,15,0,step_up,1,3.7558440577114425,,on,half-stance,0.0,0.0,0,0.0,4,4,heading-only,0.0,0,0.04,0,obstacle,0.26,15,skill.STEP_WALK_MAX,step_up_0p26,0,2,2026-09-01T08:26:40Z,goal,1,WALK,1.0,0.0,108,80.0,1,nan,11.789104461669922,,off,nan,0.0,0.0,
--headless --device cpu --params skill.STEP_WALK_MAX --reps 5 --skip-unsupported --foot-comp on --heading heading-only --swing-lift 80 --trace-npz outputs/lift/trace_walk80.npz --results-csv outputs/lift/lift.csv,,15,0,step_up,1,3.952808238026481,,on,half-stance,0.0,0.0,0,0.0,4,4,heading-only,0.0,0,0.04,0,obstacle,0.28,15,skill.STEP_WALK_MAX,step_up_0p28,0,2,2026-09-01T08:26:40Z,goal,1,WALK,0.9999999999999982,0.0,108,80.0,1,nan,12.043818473815918,,off,nan,0.0,0.0,
--headless --device cpu --params skill.STEP_WALK_MAX --reps 5 --skip-unsupported --foot-comp on --heading heading-only --swing-lift 80 --trace-npz outputs/lift/trace_walk80.npz --results-csv outputs/lift/lift.csv,,15,0,step_up,1,3.814498795899205,,on,half-stance,0.0,0.0,0,0.0,4,4,heading-only,0.0,0,0.04,0,obstacle,0.3,15,skill.STEP_WALK_MAX,step_up_0p30,0,2,2026-09-01T08:26:40Z,goal,1,WALK,0.9999999999999964,0.0,108,80.0,1,nan,11.610846519470215,,off,nan,0.0,0.0,
--headless --device cpu --params skill.STEP_WALK_MAX --reps 5 --skip-unsupported --foot-comp on --heading heading-only --swing-lift 80 --trace-npz outputs/lift/trace_walk80.npz --results-csv outputs/lift/lift.csv,,22,0,step_up,1,3.7992788572052936,,on,half-stance,0.0,0.0,0,0.0,4,4,heading-only,0.0,0,0.04,0,obstacle,0.02,15,skill.STEP_WALK_MAX,step_up_0p02,0,3,2026-09-01T08:26:40Z,goal,1,WALK,1.0,0.0,630,80.0,1,nan,15.076932907104492,,off,nan,0.0,0.0,
--headless --device cpu --params skill.STEP_WALK_MAX --reps 5 --skip-unsupported --foot-comp on --heading heading-only --swing-lift 80 --trace-npz outputs/lift/trace_walk80.npz --results-csv outputs/lift/lift.csv,,22,0,step_up,1,3.653843873200875,,on,half-stance,0.0,0.0,0,0.0,4,4,heading-only,0.0,0,0.04,0,obstacle,0.04,15,skill.STEP_WALK_MAX,step_up_0p04,0,3,2026-09-01T08:26:40Z,goal,1,WALK,0.9999999999999982,0.0,630,80.0,1,nan,13.288569450378418,,off,nan,0.0,0.0,
--headless --device cpu --params skill.STEP_WALK_MAX --reps 5 --skip-unsupported --foot-comp on --heading heading-only --swing-lift 80 --trace-npz outputs/lift/trace_walk80.npz --results-csv outputs/lift/lift.csv,,22,0,step_up,1,3.6449674786977226,,on,half-stance,0.0,0.0,0,0.0,4,4,heading-only,0.0,0,0.04,0,obstacle,0.06,15,skill.STEP_WALK_MAX,step_up_0p06,0,3,2026-09-01T08:26:40Z,goal,1,WALK,0.9999999999999964,0.0,630,80.0,1,nan,13.272930145263672,,off,nan,0.0,0.0,
--headless --device cpu --params skill.STEP_WALK_MAX --reps 5 --skip-unsupported --foot-comp on --heading heading-only --swing-lift 80 --trace-npz outputs/lift/trace_walk80.npz --results-csv outputs/lift/lift.csv,,22,0,step_up,1,4.025511082117714,,on,half-stance,0.0,0.0,0,0.0,4,4,heading-only,0.0,0,0.04,0,obstacle,0.08,15,skill.STEP_WALK_MAX,step_up_0p08,0,3,2026-09-01T08:26:40Z,goal,1,WALK,1.0,0.0,630,80.0,1,nan,14.171989440917969,,off,nan,0.0,0.0,
--headless --device cpu --params skill.STEP_WALK_MAX --reps 5 --skip-unsupported --foot-comp on --heading heading-only --swing-lift 80 --trace-npz outputs/lift/trace_walk80.npz --results-csv outputs/lift/lift.csv,,22,0,step_up,1,4.098829853902824,,on,half-stance,0.0,0.0,0,0.0,4,4,heading-only,0.0,0,0.04,0,obstacle,0.1,15,skill.STEP_WALK_MAX,step_up_0p10,0,3,2026-09-01T08:26:40Z,goal,1,WALK,1.0,0.0,630,80.0,1,nan,18.019960403442383,,off,nan,0.0,0.0,
--headless --device cpu --params skill.STEP_WALK_MAX --reps 5 --skip-unsupported --foot-comp on --heading heading-only --swing-lift 80 --trace-npz outputs/lift/trace_walk80.npz --results-csv outputs/lift/lift.csv,,22,0,step_up,1,1.7229595787847123,,on,half-stance,0.0,0.0,0,0.0,4,4,heading-only,0.0,0,0.04,0,obstacle,0.12,15,skill.STEP_WALK_MAX,step_up_0p12,0,3,2026-09-01T08:26:40Z,goal,1,WALK,0.9999999999999982,0.0,630,80.0,1,nan,21.491069793701172,,off,nan,0.0,0.0,
--headless --device cpu --params skill.STEP_WALK_MAX --reps 5 --skip-unsupported --foot-comp on --heading heading-only --swing-lift 80 --trace-npz outputs/lift/trace_walk80.npz --results-csv outputs/lift/lift.csv,,22,0,step_up,1,3.609314653111094,,on,half-stance,0.0,0.0,0,0.0,4,4,heading-only,0.0,0,0.04,0,obstacle,0.14,15,skill.STEP_WALK_MAX,step_up_0p14,0,3,2026-09-01T08:26:40Z,goal,1,WALK,0.9999999999999964,0.0,630,80.0,1,nan,13.278489112854004,,off,nan,0.0,0.0,
--headless --device cpu --params skill.STEP_WALK_MAX --reps 5 --skip-unsupported --foot-comp on --heading heading-only --swing-lift 80 --trace-npz outputs/lift/trace_walk80.npz --results-csv outputs/lift/lift.csv,,22,0,step_up,1,3.8759399194065396,,on,half-stance,0.0,0.0,0,0.0,4,4,heading-only,0.0,0,0.04,0,obstacle,0.16,15,skill.STEP_WALK_MAX,step_up_0p16,0,3,2026-09-01T08:26:40Z,goal,1,WALK,1.0,0.0,630,80.0,1,nan,14.70742416381836,,off,nan,0.0,0.0,
--headless --device cpu --params skill.STEP_WALK_MAX --reps 5 --skip-unsupported --foot-comp on --heading heading-only --swing-lift 80 --trace-npz outputs/lift/trace_walk80.npz --results-csv outputs/lift/lift.csv,,22,0,step_up,1,3.6345239733825943,,on,half-stance,0.0,0.0,0,0.0,4,4,heading-only,0.0,0,0.04,0,obstacle,0.18,15,skill.STEP_WALK_MAX,step_up_0p18,0,3,2026-09-01T08:26:40Z,goal,1,WALK,1.0,0.0,630,80.0,1,nan,13.281664848327637,,off,nan,0.0,0.0,
--headless --device cpu --params skill.STEP_WALK_MAX --reps 5 --skip-unsupported --foot-comp on --heading heading-only --swing-lift 80 --trace-npz outputs/lift/trace_walk80.npz --results-csv outputs/lift/lift.csv,,22,0,step_up,1,3.8557883229299064,,on,half-stance,0.0,0.0,0,0.0,4,4,heading-only,0.0,0,0.04,0,obstacle,0.2,15,skill.STEP_WALK_MAX,step_up_0p20,0,3,2026-09-01T08:26:40Z,goal,1,WALK,0.9999999999999982,0.0,630,80.0,1,nan,15.396411895751953,,off,nan,0.0,0.0,
--headless --device cpu --params skill.STEP_WALK_MAX --reps 5 --skip-unsupported --foot-comp on --heading heading-only --swing-lift 80 --trace-npz outputs/lift/trace_walk80.npz --results-csv outputs/lift/lift.csv,,22,0,step_up,1,3.8067077013541013,,on,half-stance,0.0,0.0,0,0.0,4,4,heading-only,0.0,0,0.04,0,obstacle,0.22,15,skill.STEP_WALK_MAX,step_up_0p22,0,3,2026-09-01T08:26:40Z,goal,1,WALK,0.9999999999999964,0.0,630,80.0,1,nan,14.060770034790039,,off,nan,0.0,0.0,
--headless --device cpu --params skill.STEP_WALK_MAX --reps 5 --skip-unsupported --foot-comp on --heading heading-only --swing-lift 80 --trace-npz outputs/lift/trace_walk80.npz --results-csv outputs/lift/lift.csv,,22,0,step_up,1,3.5764752288317365,,on,half-stance,0.0,0.0,0,0.0,4,4,heading-only,0.0,0,0.04,0,obstacle,0.24,15,skill.STEP_WALK_MAX,step_up_0p24,0,3,2026-09-01T08:26:40Z,goal,1,WALK,1.0,0.0,630,80.0,1,nan,13.295794486999512,,off,nan,0.0,0.0,
--headless --device cpu --params skill.STEP_WALK_MAX --reps 5 --skip-unsupported --foot-comp on --heading heading-only --swing-lift 80 --trace-npz outputs/lift/trace_walk80.npz --results-csv outputs/lift/lift.csv,,22,0,step_up,1,3.8368827070953238,,on,half-stance,0.0,0.0,0,0.0,4,4,heading-only,0.0,0,0.04,0,obstacle,0.26,15,skill.STEP_WALK_MAX,step_up_0p26,0,3,2026-09-01T08:26:40Z,goal,1,WALK,1.0,0.0,630,80.0,1,nan,15.853407859802246,,off,nan,0.0,0.0,
--headless --device cpu --params skill.STEP_WALK_MAX --reps 5 --skip-unsupported --foot-comp on --heading heading-only --swing-lift 80 --trace-npz outputs/lift/trace_walk80.npz --results-csv outputs/lift/lift.csv,,22,0,step_up,1,3.913326528891394,,on,half-stance,0.0,0.0,0,0.0,4,4,heading-only,0.0,0,0.04,0,obstacle,0.28,15,skill.STEP_WALK_MAX,step_up_0p28,0,3,2026-09-01T08:26:40Z,goal,1,WALK,0.9999999999999982,0.0,630,80.0,1,nan,14.314608573913574,,off,nan,0.0,0.0,
--headless --device cpu --params skill.STEP_WALK_MAX --reps 5 --skip-unsupported --foot-comp on --heading heading-only --swing-lift 80 --trace-npz outputs/lift/trace_walk80.npz --results-csv outputs/lift/lift.csv,,22,0,step_up,1,3.918655193409882,,on,half-stance,0.0,0.0,0,0.0,4,4,heading-only,0.0,0,0.04,0,obstacle,0.3,15,skill.STEP_WALK_MAX,step_up_0p30,0,3,2026-09-01T08:26:40Z,goal,1,WALK,0.9999999999999964,0.0,630,80.0,1,nan,17.516969680786133,,off,nan,0.0,0.0,
--headless --device cpu --params skill.STEP_WALK_MAX --reps 5 --skip-unsupported --foot-comp on --heading heading-only --swing-lift 80 --trace-npz outputs/lift/trace_walk80.npz --results-csv outputs/lift/lift.csv,,30,0,step_up,1,3.6206118181277436,,on,half-stance,0.0,0.0,0,0.0,4,4,heading-only,0.0,0,0.04,0,obstacle,0.02,15,skill.STEP_WALK_MAX,step_up_0p02,0,4,2026-09-01T08:26:40Z,goal,1,WALK,1.0,0.0,659,80.0,1,nan,14.368977546691895,,off,nan,0.0,0.0,
--headless --device cpu --params skill.STEP_WALK_MAX --reps 5 --skip-unsupported --foot-comp on --heading heading-only --swing-lift 80 --trace-npz outputs/lift/trace_walk80.npz --results-csv outputs/lift/lift.csv,,30,0,step_up,1,3.552200816771945,,on,half-stance,0.0,0.0,0,0.0,4,4,heading-only,0.0,0,0.04,0,obstacle,0.04,15,skill.STEP_WALK_MAX,step_up_0p04,0,4,2026-09-01T08:26:40Z,goal,1,WALK,0.9999999999999982,0.0,659,80.0,1,nan,15.475075721740723,,off,nan,0.0,0.0,
--headless --device cpu --params skill.STEP_WALK_MAX --reps 5 --skip-unsupported --foot-comp on --heading heading-only --swing-lift 80 --trace-npz outputs/lift/trace_walk80.npz --results-csv outputs/lift/lift.csv,,30,0,step_up,1,3.841423467433113,,on,half-stance,0.0,0.0,0,0.0,4,4,heading-only,0.0,0,0.04,0,obstacle,0.06,15,skill.STEP_WALK_MAX,step_up_0p06,0,4,2026-09-01T08:26:40Z,goal,1,WALK,0.9999999999999964,0.0,659,80.0,1,nan,14.383377075195312,,off,nan,0.0,0.0,
--headless --device cpu --params skill.STEP_WALK_MAX --reps 5 --skip-unsupported --foot-comp on --heading heading-only --swing-lift 80 --trace-npz outputs/lift/trace_walk80.npz --results-csv outputs/lift/lift.csv,,30,0,step_up,1,3.576476845803336,,on,half-stance,0.0,0.0,0,0.0,4,4,heading-only,0.0,0,0.04,0,obstacle,0.08,15,skill.STEP_WALK_MAX,step_up_0p08,0,4,2026-09-01T08:26:40Z,goal,1,WALK,1.0,0.0,659,80.0,1,nan,14.406354904174805,,off,nan,0.0,0.0,
--headless --device cpu --params skill.STEP_WALK_MAX --reps 5 --skip-unsupported --foot-comp on --heading heading-only --swing-lift 80 --trace-npz outputs/lift/trace_walk80.npz --results-csv outputs/lift/lift.csv,,30,0,step_up,1,3.6234945381972206,,on,half-stance,0.0,0.0,0,0.0,4,4,heading-only,0.0,0,0.04,0,obstacle,0.1,15,skill.STEP_WALK_MAX,step_up_0p10,0,4,2026-09-01T08:26:40Z,goal,1,WALK,1.0,0.0,659,80.0,1,nan,14.41401481628418,,off,nan,0.0,0.0,
--headless --device cpu --params skill.STEP_WALK_MAX --reps 5 --skip-unsupported --foot-comp on --heading heading-only --swing-lift 80 --trace-npz outputs/lift/trace_walk80.npz --results-csv outputs/lift/lift.csv,,30,0,step_up,1,3.5795729159133782,,on,half-stance,0.0,0.0,0,0.0,4,4,heading-only,0.0,0,0.04,0,obstacle,0.12,15,skill.STEP_WALK_MAX,step_up_0p12,0,4,2026-09-01T08:26:40Z,goal,1,WALK,0.9999999999999982,0.0,659,80.0,1,nan,14.478178024291992,,off,nan,0.0,0.0,
--headless --device cpu --params skill.STEP_WALK_MAX --reps 5 --skip-unsupported --foot-comp on --heading heading-only --swing-lift 80 --trace-npz outputs/lift/trace_walk80.npz --results-csv outputs/lift/lift.csv,,30,0,step_up,1,3.839914438791627,,on,half-stance,0.0,0.0,0,0.0,4,4,heading-only,0.0,0,0.04,0,obstacle,0.14,15,skill.STEP_WALK_MAX,step_up_0p14,0,4,2026-09-01T08:26:40Z,goal,1,WALK,0.9999999999999964,0.0,659,80.0,1,nan,18.658876419067383,,off,nan,0.0,0.0,
--headless --device cpu --params skill.STEP_WALK_MAX --reps 5 --skip-unsupported --foot-comp on --heading heading-only --swing-lift 80 --trace-npz outputs/lift/trace_walk80.npz --results-csv outputs/lift/lift.csv,,30,0,step_up,1,3.5575845372859156,,on,half-stance,0.0,0.0,0,0.0,4,4,heading-only,0.0,0,0.04,0,obstacle,0.16,15,skill.STEP_WALK_MAX,step_up_0p16,0,4,2026-09-01T08:26:40Z,goal,1,WALK,1.0,0.0,659,80.0,1,nan,14.531923294067383,,off,nan,0.0,0.0,
--headless --device cpu --params skill.STEP_WALK_MAX --reps 5 --skip-unsupported --foot-comp on --heading heading-only --swing-lift 80 --trace-npz outputs/lift/trace_walk80.npz --results-csv outputs/lift/lift.csv,,30,0,step_up,1,3.6541578742294867,,on,half-stance,0.0,0.0,0,0.0,4,4,heading-only,0.0,0,0.04,0,obstacle,0.18,15,skill.STEP_WALK_MAX,step_up_0p18,0,4,2026-09-01T08:26:40Z,goal,1,WALK,1.0,0.0,659,80.0,1,nan,14.371129989624023,,off,nan,0.0,0.0,
--headless --device cpu --params skill.STEP_WALK_MAX --reps 5 --skip-unsupported --foot-comp on --heading heading-only --swing-lift 80 --trace-npz outputs/lift/trace_walk80.npz --results-csv outputs/lift/lift.csv,,30,0,step_up,1,3.544380444718372,,on,half-stance,0.0,0.0,0,0.0,4,4,heading-only,0.0,0,0.04,0,obstacle,0.2,15,skill.STEP_WALK_MAX,step_up_0p20,0,4,2026-09-01T08:26:40Z,goal,1,WALK,0.9999999999999982,0.0,659,80.0,1,nan,14.933770179748535,,off,nan,0.0,0.0,
--headless --device cpu --params skill.STEP_WALK_MAX --reps 5 --skip-unsupported --foot-comp on --heading heading-only --swing-lift 80 --trace-npz outputs/lift/trace_walk80.npz --results-csv outputs/lift/lift.csv,,30,0,step_up,1,3.5566768106220383,,on,half-stance,0.0,0.0,0,0.0,4,4,heading-only,0.0,0,0.04,0,obstacle,0.22,15,skill.STEP_WALK_MAX,step_up_0p22,0,4,2026-09-01T08:26:40Z,goal,1,WALK,0.9999999999999964,0.0,659,80.0,1,nan,14.454567909240723,,off,nan,0.0,0.0,
--headless --device cpu --params skill.STEP_WALK_MAX --reps 5 --skip-unsupported --foot-comp on --heading heading-only --swing-lift 80 --trace-npz outputs/lift/trace_walk80.npz --results-csv outputs/lift/lift.csv,,30,0,step_up,1,3.548912944488645,,on,half-stance,0.0,0.0,0,0.0,4,4,heading-only,0.0,0,0.04,0,obstacle,0.24,15,skill.STEP_WALK_MAX,step_up_0p24,0,4,2026-09-01T08:26:40Z,goal,1,WALK,1.0,0.0,659,80.0,1,nan,18.503944396972656,,off,nan,0.0,0.0,
--headless --device cpu --params skill.STEP_WALK_MAX --reps 5 --skip-unsupported --foot-comp on --heading heading-only --swing-lift 80 --trace-npz outputs/lift/trace_walk80.npz --results-csv outputs/lift/lift.csv,,30,0,step_up,1,3.6338202941420303,,on,half-stance,0.0,0.0,0,0.0,4,4,heading-only,0.0,0,0.04,0,obstacle,0.26,15,skill.STEP_WALK_MAX,step_up_0p26,0,4,2026-09-01T08:26:40Z,goal,1,WALK,1.0,0.0,659,80.0,1,nan,14.438018798828125,,off,nan,0.0,0.0,
--headless --device cpu --params skill.STEP_WALK_MAX --reps 5 --skip-unsupported --foot-comp on --heading heading-only --swing-lift 80 --trace-npz outputs/lift/trace_walk80.npz --results-csv outputs/lift/lift.csv,,30,0,step_up,1,3.5882491943044728,,on,half-stance,0.0,0.0,0,0.0,4,4,heading-only,0.0,0,0.04,0,obstacle,0.28,15,skill.STEP_WALK_MAX,step_up_0p28,0,4,2026-09-01T08:26:40Z,goal,1,WALK,0.9999999999999982,0.0,659,80.0,1,nan,16.041725158691406,,off,nan,0.0,0.0,
--headless --device cpu --params skill.STEP_WALK_MAX --reps 5 --skip-unsupported --foot-comp on --heading heading-only --swing-lift 80 --trace-npz outputs/lift/trace_walk80.npz --results-csv outputs/lift/lift.csv,,30,0,step_up,1,2.521834134766103,,on,half-stance,0.0,0.0,0,0.0,4,4,heading-only,0.0,0,0.04,0,obstacle,0.3,15,skill.STEP_WALK_MAX,step_up_0p30,0,4,2026-09-01T08:26:40Z,goal,1,WALK,0.9999999999999964,0.0,659,80.0,1,nan,20.128427505493164,,off,nan,0.0,0.0,
--headless --device cpu --params skill.STEP_WALK_MAX --reps 5 --skip-unsupported --foot-comp on --heading heading-only --swing-lift 40 --trace-npz outputs/lift/trace_walk40.npz --results-csv outputs/lift/lift.csv,,0,0,step_up,1,3.242019432946649,,on,half-stance,0.0,0.0,0,0.0,4,4,heading-only,0.0,0,0.04,0,obstacle,0.02,15,skill.STEP_WALK_MAX,step_up_0p02,0,0,2026-09-01T08:26:40Z,goal,1,WALK,1.0,0.0,1273,40.0,1,nan,12.103405952453613,,off,nan,0.0,0.0,
--headless --device cpu --params skill.STEP_WALK_MAX --reps 5 --skip-unsupported --foot-comp on --heading heading-only --swing-lift 40 --trace-npz outputs/lift/trace_walk40.npz --results-csv outputs/lift/lift.csv,,0,0,step_up,1,1.0954663955845898,,on,half-stance,0.0,0.0,0,0.0,4,4,heading-only,0.0,0,0.04,0,obstacle,0.04,15,skill.STEP_WALK_MAX,step_up_0p04,0,0,2026-09-01T08:26:40Z,goal,1,WALK,0.9999999999999982,0.0,1273,40.0,1,nan,15.312166213989258,,off,nan,0.0,0.0,
--headless --device cpu --params skill.STEP_WALK_MAX --reps 5 --skip-unsupported --foot-comp on --heading heading-only --swing-lift 40 --trace-npz outputs/lift/trace_walk40.npz --results-csv outputs/lift/lift.csv,,0,0,step_up,1,1.0781488534555284,,on,half-stance,0.0,0.0,0,0.0,4,4,heading-only,0.0,0,0.04,0,obstacle,0.06,15,skill.STEP_WALK_MAX,step_up_0p06,0,0,2026-09-01T08:26:40Z,goal,1,WALK,0.9999999999999964,0.0,1273,40.0,1,nan,15.396002769470215,,off,nan,0.0,0.0,
--headless --device cpu --params skill.STEP_WALK_MAX --reps 5 --skip-unsupported --foot-comp on --heading heading-only --swing-lift 40 --trace-npz outputs/lift/trace_walk40.npz --results-csv outputs/lift/lift.csv,,0,0,step_up,1,1.1329466204355962,,on,half-stance,0.0,0.0,0,0.0,4,4,heading-only,0.0,0,0.04,0,obstacle,0.08,15,skill.STEP_WALK_MAX,step_up_0p08,0,0,2026-09-01T08:26:40Z,goal,1,WALK,1.0,0.0,1273,40.0,1,nan,17.2882137298584,,off,nan,0.0,0.0,
--headless --device cpu --params skill.STEP_WALK_MAX --reps 5 --skip-unsupported --foot-comp on --heading heading-only --swing-lift 40 --trace-npz outputs/lift/trace_walk40.npz --results-csv outputs/lift/lift.csv,,0,0,step_up,1,1.9130145111889076,,on,half-stance,0.0,0.0,0,0.0,4,4,heading-only,0.0,0,0.04,0,obstacle,0.1,15,skill.STEP_WALK_MAX,step_up_0p10,0,0,2026-09-01T08:26:40Z,goal,1,WALK,1.0,0.0,1273,40.0,1,nan,16.610719680786133,,off,nan,0.0,0.0,
--headless --device cpu --params skill.STEP_WALK_MAX --reps 5 --skip-unsupported --foot-comp on --heading heading-only --swing-lift 40 --trace-npz outputs/lift/trace_walk40.npz --results-csv outputs/lift/lift.csv,,0,0,step_up,1,1.1586155646777667,,on,half-stance,0.0,0.0,0,0.0,4,4,heading-only,0.0,0,0.04,0,obstacle,0.12,15,skill.STEP_WALK_MAX,step_up_0p12,0,0,2026-09-01T08:26:40Z,goal,1,WALK,0.9999999999999982,0.0,1273,40.0,1,nan,14.67861270904541,,off,nan,0.0,0.0,
--headless --device cpu --params skill.STEP_WALK_MAX --reps 5 --skip-unsupported --foot-comp on --heading heading-only --swing-lift 40 --trace-npz outputs/lift/trace_walk40.npz --results-csv outputs/lift/lift.csv,,0,0,step_up,1,1.8411492248569106,,on,half-stance,0.0,0.0,0,0.0,4,4,heading-only,0.0,0,0.04,0,obstacle,0.14,15,skill.STEP_WALK_MAX,step_up_0p14,0,0,2026-09-01T08:26:40Z,goal,1,WALK,0.9999999999999964,0.0,1273,40.0,1,nan,17.561094284057617,,off,nan,0.0,0.0,
--headless --device cpu --params skill.STEP_WALK_MAX --reps 5 --skip-unsupported --foot-comp on --heading heading-only --swing-lift 40 --trace-npz outputs/lift/trace_walk40.npz --results-csv outputs/lift/lift.csv,,0,0,step_up,1,1.917493014448689,,on,half-stance,0.0,0.0,0,0.0,4,4,heading-only,0.0,0,0.04,0,obstacle,0.16,15,skill.STEP_WALK_MAX,step_up_0p16,0,0,2026-09-01T08:26:40Z,goal,1,WALK,1.0,0.0,1273,40.0,1,nan,13.684276580810547,,off,nan,0.0,0.0,
--headless --device cpu --params skill.STEP_WALK_MAX --reps 5 --skip-unsupported --foot-comp on --heading heading-only --swing-lift 40 --trace-npz outputs/lift/trace_walk40.npz --results-csv outputs/lift/lift.csv,,0,0,step_up,1,1.4964791869316887,,on,half-stance,0.0,0.0,0,0.0,4,4,heading-only,0.0,0,0.04,0,obstacle,0.18,15,skill.STEP_WALK_MAX,step_up_0p18,0,0,2026-09-01T08:26:40Z,goal,1,WALK,1.0,0.0,1273,40.0,1,nan,12.105388641357422,,off,nan,0.0,0.0,
--headless --device cpu --params skill.STEP_WALK_MAX --reps 5 --skip-unsupported --foot-comp on --heading heading-only --swing-lift 40 --trace-npz outputs/lift/trace_walk40.npz --results-csv outputs/lift/lift.csv,,0,0,step_up,1,1.7925522133682854,,on,half-stance,0.0,0.0,0,0.0,4,4,heading-only,0.0,0,0.04,0,obstacle,0.2,15,skill.STEP_WALK_MAX,step_up_0p20,0,0,2026-09-01T08:26:40Z,goal,1,WALK,0.9999999999999982,0.0,1273,40.0,1,nan,17.674968719482422,,off,nan,0.0,0.0,
--headless --device cpu --params skill.STEP_WALK_MAX --reps 5 --skip-unsupported --foot-comp on --heading heading-only --swing-lift 40 --trace-npz outputs/lift/trace_walk40.npz --results-csv outputs/lift/lift.csv,,0,0,step_up,1,1.4350710897732695,,on,half-stance,0.0,0.0,0,0.0,4,4,heading-only,0.0,0,0.04,0,obstacle,0.22,15,skill.STEP_WALK_MAX,step_up_0p22,0,0,2026-09-01T08:26:40Z,goal,1,WALK,0.9999999999999964,0.0,1273,40.0,1,nan,13.913554191589355,,off,nan,0.0,0.0,
--headless --device cpu --params skill.STEP_WALK_MAX --reps 5 --skip-unsupported --foot-comp on --heading heading-only --swing-lift 40 --trace-npz outputs/lift/trace_walk40.npz --results-csv outputs/lift/lift.csv,,0,0,step_up,1,1.8550532382283975,,on,half-stance,0.0,0.0,0,0.0,4,4,heading-only,0.0,0,0.04,0,obstacle,0.24,15,skill.STEP_WALK_MAX,step_up_0p24,0,0,2026-09-01T08:26:40Z,goal,1,WALK,1.0,0.0,1273,40.0,1,nan,21.40891456604004,,off,nan,0.0,0.0,
--headless --device cpu --params skill.STEP_WALK_MAX --reps 5 --skip-unsupported --foot-comp on --heading heading-only --swing-lift 40 --trace-npz outputs/lift/trace_walk40.npz --results-csv outputs/lift/lift.csv,,0,0,step_up,1,1.7739220721092321,,on,half-stance,0.0,0.0,0,0.0,4,4,heading-only,0.0,0,0.04,0,obstacle,0.26,15,skill.STEP_WALK_MAX,step_up_0p26,0,0,2026-09-01T08:26:40Z,goal,1,WALK,1.0,0.0,1273,40.0,1,nan,14.1160888671875,,off,nan,0.0,0.0,
--headless --device cpu --params skill.STEP_WALK_MAX --reps 5 --skip-unsupported --foot-comp on --heading heading-only --swing-lift 40 --trace-npz outputs/lift/trace_walk40.npz --results-csv outputs/lift/lift.csv,,0,0,step_up,1,1.6874241058938095,,on,half-stance,0.0,0.0,0,0.0,4,4,heading-only,0.0,0,0.04,0,obstacle,0.28,15,skill.STEP_WALK_MAX,step_up_0p28,0,0,2026-09-01T08:26:40Z,goal,1,WALK,0.9999999999999982,0.0,1273,40.0,1,nan,12.5380277633667,,off,nan,0.0,0.0,
--headless --device cpu --params skill.STEP_WALK_MAX --reps 5 --skip-unsupported --foot-comp on --heading heading-only --swing-lift 40 --trace-npz outputs/lift/trace_walk40.npz --results-csv outputs/lift/lift.csv,,0,0,step_up,1,1.935439568597862,,on,half-stance,0.0,0.0,0,0.0,4,4,heading-only,0.0,0,0.04,0,obstacle,0.3,15,skill.STEP_WALK_MAX,step_up_0p30,0,0,2026-09-01T08:26:40Z,goal,1,WALK,0.9999999999999964,0.0,1273,40.0,1,nan,22.963022232055664,,off,nan,0.0,0.0,
--headless --device cpu --params skill.STEP_WALK_MAX --reps 5 --skip-unsupported --foot-comp on --heading heading-only --swing-lift 40 --trace-npz outputs/lift/trace_walk40.npz --results-csv outputs/lift/lift.csv,,7,0,step_up,1,3.286099555215127,,on,half-stance,0.0,0.0,0,0.0,4,4,heading-only,0.0,0,0.04,0,obstacle,0.02,15,skill.STEP_WALK_MAX,step_up_0p02,0,1,2026-09-01T08:26:40Z,goal,1,WALK,1.0,0.0,1280,40.0,1,nan,14.739989280700684,,off,nan,0.0,0.0,
--headless --device cpu --params skill.STEP_WALK_MAX --reps 5 --skip-unsupported --foot-comp on --heading heading-only --swing-lift 40 --trace-npz outputs/lift/trace_walk40.npz --results-csv outputs/lift/lift.csv,,7,0,step_up,1,0.9540959501036743,,on,half-stance,0.0,0.0,0,0.0,4,4,heading-only,0.0,0,0.04,0,obstacle,0.04,15,skill.STEP_WALK_MAX,step_up_0p04,0,1,2026-09-01T08:26:40Z,goal,1,WALK,0.9999999999999982,0.0,1280,40.0,1,nan,13.526503562927246,,off,nan,0.0,0.0,
--headless --device cpu --params skill.STEP_WALK_MAX --reps 5 --skip-unsupported --foot-comp on --heading heading-only --swing-lift 40 --trace-npz outputs/lift/trace_walk40.npz --results-csv outputs/lift/lift.csv,,7,0,step_up,1,1.0592082223077246,,on,half-stance,0.0,0.0,0,0.0,4,4,heading-only,0.0,0,0.04,0,obstacle,0.06,15,skill.STEP_WALK_MAX,step_up_0p06,0,1,2026-09-01T08:26:40Z,goal,1,WALK,0.9999999999999964,0.0,1280,40.0,1,nan,15.006098747253418,,off,nan,0.0,0.0,
--headless --device cpu --params skill.STEP_WALK_MAX --reps 5 --skip-unsupported --foot-comp on --heading heading-only --swing-lift 40 --trace-npz outputs/lift/trace_walk40.npz --results-csv outputs/lift/lift.csv,,7,0,step_up,1,1.7426621383769896,,on,half-stance,0.0,0.0,0,0.0,4,4,heading-only,0.0,0,0.04,0,obstacle,0.08,15,skill.STEP_WALK_MAX,step_up_0p08,0,1,2026-09-01T08:26:40Z,goal,1,WALK,1.0,0.0,1280,40.0,1,nan,17.18669319152832,,off,nan,0.0,0.0,
--headless --device cpu --params skill.STEP_WALK_MAX --reps 5 --skip-unsupported --foot-comp on --heading heading-only --swing-lift 40 --trace-npz outputs/lift/trace_walk40.npz --results-csv outputs/lift/lift.csv,,7,0,step_up,1,1.7875120601921168,,on,half-stance,0.0,0.0,0,0.0,4,4,heading-only,0.0,0,0.04,0,obstacle,0.1,15,skill.STEP_WALK_MAX,step_up_0p10,0,1,2026-09-01T08:26:40Z,goal,1,WALK,1.0,0.0,1280,40.0,1,nan,22.13420295715332,,off,nan,0.0,0.0,
--headless --device cpu --params skill.STEP_WALK_MAX --reps 5 --skip-unsupported --foot-comp on --heading heading-only --swing-lift 40 --trace-npz outputs/lift/trace_walk40.npz --results-csv outputs/lift/lift.csv,,7,0,step_up,1,1.8493928425006783,,on,half-stance,0.0,0.0,0,0.0,4,4,heading-only,0.0,0,0.04,0,obstacle,0.12,15,skill.STEP_WALK_MAX,step_up_0p12,0,1,2026-09-01T08:26:40Z,goal,1,WALK,0.9999999999999982,0.0,1280,40.0,1,nan,21.39484405517578,,off,nan,0.0,0.0,
--headless --device cpu --params skill.STEP_WALK_MAX --reps 5 --skip-unsupported --foot-comp on --heading heading-only --swing-lift 40 --trace-npz outputs/lift/trace_walk40.npz --results-csv outputs/lift/lift.csv,,7,0,step_up,1,1.892081093551652,,on,half-stance,0.0,0.0,0,0.0,4,4,heading-only,0.0,0,0.04,0,obstacle,0.14,15,skill.STEP_WALK_MAX,step_up_0p14,0,1,2026-09-01T08:26:40Z,goal,1,WALK,0.9999999999999964,0.0,1280,40.0,1,nan,12.863980293273926,,off,nan,0.0,0.0,
--headless --device cpu --params skill.STEP_WALK_MAX --reps 5 --skip-unsupported --foot-comp on --heading heading-only --swing-lift 40 --trace-npz outputs/lift/trace_walk40.npz --results-csv outputs/lift/lift.csv,,7,0,step_up,1,1.9058449967663493,,on,half-stance,0.0,0.0,0,0.0,4,4,heading-only,0.0,0,0.04,0,obstacle,0.16,15,skill.STEP_WALK_MAX,step_up_0p16,0,1,2026-09-01T08:26:40Z,goal,1,WALK,1.0,0.0,1280,40.0,1,nan,14.333635330200195,,off,nan,0.0,0.0,
--headless --device cpu --params skill.STEP_WALK_MAX --reps 5 --skip-unsupported --foot-comp on --heading heading-only --swing-lift 40 --trace-npz outputs/lift/trace_walk40.npz --results-csv outputs/lift/lift.csv,,7,0,step_up,1,1.9532069324820662,,on,half-stance,0.0,0.0,0,0.0,4,4,heading-only,0.0,0,0.04,0,obstacle,0.18,15,skill.STEP_WALK_MAX,step_up_0p18,0,1,2026-09-01T08:26:40Z,goal,1,WALK,1.0,0.0,1280,40.0,1,nan,22.868833541870117,,off,nan,0.0,0.0,
--headless --device cpu --params skill.STEP_WALK_MAX --reps 5 --skip-unsupported --foot-comp on --heading heading-only --swing-lift 40 --trace-npz outputs/lift/trace_walk40.npz --results-csv outputs/lift/lift.csv,,7,0,step_up,1,1.8549903892556707,,on,half-stance,0.0,0.0,0,0.0,4,4,heading-only,0.0,0,0.04,0,obstacle,0.2,15,skill.STEP_WALK_MAX,step_up_0p20,0,1,2026-09-01T08:26:40Z,goal,1,WALK,0.9999999999999982,0.0,1280,40.0,1,nan,13.942817687988281,,off,nan,0.0,0.0,
--headless --device cpu --params skill.STEP_WALK_MAX --reps 5 --skip-unsupported --foot-comp on --heading heading-only --swing-lift 40 --trace-npz outputs/lift/trace_walk40.npz --results-csv outputs/lift/lift.csv,,7,0,step_up,1,1.9006683783786866,,on,half-stance,0.0,0.0,0,0.0,4,4,heading-only,0.0,0,0.04,0,obstacle,0.22,15,skill.STEP_WALK_MAX,step_up_0p22,0,1,2026-09-01T08:26:40Z,goal,1,WALK,0.9999999999999964,0.0,1280,40.0,1,nan,17.943986892700195,,off,nan,0.0,0.0,
--headless --device cpu --params skill.STEP_WALK_MAX --reps 5 --skip-unsupported --foot-comp on --heading heading-only --swing-lift 40 --trace-npz outputs/lift/trace_walk40.npz --results-csv outputs/lift/lift.csv,,7,0,step_up,1,1.3847737303445866,,on,half-stance,0.0,0.0,0,0.0,4,4,heading-only,0.0,0,0.04,0,obstacle,0.24,15,skill.STEP_WALK_MAX,step_up_0p24,0,1,2026-09-01T08:26:40Z,goal,1,WALK,1.0,0.0,1280,40.0,1,nan,12.340057373046875,,off,nan,0.0,0.0,
--headless --device cpu --params skill.STEP_WALK_MAX --reps 5 --skip-unsupported --foot-comp on --heading heading-only --swing-lift 40 --trace-npz outputs/lift/trace_walk40.npz --results-csv outputs/lift/lift.csv,,7,0,step_up,1,1.927372329259096,,on,half-stance,0.0,0.0,0,0.0,4,4,heading-only,0.0,0,0.04,0,obstacle,0.26,15,skill.STEP_WALK_MAX,step_up_0p26,0,1,2026-09-01T08:26:40Z,goal,1,WALK,1.0,0.0,1280,40.0,1,nan,12.86862850189209,,off,nan,0.0,0.0,
--headless --device cpu --params skill.STEP_WALK_MAX --reps 5 --skip-unsupported --foot-comp on --heading heading-only --swing-lift 40 --trace-npz outputs/lift/trace_walk40.npz --results-csv outputs/lift/lift.csv,,7,0,step_up,1,1.8974953166146493,,on,half-stance,0.0,0.0,0,0.0,4,4,heading-only,0.0,0,0.04,0,obstacle,0.28,15,skill.STEP_WALK_MAX,step_up_0p28,0,1,2026-09-01T08:26:40Z,goal,1,WALK,0.9999999999999982,0.0,1280,40.0,1,nan,21.533803939819336,,off,nan,0.0,0.0,
--headless --device cpu --params skill.STEP_WALK_MAX --reps 5 --skip-unsupported --foot-comp on --heading heading-only --swing-lift 40 --trace-npz outputs/lift/trace_walk40.npz --results-csv outputs/lift/lift.csv,,7,0,step_up,1,1.9737811529306244,,on,half-stance,0.0,0.0,0,0.0,4,4,heading-only,0.0,0,0.04,0,obstacle,0.3,15,skill.STEP_WALK_MAX,step_up_0p30,0,1,2026-09-01T08:26:40Z,goal,1,WALK,0.9999999999999964,0.0,1280,40.0,1,nan,22.186481475830078,,off,nan,0.0,0.0,
--headless --device cpu --params skill.STEP_WALK_MAX --reps 5 --skip-unsupported --foot-comp on --heading heading-only --swing-lift 40 --trace-npz outputs/lift/trace_walk40.npz --results-csv outputs/lift/lift.csv,,15,0,step_up,1,3.0973569188721912,,on,half-stance,0.0,0.0,0,0.0,4,4,heading-only,0.0,0,0.04,0,obstacle,0.02,15,skill.STEP_WALK_MAX,step_up_0p02,1,2,2026-09-01T08:26:40Z,goal,1,WALK,1.0,0.0,1259,40.0,1,14.32,10.16244125366211,,off,nan,0.0,0.0,
--headless --device cpu --params skill.STEP_WALK_MAX --reps 5 --skip-unsupported --foot-comp on --heading heading-only --swing-lift 40 --trace-npz outputs/lift/trace_walk40.npz --results-csv outputs/lift/lift.csv,,15,0,step_up,1,1.3298474446477009,,on,half-stance,0.0,0.0,0,0.0,4,4,heading-only,0.0,0,0.04,0,obstacle,0.04,15,skill.STEP_WALK_MAX,step_up_0p04,0,2,2026-09-01T08:26:40Z,goal,1,WALK,0.9999999999999982,0.0,1259,40.0,1,nan,13.650083541870117,,off,nan,0.0,0.0,
--headless --device cpu --params skill.STEP_WALK_MAX --reps 5 --skip-unsupported --foot-comp on --heading heading-only --swing-lift 40 --trace-npz outputs/lift/trace_walk40.npz --results-csv outputs/lift/lift.csv,,15,0,step_up,1,1.966398058307728,,on,half-stance,0.0,0.0,0,0.0,4,4,heading-only,0.0,0,0.04,0,obstacle,0.06,15,skill.STEP_WALK_MAX,step_up_0p06,0,2,2026-09-01T08:26:40Z,goal,1,WALK,0.9999999999999964,0.0,1259,40.0,1,nan,18.423614501953125,,off,nan,0.0,0.0,
--headless --device cpu --params skill.STEP_WALK_MAX --reps 5 --skip-unsupported --foot-comp on --heading heading-only --swing-lift 40 --trace-npz outputs/lift/trace_walk40.npz --results-csv outputs/lift/lift.csv,,15,0,step_up,1,1.7574466370957387,,on,half-stance,0.0,0.0,0,0.0,4,4,heading-only,0.0,0,0.04,0,obstacle,0.08,15,skill.STEP_WALK_MAX,step_up_0p08,0,2,2026-09-01T08:26:40Z,goal,1,WALK,1.0,0.0,1259,40.0,1,nan,17.96493911743164,,off,nan,0.0,0.0,
--headless --device cpu --params skill.STEP_WALK_MAX --reps 5 --skip-unsupported --foot-comp on --heading heading-only --swing-lift 40 --trace-npz outputs/lift/trace_walk40.npz --results-csv outputs/lift/lift.csv,,15,0,step_up,1,1.646698438373743,,on,half-stance,0.0,0.0,0,0.0,4,4,heading-only,0.0,0,0.04,0,obstacle,0.1,15,skill.STEP_WALK_MAX,step_up_0p10,0,2,2026-09-01T08:26:40Z,goal,1,WALK,1.0,0.0,1259,40.0,1,nan,15.987944602966309,,off,nan,0.0,0.0,
--headless --device cpu --params skill.STEP_WALK_MAX --reps 5 --skip-unsupported --foot-comp on --heading heading-only --swing-lift 40 --trace-npz outputs/lift/trace_walk40.npz --results-csv outputs/lift/lift.csv,,15,0,step_up,1,1.5245605334920158,,on,half-stance,0.0,0.0,0,0.0,4,4,heading-only,0.0,0,0.04,0,obstacle,0.12,15,skill.STEP_WALK_MAX,step_up_0p12,0,2,2026-09-01T08:26:40Z,goal,1,WALK,0.9999999999999982,0.0,1259,40.0,1,nan,21.580493927001953,,off,nan,0.0,0.0,
--headless --device cpu --params skill.STEP_WALK_MAX --reps 5 --skip-unsupported --foot-comp on --heading heading-only --swing-lift 40 --trace-npz outputs/lift/trace_walk40.npz --results-csv outputs/lift/lift.csv,,15,0,step_up,1,1.5336455979276178,,on,half-stance,0.0,0.0,0,0.0,4,4,heading-only,0.0,0,0.04,0,obstacle,0.14,15,skill.STEP_WALK_MAX,step_up_0p14,0,2,2026-09-01T08:26:40Z,goal,1,WALK,0.9999999999999964,0.0,1259,40.0,1,nan,15.202681541442871,,off,nan,0.0,0.0,
--headless --device cpu --params skill.STEP_WALK_MAX --reps 5 --skip-unsupported --foot-comp on --heading heading-only --swing-lift 40 --trace-npz outputs/lift/trace_walk40.npz --results-csv outputs/lift/lift.csv,,15,0,step_up,1,1.7591450090201974,,on,half-stance,0.0,0.0,0,0.0,4,4,heading-only,0.0,0,0.04,0,obstacle,0.16,15,skill.STEP_WALK_MAX,step_up_0p16,0,2,2026-09-01T08:26:40Z,goal,1,WALK,1.0,0.0,1259,40.0,1,nan,22.57993507385254,,off,nan,0.0,0.0,
--headless --device cpu --params skill.STEP_WALK_MAX --reps 5 --skip-unsupported --foot-comp on --heading heading-only --swing-lift 40 --trace-npz outputs/lift/trace_walk40.npz --results-csv outputs/lift/lift.csv,,15,0,step_up,1,1.744316149556231,,on,half-stance,0.0,0.0,0,0.0,4,4,heading-only,0.0,0,0.04,0,obstacle,0.18,15,skill.STEP_WALK_MAX,step_up_0p18,0,2,2026-09-01T08:26:40Z,goal,1,WALK,1.0,0.0,1259,40.0,1,nan,13.943075180053711,,off,nan,0.0,0.0,
--headless --device cpu --params skill.STEP_WALK_MAX --reps 5 --skip-unsupported --foot-comp on --heading heading-only --swing-lift 40 --trace-npz outputs/lift/trace_walk40.npz --results-csv outputs/lift/lift.csv,,15,0,step_up,1,1.7750133975954352,,on,half-stance,0.0,0.0,0,0.0,4,4,heading-only,0.0,0,0.04,0,obstacle,0.2,15,skill.STEP_WALK_MAX,step_up_0p20,0,2,2026-09-01T08:26:40Z,goal,1,WALK,0.9999999999999982,0.0,1259,40.0,1,nan,19.439912796020508,,off,nan,0.0,0.0,
--headless --device cpu --params skill.STEP_WALK_MAX --reps 5 --skip-unsupported --foot-comp on --heading heading-only --swing-lift 40 --trace-npz outputs/lift/trace_walk40.npz --results-csv outputs/lift/lift.csv,,15,0,step_up,1,1.7435595511030713,,on,half-stance,0.0,0.0,0,0.0,4,4,heading-only,0.0,0,0.04,0,obstacle,0.22,15,skill.STEP_WALK_MAX,step_up_0p22,0,2,2026-09-01T08:26:40Z,goal,1,WALK,0.9999999999999964,0.0,1259,40.0,1,nan,13.92307186126709,,off,nan,0.0,0.0,
--headless --device cpu --params skill.STEP_WALK_MAX --reps 5 --skip-unsupported --foot-comp on --heading heading-only --swing-lift 40 --trace-npz outputs/lift/trace_walk40.npz --results-csv outputs/lift/lift.csv,,15,0,step_up,1,1.7276203619090793,,on,half-stance,0.0,0.0,0,0.0,4,4,heading-only,0.0,0,0.04,0,obstacle,0.24,15,skill.STEP_WALK_MAX,step_up_0p24,0,2,2026-09-01T08:26:40Z,goal,1,WALK,1.0,0.0,1259,40.0,1,nan,13.877056121826172,,off,nan,0.0,0.0,
--headless --device cpu --params skill.STEP_WALK_MAX --reps 5 --skip-unsupported --foot-comp on --heading heading-only --swing-lift 40 --trace-npz outputs/lift/trace_walk40.npz --results-csv outputs/lift/lift.csv,,15,0,step_up,1,1.7809537682807883,,on,half-stance,0.0,0.0,0,0.0,4,4,heading-only,0.0,0,0.04,0,obstacle,0.26,15,skill.STEP_WALK_MAX,step_up_0p26,0,2,2026-09-01T08:26:40Z,goal,1,WALK,1.0,0.0,1259,40.0,1,nan,20.590896606445312,,off,nan,0.0,0.0,
--headless --device cpu --params skill.STEP_WALK_MAX --reps 5 --skip-unsupported --foot-comp on --heading heading-only --swing-lift 40 --trace-npz outputs/lift/trace_walk40.npz --results-csv outputs/lift/lift.csv,,15,0,step_up,1,1.8632756678370264,,on,half-stance,0.0,0.0,0,0.0,4,4,heading-only,0.0,0,0.04,0,obstacle,0.28,15,skill.STEP_WALK_MAX,step_up_0p28,0,2,2026-09-01T08:26:40Z,goal,1,WALK,0.9999999999999982,0.0,1259,40.0,1,nan,17.204647064208984,,off,nan,0.0,0.0,
--headless --device cpu --params skill.STEP_WALK_MAX --reps 5 --skip-unsupported --foot-comp on --heading heading-only --swing-lift 40 --trace-npz outputs/lift/trace_walk40.npz --results-csv outputs/lift/lift.csv,,15,0,step_up,1,1.7042090477111627,,on,half-stance,0.0,0.0,0,0.0,4,4,heading-only,0.0,0,0.04,0,obstacle,0.3,15,skill.STEP_WALK_MAX,step_up_0p30,0,2,2026-09-01T08:26:40Z,goal,1,WALK,0.9999999999999964,0.0,1259,40.0,1,nan,10.980462074279785,,off,nan,0.0,0.0,
--headless --device cpu --params skill.STEP_WALK_MAX --reps 5 --skip-unsupported --foot-comp on --heading heading-only --swing-lift 40 --trace-npz outputs/lift/trace_walk40.npz --results-csv outputs/lift/lift.csv,,22,0,step_up,1,3.132657895585591,,on,half-stance,0.0,0.0,0,0.0,4,4,heading-only,0.0,0,0.04,0,obstacle,0.02,15,skill.STEP_WALK_MAX,step_up_0p02,1,3,2026-09-01T08:26:40Z,goal,1,WALK,1.0,0.0,1271,40.0,1,13.96,12.464202880859375,,off,nan,0.0,0.0,
--headless --device cpu --params skill.STEP_WALK_MAX --reps 5 --skip-unsupported --foot-comp on --heading heading-only --swing-lift 40 --trace-npz outputs/lift/trace_walk40.npz --results-csv outputs/lift/lift.csv,,22,0,step_up,1,1.370610628358794,,on,half-stance,0.0,0.0,0,0.0,4,4,heading-only,0.0,0,0.04,0,obstacle,0.04,15,skill.STEP_WALK_MAX,step_up_0p04,0,3,2026-09-01T08:26:40Z,goal,1,WALK,0.9999999999999982,0.0,1271,40.0,1,nan,12.472794532775879,,off,nan,0.0,0.0,
--headless --device cpu --params skill.STEP_WALK_MAX --reps 5 --skip-unsupported --foot-comp on --heading heading-only --swing-lift 40 --trace-npz outputs/lift/trace_walk40.npz --results-csv outputs/lift/lift.csv,,22,0,step_up,1,1.7064359353408936,,on,half-stance,0.0,0.0,0,0.0,4,4,heading-only,0.0,0,0.04,0,obstacle,0.06,15,skill.STEP_WALK_MAX,step_up_0p06,0,3,2026-09-01T08:26:40Z,goal,1,WALK,0.9999999999999964,0.0,1271,40.0,1,nan,20.0123233795166,,off,nan,0.0,0.0,
--headless --device cpu --params skill.STEP_WALK_MAX --reps 5 --skip-unsupported --foot-comp on --heading heading-only --swing-lift 40 --trace-npz outputs/lift/trace_walk40.npz --results-csv outputs/lift/lift.csv,,22,0,step_up,1,1.3035018384622021,,on,half-stance,0.0,0.0,0,0.0,4,4,heading-only,0.0,0,0.04,0,obstacle,0.08,15,skill.STEP_WALK_MAX,step_up_0p08,0,3,2026-09-01T08:26:40Z,goal,1,WALK,1.0,0.0,1271,40.0,1,nan,12.478792190551758,,off,nan,0.0,0.0,
--headless --device cpu --params skill.STEP_WALK_MAX --reps 5 --skip-unsupported --foot-comp on --heading heading-only --swing-lift 40 --trace-npz outputs/lift/trace_walk40.npz --results-csv outputs/lift/lift.csv,,22,0,step_up,1,1.921317603878436,,on,half-stance,0.0,0.0,0,0.0,4,4,heading-only,0.0,0,0.04,0,obstacle,0.1,15,skill.STEP_WALK_MAX,step_up_0p10,0,3,2026-09-01T08:26:40Z,goal,1,WALK,1.0,0.0,1271,40.0,1,nan,16.415220260620117,,off,nan,0.0,0.0,
--headless --device cpu --params skill.STEP_WALK_MAX --reps 5 --skip-unsupported --foot-comp on --heading heading-only --swing-lift 40 --trace-npz outputs/lift/trace_walk40.npz --results-csv outputs/lift/lift.csv,,22,0,step_up,1,1.8122779008644825,,on,half-stance,0.0,0.0,0,0.0,4,4,heading-only,0.0,0,0.04,0,obstacle,0.12,15,skill.STEP_WALK_MAX,step_up_0p12,0,3,2026-09-01T08:26:40Z,goal,1,WALK,0.9999999999999982,0.0,1271,40.0,1,nan,18.664939880371094,,off,nan,0.0,0.0,
--headless --device cpu --params skill.STEP_WALK_MAX --reps 5 --skip-unsupported --foot-comp on --heading heading-only --swing-lift 40 --trace-npz outputs/lift/trace_walk40.npz --results-csv outputs/lift/lift.csv,,22,0,step_up,1,1.811792801634161,,on,half-stance,0.0,0.0,0,0.0,4,4,heading-only,0.0,0,0.04,0,obstacle,0.14,15,skill.STEP_WALK_MAX,step_up_0p14,0,3,2026-09-01T08:26:40Z,goal,1,WALK,0.9999999999999964,0.0,1271,40.0,1,nan,20.510595321655273,,off,nan,0.0,0.0,
--headless --device cpu --params skill.STEP_WALK_MAX --reps 5 --skip-unsupported --foot-comp on --heading heading-only --swing-lift 40 --trace-npz outputs/lift/trace_walk40.npz --results-csv outputs/lift/lift.csv,,22,0,step_up,1,1.6308077894810769,,on,half-stance,0.0,0.0,0,0.0,4,4,heading-only,0.0,0,0.04,0,obstacle,0.16,15,skill.STEP_WALK_MAX,step_up_0p16,0,3,2026-09-01T08:26:40Z,goal,1,WALK,1.0,0.0,1271,40.0,1,nan,12.453021049499512,,off,nan,0.0,0.0,
--headless --device cpu --params skill.STEP_WALK_MAX --reps 5 --skip-unsupported --foot-comp on --heading heading-only --swing-lift 40 --trace-npz outputs/lift/trace_walk40.npz --results-csv outputs/lift/lift.csv,,22,0,step_up,1,1.5755791851876526,,on,half-stance,0.0,0.0,0,0.0,4,4,heading-only,0.0,0,0.04,0,obstacle,0.18,15,skill.STEP_WALK_MAX,step_up_0p18,0,3,2026-09-01T08:26:40Z,goal,1,WALK,1.0,0.0,1271,40.0,1,nan,12.464990615844727,,off,nan,0.0,0.0,
--headless --device cpu --params skill.STEP_WALK_MAX --reps 5 --skip-unsupported --foot-comp on --heading heading-only --swing-lift 40 --trace-npz outputs/lift/trace_walk40.npz --results-csv outputs/lift/lift.csv,,22,0,step_up,1,1.686583332997497,,on,half-stance,0.0,0.0,0,0.0,4,4,heading-only,0.0,0,0.04,0,obstacle,0.2,15,skill.STEP_WALK_MAX,step_up_0p20,0,3,2026-09-01T08:26:40Z,goal,1,WALK,0.9999999999999982,0.0,1271,40.0,1,nan,19.021081924438477,,off,nan,0.0,0.0,
--headless --device cpu --params skill.STEP_WALK_MAX --reps 5 --skip-unsupported --foot-comp on --heading heading-only --swing-lift 40 --trace-npz outputs/lift/trace_walk40.npz --results-csv outputs/lift/lift.csv,,22,0,step_up,1,1.7599031992359941,,on,half-stance,0.0,0.0,0,0.0,4,4,heading-only,0.0,0,0.04,0,obstacle,0.22,15,skill.STEP_WALK_MAX,step_up_0p22,0,3,2026-09-01T08:26:40Z,goal,1,WALK,0.9999999999999964,0.0,1271,40.0,1,nan,14.962980270385742,,off,nan,0.0,0.0,
--headless --device cpu --params skill.STEP_WALK_MAX --reps 5 --skip-unsupported --foot-comp on --heading heading-only --swing-lift 40 --trace-npz outputs/lift/trace_walk40.npz --results-csv outputs/lift/lift.csv,,22,0,step_up,1,1.722343804296892,,on,half-stance,0.0,0.0,0,0.0,4,4,heading-only,0.0,0,0.04,0,obstacle,0.24,15,skill.STEP_WALK_MAX,step_up_0p24,0,3,2026-09-01T08:26:40Z,goal,1,WALK,1.0,0.0,1271,40.0,1,nan,22.61264419555664,,off,nan,0.0,0.0,
--headless --device cpu --params skill.STEP_WALK_MAX --reps 5 --skip-unsupported --foot-comp on --heading heading-only --swing-lift 40 --trace-npz outputs/lift/trace_walk40.npz --results-csv outputs/lift/lift.csv,,22,0,step_up,1,1.4560157413145816,,on,half-stance,0.0,0.0,0,0.0,4,4,heading-only,0.0,0,0.04,0,obstacle,0.26,15,skill.STEP_WALK_MAX,step_up_0p26,0,3,2026-09-01T08:26:40Z,goal,1,WALK,1.0,0.0,1271,40.0,1,nan,12.454279899597168,,off,nan,0.0,0.0,
--headless --device cpu --params skill.STEP_WALK_MAX --reps 5 --skip-unsupported --foot-comp on --heading heading-only --swing-lift 40 --trace-npz outputs/lift/trace_walk40.npz --results-csv outputs/lift/lift.csv,,22,0,step_up,1,1.664671902454965,,on,half-stance,0.0,0.0,0,0.0,4,4,heading-only,0.0,0,0.04,0,obstacle,0.28,15,skill.STEP_WALK_MAX,step_up_0p28,0,3,2026-09-01T08:26:40Z,goal,1,WALK,0.9999999999999982,0.0,1271,40.0,1,nan,12.476820945739746,,off,nan,0.0,0.0,
--headless --device cpu --params skill.STEP_WALK_MAX --reps 5 --skip-unsupported --foot-comp on --heading heading-only --swing-lift 40 --trace-npz outputs/lift/trace_walk40.npz --results-csv outputs/lift/lift.csv,,22,0,step_up,1,1.6504639868219324,,on,half-stance,0.0,0.0,0,0.0,4,4,heading-only,0.0,0,0.04,0,obstacle,0.3,15,skill.STEP_WALK_MAX,step_up_0p30,0,3,2026-09-01T08:26:40Z,goal,1,WALK,0.9999999999999964,0.0,1271,40.0,1,nan,12.463399887084961,,off,nan,0.0,0.0,
--headless --device cpu --params skill.STEP_WALK_MAX --reps 5 --skip-unsupported --foot-comp on --heading heading-only --swing-lift 40 --trace-npz outputs/lift/trace_walk40.npz --results-csv outputs/lift/lift.csv,,30,0,step_up,1,4.3660333095396195,,on,half-stance,0.0,0.0,0,0.0,4,4,heading-only,0.0,0,0.04,0,obstacle,0.02,15,skill.STEP_WALK_MAX,step_up_0p02,0,4,2026-09-01T08:26:40Z,goal,1,WALK,1.0,0.0,45,40.0,1,nan,17.662578582763672,,off,nan,0.0,0.0,
--headless --device cpu --params skill.STEP_WALK_MAX --reps 5 --skip-unsupported --foot-comp on --heading heading-only --swing-lift 40 --trace-npz outputs/lift/trace_walk40.npz --results-csv outputs/lift/lift.csv,,30,0,step_up,1,4.361209192856195,,on,half-stance,0.0,0.0,0,0.0,4,4,heading-only,0.0,0,0.04,0,obstacle,0.04,15,skill.STEP_WALK_MAX,step_up_0p04,0,4,2026-09-01T08:26:40Z,goal,1,WALK,0.9999999999999982,0.0,45,40.0,1,nan,17.661874771118164,,off,nan,0.0,0.0,
--headless --device cpu --params skill.STEP_WALK_MAX --reps 5 --skip-unsupported --foot-comp on --heading heading-only --swing-lift 40 --trace-npz outputs/lift/trace_walk40.npz --results-csv outputs/lift/lift.csv,,30,0,step_up,1,4.360248388115267,,on,half-stance,0.0,0.0,0,0.0,4,4,heading-only,0.0,0,0.04,0,obstacle,0.06,15,skill.STEP_WALK_MAX,step_up_0p06,0,4,2026-09-01T08:26:40Z,goal,1,WALK,0.9999999999999964,0.0,45,40.0,1,nan,17.697919845581055,,off,nan,0.0,0.0,
--headless --device cpu --params skill.STEP_WALK_MAX --reps 5 --skip-unsupported --foot-comp on --heading heading-only --swing-lift 40 --trace-npz outputs/lift/trace_walk40.npz --results-csv outputs/lift/lift.csv,,30,0,step_up,1,4.367051341056519,,on,half-stance,0.0,0.0,0,0.0,4,4,heading-only,0.0,0,0.04,0,obstacle,0.08,15,skill.STEP_WALK_MAX,step_up_0p08,0,4,2026-09-01T08:26:40Z,goal,1,WALK,1.0,0.0,45,40.0,1,nan,17.71598243713379,,off,nan,0.0,0.0,
--headless --device cpu --params skill.STEP_WALK_MAX --reps 5 --skip-unsupported --foot-comp on --heading heading-only --swing-lift 40 --trace-npz outputs/lift/trace_walk40.npz --results-csv outputs/lift/lift.csv,,30,0,step_up,1,4.364188390854841,,on,half-stance,0.0,0.0,0,0.0,4,4,heading-only,0.0,0,0.04,0,obstacle,0.1,15,skill.STEP_WALK_MAX,step_up_0p10,0,4,2026-09-01T08:26:40Z,goal,1,WALK,1.0,0.0,45,40.0,1,nan,17.66403579711914,,off,nan,0.0,0.0,
--headless --device cpu --params skill.STEP_WALK_MAX --reps 5 --skip-unsupported --foot-comp on --heading heading-only --swing-lift 40 --trace-npz outputs/lift/trace_walk40.npz --results-csv outputs/lift/lift.csv,,30,0,step_up,1,4.360325439826368,,on,half-stance,0.0,0.0,0,0.0,4,4,heading-only,0.0,0,0.04,0,obstacle,0.12,15,skill.STEP_WALK_MAX,step_up_0p12,0,4,2026-09-01T08:26:40Z,goal,1,WALK,0.9999999999999982,0.0,45,40.0,1,nan,17.67668914794922,,off,nan,0.0,0.0,
--headless --device cpu --params skill.STEP_WALK_MAX --reps 5 --skip-unsupported --foot-comp on --heading heading-only --swing-lift 40 --trace-npz outputs/lift/trace_walk40.npz --results-csv outputs/lift/lift.csv,,30,0,step_up,1,4.362821519267021,,on,half-stance,0.0,0.0,0,0.0,4,4,heading-only,0.0,0,0.04,0,obstacle,0.14,15,skill.STEP_WALK_MAX,step_up_0p14,0,4,2026-09-01T08:26:40Z,goal,1,WALK,0.9999999999999964,0.0,45,40.0,1,nan,17.70924186706543,,off,nan,0.0,0.0,
--headless --device cpu --params skill.STEP_WALK_MAX --reps 5 --skip-unsupported --foot-comp on --heading heading-only --swing-lift 40 --trace-npz outputs/lift/trace_walk40.npz --results-csv outputs/lift/lift.csv,,30,0,step_up,1,4.358426180449812,,on,half-stance,0.0,0.0,0,0.0,4,4,heading-only,0.0,0,0.04,0,obstacle,0.16,15,skill.STEP_WALK_MAX,step_up_0p16,0,4,2026-09-01T08:26:40Z,goal,1,WALK,1.0,0.0,45,40.0,1,nan,17.671493530273438,,off,nan,0.0,0.0,
--headless --device cpu --params skill.STEP_WALK_MAX --reps 5 --skip-unsupported --foot-comp on --heading heading-only --swing-lift 40 --trace-npz outputs/lift/trace_walk40.npz --results-csv outputs/lift/lift.csv,,30,0,step_up,1,4.366324588875212,,on,half-stance,0.0,0.0,0,0.0,4,4,heading-only,0.0,0,0.04,0,obstacle,0.18,15,skill.STEP_WALK_MAX,step_up_0p18,0,4,2026-09-01T08:26:40Z,goal,1,WALK,1.0,0.0,45,40.0,1,nan,17.692180633544922,,off,nan,0.0,0.0,
--headless --device cpu --params skill.STEP_WALK_MAX --reps 5 --skip-unsupported --foot-comp on --heading heading-only --swing-lift 40 --trace-npz outputs/lift/trace_walk40.npz --results-csv outputs/lift/lift.csv,,30,0,step_up,1,4.364819406744014,,on,half-stance,0.0,0.0,0,0.0,4,4,heading-only,0.0,0,0.04,0,obstacle,0.2,15,skill.STEP_WALK_MAX,step_up_0p20,0,4,2026-09-01T08:26:40Z,goal,1,WALK,0.9999999999999982,0.0,45,40.0,1,nan,17.709827423095703,,off,nan,0.0,0.0,
--headless --device cpu --params skill.STEP_WALK_MAX --reps 5 --skip-unsupported --foot-comp on --heading heading-only --swing-lift 40 --trace-npz outputs/lift/trace_walk40.npz --results-csv outputs/lift/lift.csv,,30,0,step_up,1,4.357841471663942,,on,half-stance,0.0,0.0,0,0.0,4,4,heading-only,0.0,0,0.04,0,obstacle,0.22,15,skill.STEP_WALK_MAX,step_up_0p22,0,4,2026-09-01T08:26:40Z,goal,1,WALK,0.9999999999999964,0.0,45,40.0,1,nan,17.677913665771484,,off,nan,0.0,0.0,
--headless --device cpu --params skill.STEP_WALK_MAX --reps 5 --skip-unsupported --foot-comp on --heading heading-only --swing-lift 40 --trace-npz outputs/lift/trace_walk40.npz --results-csv outputs/lift/lift.csv,,30,0,step_up,1,4.363885244735813,,on,half-stance,0.0,0.0,0,0.0,4,4,heading-only,0.0,0,0.04,0,obstacle,0.24,15,skill.STEP_WALK_MAX,step_up_0p24,0,4,2026-09-01T08:26:40Z,goal,1,WALK,1.0,0.0,45,40.0,1,nan,17.69732666015625,,off,nan,0.0,0.0,
--headless --device cpu --params skill.STEP_WALK_MAX --reps 5 --skip-unsupported --foot-comp on --heading heading-only --swing-lift 40 --trace-npz outputs/lift/trace_walk40.npz --results-csv outputs/lift/lift.csv,,30,0,step_up,1,4.362669647330295,,on,half-stance,0.0,0.0,0,0.0,4,4,heading-only,0.0,0,0.04,0,obstacle,0.26,15,skill.STEP_WALK_MAX,step_up_0p26,0,4,2026-09-01T08:26:40Z,goal,1,WALK,1.0,0.0,45,40.0,1,nan,17.698488235473633,,off,nan,0.0,0.0,
--headless --device cpu --params skill.STEP_WALK_MAX --reps 5 --skip-unsupported --foot-comp on --heading heading-only --swing-lift 40 --trace-npz outputs/lift/trace_walk40.npz --results-csv outputs/lift/lift.csv,,30,0,step_up,1,4.371086554940596,,on,half-stance,0.0,0.0,0,0.0,4,4,heading-only,0.0,0,0.04,0,obstacle,0.28,15,skill.STEP_WALK_MAX,step_up_0p28,0,4,2026-09-01T08:26:40Z,goal,1,WALK,0.9999999999999982,0.0,45,40.0,1,nan,17.709857940673828,,off,nan,0.0,0.0,
--headless --device cpu --params skill.STEP_WALK_MAX --reps 5 --skip-unsupported --foot-comp on --heading heading-only --swing-lift 40 --trace-npz outputs/lift/trace_walk40.npz --results-csv outputs/lift/lift.csv,,30,0,step_up,1,4.366652094716203,,on,half-stance,0.0,0.0,0,0.0,4,4,heading-only,0.0,0,0.04,0,obstacle,0.3,15,skill.STEP_WALK_MAX,step_up_0p30,0,4,2026-09-01T08:26:40Z,goal,1,WALK,0.9999999999999964,0.0,45,40.0,1,nan,17.685514450073242,,off,nan,0.0,0.0,
--headless --device cpu --params skill.STEP_WALK_MAX --reps 5 --skip-unsupported --foot-comp on --heading heading-only --swing-lift 0 --trace-npz outputs/lift/trace_walk0.npz --results-csv outputs/lift/lift.csv,,0,0,step_up,1,17.634678496371052,,on,half-stance,0.0,0.0,0,0.0,4,4,heading-only,0.0,0,0.04,0,obstacle,0.02,15,skill.STEP_WALK_MAX,step_up_0p02,1,0,2026-09-01T08:26:40Z,goal,1,WALK,1.0,0.0,2140,0.0,1,16.92,12.735574722290039,,off,nan,0.0,0.0,
--headless --device cpu --params skill.STEP_WALK_MAX --reps 5 --skip-unsupported --foot-comp on --heading heading-only --swing-lift 0 --trace-npz outputs/lift/trace_walk0.npz --results-csv outputs/lift/lift.csv,,0,0,step_up,1,1.280613012486547,,on,half-stance,0.0,0.0,0,0.0,4,4,heading-only,0.0,0,0.04,0,obstacle,0.04,15,skill.STEP_WALK_MAX,step_up_0p04,0,0,2026-09-01T08:26:40Z,goal,1,WALK,0.9999999999999982,0.0,2140,0.0,1,nan,15.314139366149902,,off,nan,0.0,0.0,
--headless --device cpu --params skill.STEP_WALK_MAX --reps 5 --skip-unsupported --foot-comp on --heading heading-only --swing-lift 0 --trace-npz outputs/lift/trace_walk0.npz --results-csv outputs/lift/lift.csv,,0,0,step_up,1,1.6626965021440514,,on,half-stance,0.0,0.0,0,0.0,4,4,heading-only,0.0,0,0.04,0,obstacle,0.06,15,skill.STEP_WALK_MAX,step_up_0p06,0,0,2026-09-01T08:26:40Z,goal,1,WALK,0.9999999999999964,0.0,2140,0.0,1,nan,13.18721866607666,,off,nan,0.0,0.0,
--headless --device cpu --params skill.STEP_WALK_MAX --reps 5 --skip-unsupported --foot-comp on --heading heading-only --swing-lift 0 --trace-npz outputs/lift/trace_walk0.npz --results-csv outputs/lift/lift.csv,,0,0,step_up,1,1.8190295454929217,,on,half-stance,0.0,0.0,0,0.0,4,4,heading-only,0.0,0,0.04,0,obstacle,0.08,15,skill.STEP_WALK_MAX,step_up_0p08,0,0,2026-09-01T08:26:40Z,goal,1,WALK,1.0,0.0,2140,0.0,1,nan,17.21259880065918,,off,nan,0.0,0.0,
--headless --device cpu --params skill.STEP_WALK_MAX --reps 5 --skip-unsupported --foot-comp on --heading heading-only --swing-lift 0 --trace-npz outputs/lift/trace_walk0.npz --results-csv outputs/lift/lift.csv,,0,0,step_up,1,1.7073389803478722,,on,half-stance,0.0,0.0,0,0.0,4,4,heading-only,0.0,0,0.04,0,obstacle,0.1,15,skill.STEP_WALK_MAX,step_up_0p10,0,0,2026-09-01T08:26:40Z,goal,1,WALK,1.0,0.0,2140,0.0,1,nan,14.743562698364258,,off,nan,0.0,0.0,
--headless --device cpu --params skill.STEP_WALK_MAX --reps 5 --skip-unsupported --foot-comp on --heading heading-only --swing-lift 0 --trace-npz outputs/lift/trace_walk0.npz --results-csv outputs/lift/lift.csv,,0,0,step_up,1,1.6877408108248741,,on,half-stance,0.0,0.0,0,0.0,4,4,heading-only,0.0,0,0.04,0,obstacle,0.12,15,skill.STEP_WALK_MAX,step_up_0p12,0,0,2026-09-01T08:26:40Z,goal,1,WALK,0.9999999999999982,0.0,2140,0.0,1,nan,15.271280288696289,,off,nan,0.0,0.0,
--headless --device cpu --params skill.STEP_WALK_MAX --reps 5 --skip-unsupported --foot-comp on --heading heading-only --swing-lift 0 --trace-npz outputs/lift/trace_walk0.npz --results-csv outputs/lift/lift.csv,,0,0,step_up,1,1.798488315502161,,on,half-stance,0.0,0.0,0,0.0,4,4,heading-only,0.0,0,0.04,0,obstacle,0.14,15,skill.STEP_WALK_MAX,step_up_0p14,0,0,2026-09-01T08:26:40Z,goal,1,WALK,0.9999999999999964,0.0,2140,0.0,1,nan,13.507316589355469,,off,nan,0.0,0.0,
--headless --device cpu --params skill.STEP_WALK_MAX --reps 5 --skip-unsupported --foot-comp on --heading heading-only --swing-lift 0 --trace-npz outputs/lift/trace_walk0.npz --results-csv outputs/lift/lift.csv,,0,0,step_up,1,1.7885765745038598,,on,half-stance,0.0,0.0,0,0.0,4,4,heading-only,0.0,0,0.04,0,obstacle,0.16,15,skill.STEP_WALK_MAX,step_up_0p16,0,0,2026-09-01T08:26:40Z,goal,1,WALK,1.0,0.0,2140,0.0,1,nan,13.955166816711426,,off,nan,0.0,0.0,
--headless --device cpu --params skill.STEP_WALK_MAX --reps 5 --skip-unsupported --foot-comp on --heading heading-only --swing-lift 0 --trace-npz outputs/lift/trace_walk0.npz --results-csv outputs/lift/lift.csv,,0,0,step_up,1,1.761673702529403,,on,half-stance,0.0,0.0,0,0.0,4,4,heading-only,0.0,0,0.04,0,obstacle,0.18,15,skill.STEP_WALK_MAX,step_up_0p18,0,0,2026-09-01T08:26:40Z,goal,1,WALK,1.0,0.0,2140,0.0,1,nan,12.724245071411133,,off,nan,0.0,0.0,
--headless --device cpu --params skill.STEP_WALK_MAX --reps 5 --skip-unsupported --foot-comp on --heading heading-only --swing-lift 0 --trace-npz outputs/lift/trace_walk0.npz --results-csv outputs/lift/lift.csv,,0,0,step_up,1,1.7807154647114372,,on,half-stance,0.0,0.0,0,0.0,4,4,heading-only,0.0,0,0.04,0,obstacle,0.2,15,skill.STEP_WALK_MAX,step_up_0p20,0,0,2026-09-01T08:26:40Z,goal,1,WALK,0.9999999999999982,0.0,2140,0.0,1,nan,12.696514129638672,,off,nan,0.0,0.0,
--headless --device cpu --params skill.STEP_WALK_MAX --reps 5 --skip-unsupported --foot-comp on --heading heading-only --swing-lift 0 --trace-npz outputs/lift/trace_walk0.npz --results-csv outputs/lift/lift.csv,,0,0,step_up,1,1.7374891765603233,,on,half-stance,0.0,0.0,0,0.0,4,4,heading-only,0.0,0,0.04,0,obstacle,0.22,15,skill.STEP_WALK_MAX,step_up_0p22,0,0,2026-09-01T08:26:40Z,goal,1,WALK,0.9999999999999964,0.0,2140,0.0,1,nan,13.117498397827148,,off,nan,0.0,0.0,
--headless --device cpu --params skill.STEP_WALK_MAX --reps 5 --skip-unsupported --foot-comp on --heading heading-only --swing-lift 0 --trace-npz outputs/lift/trace_walk0.npz --results-csv outputs/lift/lift.csv,,0,0,step_up,0,1.2649132059654578,,on,half-stance,0.0,0.0,0,0.0,4,4,heading-only,0.0,0,0.04,0,obstacle,0.24,15,skill.STEP_WALK_MAX,step_up_0p24,0,0,2026-09-01T08:26:40Z,goal,1,WALK,1.0,0.0,2140,0.0,1,nan,12.7367582321167,,off,nan,0.0,0.0,
--headless --device cpu --params skill.STEP_WALK_MAX --reps 5 --skip-unsupported --foot-comp on --heading heading-only --swing-lift 0 --trace-npz outputs/lift/trace_walk0.npz --results-csv outputs/lift/lift.csv,,0,0,step_up,1,1.8089751899569937,,on,half-stance,0.0,0.0,0,0.0,4,4,heading-only,0.0,0,0.04,0,obstacle,0.26,15,skill.STEP_WALK_MAX,step_up_0p26,0,0,2026-09-01T08:26:40Z,goal,1,WALK,1.0,0.0,2140,0.0,1,nan,17.073936462402344,,off,nan,0.0,0.0,
--headless --device cpu --params skill.STEP_WALK_MAX --reps 5 --skip-unsupported --foot-comp on --heading heading-only --swing-lift 0 --trace-npz outputs/lift/trace_walk0.npz --results-csv outputs/lift/lift.csv,,0,0,step_up,1,2.105241446686315,,on,half-stance,0.0,0.0,0,0.0,4,4,heading-only,0.0,0,0.04,0,obstacle,0.28,15,skill.STEP_WALK_MAX,step_up_0p28,0,0,2026-09-01T08:26:40Z,goal,1,WALK,0.9999999999999982,0.0,2140,0.0,1,nan,14.247962951660156,,off,nan,0.0,0.0,
--headless --device cpu --params skill.STEP_WALK_MAX --reps 5 --skip-unsupported --foot-comp on --heading heading-only --swing-lift 0 --trace-npz outputs/lift/trace_walk0.npz --results-csv outputs/lift/lift.csv,,0,0,step_up,0,2.118529765795207,,on,half-stance,0.0,0.0,0,0.0,4,4,heading-only,0.0,0,0.04,0,obstacle,0.3,15,skill.STEP_WALK_MAX,step_up_0p30,0,0,2026-09-01T08:26:40Z,goal,1,WALK,0.9999999999999964,0.0,2140,0.0,1,nan,12.719683647155762,,off,nan,0.0,0.0,
--headless --device cpu --params skill.STEP_WALK_MAX --reps 5 --skip-unsupported --foot-comp on --heading heading-only --swing-lift 0 --trace-npz outputs/lift/trace_walk0.npz --results-csv outputs/lift/lift.csv,,7,0,step_up,1,11.998712695506102,,on,half-stance,0.0,0.0,0,0.0,4,4,heading-only,0.0,0,0.04,0,obstacle,0.02,15,skill.STEP_WALK_MAX,step_up_0p02,1,1,2026-09-01T08:26:40Z,goal,1,WALK,1.0,0.0,2086,0.0,1,17.16,14.051040649414062,,off,nan,0.0,0.0,
--headless --device cpu --params skill.STEP_WALK_MAX --reps 5 --skip-unsupported --foot-comp on --heading heading-only --swing-lift 0 --trace-npz outputs/lift/trace_walk0.npz --results-csv outputs/lift/lift.csv,,7,0,step_up,1,1.2098940424493565,,on,half-stance,0.0,0.0,0,0.0,4,4,heading-only,0.0,0,0.04,0,obstacle,0.04,15,skill.STEP_WALK_MAX,step_up_0p04,0,1,2026-09-01T08:26:40Z,goal,1,WALK,0.9999999999999982,0.0,2086,0.0,1,nan,17.093088150024414,,off,nan,0.0,0.0,
--headless --device cpu --params skill.STEP_WALK_MAX --reps 5 --skip-unsupported --foot-comp on --heading heading-only --swing-lift 0 --trace-npz outputs/lift/trace_walk0.npz --results-csv outputs/lift/lift.csv,,7,0,step_up,1,1.5002833140931011,,on,half-stance,0.0,0.0,0,0.0,4,4,heading-only,0.0,0,0.04,0,obstacle,0.06,15,skill.STEP_WALK_MAX,step_up_0p06,0,1,2026-09-01T08:26:40Z,goal,1,WALK,0.9999999999999964,0.0,2086,0.0,1,nan,15.459224700927734,,off,nan,0.0,0.0,
--headless --device cpu --params skill.STEP_WALK_MAX --reps 5 --skip-unsupported --foot-comp on --heading heading-only --swing-lift 0 --trace-npz outputs/lift/trace_walk0.npz --results-csv outputs/lift/lift.csv,,7,0,step_up,1,1.713730556634649,,on,half-stance,0.0,0.0,0,0.0,4,4,heading-only,0.0,0,0.04,0,obstacle,0.08,15,skill.STEP_WALK_MAX,step_up_0p08,0,1,2026-09-01T08:26:40Z,goal,1,WALK,1.0,0.0,2086,0.0,1,nan,14.741283416748047,,off,nan,0.0,0.0,
--headless --device cpu --params skill.STEP_WALK_MAX --reps 5 --skip-unsupported --foot-comp on --heading heading-only --swing-lift 0 --trace-npz outputs/lift/trace_walk0.npz --results-csv outputs/lift/lift.csv,,7,0,step_up,1,1.566954944156034,,on,half-stance,0.0,0.0,0,0.0,4,4,heading-only,0.0,0,0.04,0,obstacle,0.1,15,skill.STEP_WALK_MAX,step_up_0p10,0,1,2026-09-01T08:26:40Z,goal,1,WALK,1.0,0.0,2086,0.0,1,nan,20.365978240966797,,off,nan,0.0,0.0,
--headless --device cpu --params skill.STEP_WALK_MAX --reps 5 --skip-unsupported --foot-comp on --heading heading-only --swing-lift 0 --trace-npz outputs/lift/trace_walk0.npz --results-csv outputs/lift/lift.csv,,7,0,step_up,1,1.8047009719747775,,on,half-stance,0.0,0.0,0,0.0,4,4,heading-only,0.0,0,0.04,0,obstacle,0.12,15,skill.STEP_WALK_MAX,step_up_0p12,0,1,2026-09-01T08:26:40Z,goal,1,WALK,0.9999999999999982,0.0,2086,0.0,1,nan,13.099321365356445,,off,nan,0.0,0.0,
--headless --device cpu --params skill.STEP_WALK_MAX --reps 5 --skip-unsupported --foot-comp on --heading heading-only --swing-lift 0 --trace-npz outputs/lift/trace_walk0.npz --results-csv outputs/lift/lift.csv,,7,0,step_up,1,1.813470945096968,,on,half-stance,0.0,0.0,0,0.0,4,4,heading-only,0.0,0,0.04,0,obstacle,0.14,15,skill.STEP_WALK_MAX,step_up_0p14,0,1,2026-09-01T08:26:40Z,goal,1,WALK,0.9999999999999964,0.0,2086,0.0,1,nan,14.655182838439941,,off,nan,0.0,0.0,
--headless --device cpu --params skill.STEP_WALK_MAX --reps 5 --skip-unsupported --foot-comp on --heading heading-only --swing-lift 0 --trace-npz outputs/lift/trace_walk0.npz --results-csv outputs/lift/lift.csv,,7,0,step_up,1,1.784133703397986,,on,half-stance,0.0,0.0,0,0.0,4,4,heading-only,0.0,0,0.04,0,obstacle,0.16,15,skill.STEP_WALK_MAX,step_up_0p16,0,1,2026-09-01T08:26:40Z,goal,1,WALK,1.0,0.0,2086,0.0,1,nan,13.798941612243652,,off,nan,0.0,0.0,
--headless --device cpu --params skill.STEP_WALK_MAX --reps 5 --skip-unsupported --foot-comp on --heading heading-only --swing-lift 0 --trace-npz outputs/lift/trace_walk0.npz --results-csv outputs/lift/lift.csv,,7,0,step_up,1,1.7846934632058669,,on,half-stance,0.0,0.0,0,0.0,4,4,heading-only,0.0,0,0.04,0,obstacle,0.18,15,skill.STEP_WALK_MAX,step_up_0p18,0,1,2026-09-01T08:26:40Z,goal,1,WALK,1.0,0.0,2086,0.0,1,nan,15.226862907409668,,off,nan,0.0,0.0,
--headless --device cpu --params skill.STEP_WALK_MAX --reps 5 --skip-unsupported --foot-comp on --heading heading-only --swing-lift 0 --trace-npz outputs/lift/trace_walk0.npz --results-csv outputs/lift/lift.csv,,7,0,step_up,1,1.8079095420923739,,on,half-stance,0.0,0.0,0,0.0,4,4,heading-only,0.0,0,0.04,0,obstacle,0.2,15,skill.STEP_WALK_MAX,step_up_0p20,0,1,2026-09-01T08:26:40Z,goal,1,WALK,0.9999999999999982,0.0,2086,0.0,1,nan,13.623832702636719,,off,nan,0.0,0.0,
--headless --device cpu --params skill.STEP_WALK_MAX --reps 5 --skip-unsupported --foot-comp on --heading heading-only --swing-lift 0 --trace-npz outputs/lift/trace_walk0.npz --results-csv outputs/lift/lift.csv,,7,0,step_up,1,1.7705120374505725,,on,half-stance,0.0,0.0,0,0.0,4,4,heading-only,0.0,0,0.04,0,obstacle,0.22,15,skill.STEP_WALK_MAX,step_up_0p22,0,1,2026-09-01T08:26:40Z,goal,1,WALK,0.9999999999999964,0.0,2086,0.0,1,nan,11.751993179321289,,off,nan,0.0,0.0,
--headless --device cpu --params skill.STEP_WALK_MAX --reps 5 --skip-unsupported --foot-comp on --heading heading-only --swing-lift 0 --trace-npz outputs/lift/trace_walk0.npz --results-csv outputs/lift/lift.csv,,7,0,step_up,1,1.9742481183691882,,on,half-stance,0.0,0.0,0,0.0,4,4,heading-only,0.0,0,0.04,0,obstacle,0.24,15,skill.STEP_WALK_MAX,step_up_0p24,0,1,2026-09-01T08:26:40Z,goal,1,WALK,1.0,0.0,2086,0.0,1,nan,13.146150588989258,,off,nan,0.0,0.0,
--headless --device cpu --params skill.STEP_WALK_MAX --reps 5 --skip-unsupported --foot-comp on --heading heading-only --swing-lift 0 --trace-npz outputs/lift/trace_walk0.npz --results-csv outputs/lift/lift.csv,,7,0,step_up,1,2.0362553658658697,,on,half-stance,0.0,0.0,0,0.0,4,4,heading-only,0.0,0,0.04,0,obstacle,0.26,15,skill.STEP_WALK_MAX,step_up_0p26,0,1,2026-09-01T08:26:40Z,goal,1,WALK,1.0,0.0,2086,0.0,1,nan,15.12978458404541,,off,nan,0.0,0.0,
--headless --device cpu --params skill.STEP_WALK_MAX --reps 5 --skip-unsupported --foot-comp on --heading heading-only --swing-lift 0 --trace-npz outputs/lift/trace_walk0.npz --results-csv outputs/lift/lift.csv,,7,0,step_up,1,1.9371340360587361,,on,half-stance,0.0,0.0,0,0.0,4,4,heading-only,0.0,0,0.04,0,obstacle,0.28,15,skill.STEP_WALK_MAX,step_up_0p28,0,1,2026-09-01T08:26:40Z,goal,1,WALK,0.9999999999999982,0.0,2086,0.0,1,nan,12.861984252929688,,off,nan,0.0,0.0,
--headless --device cpu --params skill.STEP_WALK_MAX --reps 5 --skip-unsupported --foot-comp on --heading heading-only --swing-lift 0 --trace-npz outputs/lift/trace_walk0.npz --results-csv outputs/lift/lift.csv,,7,0,step_up,1,1.8461252679614584,,on,half-stance,0.0,0.0,0,0.0,4,4,heading-only,0.0,0,0.04,0,obstacle,0.3,15,skill.STEP_WALK_MAX,step_up_0p30,0,1,2026-09-01T08:26:40Z,goal,1,WALK,0.9999999999999964,0.0,2086,0.0,1,nan,15.122075080871582,,off,nan,0.0,0.0,
--headless --device cpu --params skill.STEP_WALK_MAX --reps 5 --skip-unsupported --foot-comp on --heading heading-only --swing-lift 0 --trace-npz outputs/lift/trace_walk0.npz --results-csv outputs/lift/lift.csv,,15,0,step_up,1,2.4602177755803076,,on,half-stance,0.0,0.0,0,0.0,4,4,heading-only,0.0,0,0.04,0,obstacle,0.02,15,skill.STEP_WALK_MAX,step_up_0p02,1,2,2026-09-01T08:26:40Z,goal,1,WALK,1.0,0.0,2140,0.0,1,16.54,17.65585708618164,,off,nan,0.0,0.0,
--headless --device cpu --params skill.STEP_WALK_MAX --reps 5 --skip-unsupported --foot-comp on --heading heading-only --swing-lift 0 --trace-npz outputs/lift/trace_walk0.npz --results-csv outputs/lift/lift.csv,,15,0,step_up,1,1.280995045034781,,on,half-stance,0.0,0.0,0,0.0,4,4,heading-only,0.0,0,0.04,0,obstacle,0.04,15,skill.STEP_WALK_MAX,step_up_0p04,0,2,2026-09-01T08:26:40Z,goal,1,WALK,0.9999999999999982,0.0,2140,0.0,1,nan,15.456668853759766,,off,nan,0.0,0.0,
--headless --device cpu --params skill.STEP_WALK_MAX --reps 5 --skip-unsupported --foot-comp on --heading heading-only --swing-lift 0 --trace-npz outputs/lift/trace_walk0.npz --results-csv outputs/lift/lift.csv,,15,0,step_up,1,1.3797465522208594,,on,half-stance,0.0,0.0,0,0.0,4,4,heading-only,0.0,0,0.04,0,obstacle,0.06,15,skill.STEP_WALK_MAX,step_up_0p06,0,2,2026-09-01T08:26:40Z,goal,1,WALK,0.9999999999999964,0.0,2140,0.0,1,nan,12.26416015625,,off,nan,0.0,0.0,
--headless --device cpu --params skill.STEP_WALK_MAX --reps 5 --skip-unsupported --foot-comp on --heading heading-only --swing-lift 0 --trace-npz outputs/lift/trace_walk0.npz --results-csv outputs/lift/lift.csv,,15,0,step_up,1,1.6153440440615152,,on,half-stance,0.0,0.0,0,0.0,4,4,heading-only,0.0,0,0.04,0,obstacle,0.08,15,skill.STEP_WALK_MAX,step_up_0p08,0,2,2026-09-01T08:26:40Z,goal,1,WALK,1.0,0.0,2140,0.0,1,nan,12.324516296386719,,off,nan,0.0,0.0,
--headless --device cpu --params skill.STEP_WALK_MAX --reps 5 --skip-unsupported --foot-comp on --heading heading-only --swing-lift 0 --trace-npz outputs/lift/trace_walk0.npz --results-csv outputs/lift/lift.csv,,15,0,step_up,1,1.7115935539487228,,on,half-stance,0.0,0.0,0,0.0,4,4,heading-only,0.0,0,0.04,0,obstacle,0.1,15,skill.STEP_WALK_MAX,step_up_0p10,0,2,2026-09-01T08:26:40Z,goal,1,WALK,1.0,0.0,2140,0.0,1,nan,14.640556335449219,,off,nan,0.0,0.0,
--headless --device cpu --params skill.STEP_WALK_MAX --reps 5 --skip-unsupported --foot-comp on --heading heading-only --swing-lift 0 --trace-npz outputs/lift/trace_walk0.npz --results-csv outputs/lift/lift.csv,,15,0,step_up,1,1.7131314878460426,,on,half-stance,0.0,0.0,0,0.0,4,4,heading-only,0.0,0,0.04,0,obstacle,0.12,15,skill.STEP_WALK_MAX,step_up_0p12,0,2,2026-09-01T08:26:40Z,goal,1,WALK,0.9999999999999982,0.0,2140,0.0,1,nan,13.456143379211426,,off,nan,0.0,0.0,
--headless --device cpu --params skill.STEP_WALK_MAX --reps 5 --skip-unsupported --foot-comp on --heading heading-only --swing-lift 0 --trace-npz outputs/lift/trace_walk0.npz --results-csv outputs/lift/lift.csv,,15,0,step_up,1,1.79204482370757,,on,half-stance,0.0,0.0,0,0.0,4,4,heading-only,0.0,0,0.04,0,obstacle,0.14,15,skill.STEP_WALK_MAX,step_up_0p14,0,2,2026-09-01T08:26:40Z,goal,1,WALK,0.9999999999999964,0.0,2140,0.0,1,nan,11.822275161743164,,off,nan,0.0,0.0,
--headless --device cpu --params skill.STEP_WALK_MAX --reps 5 --skip-unsupported --foot-comp on --heading heading-only --swing-lift 0 --trace-npz outputs/lift/trace_walk0.npz --results-csv outputs/lift/lift.csv,,15,0,step_up,1,1.7333625069173848,,on,half-stance,0.0,0.0,0,0.0,4,4,heading-only,0.0,0,0.04,0,obstacle,0.16,15,skill.STEP_WALK_MAX,step_up_0p16,0,2,2026-09-01T08:26:40Z,goal,1,WALK,1.0,0.0,2140,0.0,1,nan,11.2075834274292,,off,nan,0.0,0.0,
--headless --device cpu --params skill.STEP_WALK_MAX --reps 5 --skip-unsupported --foot-comp on --heading heading-only --swing-lift 0 --trace-npz outputs/lift/trace_walk0.npz --results-csv outputs/lift/lift.csv,,15,0,step_up,1,1.6017579181498178,,on,half-stance,0.0,0.0,0,0.0,4,4,heading-only,0.0,0,0.04,0,obstacle,0.18,15,skill.STEP_WALK_MAX,step_up_0p18,0,2,2026-09-01T08:26:40Z,goal,1,WALK,1.0,0.0,2140,0.0,1,nan,12.277767181396484,,off,nan,0.0,0.0,
--headless --device cpu --params skill.STEP_WALK_MAX --reps 5 --skip-unsupported --foot-comp on --heading heading-only --swing-lift 0 --trace-npz outputs/lift/trace_walk0.npz --results-csv outputs/lift/lift.csv,,15,0,step_up,1,1.7219256693068854,,on,half-stance,0.0,0.0,0,0.0,4,4,heading-only,0.0,0,0.04,0,obstacle,0.2,15,skill.STEP_WALK_MAX,step_up_0p20,0,2,2026-09-01T08:26:40Z,goal,1,WALK,0.9999999999999982,0.0,2140,0.0,1,nan,14.06316089630127,,off,nan,0.0,0.0,
--headless --device cpu --params skill.STEP_WALK_MAX --reps 5 --skip-unsupported --foot-comp on --heading heading-only --swing-lift 0 --trace-npz outputs/lift/trace_walk0.npz --results-csv outputs/lift/lift.csv,,15,0,step_up,1,1.6720268224337367,,on,half-stance,0.0,0.0,0,0.0,4,4,heading-only,0.0,0,0.04,0,obstacle,0.22,15,skill.STEP_WALK_MAX,step_up_0p22,0,2,2026-09-01T08:26:40Z,goal,1,WALK,0.9999999999999964,0.0,2140,0.0,1,nan,10.939990043640137,,off,nan,0.0,0.0,
--headless --device cpu --params skill.STEP_WALK_MAX --reps 5 --skip-unsupported --foot-comp on --heading heading-only --swing-lift 0 --trace-npz outputs/lift/trace_walk0.npz --results-csv outputs/lift/lift.csv,,15,0,step_up,1,2.065350741413742,,on,half-stance,0.0,0.0,0,0.0,4,4,heading-only,0.0,0,0.04,1,obstacle,0.24,15,skill.STEP_WALK_MAX,step_up_0p24,0,2,2026-09-01T08:26:40Z,goal,1,WALK,1.0,0.0,2140,0.0,1,nan,23.700000762939453,,off,nan,0.0,0.0,
--headless --device cpu --params skill.STEP_WALK_MAX --reps 5 --skip-unsupported --foot-comp on --heading heading-only --swing-lift 0 --trace-npz outputs/lift/trace_walk0.npz --results-csv outputs/lift/lift.csv,,15,0,step_up,1,1.9141349489911026,,on,half-stance,0.0,0.0,0,0.0,4,4,heading-only,0.0,0,0.04,0,obstacle,0.26,15,skill.STEP_WALK_MAX,step_up_0p26,0,2,2026-09-01T08:26:40Z,goal,1,WALK,1.0,0.0,2140,0.0,1,nan,15.254100799560547,,off,nan,0.0,0.0,
--headless --device cpu --params skill.STEP_WALK_MAX --reps 5 --skip-unsupported --foot-comp on --heading heading-only --swing-lift 0 --trace-npz outputs/lift/trace_walk0.npz --results-csv outputs/lift/lift.csv,,15,0,step_up,1,1.9454565651804288,,on,half-stance,0.0,0.0,0,0.0,4,4,heading-only,0.0,0,0.04,0,obstacle,0.28,15,skill.STEP_WALK_MAX,step_up_0p28,0,2,2026-09-01T08:26:40Z,goal,1,WALK,0.9999999999999982,0.0,2140,0.0,1,nan,15.194982528686523,,off,nan,0.0,0.0,
--headless --device cpu --params skill.STEP_WALK_MAX --reps 5 --skip-unsupported --foot-comp on --heading heading-only --swing-lift 0 --trace-npz outputs/lift/trace_walk0.npz --results-csv outputs/lift/lift.csv,,15,0,step_up,0,1.3261380967763525,,on,half-stance,0.0,0.0,0,0.0,4,4,heading-only,0.0,0,0.04,0,obstacle,0.3,15,skill.STEP_WALK_MAX,step_up_0p30,0,2,2026-09-01T08:26:40Z,goal,1,WALK,0.9999999999999964,0.0,2140,0.0,1,nan,10.948745727539062,,off,nan,0.0,0.0,
--headless --device cpu --params skill.STEP_WALK_MAX --reps 5 --skip-unsupported --foot-comp on --heading heading-only --swing-lift 0 --trace-npz outputs/lift/trace_walk0.npz --results-csv outputs/lift/lift.csv,,22,0,step_up,1,6.44395743660943,,on,half-stance,0.0,0.0,0,0.0,4,4,heading-only,0.0,0,0.04,0,obstacle,0.02,15,skill.STEP_WALK_MAX,step_up_0p02,1,3,2026-09-01T08:26:40Z,goal,1,WALK,1.0,0.0,1748,0.0,1,17.18,11.13162899017334,,off,nan,0.0,0.0,
--headless --device cpu --params skill.STEP_WALK_MAX --reps 5 --skip-unsupported --foot-comp on --heading heading-only --swing-lift 0 --trace-npz outputs/lift/trace_walk0.npz --results-csv outputs/lift/lift.csv,,22,0,step_up,1,3.110105828756043,,on,half-stance,0.0,0.0,0,0.0,4,4,heading-only,0.0,0,0.04,0,obstacle,0.04,15,skill.STEP_WALK_MAX,step_up_0p04,0,3,2026-09-01T08:26:40Z,goal,1,WALK,0.9999999999999982,0.0,1748,0.0,1,nan,17.6217041015625,,off,nan,0.0,0.0,
--headless --device cpu --params skill.STEP_WALK_MAX --reps 5 --skip-unsupported --foot-comp on --heading heading-only --swing-lift 0 --trace-npz outputs/lift/trace_walk0.npz --results-csv outputs/lift/lift.csv,,22,0,step_up,1,1.5101989581151776,,on,half-stance,0.0,0.0,0,0.0,4,4,heading-only,0.0,0,0.04,0,obstacle,0.06,15,skill.STEP_WALK_MAX,step_up_0p06,0,3,2026-09-01T08:26:40Z,goal,1,WALK,0.9999999999999964,0.0,1748,0.0,1,nan,12.101723670959473,,off,nan,0.0,0.0,
--headless --device cpu --params skill.STEP_WALK_MAX --reps 5 --skip-unsupported --foot-comp on --heading heading-only --swing-lift 0 --trace-npz outputs/lift/trace_walk0.npz --results-csv outputs/lift/lift.csv,,22,0,step_up,1,1.5519638348317768,,on,half-stance,0.0,0.0,0,0.0,4,4,heading-only,0.0,0,0.04,0,obstacle,0.08,15,skill.STEP_WALK_MAX,step_up_0p08,0,3,2026-09-01T08:26:40Z,goal,1,WALK,1.0,0.0,1748,0.0,1,nan,14.312394142150879,,off,nan,0.0,0.0,
--headless --device cpu --params skill.STEP_WALK_MAX --reps 5 --skip-unsupported --foot-comp on --heading heading-only --swing-lift 0 --trace-npz outputs/lift/trace_walk0.npz --results-csv outputs/lift/lift.csv,,22,0,step_up,1,1.6080905333789246,,on,half-stance,0.0,0.0,0,0.0,4,4,heading-only,0.0,0,0.04,0,obstacle,0.1,15,skill.STEP_WALK_MAX,step_up_0p10,0,3,2026-09-01T08:26:40Z,goal,1,WALK,1.0,0.0,1748,0.0,1,nan,13.614141464233398,,off,nan,0.0,0.0,
--headless --device cpu --params skill.STEP_WALK_MAX --reps 5 --skip-unsupported --foot-comp on --heading heading-only --swing-lift 0 --trace-npz outputs/lift/trace_walk0.npz --results-csv outputs/lift/lift.csv,,22,0,step_up,1,1.7371065401878645,,on,half-stance,0.0,0.0,0,0.0,4,4,heading-only,0.0,0,0.04,0,obstacle,0.12,15,skill.STEP_WALK_MAX,step_up_0p12,0,3,2026-09-01T08:26:40Z,goal,1,WALK,0.9999999999999982,0.0,1748,0.0,1,nan,11.154112815856934,,off,nan,0.0,0.0,
--headless --device cpu --params skill.STEP_WALK_MAX --reps 5 --skip-unsupported --foot-comp on --heading heading-only --swing-lift 0 --trace-npz outputs/lift/trace_walk0.npz --results-csv outputs/lift/lift.csv,,22,0,step_up,1,1.7120676339119203,,on,half-stance,0.0,0.0,0,0.0,4,4,heading-only,0.0,0,0.04,0,obstacle,0.14,15,skill.STEP_WALK_MAX,step_up_0p14,0,3,2026-09-01T08:26:40Z,goal,1,WALK,0.9999999999999964,0.0,1748,0.0,1,nan,11.123991966247559,,off,nan,0.0,0.0,
--headless --device cpu --params skill.STEP_WALK_MAX --reps 5 --skip-unsupported --foot-comp on --heading heading-only --swing-lift 0 --trace-npz outputs/lift/trace_walk0.npz --results-csv outputs/lift/lift.csv,,22,0,step_up,1,1.709252615841235,,on,half-stance,0.0,0.0,0,0.0,4,4,heading-only,0.0,0,0.04,0,obstacle,0.16,15,skill.STEP_WALK_MAX,step_up_0p16,0,3,2026-09-01T08:26:40Z,goal,1,WALK,1.0,0.0,1748,0.0,1,nan,19.853450775146484,,off,nan,0.0,0.0,
--headless --device cpu --params skill.STEP_WALK_MAX --reps 5 --skip-unsupported --foot-comp on --heading heading-only --swing-lift 0 --trace-npz outputs/lift/trace_walk0.npz --results-csv outputs/lift/lift.csv,,22,0,step_up,1,1.6560722946259645,,on,half-stance,0.0,0.0,0,0.0,4,4,heading-only,0.0,0,0.04,0,obstacle,0.18,15,skill.STEP_WALK_MAX,step_up_0p18,0,3,2026-09-01T08:26:40Z,goal,1,WALK,1.0,0.0,1748,0.0,1,nan,13.33811092376709,,off,nan,0.0,0.0,
--headless --device cpu --params skill.STEP_WALK_MAX --reps 5 --skip-unsupported --foot-comp on --heading heading-only --swing-lift 0 --trace-npz outputs/lift/trace_walk0.npz --results-csv outputs/lift/lift.csv,,22,0,step_up,1,1.6912402191913998,,on,half-stance,0.0,0.0,0,0.0,4,4,heading-only,0.0,0,0.04,0,obstacle,0.2,15,skill.STEP_WALK_MAX,step_up_0p20,0,3,2026-09-01T08:26:40Z,goal,1,WALK,0.9999999999999982,0.0,1748,0.0,1,nan,15.328665733337402,,off,nan,0.0,0.0,
--headless --device cpu --params skill.STEP_WALK_MAX --reps 5 --skip-unsupported --foot-comp on --heading heading-only --swing-lift 0 --trace-npz outputs/lift/trace_walk0.npz --results-csv outputs/lift/lift.csv,,22,0,step_up,1,1.6195679694508647,,on,half-stance,0.0,0.0,0,0.0,4,4,heading-only,0.0,0,0.04,0,obstacle,0.22,15,skill.STEP_WALK_MAX,step_up_0p22,0,3,2026-09-01T08:26:40Z,goal,1,WALK,0.9999999999999964,0.0,1748,0.0,1,nan,13.12197494506836,,off,nan,0.0,0.0,
--headless --device cpu --params skill.STEP_WALK_MAX --reps 5 --skip-unsupported --foot-comp on --heading heading-only --swing-lift 0 --trace-npz outputs/lift/trace_walk0.npz --results-csv outputs/lift/lift.csv,,22,0,step_up,1,1.8414522932758077,,on,half-stance,0.0,0.0,0,0.0,4,4,heading-only,0.0,0,0.04,0,obstacle,0.24,15,skill.STEP_WALK_MAX,step_up_0p24,0,3,2026-09-01T08:26:40Z,goal,1,WALK,1.0,0.0,1748,0.0,1,nan,16.229900360107422,,off,nan,0.0,0.0,
--headless --device cpu --params skill.STEP_WALK_MAX --reps 5 --skip-unsupported --foot-comp on --heading heading-only --swing-lift 0 --trace-npz outputs/lift/trace_walk0.npz --results-csv outputs/lift/lift.csv,,22,0,step_up,1,1.8992773968535774,,on,half-stance,0.0,0.0,0,0.0,4,4,heading-only,0.0,0,0.04,0,obstacle,0.26,15,skill.STEP_WALK_MAX,step_up_0p26,0,3,2026-09-01T08:26:40Z,goal,1,WALK,1.0,0.0,1748,0.0,1,nan,16.52968978881836,,off,nan,0.0,0.0,
--headless --device cpu --params skill.STEP_WALK_MAX --reps 5 --skip-unsupported --foot-comp on --heading heading-only --swing-lift 0 --trace-npz outputs/lift/trace_walk0.npz --results-csv outputs/lift/lift.csv,,22,0,step_up,1,1.7606251720907304,,on,half-stance,0.0,0.0,0,0.0,4,4,heading-only,0.0,0,0.04,0,obstacle,0.28,15,skill.STEP_WALK_MAX,step_up_0p28,0,3,2026-09-01T08:26:40Z,goal,1,WALK,0.9999999999999982,0.0,1748,0.0,1,nan,13.321576118469238,,off,nan,0.0,0.0,
--headless --device cpu --params skill.STEP_WALK_MAX --reps 5 --skip-unsupported --foot-comp on --heading heading-only --swing-lift 0 --trace-npz outputs/lift/trace_walk0.npz --results-csv outputs/lift/lift.csv,,22,0,step_up,1,1.8514446032502847,,on,half-stance,0.0,0.0,0,0.0,4,4,heading-only,0.0,0,0.04,0,obstacle,0.3,15,skill.STEP_WALK_MAX,step_up_0p30,0,3,2026-09-01T08:26:40Z,goal,1,WALK,0.9999999999999964,0.0,1748,0.0,1,nan,18.064289093017578,,off,nan,0.0,0.0,
--headless --device cpu --params skill.STEP_WALK_MAX --reps 5 --skip-unsupported --foot-comp on --heading heading-only --swing-lift 0 --trace-npz outputs/lift/trace_walk0.npz --results-csv outputs/lift/lift.csv,,30,0,step_up,1,1.5072904606206414,,on,half-stance,0.0,0.0,0,0.0,4,4,heading-only,0.0,0,0.04,0,obstacle,0.02,15,skill.STEP_WALK_MAX,step_up_0p02,0,4,2026-09-01T08:26:40Z,goal,1,WALK,1.0,0.0,2140,0.0,1,nan,13.531473159790039,,off,nan,0.0,0.0,
--headless --device cpu --params skill.STEP_WALK_MAX --reps 5 --skip-unsupported --foot-comp on --heading heading-only --swing-lift 0 --trace-npz outputs/lift/trace_walk0.npz --results-csv outputs/lift/lift.csv,,30,0,step_up,1,2.833494514281205,,on,half-stance,0.0,0.0,0,0.0,4,4,heading-only,0.0,0,0.04,1,obstacle,0.04,15,skill.STEP_WALK_MAX,step_up_0p04,0,4,2026-09-01T08:26:40Z,goal,1,WALK,0.9999999999999982,0.0,2140,0.0,1,nan,23.700000762939453,,off,nan,0.0,0.0,
--headless --device cpu --params skill.STEP_WALK_MAX --reps 5 --skip-unsupported --foot-comp on --heading heading-only --swing-lift 0 --trace-npz outputs/lift/trace_walk0.npz --results-csv outputs/lift/lift.csv,,30,0,step_up,1,1.7036940445813817,,on,half-stance,0.0,0.0,0,0.0,4,4,heading-only,0.0,0,0.04,0,obstacle,0.06,15,skill.STEP_WALK_MAX,step_up_0p06,0,4,2026-09-01T08:26:40Z,goal,1,WALK,0.9999999999999964,0.0,2140,0.0,1,nan,16.117618560791016,,off,nan,0.0,0.0,
--headless --device cpu --params skill.STEP_WALK_MAX --reps 5 --skip-unsupported --foot-comp on --heading heading-only --swing-lift 0 --trace-npz outputs/lift/trace_walk0.npz --results-csv outputs/lift/lift.csv,,30,0,step_up,1,1.6114497783702715,,on,half-stance,0.0,0.0,0,0.0,4,4,heading-only,0.0,0,0.04,0,obstacle,0.08,15,skill.STEP_WALK_MAX,step_up_0p08,0,4,2026-09-01T08:26:40Z,goal,1,WALK,1.0,0.0,2140,0.0,1,nan,17.956687927246094,,off,nan,0.0,0.0,
--headless --device cpu --params skill.STEP_WALK_MAX --reps 5 --skip-unsupported --foot-comp on --heading heading-only --swing-lift 0 --trace-npz outputs/lift/trace_walk0.npz --results-csv outputs/lift/lift.csv,,30,0,step_up,1,1.7086200598605958,,on,half-stance,0.0,0.0,0,0.0,4,4,heading-only,0.0,0,0.04,0,obstacle,0.1,15,skill.STEP_WALK_MAX,step_up_0p10,0,4,2026-09-01T08:26:40Z,goal,1,WALK,1.0,0.0,2140,0.0,1,nan,14.39023494720459,,off,nan,0.0,0.0,
--headless --device cpu --params skill.STEP_WALK_MAX --reps 5 --skip-unsupported --foot-comp on --heading heading-only --swing-lift 0 --trace-npz outputs/lift/trace_walk0.npz --results-csv outputs/lift/lift.csv,,30,0,step_up,1,1.6217255057907614,,on,half-stance,0.0,0.0,0,0.0,4,4,heading-only,0.0,0,0.04,0,obstacle,0.12,15,skill.STEP_WALK_MAX,step_up_0p12,0,4,2026-09-01T08:26:40Z,goal,1,WALK,0.9999999999999982,0.0,2140,0.0,1,nan,14.838988304138184,,off,nan,0.0,0.0,
--headless --device cpu --params skill.STEP_WALK_MAX --reps 5 --skip-unsupported --foot-comp on --heading heading-only --swing-lift 0 --trace-npz outputs/lift/trace_walk0.npz --results-csv outputs/lift/lift.csv,,30,0,step_up,1,1.6092922471932465,,on,half-stance,0.0,0.0,0,0.0,4,4,heading-only,0.0,0,0.04,0,obstacle,0.14,15,skill.STEP_WALK_MAX,step_up_0p14,0,4,2026-09-01T08:26:40Z,goal,1,WALK,0.9999999999999964,0.0,2140,0.0,1,nan,16.014095306396484,,off,nan,0.0,0.0,
--headless --device cpu --params skill.STEP_WALK_MAX --reps 5 --skip-unsupported --foot-comp on --heading heading-only --swing-lift 0 --trace-npz outputs/lift/trace_walk0.npz --results-csv outputs/lift/lift.csv,,30,0,step_up,1,1.7284994524676371,,on,half-stance,0.0,0.0,0,0.0,4,4,heading-only,0.0,0,0.04,0,obstacle,0.16,15,skill.STEP_WALK_MAX,step_up_0p16,0,4,2026-09-01T08:26:40Z,goal,1,WALK,1.0,0.0,2140,0.0,1,nan,13.435670852661133,,off,nan,0.0,0.0,
--headless --device cpu --params skill.STEP_WALK_MAX --reps 5 --skip-unsupported --foot-comp on --heading heading-only --swing-lift 0 --trace-npz outputs/lift/trace_walk0.npz --results-csv outputs/lift/lift.csv,,30,0,step_up,1,1.6877574054557374,,on,half-stance,0.0,0.0,0,0.0,4,4,heading-only,0.0,0,0.04,0,obstacle,0.18,15,skill.STEP_WALK_MAX,step_up_0p18,0,4,2026-09-01T08:26:40Z,goal,1,WALK,1.0,0.0,2140,0.0,1,nan,12.027925491333008,,off,nan,0.0,0.0,
--headless --device cpu --params skill.STEP_WALK_MAX --reps 5 --skip-unsupported --foot-comp on --heading heading-only --swing-lift 0 --trace-npz outputs/lift/trace_walk0.npz --results-csv outputs/lift/lift.csv,,30,0,step_up,1,1.6243965239672076,,on,half-stance,0.0,0.0,0,0.0,4,4,heading-only,0.0,0,0.04,0,obstacle,0.2,15,skill.STEP_WALK_MAX,step_up_0p20,0,4,2026-09-01T08:26:40Z,goal,1,WALK,0.9999999999999982,0.0,2140,0.0,1,nan,11.349710464477539,,off,nan,0.0,0.0,
--headless --device cpu --params skill.STEP_WALK_MAX --reps 5 --skip-unsupported --foot-comp on --heading heading-only --swing-lift 0 --trace-npz outputs/lift/trace_walk0.npz --results-csv outputs/lift/lift.csv,,30,0,step_up,1,1.6439577332893436,,on,half-stance,0.0,0.0,0,0.0,4,4,heading-only,0.0,0,0.04,0,obstacle,0.22,15,skill.STEP_WALK_MAX,step_up_0p22,0,4,2026-09-01T08:26:40Z,goal,1,WALK,0.9999999999999964,0.0,2140,0.0,1,nan,12.939294815063477,,off,nan,0.0,0.0,
--headless --device cpu --params skill.STEP_WALK_MAX --reps 5 --skip-unsupported --foot-comp on --heading heading-only --swing-lift 0 --trace-npz outputs/lift/trace_walk0.npz --results-csv outputs/lift/lift.csv,,30,0,step_up,1,1.8736830666217448,,on,half-stance,0.0,0.0,0,0.0,4,4,heading-only,0.0,0,0.04,0,obstacle,0.24,15,skill.STEP_WALK_MAX,step_up_0p24,0,4,2026-09-01T08:26:40Z,goal,1,WALK,1.0,0.0,2140,0.0,1,nan,18.24342155456543,,off,nan,0.0,0.0,
--headless --device cpu --params skill.STEP_WALK_MAX --reps 5 --skip-unsupported --foot-comp on --heading heading-only --swing-lift 0 --trace-npz outputs/lift/trace_walk0.npz --results-csv outputs/lift/lift.csv,,30,0,step_up,1,3.4808537640983404,,on,half-stance,0.0,0.0,0,0.0,4,4,heading-only,0.0,0,0.04,0,obstacle,0.26,15,skill.STEP_WALK_MAX,step_up_0p26,0,4,2026-09-01T08:26:40Z,goal,1,WALK,1.0,0.0,2140,0.0,1,nan,11.749259948730469,,off,nan,0.0,0.0,
--headless --device cpu --params skill.STEP_WALK_MAX --reps 5 --skip-unsupported --foot-comp on --heading heading-only --swing-lift 0 --trace-npz outputs/lift/trace_walk0.npz --results-csv outputs/lift/lift.csv,,30,0,step_up,1,10.173193996148639,,on,half-stance,0.0,0.0,0,0.0,4,4,heading-only,0.0,0,0.04,0,obstacle,0.28,15,skill.STEP_WALK_MAX,step_up_0p28,0,4,2026-09-01T08:26:40Z,goal,1,WALK,0.9999999999999982,0.0,2140,0.0,1,nan,10.905701637268066,,off,nan,0.0,0.0,
--headless --device cpu --params skill.STEP_WALK_MAX --reps 5 --skip-unsupported --foot-comp on --heading heading-only --swing-lift 0 --trace-npz outputs/lift/trace_walk0.npz --results-csv outputs/lift/lift.csv,,30,0,step_up,0,1.3576314141190633,,on,half-stance,0.0,0.0,0,0.0,4,4,heading-only,0.0,0,0.04,0,obstacle,0.3,15,skill.STEP_WALK_MAX,step_up_0p30,0,4,2026-09-01T08:26:40Z,goal,1,WALK,0.9999999999999964,0.0,2140,0.0,1,nan,10.886170387268066,,off,nan,0.0,0.0,
