task,task_name,level,episode,goals,settle_ok,heading,heading_cap_rad,final_x_m,final_y_m,travelled_m,dist_to_next_goal_m,dist_to_last_goal_m,alive_at_end,end_cause,upright_s,yaw_cum_deg,yaw_rate_deg_s,base_h_max_m,vx_mean_ms,vy_mean_ms,cross_track_m,cross_track_abs_max_m,curvature_rad_m,fell,episode_s,end_roll_deg,end_pitch_deg,peak_roll_deg,peak_pitch_deg,switches,refused_ticks,steps_alive,frac_WALK,frac_TROT,frac_TURN,yaw_moment,yaw_moment_gain,terrain,planner_set,perception,turn_target,swing_lift_mm,foot_yaw_turn,roll_couple,roll_gain,roll_damp,roll_cap_nm,roll_sign,partial,skill,start_phase,foot_comp,steps,terrain_seed,measurement_seed,episode_length_s,episodes,num_envs,rate,gutter,spawn_z,settle_s,foot_clip_rad,steering,cross_track,cross_track_gain,cross_track_cap,cmd_mean_feet_down,cmd_frac_below_3_feet
0,jump_on_and_off_box,0,0,1,1,heading-only,0.04,1.3854495286941528,2.5948944091796875,0.7088516750659436,1.2928529339625798,16.72513368603982,0,roll,7.12,36.68912143640301,5.152966493876828,0.328524649143219,0.05413616976041472,0.08355258555894488,0.5888097286224365,0.21508538861187285,1.6612965409470426,1,7.12,-92.00458334145046,-1.263169714871874,92.00458334145046,14.816715746898257,,,,,,,off,5.0,legged_eval-seed1-no-roughness,,n/a,settle,0.0,auto,hold,8.0,0.8,2.0,1.0,0,WALK,first,on,1000,1,deterministic,20.0,1,200,lo,1.0,0.42,0.5,0.05,dead-reckoned-heading-hold,off,,,2.649,0.5676
0,jump_on_and_off_box,1,0,1,1,heading-only,0.04,1.416287994384767,2.55330491065979,0.6924175174193169,1.257694377813073,16.492995719644867,0,roll,6.9,35.04279494068115,5.07866593343205,0.327716588973999,0.06033159338909667,0.08018911748692609,0.5471711158752441,0.2367281382576663,1.4692043947123672,1,6.9,-87.74648057454385,-0.002357649562784965,87.74648057454385,17.002626524161972,,,,,,,off,5.0,legged_eval-seed1-no-roughness,,n/a,settle,0.0,auto,hold,8.0,0.8,2.0,1.0,0,WALK,first,on,1000,1,deterministic,20.0,1,200,lo,1.0,0.42,0.5,0.05,dead-reckoned-heading-hold,off,,,2.649,0.5676
0,jump_on_and_off_box,2,0,1,1,heading-only,0.04,1.6679260253906278,1.63271164894104,0.7622505547506878,0.9062798539079676,15.636388249224408,1,timeout,20.0,-63.58845415724758,-3.179422707862379,0.32709643244743347,0.033396301269531393,-0.018364417552947997,-0.37340712547302246,0.4392216918500218,-1.6616030055849045,0,20.0,13.108313301120848,-5.5182108902382305,13.575978412024297,7.823173058445514,,,,,,,off,5.0,legged_eval-seed1-no-roughness,,n/a,settle,0.0,auto,hold,8.0,0.8,2.0,1.0,0,WALK,first,on,1000,1,deterministic,20.0,1,200,lo,1.0,0.42,0.5,0.05,dead-reckoned-heading-hold,off,,,2.649,0.5676
0,jump_on_and_off_box,3,0,1,1,heading-only,0.04,1.6973159790039176,1.7449754476547241,0.742487102159425,0.8901350437314995,15.404795116227506,1,timeout,20.0,-42.17142661577836,-2.108571330788918,0.3253135681152344,0.034865798950195884,-0.012751227617263794,-0.2611318826675415,0.39444219693070204,-1.0555189711268138,0,20.0,7.3426902795113485,-4.301554162283138,9.945305939660077,7.389406610552082,,,,,,,off,5.0,legged_eval-seed1-no-roughness,,n/a,settle,0.0,auto,hold,8.0,0.8,2.0,1.0,0,WALK,first,on,1000,1,deterministic,20.0,1,200,lo,1.0,0.42,0.5,0.05,dead-reckoned-heading-hold,off,,,2.649,0.5676
0,jump_on_and_off_box,4,0,1,1,heading-only,0.04,1.6444763183593807,1.9801890850067139,0.6447807358156206,0.9719056306396734,15.755536136707358,1,timeout,20.0,-2.7390377513471833,-0.13695188756735915,0.32197338342666626,0.03222381591796904,-0.0009905457496643066,-0.026147127151489258,0.08217300061359895,-0.07417685605442584,0,20.0,3.767676366548934,-3.2660560120598032,9.11907366339696,4.823103109647751,,,,,,,off,5.0,legged_eval-seed1-no-roughness,,n/a,settle,0.0,auto,hold,8.0,0.8,2.0,1.0,0,WALK,first,on,1000,1,deterministic,20.0,1,200,lo,1.0,0.42,0.5,0.05,dead-reckoned-heading-hold,off,,,2.649,0.5676
0,jump_on_and_off_box,5,0,1,1,heading-only,0.04,1.7096099853515625,1.8093434572219849,0.7347763255676586,0.8604497989340513,15.141590395759952,1,timeout,20.0,-43.121340240630246,-2.1560670120315124,0.3262954652309418,0.035480499267578125,-0.009532827138900756,-0.19665920734405518,0.38850035421617485,-1.0605957929113075,0,20.0,5.509776200545633,-1.855428471682413,9.96351169925186,6.824158312611698,,,,,,,off,5.0,legged_eval-seed1-no-roughness,,n/a,settle,0.0,auto,hold,8.0,0.8,2.0,1.0,0,WALK,first,on,1000,1,deterministic,20.0,1,200,lo,1.0,0.42,0.5,0.05,dead-reckoned-heading-hold,off,,,2.649,0.5676
0,jump_on_and_off_box,6,0,1,1,heading-only,0.04,1.6381469726562727,2.0032286643981934,0.6381551402160465,0.9441972895155368,14.561853385274594,1,timeout,20.0,3.609673207109381,0.18048366035546906,0.3218747675418854,0.03190734863281364,0.00016143321990966797,-0.002892017364501953,0.09301638203532697,0.09872440845851377,0,20.0,2.5293729629137127,-3.4409910337468186,9.02358300755025,4.836127965629074,,,,,,,off,5.0,legged_eval-seed1-no-roughness,,n/a,settle,0.0,auto,hold,8.0,0.8,2.0,1.0,0,WALK,first,on,1000,1,deterministic,20.0,1,200,lo,1.0,0.42,0.5,0.05,dead-reckoned-heading-hold,off,,,2.649,0.5676
0,jump_on_and_off_box,7,0,1,1,heading-only,0.04,1.6365386962890796,2.0013856887817383,0.6365402045486215,0.9015738609266238,14.813461368521361,1,timeout,20.0,4.503396790907573,0.22516983954537864,0.3223026394844055,0.03182693481445398,6.928443908691407e-05,-0.0047092437744140625,0.10091979745660579,0.1234789054982897,0,20.0,2.632052093713486,-2.958228535126319,9.11098524749571,4.8373356440145985,,,,,,,off,5.0,legged_eval-seed1-no-roughness,,n/a,settle,0.0,auto,hold,8.0,0.8,2.0,1.0,0,WALK,first,on,1000,1,deterministic,20.0,1,200,lo,1.0,0.42,0.5,0.05,dead-reckoned-heading-hold,off,,,2.649,0.5676
0,jump_on_and_off_box,8,0,1,1,heading-only,0.04,1.6336486816406364,1.9913551807403564,0.6337076491923925,0.7706903418422678,14.616353874841892,1,timeout,20.0,3.1885504057716503,0.1594275202885825,0.322197288274765,0.03168243408203182,-0.00043224096298217775,-0.014589786529541016,0.09918538780808195,0.08782580088768795,0,20.0,2.778934052005824,-3.398799051477446,9.228624042337964,4.761421442412613,,,,,,,off,5.0,legged_eval-seed1-no-roughness,,n/a,settle,0.0,auto,hold,8.0,0.8,2.0,1.0,0,WALK,first,on,1000,1,deterministic,20.0,1,200,lo,1.0,0.42,0.5,0.05,dead-reckoned-heading-hold,off,,,2.649,0.5676
0,jump_on_and_off_box,9,0,1,1,heading-only,0.04,1.643621826171909,2.059244394302368,0.646342752246142,0.7820872200272546,13.756505746723239,1,timeout,20.0,15.460977103774098,0.7730488551887049,0.3221800625324249,0.03218109130859546,0.0029622197151184084,0.05306196212768555,0.1529646928735758,0.41926010750953063,0,20.0,0.6013598515719616,-2.476854370468498,9.116343102472811,4.7850768613375365,,,,,,,off,5.0,legged_eval-seed1-no-roughness,,n/a,settle,0.0,auto,hold,8.0,0.8,2.0,1.0,0,WALK,first,on,1000,1,deterministic,20.0,1,200,lo,1.0,0.42,0.5,0.05,dead-reckoned-heading-hold,off,,,2.649,0.5676
1,forward_ramp_lips,0,0,1,1,heading-only,0.04,1.33478581905365,2.5630126953124996,0.6550304112958946,1.3848100436461335,12.92748005741261,0,roll,7.640000000000001,42.487380125467524,5.561175409092607,0.32782551646232605,0.043820133383985584,0.07369276116655754,0.5569219589233398,0.28839214778732036,2.2149823305896246,1,7.640000000000001,-88.4527435235071,0.49895858811341365,88.4527435235071,16.929989273856823,,,,,,,off,5.0,legged_eval-seed1-no-roughness,,n/a,settle,0.0,auto,hold,8.0,0.8,2.0,1.0,0,WALK,first,on,1000,1,deterministic,20.0,1,200,lo,1.0,0.42,0.5,0.05,dead-reckoned-heading-hold,off,,,2.649,0.5676
1,forward_ramp_lips,1,0,1,1,heading-only,0.04,1.327127075195314,2.5741630554199215,0.6608141474991137,1.3432642595176836,12.236350998158427,0,roll,12.94,34.471124976546065,2.6639200136434362,0.32660311460494995,0.025280299474135542,0.04437117893507894,0.5680112838745117,0.2864062735762587,1.8391465376198866,1,12.94,-86.77843324039931,-2.20644182856408,86.77843324039931,19.430325312862315,,,,,,,off,5.0,legged_eval-seed1-no-roughness,,n/a,settle,0.0,auto,hold,8.0,0.8,2.0,1.0,0,WALK,first,on,1000,1,deterministic,20.0,1,200,lo,1.0,0.42,0.5,0.05,dead-reckoned-heading-hold,off,,,2.649,0.5676
1,forward_ramp_lips,2,0,1,1,heading-only,0.04,1.6551544189453153,1.6403852462768551,0.7473620834367581,0.8604755849155465,11.700373324634127,1,timeout,20.0,-68.25519083587204,-3.4127595417936023,0.3268159031867981,0.03275772094726577,-0.017980737686157246,-0.36565303802490234,0.4798697054922602,-1.81831607513352,0,20.0,10.250721756425511,-6.933062717617947,12.794999264078315,8.632193772020084,,,,,,,off,5.0,legged_eval-seed1-no-roughness,,n/a,settle,0.0,auto,hold,8.0,0.8,2.0,1.0,0,WALK,first,on,1000,1,deterministic,20.0,1,200,lo,1.0,0.42,0.5,0.05,dead-reckoned-heading-hold,off,,,2.649,0.5676
1,forward_ramp_lips,3,0,1,1,heading-only,0.04,1.0857894897461051,1.5189472198486325,0.4886426238492269,1.626168899301415,13.22296378224624,0,roll,13.6,-76.51872694259748,-5.626376981073345,0.3263414204120636,0.006308050716625376,-0.035371527952306435,-0.4871950149536133,0.47605767888240924,-15.567218414927716,1,13.6,88.10066543442375,0.582278221907178,88.10066543442375,18.439634571172647,,,,,,,off,5.0,legged_eval-seed1-no-roughness,,n/a,settle,0.0,auto,hold,8.0,0.8,2.0,1.0,0,WALK,first,on,1000,1,deterministic,20.0,1,200,lo,1.0,0.42,0.5,0.05,dead-reckoned-heading-hold,off,,,2.649,0.5676
1,forward_ramp_lips,4,0,1,1,heading-only,0.04,1.7064727783203182,1.2225471496582028,1.0504935606714658,0.9890956712165249,11.769233812820442,1,timeout,20.0,-69.02234379745587,-3.451117189872794,0.328782320022583,0.035323638916015906,-0.03887264251708986,-0.7835454940795898,0.5735331436392253,-1.705185526855345,0,20.0,9.130643840070402,-3.919064764661184,12.164592041088515,8.596116099357063,,,,,,,off,5.0,legged_eval-seed1-no-roughness,,n/a,settle,0.0,auto,hold,8.0,0.8,2.0,1.0,0,WALK,first,on,1000,1,deterministic,20.0,1,200,lo,1.0,0.42,0.5,0.05,dead-reckoned-heading-hold,off,,,2.649,0.5676
1,forward_ramp_lips,5,0,1,1,heading-only,0.04,1.67498779296875,1.4896503448486325,0.8462064116809467,0.9830140456523944,12.285616852778661,1,timeout,20.0,-80.66759703890395,-4.033379851945197,0.3285261392593384,0.0337493896484375,-0.025517482757568377,-0.5164241790771484,0.6035986106025613,-2.0858379702076846,0,20.0,6.126632675432811,-1.2121973288184533,12.783810166150557,8.947416957085835,,,,,,,off,5.0,legged_eval-seed1-no-roughness,,n/a,settle,0.0,auto,hold,8.0,0.8,2.0,1.0,0,WALK,first,on,1000,1,deterministic,20.0,1,200,lo,1.0,0.42,0.5,0.05,dead-reckoned-heading-hold,off,,,2.649,0.5676
1,forward_ramp_lips,6,0,1,1,heading-only,0.04,1.6982818603515852,1.8447462081909176,0.7153329968393521,0.7659672834304191,11.952726476811565,1,timeout,20.0,-37.05925191066467,-1.8529625955332336,0.3265565037727356,0.034914093017579265,-0.007762689590454119,-0.1615428924560547,0.30754207941392486,-0.9262820658715535,0,20.0,5.904813599750633,-4.107449347572328,10.708747340905411,7.441980561641649,,,,,,,off,5.0,legged_eval-seed1-no-roughness,,n/a,settle,0.0,auto,hold,8.0,0.8,2.0,1.0,0,WALK,first,on,1000,1,deterministic,20.0,1,200,lo,1.0,0.42,0.5,0.05,dead-reckoned-heading-hold,off,,,2.649,0.5676
1,forward_ramp_lips,7,0,1,1,heading-only,0.04,1.6529266357422046,1.9932580947875973,0.6529614421598924,0.8955837788851382,11.69707530719175,1,timeout,20.0,2.254738024985585,0.11273690124927924,0.32231462001800537,0.032646331787110225,-0.00033709526062013494,-0.012907028198242188,0.09508511499831077,0.0602710934915056,0,20.0,2.45529560926231,-2.92206735803566,9.093227734716105,4.805319862301718,,,,,,,off,5.0,legged_eval-seed1-no-roughness,,n/a,settle,0.0,auto,hold,8.0,0.8,2.0,1.0,0,WALK,first,on,1000,1,deterministic,20.0,1,200,lo,1.0,0.42,0.5,0.05,dead-reckoned-heading-hold,off,,,2.649,0.5676
1,forward_ramp_lips,8,0,1,1,heading-only,0.04,1.6775939941406364,1.8750825881958004,0.6890123225801704,0.781793279807008,12.273041739211374,1,timeout,20.0,-29.874250902303118,-1.4937125451151558,0.326603502035141,0.03387969970703182,-0.006245870590209979,-0.13130950927734375,0.2381498410700324,-0.7694933017718831,0,20.0,5.851561040231136,-2.8488524122265138,9.050005221192688,6.240947004399061,,,,,,,off,5.0,legged_eval-seed1-no-roughness,,n/a,settle,0.0,auto,hold,8.0,0.8,2.0,1.0,0,WALK,first,on,1000,1,deterministic,20.0,1,200,lo,1.0,0.42,0.5,0.05,dead-reckoned-heading-hold,off,,,2.649,0.5676
1,forward_ramp_lips,9,0,1,1,heading-only,0.04,1.727148437500034,1.771225547790527,0.762287741041718,0.7332352310623472,11.725083646029624,1,timeout,20.0,-46.922912497054995,-2.34614562485275,0.32523900270462036,0.036357421875001704,-0.011438722610473651,-0.23482418060302734,0.41930447505989726,-1.1262615381728924,0,20.0,5.258909327227649,-0.405572652235506,9.642568601323962,6.969430230350775,,,,,,,off,5.0,legged_eval-seed1-no-roughness,,n/a,settle,0.0,auto,hold,8.0,0.8,2.0,1.0,0,WALK,first,on,1000,1,deterministic,20.0,1,200,lo,1.0,0.42,0.5,0.05,dead-reckoned-heading-hold,off,,,2.649,0.5676
2,sphere_bump_lips,0,0,0,1,heading-only,0.04,3.070969581604004,1.0206462860107415,2.2908620004342506,1.8512371872425244,13.315096039826027,1,timeout,20.0,4.473059037130355,0.22365295185651773,0.32727864384651184,0.10354847908020019,-0.04896768569946293,-0.9654350280761719,0.9027219733137086,0.037697129174415804,0,20.0,-0.05626087624905735,-2.0049804047286,14.768083168804438,7.650152305622824,,,,,,,off,5.0,legged_eval-seed1-no-roughness,,n/a,settle,0.0,auto,hold,8.0,0.8,2.0,1.0,0,WALK,first,on,1000,1,deterministic,20.0,1,200,lo,1.0,0.42,0.5,0.05,dead-reckoned-heading-hold,off,,,2.649,0.5676
2,sphere_bump_lips,1,0,0,1,heading-only,0.04,1.1258979797363295,2.285016250610351,0.3115839604563617,0.47030477849724434,14.876832497958823,1,timeout,20.0,71.58777228064551,3.5793886140322755,0.34793734550476074,0.006294898986816478,0.014250812530517543,0.31204795837402344,0.0404142755375029,9.924244480188834,0,20.0,-2.327127829655646,-7.732080702601102,18.168680785191448,10.176327588943789,,,,,,,off,5.0,legged_eval-seed1-no-roughness,,n/a,settle,0.0,auto,hold,8.0,0.8,2.0,1.0,0,WALK,first,on,1000,1,deterministic,20.0,1,200,lo,1.0,0.42,0.5,0.05,dead-reckoned-heading-hold,off,,,2.649,0.5676
2,sphere_bump_lips,2,0,1,1,heading-only,0.04,4.446742248535159,2.104617309570312,3.4483295824643756,1.4762373708254353,11.303741883885696,1,timeout,20.0,-6.822223630197016,-0.34111118150985076,0.32498860359191895,0.17233711242675795,0.0052308654785155895,0.09847831726074219,0.8584371945235103,-0.03454574089632086,0,20.0,12.968062013023971,-4.625147966813167,12.968062013023971,14.744171410878172,,,,,,,off,5.0,legged_eval-seed1-no-roughness,,n/a,settle,0.0,auto,hold,8.0,0.8,2.0,1.0,0,WALK,first,on,1000,1,deterministic,20.0,1,200,lo,1.0,0.42,0.5,0.05,dead-reckoned-heading-hold,off,,,2.649,0.5676
2,sphere_bump_lips,3,0,1,1,heading-only,0.04,1.7894332885742301,1.3758499145507805,1.0063638736935026,1.2627859855296046,13.724766040906589,0,roll,11.96,-26.62894202261819,-2.226500169115233,0.3275696635246277,0.06600612780720987,-0.05218646199408189,-0.6302452087402344,0.53248769686675,-0.5887295625153566,1,11.96,85.98600227266459,-6.4187787051358836,85.98600227266459,14.22549187562389,,,,,,,off,5.0,legged_eval-seed1-no-roughness,,n/a,settle,0.0,auto,hold,8.0,0.8,2.0,1.0,0,WALK,first,on,1000,1,deterministic,20.0,1,200,lo,1.0,0.42,0.5,0.05,dead-reckoned-heading-hold,off,,,2.649,0.5676
2,sphere_bump_lips,4,0,1,1,heading-only,0.04,3.7645935058593807,2.526213836669921,2.814227825628682,0.5907346759955674,11.097888904752912,0,roll,16.76,32.859078485961504,1.960565542121808,0.32522451877593994,0.16495187982454537,0.031397006961212476,0.5201168060302734,1.157417199742498,0.20744427979584215,1,16.76,-87.18779380713248,-3.3410661999458062,87.18779380713248,21.11532942107317,,,,,,,off,5.0,legged_eval-seed1-no-roughness,,n/a,settle,0.0,auto,hold,8.0,0.8,2.0,1.0,0,WALK,first,on,1000,1,deterministic,20.0,1,200,lo,1.0,0.42,0.5,0.05,dead-reckoned-heading-hold,off,,,2.649,0.5676
2,sphere_bump_lips,5,0,1,1,heading-only,0.04,4.2686767578125,1.6066009521484368,3.2922652623860906,1.4125464287530236,10.288846894632831,1,timeout,20.0,-15.721084913089783,-0.7860542456544891,0.3283673822879791,0.163433837890625,-0.019669952392578162,-0.39952659606933594,0.7144830280855207,-0.0839436610130425,0,20.0,3.8236295667348488,-0.8779544075392379,13.601617830914863,8.869182782563623,,,,,,,off,5.0,legged_eval-seed1-no-roughness,,n/a,settle,0.0,auto,hold,8.0,0.8,2.0,1.0,0,WALK,first,on,1000,1,deterministic,20.0,1,200,lo,1.0,0.42,0.5,0.05,dead-reckoned-heading-hold,off,,,2.649,0.5676
2,sphere_bump_lips,6,0,1,1,heading-only,0.04,3.1830688476562727,1.3995429992675774,2.2641418249164214,0.9818156017405345,10.98335684160248,1,timeout,20.0,-1.7369743905211692,-0.08684871952605847,0.3308061957359314,0.10915344238281363,-0.03002285003662113,-0.6065177917480469,0.5825943124670449,-0.013886837407790939,0,20.0,-0.7726421876728532,-2.2705277976058382,12.008333447819059,8.913412647170318,,,,,,,off,5.0,legged_eval-seed1-no-roughness,,n/a,settle,0.0,auto,hold,8.0,0.8,2.0,1.0,0,WALK,first,on,1000,1,deterministic,20.0,1,200,lo,1.0,0.42,0.5,0.05,dead-reckoned-heading-hold,off,,,2.649,0.5676
2,sphere_bump_lips,7,0,1,1,heading-only,0.04,4.513934326171892,1.8289176940917962,3.5180965882198256,1.6874841904398252,9.13766738023962,1,timeout,20.0,-34.526525576761145,-1.7263262788380573,0.33658838272094727,0.1756967163085946,-0.008554115295410192,-0.1773052215576172,1.9573635547996662,-0.17148913287887058,0,20.0,4.579525634446272,-0.4566509563154317,19.6203603649915,10.63655439269075,,,,,,,off,5.0,legged_eval-seed1-no-roughness,,n/a,settle,0.0,auto,hold,8.0,0.8,2.0,1.0,0,WALK,first,on,1000,1,deterministic,20.0,1,200,lo,1.0,0.42,0.5,0.05,dead-reckoned-heading-hold,off,,,2.649,0.5676
2,sphere_bump_lips,8,0,1,1,heading-only,0.04,4.238385009765636,2.02968521118164,3.238521064195458,1.8753113040102622,9.211662821666517,1,timeout,20.0,3.4933428499863908,0.17466714249931953,0.32628124952316284,0.16191925048828182,0.0014842605590819958,0.023639678955078125,0.4939640363839007,0.018827389099629423,0,20.0,-1.4770767733702481,-2.7097109981405327,12.162842909167171,7.719349432524759,,,,,,,off,5.0,legged_eval-seed1-no-roughness,,n/a,settle,0.0,auto,hold,8.0,0.8,2.0,1.0,0,WALK,first,on,1000,1,deterministic,20.0,1,200,lo,1.0,0.42,0.5,0.05,dead-reckoned-heading-hold,off,,,2.649,0.5676
2,sphere_bump_lips,9,0,1,1,heading-only,0.04,5.457525634765659,2.122195434570312,4.459200209546867,2.5732358859689426,7.693444845062383,1,timeout,20.0,3.172438963367199,0.15862194816835995,0.3235780596733093,0.22287628173828294,0.00610977172851559,0.11611557006835938,0.5183841616301648,0.01242157864387117,0,20.0,-1.3062182487676453,-2.595095196644647,9.092588944061298,5.156754259615755,,,,,,,off,5.0,legged_eval-seed1-no-roughness,,n/a,settle,0.0,auto,hold,8.0,0.8,2.0,1.0,0,WALK,first,on,1000,1,deterministic,20.0,1,200,lo,1.0,0.42,0.5,0.05,dead-reckoned-heading-hold,off,,,2.649,0.5676
3,forward_ramp_no_lips,0,0,1,1,heading-only,0.04,1.631765365600586,2.5893543243408175,0.8639826368577458,0.9654696892531967,9.087365839677652,0,roll,9.14,35.87149866319649,3.9246716261702943,0.35248076915740967,0.06912093715542515,0.06448077946836077,0.5832748413085938,0.45310046070996385,0.9909941148836896,1,9.14,-87.79928941887871,-2.3346585154916513,87.79928941887871,28.029978260425455,,,,,,,off,5.0,legged_eval-seed1-no-roughness,,n/a,settle,0.0,auto,hold,8.0,0.8,2.0,1.0,0,WALK,first,on,1000,1,deterministic,20.0,1,200,lo,1.0,0.42,0.5,0.05,dead-reckoned-heading-hold,off,,,2.649,0.5676
3,forward_ramp_no_lips,1,0,1,1,heading-only,0.04,1.7017036437988295,1.4323394775390597,0.9025666027951523,0.9484294901423904,9.165891374527863,0,roll,8.3,-43.092839418426735,-5.191908363665871,0.35566291213035583,0.08454260768660596,-0.06839283403143859,-0.5737571716308594,0.2725278060571138,-1.0718370048828858,1,8.3,89.27755403066064,-4.861488820143933,89.27755403066064,25.421427462104074,,,,,,,off,5.0,legged_eval-seed1-no-roughness,,n/a,settle,0.0,auto,hold,8.0,0.8,2.0,1.0,0,WALK,first,on,1000,1,deterministic,20.0,1,200,lo,1.0,0.42,0.5,0.05,dead-reckoned-heading-hold,off,,,2.649,0.5676
3,forward_ramp_no_lips,2,0,1,1,heading-only,0.04,1.7966949462890653,1.3959720611572237,0.9997862713326231,0.87725039217644,8.873886416050542,0,roll,8.38,-16.68462808430428,-1.991005737983804,0.33808374404907227,0.09507099597721543,-0.07207970630582056,-0.6100711822509766,0.2678899565354215,-0.36551216484830923,1,8.38,87.28973900822268,-3.777252049267966,87.28973900822268,24.11514724220106,,,,,,,off,5.0,legged_eval-seed1-no-roughness,,n/a,settle,0.0,auto,hold,8.0,0.8,2.0,1.0,0,WALK,first,on,1000,1,deterministic,20.0,1,200,lo,1.0,0.42,0.5,0.05,dead-reckoned-heading-hold,off,,,2.649,0.5676
3,forward_ramp_no_lips,3,0,1,1,heading-only,0.04,1.6502044677734489,1.43647651672363,0.8604211562464554,0.9076595932979482,9.316853313078665,0,roll,7.16,-28.227986588310216,-3.942456227417628,0.3367593288421631,0.09081067985662694,-0.07870439710563827,-0.5696334838867188,0.12500176357040588,-0.7577175051748123,1,7.16,88.02798093789733,4.899414110074656,88.02798093789733,21.579029998897784,,,,,,,off,5.0,legged_eval-seed1-no-roughness,,n/a,settle,0.0,auto,hold,8.0,0.8,2.0,1.0,0,WALK,first,on,1000,1,deterministic,20.0,1,200,lo,1.0,0.42,0.5,0.05,dead-reckoned-heading-hold,off,,,2.649,0.5676
3,forward_ramp_no_lips,4,0,1,1,heading-only,0.04,1.7094024658203182,1.4234169006347628,0.9141662480017356,0.8953277658634733,8.560038219033235,0,roll,7.46,-12.059163564528177,-1.6165098611968065,0.3385438919067383,0.09509416431907751,-0.07728995970043394,-0.5825595855712891,0.26606331516205756,-0.29668928341568807,1,7.46,91.345852921845,-7.557487211076694,91.345852921845,22.24188483142175,,,,,,,off,5.0,legged_eval-seed1-no-roughness,,n/a,settle,0.0,auto,hold,8.0,0.8,2.0,1.0,0,WALK,first,on,1000,1,deterministic,20.0,1,200,lo,1.0,0.42,0.5,0.05,dead-reckoned-heading-hold,off,,,2.649,0.5676
3,forward_ramp_no_lips,5,0,1,1,heading-only,0.04,1.7877044677734375,2.574295806884763,0.974830242840083,0.7364166815408447,8.980676860948378,0,roll,8.6,-1.9533752896663543,-0.22713666158911097,0.3585236072540283,0.0915935427643532,0.06677858219590266,0.5681571960449219,0.4001572751227861,-0.04328124534845441,1,8.6,-90.11011181772554,-12.712825694645343,90.11011181772554,22.896135724759805,,,,,,,off,5.0,legged_eval-seed1-no-roughness,,n/a,settle,0.0,auto,hold,8.0,0.8,2.0,1.0,0,WALK,first,on,1000,1,deterministic,20.0,1,200,lo,1.0,0.42,0.5,0.05,dead-reckoned-heading-hold,off,,,2.649,0.5676
3,forward_ramp_no_lips,6,0,1,1,heading-only,0.04,1.9191833496093977,1.4397075653076143,1.0764876416256126,0.7214387208835584,9.098085438727464,0,roll,7.12,7.9226648270471856,1.1127338240234812,0.3381584584712982,0.1290987850574997,-0.07869275768151483,-0.5663623809814453,0.49555778321206057,0.15043417270632722,1,7.12,90.75763012200792,-5.770235024417049,90.75763012200792,22.95997468575498,,,,,,,off,5.0,legged_eval-seed1-no-roughness,,n/a,settle,0.0,auto,hold,8.0,0.8,2.0,1.0,0,WALK,first,on,1000,1,deterministic,20.0,1,200,lo,1.0,0.42,0.5,0.05,dead-reckoned-heading-hold,off,,,2.649,0.5676
3,forward_ramp_no_lips,7,0,1,1,heading-only,0.04,1.8450958251953296,1.3959510803222628,1.038779115657615,0.9196631824548073,9.773588417617416,0,roll,7.78,-1.3803534413517866,-0.1774233215105124,0.3388366103172302,0.10862414205595496,-0.07764124931590452,-0.6102809906005859,0.36588814228583516,-0.028507669396254244,1,7.78,86.58364567601237,-1.174868368229454,86.58364567601237,22.283964083355716,,,,,,,off,5.0,legged_eval-seed1-no-roughness,,n/a,settle,0.0,auto,hold,8.0,0.8,2.0,1.0,0,WALK,first,on,1000,1,deterministic,20.0,1,200,lo,1.0,0.42,0.5,0.05,dead-reckoned-heading-hold,off,,,2.649,0.5676
3,forward_ramp_no_lips,8,0,1,1,heading-only,0.04,1.6891906738281364,2.622643280029294,0.9287994611633442,0.904302436515194,9.830547507065232,0,roll,6.42,11.570697444521073,1.8022893215764912,0.3389081358909607,0.10735057224737327,0.09698493458400219,0.61676025390625,0.3015464819281048,0.2930201681883846,1,6.42,-91.49678588591918,-14.517928694381167,91.49678588591918,21.749244628463373,,,,,,,off,5.0,legged_eval-seed1-no-roughness,,n/a,settle,0.0,auto,hold,8.0,0.8,2.0,1.0,0,WALK,first,on,1000,1,deterministic,20.0,1,200,lo,1.0,0.42,0.5,0.05,dead-reckoned-heading-hold,off,,,2.649,0.5676
3,forward_ramp_no_lips,9,0,1,1,heading-only,0.04,1.654852294921909,2.638443756103513,0.9145720080300145,0.9667917561184006,9.516587643213132,0,roll,5.62,11.26147450519207,2.0038210863331085,0.32991981506347656,0.1165217606622614,0.11360209183336527,0.6325492858886719,0.2762585342503995,0.30014372747741436,1,5.62,-87.42775146991684,-7.128910458503003,87.42775146991684,18.795630910255866,,,,,,,off,5.0,legged_eval-seed1-no-roughness,,n/a,settle,0.0,auto,hold,8.0,0.8,2.0,1.0,0,WALK,first,on,1000,1,deterministic,20.0,1,200,lo,1.0,0.42,0.5,0.05,dead-reckoned-heading-hold,off,,,2.649,0.5676
4,flush_a_frame,0,0,1,1,heading-only,0.04,1.5698875188827515,2.5980209350585923,0.8260755552288734,1.161009919049805,12.54437514698196,0,roll,5.6000000000000005,11.887402212145389,2.122750395025962,0.33048543334007263,0.1017656283719199,0.10678945268903434,0.5919151306152344,0.2719145781307851,0.36406185648273554,1,5.6000000000000005,-87.20368163339964,-7.694142289609881,87.20368163339964,18.998232665338843,,,,,,,off,5.0,legged_eval-seed1-no-roughness,,n/a,settle,0.0,auto,hold,8.0,0.8,2.0,1.0,0,WALK,first,on,1000,1,deterministic,20.0,1,200,lo,1.0,0.42,0.5,0.05,dead-reckoned-heading-hold,off,,,2.649,0.5676
4,flush_a_frame,1,0,1,1,heading-only,0.04,1.6013046264648452,2.6091369628906236,0.8559293740535138,1.3300158540692437,12.71329666252632,0,roll,6.18,13.256394113877974,2.1450475912423905,0.3269146978855133,0.0972984832467387,0.09856585160042453,0.6030540466308594,0.19680133967475785,0.3847762249717091,1,6.18,-88.28789922756881,0.09801084941529221,88.28789922756881,19.259992651049203,,,,,,,off,5.0,legged_eval-seed1-no-roughness,,n/a,settle,0.0,auto,hold,8.0,0.8,2.0,1.0,0,WALK,first,on,1000,1,deterministic,20.0,1,200,lo,1.0,0.42,0.5,0.05,dead-reckoned-heading-hold,off,,,2.649,0.5676
4,flush_a_frame,2,0,1,1,heading-only,0.04,1.5919067382812528,2.5888008117675767,0.834889203883311,1.2599786436172178,11.72288932904521,0,roll,5.64,15.346860426530668,2.7210745437111115,0.3360074460506439,0.10494800324135689,0.10439730705098878,0.582733154296875,0.2092805249500212,0.45252609400048294,1,5.64,-87.8972206762438,-7.801609983336665,87.8972206762438,21.893875134910836,,,,,,,off,5.0,legged_eval-seed1-no-roughness,,n/a,settle,0.0,auto,hold,8.0,0.8,2.0,1.0,0,WALK,first,on,1000,1,deterministic,20.0,1,200,lo,1.0,0.42,0.5,0.05,dead-reckoned-heading-hold,off,,,2.649,0.5676
4,flush_a_frame,3,0,1,1,heading-only,0.04,1.4584777832031364,2.573233032226561,0.7340286008913548,1.190829799817978,13.253924201049312,0,roll,5.48,29.324296175780404,5.351148937186204,0.3343549966812134,0.08366382905166721,0.10460456792455493,0.5671615600585938,0.4181859946484334,1.1163147656177395,1,5.48,-86.56488797714832,3.290177321744131,86.56488797714832,17.861569287795344,,,,,,,off,5.0,legged_eval-seed1-no-roughness,,n/a,settle,0.0,auto,hold,8.0,0.8,2.0,1.0,0,WALK,first,on,1000,1,deterministic,20.0,1,200,lo,1.0,0.42,0.5,0.05,dead-reckoned-heading-hold,off,,,2.649,0.5676
4,flush_a_frame,4,0,1,1,heading-only,0.04,1.4429534912109432,2.55235137939453,0.708025311479048,1.1962251870721652,12.768998695031879,0,roll,5.48,28.792423687206593,5.254091913723831,0.33403143286705017,0.08083092905309182,0.10079404733476821,0.5462226867675781,0.4134948215398172,1.1344816170139402,1,5.48,-87.80948634147498,2.3935580688178804,87.80948634147498,16.419089878127384,,,,,,,off,5.0,legged_eval-seed1-no-roughness,,n/a,settle,0.0,auto,hold,8.0,0.8,2.0,1.0,0,WALK,first,on,1000,1,deterministic,20.0,1,200,lo,1.0,0.42,0.5,0.05,dead-reckoned-heading-hold,off,,,2.649,0.5676
4,flush_a_frame,5,0,1,1,heading-only,0.04,1.55633544921875,2.6732734680175767,0.8733878261081061,1.472167946895956,13.36063923644796,0,roll,5.66,13.984113102803917,2.47069136091942,0.3343581259250641,0.09829248219412544,0.11895290954374146,0.6673545837402344,0.46619896160323804,0.43870800783582864,1,5.66,-89.72409183729107,-12.958977414907437,89.72409183729107,12.958977414907437,,,,,,,off,5.0,legged_eval-seed1-no-roughness,,n/a,settle,0.0,auto,hold,8.0,0.8,2.0,1.0,0,WALK,first,on,1000,1,deterministic,20.0,1,200,lo,1.0,0.42,0.5,0.05,dead-reckoned-heading-hold,off,,,2.649,0.5676
4,flush_a_frame,6,0,1,1,heading-only,0.04,1.4643646240234602,2.5659240722656236,0.732055024990715,1.483551974802049,13.747288795880719,0,roll,5.44,32.17522489378237,5.914563399592347,0.33454430103302,0.0853611441219596,0.1040301603429455,0.5600624084472656,0.36083436047188916,1.2093160910934815,1,5.44,-86.74739777358809,3.253624001673663,86.74739777358809,17.851547692313105,,,,,,,off,5.0,legged_eval-seed1-no-roughness,,n/a,settle,0.0,auto,hold,8.0,0.8,2.0,1.0,0,WALK,first,on,1000,1,deterministic,20.0,1,200,lo,1.0,0.42,0.5,0.05,dead-reckoned-heading-hold,off,,,2.649,0.5676
4,flush_a_frame,7,0,1,1,heading-only,0.04,1.584094238281267,2.6845954895019517,0.8999094751361331,1.3092485352578407,12.13523149392281,0,roll,5.66,9.440123962697982,1.6678664245049437,0.3314504325389862,0.10319686188714966,0.1209532666964579,0.6784324645996094,0.3835255593594954,0.28207990106239395,1,5.66,-90.07339051418977,-13.467463438559214,90.07339051418977,14.431157691430286,,,,,,,off,5.0,legged_eval-seed1-no-roughness,,n/a,settle,0.0,auto,hold,8.0,0.8,2.0,1.0,0,WALK,first,on,1000,1,deterministic,20.0,1,200,lo,1.0,0.42,0.5,0.05,dead-reckoned-heading-hold,off,,,2.649,0.5676
4,flush_a_frame,8,0,1,1,heading-only,0.04,1.4307373046875114,2.6506637573242173,0.7803191339091525,1.2184172359811594,12.386364396010022,0,roll,6.54,32.33519058908945,4.94421874450909,0.3350776731967926,0.06586197319380908,0.09948987115049195,0.6445693969726562,0.1808734490294679,1.310208180015708,1,6.54,-88.50311650233236,-1.5983233394736147,88.50311650233236,18.053678554106042,,,,,,,off,5.0,legged_eval-seed1-no-roughness,,n/a,settle,0.0,auto,hold,8.0,0.8,2.0,1.0,0,WALK,first,on,1000,1,deterministic,20.0,1,200,lo,1.0,0.42,0.5,0.05,dead-reckoned-heading-hold,off,,,2.649,0.5676
4,flush_a_frame,9,0,1,1,heading-only,0.04,1.533636474609409,2.595308685302733,0.7994750263957136,1.0926837462451864,12.480569377155266,0,roll,6.98,14.944294899400745,2.1410164612321982,0.3340395390987396,0.07645221699275202,0.08528777726400186,0.5891151428222656,0.19627006470276612,0.4887730932831158,1,6.98,-86.31751593377965,-0.4762750185270214,86.31751593377965,19.29287960696878,,,,,,,off,5.0,legged_eval-seed1-no-roughness,,n/a,settle,0.0,auto,hold,8.0,0.8,2.0,1.0,0,WALK,first,on,1000,1,deterministic,20.0,1,200,lo,1.0,0.42,0.5,0.05,dead-reckoned-heading-hold,off,,,2.649,0.5676
5,sphere_bump,0,0,0,1,heading-only,0.04,0.9365193843841553,2.0356178283691406,0.07279023462457164,0.5646052017760241,15.013522865242871,1,timeout,20.0,1.743058011731108,0.0871529005865554,0.3399430215358734,-0.0031740307807922364,0.0017808914184570313,0.018115997314453125,0.08056101160741287,-0.4792345043103275,0,20.0,-3.5631657663377827,-0.8621738545348001,16.167415949431696,7.607662754172767,,,,,,,off,5.0,legged_eval-seed1-no-roughness,,n/a,settle,0.0,auto,hold,8.0,0.8,2.0,1.0,0,WALK,first,on,1000,1,deterministic,20.0,1,200,lo,1.0,0.42,0.5,0.05,dead-reckoned-heading-hold,off,,,2.649,0.5676
5,sphere_bump,1,0,1,1,heading-only,0.04,2.16548309326172,1.3387527465820312,1.339999541355039,1.163847315505871,13.400841046625237,0,roll,8.24,-15.873985728311709,-1.9264545786786054,0.32894453406333923,0.14144212296865535,-0.08024845308470495,-0.6673431396484375,0.47794472954029615,-0.23771543145964322,1,8.24,91.65605012690595,-8.35835127794339,91.65605012690595,13.951364629579109,,,,,,,off,5.0,legged_eval-seed1-no-roughness,,n/a,settle,0.0,auto,hold,8.0,0.8,2.0,1.0,0,WALK,first,on,1000,1,deterministic,20.0,1,200,lo,1.0,0.42,0.5,0.05,dead-reckoned-heading-hold,off,,,2.649,0.5676
5,sphere_bump,2,0,1,1,heading-only,0.04,2.4307662963867216,2.640918731689453,1.5677592339088913,1.208183478664932,12.935121812693064,0,roll,8.02,-11.407985295168402,-1.422442056754165,0.32308441400527954,0.17839978757939173,0.07991505382661511,0.6348838806152344,0.6930858927531364,-0.13916102505532404,1,8.02,-92.65501609581831,-15.327144612280003,92.65501609581831,17.27881235261758,,,,,,,off,5.0,legged_eval-seed1-no-roughness,,n/a,settle,0.0,auto,hold,8.0,0.8,2.0,1.0,0,WALK,first,on,1000,1,deterministic,20.0,1,200,lo,1.0,0.42,0.5,0.05,dead-reckoned-heading-hold,off,,,2.649,0.5676
5,sphere_bump,3,0,1,1,heading-only,0.04,3.5995376586914176,1.4933891296386719,2.648443054498835,0.7347212154363929,11.06206908903789,0,roll,15.58,-18.71947528205493,-1.2015067575131533,0.3328104317188263,0.16685094086594465,-0.032516743925630816,-0.5127944946289062,1.2108161575349703,-0.1256825331324566,1,15.58,88.16873636127418,-5.139888517156738,88.16873636127418,18.402685104320845,,,,,,,off,5.0,legged_eval-seed1-no-roughness,,n/a,settle,0.0,auto,hold,8.0,0.8,2.0,1.0,0,WALK,first,on,1000,1,deterministic,20.0,1,200,lo,1.0,0.42,0.5,0.05,dead-reckoned-heading-hold,off,,,2.649,0.5676
5,sphere_bump,4,0,1,1,heading-only,0.04,1.8244995117187557,2.661876678466797,1.0572985303700684,1.2373739814400375,12.742701574420737,0,roll,7.98,33.55513432797545,4.2049040511247435,0.32990023493766785,0.10332074081688668,0.08294193965749334,0.6557769775390625,0.3951539349931201,0.7103067577945591,1,7.98,-89.823238679737,-1.8755751298748937,89.823238679737,19.946616371859733,,,,,,,off,5.0,legged_eval-seed1-no-roughness,,n/a,settle,0.0,auto,hold,8.0,0.8,2.0,1.0,0,WALK,first,on,1000,1,deterministic,20.0,1,200,lo,1.0,0.42,0.5,0.05,dead-reckoned-heading-hold,off,,,2.649,0.5676
5,sphere_bump,5,0,1,1,heading-only,0.04,5.5115814208984375,2.1585693359375,4.5143671928295355,2.798347756331839,8.689865455804059,1,timeout,20.0,3.328294243858039,0.16641471219290196,0.3233509659767151,0.22557907104492186,0.007928466796875,0.15249252319335938,0.3666759029961985,0.012875683183155287,0,20.0,-2.0736690278650465,-2.9485607973888373,9.146186473864411,5.067059664106034,,,,,,,off,5.0,legged_eval-seed1-no-roughness,,n/a,settle,0.0,auto,hold,8.0,0.8,2.0,1.0,0,WALK,first,on,1000,1,deterministic,20.0,1,200,lo,1.0,0.42,0.5,0.05,dead-reckoned-heading-hold,off,,,2.649,0.5676
5,sphere_bump,6,0,1,1,heading-only,0.04,1.6090942382812727,2.6294784545898438,0.8759217521561283,1.362705821836465,12.456820593424283,0,roll,7.7,33.339708533184876,4.329832277036997,0.33899617195129395,0.07910314782873672,0.08175044864803166,0.6233367919921875,0.5517401002469016,0.9553327695255855,1,7.7,-88.10043601669533,2.5488679881172804,88.10043601669533,14.280653546866183,,,,,,,off,5.0,legged_eval-seed1-no-roughness,,n/a,settle,0.0,auto,hold,8.0,0.8,2.0,1.0,0,WALK,first,on,1000,1,deterministic,20.0,1,200,lo,1.0,0.42,0.5,0.05,dead-reckoned-heading-hold,off,,,2.649,0.5676
5,sphere_bump,7,0,1,1,heading-only,0.04,2.197924804687517,1.4215469360351562,1.3302750786570203,1.2269269378904624,11.566548718842782,0,roll,7.36,-2.0119402310446617,-0.273361444435416,0.3248131275177002,0.16276152237602134,-0.07859416629957115,-0.5846748352050781,0.49369422915959243,-0.029313176626495057,1,7.36,89.32452694899311,-0.37675022995302243,89.32452694899311,16.99570976784021,,,,,,,off,5.0,legged_eval-seed1-no-roughness,,n/a,settle,0.0,auto,hold,8.0,0.8,2.0,1.0,0,WALK,first,on,1000,1,deterministic,20.0,1,200,lo,1.0,0.42,0.5,0.05,dead-reckoned-heading-hold,off,,,2.649,0.5676
5,sphere_bump,8,0,1,1,heading-only,0.04,5.255688476562511,2.2880096435546875,4.265423069793599,2.3314274458001965,8.149402416470597,1,timeout,20.0,3.1623678664501824,0.15811839332250913,0.3370365798473358,0.21278442382812557,0.014400482177734375,0.28168487548828125,0.6310748982969316,0.012969401245602022,0,20.0,-2.1671391601071557,-2.893726302453811,12.523724756073863,8.039501697383352,,,,,,,off,5.0,legged_eval-seed1-no-roughness,,n/a,settle,0.0,auto,hold,8.0,0.8,2.0,1.0,0,WALK,first,on,1000,1,deterministic,20.0,1,200,lo,1.0,0.42,0.5,0.05,dead-reckoned-heading-hold,off,,,2.649,0.5676
5,sphere_bump,9,0,1,1,heading-only,0.04,2.241674804687534,1.3494186401367188,1.4017890092297707,1.4132748495677208,11.027532802560724,0,roll,9.0,-27.83714966929847,-3.0930166299220523,0.32737502455711365,0.13796386718750378,-0.0722868177625868,-0.65667724609375,0.6616990000316824,-0.3912859585018096,1,9.0,87.27365316363279,-3.2649380453531474,87.27365316363279,17.01848762783241,,,,,,,off,5.0,legged_eval-seed1-no-roughness,,n/a,settle,0.0,auto,hold,8.0,0.8,2.0,1.0,0,WALK,first,on,1000,1,deterministic,20.0,1,200,lo,1.0,0.42,0.5,0.05,dead-reckoned-heading-hold,off,,,2.649,0.5676
6,box_jump_even,0,0,2,1,heading-only,0.04,3.0977723598480225,2.841378784179682,2.2602139571752984,1.3198843807041853,8.394499676060889,0,below,9.44,-25.415176000753263,-2.692285593300134,0.32386529445648193,0.22222164828898544,0.08912910849361037,0.8353042602539062,1.1703148452094938,-0.21145216214934076,1,9.44,-56.236671503281876,62.01590335352315,56.236671503281876,62.01590335352315,,,,,,,off,5.0,legged_eval-seed1-no-roughness,,n/a,settle,0.0,auto,hold,8.0,0.8,2.0,1.0,0,WALK,first,on,1000,1,deterministic,20.0,1,200,lo,1.0,0.42,0.5,0.05,dead-reckoned-heading-hold,off,,,2.649,0.5676
6,box_jump_even,1,0,2,1,heading-only,0.04,3.2583747863769545,2.115762329101557,2.261339778224885,0.7570726649858596,7.992463604662495,0,below,9.16,8.836065869568529,0.9646360119616297,0.32346346974372864,0.24654746576167624,0.012637808853881749,0.10974884033203125,0.55851014200527,0.06828735570258242,1,9.16,14.63928838354345,67.21469027980908,19.090504178061888,67.21469027980908,,,,,,,off,5.0,legged_eval-seed1-no-roughness,,n/a,settle,0.0,auto,hold,8.0,0.8,2.0,1.0,0,WALK,first,on,1000,1,deterministic,20.0,1,200,lo,1.0,0.42,0.5,0.05,dead-reckoned-heading-hold,off,,,2.649,0.5676
6,box_jump_even,2,0,2,1,heading-only,0.04,3.033778381347659,1.9405265808105412,2.0346477808277257,0.8283678361356153,8.466430510181157,0,below,8.52,-71.8263146085823,-8.430318616030785,0.3240119516849518,0.23870638278728395,-0.006980448261673569,-0.0655059814453125,1.9188961012860941,-0.6163924697942635,1,8.52,-30.835707143231446,67.17955065829649,43.0891761438508,67.17955065829649,,,,,,,off,5.0,legged_eval-seed1-no-roughness,,n/a,settle,0.0,auto,hold,8.0,0.8,2.0,1.0,0,WALK,first,on,1000,1,deterministic,20.0,1,200,lo,1.0,0.42,0.5,0.05,dead-reckoned-heading-hold,off,,,2.649,0.5676
6,box_jump_even,3,0,2,1,heading-only,0.04,3.29767303466798,1.2440811157226506,2.4188250730153014,0.9921190071054506,8.087730393393452,0,roll,8.28,21.917781549776493,2.6470750663981275,0.3226197361946106,0.27749674331738894,-0.09129455124122579,-0.7620773315429688,1.0622913120823347,0.16648907264202756,1,8.28,89.38890347184561,23.14898239091356,89.38890347184561,23.14898239091356,,,,,,,off,5.0,legged_eval-seed1-no-roughness,,n/a,settle,0.0,auto,hold,8.0,0.8,2.0,1.0,0,WALK,first,on,1000,1,deterministic,20.0,1,200,lo,1.0,0.42,0.5,0.05,dead-reckoned-heading-hold,off,,,2.649,0.5676
6,box_jump_even,4,0,2,1,heading-only,0.04,3.2650512695312557,1.0826965332031193,2.443747716889517,1.2948828066029838,8.981912628516401,0,roll,9.02,22.08824273827713,2.4488073989220767,0.3234882950782776,0.2511143314336204,-0.10169661494422182,-0.9234580993652344,1.1391817727055362,0.17020036894901922,1,9.02,88.15289519132106,21.004981044235087,88.15289519132106,21.004981044235087,,,,,,,off,5.0,legged_eval-seed1-no-roughness,,n/a,settle,0.0,auto,hold,8.0,0.8,2.0,1.0,0,WALK,first,on,1000,1,deterministic,20.0,1,200,lo,1.0,0.42,0.5,0.05,dead-reckoned-heading-hold,off,,,2.649,0.5676
6,box_jump_even,5,0,2,1,heading-only,0.04,3.2029571533203125,2.0981956481933537,2.205144576822401,0.9064120158586649,8.897584717268963,0,below,8.9,-23.510728101200158,-2.6416548428314783,0.3238545060157776,0.2475232756539677,0.011033218898129627,0.09215164184570312,1.091633613739147,-0.18626763316237477,1,8.9,-10.965829257581055,73.92138731760708,13.396525022851664,73.92138731760708,,,,,,,off,5.0,legged_eval-seed1-no-roughness,,n/a,settle,0.0,auto,hold,8.0,0.8,2.0,1.0,0,WALK,first,on,1000,1,deterministic,20.0,1,200,lo,1.0,0.42,0.5,0.05,dead-reckoned-heading-hold,off,,,2.649,0.5676
6,box_jump_even,6,0,2,1,heading-only,0.04,3.2521453857422102,2.5693870544433537,2.323006770607354,0.874434162568876,8.566797541920556,0,below,8.72,-38.61149497195959,-4.427923735316466,0.3227868378162384,0.2582735534108039,0.06529668055543046,0.5633621215820312,1.3663941782933275,-0.2992247839079193,1,8.72,-74.36247103768622,66.02540229075477,74.36247103768622,66.02540229075477,,,,,,,off,5.0,legged_eval-seed1-no-roughness,,n/a,settle,0.0,auto,hold,8.0,0.8,2.0,1.0,0,WALK,first,on,1000,1,deterministic,20.0,1,200,lo,1.0,0.42,0.5,0.05,dead-reckoned-heading-hold,off,,,2.649,0.5676
6,box_jump_even,7,0,2,1,heading-only,0.04,3.0283233642578296,1.640561676025385,2.0599251391096423,1.0712353823226743,8.77903792626313,0,below,8.44,-109.60586517361233,-12.98647691630478,0.32276391983032227,0.24032267349026418,-0.04258747914391174,-0.3657684326171875,2.0003696256579335,-0.9431352320277041,1,8.44,-40.54630832128916,65.92450806007176,60.625156560960065,70.69384703650604,,,,,,,off,5.0,legged_eval-seed1-no-roughness,,n/a,settle,0.0,auto,hold,8.0,0.8,2.0,1.0,0,WALK,first,on,1000,1,deterministic,20.0,1,200,lo,1.0,0.42,0.5,0.05,dead-reckoned-heading-hold,off,,,2.649,0.5676
6,box_jump_even,8,0,2,1,heading-only,0.04,3.0286376953125114,2.6222854614257756,2.1219354595144377,1.101556356212585,9.142564710674753,0,below,7.96,-43.22322648909369,-5.4300535790318705,0.3228495717048645,0.2548539818231798,0.0781765655057507,0.6160011291503906,1.3938956294061196,-0.3718690712062809,1,7.96,-73.99461522521257,65.515638895441,73.99461522521257,65.515638895441,,,,,,,off,5.0,legged_eval-seed1-no-roughness,,n/a,settle,0.0,auto,hold,8.0,0.8,2.0,1.0,0,WALK,first,on,1000,1,deterministic,20.0,1,200,lo,1.0,0.42,0.5,0.05,dead-reckoned-heading-hold,off,,,2.649,0.5676
6,box_jump_even,9,0,2,1,heading-only,0.04,3.073950195312534,1.6615425109863224,2.101385943730076,0.8481922898987694,9.132323828550177,0,roll,7.54,25.436881725600017,3.3735917407957583,0.32274961471557617,0.27505970760113185,-0.04488826114239755,-0.34433746337890625,1.0855223527701272,0.21406364461186828,1,7.54,90.31984874865377,21.885497148712428,90.31984874865377,21.885497148712428,,,,,,,off,5.0,legged_eval-seed1-no-roughness,,n/a,settle,0.0,auto,hold,8.0,0.8,2.0,1.0,0,WALK,first,on,1000,1,deterministic,20.0,1,200,lo,1.0,0.42,0.5,0.05,dead-reckoned-heading-hold,off,,,2.649,0.5676
7,box_jump_uneven,0,0,2,1,heading-only,0.04,3.0493078231811523,2.6909782409667926,2.162663516047061,1.29812585851291,9.276462508938794,0,below,10.16,-42.97628720237762,-4.229949527793073,0.3382795453071594,0.20170352590365673,0.06800966938649533,0.6849250793457031,1.6962018988967522,-0.3660151508131375,1,10.16,-71.10787335802414,63.929164136313695,71.10787335802414,64.71527285748708,,,,,,,off,5.0,legged_eval-seed1-no-roughness,,n/a,settle,0.0,auto,hold,8.0,0.8,2.0,1.0,0,WALK,first,on,1000,1,deterministic,20.0,1,200,lo,1.0,0.42,0.5,0.05,dead-reckoned-heading-hold,off,,,2.649,0.5676
7,box_jump_uneven,1,0,1,1,heading-only,0.04,2.4902473449707045,2.913275909423824,1.7478300935520439,0.8379146528089362,10.150919743186122,0,roll,9.56,0.3600732766651049,0.037664568688818505,0.35770320892333984,0.15588361349065946,0.09553095286860082,0.9072227478027344,0.39868602694302646,0.0042170611794474224,1,9.56,-88.29056133828514,-3.606160963986507,88.29056133828514,16.641400488710303,,,,,,,off,5.0,legged_eval-seed1-no-roughness,,n/a,settle,0.0,auto,hold,8.0,0.8,2.0,1.0,0,WALK,first,on,1000,1,deterministic,20.0,1,200,lo,1.0,0.42,0.5,0.05,dead-reckoned-heading-hold,off,,,2.649,0.5676
7,box_jump_uneven,2,0,1,1,heading-only,0.04,2.074877929687503,2.1416236877441364,1.084167806503929,0.5482795671881043,10.176107625938846,1,timeout,20.0,23.829559416420437,1.191477970821022,0.35960835218429565,0.053743896484375143,0.007081184387206818,0.1355438232421875,0.3328023703294487,0.38693163161054966,0,20.0,-19.43896604140202,-10.21911621886337,19.668865800327424,14.743733727003178,,,,,,,off,5.0,legged_eval-seed1-no-roughness,,n/a,settle,0.0,auto,hold,8.0,0.8,2.0,1.0,0,WALK,first,on,1000,1,deterministic,20.0,1,200,lo,1.0,0.42,0.5,0.05,dead-reckoned-heading-hold,off,,,2.649,0.5676
7,box_jump_uneven,3,0,1,1,heading-only,0.04,1.3850219726562614,2.6499740600585895,0.7554523136354576,1.4174482604072551,11.583228524538942,0,roll,6.6000000000000005,36.45931880412809,5.52413921274668,0.3461463153362274,0.05833666252367596,0.09848091819069536,0.6437797546386719,0.30111257521219303,1.6527242634394321,1,6.6000000000000005,-89.17398932717506,5.288513993437803,89.17398932717506,11.174661782233827,,,,,,,off,5.0,legged_eval-seed1-no-roughness,,n/a,settle,0.0,auto,hold,8.0,0.8,2.0,1.0,0,WALK,first,on,1000,1,deterministic,20.0,1,200,lo,1.0,0.42,0.5,0.05,dead-reckoned-heading-hold,off,,,2.649,0.5676
7,box_jump_uneven,4,0,1,1,heading-only,0.04,1.4233154296875057,2.5944549560546832,0.729775751713835,1.1866257978941939,11.142552949033195,0,roll,7.140000000000001,32.74913183506882,4.586713142166501,0.3315456807613373,0.05928787530637334,0.08325699664631417,0.5884246826171875,0.19661507696511554,1.350246500850649,1,7.140000000000001,-90.3849341367739,-1.9855510292735437,90.3849341367739,19.464136894733663,,,,,,,off,5.0,legged_eval-seed1-no-roughness,,n/a,settle,0.0,auto,hold,8.0,0.8,2.0,1.0,0,WALK,first,on,1000,1,deterministic,20.0,1,200,lo,1.0,0.42,0.5,0.05,dead-reckoned-heading-hold,off,,,2.649,0.5676
7,box_jump_uneven,5,0,1,1,heading-only,0.04,1.3904266357421875,2.6096183776855426,0.7239250819725171,1.2365560520989398,11.276064336084469,0,roll,6.640000000000001,30.88377666771487,4.651171184896818,0.32918795943260193,0.05879919212984751,0.09180999663938894,0.6033668518066406,0.28401727918090264,1.380601472739077,1,6.640000000000001,-89.99267087309443,3.4599678977045385,89.99267087309443,19.36694258914532,,,,,,,off,5.0,legged_eval-seed1-no-roughness,,n/a,settle,0.0,auto,hold,8.0,0.8,2.0,1.0,0,WALK,first,on,1000,1,deterministic,20.0,1,200,lo,1.0,0.42,0.5,0.05,dead-reckoned-heading-hold,off,,,2.649,0.5676
7,box_jump_uneven,6,0,1,1,heading-only,0.04,1.2931915283203352,2.4944374084472614,0.5748300819814999,1.2249400626984361,10.967958799883563,0,roll,6.86,57.21768243694882,8.340770034540643,0.3285787105560303,0.042739289842614464,0.07207542397190399,0.4883918762207031,0.3608499122796446,3.4060907373633214,1,6.86,-86.90239671165749,5.075411335167877,86.90239671165749,18.204896222069465,,,,,,,off,5.0,legged_eval-seed1-no-roughness,,n/a,settle,0.0,auto,hold,8.0,0.8,2.0,1.0,0,WALK,first,on,1000,1,deterministic,20.0,1,200,lo,1.0,0.42,0.5,0.05,dead-reckoned-heading-hold,off,,,2.649,0.5676
7,box_jump_uneven,7,0,1,1,heading-only,0.04,1.3005096435547046,2.6113769531249957,0.6812399171230197,1.3444926866469178,10.31762004443476,0,roll,7.28,46.13313786658878,6.336969487168789,0.328477680683136,0.04127879719158029,0.08398035070398292,0.6052398681640625,0.2782886137177878,2.679365429089377,1,7.28,-86.49908272560681,-1.202498961288748,86.49908272560681,20.487850242742734,,,,,,,off,5.0,legged_eval-seed1-no-roughness,,n/a,settle,0.0,auto,hold,8.0,0.8,2.0,1.0,0,WALK,first,on,1000,1,deterministic,20.0,1,200,lo,1.0,0.42,0.5,0.05,dead-reckoned-heading-hold,off,,,2.649,0.5676
7,box_jump_uneven,8,0,1,1,heading-only,0.04,1.4282348632812614,2.648200225830074,0.7768839236949618,1.2924944094981559,11.539984202696001,0,roll,7.74,25.538199072075344,3.299508924040742,0.32814306020736694,0.05532750171592524,0.08374679920285191,0.6421585083007812,0.23834762835858603,1.0408439318139453,1,7.74,-90.32797098756727,0.5785317956643018,90.32797098756727,18.5508252260069,,,,,,,off,5.0,legged_eval-seed1-no-roughness,,n/a,settle,0.0,auto,hold,8.0,0.8,2.0,1.0,0,WALK,first,on,1000,1,deterministic,20.0,1,200,lo,1.0,0.42,0.5,0.05,dead-reckoned-heading-hold,off,,,2.649,0.5676
7,box_jump_uneven,9,0,1,1,heading-only,0.04,1.093817138671909,1.5303184509277301,0.4789597196503181,1.395838263358744,12.16525308062211,0,roll,16.1,-81.1756848527618,-5.04196800327713,0.32629111409187317,0.005827151470304913,-0.02917276702312235,-0.47565460205078125,0.47758578318423356,-15.101536811910867,1,16.1,88.06094809968013,0.10216461961348922,88.06094809968013,16.899453365125282,,,,,,,off,5.0,legged_eval-seed1-no-roughness,,n/a,settle,0.0,auto,hold,8.0,0.8,2.0,1.0,0,WALK,first,on,1000,1,deterministic,20.0,1,200,lo,1.0,0.42,0.5,0.05,dead-reckoned-heading-hold,off,,,2.649,0.5676
8,flat_circle_jump,0,0,1,1,heading-only,0.04,1.3344863653182983,2.5709732055664034,0.6617337304827527,1.2865153200942907,7.487316223527171,0,roll,6.96,33.622120376250535,4.830764421875077,0.3229973316192627,0.048058385821594586,0.08203638011011544,0.5647811889648438,0.3434248861184982,1.7543815321411675,1,6.96,-90.4358439773026,4.805454974454315,90.4358439773026,17.206991445219714,,,,,,,off,5.0,legged_eval-seed1-no-roughness,,n/a,settle,0.0,auto,hold,8.0,0.8,2.0,1.0,0,WALK,first,on,1000,1,deterministic,20.0,1,200,lo,1.0,0.42,0.5,0.05,dead-reckoned-heading-hold,off,,,2.649,0.5676
8,flat_circle_jump,1,0,1,1,heading-only,0.04,1.9202743530273452,2.0336578369140597,0.9208896431308325,0.8139828433685123,7.379802400780916,1,timeout,20.0,2.302050712807528,0.1151025356403764,0.3226260542869568,0.04601371765136726,0.0016828918457029828,0.02752685546875,0.12363361906162326,0.04365911573456605,0,20.0,0.5862686140325596,14.220959975317575,9.053725405433795,15.49237203047247,,,,,,,off,5.0,legged_eval-seed1-no-roughness,,n/a,settle,0.0,auto,hold,8.0,0.8,2.0,1.0,0,WALK,first,on,1000,1,deterministic,20.0,1,200,lo,1.0,0.42,0.5,0.05,dead-reckoned-heading-hold,off,,,2.649,0.5676
8,flat_circle_jump,2,0,1,1,heading-only,0.04,2.0941268920898466,2.1204727172851534,1.1007394476461063,0.7559182067303,7.756808708587192,1,timeout,20.0,-2.9321361727049577,-0.1466068086352479,0.3223690986633301,0.05470634460449233,0.00602363586425767,0.1143951416015625,0.4200092107970883,-0.046772847555897765,0,20.0,-2.364659759623851,55.514388643658464,28.415546330046666,56.21016157874488,,,,,,,off,5.0,legged_eval-seed1-no-roughness,,n/a,settle,0.0,auto,hold,8.0,0.8,2.0,1.0,0,WALK,first,on,1000,1,deterministic,20.0,1,200,lo,1.0,0.42,0.5,0.05,dead-reckoned-heading-hold,off,,,2.649,0.5676
8,flat_circle_jump,3,0,1,1,heading-only,0.04,2.667324829101574,1.3586242675781222,1.7864307755629079,0.7920500089385228,7.609752004993275,0,roll,4.58,25.19215164205633,5.5004697908419935,0.3225843012332916,0.3640447225112607,-0.14003836952442747,-0.6475143432617188,0.7816107051501194,0.26370745768387593,1,4.58,85.9465036751813,25.48584076607831,85.9465036751813,25.48584076607831,,,,,,,off,5.0,legged_eval-seed1-no-roughness,,n/a,settle,0.0,auto,hold,8.0,0.8,2.0,1.0,0,WALK,first,on,1000,1,deterministic,20.0,1,200,lo,1.0,0.42,0.5,0.05,dead-reckoned-heading-hold,off,,,2.649,0.5676
8,flat_circle_jump,4,0,1,1,heading-only,0.04,1.8673767089843807,2.002545166015622,0.8673804431497301,0.8326271810430578,9.232623641829772,1,timeout,20.0,-4.045804782471379,-0.20229023912356894,0.3219822943210602,0.04336883544921903,0.00012725830078110789,-0.003692626953125,0.08406997799994853,-0.08140939641985485,0,20.0,0.35017577410499057,10.066569202462443,9.036218774916595,10.84555405123962,,,,,,,off,5.0,legged_eval-seed1-no-roughness,,n/a,settle,0.0,auto,hold,8.0,0.8,2.0,1.0,0,WALK,first,on,1000,1,deterministic,20.0,1,200,lo,1.0,0.42,0.5,0.05,dead-reckoned-heading-hold,off,,,2.649,0.5676
8,flat_circle_jump,5,0,1,1,heading-only,0.04,2.1502838134765625,1.273899841308591,1.3602846363897052,1.3618855879779344,9.427719015098116,0,below,4.66,14.914173887379349,3.200466499437628,0.3229363262653351,0.24684202005934816,-0.15581548469772727,-0.73211669921875,0.5460792165274332,0.22629322998383247,1,4.66,46.75708061705872,60.83566862608368,47.848936988470975,60.83566862608368,,,,,,,off,5.0,legged_eval-seed1-no-roughness,,n/a,settle,0.0,auto,hold,8.0,0.8,2.0,1.0,0,WALK,first,on,1000,1,deterministic,20.0,1,200,lo,1.0,0.42,0.5,0.05,dead-reckoned-heading-hold,off,,,2.649,0.5676
8,flat_circle_jump,6,0,1,1,heading-only,0.04,2.2112823486328352,2.0220306396484347,1.2114826772153189,0.8418050319183381,9.888742191883846,0,below,4.72,11.625691017798886,2.4630701308895944,0.32285216450691223,0.2566276162357702,0.004667508400092089,0.01580047607421875,0.3503020135938293,0.16751386355884762,1,4.72,20.751424681273992,66.80962926547551,24.272053453020355,66.80962926547551,,,,,,,off,5.0,legged_eval-seed1-no-roughness,,n/a,settle,0.0,auto,hold,8.0,0.8,2.0,1.0,0,WALK,first,on,1000,1,deterministic,20.0,1,200,lo,1.0,0.42,0.5,0.05,dead-reckoned-heading-hold,off,,,2.649,0.5676
8,flat_circle_jump,7,0,1,1,heading-only,0.04,2.2111236572265796,2.020001220703122,1.211288802030094,0.8091510642246813,10.288895783596585,0,below,4.7,16.274264945338444,3.462609562837967,0.3223838806152344,0.25768588451629354,0.004255578873004714,0.01371002197265625,0.44670979397561505,0.23452560351144403,1,4.7,29.601404413815388,66.0578675606202,29.90717233058238,66.20075628255564,,,,,,,off,5.0,legged_eval-seed1-no-roughness,,n/a,settle,0.0,auto,hold,8.0,0.8,2.0,1.0,0,WALK,first,on,1000,1,deterministic,20.0,1,200,lo,1.0,0.42,0.5,0.05,dead-reckoned-heading-hold,off,,,2.649,0.5676
8,flat_circle_jump,8,0,1,1,heading-only,0.04,2.2132385253906364,2.0164459228515597,1.2133499857297916,0.9889960912141254,10.886773896495582,0,below,4.72,9.238882780964161,1.957390419695797,0.32474765181541443,0.25704206046411787,0.003484305688889758,0.01025390625,0.32289004801207644,0.1329078498242677,1,4.72,19.009786071103992,65.84062544099403,22.06746445250356,66.12908631447281,,,,,,,off,5.0,legged_eval-seed1-no-roughness,,n/a,settle,0.0,auto,hold,8.0,0.8,2.0,1.0,0,WALK,first,on,1000,1,deterministic,20.0,1,200,lo,1.0,0.42,0.5,0.05,dead-reckoned-heading-hold,off,,,2.649,0.5676
8,flat_circle_jump,9,0,1,1,heading-only,0.04,2.230841064453159,2.5237319946289034,1.33763407856639,1.3855428901716822,11.730855951668875,0,below,5.0,-26.282934794853787,-5.2565869589707575,0.32123637199401855,0.24616821289063182,0.10474639892578068,0.5174636840820312,0.6943002158449876,-0.3726912941931961,1,5.0,-61.828594455420834,61.630617470513705,61.828594455420834,61.630617470513705,,,,,,,off,5.0,legged_eval-seed1-no-roughness,,n/a,settle,0.0,auto,hold,8.0,0.8,2.0,1.0,0,WALK,first,on,1000,1,deterministic,20.0,1,200,lo,1.0,0.42,0.5,0.05,dead-reckoned-heading-hold,off,,,2.649,0.5676
9,bump_jump,0,0,1,1,heading-only,0.04,1.848100185394287,1.378652954101554,1.0513544007196383,0.9484564674132856,8.923558284716021,0,roll,5.98,-5.9237396655992995,-0.9905919173242975,0.32746726274490356,0.1418227734773055,-0.10390418827733211,-0.6273956298828125,0.32165332423456205,-0.12190630656168241,1,5.98,91.09813191968938,14.56613981181182,91.09813191968938,16.43402336149359,,,,,,,off,5.0,legged_eval-seed1-no-roughness,,n/a,settle,0.0,auto,hold,8.0,0.8,2.0,1.0,0,WALK,first,on,1000,1,deterministic,20.0,1,200,lo,1.0,0.42,0.5,0.05,dead-reckoned-heading-hold,off,,,2.649,0.5676
9,bump_jump,1,0,1,1,heading-only,0.04,2.7951904296875014,2.6764282226562415,1.9184013707374894,0.8956227107161829,7.933698348394019,0,roll,4.86,-36.49153081535033,-7.508545435257269,0.3223215639591217,0.36938074684928013,0.13918276186342415,0.6702957153320312,0.8833405454008814,-0.35477983354206183,1,4.86,-91.94733798428798,12.413084942349517,91.94733798428798,21.983601119756894,,,,,,,off,5.0,legged_eval-seed1-no-roughness,,n/a,settle,0.0,auto,hold,8.0,0.8,2.0,1.0,0,WALK,first,on,1000,1,deterministic,20.0,1,200,lo,1.0,0.42,0.5,0.05,dead-reckoned-heading-hold,off,,,2.649,0.5676
9,bump_jump,2,0,1,1,heading-only,0.04,3.0429718017578153,1.4635757446288977,2.1122227071329425,0.9454820154708354,7.825435468387634,0,roll,4.8,8.847416663917727,1.8432118049828599,0.3224088251590729,0.42561912536621155,-0.11175505320231298,-0.5426025390625,0.5934947278388324,0.0755842792094897,1,4.8,87.78074098833108,25.610104768494487,87.78074098833108,25.610104768494487,,,,,,,off,5.0,legged_eval-seed1-no-roughness,,n/a,settle,0.0,auto,hold,8.0,0.8,2.0,1.0,0,WALK,first,on,1000,1,deterministic,20.0,1,200,lo,1.0,0.42,0.5,0.05,dead-reckoned-heading-hold,off,,,2.649,0.5676
9,bump_jump,3,0,1,1,heading-only,0.04,1.9482925415039176,2.0856079101562415,0.9521488636517288,0.5681290566914783,9.052112274407278,1,timeout,20.0,-5.000218552429146,-0.2500109276214573,0.3222658634185791,0.04741462707519588,0.004280395507812074,0.0793609619140625,0.16779285399480234,-0.09202885527370014,0,20.0,-9.039877307249807,15.815711834659732,13.000614381161785,17.640664708469412,,,,,,,off,5.0,legged_eval-seed1-no-roughness,,n/a,settle,0.0,auto,hold,8.0,0.8,2.0,1.0,0,WALK,first,on,1000,1,deterministic,20.0,1,200,lo,1.0,0.42,0.5,0.05,dead-reckoned-heading-hold,off,,,2.649,0.5676
9,bump_jump,4,0,1,1,heading-only,0.04,2.973867797851568,2.9656204223632727,2.197402303512132,1.1934290246384776,8.381938931281848,0,roll,10.86,-31.508370976289513,-2.901323294317635,0.32199031114578247,0.1817557824909363,0.0889153243428428,0.9596633911132812,0.7703133525209644,-0.2786026582300147,1,10.86,-87.82772181756167,13.276632503520554,87.82772181756167,21.799894668999638,,,,,,,off,5.0,legged_eval-seed1-no-roughness,,n/a,settle,0.0,auto,hold,8.0,0.8,2.0,1.0,0,WALK,first,on,1000,1,deterministic,20.0,1,200,lo,1.0,0.42,0.5,0.05,dead-reckoned-heading-hold,off,,,2.649,0.5676
9,bump_jump,5,0,1,1,heading-only,0.04,2.0055389404296875,1.7753433227538977,1.0303296479048432,0.6073905156713366,9.397146866066015,0,roll,6.46,30.527114618512485,4.725559538469425,0.3225117325782776,0.1556561827290538,-0.03477657542509323,-0.23070526123046875,0.7977271177799271,0.5298637773282652,1,6.46,86.3279440621442,2.3535358424879638,86.3279440621442,22.943562045929507,,,,,,,off,5.0,legged_eval-seed1-no-roughness,,n/a,settle,0.0,auto,hold,8.0,0.8,2.0,1.0,0,WALK,first,on,1000,1,deterministic,20.0,1,200,lo,1.0,0.42,0.5,0.05,dead-reckoned-heading-hold,off,,,2.649,0.5676
9,bump_jump,6,0,1,1,heading-only,0.04,2.0056549072265852,1.763571166992179,1.0330732720898126,0.6228979042190552,9.297351735663167,0,roll,6.54,33.23876715888517,5.0823802995237255,0.3224545121192932,0.15376986349030355,-0.03615119770761789,-0.24262237548828125,0.8276828708216397,0.5768638148708387,1,6.54,87.96562684602125,0.7635691139742873,87.96562684602125,20.868566211834253,,,,,,,off,5.0,legged_eval-seed1-no-roughness,,n/a,settle,0.0,auto,hold,8.0,0.8,2.0,1.0,0,WALK,first,on,1000,1,deterministic,20.0,1,200,lo,1.0,0.42,0.5,0.05,dead-reckoned-heading-hold,off,,,2.649,0.5676
9,bump_jump,7,0,1,1,heading-only,0.04,1.979724121093767,1.967550659179679,0.9802613494230137,0.6705056148021221,9.770329764632107,1,timeout,20.0,-3.595721047230654,-0.17978605236153272,0.32252204418182373,0.048986206054688355,-0.0016224670410160513,-0.0387420654296875,0.17907842526592702,-0.06405596219002055,0,20.0,0.523029854873247,21.175601448914843,11.979811530520529,25.728680170106326,,,,,,,off,5.0,legged_eval-seed1-no-roughness,,n/a,settle,0.0,auto,hold,8.0,0.8,2.0,1.0,0,WALK,first,on,1000,1,deterministic,20.0,1,200,lo,1.0,0.42,0.5,0.05,dead-reckoned-heading-hold,off,,,2.649,0.5676
9,bump_jump,8,0,1,1,heading-only,0.04,1.9991882324218864,2.1483901977538977,1.0101469074346634,0.7163496243911802,10.201891019235077,1,timeout,20.0,-2.7408161356507037,-0.1370408067825352,0.3241305649280548,0.04995941162109432,0.007419509887694886,0.14231109619140625,0.2848796375512379,-0.047875129236604586,0,20.0,0.39525538196408116,29.33940322563603,16.75986449364162,31.073866148646722,,,,,,,off,5.0,legged_eval-seed1-no-roughness,,n/a,settle,0.0,auto,hold,8.0,0.8,2.0,1.0,0,WALK,first,on,1000,1,deterministic,20.0,1,200,lo,1.0,0.42,0.5,0.05,dead-reckoned-heading-hold,off,,,2.649,0.5676
9,bump_jump,9,0,1,1,heading-only,0.04,1.995001220703159,2.0018981933593665,0.9950030313214158,0.7050013347136651,10.104998957581794,1,timeout,20.0,-1.6490212150856678,-0.08245106075428339,0.3228467106819153,0.04975006103515796,9.490966796832367e-05,-0.00421905517578125,0.10568156855549758,-0.02892544153678857,0,20.0,1.815747817466797,28.42258038169397,11.63648091337788,29.911537607734452,,,,,,,off,5.0,legged_eval-seed1-no-roughness,,n/a,settle,0.0,auto,hold,8.0,0.8,2.0,1.0,0,WALK,first,on,1000,1,deterministic,20.0,1,200,lo,1.0,0.42,0.5,0.05,dead-reckoned-heading-hold,off,,,2.649,0.5676
10,sideways_ramp,0,0,1,1,heading-only,0.04,1.5260493755340576,2.7099380493164062,0.8835949181423329,1.1719924957545138,8.902303731019668,0,roll,6.48,20.516323594847563,3.166099320192525,0.3450028598308563,0.08118045918735456,0.10955834094388985,0.70379638671875,0.39602939936745934,0.6806916114502761,1,6.48,-94.53370801660999,-10.28251221430355,94.53370801660999,11.994558106303318,,,,,,,off,5.0,legged_eval-seed1-no-roughness,,n/a,settle,0.0,auto,hold,8.0,0.8,2.0,1.0,0,WALK,first,on,1000,1,deterministic,20.0,1,200,lo,1.0,0.42,0.5,0.05,dead-reckoned-heading-hold,off,,,2.649,0.5676
10,sideways_ramp,1,0,1,1,heading-only,0.04,1.530313110351564,2.5768508911132812,0.7835744671624623,1.0438343893157738,8.938320376890976,0,roll,6.24,20.167869967102916,3.23203044344598,0.3317430317401886,0.0849860753768532,0.09244405306302583,0.5707015991210938,0.24326871409642273,0.6637507675544275,1,6.24,-92.90932159077222,0.2582343885224277,92.90932159077222,13.235831154669857,,,,,,,off,5.0,legged_eval-seed1-no-roughness,,n/a,settle,0.0,auto,hold,8.0,0.8,2.0,1.0,0,WALK,first,on,1000,1,deterministic,20.0,1,200,lo,1.0,0.42,0.5,0.05,dead-reckoned-heading-hold,off,,,2.649,0.5676
10,sideways_ramp,2,0,1,1,heading-only,0.04,2.156787109375003,2.562347412109375,1.2862313276865425,1.211670354739608,8.461919317053454,0,below,4.86,-36.68582071617473,-7.548522781105912,0.3226895034313202,0.23802203896604995,0.11570934405542695,0.5561370849609375,0.8792620323033559,-0.5535057878018133,1,4.86,-61.24330233591851,62.47935431619422,61.24330233591851,64.33623053801037,,,,,,,off,5.0,legged_eval-seed1-no-roughness,,n/a,settle,0.0,auto,hold,8.0,0.8,2.0,1.0,0,WALK,first,on,1000,1,deterministic,20.0,1,200,lo,1.0,0.42,0.5,0.05,dead-reckoned-heading-hold,off,,,2.649,0.5676
10,sideways_ramp,3,0,1,1,heading-only,0.04,2.685643005371105,2.3985137939453125,1.7321101539801729,1.0364934720603014,8.074197606003006,0,below,4.84,-22.341692695169513,-4.616052209745767,0.32215678691864014,0.3482733482171705,0.08233756073250259,0.3923187255859375,0.3281696793930917,-0.23132780592153135,1,4.84,-20.349418322962173,77.4257024035027,20.349418322962173,77.4257024035027,,,,,,,off,5.0,legged_eval-seed1-no-roughness,,n/a,settle,0.0,auto,hold,8.0,0.8,2.0,1.0,0,WALK,first,on,1000,1,deterministic,20.0,1,200,lo,1.0,0.42,0.5,0.05,dead-reckoned-heading-hold,off,,,2.649,0.5676
10,sideways_ramp,4,0,1,1,heading-only,0.04,1.3721984863281307,2.5597686767578125,0.672214760849644,1.2190949838208645,9.144949504752317,0,roll,7.1000000000000005,35.429126064680275,4.990017755588771,0.3318324685096741,0.05242232201804657,0.07884065869828344,0.5536117553710938,0.22243088810265904,1.6613579142491992,1,7.1000000000000005,-89.29877155101619,-1.896572235178888,89.29877155101619,21.217566588000544,,,,,,,off,5.0,legged_eval-seed1-no-roughness,,n/a,settle,0.0,auto,hold,8.0,0.8,2.0,1.0,0,WALK,first,on,1000,1,deterministic,20.0,1,200,lo,1.0,0.42,0.5,0.05,dead-reckoned-heading-hold,off,,,2.649,0.5676
10,sideways_ramp,5,0,1,1,heading-only,0.04,1.35980224609375,2.6028823852539062,0.7020860536597682,1.2263443937728065,9.359634675163587,0,roll,8.66,40.802722853845324,4.711630814531793,0.3299005627632141,0.041547603475028866,0.0696169036089961,0.5966339111328125,0.22398295168523347,1.979259066083713,1,8.66,-87.25764095722367,-2.208385021335629,87.25764095722367,19.56157383049066,,,,,,,off,5.0,legged_eval-seed1-no-roughness,,n/a,settle,0.0,auto,hold,8.0,0.8,2.0,1.0,0,WALK,first,on,1000,1,deterministic,20.0,1,200,lo,1.0,0.42,0.5,0.05,dead-reckoned-heading-hold,off,,,2.649,0.5676
10,sideways_ramp,6,0,1,1,heading-only,0.04,2.5839324951172102,2.7756118774414062,1.76363713204174,1.2905078238539887,8.252595896396436,0,roll,4.78,-18.627317771946764,-3.896928404172963,0.329824298620224,0.33136663077765904,0.1622618990463193,0.769561767578125,0.6548925339315341,-0.2052537131083149,1,4.78,-90.81228415625998,10.059067756989442,90.81228415625998,12.495954928483332,,,,,,,off,5.0,legged_eval-seed1-no-roughness,,n/a,settle,0.0,auto,hold,8.0,0.8,2.0,1.0,0,WALK,first,on,1000,1,deterministic,20.0,1,200,lo,1.0,0.42,0.5,0.05,dead-reckoned-heading-hold,off,,,2.649,0.5676
10,sideways_ramp,7,0,1,1,heading-only,0.04,1.5450164794922046,2.5792922973632812,0.7953757154342248,1.0381260247470054,9.372902231153217,0,roll,14.46,16.07044206171554,1.1113722034381424,0.3248979449272156,0.03769131946695744,0.040061707978096904,0.5730819702148438,0.20769855583808494,0.5146305419778298,1,14.46,-91.26210153472132,-1.857263201019814,91.26210153472132,20.22501415171602,,,,,,,off,5.0,legged_eval-seed1-no-roughness,,n/a,settle,0.0,auto,hold,8.0,0.8,2.0,1.0,0,WALK,first,on,1000,1,deterministic,20.0,1,200,lo,1.0,0.42,0.5,0.05,dead-reckoned-heading-hold,off,,,2.649,0.5676
10,sideways_ramp,8,0,1,1,heading-only,0.04,2.1036804199218864,3.1005172729492188,1.558604740586444,1.6756475252000917,8.964130763154943,0,roll,5.0200000000000005,-20.949513918211892,-4.17320994386691,0.324253648519516,0.21985665735495744,0.21922654839625869,1.0943450927734375,0.7284662155610773,-0.33128973565649905,1,5.0200000000000005,-86.23445062955737,24.516708148699724,86.23445062955737,24.516708148699724,,,,,,,off,5.0,legged_eval-seed1-no-roughness,,n/a,settle,0.0,auto,hold,8.0,0.8,2.0,1.0,0,WALK,first,on,1000,1,deterministic,20.0,1,200,lo,1.0,0.42,0.5,0.05,dead-reckoned-heading-hold,off,,,2.649,0.5676
10,sideways_ramp,9,0,1,1,heading-only,0.04,2.130895996093784,2.4981765747070312,1.23576116364279,1.0095647878065739,8.883084246571801,0,below,5.0,-39.56770181895331,-7.913540363790662,0.3325754404067993,0.22617919921875682,0.09963531494140625,0.4920806884765625,1.0794490484408827,-0.610654451491059,1,5.0,-82.64867671342623,59.54546784839946,82.64867671342623,59.54546784839946,,,,,,,off,5.0,legged_eval-seed1-no-roughness,,n/a,settle,0.0,auto,hold,8.0,0.8,2.0,1.0,0,WALK,first,on,1000,1,deterministic,20.0,1,200,lo,1.0,0.42,0.5,0.05,dead-reckoned-heading-hold,off,,,2.649,0.5676
11,stepping_stones_cylinder,0,0,1,1,heading-only,0.04,2.139111280441284,2.700028991699213,1.3370172393982056,0.5324198132080245,4.515481010646111,0,roll,4.92,-36.25501386785024,-7.368905257693138,0.32329031825065613,0.23152668301652118,0.14228231538601893,0.69390869140625,0.8929766448632375,-0.5554938952979733,1,4.92,-88.13857865932097,13.26240737643012,88.13857865932097,15.902123291283033,,,,,,,off,5.0,legged_eval-seed1-no-roughness,,n/a,settle,0.0,auto,hold,8.0,0.8,2.0,1.0,0,WALK,first,on,1000,1,deterministic,20.0,1,200,lo,1.0,0.42,0.5,0.05,dead-reckoned-heading-hold,off,,,2.649,0.5676
11,stepping_stones_cylinder,1,0,1,1,heading-only,0.04,2.135060882568361,2.6833511352539006,1.324889422249895,0.5474495671873363,4.269974301762039,0,roll,4.92,-37.42324363057037,-7.606350331416742,0.32377734780311584,0.2307034314163335,0.13889250716542695,0.6772308349609375,0.9191187025187283,-0.575439457178291,1,4.92,-89.35942038712894,18.102035198559737,89.35942038712894,18.102035198559737,,,,,,,off,5.0,legged_eval-seed1-no-roughness,,n/a,settle,0.0,auto,hold,8.0,0.8,2.0,1.0,0,WALK,first,on,1000,1,deterministic,20.0,1,200,lo,1.0,0.42,0.5,0.05,dead-reckoned-heading-hold,off,,,2.649,0.5676
11,stepping_stones_cylinder,2,0,1,1,heading-only,0.04,2.075953674316409,2.5945755004882756,1.229307258197016,0.48252210363573983,4.166686707944963,0,roll,4.98,-30.165911703038233,-6.057411988561894,0.3239140212535858,0.21605495468200983,0.11939267078077821,0.5884780883789062,0.8303230312352591,-0.489328205899206,1,4.98,-88.6687950840358,11.572854848065264,88.6687950840358,14.790358937851035,,,,,,,off,5.0,legged_eval-seed1-no-roughness,,n/a,settle,0.0,auto,hold,8.0,0.8,2.0,1.0,0,WALK,first,on,1000,1,deterministic,20.0,1,200,lo,1.0,0.42,0.5,0.05,dead-reckoned-heading-hold,off,,,2.649,0.5676
11,stepping_stones_cylinder,3,0,1,1,heading-only,0.04,2.1358840942382926,2.6901565551757756,1.3291157760690524,0.5601541809883034,3.728546827050454,0,roll,4.94,-28.84914581389569,-5.839908059493054,0.32262566685676575,0.2299360514652414,0.13970780469145253,0.683990478515625,0.7859493007579212,-0.4432781332131139,1,4.94,-91.60752096024554,18.967628561904164,91.60752096024554,20.767893907759824,,,,,,,off,5.0,legged_eval-seed1-no-roughness,,n/a,settle,0.0,auto,hold,8.0,0.8,2.0,1.0,0,WALK,first,on,1000,1,deterministic,20.0,1,200,lo,1.0,0.42,0.5,0.05,dead-reckoned-heading-hold,off,,,2.649,0.5676
11,stepping_stones_cylinder,4,0,1,1,heading-only,0.04,2.055044555664068,2.561471557617182,1.1951440601239063,0.4858046607401654,4.133268730812164,0,roll,4.78,-34.23213670273219,-7.161534875048575,0.32181334495544434,0.2207206183397632,0.1174626689575694,0.5552444458007812,0.7826264712525828,-0.5662921932992825,1,4.78,-90.478470014866,12.422737354471218,90.478470014866,16.36113934699247,,,,,,,off,5.0,legged_eval-seed1-no-roughness,,n/a,settle,0.0,auto,hold,8.0,0.8,2.0,1.0,0,WALK,first,on,1000,1,deterministic,20.0,1,200,lo,1.0,0.42,0.5,0.05,dead-reckoned-heading-hold,off,,,2.649,0.5676
11,stepping_stones_cylinder,5,0,1,1,heading-only,0.04,2.0386505126953125,2.5076232910156193,1.1560606788156769,0.4598128570169124,4.291477701041163,0,roll,4.74,-30.75608330421295,-6.488625169665179,0.32114216685295105,0.2191245807374077,0.10709352131131208,0.5014877319335938,0.7122034456622857,-0.5168195770521333,1,4.74,-90.40618393724574,14.31832475742266,90.40618393724574,17.132875262929357,,,,,,,off,5.0,legged_eval-seed1-no-roughness,,n/a,settle,0.0,auto,hold,8.0,0.8,2.0,1.0,0,WALK,first,on,1000,1,deterministic,20.0,1,200,lo,1.0,0.42,0.5,0.05,dead-reckoned-heading-hold,off,,,2.649,0.5676
11,stepping_stones_cylinder,6,0,1,1,heading-only,0.04,2.0246063232422102,2.586991882324213,1.1808376635009756,0.5215439751408493,4.018496529191029,0,roll,4.96,-26.825396049560737,-5.40834597773402,0.3233073055744171,0.2065738554923811,0.11834513756536554,0.5808639526367188,0.7407959599516968,-0.4569476818518886,1,4.96,-86.52031937894898,4.357210881922401,86.52031937894898,12.966944088942073,,,,,,,off,5.0,legged_eval-seed1-no-roughness,,n/a,settle,0.0,auto,hold,8.0,0.8,2.0,1.0,0,WALK,first,on,1000,1,deterministic,20.0,1,200,lo,1.0,0.42,0.5,0.05,dead-reckoned-heading-hold,off,,,2.649,0.5676
11,stepping_stones_cylinder,7,0,1,1,heading-only,0.04,2.0739166259765796,2.5562683105468693,1.2094343111006851,0.485311090010055,3.8168363969254333,0,roll,5.54,-29.20870881927513,-5.272330111782515,0.3227672874927521,0.19384776642176527,0.10040944233698001,0.5501480102539062,0.7888722090127213,-0.47469992252804,1,5.54,-87.08815620759958,-1.7131407572084887,87.08815620759958,22.05588507209654,,,,,,,off,5.0,legged_eval-seed1-no-roughness,,n/a,settle,0.0,auto,hold,8.0,0.8,2.0,1.0,0,WALK,first,on,1000,1,deterministic,20.0,1,200,lo,1.0,0.42,0.5,0.05,dead-reckoned-heading-hold,off,,,2.649,0.5676
11,stepping_stones_cylinder,8,0,1,1,heading-only,0.04,2.1288574218750114,2.9565979003906193,1.4796616579319877,0.8736487611269044,3.600543061914979,0,roll,4.86,-38.089742896241006,-7.837395657662758,0.32240068912506104,0.23227518968621633,0.1968308437017735,0.9503707885742188,0.8681382661637129,-0.5889064570026213,1,4.86,-87.09555208320637,6.693737846723627,87.09555208320637,15.024591227602105,,,,,,,off,5.0,legged_eval-seed1-no-roughness,,n/a,settle,0.0,auto,hold,8.0,0.8,2.0,1.0,0,WALK,first,on,1000,1,deterministic,20.0,1,200,lo,1.0,0.42,0.5,0.05,dead-reckoned-heading-hold,off,,,2.649,0.5676
11,stepping_stones_cylinder,9,0,1,1,heading-only,0.04,2.009039306640659,2.577989196777338,1.1628550356502632,0.5543481138626671,3.9336556317067894,0,roll,5.1000000000000005,-16.952093208532318,-3.323939844810258,0.3285348415374756,0.1978508444393449,0.11333121505438,0.5718536376953125,0.6149283117549464,-0.29321934204811345,1,5.1000000000000005,-89.35387962143557,8.382402598611336,89.35387962143557,12.674971391355761,,,,,,,off,5.0,legged_eval-seed1-no-roughness,,n/a,settle,0.0,auto,hold,8.0,0.8,2.0,1.0,0,WALK,first,on,1000,1,deterministic,20.0,1,200,lo,1.0,0.42,0.5,0.05,dead-reckoned-heading-hold,off,,,2.649,0.5676
12,stepping_stones_randomly_arranged,0,0,2,1,heading-only,0.04,2.3924989700317383,3.502688598632801,2.0486889480837407,1.337516389149002,4.279969337466998,0,roll,7.78,-20.64029760421687,-2.652994550670549,0.32253721356391907,0.17898444344880954,0.19314763478570707,1.4965362548828125,0.8462568566989084,-0.2587011980173106,1,7.78,-87.41598220255356,-6.65242644087204,87.41598220255356,22.2509001939366,,,,,,,off,5.0,legged_eval-seed1-no-roughness,,n/a,settle,0.0,auto,hold,8.0,0.8,2.0,1.0,0,WALK,first,on,1000,1,deterministic,20.0,1,200,lo,1.0,0.42,0.5,0.05,dead-reckoned-heading-hold,off,,,2.649,0.5676
12,stepping_stones_randomly_arranged,1,0,2,1,heading-only,0.04,2.0229011535644545,2.502200317382801,1.1395314514057424,0.7588546513587417,4.1079118980797835,0,roll,5.34,-42.46871424274525,-7.952942742087125,0.3225760757923126,0.19155452313941096,0.0940450032552062,0.49603271484375,1.0370000532479968,-0.7246241633823807,1,5.34,-87.10266709852444,0.5198297218604105,87.10266709852444,24.30446348795366,,,,,,,off,5.0,legged_eval-seed1-no-roughness,,n/a,settle,0.0,auto,hold,8.0,0.8,2.0,1.0,0,WALK,first,on,1000,1,deterministic,20.0,1,200,lo,1.0,0.42,0.5,0.05,dead-reckoned-heading-hold,off,,,2.649,0.5676
12,stepping_stones_randomly_arranged,2,0,2,1,heading-only,0.04,2.037989807128909,2.505465698242176,1.1545208581064963,0.6691902565163999,4.093338781372492,0,roll,5.34,-42.589868534246534,-7.9756308116566546,0.3226936161518097,0.19438011369455227,0.09465649779816032,0.499298095703125,1.0390588828902798,-0.7161278740975323,1,5.34,-86.84045512965852,0.3169199238323573,86.84045512965852,24.18344419552603,,,,,,,off,5.0,legged_eval-seed1-no-roughness,,n/a,settle,0.0,auto,hold,8.0,0.8,2.0,1.0,0,WALK,first,on,1000,1,deterministic,20.0,1,200,lo,1.0,0.42,0.5,0.05,dead-reckoned-heading-hold,off,,,2.649,0.5676
12,stepping_stones_randomly_arranged,3,0,2,1,heading-only,0.04,2.200474548339855,2.7382690429687386,1.4093190983655037,0.8007196811680379,3.9687957780605427,0,roll,5.4,-39.28350144049401,-7.274722488980371,0.32351815700531006,0.2223101015444176,0.1367164894386553,0.7321014404296875,0.9890044102357056,-0.5711295110726949,1,5.4,-86.85718458252296,0.44019913593824805,86.85718458252296,23.487385387779554,,,,,,,off,5.0,legged_eval-seed1-no-roughness,,n/a,settle,0.0,auto,hold,8.0,0.8,2.0,1.0,0,WALK,first,on,1000,1,deterministic,20.0,1,200,lo,1.0,0.42,0.5,0.05,dead-reckoned-heading-hold,off,,,2.649,0.5676
12,stepping_stones_randomly_arranged,4,0,2,1,heading-only,0.04,1.9582122802734432,2.4922058105468636,1.077235969508504,0.7782964422162507,4.369598055096661,0,roll,5.5600000000000005,-17.47687294877369,-3.1433224728010227,0.3228772282600403,0.1723403381786768,0.08852622491850065,0.48596954345703125,0.6839651580551629,-0.31833131570990264,1,5.5600000000000005,-87.15702058671918,2.268620786986635,87.15702058671918,23.203634258785833,,,,,,,off,5.0,legged_eval-seed1-no-roughness,,n/a,settle,0.0,auto,hold,8.0,0.8,2.0,1.0,0,WALK,first,on,1000,1,deterministic,20.0,1,200,lo,1.0,0.42,0.5,0.05,dead-reckoned-heading-hold,off,,,2.649,0.5676
12,stepping_stones_randomly_arranged,5,0,2,1,heading-only,0.04,2.0124053955078125,2.49456329345702,1.1267464382408248,0.7315252215031974,3.968531733596312,0,roll,5.26,-32.32190465829629,-6.1448487943529075,0.3230159282684326,0.1924725086516754,0.09402343982072622,0.4884796142578125,0.9285878425417096,-0.5572112310997751,1,5.26,-86.74907786349591,-0.35686395792151077,86.74907786349591,17.32212171711652,,,,,,,off,5.0,legged_eval-seed1-no-roughness,,n/a,settle,0.0,auto,hold,8.0,0.8,2.0,1.0,0,WALK,first,on,1000,1,deterministic,20.0,1,200,lo,1.0,0.42,0.5,0.05,dead-reckoned-heading-hold,off,,,2.649,0.5676
12,stepping_stones_randomly_arranged,6,0,2,1,heading-only,0.04,2.0106445312500227,2.48119659423827,1.1193536218961764,0.7102229721984686,3.9686359963439295,0,roll,4.82,-38.91865194671291,-8.074409117575293,0.3220686614513397,0.20967728864108354,0.099833318306695,0.47489166259765625,0.8316039537688276,-0.6721043808228946,1,4.82,-87.06874714754278,12.380018626970163,87.06874714754278,16.294431163647538,,,,,,,off,5.0,legged_eval-seed1-no-roughness,,n/a,settle,0.0,auto,hold,8.0,0.8,2.0,1.0,0,WALK,first,on,1000,1,deterministic,20.0,1,200,lo,1.0,0.42,0.5,0.05,dead-reckoned-heading-hold,off,,,2.649,0.5676
12,stepping_stones_randomly_arranged,7,0,2,1,heading-only,0.04,2.0665618896484546,2.4852478027343636,1.1717592306054219,0.6638425511343476,3.9136373090757197,0,roll,5.0200000000000005,-53.70725214309218,-10.698655805396847,0.3225325345993042,0.21246252781841724,0.09666290891122781,0.47922515869140625,1.1008294479786307,-0.8788691881768828,1,5.0200000000000005,-88.15506197046767,0.9833687788391102,88.15506197046767,17.32302176882931,,,,,,,off,5.0,legged_eval-seed1-no-roughness,,n/a,settle,0.0,auto,hold,8.0,0.8,2.0,1.0,0,WALK,first,on,1000,1,deterministic,20.0,1,200,lo,1.0,0.42,0.5,0.05,dead-reckoned-heading-hold,off,,,2.649,0.5676
12,stepping_stones_randomly_arranged,8,0,2,1,heading-only,0.04,2.1378295898437614,2.64513702392577,1.3079976892807654,0.6321420223247143,3.817083700247453,0,roll,4.9,-41.897083588289405,-8.550425222099879,0.32191118597984314,0.2322101203762778,0.13166061712770813,0.63897705078125,0.9077311207908718,-0.6426639473309351,1,4.9,-87.52866202358189,9.583174681331428,87.52866202358189,15.471518291952604,,,,,,,off,5.0,legged_eval-seed1-no-roughness,,n/a,settle,0.0,auto,hold,8.0,0.8,2.0,1.0,0,WALK,first,on,1000,1,deterministic,20.0,1,200,lo,1.0,0.42,0.5,0.05,dead-reckoned-heading-hold,off,,,2.649,0.5676
12,stepping_stones_randomly_arranged,9,0,2,1,heading-only,0.04,2.050299072265659,2.4957458496093636,1.1614181368512435,0.6360359157674833,3.584151311505014,0,roll,4.84,-41.0615266073404,-8.483786489119916,0.32254350185394287,0.21700394055075603,0.1024268284316867,0.48961639404296875,0.8914137388609266,-0.6823378731996799,1,4.84,-86.76185036570823,15.331811540887907,86.76185036570823,17.50718835072585,,,,,,,off,5.0,legged_eval-seed1-no-roughness,,n/a,settle,0.0,auto,hold,8.0,0.8,2.0,1.0,0,WALK,first,on,1000,1,deterministic,20.0,1,200,lo,1.0,0.42,0.5,0.05,dead-reckoned-heading-hold,off,,,2.649,0.5676
13,staircase_walking_full_width,0,0,0,1,heading-only,0.04,1.4873238801956177,2.6134307861328097,0.7834423358387199,0.7994586500834138,14.275861705263669,0,roll,5.7,23.983003762381514,4.2075445197160555,0.33058544993400574,0.08549541757817854,0.10761943616365081,0.6072540283203125,0.326244568108776,0.8589408341814097,1,5.7,-88.85922109168163,-8.889219912458993,88.85922109168163,14.488857028454875,,,,,,,off,5.0,legged_eval-seed1-no-roughness,,n/a,settle,0.0,auto,hold,8.0,0.8,2.0,1.0,0,WALK,first,on,1000,1,deterministic,20.0,1,200,lo,1.0,0.42,0.5,0.05,dead-reckoned-heading-hold,off,,,2.649,0.5676
13,staircase_walking_full_width,1,0,0,1,heading-only,0.04,1.5988784790039077,2.6768081665039034,0.9037282372817668,0.7867450469196448,14.1672971874047,0,roll,6.0,20.94846315550862,3.4914105259181034,0.33526811003685,0.09981307983398462,0.1128013610839839,0.6706924438476562,0.26119676973617556,0.6105072533320415,1,6.0,-89.43724967236723,7.966863066706056,89.43724967236723,13.610290416367942,,,,,,,off,5.0,legged_eval-seed1-no-roughness,,n/a,settle,0.0,auto,hold,8.0,0.8,2.0,1.0,0,WALK,first,on,1000,1,deterministic,20.0,1,200,lo,1.0,0.42,0.5,0.05,dead-reckoned-heading-hold,off,,,2.649,0.5676
13,staircase_walking_full_width,2,0,0,1,heading-only,0.04,1.6730377197265653,2.645550537109372,0.9325852605188083,0.7236296212039712,11.345343097266797,0,roll,5.8,4.429587683638289,0.7637220144203947,0.3324461281299591,0.11604098615975265,0.1113018167429952,0.6394424438476562,0.3644295761080317,0.11486858361621419,1,5.8,-93.11681782258641,-9.344196525412514,93.11681782258641,12.757148349811423,,,,,,,off,5.0,legged_eval-seed1-no-roughness,,n/a,settle,0.0,auto,hold,8.0,0.8,2.0,1.0,0,WALK,first,on,1000,1,deterministic,20.0,1,200,lo,1.0,0.42,0.5,0.05,dead-reckoned-heading-hold,off,,,2.649,0.5676
13,staircase_walking_full_width,3,0,0,1,heading-only,0.04,1.4054840087890739,2.6359451293945284,0.7542171364960367,0.8705604352405028,11.61194330325663,0,roll,7.18,34.14145242917695,4.75507693999679,0.33023154735565186,0.05647409593162589,0.08857174504102067,0.6297149658203125,0.216131862109848,1.4695542694314274,1,7.18,-86.62465504088324,-3.1713391513400104,86.62465504088324,20.226708003788158,,,,,,,off,5.0,legged_eval-seed1-no-roughness,,n/a,settle,0.0,auto,hold,8.0,0.8,2.0,1.0,0,WALK,first,on,1000,1,deterministic,20.0,1,200,lo,1.0,0.42,0.5,0.05,dead-reckoned-heading-hold,off,,,2.649,0.5676
13,staircase_walking_full_width,4,0,0,1,heading-only,0.04,1.4716552734375057,2.586590576171872,0.7526932981069097,0.789453389466437,11.543258666360853,0,roll,7.12,24.4120164667913,3.4286539981448456,0.3323245644569397,0.06624371817942495,0.08238631687807194,0.5804672241210938,0.2003539497473275,0.9033505791026324,1,7.12,-91.79873422456657,-1.4292148581550526,91.79873422456657,20.719215527650334,,,,,,,off,5.0,legged_eval-seed1-no-roughness,,n/a,settle,0.0,auto,hold,8.0,0.8,2.0,1.0,0,WALK,first,on,1000,1,deterministic,20.0,1,200,lo,1.0,0.42,0.5,0.05,dead-reckoned-heading-hold,off,,,2.649,0.5676
13,staircase_walking_full_width,5,0,0,1,heading-only,0.04,1.4491119384765625,2.6175201416015597,0.763565752614525,0.8275317405469478,11.567382855906875,0,roll,7.08,24.852331127692054,3.5102162609734537,0.33105579018592834,0.06343388961533368,0.08722035898327114,0.6114654541015625,0.2930026478304021,0.9658060002712168,1,7.08,-90.46099680815502,-3.8273709247791916,90.46099680815502,18.60937413323033,,,,,,,off,5.0,legged_eval-seed1-no-roughness,,n/a,settle,0.0,auto,hold,8.0,0.8,2.0,1.0,0,WALK,first,on,1000,1,deterministic,20.0,1,200,lo,1.0,0.42,0.5,0.05,dead-reckoned-heading-hold,off,,,2.649,0.5676
13,staircase_walking_full_width,6,0,0,1,heading-only,0.04,1.3756042480468977,2.5906951904296847,0.6999995422481624,0.859529442808006,11.63939420270755,0,roll,6.48,37.32148164650894,5.759487908411874,0.32896775007247925,0.05796361852575582,0.09115666518976615,0.584625244140625,0.2718620557640673,1.7342262230561467,1,6.48,-88.13377079033003,-2.344920099677107,88.13377079033003,19.673627210981454,,,,,,,off,5.0,legged_eval-seed1-no-roughness,,n/a,settle,0.0,auto,hold,8.0,0.8,2.0,1.0,0,WALK,first,on,1000,1,deterministic,20.0,1,200,lo,1.0,0.42,0.5,0.05,dead-reckoned-heading-hold,off,,,2.649,0.5676
13,staircase_walking_full_width,7,0,0,1,heading-only,0.04,1.4246246337890796,2.577282714843747,0.7166319923628005,0.8150534613752143,11.589761438508528,0,roll,6.28,28.85509122128073,4.594759748611581,0.3302171528339386,0.06761538754603177,0.09192399917894063,0.5711593627929688,0.3591085426034354,1.186027158341496,1,6.28,-92.68927050843732,0.06878861023020684,92.68927050843732,15.481957342828402,,,,,,,off,5.0,legged_eval-seed1-no-roughness,,n/a,settle,0.0,auto,hold,8.0,0.8,2.0,1.0,0,WALK,first,on,1000,1,deterministic,20.0,1,200,lo,1.0,0.42,0.5,0.05,dead-reckoned-heading-hold,off,,,2.649,0.5676
13,staircase_walking_full_width,8,0,0,1,heading-only,0.04,1.5545471191406364,2.5839202880859347,0.8052859182834009,0.7344325509563607,8.715036643989729,0,roll,6.84,9.06722424029121,1.3256175789899431,0.3297721743583679,0.08107414022523923,0.08536846317045829,0.5778961181640625,0.24995946570259625,0.2853732560273012,1,6.84,-88.26539303230506,-1.6991758440798035,88.26539303230506,20.579518819347,,,,,,,off,5.0,legged_eval-seed1-no-roughness,,n/a,settle,0.0,auto,hold,8.0,0.8,2.0,1.0,0,WALK,first,on,1000,1,deterministic,20.0,1,200,lo,1.0,0.42,0.5,0.05,dead-reckoned-heading-hold,off,,,2.649,0.5676
13,staircase_walking_full_width,9,0,0,1,heading-only,0.04,1.327947998046909,2.4875076293945284,0.587548787881354,0.8302515173409983,8.93536096720625,0,roll,6.86,51.80287269133245,7.551439167832719,0.3287311792373657,0.04780583061908296,0.07106525209832776,0.48137664794921875,0.34727462801204345,2.756933098661216,1,6.86,-89.93977226730472,7.492512057515574,89.93977226730472,17.22892010622653,,,,,,,off,5.0,legged_eval-seed1-no-roughness,,n/a,settle,0.0,auto,hold,8.0,0.8,2.0,1.0,0,WALK,first,on,1000,1,deterministic,20.0,1,200,lo,1.0,0.42,0.5,0.05,dead-reckoned-heading-hold,off,,,2.649,0.5676
14,staircase_walking,0,0,1,1,heading-only,0.04,1.6021729707717896,2.7305282592773352,0.9467226755132128,0.9763971514713785,3.9656937712567757,0,roll,5.98,21.592959273920485,3.610862754836201,0.34056365489959717,0.1006978211992959,0.12216191626711291,0.724395751953125,0.31225900925569616,0.6258471450419542,1,5.98,-89.39784235690912,8.220834432041222,89.39784235690912,14.797761875377724,,,,,,,off,5.0,legged_eval-seed1-no-roughness,,n/a,settle,0.0,auto,hold,8.0,0.8,2.0,1.0,0,WALK,first,on,1000,1,deterministic,20.0,1,200,lo,1.0,0.42,0.5,0.05,dead-reckoned-heading-hold,off,,,2.649,0.5676
14,staircase_walking,1,0,1,1,heading-only,0.04,1.4882522583007827,2.6053833007812415,0.7777398077767431,0.973010052799378,4.057167593764591,0,roll,6.0600000000000005,33.33423642148654,5.500699079453224,0.33742621541023254,0.08056967958758789,0.09989823445235008,0.599212646484375,0.244904380308248,1.1915811331173514,1,6.0600000000000005,-89.00276422313922,11.498255771426097,89.00276422313922,16.388689658174247,,,,,,,off,5.0,legged_eval-seed1-no-roughness,,n/a,settle,0.0,auto,hold,8.0,0.8,2.0,1.0,0,WALK,first,on,1000,1,deterministic,20.0,1,200,lo,1.0,0.42,0.5,0.05,dead-reckoned-heading-hold,off,,,2.649,0.5676
14,staircase_walking,2,0,1,1,heading-only,0.04,1.6824981689453153,2.6831497192382727,0.9656589923513574,0.8881170345994669,3.878145661137704,0,roll,5.86,6.797269923511067,1.1599436729541068,0.331266850233078,0.11646726432513912,0.1165784503819578,0.6769790649414062,0.3405386653422659,0.17382426167586795,1,5.86,-91.14889619874042,-1.9756695815704417,91.14889619874042,12.781586200258573,,,,,,,off,5.0,legged_eval-seed1-no-roughness,,n/a,settle,0.0,auto,hold,8.0,0.8,2.0,1.0,0,WALK,first,on,1000,1,deterministic,20.0,1,200,lo,1.0,0.42,0.5,0.05,dead-reckoned-heading-hold,off,,,2.649,0.5676
14,staircase_walking,3,0,1,1,heading-only,0.04,1.4012115478515739,2.5841506958007727,0.7086626429648897,1.0303755974910547,4.140205165311233,0,roll,7.140000000000001,35.170255861380866,4.925806143050541,0.3302496671676636,0.05619209353663499,0.08181382294128468,0.578125,0.18780512004280497,1.5299578659610673,1,7.140000000000001,-89.42364408338874,-2.3305963837269448,89.42364408338874,20.387455029691626,,,,,,,off,5.0,legged_eval-seed1-no-roughness,,n/a,settle,0.0,auto,hold,8.0,0.8,2.0,1.0,0,WALK,first,on,1000,1,deterministic,20.0,1,200,lo,1.0,0.42,0.5,0.05,dead-reckoned-heading-hold,off,,,2.649,0.5676
14,staircase_walking,4,0,1,1,heading-only,0.04,1.4634460449218807,2.5780700683593665,0.7409097384207718,0.9561011611896097,3.7810052186082546,0,roll,6.08,37.36881476836919,6.146186639534406,0.3444223701953888,0.0762246784410988,0.0950773138748958,0.5720901489257812,0.23091344077118858,1.407302667532446,1,6.08,-87.53706700615727,14.273848769753975,87.53706700615727,17.69774905756812,,,,,,,off,5.0,legged_eval-seed1-no-roughness,,n/a,settle,0.0,auto,hold,8.0,0.8,2.0,1.0,0,WALK,first,on,1000,1,deterministic,20.0,1,200,lo,1.0,0.42,0.5,0.05,dead-reckoned-heading-hold,off,,,2.649,0.5676
14,staircase_walking,5,0,1,1,heading-only,0.04,1.3199462890625,2.495443725585929,0.5897712379451291,1.031788110468518,3.911557398911876,0,roll,6.9,48.65788435636367,7.051867298023719,0.3307340145111084,0.04636902740036232,0.07180343849071434,0.48929595947265625,0.3964720857845577,2.6543214223912837,1,6.9,-87.37724716825304,5.807305687898799,87.37724716825304,17.534197796952114,,,,,,,off,5.0,legged_eval-seed1-no-roughness,,n/a,settle,0.0,auto,hold,8.0,0.8,2.0,1.0,0,WALK,first,on,1000,1,deterministic,20.0,1,200,lo,1.0,0.42,0.5,0.05,dead-reckoned-heading-hold,off,,,2.649,0.5676
14,staircase_walking,6,0,1,1,heading-only,0.04,1.3977294921875227,2.617910766601554,0.7348485996706157,1.0325648689445253,3.8521519609255535,0,roll,7.0,27.73326394761895,3.96189484965985,0.32850882411003113,0.05681849888393182,0.08827296665736485,0.61181640625,0.24337677971213567,1.2169999402065357,1,7.0,-89.64666074429947,0.19240122842176147,89.64666074429947,20.421857750076374,,,,,,,off,5.0,legged_eval-seed1-no-roughness,,n/a,settle,0.0,auto,hold,8.0,0.8,2.0,1.0,0,WALK,first,on,1000,1,deterministic,20.0,1,200,lo,1.0,0.42,0.5,0.05,dead-reckoned-heading-hold,off,,,2.649,0.5676
14,staircase_walking,7,0,1,1,heading-only,0.04,1.375384521484392,2.5109848022460852,0.6340496881921296,0.9914393221270612,3.8585993607302345,0,roll,6.9,40.11905709388063,5.814356100562409,0.327556848526001,0.054403553838317686,0.07405576844146163,0.5048980712890625,0.35870874884817,1.865313029730019,1,6.9,-88.60557033193588,2.8368929276466806,88.60557033193588,16.898813044385243,,,,,,,off,5.0,legged_eval-seed1-no-roughness,,n/a,settle,0.0,auto,hold,8.0,0.8,2.0,1.0,0,WALK,first,on,1000,1,deterministic,20.0,1,200,lo,1.0,0.42,0.5,0.05,dead-reckoned-heading-hold,off,,,2.649,0.5676
14,staircase_walking,8,0,1,1,heading-only,0.04,1.8588989257812614,2.6815170288085852,1.0964364209858621,0.7736248813864591,3.4099005628759347,0,roll,6.7,14.1193454860543,2.1073649979185523,0.32894831895828247,0.12819386951959125,0.10171895952366944,0.67523193359375,0.5721211717594543,0.28691276652150055,1,6.7,-87.65043428461937,25.690137346849276,87.65043428461937,25.690137346849276,,,,,,,off,5.0,legged_eval-seed1-no-roughness,,n/a,settle,0.0,auto,hold,8.0,0.8,2.0,1.0,0,WALK,first,on,1000,1,deterministic,20.0,1,200,lo,1.0,0.42,0.5,0.05,dead-reckoned-heading-hold,off,,,2.649,0.5676
14,staircase_walking,9,0,1,1,heading-only,0.04,1.397253417968784,2.6492980957031165,0.7611821695044984,1.0520230136019324,3.8577803960611474,0,roll,9.18,34.33606424314439,3.7403120090571234,0.32517385482788086,0.04327379280705709,0.07072964005480571,0.6432647705078125,0.3842474413923594,1.5085518364658987,1,9.18,-89.20197630407547,3.754015014333788,89.20197630407547,20.462837731308287,,,,,,,off,5.0,legged_eval-seed1-no-roughness,,n/a,settle,0.0,auto,hold,8.0,0.8,2.0,1.0,0,WALK,first,on,1000,1,deterministic,20.0,1,200,lo,1.0,0.42,0.5,0.05,dead-reckoned-heading-hold,off,,,2.649,0.5676
15,staircase_climbing,0,0,1,1,heading-only,0.04,1.6332383155822754,1.987548828125,0.6333607155504185,1.0918326828061562,9.566769787034918,1,timeout,20.0,-0.915892198267926,-0.0457946099133963,0.32347649335861206,0.03166191577911377,-0.00062255859375,-0.01862335205078125,0.07662388270012505,-0.025243789043948132,0,20.0,4.71789782220802,-2.936997115188454,9.073261227724705,4.831909315412429,,,,,,,off,5.0,legged_eval-seed1-no-roughness,,n/a,settle,0.0,auto,hold,8.0,0.8,2.0,1.0,0,WALK,first,on,1000,1,deterministic,20.0,1,200,lo,1.0,0.42,0.5,0.05,dead-reckoned-heading-hold,off,,,2.649,0.5676
15,staircase_climbing,1,0,1,1,heading-only,0.04,1.635842895507814,1.952423095703125,0.6376203804696292,1.090195743932382,9.564275439427227,1,timeout,20.0,-7.27400795132138,-0.363700397566069,0.3218316435813904,0.0317921447753907,-0.00237884521484375,-0.05376434326171875,0.08256636620897335,-0.19966471193393295,0,20.0,6.993140270767617,-4.18507938525362,11.184338272583194,5.372693554047859,,,,,,,off,5.0,legged_eval-seed1-no-roughness,,n/a,settle,0.0,auto,hold,8.0,0.8,2.0,1.0,0,WALK,first,on,1000,1,deterministic,20.0,1,200,lo,1.0,0.42,0.5,0.05,dead-reckoned-heading-hold,off,,,2.649,0.5676
15,staircase_climbing,2,0,1,1,heading-only,0.04,1.6338302612304716,1.9738693237304688,0.6343686722197045,1.0914825747801251,9.566205427607763,1,timeout,20.0,-0.5431471816138469,-0.027157359080692344,0.32205480337142944,0.03169151306152358,-0.0013065338134765625,-0.03220367431640625,0.09027412774086059,-0.014956222859549227,0,20.0,4.50123070789472,-3.4551198124962195,9.089609258035283,4.8644741403737575,,,,,,,off,5.0,legged_eval-seed1-no-roughness,,n/a,settle,0.0,auto,hold,8.0,0.8,2.0,1.0,0,WALK,first,on,1000,1,deterministic,20.0,1,200,lo,1.0,0.42,0.5,0.05,dead-reckoned-heading-hold,off,,,2.649,0.5676
15,staircase_climbing,3,0,1,1,heading-only,0.04,1.6302307128906364,1.977752685546875,0.6306232587456762,1.0949953127745835,9.56979514678878,1,timeout,20.0,0.04290605889158883,0.0021453029445794415,0.32209357619285583,0.03151153564453182,-0.00111236572265625,-0.02841949462890625,0.09130976770939676,0.0011882188243065865,0,20.0,4.528934320080515,-3.6284486657990205,9.11853961600367,4.883467496249673,,,,,,,off,5.0,legged_eval-seed1-no-roughness,,n/a,settle,0.0,auto,hold,8.0,0.8,2.0,1.0,0,WALK,first,on,1000,1,deterministic,20.0,1,200,lo,1.0,0.42,0.5,0.05,dead-reckoned-heading-hold,off,,,2.649,0.5676
15,staircase_climbing,4,0,1,1,heading-only,0.04,1.6315368652343807,2.0074920654296875,0.6315813037087712,1.0934888011021626,9.568466067892642,1,timeout,20.0,3.600237504348229,0.18001187521741144,0.32223156094551086,0.031576843261719036,0.000374603271484375,0.001495361328125,0.08519672059815873,0.09949696013603275,0,20.0,2.84792627919718,-3.1406399822375923,9.185559720132915,4.8178952959008345,,,,,,,off,5.0,legged_eval-seed1-no-roughness,,n/a,settle,0.0,auto,hold,8.0,0.8,2.0,1.0,0,WALK,first,on,1000,1,deterministic,20.0,1,200,lo,1.0,0.42,0.5,0.05,dead-reckoned-heading-hold,off,,,2.649,0.5676
15,staircase_climbing,5,0,1,1,heading-only,0.04,1.6313629150390625,1.9696884155273438,0.6320901222451316,1.0690668882287153,9.268686649405435,1,timeout,20.0,-4.960439354421254,-0.24802196772106272,0.3233132064342499,0.031568145751953124,-0.0015155792236328125,-0.0364227294921875,0.07024008419773065,-0.13712556917410387,0,20.0,5.895811385308215,-3.6053152528253913,10.057894034424562,5.01364321738392,,,,,,,off,5.0,legged_eval-seed1-no-roughness,,n/a,settle,0.0,auto,hold,8.0,0.8,2.0,1.0,0,WALK,first,on,1000,1,deterministic,20.0,1,200,lo,1.0,0.42,0.5,0.05,dead-reckoned-heading-hold,off,,,2.649,0.5676
15,staircase_climbing,6,0,1,1,heading-only,0.04,1.6305023193359602,2.007537841796875,0.6305473762906162,1.069524243766681,9.269500745503777,1,timeout,20.0,3.1812379220219213,0.15906189610109606,0.32216426730155945,0.03152511596679801,0.00037689208984375,0.00141143798828125,0.08527045178556408,0.08806165231408124,0,20.0,2.677642228618927,-3.633509056477158,9.036497584594223,4.913935336451711,,,,,,,off,5.0,legged_eval-seed1-no-roughness,,n/a,settle,0.0,auto,hold,8.0,0.8,2.0,1.0,0,WALK,first,on,1000,1,deterministic,20.0,1,200,lo,1.0,0.42,0.5,0.05,dead-reckoned-heading-hold,off,,,2.649,0.5676
15,staircase_climbing,7,0,1,1,heading-only,0.04,1.6287872314453296,1.9826583862304688,0.6290263221812057,1.0713531290301388,9.27122898710734,1,timeout,20.0,-2.461451236387802,-0.12307256181939011,0.3229790925979614,0.031439361572266476,-0.0008670806884765625,-0.0234832763671875,0.07438915508838179,-0.06832267944357524,0,20.0,4.723397126327156,-3.7219452588246917,9.101846462766225,4.936819594963818,,,,,,,off,5.0,legged_eval-seed1-no-roughness,,n/a,settle,0.0,auto,hold,8.0,0.8,2.0,1.0,0,WALK,first,on,1000,1,deterministic,20.0,1,200,lo,1.0,0.42,0.5,0.05,dead-reckoned-heading-hold,off,,,2.649,0.5676
15,staircase_climbing,8,0,1,1,heading-only,0.04,1.6889160156250114,2.2261123657226562,0.7250738434927418,1.0360586978507904,9.213858853332935,1,timeout,20.0,40.703007197272285,2.0351503598636143,0.3220881223678589,0.03444580078125057,0.011305618286132812,0.22026824951171875,0.3126775264958188,1.0311873652855155,0,20.0,-5.564353634971824,-5.11743261318594,9.013063685081258,5.805105810908435,,,,,,,off,5.0,legged_eval-seed1-no-roughness,,n/a,settle,0.0,auto,hold,8.0,0.8,2.0,1.0,0,WALK,first,on,1000,1,deterministic,20.0,1,200,lo,1.0,0.42,0.5,0.05,dead-reckoned-heading-hold,off,,,2.649,0.5676
15,staircase_climbing,9,0,1,1,heading-only,0.04,1.634497070312534,2.0354385375976562,0.635485973238001,1.0660921081780923,9.265570701796713,1,timeout,20.0,9.43893131165791,0.4719465655828955,0.32466182112693787,0.031724853515626705,0.0017719268798828125,0.0294952392578125,0.11975171778890928,0.25963938521713176,0,20.0,1.436404881624625,-2.6630930322721036,9.104854428846275,4.838657917097458,,,,,,,off,5.0,legged_eval-seed1-no-roughness,,n/a,settle,0.0,auto,hold,8.0,0.8,2.0,1.0,0,WALK,first,on,1000,1,deterministic,20.0,1,200,lo,1.0,0.42,0.5,0.05,dead-reckoned-heading-hold,off,,,2.649,0.5676
16,staircase_spiral,0,0,0,1,heading-only,0.04,3.729889154434204,2.2891479492187443,2.7451596186806513,0.6324115190247082,1.3585051444296976,1,timeout,20.0,32.28318720018143,1.6141593600090716,0.3233179450035095,0.1364944577217102,0.014457397460937216,0.2831573486328125,1.443333404593864,0.20639955610125704,0,20.0,-6.958011138235287,-6.479142996745282,9.099695527711972,6.479142996745282,,,,,,,off,5.0,legged_eval-seed1-no-roughness,,n/a,settle,0.0,auto,hold,8.0,0.8,2.0,1.0,0,WALK,first,on,1000,1,deterministic,20.0,1,200,lo,1.0,0.42,0.5,0.05,dead-reckoned-heading-hold,off,,,2.649,0.5676
16,staircase_spiral,1,0,0,1,heading-only,0.04,3.7222229003906264,2.0649353027343693,2.72299726642396,0.4174887751518012,1.4058778086970267,1,timeout,20.0,-0.5829668932286154,-0.02914834466143077,0.3227331042289734,0.1361111450195313,0.003246765136718466,0.0588836669921875,0.3059966021999731,-0.0037376409240777284,0,20.0,0.9764921297536735,-2.194462425822958,9.12359435231224,5.03899800917869,,,,,,,off,5.0,legged_eval-seed1-no-roughness,,n/a,settle,0.0,auto,hold,8.0,0.8,2.0,1.0,0,WALK,first,on,1000,1,deterministic,20.0,1,200,lo,1.0,0.42,0.5,0.05,dead-reckoned-heading-hold,off,,,2.649,0.5676
16,staircase_spiral,2,0,0,1,heading-only,0.04,3.819201660156253,2.073129272460932,2.820149976706636,0.46669122951135567,1.3431967079822813,1,timeout,20.0,0.7973829796697203,0.039869148983486015,0.32309824228286743,0.14096008300781265,0.003656463623046591,0.0669097900390625,0.21847653219109842,0.004936489145593184,0,20.0,1.9412178785058876,-3.006475292264617,9.043628575987292,4.812883251474611,,,,,,,off,5.0,legged_eval-seed1-no-roughness,,n/a,settle,0.0,auto,hold,8.0,0.8,2.0,1.0,0,WALK,first,on,1000,1,deterministic,20.0,1,200,lo,1.0,0.42,0.5,0.05,dead-reckoned-heading-hold,off,,,2.649,0.5676
16,staircase_spiral,3,0,0,1,heading-only,0.04,3.867153930664074,2.0357604980468693,2.86737693290279,0.4561855690225223,1.3337781485279445,1,timeout,20.0,-3.6402986378596722,-0.18201493189298362,0.32318633794784546,0.14335769653320368,0.0017880249023434658,0.0295867919921875,0.2730272337276468,-0.022159674200610612,0,20.0,3.5332337171306873,-2.410957762101498,9.052953699192042,4.827485921368633,,,,,,,off,5.0,legged_eval-seed1-no-roughness,,n/a,settle,0.0,auto,hold,8.0,0.8,2.0,1.0,0,WALK,first,on,1000,1,deterministic,20.0,1,200,lo,1.0,0.42,0.5,0.05,dead-reckoned-heading-hold,off,,,2.649,0.5676
16,staircase_spiral,4,0,0,1,heading-only,0.04,3.9677795410156307,2.079110717773432,2.9688337625636056,0.5438991741667987,1.2641335230362911,1,timeout,20.0,5.093780258538658,0.2546890129269329,0.3235916495323181,0.14838897705078152,0.003955535888671591,0.072967529296875,0.35713231077323243,0.029956145884799515,0,20.0,2.807605077592356,-3.18565884225636,9.059157320037412,4.781222637977968,,,,,,,off,5.0,legged_eval-seed1-no-roughness,,n/a,settle,0.0,auto,hold,8.0,0.8,2.0,1.0,0,WALK,first,on,1000,1,deterministic,20.0,1,200,lo,1.0,0.42,0.5,0.05,dead-reckoned-heading-hold,off,,,2.649,0.5676
16,staircase_spiral,5,0,0,1,heading-only,0.04,4.014495849609375,2.067758178710932,3.015257268972976,0.556204421163314,1.2532498318032557,1,timeout,20.0,-1.4206910438701925,-0.07103455219350963,0.3232414126396179,0.15072479248046874,0.003387908935546591,0.0617523193359375,0.21271955973178136,-0.008225500251507445,0,20.0,2.9006685759166344,-2.7701055723784007,9.102336379520441,4.795276774388534,,,,,,,off,5.0,legged_eval-seed1-no-roughness,,n/a,settle,0.0,auto,hold,8.0,0.8,2.0,1.0,0,WALK,first,on,1000,1,deterministic,20.0,1,200,lo,1.0,0.42,0.5,0.05,dead-reckoned-heading-hold,off,,,2.649,0.5676
16,staircase_spiral,6,0,0,1,heading-only,0.04,4.113488769531273,2.081704711914057,3.114560639632229,0.6265226963105195,1.188359684854423,1,timeout,20.0,-2.0703603888413795,-0.10351801944206898,0.32308638095855713,0.15567443847656365,0.004085235595702841,0.0756988525390625,0.25547400827679884,-0.011605824900274848,0,20.0,1.0283645619267665,-2.759900429192248,9.129646577035693,4.817531250394674,,,,,,,off,5.0,legged_eval-seed1-no-roughness,,n/a,settle,0.0,auto,hold,8.0,0.8,2.0,1.0,0,WALK,first,on,1000,1,deterministic,20.0,1,200,lo,1.0,0.42,0.5,0.05,dead-reckoned-heading-hold,off,,,2.649,0.5676
16,staircase_spiral,7,0,0,1,heading-only,0.04,4.2778961181640796,2.2946105957031193,3.2911089870400354,0.8748998547264706,1.0665200803558565,1,timeout,20.0,25.308843146367764,1.2654421573183883,0.3241468071937561,0.163894805908204,0.014730529785155965,0.288726806640625,1.6038208180732325,0.13475797488735658,0,20.0,-2.8631968294410477,-4.418395726677034,8.990586477302335,5.368188996407851,,,,,,,off,5.0,legged_eval-seed1-no-roughness,,n/a,settle,0.0,auto,hold,8.0,0.8,2.0,1.0,0,WALK,first,on,1000,1,deterministic,20.0,1,200,lo,1.0,0.42,0.5,0.05,dead-reckoned-heading-hold,off,,,2.649,0.5676
16,staircase_spiral,8,0,0,1,heading-only,0.04,4.261761474609386,2.1111389160156193,3.26365435913473,0.7324758184120451,1.1090759974609719,1,timeout,20.0,-0.194768021613271,-0.00973840108066355,0.3240465521812439,0.16308807373046932,0.005556945800780966,0.10504150390625,0.3080991359961656,-0.0010421802088254005,0,20.0,1.2555692851692206,-4.133990571660692,9.178089231668395,5.406425398211936,,,,,,,off,5.0,legged_eval-seed1-no-roughness,,n/a,settle,0.0,auto,hold,8.0,0.8,2.0,1.0,0,WALK,first,on,1000,1,deterministic,20.0,1,200,lo,1.0,0.42,0.5,0.05,dead-reckoned-heading-hold,off,,,2.649,0.5676
16,staircase_spiral,9,0,0,1,heading-only,0.04,4.361608886718784,2.0845275878906193,3.362671441039298,0.7869518594997913,1.0455424844751988,1,timeout,20.0,-4.903465396439685,-0.24517326982198426,0.32420819997787476,0.16808044433593922,0.004226379394530966,0.078582763671875,0.4326401934556128,-0.025458528582430202,0,20.0,1.8431695354283315,-3.655382178476676,9.135818146453165,4.887690292541678,,,,,,,off,5.0,legged_eval-seed1-no-roughness,,n/a,settle,0.0,auto,hold,8.0,0.8,2.0,1.0,0,WALK,first,on,1000,1,deterministic,20.0,1,200,lo,1.0,0.42,0.5,0.05,dead-reckoned-heading-hold,off,,,2.649,0.5676
17,squeeze,0,0,2,1,heading-only,0.04,2.9035561084747314,2.0384094238281136,1.9039435763567867,0.4938143533603767,5.796571147794135,1,timeout,20.0,-1.6283608638986777,-0.08141804319493388,0.3241197466850281,0.09517780542373658,0.0019204711914056817,0.0323638916015625,0.24834816770534363,-0.014930087092848335,0,20.0,5.974294715510927,-2.9926122190624542,9.064990769934928,7.974238062496047,,,,,,,off,5.0,legged_eval-seed1-no-roughness,,n/a,settle,0.0,auto,hold,8.0,0.8,2.0,1.0,0,WALK,first,on,1000,1,deterministic,20.0,1,200,lo,1.0,0.42,0.5,0.05,dead-reckoned-heading-hold,off,,,2.649,0.5676
17,squeeze,1,0,3,1,heading-only,0.04,4.332212066650392,1.9910614013671761,3.3322240554434504,0.32259311027401083,4.81779622537884,1,timeout,20.0,-0.024935132788215242,-0.001246756639410762,0.32547539472579956,0.1666106033325196,-0.00044692993164119343,-0.0149078369140625,0.5523070688420296,-0.00013060398254118984,0,20.0,-1.7860546036375955,-0.7638570367028834,11.214556733059563,8.279603308476174,,,,,,,off,5.0,legged_eval-seed1-no-roughness,,n/a,settle,0.0,auto,hold,8.0,0.8,2.0,1.0,0,WALK,first,on,1000,1,deterministic,20.0,1,200,lo,1.0,0.42,0.5,0.05,dead-reckoned-heading-hold,off,,,2.649,0.5676
17,squeeze,2,0,3,1,heading-only,0.04,4.300128173828128,1.9143859863281136,3.3012385135023465,0.5067658441692297,5.20057658033732,1,timeout,20.0,11.758041532823654,0.5879020766411827,0.32447609305381775,0.1650064086914064,-0.0042807006835943184,-0.0915985107421875,0.836319098968588,0.06218441452107716,0,20.0,-3.2618828641021502,-1.9880898835175067,11.374599308284587,9.632487498763163,,,,,,,off,5.0,legged_eval-seed1-no-roughness,,n/a,settle,0.0,auto,hold,8.0,0.8,2.0,1.0,0,WALK,first,on,1000,1,deterministic,20.0,1,200,lo,1.0,0.42,0.5,0.05,dead-reckoned-heading-hold,off,,,2.649,0.5676
17,squeeze,3,0,3,1,heading-only,0.04,4.042713928222668,1.9491149902343636,3.043139387740737,0.44605009556631753,4.957547224349596,1,timeout,20.0,4.121303909264668,0.2060651954632334,0.33149096369743347,0.1521356964111334,-0.0025442504882818183,-0.0567779541015625,0.42258260293019995,0.02364018583041705,0,20.0,-1.8153581771444263,-2.3163768686915014,10.081576446813791,9.069943412023429,,,,,,,off,5.0,legged_eval-seed1-no-roughness,,n/a,settle,0.0,auto,hold,8.0,0.8,2.0,1.0,0,WALK,first,on,1000,1,deterministic,20.0,1,200,lo,1.0,0.42,0.5,0.05,dead-reckoned-heading-hold,off,,,2.649,0.5676
17,squeeze,4,0,2,1,heading-only,0.04,3.0835327148437557,1.9083282470703011,2.0855484372484363,0.6161097015628361,6.267137779418815,1,timeout,20.0,-8.003442579598584,-0.4001721289799292,0.322806179523468,0.10417663574218779,-0.004583587646484944,-0.0971832275390625,0.4089250556313999,-0.06704306753291307,0,20.0,10.780120419703048,-4.778984521722523,11.45849343832699,8.97129228364131,,,,,,,off,5.0,legged_eval-seed1-no-roughness,,n/a,settle,0.0,auto,hold,8.0,0.8,2.0,1.0,0,WALK,first,on,1000,1,deterministic,20.0,1,200,lo,1.0,0.42,0.5,0.05,dead-reckoned-heading-hold,off,,,2.649,0.5676
17,squeeze,5,0,2,1,heading-only,0.04,2.8883514404296875,1.9550659179687386,1.8888859770512534,0.651443446145564,6.661800102296177,1,timeout,20.0,-19.914770740975143,-0.9957385370487571,0.3229919672012329,0.09441757202148438,-0.0022467041015630683,-0.050872802734375,0.6323740731700093,-0.1840644234797506,0,20.0,-2.8874852366913646,-2.948137301664144,9.180868189496133,5.417018197880188,,,,,,,off,5.0,legged_eval-seed1-no-roughness,,n/a,settle,0.0,auto,hold,8.0,0.8,2.0,1.0,0,WALK,first,on,1000,1,deterministic,20.0,1,200,lo,1.0,0.42,0.5,0.05,dead-reckoned-heading-hold,off,,,2.649,0.5676
17,squeeze,6,0,2,1,heading-only,0.04,3.1376586914062727,1.9404174804687386,2.1384888958277224,0.6852863403713169,7.0625926426279815,1,timeout,20.0,-21.883031885164854,-1.0941515942582427,0.32503846287727356,0.10688293457031364,-0.0029791259765630683,-0.065704345703125,0.7339269355079627,-0.17866788475187897,0,20.0,-1.7599616122679709,-2.470435744182521,9.095897317154382,5.053358911260882,,,,,,,off,5.0,legged_eval-seed1-no-roughness,,n/a,settle,0.0,auto,hold,8.0,0.8,2.0,1.0,0,WALK,first,on,1000,1,deterministic,20.0,1,200,lo,1.0,0.42,0.5,0.05,dead-reckoned-heading-hold,off,,,2.649,0.5676
17,squeeze,7,0,3,1,heading-only,0.04,3.4374114990234546,1.9412414550781136,2.438119640660216,1.3894531776520958,6.362859812958328,1,timeout,20.0,6.372269453333757,0.3186134726666879,0.32472091913223267,0.12187057495117273,-0.0029379272460943184,-0.06488037109375,0.5663843976345035,0.04562917785096698,0,20.0,0.42036627659974796,-5.671724702498482,9.43577586760901,8.094504793220642,,,,,,,off,5.0,legged_eval-seed1-no-roughness,,n/a,settle,0.0,auto,hold,8.0,0.8,2.0,1.0,0,WALK,first,on,1000,1,deterministic,20.0,1,200,lo,1.0,0.42,0.5,0.05,dead-reckoned-heading-hold,off,,,2.649,0.5676
17,squeeze,8,0,1,1,heading-only,0.04,1.7719848632812614,1.9183227539062386,0.7762936310861043,0.723424898045658,8.678399500233255,1,timeout,20.0,-17.527521842779947,-0.8763760921389974,0.3230512738227844,0.03859924316406307,-0.004083862304688069,-0.08758544921875,0.18423142973194415,-0.39626808817400233,0,20.0,1.6767689962765877,-4.467342627345947,9.179551143980994,10.15360933542781,,,,,,,off,5.0,legged_eval-seed1-no-roughness,,n/a,settle,0.0,auto,hold,8.0,0.8,2.0,1.0,0,WALK,first,on,1000,1,deterministic,20.0,1,200,lo,1.0,0.42,0.5,0.05,dead-reckoned-heading-hold,off,,,2.649,0.5676
17,squeeze,9,0,2,1,heading-only,0.04,3.140783691406284,1.8594543457031136,2.145392247196968,0.7900194276136464,7.360558250405567,1,timeout,20.0,-5.465007846602219,-0.27325039233011095,0.32449135184288025,0.10703918457031421,-0.0070272827148443184,-0.146697998046875,0.2527359914179459,-0.04455488938626821,0,20.0,0.2288980102029835,-3.343153594295751,11.62964033845473,8.889328365015587,,,,,,,off,5.0,legged_eval-seed1-no-roughness,,n/a,settle,0.0,auto,hold,8.0,0.8,2.0,1.0,0,WALK,first,on,1000,1,deterministic,20.0,1,200,lo,1.0,0.42,0.5,0.05,dead-reckoned-heading-hold,off,,,2.649,0.5676
18,agility_poles,0,0,1,1,heading-only,0.04,3.520833969116211,2.0560577392577954,2.521457191780357,0.9704837065193815,14.7792723446914,1,timeout,20.0,0.35656529554390204,0.017828264777195103,0.3232402205467224,0.12604169845581054,0.0028028869628897723,0.05010986328125,0.21316241745258385,0.002468722050651192,0,20.0,2.1150504565522237,-3.167246920675149,9.04362546734805,4.945382132338024,,,,,,,off,5.0,legged_eval-seed1-no-roughness,,n/a,settle,0.0,auto,hold,8.0,0.8,2.0,1.0,0,WALK,first,on,1000,1,deterministic,20.0,1,200,lo,1.0,0.42,0.5,0.05,dead-reckoned-heading-hold,off,,,2.649,0.5676
18,agility_poles,1,0,1,1,heading-only,0.04,3.3712707519531264,2.048809814453108,2.3717730450140655,0.9765789394139568,13.878815076892504,1,timeout,20.0,1.5679438637438636,0.07839719318719318,0.3232616186141968,0.11856353759765632,0.0024404907226553973,0.0427703857421875,0.23130441377088268,0.011540556001979781,0,20.0,3.0544862857107025,-2.943609302189123,9.109987897051543,4.8148169022011915,,,,,,,off,5.0,legged_eval-seed1-no-roughness,,n/a,settle,0.0,auto,hold,8.0,0.8,2.0,1.0,0,WALK,first,on,1000,1,deterministic,20.0,1,200,lo,1.0,0.42,0.5,0.05,dead-reckoned-heading-hold,off,,,2.649,0.5676
18,agility_poles,2,0,1,1,heading-only,0.04,4.340190124511722,2.1937530517577954,3.3458048826778723,0.9203853187511177,12.211347077232572,1,timeout,20.0,-24.169250060896047,-1.2084625030448024,0.32747435569763184,0.16700950622558608,0.009687652587889773,0.1880340576171875,1.6510129145703185,-0.12629011390845327,0,20.0,1.7311282706480864,-1.6979969968968516,9.860156290275482,8.014049232049896,,,,,,,off,5.0,legged_eval-seed1-no-roughness,,n/a,settle,0.0,auto,hold,8.0,0.8,2.0,1.0,0,WALK,first,on,1000,1,deterministic,20.0,1,200,lo,1.0,0.42,0.5,0.05,dead-reckoned-heading-hold,off,,,2.649,0.5676
18,agility_poles,3,0,1,1,heading-only,0.04,3.121670532226574,2.0474212646484204,2.12220042023826,0.9775937702921966,12.378420302651255,1,timeout,20.0,2.424487732385842,0.1212243866192921,0.3240172863006592,0.1060835266113287,0.002371063232421022,0.0414886474609375,0.1863410908492631,0.019944328283589146,0,20.0,3.448195301046406,-2.7874551912974996,9.085522459282615,4.940506454979796,,,,,,,off,5.0,legged_eval-seed1-no-roughness,,n/a,settle,0.0,auto,hold,8.0,0.8,2.0,1.0,0,WALK,first,on,1000,1,deterministic,20.0,1,200,lo,1.0,0.42,0.5,0.05,dead-reckoned-heading-hold,off,,,2.649,0.5676
18,agility_poles,4,0,1,1,heading-only,0.04,3.022329711914068,2.045452880859358,2.0228404356421326,0.9356628511582548,11.777757994594761,1,timeout,20.0,4.2112417906228075,0.21056208953114036,0.32324057817459106,0.10111648559570341,0.0022726440429678973,0.039794921875,0.2256674454489172,0.03634423922614691,0,20.0,2.7826386606492366,-3.0914985596932905,9.110119422642029,4.812517165374722,,,,,,,off,5.0,legged_eval-seed1-no-roughness,,n/a,settle,0.0,auto,hold,8.0,0.8,2.0,1.0,0,WALK,first,on,1000,1,deterministic,20.0,1,200,lo,1.0,0.42,0.5,0.05,dead-reckoned-heading-hold,off,,,2.649,0.5676
18,agility_poles,5,0,1,1,heading-only,0.04,4.4601898193359375,2.480755615234358,3.4934280509859414,1.1699841240966167,9.302241619865022,1,timeout,20.0,4.010849062284279,0.20054245311421398,0.3295845091342926,0.17300949096679688,0.0240377807617179,0.47509765625,0.6487481669060405,0.020230832871134894,0,20.0,0.0638564340680356,-1.4448972949768983,13.054750923206495,9.879581820305443,,,,,,,off,5.0,legged_eval-seed1-no-roughness,,n/a,settle,0.0,auto,hold,8.0,0.8,2.0,1.0,0,WALK,first,on,1000,1,deterministic,20.0,1,200,lo,1.0,0.42,0.5,0.05,dead-reckoned-heading-hold,off,,,2.649,0.5676
18,agility_poles,6,0,1,1,heading-only,0.04,2.7713104248047102,2.049786376953108,1.7720099616965928,0.9324620914066541,10.278810148385787,1,timeout,20.0,1.8475685989330657,0.09237842994665328,0.32274681329727173,0.0885655212402355,0.002489318847655397,0.0438079833984375,0.125526226280402,0.018204688888112754,0,20.0,2.257508189154024,-2.774606431130942,9.100934626647648,4.789926954520738,,,,,,,off,5.0,legged_eval-seed1-no-roughness,,n/a,settle,0.0,auto,hold,8.0,0.8,2.0,1.0,0,WALK,first,on,1000,1,deterministic,20.0,1,200,lo,1.0,0.42,0.5,0.05,dead-reckoned-heading-hold,off,,,2.649,0.5676
18,agility_poles,7,0,1,1,heading-only,0.04,2.6795684814453296,2.1453521728515454,1.6858462379520962,0.8205432481589326,9.321564833557693,1,timeout,20.0,10.113323854255441,0.505666192712772,0.32287877798080444,0.08397842407226648,0.007267608642577273,0.1394500732421875,0.4585213176379336,0.1050929459127184,0,20.0,-5.606951737550907,-6.110039423973961,9.138703221203814,6.110039423973961,,,,,,,off,5.0,legged_eval-seed1-no-roughness,,n/a,settle,0.0,auto,hold,8.0,0.8,2.0,1.0,0,WALK,first,on,1000,1,deterministic,20.0,1,200,lo,1.0,0.42,0.5,0.05,dead-reckoned-heading-hold,off,,,2.649,0.5676
18,agility_poles,8,0,1,1,heading-only,0.04,2.8620422363281364,2.3265655517577954,1.8904619407607128,0.541309492032014,8.444274763477639,1,timeout,20.0,17.07958252407647,0.8539791262038235,0.327689528465271,0.09310211181640682,0.016328277587889774,0.3206024169921875,0.4543294427802643,0.16009032668294784,0,20.0,-5.112383188945161,-5.147124999119834,9.907007519819212,7.32287583196509,,,,,,,off,5.0,legged_eval-seed1-no-roughness,,n/a,settle,0.0,auto,hold,8.0,0.8,2.0,1.0,0,WALK,first,on,1000,1,deterministic,20.0,1,200,lo,1.0,0.42,0.5,0.05,dead-reckoned-heading-hold,off,,,2.649,0.5676
18,agility_poles,9,0,1,1,heading-only,0.04,3.303656005859409,1.725750732421858,2.3199232000433274,1.2123284156128107,6.951755716774016,1,timeout,20.0,-75.69271229334564,-3.7846356146672817,0.3285166919231415,0.11518280029297046,-0.013712463378907103,-0.2798004150390625,2.2499071227365532,-0.5734740976619122,0,20.0,4.025470200820678,-0.05397612578616328,11.072571229131244,8.93201782712481,,,,,,,off,5.0,legged_eval-seed1-no-roughness,,n/a,settle,0.0,auto,hold,8.0,0.8,2.0,1.0,0,WALK,first,on,1000,1,deterministic,20.0,1,200,lo,1.0,0.42,0.5,0.05,dead-reckoned-heading-hold,off,,,2.649,0.5676
19,balance_beam,0,0,3,1,heading-only,0.04,3.6128222942352295,2.8037475585937557,2.7336514919056656,1.712510307051443,6.437549936347208,0,roll,15.040000000000001,55.04510794022812,3.6599140917704864,0.32347050309181213,0.17372488658478918,0.053440662140542265,0.797882080078125,2.0781679374223976,0.3676937282693602,1,15.040000000000001,-86.61630524138795,17.413717460645703,86.61630524138795,35.47914416185001,,,,,,,off,5.0,legged_eval-seed1-no-roughness,,n/a,settle,0.0,auto,hold,8.0,0.8,2.0,1.0,0,WALK,first,on,1000,1,deterministic,20.0,1,200,lo,1.0,0.42,0.5,0.05,dead-reckoned-heading-hold,off,,,2.649,0.5676
19,balance_beam,1,0,2,1,heading-only,0.04,2.691464996337892,2.7990173339843807,1.8706903896272769,1.5545881467448548,7.948795795852121,0,roll,11.32,56.94010542146779,5.030044648539557,0.323570191860199,0.14942270285670425,0.07058457013996296,0.7931671142578125,1.3881660208469218,0.5875334802605419,1,11.32,-86.06233975584618,13.141327563826252,86.06233975584618,35.48180183086621,,,,,,,off,5.0,legged_eval-seed1-no-roughness,,n/a,settle,0.0,auto,hold,8.0,0.8,2.0,1.0,0,WALK,first,on,1000,1,deterministic,20.0,1,200,lo,1.0,0.42,0.5,0.05,dead-reckoned-heading-hold,off,,,2.649,0.5676
19,balance_beam,2,0,2,1,heading-only,0.04,2.550372314453128,2.707601928710943,1.7042167711116432,1.7035393900138571,8.379557445161788,0,roll,10.52,58.072318236188806,5.520182341843043,0.3235372304916382,0.14737379414953689,0.0672625407519908,0.701446533203125,1.2313616460269232,0.6537482306919016,1,10.52,-86.39648329904868,14.109740827197768,86.39648329904868,36.36953883364915,,,,,,,off,5.0,legged_eval-seed1-no-roughness,,n/a,settle,0.0,auto,hold,8.0,0.8,2.0,1.0,0,WALK,first,on,1000,1,deterministic,20.0,1,200,lo,1.0,0.42,0.5,0.05,dead-reckoned-heading-hold,off,,,2.649,0.5676
19,balance_beam,3,0,2,1,heading-only,0.04,3.1110733032226676,2.7924865722656307,2.254920277704024,1.3875117973745141,8.426275932529434,0,roll,12.86,50.96616412279184,3.963154286375726,0.3225589990615845,0.16415811067050293,0.06162415025393707,0.7866363525390625,1.617405584940542,0.42136261668252517,1,12.86,-87.18060946295466,22.115495240074853,87.18060946295466,34.89537754125378,,,,,,,off,5.0,legged_eval-seed1-no-roughness,,n/a,settle,0.0,auto,hold,8.0,0.8,2.0,1.0,0,WALK,first,on,1000,1,deterministic,20.0,1,200,lo,1.0,0.42,0.5,0.05,dead-reckoned-heading-hold,off,,,2.649,0.5676
19,balance_beam,4,0,2,1,heading-only,0.04,2.8111022949218807,2.743399047851568,1.9577368737953325,1.7542058207488511,9.318597679895408,0,roll,11.36,51.76497589655264,4.556776047231747,0.3241381347179413,0.15942801891917965,0.06544005702918734,0.73748779296875,1.2864284728029038,0.4988504896402426,1,11.36,-86.55431762244083,17.279691872996054,86.55431762244083,34.47184357504643,,,,,,,off,5.0,legged_eval-seed1-no-roughness,,n/a,settle,0.0,auto,hold,8.0,0.8,2.0,1.0,0,WALK,first,on,1000,1,deterministic,20.0,1,200,lo,1.0,0.42,0.5,0.05,dead-reckoned-heading-hold,off,,,2.649,0.5676
19,balance_beam,5,0,2,1,heading-only,0.04,2.2777099609375,2.6951965332031307,1.4545930578882051,2.3046435159349286,10.146134921963224,0,below,9.16,50.828828021076674,5.548998692257279,0.3234655559062958,0.13948798700191048,0.07589481803527627,0.6894073486328125,0.9064698455524497,0.6943128182602751,1,9.16,-85.70119044143371,20.30018877773271,85.70119044143371,34.54374114296395,,,,,,,off,5.0,legged_eval-seed1-no-roughness,,n/a,settle,0.0,auto,hold,8.0,0.8,2.0,1.0,0,WALK,first,on,1000,1,deterministic,20.0,1,200,lo,1.0,0.42,0.5,0.05,dead-reckoned-heading-hold,off,,,2.649,0.5676
19,balance_beam,6,0,1,1,heading-only,0.04,2.3857055664062727,2.8959106445312557,1.6501017543635723,1.0208158138127643,10.652037467358214,0,roll,6.9,3.06865475337176,0.44473257295242896,0.32276302576065063,0.2008268936820685,0.12984212239583415,0.8899688720703125,0.28352896419715645,0.038650439423586154,1,6.9,-87.9831104109092,31.82921900157843,87.9831104109092,31.82921900157843,,,,,,,off,5.0,legged_eval-seed1-no-roughness,,n/a,settle,0.0,auto,hold,8.0,0.8,2.0,1.0,0,WALK,first,on,1000,1,deterministic,20.0,1,200,lo,1.0,0.42,0.5,0.05,dead-reckoned-heading-hold,off,,,2.649,0.5676
19,balance_beam,7,0,1,1,heading-only,0.04,2.2814666748047046,2.448385620117193,1.3576474148183344,0.7843371755595985,11.327411279629791,0,roll,8.22,-4.751612303706139,-0.5780550247817687,0.32282862067222595,0.1558961891489908,0.05454812896802837,0.4425048828125,0.7116299591361223,-0.06471590803606626,1,8.22,-88.98231975647818,13.763205041944857,88.98231975647818,25.46622695417029,,,,,,,off,5.0,legged_eval-seed1-no-roughness,,n/a,settle,0.0,auto,hold,8.0,0.8,2.0,1.0,0,WALK,first,on,1000,1,deterministic,20.0,1,200,lo,1.0,0.42,0.5,0.05,dead-reckoned-heading-hold,off,,,2.649,0.5676
19,balance_beam,8,0,1,1,heading-only,0.04,2.6217163085937614,2.8679565429687557,1.8393782498554367,0.9279648390567244,11.311632578205575,0,roll,7.26,-14.952833339904487,-2.059618917342216,0.3220721185207367,0.22337690201015997,0.11955324283316195,0.86181640625,0.7522044690412918,-0.16092591096257394,1,7.26,-92.43250326015942,8.545752782314464,92.43250326015942,20.449660764703573,,,,,,,off,5.0,legged_eval-seed1-no-roughness,,n/a,settle,0.0,auto,hold,8.0,0.8,2.0,1.0,0,WALK,first,on,1000,1,deterministic,20.0,1,200,lo,1.0,0.42,0.5,0.05,dead-reckoned-heading-hold,off,,,2.649,0.5676
19,balance_beam,9,0,1,1,heading-only,0.04,2.135626220703159,2.4836791992187557,1.2343388841422103,0.9904986613281214,12.373830632505044,0,roll,5.04,-20.30779264219882,-4.02932393694421,0.32289746403694153,0.2253226628379284,0.09596809508308644,0.4777679443359375,0.7804388540749679,-0.31210783879152304,1,5.04,-88.57323751928686,44.1697248736438,88.57323751928686,44.1697248736438,,,,,,,off,5.0,legged_eval-seed1-no-roughness,,n/a,settle,0.0,auto,hold,8.0,0.8,2.0,1.0,0,WALK,first,on,1000,1,deterministic,20.0,1,200,lo,1.0,0.42,0.5,0.05,dead-reckoned-heading-hold,off,,,2.649,0.5676
0,jump_on_and_off_box,0,0,0,1,heading-only,0.04,0.9622128009796143,2.5722897052764893,0.5735358569220038,0.7853219583047726,17.147339898237057,0,roll,6.24,10.317197787137843,1.6533970812720902,0.32457393407821655,-0.006055640868651561,0.09171309379430917,0.5661206245422363,0.338208987511556,-4.765345821686422,1,6.24,-89.68850780502953,7.749610166661151,89.68850780502953,10.662744789306515,,,,,,,off,5.0,legged_eval-seed1-no-roughness,,n/a,settle,0.0,auto,hold,8.0,0.8,2.0,1.0,0,WALK,first,on,1000,1,deterministic,20.0,1,200,hi,1.0,0.42,0.5,0.05,dead-reckoned-heading-hold,off,,,2.65,0.5621
0,jump_on_and_off_box,1,0,0,1,heading-only,0.04,0.9628349304199233,2.5694024562835693,0.5706140548730412,0.7827933758015143,16.946733601240837,0,roll,6.26,9.855131767411535,1.5743021992670185,0.32390815019607544,-0.005936912073494682,0.09095885883124111,0.5632123947143555,0.34190714069285555,-4.628122575920771,1,6.26,-89.95045043046011,7.747924844389454,89.95045043046011,11.013595806123996,,,,,,,off,5.0,legged_eval-seed1-no-roughness,,n/a,settle,0.0,auto,hold,8.0,0.8,2.0,1.0,0,WALK,first,on,1000,1,deterministic,20.0,1,200,hi,1.0,0.42,0.5,0.05,dead-reckoned-heading-hold,off,,,2.65,0.5621
0,jump_on_and_off_box,2,0,0,1,heading-only,0.04,0.9617111206054716,2.570335865020752,0.5716196613258313,0.7842435314421067,16.34824047123958,0,roll,6.22,11.73349036900936,1.8864132426060065,0.3243117928504944,-0.006155768391403281,0.09169386897439742,0.5642092227935791,0.3327445207994521,-5.348499170741532,1,6.22,-88.45037031631425,8.40481377727086,88.45037031631425,10.76503825022684,,,,,,,off,5.0,legged_eval-seed1-no-roughness,,n/a,settle,0.0,auto,hold,8.0,0.8,2.0,1.0,0,WALK,first,on,1000,1,deterministic,20.0,1,200,hi,1.0,0.42,0.5,0.05,dead-reckoned-heading-hold,off,,,2.65,0.5621
0,jump_on_and_off_box,3,0,0,1,heading-only,0.04,0.9686096191406364,2.5745723247528076,0.5754291549637902,0.78262960156239,16.14161977547649,0,roll,6.24,10.858737324182187,1.740182263490735,0.3242451250553131,-0.005030509753103146,0.09207889819756532,0.56829833984375,0.33169103205706524,-6.037541238039637,1,6.24,-87.89846696395738,8.463226329340777,87.89846696395738,10.747443759307394,,,,,,,off,5.0,legged_eval-seed1-no-roughness,,n/a,settle,0.0,auto,hold,8.0,0.8,2.0,1.0,0,WALK,first,on,1000,1,deterministic,20.0,1,200,hi,1.0,0.42,0.5,0.05,dead-reckoned-heading-hold,off,,,2.65,0.5621
0,jump_on_and_off_box,4,0,0,1,heading-only,0.04,0.9848999023437557,2.565615177154541,0.5658167031617138,0.7650154503230868,16.424841909275774,0,roll,6.32,7.5613566798080285,1.1964171961721564,0.32406026124954224,-0.0023892559582665055,0.08949607233457928,0.559140682220459,0.3406790138971637,-8.739716324002924,1,6.32,-88.50106064762913,8.706204573078107,88.50106064762913,11.701840531463876,,,,,,,off,5.0,legged_eval-seed1-no-roughness,,n/a,settle,0.0,auto,hold,8.0,0.8,2.0,1.0,0,WALK,first,on,1000,1,deterministic,20.0,1,200,hi,1.0,0.42,0.5,0.05,dead-reckoned-heading-hold,off,,,2.65,0.5621
0,jump_on_and_off_box,5,0,0,1,heading-only,0.04,0.9633941650390625,2.5666027069091797,0.5677839506625713,0.780374557242184,15.896706689842759,0,roll,6.24,11.110227286068351,1.7804851419981331,0.32421478629112244,-0.005866319705278445,0.09080171585083008,0.5604922771453857,0.3291771218072277,-5.297244196006736,1,6.24,-87.62683675148924,8.784350488170814,87.62683675148924,11.027807765416187,,,,,,,off,5.0,legged_eval-seed1-no-roughness,,n/a,settle,0.0,auto,hold,8.0,0.8,2.0,1.0,0,WALK,first,on,1000,1,deterministic,20.0,1,200,hi,1.0,0.42,0.5,0.05,dead-reckoned-heading-hold,off,,,2.65,0.5621
0,jump_on_and_off_box,6,0,0,1,heading-only,0.04,1.0128265380859602,2.600795030593872,0.6009319336377144,0.7734937949199089,15.199052353059779,0,roll,6.4,3.3913273806651034,0.5298949032289224,0.3238169252872467,0.002004146575931287,0.09387422353029251,0.5945942401885986,0.34442726355213465,4.614637902212254,1,6.4,-86.43147373076677,5.4650921401761225,86.43147373076677,9.854268048173198,,,,,,,off,5.0,legged_eval-seed1-no-roughness,,n/a,settle,0.0,auto,hold,8.0,0.8,2.0,1.0,0,WALK,first,on,1000,1,deterministic,20.0,1,200,hi,1.0,0.42,0.5,0.05,dead-reckoned-heading-hold,off,,,2.65,0.5621
0,jump_on_and_off_box,7,0,0,1,heading-only,0.04,0.9641143798828296,2.569279193878174,0.5704091323898814,0.7818261945157298,15.496345770533608,0,roll,6.22,12.011111026116708,1.9310467887647442,0.32406365871429443,-0.005769392301795892,0.09152398615404725,0.5631182193756104,0.3256121429163293,-5.841711346880875,1,6.22,-87.03422691670997,8.709164205915174,87.03422691670997,10.727305551207797,,,,,,,off,5.0,legged_eval-seed1-no-roughness,,n/a,settle,0.0,auto,hold,8.0,0.8,2.0,1.0,0,WALK,first,on,1000,1,deterministic,20.0,1,200,hi,1.0,0.42,0.5,0.05,dead-reckoned-heading-hold,off,,,2.65,0.5621
0,jump_on_and_off_box,8,0,0,1,heading-only,0.04,0.9790771484375114,2.577894926071167,0.5782735609521721,0.7780251685252824,15.281853529070098,0,roll,6.6000000000000005,5.96852441766606,0.9043218814645545,0.3252871632575989,-0.0031701290246194894,0.08755983728351015,0.5718872547149658,0.3437234520312787,-4.978786102020197,1,6.6000000000000005,-86.82252135800651,-0.7418748027755669,86.82252135800651,9.31060579396232,,,,,,,off,5.0,legged_eval-seed1-no-roughness,,n/a,settle,0.0,auto,hold,8.0,0.8,2.0,1.0,0,WALK,first,on,1000,1,deterministic,20.0,1,200,hi,1.0,0.42,0.5,0.05,dead-reckoned-heading-hold,off,,,2.65,0.5621
0,jump_on_and_off_box,9,0,0,1,heading-only,0.04,0.9955200195312841,2.594407320022583,0.5944242023348557,0.779628188811914,14.416739006093568,0,roll,6.42,4.544473144008776,0.7078618604375041,0.32495632767677307,-0.0006978162723856533,0.09258680997236496,0.5882441997528076,0.35701116263945454,-17.704545741947413,1,6.42,-90.81098471415993,2.8423781670246053,90.81098471415993,9.376894047076831,,,,,,,off,5.0,legged_eval-seed1-no-roughness,,n/a,settle,0.0,auto,hold,8.0,0.8,2.0,1.0,0,WALK,first,on,1000,1,deterministic,20.0,1,200,hi,1.0,0.42,0.5,0.05,dead-reckoned-heading-hold,off,,,2.65,0.5621
1,forward_ramp_lips,0,0,0,1,heading-only,0.04,0.9464921355247498,2.5697637557983395,0.5722707654442358,0.7943561502609405,13.315703219791896,0,roll,6.22,12.741625409274121,2.04849283107301,0.324112206697464,-0.008602550558721904,0.09160188999973304,0.5635986328125,0.3319917028404599,-4.156086542202886,1,6.22,-89.49604894962262,7.567431901570453,89.49604894962262,10.70886494828196,,,,,,,off,5.0,legged_eval-seed1-no-roughness,,n/a,settle,0.0,auto,hold,8.0,0.8,2.0,1.0,0,WALK,first,on,1000,1,deterministic,20.0,1,200,hi,1.0,0.42,0.5,0.05,dead-reckoned-heading-hold,off,,,2.65,0.5621
1,forward_ramp_lips,1,0,0,1,heading-only,0.04,0.9541374206542983,2.570295906066894,0.5721370436013565,0.7894323124920858,12.608766455852773,0,roll,6.24,11.113205161795321,1.780962365672327,0.3244799077510834,-0.00734977233104194,0.0913935746902074,0.5641021728515625,0.3352456385237894,-4.22919999899953,1,6.24,-89.38250482527016,7.690364546994126,89.38250482527016,11.137527022651744,,,,,,,off,5.0,legged_eval-seed1-no-roughness,,n/a,settle,0.0,auto,hold,8.0,0.8,2.0,1.0,0,WALK,first,on,1000,1,deterministic,20.0,1,200,hi,1.0,0.42,0.5,0.05,dead-reckoned-heading-hold,off,,,2.65,0.5621
1,forward_ramp_lips,2,0,0,1,heading-only,0.04,1.024989318847659,2.5994831085205075,0.6000037195367046,0.764862827316259,12.339581365991348,0,roll,6.46,-0.389016121852336,-0.060219213909030345,0.32375001907348633,0.0038683156110927387,0.09279924280503211,0.5932846069335938,0.3649318783890324,-0.27170056979359214,1,6.46,-89.69622519913453,1.2884752023514818,89.69622519913453,9.820569208481608,,,,,,,off,5.0,legged_eval-seed1-no-roughness,,n/a,settle,0.0,auto,hold,8.0,0.8,2.0,1.0,0,WALK,first,on,1000,1,deterministic,20.0,1,200,hi,1.0,0.42,0.5,0.05,dead-reckoned-heading-hold,off,,,2.65,0.5621
1,forward_ramp_lips,3,0,0,1,heading-only,0.04,0.9785736083984489,2.5611349105834957,0.5615438345602334,0.7660012204521361,13.333239422388461,0,roll,6.32,9.045539623977731,1.4312562696167297,0.3244788348674774,-0.00339025183568847,0.08878716939612274,0.5549278259277344,0.333200464574901,-7.368223823865524,1,6.32,-88.19529530157202,7.592778655074735,88.19529530157202,10.007086573930824,,,,,,,off,5.0,legged_eval-seed1-no-roughness,,n/a,settle,0.0,auto,hold,8.0,0.8,2.0,1.0,0,WALK,first,on,1000,1,deterministic,20.0,1,200,hi,1.0,0.42,0.5,0.05,dead-reckoned-heading-hold,off,,,2.65,0.5621
1,forward_ramp_lips,4,0,0,1,heading-only,0.04,1.0314239501953182,2.5938631057739254,0.5946939154265246,0.7564634180514034,12.432767370669398,0,roll,6.5200000000000005,-2.1887931575517996,-0.33570447201714715,0.3240361511707306,0.00481962426308561,0.09108329843158365,0.5877170562744141,0.35517696155003725,-1.2156857112793384,1,6.5200000000000005,-86.48081102225245,-3.3244048591129483,86.48081102225245,9.814650077204307,,,,,,,off,5.0,legged_eval-seed1-no-roughness,,n/a,settle,0.0,auto,hold,8.0,0.8,2.0,1.0,0,WALK,first,on,1000,1,deterministic,20.0,1,200,hi,1.0,0.42,0.5,0.05,dead-reckoned-heading-hold,off,,,2.65,0.5621
1,forward_ramp_lips,5,0,0,1,heading-only,0.04,0.95947265625,2.568111991882324,0.5695557048366141,0.7841690153671798,13.00294397065667,0,roll,6.24,11.428044790105616,1.8314174343117975,0.32467788457870483,-0.006494766626602564,0.09104358844268011,0.5618972778320312,0.33061997705771495,-4.921541611093802,1,6.24,-88.6172729061287,7.952515997283476,88.6172729061287,10.288070785062791,,,,,,,off,5.0,legged_eval-seed1-no-roughness,,n/a,settle,0.0,auto,hold,8.0,0.8,2.0,1.0,0,WALK,first,on,1000,1,deterministic,20.0,1,200,hi,1.0,0.42,0.5,0.05,dead-reckoned-heading-hold,off,,,2.65,0.5621
1,forward_ramp_lips,6,0,0,1,heading-only,0.04,0.9653564453125227,2.5623146057128903,0.5633807697103509,0.7759132982279042,12.69710123710419,0,roll,6.24,11.489930098073245,1.841334951614302,0.32452625036239624,-0.00555185171273674,0.09011452014629652,0.5559206008911133,0.327926674002642,-5.7885835574448725,1,6.24,-88.01168930712232,8.29088515788868,88.01168930712232,10.575322930657919,,,,,,,off,5.0,legged_eval-seed1-no-roughness,,n/a,settle,0.0,auto,hold,8.0,0.8,2.0,1.0,0,WALK,first,on,1000,1,deterministic,20.0,1,200,hi,1.0,0.42,0.5,0.05,dead-reckoned-heading-hold,off,,,2.65,0.5621
1,forward_ramp_lips,7,0,0,1,heading-only,0.04,0.978991699218767,2.566382026672363,0.5667715137859417,0.7695701719924187,12.383966851463045,0,roll,6.3,8.515460983320907,1.3516604735430011,0.32378387451171875,-0.0033346509176560234,0.08990190899561316,0.5602140426635742,0.33377675250280986,-7.074481322013007,1,6.3,-87.04315307824076,9.033787241447447,87.04315307824076,11.78544345360903,,,,,,,off,5.0,legged_eval-seed1-no-roughness,,n/a,settle,0.0,auto,hold,8.0,0.8,2.0,1.0,0,WALK,first,on,1000,1,deterministic,20.0,1,200,hi,1.0,0.42,0.5,0.05,dead-reckoned-heading-hold,off,,,2.65,0.5621
1,forward_ramp_lips,8,0,0,1,heading-only,0.04,0.9780700683593864,2.56190071105957,0.5623284902892723,0.7669049893119916,12.984094060059894,0,roll,6.32,9.358911363564573,1.480840405627306,0.32448115944862366,-0.003469925892502157,0.08890834035752689,0.5556125640869141,0.3347440134054674,-7.44844171762057,1,6.32,-88.24408403594954,7.443448551334162,88.24408403594954,10.083662502211192,,,,,,,off,5.0,legged_eval-seed1-no-roughness,,n/a,settle,0.0,auto,hold,8.0,0.8,2.0,1.0,0,WALK,first,on,1000,1,deterministic,20.0,1,200,hi,1.0,0.42,0.5,0.05,dead-reckoned-heading-hold,off,,,2.65,0.5621
1,forward_ramp_lips,9,0,0,1,heading-only,0.04,0.9988464355469091,2.5921283721923825,0.5921294958589278,0.7757389408294771,12.46522527252307,0,roll,6.44,3.7232339240125327,0.5781419136665423,0.324583500623703,-0.00017912491507622575,0.09194539940875504,0.586064338684082,0.34585046442118544,-56.33208497526997,1,6.44,-88.29899995776375,1.267545712140014,88.29899995776375,9.45029958499001,,,,,,,off,5.0,legged_eval-seed1-no-roughness,,n/a,settle,0.0,auto,hold,8.0,0.8,2.0,1.0,0,WALK,first,on,1000,1,deterministic,20.0,1,200,hi,1.0,0.42,0.5,0.05,dead-reckoned-heading-hold,off,,,2.65,0.5621
2,sphere_bump_lips,0,0,0,1,heading-only,0.04,0.9439352750778198,1.8322727203369134,0.17684935319016298,0.58081013993039,15.406977729224987,1,timeout,20.0,-3.3018905900632944,-0.16509452950316472,0.33205845952033997,-0.002803236246109009,-0.008386363983154333,-0.15346717834472656,0.22778902886571892,1.0278987797980594,0,20.0,2.9094559215313525,-2.2553018652318193,24.373672160318584,15.298138194379192,,,,,,,off,5.0,legged_eval-seed1-no-roughness,,n/a,settle,0.0,auto,hold,8.0,0.8,2.0,1.0,0,WALK,first,on,1000,1,deterministic,20.0,1,200,hi,1.0,0.42,0.5,0.05,dead-reckoned-heading-hold,off,,,2.65,0.5621
2,sphere_bump_lips,1,0,0,1,heading-only,0.04,1.119302368164064,1.9413902282714837,0.13292163251940087,0.38518280364984975,14.88081305290372,1,timeout,20.0,-4.8885676331948105,-0.2444283816597405,0.3198985457420349,0.005965118408203196,-0.002930488586425817,-0.030765533447265625,0.038585640090267326,-0.7151710583677778,0,20.0,8.51971426649185,-4.466810397251264,10.872207729846883,4.5879356417249255,,,,,,,off,5.0,legged_eval-seed1-no-roughness,,n/a,settle,0.0,auto,hold,8.0,0.8,2.0,1.0,0,WALK,first,on,1000,1,deterministic,20.0,1,200,hi,1.0,0.42,0.5,0.05,dead-reckoned-heading-hold,off,,,2.65,0.5621
2,sphere_bump_lips,2,0,0,1,heading-only,0.04,0.9571105957031278,2.575696182250976,0.5772916033161138,0.7912995637280242,14.80408737551954,0,roll,6.22,12.494908013150507,2.0088276548473485,0.32460883259773254,-0.00689540262007591,0.09255565631044628,0.5695056915283203,0.3270285142948694,-5.08464242249229,1,6.22,-86.63800252743793,8.581972458994574,86.63800252743793,10.87105453542161,,,,,,,off,5.0,legged_eval-seed1-no-roughness,,n/a,settle,0.0,auto,hold,8.0,0.8,2.0,1.0,0,WALK,first,on,1000,1,deterministic,20.0,1,200,hi,1.0,0.42,0.5,0.05,dead-reckoned-heading-hold,off,,,2.65,0.5621
2,sphere_bump_lips,3,0,0,1,heading-only,0.04,1.0071151733398551,2.595305633544921,0.5953481527828706,0.7728675498959191,14.505105976729924,0,roll,6.42,3.3533819547118355,0.5223336378055818,0.3243663012981415,0.0011082824516908286,0.09272673419702822,0.5891075134277344,0.34713209767076625,8.22573862801727,1,6.42,-87.65954848408069,3.5868919296922908,87.65954848408069,9.636333074339293,,,,,,,off,5.0,legged_eval-seed1-no-roughness,,n/a,settle,0.0,auto,hold,8.0,0.8,2.0,1.0,0,WALK,first,on,1000,1,deterministic,20.0,1,200,hi,1.0,0.42,0.5,0.05,dead-reckoned-heading-hold,off,,,2.65,0.5621
2,sphere_bump_lips,4,0,0,1,heading-only,0.04,0.9568237304687557,2.5729953765869134,0.5746197802378659,0.7895341419925155,13.904987254861325,0,roll,6.24,11.978428769153595,1.919619995056666,0.32417795062065125,-0.006919273963340435,0.09182618214533868,0.5669212341308594,0.3258194777326233,-4.842081622777866,1,6.24,-86.42957750626022,8.785670656300853,86.42957750626022,10.933859716052435,,,,,,,off,5.0,legged_eval-seed1-no-roughness,,n/a,settle,0.0,auto,hold,8.0,0.8,2.0,1.0,0,WALK,first,on,1000,1,deterministic,20.0,1,200,hi,1.0,0.42,0.5,0.05,dead-reckoned-heading-hold,off,,,2.65,0.5621
2,sphere_bump_lips,5,0,0,1,heading-only,0.04,0.966278076171875,2.5707332611083977,0.5717286274816894,0.7814061346765978,13.595706592863227,0,roll,6.26,10.880830287979393,1.7381518031915963,0.3239593803882599,-0.005386888790435303,0.09117144746140539,0.5644989013671875,0.32453322883557734,-5.631538545780598,1,6.26,-85.9770584805781,9.068798217234368,85.9770584805781,11.36541502492334,,,,,,,off,5.0,legged_eval-seed1-no-roughness,,n/a,settle,0.0,auto,hold,8.0,0.8,2.0,1.0,0,WALK,first,on,1000,1,deterministic,20.0,1,200,hi,1.0,0.42,0.5,0.05,dead-reckoned-heading-hold,off,,,2.65,0.5621
2,sphere_bump_lips,6,0,0,1,heading-only,0.04,0.9638000488281477,2.5745727539062493,0.5757119818070975,0.7859034528287224,13.19871217209528,0,roll,6.24,9.981767549399876,1.5996422354807494,0.32437482476234436,-0.005801274226258375,0.09207896697215533,0.5684814453125,0.34312614504531136,-4.812567510898094,1,6.24,-90.14923973855687,7.6041912238518385,90.14923973855687,11.106443771817956,,,,,,,off,5.0,legged_eval-seed1-no-roughness,,n/a,settle,0.0,auto,hold,8.0,0.8,2.0,1.0,0,WALK,first,on,1000,1,deterministic,20.0,1,200,hi,1.0,0.42,0.5,0.05,dead-reckoned-heading-hold,off,,,2.65,0.5621
2,sphere_bump_lips,7,0,0,1,heading-only,0.04,1.7303497314453296,1.626578521728515,0.8202769841076405,0.43875346062612053,11.925498149976377,0,roll,8.74,71.78816298327007,8.213748625088108,0.3262690603733063,0.08356404249946563,-0.04272556959627976,-0.3797454833984375,0.6164002878895253,1.715534016199151,1,8.74,90.08982054072757,1.5174261199173675,90.08982054072757,21.20608075701309,,,,,,,off,5.0,legged_eval-seed1-no-roughness,,n/a,settle,0.0,auto,hold,8.0,0.8,2.0,1.0,0,WALK,first,on,1000,1,deterministic,20.0,1,200,hi,1.0,0.42,0.5,0.05,dead-reckoned-heading-hold,off,,,2.65,0.5621
2,sphere_bump_lips,8,0,0,1,heading-only,0.04,0.9975097656250114,2.596446228027343,0.5964514265179417,0.7799003388704715,12.46676626636323,0,roll,6.4,5.828283268280131,0.9106692606687705,0.3247256875038147,-0.00038909912109197364,0.09319472312927235,0.5902843475341797,0.3439111417668518,-40.84865817935257,1,6.4,-88.77761134584861,3.8137161978814524,88.77761134584861,9.360084498802603,,,,,,,off,5.0,legged_eval-seed1-no-roughness,,n/a,settle,0.0,auto,hold,8.0,0.8,2.0,1.0,0,WALK,first,on,1000,1,deterministic,20.0,1,200,hi,1.0,0.42,0.5,0.05,dead-reckoned-heading-hold,off,,,2.65,0.5621
2,sphere_bump_lips,9,0,0,1,heading-only,0.04,0.9531005859375341,2.572997283935546,0.5749134216879229,0.7921015443106909,12.210351395605054,0,roll,6.2,13.498845025926755,2.1772330686978636,0.3239589333534241,-0.007564421622978369,0.09241891676379776,0.5668182373046875,0.32028646213203665,-5.023501799086097,1,6.2,-86.03093656658031,9.184733388483128,86.03093656658031,11.011746784760929,,,,,,,off,5.0,legged_eval-seed1-no-roughness,,n/a,settle,0.0,auto,hold,8.0,0.8,2.0,1.0,0,WALK,first,on,1000,1,deterministic,20.0,1,200,hi,1.0,0.42,0.5,0.05,dead-reckoned-heading-hold,off,,,2.65,0.5621
3,forward_ramp_no_lips,0,0,0,1,heading-only,0.04,0.9510591626167297,2.573366928100583,0.5754518570682302,0.7937793630389651,9.76578706940914,0,roll,6.24,11.236892354401107,1.8007840311540235,0.3244583308696747,-0.00784308291398562,0.09188572565714473,0.5672016143798828,0.3396020829017145,-4.007303098240774,1,6.24,-90.05842698491763,7.327867575086262,90.05842698491763,10.834954847847202,,,,,,,off,5.0,legged_eval-seed1-no-roughness,,n/a,settle,0.0,auto,hold,8.0,0.8,2.0,1.0,0,WALK,first,on,1000,1,deterministic,20.0,1,200,hi,1.0,0.42,0.5,0.05,dead-reckoned-heading-hold,off,,,2.65,0.5621
3,forward_ramp_no_lips,1,0,0,1,heading-only,0.04,0.9414459228515639,2.5715339660644503,0.5745255906537717,0.7991456259434204,9.925023676250868,0,roll,6.22,13.189253896590742,2.120458825818447,0.3242131769657135,-0.009413838769845029,0.09188648972097271,0.5653419494628906,0.3329690122239059,-3.9313386460424895,1,6.22,-89.174205671169,7.615019335190559,89.174205671169,10.726639862367454,,,,,,,off,5.0,legged_eval-seed1-no-roughness,,n/a,settle,0.0,auto,hold,8.0,0.8,2.0,1.0,0,WALK,first,on,1000,1,deterministic,20.0,1,200,hi,1.0,0.42,0.5,0.05,dead-reckoned-heading-hold,off,,,2.65,0.5621
3,forward_ramp_no_lips,2,0,0,1,heading-only,0.04,0.9533416748046903,2.574454116821286,0.5763458437804121,0.7929898213963814,9.713659465305161,0,roll,6.24,10.986119866348872,1.7605961324277037,0.3247462511062622,-0.007477295704376548,0.09205995461879586,0.5683708190917969,0.34234385311613125,-4.109533783819191,1,6.24,-90.59306131945793,7.271733082037859,90.59306131945793,10.808642373791981,,,,,,,off,5.0,legged_eval-seed1-no-roughness,,n/a,settle,0.0,auto,hold,8.0,0.8,2.0,1.0,0,WALK,first,on,1000,1,deterministic,20.0,1,200,hi,1.0,0.42,0.5,0.05,dead-reckoned-heading-hold,off,,,2.65,0.5621
3,forward_ramp_no_lips,3,0,0,1,heading-only,0.04,0.9468887329101676,2.568291473388669,0.5707679085391468,0.7930241311006773,10.019241000220818,0,roll,6.22,12.730458515939858,2.0466975106012635,0.32422807812690735,-0.008538788921194918,0.091365188647696,0.5620975494384766,0.331221495239283,-4.183451620837668,1,6.22,-89.2823197702483,7.645785475856508,89.2823197702483,10.836540552528374,,,,,,,off,5.0,legged_eval-seed1-no-roughness,,n/a,settle,0.0,auto,hold,8.0,0.8,2.0,1.0,0,WALK,first,on,1000,1,deterministic,20.0,1,200,hi,1.0,0.42,0.5,0.05,dead-reckoned-heading-hold,off,,,2.65,0.5621
3,forward_ramp_no_lips,4,0,0,1,heading-only,0.04,1.0001129150390682,2.568108367919919,0.5681083791411988,0.7567259843638066,9.267316666771869,0,roll,6.36,5.487519149537178,0.8628174763423235,0.32387590408325195,1.7753936960406344e-05,0.08932521508174827,0.5620765686035156,0.3550502277143622,,1,6.36,-90.25982033668015,7.1666864582890035,90.25982033668015,10.400101187702806,,,,,,,off,5.0,legged_eval-seed1-no-roughness,,n/a,settle,0.0,auto,hold,8.0,0.8,2.0,1.0,0,WALK,first,on,1000,1,deterministic,20.0,1,200,hi,1.0,0.42,0.5,0.05,dead-reckoned-heading-hold,off,,,2.65,0.5621
3,forward_ramp_no_lips,5,0,0,1,heading-only,0.04,0.9592742919921875,2.5706165313720675,0.5720680109635805,0.7861218208239991,9.807339757310347,0,roll,6.24,11.884632230299388,1.9045884984454147,0.3245948255062103,-0.006526555770482772,0.09144495695065183,0.5645008087158203,0.33403666067567467,-5.093243873564343,1,6.24,-88.92387294276801,7.43709863039892,88.92387294276801,10.433737343227778,,,,,,,off,5.0,legged_eval-seed1-no-roughness,,n/a,settle,0.0,auto,hold,8.0,0.8,2.0,1.0,0,WALK,first,on,1000,1,deterministic,20.0,1,200,hi,1.0,0.42,0.5,0.05,dead-reckoned-heading-hold,off,,,2.65,0.5621
3,forward_ramp_no_lips,6,0,0,1,heading-only,0.04,0.9849945068359602,2.5559661865234347,0.5561686483275613,0.7578450095808155,10.030425386226813,0,roll,6.34,8.702376754771166,1.3726146300900892,0.32427719235420227,-0.002366797029028354,0.08769182752735563,0.5497760772705078,0.3305891486993287,-10.121968365809154,1,6.34,-87.68125969217517,7.052906717931662,87.68125969217517,9.64072915913763,,,,,,,off,5.0,legged_eval-seed1-no-roughness,,n/a,settle,0.0,auto,hold,8.0,0.8,2.0,1.0,0,WALK,first,on,1000,1,deterministic,20.0,1,200,hi,1.0,0.42,0.5,0.05,dead-reckoned-heading-hold,off,,,2.65,0.5621
3,forward_ramp_no_lips,7,0,0,1,heading-only,0.04,0.9693634033203296,2.5650413513183565,0.5658713014067662,0.775143165122068,10.645642591190288,0,roll,6.26,10.829626092014735,1.7299722191716829,0.3240119516849518,-0.004894025028701349,0.0902621966962231,0.5587921142578125,0.32292980539168803,-6.16950485857872,1,6.26,-86.04993637531724,8.935255372929115,86.04993637531724,11.197735669615003,,,,,,,off,5.0,legged_eval-seed1-no-roughness,,n/a,settle,0.0,auto,hold,8.0,0.8,2.0,1.0,0,WALK,first,on,1000,1,deterministic,20.0,1,200,hi,1.0,0.42,0.5,0.05,dead-reckoned-heading-hold,off,,,2.65,0.5621
3,forward_ramp_no_lips,8,0,0,1,heading-only,0.04,0.9629333496093864,2.5640438079833956,0.5652604301519695,0.7788363141804594,10.55215234026208,0,roll,6.28,11.505618863859297,1.8321049146272765,0.324491024017334,-0.005902332864747393,0.08981589299098655,0.5578556060791016,0.3265192188357958,-5.417563484634835,1,6.28,-87.65185210088865,7.801864235799825,87.65185210088865,10.328194383715502,,,,,,,off,5.0,legged_eval-seed1-no-roughness,,n/a,settle,0.0,auto,hold,8.0,0.8,2.0,1.0,0,WALK,first,on,1000,1,deterministic,20.0,1,200,hi,1.0,0.42,0.5,0.05,dead-reckoned-heading-hold,off,,,2.65,0.5621
3,forward_ramp_no_lips,9,0,0,1,heading-only,0.04,1.006689453125034,2.586773681640622,0.5868118116135719,0.7665889701294744,10.16026831357374,0,roll,6.38,5.575296002541677,0.8738708467933664,0.32392454147338867,0.0010485036246134962,0.09197079649539533,0.5806884765625,0.3522926218866886,14.546371758473798,1,6.38,-90.37146820792874,5.0279638369645205,90.37146820792874,9.674168571041715,,,,,,,off,5.0,legged_eval-seed1-no-roughness,,n/a,settle,0.0,auto,hold,8.0,0.8,2.0,1.0,0,WALK,first,on,1000,1,deterministic,20.0,1,200,hi,1.0,0.42,0.5,0.05,dead-reckoned-heading-hold,off,,,2.65,0.5621
4,flush_a_frame,0,0,0,1,heading-only,0.04,0.9680848121643066,2.564260864257811,0.5651627218311196,0.7754508946305064,13.144032365428911,0,roll,6.24,11.229342831285578,1.799574171680381,0.32489317655563354,-0.005114613435207269,0.09042642055413638,0.55810546875,0.32565759571149805,-6.140932218545959,1,6.24,-87.18776951054892,8.976990099469258,87.18776951054892,11.232693630199895,,,,,,,off,5.0,legged_eval-seed1-no-roughness,,n/a,settle,0.0,auto,hold,8.0,0.8,2.0,1.0,0,WALK,first,on,1000,1,deterministic,20.0,1,200,hi,1.0,0.42,0.5,0.05,dead-reckoned-heading-hold,off,,,2.65,0.5621
4,flush_a_frame,1,0,0,1,heading-only,0.04,0.9760299682617202,2.570619964599608,0.5711231972361059,0.7746946096104399,13.336183282733465,0,roll,6.3,8.86709606994475,1.4074755666578969,0.3237486779689789,-0.0038047669425841,0.09057459755549332,0.5644416809082031,0.3303937289788657,-6.45639618674495,1,6.3,-86.06164189541207,9.362892628317462,86.06164189541207,11.802179335135866,,,,,,,off,5.0,legged_eval-seed1-no-roughness,,n/a,settle,0.0,auto,hold,8.0,0.8,2.0,1.0,0,WALK,first,on,1000,1,deterministic,20.0,1,200,hi,1.0,0.42,0.5,0.05,dead-reckoned-heading-hold,off,,,2.65,0.5621
4,flush_a_frame,2,0,0,1,heading-only,0.04,1.0026275634765653,2.5959533691406236,0.5959591615873387,0.7762343452871164,12.311804468101185,0,roll,6.44,2.99129205790328,0.4644863443949192,0.32454729080200195,0.000408006751019463,0.09253934303425831,0.5897140502929688,0.34460781297340204,19.869318387471807,1,6.44,-87.25808777139694,1.8039975881519055,87.25808777139694,9.624087001620815,,,,,,,off,5.0,legged_eval-seed1-no-roughness,,n/a,settle,0.0,auto,hold,8.0,0.8,2.0,1.0,0,WALK,first,on,1000,1,deterministic,20.0,1,200,hi,1.0,0.42,0.5,0.05,dead-reckoned-heading-hold,off,,,2.65,0.5621
4,flush_a_frame,3,0,0,1,heading-only,0.04,0.9868133544921989,2.5660881042480455,0.5662416704825727,0.7640787098844565,13.72486589064916,0,roll,6.34,6.5906598647317765,1.0395362562668418,0.32373878359794617,-0.002079912540662639,0.08928834451861915,0.559906005859375,0.35158473023269127,-8.723121771231613,1,6.34,-91.3079208104961,7.339534866117987,91.3079208104961,10.876244758627445,,,,,,,off,5.0,legged_eval-seed1-no-roughness,,n/a,settle,0.0,auto,hold,8.0,0.8,2.0,1.0,0,WALK,first,on,1000,1,deterministic,20.0,1,200,hi,1.0,0.42,0.5,0.05,dead-reckoned-heading-hold,off,,,2.65,0.5621
4,flush_a_frame,4,0,0,1,heading-only,0.04,0.9964813232421932,2.570852661132811,0.5708635054096014,0.7611857976646338,13.215853290961364,0,roll,6.34,6.656020135346239,1.0498454472154952,0.32394370436668396,-0.00055499633403893,0.0900398519136926,0.564727783203125,0.3443347896792485,-33.01510040190184,1,6.34,-88.49554874685502,7.967644733513922,88.49554874685502,10.50897932156423,,,,,,,off,5.0,legged_eval-seed1-no-roughness,,n/a,settle,0.0,auto,hold,8.0,0.8,2.0,1.0,0,WALK,first,on,1000,1,deterministic,20.0,1,200,hi,1.0,0.42,0.5,0.05,dead-reckoned-heading-hold,off,,,2.65,0.5621
4,flush_a_frame,5,0,0,1,heading-only,0.04,0.9589385986328125,2.568380737304686,0.569862001910336,0.784731866683419,13.952643106566914,0,roll,6.22,13.08133251292071,2.1031081210483458,0.3247661888599396,-0.006601511473824357,0.09137953975959584,0.5623359680175781,0.31931206575835513,-5.560266218315099,1,6.22,-86.49083717407888,8.802007659351734,86.49083717407888,10.677415368727486,,,,,,,off,5.0,legged_eval-seed1-no-roughness,,n/a,settle,0.0,auto,hold,8.0,0.8,2.0,1.0,0,WALK,first,on,1000,1,deterministic,20.0,1,200,hi,1.0,0.42,0.5,0.05,dead-reckoned-heading-hold,off,,,2.65,0.5621
4,flush_a_frame,6,0,0,1,heading-only,0.04,0.9591613769531477,2.5723747253417955,0.5738297825509396,0.7874765027537717,14.252336563310338,0,roll,6.26,10.832273151891684,1.73039507218717,0.3240036368370056,-0.006523741700775122,0.091433662195175,0.5662307739257812,0.3285983290880571,-4.6294124990207255,1,6.26,-86.76110222433388,8.435455538939548,86.76110222433388,10.860941947111716,,,,,,,off,5.0,legged_eval-seed1-no-roughness,,n/a,settle,0.0,auto,hold,8.0,0.8,2.0,1.0,0,WALK,first,on,1000,1,deterministic,20.0,1,200,hi,1.0,0.42,0.5,0.05,dead-reckoned-heading-hold,off,,,2.65,0.5621
4,flush_a_frame,7,0,0,1,heading-only,0.04,0.946673583984392,2.56809844970703,0.5705957896835555,0.7930359205106716,12.765973152172986,0,roll,6.2,14.373830120531125,2.3183596968598588,0.32422274351119995,-0.008601034841227088,0.09162878221081126,0.5620040893554688,0.31836699920894085,-4.7044350712070155,1,6.2,-86.38346301749793,9.072907358502608,86.38346301749793,10.841962491127726,,,,,,,off,5.0,legged_eval-seed1-no-roughness,,n/a,settle,0.0,auto,hold,8.0,0.8,2.0,1.0,0,WALK,first,on,1000,1,deterministic,20.0,1,200,hi,1.0,0.42,0.5,0.05,dead-reckoned-heading-hold,off,,,2.65,0.5621
4,flush_a_frame,8,0,0,1,heading-only,0.04,0.9886901855468864,2.5879997253417955,0.5881084839593719,0.7792184567617123,12.824796405358839,0,roll,6.54,3.5952666927211396,0.5497349683059847,0.324893593788147,-0.001729329427081595,0.08990821488406658,0.581573486328125,0.34950938889343885,-5.548211381840668,1,6.54,-89.15120313580795,-0.35848201461587503,89.15120313580795,9.394518533345272,,,,,,,off,5.0,legged_eval-seed1-no-roughness,,n/a,settle,0.0,auto,hold,8.0,0.8,2.0,1.0,0,WALK,first,on,1000,1,deterministic,20.0,1,200,hi,1.0,0.42,0.5,0.05,dead-reckoned-heading-hold,off,,,2.65,0.5621
4,flush_a_frame,9,0,0,1,heading-only,0.04,0.9879821777344091,2.566976928710936,0.5671042811886481,0.763953590218728,13.02436450060608,0,roll,6.5,2.6411901863718583,0.4063369517495167,0.32465124130249023,-0.0018488957331678298,0.08722721980168248,0.5607719421386719,0.3433932861010389,-3.835758584609511,1,6.5,-88.01137507615566,-2.449623445598964,88.01137507615566,9.421904254027897,,,,,,,off,5.0,legged_eval-seed1-no-roughness,,n/a,settle,0.0,auto,hold,8.0,0.8,2.0,1.0,0,WALK,first,on,1000,1,deterministic,20.0,1,200,hi,1.0,0.42,0.5,0.05,dead-reckoned-heading-hold,off,,,2.65,0.5621
5,sphere_bump,0,0,0,1,heading-only,0.04,0.9554978609085083,2.0400657653808594,0.0598807643511048,0.5459742164523561,14.994555667467273,1,timeout,20.0,-1.424534281508727,-0.07122671407543635,0.335402250289917,-0.002225106954574585,0.0020032882690429687,0.022541046142578125,0.11169931748964926,0.558688054718982,0,20.0,-11.093266038239692,-0.7810484851786483,23.545763127464106,8.497624088704535,,,,,,,off,5.0,legged_eval-seed1-no-roughness,,n/a,settle,0.0,auto,hold,8.0,0.8,2.0,1.0,0,WALK,first,on,1000,1,deterministic,20.0,1,200,hi,1.0,0.42,0.5,0.05,dead-reckoned-heading-hold,off,,,2.65,0.5621
5,sphere_bump,1,0,0,1,heading-only,0.04,0.9615875244140639,2.57177734375,0.5730661821347041,0.7853771862566303,14.599613278736436,0,roll,6.24,10.106381766697098,1.6196124626117143,0.32479798793792725,-0.006155845446464115,0.09163098457532051,0.5655860900878906,0.33883869243146436,-4.591988269482093,1,6.24,-89.70472486172082,7.92532643223499,89.70472486172082,11.508255354064847,,,,,,,off,5.0,legged_eval-seed1-no-roughness,,n/a,settle,0.0,auto,hold,8.0,0.8,2.0,1.0,0,WALK,first,on,1000,1,deterministic,20.0,1,200,hi,1.0,0.42,0.5,0.05,dead-reckoned-heading-hold,off,,,2.65,0.5621
5,sphere_bump,2,0,0,1,heading-only,0.04,0.9576904296875028,2.5686798095703125,0.570251545857576,0.7858093890158429,14.403540241673985,0,roll,6.22,12.494516912266732,2.008764776891758,0.3246152698993683,-0.006802181722266425,0.09142762211741359,0.5625,0.32415601370226327,-5.154163867761086,1,6.22,-87.09035937678236,8.781867437407499,87.09035937678236,10.859532845543889,,,,,,,off,5.0,legged_eval-seed1-no-roughness,,n/a,settle,0.0,auto,hold,8.0,0.8,2.0,1.0,0,WALK,first,on,1000,1,deterministic,20.0,1,200,hi,1.0,0.42,0.5,0.05,dead-reckoned-heading-hold,off,,,2.65,0.5621
5,sphere_bump,3,0,0,1,heading-only,0.04,0.9564865112304801,2.5682220458984375,0.5698857053391506,0.7863098663500421,13.705297806343282,0,roll,6.22,13.398167608813395,2.154046239359067,0.3248026967048645,-0.006995737744295801,0.09135402667177452,0.5619926452636719,0.31705848282574434,-5.374014934689631,1,6.22,-86.3374483283017,8.74942580923886,86.3374483283017,10.625542056908245,,,,,,,off,5.0,legged_eval-seed1-no-roughness,,n/a,settle,0.0,auto,hold,8.0,0.8,2.0,1.0,0,WALK,first,on,1000,1,deterministic,20.0,1,200,hi,1.0,0.42,0.5,0.05,dead-reckoned-heading-hold,off,,,2.65,0.5621
5,sphere_bump,4,0,0,1,heading-only,0.04,1.0032409667968807,2.590229034423828,0.5902379324837256,0.7714530770862102,13.559611005362488,0,roll,6.48,2.293058866396109,0.3538671090117452,0.3247080445289612,0.0005001491970494882,0.09108472753454137,0.5839958190917969,0.35618839105780387,12.348607581904282,1,6.48,-90.6990260093348,-0.8251693405731033,90.6990260093348,9.366308776977093,,,,,,,off,5.0,legged_eval-seed1-no-roughness,,n/a,settle,0.0,auto,hold,8.0,0.8,2.0,1.0,0,WALK,first,on,1000,1,deterministic,20.0,1,200,hi,1.0,0.42,0.5,0.05,dead-reckoned-heading-hold,off,,,2.65,0.5621
5,sphere_bump,5,0,0,1,heading-only,0.04,0.958892822265625,2.5681495666503906,0.569634733971088,0.784596015718081,13.253290656374118,0,roll,6.24,12.186796627631793,1.9530122800691976,0.32406142354011536,-0.006587688739483173,0.0910496100401267,0.5619354248046875,0.3236300800434109,-5.174272186661225,1,6.24,-86.56758582605583,8.484540177378728,86.56758582605583,10.649054776034491,,,,,,,off,5.0,legged_eval-seed1-no-roughness,,n/a,settle,0.0,auto,hold,8.0,0.8,2.0,1.0,0,WALK,first,on,1000,1,deterministic,20.0,1,200,hi,1.0,0.42,0.5,0.05,dead-reckoned-heading-hold,off,,,2.65,0.5621
5,sphere_bump,6,0,0,1,heading-only,0.04,0.9559265136718977,2.569255828857422,0.5709594301570504,0.7874440660855639,13.106441647680313,0,roll,6.22,13.115086537504027,2.1085348131035415,0.32487133145332336,-0.007085769506125766,0.09152022971984275,0.5630722045898438,0.3174702137120405,-5.193631383262623,1,6.22,-85.99826818606721,8.951998387251242,85.99826818606721,10.983261720504052,,,,,,,off,5.0,legged_eval-seed1-no-roughness,,n/a,settle,0.0,auto,hold,8.0,0.8,2.0,1.0,0,WALK,first,on,1000,1,deterministic,20.0,1,200,hi,1.0,0.42,0.5,0.05,dead-reckoned-heading-hold,off,,,2.65,0.5621
5,sphere_bump,7,0,0,1,heading-only,0.04,0.975909423828142,2.5724258422851562,0.5729325446997776,0.7761071298139327,12.78690976714694,0,roll,6.32,6.8061259494608635,1.076918662889377,0.32378914952278137,-0.003811800027192713,0.09057370922233485,0.5659561157226562,0.3521454845290292,-4.930945041583695,1,6.32,-91.58440176045075,7.380084930006546,91.58440176045075,11.962643494710159,,,,,,,off,5.0,legged_eval-seed1-no-roughness,,n/a,settle,0.0,auto,hold,8.0,0.8,2.0,1.0,0,WALK,first,on,1000,1,deterministic,20.0,1,200,hi,1.0,0.42,0.5,0.05,dead-reckoned-heading-hold,off,,,2.65,0.5621
5,sphere_bump,8,0,0,1,heading-only,0.04,0.9609497070312614,2.565563201904297,0.5669097465462953,0.7813046484553406,12.451900815793278,0,roll,6.28,10.587636356440669,1.6859293561211255,0.3241938352584839,-0.006218199517315068,0.09005783469813644,0.5591659545898438,0.3372068584624055,-4.732080104281852,1,6.28,-89.40559861784993,7.243303609117779,89.40559861784993,10.345593507128159,,,,,,,off,5.0,legged_eval-seed1-no-roughness,,n/a,settle,0.0,auto,hold,8.0,0.8,2.0,1.0,0,WALK,first,on,1000,1,deterministic,20.0,1,200,hi,1.0,0.42,0.5,0.05,dead-reckoned-heading-hold,off,,,2.65,0.5621
5,sphere_bump,9,0,0,1,heading-only,0.04,0.9423278808594091,2.569347381591797,0.5722608795397442,0.7969658922389292,12.32083395851093,0,roll,6.22,12.796477350776087,2.057311471185866,0.3240238130092621,-0.009272044877908505,0.09153494880897056,0.563323974609375,0.3333295501815463,-3.872593304287514,1,6.22,-89.50809995828008,7.691391002392841,89.50809995828008,10.832006547944692,,,,,,,off,5.0,legged_eval-seed1-no-roughness,,n/a,settle,0.0,auto,hold,8.0,0.8,2.0,1.0,0,WALK,first,on,1000,1,deterministic,20.0,1,200,hi,1.0,0.42,0.5,0.05,dead-reckoned-heading-hold,off,,,2.65,0.5621
6,box_jump_even,0,0,0,1,heading-only,0.04,0.9634661674499512,2.566709136962885,0.5678855226522445,0.780402331741815,10.501835604651886,0,roll,6.22,12.146154269203038,1.952757921093736,0.32460612058639526,-0.005873606519300455,0.09111079372393649,0.5605316162109375,0.32599133175079076,-5.802577190946132,1,6.22,-87.25226370843335,8.43681700485741,87.25226370843335,10.436649377838108,,,,,,,off,5.0,legged_eval-seed1-no-roughness,,n/a,settle,0.0,auto,hold,8.0,0.8,2.0,1.0,0,WALK,first,on,1000,1,deterministic,20.0,1,200,hi,1.0,0.42,0.5,0.05,dead-reckoned-heading-hold,off,,,2.65,0.5621
6,box_jump_even,1,0,0,1,heading-only,0.04,0.9620796203613295,2.573888397216791,0.5751398505163752,0.7865788118749888,10.3039144809264,0,roll,6.24,11.15490584942583,1.7876451681772163,0.3247887194156647,-0.006076983916453598,0.09196929442576782,0.5677490234375,0.3289878077131887,-5.13417420072226,1,6.24,-87.25859911651584,8.77060732525868,87.25859911651584,11.017248177508435,,,,,,,off,5.0,legged_eval-seed1-no-roughness,,n/a,settle,0.0,auto,hold,8.0,0.8,2.0,1.0,0,WALK,first,on,1000,1,deterministic,20.0,1,200,hi,1.0,0.42,0.5,0.05,dead-reckoned-heading-hold,off,,,2.65,0.5621
6,box_jump_even,2,0,0,1,heading-only,0.04,0.9697601318359403,2.579656219482416,0.5804444697050931,0.785592547428555,10.546181916402565,0,roll,6.28,8.872781271554487,1.41286325980167,0.32381319999694824,-0.00481526563121969,0.0923019457774548,0.5735359191894531,0.33548939948932804,-5.121029171085026,1,6.28,-87.2819912170921,8.970510923873848,87.2819912170921,11.82781523065833,,,,,,,off,5.0,legged_eval-seed1-no-roughness,,n/a,settle,0.0,auto,hold,8.0,0.8,2.0,1.0,0,WALK,first,on,1000,1,deterministic,20.0,1,200,hi,1.0,0.42,0.5,0.05,dead-reckoned-heading-hold,off,,,2.65,0.5621
6,box_jump_even,3,0,0,1,heading-only,0.04,1.0011337280273551,2.588742828369135,0.5887439199646385,0.7716771833273118,10.365599415042478,0,roll,6.38,4.339873462153093,0.6802309501807356,0.3235822916030884,0.00017770031776726,0.09227944018324999,0.5824851989746094,0.35799307300361255,66.8106275992869,1,6.38,-89.83960012967718,6.016052106276699,89.83960012967718,9.892866288135505,,,,,,,off,5.0,legged_eval-seed1-no-roughness,,n/a,settle,0.0,auto,hold,8.0,0.8,2.0,1.0,0,WALK,first,on,1000,1,deterministic,20.0,1,200,hi,1.0,0.42,0.5,0.05,dead-reckoned-heading-hold,off,,,2.65,0.5621
6,box_jump_even,4,0,0,1,heading-only,0.04,0.9649719238281307,2.5717979431152287,0.5728698402526603,0.7830759414277634,11.249569269981883,0,roll,6.3,8.643091397260037,1.3719192694063551,0.32421383261680603,-0.005560012090772907,0.09076157827225853,0.5656280517578125,0.34310892728227593,-4.306556880053014,1,6.3,-90.27157971933009,7.304065204153986,90.27157971933009,10.582365470757042,,,,,,,off,5.0,legged_eval-seed1-no-roughness,,n/a,settle,0.0,auto,hold,8.0,0.8,2.0,1.0,0,WALK,first,on,1000,1,deterministic,20.0,1,200,hi,1.0,0.42,0.5,0.05,dead-reckoned-heading-hold,off,,,2.65,0.5621
6,box_jump_even,5,0,0,1,heading-only,0.04,1.0034332275390625,2.5764595031738224,0.5764697267426496,0.7608443456526983,11.111530033909975,0,roll,6.5600000000000005,0.043740128314340154,0.006667702486942096,0.32428333163261414,0.0005233578565644055,0.0878749242643022,0.5702171325683594,0.34839638343595314,0.22235906174121353,1,6.5600000000000005,-87.05312872020467,-2.2714587833203783,87.05312872020467,9.819588868889992,,,,,,,off,5.0,legged_eval-seed1-no-roughness,,n/a,settle,0.0,auto,hold,8.0,0.8,2.0,1.0,0,WALK,first,on,1000,1,deterministic,20.0,1,200,hi,1.0,0.42,0.5,0.05,dead-reckoned-heading-hold,off,,,2.65,0.5621
6,box_jump_even,6,0,0,1,heading-only,0.04,0.9750457763672102,2.5774131774902287,0.5779521527051159,0.7803735736487156,10.84034316436915,0,roll,6.32,7.208994469274671,1.140663681847258,0.3240140974521637,-0.003948453106454076,0.09136284453959315,0.5712890625,0.3478622771640876,-5.042059857216967,1,6.32,-90.22233269609546,7.826603862258644,90.22233269609546,11.52817568928564,,,,,,,off,5.0,legged_eval-seed1-no-roughness,,n/a,settle,0.0,auto,hold,8.0,0.8,2.0,1.0,0,WALK,first,on,1000,1,deterministic,20.0,1,200,hi,1.0,0.42,0.5,0.05,dead-reckoned-heading-hold,off,,,2.65,0.5621
6,box_jump_even,7,0,0,1,heading-only,0.04,0.997180175781267,2.573278045654291,0.5732849806490905,0.7625454040623162,10.818020330548565,0,roll,6.34,6.676668601802305,1.053102303123392,0.32400086522102356,-0.0004447672269294869,0.090422404677333,0.5669746398925781,0.3427401839247201,-41.32521785997628,1,6.34,-87.19885507456344,9.031065404428977,87.19885507456344,11.344412778755702,,,,,,,off,5.0,legged_eval-seed1-no-roughness,,n/a,settle,0.0,auto,hold,8.0,0.8,2.0,1.0,0,WALK,first,on,1000,1,deterministic,20.0,1,200,hi,1.0,0.42,0.5,0.05,dead-reckoned-heading-hold,off,,,2.65,0.5621
6,box_jump_even,8,0,0,1,heading-only,0.04,0.9679687500000114,2.574105834960932,0.5749987049661507,0.7827226588726935,11.196759369822681,0,roll,6.24,11.010961951566316,1.764577235827935,0.3249618411064148,-0.005133213141023819,0.09200414021809804,0.5675697326660156,0.32863538327458136,-5.999689049497626,1,6.24,-87.33904192936075,8.113399628815557,87.33904192936075,10.37720966651334,,,,,,,off,5.0,legged_eval-seed1-no-roughness,,n/a,settle,0.0,auto,hold,8.0,0.8,2.0,1.0,0,WALK,first,on,1000,1,deterministic,20.0,1,200,hi,1.0,0.42,0.5,0.05,dead-reckoned-heading-hold,off,,,2.65,0.5621
6,box_jump_even,9,0,0,1,heading-only,0.04,0.9826721191406591,2.5791030883789006,0.5793622721795545,0.7765233565607651,11.23226625279485,0,roll,6.36,7.660176159914613,1.2044302138230523,0.3240697681903839,-0.0027245095690787567,0.09105394471366361,0.5727920532226562,0.3422989359868439,-7.715617181267431,1,6.36,-88.71762756369726,5.823812452757244,88.71762756369726,9.526366461880352,,,,,,,off,5.0,legged_eval-seed1-no-roughness,,n/a,settle,0.0,auto,hold,8.0,0.8,2.0,1.0,0,WALK,first,on,1000,1,deterministic,20.0,1,200,hi,1.0,0.42,0.5,0.05,dead-reckoned-heading-hold,off,,,2.65,0.5621
7,box_jump_uneven,0,0,0,1,heading-only,0.04,0.9616246223449707,2.5709945678710895,0.572282680279998,0.7847820358567642,11.352743765326165,0,roll,6.24,9.691824361548015,1.5531769810173102,0.32448726892471313,-0.006149900265229054,0.091505539722931,0.5648422241210938,0.3421449904089532,-4.407884846231386,1,6.24,-90.63831384731017,7.682590330533867,90.63831384731017,11.224966225190288,,,,,,,off,5.0,legged_eval-seed1-no-roughness,,n/a,settle,0.0,auto,hold,8.0,0.8,2.0,1.0,0,WALK,first,on,1000,1,deterministic,20.0,1,200,hi,1.0,0.42,0.5,0.05,dead-reckoned-heading-hold,off,,,2.65,0.5621
7,box_jump_uneven,1,0,0,1,heading-only,0.04,0.969205474853517,2.567397308349605,0.5682323541487005,0.7769700981684284,11.64462627101874,0,roll,6.3,8.649819799892214,1.372987269824161,0.3243245482444763,-0.0048880198645211035,0.09006306481739763,0.5612335205078125,0.34506495476321053,-4.902424521702951,1,6.3,-90.43683907297724,7.54322641134509,90.43683907297724,10.825061957376997,,,,,,,off,5.0,legged_eval-seed1-no-roughness,,n/a,settle,0.0,auto,hold,8.0,0.8,2.0,1.0,0,WALK,first,on,1000,1,deterministic,20.0,1,200,hi,1.0,0.42,0.5,0.05,dead-reckoned-heading-hold,off,,,2.65,0.5621
7,box_jump_uneven,2,0,0,1,heading-only,0.04,1.0010864257812528,2.5895568847656207,0.589557885788598,0.7723289939619442,11.264352352470928,0,roll,6.38,4.538138352327877,0.7113069517755294,0.3237479627132416,0.00017028617261016335,0.09240703522972112,0.5834159851074219,0.35503314367919653,72.9046176240534,1,6.38,-88.77160991090089,6.538880084869511,88.77160991090089,9.888533678159336,,,,,,,off,5.0,legged_eval-seed1-no-roughness,,n/a,settle,0.0,auto,hold,8.0,0.8,2.0,1.0,0,WALK,first,on,1000,1,deterministic,20.0,1,200,hi,1.0,0.42,0.5,0.05,dead-reckoned-heading-hold,off,,,2.65,0.5621
7,box_jump_uneven,3,0,0,1,heading-only,0.04,0.9738815307617301,2.56315536499023,0.5637607112531253,0.7706780188839563,11.989351840460241,0,roll,6.28,9.653534767832696,1.537187064941512,0.32412058115005493,-0.004158991916921956,0.08967442117678823,0.5569038391113281,0.33149658300883145,-6.450836173337226,1,6.28,-87.7578484587298,8.52199702480044,87.7578484587298,10.941671263588994,,,,,,,off,5.0,legged_eval-seed1-no-roughness,,n/a,settle,0.0,auto,hold,8.0,0.8,2.0,1.0,0,WALK,first,on,1000,1,deterministic,20.0,1,200,hi,1.0,0.42,0.5,0.05,dead-reckoned-heading-hold,off,,,2.65,0.5621
7,box_jump_uneven,4,0,0,1,heading-only,0.04,0.9621795654296932,2.575007629394527,0.5762500838464152,0.7873275009189679,11.602078098242028,0,roll,6.24,9.992980720813676,1.6014392180791148,0.3247515857219696,-0.00606096707857481,0.09214865855681521,0.5688743591308594,0.3411191678871955,-4.61153917579377,1,6.24,-90.13943242452928,7.601730141339316,90.13943242452928,10.72586897470383,,,,,,,off,5.0,legged_eval-seed1-no-roughness,,n/a,settle,0.0,auto,hold,8.0,0.8,2.0,1.0,0,WALK,first,on,1000,1,deterministic,20.0,1,200,hi,1.0,0.42,0.5,0.05,dead-reckoned-heading-hold,off,,,2.65,0.5621
7,box_jump_uneven,5,0,0,1,heading-only,0.04,0.9977874755859375,2.5978118896484332,0.597815983952682,0.7807665944975974,11.667537690940497,0,roll,6.4,5.6052004320369235,0.8758125675057693,0.3247189521789551,-0.0003457069396972656,0.0934081077575677,0.5916213989257812,0.3502464626478899,-44.21610091688211,1,6.4,-89.42586502311465,4.081169477105496,89.42586502311465,9.401820014971412,,,,,,,off,5.0,legged_eval-seed1-no-roughness,,n/a,settle,0.0,auto,hold,8.0,0.8,2.0,1.0,0,WALK,first,on,1000,1,deterministic,20.0,1,200,hi,1.0,0.42,0.5,0.05,dead-reckoned-heading-hold,off,,,2.65,0.5621
7,box_jump_uneven,6,0,0,1,heading-only,0.04,0.9968658447265852,2.5968734741210895,0.596881702717261,0.7806419936898549,11.268952314243347,0,roll,6.44,3.2328405560490125,0.5019938751628901,0.32447168231010437,-0.0004866700735116091,0.09268221647843004,0.5908203125,0.3577046011701458,-18.00284509630696,1,6.44,-90.29239583529686,1.5650883005636331,90.29239583529686,9.463005858160168,,,,,,,off,5.0,legged_eval-seed1-no-roughness,,n/a,settle,0.0,auto,hold,8.0,0.8,2.0,1.0,0,WALK,first,on,1000,1,deterministic,20.0,1,200,hi,1.0,0.42,0.5,0.05,dead-reckoned-heading-hold,off,,,2.65,0.5621
7,box_jump_uneven,7,0,0,1,heading-only,0.04,0.957141113281267,2.5789215087890582,0.5805058117791491,0.7936283035704446,10.658592561682164,0,roll,6.22,10.518162127000494,1.6910228500000795,0.32407906651496887,-0.006890496257031021,0.09307419755451098,0.57269287109375,0.34141461867551703,-4.283278788351965,1,6.22,-90.6444819564982,7.933395919918,90.6444819564982,11.285591482561461,,,,,,,off,5.0,legged_eval-seed1-no-roughness,,n/a,settle,0.0,auto,hold,8.0,0.8,2.0,1.0,0,WALK,first,on,1000,1,deterministic,20.0,1,200,hi,1.0,0.42,0.5,0.05,dead-reckoned-heading-hold,off,,,2.65,0.5621
7,box_jump_uneven,8,0,0,1,heading-only,0.04,1.0070617675781364,2.5747673034667926,0.5748106833521935,0.7571958492475241,11.956760894012145,0,roll,6.38,4.907299811188068,0.7691692494025185,0.3237970173358917,0.001106860121964948,0.09008891903868223,0.5684432983398438,0.3543301428928694,12.12848456707929,1,6.38,-89.657097232646,6.0702611610067745,89.657097232646,9.879824369452338,,,,,,,off,5.0,legged_eval-seed1-no-roughness,,n/a,settle,0.0,auto,hold,8.0,0.8,2.0,1.0,0,WALK,first,on,1000,1,deterministic,20.0,1,200,hi,1.0,0.42,0.5,0.05,dead-reckoned-heading-hold,off,,,2.65,0.5621
7,box_jump_uneven,9,0,0,1,heading-only,0.04,1.003149414062534,2.589137268066402,0.5891456860859468,0.7706771213492372,12.261012682274723,0,roll,6.42,4.076954463810836,0.6350396361076068,0.3251359462738037,0.0004905629380894247,0.09176592960535856,0.5830917358398438,0.35764554051760644,22.593497531450268,1,6.42,-90.6899910432966,3.0062639125513684,90.6899910432966,9.32276509531938,,,,,,,off,5.0,legged_eval-seed1-no-roughness,,n/a,settle,0.0,auto,hold,8.0,0.8,2.0,1.0,0,WALK,first,on,1000,1,deterministic,20.0,1,200,hi,1.0,0.42,0.5,0.05,dead-reckoned-heading-hold,off,,,2.65,0.5621
8,flat_circle_jump,0,0,0,1,heading-only,0.04,0.9614719748497009,2.5696609497070284,0.5709623510732521,0.7839171075396905,7.859200671740592,0,roll,6.24,11.093373794439344,1.777784261929382,0.3247870206832886,-0.006174363004855621,0.09129181886330583,0.563385009765625,0.3360656318288123,-5.025326294615966,1,6.24,-88.78334208293613,7.965920462366605,88.78334208293613,10.676440007008187,,,,,,,off,5.0,legged_eval-seed1-no-roughness,,n/a,settle,0.0,auto,hold,8.0,0.8,2.0,1.0,0,WALK,first,on,1000,1,deterministic,20.0,1,200,hi,1.0,0.42,0.5,0.05,dead-reckoned-heading-hold,off,,,2.65,0.5621
8,flat_circle_jump,1,0,0,1,heading-only,0.04,0.9724861145019545,2.575787353515622,0.57644435148913,0.7808981853364554,8.347395916669543,0,roll,6.3,7.35567622950478,1.1675676554769494,0.3238072991371155,-0.0043672834123881675,0.09139481801835272,0.569580078125,0.34419084231631,-4.666035588636162,1,6.3,-89.24552580649282,8.429192548565657,89.24552580649282,12.008603776050771,,,,,,,off,5.0,legged_eval-seed1-no-roughness,,n/a,settle,0.0,auto,hold,8.0,0.8,2.0,1.0,0,WALK,first,on,1000,1,deterministic,20.0,1,200,hi,1.0,0.42,0.5,0.05,dead-reckoned-heading-hold,off,,,2.65,0.5621
8,flat_circle_jump,2,0,0,1,heading-only,0.04,0.9901077270507841,2.5902069091796847,0.5902898040009995,0.7799578999258577,8.879529001242622,0,roll,6.36,8.0594908516764,1.2672155427164151,0.32447049021720886,-0.0015553888284930671,0.0927998284873718,0.5839614868164062,0.33217291450989145,-14.219649227052985,1,6.36,-86.41010704817953,6.270827866856891,86.41010704817953,9.427458381955091,,,,,,,off,5.0,legged_eval-seed1-no-roughness,,n/a,settle,0.0,auto,hold,8.0,0.8,2.0,1.0,0,WALK,first,on,1000,1,deterministic,20.0,1,200,hi,1.0,0.42,0.5,0.05,dead-reckoned-heading-hold,off,,,2.65,0.5621
8,flat_circle_jump,3,0,0,1,heading-only,0.04,0.9563720703125114,2.577954101562497,0.5795984297440167,0.7934496010769798,9.311581554117446,0,roll,6.22,12.182781775945301,1.9586465877725565,0.3247821033000946,-0.007014136605705568,0.09291866584606064,0.5716781616210938,0.3268241337478284,-4.873704885042582,1,6.22,-86.69309050669584,9.03162996712621,86.69309050669584,11.179573316483799,,,,,,,off,5.0,legged_eval-seed1-no-roughness,,n/a,settle,0.0,auto,hold,8.0,0.8,2.0,1.0,0,WALK,first,on,1000,1,deterministic,20.0,1,200,hi,1.0,0.42,0.5,0.05,dead-reckoned-heading-hold,off,,,2.65,0.5621
8,flat_circle_jump,4,0,0,1,heading-only,0.04,0.9619354248046932,2.573002624511716,0.5742655479672393,0.7860314845967815,10.154244695620013,0,roll,6.22,11.64285259957046,1.871841253950235,0.32454878091812134,-0.006119706623039681,0.09212260844239806,0.5667877197265625,0.32676047254354273,-5.338457375243212,1,6.22,-87.18336522094025,8.821701570560064,87.18336522094025,10.912333653717425,,,,,,,off,5.0,legged_eval-seed1-no-roughness,,n/a,settle,0.0,auto,hold,8.0,0.8,2.0,1.0,0,WALK,first,on,1000,1,deterministic,20.0,1,200,hi,1.0,0.42,0.5,0.05,dead-reckoned-heading-hold,off,,,2.65,0.5621
8,flat_circle_jump,5,0,0,1,heading-only,0.04,1.0032806396484375,2.574803161621091,0.574812523529285,0.7596899351430604,10.56237132184929,0,roll,6.36,5.822229442790984,0.9154448809419786,0.32377731800079346,0.0005158238440939465,0.09037785560080046,0.5687332153320312,0.34726679872206523,30.97477457838309,1,6.36,-88.2400595872246,7.3913399466536305,88.2400595872246,9.954005840072622,,,,,,,off,5.0,legged_eval-seed1-no-roughness,,n/a,settle,0.0,auto,hold,8.0,0.8,2.0,1.0,0,WALK,first,on,1000,1,deterministic,20.0,1,200,hi,1.0,0.42,0.5,0.05,dead-reckoned-heading-hold,off,,,2.65,0.5621
8,flat_circle_jump,6,0,0,1,heading-only,0.04,0.9733215332031477,2.572888183593747,0.5735090334876807,0.7781973260612156,11.14141708107106,0,roll,6.28,9.387116671594384,1.4947638012092967,0.3236020505428314,-0.004248163502683481,0.09122423305632917,0.5665740966796875,0.3337518451573508,-6.141136011890457,1,6.28,-87.91137740158078,8.598828422403246,87.91137740158078,11.25796073209668,,,,,,,off,5.0,legged_eval-seed1-no-roughness,,n/a,settle,0.0,auto,hold,8.0,0.8,2.0,1.0,0,WALK,first,on,1000,1,deterministic,20.0,1,200,hi,1.0,0.42,0.5,0.05,dead-reckoned-heading-hold,off,,,2.65,0.5621
8,flat_circle_jump,7,0,0,1,heading-only,0.04,1.017199707031267,2.580693054199216,0.5809477197796501,0.7551824588044321,11.49747393958331,0,roll,6.54,-1.4081041070144806,-0.21530643838141905,0.3241899013519287,0.002629924622517898,0.08879098688061406,0.5743789672851562,0.3557492239827288,-1.4288646215648257,1,6.54,-88.12338824260415,-3.284228202511452,88.12338824260415,9.826643066473139,,,,,,,off,5.0,legged_eval-seed1-no-roughness,,n/a,settle,0.0,auto,hold,8.0,0.8,2.0,1.0,0,WALK,first,on,1000,1,deterministic,20.0,1,200,hi,1.0,0.42,0.5,0.05,dead-reckoned-heading-hold,off,,,2.65,0.5621
8,flat_circle_jump,8,0,0,1,heading-only,0.04,0.9332702636718864,2.5432937622070284,0.5473764424630336,0.7850800634913616,12.178853829031054,0,roll,10.22,22.792808029649052,2.230216049867813,0.32561150193214417,-0.006529328407838907,0.0531598593157562,0.5370712280273438,0.28846887481814987,-5.961503338426616,1,10.22,-88.27151505526906,5.452239263294072,88.27151505526906,15.476244077525893,,,,,,,off,5.0,legged_eval-seed1-no-roughness,,n/a,settle,0.0,auto,hold,8.0,0.8,2.0,1.0,0,WALK,first,on,1000,1,deterministic,20.0,1,200,hi,1.0,0.42,0.5,0.05,dead-reckoned-heading-hold,off,,,2.65,0.5621
8,flat_circle_jump,9,0,0,1,heading-only,0.04,0.9979919433594091,2.5932510375976534,0.5932544360577207,0.7771479154850479,12.965587510517723,0,roll,6.4,4.723531298598601,0.7380517654060315,0.3240090310573578,-0.0003137588500923272,0.09269547462463334,0.5869598388671875,0.35942900201214334,-41.055203232359894,1,6.4,-90.39216084136778,4.336490189649275,90.39216084136778,9.516823737352988,,,,,,,off,5.0,legged_eval-seed1-no-roughness,,n/a,settle,0.0,auto,hold,8.0,0.8,2.0,1.0,0,WALK,first,on,1000,1,deterministic,20.0,1,200,hi,1.0,0.42,0.5,0.05,dead-reckoned-heading-hold,off,,,2.65,0.5621
9,bump_jump,0,0,0,1,heading-only,0.04,1.00275456905365,2.5881484985351477,0.588154948954627,0.7701763920857156,9.764973740232671,0,roll,6.42,4.602696287462464,0.7169308858975801,0.32480478286743164,0.00042906060025699416,0.09161191565968033,0.5820236206054688,0.346623919201437,29.16325680022302,1,6.42,-88.48126077703968,3.4623317099010844,88.48126077703968,9.421396019878527,,,,,,,off,5.0,legged_eval-seed1-no-roughness,,n/a,settle,0.0,auto,hold,8.0,0.8,2.0,1.0,0,WALK,first,on,1000,1,deterministic,20.0,1,200,hi,1.0,0.42,0.5,0.05,dead-reckoned-heading-hold,off,,,2.65,0.5621
9,bump_jump,1,0,0,1,heading-only,0.04,0.9816452026367202,2.5748886108398352,0.5751815482607232,0.7740727425913423,9.735343696157177,0,roll,6.5200000000000005,3.8582447898829173,0.591755335871613,0.32484811544418335,-0.0028151529698281943,0.0881730998220606,0.5685653686523438,0.3446805850765649,-3.668745211325006,1,6.5200000000000005,-89.2110375159856,-1.1770688142181083,89.2110375159856,9.397883671755752,,,,,,,off,5.0,legged_eval-seed1-no-roughness,,n/a,settle,0.0,auto,hold,8.0,0.8,2.0,1.0,0,WALK,first,on,1000,1,deterministic,20.0,1,200,hi,1.0,0.42,0.5,0.05,dead-reckoned-heading-hold,off,,,2.65,0.5621
9,bump_jump,2,0,0,1,heading-only,0.04,1.0393554687500028,2.6005920410156165,0.6018800982353848,0.7569043426363952,9.82901098372959,0,roll,6.5200000000000005,-2.4895917361327804,-0.3818392233332485,0.3241502344608307,0.006036114838957491,0.0921153437140516,0.5943374633789062,0.3722277571055486,-1.1040796668431438,1,6.5200000000000005,-90.53620036274455,-0.9870009505504475,90.53620036274455,9.833883530577035,,,,,,,off,5.0,legged_eval-seed1-no-roughness,,n/a,settle,0.0,auto,hold,8.0,0.8,2.0,1.0,0,WALK,first,on,1000,1,deterministic,20.0,1,200,hi,1.0,0.42,0.5,0.05,dead-reckoned-heading-hold,off,,,2.65,0.5621
9,bump_jump,3,0,0,1,heading-only,0.04,0.9581802368164176,2.5722717285156165,0.5737977203257106,0.7880758764450062,10.058113097769514,0,roll,6.22,10.934689402734818,1.7579886499573665,0.32458215951919556,-0.0067234345954312515,0.09200510104752677,0.5659103393554688,0.33946081817803436,-4.5635440813681445,1,6.22,-90.33842510150184,7.507401444386342,90.33842510150184,10.893993440592858,,,,,,,off,5.0,legged_eval-seed1-no-roughness,,n/a,settle,0.0,auto,hold,8.0,0.8,2.0,1.0,0,WALK,first,on,1000,1,deterministic,20.0,1,200,hi,1.0,0.42,0.5,0.05,dead-reckoned-heading-hold,off,,,2.65,0.5621
9,bump_jump,4,0,0,1,heading-only,0.04,0.9696105957031307,2.5699295043945227,0.5707391311912167,0.7785451561533051,10.346099017716226,0,roll,6.24,10.02222934533475,1.6061264976497998,0.32485613226890564,-0.004870096842447005,0.0913348564734812,0.563934326171875,0.33312962355828657,-5.755983195896583,1,6.24,-88.01446587875729,8.710139326309768,88.01446587875729,11.121812492415883,,,,,,,off,5.0,legged_eval-seed1-no-roughness,,n/a,settle,0.0,auto,hold,8.0,0.8,2.0,1.0,0,WALK,first,on,1000,1,deterministic,20.0,1,200,hi,1.0,0.42,0.5,0.05,dead-reckoned-heading-hold,off,,,2.65,0.5621
9,bump_jump,5,0,0,1,heading-only,0.04,0.94970703125,2.5730880737304602,0.5752906421607933,0.7945138713123754,10.465995082788732,0,roll,6.22,12.19339538644337,1.9603529560198345,0.3240654766559601,-0.008085686294212219,0.09213634625891644,0.5669937133789062,0.33262268703836334,-4.231503961295249,1,6.22,-88.543047007685,8.316917538657023,88.543047007685,10.562658210855782,,,,,,,off,5.0,legged_eval-seed1-no-roughness,,n/a,settle,0.0,auto,hold,8.0,0.8,2.0,1.0,0,WALK,first,on,1000,1,deterministic,20.0,1,200,hi,1.0,0.42,0.5,0.05,dead-reckoned-heading-hold,off,,,2.65,0.5621
9,bump_jump,6,0,0,1,heading-only,0.04,0.9613891601562727,2.5777725219726477,0.579061209286265,0.7898877919956726,10.354742642136554,0,roll,6.22,10.679153215971098,1.7169056617316878,0.32430413365364075,-0.00620753052149956,0.09288947298595623,0.5715560913085938,0.3345676731148324,-4.827307193990426,1,6.22,-88.91529943262995,8.440853780760296,88.91529943262995,11.315457835499105,,,,,,,off,5.0,legged_eval-seed1-no-roughness,,n/a,settle,0.0,auto,hold,8.0,0.8,2.0,1.0,0,WALK,first,on,1000,1,deterministic,20.0,1,200,hi,1.0,0.42,0.5,0.05,dead-reckoned-heading-hold,off,,,2.65,0.5621
9,bump_jump,7,0,0,1,heading-only,0.04,0.986132812500017,2.5867752075195227,0.5869390454286872,0.7799773269452911,10.779848884576154,0,roll,6.38,6.735872971664179,1.0557794626432884,0.32470524311065674,-0.0021735403604988945,0.0919710356613672,0.5804443359375,0.34687217968508366,-8.477794170719854,1,6.38,-89.5745661890084,4.677484542765854,89.5745661890084,9.397629921035215,,,,,,,off,5.0,legged_eval-seed1-no-roughness,,n/a,settle,0.0,auto,hold,8.0,0.8,2.0,1.0,0,WALK,first,on,1000,1,deterministic,20.0,1,200,hi,1.0,0.42,0.5,0.05,dead-reckoned-heading-hold,off,,,2.65,0.5621
9,bump_jump,8,0,0,1,heading-only,0.04,1.0139587402343864,2.5850509643554602,0.5852174615663694,0.7606055068744892,11.201330443124677,0,roll,6.8,2.0791285830566437,0.30575420339068293,0.32470500469207764,0.002052755916821525,0.0860369065228618,0.5789794921875,0.3642299858741627,2.5996356932891973,1,6.8,-88.61806145873334,-0.45822455990958255,88.61806145873334,9.714937166275032,,,,,,,off,5.0,legged_eval-seed1-no-roughness,,n/a,settle,0.0,auto,hold,8.0,0.8,2.0,1.0,0,WALK,first,on,1000,1,deterministic,20.0,1,200,hi,1.0,0.42,0.5,0.05,dead-reckoned-heading-hold,off,,,2.65,0.5621
9,bump_jump,9,0,0,1,heading-only,0.04,0.9639343261719091,2.5712722778320227,0.5724095983192997,0.7834018266995252,11.150708977783976,0,roll,6.28,8.245997606047155,1.313056943638082,0.3239593207836151,-0.005742941692371161,0.09096692322165967,0.5651321411132812,0.3449170792663962,-3.9904927056983643,1,6.28,-89.32511532266206,8.049035552136877,89.32511532266206,12.579293603014616,,,,,,,off,5.0,legged_eval-seed1-no-roughness,,n/a,settle,0.0,auto,hold,8.0,0.8,2.0,1.0,0,WALK,first,on,1000,1,deterministic,20.0,1,200,hi,1.0,0.42,0.5,0.05,dead-reckoned-heading-hold,off,,,2.65,0.5621
10,sideways_ramp,0,0,0,1,heading-only,0.04,1.0032843351364136,2.579925537109375,0.5799348372437074,0.7635706125254375,9.41459393255409,0,roll,6.46,2.6134763084057226,0.4045628960380376,0.32479235529899597,0.0005084110118287266,0.08977175497049149,0.5737533569335938,0.3566325230182082,13.888280157169314,1,6.46,-90.42897124743804,0.39759895523549893,90.42897124743804,9.361827696316887,,,,,,,off,5.0,legged_eval-seed1-no-roughness,,n/a,settle,0.0,auto,hold,8.0,0.8,2.0,1.0,0,WALK,first,on,1000,1,deterministic,20.0,1,200,hi,1.0,0.42,0.5,0.05,dead-reckoned-heading-hold,off,,,2.65,0.5621
10,sideways_ramp,1,0,0,1,heading-only,0.04,0.9574638366699233,2.5710678100585938,0.5726497785522676,0.7876953295570805,9.509698273647512,0,roll,6.22,12.070530078389112,1.9405996910593428,0.3246237635612488,-0.006838611467857992,0.09181154502549739,0.5648193359375,0.3277870301031778,-4.9527384661873635,1,6.22,-87.85380518920974,8.466494683960425,87.85380518920974,10.607650662958061,,,,,,,off,5.0,legged_eval-seed1-no-roughness,,n/a,settle,0.0,auto,hold,8.0,0.8,2.0,1.0,0,WALK,first,on,1000,1,deterministic,20.0,1,200,hi,1.0,0.42,0.5,0.05,dead-reckoned-heading-hold,off,,,2.65,0.5621
10,sideways_ramp,2,0,0,1,heading-only,0.04,0.9696762084960966,2.5650100708007812,0.5658232165946145,0.7749062549375759,9.646884093286939,0,roll,6.3,9.686810584778783,1.537588981710918,0.3243989944458008,-0.004813300238714827,0.08968413822234624,0.5586318969726562,0.3317659173115171,-5.5753825737676665,1,6.3,-87.71800391603051,8.435415333580506,87.71800391603051,10.872738236550115,,,,,,,off,5.0,legged_eval-seed1-no-roughness,,n/a,settle,0.0,auto,hold,8.0,0.8,2.0,1.0,0,WALK,first,on,1000,1,deterministic,20.0,1,200,hi,1.0,0.42,0.5,0.05,dead-reckoned-heading-hold,off,,,2.65,0.5621
10,sideways_ramp,3,0,0,1,heading-only,0.04,0.9653213500976676,2.5723800659179688,0.573429637025596,0.7832625348640385,9.80140577783181,0,roll,6.28,8.373020919534355,1.3332835859131138,0.3240228295326233,-0.005522078009925538,0.09114332259840266,0.56610107421875,0.3463593516918553,-4.2140274721135835,1,6.28,-90.80500000344476,7.668360096278314,90.80500000344476,11.396053423774767,,,,,,,off,5.0,legged_eval-seed1-no-roughness,,n/a,settle,0.0,auto,hold,8.0,0.8,2.0,1.0,0,WALK,first,on,1000,1,deterministic,20.0,1,200,hi,1.0,0.42,0.5,0.05,dead-reckoned-heading-hold,off,,,2.65,0.5621
10,sideways_ramp,4,0,0,1,heading-only,0.04,0.9636749267578182,2.5721054077148438,0.5732574539267827,0.7841869558496872,9.553470599739347,0,roll,6.26,10.756108375999275,1.7182281750797566,0.32404497265815735,-0.005802727354981121,0.09139064021003894,0.5659255981445312,0.32621659377331885,-5.168042046630485,1,6.26,-86.186029860492,9.015612082571444,86.186029860492,11.26673344857257,,,,,,,off,5.0,legged_eval-seed1-no-roughness,,n/a,settle,0.0,auto,hold,8.0,0.8,2.0,1.0,0,WALK,first,on,1000,1,deterministic,20.0,1,200,hi,1.0,0.42,0.5,0.05,dead-reckoned-heading-hold,off,,,2.65,0.5621
10,sideways_ramp,5,0,0,1,heading-only,0.04,0.9997406005859375,2.5828170776367188,0.5828171353632811,0.7680724006805111,9.717752217560687,0,roll,6.38,4.880943994160901,0.7650382435988874,0.32396647334098816,-4.0658215370297804e-05,0.09135063912801235,0.5765304565429688,0.35877113192786875,,1,6.38,-90.35586393877993,5.919802779468531,90.35586393877993,9.94677819655373,,,,,,,off,5.0,legged_eval-seed1-no-roughness,,n/a,settle,0.0,auto,hold,8.0,0.8,2.0,1.0,0,WALK,first,on,1000,1,deterministic,20.0,1,200,hi,1.0,0.42,0.5,0.05,dead-reckoned-heading-hold,off,,,2.65,0.5621
10,sideways_ramp,6,0,0,1,heading-only,0.04,1.0283752441406477,2.5703659057617188,0.571071292340481,0.7400994370993532,9.788256618815169,0,roll,7.2,-0.7140770325963501,-0.09917736563838196,0.32506412267684937,0.003941006130645519,0.07921748691134982,0.5641632080078125,0.34928265696952404,-0.43922072599276263,1,7.2,-87.30862263923417,-1.6229054808675751,87.30862263923417,11.829800993168458,,,,,,,off,5.0,legged_eval-seed1-no-roughness,,n/a,settle,0.0,auto,hold,8.0,0.8,2.0,1.0,0,WALK,first,on,1000,1,deterministic,20.0,1,200,hi,1.0,0.42,0.5,0.05,dead-reckoned-heading-hold,off,,,2.65,0.5621
10,sideways_ramp,7,0,0,1,heading-only,0.04,0.953234863281267,2.574951171875,0.5768499181353479,0.7934235721047683,9.963368182250608,0,roll,6.22,12.711041233072223,2.0435757609440874,0.3240225613117218,-0.007518510726484397,0.09243587972266881,0.5687255859375,0.32343120118982666,-4.743908313754653,1,6.22,-86.0862670036734,9.09075995682175,86.0862670036734,11.068205804366288,,,,,,,off,5.0,legged_eval-seed1-no-roughness,,n/a,settle,0.0,auto,hold,8.0,0.8,2.0,1.0,0,WALK,first,on,1000,1,deterministic,20.0,1,200,hi,1.0,0.42,0.5,0.05,dead-reckoned-heading-hold,off,,,2.65,0.5621
10,sideways_ramp,8,0,0,1,heading-only,0.04,0.9761169433593864,2.5629119873046875,0.5634184109929418,0.768975527885267,10.039676361250798,0,roll,6.32,8.983690180768775,1.421469965311515,0.32466304302215576,-0.0037789646583249415,0.08906835242162776,0.5565567016601562,0.33371688577234593,-6.565113293198268,1,6.32,-87.56466248548813,8.091331854263796,87.56466248548813,10.343031065430973,,,,,,,off,5.0,legged_eval-seed1-no-roughness,,n/a,settle,0.0,auto,hold,8.0,0.8,2.0,1.0,0,WALK,first,on,1000,1,deterministic,20.0,1,200,hi,1.0,0.42,0.5,0.05,dead-reckoned-heading-hold,off,,,2.65,0.5621
10,sideways_ramp,9,0,0,1,heading-only,0.04,0.6039794921875341,2.365264892578125,0.5387491850185506,0.9676110748490937,10.402435332200218,0,roll,10.06,52.59552718420389,5.228183616720068,0.32838818430900574,-0.03936585564736241,0.03630863743321322,0.35912322998046875,0.27454707301428727,-2.3179736985268424,1,10.06,-86.34415033971153,6.6123274714374825,86.34415033971153,15.84632646338834,,,,,,,off,5.0,legged_eval-seed1-no-roughness,,n/a,settle,0.0,auto,hold,8.0,0.8,2.0,1.0,0,WALK,first,on,1000,1,deterministic,20.0,1,200,hi,1.0,0.42,0.5,0.05,dead-reckoned-heading-hold,off,,,2.65,0.5621
11,stepping_stones_cylinder,0,0,0,1,heading-only,0.04,0.9596390128135681,2.5821243286132756,0.58352184470688,0.7942661584359187,5.670321049088681,0,roll,6.22,11.352038747571811,1.825086615365243,0.32412904500961304,-0.0064889046923523935,0.09358912035583208,0.5758285522460938,0.3374112526647595,-4.9089595366910865,1,6.22,-89.7057240424336,8.137714768490312,89.7057240424336,11.200527836810409,,,,,,,off,5.0,legged_eval-seed1-no-roughness,,n/a,settle,0.0,auto,hold,8.0,0.8,2.0,1.0,0,WALK,first,on,1000,1,deterministic,20.0,1,200,hi,1.0,0.42,0.5,0.05,dead-reckoned-heading-hold,off,,,2.65,0.5621
11,stepping_stones_cylinder,1,0,0,1,heading-only,0.04,0.9582878112792983,2.570260620117182,0.5717841214517103,0.7865426054989049,5.421785453229944,0,roll,6.22,12.243695186873367,1.9684397406548824,0.32459768652915955,-0.006706139665707669,0.09168177172301958,0.56402587890625,0.32826245034809404,-5.123029986567624,1,6.22,-87.2709773336117,8.600000566515627,87.2709773336117,10.58566971883236,,,,,,,off,5.0,legged_eval-seed1-no-roughness,,n/a,settle,0.0,auto,hold,8.0,0.8,2.0,1.0,0,WALK,first,on,1000,1,deterministic,20.0,1,200,hi,1.0,0.42,0.5,0.05,dead-reckoned-heading-hold,off,,,2.65,0.5621
11,stepping_stones_cylinder,2,0,0,1,heading-only,0.04,1.022761535644534,2.585244750976557,0.5856872083719341,0.7551608904107623,5.210212043223134,0,roll,6.4,3.1612625218294568,0.4939472690358526,0.3236266076564789,0.003556489944458452,0.091444492340087,0.5790328979492188,0.3591649055310472,2.424020961831396,1,6.4,-89.72816190652078,5.305184640795069,89.72816190652078,9.853120672905252,,,,,,,off,5.0,legged_eval-seed1-no-roughness,,n/a,settle,0.0,auto,hold,8.0,0.8,2.0,1.0,0,WALK,first,on,1000,1,deterministic,20.0,1,200,hi,1.0,0.42,0.5,0.05,dead-reckoned-heading-hold,off,,,2.65,0.5621
11,stepping_stones_cylinder,3,0,0,1,heading-only,0.04,0.9674346923828239,2.573777770996088,0.5747011656064747,0.7828452831604829,4.866508849562929,0,roll,6.28,9.475134910696823,1.508779444378475,0.3240625560283661,-0.005185558537766899,0.0913658871012879,0.5674972534179688,0.3362288618259197,-5.078174086557532,1,6.28,-88.42157455534809,8.339479952691395,88.42157455534809,11.028874917274731,,,,,,,off,5.0,legged_eval-seed1-no-roughness,,n/a,settle,0.0,auto,hold,8.0,0.8,2.0,1.0,0,WALK,first,on,1000,1,deterministic,20.0,1,200,hi,1.0,0.42,0.5,0.05,dead-reckoned-heading-hold,off,,,2.65,0.5621
11,stepping_stones_cylinder,4,0,0,1,heading-only,0.04,0.9635528564453182,2.5732666015624943,0.5744240513247223,0.7851179110776858,5.218033017273232,0,roll,6.24,10.96945884100839,1.757926096315447,0.3243125081062317,-0.005840888390173367,0.09186964768629716,0.566925048828125,0.3289500041755075,-5.252899274544232,1,6.24,-87.256178558699,8.583475949329337,87.256178558699,10.78774533631748,,,,,,,off,5.0,legged_eval-seed1-no-roughness,,n/a,settle,0.0,auto,hold,8.0,0.8,2.0,1.0,0,WALK,first,on,1000,1,deterministic,20.0,1,200,hi,1.0,0.42,0.5,0.05,dead-reckoned-heading-hold,off,,,2.65,0.5621
11,stepping_stones_cylinder,5,0,0,1,heading-only,0.04,1.00299072265625,2.5766845703124943,0.5766923252987791,0.761303694593861,5.328308585086114,0,roll,6.36,5.8922079988868745,0.9264477985671186,0.323895126581192,0.0004702394113600629,0.0906736745774362,0.5703811645507812,0.3467703109235383,34.38581293320897,1,6.36,-87.59053841903739,8.189274049567763,87.59053841903739,10.322141269993223,,,,,,,off,5.0,legged_eval-seed1-no-roughness,,n/a,settle,0.0,auto,hold,8.0,0.8,2.0,1.0,0,WALK,first,on,1000,1,deterministic,20.0,1,200,hi,1.0,0.42,0.5,0.05,dead-reckoned-heading-hold,off,,,2.65,0.5621
11,stepping_stones_cylinder,6,0,0,1,heading-only,0.04,0.9666992187500227,2.5738540649414006,0.574819475906678,0.7834016920658299,5.065908135999053,0,roll,6.24,10.085587680655635,1.6162800770281467,0.324785977602005,-0.00533666366185533,0.09196379245855778,0.5676116943359375,0.3330259131628722,-5.285963434450639,1,6.24,-87.94953130976502,8.666457677398263,87.94953130976502,11.070895826094828,,,,,,,off,5.0,legged_eval-seed1-no-roughness,,n/a,settle,0.0,auto,hold,8.0,0.8,2.0,1.0,0,WALK,first,on,1000,1,deterministic,20.0,1,200,hi,1.0,0.42,0.5,0.05,dead-reckoned-heading-hold,off,,,2.65,0.5621
11,stepping_stones_cylinder,7,0,0,1,heading-only,0.04,0.989398193359392,2.5766235351562443,0.5767209893875282,0.7702005623477156,4.8946853447401475,0,roll,6.36,7.5764437957081725,1.1912647477528573,0.3244481086730957,-0.0016669507296553374,0.09066407785475539,0.5704498291015625,0.33649829874404935,-12.47276943543855,1,6.36,-87.0581300183939,6.363429650412529,87.0581300183939,9.465893148415656,,,,,,,off,5.0,legged_eval-seed1-no-roughness,,n/a,settle,0.0,auto,hold,8.0,0.8,2.0,1.0,0,WALK,first,on,1000,1,deterministic,20.0,1,200,hi,1.0,0.42,0.5,0.05,dead-reckoned-heading-hold,off,,,2.65,0.5621
11,stepping_stones_cylinder,8,0,0,1,heading-only,0.04,0.9786499023437614,2.569963073730463,0.5703628074184083,0.7724401787468379,4.656364958905585,0,roll,6.32,8.534701178810195,1.3504274017104738,0.32527831196784973,-0.0033781800088985175,0.09018403065355428,0.5638351440429688,0.339324603215135,-6.976953391150067,1,6.32,-89.28628946651546,6.193304850801218,89.28628946651546,9.577605919857488,,,,,,,off,5.0,legged_eval-seed1-no-roughness,,n/a,settle,0.0,auto,hold,8.0,0.8,2.0,1.0,0,WALK,first,on,1000,1,deterministic,20.0,1,200,hi,1.0,0.42,0.5,0.05,dead-reckoned-heading-hold,off,,,2.65,0.5621
11,stepping_stones_cylinder,9,0,0,1,heading-only,0.04,0.9779724121094091,2.564622497558588,0.5650520147540185,0.76896772836587,4.954306625624331,0,roll,6.26,10.042481170258299,1.604230218891102,0.32463034987449646,-0.0035187840080816127,0.0901952871499342,0.5584716796875,0.32960106450562954,-7.957038344875208,1,6.26,-87.91345326541624,7.739013439640202,87.91345326541624,10.065010398438806,,,,,,,off,5.0,legged_eval-seed1-no-roughness,,n/a,settle,0.0,auto,hold,8.0,0.8,2.0,1.0,0,WALK,first,on,1000,1,deterministic,20.0,1,200,hi,1.0,0.42,0.5,0.05,dead-reckoned-heading-hold,off,,,2.65,0.5621
12,stepping_stones_randomly_arranged,0,0,0,1,heading-only,0.04,1.001758098602295,2.588412475585926,0.5884151020630364,0.771021552055167,5.430215913518639,0,roll,6.46,2.5927068364159425,0.4013478074947279,0.3249412775039673,0.0002721514864233625,0.09108552253652108,0.5821380615234375,0.3545097826329634,25.738755935165287,1,6.46,-89.37145066553967,0.8320201533763729,89.37145066553967,9.306186185028189,,,,,,,off,5.0,legged_eval-seed1-no-roughness,,n/a,settle,0.0,auto,hold,8.0,0.8,2.0,1.0,0,WALK,first,on,1000,1,deterministic,20.0,1,200,hi,1.0,0.42,0.5,0.05,dead-reckoned-heading-hold,off,,,2.65,0.5621
12,stepping_stones_randomly_arranged,1,0,0,1,heading-only,0.04,0.9934516906738295,2.5928146362304574,0.592850801875211,0.7797566175482264,5.14084281304253,0,roll,6.4,5.336891580351448,0.8338893094299138,0.3243582248687744,-0.0010231733322141334,0.09262728691100897,0.5865707397460938,0.3557862777426429,-14.224485322774086,1,6.4,-90.64329000838076,3.885252784317781,90.64329000838076,9.455115064871663,,,,,,,off,5.0,legged_eval-seed1-no-roughness,,n/a,settle,0.0,auto,hold,8.0,0.8,2.0,1.0,0,WALK,first,on,1000,1,deterministic,20.0,1,200,hi,1.0,0.42,0.5,0.05,dead-reckoned-heading-hold,off,,,2.65,0.5621
12,stepping_stones_randomly_arranged,2,0,0,1,heading-only,0.04,0.9612533569335966,2.57555694580077,0.57685968849316,0.7883614293424235,5.170878345067275,0,roll,6.24,10.458357966963547,1.6760189049621068,0.323717325925827,-0.006209397927308238,0.09223669003217466,0.5692138671875,0.3356464236017251,-4.71093148799684,1,6.24,-88.3366971513967,8.61118604607714,88.3366971513967,11.043952753871961,,,,,,,off,5.0,legged_eval-seed1-no-roughness,,n/a,settle,0.0,auto,hold,8.0,0.8,2.0,1.0,0,WALK,first,on,1000,1,deterministic,20.0,1,200,hi,1.0,0.42,0.5,0.05,dead-reckoned-heading-hold,off,,,2.65,0.5621
12,stepping_stones_randomly_arranged,3,0,0,1,heading-only,0.04,0.9572494506836051,2.5757553100585824,0.5773402692758473,0.7912473291227609,5.174879456524053,0,roll,6.24,9.833025503327036,1.5758053691229224,0.3238193094730377,-0.006851049569935077,0.09226847917605487,0.56939697265625,0.34395382119730744,-4.014420240439191,1,6.24,-90.53161583491628,7.724434189628796,90.53161583491628,11.202610988617456,,,,,,,off,5.0,legged_eval-seed1-no-roughness,,n/a,settle,0.0,auto,hold,8.0,0.8,2.0,1.0,0,WALK,first,on,1000,1,deterministic,20.0,1,200,hi,1.0,0.42,0.5,0.05,dead-reckoned-heading-hold,off,,,2.65,0.5621
12,stepping_stones_randomly_arranged,4,0,0,1,heading-only,0.04,0.9681457519531307,2.564723205566395,0.5656208907243581,0.7757456026757003,5.361677164966271,0,roll,6.3,10.452236819287918,1.6590852094107809,0.3244648873806,-0.005056229848709415,0.08963860405815792,0.5583419799804688,0.33100582062209133,-5.7268954026583225,1,6.3,-87.52242969541848,8.03766538717503,87.52242969541848,10.400403336343992,,,,,,,off,5.0,legged_eval-seed1-no-roughness,,n/a,settle,0.0,auto,hold,8.0,0.8,2.0,1.0,0,WALK,first,on,1000,1,deterministic,20.0,1,200,hi,1.0,0.42,0.5,0.05,dead-reckoned-heading-hold,off,,,2.65,0.5621
12,stepping_stones_randomly_arranged,5,0,0,1,heading-only,0.04,0.9618682861328125,2.56908721923827,0.5703632971210505,0.7832279390892432,5.020489842434484,0,roll,6.26,10.138837531959041,1.619622608939144,0.3241162896156311,-0.00609132809379992,0.09090850147576196,0.5628280639648438,0.33885888010201093,-4.640654177617034,1,6.26,-89.53427129497116,7.945115122849933,89.53427129497116,10.667236380550387,,,,,,,off,5.0,legged_eval-seed1-no-roughness,,n/a,settle,0.0,auto,hold,8.0,0.8,2.0,1.0,0,WALK,first,on,1000,1,deterministic,20.0,1,200,hi,1.0,0.42,0.5,0.05,dead-reckoned-heading-hold,off,,,2.65,0.5621
12,stepping_stones_randomly_arranged,6,0,0,1,heading-only,0.04,1.0100036621093977,2.603793334960926,0.6038761997287492,0.77760067032471,4.976759006594119,0,roll,6.4,3.462550157276297,0.5410234620744214,0.32377755641937256,0.0015630722045933965,0.09434270858764471,0.5974197387695312,0.3486655983431191,6.041077767225506,1,6.4,-86.35307488310788,5.940136615052899,86.35307488310788,9.910524423005898,,,,,,,off,5.0,legged_eval-seed1-no-roughness,,n/a,settle,0.0,auto,hold,8.0,0.8,2.0,1.0,0,WALK,first,on,1000,1,deterministic,20.0,1,200,hi,1.0,0.42,0.5,0.05,dead-reckoned-heading-hold,off,,,2.65,0.5621
12,stepping_stones_randomly_arranged,7,0,0,1,heading-only,0.04,0.9979278564453296,2.573695373535145,0.5736991157344942,0.7623665909188381,4.985192563641443,0,roll,6.34,6.382455279865354,1.006696416382548,0.3237268626689911,-0.0003268365228186825,0.09048822926421844,0.567535400390625,0.3476036394165695,-53.75827304236302,1,6.34,-88.32806678719025,8.220670981815063,88.32806678719025,10.986494105671843,,,,,,,off,5.0,legged_eval-seed1-no-roughness,,n/a,settle,0.0,auto,hold,8.0,0.8,2.0,1.0,0,WALK,first,on,1000,1,deterministic,20.0,1,200,hi,1.0,0.42,0.5,0.05,dead-reckoned-heading-hold,off,,,2.65,0.5621
12,stepping_stones_randomly_arranged,8,0,0,1,heading-only,0.04,0.9716918945312614,2.5694076538085824,0.5701108883813952,0.776746117157828,4.961093212049582,0,roll,6.24,11.062174603161708,1.772784391532325,0.3247949481010437,-0.004536555363579909,0.0912512265718882,0.5630874633789062,0.32354182097977724,-6.820356433562203,1,6.24,-86.33665225548994,8.796682956562547,86.33665225548994,10.845347137388021,,,,,,,off,5.0,legged_eval-seed1-no-roughness,,n/a,settle,0.0,auto,hold,8.0,0.8,2.0,1.0,0,WALK,first,on,1000,1,deterministic,20.0,1,200,hi,1.0,0.42,0.5,0.05,dead-reckoned-heading-hold,off,,,2.65,0.5621
12,stepping_stones_randomly_arranged,9,0,0,1,heading-only,0.04,0.9870666503906591,2.576930236816395,0.5770751854699169,0.7719774085389286,4.6488711087845065,0,roll,6.34,6.627321445424457,1.045318839972312,0.32379791140556335,-0.0020399605062051884,0.09099846006567743,0.5708389282226562,0.3507555015842408,-8.943435637674773,1,6.34,-89.2939240073059,7.72495307056346,89.2939240073059,10.759251910812514,,,,,,,off,5.0,legged_eval-seed1-no-roughness,,n/a,settle,0.0,auto,hold,8.0,0.8,2.0,1.0,0,WALK,first,on,1000,1,deterministic,20.0,1,200,hi,1.0,0.42,0.5,0.05,dead-reckoned-heading-hold,off,,,2.65,0.5621
13,staircase_walking_full_width,0,0,0,1,heading-only,0.04,1.019642949104309,2.5782440185546847,0.5785775578466426,1.1381854384216865,14.741702242002674,0,roll,6.5600000000000005,-1.47538364352107,-0.2249060432196753,0.32425302267074585,0.0029943519976080918,0.08814695404797021,0.5720596313476562,0.3533037095683968,-1.310918343919352,1,6.5600000000000005,-87.90002567556532,-2.962993268106585,87.90002567556532,9.764592656052702,,,,,,,off,5.0,legged_eval-seed1-no-roughness,,n/a,settle,0.0,auto,hold,8.0,0.8,2.0,1.0,0,WALK,first,on,1000,1,deterministic,20.0,1,200,hi,1.0,0.42,0.5,0.05,dead-reckoned-heading-hold,off,,,2.65,0.5621
13,staircase_walking_full_width,1,0,0,1,heading-only,0.04,0.9843498229980483,2.5826385498046847,0.582848700572197,1.170902626934709,14.777140888186599,0,roll,6.34,6.4781536052915385,1.0217907894781606,0.32364746928215027,-0.0024684821769639913,0.09189882489032881,0.5764617919921875,0.3546378286795565,-7.2245259493345255,1,6.34,-90.29242445075937,7.203216362106186,90.29242445075937,10.89101474968591,,,,,,,off,5.0,legged_eval-seed1-no-roughness,,n/a,settle,0.0,auto,hold,8.0,0.8,2.0,1.0,0,WALK,first,on,1000,1,deterministic,20.0,1,200,hi,1.0,0.42,0.5,0.05,dead-reckoned-heading-hold,off,,,2.65,0.5621
13,staircase_walking_full_width,2,0,0,1,heading-only,0.04,0.9567367553710966,2.578289794921872,0.5799058503296904,1.1928190493551016,12.057139323502083,0,roll,6.22,12.020219634534783,1.9325111952628269,0.3241014778614044,-0.006955505567347815,0.09297263583952929,0.571990966796875,0.33238591724188743,-4.849206554779363,1,6.22,-87.39200893783682,8.299888268173296,87.39200893783682,10.673839601832565,,,,,,,off,5.0,legged_eval-seed1-no-roughness,,n/a,settle,0.0,auto,hold,8.0,0.8,2.0,1.0,0,WALK,first,on,1000,1,deterministic,20.0,1,200,hi,1.0,0.42,0.5,0.05,dead-reckoned-heading-hold,off,,,2.65,0.5621
13,staircase_walking_full_width,3,0,0,1,heading-only,0.04,0.9841888427734489,2.564305114746091,0.564526576187022,1.1620295046488895,12.029054743771793,0,roll,6.32,7.625745234287848,1.2066052585898492,0.32390308380126953,-0.0025017653839479637,0.08928878397881185,0.5580291748046875,0.33838479758791523,-8.417749589706727,1,6.32,-87.86410390179488,9.027626592550295,87.86410390179488,11.887831645001652,,,,,,,off,5.0,legged_eval-seed1-no-roughness,,n/a,settle,0.0,auto,hold,8.0,0.8,2.0,1.0,0,WALK,first,on,1000,1,deterministic,20.0,1,200,hi,1.0,0.42,0.5,0.05,dead-reckoned-heading-hold,off,,,2.65,0.5621
13,staircase_walking_full_width,4,0,0,1,heading-only,0.04,0.9596008300781307,2.573345947265622,0.5747674905353378,1.187920876161383,12.054042381968847,0,roll,6.22,12.626175068511884,2.029931683040496,0.32450875639915466,-0.006495043395798926,0.09217780502662735,0.567474365234375,0.3208141627093519,-5.454773632847858,1,6.22,-86.03272895046196,8.938486247132312,86.03272895046196,10.83491366133679,,,,,,,off,5.0,legged_eval-seed1-no-roughness,,n/a,settle,0.0,auto,hold,8.0,0.8,2.0,1.0,0,WALK,first,on,1000,1,deterministic,20.0,1,200,hi,1.0,0.42,0.5,0.05,dead-reckoned-heading-hold,off,,,2.65,0.5621
13,staircase_walking_full_width,5,0,0,1,heading-only,0.04,0.9600677490234375,2.5764968872070284,0.5778782273346595,1.1890364786584866,12.053726281489261,0,roll,6.24,11.499496670957711,1.842868056243223,0.3248152434825897,-0.006399399194961939,0.09238732166779301,0.5703964233398438,0.33035228590186533,-5.026114840060948,1,6.24,-87.04742718927652,8.471131536693942,87.04742718927652,10.711202349148866,,,,,,,off,5.0,legged_eval-seed1-no-roughness,,n/a,settle,0.0,auto,hold,8.0,0.8,2.0,1.0,0,WALK,first,on,1000,1,deterministic,20.0,1,200,hi,1.0,0.42,0.5,0.05,dead-reckoned-heading-hold,off,,,2.65,0.5621
13,staircase_walking_full_width,6,0,0,1,heading-only,0.04,0.9579254150390852,2.5776641845703097,0.5791944240364492,1.1914761226129307,12.055922039391962,0,roll,6.22,11.906901693184096,1.9142928767177005,0.3246324956417084,-0.006764402726835171,0.0928720553971559,0.571502685546875,0.32740296753359116,-4.939196392558591,1,6.22,-86.79353037135353,9.022247290422362,86.79353037135353,11.20079533479795,,,,,,,off,5.0,legged_eval-seed1-no-roughness,,n/a,settle,0.0,auto,hold,8.0,0.8,2.0,1.0,0,WALK,first,on,1000,1,deterministic,20.0,1,200,hi,1.0,0.42,0.5,0.05,dead-reckoned-heading-hold,off,,,2.65,0.5621
13,staircase_walking_full_width,7,0,0,1,heading-only,0.04,0.9602386474609546,2.5714614868164034,0.5728430815416632,1.1864534972548395,12.053315795124865,0,roll,6.22,12.637205416547005,2.0317050508918015,0.3245384693145752,-0.0063925004082066635,0.09187483710874653,0.5653152465820312,0.3230779490250082,-5.5471161991538676,1,6.22,-86.07124492727884,9.055968462223689,86.07124492727884,10.88800355718745,,,,,,,off,5.0,legged_eval-seed1-no-roughness,,n/a,settle,0.0,auto,hold,8.0,0.8,2.0,1.0,0,WALK,first,on,1000,1,deterministic,20.0,1,200,hi,1.0,0.42,0.5,0.05,dead-reckoned-heading-hold,off,,,2.65,0.5621
13,staircase_walking_full_width,8,0,0,1,heading-only,0.04,1.0352600097656364,2.600712585449216,0.6017465235510333,1.1364765105687322,9.234299578091534,0,roll,6.5200000000000005,-2.711090607180779,-0.41581144281913784,0.3241514563560486,0.005407976957919688,0.09213383212411286,0.5945816040039062,0.3675832420080317,-1.3419581483301621,1,6.5200000000000005,-89.07392097053443,-1.911888471759445,89.07392097053443,9.789140417472094,,,,,,,off,5.0,legged_eval-seed1-no-roughness,,n/a,settle,0.0,auto,hold,8.0,0.8,2.0,1.0,0,WALK,first,on,1000,1,deterministic,20.0,1,200,hi,1.0,0.42,0.5,0.05,dead-reckoned-heading-hold,off,,,2.65,0.5621
13,staircase_walking_full_width,9,0,0,1,heading-only,0.04,1.021826171875034,2.602276611328122,0.6026719657754162,1.14872153047705,9.247806730173565,0,roll,6.44,1.1770742808508317,0.1827755094488869,0.3240915834903717,0.0033891571234525007,0.0935212129391494,0.5959930419921875,0.36060702980192344,0.9412471348166433,1,6.44,-88.57170238882475,3.099614403985634,88.57170238882475,9.90550342058985,,,,,,,off,5.0,legged_eval-seed1-no-roughness,,n/a,settle,0.0,auto,hold,8.0,0.8,2.0,1.0,0,WALK,first,on,1000,1,deterministic,20.0,1,200,hi,1.0,0.42,0.5,0.05,dead-reckoned-heading-hold,off,,,2.65,0.5621
14,staircase_walking,0,0,0,1,heading-only,0.04,0.9889963269233704,2.5611251831054602,0.5612330638302715,0.7589375633166033,4.545768978910607,0,roll,6.32,8.813409190066835,1.3945267705801954,0.32424718141555786,-0.0017410875121249428,0.08878563023820572,0.5548171997070312,0.331654888053144,-13.979241987740703,1,6.32,-87.0601487337491,7.986807183612335,87.0601487337491,9.747831192816239,,,,,,,off,5.0,legged_eval-seed1-no-roughness,,n/a,settle,0.0,auto,hold,8.0,0.8,2.0,1.0,0,WALK,first,on,1000,1,deterministic,20.0,1,200,hi,1.0,0.42,0.5,0.05,dead-reckoned-heading-hold,off,,,2.65,0.5621
14,staircase_walking,1,0,0,1,heading-only,0.04,0.9917007446289077,2.5727371215820227,0.5727972486646347,0.7657649400755219,4.54453407803458,0,roll,6.34,6.93945182617108,1.0945507612257224,0.32362276315689087,-0.001309030815629705,0.09033708542303198,0.566497802734375,0.3421306837477856,-14.593632468773823,1,6.34,-87.22219220023284,8.324738237588647,87.22219220023284,10.500331143980254,,,,,,,off,5.0,legged_eval-seed1-no-roughness,,n/a,settle,0.0,auto,hold,8.0,0.8,2.0,1.0,0,WALK,first,on,1000,1,deterministic,20.0,1,200,hi,1.0,0.42,0.5,0.05,dead-reckoned-heading-hold,off,,,2.65,0.5621
14,staircase_walking,2,0,0,1,heading-only,0.04,0.9632446289062528,2.5836547851562415,0.58481096564618,0.7929434006496079,4.574144969869641,0,roll,6.22,12.10980121947253,1.9469133793364197,0.3244570195674896,-0.005909223648512405,0.09383517446241825,0.5773391723632812,0.32599761512187625,-5.750340610158499,1,6.22,-86.58014873619817,9.06308022773146,86.58014873619817,11.062151924535346,,,,,,,off,5.0,legged_eval-seed1-no-roughness,,n/a,settle,0.0,auto,hold,8.0,0.8,2.0,1.0,0,WALK,first,on,1000,1,deterministic,20.0,1,200,hi,1.0,0.42,0.5,0.05,dead-reckoned-heading-hold,off,,,2.65,0.5621
14,staircase_walking,3,0,0,1,heading-only,0.04,0.9581268310546989,2.5757812499999915,0.5773018362425971,0.7906646438752498,4.578224102273368,0,roll,6.22,11.233120706808194,1.805967959293922,0.32391855120658875,-0.006732020730755809,0.09256933279742628,0.56964111328125,0.33468181737745434,-4.682113786607885,1,6.22,-89.53825423931295,8.103276291016412,89.53825423931295,10.791456204652883,,,,,,,off,5.0,legged_eval-seed1-no-roughness,,n/a,settle,0.0,auto,hold,8.0,0.8,2.0,1.0,0,WALK,first,on,1000,1,deterministic,20.0,1,200,hi,1.0,0.42,0.5,0.05,dead-reckoned-heading-hold,off,,,2.65,0.5621
14,staircase_walking,4,0,0,1,heading-only,0.04,0.9618743896484432,2.5709823608398352,0.5722538060641541,0.7846018282584277,4.276415501972171,0,roll,6.24,10.087608789851885,1.6166039727326738,0.3243815004825592,-0.00610987345377513,0.09150358346792231,0.5648040771484375,0.340980407216214,-4.617945402383489,1,6.24,-90.21325924693177,7.979187784830288,90.21325924693177,11.264258384642387,,,,,,,off,5.0,legged_eval-seed1-no-roughness,,n/a,settle,0.0,auto,hold,8.0,0.8,2.0,1.0,0,WALK,first,on,1000,1,deterministic,20.0,1,200,hi,1.0,0.42,0.5,0.05,dead-reckoned-heading-hold,off,,,2.65,0.5621
14,staircase_walking,5,0,0,1,heading-only,0.04,0.96771240234375,2.5677246093749915,0.5686419972640067,0.7782296053920388,4.270195492171852,0,roll,6.26,9.930435039597398,1.5863314759740255,0.3243330419063568,-0.0051577632038738025,0.090690832168529,0.5614089965820312,0.3362622543906948,-5.367967894100609,1,6.26,-88.91743358933437,7.990771930311898,88.91743358933437,10.489906956887523,,,,,,,off,5.0,legged_eval-seed1-no-roughness,,n/a,settle,0.0,auto,hold,8.0,0.8,2.0,1.0,0,WALK,first,on,1000,1,deterministic,20.0,1,200,hi,1.0,0.42,0.5,0.05,dead-reckoned-heading-hold,off,,,2.65,0.5621
14,staircase_walking,6,0,0,1,heading-only,0.04,0.9606719970703352,2.5716537475585852,0.5730049728512052,0.7859152001595816,4.277696801261317,0,roll,6.24,10.829891096422841,1.7355594705805835,0.32463574409484863,-0.00630256457206166,0.09161117749336302,0.5654144287109375,0.3338312572084042,-4.806174816530621,1,6.24,-88.6599284197807,8.436392019646664,88.6599284197807,10.810685862831148,,,,,,,off,5.0,legged_eval-seed1-no-roughness,,n/a,settle,0.0,auto,hold,8.0,0.8,2.0,1.0,0,WALK,first,on,1000,1,deterministic,20.0,1,200,hi,1.0,0.42,0.5,0.05,dead-reckoned-heading-hold,off,,,2.65,0.5621
14,staircase_walking,7,0,0,1,heading-only,0.04,0.953417968750017,2.575918579101554,0.577799355650149,0.7939988203012082,4.285456936884295,0,roll,6.22,11.909606015501595,1.914727655225337,0.3243589401245117,-0.00748907254822877,0.092591411431118,0.5696945190429688,0.33287241780849824,-4.462275087797975,1,6.22,-87.9006464741794,8.541241840465167,87.9006464741794,10.918533426018538,,,,,,,off,5.0,legged_eval-seed1-no-roughness,,n/a,settle,0.0,auto,hold,8.0,0.8,2.0,1.0,0,WALK,first,on,1000,1,deterministic,20.0,1,200,hi,1.0,0.42,0.5,0.05,dead-reckoned-heading-hold,off,,,2.65,0.5621
14,staircase_walking,8,0,1,1,heading-only,0.04,1.6657226562500114,1.4692367553710852,0.8514084078123636,0.7710387597787037,3.5739090593345275,0,roll,10.96,35.164859566149715,3.208472588152346,0.32684364914894104,0.06074111827098643,-0.048427303342054265,-0.5371627807617188,0.5512507308324012,0.9219193228121816,1,10.96,86.13505089325191,23.91130810338057,86.13505089325191,26.132645267770965,,,,,,,off,5.0,legged_eval-seed1-no-roughness,,n/a,settle,0.0,auto,hold,8.0,0.8,2.0,1.0,0,WALK,first,on,1000,1,deterministic,20.0,1,200,hi,1.0,0.42,0.5,0.05,dead-reckoned-heading-hold,off,,,2.65,0.5621
14,staircase_walking,9,0,0,1,heading-only,0.04,0.9671997070312841,2.5635665893554602,0.5645202918023227,0.7755536427774004,4.270152880260108,0,roll,6.3,9.89327917082764,1.5703617731472443,0.32428210973739624,-0.005206395709319983,0.08945501418340639,0.5573272705078125,0.3317483588219874,-5.264291252355749,1,6.3,-87.35956848436805,8.169553259576054,87.35956848436805,10.468136874815192,,,,,,,off,5.0,legged_eval-seed1-no-roughness,,n/a,settle,0.0,auto,hold,8.0,0.8,2.0,1.0,0,WALK,first,on,1000,1,deterministic,20.0,1,200,hi,1.0,0.42,0.5,0.05,dead-reckoned-heading-hold,off,,,2.65,0.5621
15,staircase_climbing,0,0,0,1,heading-only,0.04,0.9686246514320374,2.5611648559570312,0.5620412867922042,0.7728297073916086,10.246753023218892,0,roll,6.22,12.036471038983905,1.9351239612514317,0.32446226477622986,-0.0050442682585148954,0.09021943021817223,0.5548553466796875,0.32461546848115147,-6.695576608373379,1,6.22,-87.15119750712319,9.076848339081756,87.15119750712319,11.058441758289339,,,,,,,off,5.0,legged_eval-seed1-no-roughness,,n/a,settle,0.0,auto,hold,8.0,0.8,2.0,1.0,0,WALK,first,on,1000,1,deterministic,20.0,1,200,hi,1.0,0.42,0.5,0.05,dead-reckoned-heading-hold,off,,,2.65,0.5621
15,staircase_climbing,1,0,0,1,heading-only,0.04,0.9760299682617202,2.5688858032226562,0.5693905685290378,0.7734181606790086,10.239784874058184,0,roll,6.3,8.505774329230547,1.3501229094016742,0.32388031482696533,-0.0038047669425841,0.09029933384486608,0.5625534057617188,0.33430564479502295,-6.193307088517804,1,6.3,-87.21617748518979,9.023343325057564,87.21617748518979,11.806794036031095,,,,,,,off,5.0,legged_eval-seed1-no-roughness,,n/a,settle,0.0,auto,hold,8.0,0.8,2.0,1.0,0,WALK,first,on,1000,1,deterministic,20.0,1,200,hi,1.0,0.42,0.5,0.05,dead-reckoned-heading-hold,off,,,2.65,0.5621
15,staircase_climbing,2,0,0,1,heading-only,0.04,0.9711639404296903,2.5715866088867188,0.5723135240322049,0.7787032999547844,10.244793720960152,0,roll,6.22,11.345435409582535,1.82402498546343,0.3245493173599243,-0.004636022438956537,0.09189495319722167,0.5653076171875,0.3337225871165514,-6.866930014718382,1,6.22,-89.30083128528656,8.336151818171949,89.30083128528656,10.965298254269733,,,,,,,off,5.0,legged_eval-seed1-no-roughness,,n/a,settle,0.0,auto,hold,8.0,0.8,2.0,1.0,0,WALK,first,on,1000,1,deterministic,20.0,1,200,hi,1.0,0.42,0.5,0.05,dead-reckoned-heading-hold,off,,,2.65,0.5621
15,staircase_climbing,3,0,0,1,heading-only,0.04,0.9707687377929801,2.574798583984375,0.5755413789126358,0.7813316460042291,10.245368008415506,0,roll,6.3,7.711425001134984,1.2240357144658705,0.32390108704566956,-0.004639882890003156,0.09123787047371032,0.5685043334960938,0.34528631805633964,-4.604308747847749,1,6.3,-89.21974004937636,8.270922586591535,89.21974004937636,12.299846698026178,,,,,,,off,5.0,legged_eval-seed1-no-roughness,,n/a,settle,0.0,auto,hold,8.0,0.8,2.0,1.0,0,WALK,first,on,1000,1,deterministic,20.0,1,200,hi,1.0,0.42,0.5,0.05,dead-reckoned-heading-hold,off,,,2.65,0.5621
15,staircase_climbing,4,0,0,1,heading-only,0.04,0.9794677734375057,2.5845718383789062,0.5849323093771686,0.7827375250464245,10.237236112761488,0,roll,6.36,8.084869617385522,1.2712059146832582,0.3243124186992645,-0.00322833750982615,0.09191381106586576,0.578216552734375,0.3319607953987292,-6.872493540256814,1,6.36,-86.24947074517213,6.384303404902721,86.24947074517213,9.483368152648525,,,,,,,off,5.0,legged_eval-seed1-no-roughness,,n/a,settle,0.0,auto,hold,8.0,0.8,2.0,1.0,0,WALK,first,on,1000,1,deterministic,20.0,1,200,hi,1.0,0.42,0.5,0.05,dead-reckoned-heading-hold,off,,,2.65,0.5621
15,staircase_climbing,5,0,0,1,heading-only,0.04,0.9975128173828125,2.5686416625976562,0.5686471019175232,0.7588456424968029,9.9188006201526,0,roll,6.36,6.3721456568362385,1.0019096944711066,0.32392171025276184,-0.0003910664492433176,0.08940906644617236,0.5623245239257812,0.3427147839393734,-44.71522169699411,1,6.36,-87.92857404590235,6.842577489706169,87.92857404590235,9.95683211211821,,,,,,,off,5.0,legged_eval-seed1-no-roughness,,n/a,settle,0.0,auto,hold,8.0,0.8,2.0,1.0,0,WALK,first,on,1000,1,deterministic,20.0,1,200,hi,1.0,0.42,0.5,0.05,dead-reckoned-heading-hold,off,,,2.65,0.5621
15,staircase_climbing,6,0,0,1,heading-only,0.04,0.9841857910156477,2.557098388671875,0.5573228004187522,0.7592252056214629,9.931451557640347,0,roll,6.34,8.190304462113545,1.2918461296709063,0.3239850103855133,-0.0024943547293931013,0.08787040830786672,0.550811767578125,0.34820559045974137,-9.039198846183679,1,6.34,-91.33456244552357,6.419684372126616,91.33456244552357,9.578110893326476,,,,,,,off,5.0,legged_eval-seed1-no-roughness,,n/a,settle,0.0,auto,hold,8.0,0.8,2.0,1.0,0,WALK,first,on,1000,1,deterministic,20.0,1,200,hi,1.0,0.42,0.5,0.05,dead-reckoned-heading-hold,off,,,2.65,0.5621
15,staircase_climbing,7,0,0,1,heading-only,0.04,1.0108062744140796,2.5930633544921875,0.593161797495623,0.7687877753932869,9.906961021655913,0,roll,6.4,4.0047548582720935,0.6257429466050146,0.32402536273002625,0.0016884803771999302,0.0926661491394043,0.586761474609375,0.3455495040862743,6.468108742548572,1,6.4,-86.57206280921409,5.8335762862817635,86.57206280921409,9.887319600675673,,,,,,,off,5.0,legged_eval-seed1-no-roughness,,n/a,settle,0.0,auto,hold,8.0,0.8,2.0,1.0,0,WALK,first,on,1000,1,deterministic,20.0,1,200,hi,1.0,0.42,0.5,0.05,dead-reckoned-heading-hold,off,,,2.65,0.5621
15,staircase_climbing,8,0,0,1,heading-only,0.04,0.9853942871093864,2.5826187133789062,0.582801760488363,0.7773439424855311,9.93170936985482,0,roll,6.58,3.6414865733943884,0.5534174123699679,0.3248286843299866,-0.00221971320526043,0.08854387741320764,0.5767288208007812,0.3515802026880511,-4.351443222859904,1,6.58,-87.82413357373434,-1.3236082581975523,87.82413357373434,9.375899192844525,,,,,,,off,5.0,legged_eval-seed1-no-roughness,,n/a,settle,0.0,auto,hold,8.0,0.8,2.0,1.0,0,WALK,first,on,1000,1,deterministic,20.0,1,200,hi,1.0,0.42,0.5,0.05,dead-reckoned-heading-hold,off,,,2.65,0.5621
15,staircase_climbing,9,0,0,1,heading-only,0.04,1.697271728515659,1.6491928100585938,0.7805469543222886,0.40246965026712483,9.20941221377843,0,roll,8.6,72.14248089324514,8.388660568981992,0.32603713870048523,0.08107810796693711,-0.040791533714117006,-0.35675048828125,0.5856679347533094,1.8057864253648,1,8.6,88.51594464383783,6.358714864909655,88.51594464383783,24.847243445739476,,,,,,,off,5.0,legged_eval-seed1-no-roughness,,n/a,settle,0.0,auto,hold,8.0,0.8,2.0,1.0,0,WALK,first,on,1000,1,deterministic,20.0,1,200,hi,1.0,0.42,0.5,0.05,dead-reckoned-heading-hold,off,,,2.65,0.5621
16,staircase_spiral,0,0,0,1,heading-only,0.04,1.012239694595337,2.5883728027343693,0.5885000978090693,2.6416202554086463,4.091427826176426,0,roll,6.48,1.599670463319029,0.2468627258208378,0.3244629204273224,0.0018888417585396472,0.09079827202690884,0.582366943359375,0.3504464247192802,2.2810631682310953,1,6.48,-87.32084585110806,-0.8705720276438144,87.32084585110806,9.496087168398626,,,,,,,off,5.0,legged_eval-seed1-no-roughness,,n/a,settle,0.0,auto,hold,8.0,0.8,2.0,1.0,0,WALK,first,on,1000,1,deterministic,20.0,1,200,hi,1.0,0.42,0.5,0.05,dead-reckoned-heading-hold,off,,,2.65,0.5621
16,staircase_spiral,1,0,0,1,heading-only,0.04,0.9591537475585952,2.5719848632812443,0.573441453124354,2.704708127386736,4.178939759157345,0,roll,6.22,11.390124653431485,1.8312097513555443,0.32402411103248596,-0.006566921614373767,0.09195898123492674,0.56591796875,0.3332634752213998,-4.866913499595467,1,6.22,-88.42392014633532,8.630877395647179,88.42392014633532,10.904645199390524,,,,,,,off,5.0,legged_eval-seed1-no-roughness,,n/a,settle,0.0,auto,hold,8.0,0.8,2.0,1.0,0,WALK,first,on,1000,1,deterministic,20.0,1,200,hi,1.0,0.42,0.5,0.05,dead-reckoned-heading-hold,off,,,2.65,0.5621
16,staircase_spiral,2,0,0,1,heading-only,0.04,0.9593154907226591,2.5694519042968693,0.5709034074188635,2.722158248598409,4.214678887279134,0,roll,6.22,11.840796085894965,1.9036649655779687,0.3247133195400238,-0.006540917890247734,0.09155175310239057,0.5632171630859375,0.32595519502958403,-5.0795961762090975,1,6.22,-87.46681939651118,8.762146236948588,87.46681939651118,10.821850442315464,,,,,,,off,5.0,legged_eval-seed1-no-roughness,,n/a,settle,0.0,auto,hold,8.0,0.8,2.0,1.0,0,WALK,first,on,1000,1,deterministic,20.0,1,200,hi,1.0,0.42,0.5,0.05,dead-reckoned-heading-hold,off,,,2.65,0.5621
16,staircase_spiral,3,0,0,1,heading-only,0.04,0.9867446899414176,2.5844665527343693,0.5846168441893771,2.719439139552149,4.224889371861503,0,roll,6.38,6.419098056741518,1.0061282220597991,0.32470273971557617,-0.002077634805420436,0.091609177544572,0.578369140625,0.3494911701060243,-8.452038888820308,1,6.38,-90.12820465924698,4.945139142051058,90.12820465924698,9.410168750037355,,,,,,,off,5.0,legged_eval-seed1-no-roughness,,n/a,settle,0.0,auto,hold,8.0,0.8,2.0,1.0,0,WALK,first,on,1000,1,deterministic,20.0,1,200,hi,1.0,0.42,0.5,0.05,dead-reckoned-heading-hold,off,,,2.65,0.5621
16,staircase_spiral,4,0,0,1,heading-only,0.04,0.9870056152343807,2.585305786132807,0.5854500126534972,2.7378580557015852,4.260865642316874,0,roll,6.38,6.606776687778478,1.0355449353884763,0.32518070936203003,-0.002036737424078263,0.09174071882959355,0.5791778564453125,0.35068597338613455,-8.873833446184255,1,6.38,-90.92708158281066,4.375076732647063,90.92708158281066,9.352869370526024,,,,,,,off,5.0,legged_eval-seed1-no-roughness,,n/a,settle,0.0,auto,hold,8.0,0.8,2.0,1.0,0,WALK,first,on,1000,1,deterministic,20.0,1,200,hi,1.0,0.42,0.5,0.05,dead-reckoned-heading-hold,off,,,2.65,0.5621
16,staircase_spiral,5,0,0,1,heading-only,0.04,0.9771728515625,2.5583435058593693,0.5588099401774447,2.7570658821916845,4.304285061364805,0,roll,6.32,8.407412088130457,1.330286722805452,0.3242456912994385,-0.0036118905755537973,0.08834549143344451,0.552215576171875,0.3422105013193022,-6.428180151875272,1,6.32,-90.06749790376921,7.271200482206167,90.06749790376921,10.200557614948899,,,,,,,off,5.0,legged_eval-seed1-no-roughness,,n/a,settle,0.0,auto,hold,8.0,0.8,2.0,1.0,0,WALK,first,on,1000,1,deterministic,20.0,1,200,hi,1.0,0.42,0.5,0.05,dead-reckoned-heading-hold,off,,,2.65,0.5621
16,staircase_spiral,6,0,0,1,heading-only,0.04,1.0063720703125227,2.5823303222656193,0.582365183978273,2.7553846695779254,4.313628826723278,0,roll,6.5,1.134613254099719,0.1745558852461106,0.32460838556289673,0.0009803185096188827,0.08958928034855682,0.5763092041015625,0.3606932654130754,3.107739878809833,1,6.5,-91.17019065601389,-1.1679478041628553,91.17019065601389,9.435660216264544,,,,,,,off,5.0,legged_eval-seed1-no-roughness,,n/a,settle,0.0,auto,hold,8.0,0.8,2.0,1.0,0,WALK,first,on,1000,1,deterministic,20.0,1,200,hi,1.0,0.42,0.5,0.05,dead-reckoned-heading-hold,off,,,2.65,0.5621
16,staircase_spiral,7,0,0,1,heading-only,0.04,0.9920074462890796,2.590798950195307,0.5908530108806238,2.7901266924629833,4.364936958012384,0,roll,6.4,5.569190101356725,0.8701859533369882,0.32439255714416504,-0.0012488365173313198,0.09231233596801669,0.58465576171875,0.34288918936359314,-12.161407661902048,1,6.4,-87.77936654452762,4.072069611842491,87.77936654452762,9.484680026763808,,,,,,,off,5.0,legged_eval-seed1-no-roughness,,n/a,settle,0.0,auto,hold,8.0,0.8,2.0,1.0,0,WALK,first,on,1000,1,deterministic,20.0,1,200,hi,1.0,0.42,0.5,0.05,dead-reckoned-heading-hold,off,,,2.65,0.5621
16,staircase_spiral,8,0,0,1,heading-only,0.04,1.0038879394531364,2.5960632324218693,0.5960759122111869,2.798976681357794,4.389839651416864,0,roll,6.46,2.3955091741800345,0.37082185358824066,0.32467252016067505,0.0006018482125598094,0.09226985022010362,0.5900726318359375,0.3551286413263095,10.753645434844554,1,6.46,-89.17830135282306,1.159807496416611,89.17830135282306,9.413001748845508,,,,,,,off,5.0,legged_eval-seed1-no-roughness,,n/a,settle,0.0,auto,hold,8.0,0.8,2.0,1.0,0,WALK,first,on,1000,1,deterministic,20.0,1,200,hi,1.0,0.42,0.5,0.05,dead-reckoned-heading-hold,off,,,2.65,0.5621
16,staircase_spiral,9,0,0,1,heading-only,0.04,0.9818481445312841,2.5652709960937443,0.5655623651568155,2.8287383783757254,4.444871464598111,0,roll,6.3,8.447024819962053,1.3407975904701672,0.32492727041244507,-0.002881246899796174,0.08972555493551497,0.5590667724609375,0.343215445557166,-8.121946285882833,1,6.3,-90.71340878736504,6.475458022274793,90.71340878736504,9.565103313497096,,,,,,,off,5.0,legged_eval-seed1-no-roughness,,n/a,settle,0.0,auto,hold,8.0,0.8,2.0,1.0,0,WALK,first,on,1000,1,deterministic,20.0,1,200,hi,1.0,0.42,0.5,0.05,dead-reckoned-heading-hold,off,,,2.65,0.5621
17,squeeze,0,0,0,1,heading-only,0.04,0.9620458483695984,2.5702697753906136,0.57153139401965,0.7839657428615399,7.758939493865012,0,roll,6.24,9.939232288124174,1.5928256871993869,0.32436248660087585,-0.006082396094615643,0.0913893870818291,0.564208984375,0.34150806153466007,-4.570575842073194,1,6.24,-90.64191779698271,7.858831768323293,90.64191779698271,11.333834441561011,,,,,,,off,5.0,legged_eval-seed1-no-roughness,,n/a,settle,0.0,auto,hold,8.0,0.8,2.0,1.0,0,WALK,first,on,1000,1,deterministic,20.0,1,200,hi,1.0,0.42,0.5,0.05,dead-reckoned-heading-hold,off,,,2.65,0.5621
17,squeeze,1,0,0,1,heading-only,0.04,0.9703384399414077,2.5729248046874886,0.5736921125231778,0.7802462432014003,8.199701584138678,0,roll,6.3,7.943704476532901,1.2609054724655397,0.32381927967071533,-0.0047081841362844965,0.09094044518849026,0.56695556640625,0.34662326375358987,-4.674191028625602,1,6.3,-89.93884326067436,7.73560920593509,89.93884326067436,11.653471192879035,,,,,,,off,5.0,legged_eval-seed1-no-roughness,,n/a,settle,0.0,auto,hold,8.0,0.8,2.0,1.0,0,WALK,first,on,1000,1,deterministic,20.0,1,200,hi,1.0,0.42,0.5,0.05,dead-reckoned-heading-hold,off,,,2.65,0.5621
17,squeeze,2,0,0,1,heading-only,0.04,0.9619934082031278,2.5677978515624886,0.5690684504161094,0.7822055312102211,8.556865720683351,0,roll,6.22,11.703115311597287,1.8815297928613002,0.32474979758262634,-0.006110384533259189,0.0912858282254805,0.5618133544921875,0.3316443528118121,-5.374275494619454,1,6.22,-88.89329947501626,8.649061881513735,88.89329947501626,11.678929196089427,,,,,,,off,5.0,legged_eval-seed1-no-roughness,,n/a,settle,0.0,auto,hold,8.0,0.8,2.0,1.0,0,WALK,first,on,1000,1,deterministic,20.0,1,200,hi,1.0,0.42,0.5,0.05,dead-reckoned-heading-hold,off,,,2.65,0.5621
17,squeeze,3,0,0,1,heading-only,0.04,0.9971206665039176,2.582369995117176,0.5823771130239936,0.7694429382808343,8.024040904538777,0,roll,6.38,5.832243647056686,0.9141447722659382,0.3242115378379822,-0.0004513061906085237,0.09128056349798999,0.5764617919921875,0.34171423153223884,-35.35257536445818,1,6.38,-87.63974534800315,5.530066030481203,87.63974534800315,9.636634038967486,,,,,,,off,5.0,legged_eval-seed1-no-roughness,,n/a,settle,0.0,auto,hold,8.0,0.8,2.0,1.0,0,WALK,first,on,1000,1,deterministic,20.0,1,200,hi,1.0,0.42,0.5,0.05,dead-reckoned-heading-hold,off,,,2.65,0.5621
17,squeeze,4,0,0,1,heading-only,0.04,0.9603027343750057,2.568545532226551,0.5699297282234659,0.7839114495514579,8.408939542596924,0,roll,6.22,12.710276509759098,2.04345281507381,0.3243618309497833,-0.006382197045819022,0.09140603412002431,0.5629119873046875,0.3217913303002816,-5.588197837850984,1,6.22,-86.50493637766252,9.086262940645952,86.50493637766252,11.08907564404497,,,,,,,off,5.0,legged_eval-seed1-no-roughness,,n/a,settle,0.0,auto,hold,8.0,0.8,2.0,1.0,0,WALK,first,on,1000,1,deterministic,20.0,1,200,hi,1.0,0.42,0.5,0.05,dead-reckoned-heading-hold,off,,,2.65,0.5621
17,squeeze,5,0,0,1,heading-only,0.04,0.9547119140625,2.569125366210926,0.57092441986011,0.7881895578666994,8.614109412047426,0,roll,6.22,12.53652837294166,2.0155190310195596,0.3243320882320404,-0.007281042755225081,0.09149925501783379,0.56329345703125,0.32802796120060507,-4.831374352616281,1,6.22,-88.30774456732158,8.363931191104081,88.30774456732158,10.552279865890677,,,,,,,off,5.0,legged_eval-seed1-no-roughness,,n/a,settle,0.0,auto,hold,8.0,0.8,2.0,1.0,0,WALK,first,on,1000,1,deterministic,20.0,1,200,hi,1.0,0.42,0.5,0.05,dead-reckoned-heading-hold,off,,,2.65,0.5621
17,squeeze,6,0,0,1,heading-only,0.04,0.9772735595703352,2.5655090332031136,0.5659655093103496,0.7700931100578605,9.240047806241835,0,roll,6.32,9.855683930620245,1.5594436599082666,0.3241395056247711,-0.003595955764187462,0.08947927740555595,0.55950927734375,0.32885076195417895,-7.568899104880941,1,6.32,-86.81907540457459,7.954381533358044,86.81907540457459,9.69667966755807,,,,,,,off,5.0,legged_eval-seed1-no-roughness,,n/a,settle,0.0,auto,hold,8.0,0.8,2.0,1.0,0,WALK,first,on,1000,1,deterministic,20.0,1,200,hi,1.0,0.42,0.5,0.05,dead-reckoned-heading-hold,off,,,2.65,0.5621
17,squeeze,7,0,0,1,heading-only,0.04,0.957293701171892,2.5727416992187386,0.5743316829007118,0.789026730099603,8.861235113761397,0,roll,6.24,11.234180093524117,1.800349373962198,0.32418620586395264,-0.00684395814553012,0.0917855287209517,0.566925048828125,0.3424035190742304,-4.591206374104022,1,6.24,-90.70408426228546,7.163206868041941,90.70408426228546,10.850156827986208,,,,,,,off,5.0,legged_eval-seed1-no-roughness,,n/a,settle,0.0,auto,hold,8.0,0.8,2.0,1.0,0,WALK,first,on,1000,1,deterministic,20.0,1,200,hi,1.0,0.42,0.5,0.05,dead-reckoned-heading-hold,off,,,2.65,0.5621
17,squeeze,8,0,0,1,heading-only,0.04,0.9671447753906364,2.5692626953124886,0.5702100332847283,0.7797401532997609,9.499926485356365,0,roll,6.24,10.870440232068717,1.7420577294981916,0.32457640767097473,-0.005265260354064685,0.09122799604366805,0.5633087158203125,0.3304531016977634,-5.774575442615742,1,6.24,-87.81676701788246,8.526489230223223,87.81676701788246,10.79846449824431,,,,,,,off,5.0,legged_eval-seed1-no-roughness,,n/a,settle,0.0,auto,hold,8.0,0.8,2.0,1.0,0,WALK,first,on,1000,1,deterministic,20.0,1,200,hi,1.0,0.42,0.5,0.05,dead-reckoned-heading-hold,off,,,2.65,0.5621
17,squeeze,9,0,0,1,heading-only,0.04,0.9904846191406591,2.5709106445312386,0.5709899355610155,0.7652090481504472,9.526637483542629,0,roll,6.36,8.04055817295864,1.2642387064400378,0.3246241509914398,-0.0014961290659341027,0.08976582461182997,0.564483642578125,0.33594123718544555,-14.74814470284782,1,6.36,-87.77730203736412,6.37281770685474,87.77730203736412,9.351152715547059,,,,,,,off,5.0,legged_eval-seed1-no-roughness,,n/a,settle,0.0,auto,hold,8.0,0.8,2.0,1.0,0,WALK,first,on,1000,1,deterministic,20.0,1,200,hi,1.0,0.42,0.5,0.05,dead-reckoned-heading-hold,off,,,2.65,0.5621
18,agility_poles,0,0,0,1,heading-only,0.04,0.9583995938301086,2.575482177734358,0.5769838218558464,0.7902599172761267,17.351146486159397,0,roll,6.22,11.296611223539088,1.8161754378680206,0.3245679438114166,-0.006688168194516296,0.09252125043960739,0.569610595703125,0.33546340467452085,-4.739450364097663,1,6.22,-88.82919809178546,8.16405834624606,88.82919809178546,10.928239187928861,,,,,,,off,5.0,legged_eval-seed1-no-roughness,,n/a,settle,0.0,auto,hold,8.0,0.8,2.0,1.0,0,WALK,first,on,1000,1,deterministic,20.0,1,200,hi,1.0,0.42,0.5,0.05,dead-reckoned-heading-hold,off,,,2.65,0.5621
18,agility_poles,1,0,0,1,heading-only,0.04,1.0006538391113295,2.581890869140608,0.5818912364822103,0.7667747856988166,16.259761610797884,0,roll,6.48,2.241182862902349,0.34586155291702914,0.32527628540992737,0.00010090109742739908,0.08979797363280986,0.57598876953125,0.35459727333737046,,1,6.48,-90.14114051050429,-0.9294834656910264,90.14114051050429,9.297408174922944,,,,,,,off,5.0,legged_eval-seed1-no-roughness,,n/a,settle,0.0,auto,hold,8.0,0.8,2.0,1.0,0,WALK,first,on,1000,1,deterministic,20.0,1,200,hi,1.0,0.42,0.5,0.05,dead-reckoned-heading-hold,off,,,2.65,0.5621
18,agility_poles,2,0,0,1,heading-only,0.04,0.9538146972656278,2.5787933349609204,0.5806331085839403,0.7958141174408896,15.60692146843261,0,roll,6.22,11.608684175380944,1.866347938164139,0.32442548871040344,-0.007425289828677196,0.09305359082972998,0.5728302001953125,0.3361296319810957,-4.386888223940849,1,6.22,-88.78150511816312,8.188946544459002,88.78150511816312,11.195739019643025,,,,,,,off,5.0,legged_eval-seed1-no-roughness,,n/a,settle,0.0,auto,hold,8.0,0.8,2.0,1.0,0,WALK,first,on,1000,1,deterministic,20.0,1,200,hi,1.0,0.42,0.5,0.05,dead-reckoned-heading-hold,off,,,2.65,0.5621
18,agility_poles,3,0,0,1,heading-only,0.04,0.9601638793945426,2.571667480468733,0.5730537712382335,0.786273963282404,14.551069999223033,0,roll,6.24,11.652229627470916,1.8673444915818775,0.32396072149276733,-0.006383993686772016,0.09161337828024566,0.565673828125,0.3303952458872642,-5.105160068471602,1,6.24,-87.26888099238032,8.533380066453294,87.26888099238032,10.69435839207332,,,,,,,off,5.0,legged_eval-seed1-no-roughness,,n/a,settle,0.0,auto,hold,8.0,0.8,2.0,1.0,0,WALK,first,on,1000,1,deterministic,20.0,1,200,hi,1.0,0.42,0.5,0.05,dead-reckoned-heading-hold,off,,,2.65,0.5621
18,agility_poles,4,0,0,1,heading-only,0.04,0.9714263916015682,2.575848388671858,0.5765568643532761,0.7816594055158,13.840558132157458,0,roll,6.28,8.618393360693233,1.3723556306836358,0.3239538371562958,-0.004549937643062391,0.09169560329169713,0.56988525390625,0.3445327561639911,-5.264275280834727,1,6.28,-89.8061466539461,7.794986982602275,89.8061466539461,11.01952967662275,,,,,,,off,5.0,legged_eval-seed1-no-roughness,,n/a,settle,0.0,auto,hold,8.0,0.8,2.0,1.0,0,WALK,first,on,1000,1,deterministic,20.0,1,200,hi,1.0,0.42,0.5,0.05,dead-reckoned-heading-hold,off,,,2.65,0.5621
18,agility_poles,5,0,0,1,heading-only,0.04,1.0022125244140625,2.5773284912109204,0.5773327307785007,0.7622995196207972,12.760853956905454,0,roll,6.36,6.277832035149515,0.9870805086713074,0.3239686191082001,0.00034788119717963837,0.09077492000171705,0.5714263916015625,0.34079807119781647,49.522092594382684,1,6.36,-86.36407336857125,7.594902374391159,86.36407336857125,9.890445796331873,,,,,,,off,5.0,legged_eval-seed1-no-roughness,,n/a,settle,0.0,auto,hold,8.0,0.8,2.0,1.0,0,WALK,first,on,1000,1,deterministic,20.0,1,200,hi,1.0,0.42,0.5,0.05,dead-reckoned-heading-hold,off,,,2.65,0.5621
18,agility_poles,6,0,0,1,heading-only,0.04,0.9958740234375227,2.590191650390608,0.5902060723792866,0.7761888845093448,12.06856574921102,0,roll,6.4,5.7461895331305755,0.8978421145516524,0.32461366057395935,-0.0006446838378870723,0.09221744537353249,0.5843658447265625,0.3374825045787533,-24.306955039160382,1,6.4,-86.79966129524017,4.2662133514700615,86.79966129524017,9.442860739148056,,,,,,,off,5.0,legged_eval-seed1-no-roughness,,n/a,settle,0.0,auto,hold,8.0,0.8,2.0,1.0,0,WALK,first,on,1000,1,deterministic,20.0,1,200,hi,1.0,0.42,0.5,0.05,dead-reckoned-heading-hold,off,,,2.65,0.5621
18,agility_poles,7,0,0,1,heading-only,0.04,0.971942138671892,2.5670745849609204,0.5677682876763263,0.774866885225466,11.042628028585797,0,roll,6.26,9.396769795395528,1.5010814369641419,0.32405030727386475,-0.00448208647413865,0.09058699440270294,0.5609283447265625,0.34060379075836295,-5.845227120618368,1,6.26,-89.61507573423994,7.995106135229655,89.61507573423994,10.939323471683245,,,,,,,off,5.0,legged_eval-seed1-no-roughness,,n/a,settle,0.0,auto,hold,8.0,0.8,2.0,1.0,0,WALK,first,on,1000,1,deterministic,20.0,1,200,hi,1.0,0.42,0.5,0.05,dead-reckoned-heading-hold,off,,,2.65,0.5621
18,agility_poles,8,0,0,1,heading-only,0.04,0.9723022460937614,2.571057128906233,0.5717284408231591,0.7775417441863293,10.34347364962636,0,roll,6.24,10.587842128619997,1.6967695718942302,0.3247677981853485,-0.004438742613179268,0.09151556552984502,0.564971923828125,0.32998925294963893,-6.671757805753384,1,6.24,-87.53502840053652,8.736544295008919,87.53502840053652,11.019646359808101,,,,,,,off,5.0,legged_eval-seed1-no-roughness,,n/a,settle,0.0,auto,hold,8.0,0.8,2.0,1.0,0,WALK,first,on,1000,1,deterministic,20.0,1,200,hi,1.0,0.42,0.5,0.05,dead-reckoned-heading-hold,off,,,2.65,0.5621
18,agility_poles,9,0,0,1,heading-only,0.04,0.6815856933594091,2.409039306640608,0.5183636031305029,0.9149399607029023,9.577153308676925,0,roll,10.120000000000001,44.55094322205514,4.402267116803867,0.3268069326877594,-0.03146386429254851,0.04041890381824189,0.40350341796875,0.2892007474638738,-2.441977724862666,1,10.120000000000001,-88.49619926096322,5.7469769880807045,88.49619926096322,15.992358968725615,,,,,,,off,5.0,legged_eval-seed1-no-roughness,,n/a,settle,0.0,auto,hold,8.0,0.8,2.0,1.0,0,WALK,first,on,1000,1,deterministic,20.0,1,200,hi,1.0,0.42,0.5,0.05,dead-reckoned-heading-hold,off,,,2.65,0.5621
19,balance_beam,0,0,0,1,heading-only,0.04,0.9613968133926392,2.572836303710943,0.5741355561759424,0.7862791002391069,9.056737215785713,0,roll,6.22,11.9617513694553,1.9231111526455467,0.3239510655403137,-0.0062063000976464375,0.09209586876381723,0.5667724609375,0.3262692868331993,-5.408153161690727,1,6.22,-87.00460924043455,8.703412411664845,87.00460924043455,10.674763737609236,,,,,,,off,5.0,legged_eval-seed1-no-roughness,,n/a,settle,0.0,auto,hold,8.0,0.8,2.0,1.0,0,WALK,first,on,1000,1,deterministic,20.0,1,200,hi,1.0,0.42,0.5,0.05,dead-reckoned-heading-hold,off,,,2.65,0.5621
19,balance_beam,1,0,0,1,heading-only,0.04,0.9620910644531264,2.5732482910156307,0.5745003834173118,0.7861040809546226,9.654941856533712,0,roll,6.24,10.407079626854568,1.6678012222523346,0.324327290058136,-0.006075149927383586,0.09186671330378697,0.5673828125,0.33709700253352,-4.791424564829679,1,6.24,-89.16460799279722,8.241765368958566,89.16460799279722,10.767711597174195,,,,,,,off,5.0,legged_eval-seed1-no-roughness,,n/a,settle,0.0,auto,hold,8.0,0.8,2.0,1.0,0,WALK,first,on,1000,1,deterministic,20.0,1,200,hi,1.0,0.42,0.5,0.05,dead-reckoned-heading-hold,off,,,2.65,0.5621
19,balance_beam,2,0,0,1,heading-only,0.04,1.009120178222659,2.5917419433593807,0.591812221216789,0.7688442800456348,9.908565091695822,0,roll,6.48,1.627579072528647,0.25116960995812454,0.32473239302635193,0.0014074349109041808,0.09131820113570689,0.5856170654296875,0.36063947942456054,3.1146994015538225,1,6.48,-91.1362749854774,-0.16773815106493822,91.1362749854774,9.394638938222123,,,,,,,off,5.0,legged_eval-seed1-no-roughness,,n/a,settle,0.0,auto,hold,8.0,0.8,2.0,1.0,0,WALK,first,on,1000,1,deterministic,20.0,1,200,hi,1.0,0.42,0.5,0.05,dead-reckoned-heading-hold,off,,,2.65,0.5621
19,balance_beam,3,0,0,1,heading-only,0.04,0.9655197143554801,2.5736450195312557,0.5746803446535669,0.7840521565404066,10.550087369167427,0,roll,6.22,11.408382826679826,1.834145148983895,0.324847936630249,-0.005543454283684869,0.09222588738444626,0.56756591796875,0.3301655418784238,-5.7747155782390305,1,6.22,-88.13588584226957,8.596317064914548,88.13588584226957,10.833725416090981,,,,,,,off,5.0,legged_eval-seed1-no-roughness,,n/a,settle,0.0,auto,hold,8.0,0.8,2.0,1.0,0,WALK,first,on,1000,1,deterministic,20.0,1,200,hi,1.0,0.42,0.5,0.05,dead-reckoned-heading-hold,off,,,2.65,0.5621
19,balance_beam,4,0,0,1,heading-only,0.04,0.9781707763671932,2.579550170898443,0.5799611328294559,0.779861615432913,11.136918949163679,0,roll,6.36,7.938382900419043,1.2481734120155727,0.3243621587753296,-0.0034322678667935242,0.09112424070730238,0.57342529296875,0.34042137132273,-6.34703832013995,1,6.36,-88.18365087055788,6.073265560705588,88.18365087055788,9.497512107021112,,,,,,,off,5.0,legged_eval-seed1-no-roughness,,n/a,settle,0.0,auto,hold,8.0,0.8,2.0,1.0,0,WALK,first,on,1000,1,deterministic,20.0,1,200,hi,1.0,0.42,0.5,0.05,dead-reckoned-heading-hold,off,,,2.65,0.5621
19,balance_beam,5,0,0,1,heading-only,0.04,0.9608154296875,2.572683715820318,0.5740227076661185,0.7865663603465649,11.453510827342047,0,roll,6.26,9.569993863326317,1.5287530133109133,0.3243834972381592,-0.0062595160243610224,0.09148302169653645,0.5667877197265625,0.3458055880329683,-4.262593693860515,1,6.26,-91.0443073284689,7.307021049243484,91.0443073284689,11.04954929718445,,,,,,,off,5.0,legged_eval-seed1-no-roughness,,n/a,settle,0.0,auto,hold,8.0,0.8,2.0,1.0,0,WALK,first,on,1000,1,deterministic,20.0,1,200,hi,1.0,0.42,0.5,0.05,dead-reckoned-heading-hold,off,,,2.65,0.5621
19,balance_beam,6,0,0,1,heading-only,0.04,0.9867645263672102,2.561544799804693,0.5617007565866163,0.7607517424119166,12.026352693445213,0,roll,6.32,8.956734351303822,1.417204802421491,0.3242334723472595,-0.0020942205115173675,0.08885202528555272,0.5554046630859375,0.3319866086549541,-11.81102459903282,1,6.32,-86.47310365943221,8.386379880710283,86.47310365943221,10.062289773185334,,,,,,,off,5.0,legged_eval-seed1-no-roughness,,n/a,settle,0.0,auto,hold,8.0,0.8,2.0,1.0,0,WALK,first,on,1000,1,deterministic,20.0,1,200,hi,1.0,0.42,0.5,0.05,dead-reckoned-heading-hold,off,,,2.65,0.5621
19,balance_beam,7,0,0,1,heading-only,0.04,0.991381835937517,2.577658081054693,0.5777223652928787,0.7696631051454145,12.621843798183132,0,roll,6.34,7.10027013059576,1.1199164243841893,0.32398489117622375,-0.0013593318710540927,0.09111326199600839,0.571502685546875,0.3387774074467329,-14.379291303976496,1,6.34,-86.49596495927221,8.965280774939847,86.49596495927221,11.089244383741754,,,,,,,off,5.0,legged_eval-seed1-no-roughness,,n/a,settle,0.0,auto,hold,8.0,0.8,2.0,1.0,0,WALK,first,on,1000,1,deterministic,20.0,1,200,hi,1.0,0.42,0.5,0.05,dead-reckoned-heading-hold,off,,,2.65,0.5621
19,balance_beam,8,0,0,1,heading-only,0.04,0.9742248535156364,2.572561645507818,0.573141514883463,0.7773457033825263,12.938450060783127,0,roll,6.3,9.920693559390202,1.57471326339527,0.32468652725219727,-0.004091293092756132,0.09088280087425686,0.5664215087890625,0.3268973522989936,-6.717663730749096,1,6.3,-86.49579113307105,8.382153220111658,86.49579113307105,10.24483400040876,,,,,,,off,5.0,legged_eval-seed1-no-roughness,,n/a,settle,0.0,auto,hold,8.0,0.8,2.0,1.0,0,WALK,first,on,1000,1,deterministic,20.0,1,200,hi,1.0,0.42,0.5,0.05,dead-reckoned-heading-hold,off,,,2.65,0.5621
19,balance_beam,9,0,0,1,heading-only,0.04,0.9565185546875341,2.569754028320318,0.5714107882020525,0.7873955385866476,13.555460497980519,0,roll,6.22,12.252418874707757,1.969842262814752,0.3239436447620392,-0.006990586063097411,0.09160032609651418,0.56365966796875,0.32704580687430973,-4.918075955397019,1,6.22,-87.11680700720765,8.488035807961879,87.11680700720765,10.591337825850742,,,,,,,off,5.0,legged_eval-seed1-no-roughness,,n/a,settle,0.0,auto,hold,8.0,0.8,2.0,1.0,0,WALK,first,on,1000,1,deterministic,20.0,1,200,hi,1.0,0.42,0.5,0.05,dead-reckoned-heading-hold,off,,,2.65,0.5621
0,jump_on_and_off_box,0,0,1,1,heading-only,0.02,1.3580400943756104,2.4939839839935303,0.6100925221821821,1.2693862813606918,16.749246002670592,0,roll,5.24,46.0116576599259,8.780850698459142,0.35647597908973694,0.06832826228542183,0.09427175267052104,0.4782257080078125,0.2028889459855688,2.242918972152076,1,5.24,-87.5091471425639,9.272427024714998,87.5091471425639,36.55942149901699,,,,,,,off,5.0,legged_eval-seed1-no-roughness,,n/a,settle,0.0,auto,hold,8.0,0.8,2.0,1.0,0,TROT,first,on,1000,1,deterministic,20.0,1,200,lo,1.0,0.42,0.5,0.05,dead-reckoned-heading-hold,off,,,2.312,0.7812
0,jump_on_and_off_box,1,0,1,1,heading-only,0.02,1.3511253356933608,1.9208357334136963,0.3599388593496438,1.168650544748251,16.549064010874883,0,roll,11.120000000000001,148.94236289814617,13.394097382926812,0.3865887224674225,0.03157601939688496,-0.007119088721789901,-0.09478545188903809,0.6570731677867283,7.403437929477919,1,11.120000000000001,-90.65918481921317,-75.12007352894196,90.65918481921317,78.10794772633045,,,,,,,off,5.0,legged_eval-seed1-no-roughness,,n/a,settle,0.0,auto,hold,8.0,0.8,2.0,1.0,0,TROT,first,on,1000,1,deterministic,20.0,1,200,lo,1.0,0.42,0.5,0.05,dead-reckoned-heading-hold,off,,,2.312,0.7812
0,jump_on_and_off_box,2,0,1,1,heading-only,0.02,1.3384506225585966,2.649522304534912,0.7324124848735477,1.304615524878533,15.974759395765194,0,roll,5.72,37.54039375909949,6.56300590194047,0.3448643386363983,0.05916968925849591,0.11355285044316646,0.6339349746704102,0.1765602961458352,1.9358908801474592,1,5.72,-87.0698302493609,8.040882201328431,87.0698302493609,28.783252289107644,,,,,,,off,5.0,legged_eval-seed1-no-roughness,,n/a,settle,0.0,auto,hold,8.0,0.8,2.0,1.0,0,TROT,first,on,1000,1,deterministic,20.0,1,200,lo,1.0,0.42,0.5,0.05,dead-reckoned-heading-hold,off,,,2.312,0.7812
0,jump_on_and_off_box,3,0,1,1,heading-only,0.02,1.1460922241211051,2.3657848834991455,0.39388008193501567,1.4597884108327526,15.958100510469452,0,roll,7.32,64.84256611407756,8.858274059300212,0.34502965211868286,0.01995795411490507,0.049970612499883264,0.350111722946167,0.4838231219435206,7.746588026441483,1,7.32,-87.36663931127134,4.00851752119949,87.36663931127134,29.45959314725304,,,,,,,off,5.0,legged_eval-seed1-no-roughness,,n/a,settle,0.0,auto,hold,8.0,0.8,2.0,1.0,0,TROT,first,on,1000,1,deterministic,20.0,1,200,lo,1.0,0.42,0.5,0.05,dead-reckoned-heading-hold,off,,,2.312,0.7812
0,jump_on_and_off_box,4,0,1,1,heading-only,0.02,1.5290588378906307,1.4420437812805176,0.7689072739660665,1.186330342564005,15.880745842470542,0,roll,5.0,-20.854981368217892,-4.170996273643579,0.3439866602420807,0.10581176757812613,-0.11159124374389648,-0.5739834308624268,0.25353283560389894,-0.6879917019602257,1,5.0,87.5997193448161,-1.5441769367231246,87.5997193448161,33.12819936627823,,,,,,,off,5.0,legged_eval-seed1-no-roughness,,n/a,settle,0.0,auto,hold,8.0,0.8,2.0,1.0,0,TROT,first,on,1000,1,deterministic,20.0,1,200,lo,1.0,0.42,0.5,0.05,dead-reckoned-heading-hold,off,,,2.312,0.7812
0,jump_on_and_off_box,5,0,1,1,heading-only,0.02,1.2923126220703125,2.509700059890747,0.5875719701230245,1.4040364348415773,15.566034520726374,0,roll,8.42,46.2456156979643,5.492353408309299,0.3469179570674896,0.03471646342877821,0.060534448918140984,0.4942448139190674,0.2788223087574661,2.761215895587651,1,8.42,-88.26572348869816,9.442673718817822,88.26572348869816,31.496819771493268,,,,,,,off,5.0,legged_eval-seed1-no-roughness,,n/a,settle,0.0,auto,hold,8.0,0.8,2.0,1.0,0,TROT,first,on,1000,1,deterministic,20.0,1,200,lo,1.0,0.42,0.5,0.05,dead-reckoned-heading-hold,off,,,2.312,0.7812
0,jump_on_and_off_box,6,0,1,1,heading-only,0.02,1.1578155517578352,2.5373833179473877,0.5600772971517174,1.5274883876953562,15.051780419782446,0,roll,9.4,60.287253912000324,6.4135376502128,0.35572630167007446,0.01678888848487609,0.057168438079509325,0.521695613861084,0.2756606591698454,6.667347203936111,1,9.4,-89.49770096702332,-1.858560445842217,89.49770096702332,33.99001195280428,,,,,,,off,5.0,legged_eval-seed1-no-roughness,,n/a,settle,0.0,auto,hold,8.0,0.8,2.0,1.0,0,TROT,first,on,1000,1,deterministic,20.0,1,200,lo,1.0,0.42,0.5,0.05,dead-reckoned-heading-hold,off,,,2.312,0.7812
0,jump_on_and_off_box,7,0,1,1,heading-only,0.02,1.3490631103515796,2.570476770401001,0.6687965315217143,1.3338744349595582,15.111708662183512,0,roll,8.52,24.671976191609758,2.895771853475324,0.35049545764923096,0.040969848632814505,0.06695736741795787,0.5545065402984619,0.25797680007310625,1.2336084929843494,1,8.52,-87.40489650429386,-2.112053633413723,87.40489650429386,32.4480445244475,,,,,,,off,5.0,legged_eval-seed1-no-roughness,,n/a,settle,0.0,auto,hold,8.0,0.8,2.0,1.0,0,TROT,first,on,1000,1,deterministic,20.0,1,200,lo,1.0,0.42,0.5,0.05,dead-reckoned-heading-hold,off,,,2.312,0.7812
0,jump_on_and_off_box,8,0,1,1,heading-only,0.02,1.3177307128906364,2.588012456893921,0.6683647622192669,1.2729014077762058,14.943842367751744,0,roll,8.34,43.382775970902,5.201771699148921,0.360750287771225,0.03809720778065184,0.07050509075466678,0.5726044178009033,0.26491769374996366,2.3830629165772215,1,8.34,-86.48497972494242,12.550730745954876,86.48497972494242,33.97181327092626,,,,,,,off,5.0,legged_eval-seed1-no-roughness,,n/a,settle,0.0,auto,hold,8.0,0.8,2.0,1.0,0,TROT,first,on,1000,1,deterministic,20.0,1,200,lo,1.0,0.42,0.5,0.05,dead-reckoned-heading-hold,off,,,2.312,0.7812
0,jump_on_and_off_box,9,0,1,1,heading-only,0.02,1.034094238281284,2.4793591499328613,0.4805700903180892,1.45864427515578,14.37390112492801,0,roll,6.84,75.06521360490686,10.974446433465916,0.3627871870994568,0.004984537760421653,0.0700817470662078,0.46361398696899414,0.27978415896165043,38.42687788797616,1,6.84,-86.72259331353958,-8.13532489316159,86.72259331353958,34.678631017876704,,,,,,,off,5.0,legged_eval-seed1-no-roughness,,n/a,settle,0.0,auto,hold,8.0,0.8,2.0,1.0,0,TROT,first,on,1000,1,deterministic,20.0,1,200,lo,1.0,0.42,0.5,0.05,dead-reckoned-heading-hold,off,,,2.312,0.7812
1,forward_ramp_lips,0,0,1,1,heading-only,0.02,1.200126051902771,2.542280769348144,0.5780301631013781,1.5013833319416245,13.06113618694911,0,roll,9.84,44.439110802878275,4.516169797040475,0.3522619903087616,0.02033801340475315,0.05510983428334799,0.5265932083129883,0.2951709062251782,3.87560136621107,1,9.84,-90.31703748828933,4.468464132886051,90.31703748828933,32.27750767157995,,,,,,,off,5.0,legged_eval-seed1-no-roughness,,n/a,settle,0.0,auto,hold,8.0,0.8,2.0,1.0,0,TROT,first,on,1000,1,deterministic,20.0,1,200,lo,1.0,0.42,0.5,0.05,dead-reckoned-heading-hold,off,,,2.312,0.7812
1,forward_ramp_lips,1,0,1,1,heading-only,0.02,1.6218696594238295,1.5538850784301754,0.7653367863621613,1.0931506702960538,11.93646982759229,0,roll,4.92,-3.831960563832382,-0.778853773136663,0.34953227639198303,0.12639627224061575,-0.09067376454671232,-0.4617795944213867,0.34301320185270684,-0.10754718071857519,1,4.92,87.44207382683834,-18.00612713618659,87.44207382683834,30.421554606660102,,,,,,,off,5.0,legged_eval-seed1-no-roughness,,n/a,settle,0.0,auto,hold,8.0,0.8,2.0,1.0,0,TROT,first,on,1000,1,deterministic,20.0,1,200,lo,1.0,0.42,0.5,0.05,dead-reckoned-heading-hold,off,,,2.312,0.7812
1,forward_ramp_lips,2,0,1,1,heading-only,0.02,1.3262435913085966,2.539862251281738,0.6307821582994536,1.2466936043343146,12.035870115031434,0,roll,5.74,40.453482448215794,7.047645025821566,0.3523959815502167,0.056836862597316476,0.09405265701772438,0.5240345001220703,0.2322227446636447,2.1641696003500854,1,5.74,-90.17077015482884,6.727716081294469,90.17077015482884,31.470082787146033,,,,,,,off,5.0,legged_eval-seed1-no-roughness,,n/a,settle,0.0,auto,hold,8.0,0.8,2.0,1.0,0,TROT,first,on,1000,1,deterministic,20.0,1,200,lo,1.0,0.42,0.5,0.05,dead-reckoned-heading-hold,off,,,2.312,0.7812
1,forward_ramp_lips,3,0,1,1,heading-only,0.02,1.3536193847656364,2.554339981079101,0.6575252724457102,1.3797318392562754,12.958243084968688,0,roll,6.6000000000000005,29.74335038979794,4.506568240878475,0.35945215821266174,0.05357869466146005,0.08399090622410624,0.5387277603149414,0.2797837226539456,1.468017357759849,1,6.6000000000000005,-87.6517498000196,-0.5843159669720781,87.6517498000196,34.172124357100536,,,,,,,off,5.0,legged_eval-seed1-no-roughness,,n/a,settle,0.0,auto,hold,8.0,0.8,2.0,1.0,0,TROT,first,on,1000,1,deterministic,20.0,1,200,lo,1.0,0.42,0.5,0.05,dead-reckoned-heading-hold,off,,,2.312,0.7812
1,forward_ramp_lips,4,0,1,1,heading-only,0.02,1.4166320800781307,2.620959854125976,0.7477789984924581,1.1858650354018698,12.049379014565051,0,roll,7.3,13.998000142676204,1.917534266120028,0.3615271747112274,0.05707288768193571,0.08506299371588716,0.6051864624023438,0.22417799441843575,0.586395534252956,1,7.3,-87.29374227908838,-1.821858760905445,87.29374227908838,35.333587845160764,,,,,,,off,5.0,legged_eval-seed1-no-roughness,,n/a,settle,0.0,auto,hold,8.0,0.8,2.0,1.0,0,TROT,first,on,1000,1,deterministic,20.0,1,200,lo,1.0,0.42,0.5,0.05,dead-reckoned-heading-hold,off,,,2.312,0.7812
1,forward_ramp_lips,5,0,1,1,heading-only,0.02,1.2559814453125,2.5894399642944332,0.6426242851400025,1.409302672765702,12.707696350568725,0,roll,5.72,52.483323880685305,9.175406272847082,0.34510815143585205,0.044752000928758744,0.1030489448067191,0.5737924575805664,0.30284767595192374,3.578410939082998,1,5.72,-88.62392248978027,10.805092160494494,88.62392248978027,30.775280458216447,,,,,,,off,5.0,legged_eval-seed1-no-roughness,,n/a,settle,0.0,auto,hold,8.0,0.8,2.0,1.0,0,TROT,first,on,1000,1,deterministic,20.0,1,200,lo,1.0,0.42,0.5,0.05,dead-reckoned-heading-hold,off,,,2.312,0.7812
1,forward_ramp_lips,6,0,1,1,heading-only,0.02,1.5107360839843977,1.4829879760742184,0.7267412059100204,1.0949283298255126,12.150268715364382,0,roll,4.94,-22.702572619085885,-4.595662473499167,0.3451898992061615,0.10338787125190237,-0.10465830443841732,-0.5331821441650391,0.19468488748895577,-0.7758109389589665,1,4.94,90.30303981408181,-0.11546165356177031,90.30303981408181,32.99841710975534,,,,,,,off,5.0,legged_eval-seed1-no-roughness,,n/a,settle,0.0,auto,hold,8.0,0.8,2.0,1.0,0,TROT,first,on,1000,1,deterministic,20.0,1,200,lo,1.0,0.42,0.5,0.05,dead-reckoned-heading-hold,off,,,2.312,0.7812
1,forward_ramp_lips,7,0,1,1,heading-only,0.02,1.3329193115234546,2.5247922897338864,0.6214838818098071,1.3230630258177742,12.028534209151168,0,roll,6.44,38.45541771155385,5.971338153967989,0.34688645601272583,0.05169554526761716,0.08148948598352272,0.5089340209960938,0.3150112180748127,2.0160249978441778,1,6.44,-88.81680034446259,8.342863948589843,88.81680034446259,32.16262814851177,,,,,,,off,5.0,legged_eval-seed1-no-roughness,,n/a,settle,0.0,auto,hold,8.0,0.8,2.0,1.0,0,TROT,first,on,1000,1,deterministic,20.0,1,200,lo,1.0,0.42,0.5,0.05,dead-reckoned-heading-hold,off,,,2.312,0.7812
1,forward_ramp_lips,8,0,1,1,heading-only,0.02,1.0378845214843864,2.2686935424804684,0.27135116867042275,1.4449322122800579,12.914910853362207,0,roll,11.48,87.8456783604606,7.652062574953013,0.34364670515060425,0.0033000454254691956,0.023405360843246376,0.2525615692138672,0.5976015769443644,40.47025700640984,1,11.48,-90.10245779983448,-4.223135175624145,90.10245779983448,31.247839983952613,,,,,,,off,5.0,legged_eval-seed1-no-roughness,,n/a,settle,0.0,auto,hold,8.0,0.8,2.0,1.0,0,TROT,first,on,1000,1,deterministic,20.0,1,200,lo,1.0,0.42,0.5,0.05,dead-reckoned-heading-hold,off,,,2.312,0.7812
1,forward_ramp_lips,9,0,1,1,heading-only,0.02,1.326544189453159,2.5422302246093746,0.6329650260050341,1.2811950101687388,12.135575569653119,0,roll,6.48,37.58639095962374,5.800368975250577,0.3543367087841034,0.050392621829191214,0.083677503797743,0.5263519287109375,0.25104415540349045,2.0089356888751673,1,6.48,-90.20481033146625,4.587647574390084,90.20481033146625,31.596217484249173,,,,,,,off,5.0,legged_eval-seed1-no-roughness,,n/a,settle,0.0,auto,hold,8.0,0.8,2.0,1.0,0,TROT,first,on,1000,1,deterministic,20.0,1,200,lo,1.0,0.42,0.5,0.05,dead-reckoned-heading-hold,off,,,2.312,0.7812
2,sphere_bump_lips,0,0,0,1,heading-only,0.02,0.5814740657806396,2.450308990478515,0.6147699931844165,1.0229702237794256,15.774954463485921,0,roll,2.68,37.01157489146814,13.810289138607516,0.36156249046325684,-0.15616639336543295,0.16802574271586376,0.4599723815917969,0.20110336126131173,-1.5434499761871634,1,2.68,-91.72926393537004,3.247447074722139,91.72926393537004,11.730040477060967,,,,,,,off,5.0,legged_eval-seed1-no-roughness,,n/a,settle,0.0,auto,hold,8.0,0.8,2.0,1.0,0,TROT,first,on,1000,1,deterministic,20.0,1,200,lo,1.0,0.42,0.5,0.05,dead-reckoned-heading-hold,off,,,2.312,0.7812
2,sphere_bump_lips,1,0,0,1,heading-only,0.02,1.1324592590332045,1.4595081329345696,0.5564862205549213,0.653618890971104,14.877361968530286,0,roll,2.98,-6.088303775959673,-2.043054958375729,0.3369017243385315,0.04444941578295455,-0.18137310975350013,-0.5174617767333984,0.3323654000305918,-0.8022160740417721,1,2.98,92.00205865802691,2.0796971106289,92.00205865802691,13.738816928129525,,,,,,,off,5.0,legged_eval-seed1-no-roughness,,n/a,settle,0.0,auto,hold,8.0,0.8,2.0,1.0,0,TROT,first,on,1000,1,deterministic,20.0,1,200,lo,1.0,0.42,0.5,0.05,dead-reckoned-heading-hold,off,,,2.312,0.7812
2,sphere_bump_lips,2,0,1,1,heading-only,0.02,4.133540344238284,3.1359798431396477,3.333095452126831,1.9351061186217744,11.671871535360522,0,roll,6.48,27.420587460102524,4.23157213890471,0.35409703850746155,0.48357104077751295,0.17530553134871105,1.1202716827392578,1.1659473927819484,0.15272805882006082,1,6.48,-88.95330624662138,11.512698307553672,88.95330624662138,15.968398605669533,,,,,,,off,5.0,legged_eval-seed1-no-roughness,,n/a,settle,0.0,auto,hold,8.0,0.8,2.0,1.0,0,TROT,first,on,1000,1,deterministic,20.0,1,200,lo,1.0,0.42,0.5,0.05,dead-reckoned-heading-hold,off,,,2.312,0.7812
2,sphere_bump_lips,3,0,1,1,heading-only,0.02,1.4500167846679801,2.3804161071777337,0.5892635412811216,1.2026747138658096,14.055132328288899,0,roll,3.94,69.6077826612487,17.666949914022513,0.341109961271286,0.11421745803755841,0.09655231146642987,0.36466026306152344,0.6347369273216842,2.699643732950419,1,3.94,-89.38643308053355,16.513021952435516,89.38643308053355,21.827669291102765,,,,,,,off,5.0,legged_eval-seed1-no-roughness,,n/a,settle,0.0,auto,hold,8.0,0.8,2.0,1.0,0,TROT,first,on,1000,1,deterministic,20.0,1,200,lo,1.0,0.42,0.5,0.05,dead-reckoned-heading-hold,off,,,2.312,0.7812
2,sphere_bump_lips,4,0,1,1,heading-only,0.02,2.9455932617187557,1.5823699951171868,1.9899115460300856,1.1462197068176987,11.911730126703434,0,roll,4.46,-5.558439443362801,-1.2462868707091481,0.34282782673835754,0.43623167303111116,-0.09363901454771596,-0.4332389831542969,0.8851219867275805,-0.04986297571451263,1,4.46,91.42696848997006,0.39282439571934624,91.42696848997006,19.652136888969487,,,,,,,off,5.0,legged_eval-seed1-no-roughness,,n/a,settle,0.0,auto,hold,8.0,0.8,2.0,1.0,0,TROT,first,on,1000,1,deterministic,20.0,1,200,lo,1.0,0.42,0.5,0.05,dead-reckoned-heading-hold,off,,,2.312,0.7812
2,sphere_bump_lips,5,0,1,1,heading-only,0.02,2.385528564453125,1.491160583496093,1.476010485973448,1.1560529906555193,12.175109151790968,0,roll,3.88,-15.866518194889181,-4.089308813115768,0.3408852219581604,0.35709499083843427,-0.13114417951131624,-0.5247440338134766,0.4793000235218846,-0.19986811562972462,1,3.88,89.21858252867574,-6.541969464653324,89.21858252867574,18.268527174844277,,,,,,,off,5.0,legged_eval-seed1-no-roughness,,n/a,settle,0.0,auto,hold,8.0,0.8,2.0,1.0,0,TROT,first,on,1000,1,deterministic,20.0,1,200,lo,1.0,0.42,0.5,0.05,dead-reckoned-heading-hold,off,,,2.312,0.7812
2,sphere_bump_lips,6,0,1,1,heading-only,0.02,1.7732025146484602,1.4678203582763665,0.9386465254417113,1.0338198086855739,12.388233577248592,0,roll,3.16,-13.882869321729771,-4.393313076496763,0.3412591814994812,0.24468434007862663,-0.1684112790264663,-0.5479145050048828,0.297646227626828,-0.31337427736957113,1,3.16,89.69905559060673,0.11816901651389679,89.69905559060673,14.113108696998351,,,,,,,off,5.0,legged_eval-seed1-no-roughness,,n/a,settle,0.0,auto,hold,8.0,0.8,2.0,1.0,0,TROT,first,on,1000,1,deterministic,20.0,1,200,lo,1.0,0.42,0.5,0.05,dead-reckoned-heading-hold,off,,,2.312,0.7812
2,sphere_bump_lips,7,0,1,1,heading-only,0.02,4.256396484375017,2.230387878417968,3.2645362056457428,1.2677734758109953,9.396428341837343,0,roll,14.82,30.33953115106496,2.0472018320556655,0.35384583473205566,0.2197298572452778,0.015545740783938463,0.2144641876220703,1.6238698910605658,0.16261063867322578,1,14.82,87.6335172917626,-29.910444409919183,87.6335172917626,33.37648957389491,,,,,,,off,5.0,legged_eval-seed1-no-roughness,,n/a,settle,0.0,auto,hold,8.0,0.8,2.0,1.0,0,TROT,first,on,1000,1,deterministic,20.0,1,200,lo,1.0,0.42,0.5,0.05,dead-reckoned-heading-hold,off,,,2.312,0.7812
2,sphere_bump_lips,8,0,1,1,heading-only,0.02,1.9314086914062614,1.445038986206054,1.084206565769793,1.0637332148409846,11.531952456598239,0,roll,3.08,0.31442191080299153,0.10208503597499725,0.3405615985393524,0.30240541928774717,-0.18018214733569676,-0.57086181640625,0.573615588017699,0.005891825612705721,1,3.08,91.29783778508455,-3.228721247593568,91.29783778508455,15.785900021570173,,,,,,,off,5.0,legged_eval-seed1-no-roughness,,n/a,settle,0.0,auto,hold,8.0,0.8,2.0,1.0,0,TROT,first,on,1000,1,deterministic,20.0,1,200,lo,1.0,0.42,0.5,0.05,dead-reckoned-heading-hold,off,,,2.312,0.7812
2,sphere_bump_lips,9,0,1,1,heading-only,0.02,4.316503906250034,2.579549026489257,3.3667603470215073,1.3718022316705563,8.852487238759519,0,roll,7.08,31.329655032554456,4.425092518722381,0.3455195724964142,0.46843275512006133,0.081857207131251,0.5638961791992188,1.7118506902082022,0.16487411119933182,1,7.08,-90.95230074698371,-0.08890091595919965,90.95230074698371,14.650339377416085,,,,,,,off,5.0,legged_eval-seed1-no-roughness,,n/a,settle,0.0,auto,hold,8.0,0.8,2.0,1.0,0,TROT,first,on,1000,1,deterministic,20.0,1,200,lo,1.0,0.42,0.5,0.05,dead-reckoned-heading-hold,off,,,2.312,0.7812
3,forward_ramp_no_lips,0,0,1,1,heading-only,0.02,1.615543007850647,2.6255157470703097,0.8775893939347429,0.9986556428749486,9.105966658847604,0,roll,2.7800000000000002,16.612344731344564,5.975663572426101,0.36231887340545654,0.22141834814771472,0.22500566441378042,0.6097183227539062,0.15177267451899085,0.47103144433515437,1,2.7800000000000002,-86.32159903378273,-3.577829964590095,86.32159903378273,20.2032908262468,,,,,,,off,5.0,legged_eval-seed1-no-roughness,,n/a,settle,0.0,auto,hold,8.0,0.8,2.0,1.0,0,TROT,first,on,1000,1,deterministic,20.0,1,200,lo,1.0,0.42,0.5,0.05,dead-reckoned-heading-hold,off,,,2.312,0.7812
3,forward_ramp_no_lips,1,0,1,1,heading-only,0.02,1.5726486206054702,2.5989177703857393,0.8286307611748268,1.1350457202797246,9.29666343977437,0,roll,2.9,25.46189429849045,8.779963551203604,0.36184144020080566,0.19746504158809317,0.2065233690985308,0.5832138061523438,0.1289576907185075,0.7760324102999947,1,2.9,-90.39753981860659,-3.1982251097116796,90.39753981860659,19.694612049057532,,,,,,,off,5.0,legged_eval-seed1-no-roughness,,n/a,settle,0.0,auto,hold,8.0,0.8,2.0,1.0,0,TROT,first,on,1000,1,deterministic,20.0,1,200,lo,1.0,0.42,0.5,0.05,dead-reckoned-heading-hold,off,,,2.312,0.7812
3,forward_ramp_no_lips,2,0,1,1,heading-only,0.02,1.4360839843750028,2.570206451416013,0.717847225156453,1.1724690352552518,9.231542868893984,0,roll,3.74,60.525570041452056,16.183307497714452,0.3608125150203705,0.11659999582219327,0.15246161802567185,0.5543575286865234,0.3763038322760571,2.4224014564161838,1,3.74,-90.44240343746183,-6.298511948051164,90.44240343746183,24.555396373179953,,,,,,,off,5.0,legged_eval-seed1-no-roughness,,n/a,settle,0.0,auto,hold,8.0,0.8,2.0,1.0,0,TROT,first,on,1000,1,deterministic,20.0,1,200,lo,1.0,0.42,0.5,0.05,dead-reckoned-heading-hold,off,,,2.312,0.7812
3,forward_ramp_no_lips,3,0,1,1,heading-only,0.02,1.3676651000976676,2.1664436340332003,0.40358531829094807,0.9940136834348112,9.583780340616977,0,roll,9.1,102.71842775354915,11.28773931357683,0.3648712933063507,0.04040275825249095,0.018290509234417614,0.15078353881835938,0.7594642132989137,4.876108083946824,1,9.1,-89.30989571305136,15.654296443645766,89.30989571305136,31.09331558593767,,,,,,,off,5.0,legged_eval-seed1-no-roughness,,n/a,settle,0.0,auto,hold,8.0,0.8,2.0,1.0,0,TROT,first,on,1000,1,deterministic,20.0,1,200,lo,1.0,0.42,0.5,0.05,dead-reckoned-heading-hold,off,,,2.312,0.7812
3,forward_ramp_no_lips,4,0,1,1,heading-only,0.02,1.2750457763671932,2.2099617004394503,0.34602614749301464,1.086951217061816,8.977409828673068,0,roll,8.08,92.60763511467474,11.461340979538953,0.36384621262550354,0.03404031885732589,0.0259853589652785,0.19428634643554688,0.8469812947376165,5.876505964151864,1,8.08,-91.32948980883185,-11.94218646007484,91.32948980883185,32.60168629315416,,,,,,,off,5.0,legged_eval-seed1-no-roughness,,n/a,settle,0.0,auto,hold,8.0,0.8,2.0,1.0,0,TROT,first,on,1000,1,deterministic,20.0,1,200,lo,1.0,0.42,0.5,0.05,dead-reckoned-heading-hold,off,,,2.312,0.7812
3,forward_ramp_no_lips,5,0,1,1,heading-only,0.02,1.1719818115234375,2.298212814331052,0.3442508186281183,1.194783595961909,9.582659510877923,0,roll,7.44,94.14126928520966,12.653396409302372,0.36347517371177673,0.023115834882182457,0.040082367517614494,0.2825946807861328,0.7939289904336141,9.553772555824025,1,7.44,-87.57832652124821,-8.108101008497353,87.57832652124821,34.45419635463398,,,,,,,off,5.0,legged_eval-seed1-no-roughness,,n/a,settle,0.0,auto,hold,8.0,0.8,2.0,1.0,0,TROT,first,on,1000,1,deterministic,20.0,1,200,lo,1.0,0.42,0.5,0.05,dead-reckoned-heading-hold,off,,,2.312,0.7812
3,forward_ramp_no_lips,6,0,1,1,heading-only,0.02,1.6423431396484602,2.581463623046872,0.8664321404358429,1.0387263594458924,9.37570487275549,0,roll,3.34,14.031663911865934,4.201096979600579,0.36406099796295166,0.19231830528397015,0.17409090510385394,0.5655021667480469,0.17144710532250781,0.38125842665550297,1,3.34,-86.49515074659715,-3.1286091710148347,86.49515074659715,22.412536558234876,,,,,,,off,5.0,legged_eval-seed1-no-roughness,,n/a,settle,0.0,auto,hold,8.0,0.8,2.0,1.0,0,TROT,first,on,1000,1,deterministic,20.0,1,200,lo,1.0,0.42,0.5,0.05,dead-reckoned-heading-hold,off,,,2.312,0.7812
3,forward_ramp_no_lips,7,0,1,1,heading-only,0.02,1.3757049560547046,2.3694141387939425,0.5268975421701431,1.1103703562220302,10.230966520890638,0,roll,9.92,71.63428736479753,7.221198323064267,0.36062172055244446,0.03787348347325651,0.03723932850745388,0.353485107421875,0.7084488190976292,3.3277553348363225,1,9.92,-87.76314681736014,-4.323474835471989,87.76314681736014,34.151384312980895,,,,,,,off,5.0,legged_eval-seed1-no-roughness,,n/a,settle,0.0,auto,hold,8.0,0.8,2.0,1.0,0,TROT,first,on,1000,1,deterministic,20.0,1,200,lo,1.0,0.42,0.5,0.05,dead-reckoned-heading-hold,off,,,2.312,0.7812
3,forward_ramp_no_lips,8,0,1,1,heading-only,0.02,1.2519042968750114,2.428877639770505,0.4973849662778449,1.1769533953821307,10.257065933799195,0,roll,6.84,75.51088954340537,11.03960373441599,0.3666784167289734,0.03682811357821804,0.06270140932317324,0.41298866271972656,0.8061911171729038,5.231802950531238,1,6.84,-89.65289673511504,-14.009640647868233,89.65289673511504,34.2852427776579,,,,,,,off,5.0,legged_eval-seed1-no-roughness,,n/a,settle,0.0,auto,hold,8.0,0.8,2.0,1.0,0,TROT,first,on,1000,1,deterministic,20.0,1,200,lo,1.0,0.42,0.5,0.05,dead-reckoned-heading-hold,off,,,2.312,0.7812
3,forward_ramp_no_lips,9,0,1,1,heading-only,0.02,1.216528320312534,2.1206157684326143,0.24785616210204947,1.187535515949842,9.934203932613176,0,roll,6.3,100.95283148856907,16.024258966439536,0.36899495124816895,0.034369574652783196,0.019145360068668946,0.10506248474121094,0.7625193915863361,8.137315692207606,1,6.3,-87.38156167434127,-10.223634752953027,87.38156167434127,33.92359375117884,,,,,,,off,5.0,legged_eval-seed1-no-roughness,,n/a,settle,0.0,auto,hold,8.0,0.8,2.0,1.0,0,TROT,first,on,1000,1,deterministic,20.0,1,200,lo,1.0,0.42,0.5,0.05,dead-reckoned-heading-hold,off,,,2.312,0.7812
4,flush_a_frame,0,0,1,1,heading-only,0.02,1.3665355443954468,2.4821456909179673,0.6056507017877801,1.302904560243261,12.742589278063363,0,roll,10.16,56.65945372522353,5.576717886340899,0.37283220887184143,0.03607633310978807,0.047455284539170015,0.4662590026855469,0.47037692566878103,2.6979484936926665,1,10.16,-90.26203027802059,8.148145810403827,90.26203027802059,34.60219590904416,,,,,,,off,5.0,legged_eval-seed1-no-roughness,,n/a,settle,0.0,auto,hold,8.0,0.8,2.0,1.0,0,TROT,first,on,1000,1,deterministic,20.0,1,200,lo,1.0,0.42,0.5,0.05,dead-reckoned-heading-hold,off,,,2.312,0.7812
4,flush_a_frame,1,0,1,1,heading-only,0.02,1.3352867126464858,2.133402252197264,0.3608508564055095,1.4681585907933414,12.965399599864718,0,roll,9.66,112.41336004551303,11.636993793531369,0.37342432141304016,0.03470876942510205,0.01380975695623853,0.11787796020507812,0.7988417002950096,5.851658243590134,1,9.66,-86.5752207021336,17.597449642142294,86.5752207021336,33.3437563097384,,,,,,,off,5.0,legged_eval-seed1-no-roughness,,n/a,settle,0.0,auto,hold,8.0,0.8,2.0,1.0,0,TROT,first,on,1000,1,deterministic,20.0,1,200,lo,1.0,0.42,0.5,0.05,dead-reckoned-heading-hold,off,,,2.312,0.7812
4,flush_a_frame,2,0,1,1,heading-only,0.02,1.154170227050784,2.2447875976562486,0.28929124921989563,1.6030845384555883,12.148296252620195,0,roll,8.8,90.04761475648027,10.232683495054575,0.3748871386051178,0.017519343983043646,0.027816772460937337,0.22893905639648438,0.7563978825009835,10.194104212808316,1,8.8,-88.05016931569232,-15.96177332263987,88.05016931569232,32.34195851380858,,,,,,,off,5.0,legged_eval-seed1-no-roughness,,n/a,settle,0.0,auto,hold,8.0,0.8,2.0,1.0,0,TROT,first,on,1000,1,deterministic,20.0,1,200,lo,1.0,0.42,0.5,0.05,dead-reckoned-heading-hold,off,,,2.312,0.7812
4,flush_a_frame,3,0,1,1,heading-only,0.02,1.2545898437500114,2.352579498291014,0.4348888262025118,1.3203528312270498,13.450032214548989,0,roll,8.58,72.54527510624075,8.455160268792628,0.3703994154930115,0.029672475961539786,0.041093181618999323,0.3369102478027344,0.6492274375317321,4.973308788437967,1,8.58,-88.64670186079967,2.954088666026025,88.64670186079967,29.919291209315343,,,,,,,off,5.0,legged_eval-seed1-no-roughness,,n/a,settle,0.0,auto,hold,8.0,0.8,2.0,1.0,0,TROT,first,on,1000,1,deterministic,20.0,1,200,lo,1.0,0.42,0.5,0.05,dead-reckoned-heading-hold,off,,,2.312,0.7812
4,flush_a_frame,4,0,1,1,heading-only,0.02,1.3322967529296932,2.385965728759764,0.5093041093341713,1.251028205386068,12.873490451250603,0,roll,5.8,68.42551807065499,11.797503115630171,0.36880162358283997,0.057292543608567795,0.06654581530340763,0.370086669921875,0.4788619319096463,3.5939279339527133,1,5.8,-89.54513363011195,12.333821897864837,89.54513363011195,32.26817932951429,,,,,,,off,5.0,legged_eval-seed1-no-roughness,,n/a,settle,0.0,auto,hold,8.0,0.8,2.0,1.0,0,TROT,first,on,1000,1,deterministic,20.0,1,200,lo,1.0,0.42,0.5,0.05,dead-reckoned-heading-hold,off,,,2.312,0.7812
4,flush_a_frame,5,0,1,1,heading-only,0.02,1.183746337890625,2.2549995422363267,0.3143047617026377,1.6903456379837996,13.718623811806697,0,roll,8.66,87.02041204705341,10.048546425756745,0.3704783320426941,0.021217821927323903,0.029445674623132412,0.23943710327148438,0.7082211198006438,8.265703273864876,1,8.66,-87.85357797158814,5.767101890197438,87.85357797158814,34.06967428952827,,,,,,,off,5.0,legged_eval-seed1-no-roughness,,n/a,settle,0.0,auto,hold,8.0,0.8,2.0,1.0,0,TROT,first,on,1000,1,deterministic,20.0,1,200,lo,1.0,0.42,0.5,0.05,dead-reckoned-heading-hold,off,,,2.312,0.7812
4,flush_a_frame,6,0,1,1,heading-only,0.02,1.2898345947265852,2.2399238586425767,0.37625463485021293,1.5436467187455065,13.91223436619765,0,roll,5.96,92.90360910346709,15.587853876420652,0.37004509568214417,0.04862996555815188,0.0402556809802981,0.22436904907226562,0.6477593387741956,5.594480077062199,1,5.96,-87.83205869260581,14.406825256479904,87.83205869260581,35.14913886357368,,,,,,,off,5.0,legged_eval-seed1-no-roughness,,n/a,settle,0.0,auto,hold,8.0,0.8,2.0,1.0,0,TROT,first,on,1000,1,deterministic,20.0,1,200,lo,1.0,0.42,0.5,0.05,dead-reckoned-heading-hold,off,,,2.312,0.7812
4,flush_a_frame,7,0,1,1,heading-only,0.02,1.5278656005859546,2.6039184570312486,0.8020969985138796,1.3118696444624658,12.187106848638939,0,roll,3.46,11.615154204363336,3.3569809839200393,0.3667587339878082,0.15256231230807935,0.1745429066564302,0.5883026123046875,0.1771983194546201,0.3840422330380522,1,3.46,-90.4763328516163,0.2653009718676512,90.4763328516163,22.630915368962395,,,,,,,off,5.0,legged_eval-seed1-no-roughness,,n/a,settle,0.0,auto,hold,8.0,0.8,2.0,1.0,0,TROT,first,on,1000,1,deterministic,20.0,1,200,lo,1.0,0.42,0.5,0.05,dead-reckoned-heading-hold,off,,,2.312,0.7812
4,flush_a_frame,8,0,1,1,heading-only,0.02,1.4322021484375114,2.3544486999511705,0.5589566870617754,1.1059349850953277,12.372875881459859,0,roll,7.16,47.768751712480935,6.671613367664935,0.3692711591720581,0.06036342855272505,0.049504008373068495,0.3385581970214844,0.5393456685700575,1.9290093766644316,1,7.16,-88.36712215872555,7.8400763675231,88.36712215872555,43.396516128093324,,,,,,,off,5.0,legged_eval-seed1-no-roughness,,n/a,settle,0.0,auto,hold,8.0,0.8,2.0,1.0,0,TROT,first,on,1000,1,deterministic,20.0,1,200,lo,1.0,0.42,0.5,0.05,dead-reckoned-heading-hold,off,,,2.312,0.7812
4,flush_a_frame,9,0,1,1,heading-only,0.02,1.570104980468784,2.6096557617187486,0.8346854716311889,1.0703900421692139,12.444837095935156,0,roll,3.2600000000000002,14.196730054010033,4.354825169941727,0.356423556804657,0.17487882836465768,0.18701096985237686,0.5940284729003906,0.1856325111235896,0.434621150398588,1,3.2600000000000002,-89.65449960389266,-0.09767180493516057,89.65449960389266,25.50417848292033,,,,,,,off,5.0,legged_eval-seed1-no-roughness,,n/a,settle,0.0,auto,hold,8.0,0.8,2.0,1.0,0,TROT,first,on,1000,1,deterministic,20.0,1,200,lo,1.0,0.42,0.5,0.05,dead-reckoned-heading-hold,off,,,2.312,0.7812
5,sphere_bump,0,0,0,1,heading-only,0.02,0.5321572422981262,2.495250701904297,0.6812856256158594,1.087194950950687,15.425794908495213,0,roll,1.3,25.642619603053845,19.72509200234911,0.34580880403518677,-0.3598790443860567,0.3809620783879207,0.4688835144042969,0.42249505691214256,-0.9566208593420714,1,1.3,-86.28900441426333,5.093173221858266,86.28900441426333,12.718030714694919,,,,,,,off,5.0,legged_eval-seed1-no-roughness,,n/a,settle,0.0,auto,hold,8.0,0.8,2.0,1.0,0,TROT,first,on,1000,1,deterministic,20.0,1,200,lo,1.0,0.42,0.5,0.05,dead-reckoned-heading-hold,off,,,2.312,0.7812
5,sphere_bump,1,0,1,1,heading-only,0.02,1.9240928649902358,2.5923843383789062,1.0976642599094117,1.1633056631891134,13.638777967848393,0,roll,7.74,41.932905599990136,5.417688062014229,0.35248422622680664,0.11939184302199428,0.0765354442350008,0.5768165588378906,0.559719775482036,0.7919845454661413,1,7.74,-86.36072850101776,8.250782143468426,86.36072850101776,30.7911317343066,,,,,,,off,5.0,legged_eval-seed1-no-roughness,,n/a,settle,0.0,auto,hold,8.0,0.8,2.0,1.0,0,TROT,first,on,1000,1,deterministic,20.0,1,200,lo,1.0,0.42,0.5,0.05,dead-reckoned-heading-hold,off,,,2.312,0.7812
5,sphere_bump,2,0,1,1,heading-only,0.02,3.819140625000003,3.1627235412597656,3.0495048609446513,1.8320160060869661,11.589333197359768,0,roll,6.16,31.712144803037802,5.1480754550386045,0.3523772656917572,0.4576526988636368,0.18875382163307883,1.1468658447265625,0.7937932648553524,0.19632980872751524,1,6.16,-86.20517960338826,-9.32009402462651,86.20517960338826,10.861560272770156,,,,,,,off,5.0,legged_eval-seed1-no-roughness,,n/a,settle,0.0,auto,hold,8.0,0.8,2.0,1.0,0,TROT,first,on,1000,1,deterministic,20.0,1,200,lo,1.0,0.42,0.5,0.05,dead-reckoned-heading-hold,off,,,2.312,0.7812
5,sphere_bump,3,0,1,1,heading-only,0.02,3.99658660888673,3.1781997680664062,3.219889128220257,2.282309757479394,10.718366087022005,0,roll,6.0,-28.40748720983086,-4.734581201638477,0.353610098361969,0.4994311014811217,0.19636662801106772,1.162261962890625,2.312265644600549,-0.1654563170506603,1,6.0,-86.858588624009,-2.9265018708835595,86.858588624009,15.707021715642206,,,,,,,off,5.0,legged_eval-seed1-no-roughness,,n/a,settle,0.0,auto,hold,8.0,0.8,2.0,1.0,0,TROT,first,on,1000,1,deterministic,20.0,1,200,lo,1.0,0.42,0.5,0.05,dead-reckoned-heading-hold,off,,,2.312,0.7812
5,sphere_bump,4,0,1,1,heading-only,0.02,1.6441864013671932,2.507030487060547,0.8197902381190386,1.336392405176675,12.915769607633322,0,roll,9.28,56.32430135628337,6.06942902546157,0.3600291609764099,0.06941663807836133,0.05463690593324859,0.4914093017578125,1.0833609728354323,1.5260249292227865,1,9.28,-89.49158269297567,-1.8831401798097147,89.49158269297567,37.83004949647607,,,,,,,off,5.0,legged_eval-seed1-no-roughness,,n/a,settle,0.0,auto,hold,8.0,0.8,2.0,1.0,0,TROT,first,on,1000,1,deterministic,20.0,1,200,lo,1.0,0.42,0.5,0.05,dead-reckoned-heading-hold,off,,,2.312,0.7812
5,sphere_bump,5,0,1,1,heading-only,0.02,2.5397796630859375,1.5744590759277344,1.5975000747772505,1.3018138395050218,11.667982832668391,0,roll,3.64,-2.0303637960436447,-0.557792251660342,0.3544721305370331,0.4230163909576751,-0.11690684727260044,-0.4414558410644531,0.6988829341448471,-0.02301402863266317,1,3.64,91.88592658232787,10.11050885710879,91.88592658232787,17.128218107346584,,,,,,,off,5.0,legged_eval-seed1-no-roughness,,n/a,settle,0.0,auto,hold,8.0,0.8,2.0,1.0,0,TROT,first,on,1000,1,deterministic,20.0,1,200,lo,1.0,0.42,0.5,0.05,dead-reckoned-heading-hold,off,,,2.312,0.7812
5,sphere_bump,6,0,1,1,heading-only,0.02,1.6316772460937727,2.503551483154297,0.8078243864971549,1.2668153254864005,12.428527833833432,0,roll,2.72,34.33305782850118,12.622447731066611,0.35672998428344727,0.23223428165212232,0.18512922174790325,0.48767852783203125,0.3489719520676265,0.948625116846468,1,2.72,-92.04788564079979,16.400968842346312,92.04788564079979,21.1664101727365,,,,,,,off,5.0,legged_eval-seed1-no-roughness,,n/a,settle,0.0,auto,hold,8.0,0.8,2.0,1.0,0,TROT,first,on,1000,1,deterministic,20.0,1,200,lo,1.0,0.42,0.5,0.05,dead-reckoned-heading-hold,off,,,2.312,0.7812
5,sphere_bump,7,0,1,1,heading-only,0.02,1.720782470703142,2.323810577392578,0.7901776130113031,1.2794855892572092,12.033575015645743,0,roll,6.68,54.57498115957915,8.169907359218437,0.3719565272331238,0.10790156747053026,0.048474637334218286,0.3078804016113281,1.0575306781273928,1.3214987172472825,1,6.68,-90.51107435579965,0.5698370651672177,90.51107435579965,37.25625985381466,,,,,,,off,5.0,legged_eval-seed1-no-roughness,,n/a,settle,0.0,auto,hold,8.0,0.8,2.0,1.0,0,TROT,first,on,1000,1,deterministic,20.0,1,200,lo,1.0,0.42,0.5,0.05,dead-reckoned-heading-hold,off,,,2.312,0.7812
5,sphere_bump,8,0,1,1,heading-only,0.02,6.751049804687511,3.1590118408203125,5.866675575072986,4.052688901513983,6.749210853641141,0,roll,11.34,-50.51796394784293,-4.4548469089808584,0.3442699611186981,0.5071472490906095,0.10220562970196759,1.1428413391113281,5.085473595575268,-0.1533119747241626,1,11.34,86.66892525732897,13.230312476977257,86.66892525732897,18.100549682721663,,,,,,,off,5.0,legged_eval-seed1-no-roughness,,n/a,settle,0.0,auto,hold,8.0,0.8,2.0,1.0,0,TROT,first,on,1000,1,deterministic,20.0,1,200,lo,1.0,0.42,0.5,0.05,dead-reckoned-heading-hold,off,,,2.312,0.7812
5,sphere_bump,9,0,1,1,heading-only,0.02,2.555242919921909,1.5106201171875,1.6304211755460005,1.1426311624231744,10.705947957634674,0,roll,3.88,20.770337889365265,5.35317986839311,0.3571760654449463,0.4008358041035848,-0.12612883577641754,-0.5049247741699219,1.1690642144727317,0.2330894925015031,1,3.88,89.0516820608826,-2.5663552667239076,89.0516820608826,20.15503239872132,,,,,,,off,5.0,legged_eval-seed1-no-roughness,,n/a,settle,0.0,auto,hold,8.0,0.8,2.0,1.0,0,TROT,first,on,1000,1,deterministic,20.0,1,200,lo,1.0,0.42,0.5,0.05,dead-reckoned-heading-hold,off,,,2.312,0.7812
6,box_jump_even,0,0,2,1,heading-only,0.02,3.1758387088775635,2.5709854125976506,2.2495107086762873,1.0892631174864063,8.293839244457795,0,below,3.86,-45.0415145713734,-11.66878615838689,0.34138867259025574,0.5636887846833066,0.14792368202011674,0.555145263671875,1.6919949467254545,-0.361296416939379,1,3.86,-65.95884130786568,74.0441225373224,65.95884130786568,74.26123037892013,,,,,,,off,5.0,legged_eval-seed1-no-roughness,,n/a,settle,0.0,auto,hold,8.0,0.8,2.0,1.0,0,TROT,first,on,1000,1,deterministic,20.0,1,200,lo,1.0,0.42,0.5,0.05,dead-reckoned-heading-hold,off,,,2.312,0.7812
6,box_jump_even,1,0,2,1,heading-only,0.02,3.172654724121095,2.5760818481445256,2.247731933751737,0.9903895099222216,8.097862495839559,0,below,3.84,-40.76596419096239,-10.616136508063123,0.34107738733291626,0.5657955010732019,0.1500213146209702,0.560546875,1.4601963195947205,-0.3274796910817128,1,3.84,-58.21826368703597,74.04944538738965,58.21826368703597,74.04944538738965,,,,,,,off,5.0,legged_eval-seed1-no-roughness,,n/a,settle,0.0,auto,hold,8.0,0.8,2.0,1.0,0,TROT,first,on,1000,1,deterministic,20.0,1,200,lo,1.0,0.42,0.5,0.05,dead-reckoned-heading-hold,off,,,2.312,0.7812
6,box_jump_even,2,0,2,1,heading-only,0.02,3.2422821044921903,2.5215774536132756,2.30214510321214,0.7927032610762079,8.274173546760283,0,roll,3.4,-61.92564997917927,-18.21342646446449,0.34151890873908997,0.6594947366153501,0.15340513341566928,0.5055465698242188,1.790775711413643,-0.48201182242365814,1,3.4,-90.91604435901922,39.28540918452609,90.91604435901922,39.290710384743676,,,,,,,off,5.0,legged_eval-seed1-no-roughness,,n/a,settle,0.0,auto,hold,8.0,0.8,2.0,1.0,0,TROT,first,on,1000,1,deterministic,20.0,1,200,lo,1.0,0.42,0.5,0.05,dead-reckoned-heading-hold,off,,,2.312,0.7812
6,box_jump_even,3,0,2,1,heading-only,0.02,3.2590454101562614,2.87521133422851,2.422659911070912,0.9457903571359384,8.138153417973601,0,roll,3.44,-53.50771371007056,-15.554567938974001,0.3424138128757477,0.6566992471384481,0.25442189948503197,0.8592376708984375,1.7690008546439417,-0.41339840945943784,1,3.44,-90.81882210200071,33.090849062014236,90.81882210200071,33.090849062014236,,,,,,,off,5.0,legged_eval-seed1-no-roughness,,n/a,settle,0.0,auto,hold,8.0,0.8,2.0,1.0,0,TROT,first,on,1000,1,deterministic,20.0,1,200,lo,1.0,0.42,0.5,0.05,dead-reckoned-heading-hold,off,,,2.312,0.7812
6,box_jump_even,4,0,2,1,heading-only,0.02,3.429495239257818,1.5589195251464787,2.469210218445042,0.8652072138149082,8.781589021555158,0,roll,3.68,48.920753843492406,13.293683109644675,0.341194212436676,0.6601889237113636,-0.11985882468845688,-0.4567070007324219,1.7640692766137658,0.3514426426237606,1,3.68,87.07066419795409,40.770729750201276,87.07066419795409,40.770729750201276,,,,,,,off,5.0,legged_eval-seed1-no-roughness,,n/a,settle,0.0,auto,hold,8.0,0.8,2.0,1.0,0,TROT,first,on,1000,1,deterministic,20.0,1,200,lo,1.0,0.42,0.5,0.05,dead-reckoned-heading-hold,off,,,2.312,0.7812
6,box_jump_even,5,0,2,1,heading-only,0.02,3.430023193359375,1.4878898620605412,2.4833987826454424,0.822748404889843,8.685088060639721,0,roll,3.66,41.002278522181314,11.202808339393801,0.3411462604999542,0.6639407632129439,-0.13992080271569912,-0.5277481079101562,1.5856124281090398,0.2944929756174493,1,3.66,87.40147655043071,42.122658941849295,87.40147655043071,42.122658941849295,,,,,,,off,5.0,legged_eval-seed1-no-roughness,,n/a,settle,0.0,auto,hold,8.0,0.8,2.0,1.0,0,TROT,first,on,1000,1,deterministic,20.0,1,200,lo,1.0,0.42,0.5,0.05,dead-reckoned-heading-hold,off,,,2.312,0.7812
6,box_jump_even,6,0,2,1,heading-only,0.02,3.2635131835937727,1.8708015441894474,2.267197427064226,0.7516800850326337,8.537464460111172,0,pitch,3.64,15.833688975225044,4.349914553633254,0.3437720239162445,0.6218442812070804,-0.035494081266635315,-0.14502716064453125,0.34313896485252293,0.12208897538455857,1,3.64,48.55290079027999,86.87644111842549,48.55290079027999,86.87644111842549,,,,,,,off,5.0,legged_eval-seed1-no-roughness,,n/a,settle,0.0,auto,hold,8.0,0.8,2.0,1.0,0,TROT,first,on,1000,1,deterministic,20.0,1,200,lo,1.0,0.42,0.5,0.05,dead-reckoned-heading-hold,off,,,2.312,0.7812
6,box_jump_even,7,0,2,1,heading-only,0.02,3.325366210937517,2.374204254150385,2.355282751347309,0.728200677237524,8.482891410512309,0,roll,3.46,94.72900390575819,27.378324828253813,0.34355759620666504,0.6720711592304963,0.10815151854057369,0.3583259582519531,2.075783396614005,0.7109989848108591,1,3.46,97.58687892824115,72.53326931198767,97.58687892824115,72.53326931198767,,,,,,,off,5.0,legged_eval-seed1-no-roughness,,n/a,settle,0.0,auto,hold,8.0,0.8,2.0,1.0,0,TROT,first,on,1000,1,deterministic,20.0,1,200,lo,1.0,0.42,0.5,0.05,dead-reckoned-heading-hold,off,,,2.312,0.7812
6,box_jump_even,8,0,2,1,heading-only,0.02,3.2290466308593864,2.7655464172363224,2.356843270030689,1.026784926309514,8.953740577620296,0,roll,3.38,-54.40259669595699,-16.09544280945473,0.342499703168869,0.6594812517335463,0.22649302285098297,0.7495193481445312,1.673448613345909,-0.42596885181041105,1,3.38,-86.07525505671639,40.51634490034764,86.07525505671639,40.51634490034764,,,,,,,off,5.0,legged_eval-seed1-no-roughness,,n/a,settle,0.0,auto,hold,8.0,0.8,2.0,1.0,0,TROT,first,on,1000,1,deterministic,20.0,1,200,lo,1.0,0.42,0.5,0.05,dead-reckoned-heading-hold,off,,,2.312,0.7812
6,box_jump_even,9,0,2,1,heading-only,0.02,2.906774902343784,2.6869407653808537,2.026740768660408,1.2245615589204524,9.31857930860972,0,below,3.22,-39.75014921662071,-12.344766837459847,0.34134984016418457,0.5921661187403056,0.21333564142262534,0.6709403991699219,1.3113331600714266,-0.3638452452548549,1,3.22,-64.2424533086227,76.48329502815346,64.2424533086227,76.5362838670172,,,,,,,off,5.0,legged_eval-seed1-no-roughness,,n/a,settle,0.0,auto,hold,8.0,0.8,2.0,1.0,0,TROT,first,on,1000,1,deterministic,20.0,1,200,lo,1.0,0.42,0.5,0.05,dead-reckoned-heading-hold,off,,,2.312,0.7812
7,box_jump_uneven,0,0,2,1,heading-only,0.02,3.594484567642212,2.7193099975585895,2.6923515825986275,0.8965940171658816,8.735182071119489,0,below,4.16,89.82525347484705,21.592609008376694,0.3582465946674347,0.6236741749139932,0.17291105710543017,0.7038536071777344,2.1902184893461953,0.604261225573324,1,4.16,69.23000753516772,82.78766257240504,69.23000753516772,82.78766257240504,,,,,,,off,5.0,legged_eval-seed1-no-roughness,,n/a,settle,0.0,auto,hold,8.0,0.8,2.0,1.0,0,TROT,first,on,1000,1,deterministic,20.0,1,200,lo,1.0,0.42,0.5,0.05,dead-reckoned-heading-hold,off,,,2.312,0.7812
7,box_jump_uneven,1,0,1,1,heading-only,0.02,2.685056304931642,0.676844787597652,2.1424645777462414,1.411865741993183,10.002842005774324,0,roll,3.4,-5.444522003521257,-1.601330001035664,0.3676801025867462,0.49560479556813003,-0.3891632977653965,-1.3387565612792969,0.6602962542157684,-0.05639267654179611,1,3.4,93.56580039006623,-21.53846528047438,93.56580039006623,21.53846528047438,,,,,,,off,5.0,legged_eval-seed1-no-roughness,,n/a,settle,0.0,auto,hold,8.0,0.8,2.0,1.0,0,TROT,first,on,1000,1,deterministic,20.0,1,200,lo,1.0,0.42,0.5,0.05,dead-reckoned-heading-hold,off,,,2.312,0.7812
7,box_jump_uneven,2,0,1,1,heading-only,0.02,1.9064056396484403,1.3206588745117145,1.1327292475989965,0.9319133998472845,10.36587905853991,0,roll,2.72,-31.816145313774,-11.69711224771103,0.36658790707588196,0.3332373675178089,-0.24975776672363437,-0.6950912475585938,0.35955287691614346,-0.6126357413593528,1,2.72,88.61725418616953,-5.30571245945531,88.61725418616953,16.70983804242704,,,,,,,off,5.0,legged_eval-seed1-no-roughness,,n/a,settle,0.0,auto,hold,8.0,0.8,2.0,1.0,0,TROT,first,on,1000,1,deterministic,20.0,1,200,lo,1.0,0.42,0.5,0.05,dead-reckoned-heading-hold,off,,,2.312,0.7812
7,box_jump_uneven,3,0,1,1,heading-only,0.02,1.7262847900390739,2.271926116943355,0.7755213790205869,0.9781974351626787,11.227008814790526,1,timeout,20.0,-0.8595748031210348,-0.04297874015605174,0.35495591163635254,0.03631423950195369,0.013596305847167756,0.2562065124511719,0.5045254185245771,-0.02065637431404417,0,20.0,3.35874331440005,-31.168974244890926,11.082970274426406,31.95388967365468,,,,,,,off,5.0,legged_eval-seed1-no-roughness,,n/a,settle,0.0,auto,hold,8.0,0.8,2.0,1.0,0,TROT,first,on,1000,1,deterministic,20.0,1,200,lo,1.0,0.42,0.5,0.05,dead-reckoned-heading-hold,off,,,2.312,0.7812
7,box_jump_uneven,4,0,1,1,heading-only,0.02,1.3497528076171932,2.3577377319335895,0.500303219343128,1.1773202125317253,11.205958836946001,0,roll,12.280000000000001,92.51380270965757,7.533697289060062,0.36030083894729614,0.028481498991628107,0.029131737128142463,0.3418769836425781,0.7071778603658364,4.61660471526863,1,12.280000000000001,-92.77284900783704,12.484663129143902,92.77284900783704,37.60483449301726,,,,,,,off,5.0,legged_eval-seed1-no-roughness,,n/a,settle,0.0,auto,hold,8.0,0.8,2.0,1.0,0,TROT,first,on,1000,1,deterministic,20.0,1,200,lo,1.0,0.42,0.5,0.05,dead-reckoned-heading-hold,off,,,2.312,0.7812
7,box_jump_uneven,5,0,1,1,heading-only,0.02,1.1919708251953125,2.42008895874023,0.4618739340790082,1.3432475141864724,11.46572750870746,0,roll,11.38,99.66841936107784,8.758209082695767,0.3682692050933838,0.01686914105406964,0.036914671242550975,0.4041900634765625,0.6875973885543778,9.061491902946443,1,11.38,-88.52271975782205,3.590294176338425,88.52271975782205,42.14240972475298,,,,,,,off,5.0,legged_eval-seed1-no-roughness,,n/a,settle,0.0,auto,hold,8.0,0.8,2.0,1.0,0,TROT,first,on,1000,1,deterministic,20.0,1,200,lo,1.0,0.42,0.5,0.05,dead-reckoned-heading-hold,off,,,2.312,0.7812
7,box_jump_uneven,6,0,1,1,heading-only,0.02,1.3245330810547102,2.1689140319824176,0.3658601794393868,1.0776721722387792,10.926772595197928,0,roll,14.120000000000001,120.5405537035445,8.536866409599469,0.3611780107021332,0.022983929253166446,0.011962750140397847,0.15317153930664062,0.7856715825118676,6.482635106000888,1,14.120000000000001,-88.68242565501315,17.04667349583009,88.68242565501315,41.11687293913083,,,,,,,off,5.0,legged_eval-seed1-no-roughness,,n/a,settle,0.0,auto,hold,8.0,0.8,2.0,1.0,0,TROT,first,on,1000,1,deterministic,20.0,1,200,lo,1.0,0.42,0.5,0.05,dead-reckoned-heading-hold,off,,,2.312,0.7812
7,box_jump_uneven,7,0,1,1,heading-only,0.02,1.275653076171892,2.454055023193355,0.5311784845888857,1.300696308842582,10.334326556077368,0,roll,5.24,52.093862889064525,9.941576887226054,0.35391589999198914,0.052605548887765655,0.08665172198346471,0.4382743835449219,0.35788073108596796,3.298383025951416,1,5.24,-92.21030225456587,6.790962834698097,92.21030225456587,32.35634223684472,,,,,,,off,5.0,legged_eval-seed1-no-roughness,,n/a,settle,0.0,auto,hold,8.0,0.8,2.0,1.0,0,TROT,first,on,1000,1,deterministic,20.0,1,200,lo,1.0,0.42,0.5,0.05,dead-reckoned-heading-hold,off,,,2.312,0.7812
7,box_jump_uneven,8,0,1,1,heading-only,0.02,1.1353576660156364,2.5386650085449176,0.5554112793056122,1.5101312393340423,11.826915636437334,0,roll,8.14,71.69992320776839,8.80834437441872,0.3668307065963745,0.016628705898726826,0.0661750624748056,0.5228347778320312,0.3449952317688562,9.245133801716797,1,8.14,-86.71945243607226,-9.270632233745621,86.71945243607226,35.67930996179113,,,,,,,off,5.0,legged_eval-seed1-no-roughness,,n/a,settle,0.0,auto,hold,8.0,0.8,2.0,1.0,0,TROT,first,on,1000,1,deterministic,20.0,1,200,lo,1.0,0.42,0.5,0.05,dead-reckoned-heading-hold,off,,,2.312,0.7812
7,box_jump_uneven,9,0,1,1,heading-only,0.02,1.393927001953159,2.535903167724605,0.6651095308632033,1.2105950060468882,11.868178425529027,0,roll,6.34,34.92459320571746,5.508610915728306,0.3560980558395386,0.062133596522580305,0.08452731352123109,0.5203895568847656,0.2162595996148326,1.547365725977553,1,6.34,-87.8718073044647,3.775873551946919,87.8718073044647,32.3761059337121,,,,,,,off,5.0,legged_eval-seed1-no-roughness,,n/a,settle,0.0,auto,hold,8.0,0.8,2.0,1.0,0,TROT,first,on,1000,1,deterministic,20.0,1,200,lo,1.0,0.42,0.5,0.05,dead-reckoned-heading-hold,off,,,2.312,0.7812
8,flat_circle_jump,0,0,1,1,heading-only,0.02,2.5329487323760986,2.834362792968747,1.7453060151114177,0.9933002937791044,6.322348682358239,0,roll,2.72,-9.922798154112144,-3.648087556658876,0.3411038815975189,0.5635840927853304,0.30675102682674527,0.818511962890625,0.6213315865034659,-0.11297540168328521,1,2.72,-86.02205408227451,-3.370759913618531,86.02205408227451,11.793291255801256,,,,,,,off,5.0,legged_eval-seed1-no-roughness,,n/a,settle,0.0,auto,hold,8.0,0.8,2.0,1.0,0,TROT,first,on,1000,1,deterministic,20.0,1,200,lo,1.0,0.42,0.5,0.05,dead-reckoned-heading-hold,off,,,2.312,0.7812
8,flat_circle_jump,1,0,1,1,heading-only,0.02,2.169358825683595,2.7798126220703097,1.4055275837721182,1.1142768193982127,7.173154904391558,0,roll,2.24,-47.24267255152128,-21.090478817643426,0.34103402495384216,0.5220351900373192,0.34813063485281676,0.764007568359375,1.0519994143631957,-0.7051216148162042,1,2.24,-86.7904598683269,29.700648048147308,86.7904598683269,29.700648048147308,,,,,,,off,5.0,legged_eval-seed1-no-roughness,,n/a,settle,0.0,auto,hold,8.0,0.8,2.0,1.0,0,TROT,first,on,1000,1,deterministic,20.0,1,200,lo,1.0,0.42,0.5,0.05,dead-reckoned-heading-hold,off,,,2.312,0.7812
8,flat_circle_jump,2,0,1,1,heading-only,0.02,2.5236618041992216,2.660900878906247,1.6608236707473423,0.8566930803206951,7.356087365644088,0,roll,2.22,-40.908001324011025,-18.427027623428387,0.34160032868385315,0.6863341460356853,0.29770309860641764,0.6451339721679688,0.9816215194993615,-0.4685943504959306,1,2.22,-86.84191155085405,41.61682183217607,86.84191155085405,41.61682183217607,,,,,,,off,5.0,legged_eval-seed1-no-roughness,,n/a,settle,0.0,auto,hold,8.0,0.8,2.0,1.0,0,TROT,first,on,1000,1,deterministic,20.0,1,200,lo,1.0,0.42,0.5,0.05,dead-reckoned-heading-hold,off,,,2.312,0.7812
8,flat_circle_jump,3,0,1,1,heading-only,0.02,2.031765747070324,2.401249694824216,1.1070419479062705,0.7139071549842773,8.228023793938805,0,roll,2.2600000000000002,-52.7235603451191,-23.329009002265085,0.34098589420318604,0.4565335164027981,0.1775441127540778,0.3853302001953125,1.0437519673379392,-0.8918688413616491,1,2.2600000000000002,-90.50737840694457,-3.9428200351982388,90.50737840694457,18.96807335522449,,,,,,,off,5.0,legged_eval-seed1-no-roughness,,n/a,settle,0.0,auto,hold,8.0,0.8,2.0,1.0,0,TROT,first,on,1000,1,deterministic,20.0,1,200,lo,1.0,0.42,0.5,0.05,dead-reckoned-heading-hold,off,,,2.312,0.7812
8,flat_circle_jump,4,0,1,1,heading-only,0.02,2.317495727539068,3.005589294433591,1.6574090687465017,1.075880731089792,8.839886375111044,0,roll,2.3000000000000003,-13.203166009175249,-5.740506960510977,0.341100811958313,0.5728242293648121,0.43721273671025684,0.9898223876953125,0.6950601503746685,-0.17490661543012453,1,2.3000000000000003,-92.66636803299065,-3.353363062838279,92.66636803299065,12.721480917207488,,,,,,,off,5.0,legged_eval-seed1-no-roughness,,n/a,settle,0.0,auto,hold,8.0,0.8,2.0,1.0,0,TROT,first,on,1000,1,deterministic,20.0,1,200,lo,1.0,0.42,0.5,0.05,dead-reckoned-heading-hold,off,,,2.312,0.7812
8,flat_circle_jump,5,0,1,1,heading-only,0.02,2.46051025390625,2.8207595825195284,1.675331756418092,0.8571543830587977,9.126470847849198,0,roll,2.18,-47.652026287100114,-21.85872765463308,0.34088006615638733,0.6699588320670871,0.3764952213392332,0.8051910400390625,1.0088099243054116,-0.5694480759257794,1,2.18,-88.60597533920453,33.499590564571655,88.60597533920453,33.499590564571655,,,,,,,off,5.0,legged_eval-seed1-no-roughness,,n/a,settle,0.0,auto,hold,8.0,0.8,2.0,1.0,0,TROT,first,on,1000,1,deterministic,20.0,1,200,lo,1.0,0.42,0.5,0.05,dead-reckoned-heading-hold,off,,,2.312,0.7812
8,flat_circle_jump,6,0,1,1,heading-only,0.02,2.5847106933593977,2.787091064453122,1.7694124237694195,0.9577137302249349,9.547787331775401,0,roll,2.22,-44.00916007442106,-19.823945979468945,0.34138011932373047,0.7138336456573863,0.35454552452843335,0.7714309692382812,1.0401699165485794,-0.4846971422320561,1,2.22,-90.22821406581994,45.09508395097715,90.22821406581994,45.09508395097715,,,,,,,off,5.0,legged_eval-seed1-no-roughness,,n/a,settle,0.0,auto,hold,8.0,0.8,2.0,1.0,0,TROT,first,on,1000,1,deterministic,20.0,1,200,lo,1.0,0.42,0.5,0.05,dead-reckoned-heading-hold,off,,,2.312,0.7812
8,flat_circle_jump,7,0,1,1,heading-only,0.02,2.1551239013672046,2.6223724365234347,1.3121199172537197,0.9445708534438872,10.363580893967471,0,below,2.34,52.21977151891005,22.316141674747886,0.3421452045440674,0.49364269289196777,0.26597112671941653,0.60650634765625,0.8748270128648177,0.7890122839336972,1,2.34,-9.786912174684744,80.42827153214367,69.63350269170542,80.42827153214367,,,,,,,off,5.0,legged_eval-seed1-no-roughness,,n/a,settle,0.0,auto,hold,8.0,0.8,2.0,1.0,0,TROT,first,on,1000,1,deterministic,20.0,1,200,lo,1.0,0.42,0.5,0.05,dead-reckoned-heading-hold,off,,,2.312,0.7812
8,flat_circle_jump,8,0,1,1,heading-only,0.02,2.2745483398437614,2.697026062011716,1.452693636566929,1.1893312039169934,10.847868407088257,0,below,2.36,53.80247002619129,22.79765679075902,0.34090274572372437,0.5400628558660006,0.2953500262761508,0.681243896484375,0.9391488242136279,0.7367553024922596,1,2.36,-6.946518831158857,84.95095760167663,78.55881292488682,84.95095760167663,,,,,,,off,5.0,legged_eval-seed1-no-roughness,,n/a,settle,0.0,auto,hold,8.0,0.8,2.0,1.0,0,TROT,first,on,1000,1,deterministic,20.0,1,200,lo,1.0,0.42,0.5,0.05,dead-reckoned-heading-hold,off,,,2.312,0.7812
8,flat_circle_jump,9,0,1,1,heading-only,0.02,2.679052734375034,2.168980407714841,1.6875344331312925,0.8736746740910665,11.272213919310177,0,roll,2.22,101.56392420619497,45.749515408195926,0.34131568670272827,0.7563300605292945,0.07611730077245085,0.153289794921875,1.266550865990551,1.055729127711921,1,2.22,99.34717160332123,81.35891985972928,99.34717160332123,81.35891985972928,,,,,,,off,5.0,legged_eval-seed1-no-roughness,,n/a,settle,0.0,auto,hold,8.0,0.8,2.0,1.0,0,TROT,first,on,1000,1,deterministic,20.0,1,200,lo,1.0,0.42,0.5,0.05,dead-reckoned-heading-hold,off,,,2.312,0.7812
9,bump_jump,0,0,1,1,heading-only,0.02,1.5216073989868164,2.611593627929679,0.8038165489724496,0.992291408236504,9.24863648135005,0,roll,3.22,46.597609864945184,14.471307411473658,0.36473774909973145,0.1619898754617442,0.18993590929493134,0.5957565307617188,0.3636341541449645,1.559183626004583,1,3.22,-89.8257234423658,18.481136480555154,89.8257234423658,20.053475285572187,,,,,,,off,5.0,legged_eval-seed1-no-roughness,,n/a,settle,0.0,auto,hold,8.0,0.8,2.0,1.0,0,TROT,first,on,1000,1,deterministic,20.0,1,200,lo,1.0,0.42,0.5,0.05,dead-reckoned-heading-hold,off,,,2.312,0.7812
9,bump_jump,1,0,1,1,heading-only,0.02,2.5631347656250014,2.7301162719726477,1.7252420311668637,0.8873579477212479,8.169556023002706,0,below,2.42,138.04154945372548,57.041962584184084,0.3410739600658417,0.6459234568698353,0.30170093883167265,0.7145614624023438,1.2878144914474239,1.5413127489098912,1,2.42,64.75390074384323,69.55145084115385,64.75390074384323,78.63143829080198,,,,,,,off,5.0,legged_eval-seed1-no-roughness,,n/a,settle,0.0,auto,hold,8.0,0.8,2.0,1.0,0,TROT,first,on,1000,1,deterministic,20.0,1,200,lo,1.0,0.42,0.5,0.05,dead-reckoned-heading-hold,off,,,2.312,0.7812
9,bump_jump,2,0,1,1,heading-only,0.02,2.4056427001953153,3.4063781738281165,1.988399096869762,1.2071933848123992,8.560669937252861,0,roll,2.56,-39.45222202673659,-15.41102422919398,0.34116479754447937,0.5490791797637951,0.549366474151608,1.3906173706054688,0.9823589221490607,-0.48986216162806256,1,2.56,-88.94183533035893,-6.462164578998039,88.94183533035893,18.80511264290203,,,,,,,off,5.0,legged_eval-seed1-no-roughness,,n/a,settle,0.0,auto,hold,8.0,0.8,2.0,1.0,0,TROT,first,on,1000,1,deterministic,20.0,1,200,lo,1.0,0.42,0.5,0.05,dead-reckoned-heading-hold,off,,,2.312,0.7812
9,bump_jump,3,0,1,1,heading-only,0.02,2.76251678466798,2.8446411132812415,1.9544523597369494,0.9323614019281947,8.280673181156333,0,roll,2.34,-31.08205355812919,-13.28292887099538,0.3411766290664673,0.7532123011401625,0.3609577407184793,0.8289337158203125,0.8609109113490145,-0.3077895073622038,1,2.34,-88.43624596305165,16.262212830146932,88.43624596305165,27.676130531572802,,,,,,,off,5.0,legged_eval-seed1-no-roughness,,n/a,settle,0.0,auto,hold,8.0,0.8,2.0,1.0,0,TROT,first,on,1000,1,deterministic,20.0,1,200,lo,1.0,0.42,0.5,0.05,dead-reckoned-heading-hold,off,,,2.312,0.7812
9,bump_jump,4,0,1,1,heading-only,0.02,2.149588012695318,2.7076705932617102,1.3499445423794831,0.9465350527704706,9.177735952073192,0,roll,2.18,-44.890689973821935,-20.592059621019235,0.3414473235607147,0.5273339507776689,0.324619538193445,0.6918411254882812,0.9765719418283598,-0.6815401125297335,1,2.18,-88.76609039141218,16.056438309876327,88.76609039141218,26.99058983398458,,,,,,,off,5.0,legged_eval-seed1-no-roughness,,n/a,settle,0.0,auto,hold,8.0,0.8,2.0,1.0,0,TROT,first,on,1000,1,deterministic,20.0,1,200,lo,1.0,0.42,0.5,0.05,dead-reckoned-heading-hold,off,,,2.312,0.7812
9,bump_jump,5,0,1,1,heading-only,0.02,2.2839202880859375,2.5940078735351477,1.4146719266248358,0.7625964285337579,9.135412123587695,0,roll,2.16,-46.231827217816004,-21.40362371195185,0.34128686785697937,0.5944075407805266,0.27500364515516096,0.5783309936523438,0.9630854296490012,-0.6284639409872852,1,2.16,-87.93228887190546,21.25110101171994,87.93228887190546,29.08935434238228,,,,,,,off,5.0,legged_eval-seed1-no-roughness,,n/a,settle,0.0,auto,hold,8.0,0.8,2.0,1.0,0,TROT,first,on,1000,1,deterministic,20.0,1,200,lo,1.0,0.42,0.5,0.05,dead-reckoned-heading-hold,off,,,2.312,0.7812
9,bump_jump,6,0,1,1,heading-only,0.02,2.3654876708984602,2.8264450073242102,1.596110249796929,0.907277181110688,8.97265411731661,0,roll,2.16,-46.27834871359511,-21.425161441479215,0.340440034866333,0.6321702180085463,0.38261342931676395,0.8106536865234375,0.944447251999742,-0.5915172832771622,1,2.16,-86.30552374524494,20.90893731434753,86.30552374524494,29.4949435772053,,,,,,,off,5.0,legged_eval-seed1-no-roughness,,n/a,settle,0.0,auto,hold,8.0,0.8,2.0,1.0,0,TROT,first,on,1000,1,deterministic,20.0,1,200,lo,1.0,0.42,0.5,0.05,dead-reckoned-heading-hold,off,,,2.312,0.7812
9,bump_jump,7,0,1,1,heading-only,0.02,2.369250488281267,2.6256546020507727,1.5054203999965587,0.7316621007013376,9.401590561318761,0,roll,13.38,-19.69984431957411,-1.472335150939769,0.3413694202899933,0.10233561197916793,0.046760433636081664,0.6099090576171875,0.9289912562010575,-0.251106096692691,1,13.38,-88.22028479986344,60.741012833595846,88.22028479986344,60.741012833595846,,,,,,,off,5.0,legged_eval-seed1-no-roughness,,n/a,settle,0.0,auto,hold,8.0,0.8,2.0,1.0,0,TROT,first,on,1000,1,deterministic,20.0,1,200,lo,1.0,0.42,0.5,0.05,dead-reckoned-heading-hold,off,,,2.312,0.7812
9,bump_jump,8,0,1,1,heading-only,0.02,2.2879760742187614,2.5322937011718665,1.3936351574451675,0.6731272537369279,9.926306205712514,0,roll,9.540000000000001,-10.66042200130397,-1.1174446542247347,0.34110766649246216,0.13500797423676741,0.05579598544778474,0.5167617797851562,0.6488228331518171,-0.14445878871442105,1,9.540000000000001,-88.28195916468142,46.365510446693285,88.28195916468142,46.365510446693285,,,,,,,off,5.0,legged_eval-seed1-no-roughness,,n/a,settle,0.0,auto,hold,8.0,0.8,2.0,1.0,0,TROT,first,on,1000,1,deterministic,20.0,1,200,lo,1.0,0.42,0.5,0.05,dead-reckoned-heading-hold,off,,,2.312,0.7812
9,bump_jump,9,0,1,1,heading-only,0.02,2.505346679687534,2.6287826538085852,1.6313908948430633,0.6582230175550154,9.615234784586075,0,roll,2.2,-45.024703987311995,-20.465774539687267,0.3414933681488037,0.684248490767061,0.28581029718572054,0.6129608154296875,0.9581247207971428,-0.5220254841745349,1,2.2,-86.47090302678474,18.044103429198614,86.47090302678474,28.799737969734284,,,,,,,off,5.0,legged_eval-seed1-no-roughness,,n/a,settle,0.0,auto,hold,8.0,0.8,2.0,1.0,0,TROT,first,on,1000,1,deterministic,20.0,1,200,lo,1.0,0.42,0.5,0.05,dead-reckoned-heading-hold,off,,,2.312,0.7812
10,sideways_ramp,0,0,1,1,heading-only,0.02,1.32418954372406,1.636505126953125,0.4870599377811503,1.2412847112619183,9.083086697867584,0,roll,2.92,-62.82311474295511,-21.514765322929833,0.3551054894924164,0.11102381634385619,-0.1244845455639983,-0.37946319580078125,0.3928005927176483,-3.3821886604585827,1,2.92,87.83452809419241,14.660895980307778,87.83452809419241,17.074345329063764,,,,,,,off,5.0,legged_eval-seed1-no-roughness,,n/a,settle,0.0,auto,hold,8.0,0.8,2.0,1.0,0,TROT,first,on,1000,1,deterministic,20.0,1,200,lo,1.0,0.42,0.5,0.05,dead-reckoned-heading-hold,off,,,2.312,0.7812
10,sideways_ramp,1,0,1,1,heading-only,0.02,1.6219421386718764,1.6091461181640625,0.7345602635604301,0.921753102130649,8.836705967718036,0,roll,9.92,-23.695378849088854,-2.388647061400086,0.374435156583786,0.06269578010805206,-0.03940059292700983,-0.4066162109375,0.7482131805107609,-0.6649531406686239,1,9.92,93.7581684857347,-83.08246940385933,93.7581684857347,83.08246940385933,,,,,,,off,5.0,legged_eval-seed1-no-roughness,,n/a,settle,0.0,auto,hold,8.0,0.8,2.0,1.0,0,TROT,first,on,1000,1,deterministic,20.0,1,200,lo,1.0,0.42,0.5,0.05,dead-reckoned-heading-hold,off,,,2.312,0.7812
10,sideways_ramp,2,0,1,1,heading-only,0.02,2.5982696533203153,2.599609375,1.7070434345125878,1.2037116737835203,8.024164750524669,0,roll,2.2,-47.52420688407,-21.601912220031814,0.34101545810699463,0.7264862060546887,0.2725497159090909,0.5838775634765625,1.0278907675450122,-0.5189699265094803,1,2.2,-90.31447495323032,35.32733507740432,90.31447495323032,35.32733507740432,,,,,,,off,5.0,legged_eval-seed1-no-roughness,,n/a,settle,0.0,auto,hold,8.0,0.8,2.0,1.0,0,TROT,first,on,1000,1,deterministic,20.0,1,200,lo,1.0,0.42,0.5,0.05,dead-reckoned-heading-hold,off,,,2.312,0.7812
10,sideways_ramp,3,0,1,1,heading-only,0.02,2.276669311523449,2.7949600219726562,1.5039434721825562,1.4010943055733176,8.510540193948518,0,roll,2.16,-52.92743256242255,-24.50344100112155,0.3413287401199341,0.5910506071867818,0.36803704720956304,0.7792129516601562,1.030373152539368,-0.7235687068714864,1,2.16,-90.20929409875922,38.769806329494166,90.20929409875922,38.769806329494166,,,,,,,off,5.0,legged_eval-seed1-no-roughness,,n/a,settle,0.0,auto,hold,8.0,0.8,2.0,1.0,0,TROT,first,on,1000,1,deterministic,20.0,1,200,lo,1.0,0.42,0.5,0.05,dead-reckoned-heading-hold,off,,,2.312,0.7812
10,sideways_ramp,4,0,1,1,heading-only,0.02,1.4027160644531307,1.7883758544921875,0.4549340694326266,1.0008596236460672,9.099745039445942,0,roll,7.88,-64.25612126269124,-8.154330109478584,0.3732902407646179,0.051106099549889684,-0.026855856028910215,-0.22747039794921875,0.43173791183584687,-2.784793008239232,1,7.88,99.94917225433498,-84.26916557765318,99.94917225433498,84.26916557765318,,,,,,,off,5.0,legged_eval-seed1-no-roughness,,n/a,settle,0.0,auto,hold,8.0,0.8,2.0,1.0,0,TROT,first,on,1000,1,deterministic,20.0,1,200,lo,1.0,0.42,0.5,0.05,dead-reckoned-heading-hold,off,,,2.312,0.7812
10,sideways_ramp,5,0,1,1,heading-only,0.02,1.659515380859375,1.6193389892578125,0.7614875853809767,0.7590100465828382,9.04849517621672,0,roll,3.58,-15.82026551346317,-4.4190685791796565,0.35084712505340576,0.18422217342440642,-0.10632989126876746,-0.39642333984375,0.18197849166074825,-0.4186645675948508,1,3.58,90.18823979457802,7.414022444349664,90.18823979457802,30.67529569833472,,,,,,,off,5.0,legged_eval-seed1-no-roughness,,n/a,settle,0.0,auto,hold,8.0,0.8,2.0,1.0,0,TROT,first,on,1000,1,deterministic,20.0,1,200,lo,1.0,0.42,0.5,0.05,dead-reckoned-heading-hold,off,,,2.312,0.7812
10,sideways_ramp,6,0,1,1,heading-only,0.02,2.6205078125000227,2.7701644897460938,1.7942126160629541,1.2911940842782827,8.21567074478032,0,roll,2.18,-54.635476645445635,-25.062145250204416,0.34109044075012207,0.7433522075688177,0.3532864631862815,0.7542800903320312,1.0742717443422058,-0.5884383577197223,1,2.18,-91.56223807222143,35.71050924906417,91.56223807222143,35.71050924906417,,,,,,,off,5.0,legged_eval-seed1-no-roughness,,n/a,settle,0.0,auto,hold,8.0,0.8,2.0,1.0,0,TROT,first,on,1000,1,deterministic,20.0,1,200,lo,1.0,0.42,0.5,0.05,dead-reckoned-heading-hold,off,,,2.312,0.7812
10,sideways_ramp,7,0,1,1,heading-only,0.02,1.5003387451172046,1.4151611328125,0.7696592495634788,0.9609781025525084,9.41783776708423,0,roll,5.1000000000000005,-30.883522306596916,-6.055592609136649,0.3434183895587921,0.09810563629749108,-0.11467428768382351,-0.6007232666015625,0.14566955908529072,-1.0773084317844792,1,5.1000000000000005,87.90919557781176,-4.450059219232504,87.90919557781176,32.45357060497415,,,,,,,off,5.0,legged_eval-seed1-no-roughness,,n/a,settle,0.0,auto,hold,8.0,0.8,2.0,1.0,0,TROT,first,on,1000,1,deterministic,20.0,1,200,lo,1.0,0.42,0.5,0.05,dead-reckoned-heading-hold,off,,,2.312,0.7812
10,sideways_ramp,8,0,1,1,heading-only,0.02,2.5859802246093864,2.6522064208984375,1.7148488237489594,1.2176291427519597,8.439259564447905,0,roll,2.18,-50.425856725447915,-23.131126938278857,0.34136712551116943,0.7275138644997184,0.2991772572928612,0.6362533569335938,1.041146366674071,-0.5549232041747261,1,2.18,-90.71735769873357,33.538161699936026,90.71735769873357,33.538161699936026,,,,,,,off,5.0,legged_eval-seed1-no-roughness,,n/a,settle,0.0,auto,hold,8.0,0.8,2.0,1.0,0,TROT,first,on,1000,1,deterministic,20.0,1,200,lo,1.0,0.42,0.5,0.05,dead-reckoned-heading-hold,off,,,2.312,0.7812
10,sideways_ramp,9,0,1,1,heading-only,0.02,2.532659912109409,2.8135604858398438,1.7352023139412833,1.3372427647962044,8.5063346294464,0,roll,2.2,-48.03315524129738,-21.8332523824079,0.34118202328681946,0.6966635964133677,0.3698002208362926,0.79779052734375,1.028066099914327,-0.5469815596131844,1,2.2,-92.61110290074414,37.072132399511965,92.61110290074414,37.072132399511965,,,,,,,off,5.0,legged_eval-seed1-no-roughness,,n/a,settle,0.0,auto,hold,8.0,0.8,2.0,1.0,0,TROT,first,on,1000,1,deterministic,20.0,1,200,lo,1.0,0.42,0.5,0.05,dead-reckoned-heading-hold,off,,,2.312,0.7812
11,stepping_stones_cylinder,0,0,1,1,heading-only,0.02,1.9671580791473389,2.4107070922851506,1.0507497636037295,0.39799256199134114,4.651011135147185,1,timeout,20.0,-32.84993675676935,-1.6424968378384677,0.3411860167980194,0.04835790395736694,0.02053535461425753,0.39507293701171875,1.023454246247471,-0.5928085261749534,0,20.0,-73.83857404508834,5.656097254084798,83.65292459378851,23.11930366249981,,,,,,,off,5.0,legged_eval-seed1-no-roughness,,n/a,settle,0.0,auto,hold,8.0,0.8,2.0,1.0,0,TROT,first,on,1000,1,deterministic,20.0,1,200,lo,1.0,0.42,0.5,0.05,dead-reckoned-heading-hold,off,,,2.312,0.7812
11,stepping_stones_cylinder,1,0,1,1,heading-only,0.02,2.016702270507814,2.4172912597656193,1.0990065979476744,0.4092193201386641,4.353343681344137,1,timeout,20.0,-35.84051165330314,-1.792025582665157,0.3407328724861145,0.0508351135253907,0.020864562988280967,0.40137481689453125,1.1063726381335655,-0.6152587164353427,0,20.0,-82.99281788465176,12.726064023981978,83.16857585269278,26.150371528485607,,,,,,,off,5.0,legged_eval-seed1-no-roughness,,n/a,settle,0.0,auto,hold,8.0,0.8,2.0,1.0,0,TROT,first,on,1000,1,deterministic,20.0,1,200,lo,1.0,0.42,0.5,0.05,dead-reckoned-heading-hold,off,,,2.312,0.7812
11,stepping_stones_cylinder,2,0,1,1,heading-only,0.02,2.1210357666015653,2.415147399902338,1.1954365535843512,0.3057696691361091,4.1000361682538085,0,roll,17.52,-81.01327975066741,-4.624045647869145,0.34128397703170776,0.06398605973753227,0.023695627848306967,0.3993377685546875,1.2054468759737575,-1.2612875624609199,1,17.52,-86.01832517282132,9.914901803473398,86.01832517282132,29.693020396788615,,,,,,,off,5.0,legged_eval-seed1-no-roughness,,n/a,settle,0.0,auto,hold,8.0,0.8,2.0,1.0,0,TROT,first,on,1000,1,deterministic,20.0,1,200,lo,1.0,0.42,0.5,0.05,dead-reckoned-heading-hold,off,,,2.312,0.7812
11,stepping_stones_cylinder,3,0,1,1,heading-only,0.02,2.035671997070324,2.6897827148437443,1.2443539203991922,0.5969151288934753,3.827004769704071,0,roll,2.4,-40.01829716382122,-16.674290484925507,0.34368956089019775,0.43152999877930165,0.2874094645182268,0.67425537109375,1.0162481872598403,-0.674394063493022,1,2.4,-88.75103073677012,-0.9668414858270258,88.75103073677012,22.31953563682889,,,,,,,off,5.0,legged_eval-seed1-no-roughness,,n/a,settle,0.0,auto,hold,8.0,0.8,2.0,1.0,0,TROT,first,on,1000,1,deterministic,20.0,1,200,lo,1.0,0.42,0.5,0.05,dead-reckoned-heading-hold,off,,,2.312,0.7812
11,stepping_stones_cylinder,4,0,1,1,heading-only,0.02,2.0991271972656307,2.6919799804687443,1.2988136468094738,0.5855672239528955,4.109550675840678,0,roll,2.22,-24.89907895196322,-11.21580132971316,0.3411639630794525,0.4951023411106444,0.31170269390483973,0.67620849609375,0.7145204664857219,-0.3953781778004285,1,2.22,-87.71962766798508,22.5696246574489,87.71962766798508,22.644084286896174,,,,,,,off,5.0,legged_eval-seed1-no-roughness,,n/a,settle,0.0,auto,hold,8.0,0.8,2.0,1.0,0,TROT,first,on,1000,1,deterministic,20.0,1,200,lo,1.0,0.42,0.5,0.05,dead-reckoned-heading-hold,off,,,2.312,0.7812
11,stepping_stones_cylinder,5,0,1,1,heading-only,0.02,2.01416015625,2.446641540527338,1.108155895282635,0.42709079085487056,4.309049991819514,0,roll,4.0200000000000005,-57.03790600017314,-14.188533830888838,0.34115535020828247,0.2522786458333333,0.11110486082769602,0.43067169189453125,1.1362087743391716,-0.9815996536750659,1,4.0200000000000005,-86.5029839959095,-1.5326726746134918,86.5029839959095,26.101550287162322,,,,,,,off,5.0,legged_eval-seed1-no-roughness,,n/a,settle,0.0,auto,hold,8.0,0.8,2.0,1.0,0,TROT,first,on,1000,1,deterministic,20.0,1,200,lo,1.0,0.42,0.5,0.05,dead-reckoned-heading-hold,off,,,2.312,0.7812
11,stepping_stones_cylinder,6,0,1,1,heading-only,0.02,1.9796539306640852,2.4367385864257756,1.0725961107233126,0.41896662280385166,4.043998406292703,0,roll,2.92,-46.221060404805286,-15.82913027561825,0.3425706624984741,0.33549792146030316,0.14956800904992315,0.42092132568359375,1.0900945227929217,-0.8234639422925452,1,2.92,-86.13615408869315,-0.7245635832664578,86.13615408869315,24.326029137892025,,,,,,,off,5.0,legged_eval-seed1-no-roughness,,n/a,settle,0.0,auto,hold,8.0,0.8,2.0,1.0,0,TROT,first,on,1000,1,deterministic,20.0,1,200,lo,1.0,0.42,0.5,0.05,dead-reckoned-heading-hold,off,,,2.312,0.7812
11,stepping_stones_cylinder,7,0,1,1,heading-only,0.02,2.235980224609392,3.3294616699218693,1.8152452857443064,1.2255140872782455,3.850793070096832,0,roll,2.38,-32.608223488024436,-13.70093423866573,0.3432750701904297,0.5193194221047867,0.5585973403033064,1.3141708374023438,0.887449450505474,-0.46046113987951215,1,2.38,-90.04334223203146,13.06434336874545,90.04334223203146,22.35100975147797,,,,,,,off,5.0,legged_eval-seed1-no-roughness,,n/a,settle,0.0,auto,hold,8.0,0.8,2.0,1.0,0,TROT,first,on,1000,1,deterministic,20.0,1,200,lo,1.0,0.42,0.5,0.05,dead-reckoned-heading-hold,off,,,2.312,0.7812
11,stepping_stones_cylinder,8,0,1,1,heading-only,0.02,1.9823425292968864,2.3131652832031193,1.031052539625937,0.34759932493923273,3.631186867945232,0,roll,13.82,-15.60469621777878,-1.1291386554109102,0.34109756350517273,0.07108122498530292,0.02266029545608678,0.2974395751953125,1.1445054989307528,-0.27724884106227515,1,13.82,-86.7787572513777,0.22824553629590946,86.7787572513777,28.172818171974384,,,,,,,off,5.0,legged_eval-seed1-no-roughness,,n/a,settle,0.0,auto,hold,8.0,0.8,2.0,1.0,0,TROT,first,on,1000,1,deterministic,20.0,1,200,lo,1.0,0.42,0.5,0.05,dead-reckoned-heading-hold,off,,,2.312,0.7812
11,stepping_stones_cylinder,9,0,1,1,heading-only,0.02,2.023870849609409,2.4339233398437443,1.1120256209013544,0.4210492773917689,3.9003418639099645,1,timeout,20.0,-73.68518317928033,-3.6842591589640166,0.34110206365585327,0.05119354248047046,0.021696166992187217,0.41794586181640625,1.1479200661134414,-1.2560657009662817,0,20.0,-70.28394445917262,8.969411134471537,71.06666947836769,24.934832150691644,,,,,,,off,5.0,legged_eval-seed1-no-roughness,,n/a,settle,0.0,auto,hold,8.0,0.8,2.0,1.0,0,TROT,first,on,1000,1,deterministic,20.0,1,200,lo,1.0,0.42,0.5,0.05,dead-reckoned-heading-hold,off,,,2.312,0.7812
12,stepping_stones_randomly_arranged,0,0,2,1,heading-only,0.02,3.360352039337158,2.823031616210926,2.4997285434394376,0.9071869418277186,3.1491015807757847,0,roll,5.0200000000000005,-71.43126710477569,-14.229336076648542,0.3412759304046631,0.4701896492703502,0.16395052115755498,0.8073043823242188,1.3648836664499933,-0.5281884986105541,1,5.0200000000000005,-88.92646174727606,-31.88330079451561,88.92646174727606,31.88330079451561,,,,,,,off,5.0,legged_eval-seed1-no-roughness,,n/a,settle,0.0,auto,hold,8.0,0.8,2.0,1.0,0,TROT,first,on,1000,1,deterministic,20.0,1,200,lo,1.0,0.42,0.5,0.05,dead-reckoned-heading-hold,off,,,2.312,0.7812
12,stepping_stones_randomly_arranged,1,0,2,1,heading-only,0.02,2.328969573974611,3.59051055908202,2.0726514340577524,1.5492622201366133,4.092724558599154,0,roll,6.68,-84.21957201037608,-12.607720360834744,0.3411758542060852,0.19894754101416331,0.23810038309611076,1.5747451782226562,1.339160561287646,-1.1060515266767155,1,6.68,-88.23635863886767,2.03588892886653,88.23635863886767,30.615101585101833,,,,,,,off,5.0,legged_eval-seed1-no-roughness,,n/a,settle,0.0,auto,hold,8.0,0.8,2.0,1.0,0,TROT,first,on,1000,1,deterministic,20.0,1,200,lo,1.0,0.42,0.5,0.05,dead-reckoned-heading-hold,off,,,2.312,0.7812
12,stepping_stones_randomly_arranged,2,0,2,1,heading-only,0.02,1.9597656250000028,2.516017150878895,1.0896897516875241,0.7453225814001809,4.172267294880895,0,roll,2.36,-40.70191143726521,-17.246572642908987,0.34119725227355957,0.4066803495762724,0.2186513351181758,0.500091552734375,1.024353157953843,-0.7401623353987211,1,2.36,-87.23120255373411,-0.2602766441118332,87.23120255373411,22.074895662673935,,,,,,,off,5.0,legged_eval-seed1-no-roughness,,n/a,settle,0.0,auto,hold,8.0,0.8,2.0,1.0,0,TROT,first,on,1000,1,deterministic,20.0,1,200,lo,1.0,0.42,0.5,0.05,dead-reckoned-heading-hold,off,,,2.312,0.7812
12,stepping_stones_randomly_arranged,3,0,2,1,heading-only,0.02,2.3274124145507926,3.3264877319335824,1.8765909040794866,1.291776246519058,3.9989982236624884,0,roll,5.38,-79.17627887595654,-14.71678046021497,0.34129565954208374,0.24673093207263805,0.24655905798021976,1.3105926513671875,1.2848350920513407,-1.0410379929513607,1,5.38,-87.44634520967311,-3.7314381842761204,87.44634520967311,29.81303466260393,,,,,,,off,5.0,legged_eval-seed1-no-roughness,,n/a,settle,0.0,auto,hold,8.0,0.8,2.0,1.0,0,TROT,first,on,1000,1,deterministic,20.0,1,200,lo,1.0,0.42,0.5,0.05,dead-reckoned-heading-hold,off,,,2.312,0.7812
12,stepping_stones_randomly_arranged,4,0,2,1,heading-only,0.02,2.3933776855468807,3.28118438720702,1.8928641812351483,1.069453382770233,4.111341793357268,0,roll,9.84,-70.6704764468974,-7.1819589885058335,0.3413211405277252,0.14160342332793502,0.13020166536656708,1.2651901245117188,1.220631554100454,-0.8852104571111735,1,9.84,-86.1629421515844,-1.056846425464392,86.1629421515844,30.29647766560158,,,,,,,off,5.0,legged_eval-seed1-no-roughness,,n/a,settle,0.0,auto,hold,8.0,0.8,2.0,1.0,0,TROT,first,on,1000,1,deterministic,20.0,1,200,lo,1.0,0.42,0.5,0.05,dead-reckoned-heading-hold,off,,,2.312,0.7812
12,stepping_stones_randomly_arranged,5,0,2,1,heading-only,0.02,2.37506103515625,3.4021484374999886,1.9638770560268373,1.331082590090952,3.840079275632429,0,roll,4.18,-74.63156260584964,-17.854440814796565,0.34066301584243774,0.3289619701330742,0.335442209928227,1.3862457275390625,1.2693191441468883,-0.947279037131863,1,4.18,-87.19774522841234,-1.4941298854429157,87.19774522841234,29.05555717879308,,,,,,,off,5.0,legged_eval-seed1-no-roughness,,n/a,settle,0.0,auto,hold,8.0,0.8,2.0,1.0,0,TROT,first,on,1000,1,deterministic,20.0,1,200,lo,1.0,0.42,0.5,0.05,dead-reckoned-heading-hold,off,,,2.312,0.7812
12,stepping_stones_randomly_arranged,6,0,2,1,heading-only,0.02,1.9749237060547102,2.35601348876952,1.037892979460453,0.6813520053545358,3.9909869890631784,0,roll,2.34,-49.37272251756093,-21.09945406733373,0.34129565954208374,0.4166340624165429,0.1521425165681709,0.34002685546875,1.09429436165682,-0.8838810291034453,1,2.34,-86.75012779740268,-0.5136453691183475,86.75012779740268,26.54345646960312,,,,,,,off,5.0,legged_eval-seed1-no-roughness,,n/a,settle,0.0,auto,hold,8.0,0.8,2.0,1.0,0,TROT,first,on,1000,1,deterministic,20.0,1,200,lo,1.0,0.42,0.5,0.05,dead-reckoned-heading-hold,off,,,2.312,0.7812
12,stepping_stones_randomly_arranged,7,0,2,1,heading-only,0.02,2.024493408203142,2.4989196777343636,1.1395207713254951,0.7059248629755831,3.9570851452895575,0,roll,2.66,-51.947091917806716,-19.528981923987487,0.3409610688686371,0.38514789782073006,0.1875637886219412,0.4833984375,1.1811032481783026,-0.8849718148914509,1,2.66,-85.95283009510823,-0.096552546290674,85.95283009510823,30.337208514740976,,,,,,,off,5.0,legged_eval-seed1-no-roughness,,n/a,settle,0.0,auto,hold,8.0,0.8,2.0,1.0,0,TROT,first,on,1000,1,deterministic,20.0,1,200,lo,1.0,0.42,0.5,0.05,dead-reckoned-heading-hold,off,,,2.312,0.7812
12,stepping_stones_randomly_arranged,8,0,2,1,heading-only,0.02,2.0048645019531364,2.4127075195312386,1.0863149469482378,0.6597490222183516,3.916938606210498,0,roll,4.64,-55.81638667980718,-12.029393680992928,0.341033935546875,0.21656562542093458,0.0889455861058704,0.3969268798828125,1.1521835460240808,-0.9694637657469702,1,4.64,-86.02862687656001,-0.3999513569727701,86.02862687656001,28.40466014422104,,,,,,,off,5.0,legged_eval-seed1-no-roughness,,n/a,settle,0.0,auto,hold,8.0,0.8,2.0,1.0,0,TROT,first,on,1000,1,deterministic,20.0,1,200,lo,1.0,0.42,0.5,0.05,dead-reckoned-heading-hold,off,,,2.312,0.7812
12,stepping_stones_randomly_arranged,9,0,2,1,heading-only,0.02,2.434118652343784,2.71880645751952,1.6041754992431823,0.6273539612512633,3.2464576742673614,0,roll,2.36,-52.260082913724005,-22.144102929544072,0.34091153740882874,0.6076773950609256,0.3045790074235254,0.7027969360351562,1.1126808264523336,-0.6360077060005117,1,2.36,-86.29519325050495,-0.7577459794790459,86.29519325050495,27.2827652229023,,,,,,,off,5.0,legged_eval-seed1-no-roughness,,n/a,settle,0.0,auto,hold,8.0,0.8,2.0,1.0,0,TROT,first,on,1000,1,deterministic,20.0,1,200,lo,1.0,0.42,0.5,0.05,dead-reckoned-heading-hold,off,,,2.312,0.7812
13,staircase_walking_full_width,0,0,1,1,heading-only,0.02,1.350114107131958,2.372235107421872,0.5110174783803201,2.6405401278613856,14.404696203072714,0,roll,5.2,65.7455671340656,12.643378295012614,0.373873233795166,0.06732963598691499,0.07158367450420618,0.35637664794921875,0.4862738380427396,3.277436103561325,1,5.2,-89.72669541218357,9.523528960341526,89.72669541218357,29.140921932144387,,,,,,,off,5.0,legged_eval-seed1-no-roughness,,n/a,settle,0.0,auto,hold,8.0,0.8,2.0,1.0,0,TROT,first,on,1000,1,deterministic,20.0,1,200,lo,1.0,0.42,0.5,0.05,dead-reckoned-heading-hold,off,,,2.312,0.7812
13,staircase_walking_full_width,1,0,0,1,heading-only,0.02,1.2857872009277358,1.538029479980466,0.543222869162583,0.8505978390083984,14.471588325343317,0,roll,4.64,-68.45769428953244,-14.7538134244682,0.3644377291202545,0.061592069165460304,-0.09956261207317546,-0.47762298583984375,0.5063729062476559,-4.180775625351332,1,4.64,90.78755685709291,-10.706510731651681,90.78755685709291,31.75939726897027,,,,,,,off,5.0,legged_eval-seed1-no-roughness,,n/a,settle,0.0,auto,hold,8.0,0.8,2.0,1.0,0,TROT,first,on,1000,1,deterministic,20.0,1,200,lo,1.0,0.42,0.5,0.05,dead-reckoned-heading-hold,off,,,2.312,0.7812
13,staircase_walking_full_width,2,0,0,1,heading-only,0.02,1.7004806518554716,2.3255889892578097,0.7724515088662773,0.44240256536196226,11.304209202284717,1,timeout,20.0,96.07417917115563,4.803708958557782,0.35492652654647827,0.03502403259277358,0.016279449462890484,0.3098602294921875,0.8627509134898708,2.393800240229326,0,20.0,3.0477867133323806,-21.584907005134557,13.503567800176407,34.02748083649312,,,,,,,off,5.0,legged_eval-seed1-no-roughness,,n/a,settle,0.0,auto,hold,8.0,0.8,2.0,1.0,0,TROT,first,on,1000,1,deterministic,20.0,1,200,lo,1.0,0.42,0.5,0.05,dead-reckoned-heading-hold,off,,,2.312,0.7812
13,staircase_walking_full_width,3,0,0,1,heading-only,0.02,1.3636749267578239,1.870304870605466,0.3861091541791951,0.6494077497422754,11.637047823084393,0,roll,11.0,144.00465869572815,13.09133260870256,0.3525939881801605,0.033061356977983986,-0.01179046630859401,-0.14532470703125,0.8352135417472146,6.910994538055733,1,11.0,-87.93016184894842,16.899920842774375,87.93016184894842,33.964689679052476,,,,,,,off,5.0,legged_eval-seed1-no-roughness,,n/a,settle,0.0,auto,hold,8.0,0.8,2.0,1.0,0,TROT,first,on,1000,1,deterministic,20.0,1,200,lo,1.0,0.42,0.5,0.05,dead-reckoned-heading-hold,off,,,2.312,0.7812
13,staircase_walking_full_width,4,0,0,1,heading-only,0.02,1.7334350585937557,2.3337371826171847,0.8057961852948188,0.4271268840147744,11.271506824111208,1,timeout,20.0,96.04365214435822,4.802182607217911,0.35461100935935974,0.03667175292968779,0.01668685913085923,0.3178863525390625,0.8441805325285449,2.2855165374466253,0,20.0,3.102241650425651,-21.9734545878605,13.754037504761762,34.83808175237967,,,,,,,off,5.0,legged_eval-seed1-no-roughness,,n/a,settle,0.0,auto,hold,8.0,0.8,2.0,1.0,0,TROT,first,on,1000,1,deterministic,20.0,1,200,lo,1.0,0.42,0.5,0.05,dead-reckoned-heading-hold,off,,,2.312,0.7812
13,staircase_walking_full_width,5,0,0,1,heading-only,0.02,1.2981414794921875,1.8879821777343722,0.3184907130497281,0.7107414264798059,11.702394662054704,0,roll,9.66,-74.41836367497393,-7.703764355587364,0.3729448914527893,0.030863507193808228,-0.011596047853584663,-0.127716064453125,0.4564091857513383,-4.356473551708116,1,9.66,88.41948602890933,-80.29294763009085,88.41948602890933,80.29294763009085,,,,,,,off,5.0,legged_eval-seed1-no-roughness,,n/a,settle,0.0,auto,hold,8.0,0.8,2.0,1.0,0,TROT,first,on,1000,1,deterministic,20.0,1,200,lo,1.0,0.42,0.5,0.05,dead-reckoned-heading-hold,off,,,2.312,0.7812
13,staircase_walking_full_width,6,0,0,1,heading-only,0.02,1.3175140380859602,2.246037292480466,0.40168335000690647,0.7254801427336591,11.685076490961013,0,roll,19.82,127.1533701138172,6.415407170222866,0.3755013644695282,0.01601988083178407,0.012413586906178905,0.2303619384765625,0.8915978612933776,6.9894388823597575,1,19.82,-89.84230882881307,-2.1249262002260596,89.84230882881307,44.37705795017359,,,,,,,off,5.0,legged_eval-seed1-no-roughness,,n/a,settle,0.0,auto,hold,8.0,0.8,2.0,1.0,0,TROT,first,on,1000,1,deterministic,20.0,1,200,lo,1.0,0.42,0.5,0.05,dead-reckoned-heading-hold,off,,,2.312,0.7812
13,staircase_walking_full_width,7,0,0,1,heading-only,0.02,1.321429443359392,2.0427139282226534,0.32425509513736034,0.6799135827469213,11.678648668664387,0,roll,11.0,-83.00000016237775,-7.545454560216158,0.3765164911746979,0.02922085848721746,0.0038830843838775827,0.02727508544921875,0.6251778533111318,-4.506815762890788,1,11.0,100.76203843469641,-79.81817157693308,100.76203843469641,79.81817157693308,,,,,,,off,5.0,legged_eval-seed1-no-roughness,,n/a,settle,0.0,auto,hold,8.0,0.8,2.0,1.0,0,TROT,first,on,1000,1,deterministic,20.0,1,200,lo,1.0,0.42,0.5,0.05,dead-reckoned-heading-hold,off,,,2.312,0.7812
13,staircase_walking_full_width,8,0,0,1,heading-only,0.02,1.2837341308593864,2.088352966308591,0.2971721784926348,0.7216945627835127,8.966701170596208,0,roll,9.58,-122.56567682134232,-12.793911985526337,0.3818473517894745,0.029617341425823212,0.009222647840145188,0.07234954833984375,0.631714156921564,-7.539363008561908,1,9.58,114.69041365232889,-83.08420108758625,114.69041365232889,84.01745303449337,,,,,,,off,5.0,legged_eval-seed1-no-roughness,,n/a,settle,0.0,auto,hold,8.0,0.8,2.0,1.0,0,TROT,first,on,1000,1,deterministic,20.0,1,200,lo,1.0,0.42,0.5,0.05,dead-reckoned-heading-hold,off,,,2.312,0.7812
13,staircase_walking_full_width,9,0,0,1,heading-only,0.02,1.271307373046909,2.4532974243164034,0.5282861398536783,0.8581791767851757,8.990127910335518,0,roll,5.14,48.36386250054119,9.409311770533305,0.35366353392601013,0.05278353561223913,0.08819016037284114,0.437225341796875,0.2511706788484497,3.1112631777622757,1,5.14,-89.97654792023589,1.4936127262966246,89.97654792023589,31.788329960375393,,,,,,,off,5.0,legged_eval-seed1-no-roughness,,n/a,settle,0.0,auto,hold,8.0,0.8,2.0,1.0,0,TROT,first,on,1000,1,deterministic,20.0,1,200,lo,1.0,0.42,0.5,0.05,dead-reckoned-heading-hold,off,,,2.312,0.7812
14,staircase_walking,0,0,1,1,heading-only,0.02,1.433678150177002,2.5215209960937415,0.6782778835459362,0.9686926818475763,4.099628950980142,0,roll,3.9,35.145272840473524,9.011608420634238,0.37517452239990234,0.11119952568641076,0.1337233323317286,0.5057754516601562,0.4322997112109685,1.4144146467320262,1,3.9,-87.0607921525976,0.0718867418995883,87.0607921525976,28.194431504014382,,,,,,,off,5.0,legged_eval-seed1-no-roughness,,n/a,settle,0.0,auto,hold,8.0,0.8,2.0,1.0,0,TROT,first,on,1000,1,deterministic,20.0,1,200,lo,1.0,0.42,0.5,0.05,dead-reckoned-heading-hold,off,,,2.312,0.7812
14,staircase_walking,1,0,1,1,heading-only,0.02,1.3887496948242202,2.5292343139648352,0.6566698442168287,1.0108615371272187,4.145174065209539,0,roll,3.5,29.005389434515223,8.287254124147207,0.35579192638397217,0.11107134137834862,0.15120980398995293,0.5134735107421875,0.23257584510210497,1.302224935981935,1,3.5,-85.95045614528554,-3.0447300609539747,85.95045614528554,23.49205365340499,,,,,,,off,5.0,legged_eval-seed1-no-roughness,,n/a,settle,0.0,auto,hold,8.0,0.8,2.0,1.0,0,TROT,first,on,1000,1,deterministic,20.0,1,200,lo,1.0,0.42,0.5,0.05,dead-reckoned-heading-hold,off,,,2.312,0.7812
14,staircase_walking,2,0,1,1,heading-only,0.02,1.8018676757812528,2.0217269897460852,0.8021619733858337,0.4486587144959104,3.698196148058534,1,timeout,20.0,35.22849635176786,1.7614248175883929,0.3545423746109009,0.040093383789062645,0.001086349487304261,0.00598907470703125,0.5839473945502296,0.7667764525688273,0,20.0,1.4647672040429631,-31.230546878330962,10.165683863078362,32.686615060767274,,,,,,,off,5.0,legged_eval-seed1-no-roughness,,n/a,settle,0.0,auto,hold,8.0,0.8,2.0,1.0,0,TROT,first,on,1000,1,deterministic,20.0,1,200,lo,1.0,0.42,0.5,0.05,dead-reckoned-heading-hold,off,,,2.312,0.7812
14,staircase_walking,3,0,1,1,heading-only,0.02,1.8018310546875114,2.1689132690429602,0.8194295166273097,0.4789437294727721,3.7020244786511696,1,timeout,20.0,48.718340859245245,2.435917042962262,0.3550536632537842,0.04009155273437557,0.00844566345214801,0.15312957763671875,0.5976537608011774,1.0604421581477523,0,20.0,1.024394662802071,-28.885181693713008,9.150742786974984,32.12915065086531,,,,,,,off,5.0,legged_eval-seed1-no-roughness,,n/a,settle,0.0,auto,hold,8.0,0.8,2.0,1.0,0,TROT,first,on,1000,1,deterministic,20.0,1,200,lo,1.0,0.42,0.5,0.05,dead-reckoned-heading-hold,off,,,2.312,0.7812
14,staircase_walking,4,0,1,1,heading-only,0.02,1.5230010986328182,2.5138076782226477,0.7331633374437669,0.8699429795804263,3.7127239664235647,0,roll,13.6,47.44233782648442,3.4884071931238543,0.3549031615257263,0.03845596313476604,0.037779976339900566,0.49822235107421875,0.5619569359107787,1.583218471395473,1,13.6,-88.09812706645042,22.12439154671452,88.09812706645042,35.56738891048386,,,,,,,off,5.0,legged_eval-seed1-no-roughness,,n/a,settle,0.0,auto,hold,8.0,0.8,2.0,1.0,0,TROT,first,on,1000,1,deterministic,20.0,1,200,lo,1.0,0.42,0.5,0.05,dead-reckoned-heading-hold,off,,,2.312,0.7812
14,staircase_walking,5,0,1,1,heading-only,0.02,1.7498626708984375,2.3857177734374915,0.8432509863335557,0.6119915704087248,3.4716315746930233,0,roll,8.08,48.35718775506987,5.98480046473637,0.35733363032341003,0.09280478600228187,0.04773734819770934,0.369873046875,0.5497935292823108,1.125528948280406,1,8.08,-86.85570600735544,17.401499335989207,86.85570600735544,39.76384124515916,,,,,,,off,5.0,legged_eval-seed1-no-roughness,,n/a,settle,0.0,auto,hold,8.0,0.8,2.0,1.0,0,TROT,first,on,1000,1,deterministic,20.0,1,200,lo,1.0,0.42,0.5,0.05,dead-reckoned-heading-hold,off,,,2.312,0.7812
14,staircase_walking,6,0,1,1,heading-only,0.02,1.4815307617187727,2.6359085083007727,0.7976537503270297,0.978328236942885,3.7724518694044327,0,roll,5.62,30.094954416307047,5.3549740954283,0.3555678725242615,0.08568163019906988,0.11315098012469266,0.6200942993164062,0.15010626030311783,1.090804751346146,1,5.62,-87.58419755308424,1.5256202007733042,87.58419755308424,35.584985644230635,,,,,,,off,5.0,legged_eval-seed1-no-roughness,,n/a,settle,0.0,auto,hold,8.0,0.8,2.0,1.0,0,TROT,first,on,1000,1,deterministic,20.0,1,200,lo,1.0,0.42,0.5,0.05,dead-reckoned-heading-hold,off,,,2.312,0.7812
14,staircase_walking,7,0,1,1,heading-only,0.02,1.703601074218767,1.414511108398429,0.9153424025088313,0.7839987767813505,3.545081478667749,0,roll,6.36,-22.023774175587278,-3.462857574777874,0.3774245083332062,0.11062909971993191,-0.09205800182414638,-0.6014022827148438,0.2347815558466156,-0.5463143635852127,1,6.36,92.09342401637277,-23.772472843067764,92.09342401637277,36.1467537121642,,,,,,,off,5.0,legged_eval-seed1-no-roughness,,n/a,settle,0.0,auto,hold,8.0,0.8,2.0,1.0,0,TROT,first,on,1000,1,deterministic,20.0,1,200,lo,1.0,0.42,0.5,0.05,dead-reckoned-heading-hold,off,,,2.312,0.7812
14,staircase_walking,8,0,1,1,heading-only,0.02,2.2083862304687614,2.6857131958007727,1.3893883074510924,0.6859144292354162,3.0691946065611657,0,roll,3.38,-46.28726366955419,-13.694456706968696,0.34638920426368713,0.35751071907359805,0.20287372656827596,0.6698074340820312,1.084618617425174,-0.6685487904468123,1,3.38,-86.07054185557591,37.18987343109759,86.07054185557591,37.18987343109759,,,,,,,off,5.0,legged_eval-seed1-no-roughness,,n/a,settle,0.0,auto,hold,8.0,0.8,2.0,1.0,0,TROT,first,on,1000,1,deterministic,20.0,1,200,lo,1.0,0.42,0.5,0.05,dead-reckoned-heading-hold,off,,,2.312,0.7812
14,staircase_walking,9,0,1,1,heading-only,0.02,1.330511474609409,2.597128295898429,0.6824954480515221,1.075486831076065,3.915291004496591,0,roll,4.24,41.43870118624022,9.77327858166043,0.3420242369174957,0.0779508194833512,0.14083214525906343,0.5815505981445312,0.13337504694201818,2.188250118410208,1,4.24,-87.38856579104039,-8.429258445131074,87.38856579104039,18.369636266522328,,,,,,,off,5.0,legged_eval-seed1-no-roughness,,n/a,settle,0.0,auto,hold,8.0,0.8,2.0,1.0,0,TROT,first,on,1000,1,deterministic,20.0,1,200,lo,1.0,0.42,0.5,0.05,dead-reckoned-heading-hold,off,,,2.312,0.7812
15,staircase_climbing,0,0,1,1,heading-only,0.02,1.2526384592056274,2.5436477661132812,0.5994823472544912,1.569522666421336,9.962206307684808,0,roll,6.48,48.11484409874828,7.4251302621525115,0.3503471612930298,0.03898741654407831,0.08389626020266686,0.528228759765625,0.28734992661874187,3.323969166244091,1,6.48,-91.16996977257259,4.3476513367364,91.16996977257259,31.730477977160316,,,,,,,off,5.0,legged_eval-seed1-no-roughness,,n/a,settle,0.0,auto,hold,8.0,0.8,2.0,1.0,0,TROT,first,on,1000,1,deterministic,20.0,1,200,lo,1.0,0.42,0.5,0.05,dead-reckoned-heading-hold,off,,,2.312,0.7812
15,staircase_climbing,1,0,1,1,heading-only,0.02,1.5731636047363295,1.5122146606445312,0.7526294274637906,1.2508643486582147,9.639186351475077,0,roll,5.0600000000000005,-6.080275595903629,-1.2016354932615867,0.36350101232528687,0.11327343967121137,-0.09640026469475665,-0.5035400390625,0.3570555360291198,-0.18514927971743245,1,5.0600000000000005,86.20247407602608,-3.1208995336410985,86.20247407602608,32.61370046705963,,,,,,,off,5.0,legged_eval-seed1-no-roughness,,n/a,settle,0.0,auto,hold,8.0,0.8,2.0,1.0,0,TROT,first,on,1000,1,deterministic,20.0,1,200,lo,1.0,0.42,0.5,0.05,dead-reckoned-heading-hold,off,,,2.312,0.7812
15,staircase_climbing,2,0,1,1,heading-only,0.02,1.3414718627929716,2.5480575561523438,0.6457322339290346,1.4881253950185829,9.873750255954342,0,roll,8.06,48.532038605999475,6.021344740198446,0.38403430581092834,0.04236623607853245,0.0679972154035166,0.5324935913085938,0.3275254566195991,2.480567094025073,1,8.06,-92.97385015898548,0.11513777466600253,92.97385015898548,55.22448189241411,,,,,,,off,5.0,legged_eval-seed1-no-roughness,,n/a,settle,0.0,auto,hold,8.0,0.8,2.0,1.0,0,TROT,first,on,1000,1,deterministic,20.0,1,200,lo,1.0,0.42,0.5,0.05,dead-reckoned-heading-hold,off,,,2.312,0.7812
15,staircase_climbing,3,0,1,1,heading-only,0.02,1.1893661499023551,2.561004638671875,0.5921028148389452,1.6348998520328575,10.02634112153243,0,roll,6.34,58.45936222882935,9.220719594452579,0.35160577297210693,0.02986847790257967,0.08848653606811908,0.5452041625976562,0.2885404970899486,5.38801866138798,1,6.34,-87.11648153954737,11.04696947354722,87.11648153954737,31.14666010002393,,,,,,,off,5.0,legged_eval-seed1-no-roughness,,n/a,settle,0.0,auto,hold,8.0,0.8,2.0,1.0,0,TROT,first,on,1000,1,deterministic,20.0,1,200,lo,1.0,0.42,0.5,0.05,dead-reckoned-heading-hold,off,,,2.312,0.7812
15,staircase_climbing,4,0,1,1,heading-only,0.02,1.2343963623046932,2.478515625,0.5328403682443867,1.565527517509547,9.97708539940472,0,roll,5.32,44.448319219096675,8.354947221634713,0.34184446930885315,0.044059466598626536,0.08994654605263157,0.46256256103515625,0.30863931813311785,3.3096482800457654,1,5.32,-89.98367721640255,-2.7079547200229905,89.98367721640255,29.63364386381635,,,,,,,off,5.0,legged_eval-seed1-no-roughness,,n/a,settle,0.0,auto,hold,8.0,0.8,2.0,1.0,0,TROT,first,on,1000,1,deterministic,20.0,1,200,lo,1.0,0.42,0.5,0.05,dead-reckoned-heading-hold,off,,,2.312,0.7812
15,staircase_climbing,5,0,1,1,heading-only,0.02,1.2392578125,2.5771026611328125,0.6247333689894106,1.5706098241857607,9.677963995326133,0,roll,6.5,46.13133983262858,7.097129205019782,0.34734678268432617,0.03680889423076923,0.08878502478966346,0.5612335205078125,0.19869147037578455,3.365172321951989,1,6.5,-87.57375093571254,3.291458814581931,87.57375093571254,31.15073348505983,,,,,,,off,5.0,legged_eval-seed1-no-roughness,,n/a,settle,0.0,auto,hold,8.0,0.8,2.0,1.0,0,TROT,first,on,1000,1,deterministic,20.0,1,200,lo,1.0,0.42,0.5,0.05,dead-reckoned-heading-hold,off,,,2.312,0.7812
15,staircase_climbing,6,0,1,1,heading-only,0.02,1.7097869873047102,1.6116256713867188,0.8090934349461216,1.0636524007573511,9.198415615628582,0,roll,4.9,31.593207486997102,6.447593364693286,0.3798823058605194,0.1448544872050429,-0.07926006706393494,-0.40401458740234375,0.6590661981691494,0.7768605254481873,1,4.9,89.55784645867256,-1.3420805827744016,89.55784645867256,29.949523625794868,,,,,,,off,5.0,legged_eval-seed1-no-roughness,,n/a,settle,0.0,auto,hold,8.0,0.8,2.0,1.0,0,TROT,first,on,1000,1,deterministic,20.0,1,200,lo,1.0,0.42,0.5,0.05,dead-reckoned-heading-hold,off,,,2.312,0.7812
15,staircase_climbing,7,0,1,1,heading-only,0.02,1.238421630859392,2.3816680908203125,0.45001711702120234,1.5105899048683293,9.66911408116567,0,roll,6.76,47.21541445179602,6.984528765058584,0.3650604784488678,0.03526947202062013,0.05645977674856694,0.36573028564453125,0.3841228852600601,3.4563325353794845,1,6.76,-91.56783811700555,-5.357160252772321,91.56783811700555,34.07468710470582,,,,,,,off,5.0,legged_eval-seed1-no-roughness,,n/a,settle,0.0,auto,hold,8.0,0.8,2.0,1.0,0,TROT,first,on,1000,1,deterministic,20.0,1,200,lo,1.0,0.42,0.5,0.05,dead-reckoned-heading-hold,off,,,2.312,0.7812
15,staircase_climbing,8,0,1,1,heading-only,0.02,1.2900512695312614,2.4580841064453125,0.5421907298492817,1.4824967018945356,9.620860442331294,0,roll,5.78,41.38802966230307,7.160558765104337,0.34507957100868225,0.05018188054174072,0.07925330561337586,0.442169189453125,0.3260490839637,2.49044725674752,1,5.78,-89.47181570145943,9.843681080038749,89.47181570145943,31.441642923282977,,,,,,,off,5.0,legged_eval-seed1-no-roughness,,n/a,settle,0.0,auto,hold,8.0,0.8,2.0,1.0,0,TROT,first,on,1000,1,deterministic,20.0,1,200,lo,1.0,0.42,0.5,0.05,dead-reckoned-heading-hold,off,,,2.312,0.7812
15,staircase_climbing,9,0,1,1,heading-only,0.02,1.007086181640659,2.17413330078125,0.17427742369916333,1.701845939805639,9.89444623129186,0,roll,7.0,100.66926938199398,14.381324197427713,0.37197214365005493,0.001012311662951301,0.024876185825892856,0.1580657958984375,0.5113339013579115,247.94879603587015,1,7.0,-88.14389714545445,10.078105781688276,88.14389714545445,37.501758879629286,,,,,,,off,5.0,legged_eval-seed1-no-roughness,,n/a,settle,0.0,auto,hold,8.0,0.8,2.0,1.0,0,TROT,first,on,1000,1,deterministic,20.0,1,200,lo,1.0,0.42,0.5,0.05,dead-reckoned-heading-hold,off,,,2.312,0.7812
16,staircase_spiral,0,0,0,1,heading-only,0.02,3.4054181575775146,2.960519409179682,2.590103096059014,1.2640628567578254,1.8411233242249168,0,roll,6.5,46.06160496783116,7.086400764281716,0.3435448110103607,0.37006433193500227,0.14777221679687413,0.944580078125,1.6306472144079591,0.33421493178186584,1,6.5,-86.14180887296678,13.139274866817855,86.14180887296678,15.970499237389976,,,,,,,off,5.0,legged_eval-seed1-no-roughness,,n/a,settle,0.0,auto,hold,8.0,0.8,2.0,1.0,0,TROT,first,on,1000,1,deterministic,20.0,1,200,lo,1.0,0.42,0.5,0.05,dead-reckoned-heading-hold,off,,,2.312,0.7812
16,staircase_spiral,1,0,0,1,heading-only,0.02,3.449948883056642,2.836099243164057,2.588689142019566,1.1382227916232281,1.7883606024214973,0,roll,11.68,32.51773979070822,2.784053064272964,0.34857431054115295,0.2097558975219728,0.07158383931199117,0.8204803466796875,1.1357138435738625,0.2316544759687171,1,11.68,-90.38680382515622,2.4653924504309166,90.38680382515622,31.133400021181227,,,,,,,off,5.0,legged_eval-seed1-no-roughness,,n/a,settle,0.0,auto,hold,8.0,0.8,2.0,1.0,0,TROT,first,on,1000,1,deterministic,20.0,1,200,lo,1.0,0.42,0.5,0.05,dead-reckoned-heading-hold,off,,,2.312,0.7812
16,staircase_spiral,2,0,1,1,heading-only,0.02,3.375453186035159,1.5351882934570256,2.4205015516590733,1.950002354284376,1.8989875696434055,0,roll,6.46,-52.16273768722951,-8.07472719616556,0.34474682807922363,0.3677172114605509,-0.07195227655464001,-0.48075103759765625,1.4759323987050503,-0.3832580346556289,1,6.46,87.40779815918147,-6.408470613013878,87.40779815918147,14.30604008703714,,,,,,,off,5.0,legged_eval-seed1-no-roughness,,n/a,settle,0.0,auto,hold,8.0,0.8,2.0,1.0,0,TROT,first,on,1000,1,deterministic,20.0,1,200,lo,1.0,0.42,0.5,0.05,dead-reckoned-heading-hold,off,,,2.312,0.7812
16,staircase_spiral,3,0,0,1,heading-only,0.02,3.569371032714855,3.0610900878906193,2.7798524562238773,1.3611348420203495,1.84493889047979,0,roll,6.2,38.60619865354559,6.2268062344428365,0.351717472076416,0.41441468269594434,0.17114356256300312,1.0452728271484375,1.1933772173479817,0.2622452225093448,1,6.2,-86.46729010766798,-2.9293980259956762,86.46729010766798,13.732834912818245,,,,,,,off,5.0,legged_eval-seed1-no-roughness,,n/a,settle,0.0,auto,hold,8.0,0.8,2.0,1.0,0,TROT,first,on,1000,1,deterministic,20.0,1,200,lo,1.0,0.42,0.5,0.05,dead-reckoned-heading-hold,off,,,2.312,0.7812
16,staircase_spiral,4,0,0,1,heading-only,0.02,3.611257934570318,2.8366638183593693,2.742020121335386,1.1371567864046628,1.7466269704364152,0,roll,6.5,31.88101679069399,4.904771813952921,0.34787529706954956,0.4017319899338951,0.12871751051682606,0.8208770751953125,1.4921875322447575,0.21308837572676106,1,6.5,-90.57061452029899,0.4059641614822766,90.57061452029899,18.567299242876636,,,,,,,off,5.0,legged_eval-seed1-no-roughness,,n/a,settle,0.0,auto,hold,8.0,0.8,2.0,1.0,0,TROT,first,on,1000,1,deterministic,20.0,1,200,lo,1.0,0.42,0.5,0.05,dead-reckoned-heading-hold,off,,,2.312,0.7812
16,staircase_spiral,5,0,0,1,heading-only,0.02,3.622222900390625,2.7391296386718693,2.724401872355881,1.0394303439265342,1.738006272245616,0,roll,8.4,82.20657931418395,9.786497537402852,0.34211477637290955,0.3121693929036458,0.08799162365141301,0.7233428955078125,2.8855280676425785,0.5471599975809218,1,8.4,-86.45976858375363,18.162370338300793,86.45976858375363,29.175169710347987,,,,,,,off,5.0,legged_eval-seed1-no-roughness,,n/a,settle,0.0,auto,hold,8.0,0.8,2.0,1.0,0,TROT,first,on,1000,1,deterministic,20.0,1,200,lo,1.0,0.42,0.5,0.05,dead-reckoned-heading-hold,off,,,2.312,0.7812
16,staircase_spiral,6,0,0,1,heading-only,0.02,4.017633056640648,3.093942260742182,3.2098004508642113,1.4504651227009278,1.585862753252838,0,roll,6.5,25.076669392645528,3.857949137330081,0.34289711713790894,0.4642512394831766,0.16829880934495106,1.0779876708984375,0.9396012352815603,0.1450376630029974,1,6.5,-87.66751735098202,8.973881118631159,87.66751735098202,12.355159534582928,,,,,,,off,5.0,legged_eval-seed1-no-roughness,,n/a,settle,0.0,auto,hold,8.0,0.8,2.0,1.0,0,TROT,first,on,1000,1,deterministic,20.0,1,200,lo,1.0,0.42,0.5,0.05,dead-reckoned-heading-hold,off,,,2.312,0.7812
16,staircase_spiral,7,0,0,1,heading-only,0.02,4.265917968750017,2.5260253906249943,3.308008901164931,1.0387370330772727,1.1325047478560828,1,timeout,20.0,22.268985830259254,1.1134492915129628,0.34513264894485474,0.16329589843750086,0.026301269531249716,0.5102996826171875,1.3517538596954775,0.11900700738259626,0,20.0,19.950643457205956,-17.599058498977666,21.122317122437767,30.731695271003925,,,,,,,off,5.0,legged_eval-seed1-no-roughness,,n/a,settle,0.0,auto,hold,8.0,0.8,2.0,1.0,0,TROT,first,on,1000,1,deterministic,20.0,1,200,lo,1.0,0.42,0.5,0.05,dead-reckoned-heading-hold,off,,,2.312,0.7812
16,staircase_spiral,8,0,0,1,heading-only,0.02,4.240368652343761,3.2038208007812443,3.4567576605087202,1.6135313319044586,1.5494225305517613,0,roll,7.1000000000000005,33.09256555545582,4.6609247261205375,0.34442225098609924,0.45638995103433255,0.16955222546214707,1.1877899169921875,1.396892291720484,0.17824336945643832,1,7.1000000000000005,-86.64593604751371,16.214590657317693,86.64593604751371,18.014917795300406,,,,,,,off,5.0,legged_eval-seed1-no-roughness,,n/a,settle,0.0,auto,hold,8.0,0.8,2.0,1.0,0,TROT,first,on,1000,1,deterministic,20.0,1,200,lo,1.0,0.42,0.5,0.05,dead-reckoned-heading-hold,off,,,2.312,0.7812
16,staircase_spiral,9,0,0,1,heading-only,0.02,4.365484619140659,3.2226501464843693,3.580692684714872,1.6718948764377237,1.5047099052176505,0,roll,7.1000000000000005,28.806818511167876,4.05729838185463,0.3437701165676117,0.4740119181888252,0.17220424598371398,1.206634521484375,1.151207481791126,0.14939121313610645,1,7.1000000000000005,-89.80758953804497,14.910882859366232,89.80758953804497,17.716715030078003,,,,,,,off,5.0,legged_eval-seed1-no-roughness,,n/a,settle,0.0,auto,hold,8.0,0.8,2.0,1.0,0,TROT,first,on,1000,1,deterministic,20.0,1,200,lo,1.0,0.42,0.5,0.05,dead-reckoned-heading-hold,off,,,2.312,0.7812
17,squeeze,0,0,2,1,heading-only,0.02,2.8920106887817383,1.8617889404296761,1.8970521193293293,0.5232045718133383,5.80963356298942,0,roll,5.54,-10.289195524899043,-1.8572555099095744,0.3411445915699005,0.34151817487034986,-0.02494784468778409,-0.1540985107421875,0.500900020914079,-0.09491507651396298,1,5.54,87.29048934780891,-0.014085143148608998,87.29048934780891,13.560634663448862,,,,,,,off,5.0,legged_eval-seed1-no-roughness,,n/a,settle,0.0,auto,hold,8.0,0.8,2.0,1.0,0,TROT,first,on,1000,1,deterministic,20.0,1,200,lo,1.0,0.42,0.5,0.05,dead-reckoned-heading-hold,off,,,2.312,0.7812
17,squeeze,1,0,2,1,heading-only,0.02,2.658761596679689,1.6523468017578011,1.6948016936702006,0.8709646953352355,6.500541420142513,0,roll,19.94,-92.16706754360862,-4.6222200372923075,0.3611738681793213,0.08318764276227125,-0.01743496480652953,-0.3633270263671875,1.6995592842574572,-0.969770938611018,1,19.94,86.77659798271996,0.39001024007753937,86.77659798271996,19.011776832681413,,,,,,,off,5.0,legged_eval-seed1-no-roughness,,n/a,settle,0.0,auto,hold,8.0,0.8,2.0,1.0,0,TROT,first,on,1000,1,deterministic,20.0,1,200,lo,1.0,0.42,0.5,0.05,dead-reckoned-heading-hold,off,,,2.312,0.7812
17,squeeze,2,0,1,1,heading-only,0.02,1.6707031250000028,1.8344146728515511,0.6908409241291574,0.7434753610676305,7.8310476985810515,0,roll,2.48,14.132973301450875,5.698779557036643,0.35225746035575867,0.2704448084677431,-0.06676827707598745,-0.18133544921875,0.5609903446841217,0.3677736214614623,1,2.48,88.70476263326861,-12.888337467328107,88.70476263326861,13.779685721282288,,,,,,,off,5.0,legged_eval-seed1-no-roughness,,n/a,settle,0.0,auto,hold,8.0,0.8,2.0,1.0,0,TROT,first,on,1000,1,deterministic,20.0,1,200,lo,1.0,0.42,0.5,0.05,dead-reckoned-heading-hold,off,,,2.312,0.7812
17,squeeze,3,0,1,1,heading-only,0.02,1.7340438842773551,1.8200408935546761,0.7557815187192569,0.6799629299066615,7.268184336930366,0,roll,3.5,17.049360721442156,4.871245920412044,0.36055317521095276,0.2097268240792443,-0.05141688755580682,-0.19580078125,0.5699458549186059,0.40538104917570145,1,3.5,87.20756985638091,-8.746888503356764,87.20756985638091,16.70185577918828,,,,,,,off,5.0,legged_eval-seed1-no-roughness,,n/a,settle,0.0,auto,hold,8.0,0.8,2.0,1.0,0,TROT,first,on,1000,1,deterministic,20.0,1,200,lo,1.0,0.42,0.5,0.05,dead-reckoned-heading-hold,off,,,2.312,0.7812
17,squeeze,4,0,1,1,heading-only,0.02,1.6149810791015682,1.7305786132812386,0.6714086767940891,0.8773415670202697,7.73970965800902,0,roll,2.68,1.4794915665381723,0.5520490919918553,0.34933316707611084,0.2294705519035702,-0.10053036817864229,-0.285064697265625,0.4476214050791396,0.041988282191223636,1,2.68,89.73635986818854,-12.961062159304307,89.73635986818854,12.961062159304307,,,,,,,off,5.0,legged_eval-seed1-no-roughness,,n/a,settle,0.0,auto,hold,8.0,0.8,2.0,1.0,0,TROT,first,on,1000,1,deterministic,20.0,1,200,lo,1.0,0.42,0.5,0.05,dead-reckoned-heading-hold,off,,,2.312,0.7812
17,squeeze,5,0,1,1,heading-only,0.02,1.6703948974609375,1.5483581542968636,0.8083375998503327,0.8516491786745466,7.89253805367766,0,roll,3.06,7.7248431225790455,2.524458536790538,0.34696415066719055,0.2190832998238358,-0.14759537441278966,-0.4674835205078125,0.5276473580208068,0.20111123637676578,1,3.06,89.21730242057536,-26.4446691894953,89.21730242057536,26.4446691894953,,,,,,,off,5.0,legged_eval-seed1-no-roughness,,n/a,settle,0.0,auto,hold,8.0,0.8,2.0,1.0,0,TROT,first,on,1000,1,deterministic,20.0,1,200,lo,1.0,0.42,0.5,0.05,dead-reckoned-heading-hold,off,,,2.312,0.7812
17,squeeze,6,0,1,1,heading-only,0.02,1.6430908203125227,1.5550720214843636,0.7820017322463192,0.9891509892494836,8.568468685563694,0,roll,2.8000000000000003,-1.1479580836978016,-0.409985029892072,0.35030627250671387,0.2296752929687581,-0.15890284946987013,-0.4608154296875,0.3720149169695545,-0.031155239046445352,1,2.8000000000000003,86.2265684015286,-18.00477393531577,86.2265684015286,18.00477393531577,,,,,,,off,5.0,legged_eval-seed1-no-roughness,,n/a,settle,0.0,auto,hold,8.0,0.8,2.0,1.0,0,TROT,first,on,1000,1,deterministic,20.0,1,200,lo,1.0,0.42,0.5,0.05,dead-reckoned-heading-hold,off,,,2.312,0.7812
17,squeeze,7,0,1,1,heading-only,0.02,1.4585601806640796,1.4581329345703011,0.7098572785342606,1.1381878141822632,8.359021364741208,0,roll,5.1000000000000005,-33.47114518305699,-6.562969643736664,0.34493938088417053,0.0899137609145254,-0.10624844420190173,-0.5576019287109375,0.22485877380190158,-1.2739477008478626,1,5.1000000000000005,86.53435018950132,-2.11737916499617,86.53435018950132,22.230752346060747,,,,,,,off,5.0,legged_eval-seed1-no-roughness,,n/a,settle,0.0,auto,hold,8.0,0.8,2.0,1.0,0,TROT,first,on,1000,1,deterministic,20.0,1,200,lo,1.0,0.42,0.5,0.05,dead-reckoned-heading-hold,off,,,2.312,0.7812
17,squeeze,8,0,1,1,heading-only,0.02,1.2916076660156364,1.4971954345703011,0.5812464725880366,1.2985394465459958,9.172184176857783,0,roll,3.18,-43.210729532160855,-13.588279727094609,0.34156590700149536,0.09170052390428816,-0.15811464321688642,-0.5187835693359375,0.3177455700695463,-2.5862471752869363,1,3.18,86.7336330764896,0.20481389564309957,86.7336330764896,16.228695398915992,,,,,,,off,5.0,legged_eval-seed1-no-roughness,,n/a,settle,0.0,auto,hold,8.0,0.8,2.0,1.0,0,TROT,first,on,1000,1,deterministic,20.0,1,200,lo,1.0,0.42,0.5,0.05,dead-reckoned-heading-hold,off,,,2.312,0.7812
17,squeeze,9,0,1,1,heading-only,0.02,1.346258544921909,1.5265686035156136,0.586542638781354,1.2338655508488183,9.165976211707749,0,roll,3.12,-44.83822164464948,-14.371224886105601,0.34104105830192566,0.11098030285958625,-0.1517408322065341,-0.48956298828125,0.3197994448099154,-2.260087469074915,1,3.12,90.66073564509627,9.232146755146394,90.66073564509627,16.918078597617527,,,,,,,off,5.0,legged_eval-seed1-no-roughness,,n/a,settle,0.0,auto,hold,8.0,0.8,2.0,1.0,0,TROT,first,on,1000,1,deterministic,20.0,1,200,lo,1.0,0.42,0.5,0.05,dead-reckoned-heading-hold,off,,,2.312,0.7812
18,agility_poles,0,0,1,1,heading-only,0.02,7.421097755432129,3.0978363037109204,6.514272095526958,3.4268132507168736,10.934155595957538,0,roll,11.28,7.630512608590834,0.6764638837403222,0.34458738565444946,0.5692462549141959,0.09732591344954969,1.0821075439453125,1.4827683704333399,0.020740623131330727,1,11.28,87.19136480339452,6.941980458334252,87.19136480339452,17.030621867345154,,,,,,,off,5.0,legged_eval-seed1-no-roughness,,n/a,settle,0.0,auto,hold,8.0,0.8,2.0,1.0,0,TROT,first,on,1000,1,deterministic,20.0,1,200,lo,1.0,0.42,0.5,0.05,dead-reckoned-heading-hold,off,,,2.312,0.7812
18,agility_poles,1,0,1,1,heading-only,0.02,6.606164550781251,2.998425292968733,5.694377405483066,2.757921421882645,10.690560609045972,0,roll,10.3,-3.0273050191987068,-0.2939131086600686,0.3453126549720764,0.5442878204641991,0.09693449446298377,0.982421875,2.406566972378952,-0.0094247037468432,1,10.3,86.66125302436363,-2.721239483996731,86.66125302436363,11.540389794119564,,,,,,,off,5.0,legged_eval-seed1-no-roughness,,n/a,settle,0.0,auto,hold,8.0,0.8,2.0,1.0,0,TROT,first,on,1000,1,deterministic,20.0,1,200,lo,1.0,0.42,0.5,0.05,dead-reckoned-heading-hold,off,,,2.312,0.7812
18,agility_poles,2,0,1,1,heading-only,0.02,3.273516845703128,2.8193328857421704,2.416647517813571,0.483263261226615,13.3017409132785,0,roll,5.34,-0.08349967324369345,-0.015636642929530608,0.3410632610321045,0.4257522182964659,0.15343312467081843,0.803863525390625,0.49801825999286986,-0.0006410087636677058,1,5.34,-90.2935415336106,-0.6703866320240837,90.2935415336106,12.447310281394461,,,,,,,off,5.0,legged_eval-seed1-no-roughness,,n/a,settle,0.0,auto,hold,8.0,0.8,2.0,1.0,0,TROT,first,on,1000,1,deterministic,20.0,1,200,lo,1.0,0.42,0.5,0.05,dead-reckoned-heading-hold,off,,,2.312,0.7812
18,agility_poles,3,0,1,1,heading-only,0.02,3.208309936523449,2.5658233642577954,2.279646651410742,0.5148738968934452,12.304706444938383,1,timeout,20.0,66.03164324395527,3.3015821621977635,0.34482136368751526,0.11041549682617244,0.028291168212889774,0.5500946044921875,1.960184378781252,0.5218785488615001,0,20.0,3.0893405032185157,-22.289997902825665,16.03562104516941,22.71746952425991,,,,,,,off,5.0,legged_eval-seed1-no-roughness,,n/a,settle,0.0,auto,hold,8.0,0.8,2.0,1.0,0,TROT,first,on,1000,1,deterministic,20.0,1,200,lo,1.0,0.42,0.5,0.05,dead-reckoned-heading-hold,off,,,2.312,0.7812
18,agility_poles,4,0,2,1,heading-only,0.02,4.773275756835943,3.311138916015608,3.994583231604574,2.224401007609431,10.112086051134288,0,roll,9.18,38.962311292297954,4.2442604893570754,0.3522562086582184,0.41103221752025526,0.14282558997991374,1.2953948974609375,2.959965176018189,0.18022022774391477,1,9.18,89.00376257477276,-4.274627438009155,89.00376257477276,23.456791222926707,,,,,,,off,5.0,legged_eval-seed1-no-roughness,,n/a,settle,0.0,auto,hold,8.0,0.8,2.0,1.0,0,TROT,first,on,1000,1,deterministic,20.0,1,200,lo,1.0,0.42,0.5,0.05,dead-reckoned-heading-hold,off,,,2.312,0.7812
18,agility_poles,5,0,1,1,heading-only,0.02,2.7788238525390625,2.777233886718733,1.9412127170987266,0.5757925830282755,10.998672582329185,0,roll,4.6000000000000005,26.50187956358053,5.761278165995767,0.34221506118774414,0.3867008375084918,0.16896388841711585,0.761505126953125,0.715528038960141,0.26002858894164776,1,4.6000000000000005,-90.27472397068253,16.78806325910978,90.27472397068253,19.55575245710128,,,,,,,off,5.0,legged_eval-seed1-no-roughness,,n/a,settle,0.0,auto,hold,8.0,0.8,2.0,1.0,0,TROT,first,on,1000,1,deterministic,20.0,1,200,lo,1.0,0.42,0.5,0.05,dead-reckoned-heading-hold,off,,,2.312,0.7812
18,agility_poles,6,0,1,1,heading-only,0.02,2.3839202880859602,2.6894805908202954,1.546162620455504,0.8808294659651809,10.688341307519256,0,roll,4.8,31.074566200134058,6.473867958361263,0.3414243161678314,0.2883167266845751,0.14364178975422823,0.673553466796875,1.4581215157313676,0.3918964831214289,1,4.8,-89.14053736484603,-1.7325713335930446,89.14053736484603,14.260207294413783,,,,,,,off,5.0,legged_eval-seed1-no-roughness,,n/a,settle,0.0,auto,hold,8.0,0.8,2.0,1.0,0,TROT,first,on,1000,1,deterministic,20.0,1,200,lo,1.0,0.42,0.5,0.05,dead-reckoned-heading-hold,off,,,2.312,0.7812
18,agility_poles,7,0,1,1,heading-only,0.02,2.3667938232422046,2.729534912109358,1.549305180795395,0.7430364291448126,9.660790983760617,0,roll,4.36,36.94422215470766,8.473445448327444,0.3410252034664154,0.3134848218445423,0.16732452112599952,0.71380615234375,0.5957671915453431,0.4717597528048092,1,4.36,-89.74843892226646,-2.7996193700498053,89.74843892226646,13.629172014617637,,,,,,,off,5.0,legged_eval-seed1-no-roughness,,n/a,settle,0.0,auto,hold,8.0,0.8,2.0,1.0,0,TROT,first,on,1000,1,deterministic,20.0,1,200,lo,1.0,0.42,0.5,0.05,dead-reckoned-heading-hold,off,,,2.312,0.7812
18,agility_poles,8,0,1,1,heading-only,0.02,2.2491271972656364,1.5264251708984204,1.3358861754308615,1.5217293761104236,9.063253919538798,0,roll,5.12,-40.74814947291992,-7.958622943929671,0.3430246114730835,0.2439701557159446,-0.09249508380890226,-0.489593505859375,0.5587213925757786,-0.5693490414379351,1,5.12,87.41061566294351,-1.1363683345978557,87.41061566294351,21.896287946317827,,,,,,,off,5.0,legged_eval-seed1-no-roughness,,n/a,settle,0.0,auto,hold,8.0,0.8,2.0,1.0,0,TROT,first,on,1000,1,deterministic,20.0,1,200,lo,1.0,0.42,0.5,0.05,dead-reckoned-heading-hold,off,,,2.312,0.7812
18,agility_poles,9,0,1,1,heading-only,0.02,2.262884521484409,2.767529296874983,1.4778289942230498,0.5928794160590767,8.023908953166451,0,roll,6.08,6.873276739054916,1.1304731478708743,0.35310038924217224,0.20771126998098835,0.12623837119654324,0.7520294189453125,0.44849302034752697,0.09498992778551399,1,6.08,-87.22119431178407,-5.9728919011605495,87.22119431178407,32.651070376574836,,,,,,,off,5.0,legged_eval-seed1-no-roughness,,n/a,settle,0.0,auto,hold,8.0,0.8,2.0,1.0,0,TROT,first,on,1000,1,deterministic,20.0,1,200,lo,1.0,0.42,0.5,0.05,dead-reckoned-heading-hold,off,,,2.312,0.7812
19,balance_beam,0,0,5,1,heading-only,0.02,7.645785331726074,2.7548278808593807,6.6885146187407045,0.7551140044639791,2.4722645153864047,0,roll,12.200000000000001,-16.664918425309423,-1.3659769201073297,0.3532419502735138,0.5447365026004979,0.06187113777535907,0.7389984130859375,1.7420448609255907,-0.043765737468136855,1,12.200000000000001,-93.87565023109941,-9.528963200906746,93.87565023109941,9.528963200906746,,,,,,,off,5.0,legged_eval-seed1-no-roughness,,n/a,settle,0.0,auto,hold,8.0,0.8,2.0,1.0,0,TROT,first,on,1000,1,deterministic,20.0,1,200,lo,1.0,0.42,0.5,0.05,dead-reckoned-heading-hold,off,,,2.312,0.7812
19,balance_beam,1,0,1,1,heading-only,0.02,2.357949829101564,3.2217773437500057,1.8266821332836718,1.2622443062131614,8.332114431361813,0,roll,2.7600000000000002,-37.57806991423499,-13.615242722548908,0.3418138027191162,0.49201080764549415,0.44267295063406,1.2062835693359375,1.1150582798214241,-0.4829788498017996,1,2.7600000000000002,-92.00881152192561,15.885121264032277,92.00881152192561,28.914954958451958,,,,,,,off,5.0,legged_eval-seed1-no-roughness,,n/a,settle,0.0,auto,hold,8.0,0.8,2.0,1.0,0,TROT,first,on,1000,1,deterministic,20.0,1,200,lo,1.0,0.42,0.5,0.05,dead-reckoned-heading-hold,off,,,2.312,0.7812
19,balance_beam,2,0,1,1,heading-only,0.02,2.361132812500003,3.0096496582031307,1.6947197306852442,1.0649992502691534,8.598351311622125,0,roll,2.7800000000000002,-39.84838118307985,-14.33395006585606,0.3429984152317047,0.4896161196043175,0.3631833302888959,0.9937744140625,1.148088193959606,-0.5109607577214257,1,2.7800000000000002,-90.9056411536294,14.500065484290388,90.9056411536294,28.079390878944643,,,,,,,off,5.0,legged_eval-seed1-no-roughness,,n/a,settle,0.0,auto,hold,8.0,0.8,2.0,1.0,0,TROT,first,on,1000,1,deterministic,20.0,1,200,lo,1.0,0.42,0.5,0.05,dead-reckoned-heading-hold,off,,,2.312,0.7812
19,balance_beam,3,0,1,1,heading-only,0.02,2.3899124145507926,2.963705444335943,1.6913263149271793,1.0287814406555835,9.160918294472367,0,roll,2.7600000000000002,-39.806041866794146,-14.422478937244255,0.34097570180892944,0.5035914545473886,0.3491686392521533,0.94805908203125,1.1414305962656635,-0.4998491167422257,1,2.7600000000000002,-88.9411011718972,14.71381532928828,88.9411011718972,28.731568423954947,,,,,,,off,5.0,legged_eval-seed1-no-roughness,,n/a,settle,0.0,auto,hold,8.0,0.8,2.0,1.0,0,TROT,first,on,1000,1,deterministic,20.0,1,200,lo,1.0,0.42,0.5,0.05,dead-reckoned-heading-hold,off,,,2.312,0.7812
19,balance_beam,4,0,1,1,heading-only,0.02,2.2683776855468807,3.3039306640625057,1.8190704026715812,1.4081397167564695,9.917713068582641,0,roll,2.8000000000000003,-36.4597033884063,-13.021322638716534,0.3406940996646881,0.45299203055245735,0.46568952287946624,1.287933349609375,1.1100401363481744,-0.5016974641538685,1,2.8000000000000003,-91.93931753384419,15.246598407916984,91.93931753384419,28.111718045047063,,,,,,,off,5.0,legged_eval-seed1-no-roughness,,n/a,settle,0.0,auto,hold,8.0,0.8,2.0,1.0,0,TROT,first,on,1000,1,deterministic,20.0,1,200,lo,1.0,0.42,0.5,0.05,dead-reckoned-heading-hold,off,,,2.312,0.7812
19,balance_beam,5,0,1,1,heading-only,0.02,2.6350555419921875,3.2820800781250057,2.0777718720120326,1.2960741583153712,9.848749646259805,0,roll,2.2800000000000002,-13.924609271846862,-6.107284768353886,0.34235867857933044,0.7171296236807839,0.5623158237390375,1.266571044921875,0.6597839937907284,-0.14863732307915636,1,2.2800000000000002,-87.69510465070023,42.68512296479899,87.69510465070023,42.68512296479899,,,,,,,off,5.0,legged_eval-seed1-no-roughness,,n/a,settle,0.0,auto,hold,8.0,0.8,2.0,1.0,0,TROT,first,on,1000,1,deterministic,20.0,1,200,lo,1.0,0.42,0.5,0.05,dead-reckoned-heading-hold,off,,,2.312,0.7812
19,balance_beam,6,0,1,1,heading-only,0.02,2.4155975341797102,3.256094360351568,1.8925351835257096,1.3374691277591337,10.658674805085745,0,roll,2.34,-69.36855024837939,-29.64467959332453,0.3411351144313812,0.6049562111879104,0.5367924616887044,1.2401580810546875,1.3104594044650049,-0.8552639927215717,1,2.34,-87.64508148133979,11.23352725974948,87.64508148133979,27.78083611906643,,,,,,,off,5.0,legged_eval-seed1-no-roughness,,n/a,settle,0.0,auto,hold,8.0,0.8,2.0,1.0,0,TROT,first,on,1000,1,deterministic,20.0,1,200,lo,1.0,0.42,0.5,0.05,dead-reckoned-heading-hold,off,,,2.312,0.7812
19,balance_beam,7,0,1,1,heading-only,0.02,2.714343261718767,2.443807983398443,1.7708580815889041,0.4912654959504947,10.894700002745173,0,roll,2.2600000000000002,-25.508120884699224,-11.28677915252178,0.34141644835472107,0.7585589653622862,0.19637521389311643,0.428192138671875,0.8588123369859075,-0.2596916879927424,1,2.2600000000000002,-86.73254884671604,38.3605093198125,86.73254884671604,38.3605093198125,,,,,,,off,5.0,legged_eval-seed1-no-roughness,,n/a,settle,0.0,auto,hold,8.0,0.8,2.0,1.0,0,TROT,first,on,1000,1,deterministic,20.0,1,200,lo,1.0,0.42,0.5,0.05,dead-reckoned-heading-hold,off,,,2.312,0.7812
19,balance_beam,8,0,1,1,heading-only,0.02,3.1756713867187614,2.3528503417968807,2.204098306948425,0.41884476657796427,10.730131759179306,0,roll,2.3000000000000003,-22.20190308094925,-9.65300133954315,0.3407341241836548,0.9459440811820701,0.15341319208560028,0.336761474609375,0.8786677577533227,-0.17810424466520197,1,2.3000000000000003,-88.83714648867678,38.94101249914414,88.83714648867678,38.94101249914414,,,,,,,off,5.0,legged_eval-seed1-no-roughness,,n/a,settle,0.0,auto,hold,8.0,0.8,2.0,1.0,0,TROT,first,on,1000,1,deterministic,20.0,1,200,lo,1.0,0.42,0.5,0.05,dead-reckoned-heading-hold,off,,,2.312,0.7812
19,balance_beam,9,0,1,1,heading-only,0.02,2.378149414062534,3.2300170898437557,1.8472243634135534,1.3782743531454364,12.184096341916383,0,roll,2.18,-41.997828857463105,-19.26505910892803,0.3411669433116913,0.6321786303039146,0.5642280228641081,1.2142181396484375,0.9546119584432825,-0.531872948442555,1,2.18,-89.45791559631328,34.726092562663034,89.45791559631328,34.726092562663034,,,,,,,off,5.0,legged_eval-seed1-no-roughness,,n/a,settle,0.0,auto,hold,8.0,0.8,2.0,1.0,0,TROT,first,on,1000,1,deterministic,20.0,1,200,lo,1.0,0.42,0.5,0.05,dead-reckoned-heading-hold,off,,,2.312,0.7812
0,jump_on_and_off_box,0,0,0,1,off,0.0,0.5584847331047058,1.9323720932006836,0.4466645997610286,0.9439409576742468,17.54164562954396,0,roll,5.94,-67.63337695516705,-11.386090396492769,0.3465051054954529,-0.07432916951099228,-0.011385169494834412,-0.055818915367126465,0.23505350632381417,2.6735771118647667,1,5.94,90.1712755772557,0.028273564154119035,90.1712755772557,8.040670121992186,,,,,,,off,5.0,legged_eval-seed1-no-roughness,,n/a,settle,0.0,auto,hold,8.0,0.8,2.0,1.0,0,TURN,first,on,1000,1,deterministic,20.0,1,200,lo,1.0,0.42,0.5,0.05,open-loop,off,,,2.689,0.4889
0,jump_on_and_off_box,1,0,0,1,off,0.0,1.146340942382814,2.44053053855896,0.4642012783486678,0.5649264416167148,16.75944984103838,0,roll,10.4,-148.27441436987434,-14.257155227872532,0.346416711807251,0.014071244459885954,0.04235870563066923,0.45231103897094727,0.2481054907814659,-17.683887264105916,1,10.4,86.4430228838562,1.0584006261750547,86.4430228838562,8.086514620258528,,,,,,,off,5.0,legged_eval-seed1-no-roughness,,n/a,settle,0.0,auto,hold,8.0,0.8,2.0,1.0,0,TURN,first,on,1000,1,deterministic,20.0,1,200,lo,1.0,0.42,0.5,0.05,open-loop,off,,,2.689,0.4889
0,jump_on_and_off_box,2,0,0,1,off,0.0,1.2317687988281278,1.2795034646987915,0.7568566796238761,0.7688063700719128,16.084376555890945,0,roll,19.1,-309.6921552673838,-16.21424896687873,0.34646737575531006,0.012134492085242294,-0.03772233169116274,-0.7087403535842896,0.5032052629737505,-23.321291754295313,1,19.1,92.98851609261499,-0.05221252431205524,92.98851609261499,8.043996559791662,,,,,,,off,5.0,legged_eval-seed1-no-roughness,,n/a,settle,0.0,auto,hold,8.0,0.8,2.0,1.0,0,TURN,first,on,1000,1,deterministic,20.0,1,200,lo,1.0,0.42,0.5,0.05,open-loop,off,,,2.689,0.4889
0,jump_on_and_off_box,3,0,1,1,off,0.0,1.5332534790039176,2.2463247776031494,0.5873969432428319,1.0549454064412906,15.568695293601346,0,roll,12.18,-188.92914667626067,-15.511424193453257,0.3461548388004303,0.04378107380984545,0.02022370916282015,0.25807178020477295,0.26247860017315366,-6.183617720869712,1,12.18,88.51376787442709,0.1307282332874127,88.51376787442709,8.186221131289503,,,,,,,off,5.0,legged_eval-seed1-no-roughness,,n/a,settle,0.0,auto,hold,8.0,0.8,2.0,1.0,0,TURN,first,on,1000,1,deterministic,20.0,1,200,lo,1.0,0.42,0.5,0.05,open-loop,off,,,2.689,0.4889
0,jump_on_and_off_box,4,0,1,1,off,0.0,1.4974121093750057,2.2435812950134277,0.5538507505035188,1.1628806578485997,15.90445325895654,0,roll,12.26,-188.66397640755645,-15.388578826064963,0.34626099467277527,0.040571950193719876,0.01986796859815887,0.25532829761505127,0.2618028030950806,-6.619878177783306,1,12.26,89.58066788865351,-0.16584744808736204,89.58066788865351,8.119528001659491,,,,,,,off,5.0,legged_eval-seed1-no-roughness,,n/a,settle,0.0,auto,hold,8.0,0.8,2.0,1.0,0,TURN,first,on,1000,1,deterministic,20.0,1,200,lo,1.0,0.42,0.5,0.05,open-loop,off,,,2.689,0.4889
0,jump_on_and_off_box,5,0,0,1,off,0.0,0.9109954833984375,2.3727052211761475,0.3831853153076704,0.6970190115549226,15.94336144488159,0,roll,9.74,-119.9589887781496,-12.316117944368543,0.34650465846061707,-0.009138040718846252,0.03826542311870097,0.3846226930618286,0.2306181860959087,23.52329299100856,1,9.74,89.39397703116144,-0.0267236495023889,89.39397703116144,8.065718716662644,,,,,,,off,5.0,legged_eval-seed1-no-roughness,,n/a,settle,0.0,auto,hold,8.0,0.8,2.0,1.0,0,TURN,first,on,1000,1,deterministic,20.0,1,200,lo,1.0,0.42,0.5,0.05,open-loop,off,,,2.689,0.4889
0,jump_on_and_off_box,6,0,1,1,off,0.0,1.4481750488281477,2.294151782989502,0.5360840846621131,1.1752188703338544,14.754757356915498,0,roll,12.4,-177.03965946323476,-14.27739189219635,0.3461689352989197,0.03614314909904417,0.02372191798302435,0.3059316873550415,0.2648767696033786,-6.8944600381531105,1,12.4,89.39562045623856,0.19067857730449178,89.39562045623856,8.178726753755127,,,,,,,off,5.0,legged_eval-seed1-no-roughness,,n/a,settle,0.0,auto,hold,8.0,0.8,2.0,1.0,0,TURN,first,on,1000,1,deterministic,20.0,1,200,lo,1.0,0.42,0.5,0.05,open-loop,off,,,2.689,0.4889
0,jump_on_and_off_box,7,0,1,1,off,0.0,1.4792205810547046,2.2915358543395996,0.5609327229462807,1.1075156412236065,14.97361778479343,0,roll,12.0,-178.7191231012154,-14.893260258434616,0.3460381329059601,0.03993504842122538,0.02429465452829997,0.30337750911712646,0.2576479114203011,-6.5089799096863015,1,12.0,87.69164219710999,-2.0339016521764104,87.69164219710999,8.190442187060592,,,,,,,off,5.0,legged_eval-seed1-no-roughness,,n/a,settle,0.0,auto,hold,8.0,0.8,2.0,1.0,0,TURN,first,on,1000,1,deterministic,20.0,1,200,lo,1.0,0.42,0.5,0.05,open-loop,off,,,2.689,0.4889
0,jump_on_and_off_box,8,0,0,1,off,0.0,1.6967895507812614,1.6452109813690186,0.7819149095771784,0.4057109501083567,14.557534462503964,0,roll,15.8,-253.01220391070854,-16.013430627260032,0.34611809253692627,0.044100604479826666,-0.02245500117917604,-0.34266674518585205,0.46072424424044195,-6.3374888458328655,1,15.8,89.30085052214665,0.8089287123176921,89.30085052214665,8.133857563406803,,,,,,,off,5.0,legged_eval-seed1-no-roughness,,n/a,settle,0.0,auto,hold,8.0,0.8,2.0,1.0,0,TURN,first,on,1000,1,deterministic,20.0,1,200,lo,1.0,0.42,0.5,0.05,open-loop,off,,,2.689,0.4889
0,jump_on_and_off_box,9,0,1,1,off,0.0,1.466741943359409,2.2565410137176514,0.5325986607288814,0.9825592124100381,13.935619590267903,0,roll,12.56,-179.09553996807415,-14.25919904204412,0.346303254365921,0.03716098275154531,0.020425239945672878,0.2683457136154175,0.26271601275646117,-6.69707724482992,1,12.56,86.95918803986147,0.5941058960744428,86.95918803986147,8.175687263421056,,,,,,,off,5.0,legged_eval-seed1-no-roughness,,n/a,settle,0.0,auto,hold,8.0,0.8,2.0,1.0,0,TURN,first,on,1000,1,deterministic,20.0,1,200,lo,1.0,0.42,0.5,0.05,open-loop,off,,,2.689,0.4889
1,forward_ramp_lips,0,0,1,1,off,0.0,1.6550850868225098,2.141318893432617,0.6701548333171032,0.9563006866688556,12.595707709367575,0,roll,13.08,-204.86722466666305,-15.662631855249469,0.3462737500667572,0.05008295770814295,0.010804196745612907,0.15313053131103516,0.3007746919630774,-5.458233856611967,1,13.08,86.96266428607144,-0.3020910311018994,86.96266428607144,8.134547220773166,,,,,,,off,5.0,legged_eval-seed1-no-roughness,,n/a,settle,0.0,auto,hold,8.0,0.8,2.0,1.0,0,TURN,first,on,1000,1,deterministic,20.0,1,200,lo,1.0,0.42,0.5,0.05,open-loop,off,,,2.689,0.4889
1,forward_ramp_lips,1,0,1,1,off,0.0,1.4544807434082045,2.2787834167480465,0.5331725232817134,1.1400748276845751,12.098731597983186,0,roll,12.42,-176.86483168440384,-14.240324612270841,0.34630826115608215,0.03659265244832565,0.022446329850889415,0.29055309295654297,0.2624226794201071,-6.792088968895816,1,12.42,88.29089360821386,0.14927280924412137,88.29089360821386,8.14983512132062,,,,,,,off,5.0,legged_eval-seed1-no-roughness,,n/a,settle,0.0,auto,hold,8.0,0.8,2.0,1.0,0,TURN,first,on,1000,1,deterministic,20.0,1,200,lo,1.0,0.42,0.5,0.05,open-loop,off,,,2.689,0.4889
1,forward_ramp_lips,2,0,1,1,off,0.0,1.5631515502929716,2.2510305404663082,0.6165679207063761,0.9190466984735607,11.78952130956164,0,roll,12.16,-191.90039094137984,-15.781282149784525,0.34611546993255615,0.04631180512277727,0.020643958919926663,0.2628936767578125,0.26925468753342674,-5.947410880870268,1,12.16,91.50121271381326,-0.13731242074469802,91.50121271381326,8.18132704568563,,,,,,,off,5.0,legged_eval-seed1-no-roughness,,n/a,settle,0.0,auto,hold,8.0,0.8,2.0,1.0,0,TURN,first,on,1000,1,deterministic,20.0,1,200,lo,1.0,0.42,0.5,0.05,open-loop,off,,,2.689,0.4889
1,forward_ramp_lips,3,0,1,1,off,0.0,1.5624359130859489,2.2460094451904293,0.6138850083295143,1.0889633377186945,12.739939541275909,0,roll,13.1,-193.41189496673604,-14.764266791353897,0.34636786580085754,0.04293403916686633,0.018779346961101475,0.2578449249267578,0.26237106009511224,-6.001882705479259,1,13.1,86.06771162552802,0.47314116797569344,86.06771162552802,8.121938169196909,,,,,,,off,5.0,legged_eval-seed1-no-roughness,,n/a,settle,0.0,auto,hold,8.0,0.8,2.0,1.0,0,TURN,first,on,1000,1,deterministic,20.0,1,200,lo,1.0,0.42,0.5,0.05,open-loop,off,,,2.689,0.4889
1,forward_ramp_lips,4,0,1,1,off,0.0,1.5000366210937557,2.2722431182861325,0.5693443052222594,0.9475814634351795,11.953064087197651,0,roll,12.38,-185.2606632722593,-14.964512380634838,0.3464282751083374,0.04039068021758931,0.0219905588276359,0.2840232849121094,0.2639513181599549,-6.466343487916658,1,12.38,89.99184362691467,-0.05804104590697297,89.99184362691467,8.094713859734616,,,,,,,off,5.0,legged_eval-seed1-no-roughness,,n/a,settle,0.0,auto,hold,8.0,0.8,2.0,1.0,0,TURN,first,on,1000,1,deterministic,20.0,1,200,lo,1.0,0.42,0.5,0.05,open-loop,off,,,2.689,0.4889
1,forward_ramp_lips,5,0,1,1,off,0.0,1.077606201171875,2.40739688873291,0.41472273558316575,1.5108506649207802,12.878839013554666,0,roll,10.58,-139.43010062288553,-13.178648452068575,0.3464480936527252,0.007335179694884215,0.03850632218647541,0.4192085266113281,0.2424547697652888,-31.357214958464827,1,10.58,86.06836697463766,-0.24342902007938408,86.06836697463766,8.03751376264818,,,,,,,off,5.0,legged_eval-seed1-no-roughness,,n/a,settle,0.0,auto,hold,8.0,0.8,2.0,1.0,0,TURN,first,on,1000,1,deterministic,20.0,1,200,lo,1.0,0.42,0.5,0.05,open-loop,off,,,2.689,0.4889
1,forward_ramp_lips,6,0,1,1,off,0.0,1.5053497314453352,2.2634664535522457,0.5699060652592409,0.9378337363034992,12.14750775746418,0,roll,12.32,-186.49161523376975,-15.13730643131248,0.34620100259780884,0.04101864703290058,0.021385264087032934,0.2751588821411133,0.2626382210889663,-6.440871560142078,1,12.32,86.23335939059399,-0.0931307073921284,86.23335939059399,8.184309995181975,,,,,,,off,5.0,legged_eval-seed1-no-roughness,,n/a,settle,0.0,auto,hold,8.0,0.8,2.0,1.0,0,TURN,first,on,1000,1,deterministic,20.0,1,200,lo,1.0,0.42,0.5,0.05,open-loop,off,,,2.689,0.4889
1,forward_ramp_lips,7,0,1,1,off,0.0,1.4616729736328296,2.265798187255859,0.5327200117617885,1.1182666970397561,11.891298001572428,0,roll,12.540000000000001,-178.07332834836257,-14.200424908162883,0.34614476561546326,0.0368160266054888,0.021196027691854784,0.27765560150146484,0.26196029430130163,-6.731964111322793,1,12.540000000000001,88.22626709630309,0.045460783891284585,88.22626709630309,8.220574076901938,,,,,,,off,5.0,legged_eval-seed1-no-roughness,,n/a,settle,0.0,auto,hold,8.0,0.8,2.0,1.0,0,TURN,first,on,1000,1,deterministic,20.0,1,200,lo,1.0,0.42,0.5,0.05,open-loop,off,,,2.689,0.4889
1,forward_ramp_lips,8,0,0,1,off,0.0,1.5355041503906364,1.4617362976074215,0.7592710375083219,0.5394333675333101,12.426159302587472,0,roll,17.64,-275.7552141978882,-15.632381757249899,0.3461046516895294,0.03035737814005875,-0.030513815328377464,-0.5264368057250977,0.4684997335210126,-8.987486677338588,1,17.64,87.33902725654447,-0.4995408066559535,87.33902725654447,8.2134982562121,,,,,,,off,5.0,legged_eval-seed1-no-roughness,,n/a,settle,0.0,auto,hold,8.0,0.8,2.0,1.0,0,TURN,first,on,1000,1,deterministic,20.0,1,200,lo,1.0,0.42,0.5,0.05,open-loop,off,,,2.689,0.4889
1,forward_ramp_lips,9,0,0,1,off,0.0,1.107733154296909,2.426388359069824,0.439787977649479,0.5793792462524953,12.349629869890503,0,roll,10.46,-144.41382310095344,-13.806292839479294,0.3463321626186371,0.010299536739666262,0.040763705456006105,0.4382781982421875,0.2468427630585405,-23.395738433109244,1,10.46,90.46441072304354,0.862261158317745,90.46441072304354,8.092775525889515,,,,,,,off,5.0,legged_eval-seed1-no-roughness,,n/a,settle,0.0,auto,hold,8.0,0.8,2.0,1.0,0,TURN,first,on,1000,1,deterministic,20.0,1,200,lo,1.0,0.42,0.5,0.05,open-loop,off,,,2.689,0.4889
2,sphere_bump_lips,0,0,0,1,off,0.0,0.24558408558368683,2.071871948242187,0.7578317417928134,1.2564731844671588,16.104576291273535,0,roll,7.8,-74.42145384274534,-9.541212031121198,0.3469696342945099,-0.09671998902773246,0.009214352338741896,0.10413551330566406,0.34827697317353296,1.7217285304510612,1,7.8,90.87520118309716,-0.8172095147160088,90.87520118309716,11.937370805254467,,,,,,,off,5.0,legged_eval-seed1-no-roughness,,n/a,settle,0.0,auto,hold,8.0,0.8,2.0,1.0,0,TURN,first,on,1000,1,deterministic,20.0,1,200,lo,1.0,0.42,0.5,0.05,open-loop,off,,,2.689,0.4889
2,sphere_bump_lips,1,0,0,1,off,0.0,0.5940719604492202,1.5798885345458977,0.5841842318135032,0.9985986462289606,15.411655083190219,0,roll,2.88,-31.05907081600688,-10.784399588891278,0.3391972780227661,-0.1409472359551319,-0.14587203661600773,-0.3889942169189453,0.34550151257810396,1.335416614603165,1,2.88,88.25594483037655,-0.0959831049659382,88.25594483037655,6.684611416559107,,,,,,,off,5.0,legged_eval-seed1-no-roughness,,n/a,settle,0.0,auto,hold,8.0,0.8,2.0,1.0,0,TURN,first,on,1000,1,deterministic,20.0,1,200,lo,1.0,0.42,0.5,0.05,open-loop,off,,,2.689,0.4889
2,sphere_bump_lips,2,0,1,1,off,0.0,1.6134063720703153,2.1803237915039055,0.6393622189954691,1.6348703544585346,14.137743669730488,0,roll,13.120000000000001,-199.50616057207455,-15.206262238725193,0.3460969924926758,0.04675353445657891,0.013744191425602556,0.1921367645263672,0.2713908839103366,-5.676562126739768,1,13.120000000000001,88.56622292198503,-1.072553243426277,88.56622292198503,8.183056384768527,,,,,,,off,5.0,legged_eval-seed1-no-roughness,,n/a,settle,0.0,auto,hold,8.0,0.8,2.0,1.0,0,TURN,first,on,1000,1,deterministic,20.0,1,200,lo,1.0,0.42,0.5,0.05,open-loop,off,,,2.689,0.4889
2,sphere_bump_lips,3,0,0,1,off,0.0,1.6697586059570426,1.9093601226806634,0.6758640230208925,0.19244108619767988,13.830538406181436,0,roll,14.040000000000001,-227.4783847265219,-16.202164154310676,0.34605905413627625,0.04770360441289477,-0.0064558317179014705,-0.07874870300292969,0.3330077814149953,-5.927877231115167,1,14.040000000000001,90.05245910091806,-0.3101488341768863,90.05245910091806,8.214598466162801,,,,,,,off,5.0,legged_eval-seed1-no-roughness,,n/a,settle,0.0,auto,hold,8.0,0.8,2.0,1.0,0,TURN,first,on,1000,1,deterministic,20.0,1,200,lo,1.0,0.42,0.5,0.05,open-loop,off,,,2.689,0.4889
2,sphere_bump_lips,4,0,1,1,off,0.0,1.6628326416015682,2.042676162719726,0.6642050629414032,1.6718128228909004,13.187236412276583,0,roll,13.76,-210.76715624461178,-15.317380541032833,0.3462492525577545,0.048170976860579084,0.0031014653139335648,0.054569244384765625,0.28243458243320085,-5.549788288406314,1,13.76,91.72114762927356,0.10667143669704354,91.72114762927356,8.155690804768861,,,,,,,off,5.0,legged_eval-seed1-no-roughness,,n/a,settle,0.0,auto,hold,8.0,0.8,2.0,1.0,0,TURN,first,on,1000,1,deterministic,20.0,1,200,lo,1.0,0.42,0.5,0.05,open-loop,off,,,2.689,0.4889
2,sphere_bump_lips,5,0,0,1,off,0.0,1.144805908203125,2.3920375823974602,0.4179260904305656,0.5290144694235237,13.410925475326383,0,roll,10.8,-143.97499097171004,-13.331017682565744,0.34635254740715027,0.013407954463252315,0.03629977614791298,0.40382957458496094,0.253301653594521,-17.353143004777078,1,10.8,86.5455951629338,0.08038826818635954,86.5455951629338,8.09640188442703,,,,,,,off,5.0,legged_eval-seed1-no-roughness,,n/a,settle,0.0,auto,hold,8.0,0.8,2.0,1.0,0,TURN,first,on,1000,1,deterministic,20.0,1,200,lo,1.0,0.42,0.5,0.05,open-loop,off,,,2.689,0.4889
2,sphere_bump_lips,6,0,1,1,off,0.0,1.5910430908203352,2.1736824035644524,0.6160336943011968,0.9592492949708262,12.56015781047116,0,roll,13.14,-198.37413006356158,-15.096965758261916,0.3463623821735382,0.044980448312049864,0.013217838931845693,0.1854877471923828,0.2595902703292254,-5.857917593763191,1,13.14,88.92302816772269,-0.684700337725285,88.92302816772269,8.132019501651985,,,,,,,off,5.0,legged_eval-seed1-no-roughness,,n/a,settle,0.0,auto,hold,8.0,0.8,2.0,1.0,0,TURN,first,on,1000,1,deterministic,20.0,1,200,lo,1.0,0.42,0.5,0.05,open-loop,off,,,2.689,0.4889
2,sphere_bump_lips,7,0,1,1,off,0.0,1.240161132812517,2.437512588500976,0.499093813636891,1.885908002593594,12.417548790910953,0,roll,11.040000000000001,-156.0234137488708,-14.132555593194818,0.3464648127555847,0.02175372579823524,0.039629763451175345,0.4492168426513672,0.25488682253850925,-11.33873016099155,1,11.040000000000001,89.14050869478737,-1.3567630200127656,89.14050869478737,8.021123852721585,,,,,,,off,5.0,legged_eval-seed1-no-roughness,,n/a,settle,0.0,auto,hold,8.0,0.8,2.0,1.0,0,TURN,first,on,1000,1,deterministic,20.0,1,200,lo,1.0,0.42,0.5,0.05,open-loop,off,,,2.689,0.4889
2,sphere_bump_lips,8,0,1,1,off,0.0,1.5597045898437614,2.2274639129638665,0.6041597964057246,0.85782578514483,11.892470927964595,0,roll,13.3,-191.99006579917236,-14.435343293170853,0.34631529450416565,0.04208305186795198,0.017102549846907254,0.23943138122558594,0.26417571024234027,-5.986834555441989,1,13.3,88.55760989959562,-0.11239138650164934,88.55760989959562,8.20039350483196,,,,,,,off,5.0,legged_eval-seed1-no-roughness,,n/a,settle,0.0,auto,hold,8.0,0.8,2.0,1.0,0,TURN,first,on,1000,1,deterministic,20.0,1,200,lo,1.0,0.42,0.5,0.05,open-loop,off,,,2.689,0.4889
2,sphere_bump_lips,9,0,1,1,off,0.0,1.604315185546909,2.124236297607421,0.616953402718386,1.4636842080320565,11.546353211829931,0,roll,13.4,-198.45693516519373,-14.810219042178636,0.346116304397583,0.04509814817514247,0.00927136549309113,0.13615036010742188,0.26224017447895254,-5.7316563026872345,1,13.4,86.6363888016021,-0.5894334170219648,86.6363888016021,8.241005764819532,,,,,,,off,5.0,legged_eval-seed1-no-roughness,,n/a,settle,0.0,auto,hold,8.0,0.8,2.0,1.0,0,TURN,first,on,1000,1,deterministic,20.0,1,200,lo,1.0,0.42,0.5,0.05,open-loop,off,,,2.689,0.4889
3,forward_ramp_no_lips,0,0,1,1,off,0.0,1.460991382598877,2.265894699096677,0.5321776450003668,1.0069073150903871,9.242833993068357,0,roll,12.64,-179.91443287773126,-14.233736778301523,0.34636661410331726,0.03647083723092381,0.021035973029800384,0.2777080535888672,0.2640124300341839,-6.811622394918054,1,12.64,88.54115956241307,0.26566868484818007,88.54115956241307,8.128191754322298,,,,,,,off,5.0,legged_eval-seed1-no-roughness,,n/a,settle,0.0,auto,hold,8.0,0.8,2.0,1.0,0,TURN,first,on,1000,1,deterministic,20.0,1,200,lo,1.0,0.42,0.5,0.05,open-loop,off,,,2.689,0.4889
3,forward_ramp_no_lips,1,0,1,1,off,0.0,1.6209579467773452,2.204979705810544,0.6539154773058314,0.9168416863883443,9.231318101980152,0,roll,13.1,-199.64428815154974,-15.240021996301508,0.3462162911891937,0.04740136998300345,0.01564730578706443,0.2167682647705078,0.3018481530744877,-5.611410851779073,1,13.1,90.83305471447942,0.15720326213422667,90.83305471447942,8.1846268265009,,,,,,,off,5.0,legged_eval-seed1-no-roughness,,n/a,settle,0.0,auto,hold,8.0,0.8,2.0,1.0,0,TURN,first,on,1000,1,deterministic,20.0,1,200,lo,1.0,0.42,0.5,0.05,open-loop,off,,,2.689,0.4889
3,forward_ramp_no_lips,2,0,1,1,off,0.0,1.5540802001953153,2.262564468383786,0.613143513629673,0.9389936062717973,9.099708627452676,0,roll,12.18,-190.16737271106376,-15.61308478744366,0.34634271264076233,0.04549098523771062,0.02155701710868524,0.27443504333496094,0.25949756248946104,-5.990192001997728,1,12.18,88.41314079069967,-1.0216999148594437,88.41314079069967,8.121473351191513,,,,,,,off,5.0,legged_eval-seed1-no-roughness,,n/a,settle,0.0,auto,hold,8.0,0.8,2.0,1.0,0,TURN,first,on,1000,1,deterministic,20.0,1,200,lo,1.0,0.42,0.5,0.05,open-loop,off,,,2.689,0.4889
3,forward_ramp_no_lips,3,0,0,1,off,0.0,1.1644943237304801,2.3977134704589815,0.4303886466022021,0.5203268812905932,9.793584499297873,0,roll,10.76,-145.41435284247632,-13.514345059709695,0.34641173481941223,0.015287576554877334,0.03696221844414327,0.4095420837402344,0.2478458276163463,-15.428856018864032,1,10.76,90.4327264609179,-0.05123710702749502,90.4327264609179,8.054472014528818,,,,,,,off,5.0,legged_eval-seed1-no-roughness,,n/a,settle,0.0,auto,hold,8.0,0.8,2.0,1.0,0,TURN,first,on,1000,1,deterministic,20.0,1,200,lo,1.0,0.42,0.5,0.05,open-loop,off,,,2.689,0.4889
3,forward_ramp_no_lips,4,0,1,1,off,0.0,1.5054840087890682,2.2452190399169893,0.5618242257853223,0.8670311023453253,8.747953606305964,0,roll,12.32,-189.28927777808914,-15.364389430039703,0.3463718891143799,0.041029546167943846,0.01990414285040498,0.2570362091064453,0.2623683864941565,-6.535757963667632,1,12.32,89.92187690960192,-0.27745565355351126,89.92187690960192,8.115258553054518,,,,,,,off,5.0,legged_eval-seed1-no-roughness,,n/a,settle,0.0,auto,hold,8.0,0.8,2.0,1.0,0,TURN,first,on,1000,1,deterministic,20.0,1,200,lo,1.0,0.42,0.5,0.05,open-loop,off,,,2.689,0.4889
3,forward_ramp_no_lips,5,0,1,1,off,0.0,1.508026123046875,2.250574874877927,0.5664612163406487,0.855550953232963,9.245370133759062,0,roll,12.22,-190.21269396560103,-15.565686903895337,0.34626227617263794,0.04157333249156096,0.02050530890981398,0.26233673095703125,0.26016241613313534,-6.534777717487119,1,12.22,88.41298828884179,-0.0729767683644394,88.41298828884179,8.17901722059674,,,,,,,off,5.0,legged_eval-seed1-no-roughness,,n/a,settle,0.0,auto,hold,8.0,0.8,2.0,1.0,0,TURN,first,on,1000,1,deterministic,20.0,1,200,lo,1.0,0.42,0.5,0.05,open-loop,off,,,2.689,0.4889
3,forward_ramp_no_lips,6,0,1,1,off,0.0,1.5820861816406477,2.1325386047363253,0.596984760779068,0.8916244150692856,9.418846382216321,0,roll,13.5,-198.24413491514957,-14.684750734455523,0.3463158905506134,0.04311749493634428,0.009817674424912983,0.14422988891601562,0.2637183161256537,-5.9441591059333145,1,13.5,89.35453964082376,-0.003341387891304746,89.35453964082376,8.138348931014738,,,,,,,off,5.0,legged_eval-seed1-no-roughness,,n/a,settle,0.0,auto,hold,8.0,0.8,2.0,1.0,0,TURN,first,on,1000,1,deterministic,20.0,1,200,lo,1.0,0.42,0.5,0.05,open-loop,off,,,2.689,0.4889
3,forward_ramp_no_lips,7,0,1,1,off,0.0,1.4441558837890796,2.2898014068603487,0.5303388582054833,1.0257547469676944,10.159978079119762,0,roll,12.44,-176.47037884316342,-14.185721771958475,0.3464478850364685,0.03570384917918646,0.023295933027359224,0.301513671875,0.262610093572896,-6.934477861195163,1,12.44,87.34107280480414,-0.15798922546420088,87.34107280480414,8.08322293426798,,,,,,,off,5.0,legged_eval-seed1-no-roughness,,n/a,settle,0.0,auto,hold,8.0,0.8,2.0,1.0,0,TURN,first,on,1000,1,deterministic,20.0,1,200,lo,1.0,0.42,0.5,0.05,open-loop,off,,,2.689,0.4889
3,forward_ramp_no_lips,8,0,1,1,off,0.0,1.4769409179687614,2.2552383422851534,0.5409429273087484,0.9081264926927304,10.026308392088355,0,roll,12.48,-178.4928583238479,-14.302312365692941,0.34614071249961853,0.03821641970903537,0.020451790247207804,0.2668914794921875,0.2634585104524498,-6.531811282442657,1,12.48,90.26784173341163,0.004337364825213602,90.26784173341163,8.11255006648711,,,,,,,off,5.0,legged_eval-seed1-no-roughness,,n/a,settle,0.0,auto,hold,8.0,0.8,2.0,1.0,0,TURN,first,on,1000,1,deterministic,20.0,1,200,lo,1.0,0.42,0.5,0.05,open-loop,off,,,2.689,0.4889
3,forward_ramp_no_lips,9,0,0,1,off,0.0,1.661993408203159,2.006979751586911,0.6620302028130208,0.16214370550067717,9.488009159086646,0,roll,13.72,-212.8271021278185,-15.512179455380357,0.3460436463356018,0.04825024841130897,0.0005087282497748702,0.0190277099609375,0.2664597198898027,-5.611133923056692,1,13.72,90.98460850568885,0.20268849538513975,90.98460850568885,8.281066239241687,,,,,,,off,5.0,legged_eval-seed1-no-roughness,,n/a,settle,0.0,auto,hold,8.0,0.8,2.0,1.0,0,TURN,first,on,1000,1,deterministic,20.0,1,200,lo,1.0,0.42,0.5,0.05,open-loop,off,,,2.689,0.4889
4,flush_a_frame,0,0,1,1,off,0.0,1.4836885929107666,2.320322418212889,0.5801388683080547,1.1457040741780222,12.620377172345512,0,roll,12.0,-179.20043934464942,-14.933369945387453,0.3463236093521118,0.04030738274256388,0.0266935348510741,0.3321037292480469,0.26102838759082525,-6.466221724938477,1,12.0,86.69588625697915,-2.1647364866702343,86.69588625697915,8.113350359615925,,,,,,,off,5.0,legged_eval-seed1-no-roughness,,n/a,settle,0.0,auto,hold,8.0,0.8,2.0,1.0,0,TURN,first,on,1000,1,deterministic,20.0,1,200,lo,1.0,0.42,0.5,0.05,open-loop,off,,,2.689,0.4889
4,flush_a_frame,1,0,1,1,off,0.0,1.661557769775392,2.075827026367186,0.6658891954956775,1.1392520003691142,12.638669698376193,0,roll,13.68,-206.9941562973346,-15.13115177612095,0.34621524810791016,0.0483594860946924,0.005542911284151029,0.087615966796875,0.2648196703287006,-5.460943435072669,1,13.68,86.13154245164847,-0.06571851867483401,86.13154245164847,8.188821792570353,,,,,,,off,5.0,legged_eval-seed1-no-roughness,,n/a,settle,0.0,auto,hold,8.0,0.8,2.0,1.0,0,TURN,first,on,1000,1,deterministic,20.0,1,200,lo,1.0,0.42,0.5,0.05,open-loop,off,,,2.689,0.4889
4,flush_a_frame,2,0,1,1,off,0.0,1.5151397705078153,2.2548164367675767,0.5747176694741245,1.2454891878933156,11.787614773359088,0,roll,12.26,-189.51402798268614,-15.457914191083699,0.34644362330436707,0.04201792581629815,0.02078437494025911,0.2666740417480469,0.26447143952199254,-6.420866639269428,1,12.26,86.40944762859985,-0.031196013156270363,86.40944762859985,8.084940770806282,,,,,,,off,5.0,legged_eval-seed1-no-roughness,,n/a,settle,0.0,auto,hold,8.0,0.8,2.0,1.0,0,TURN,first,on,1000,1,deterministic,20.0,1,200,lo,1.0,0.42,0.5,0.05,open-loop,off,,,2.689,0.4889
4,flush_a_frame,3,0,1,1,off,0.0,1.6409194946289176,2.2037109374999986,0.672514642704912,0.9153046246198581,13.060669270440174,0,roll,13.08,-202.4507612027688,-15.477886942107707,0.34612730145454407,0.0489999613630671,0.015574230695718545,0.21554946899414062,0.31458552653963523,-5.513067375494505,1,13.08,87.83668960992131,0.6490739684205187,87.83668960992131,8.190418681200024,,,,,,,off,5.0,legged_eval-seed1-no-roughness,,n/a,settle,0.0,auto,hold,8.0,0.8,2.0,1.0,0,TURN,first,on,1000,1,deterministic,20.0,1,200,lo,1.0,0.42,0.5,0.05,open-loop,off,,,2.689,0.4889
4,flush_a_frame,4,0,0,1,off,0.0,1.0836395263671932,2.4135688781738267,0.4219416871617285,0.5868519924117943,13.12287892542146,0,roll,10.6,-139.1849870255732,-13.130659153355964,0.34632861614227295,0.007890521355395584,0.0390159319031912,0.42545318603515625,0.2507755599985002,-29.04411823516359,1,10.6,89.68629080068732,-0.06475732966988658,89.68629080068732,8.100816729254518,,,,,,,off,5.0,legged_eval-seed1-no-roughness,,n/a,settle,0.0,auto,hold,8.0,0.8,2.0,1.0,0,TURN,first,on,1000,1,deterministic,20.0,1,200,lo,1.0,0.42,0.5,0.05,open-loop,off,,,2.689,0.4889
4,flush_a_frame,5,0,1,1,off,0.0,1.601043701171875,2.2334236145019517,0.6447791207270455,1.2763045528458759,13.301004669646108,0,roll,13.02,-194.85492879397594,-14.965816343623345,0.3462814390659332,0.0461631106890841,0.01792808099093331,0.245391845703125,0.2807254162716409,-5.658257568564837,1,13.02,89.74875648254653,1.3262289491068475,89.74875648254653,8.133008015377703,,,,,,,off,5.0,legged_eval-seed1-no-roughness,,n/a,settle,0.0,auto,hold,8.0,0.8,2.0,1.0,0,TURN,first,on,1000,1,deterministic,20.0,1,200,lo,1.0,0.42,0.5,0.05,open-loop,off,,,2.689,0.4889
4,flush_a_frame,6,0,0,1,off,0.0,1.6408325195312727,1.715517425537108,0.7011395390803702,0.31743366823725744,13.562151492243897,0,roll,16.240000000000002,-245.0019098461457,-15.086324497915374,0.3462636172771454,0.0394601305130094,-0.017517399905350492,-0.2723884582519531,0.338867223228846,-6.672710685183764,1,16.240000000000002,87.38795927372209,-0.011834038517987554,87.38795927372209,8.16421533992161,,,,,,,off,5.0,legged_eval-seed1-no-roughness,,n/a,settle,0.0,auto,hold,8.0,0.8,2.0,1.0,0,TURN,first,on,1000,1,deterministic,20.0,1,200,lo,1.0,0.42,0.5,0.05,open-loop,off,,,2.689,0.4889
4,flush_a_frame,7,0,1,1,off,0.0,1.4862701416015796,2.2712043762207017,0.5567858334175539,1.2143215004653418,12.216740517323545,0,roll,12.22,-185.53809525253308,-15.183150184331675,0.3460618257522583,0.03979297394448278,0.022193484142446946,0.2830085754394531,0.2597513076789377,-6.659365593310044,1,12.22,89.56430676733446,0.8359868735078008,89.56430676733446,8.212729327701316,,,,,,,off,5.0,legged_eval-seed1-no-roughness,,n/a,settle,0.0,auto,hold,8.0,0.8,2.0,1.0,0,TURN,first,on,1000,1,deterministic,20.0,1,200,lo,1.0,0.42,0.5,0.05,open-loop,off,,,2.689,0.4889
4,flush_a_frame,8,0,0,1,off,0.0,0.5802124023437614,2.068888092041014,0.42540239347122544,0.9223636994305912,13.21996708378546,0,roll,7.34,-75.5652443243545,-10.294992414762193,0.3462434709072113,-0.057191770797852676,0.009385298643189946,0.08056640625,0.18229067759907866,3.141737204475373,1,7.34,86.06540523359116,-0.09772387067129354,86.06540523359116,8.22665055816808,,,,,,,off,5.0,legged_eval-seed1-no-roughness,,n/a,settle,0.0,auto,hold,8.0,0.8,2.0,1.0,0,TURN,first,on,1000,1,deterministic,20.0,1,200,lo,1.0,0.42,0.5,0.05,open-loop,off,,,2.689,0.4889
4,flush_a_frame,9,0,1,1,off,0.0,1.596533203125034,2.231924438476561,0.640031880138233,0.8843830916212186,12.405634910247134,0,roll,12.86,-194.79912741103445,-15.147677092615432,0.34649503231048584,0.04638671875000266,0.018034559757119834,0.24376678466796875,0.2637355193755966,-5.699408072381628,1,12.86,87.47786927179722,-2.239977508908711,87.47786927179722,8.134487002058279,,,,,,,off,5.0,legged_eval-seed1-no-roughness,,n/a,settle,0.0,auto,hold,8.0,0.8,2.0,1.0,0,TURN,first,on,1000,1,deterministic,20.0,1,200,lo,1.0,0.42,0.5,0.05,open-loop,off,,,2.689,0.4889
5,sphere_bump,0,0,0,1,off,0.0,0.9071660041809082,1.907318115234375,0.13117958127486054,0.60003506427753,15.043119508849696,1,timeout,20.0,-40.7280913726197,-2.036404568630985,0.35141491889953613,-0.00464169979095459,-0.00463409423828125,-0.08307266235351562,0.1668092161490747,7.657101110788584,0,20.0,-4.854960837917822,3.07203791626948,8.676278072858457,7.911092335095005,,,,,,,off,5.0,legged_eval-seed1-no-roughness,,n/a,settle,0.0,auto,hold,8.0,0.8,2.0,1.0,0,TURN,first,on,1000,1,deterministic,20.0,1,200,lo,1.0,0.42,0.5,0.05,open-loop,off,,,2.689,0.4889
5,sphere_bump,1,0,1,1,off,0.0,1.5395065307617202,2.2623367309570312,0.599906540340884,1.4648073985373569,14.01294929028068,0,roll,12.200000000000001,-189.93096768434552,-15.56811210527422,0.34634509682655334,0.04422184678374755,0.021503010734182888,0.2741851806640625,0.26292102447486676,-6.144357016235742,1,12.200000000000001,89.7985807389305,-0.04398225406992668,89.7985807389305,8.147993243134573,,,,,,,off,5.0,legged_eval-seed1-no-roughness,,n/a,settle,0.0,auto,hold,8.0,0.8,2.0,1.0,0,TURN,first,on,1000,1,deterministic,20.0,1,200,lo,1.0,0.42,0.5,0.05,open-loop,off,,,2.689,0.4889
5,sphere_bump,2,0,1,1,off,0.0,1.4593231201171903,2.2610015869140625,0.528298738448096,1.651557088571714,13.893128733646813,0,roll,12.48,-176.81539440414934,-14.167900192640172,0.34608930349349976,0.03680473718887743,0.02091358869503706,0.2728843688964844,0.2628797099821994,-6.718605411757648,1,12.48,86.74779693407866,0.44792619025752695,86.74779693407866,8.20420847084526,,,,,,,off,5.0,legged_eval-seed1-no-roughness,,n/a,settle,0.0,auto,hold,8.0,0.8,2.0,1.0,0,TURN,first,on,1000,1,deterministic,20.0,1,200,lo,1.0,0.42,0.5,0.05,open-loop,off,,,2.689,0.4889
5,sphere_bump,3,0,1,1,off,0.0,1.6181991577148551,2.138702392578125,0.6335681118129705,1.6586819781384075,13.032538952433285,0,roll,13.42,-198.7632403643967,-14.810971711206907,0.3463474214076996,0.04606551100706819,0.01033549870179769,0.15048599243164062,0.26439104461265117,-5.611578296409988,1,13.42,86.73086223807137,-0.7866031586508038,86.73086223807137,8.119707663414108,,,,,,,off,5.0,legged_eval-seed1-no-roughness,,n/a,settle,0.0,auto,hold,8.0,0.8,2.0,1.0,0,TURN,first,on,1000,1,deterministic,20.0,1,200,lo,1.0,0.42,0.5,0.05,open-loop,off,,,2.689,0.4889
5,sphere_bump,4,0,1,1,off,0.0,1.4586242675781307,2.271770477294922,0.5330998134877618,1.45833677407323,13.094196338827887,0,roll,12.58,-180.13453947154454,-14.319120784701473,0.34627771377563477,0.036456619044366506,0.0216033765735232,0.2836494445800781,0.2619187723769011,-6.855155805305354,1,12.58,88.74341792106509,0.2475666346332599,88.74341792106509,8.110379123120707,,,,,,,off,5.0,legged_eval-seed1-no-roughness,,n/a,settle,0.0,auto,hold,8.0,0.8,2.0,1.0,0,TURN,first,on,1000,1,deterministic,20.0,1,200,lo,1.0,0.42,0.5,0.05,open-loop,off,,,2.689,0.4889
5,sphere_bump,5,0,1,1,off,0.0,1.475372314453125,2.266143798828125,0.5448039638284455,1.4475933714148306,12.727410665859745,0,roll,12.4,-181.951809746998,-14.673533044112743,0.34624534845352173,0.03833647697202621,0.021463209582913305,0.27794647216796875,0.26263835325948737,-6.680359927356618,1,12.4,88.55230335846261,-0.24808510994999716,88.55230335846261,8.153637702242774,,,,,,,off,5.0,legged_eval-seed1-no-roughness,,n/a,settle,0.0,auto,hold,8.0,0.8,2.0,1.0,0,TURN,first,on,1000,1,deterministic,20.0,1,200,lo,1.0,0.42,0.5,0.05,open-loop,off,,,2.689,0.4889
5,sphere_bump,6,0,1,1,off,0.0,1.3931976318359602,2.3187179565429688,0.5061477190547569,1.3794898719153987,12.660814638979044,0,roll,12.32,-175.4056962245943,-14.23747534290538,0.34622448682785034,0.03191539219447729,0.025869964005111098,0.33056640625,0.25921202316273523,-7.785924120594293,1,12.32,88.04533098083402,0.23396871631100716,88.04533098083402,8.171388271161698,,,,,,,off,5.0,legged_eval-seed1-no-roughness,,n/a,settle,0.0,auto,hold,8.0,0.8,2.0,1.0,0,TURN,first,on,1000,1,deterministic,20.0,1,200,lo,1.0,0.42,0.5,0.05,open-loop,off,,,2.689,0.4889
5,sphere_bump,7,0,1,1,off,0.0,1.4886810302734546,2.2597122192382812,0.5534072516427645,1.5140135110395097,12.264069198850642,0,roll,12.38,-183.80106910829414,-14.846613013594034,0.3462638854980469,0.03947342732418857,0.02097836989000656,0.27158355712890625,0.26130321423707503,-6.564473809900674,1,12.38,89.06467650313084,-1.07364848182226,89.06467650313084,8.147407172085757,,,,,,,off,5.0,legged_eval-seed1-no-roughness,,n/a,settle,0.0,auto,hold,8.0,0.8,2.0,1.0,0,TURN,first,on,1000,1,deterministic,20.0,1,200,lo,1.0,0.42,0.5,0.05,open-loop,off,,,2.689,0.4889
5,sphere_bump,8,0,0,1,off,0.0,0.6233337402343864,2.125690460205078,0.39708382368510187,0.8856307485617212,12.777284484788582,0,roll,7.74,-87.13580034171883,-11.257855341307343,0.3462384045124054,-0.04866489144258574,0.016239077545875728,0.13739776611328125,0.17726258557987867,4.0375440403654395,1,7.74,88.27459521628472,1.7367476892169518,88.27459521628472,8.173084188021825,,,,,,,off,5.0,legged_eval-seed1-no-roughness,,n/a,settle,0.0,auto,hold,8.0,0.8,2.0,1.0,0,TURN,first,on,1000,1,deterministic,20.0,1,200,lo,1.0,0.42,0.5,0.05,open-loop,off,,,2.689,0.4889
5,sphere_bump,9,0,1,1,off,0.0,1.620062255859409,2.2063560485839844,0.6534982937457872,1.3391027553410761,11.631768341545198,0,roll,13.08,-200.00847291480122,-15.29116765403679,0.34655821323394775,0.04740537124307409,0.015776456313760272,0.21834945678710938,0.29526842219119903,-5.629767577790891,1,13.08,87.214890011104,0.9351047696914842,87.214890011104,8.121129434424718,,,,,,,off,5.0,legged_eval-seed1-no-roughness,,n/a,settle,0.0,auto,hold,8.0,0.8,2.0,1.0,0,TURN,first,on,1000,1,deterministic,20.0,1,200,lo,1.0,0.42,0.5,0.05,open-loop,off,,,2.689,0.4889
6,box_jump_even,0,0,1,1,off,0.0,1.3668817281723022,2.4375015258789006,0.5709726680087772,1.2644284443606149,10.092605296394582,0,roll,11.200000000000001,-168.44191258835116,-15.03945648110278,0.3463664948940277,0.03275729715824127,0.03906263623918755,0.4492835998535156,0.25390046033429436,-8.013116345882818,1,11.200000000000001,87.29197783095802,1.0358503509221593,87.29197783095802,8.11495014714756,,,,,,,off,5.0,legged_eval-seed1-no-roughness,,n/a,settle,0.0,auto,hold,8.0,0.8,2.0,1.0,0,TURN,first,on,1000,1,deterministic,20.0,1,200,lo,1.0,0.42,0.5,0.05,open-loop,off,,,2.689,0.4889
6,box_jump_even,1,0,0,1,off,0.0,1.1311355590820327,2.3828330993652287,0.4046698862348721,0.531622194554847,10.126103828997788,0,roll,10.84,-142.75417575234042,-13.169204405197455,0.3464454114437103,0.012097376299080505,0.03531670658350818,0.3946876525878906,0.2563749500862589,-18.999655053824117,1,10.84,88.36297142786196,-0.10812995327409838,88.36297142786196,8.086076227560921,,,,,,,off,5.0,legged_eval-seed1-no-roughness,,n/a,settle,0.0,auto,hold,8.0,0.8,2.0,1.0,0,TURN,first,on,1000,1,deterministic,20.0,1,200,lo,1.0,0.42,0.5,0.05,open-loop,off,,,2.689,0.4889
6,box_jump_even,2,0,0,1,off,0.0,1.1098358154296903,2.4152122497558537,0.42949402638269885,0.5697624972466441,10.39845724108509,0,roll,10.46,-144.0260604275519,-13.769221838198076,0.3464276194572449,0.010500555968421638,0.03969524376250991,0.4270668029785156,0.24523789812543534,-22.886241189206782,1,10.46,91.6051682802986,-0.07070268812483137,91.6051682802986,8.058501074475497,,,,,,,off,5.0,legged_eval-seed1-no-roughness,,n/a,settle,0.0,auto,hold,8.0,0.8,2.0,1.0,0,TURN,first,on,1000,1,deterministic,20.0,1,200,lo,1.0,0.42,0.5,0.05,open-loop,off,,,2.689,0.4889
6,box_jump_even,3,0,1,1,off,0.0,1.4852188110351676,2.2747512817382756,0.5576069954719067,0.9497185602846575,9.868606597335367,0,roll,12.38,-182.17230518951945,-14.715048884452298,0.3464450538158417,0.039193765027073314,0.022193156844771855,0.28658294677734375,0.2624144311298269,-6.552727262823748,1,12.38,87.75671916980048,-0.47461438716482907,87.75671916980048,8.110887739761235,,,,,,,off,5.0,legged_eval-seed1-no-roughness,,n/a,settle,0.0,auto,hold,8.0,0.8,2.0,1.0,0,TURN,first,on,1000,1,deterministic,20.0,1,200,lo,1.0,0.42,0.5,0.05,open-loop,off,,,2.689,0.4889
6,box_jump_even,4,0,1,1,off,0.0,1.5884307861328182,2.1709114074706974,0.6127491324126875,0.9241479778972385,10.612945486051322,0,roll,13.16,-198.45844841051178,-15.08042921052521,0.3464488387107849,0.0447135855724026,0.012987189017530201,0.182769775390625,0.26499608730294816,-5.886424427121856,1,13.16,89.97454976599636,-0.7097150085405194,89.97454976599636,8.079198893059187,,,,,,,off,5.0,legged_eval-seed1-no-roughness,,n/a,settle,0.0,auto,hold,8.0,0.8,2.0,1.0,0,TURN,first,on,1000,1,deterministic,20.0,1,200,lo,1.0,0.42,0.5,0.05,open-loop,off,,,2.689,0.4889
6,box_jump_even,5,0,1,1,off,0.0,1.47393798828125,2.25869522094726,0.539944843550737,1.04364465365388,10.62921055837324,0,roll,12.24,-184.5734651703772,-15.079531468168073,0.34617456793785095,0.03872042387918709,0.02113523046954738,0.27045440673828125,0.2621858175510079,-6.797122743253213,1,12.24,89.03369882513844,0.06815750636653818,89.03369882513844,8.167422899619577,,,,,,,off,5.0,legged_eval-seed1-no-roughness,,n/a,settle,0.0,auto,hold,8.0,0.8,2.0,1.0,0,TURN,first,on,1000,1,deterministic,20.0,1,200,lo,1.0,0.42,0.5,0.05,open-loop,off,,,2.689,0.4889
6,box_jump_even,6,0,1,1,off,0.0,1.4744049072265852,2.32174453735351,0.573218599940275,1.057039212553018,10.33060664081367,0,roll,12.06,-179.49116496891324,-14.883181174868428,0.34597381949424744,0.03933705698396229,0.02667865152184991,0.3335762023925781,0.25980872171064967,-6.603455738394366,1,12.06,89.06388220403284,0.24464220994470226,89.06388220403284,8.173776232545254,,,,,,,off,5.0,legged_eval-seed1-no-roughness,,n/a,settle,0.0,auto,hold,8.0,0.8,2.0,1.0,0,TURN,first,on,1000,1,deterministic,20.0,1,200,lo,1.0,0.42,0.5,0.05,open-loop,off,,,2.689,0.4889
6,box_jump_even,7,0,1,1,off,0.0,1.476702880859392,2.250627136230463,0.5385718132568087,0.979959783390138,10.326339011066386,0,roll,12.66,-183.06325373774948,-14.459972649111332,0.34628137946128845,0.03765425599205308,0.01979677221409661,0.2623329162597656,0.2629730765454339,-6.702406562715857,1,12.66,88.95405443449768,-0.31928131396331116,88.95405443449768,8.152166308262695,,,,,,,off,5.0,legged_eval-seed1-no-roughness,,n/a,settle,0.0,auto,hold,8.0,0.8,2.0,1.0,0,TURN,first,on,1000,1,deterministic,20.0,1,200,lo,1.0,0.42,0.5,0.05,open-loop,off,,,2.689,0.4889
6,box_jump_even,8,0,1,1,off,0.0,1.1830261230468864,2.3836914062499943,0.42510899419757303,1.2330567222711786,10.973683753097754,0,roll,10.84,-147.9613830664194,-13.649574083618024,0.3463185727596283,0.01688432869436221,0.03539588618542383,0.3954505920410156,0.25029249815701005,-14.109533968831638,1,10.84,91.22287188381554,0.21071097994320287,91.22287188381554,8.118868727071188,,,,,,,off,5.0,legged_eval-seed1-no-roughness,,n/a,settle,0.0,auto,hold,8.0,0.8,2.0,1.0,0,TURN,first,on,1000,1,deterministic,20.0,1,200,lo,1.0,0.42,0.5,0.05,open-loop,off,,,2.689,0.4889
6,box_jump_even,9,0,1,1,off,0.0,1.622900390625034,2.1423545837402287,0.6389598767940549,0.7347697166151468,10.57805752367379,0,roll,13.120000000000001,-202.69763506161635,-15.449514867501245,0.34616339206695557,0.04747716391959101,0.01085019693141987,0.15420913696289062,0.2623320289668844,-5.67946524207706,1,13.120000000000001,86.78145721928867,-0.45016785945096993,86.78145721928867,8.242047325022439,,,,,,,off,5.0,legged_eval-seed1-no-roughness,,n/a,settle,0.0,auto,hold,8.0,0.8,2.0,1.0,0,TURN,first,on,1000,1,deterministic,20.0,1,200,lo,1.0,0.42,0.5,0.05,open-loop,off,,,2.689,0.4889
7,box_jump_uneven,0,0,1,1,off,0.0,1.4840481281280518,2.260310363769527,0.5496035624248575,1.139380450729347,10.819083897453432,0,roll,12.24,-186.6798065984324,-15.251618186146437,0.3463066816329956,0.03954641569673625,0.021267186582477695,0.27214813232421875,0.2606597501037017,-6.73110189420452,1,12.24,91.85131438642269,-0.09171487077631806,91.85131438642269,8.13182534041065,,,,,,,off,5.0,legged_eval-seed1-no-roughness,,n/a,settle,0.0,auto,hold,8.0,0.8,2.0,1.0,0,TURN,first,on,1000,1,deterministic,20.0,1,200,lo,1.0,0.42,0.5,0.05,open-loop,off,,,2.689,0.4889
7,box_jump_uneven,1,0,1,1,off,0.0,1.3779159545898452,2.4275695800781207,0.5706454368009389,1.3012480273306346,11.23022644776397,0,roll,11.26,-171.41846069843947,-15.223664360429794,0.3464568257331848,0.03356269578950668,0.03797243162327893,0.4393882751464844,0.2546930190137671,-7.916618765501199,1,11.26,86.61696839676638,0.276346177383127,86.61696839676638,8.076448846265256,,,,,,,off,5.0,legged_eval-seed1-no-roughness,,n/a,settle,0.0,auto,hold,8.0,0.8,2.0,1.0,0,TURN,first,on,1000,1,deterministic,20.0,1,200,lo,1.0,0.42,0.5,0.05,open-loop,off,,,2.689,0.4889
7,box_jump_uneven,2,0,1,1,off,0.0,1.5591918945312528,2.2007438659667926,0.5941327079304298,1.059979696716822,10.6926926472091,0,roll,13.200000000000001,-194.27384232234644,-14.717715327450486,0.34615790843963623,0.042363022312973696,0.015207868633847923,0.212646484375,0.26521133224278953,-6.063603983150631,1,13.200000000000001,90.26376664886725,-0.17735838803217016,90.26376664886725,8.168931676779827,,,,,,,off,5.0,legged_eval-seed1-no-roughness,,n/a,settle,0.0,auto,hold,8.0,0.8,2.0,1.0,0,TURN,first,on,1000,1,deterministic,20.0,1,200,lo,1.0,0.42,0.5,0.05,open-loop,off,,,2.689,0.4889
7,box_jump_uneven,3,0,1,1,off,0.0,1.4784210205078239,2.277533721923824,0.5530927948081027,1.2234875748940208,11.474935696967181,0,roll,12.42,-181.0965013278413,-14.581038754254534,0.3463762104511261,0.038520210990968105,0.022345710299824788,0.28928375244140625,0.263544399481133,-6.606587245389283,1,12.42,89.73258166464349,-0.17440219654480782,89.73258166464349,8.14643346095607,,,,,,,off,5.0,legged_eval-seed1-no-roughness,,n/a,settle,0.0,auto,hold,8.0,0.8,2.0,1.0,0,TURN,first,on,1000,1,deterministic,20.0,1,200,lo,1.0,0.42,0.5,0.05,open-loop,off,,,2.689,0.4889
7,box_jump_uneven,4,0,1,1,off,0.0,1.4455169677734432,2.2720863342285114,0.5220309778623797,1.0660817884997889,11.107815914313743,0,roll,12.6,-179.25346469219087,-14.22646545176118,0.3462376892566681,0.03535848950582882,0.021594153510199315,0.2840690612792969,0.26347839423081854,-7.0223209906498765,1,12.6,90.5617975596872,0.2753440006063065,90.5617975596872,8.18455307461434,,,,,,,off,5.0,legged_eval-seed1-no-roughness,,n/a,settle,0.0,auto,hold,8.0,0.8,2.0,1.0,0,TURN,first,on,1000,1,deterministic,20.0,1,200,lo,1.0,0.42,0.5,0.05,open-loop,off,,,2.689,0.4889
7,box_jump_uneven,5,0,0,1,off,0.0,1.6595306396484375,1.9591476440429645,0.6607946576829427,0.16467829235779669,10.990545285645014,0,roll,14.18,-218.91454100310997,-15.438261001629758,0.34613722562789917,0.04651132860708304,-0.0028809842000730264,-0.02886199951171875,0.29149027810573924,-5.793179711913102,1,14.18,89.8100947479191,-0.2676701083612376,89.8100947479191,8.21780330232214,,,,,,,off,5.0,legged_eval-seed1-no-roughness,,n/a,settle,0.0,auto,hold,8.0,0.8,2.0,1.0,0,TURN,first,on,1000,1,deterministic,20.0,1,200,lo,1.0,0.42,0.5,0.05,open-loop,off,,,2.689,0.4889
7,box_jump_uneven,6,0,1,1,off,0.0,1.4994750976562727,2.23881454467773,0.553631429678965,0.93077540326941,10.753177114818774,0,roll,12.280000000000001,-188.41265385050872,-15.343049987826442,0.34629130363464355,0.040673867887318624,0.019447438491671833,0.25079345703125,0.26022477091365304,-6.583753980012763,1,12.280000000000001,88.22865913653784,-0.18649588020585006,88.22865913653784,8.140324033402745,,,,,,,off,5.0,legged_eval-seed1-no-roughness,,n/a,settle,0.0,auto,hold,8.0,0.8,2.0,1.0,0,TURN,first,on,1000,1,deterministic,20.0,1,200,lo,1.0,0.42,0.5,0.05,open-loop,off,,,2.689,0.4889
7,box_jump_uneven,7,0,1,1,off,0.0,1.5108978271484546,2.236731719970699,0.5630794766507633,1.0086201338033636,10.091879139262318,0,roll,12.68,-185.5368616987578,-14.632244613466703,0.34626781940460205,0.04029162674672355,0.018669694003998333,0.24849319458007812,0.2635161621652595,-6.338310613953213,1,12.68,86.11717946222406,0.01804673692932491,86.11717946222406,8.204020590233245,,,,,,,off,5.0,legged_eval-seed1-no-roughness,,n/a,settle,0.0,auto,hold,8.0,0.8,2.0,1.0,0,TURN,first,on,1000,1,deterministic,20.0,1,200,lo,1.0,0.42,0.5,0.05,open-loop,off,,,2.689,0.4889
7,box_jump_uneven,8,0,0,1,off,0.0,0.5079467773437614,1.9943000793456989,0.4920862353509345,0.99206959719472,12.442054528272479,0,roll,6.8,-70.7811869859454,-10.408998086168442,0.34629374742507935,-0.07236076803768215,-0.0008382236256325203,0.005985260009765625,0.24861839197954888,2.510632396035676,1,6.8,86.20463627657342,-0.6468372784054792,86.20463627657342,8.059336283613685,,,,,,,off,5.0,legged_eval-seed1-no-roughness,,n/a,settle,0.0,auto,hold,8.0,0.8,2.0,1.0,0,TURN,first,on,1000,1,deterministic,20.0,1,200,lo,1.0,0.42,0.5,0.05,open-loop,off,,,2.689,0.4889
7,box_jump_uneven,9,0,0,1,off,0.0,0.5356506347656591,1.9025604248046832,0.47446264743157507,0.9692595983750277,12.714722735948634,0,roll,5.92,-62.65725389938521,-10.583995591112366,0.34658461809158325,-0.0784373927760711,-0.016459387701911615,-0.0854949951171875,0.25060743075270964,2.355070261053202,1,5.92,89.18128546339342,0.011672517709089994,89.18128546339342,8.078366519293608,,,,,,,off,5.0,legged_eval-seed1-no-roughness,,n/a,settle,0.0,auto,hold,8.0,0.8,2.0,1.0,0,TURN,first,on,1000,1,deterministic,20.0,1,200,lo,1.0,0.42,0.5,0.05,open-loop,off,,,2.689,0.4889
8,flat_circle_jump,0,0,1,1,off,0.0,1.62819242477417,2.0740859985351534,0.6325460123363374,0.8036799536603332,7.172190225534008,0,roll,13.74,-207.11942089826468,-15.074193660717953,0.3462773561477661,0.04571997269098762,0.005391994070971864,0.08586883544921875,0.26375416462506307,-5.754472191857778,1,13.74,90.18463929438175,-0.2906419724038701,90.18463929438175,8.122931323831338,,,,,,,off,5.0,legged_eval-seed1-no-roughness,,n/a,settle,0.0,auto,hold,8.0,0.8,2.0,1.0,0,TURN,first,on,1000,1,deterministic,20.0,1,200,lo,1.0,0.42,0.5,0.05,open-loop,off,,,2.689,0.4889
8,flat_circle_jump,1,0,0,1,off,0.0,0.6651969909667983,2.1479461669921847,0.3660343196824111,0.8478113777359721,8.63607034901503,0,roll,8.06,-83.31388182959341,-10.336709904416056,0.34670159220695496,-0.04153883486764289,0.0183556038451842,0.15981292724609375,0.17395833151520632,4.34315556106511,1,8.06,86.25545882784616,0.2202506426407045,86.25545882784616,8.05363861216949,,,,,,,off,5.0,legged_eval-seed1-no-roughness,,n/a,settle,0.0,auto,hold,8.0,0.8,2.0,1.0,0,TURN,first,on,1000,1,deterministic,20.0,1,200,lo,1.0,0.42,0.5,0.05,open-loop,off,,,2.689,0.4889
8,flat_circle_jump,2,0,1,1,off,0.0,1.4565460205078153,2.283581542968747,0.5374502398865014,1.4116874829141697,8.398243161362135,0,roll,12.3,-181.93178186650925,-14.791201777764979,0.3462088406085968,0.037117562642911814,0.023055409997459118,0.2953338623046875,0.26369351920028083,-6.955067977722839,1,12.3,87.33886220691545,0.21579623363095402,87.33886220691545,8.208058204000277,,,,,,,off,5.0,legged_eval-seed1-no-roughness,,n/a,settle,0.0,auto,hold,8.0,0.8,2.0,1.0,0,TURN,first,on,1000,1,deterministic,20.0,1,200,lo,1.0,0.42,0.5,0.05,open-loop,off,,,2.689,0.4889
8,flat_circle_jump,3,0,0,1,off,0.0,0.5580795288086051,1.847966003417966,0.46734145865173404,0.9541113719928745,9.693112851711545,0,roll,6.24,-51.78504726418606,-8.298885779516997,0.34637174010276794,-0.0708205883319543,-0.02436442252917213,-0.14017486572265625,0.24366454662659756,2.045208667578303,1,6.24,86.10135312211887,0.5153811562324807,86.10135312211887,8.042512417655525,,,,,,,off,5.0,legged_eval-seed1-no-roughness,,n/a,settle,0.0,auto,hold,8.0,0.8,2.0,1.0,0,TURN,first,on,1000,1,deterministic,20.0,1,200,lo,1.0,0.42,0.5,0.05,open-loop,off,,,2.689,0.4889
8,flat_circle_jump,4,0,0,1,off,0.0,0.5443939208984432,1.8786743164062472,0.47148363790675224,0.9632771667154486,10.556303312176338,0,roll,6.4,-58.139986129462926,-9.084372832728581,0.34652507305145264,-0.07118844985961825,-0.01895713806152388,-0.10955810546875,0.23846182328308496,2.2272182737859674,1,6.4,88.66080113047377,0.1563339264938901,88.66080113047377,8.079358053110417,,,,,,,off,5.0,legged_eval-seed1-no-roughness,,n/a,settle,0.0,auto,hold,8.0,0.8,2.0,1.0,0,TURN,first,on,1000,1,deterministic,20.0,1,200,lo,1.0,0.42,0.5,0.05,open-loop,off,,,2.689,0.4889
8,flat_circle_jump,5,0,1,1,off,0.0,1.228271484375,2.423191833496091,0.4808317777732135,1.879724194501279,10.330400325166702,0,roll,11.0,-153.72989436998034,-13.975444942725487,0.3462147116661072,0.020751953125,0.03847198486328099,0.4351959228515625,0.2543327346963903,-11.753955264475863,1,11.0,91.40626093320456,0.12029837348245934,91.40626093320456,8.135133371586747,,,,,,,off,5.0,legged_eval-seed1-no-roughness,,n/a,settle,0.0,auto,hold,8.0,0.8,2.0,1.0,0,TURN,first,on,1000,1,deterministic,20.0,1,200,lo,1.0,0.42,0.5,0.05,open-loop,off,,,2.689,0.4889
8,flat_circle_jump,6,0,1,1,off,0.0,1.4894805908203352,2.2607620239257784,0.5546062404189955,1.5911611678082551,10.613723143445005,0,roll,12.24,-187.39360538892876,-15.309935080794833,0.3461971879005432,0.039990244348066604,0.021304086922040718,0.2726287841796875,0.2596488520264055,-6.681849030496673,1,12.24,86.9055357785873,-0.2532525749627201,86.9055357785873,8.145017103883733,,,,,,,off,5.0,legged_eval-seed1-no-roughness,,n/a,settle,0.0,auto,hold,8.0,0.8,2.0,1.0,0,TURN,first,on,1000,1,deterministic,20.0,1,200,lo,1.0,0.42,0.5,0.05,open-loop,off,,,2.689,0.4889
8,flat_circle_jump,7,0,1,1,off,0.0,1.588427734375017,2.203594970703122,0.6226540858914529,1.4115768434258207,10.913471501774827,0,roll,13.14,-196.5188027012539,-14.955768850932563,0.3462628722190857,0.04478141053082321,0.015494290007847956,0.2152252197265625,0.26353170373643314,-5.828923330503761,1,13.14,87.73081933029951,-0.289793187468283,87.73081933029951,8.06957810909119,,,,,,,off,5.0,legged_eval-seed1-no-roughness,,n/a,settle,0.0,auto,hold,8.0,0.8,2.0,1.0,0,TURN,first,on,1000,1,deterministic,20.0,1,200,lo,1.0,0.42,0.5,0.05,open-loop,off,,,2.689,0.4889
8,flat_circle_jump,8,0,1,1,off,0.0,1.5133483886718864,2.237675476074216,0.5656997437502754,1.7110087193028003,11.589089057998477,0,roll,12.26,-190.17281877653835,-15.511649166112427,0.34648796916007996,0.04187180984273135,0.019386254165922996,0.24941253662109375,0.26312961326308815,-6.46567108944519,1,12.26,87.40987830362555,-0.16835325019113084,87.40987830362555,8.14493952653634,,,,,,,off,5.0,legged_eval-seed1-no-roughness,,n/a,settle,0.0,auto,hold,8.0,0.8,2.0,1.0,0,TURN,first,on,1000,1,deterministic,20.0,1,200,lo,1.0,0.42,0.5,0.05,open-loop,off,,,2.689,0.4889
8,flat_circle_jump,9,0,1,1,off,0.0,1.691870117187534,1.9936492919921847,0.6918992632958159,1.861170904160731,12.258131527903911,0,roll,14.0,-218.52812825978512,-15.60915201855608,0.34617048501968384,0.049419294084823866,-0.0004536220005582387,0.0056915283203125,0.33986935717725975,-5.512646451414677,1,14.0,90.18798604605239,0.4578573602657532,90.18798604605239,8.161743249457878,,,,,,,off,5.0,legged_eval-seed1-no-roughness,,n/a,settle,0.0,auto,hold,8.0,0.8,2.0,1.0,0,TURN,first,on,1000,1,deterministic,20.0,1,200,lo,1.0,0.42,0.5,0.05,open-loop,off,,,2.689,0.4889
9,bump_jump,0,0,1,1,off,0.0,1.4923986196517944,2.260885620117179,0.5572411573268055,0.9143499802366372,9.26127661957081,0,roll,12.32,-185.71811240792,-15.074522111032467,0.34632769227027893,0.03996742042628201,0.021175780853667125,0.272735595703125,0.2641660733834926,-6.58286277162866,1,12.32,89.72071887295567,-0.10723836719459236,89.72071887295567,8.124522373294006,,,,,,,off,5.0,legged_eval-seed1-no-roughness,,n/a,settle,0.0,auto,hold,8.0,0.8,2.0,1.0,0,TURN,first,on,1000,1,deterministic,20.0,1,200,lo,1.0,0.42,0.5,0.05,open-loop,off,,,2.689,0.4889
9,bump_jump,1,0,1,1,off,0.0,1.4926200866699233,2.2498840332031165,0.5523735872039311,1.0375372467813897,9.21077015772536,0,roll,12.3,-186.67824542766573,-15.177093124200464,0.3461001217365265,0.04005041355040027,0.02031577505716394,0.26157379150390625,0.26318033568028937,-6.613920367282786,1,12.3,86.01466999986677,-0.43008136258986696,86.01466999986677,8.20452817688158,,,,,,,off,5.0,legged_eval-seed1-no-roughness,,n/a,settle,0.0,auto,hold,8.0,0.8,2.0,1.0,0,TURN,first,on,1000,1,deterministic,20.0,1,200,lo,1.0,0.42,0.5,0.05,open-loop,off,,,2.689,0.4889
9,bump_jump,2,0,1,1,off,0.0,1.3087265014648466,2.417929077148429,0.5195928850868355,1.1618942641761514,9.550422225607386,0,roll,11.120000000000001,-161.46331025790298,-14.520081857725087,0.346416711807251,0.02776317459216246,0.037583550103275985,0.4298248291015625,0.2510476362859174,-9.128035240895647,1,11.120000000000001,90.12596324660993,-0.33423417710450287,90.12596324660993,8.104086137444748,,,,,,,off,5.0,legged_eval-seed1-no-roughness,,n/a,settle,0.0,auto,hold,8.0,0.8,2.0,1.0,0,TURN,first,on,1000,1,deterministic,20.0,1,200,lo,1.0,0.42,0.5,0.05,open-loop,off,,,2.689,0.4889
9,bump_jump,3,0,1,1,off,0.0,1.5188720703125114,2.3086608886718665,0.6037381630691389,1.0446289520570204,9.486150871839214,0,roll,12.08,-184.2200999979787,-15.25000827797837,0.34631553292274475,0.042952985953022466,0.02555139806886312,0.32044219970703125,0.2589647765797762,-6.196608908591701,1,12.08,87.88002914559347,0.5749034500299205,87.88002914559347,8.13800211234353,,,,,,,off,5.0,legged_eval-seed1-no-roughness,,n/a,settle,0.0,auto,hold,8.0,0.8,2.0,1.0,0,TURN,first,on,1000,1,deterministic,20.0,1,200,lo,1.0,0.42,0.5,0.05,open-loop,off,,,2.689,0.4889
9,bump_jump,4,0,1,1,off,0.0,1.5368103027343807,2.2904190063476477,0.6103347445211788,1.1047724941350932,9.7675081911428,0,roll,12.16,-187.63411895618458,-15.430437414159917,0.3459935784339905,0.04414558410644578,0.023883141969378924,0.3023681640625,0.26023764171541675,-6.100540820813099,1,12.16,89.97644557195488,0.9331573392277109,89.97644557195488,8.214923747867669,,,,,,,off,5.0,legged_eval-seed1-no-roughness,,n/a,settle,0.0,auto,hold,8.0,0.8,2.0,1.0,0,TURN,first,on,1000,1,deterministic,20.0,1,200,lo,1.0,0.42,0.5,0.05,open-loop,off,,,2.689,0.4889
9,bump_jump,5,0,1,1,off,0.0,1.5879974365234375,2.2426437377929602,0.6360950941866104,1.0684352668888506,9.815002307139865,0,roll,13.1,-194.95836070199277,-14.882317610839143,0.34620460867881775,0.044885300497972326,0.01852242273228704,0.25470733642578125,0.28499893360792644,-5.786870974572468,1,13.1,91.0275292450628,-0.05305783357089925,91.0275292450628,8.133944873520667,,,,,,,off,5.0,legged_eval-seed1-no-roughness,,n/a,settle,0.0,auto,hold,8.0,0.8,2.0,1.0,0,TURN,first,on,1000,1,deterministic,20.0,1,200,lo,1.0,0.42,0.5,0.05,open-loop,off,,,2.689,0.4889
9,bump_jump,6,0,1,1,off,0.0,1.5283599853515852,2.265280151367179,0.591217246729255,1.1170559049760007,9.775240259686086,0,roll,12.22,-189.27445751481918,-15.488908143602224,0.34616371989250183,0.043237314676889134,0.021708686691258507,0.27689361572265625,0.2624394129897993,-6.2522949601520335,1,12.22,89.6833939781137,1.297901303128482,89.6833939781137,8.141879739443945,,,,,,,off,5.0,legged_eval-seed1-no-roughness,,n/a,settle,0.0,auto,hold,8.0,0.8,2.0,1.0,0,TURN,first,on,1000,1,deterministic,20.0,1,200,lo,1.0,0.42,0.5,0.05,open-loop,off,,,2.689,0.4889
9,bump_jump,7,0,1,1,off,0.0,1.2836334228515796,2.3861831665038977,0.47915066174375687,1.434298915111376,10.47348875806624,0,roll,11.48,-159.64831260012684,-13.906647439035439,0.3464704751968384,0.024706744150834455,0.033639648650165305,0.3980560302734375,0.2601592701173915,-9.823908170312606,1,11.48,86.98590913135426,-0.4400558777859783,86.98590913135426,8.067685754571203,,,,,,,off,5.0,legged_eval-seed1-no-roughness,,n/a,settle,0.0,auto,hold,8.0,0.8,2.0,1.0,0,TURN,first,on,1000,1,deterministic,20.0,1,200,lo,1.0,0.42,0.5,0.05,open-loop,off,,,2.689,0.4889
9,bump_jump,8,0,1,1,off,0.0,1.3435485839843864,2.3539871215820227,0.49328745352340225,1.4018799257627803,10.862220962149182,0,roll,11.66,-163.41661586766196,-14.015147158461575,0.3463067412376404,0.029463857974647203,0.030359101336365584,0.365875244140625,0.2573394603895613,-8.302051390458173,1,11.66,88.54012626968745,0.13436510807651797,88.54012626968745,8.121460238346117,,,,,,,off,5.0,legged_eval-seed1-no-roughness,,n/a,settle,0.0,auto,hold,8.0,0.8,2.0,1.0,0,TURN,first,on,1000,1,deterministic,20.0,1,200,lo,1.0,0.42,0.5,0.05,open-loop,off,,,2.689,0.4889
9,bump_jump,9,0,1,1,off,0.0,1.477270507812534,2.2671264648437415,0.5469402945912367,1.2515685995121901,10.626087634327593,0,roll,12.4,-182.29322871120888,-14.701066831549102,0.3460906445980072,0.038489557081655974,0.021542456842237215,0.2787322998046875,0.2610665156171733,-6.666276237523887,1,12.4,91.43373126073587,-0.11685740816582316,91.43373126073587,8.182771297167697,,,,,,,off,5.0,legged_eval-seed1-no-roughness,,n/a,settle,0.0,auto,hold,8.0,0.8,2.0,1.0,0,TURN,first,on,1000,1,deterministic,20.0,1,200,lo,1.0,0.42,0.5,0.05,open-loop,off,,,2.689,0.4889
10,sideways_ramp,0,0,1,1,off,0.0,1.4905521869659424,2.276123046875,0.5629257368006924,1.0291744109201952,8.913725611111937,0,roll,12.38,-182.70931639145996,-14.758426202864294,0.34637460112571716,0.0396245708373136,0.022303961783117932,0.28798675537109375,0.26181229269296,-6.500591027474954,1,12.38,86.25823329152696,-0.31539603235591085,86.25823329152696,8.09862506670493,,,,,,,off,5.0,legged_eval-seed1-no-roughness,,n/a,settle,0.0,auto,hold,8.0,0.8,2.0,1.0,0,TURN,first,on,1000,1,deterministic,20.0,1,200,lo,1.0,0.42,0.5,0.05,open-loop,off,,,2.689,0.4889
10,sideways_ramp,1,0,0,1,off,0.0,0.8978210449218764,2.348968505859375,0.36362007224929405,0.6959874366830952,9.558551240011175,0,roll,9.9,-118.48660176840377,-11.968343612970077,0.34642159938812256,-0.010321106573547836,0.035249344026199496,0.3607177734375,0.23528041854450646,20.238818441398745,1,9.9,90.1480228399118,0.38492874151737383,90.1480228399118,8.066133427286537,,,,,,,off,5.0,legged_eval-seed1-no-roughness,,n/a,settle,0.0,auto,hold,8.0,0.8,2.0,1.0,0,TURN,first,on,1000,1,deterministic,20.0,1,200,lo,1.0,0.42,0.5,0.05,open-loop,off,,,2.689,0.4889
10,sideways_ramp,2,0,1,1,off,0.0,1.4575988769531278,2.2713394165039062,0.5319979427943723,1.357829009898118,9.146426809067984,0,roll,12.66,-179.74393570036077,-14.197783230676206,0.34636515378952026,0.03614525094416492,0.0214328133099452,0.28302001953125,0.26219142669078527,-6.855618854120599,1,12.66,88.04085948014516,-0.26824250637100283,88.04085948014516,8.113782491198538,,,,,,,off,5.0,legged_eval-seed1-no-roughness,,n/a,settle,0.0,auto,hold,8.0,0.8,2.0,1.0,0,TURN,first,on,1000,1,deterministic,20.0,1,200,lo,1.0,0.42,0.5,0.05,open-loop,off,,,2.689,0.4889
10,sideways_ramp,3,0,1,1,off,0.0,1.4612167358398551,2.2772293090820312,0.5381235613062032,1.2904406967646487,9.292919380816542,0,roll,12.52,-176.57831963407634,-14.103699651284053,0.3463403582572937,0.03683839743129833,0.022142916060865117,0.28896331787109375,0.2636251079447467,-6.682049513319649,1,12.52,86.24779531515841,0.8239965278803684,86.24779531515841,8.153192803578566,,,,,,,off,5.0,legged_eval-seed1-no-roughness,,n/a,settle,0.0,auto,hold,8.0,0.8,2.0,1.0,0,TURN,first,on,1000,1,deterministic,20.0,1,200,lo,1.0,0.42,0.5,0.05,open-loop,off,,,2.689,0.4889
10,sideways_ramp,4,0,1,1,off,0.0,1.6318267822265682,2.0437393188476562,0.6333389382882093,0.7788829160460413,8.86828108194859,0,roll,13.66,-207.52545326322408,-15.19220009247614,0.34627512097358704,0.04625379079257454,0.003201999915641014,0.055572509765625,0.261546307236009,-5.732587701288751,1,13.66,91.49225133202886,-0.017605361241159388,91.49225133202886,8.13729321092685,,,,,,,off,5.0,legged_eval-seed1-no-roughness,,n/a,settle,0.0,auto,hold,8.0,0.8,2.0,1.0,0,TURN,first,on,1000,1,deterministic,20.0,1,200,lo,1.0,0.42,0.5,0.05,open-loop,off,,,2.689,0.4889
10,sideways_ramp,5,0,1,1,off,0.0,1.627960205078125,2.172943115234375,0.6513396504656623,0.7857006896297241,9.073688079372847,0,roll,13.08,-201.67906123904484,-15.418888473933091,0.34611791372299194,0.04800918999068234,0.013221950705991973,0.18485260009765625,0.2806581993071094,-5.605392861661809,1,13.08,87.88584008350148,1.0947299487598805,87.88584008350148,8.202084901290476,,,,,,,off,5.0,legged_eval-seed1-no-roughness,,n/a,settle,0.0,auto,hold,8.0,0.8,2.0,1.0,0,TURN,first,on,1000,1,deterministic,20.0,1,200,lo,1.0,0.42,0.5,0.05,open-loop,off,,,2.689,0.4889
10,sideways_ramp,6,0,1,1,off,0.0,1.5745025634765852,2.1641845703125,0.5975029444026766,1.0505256833632182,9.226958302952767,0,roll,13.46,-195.3169602095971,-14.510918291946293,0.3462018370628357,0.04268221125383248,0.012197962133172362,0.176025390625,0.2626214796146454,-5.933696831595007,1,13.46,88.0957245766588,-0.6285740934555035,88.0957245766588,8.128343279038807,,,,,,,off,5.0,legged_eval-seed1-no-roughness,,n/a,settle,0.0,auto,hold,8.0,0.8,2.0,1.0,0,TURN,first,on,1000,1,deterministic,20.0,1,200,lo,1.0,0.42,0.5,0.05,open-loop,off,,,2.689,0.4889
10,sideways_ramp,7,0,1,1,off,0.0,1.2044403076172046,2.38909912109375,0.43953835488446963,1.2272737170900023,9.703364152426415,0,roll,10.92,-149.4578428477833,-13.686615645401401,0.3464681804180145,0.018721639891685397,0.0356317876459478,0.40094757080078125,0.2490216910481993,-12.759379405289828,1,10.92,89.3173165978311,-0.1635210039107021,89.3173165978311,8.1252202236209,,,,,,,off,5.0,legged_eval-seed1-no-roughness,,n/a,settle,0.0,auto,hold,8.0,0.8,2.0,1.0,0,TURN,first,on,1000,1,deterministic,20.0,1,200,lo,1.0,0.42,0.5,0.05,open-loop,off,,,2.689,0.4889
10,sideways_ramp,8,0,1,1,off,0.0,1.6355712890625114,2.150909423828125,0.653241546199198,1.031824637760132,9.365644598020497,0,roll,13.08,-203.47788360680048,-15.556413119785969,0.3461896777153015,0.04859107714545194,0.011537417723862768,0.16281890869140625,0.29246458363862315,-5.587664334502641,1,13.08,89.0000293942775,-0.06992681150004292,89.0000293942775,8.135985735823615,,,,,,,off,5.0,legged_eval-seed1-no-roughness,,n/a,settle,0.0,auto,hold,8.0,0.8,2.0,1.0,0,TURN,first,on,1000,1,deterministic,20.0,1,200,lo,1.0,0.42,0.5,0.05,open-loop,off,,,2.689,0.4889
10,sideways_ramp,9,0,1,1,off,0.0,1.495916748046909,2.2737884521484375,0.5664746574413182,1.1031059508230852,9.508026008409162,0,roll,12.22,-186.51644933706783,-15.263211893377072,0.3462444245815277,0.040582385273887814,0.022404946984323854,0.28568267822265625,0.2590746057476313,-6.564259349742923,1,12.22,90.0789072480258,1.8657071509516703,90.0789072480258,8.230477266685297,,,,,,,off,5.0,legged_eval-seed1-no-roughness,,n/a,settle,0.0,auto,hold,8.0,0.8,2.0,1.0,0,TURN,first,on,1000,1,deterministic,20.0,1,200,lo,1.0,0.42,0.5,0.05,open-loop,off,,,2.689,0.4889
11,stepping_stones_cylinder,0,0,1,1,off,0.0,1.53303861618042,2.235429382324213,0.5827153339333859,0.7681618944839587,5.072427886050269,0,roll,12.24,-192.39549605016015,-15.718586278607855,0.3463965654373169,0.0435489065506879,0.019234426660474924,0.24716949462890625,0.26260893204717567,-6.2996090154685245,1,12.24,90.84245302392279,-0.6141967207367112,90.84245302392279,8.143668560604436,,,,,,,off,5.0,legged_eval-seed1-no-roughness,,n/a,settle,0.0,auto,hold,8.0,0.8,2.0,1.0,0,TURN,first,on,1000,1,deterministic,20.0,1,200,lo,1.0,0.42,0.5,0.05,open-loop,off,,,2.689,0.4889
11,stepping_stones_cylinder,1,0,1,1,off,0.0,1.423562622070314,2.3498168945312443,0.5493424747045902,0.9418976502482563,4.938841675774008,0,roll,11.96,-171.58357141779956,-14.346452459682236,0.34636497497558594,0.035414934955711866,0.029248904225020425,0.3616485595703125,0.2600039612381945,-7.070260942605789,1,11.96,87.61976983009517,-1.7045412593634506,87.61976983009517,8.083273421706119,,,,,,,off,5.0,legged_eval-seed1-no-roughness,,n/a,settle,0.0,auto,hold,8.0,0.8,2.0,1.0,0,TURN,first,on,1000,1,deterministic,20.0,1,200,lo,1.0,0.42,0.5,0.05,open-loop,off,,,2.689,0.4889
11,stepping_stones_cylinder,2,0,1,1,off,0.0,1.6373092651367216,2.1541076660156193,0.6556769571625114,0.6628204897693827,4.56529253331394,0,roll,12.98,-201.76046775017141,-15.543949749627998,0.3464682102203369,0.04909932705213572,0.011872701542035386,0.16606903076171875,0.27076687074945116,-5.525393486706782,1,12.98,90.10909942385678,0.3365289101685045,90.10909942385678,8.101003146659437,,,,,,,off,5.0,legged_eval-seed1-no-roughness,,n/a,settle,0.0,auto,hold,8.0,0.8,2.0,1.0,0,TURN,first,on,1000,1,deterministic,20.0,1,200,lo,1.0,0.42,0.5,0.05,open-loop,off,,,2.689,0.4889
11,stepping_stones_cylinder,3,0,1,1,off,0.0,1.4362609863281364,2.2918106079101506,0.5248591040278239,0.8745721288873889,4.3734850646058865,0,roll,12.34,-179.56725676873293,-14.551641553381923,0.34607720375061035,0.03535340245770959,0.02364753710779178,0.30364227294921875,0.25863362031897,-7.183864607666696,1,12.34,88.54371160273071,0.40448693090381443,88.54371160273071,8.170837729632844,,,,,,,off,5.0,legged_eval-seed1-no-roughness,,n/a,settle,0.0,auto,hold,8.0,0.8,2.0,1.0,0,TURN,first,on,1000,1,deterministic,20.0,1,200,lo,1.0,0.42,0.5,0.05,open-loop,off,,,2.689,0.4889
11,stepping_stones_cylinder,4,0,1,1,off,0.0,1.5461639404296932,2.2942443847656193,0.6203827913407877,0.7690670169304731,4.613229478507003,0,roll,12.14,-188.8269580217397,-15.554115158298162,0.34619197249412537,0.044988792457141116,0.024237593473280007,0.3061065673828125,0.26405308080500783,-6.034181113113454,1,12.14,90.26090707625193,0.35411836501646765,90.26090707625193,8.123077045003981,,,,,,,off,5.0,legged_eval-seed1-no-roughness,,n/a,settle,0.0,auto,hold,8.0,0.8,2.0,1.0,0,TURN,first,on,1000,1,deterministic,20.0,1,200,lo,1.0,0.42,0.5,0.05,open-loop,off,,,2.689,0.4889
11,stepping_stones_cylinder,5,0,0,1,off,0.0,0.4921875,1.9255310058593693,0.5132437688316998,1.0105600755247395,5.808289908935736,0,roll,5.9,-66.15343802279517,-11.212447122507655,0.34657445549964905,-0.08606991525423728,-0.012621863413666216,-0.06273651123046875,0.2801182327956649,2.2736646006385888,1,5.9,90.88844742758666,-0.3265472451708966,90.88844742758666,8.038095667566651,,,,,,,off,5.0,legged_eval-seed1-no-roughness,,n/a,settle,0.0,auto,hold,8.0,0.8,2.0,1.0,0,TURN,first,on,1000,1,deterministic,20.0,1,200,lo,1.0,0.42,0.5,0.05,open-loop,off,,,2.689,0.4889
11,stepping_stones_cylinder,6,0,0,1,off,0.0,1.1448150634765852,2.4126602172851506,0.43733266232875295,0.5444674407739822,4.872690142290366,0,roll,10.72,-143.1560087165193,-13.354105290720083,0.3464139997959137,0.013508867861621756,0.038494423254211804,0.42446136474609375,0.25022172792651376,-17.253341165858387,1,10.72,89.84183190499735,-0.48889327387037546,89.84183190499735,8.060484661445102,,,,,,,off,5.0,legged_eval-seed1-no-roughness,,n/a,settle,0.0,auto,hold,8.0,0.8,2.0,1.0,0,TURN,first,on,1000,1,deterministic,20.0,1,200,lo,1.0,0.42,0.5,0.05,open-loop,off,,,2.689,0.4889
11,stepping_stones_cylinder,7,0,1,1,off,0.0,1.465594482421892,2.259568786621088,0.5330611381911586,0.7996780736264911,4.392082387382692,0,roll,12.66,-181.28984650411738,-14.319893088792842,0.346307635307312,0.036776815357179464,0.020503063714145977,0.271484375,0.2627721162587985,-6.795838098151838,1,12.66,87.23589161389312,0.20450380296582635,87.23589161389312,8.145740681835582,,,,,,,off,5.0,legged_eval-seed1-no-roughness,,n/a,settle,0.0,auto,hold,8.0,0.8,2.0,1.0,0,TURN,first,on,1000,1,deterministic,20.0,1,200,lo,1.0,0.42,0.5,0.05,open-loop,off,,,2.689,0.4889
11,stepping_stones_cylinder,8,0,0,1,off,0.0,0.5076416015625114,2.000711059570307,0.49235891189013864,0.9923586531870068,5.092358448081082,0,roll,6.8,-73.55397586438954,-10.816761156527875,0.3462928831577301,-0.07240564682904245,0.00010456758386864937,0.01255035400390625,0.26454442346581736,2.60736703352696,1,6.8,90.92013177220197,-0.12711375316860204,90.92013177220197,8.01546786851299,,,,,,,off,5.0,legged_eval-seed1-no-roughness,,n/a,settle,0.0,auto,hold,8.0,0.8,2.0,1.0,0,TURN,first,on,1000,1,deterministic,20.0,1,200,lo,1.0,0.42,0.5,0.05,open-loop,off,,,2.689,0.4889
11,stepping_stones_cylinder,9,0,0,1,off,0.0,0.4846862792969091,1.9259963989257756,0.5206003877417075,1.0180071141303026,5.41581934951738,0,roll,5.88,-64.8978546623432,-11.037050112643403,0.34662267565727234,-0.08763838787467533,-0.012585646441194632,-0.06197357177734375,0.2828020069782171,2.1980420777331884,1,5.88,90.07477030751573,-0.8995464232518542,90.07477030751573,8.105126895582522,,,,,,,off,5.0,legged_eval-seed1-no-roughness,,n/a,settle,0.0,auto,hold,8.0,0.8,2.0,1.0,0,TURN,first,on,1000,1,deterministic,20.0,1,200,lo,1.0,0.42,0.5,0.05,open-loop,off,,,2.689,0.4889
12,stepping_stones_randomly_arranged,0,0,1,1,off,0.0,1.5214240550994873,2.2550460815429574,0.5804580509794054,0.538912988129808,4.885238147099111,0,roll,12.72,-186.42610844901424,-14.656140601337597,0.34615176916122437,0.04099245716190938,0.02005079257413187,0.26680755615234375,0.26481400825029766,-6.240121398876592,1,12.72,86.20337897452787,-0.27881051122572087,86.20337897452787,8.20762448792363,,,,,,,off,5.0,legged_eval-seed1-no-roughness,,n/a,settle,0.0,auto,hold,8.0,0.8,2.0,1.0,0,TURN,first,on,1000,1,deterministic,20.0,1,200,lo,1.0,0.42,0.5,0.05,open-loop,off,,,2.689,0.4889
12,stepping_stones_randomly_arranged,1,0,0,1,off,0.0,0.5602546691894545,1.9736511230468636,0.4405340160377716,0.9401146473153756,5.539807992480782,0,roll,7.0,-67.9273876967612,-9.703912528108743,0.3463996350765228,-0.06282076154436364,-0.0037641252790194812,-0.0144500732421875,0.21558851646734933,2.696007176248885,1,7.0,88.11312596154697,0.08454265866582501,88.11312596154697,8.084825304852496,,,,,,,off,5.0,legged_eval-seed1-no-roughness,,n/a,settle,0.0,auto,hold,8.0,0.8,2.0,1.0,0,TURN,first,on,1000,1,deterministic,20.0,1,200,lo,1.0,0.42,0.5,0.05,open-loop,off,,,2.689,0.4889
12,stepping_stones_randomly_arranged,2,0,1,1,off,0.0,1.5152160644531278,2.2256042480468636,0.5624454371824528,0.5401017126817216,4.590331253012728,0,roll,12.22,-191.4199278845053,-15.66447855028685,0.3463515639305115,0.042161707402056284,0.018461886092214698,0.23726654052734375,0.2611882140153497,-6.484479475733939,1,12.22,86.31008207872343,-0.16606521298933294,86.31008207872343,8.15359483182092,,,,,,,off,5.0,legged_eval-seed1-no-roughness,,n/a,settle,0.0,auto,hold,8.0,0.8,2.0,1.0,0,TURN,first,on,1000,1,deterministic,20.0,1,200,lo,1.0,0.42,0.5,0.05,open-loop,off,,,2.689,0.4889
12,stepping_stones_randomly_arranged,3,0,1,1,off,0.0,1.6291397094726676,2.1771347045898324,0.6536003959649044,0.4217341299159049,4.47436793759568,0,roll,13.1,-201.27713663518273,-15.364666918716239,0.346171498298645,0.04802593202081432,0.013521733174796366,0.18901824951171875,0.2827350445901794,-5.583733931235914,1,13.1,86.04376263206245,-0.6040922527460516,86.04376263206245,8.128022146324199,,,,,,,off,5.0,legged_eval-seed1-no-roughness,,n/a,settle,0.0,auto,hold,8.0,0.8,2.0,1.0,0,TURN,first,on,1000,1,deterministic,20.0,1,200,lo,1.0,0.42,0.5,0.05,open-loop,off,,,2.689,0.4889
12,stepping_stones_randomly_arranged,4,0,0,1,off,0.0,1.1524871826171932,2.398402404785145,0.4265874083949451,0.5286677920811164,5.162907386469274,0,roll,10.8,-145.91303797294898,-13.510466478976756,0.34637391567230225,0.014119183575666034,0.03688911155418008,0.4102020263671875,0.2476815568486357,-16.700832755292392,1,10.8,89.55874883927852,0.4627561941658094,89.55874883927852,8.075691428873697,,,,,,,off,5.0,legged_eval-seed1-no-roughness,,n/a,settle,0.0,auto,hold,8.0,0.8,2.0,1.0,0,TURN,first,on,1000,1,deterministic,20.0,1,200,lo,1.0,0.42,0.5,0.05,open-loop,off,,,2.689,0.4889
12,stepping_stones_randomly_arranged,5,0,1,1,off,0.0,1.5677947998046875,2.1320373535156136,0.5829449351428078,0.4841153210634368,4.38419391443195,0,roll,13.56,-198.55132120800104,-14.642427817699192,0.3463607132434845,0.04187277284695336,0.009737267958378586,0.14376068115234375,0.2628118786014894,-6.103215968967129,1,13.56,88.14465183987402,0.46382273705440585,88.14465183987402,8.12832769390034,,,,,,,off,5.0,legged_eval-seed1-no-roughness,,n/a,settle,0.0,auto,hold,8.0,0.8,2.0,1.0,0,TURN,first,on,1000,1,deterministic,20.0,1,200,lo,1.0,0.42,0.5,0.05,open-loop,off,,,2.689,0.4889
12,stepping_stones_randomly_arranged,6,0,0,1,off,0.0,0.5494476318359602,1.9781219482421761,0.4510832357857499,0.950804109041911,5.400596682814855,0,roll,6.84,-68.99513642212315,-10.087008248848415,0.3463885188102722,-0.06587022926374851,-0.0031985455786292206,-0.01029205322265625,0.22100572512799582,2.6727021840672687,1,6.84,86.75464107564201,-0.4533115734253442,86.75464107564201,8.060292901018792,,,,,,,off,5.0,legged_eval-seed1-no-roughness,,n/a,settle,0.0,auto,hold,8.0,0.8,2.0,1.0,0,TURN,first,on,1000,1,deterministic,20.0,1,200,lo,1.0,0.42,0.5,0.05,open-loop,off,,,2.689,0.4889
12,stepping_stones_randomly_arranged,7,0,1,1,off,0.0,1.469958496093767,2.25255889892577,0.533523181761873,0.5852038354764909,4.48715476378397,0,roll,12.64,-181.6743285138268,-14.372969027992625,0.34633949398994446,0.03718026076691195,0.01998092554792483,0.26456451416015625,0.2650697805539144,-6.747011119644588,1,12.64,90.00992902596008,0.5479757982770288,90.00992902596008,8.123921139531436,,,,,,,off,5.0,legged_eval-seed1-no-roughness,,n/a,settle,0.0,auto,hold,8.0,0.8,2.0,1.0,0,TURN,first,on,1000,1,deterministic,20.0,1,200,lo,1.0,0.42,0.5,0.05,open-loop,off,,,2.689,0.4889
12,stepping_stones_randomly_arranged,8,0,1,1,off,0.0,1.3343627929687614,2.3686935424804574,0.4977282447165919,0.765545988715013,4.580499758158993,0,roll,11.36,-169.11970752314028,-14.887298197459533,0.34623727202415466,0.029433344451475475,0.03245541747187125,0.3804779052734375,0.25048211633611334,-8.827823514933945,1,11.36,88.09810031903822,-0.10336632558277808,88.09810031903822,8.14724537745534,,,,,,,off,5.0,legged_eval-seed1-no-roughness,,n/a,settle,0.0,auto,hold,8.0,0.8,2.0,1.0,0,TURN,first,on,1000,1,deterministic,20.0,1,200,lo,1.0,0.42,0.5,0.05,open-loop,off,,,2.689,0.4889
12,stepping_stones_randomly_arranged,9,0,1,1,off,0.0,1.581030273437534,2.156314086914051,0.6016895149648772,0.4693418453323124,4.02200842326238,0,roll,13.200000000000001,-199.26915662852687,-15.096148229433853,0.346243679523468,0.04401744495738894,0.01184197628136751,0.16812896728515625,0.2650599766621001,-5.985751586167536,1,13.200000000000001,88.70464474956609,-0.2121014279009986,88.70464474956609,8.145382165695057,,,,,,,off,5.0,legged_eval-seed1-no-roughness,,n/a,settle,0.0,auto,hold,8.0,0.8,2.0,1.0,0,TURN,first,on,1000,1,deterministic,20.0,1,200,lo,1.0,0.42,0.5,0.05,open-loop,off,,,2.689,0.4889
13,staircase_walking_full_width,0,0,0,1,off,0.0,1.4378066062927246,2.3498123168945284,0.560395647346293,0.6621405205688756,14.316467734603018,0,roll,11.98,-173.12728127584677,-14.451359038050647,0.3464164137840271,0.036544791844133936,0.029199692562147612,0.3616485595703125,0.2609597406107404,-6.9017713297581835,1,11.98,87.47074886976239,-2.006982897665455,87.47074886976239,8.118586908834072,,,,,,,off,5.0,legged_eval-seed1-no-roughness,,n/a,settle,0.0,auto,hold,8.0,0.8,2.0,1.0,0,TURN,first,on,1000,1,deterministic,20.0,1,200,lo,1.0,0.42,0.5,0.05,open-loop,off,,,2.689,0.4889
13,staircase_walking_full_width,1,0,0,1,off,0.0,1.1172996520996108,2.4530532836914034,0.4679919724164646,0.9921779991750631,14.63971231784654,0,roll,10.42,-144.83407370145318,-13.899623195916812,0.34645429253578186,0.011257164308983762,0.04347920188977,0.46490478515625,0.24430839399176474,-21.550204198558543,1,10.42,89.50538548995668,-1.088948834345984,89.50538548995668,8.070535598237633,,,,,,,off,5.0,legged_eval-seed1-no-roughness,,n/a,settle,0.0,auto,hold,8.0,0.8,2.0,1.0,0,TURN,first,on,1000,1,deterministic,20.0,1,200,lo,1.0,0.42,0.5,0.05,open-loop,off,,,2.689,0.4889
13,staircase_walking_full_width,2,0,0,1,off,0.0,1.084437561035159,2.478886413574216,0.486273481509676,1.0332409093474877,11.925181777816878,0,roll,10.4,-144.16448285388995,-13.861969505181726,0.3464997708797455,0.008118996253380681,0.046046770535982294,0.49059295654296875,0.2422279581075799,-29.798881675272327,1,10.4,88.56624468494759,0.6736894244715342,88.56624468494759,8.061274499393761,,,,,,,off,5.0,legged_eval-seed1-no-roughness,,n/a,settle,0.0,auto,hold,8.0,0.8,2.0,1.0,0,TURN,first,on,1000,1,deterministic,20.0,1,200,lo,1.0,0.42,0.5,0.05,open-loop,off,,,2.689,0.4889
13,staircase_walking_full_width,3,0,0,1,off,0.0,1.5908935546875114,2.0963027954101534,0.5986897538584177,0.4202883676715668,11.409512877808359,0,roll,13.52,-200.76214919215724,-14.84927138995246,0.3462957441806793,0.04370514457747865,0.007122987826194779,0.10802459716796875,0.264720830273738,-5.92993524635119,1,13.52,90.94909246588894,0.012036418648874806,90.94909246588894,8.159665079777634,,,,,,,off,5.0,legged_eval-seed1-no-roughness,,n/a,settle,0.0,auto,hold,8.0,0.8,2.0,1.0,0,TURN,first,on,1000,1,deterministic,20.0,1,200,lo,1.0,0.42,0.5,0.05,open-loop,off,,,2.689,0.4889
13,staircase_walking_full_width,4,0,0,1,off,0.0,1.5438293457031307,2.2525527954101534,0.5996109336206087,0.5214159379143647,11.458954096026488,0,roll,12.18,-189.70972489509555,-15.575511075130997,0.3462185859680176,0.044649371568401534,0.020735040674068426,0.26450347900390625,0.26208624586319107,-6.088416060356433,1,12.18,88.98780534334149,-0.04948097859322302,88.98780534334149,8.142004043749104,,,,,,,off,5.0,legged_eval-seed1-no-roughness,,n/a,settle,0.0,auto,hold,8.0,0.8,2.0,1.0,0,TURN,first,on,1000,1,deterministic,20.0,1,200,lo,1.0,0.42,0.5,0.05,open-loop,off,,,2.689,0.4889
13,staircase_walking_full_width,5,0,0,1,off,0.0,1.4476165771484375,2.279362487792966,0.5276400285459378,0.6190079526363802,11.555760734290125,0,roll,12.52,-175.47008457675827,-14.015182474181971,0.3460720181465149,0.035752122775434304,0.022313297747042007,0.2913055419921875,0.2630347348270191,-6.841861698079524,1,12.52,88.05141703910857,1.4403440225473683,88.05141703910857,8.180924659107362,,,,,,,off,5.0,legged_eval-seed1-no-roughness,,n/a,settle,0.0,auto,hold,8.0,0.8,2.0,1.0,0,TURN,first,on,1000,1,deterministic,20.0,1,200,lo,1.0,0.42,0.5,0.05,open-loop,off,,,2.689,0.4889
13,staircase_walking_full_width,6,0,0,1,off,0.0,1.4578033447265852,2.2581756591796847,0.5255840308035561,0.6005263391247239,11.545083728583249,0,roll,12.6,-179.6152150055849,-14.25517579409404,0.3461608588695526,0.036333598787824224,0.020490131680927354,0.270172119140625,0.2634425875166204,-6.847649595913787,1,12.6,88.40436470555133,0.2878605508317569,88.40436470555133,8.233160011732533,,,,,,,off,5.0,legged_eval-seed1-no-roughness,,n/a,settle,0.0,auto,hold,8.0,0.8,2.0,1.0,0,TURN,first,on,1000,1,deterministic,20.0,1,200,lo,1.0,0.42,0.5,0.05,open-loop,off,,,2.689,0.4889
13,staircase_walking_full_width,7,0,0,1,off,0.0,1.4428436279297046,2.2841690063476534,0.5261772543226809,0.6254400427756014,11.560649438186983,0,roll,12.4,-177.43388723017603,-14.309184454046454,0.3461318612098694,0.035713195800782624,0.02291685535061721,0.29590606689453125,0.2633295265949047,-6.9930001053791155,1,12.4,90.07081736825509,0.1349829122987347,90.07081736825509,8.14085884571703,,,,,,,off,5.0,legged_eval-seed1-no-roughness,,n/a,settle,0.0,auto,hold,8.0,0.8,2.0,1.0,0,TURN,first,on,1000,1,deterministic,20.0,1,200,lo,1.0,0.42,0.5,0.05,open-loop,off,,,2.689,0.4889
13,staircase_walking_full_width,8,0,0,1,off,0.0,1.4639709472656364,2.2650115966796847,0.5343221746112431,0.5979617811783752,8.790024895406555,0,roll,12.58,-179.44848100665703,-14.26458513566431,0.34625154733657837,0.03688163332795202,0.021066104664521832,0.2769927978515625,0.2622090580081966,-6.750351179802504,1,12.58,89.34613412028989,0.6309754998648116,89.34613412028989,8.161606846505011,,,,,,,off,5.0,legged_eval-seed1-no-roughness,,n/a,settle,0.0,auto,hold,8.0,0.8,2.0,1.0,0,TURN,first,on,1000,1,deterministic,20.0,1,200,lo,1.0,0.42,0.5,0.05,open-loop,off,,,2.689,0.4889
13,staircase_walking_full_width,9,0,0,1,off,0.0,1.560919189453159,2.2202117919921847,0.6025973534867194,0.4912078903304384,8.691870832309103,0,roll,12.780000000000001,-189.9571551807777,-14.863627165945045,0.34630024433135986,0.04389039041104531,0.017230969639451067,0.2318572998046875,0.2508327122897088,-5.910615749941702,1,12.780000000000001,87.36256527051953,-0.08785537958716857,87.36256527051953,8.106196148830287,,,,,,,off,5.0,legged_eval-seed1-no-roughness,,n/a,settle,0.0,auto,hold,8.0,0.8,2.0,1.0,0,TURN,first,on,1000,1,deterministic,20.0,1,200,lo,1.0,0.42,0.5,0.05,open-loop,off,,,2.689,0.4889
14,staircase_walking,0,0,1,1,off,0.0,1.2655726671218872,2.419607543945304,0.4965876885888764,1.0701250696312674,4.255166897826812,0,roll,11.02,-157.70665899162077,-14.31094909179862,0.34640058875083923,0.02409915309636,0.038076909613911435,0.4314727783203125,0.2527594772927308,-10.364396613377444,1,11.02,91.15722469626431,0.1409190219649756,91.15722469626431,8.060105945576506,,,,,,,off,5.0,legged_eval-seed1-no-roughness,,n/a,settle,0.0,auto,hold,8.0,0.8,2.0,1.0,0,TURN,first,on,1000,1,deterministic,20.0,1,200,lo,1.0,0.42,0.5,0.05,open-loop,off,,,2.689,0.4889
14,staircase_walking,1,0,1,1,off,0.0,1.3732315063476577,2.334371948242179,0.5011051357767271,0.9383643169007803,4.1402925983525485,0,roll,11.82,-169.2653420429252,-14.320248903800778,0.34635892510414124,0.03157626957255987,0.028288658903737645,0.34613037109375,0.25839650906660117,-7.915295139664916,1,11.82,90.88963693782459,0.004169015247198962,90.88963693782459,8.056036558046632,,,,,,,off,5.0,legged_eval-seed1-no-roughness,,n/a,settle,0.0,auto,hold,8.0,0.8,2.0,1.0,0,TURN,first,on,1000,1,deterministic,20.0,1,200,lo,1.0,0.42,0.5,0.05,open-loop,off,,,2.689,0.4889
14,staircase_walking,2,0,0,1,off,0.0,1.6063339233398466,1.4979232788085852,0.7872241488642308,0.5132133447360523,3.9259032782910475,0,roll,17.52,-272.33639514345845,-15.54431479129329,0.346500039100647,0.03460810064725152,-0.028657347099966597,-0.49029541015625,0.49222807748320097,-7.839189900647408,1,17.52,86.16191825021862,0.789237313443762,86.16191825021862,8.070475703197996,,,,,,,off,5.0,legged_eval-seed1-no-roughness,,n/a,settle,0.0,auto,hold,8.0,0.8,2.0,1.0,0,TURN,first,on,1000,1,deterministic,20.0,1,200,lo,1.0,0.42,0.5,0.05,open-loop,off,,,2.689,0.4889
14,staircase_walking,3,0,1,1,off,0.0,1.5433547973632926,2.2254318237304602,0.5882634979056122,0.741732397539648,3.9630620442655844,0,roll,12.200000000000001,-191.8187692509892,-15.72284993860567,0.3461715579032898,0.04453727847240103,0.018478018338562312,0.2374114990234375,0.26158254685047083,-6.161478847337017,1,12.200000000000001,88.49732009310152,-0.915868983186336,88.49732009310152,8.197238232305885,,,,,,,off,5.0,legged_eval-seed1-no-roughness,,n/a,settle,0.0,auto,hold,8.0,0.8,2.0,1.0,0,TURN,first,on,1000,1,deterministic,20.0,1,200,lo,1.0,0.42,0.5,0.05,open-loop,off,,,2.689,0.4889
14,staircase_walking,4,0,0,1,off,0.0,0.5198577880859432,1.9043945312499915,0.48956812530702193,0.9847939689248146,4.681118619453538,0,roll,6.48,-60.84010560420555,-9.388905185834188,0.3464900255203247,-0.07409602035710752,-0.014753930362655637,-0.0838623046875,0.25707835155438447,2.2115534391808667,1,6.48,89.53975787167997,0.01955042657268815,89.53975787167997,8.066681385008344,,,,,,,off,5.0,legged_eval-seed1-no-roughness,,n/a,settle,0.0,auto,hold,8.0,0.8,2.0,1.0,0,TURN,first,on,1000,1,deterministic,20.0,1,200,lo,1.0,0.42,0.5,0.05,open-loop,off,,,2.689,0.4889
14,staircase_walking,5,0,1,1,off,0.0,1.49615478515625,2.2495178222656165,0.555363587626719,0.770372955670693,3.7122403638704533,0,roll,12.26,-188.64563226998172,-15.387082566882686,0.3460860252380371,0.040469395200346654,0.020352187786755016,0.26139068603515625,0.2603377740767802,-6.636008562490774,1,12.26,88.09712164640807,-0.031283860561777295,88.09712164640807,8.159360281312846,,,,,,,off,5.0,legged_eval-seed1-no-roughness,,n/a,settle,0.0,auto,hold,8.0,0.8,2.0,1.0,0,TURN,first,on,1000,1,deterministic,20.0,1,200,lo,1.0,0.42,0.5,0.05,open-loop,off,,,2.689,0.4889
14,staircase_walking,6,0,1,1,off,0.0,1.4998107910156477,2.2559951782226477,0.5615553027876531,0.7690467606723193,3.7090340674571065,0,roll,12.22,-188.8552616811567,-15.454604065561103,0.3462090492248535,0.04090104672795808,0.020948868921656934,0.26795196533203125,0.2617154424395573,-6.594787838321146,1,12.22,87.17259037385804,0.03919324021349056,87.17259037385804,8.156028860549396,,,,,,,off,5.0,legged_eval-seed1-no-roughness,,n/a,settle,0.0,auto,hold,8.0,0.8,2.0,1.0,0,TURN,first,on,1000,1,deterministic,20.0,1,200,lo,1.0,0.42,0.5,0.05,open-loop,off,,,2.689,0.4889
14,staircase_walking,7,0,1,1,off,0.0,1.4752838134765796,2.2706741333007727,0.5469544677493406,0.7970814555447493,3.7345381450171082,0,roll,12.540000000000001,-178.33891156845758,-14.221603793337923,0.3464447557926178,0.03790142053242261,0.021584859114894155,0.28253936767578125,0.2639234176671133,-6.548931613144382,1,12.540000000000001,86.13740148401708,0.5301912824880958,86.13740148401708,8.025449467468942,,,,,,,off,5.0,legged_eval-seed1-no-roughness,,n/a,settle,0.0,auto,hold,8.0,0.8,2.0,1.0,0,TURN,first,on,1000,1,deterministic,20.0,1,200,lo,1.0,0.42,0.5,0.05,open-loop,off,,,2.689,0.4889
14,staircase_walking,8,0,1,1,off,0.0,1.6648071289062614,2.0339797973632727,0.665674954668895,0.5612224865889824,3.535356171938092,0,roll,13.74,-209.9811429062294,-15.282470371632416,0.3460085391998291,0.048384798319232994,0.002473056576657403,0.04598236083984375,0.26178794167209063,-5.512669993241285,1,13.74,87.395491067097,-1.8643457704173714,87.395491067097,8.235353680802707,,,,,,,off,5.0,legged_eval-seed1-no-roughness,,n/a,settle,0.0,auto,hold,8.0,0.8,2.0,1.0,0,TURN,first,on,1000,1,deterministic,20.0,1,200,lo,1.0,0.42,0.5,0.05,open-loop,off,,,2.689,0.4889
14,staircase_walking,9,0,0,1,off,0.0,1.159094238281284,2.392691040039054,0.4236947363152579,0.5200221065493003,4.059941579384903,0,roll,10.8,-145.38503816244256,-13.461577607633568,0.34655800461769104,0.014730947989007787,0.03636028148509759,0.404510498046875,0.24841570459700535,-15.949336861501763,1,10.8,87.73062941790536,0.0003704948033089132,87.73062941790536,8.137301981285107,,,,,,,off,5.0,legged_eval-seed1-no-roughness,,n/a,settle,0.0,auto,hold,8.0,0.8,2.0,1.0,0,TURN,first,on,1000,1,deterministic,20.0,1,200,lo,1.0,0.42,0.5,0.05,open-loop,off,,,2.689,0.4889
15,staircase_climbing,0,0,1,1,off,0.0,1.4823721647262573,2.2708969116210938,0.553234165637429,1.2718133014412747,9.721402979077295,0,roll,12.36,-183.50215946167074,-14.84645303087951,0.34626680612564087,0.03902687416879105,0.021917225859311794,0.28263092041015625,0.26390015703221725,-6.63951426165591,1,12.36,87.51009488492048,-0.3136079858420394,87.51009488492048,8.172457596824268,,,,,,,off,5.0,legged_eval-seed1-no-roughness,,n/a,settle,0.0,auto,hold,8.0,0.8,2.0,1.0,0,TURN,first,on,1000,1,deterministic,20.0,1,200,lo,1.0,0.42,0.5,0.05,open-loop,off,,,2.689,0.4889
15,staircase_climbing,1,0,1,1,off,0.0,1.422360992431642,2.2780914306640625,0.5056912612816507,1.3319922026226225,9.78159288695513,0,roll,12.620000000000001,-176.64783201019094,-13.997451030918457,0.3463138937950134,0.03346759052548669,0.02203577105103506,0.28986358642578125,0.2621031899937351,-7.299647316712502,1,12.620000000000001,90.76855102877062,0.33089110272249317,90.76855102877062,8.13989180202664,,,,,,,off,5.0,legged_eval-seed1-no-roughness,,n/a,settle,0.0,auto,hold,8.0,0.8,2.0,1.0,0,TURN,first,on,1000,1,deterministic,20.0,1,200,lo,1.0,0.42,0.5,0.05,open-loop,off,,,2.689,0.4889
15,staircase_climbing,2,0,1,1,off,0.0,1.512324523925784,2.2870254516601562,0.5872478418151045,1.2461803321239382,9.691926523639692,0,roll,12.200000000000001,-187.46154597294722,-15.365700489585837,0.34628257155418396,0.04199381343653968,0.023526676365586575,0.2988433837890625,0.26373381926614736,-6.386227957693092,1,12.200000000000001,87.27199617459594,1.0384461859192737,87.27199617459594,8.1258032912463,,,,,,,off,5.0,legged_eval-seed1-no-roughness,,n/a,settle,0.0,auto,hold,8.0,0.8,2.0,1.0,0,TURN,first,on,1000,1,deterministic,20.0,1,200,lo,1.0,0.42,0.5,0.05,open-loop,off,,,2.689,0.4889
15,staircase_climbing,3,0,1,1,off,0.0,1.4608428955078239,2.2818603515625,0.540204990834934,1.29519822522306,9.743234902421445,0,roll,12.34,-180.92583616723837,-14.661737128625477,0.34622007608413696,0.037345453444718305,0.022841195426458672,0.29376983642578125,0.2619564759098518,-6.852121566423361,1,12.34,86.27566970247099,0.14950236560529748,86.27566970247099,8.155597951702514,,,,,,,off,5.0,legged_eval-seed1-no-roughness,,n/a,settle,0.0,auto,hold,8.0,0.8,2.0,1.0,0,TURN,first,on,1000,1,deterministic,20.0,1,200,lo,1.0,0.42,0.5,0.05,open-loop,off,,,2.689,0.4889
15,staircase_climbing,4,0,1,1,off,0.0,1.3910583496093807,2.3162765502929688,0.5029487936802646,1.3709234781387527,9.81403928854133,0,roll,11.82,-170.7715618279347,-14.447678665645913,0.3465127646923065,0.033084462741910375,0.026757745371655563,0.3281402587890625,0.2598738184962153,-7.62169130424579,1,11.82,88.013172177518,-0.06336240317001521,88.013172177518,8.059993686014112,,,,,,,off,5.0,legged_eval-seed1-no-roughness,,n/a,settle,0.0,auto,hold,8.0,0.8,2.0,1.0,0,TURN,first,on,1000,1,deterministic,20.0,1,200,lo,1.0,0.42,0.5,0.05,open-loop,off,,,2.689,0.4889
15,staircase_climbing,5,0,1,1,off,0.0,1.483306884765625,2.314117431640625,0.576415913835102,1.2565874014644596,9.421930746262312,0,roll,12.040000000000001,-180.64567962023892,-15.003793988391935,0.3461340367794037,0.04014176783767649,0.02608948767779277,0.32592010498046875,0.2584422049125664,-6.52351950335849,1,12.040000000000001,86.98079385344762,-0.8676009281984043,86.98079385344762,8.11106650571226,,,,,,,off,5.0,legged_eval-seed1-no-roughness,,n/a,settle,0.0,auto,hold,8.0,0.8,2.0,1.0,0,TURN,first,on,1000,1,deterministic,20.0,1,200,lo,1.0,0.42,0.5,0.05,open-loop,off,,,2.689,0.4889
15,staircase_climbing,6,0,1,1,off,0.0,1.2881713867187727,2.4482498168945312,0.5328889626079727,1.481279153848302,9.622275052680516,0,roll,11.200000000000001,-161.49083842943358,-14.418824859770854,0.34630075097084045,0.02572958809989042,0.040022305079868856,0.45996856689453125,0.25608285480087345,-9.780800496859989,1,11.200000000000001,87.49671582410055,0.17976056001209376,87.49671582410055,8.052133536664442,,,,,,,off,5.0,legged_eval-seed1-no-roughness,,n/a,settle,0.0,auto,hold,8.0,0.8,2.0,1.0,0,TURN,first,on,1000,1,deterministic,20.0,1,200,lo,1.0,0.42,0.5,0.05,open-loop,off,,,2.689,0.4889
15,staircase_climbing,7,0,1,1,off,0.0,1.5773040771484546,2.1020355224609375,0.5862518616909504,1.1273231049842518,9.323254287951006,0,roll,13.52,-201.54843090544838,-14.907428321408904,0.3463391959667206,0.04270000570624664,0.007547006099181768,0.11408233642578125,0.2599099541358886,-6.093294436622856,1,13.52,86.63966527001078,0.2381874693082627,86.63966527001078,8.110108118893898,,,,,,,off,5.0,legged_eval-seed1-no-roughness,,n/a,settle,0.0,auto,hold,8.0,0.8,2.0,1.0,0,TURN,first,on,1000,1,deterministic,20.0,1,200,lo,1.0,0.42,0.5,0.05,open-loop,off,,,2.689,0.4889
15,staircase_climbing,8,0,1,1,off,0.0,1.6602905273437614,2.174346923828125,0.6829205153956297,1.0542260845660292,9.241354229166921,0,roll,13.06,-206.95972849533732,-15.84683985416059,0.34584710001945496,0.0505582333341318,0.013349687888830397,0.18630218505859375,0.3220382007003347,-5.470514162618926,1,13.06,86.65095467222638,0.25596155465759235,86.65095467222638,8.172514052547157,,,,,,,off,5.0,legged_eval-seed1-no-roughness,,n/a,settle,0.0,auto,hold,8.0,0.8,2.0,1.0,0,TURN,first,on,1000,1,deterministic,20.0,1,200,lo,1.0,0.42,0.5,0.05,open-loop,off,,,2.689,0.4889
15,staircase_climbing,9,0,1,1,off,0.0,1.436712646484409,2.3005905151367188,0.5301627989491289,1.2985567355116043,9.46806010717073,0,roll,12.68,-176.1418156071409,-13.891310379112058,0.3463866114616394,0.03444106044829725,0.023705876588069302,0.3125152587890625,0.2525188388766634,-7.039536540866115,1,12.68,86.06706302141129,0.0352417214827257,86.06706302141129,8.042733729405233,,,,,,,off,5.0,legged_eval-seed1-no-roughness,,n/a,settle,0.0,auto,hold,8.0,0.8,2.0,1.0,0,TURN,first,on,1000,1,deterministic,20.0,1,200,lo,1.0,0.42,0.5,0.05,open-loop,off,,,2.689,0.4889
16,staircase_spiral,0,0,0,1,off,0.0,1.1454719305038452,2.424386596679682,0.4486268672358784,2.463440352737301,3.9464363169294066,0,roll,10.4,-148.82118830898912,-14.309729645095107,0.3463735282421112,0.013987685625369731,0.04080640352689248,0.4360504150390625,0.24876198930639912,-17.85512657820744,1,10.4,88.35506252057442,0.7605343019083299,88.35506252057442,8.142988460590235,,,,,,,off,5.0,legged_eval-seed1-no-roughness,,n/a,settle,0.0,auto,hold,8.0,0.8,2.0,1.0,0,TURN,first,on,1000,1,deterministic,20.0,1,200,lo,1.0,0.42,0.5,0.05,open-loop,off,,,2.689,0.4889
16,staircase_spiral,1,0,0,1,off,0.0,1.4342781066894545,2.3347106933593693,0.5482961993292376,2.179627564601647,3.6897129167552007,0,roll,11.9,-172.61833521760425,-14.505742455260862,0.3463304042816162,0.036493958545332314,0.02812694902179574,0.3463897705078125,0.2603051366787483,-6.937393924425605,1,11.9,87.59952670588108,-0.32170854959025297,87.59952670588108,8.110115487321439,,,,,,,off,5.0,legged_eval-seed1-no-roughness,,n/a,settle,0.0,auto,hold,8.0,0.8,2.0,1.0,0,TURN,first,on,1000,1,deterministic,20.0,1,200,lo,1.0,0.42,0.5,0.05,open-loop,off,,,2.689,0.4889
16,staircase_spiral,2,0,0,1,off,0.0,1.4277832031250028,2.298348999023432,0.5215463489414639,2.194262687350121,3.730815408611704,0,roll,12.38,-175.91347471508124,-14.209489072300583,0.34630638360977173,0.03455437828150265,0.024099272942118884,0.309906005859375,0.2620847975875248,-7.177161959547055,1,12.38,87.92055275976804,0.8008961825436022,87.92055275976804,8.129824342847726,,,,,,,off,5.0,legged_eval-seed1-no-roughness,,n/a,settle,0.0,auto,hold,8.0,0.8,2.0,1.0,0,TURN,first,on,1000,1,deterministic,20.0,1,200,lo,1.0,0.42,0.5,0.05,open-loop,off,,,2.689,0.4889
16,staircase_spiral,3,0,0,1,off,0.0,1.4937789916992301,2.263314819335932,0.5596002025780752,2.1400252837860885,3.6997032207231917,0,roll,12.36,-184.97183905088838,-14.965359146512005,0.346271276473999,0.03994975660997008,0.021303787972162768,0.274932861328125,0.26348634816905436,-6.538082156548052,1,12.36,91.29568580357905,-0.10844742589508023,91.29568580357905,8.104922103237229,,,,,,,off,5.0,legged_eval-seed1-no-roughness,,n/a,settle,0.0,auto,hold,8.0,0.8,2.0,1.0,0,TURN,first,on,1000,1,deterministic,20.0,1,200,lo,1.0,0.42,0.5,0.05,open-loop,off,,,2.689,0.4889
16,staircase_spiral,4,0,0,1,off,0.0,1.5046600341796932,2.263345336914057,0.5692385410112594,2.1482958705550916,3.724542550585148,0,roll,12.26,-188.3676292655631,-15.364406954776761,0.3464478850364685,0.04116313492493419,0.021480043793968746,0.2748565673828125,0.2606417939348227,-6.514554575743328,1,12.26,89.27828732390383,-0.09767371095102047,89.27828732390383,8.037746090207868,,,,,,,off,5.0,legged_eval-seed1-no-roughness,,n/a,settle,0.0,auto,hold,8.0,0.8,2.0,1.0,0,TURN,first,on,1000,1,deterministic,20.0,1,200,lo,1.0,0.42,0.5,0.05,open-loop,off,,,2.689,0.4889
16,staircase_spiral,5,0,0,1,off,0.0,1.655059814453125,2.0064941406249943,0.6550920045106792,1.966197720573631,3.612281011871616,0,roll,14.06,-216.57222968732935,-15.403430276481462,0.3462482690811157,0.046590313972484,0.0004618876689185146,0.0184478759765625,0.28943878749635304,-5.770310425140253,1,14.06,87.1377717879524,0.3379212944181255,87.1377717879524,8.1404974971361,,,,,,,off,5.0,legged_eval-seed1-no-roughness,,n/a,settle,0.0,auto,hold,8.0,0.8,2.0,1.0,0,TURN,first,on,1000,1,deterministic,20.0,1,200,lo,1.0,0.42,0.5,0.05,open-loop,off,,,2.689,0.4889
16,staircase_spiral,6,0,0,1,off,0.0,1.5525604248047102,2.2203613281249943,0.5948799357797951,2.1286875039567317,3.7471973486182746,0,roll,12.200000000000001,-192.44288555866032,-15.774007013004944,0.34623026847839355,0.045291838098746734,0.018062403944671665,0.232086181640625,0.2653563906661072,-6.078542407781641,1,12.200000000000001,87.77275165531289,-1.0085453118433623,87.77275165531289,8.12546313508302,,,,,,,off,5.0,legged_eval-seed1-no-roughness,,n/a,settle,0.0,auto,hold,8.0,0.8,2.0,1.0,0,TURN,first,on,1000,1,deterministic,20.0,1,200,lo,1.0,0.42,0.5,0.05,open-loop,off,,,2.689,0.4889
16,staircase_spiral,7,0,0,1,off,0.0,0.49949951171876705,1.9637847900390568,0.501809007693433,3.147684028122678,4.838970225653182,0,roll,6.6000000000000005,-68.41893475121407,-10.366505265335464,0.34643346071243286,-0.07583340731533832,-0.00548715302438533,-0.0243072509765625,0.26337522329186913,2.385883151116656,1,6.6000000000000005,89.85216551438886,-0.7373410678063347,89.85216551438886,8.042072125589547,,,,,,,off,5.0,legged_eval-seed1-no-roughness,,n/a,settle,0.0,auto,hold,8.0,0.8,2.0,1.0,0,TURN,first,on,1000,1,deterministic,20.0,1,200,lo,1.0,0.42,0.5,0.05,open-loop,off,,,2.689,0.4889
16,staircase_spiral,8,0,0,1,off,0.0,1.5576599121093864,2.2533813476562443,0.6125248443238388,2.1696536697649034,3.814276111753515,0,roll,12.82,-190.6835697504163,-14.873913397068353,0.3460191488265991,0.043499213113056656,0.019764535698615002,0.2651214599609375,0.2616040605105235,-5.967895574584927,1,12.82,87.77112548746608,-1.6169057655383636,87.77112548746608,8.099595425320043,,,,,,,off,5.0,legged_eval-seed1-no-roughness,,n/a,settle,0.0,auto,hold,8.0,0.8,2.0,1.0,0,TURN,first,on,1000,1,deterministic,20.0,1,200,lo,1.0,0.42,0.5,0.05,open-loop,off,,,2.689,0.4889
16,staircase_spiral,9,0,0,1,off,0.0,1.115911865234409,2.3971191406249943,0.4136897053986887,2.652339943846534,4.29795526785111,0,roll,10.82,-142.08562899014524,-13.131758686704735,0.34641480445861816,0.010712741703734667,0.036702323532809084,0.408538818359375,0.2536381737210168,-21.394376154935507,1,10.82,88.8925742430022,-0.2000426614274515,88.8925742430022,8.175234089134076,,,,,,,off,5.0,legged_eval-seed1-no-roughness,,n/a,settle,0.0,auto,hold,8.0,0.8,2.0,1.0,0,TURN,first,on,1000,1,deterministic,20.0,1,200,lo,1.0,0.42,0.5,0.05,open-loop,off,,,2.689,0.4889
17,squeeze,0,0,0,1,off,0.0,1.1578965187072754,2.383395385742176,0.4146363857987731,0.5138353955509425,7.5518419570549975,0,roll,10.84,-144.94417299252825,-13.37123367089744,0.3464391231536865,0.014566099511741272,0.03536857802049596,0.3949432373046875,0.24972804644971075,-16.021588512599024,1,10.84,89.90439599360938,0.14898917564026634,89.90439599360938,8.079893514102812,,,,,,,off,5.0,legged_eval-seed1-no-roughness,,n/a,settle,0.0,auto,hold,8.0,0.8,2.0,1.0,0,TURN,first,on,1000,1,deterministic,20.0,1,200,lo,1.0,0.42,0.5,0.05,open-loop,off,,,2.689,0.4889
17,squeeze,1,0,1,1,off,0.0,1.4309020996093764,2.2730590820312386,0.5101351602541346,0.9126607351122119,7.723926052086119,0,roll,12.6,-177.83636887589648,-14.113997529833055,0.3460457921028137,0.034198579334077495,0.02167135571676497,0.2847442626953125,0.2620592762885774,-7.203098266379442,1,12.6,89.83646173983627,0.3167016780916554,89.83646173983627,8.21452901598173,,,,,,,off,5.0,legged_eval-seed1-no-roughness,,n/a,settle,0.0,auto,hold,8.0,0.8,2.0,1.0,0,TURN,first,on,1000,1,deterministic,20.0,1,200,lo,1.0,0.42,0.5,0.05,open-loop,off,,,2.689,0.4889
17,squeeze,2,0,0,1,off,0.0,1.6693908691406278,1.9044067382812386,0.6761820815245526,0.19450279749723118,7.831192593212365,0,roll,14.02,-228.2088787482404,-16.277380795166934,0.346034437417984,0.04774542575896062,-0.0068183496233068025,-0.083892822265625,0.32622498782152376,-5.950180231102839,1,14.02,89.31139004752643,-0.028964666303685375,89.31139004752643,8.247610880175833,,,,,,,off,5.0,legged_eval-seed1-no-roughness,,n/a,settle,0.0,auto,hold,8.0,0.8,2.0,1.0,0,TURN,first,on,1000,1,deterministic,20.0,1,200,lo,1.0,0.42,0.5,0.05,open-loop,off,,,2.689,0.4889
17,squeeze,3,0,1,1,off,0.0,1.3345153808593864,2.4127380371093636,0.5312750956975028,1.1074973146274034,7.6765882482752845,0,roll,11.16,-163.7273908038036,-14.670913154462687,0.34626272320747375,0.029974496492776555,0.0369836950814842,0.4245147705078125,0.25313407983137165,-8.542453378031796,1,11.16,90.19868270156769,0.31123079947975385,90.19868270156769,8.157277749728115,,,,,,,off,5.0,legged_eval-seed1-no-roughness,,n/a,settle,0.0,auto,hold,8.0,0.8,2.0,1.0,0,TURN,first,on,1000,1,deterministic,20.0,1,200,lo,1.0,0.42,0.5,0.05,open-loop,off,,,2.689,0.4889
17,squeeze,4,0,0,1,off,0.0,0.6625427246093807,2.296267700195301,0.44905674796519107,0.8883182077857531,8.692507604938653,0,roll,8.6,-103.83919657287379,-12.074325182892302,0.34640833735466003,-0.03923921806867667,0.03444973258084897,0.308258056640625,0.20987886984757706,5.370563935017888,1,8.6,88.91899271057841,0.07159267138544007,88.91899271057841,8.07367080792315,,,,,,,off,5.0,legged_eval-seed1-no-roughness,,n/a,settle,0.0,auto,hold,8.0,0.8,2.0,1.0,0,TURN,first,on,1000,1,deterministic,20.0,1,200,lo,1.0,0.42,0.5,0.05,open-loop,off,,,2.689,0.4889
17,squeeze,5,0,1,1,off,0.0,1.5107269287109375,2.264773559570301,0.5752799610259641,0.8713614959532958,8.043632049801953,0,roll,12.26,-188.72416746720168,-15.393488374160007,0.3462370038032532,0.041657987659945966,0.021596538301003356,0.2766571044921875,0.25935360534162827,-6.449352707329249,1,12.26,90.18631733126975,-0.44155194658840047,90.18631733126975,8.126006157016445,,,,,,,off,5.0,legged_eval-seed1-no-roughness,,n/a,settle,0.0,auto,hold,8.0,0.8,2.0,1.0,0,TURN,first,on,1000,1,deterministic,20.0,1,200,lo,1.0,0.42,0.5,0.05,open-loop,off,,,2.689,0.4889
17,squeeze,6,0,1,1,off,0.0,1.5787597656250227,2.1025268554687386,0.587770892779354,0.8949262394275789,8.621849855738503,0,roll,13.52,-200.81287947889305,-14.85302363009564,0.3464331030845642,0.042807674972264995,0.007583347297983627,0.1145172119140625,0.2598398808019633,-6.05578710802786,1,13.52,86.82254043627697,0.23991287869605046,86.82254043627697,8.079616988053205,,,,,,,off,5.0,legged_eval-seed1-no-roughness,,n/a,settle,0.0,auto,hold,8.0,0.8,2.0,1.0,0,TURN,first,on,1000,1,deterministic,20.0,1,200,lo,1.0,0.42,0.5,0.05,open-loop,off,,,2.689,0.4889
17,squeeze,7,0,1,1,off,0.0,1.5702545166015796,2.139682006835926,0.5871126610270067,0.8639692903194913,8.230930796972487,0,roll,13.48,-196.71027751596702,-14.592750557564319,0.34644973278045654,0.04230374752237237,0.010362166679223007,0.151092529296875,0.2651878601231254,-6.020543310425202,1,13.48,89.7377762390129,0.40706798306079356,89.7377762390129,8.070212303864235,,,,,,,off,5.0,legged_eval-seed1-no-roughness,,n/a,settle,0.0,auto,hold,8.0,0.8,2.0,1.0,0,TURN,first,on,1000,1,deterministic,20.0,1,200,lo,1.0,0.42,0.5,0.05,open-loop,off,,,2.689,0.4889
17,squeeze,8,0,1,1,off,0.0,1.2867553710937614,2.3834106445312386,0.478782168831485,1.2661746429611584,9.171262500415017,0,roll,11.42,-161.71470830959112,-14.160657470191866,0.34640735387802124,0.02510992741626632,0.03357361160518727,0.3952178955078125,0.2551964527228407,-9.842724473264466,1,11.42,86.86736272626253,0.4391181743324329,86.86736272626253,8.109763092792539,,,,,,,off,5.0,legged_eval-seed1-no-roughness,,n/a,settle,0.0,auto,hold,8.0,0.8,2.0,1.0,0,TURN,first,on,1000,1,deterministic,20.0,1,200,lo,1.0,0.42,0.5,0.05,open-loop,off,,,2.689,0.4889
17,squeeze,9,0,1,1,off,0.0,1.594610595703159,2.1266662597656136,0.6079523845544778,0.9337519739461504,8.90629018073886,0,roll,13.16,-201.05471491548607,-15.277713899353046,0.3460126221179962,0.04518317596528565,0.009625095726870337,0.1384124755859375,0.25903604504768385,-5.901453450865812,1,13.16,88.96727848491857,-0.16208468056255043,88.96727848491857,8.267831723037894,,,,,,,off,5.0,legged_eval-seed1-no-roughness,,n/a,settle,0.0,auto,hold,8.0,0.8,2.0,1.0,0,TURN,first,on,1000,1,deterministic,20.0,1,200,lo,1.0,0.42,0.5,0.05,open-loop,off,,,2.689,0.4889
18,agility_poles,0,0,1,1,off,0.0,1.4305520057678223,2.295025634765608,0.5219340521939,2.639707744742687,16.872027612449934,0,roll,12.42,-175.14236632813365,-14.101639800976944,0.3463893532752991,0.034666023008681345,0.023754076873237356,0.3067779541015625,0.2608783273958292,-7.099748488475018,1,12.42,90.49501910166776,-0.08738393450890572,90.49501910166776,8.098432236179933,,,,,,,off,5.0,legged_eval-seed1-no-roughness,,n/a,settle,0.0,auto,hold,8.0,0.8,2.0,1.0,0,TURN,first,on,1000,1,deterministic,20.0,1,200,lo,1.0,0.42,0.5,0.05,open-loop,off,,,2.689,0.4889
18,agility_poles,1,0,1,1,off,0.0,1.625192260742189,2.1866119384765454,0.6524487554390024,2.3363843868220098,15.625922081731776,0,roll,13.120000000000001,-201.23691752222032,-15.338179689193622,0.34637632966041565,0.047651849141935126,0.014223470920468401,0.198333740234375,0.29122729163769845,-5.6178667073669395,1,13.120000000000001,87.71291942889987,0.013618825550426698,87.71291942889987,8.121941596210583,,,,,,,off,5.0,legged_eval-seed1-no-roughness,,n/a,settle,0.0,auto,hold,8.0,0.8,2.0,1.0,0,TURN,first,on,1000,1,deterministic,20.0,1,200,lo,1.0,0.42,0.5,0.05,open-loop,off,,,2.689,0.4889
18,agility_poles,2,0,1,1,off,0.0,1.472132873535159,2.291424560546858,0.5548312579176626,2.3577622253600516,15.080683186043627,0,roll,12.24,-183.37433329157255,-14.981563177416058,0.34644144773483276,0.038572947184245025,0.02380919612310931,0.3031158447265625,0.26165234086283434,-6.778782116193941,1,12.24,89.04953728385561,0.24216688976626377,89.04953728385561,8.089757306580362,,,,,,,off,5.0,legged_eval-seed1-no-roughness,,n/a,settle,0.0,auto,hold,8.0,0.8,2.0,1.0,0,TURN,first,on,1000,1,deterministic,20.0,1,200,lo,1.0,0.42,0.5,0.05,open-loop,off,,,2.689,0.4889
18,agility_poles,3,0,1,1,off,0.0,1.6077392578125114,2.2290313720702954,0.6494631435877668,2.1022135392312786,13.894148548878988,0,roll,13.1,-199.1977055081814,-15.205931718181787,0.3461461067199707,0.04639230975668026,0.01748331084506072,0.2408905029296875,0.30859542803462314,-5.720637228619456,1,13.1,88.48234839108233,1.4815982667149803,88.48234839108233,8.1441575387665,,,,,,,off,5.0,legged_eval-seed1-no-roughness,,n/a,settle,0.0,auto,hold,8.0,0.8,2.0,1.0,0,TURN,first,on,1000,1,deterministic,20.0,1,200,lo,1.0,0.42,0.5,0.05,open-loop,off,,,2.689,0.4889
18,agility_poles,4,0,1,1,off,0.0,1.4657806396484432,2.2558563232421704,0.5314264412073555,2.1192109651142337,13.336673813515782,0,roll,12.64,-180.60476758966232,-14.288351866270752,0.346395343542099,0.03684973414940215,0.020241797724855255,0.2677459716796875,0.26262056071037543,-6.767451394325652,1,12.64,89.503115192152,0.15465818866668346,89.503115192152,8.100071928433358,,,,,,,off,5.0,legged_eval-seed1-no-roughness,,n/a,settle,0.0,auto,hold,8.0,0.8,2.0,1.0,0,TURN,first,on,1000,1,deterministic,20.0,1,200,lo,1.0,0.42,0.5,0.05,open-loop,off,,,2.689,0.4889
18,agility_poles,5,0,0,1,off,0.0,0.936676025390625,2.3930023193359204,0.39807128603271746,0.6868658700016449,12.819349519429712,0,roll,9.58,-128.86642727668658,-13.451610362910916,0.3462066054344177,-0.00661001822644833,0.041023206611265184,0.4046783447265625,0.2270210239480654,35.518039812476154,1,9.58,88.50076328799427,-0.05986958179513734,88.50076328799427,8.242882716002912,,,,,,,off,5.0,legged_eval-seed1-no-roughness,,n/a,settle,0.0,auto,hold,8.0,0.8,2.0,1.0,0,TURN,first,on,1000,1,deterministic,20.0,1,200,lo,1.0,0.42,0.5,0.05,open-loop,off,,,2.689,0.4889
18,agility_poles,6,0,1,1,off,0.0,1.5053039550781477,2.241101074218733,0.5598766069475002,1.8478966938071857,11.547213365034178,0,roll,12.24,-188.121975118854,-15.369442411671079,0.3462028205394745,0.04128300286586174,0.019697800181269032,0.25286865234375,0.26088608012229647,-6.497767983373627,1,12.24,87.29713855218611,-0.5397290104500673,87.29713855218611,8.148556019695024,,,,,,,off,5.0,legged_eval-seed1-no-roughness,,n/a,settle,0.0,auto,hold,8.0,0.8,2.0,1.0,0,TURN,first,on,1000,1,deterministic,20.0,1,200,lo,1.0,0.42,0.5,0.05,open-loop,off,,,2.689,0.4889
18,agility_poles,7,0,1,1,off,0.0,1.4740020751953296,2.2854583740234204,0.5533212905623404,1.7212136703295584,10.529867938217066,0,roll,12.48,-178.97378194541804,-14.340847912293112,0.3461875021457672,0.03798093551244628,0.022873267149312534,0.297088623046875,0.2631929866648833,-6.590017076205209,1,12.48,89.62166150296245,-0.12693964693332876,89.62166150296245,8.097112339763942,,,,,,,off,5.0,legged_eval-seed1-no-roughness,,n/a,settle,0.0,auto,hold,8.0,0.8,2.0,1.0,0,TURN,first,on,1000,1,deterministic,20.0,1,200,lo,1.0,0.42,0.5,0.05,open-loop,off,,,2.689,0.4889
18,agility_poles,8,0,1,1,off,0.0,1.3166625976562614,2.3507049560546704,0.4725136685385086,1.7558246925697705,9.989495465499594,0,roll,11.68,-162.63611928422682,-13.924325281183803,0.34622958302497864,0.027111523771940187,0.030026109251256032,0.362152099609375,0.2601528956216874,-8.963912331879637,1,11.68,87.15823793614142,0.5894414787608148,87.15823793614142,8.258629743114449,,,,,,,off,5.0,legged_eval-seed1-no-roughness,,n/a,settle,0.0,auto,hold,8.0,0.8,2.0,1.0,0,TURN,first,on,1000,1,deterministic,20.0,1,200,lo,1.0,0.42,0.5,0.05,open-loop,off,,,2.689,0.4889
18,agility_poles,9,0,0,1,off,0.0,1.718084716796909,1.9241912841796704,0.7220752189984259,0.23088504736061954,8.53225206854256,0,roll,13.9,-224.7504029175601,-16.169093735076267,0.3459603786468506,0.051660770992583385,-0.005453864447505723,-0.0635528564453125,0.339284713405471,-5.4626347481570265,1,13.9,87.58710639022307,0.023072192704454736,87.58710639022307,8.31466907224607,,,,,,,off,5.0,legged_eval-seed1-no-roughness,,n/a,settle,0.0,auto,hold,8.0,0.8,2.0,1.0,0,TURN,first,on,1000,1,deterministic,20.0,1,200,lo,1.0,0.42,0.5,0.05,open-loop,off,,,2.689,0.4889
19,balance_beam,0,0,0,1,off,0.0,1.1459211111068726,2.3977111816406307,0.42363563904451074,0.5324904164036931,8.86300666561551,0,roll,10.64,-142.23635846981003,-13.368078803553573,0.34644702076911926,0.01371439014162336,0.03737887045494649,0.4094085693359375,0.25411969149973795,-17.012567629963645,1,10.64,89.83428426671156,0.6597113014584022,89.83428426671156,8.101906552373212,,,,,,,off,5.0,legged_eval-seed1-no-roughness,,n/a,settle,0.0,auto,hold,8.0,0.8,2.0,1.0,0,TURN,first,on,1000,1,deterministic,20.0,1,200,lo,1.0,0.42,0.5,0.05,open-loop,off,,,2.689,0.4889
19,balance_beam,1,0,0,1,off,0.0,0.5382514953613295,1.8710998535156307,0.47940267969603606,0.9703480993635277,10.062574134800808,0,roll,5.96,-60.8168468875439,-10.20416894086307,0.34647712111473083,-0.07747458131521316,-0.021627541356437806,-0.117156982421875,0.2497092277589716,2.2987713185980336,1,5.96,87.53501796786558,1.6238235347316747,87.53501796786558,8.032067118043242,,,,,,,off,5.0,legged_eval-seed1-no-roughness,,n/a,settle,0.0,auto,hold,8.0,0.8,2.0,1.0,0,TURN,first,on,1000,1,deterministic,20.0,1,200,lo,1.0,0.42,0.5,0.05,open-loop,off,,,2.689,0.4889
19,balance_beam,2,0,1,1,off,0.0,1.6397277832031278,2.1395629882812557,0.6547743613642657,1.0694180667116828,9.261323844725341,0,roll,13.1,-204.02856280681908,-15.574699450902221,0.3463042676448822,0.04883418192390289,0.01065366322757677,0.1511077880859375,0.2855200842370645,-5.566383519035547,1,13.1,90.15018846307528,-1.0229404002457014,90.15018846307528,8.124529529195033,,,,,,,off,5.0,legged_eval-seed1-no-roughness,,n/a,settle,0.0,auto,hold,8.0,0.8,2.0,1.0,0,TURN,first,on,1000,1,deterministic,20.0,1,200,lo,1.0,0.42,0.5,0.05,open-loop,off,,,2.689,0.4889
19,balance_beam,3,0,0,1,off,0.0,0.7243850708007926,2.2312377929687557,0.3597700739285373,0.8093512434621649,10.778095751072074,0,roll,9.06,-98.91433661365593,-10.917697197975269,0.3463791310787201,-0.030421073863047172,0.025522935206264422,0.2429351806640625,0.17347363420489745,6.263742157764215,1,9.06,87.07554623667869,-0.04259774353116867,87.07554623667869,8.069171893684816,,,,,,,off,5.0,legged_eval-seed1-no-roughness,,n/a,settle,0.0,auto,hold,8.0,0.8,2.0,1.0,0,TURN,first,on,1000,1,deterministic,20.0,1,200,lo,1.0,0.42,0.5,0.05,open-loop,off,,,2.689,0.4889
19,balance_beam,4,0,1,1,off,0.0,1.4455780029296932,2.3211425781250057,0.549247041120468,1.3919739586762119,10.659260792716363,0,roll,11.98,-175.55178993875833,-14.653738726106704,0.3462004065513611,0.03719348939312965,0.026806559108932027,0.3328857421875,0.25936702888951274,-6.876364457076313,1,11.98,87.3371555897832,-2.1430016445189333,87.3371555897832,8.205224878501332,,,,,,,off,5.0,legged_eval-seed1-no-roughness,,n/a,settle,0.0,auto,hold,8.0,0.8,2.0,1.0,0,TURN,first,on,1000,1,deterministic,20.0,1,200,lo,1.0,0.42,0.5,0.05,open-loop,off,,,2.689,0.4889
19,balance_beam,5,0,1,1,off,0.0,1.52850341796875,2.256430053710943,0.5874284937342148,1.3216125603462163,10.874520417267306,0,roll,12.8,-188.53105251857863,-14.728988478013955,0.34628039598464966,0.041289329528808594,0.020033597946167436,0.26812744140625,0.26139037845218027,-6.226047924810411,1,12.8,89.41261873914651,-0.09199273564794636,89.41261873914651,8.130446600561939,,,,,,,off,5.0,legged_eval-seed1-no-roughness,,n/a,settle,0.0,auto,hold,8.0,0.8,2.0,1.0,0,TURN,first,on,1000,1,deterministic,20.0,1,200,lo,1.0,0.42,0.5,0.05,open-loop,off,,,2.689,0.4889
19,balance_beam,6,0,1,1,off,0.0,1.4233489990234602,2.3061889648437557,0.522471106537248,1.4835910187205503,11.580699464220768,0,roll,12.68,-178.01082474122484,-14.038708575806375,0.3468223810195923,0.03338714503339592,0.02414739470376622,0.3180389404296875,0.2600690206277003,-7.338803216947694,1,12.68,88.56235796867146,0.342855858843094,88.56235796867146,8.310500954446656,,,,,,,off,5.0,legged_eval-seed1-no-roughness,,n/a,settle,0.0,auto,hold,8.0,0.8,2.0,1.0,0,TURN,first,on,1000,1,deterministic,20.0,1,200,lo,1.0,0.42,0.5,0.05,open-loop,off,,,2.689,0.4889
19,balance_beam,7,0,1,1,off,0.0,1.644671630859392,2.1555541992187557,0.6631731452113366,1.289743323968326,11.956340306417875,0,roll,13.040000000000001,-203.90066966364864,-15.636554422058945,0.3460378050804138,0.049438008501487114,0.011929003007573288,0.167083740234375,0.30296777564969374,-5.520233654314745,1,13.040000000000001,87.85334085006117,0.11465282120470867,87.85334085006117,8.206295184834532,,,,,,,off,5.0,legged_eval-seed1-no-roughness,,n/a,settle,0.0,auto,hold,8.0,0.8,2.0,1.0,0,TURN,first,on,1000,1,deterministic,20.0,1,200,lo,1.0,0.42,0.5,0.05,open-loop,off,,,2.689,0.4889
19,balance_beam,8,0,1,1,off,0.0,1.5970886230468864,2.0780090332031307,0.6021629621898992,1.3551585158756987,12.303158690288567,0,roll,13.540000000000001,-204.15548331113803,-15.077952977188923,0.34647899866104126,0.044098125778942864,0.0057613761597585435,0.089447021484375,0.2649996301308111,-5.967598832476657,1,13.540000000000001,88.17107459510504,0.33754658816059907,88.17107459510504,8.122902851642575,,,,,,,off,5.0,legged_eval-seed1-no-roughness,,n/a,settle,0.0,auto,hold,8.0,0.8,2.0,1.0,0,TURN,first,on,1000,1,deterministic,20.0,1,200,lo,1.0,0.42,0.5,0.05,open-loop,off,,,2.689,0.4889
19,balance_beam,9,0,1,1,off,0.0,1.269506835937534,2.375570678710943,0.46226320351555067,1.7707794683625409,13.23582270578641,0,roll,11.46,-158.56142254139507,-13.836075265392239,0.3461034893989563,0.02351717591077959,0.03277231053324111,0.387237548828125,0.25673853135069824,-10.26845527077735,1,11.46,88.63041794478337,-0.035258624490066115,88.63041794478337,8.135868683078037,,,,,,,off,5.0,legged_eval-seed1-no-roughness,,n/a,settle,0.0,auto,hold,8.0,0.8,2.0,1.0,0,TURN,first,on,1000,1,deterministic,20.0,1,200,lo,1.0,0.42,0.5,0.05,open-loop,off,,,2.689,0.4889
