switch_delay_s,task,level,skill,t_start_s,t_end_s,x_start_m,x_end_m,duration_s
0,jump_on_and_off_box,0,TROT,0,0,1,1,0
0,jump_on_and_off_box,0,WALK,0,3.7,1,1.73996,3.7
0,jump_on_and_off_box,0,RUN,3.7,4.7,1.73996,2.21988,1
0,jump_on_and_off_box,0,WALK,4.7,8.6,2.21988,2.98304,3.9
0,jump_on_and_off_box,0,RUN,8.6,10,2.98304,3.65503,1.4
0,jump_on_and_off_box,0,WALK,10,13.9,3.65503,4.43503,3.9
0,jump_on_and_off_box,0,RUN,13.9,14.7,4.43503,4.81903,0.8
0,jump_on_and_off_box,0,WALK,14.7,18.6,4.81903,5.58465,3.9
0,jump_on_and_off_box,0,RUN,18.6,20,5.58465,6.25646,1.4
0,jump_on_and_off_box,0,WALK,20,23.9,6.25646,7.03624,3.9
0,jump_on_and_off_box,0,RUN,23.9,25.1,7.03624,7.61208,1.2
0,jump_on_and_off_box,0,WALK,25.1,29,7.61208,8.37816,3.9
0,jump_on_and_off_box,0,RUN,29,30.4,8.37816,9.04983,1.4
0,jump_on_and_off_box,0,WALK,30.4,34.3,9.04983,9.82945,3.9
0,jump_on_and_off_box,0,RUN,34.3,35.4,9.82945,10.3572,1.1
0,jump_on_and_off_box,0,WALK,35.4,39.4,10.3572,11.1381,4
0,jump_on_and_off_box,0,RUN,39.4,40.8,11.1381,11.8098,1.4
0,jump_on_and_off_box,0,WALK,40.8,44.7,11.8098,12.5893,3.9
0,jump_on_and_off_box,0,RUN,44.7,45.9,12.5893,13.165,1.2
0,jump_on_and_off_box,0,WALK,45.9,49.8,13.165,13.9344,3.9
0,jump_on_and_off_box,0,RUN,49.8,51.2,13.9344,14.6053,1.4
0,jump_on_and_off_box,0,WALK,51.2,55.1,14.6053,15.384,3.9
0,jump_on_and_off_box,0,RUN,55.1,55.6,15.384,15.6236,0.5
0,jump_on_and_off_box,0,WALK,55.6,59.5,15.6236,16.394,3.9
0,jump_on_and_off_box,0,RUN,59.5,61.3,16.394,17.2576,1.8
0,jump_on_and_off_box,0,WALK,61.3,68.1,17.2576,18.6,6.8
0,jump_on_and_off_box,1,TROT,0,0,1,1,0
0,jump_on_and_off_box,1,WALK,0,3.7,1,1.74,3.7
0,jump_on_and_off_box,1,RUN,3.7,4.3,1.74,2.02799,0.6
0,jump_on_and_off_box,1,WALK,4.3,8.4,2.02799,2.83381,4.1
0,jump_on_and_off_box,1,RUN,8.4,9.8,2.83381,3.50554,1.4
0,jump_on_and_off_box,1,WALK,9.8,13.7,3.50554,4.28521,3.9
0,jump_on_and_off_box,1,RUN,13.7,14.7,4.28521,4.76501,1
0,jump_on_and_off_box,1,WALK,14.7,18.6,4.76501,5.52903,3.9
0,jump_on_and_off_box,1,RUN,18.6,20,5.52903,6.20097,1.4
0,jump_on_and_off_box,1,WALK,20,23.9,6.20097,6.98089,3.9
0,jump_on_and_off_box,1,RUN,23.9,24.8,6.98089,7.41284,0.9
0,jump_on_and_off_box,1,WALK,24.8,28.7,7.41284,8.18602,3.9
0,jump_on_and_off_box,1,RUN,28.7,30.1,8.18602,8.85792,1.4
0,jump_on_and_off_box,1,WALK,30.1,34,8.85792,9.63781,3.9
0,jump_on_and_off_box,1,RUN,34,34.9,9.63781,10.0697,0.9
0,jump_on_and_off_box,1,WALK,34.9,38.7,10.0697,10.8251,3.8
0,jump_on_and_off_box,1,RUN,38.7,40.1,10.8251,11.4971,1.4
0,jump_on_and_off_box,1,WALK,40.1,44,11.4971,12.2771,3.9
0,jump_on_and_off_box,1,RUN,44,45,12.2771,12.7571,1
0,jump_on_and_off_box,1,WALK,45,48.9,12.7571,13.5299,3.9
0,jump_on_and_off_box,1,RUN,48.9,50.3,13.5299,14.2003,1.4
0,jump_on_and_off_box,1,WALK,50.3,54.2,14.2003,14.9785,3.9
0,jump_on_and_off_box,1,RUN,54.2,54.8,14.9785,15.2658,0.6
0,jump_on_and_off_box,1,WALK,54.8,58.7,15.2658,16.0254,3.9
0,jump_on_and_off_box,1,RUN,58.7,61.3,16.0254,17.2725,2.6
0,jump_on_and_off_box,1,WALK,61.3,66.2,17.2725,18.25,4.9
0,jump_on_and_off_box,2,TROT,0,0,1,1,0
0,jump_on_and_off_box,2,WALK,0,3.7,1,1.73929,3.7
0,jump_on_and_off_box,2,RUN,3.7,4.8,1.73929,2.26573,1.1
0,jump_on_and_off_box,2,WALK,4.8,8.7,2.26573,3.04135,3.9
0,jump_on_and_off_box,2,RUN,8.7,10,3.04135,3.66531,1.3
0,jump_on_and_off_box,2,WALK,10,13.8,3.66531,4.42525,3.8
0,jump_on_and_off_box,2,RUN,13.8,14.7,4.42525,4.85722,0.9
0,jump_on_and_off_box,2,WALK,14.7,18.6,4.85722,5.62597,3.9
0,jump_on_and_off_box,2,RUN,18.6,19.9,5.62597,6.24988,1.3
0,jump_on_and_off_box,2,WALK,19.9,23.8,6.24988,7.02976,3.9
0,jump_on_and_off_box,2,RUN,23.8,24.4,7.02976,7.31772,0.6
0,jump_on_and_off_box,2,WALK,24.4,28.3,7.31772,8.08054,3.9
0,jump_on_and_off_box,2,RUN,28.3,29.6,8.08054,8.70453,1.3
0,jump_on_and_off_box,2,WALK,29.6,33.5,8.70453,9.48453,3.9
0,jump_on_and_off_box,2,RUN,33.5,34.2,9.48453,9.82053,0.7
0,jump_on_and_off_box,2,WALK,34.2,38.1,9.82053,10.5895,3.9
0,jump_on_and_off_box,2,RUN,38.1,39.4,10.5895,11.2133,1.3
0,jump_on_and_off_box,2,WALK,39.4,43.3,11.2133,11.993,3.9
0,jump_on_and_off_box,2,RUN,43.3,44.1,11.993,12.3769,0.8
0,jump_on_and_off_box,2,WALK,44.1,48.2,12.3769,13.1819,4.1
0,jump_on_and_off_box,2,RUN,48.2,49.5,13.1819,13.8052,1.3
0,jump_on_and_off_box,2,WALK,49.5,53.4,13.8052,14.5843,3.9
0,jump_on_and_off_box,2,RUN,53.4,54.3,14.5843,15.0158,0.9
0,jump_on_and_off_box,2,WALK,54.3,58.2,15.0158,15.7936,3.9
0,jump_on_and_off_box,2,RUN,58.2,61.2,15.7936,17.2329,3
0,jump_on_and_off_box,2,WALK,61.2,64.8,17.2329,17.95,3.6
0,jump_on_and_off_box,3,TROT,0,0,1,1,0
0,jump_on_and_off_box,3,WALK,0,3.7,1,1.73971,3.7
0,jump_on_and_off_box,3,RUN,3.7,4,1.73971,1.88353,0.3
0,jump_on_and_off_box,3,WALK,4,8,1.88353,2.67548,4
0,jump_on_and_off_box,3,RUN,8,9.3,2.67548,3.29897,1.3
0,jump_on_and_off_box,3,WALK,9.3,13.2,3.29897,4.07834,3.9
0,jump_on_and_off_box,3,RUN,13.2,13.9,4.07834,4.41406,0.7
0,jump_on_and_off_box,3,WALK,13.9,17.8,4.41406,5.17527,3.9
0,jump_on_and_off_box,3,RUN,17.8,19.1,5.17527,5.79884,1.3
0,jump_on_and_off_box,3,WALK,19.1,23,5.79884,6.57832,3.9
0,jump_on_and_off_box,3,RUN,23,23.8,6.57832,6.96206,0.8
0,jump_on_and_off_box,3,WALK,23.8,27.7,6.96206,7.72997,3.9
0,jump_on_and_off_box,3,RUN,27.7,29,7.72997,8.35328,1.3
0,jump_on_and_off_box,3,WALK,29,32.9,8.35328,9.13241,3.9
0,jump_on_and_off_box,3,RUN,32.9,33.7,9.13241,9.51599,0.8
0,jump_on_and_off_box,3,WALK,33.7,37.6,9.51599,10.2907,3.9
0,jump_on_and_off_box,3,RUN,37.6,38.9,10.2907,10.9137,1.3
0,jump_on_and_off_box,3,WALK,38.9,42.8,10.9137,11.6924,3.9
0,jump_on_and_off_box,3,RUN,42.8,43.5,11.6924,12.0279,0.7
0,jump_on_and_off_box,3,WALK,43.5,47.6,12.0279,12.835,4.1
0,jump_on_and_off_box,3,RUN,47.6,48.9,12.835,13.4583,1.3
0,jump_on_and_off_box,3,WALK,48.9,52.8,13.4583,14.2374,3.9
0,jump_on_and_off_box,3,RUN,52.8,53.3,14.2374,14.4771,0.5
0,jump_on_and_off_box,3,WALK,53.3,57.4,14.4771,15.2859,4.1
0,jump_on_and_off_box,3,RUN,57.4,61.5,15.2859,17.2535,4.1
0,jump_on_and_off_box,3,WALK,61.5,62.5,17.2535,17.45,1
0,jump_on_and_off_box,4,TROT,0,0,1,1,0
0,jump_on_and_off_box,4,WALK,0,3.7,1,1.73989,3.7
0,jump_on_and_off_box,4,RUN,3.7,4.6,1.73989,2.17169,0.9
0,jump_on_and_off_box,4,WALK,4.6,8.5,2.17169,2.94313,3.9
0,jump_on_and_off_box,4,RUN,8.5,9.8,2.94313,3.56713,1.3
0,jump_on_and_off_box,4,WALK,9.8,13.6,3.56713,4.32713,3.8
0,jump_on_and_off_box,4,RUN,13.6,13.9,4.32713,4.47113,0.3
0,jump_on_and_off_box,4,WALK,13.9,17.7,4.47113,5.22687,3.8
0,jump_on_and_off_box,4,RUN,17.7,19,5.22687,5.85053,1.3
0,jump_on_and_off_box,4,WALK,19,22.9,5.85053,6.63011,3.9
0,jump_on_and_off_box,4,RUN,22.9,23.5,6.63011,6.91795,0.6
0,jump_on_and_off_box,4,WALK,23.5,27.4,6.91795,7.68611,3.9
0,jump_on_and_off_box,4,RUN,27.4,28.7,7.68611,8.30983,1.3
0,jump_on_and_off_box,4,WALK,28.7,32.6,8.30983,9.08947,3.9
0,jump_on_and_off_box,4,RUN,32.6,33.1,9.08947,9.32937,0.5
0,jump_on_and_off_box,4,WALK,33.1,37.2,9.32937,10.1366,4.1
0,jump_on_and_off_box,4,RUN,37.2,38.5,10.1366,10.76,1.3
0,jump_on_and_off_box,4,WALK,38.5,42.4,10.76,11.5392,3.9
0,jump_on_and_off_box,4,RUN,42.4,42.9,11.5392,11.779,0.5
0,jump_on_and_off_box,4,WALK,42.9,47,11.779,12.5893,4.1
0,jump_on_and_off_box,4,RUN,47,48.3,12.5893,13.213,1.3
0,jump_on_and_off_box,4,WALK,48.3,52.2,13.213,13.9927,3.9
0,jump_on_and_off_box,4,RUN,52.2,53,13.9927,14.3766,0.8
0,jump_on_and_off_box,4,WALK,53,57.1,14.3766,15.178,4.1
0,jump_on_and_off_box,4,RUN,57.1,61.4,15.178,17.242,4.3
0,jump_on_and_off_box,4,WALK,61.4,62,17.242,17.35,0.6
0,jump_on_and_off_box,5,TROT,0,0,1,1,0
0,jump_on_and_off_box,5,WALK,0,3.7,1,1.73948,3.7
0,jump_on_and_off_box,5,RUN,3.7,4.2,1.73948,1.97896,0.5
0,jump_on_and_off_box,5,WALK,4.2,8.2,1.97896,2.77617,4
0,jump_on_and_off_box,5,RUN,8.2,9.4,2.77617,3.35189,1.2
0,jump_on_and_off_box,5,WALK,9.4,13.3,3.35189,4.13152,3.9
0,jump_on_and_off_box,5,RUN,13.3,14.3,4.13152,4.61128,1
0,jump_on_and_off_box,5,WALK,14.3,18.2,4.61128,5.38039,3.9
0,jump_on_and_off_box,5,RUN,18.2,19.4,5.38039,5.95634,1.2
0,jump_on_and_off_box,5,WALK,19.4,23.3,5.95634,6.73627,3.9
0,jump_on_and_off_box,5,RUN,23.3,23.6,6.73627,6.88026,0.3
0,jump_on_and_off_box,5,WALK,23.6,27.6,6.88026,7.67647,4
0,jump_on_and_off_box,5,RUN,27.6,28.8,7.67647,8.25221,1.2
0,jump_on_and_off_box,5,WALK,28.8,32.7,8.25221,9.03186,3.9
0,jump_on_and_off_box,5,RUN,32.7,33.3,9.03186,9.31973,0.6
0,jump_on_and_off_box,5,WALK,33.3,37.2,9.31973,10.0875,3.9
0,jump_on_and_off_box,5,RUN,37.2,38.4,10.0875,10.6635,1.2
0,jump_on_and_off_box,5,WALK,38.4,42.3,10.6635,11.4434,3.9
0,jump_on_and_off_box,5,RUN,42.3,43.2,11.4434,11.8754,0.9
0,jump_on_and_off_box,5,WALK,43.2,47.3,11.8754,12.6831,4.1
0,jump_on_and_off_box,5,RUN,47.3,48.5,12.6831,13.2591,1.2
0,jump_on_and_off_box,5,WALK,48.5,52.4,13.2591,14.039,3.9
0,jump_on_and_off_box,5,RUN,52.4,52.6,14.039,14.135,0.2
0,jump_on_and_off_box,5,WALK,52.6,56.6,14.135,14.9307,4
0,jump_on_and_off_box,5,RUN,56.6,61.1,14.9307,17.05,4.5
0,jump_on_and_off_box,6,TROT,0,0,1,1,0
0,jump_on_and_off_box,6,WALK,0,3.7,1,1.73965,3.7
0,jump_on_and_off_box,6,RUN,3.7,4,1.73965,1.88343,0.3
0,jump_on_and_off_box,6,WALK,4,8,1.88343,2.68144,4
0,jump_on_and_off_box,6,RUN,8,9.2,2.68144,3.2572,1.2
0,jump_on_and_off_box,6,WALK,9.2,13.1,3.2572,4.03688,3.9
0,jump_on_and_off_box,6,RUN,13.1,13.5,4.03688,4.2288,0.4
0,jump_on_and_off_box,6,WALK,13.5,17.6,4.2288,5.04217,4.1
0,jump_on_and_off_box,6,RUN,17.6,18.8,5.04217,5.61812,1.2
0,jump_on_and_off_box,6,WALK,18.8,22.6,5.61812,6.37805,3.8
0,jump_on_and_off_box,6,RUN,22.6,23.4,6.37805,6.76201,0.8
0,jump_on_and_off_box,6,WALK,23.4,27.3,6.76201,7.52982,3.9
0,jump_on_and_off_box,6,RUN,27.3,28.5,7.52982,8.10522,1.2
0,jump_on_and_off_box,6,WALK,28.5,32.4,8.10522,8.8844,3.9
0,jump_on_and_off_box,6,RUN,32.4,32.8,8.8844,9.0762,0.4
0,jump_on_and_off_box,6,WALK,32.8,36.9,9.0762,9.89145,4.1
0,jump_on_and_off_box,6,RUN,36.9,38.1,9.89145,10.4662,1.2
0,jump_on_and_off_box,6,WALK,38.1,42,10.4662,11.2445,3.9
0,jump_on_and_off_box,6,RUN,42,42.8,11.2445,11.6276,0.8
0,jump_on_and_off_box,6,WALK,42.8,46.9,11.6276,12.4423,4.1
0,jump_on_and_off_box,6,RUN,46.9,48.1,12.4423,13.0181,1.2
0,jump_on_and_off_box,6,WALK,48.1,51.9,13.0181,13.7779,3.8
0,jump_on_and_off_box,6,RUN,51.9,52.4,13.7779,14.0179,0.5
0,jump_on_and_off_box,6,WALK,52.4,56.3,14.0179,14.7912,3.9
0,jump_on_and_off_box,6,RUN,56.3,60.7,14.7912,16.9,4.4
0,jump_on_and_off_box,7,TROT,0,0,1,1,0
0,jump_on_and_off_box,7,WALK,0,3.7,1,1.73989,3.7
0,jump_on_and_off_box,7,RUN,3.7,3.9,1.73989,1.83585,0.2
0,jump_on_and_off_box,7,WALK,3.9,8,1.83585,2.64501,4.1
0,jump_on_and_off_box,7,RUN,8,9.1,2.64501,3.17277,1.1
0,jump_on_and_off_box,7,WALK,9.1,12.9,3.17277,3.93244,3.8
0,jump_on_and_off_box,7,RUN,12.9,13.2,3.93244,4.07637,0.3
0,jump_on_and_off_box,7,WALK,13.2,17.3,4.07637,4.88592,4.1
0,jump_on_and_off_box,7,RUN,17.3,18.4,4.88592,5.41384,1.1
0,jump_on_and_off_box,7,WALK,18.4,22.3,5.41384,6.19372,3.9
0,jump_on_and_off_box,7,RUN,22.3,22.4,6.19372,6.24171,0.1
0,jump_on_and_off_box,7,WALK,22.4,26.4,6.24171,7.02682,4
0,jump_on_and_off_box,7,RUN,26.4,27.5,7.02682,7.55373,1.1
0,jump_on_and_off_box,7,WALK,27.5,31.4,7.55373,8.33211,3.9
0,jump_on_and_off_box,7,RUN,31.4,32.2,8.33211,8.71532,0.8
0,jump_on_and_off_box,7,WALK,32.2,36.1,8.71532,9.49207,3.9
0,jump_on_and_off_box,7,RUN,36.1,37.2,9.49207,10.0196,1.1
0,jump_on_and_off_box,7,WALK,37.2,41,10.0196,10.7789,3.8
0,jump_on_and_off_box,7,RUN,41,41.9,10.7789,11.2105,0.9
0,jump_on_and_off_box,7,WALK,41.9,45.9,11.2105,11.99,4
0,jump_on_and_off_box,7,RUN,45.9,47,11.99,12.5175,1.1
0,jump_on_and_off_box,7,WALK,47,50.8,12.5175,13.2768,3.8
0,jump_on_and_off_box,7,RUN,50.8,51.7,13.2768,13.7083,0.9
0,jump_on_and_off_box,7,WALK,51.7,55.6,13.7083,14.48,3.9
0,jump_on_and_off_box,7,RUN,55.6,60,14.48,16.55,4.4
0,jump_on_and_off_box,8,TROT,0,0,1,1,0
0,jump_on_and_off_box,8,WALK,0,3.7,1,1.73993,3.7
0,jump_on_and_off_box,8,RUN,3.7,4.4,1.73993,2.07583,0.7
0,jump_on_and_off_box,8,WALK,4.4,8.5,2.07583,2.88864,4.1
0,jump_on_and_off_box,8,RUN,8.5,9.6,2.88864,3.41632,1.1
0,jump_on_and_off_box,8,WALK,9.6,13.4,3.41632,4.17587,3.8
0,jump_on_and_off_box,8,RUN,13.4,13.9,4.17587,4.41572,0.5
0,jump_on_and_off_box,8,WALK,13.9,17.8,4.41572,5.18306,3.9
0,jump_on_and_off_box,8,RUN,17.8,18.9,5.18306,5.71001,1.1
0,jump_on_and_off_box,8,WALK,18.9,22.8,5.71001,6.48847,3.9
0,jump_on_and_off_box,8,RUN,22.8,23.3,6.48847,6.72799,0.5
0,jump_on_and_off_box,8,WALK,23.3,27.4,6.72799,7.53985,4.1
0,jump_on_and_off_box,8,RUN,27.4,28.5,7.53985,8.06772,1.1
0,jump_on_and_off_box,8,WALK,28.5,32.3,8.06772,8.82755,3.8
0,jump_on_and_off_box,8,RUN,32.3,32.6,8.82755,8.97152,0.3
0,jump_on_and_off_box,8,WALK,32.6,36.5,8.97152,9.73878,3.9
0,jump_on_and_off_box,8,RUN,36.5,37.6,9.73878,10.2667,1.1
0,jump_on_and_off_box,8,WALK,37.6,41.4,10.2667,11.0266,3.8
0,jump_on_and_off_box,8,RUN,41.4,42.2,11.0266,11.4105,0.8
0,jump_on_and_off_box,8,WALK,42.2,46.1,11.4105,12.1867,3.9
0,jump_on_and_off_box,8,RUN,46.1,47.2,12.1867,12.7143,1.1
0,jump_on_and_off_box,8,WALK,47.2,51.1,12.7143,13.4938,3.9
0,jump_on_and_off_box,8,RUN,51.1,51.5,13.4938,13.6857,0.4
0,jump_on_and_off_box,8,WALK,51.5,55.5,13.6857,14.4814,4
0,jump_on_and_off_box,8,RUN,55.5,59.9,14.4814,16.55,4.4
0,jump_on_and_off_box,9,TROT,0,0,1,1,0
0,jump_on_and_off_box,9,WALK,0,3.7,1,1.73982,3.7
0,jump_on_and_off_box,9,RUN,3.7,4.2,1.73982,1.97964,0.5
0,jump_on_and_off_box,9,WALK,4.2,8.3,1.97964,2.78727,4.1
0,jump_on_and_off_box,9,RUN,8.3,9.3,2.78727,3.26715,1
0,jump_on_and_off_box,9,WALK,9.3,17.2,3.26715,4.8303,7.9
0,jump_on_and_off_box,9,RUN,17.2,18.2,4.8303,5.31029,1
0,jump_on_and_off_box,9,WALK,18.2,22.1,5.31029,6.09028,3.9
0,jump_on_and_off_box,9,RUN,22.1,22.5,6.09028,6.28228,0.4
0,jump_on_and_off_box,9,WALK,22.5,26.6,6.28228,7.08721,4.1
0,jump_on_and_off_box,9,RUN,26.6,27.6,7.08721,7.56633,1
0,jump_on_and_off_box,9,WALK,27.6,31.5,7.56633,8.3449,3.9
0,jump_on_and_off_box,9,RUN,31.5,32.1,8.3449,8.63237,0.6
0,jump_on_and_off_box,9,WALK,32.1,36.2,8.63237,9.44123,4.1
0,jump_on_and_off_box,9,RUN,36.2,37.2,9.44123,9.92123,1
0,jump_on_and_off_box,9,WALK,37.2,41,9.92123,10.6812,3.8
0,jump_on_and_off_box,9,RUN,41,41.8,10.6812,11.0652,0.8
0,jump_on_and_off_box,9,WALK,41.8,45.7,11.0652,11.8289,3.9
0,jump_on_and_off_box,9,RUN,45.7,46.7,11.8289,12.3078,1
0,jump_on_and_off_box,9,WALK,46.7,50.6,12.3078,13.086,3.9
0,jump_on_and_off_box,9,RUN,50.6,50.9,13.086,13.2297,0.3
0,jump_on_and_off_box,9,WALK,50.9,55,13.2297,14.0339,4.1
0,jump_on_and_off_box,9,RUN,55,59.3,14.0339,16.05,4.3
0,forward_ramp_lips,0,TROT,0,0,1,1,0
0,forward_ramp_lips,0,WALK,0,7.7,1,2.53841,7.7
0,forward_ramp_lips,0,RUN,7.7,7.9,2.53841,2.6344,0.2
0,forward_ramp_lips,0,WALK,7.9,18.2,2.6344,4.68897,10.3
0,forward_ramp_lips,0,RUN,18.2,18.4,4.68897,4.78496,0.2
0,forward_ramp_lips,0,WALK,18.4,22.4,4.78496,5.58495,4
0,forward_ramp_lips,0,TROT,22.4,22.5,5.58495,5.63995,0.1
0,forward_ramp_lips,0,WALK,22.5,26.5,5.63995,6.43277,4
0,forward_ramp_lips,0,RUN,26.5,26.7,6.43277,6.52861,0.2
0,forward_ramp_lips,0,WALK,26.7,37,6.52861,8.58172,10.3
0,forward_ramp_lips,0,RUN,37,37.2,8.58172,8.67769,0.2
0,forward_ramp_lips,0,WALK,37.2,47.3,8.67769,10.6864,10.1
0,forward_ramp_lips,0,RUN,47.3,47.5,10.6864,10.7823,0.2
0,forward_ramp_lips,0,WALK,47.5,51.5,10.7823,11.5821,4
0,forward_ramp_lips,0,TROT,51.5,51.9,11.5821,11.802,0.4
0,forward_ramp_lips,0,WALK,51.9,55.8,11.802,12.577,3.9
0,forward_ramp_lips,0,RUN,55.8,59.3,12.577,14.25,3.5
0,forward_ramp_lips,1,TROT,0,0,1,1,0
0,forward_ramp_lips,1,WALK,0,3.7,1,1.73959,3.7
0,forward_ramp_lips,1,TROT,3.7,4.1,1.73959,1.95921,0.4
0,forward_ramp_lips,1,WALK,4.1,8.1,1.95921,2.74196,4
0,forward_ramp_lips,1,RUN,8.1,8.3,2.74196,2.83795,0.2
0,forward_ramp_lips,1,WALK,8.3,12.3,2.83795,3.63781,4
0,forward_ramp_lips,1,TROT,12.3,13.1,3.63781,4.07773,0.8
0,forward_ramp_lips,1,WALK,13.1,16.9,4.07773,4.82777,3.8
0,forward_ramp_lips,1,RUN,16.9,17.2,4.82777,4.9714,0.3
0,forward_ramp_lips,1,WALK,17.2,21,4.9714,5.72947,3.8
0,forward_ramp_lips,1,TROT,21,21.7,5.72947,6.11349,0.7
0,forward_ramp_lips,1,WALK,21.7,25.7,6.11349,6.89472,4
0,forward_ramp_lips,1,RUN,25.7,25.9,6.89472,6.99055,0.2
0,forward_ramp_lips,1,WALK,25.9,29.9,6.99055,7.78912,4
0,forward_ramp_lips,1,TROT,29.9,30.3,7.78912,8.00873,0.4
0,forward_ramp_lips,1,WALK,30.3,34.3,8.00873,8.78902,4
0,forward_ramp_lips,1,RUN,34.3,34.5,8.78902,8.88468,0.2
0,forward_ramp_lips,1,WALK,34.5,38.5,8.88468,9.68183,4
0,forward_ramp_lips,1,TROT,38.5,39,9.68183,9.95585,0.5
0,forward_ramp_lips,1,WALK,39,42.9,9.95585,10.7299,3.9
0,forward_ramp_lips,1,RUN,42.9,43.2,10.7299,10.8732,0.3
0,forward_ramp_lips,1,WALK,43.2,47,10.8732,11.6294,3.8
0,forward_ramp_lips,1,TROT,47,47.2,11.6294,11.7389,0.2
0,forward_ramp_lips,1,WALK,47.2,51.3,11.7389,12.5423,4.1
0,forward_ramp_lips,1,RUN,51.3,54.8,12.5423,14.2,3.5
0,forward_ramp_lips,2,TROT,0,0,1,1,0
0,forward_ramp_lips,2,WALK,0,3.7,1,1.73994,3.7
0,forward_ramp_lips,2,TROT,3.7,4.4,1.73994,2.12485,0.7
0,forward_ramp_lips,2,WALK,4.4,8.3,2.12485,2.88894,3.9
0,forward_ramp_lips,2,RUN,8.3,8.5,2.88894,2.9848,0.2
0,forward_ramp_lips,2,WALK,8.5,12.5,2.9848,3.78359,4
0,forward_ramp_lips,2,TROT,12.5,13.1,3.78359,4.11309,0.6
0,forward_ramp_lips,2,WALK,13.1,17,4.11309,4.88071,3.9
0,forward_ramp_lips,2,RUN,17,17.3,4.88071,5.02424,0.3
0,forward_ramp_lips,2,WALK,17.3,21.1,5.02424,5.78173,3.8
0,forward_ramp_lips,2,TROT,21.1,21.8,5.78173,6.16546,0.7
0,forward_ramp_lips,2,WALK,21.8,25.7,6.16546,6.92807,3.9
0,forward_ramp_lips,2,RUN,25.7,26,6.92807,7.07159,0.3
0,forward_ramp_lips,2,WALK,26,34.4,7.07159,8.73688,8.4
0,forward_ramp_lips,2,RUN,34.4,34.6,8.73688,8.83264,0.2
0,forward_ramp_lips,2,WALK,34.6,38.6,8.83264,9.6307,4
0,forward_ramp_lips,2,TROT,38.6,39.4,9.6307,10.0696,0.8
0,forward_ramp_lips,2,WALK,39.4,43.3,10.0696,10.845,3.9
0,forward_ramp_lips,2,RUN,43.3,43.5,10.845,10.941,0.2
0,forward_ramp_lips,2,WALK,43.5,51.8,10.941,12.5931,8.3
0,forward_ramp_lips,2,RUN,51.8,55.3,12.5931,14.25,3.5
0,forward_ramp_lips,3,TROT,0,0,1,1,0
0,forward_ramp_lips,3,WALK,0,3.7,1,1.73962,3.7
0,forward_ramp_lips,3,TROT,3.7,4.5,1.73962,2.17893,0.8
0,forward_ramp_lips,3,WALK,4.5,8.4,2.17893,2.94297,3.9
0,forward_ramp_lips,3,RUN,8.4,8.6,2.94297,3.03897,0.2
0,forward_ramp_lips,3,WALK,8.6,12.6,3.03897,3.83895,4
0,forward_ramp_lips,3,TROT,12.6,13.2,3.83895,4.16895,0.6
0,forward_ramp_lips,3,WALK,13.2,17.1,4.16895,4.94496,3.9
0,forward_ramp_lips,3,RUN,17.1,17.3,4.94496,5.04096,0.2
0,forward_ramp_lips,3,WALK,17.3,25.3,5.04096,6.64044,8
0,forward_ramp_lips,3,RUN,25.3,25.5,6.64044,6.73642,0.2
0,forward_ramp_lips,3,WALK,25.5,29.5,6.73642,7.5363,4
0,forward_ramp_lips,3,TROT,29.5,30.3,7.5363,7.97624,0.8
0,forward_ramp_lips,3,WALK,30.3,34.4,7.97624,8.78843,4.1
0,forward_ramp_lips,3,RUN,34.4,34.6,8.78843,8.88429,0.2
0,forward_ramp_lips,3,WALK,34.6,38.6,8.88429,9.68315,4
0,forward_ramp_lips,3,TROT,38.6,39.2,9.68315,10.0127,0.6
0,forward_ramp_lips,3,WALK,39.2,43.1,10.0127,10.7847,3.9
0,forward_ramp_lips,3,RUN,43.1,43.3,10.7847,10.8806,0.2
0,forward_ramp_lips,3,WALK,43.3,47.3,10.8806,11.68,4
0,forward_ramp_lips,3,TROT,47.3,48,11.68,12.0647,0.7
0,forward_ramp_lips,3,WALK,48,51.9,12.0647,12.8421,3.9
0,forward_ramp_lips,3,RUN,51.9,55.4,12.8421,14.5,3.5
0,forward_ramp_lips,4,TROT,0,0,1,1,0
0,forward_ramp_lips,4,WALK,0,3.7,1,1.7393,3.7
0,forward_ramp_lips,4,TROT,3.7,4.2,1.7393,2.0135,0.5
0,forward_ramp_lips,4,WALK,4.2,8.2,2.0135,2.79535,4
0,forward_ramp_lips,4,RUN,8.2,8.5,2.79535,2.93904,0.3
0,forward_ramp_lips,4,WALK,8.5,12.5,2.93904,3.73735,4
0,forward_ramp_lips,4,TROT,12.5,13.3,3.73735,4.17641,0.8
0,forward_ramp_lips,4,WALK,13.3,17.2,4.17641,4.94231,3.9
0,forward_ramp_lips,4,RUN,17.2,17.5,4.94231,5.08631,0.3
0,forward_ramp_lips,4,WALK,17.5,26.3,5.08631,6.83401,8.8
0,forward_ramp_lips,4,RUN,26.3,26.7,6.83401,7.02549,0.4
0,forward_ramp_lips,4,WALK,26.7,34.8,7.02549,8.634,8.1
0,forward_ramp_lips,4,RUN,34.8,35.1,8.634,8.77794,0.3
0,forward_ramp_lips,4,WALK,35.1,39.1,8.77794,9.57765,4
0,forward_ramp_lips,4,TROT,39.1,39.8,9.57765,9.96251,0.7
0,forward_ramp_lips,4,WALK,39.8,43.7,9.96251,10.7256,3.9
0,forward_ramp_lips,4,RUN,43.7,44.1,10.7256,10.9176,0.4
0,forward_ramp_lips,4,WALK,44.1,52,10.9176,12.4793,7.9
0,forward_ramp_lips,4,RUN,52,55.6,12.4793,14.2,3.6
0,forward_ramp_lips,5,TROT,0,0,1,1,0
0,forward_ramp_lips,5,WALK,0,3.7,1,1.73983,3.7
0,forward_ramp_lips,5,TROT,3.7,4.3,1.73983,2.06959,0.6
0,forward_ramp_lips,5,WALK,4.3,8.2,2.06959,2.83068,3.9
0,forward_ramp_lips,5,RUN,8.2,8.6,2.83068,3.02267,0.4
0,forward_ramp_lips,5,WALK,8.6,16.7,3.02267,4.63516,8.1
0,forward_ramp_lips,5,RUN,16.7,17,4.63516,4.77916,0.3
0,forward_ramp_lips,5,WALK,17,24.3,4.77916,6.23601,7.3
0,forward_ramp_lips,5,RUN,24.3,24.6,6.23601,6.3799,0.3
0,forward_ramp_lips,5,WALK,24.6,32,6.3799,7.84026,7.4
0,forward_ramp_lips,5,RUN,32,32.3,7.84026,7.98426,0.3
0,forward_ramp_lips,5,WALK,32.3,39.8,7.98426,9.47582,7.5
0,forward_ramp_lips,5,RUN,39.8,40.2,9.47582,9.66781,0.4
0,forward_ramp_lips,5,WALK,40.2,47.6,9.66781,11.1346,7.4
0,forward_ramp_lips,5,RUN,47.6,51.2,11.1346,12.85,3.6
0,forward_ramp_lips,6,TROT,0,0,1,1,0
0,forward_ramp_lips,6,WALK,0,3.7,1,1.7396,3.7
0,forward_ramp_lips,6,TROT,3.7,4.4,1.7396,2.12397,0.7
0,forward_ramp_lips,6,WALK,4.4,8.3,2.12397,2.89175,3.9
0,forward_ramp_lips,6,RUN,8.3,8.6,2.89175,3.03575,0.3
0,forward_ramp_lips,6,WALK,8.6,17.6,3.03575,4.83284,9
0,forward_ramp_lips,6,RUN,17.6,17.9,4.83284,4.97684,0.3
0,forward_ramp_lips,6,WALK,17.9,26.8,4.97684,6.74111,8.9
0,forward_ramp_lips,6,RUN,26.8,27.1,6.74111,6.8849,0.3
0,forward_ramp_lips,6,WALK,27.1,31.1,6.8849,7.6837,4
0,forward_ramp_lips,6,TROT,31.1,31.8,7.6837,8.06812,0.7
0,forward_ramp_lips,6,WALK,31.8,35.7,8.06812,8.82914,3.9
0,forward_ramp_lips,6,RUN,35.7,36.1,8.82914,9.02101,0.4
0,forward_ramp_lips,6,WALK,36.1,45.7,9.02101,10.9271,9.6
0,forward_ramp_lips,6,RUN,45.7,46.1,10.9271,11.1191,0.4
0,forward_ramp_lips,6,WALK,46.1,50.4,11.1191,11.9791,4.3
0,forward_ramp_lips,6,TROT,50.4,50.6,11.9791,12.0891,0.2
0,forward_ramp_lips,6,WALK,50.6,54.6,12.0891,12.8876,4
0,forward_ramp_lips,6,RUN,54.6,58.2,12.8876,14.6,3.6
0,forward_ramp_lips,7,TROT,0,0,1,1,0
0,forward_ramp_lips,7,WALK,0,3.7,1,1.73951,3.7
0,forward_ramp_lips,7,TROT,3.7,4.5,1.73951,2.17862,0.8
0,forward_ramp_lips,7,WALK,4.5,8.4,2.17862,2.939,3.9
0,forward_ramp_lips,7,RUN,8.4,8.7,2.939,3.08285,0.3
0,forward_ramp_lips,7,WALK,8.7,12.7,3.08285,3.88202,4
0,forward_ramp_lips,7,TROT,12.7,13.5,3.88202,4.32157,0.8
0,forward_ramp_lips,7,WALK,13.5,17.3,4.32157,5.07589,3.8
0,forward_ramp_lips,7,RUN,17.3,17.7,5.07589,5.26784,0.4
0,forward_ramp_lips,7,WALK,17.7,24.9,5.26784,6.68877,7.2
0,forward_ramp_lips,7,RUN,24.9,25.2,6.68877,6.83268,0.3
0,forward_ramp_lips,7,WALK,25.2,35,6.83268,8.79029,9.8
0,forward_ramp_lips,7,RUN,35,35.3,8.79029,8.93428,0.3
0,forward_ramp_lips,7,WALK,35.3,44.6,8.93428,10.7886,9.3
0,forward_ramp_lips,7,RUN,44.6,44.9,10.7886,10.9326,0.3
0,forward_ramp_lips,7,WALK,44.9,48.9,10.9326,11.7323,4
0,forward_ramp_lips,7,TROT,48.9,49.6,11.7323,12.1171,0.7
0,forward_ramp_lips,7,WALK,49.6,53.4,12.1171,12.8768,3.8
0,forward_ramp_lips,7,RUN,53.4,57,12.8768,14.6,3.6
0,forward_ramp_lips,8,TROT,0,0,1,1,0
0,forward_ramp_lips,8,WALK,0,7,1,2.382,7
0,forward_ramp_lips,8,RUN,7,7.5,2.382,2.62139,0.5
0,forward_ramp_lips,8,WALK,7.5,16.2,2.62139,4.34189,8.7
0,forward_ramp_lips,8,RUN,16.2,16.6,4.34189,4.53389,0.4
0,forward_ramp_lips,8,WALK,16.6,25.6,4.53389,6.32603,9
0,forward_ramp_lips,8,RUN,25.6,26.1,6.32603,6.56601,0.5
0,forward_ramp_lips,8,WALK,26.1,35.2,6.56601,8.37569,9.1
0,forward_ramp_lips,8,RUN,35.2,35.7,8.37569,8.61563,0.5
0,forward_ramp_lips,8,WALK,35.7,44.1,8.61563,10.2806,8.4
0,forward_ramp_lips,8,RUN,44.1,44.6,10.2806,10.5202,0.5
0,forward_ramp_lips,8,WALK,44.6,52,10.5202,11.982,7.4
0,forward_ramp_lips,8,RUN,52,55.7,11.982,13.75,3.7
0,forward_ramp_lips,9,TROT,0,0,1,1,0
0,forward_ramp_lips,9,WALK,0,9.2,1,2.82986,9.2
0,forward_ramp_lips,9,RUN,9.2,9.7,2.82986,3.06982,0.5
0,forward_ramp_lips,9,WALK,9.7,18.8,3.06982,4.87658,9.1
0,forward_ramp_lips,9,RUN,18.8,19.3,4.87658,5.11655,0.5
0,forward_ramp_lips,9,WALK,19.3,28.7,5.11655,6.9843,9.4
0,forward_ramp_lips,9,RUN,28.7,29.2,6.9843,7.22388,0.5
0,forward_ramp_lips,9,WALK,29.2,38.3,7.22388,9.03864,9.1
0,forward_ramp_lips,9,RUN,38.3,38.7,9.03864,9.23045,0.4
0,forward_ramp_lips,9,WALK,38.7,47.5,9.23045,10.9776,8.8
0,forward_ramp_lips,9,RUN,47.5,48,10.9776,11.2175,0.5
0,forward_ramp_lips,9,WALK,48,55.9,11.2175,12.7794,7.9
0,forward_ramp_lips,9,RUN,55.9,59.6,12.7794,14.55,3.7
0,sphere_bump_lips,0,TROT,0,0,1,1,0
0,sphere_bump_lips,0,RUN,0,1.2,1,1.54638,1.2
0,sphere_bump_lips,0,JUMP,1.2,2,1.54638,1.54638,0.8
0,sphere_bump_lips,0,WALK,2,4.6,1.54638,2.04882,2.6
0,sphere_bump_lips,0,JUMP,4.6,5.4,2.04882,2.04882,0.8
0,sphere_bump_lips,0,WALK,5.4,11.6,2.04882,3.22368,6.2
0,sphere_bump_lips,0,RUN,11.6,12,3.22368,3.40263,0.4
0,sphere_bump_lips,0,WALK,12,12.1,3.40263,3.42127,0.1
0,sphere_bump_lips,0,JUMP,12.1,12.9,3.42127,3.42127,0.8
0,sphere_bump_lips,0,WALK,12.9,15.7,3.42127,3.94319,2.8
0,sphere_bump_lips,0,JUMP,15.7,16.5,3.94319,3.94319,0.8
0,sphere_bump_lips,0,WALK,16.5,22.4,3.94319,5.04879,5.9
0,sphere_bump_lips,0,RUN,22.4,24.9,5.04879,6.19705,2.5
0,sphere_bump_lips,0,WALK,24.9,33.5,6.19705,7.81466,8.6
0,sphere_bump_lips,0,RUN,33.5,35,7.81466,8.45865,1.5
0,sphere_bump_lips,0,WALK,35,52.5,8.45865,11.7202,17.5
0,sphere_bump_lips,0,RUN,52.5,54.3,11.7202,12.3995,1.8
0,sphere_bump_lips,0,WALK,54.3,63.3,12.3995,13.8471,9
0,sphere_bump_lips,0,RUN,63.3,65.4,13.8471,14.8051,2.1
0,sphere_bump_lips,0,WALK,65.4,69.6,14.8051,15.6034,4.2
0,sphere_bump_lips,0,RUN,69.6,71.3,15.6034,16.35,1.7
0,sphere_bump_lips,1,TROT,0,0,1,1,0
0,sphere_bump_lips,1,RUN,0,1.3,1,1.596,1.3
0,sphere_bump_lips,1,WALK,1.3,10,1.596,3.30599,8.7
0,sphere_bump_lips,1,RUN,10,11,3.30599,3.75543,1
0,sphere_bump_lips,1,WALK,11,19.1,3.75543,5.26024,8.1
0,sphere_bump_lips,1,RUN,19.1,20.6,5.26024,5.90122,1.5
0,sphere_bump_lips,1,WALK,20.6,29.4,5.90122,7.46566,8.8
0,sphere_bump_lips,1,RUN,29.4,30.9,7.46566,8.11262,1.5
0,sphere_bump_lips,1,WALK,30.9,39,8.11262,9.55952,8.1
0,sphere_bump_lips,1,RUN,39,40.7,9.55952,10.2827,1.7
0,sphere_bump_lips,1,WALK,40.7,57.8,10.2827,13.4894,17.1
0,sphere_bump_lips,1,RUN,57.8,60.6,13.4894,14.8301,2.8
0,sphere_bump_lips,1,WALK,60.6,64.9,14.8301,15.688,4.3
0,sphere_bump_lips,1,RUN,64.9,65.8,15.688,16.1,0.9
0,sphere_bump_lips,2,TROT,0,0,1,1,0
0,sphere_bump_lips,2,RUN,0,1.1,1,1.5,1.1
0,sphere_bump_lips,2,WALK,1.1,7.9,1.5,2.72826,6.8
0,sphere_bump_lips,2,RUN,7.9,9.6,2.72826,3.53638,1.7
0,sphere_bump_lips,2,WALK,9.6,18.4,3.53638,5.25276,8.8
0,sphere_bump_lips,2,RUN,18.4,19.3,5.25276,5.65091,0.9
0,sphere_bump_lips,2,WALK,19.3,27.3,5.65091,7.12994,8
0,sphere_bump_lips,2,RUN,27.3,27.9,7.12994,7.41784,0.6
0,sphere_bump_lips,2,WALK,27.9,36,7.41784,9.02984,8.1
0,sphere_bump_lips,2,RUN,36,37.5,9.02984,9.74919,1.5
0,sphere_bump_lips,2,WALK,37.5,45.8,9.74919,11.3708,8.3
0,sphere_bump_lips,2,RUN,45.8,47.3,11.3708,11.9855,1.5
0,sphere_bump_lips,2,WALK,47.3,55.8,11.9855,13.4451,8.5
0,sphere_bump_lips,2,RUN,55.8,57.7,13.4451,14.335,1.9
0,sphere_bump_lips,2,WALK,57.7,58.5,14.335,14.4911,0.8
0,sphere_bump_lips,2,RUN,58.5,58.7,14.4911,14.5848,0.2
0,sphere_bump_lips,2,WALK,58.7,61.5,14.5848,15.1312,2.8
0,sphere_bump_lips,2,RUN,61.5,62.8,15.1312,15.7,1.3
0,sphere_bump_lips,3,TROT,0,0,1,1,0
0,sphere_bump_lips,3,RUN,0,1.6,1,1.70391,1.6
0,sphere_bump_lips,3,WALK,1.6,10,1.70391,3.12186,8.4
0,sphere_bump_lips,3,RUN,10,11.7,3.12186,3.82304,1.7
0,sphere_bump_lips,3,WALK,11.7,19.6,3.82304,5.18799,7.9
0,sphere_bump_lips,3,RUN,19.6,20,5.18799,5.37723,0.4
0,sphere_bump_lips,3,WALK,20,28.3,5.37723,6.99657,8.3
0,sphere_bump_lips,3,RUN,28.3,29.9,6.99657,7.75142,1.6
0,sphere_bump_lips,3,WALK,29.9,38.3,7.75142,9.37076,8.4
0,sphere_bump_lips,3,RUN,38.3,39.8,9.37076,9.98549,1.5
0,sphere_bump_lips,3,WALK,39.8,48.3,9.98549,11.4428,8.5
0,sphere_bump_lips,3,RUN,48.3,49.1,11.4428,11.8131,0.8
0,sphere_bump_lips,3,WALK,49.1,57.5,11.8131,13.4293,8.4
0,sphere_bump_lips,3,RUN,57.5,61.8,13.4293,15.45,4.3
0,sphere_bump_lips,4,TROT,0,0,1,1,0
0,sphere_bump_lips,4,RUN,0,1.1,1,1.5,1.1
0,sphere_bump_lips,4,WALK,1.1,8.7,1.5,2.72826,7.6
0,sphere_bump_lips,4,RUN,8.7,10.6,2.72826,3.63145,1.9
0,sphere_bump_lips,4,WALK,10.6,27.2,3.63145,6.89452,16.6
0,sphere_bump_lips,4,RUN,27.2,28.8,6.89452,7.64146,1.6
0,sphere_bump_lips,4,WALK,28.8,36.6,7.64146,9.15337,7.8
0,sphere_bump_lips,4,RUN,36.6,37.3,9.15337,9.47543,0.7
0,sphere_bump_lips,4,WALK,37.3,45.2,9.47543,10.989,7.9
0,sphere_bump_lips,4,RUN,45.2,45.4,10.989,11.0843,0.2
0,sphere_bump_lips,4,WALK,45.4,53.3,11.0843,12.6397,7.9
0,sphere_bump_lips,4,RUN,53.3,57.8,12.6397,14.75,4.5
0,sphere_bump_lips,5,TROT,0,0,1,1,0
0,sphere_bump_lips,5,RUN,0,1.3,1,1.57791,1.3
0,sphere_bump_lips,5,WALK,1.3,9.5,1.57791,2.91238,8.2
0,sphere_bump_lips,5,RUN,9.5,11.5,2.91238,3.77843,2
0,sphere_bump_lips,5,WALK,11.5,19.4,3.77843,5.17747,7.9
0,sphere_bump_lips,5,RUN,19.4,19.9,5.17747,5.36868,0.5
0,sphere_bump_lips,5,WALK,19.9,27.9,5.36868,6.6308,8
0,sphere_bump_lips,5,RUN,27.9,30.2,6.6308,7.5333,2.3
0,sphere_bump_lips,5,WALK,30.2,38.2,7.5333,8.85049,8
0,sphere_bump_lips,5,RUN,38.2,38.9,8.85049,9.16651,0.7
0,sphere_bump_lips,5,WALK,38.9,46.7,9.16651,10.6377,7.8
0,sphere_bump_lips,5,RUN,46.7,47.5,10.6377,11.0153,0.8
0,sphere_bump_lips,5,WALK,47.5,55.3,11.0153,12.5382,7.8
0,sphere_bump_lips,5,RUN,55.3,59.6,12.5382,14.55,4.3
0,sphere_bump_lips,6,TROT,0,0,1,1,0
0,sphere_bump_lips,6,RUN,0,1.7,1,1.77562,1.7
0,sphere_bump_lips,6,WALK,1.7,16.5,1.77562,4.58994,14.8
0,sphere_bump_lips,6,RUN,16.5,16.9,4.58994,4.78186,0.4
0,sphere_bump_lips,6,WALK,16.9,24.3,4.78186,6.24689,7.4
0,sphere_bump_lips,6,RUN,24.3,26.1,6.24689,7.08404,1.8
0,sphere_bump_lips,6,WALK,26.1,41.9,7.08404,10.039,15.8
0,sphere_bump_lips,6,RUN,41.9,43.2,10.039,10.6586,1.3
0,sphere_bump_lips,6,WALK,43.2,50.4,10.6586,12.0799,7.2
0,sphere_bump_lips,6,RUN,50.4,54.6,12.0799,14.05,4.2
0,sphere_bump_lips,7,TROT,0,0,1,1,0
0,sphere_bump_lips,7,RUN,0,1.1,1,1.5,1.1
0,sphere_bump_lips,7,WALK,1.1,8.5,1.5,2.88627,7.4
0,sphere_bump_lips,7,RUN,8.5,8.9,2.88627,3.05191,0.4
0,sphere_bump_lips,7,WALK,8.9,16.6,3.05191,4.38859,7.7
0,sphere_bump_lips,7,RUN,16.6,17.8,4.38859,4.9588,1.2
0,sphere_bump_lips,7,WALK,17.8,25.6,4.9588,6.48892,7.8
0,sphere_bump_lips,7,RUN,25.6,26.6,6.48892,6.96521,1
0,sphere_bump_lips,7,WALK,26.6,42.2,6.96521,9.98091,15.6
0,sphere_bump_lips,7,RUN,42.2,43.6,9.98091,10.5307,1.4
0,sphere_bump_lips,7,WALK,43.6,51.5,10.5307,11.8365,7.9
0,sphere_bump_lips,7,RUN,51.5,56,11.8365,13.9,4.5
0,sphere_bump_lips,8,TROT,0,0,1,1,0
0,sphere_bump_lips,8,RUN,0,1.1,1,1.5,1.1
0,sphere_bump_lips,8,WALK,1.1,8.3,1.5,2.70459,7.2
0,sphere_bump_lips,8,RUN,8.3,9,2.70459,2.99744,0.7
0,sphere_bump_lips,8,WALK,9,16.6,2.99744,4.33995,7.6
0,sphere_bump_lips,8,RUN,16.6,17.2,4.33995,4.62784,0.6
0,sphere_bump_lips,8,WALK,17.2,25.2,4.62784,6.19925,8
0,sphere_bump_lips,8,RUN,25.2,26.9,6.19925,6.96041,1.7
0,sphere_bump_lips,8,WALK,26.9,40.7,6.96041,9.49839,13.8
0,sphere_bump_lips,8,RUN,40.7,42.3,9.49839,10.254,1.6
0,sphere_bump_lips,8,WALK,42.3,49.7,10.254,11.6954,7.4
0,sphere_bump_lips,8,RUN,49.7,53.7,11.6954,13.5,4
0,sphere_bump_lips,9,TROT,0,0,1,1,0
0,sphere_bump_lips,9,RUN,0,1.2,1,1.54421,1.2
0,sphere_bump_lips,9,WALK,1.2,8.6,1.54421,2.89333,7.4
0,sphere_bump_lips,9,RUN,8.6,10,2.89333,3.52054,1.4
0,sphere_bump_lips,9,WALK,10,16.9,3.52054,4.79626,6.9
0,sphere_bump_lips,9,RUN,16.9,17,4.79626,4.83326,0.1
0,sphere_bump_lips,9,WALK,17,24.6,4.83326,6.00581,7.6
0,sphere_bump_lips,9,RUN,24.6,26.6,6.00581,6.85233,2
0,sphere_bump_lips,9,WALK,26.6,39,6.85233,9.0739,12.4
0,sphere_bump_lips,9,RUN,39,40.6,9.0739,9.78333,1.6
0,sphere_bump_lips,9,WALK,40.6,48.2,9.78333,11.19,7.6
0,sphere_bump_lips,9,RUN,48.2,52.3,11.19,13.15,4.1
0,forward_ramp_no_lips,0,TROT,0,0,1,1,0
0,forward_ramp_no_lips,0,RUN,0,0.2,1,1.096,0.2
0,forward_ramp_no_lips,0,TROT,0.2,0.4,1.096,1.206,0.2
0,forward_ramp_no_lips,0,WALK,0.4,44,1.206,9.82951,43.6
0,forward_ramp_no_lips,0,RUN,44,46.5,9.82951,11,2.5
0,forward_ramp_no_lips,1,TROT,0,0,1,1,0
0,forward_ramp_no_lips,1,RUN,0,0.2,1,1.096,0.2
0,forward_ramp_no_lips,1,TROT,0.2,1.9,1.096,1.995,1.7
0,forward_ramp_no_lips,1,WALK,1.9,41.2,1.995,9.7899,39.3
0,forward_ramp_no_lips,1,RUN,41.2,43.7,9.7899,10.95,2.5
0,forward_ramp_no_lips,2,TROT,0,0,1,1,0
0,forward_ramp_no_lips,2,RUN,0,0.2,1,1.096,0.2
0,forward_ramp_no_lips,2,TROT,0.2,2,1.096,2.04799,1.8
0,forward_ramp_no_lips,2,WALK,2,39.7,2.04799,9.48989,37.7
0,forward_ramp_no_lips,2,RUN,39.7,42.3,9.48989,10.7,2.6
0,forward_ramp_no_lips,3,TROT,0,0,1,1,0
0,forward_ramp_no_lips,3,RUN,0,0.2,1,1.096,0.2
0,forward_ramp_no_lips,3,TROT,0.2,0.3,1.096,1.151,0.1
0,forward_ramp_no_lips,3,WALK,0.3,42.7,1.151,9.54,42.4
0,forward_ramp_no_lips,3,RUN,42.7,45.3,9.54,10.75,2.6
0,forward_ramp_no_lips,4,TROT,0,0,1,1,0
0,forward_ramp_no_lips,4,RUN,0,0.1,1,1.048,0.1
0,forward_ramp_no_lips,4,TROT,0.1,0.2,1.048,1.103,0.1
0,forward_ramp_no_lips,4,WALK,0.2,44.3,1.103,9.82999,44.1
0,forward_ramp_no_lips,4,RUN,44.3,47,9.82999,11.1,2.7
0,forward_ramp_no_lips,5,TROT,0,0,1,1,0
0,forward_ramp_no_lips,5,RUN,0,0.1,1,1.048,0.1
0,forward_ramp_no_lips,5,TROT,0.1,0.3,1.048,1.158,0.2
0,forward_ramp_no_lips,5,WALK,0.3,44.4,1.158,9.88,44.1
0,forward_ramp_no_lips,5,RUN,44.4,47.2,9.88,11.2,2.8
0,forward_ramp_no_lips,6,TROT,0,0,1,1,0
0,forward_ramp_no_lips,6,RUN,0,0.1,1,1.048,0.1
0,forward_ramp_no_lips,6,TROT,0.1,0.2,1.048,1.103,0.1
0,forward_ramp_no_lips,6,WALK,0.2,41.8,1.103,9.33999,41.6
0,forward_ramp_no_lips,6,RUN,41.8,44.6,9.33999,10.65,2.8
0,forward_ramp_no_lips,7,TROT,0,0.2,1,1.11,0.2
0,forward_ramp_no_lips,7,WALK,0.2,42.1,1.11,9.3898,41.9
0,forward_ramp_no_lips,7,RUN,42.1,45,9.3898,10.75,2.9
0,forward_ramp_no_lips,8,TROT,0,0.2,1,1.11,0.2
0,forward_ramp_no_lips,8,WALK,0.2,43.8,1.11,9.72994,43.6
0,forward_ramp_no_lips,8,RUN,43.8,46.8,9.72994,11.15,3
0,forward_ramp_no_lips,9,TROT,0,0.2,1,1.11,0.2
0,forward_ramp_no_lips,9,WALK,0.2,43.8,1.11,9.73998,43.6
0,forward_ramp_no_lips,9,RUN,43.8,46.8,9.73998,11.15,3
0,flush_a_frame,0,TROT,0,0.1,1,1.055,0.1
0,flush_a_frame,0,WALK,0.1,63.8,1.055,13.69,63.7
0,flush_a_frame,0,TROT,63.8,64.3,13.69,13.965,0.5
0,flush_a_frame,0,RUN,64.3,66.7,13.965,15.1,2.4
0,flush_a_frame,1,TROT,0,0.1,1,1.055,0.1
0,flush_a_frame,1,WALK,0.1,59.6,1.055,12.84,59.5
0,flush_a_frame,1,RUN,59.6,62.3,12.84,14.1,2.7
0,flush_a_frame,2,TROT,0,0,1,1,0
0,flush_a_frame,2,WALK,0,60.3,1,12.9796,60.3
0,flush_a_frame,2,RUN,60.3,63.1,12.9796,14.3,2.8
0,flush_a_frame,3,TROT,0,0.1,1,1.055,0.1
0,flush_a_frame,3,WALK,0.1,62.2,1.055,13.3795,62.1
0,flush_a_frame,3,RUN,62.2,65,13.3795,14.7,2.8
0,flush_a_frame,4,TROT,0,0.1,1,1.055,0.1
0,flush_a_frame,4,WALK,0.1,64.6,1.055,13.8399,64.5
0,flush_a_frame,4,RUN,64.6,67.5,13.8399,15.2,2.9
0,flush_a_frame,5,TROT,0,0.1,1,1.055,0.1
0,flush_a_frame,5,WALK,0.1,0.7,1.055,1.175,0.6
0,flush_a_frame,5,JUMP,0.7,1.5,1.175,1.175,0.8
0,flush_a_frame,5,WALK,1.5,59.8,1.175,12.7295,58.3
0,flush_a_frame,5,RUN,59.8,62.7,12.7295,14.1,2.9
0,flush_a_frame,6,TROT,0,0,1,1,0
0,flush_a_frame,6,WALK,0,56,1,12.0898,56
0,flush_a_frame,6,RUN,56,59,12.0898,13.5,3
0,flush_a_frame,7,TROT,0,0.1,1,1.055,0.1
0,flush_a_frame,7,WALK,0.1,0.7,1.055,1.175,0.6
0,flush_a_frame,7,JUMP,0.7,1.5,1.175,1.175,0.8
0,flush_a_frame,7,WALK,1.5,56.8,1.175,12.1299,55.3
0,flush_a_frame,7,RUN,56.8,59.9,12.1299,13.6,3.1
0,flush_a_frame,8,TROT,0,0.1,1,1.055,0.1
0,flush_a_frame,8,WALK,0.1,0.7,1.055,1.175,0.6
0,flush_a_frame,8,JUMP,0.7,1.5,1.175,1.175,0.8
0,flush_a_frame,8,WALK,1.5,63.3,1.175,13.4395,61.8
0,flush_a_frame,8,RUN,63.3,66.4,13.4395,14.9,3.1
0,flush_a_frame,9,TROT,0,0.1,1,1.055,0.1
0,flush_a_frame,9,WALK,0.1,10.7,1.055,3.13999,10.6
0,flush_a_frame,9,TROT,10.7,10.8,3.13999,3.19499,0.1
0,flush_a_frame,9,WALK,10.8,47.8,3.19499,10.53,37
0,flush_a_frame,9,TROT,47.8,47.9,10.53,10.585,0.1
0,flush_a_frame,9,WALK,47.9,57.9,10.585,12.58,10
0,flush_a_frame,9,RUN,57.9,61.1,12.58,14.1,3.2
0,sphere_bump,0,TROT,0,0,1,1,0
0,sphere_bump,0,RUN,0,0.9,1,1.432,0.9
0,sphere_bump,0,TROT,0.9,1,1.432,1.487,0.1
0,sphere_bump,0,WALK,1,8.6,1.487,2.89012,7.6
0,sphere_bump,0,TROT,8.6,9.1,2.89012,3.15154,0.5
0,sphere_bump,0,RUN,9.1,10.3,3.15154,3.69909,1.2
0,sphere_bump,0,TROT,10.3,10.4,3.69909,3.75137,0.1
0,sphere_bump,0,WALK,10.4,18.7,3.75137,5.32956,8.3
0,sphere_bump,0,TROT,18.7,19.2,5.32956,5.6039,0.5
0,sphere_bump,0,RUN,19.2,19.6,5.6039,5.79543,0.4
0,sphere_bump,0,TROT,19.6,19.7,5.79543,5.8503,0.1
0,sphere_bump,0,WALK,19.7,27.9,5.8503,7.47969,8.2
0,sphere_bump,0,TROT,27.9,28,7.47969,7.53459,0.1
0,sphere_bump,0,WALK,28,36.4,7.53459,9.19524,8.4
0,sphere_bump,0,TROT,36.4,36.9,9.19524,9.46369,0.5
0,sphere_bump,0,RUN,36.9,37.6,9.46369,9.79169,0.7
0,sphere_bump,0,TROT,37.6,37.7,9.79169,9.84538,0.1
0,sphere_bump,0,WALK,37.7,45.8,9.84538,11.43,8.1
0,sphere_bump,0,TROT,45.8,46.3,11.43,11.7049,0.5
0,sphere_bump,0,RUN,46.3,46.7,11.7049,11.8968,0.4
0,sphere_bump,0,TROT,46.7,46.9,11.8968,12.0068,0.2
0,sphere_bump,0,WALK,46.9,55.3,12.0068,13.6574,8.4
0,sphere_bump,0,TROT,55.3,55.8,13.6574,13.9166,0.5
0,sphere_bump,0,RUN,55.8,60.1,13.9166,15.85,4.3
0,sphere_bump,1,TROT,0,0,1,1,0
0,sphere_bump,1,RUN,0,1.3,1,1.58206,1.3
0,sphere_bump,1,TROT,1.3,1.5,1.58206,1.67609,0.2
0,sphere_bump,1,WALK,1.5,9.6,1.67609,3.07855,8.1
0,sphere_bump,1,TROT,9.6,10.1,3.07855,3.35134,0.5
0,sphere_bump,1,RUN,10.1,10.8,3.35134,3.68463,0.7
0,sphere_bump,1,TROT,10.8,10.9,3.68463,3.73919,0.1
0,sphere_bump,1,WALK,10.9,28,3.73919,6.90716,17.1
0,sphere_bump,1,TROT,28,28.5,6.90716,7.17916,0.5
0,sphere_bump,1,RUN,28.5,29.1,7.17916,7.46402,0.6
0,sphere_bump,1,TROT,29.1,29.3,7.46402,7.57282,0.2
0,sphere_bump,1,WALK,29.3,38,7.57282,9.23686,8.7
0,sphere_bump,1,RUN,38,39.9,9.23686,10.0083,1.9
0,sphere_bump,1,TROT,39.9,40.1,10.0083,10.1014,0.2
0,sphere_bump,1,WALK,40.1,48.3,10.1014,11.4931,8.2
0,sphere_bump,1,TROT,48.3,48.8,11.4931,11.7346,0.5
0,sphere_bump,1,RUN,48.8,49.7,11.7346,12.1138,0.9
0,sphere_bump,1,TROT,49.7,49.9,12.1138,12.2104,0.2
0,sphere_bump,1,WALK,49.9,58.5,12.2104,13.7371,8.6
0,sphere_bump,1,TROT,58.5,59,13.7371,14.0089,0.5
0,sphere_bump,1,RUN,59,62.7,14.0089,15.75,3.7
0,sphere_bump,2,TROT,0,0,1,1,0
0,sphere_bump,2,RUN,0,0.2,1,1.096,0.2
0,sphere_bump,2,TROT,0.2,0.3,1.096,1.151,0.1
0,sphere_bump,2,WALK,0.3,9.2,1.151,2.84608,8.9
0,sphere_bump,2,RUN,9.2,10.5,2.84608,3.46193,1.3
0,sphere_bump,2,TROT,10.5,10.7,3.46193,3.57049,0.2
0,sphere_bump,2,WALK,10.7,27.5,3.57049,6.86908,16.8
0,sphere_bump,2,TROT,27.5,28.2,6.86908,7.22051,0.7
0,sphere_bump,2,WALK,28.2,36.5,7.22051,8.74524,8.3
0,sphere_bump,2,TROT,36.5,37,8.74524,9.01369,0.5
0,sphere_bump,2,RUN,37,37.6,9.01369,9.29483,0.6
0,sphere_bump,2,TROT,37.6,37.8,9.29483,9.40221,0.2
0,sphere_bump,2,WALK,37.8,46.5,9.40221,11.0929,8.7
0,sphere_bump,2,RUN,46.5,47.4,11.0929,11.5146,0.9
0,sphere_bump,2,TROT,47.4,47.6,11.5146,11.6219,0.2
0,sphere_bump,2,WALK,47.6,56.1,11.6219,13.2583,8.5
0,sphere_bump,2,TROT,56.1,56.6,13.2583,13.5186,0.5
0,sphere_bump,2,RUN,56.6,58.4,13.5186,14.3365,1.8
0,sphere_bump,2,WALK,58.4,62.7,14.3365,15.1506,4.3
0,sphere_bump,2,RUN,62.7,63.3,15.1506,15.4,0.6
0,sphere_bump,3,TROT,0,0,1,1,0
0,sphere_bump,3,RUN,0,1.2,1,1.54457,1.2
0,sphere_bump,3,TROT,1.2,1.4,1.54457,1.6467,0.2
0,sphere_bump,3,WALK,1.4,10,1.6467,3.1953,8.6
0,sphere_bump,3,TROT,10,10.5,3.1953,3.40187,0.5
0,sphere_bump,3,RUN,10.5,10.8,3.40187,3.51004,0.3
0,sphere_bump,3,WALK,10.8,19.6,3.51004,4.86163,8.8
0,sphere_bump,3,TROT,19.6,20.1,4.86163,5.10412,0.5
0,sphere_bump,3,RUN,20.1,20.8,5.10412,5.4004,0.7
0,sphere_bump,3,TROT,20.8,21,5.4004,5.4974,0.2
0,sphere_bump,3,WALK,21,29.8,5.4974,7.07748,8.8
0,sphere_bump,3,RUN,29.8,29.9,7.07748,7.12505,0.1
0,sphere_bump,3,TROT,29.9,30,7.12505,7.17955,0.1
0,sphere_bump,3,WALK,30,46.8,7.17955,10.4629,16.8
0,sphere_bump,3,TROT,46.8,47.3,10.4629,10.7069,0.5
0,sphere_bump,3,RUN,47.3,48.8,10.7069,11.3457,1.5
0,sphere_bump,3,TROT,48.8,48.9,11.3457,11.3945,0.1
0,sphere_bump,3,WALK,48.9,58,11.3945,13.0104,9.1
0,sphere_bump,3,TROT,58,58.5,13.0104,13.2661,0.5
0,sphere_bump,3,RUN,58.5,62,13.2661,14.8285,3.5
0,sphere_bump,3,WALK,62,62.4,14.8285,14.9,0.4
0,sphere_bump,4,TROT,0,0,1,1,0
0,sphere_bump,4,RUN,0,1.1,1,1.5,1.1
0,sphere_bump,4,WALK,1.1,9.9,1.5,3.15118,8.8
0,sphere_bump,4,RUN,9.9,10.3,3.15118,3.33189,0.4
0,sphere_bump,4,TROT,10.3,10.4,3.33189,3.38366,0.1
0,sphere_bump,4,WALK,10.4,19.5,3.38366,5.09651,9.1
0,sphere_bump,4,RUN,19.5,19.6,5.09651,5.14395,0.1
0,sphere_bump,4,TROT,19.6,19.8,5.14395,5.25267,0.2
0,sphere_bump,4,WALK,19.8,28.8,5.25267,6.98297,9
0,sphere_bump,4,TROT,28.8,29.1,6.98297,7.12026,0.3
0,sphere_bump,4,WALK,29.1,38.3,7.12026,8.69356,9.2
0,sphere_bump,4,RUN,38.3,38.5,8.69356,8.78751,0.2
0,sphere_bump,4,TROT,38.5,38.6,8.78751,8.84133,0.1
0,sphere_bump,4,WALK,38.6,57.1,8.84133,12.3962,18.5
0,sphere_bump,4,RUN,57.1,61.8,12.3962,14.6,4.7
0,sphere_bump,5,TROT,0,0,1,1,0
0,sphere_bump,5,RUN,0,1.1,1,1.5,1.1
0,sphere_bump,5,WALK,1.1,10.3,1.5,3.25439,9.2
0,sphere_bump,5,RUN,10.3,10.4,3.25439,3.30005,0.1
0,sphere_bump,5,WALK,10.4,28.2,3.30005,6.61994,17.8
0,sphere_bump,5,JUMP,28.2,29,6.61994,6.61994,0.8
0,sphere_bump,5,WALK,29,38.4,6.61994,8.33605,9.4
0,sphere_bump,5,RUN,38.4,38.6,8.33605,8.43093,0.2
0,sphere_bump,5,WALK,38.6,47.7,8.43093,10.2068,9.1
0,sphere_bump,5,TROT,47.7,48.2,10.2068,10.459,0.5
0,sphere_bump,5,RUN,48.2,48.9,10.459,10.7671,0.7
0,sphere_bump,5,TROT,48.9,49.1,10.7671,10.868,0.2
0,sphere_bump,5,WALK,49.1,49.3,10.868,10.9047,0.2
0,sphere_bump,5,JUMP,49.3,50.1,10.9047,10.9047,0.8
0,sphere_bump,5,WALK,50.1,53.1,10.9047,11.4549,3
0,sphere_bump,5,JUMP,53.1,53.9,11.4549,11.4549,0.8
0,sphere_bump,5,WALK,53.9,59.9,11.4549,12.5505,6
0,sphere_bump,5,RUN,59.9,63.8,12.5505,14.3,3.9
0,sphere_bump,6,TROT,0,0,1,1,0
0,sphere_bump,6,RUN,0,0.1,1,1.048,0.1
0,sphere_bump,6,TROT,0.1,0.2,1.048,1.103,0.1
0,sphere_bump,6,WALK,0.2,9.5,1.103,2.94104,9.3
0,sphere_bump,6,TROT,9.5,10,2.94104,3.20783,0.5
0,sphere_bump,6,RUN,10,10.3,3.20783,3.34753,0.3
0,sphere_bump,6,WALK,10.3,26.3,3.34753,6.41966,16
0,sphere_bump,6,RUN,26.3,26.8,6.41966,6.62191,0.5
0,sphere_bump,6,TROT,26.8,26.9,6.62191,6.66826,0.1
0,sphere_bump,6,WALK,26.9,27.2,6.66826,6.71882,0.3
0,sphere_bump,6,JUMP,27.2,28,6.71882,6.71882,0.8
0,sphere_bump,6,WALK,28,31,6.71882,7.22444,3
0,sphere_bump,6,JUMP,31,31.8,7.22444,7.22444,0.8
0,sphere_bump,6,WALK,31.8,38,7.22444,8.26765,6.2
0,sphere_bump,6,RUN,38,39.3,8.26765,8.81824,1.3
0,sphere_bump,6,TROT,39.3,39.4,8.81824,8.86676,0.1
0,sphere_bump,6,WALK,39.4,43.1,8.86676,9.51971,3.7
0,sphere_bump,6,JUMP,43.1,43.9,9.51971,9.51971,0.8
0,sphere_bump,6,WALK,43.9,49.4,9.51971,10.4737,5.5
0,sphere_bump,6,RUN,49.4,49.5,10.4737,10.5147,0.1
0,sphere_bump,6,JUMP,49.5,50.3,10.5147,10.5147,0.8
0,sphere_bump,6,WALK,50.3,53.3,10.5147,11.0278,3
0,sphere_bump,6,JUMP,53.3,54.1,11.0278,11.0278,0.8
0,sphere_bump,6,WALK,54.1,60.5,11.0278,12.1382,6.4
0,sphere_bump,6,RUN,60.5,64.8,12.1382,14.1,4.3
0,sphere_bump,7,TROT,0,0,1,1,0
0,sphere_bump,7,RUN,0,1,1,1.48,1
0,sphere_bump,7,TROT,1,1.1,1.48,1.5,0.1
0,sphere_bump,7,WALK,1.1,1.5,1.5,1.57467,0.4
0,sphere_bump,7,JUMP,1.5,2.3,1.57467,1.57467,0.8
0,sphere_bump,7,WALK,2.3,5,1.57467,2.07867,2.7
0,sphere_bump,7,JUMP,5,5.8,2.07867,2.07867,0.8
0,sphere_bump,7,WALK,5.8,11.4,2.07867,3.07465,5.6
0,sphere_bump,7,RUN,11.4,12.2,3.07465,3.38484,0.8
0,sphere_bump,7,JUMP,12.2,13,3.38484,3.38484,0.8
0,sphere_bump,7,WALK,13,16.1,3.38484,3.88567,3.1
0,sphere_bump,7,JUMP,16.1,16.9,3.88567,3.88567,0.8
0,sphere_bump,7,WALK,16.9,21.7,3.88567,4.65,4.8
0,sphere_bump,7,JUMP,21.7,22.5,4.65,4.65,0.8
0,sphere_bump,7,WALK,22.5,39.8,4.65,7.97014,17.3
0,sphere_bump,7,RUN,39.8,39.9,7.97014,8.01283,0.1
0,sphere_bump,7,TROT,39.9,40,8.01283,8.06174,0.1
0,sphere_bump,7,JUMP,40,40.8,8.06174,8.06174,0.8
0,sphere_bump,7,WALK,40.8,43.7,8.06174,8.57753,2.9
0,sphere_bump,7,JUMP,43.7,44.5,8.57753,8.57753,0.8
0,sphere_bump,7,WALK,44.5,50.6,8.57753,9.67943,6.1
0,sphere_bump,7,RUN,50.6,51.6,9.67943,10.1585,1
0,sphere_bump,7,WALK,51.6,61.4,10.1585,12.0965,9.8
0,sphere_bump,7,RUN,61.4,64.9,12.0965,13.7,3.5
0,sphere_bump,8,TROT,0,0,1,1,0
0,sphere_bump,8,RUN,0,0.7,1,1.336,0.7
0,sphere_bump,8,WALK,0.7,9.3,1.336,3.01662,8.6
0,sphere_bump,8,JUMP,9.3,10.1,3.01662,3.01662,0.8
0,sphere_bump,8,WALK,10.1,12.7,3.01662,3.52198,2.6
0,sphere_bump,8,JUMP,12.7,13.5,3.52198,3.52198,0.8
0,sphere_bump,8,WALK,13.5,18.8,3.52198,4.55,5.3
0,sphere_bump,8,JUMP,18.8,19.6,4.55,4.55,0.8
0,sphere_bump,8,WALK,19.6,22.2,4.55,5.05668,2.6
0,sphere_bump,8,JUMP,22.2,23,5.05668,5.05668,0.8
0,sphere_bump,8,WALK,23,28.2,5.05668,6.05999,5.2
0,sphere_bump,8,JUMP,28.2,29,6.05999,6.05999,0.8
0,sphere_bump,8,WALK,29,31.7,6.05999,6.5754,2.7
0,sphere_bump,8,JUMP,31.7,32.5,6.5754,6.5754,0.8
0,sphere_bump,8,WALK,32.5,38.6,6.5754,7.71679,6.1
0,sphere_bump,8,RUN,38.6,38.7,7.71679,7.75947,0.1
0,sphere_bump,8,WALK,38.7,39.1,7.75947,7.83062,0.4
0,sphere_bump,8,JUMP,39.1,39.9,7.83062,7.83062,0.8
0,sphere_bump,8,WALK,39.9,42.8,7.83062,8.3464,2.9
0,sphere_bump,8,JUMP,42.8,43.6,8.3464,8.3464,0.8
0,sphere_bump,8,WALK,43.6,50.1,8.3464,9.53928,6.5
0,sphere_bump,8,RUN,50.1,50.9,9.53928,9.92247,0.8
0,sphere_bump,8,TROT,50.9,51,9.92247,9.97735,0.1
0,sphere_bump,8,WALK,51,60.4,9.97735,11.8331,9.4
0,sphere_bump,8,RUN,60.4,63.9,11.8331,13.45,3.5
0,sphere_bump,9,TROT,0,0,1,1,0
0,sphere_bump,9,RUN,0,1.1,1,1.5,1.1
0,sphere_bump,9,JUMP,1.1,1.9,1.5,1.5,0.8
0,sphere_bump,9,WALK,1.9,9.5,1.5,2.7497,7.6
0,sphere_bump,9,RUN,9.5,10.2,2.7497,3.07609,0.7
0,sphere_bump,9,TROT,10.2,10.3,3.07609,3.12952,0.1
0,sphere_bump,9,JUMP,10.3,11.1,3.12952,3.12952,0.8
0,sphere_bump,9,WALK,11.1,13.7,3.12952,3.63465,2.6
0,sphere_bump,9,JUMP,13.7,14.5,3.63465,3.63465,0.8
0,sphere_bump,9,WALK,14.5,20,3.63465,4.6823,5.5
0,sphere_bump,9,JUMP,20,20.8,4.6823,4.6823,0.8
0,sphere_bump,9,WALK,20.8,23.9,4.6823,5.18288,3.1
0,sphere_bump,9,JUMP,23.9,24.7,5.18288,5.18288,0.8
0,sphere_bump,9,WALK,24.7,30.9,5.18288,6.22925,6.2
0,sphere_bump,9,TROT,30.9,31.3,6.22925,6.44867,0.4
0,sphere_bump,9,WALK,31.3,47.1,6.44867,9.53162,15.8
0,sphere_bump,9,RUN,47.1,47.3,9.53162,9.61113,0.2
0,sphere_bump,9,WALK,47.3,47.7,9.61113,9.67739,0.4
0,sphere_bump,9,JUMP,47.7,48.5,9.67739,9.67739,0.8
0,sphere_bump,9,WALK,48.5,51.6,9.67739,10.1909,3.1
0,sphere_bump,9,JUMP,51.6,52.4,10.1909,10.1909,0.8
0,sphere_bump,9,WALK,52.4,58.8,10.1909,11.2964,6.4
0,sphere_bump,9,RUN,58.8,63.1,11.2964,13.25,4.3
0,box_jump_even,0,TROT,0,0,1,1,0
0,box_jump_even,0,RUN,0,2.2,1,2.02779,2.2
0,box_jump_even,0,WALK,2.2,5.8,2.02779,2.73856,3.6
0,box_jump_even,0,RUN,5.8,7.1,2.73856,3.36132,1.3
0,box_jump_even,0,WALK,7.1,10.8,3.36132,4.08108,3.7
0,box_jump_even,0,RUN,10.8,12.3,4.08108,4.79681,1.5
0,box_jump_even,0,WALK,12.3,15.8,4.79681,5.48374,3.5
0,box_jump_even,0,RUN,15.8,17.5,5.48374,6.2967,1.7
0,box_jump_even,0,WALK,17.5,21,6.2967,6.99081,3.5
0,box_jump_even,0,RUN,21,22.6,6.99081,7.75879,1.6
0,box_jump_even,0,WALK,22.6,26.1,7.75879,8.44107,3.5
0,box_jump_even,0,RUN,26.1,27.8,8.44107,9.25444,1.7
0,box_jump_even,0,WALK,27.8,31,9.25444,9.89133,3.2
0,box_jump_even,0,RUN,31,33.3,9.89133,10.95,2.3
0,box_jump_even,1,TROT,0,0,1,1,0
0,box_jump_even,1,RUN,0,2.7,1,2.26576,2.7
0,box_jump_even,1,WALK,2.7,6.3,2.26576,2.9818,3.6
0,box_jump_even,1,RUN,6.3,7.8,2.9818,3.7018,1.5
0,box_jump_even,1,WALK,7.8,11.6,3.7018,4.44201,3.8
0,box_jump_even,1,RUN,11.6,13,4.44201,5.11244,1.4
0,box_jump_even,1,WALK,13,16.9,5.11244,5.88681,3.9
0,box_jump_even,1,RUN,16.9,18.1,5.88681,6.46278,1.2
0,box_jump_even,1,WALK,18.1,21.7,6.46278,7.17976,3.6
0,box_jump_even,1,RUN,21.7,23.6,7.17976,8.09175,1.9
0,box_jump_even,1,WALK,23.6,27.2,8.09175,8.79329,3.6
0,box_jump_even,1,RUN,27.2,28.7,8.79329,9.51324,1.5
0,box_jump_even,1,WALK,28.7,32.2,9.51324,10.1949,3.5
0,box_jump_even,1,RUN,32.2,34.4,10.1949,11.25,2.2
0,box_jump_even,2,TROT,0,0,1,1,0
0,box_jump_even,2,RUN,0,2.3,1,2.07592,2.3
0,box_jump_even,2,WALK,2.3,6.1,2.07592,2.82832,3.8
0,box_jump_even,2,RUN,6.1,7.8,2.82832,3.64378,1.7
0,box_jump_even,2,WALK,7.8,11.3,3.64378,4.34304,3.5
0,box_jump_even,2,RUN,11.3,12.8,4.34304,5.06253,1.5
0,box_jump_even,2,WALK,12.8,16.7,5.06253,5.83789,3.9
0,box_jump_even,2,RUN,16.7,18.6,5.83789,6.74646,1.9
0,box_jump_even,2,WALK,18.6,22.1,6.74646,7.44309,3.5
0,box_jump_even,2,RUN,22.1,23.7,7.44309,8.21107,1.6
0,box_jump_even,2,WALK,23.7,27.4,8.21107,8.93506,3.7
0,box_jump_even,2,RUN,27.4,29,8.93506,9.70298,1.6
0,box_jump_even,2,WALK,29,32.4,9.70298,10.3798,3.4
0,box_jump_even,2,RUN,32.4,34.7,10.3798,11.45,2.3
0,box_jump_even,3,TROT,0,0,1,1,0
0,box_jump_even,3,RUN,0,2.7,1,2.26495,2.7
0,box_jump_even,3,WALK,2.7,6.3,2.26495,2.98087,3.6
0,box_jump_even,3,RUN,6.3,7.4,2.98087,3.50633,1.1
0,box_jump_even,3,WALK,7.4,11.3,3.50633,4.279,3.9
0,box_jump_even,3,RUN,11.3,12.5,4.279,4.855,1.2
0,box_jump_even,3,WALK,12.5,16.2,4.855,5.58038,3.7
0,box_jump_even,3,RUN,16.2,17.5,5.58038,6.20315,1.3
0,box_jump_even,3,WALK,17.5,21.2,6.20315,6.92868,3.7
0,box_jump_even,3,RUN,21.2,22.3,6.92868,7.45417,1.1
0,box_jump_even,3,WALK,22.3,26.3,7.45417,8.23375,4
0,box_jump_even,3,RUN,26.3,27.7,8.23375,8.90259,1.4
0,box_jump_even,3,WALK,27.7,31.7,8.90259,9.68645,4
0,box_jump_even,3,RUN,31.7,34,9.68645,10.75,2.3
0,box_jump_even,4,TROT,0,0,1,1,0
0,box_jump_even,4,RUN,0,2.1,1,1.97977,2.1
0,box_jump_even,4,WALK,2.1,6.7,1.97977,2.89616,4.6
0,box_jump_even,4,RUN,6.7,8.4,2.89616,3.71027,1.7
0,box_jump_even,4,WALK,8.4,12.3,3.71027,4.48103,3.9
0,box_jump_even,4,RUN,12.3,13.5,4.48103,5.05703,1.2
0,box_jump_even,4,WALK,13.5,17.7,5.05703,5.8835,4.2
0,box_jump_even,4,RUN,17.7,18.8,5.8835,6.4091,1.1
0,box_jump_even,4,WALK,18.8,22.7,6.4091,7.17871,3.9
0,box_jump_even,4,RUN,22.7,23.8,7.17871,7.70671,1.1
0,box_jump_even,4,WALK,23.8,28,7.70671,8.53274,4.2
0,box_jump_even,4,RUN,28,29.5,8.53274,9.25175,1.5
0,box_jump_even,4,WALK,29.5,33.7,9.25175,10.0829,4.2
0,box_jump_even,4,RUN,33.7,36,10.0829,11.15,2.3
0,box_jump_even,5,TROT,0,0,1,1,0
0,box_jump_even,5,RUN,0,2.2,1,2.02528,2.2
0,box_jump_even,5,WALK,2.2,6.3,2.02528,2.83054,4.1
0,box_jump_even,5,RUN,6.3,7.3,2.83054,3.30754,1
0,box_jump_even,5,WALK,7.3,11.8,3.30754,4.18646,4.5
0,box_jump_even,5,RUN,11.8,13.3,4.18646,4.9022,1.5
0,box_jump_even,5,WALK,13.3,17.6,4.9022,5.74232,4.3
0,box_jump_even,5,RUN,17.6,18.9,5.74232,6.36605,1.3
0,box_jump_even,5,WALK,18.9,23.1,6.36605,7.18728,4.2
0,box_jump_even,5,RUN,23.1,24.7,7.18728,7.95268,1.6
0,box_jump_even,5,WALK,24.7,29.2,7.95268,8.84528,4.5
0,box_jump_even,5,RUN,29.2,30.4,8.84528,9.42095,1.2
0,box_jump_even,5,WALK,30.4,34.8,9.42095,10.2941,4.4
0,box_jump_even,5,RUN,34.8,37.1,10.2941,11.35,2.3
0,box_jump_even,6,TROT,0,0,1,1,0
0,box_jump_even,6,RUN,0,2.6,1,2.21973,2.6
0,box_jump_even,6,WALK,2.6,6.9,2.21973,3.07524,4.3
0,box_jump_even,6,RUN,6.9,8.2,3.07524,3.69908,1.3
0,box_jump_even,6,WALK,8.2,12.4,3.69908,4.5307,4.2
0,box_jump_even,6,RUN,12.4,13.6,4.5307,5.1067,1.2
0,box_jump_even,6,WALK,13.6,18.3,5.1067,6.04057,4.7
0,box_jump_even,6,RUN,18.3,19.7,6.04057,6.71174,1.4
0,box_jump_even,6,WALK,19.7,24.1,6.71174,7.58524,4.4
0,box_jump_even,6,RUN,24.1,25.6,7.58524,8.30522,1.5
0,box_jump_even,6,WALK,25.6,29.8,8.30522,9.13109,4.2
0,box_jump_even,6,RUN,29.8,30.9,9.13109,9.65706,1.1
0,box_jump_even,6,WALK,30.9,35.1,9.65706,10.4796,4.2
0,box_jump_even,6,RUN,35.1,37.4,10.4796,11.55,2.3
0,box_jump_even,7,TROT,0,0,1,1,0
0,box_jump_even,7,RUN,0,2.2,1,2.02531,2.2
0,box_jump_even,7,WALK,2.2,6.8,2.02531,2.93894,4.6
0,box_jump_even,7,RUN,6.8,8.3,2.93894,3.65664,1.5
0,box_jump_even,7,WALK,8.3,13,3.65664,4.58522,4.7
0,box_jump_even,7,RUN,13,14.3,4.58522,5.20899,1.3
0,box_jump_even,7,WALK,14.3,18.7,5.20899,6.08129,4.4
0,box_jump_even,7,RUN,18.7,20.2,6.08129,6.80118,1.5
0,box_jump_even,7,WALK,20.2,24.9,6.80118,7.73495,4.7
0,box_jump_even,7,RUN,24.9,26.4,7.73495,8.45309,1.5
0,box_jump_even,7,WALK,26.4,30.9,8.45309,9.33274,4.5
0,box_jump_even,7,RUN,30.9,32.4,9.33274,10.0502,1.5
0,box_jump_even,7,WALK,32.4,37.1,10.0502,10.9871,4.7
0,box_jump_even,7,RUN,37.1,39.4,10.9871,12.05,2.3
0,box_jump_even,8,TROT,0,0,1,1,0
0,box_jump_even,8,RUN,0,1.9,1,1.88335,1.9
0,box_jump_even,8,WALK,1.9,7,1.88335,2.89411,5.1
0,box_jump_even,8,RUN,7,8,2.89411,3.37282,1
0,box_jump_even,8,WALK,8,12.6,3.37282,4.2784,4.6
0,box_jump_even,8,RUN,12.6,14,4.2784,4.94939,1.4
0,box_jump_even,8,WALK,14,19,4.94939,5.93371,5
0,box_jump_even,8,RUN,19,19.9,5.93371,6.3644,0.9
0,box_jump_even,8,WALK,19.9,24.6,6.3644,7.28265,4.7
0,box_jump_even,8,RUN,24.6,25.6,7.28265,7.7613,1
0,box_jump_even,8,WALK,25.6,30.3,7.7613,8.68379,4.7
0,box_jump_even,8,RUN,30.3,31.6,8.68379,9.30739,1.3
0,box_jump_even,8,WALK,31.6,36,9.30739,10.1764,4.4
0,box_jump_even,8,RUN,36,38.3,10.1764,11.25,2.3
0,box_jump_even,9,TROT,0,0,1,1,0
0,box_jump_even,9,RUN,0,2.3,1,2.07599,2.3
0,box_jump_even,9,WALK,2.3,7.2,2.07599,3.04228,4.9
0,box_jump_even,9,RUN,7.2,8.7,3.04228,3.76163,1.5
0,box_jump_even,9,WALK,8.7,13.9,3.76163,4.78763,5.2
0,box_jump_even,9,RUN,13.9,15.1,4.78763,5.36361,1.2
0,box_jump_even,9,WALK,15.1,20,5.36361,6.32902,4.9
0,box_jump_even,9,RUN,20,21,6.32902,6.80894,1
0,box_jump_even,9,WALK,21,25.9,6.80894,7.77974,4.9
0,box_jump_even,9,RUN,25.9,27.3,7.77974,8.45163,1.4
0,box_jump_even,9,WALK,27.3,32.3,8.45163,9.43738,5
0,box_jump_even,9,RUN,32.3,33.8,9.43738,10.1569,1.5
0,box_jump_even,9,WALK,33.8,39,10.1569,11.1912,5.2
0,box_jump_even,9,RUN,39,41.3,11.1912,12.25,2.3
0,box_jump_uneven,0,TROT,0,0,1,1,0
0,box_jump_uneven,0,RUN,0,3.3,1,2.55358,3.3
0,box_jump_uneven,0,WALK,3.3,6.5,2.55358,3.18409,3.2
0,box_jump_uneven,0,RUN,6.5,8,3.18409,3.90299,1.5
0,box_jump_uneven,0,WALK,8,11.2,3.90299,4.52975,3.2
0,box_jump_uneven,0,RUN,11.2,13.6,4.52975,5.68169,2.4
0,box_jump_uneven,0,WALK,13.6,17.1,5.68169,6.37894,3.5
0,box_jump_uneven,0,RUN,17.1,19.3,6.37894,7.43474,2.2
0,box_jump_uneven,0,WALK,19.3,22.9,7.43474,8.13974,3.6
0,box_jump_uneven,0,RUN,22.9,25.2,8.13974,9.24365,2.3
0,box_jump_uneven,0,WALK,25.2,28.7,9.24365,9.93285,3.5
0,box_jump_uneven,0,RUN,28.7,31.1,9.93285,11.0848,2.4
0,box_jump_uneven,0,WALK,31.1,34.4,11.0848,11.7383,3.3
0,box_jump_uneven,0,RUN,34.4,36.7,11.7383,12.8,2.3
0,box_jump_uneven,1,TROT,0,1.5,1,1.77424,1.5
0,box_jump_uneven,1,RUN,1.5,2.8,1.77424,2.39651,1.3
0,box_jump_uneven,1,WALK,2.8,6.4,2.39651,3.09565,3.6
0,box_jump_uneven,1,RUN,6.4,7.9,3.09565,3.81459,1.5
0,box_jump_uneven,1,WALK,7.9,11.3,3.81459,4.47995,3.4
0,box_jump_uneven,1,RUN,11.3,12.7,4.47995,5.15102,1.4
0,box_jump_uneven,1,WALK,12.7,16.2,5.15102,5.83825,3.5
0,box_jump_uneven,1,RUN,16.2,17.8,5.83825,6.60514,1.6
0,box_jump_uneven,1,WALK,17.8,21.2,6.60514,7.27974,3.4
0,box_jump_uneven,1,RUN,21.2,23.4,7.27974,8.33469,2.2
0,box_jump_uneven,1,WALK,23.4,27,8.33469,9.04319,3.6
0,box_jump_uneven,1,RUN,27,29.4,9.04319,10.1911,2.4
0,box_jump_uneven,1,WALK,29.4,32.9,10.1911,10.8762,3.5
0,box_jump_uneven,1,RUN,32.9,35.2,10.8762,11.95,2.3
0,box_jump_uneven,2,TROT,0,1.5,1,1.7749,1.5
0,box_jump_uneven,2,RUN,1.5,3,1.7749,2.49463,1.5
0,box_jump_uneven,2,WALK,3,7,2.49463,3.28917,4
0,box_jump_uneven,2,RUN,7,9.2,3.28917,4.34517,2.2
0,box_jump_uneven,2,WALK,9.2,13.2,4.34517,5.13008,4
0,box_jump_uneven,2,RUN,13.2,15.7,5.13008,6.32905,2.5
0,box_jump_uneven,2,WALK,15.7,19.5,6.32905,7.08328,3.8
0,box_jump_uneven,2,RUN,19.5,21.9,7.08328,8.2351,2.4
0,box_jump_uneven,2,WALK,21.9,25.4,8.2351,8.93379,3.5
0,box_jump_uneven,2,RUN,25.4,27,8.93379,9.70114,1.6
0,box_jump_uneven,2,WALK,27,30.2,9.70114,10.3265,3.2
0,box_jump_uneven,2,RUN,30.2,31.7,10.3265,11.0465,1.5
0,box_jump_uneven,2,WALK,31.7,35.4,11.0465,11.7832,3.7
0,box_jump_uneven,2,RUN,35.4,37.7,11.7832,12.85,2.3
0,box_jump_uneven,3,TROT,0,0,1,1,0
0,box_jump_uneven,3,WALK,0,3.7,1,1.73898,3.7
0,box_jump_uneven,3,RUN,3.7,4.5,1.73898,2.12134,0.8
0,box_jump_uneven,3,WALK,4.5,7.9,2.12134,2.785,3.4
0,box_jump_uneven,3,RUN,7.9,10.2,2.785,3.88685,2.3
0,box_jump_uneven,3,WALK,10.2,14.5,3.88685,4.73887,4.3
0,box_jump_uneven,3,RUN,14.5,16.1,4.73887,5.50608,1.6
0,box_jump_uneven,3,WALK,16.1,20.1,5.50608,6.29155,4
0,box_jump_uneven,3,RUN,20.1,22.3,6.29155,7.34753,2.2
0,box_jump_uneven,3,WALK,22.3,26,7.34753,8.07803,3.7
0,box_jump_uneven,3,RUN,26,28.3,8.07803,9.18172,2.3
0,box_jump_uneven,3,WALK,28.3,29.9,9.18172,9.49205,1.6
0,box_jump_uneven,3,JUMP,29.9,30.7,9.49205,9.49205,0.8
0,box_jump_uneven,3,WALK,30.7,33.2,9.49205,9.99174,2.5
0,box_jump_uneven,3,RUN,33.2,35.6,9.99174,11.143,2.4
0,box_jump_uneven,3,WALK,35.6,39.4,11.143,11.8931,3.8
0,box_jump_uneven,3,RUN,39.4,41.7,11.8931,12.95,2.3
0,box_jump_uneven,4,TROT,0,0,1,1,0
0,box_jump_uneven,4,WALK,0,3.7,1,1.73989,3.7
0,box_jump_uneven,4,RUN,3.7,4.2,1.73989,1.97978,0.5
0,box_jump_uneven,4,WALK,4.2,6,1.97978,2.33962,1.8
0,box_jump_uneven,4,JUMP,6,6.8,2.33962,2.33962,0.8
0,box_jump_uneven,4,WALK,6.8,9.3,2.33962,2.83623,2.5
0,box_jump_uneven,4,RUN,9.3,10.5,2.83623,3.40997,1.2
0,box_jump_uneven,4,WALK,10.5,14.7,3.40997,4.23795,4.2
0,box_jump_uneven,4,RUN,14.7,16.8,4.23795,5.24436,2.1
0,box_jump_uneven,4,WALK,16.8,18.3,5.24436,5.53764,1.5
0,box_jump_uneven,4,JUMP,18.3,19.1,5.53764,5.53764,0.8
0,box_jump_uneven,4,WALK,19.1,21.6,5.53764,6.03763,2.5
0,box_jump_uneven,4,RUN,21.6,22.8,6.03763,6.61361,1.2
0,box_jump_uneven,4,WALK,22.8,27,6.61361,7.44168,4.2
0,box_jump_uneven,4,RUN,27,28.7,7.44168,8.2576,1.7
0,box_jump_uneven,4,WALK,28.7,30.4,8.2576,8.59341,1.7
0,box_jump_uneven,4,JUMP,30.4,31.2,8.59341,8.59341,0.8
0,box_jump_uneven,4,WALK,31.2,33.7,8.59341,9.09325,2.5
0,box_jump_uneven,4,RUN,33.7,36,9.09325,10.1969,2.3
0,box_jump_uneven,4,WALK,36,40,10.1969,10.9817,4
0,box_jump_uneven,4,RUN,40,42.3,10.9817,12.05,2.3
0,box_jump_uneven,5,TROT,0,0,1,1,0
0,box_jump_uneven,5,JUMP,0,0.8,1,1,0.8
0,box_jump_uneven,5,WALK,0.8,3.3,1,1.5,2.5
0,box_jump_uneven,5,JUMP,3.3,4.1,1.5,1.5,0.8
0,box_jump_uneven,5,WALK,4.1,5.3,1.5,1.73911,1.2
0,box_jump_uneven,5,RUN,5.3,6.1,1.73911,2.12167,0.8
0,box_jump_uneven,5,WALK,6.1,10,2.12167,2.88668,3.9
0,box_jump_uneven,5,RUN,10,11.3,2.88668,3.50807,1.3
0,box_jump_uneven,5,WALK,11.3,15.5,3.50807,4.33054,4.2
0,box_jump_uneven,5,RUN,15.5,16.8,4.33054,4.95439,1.3
0,box_jump_uneven,5,WALK,16.8,18.8,4.95439,5.34248,2
0,box_jump_uneven,5,JUMP,18.8,19.6,5.34248,5.34248,0.8
0,box_jump_uneven,5,WALK,19.6,22.1,5.34248,5.84188,2.5
0,box_jump_uneven,5,RUN,22.1,23.7,5.84188,6.60897,1.6
0,box_jump_uneven,5,WALK,23.7,25.4,6.60897,6.93777,1.7
0,box_jump_uneven,5,JUMP,25.4,26.2,6.93777,6.93777,0.8
0,box_jump_uneven,5,WALK,26.2,28.7,6.93777,7.43694,2.5
0,box_jump_uneven,5,RUN,28.7,30.9,7.43694,8.4912,2.2
0,box_jump_uneven,5,WALK,30.9,35.2,8.4912,9.34516,4.3
0,box_jump_uneven,5,RUN,35.2,37.5,9.34516,10.4477,2.3
0,box_jump_uneven,5,WALK,37.5,41.8,10.4477,11.2892,4.3
0,box_jump_uneven,5,RUN,41.8,44.1,11.2892,12.35,2.3
0,box_jump_uneven,6,TROT,0,0,1,1,0
0,box_jump_uneven,6,WALK,0,3.7,1,1.73929,3.7
0,box_jump_uneven,6,RUN,3.7,4.4,1.73929,2.0743,0.7
0,box_jump_uneven,6,WALK,4.4,8.6,2.0743,2.89416,4.2
0,box_jump_uneven,6,RUN,8.6,9.8,2.89416,3.47015,1.2
0,box_jump_uneven,6,WALK,9.8,13.9,3.47015,4.28454,4.1
0,box_jump_uneven,6,RUN,13.9,15.5,4.28454,5.05173,1.6
0,box_jump_uneven,6,WALK,15.5,19.7,5.05173,5.88525,4.2
0,box_jump_uneven,6,RUN,19.7,21.1,5.88525,6.5571,1.4
0,box_jump_uneven,6,WALK,21.1,22.7,6.5571,6.87702,1.6
0,box_jump_uneven,6,JUMP,22.7,23.5,6.87702,6.87702,0.8
0,box_jump_uneven,6,WALK,23.5,26.1,6.87702,7.38756,2.6
0,box_jump_uneven,6,RUN,26.1,28.3,7.38756,8.44352,2.2
0,box_jump_uneven,6,WALK,28.3,32.8,8.44352,9.33452,4.5
0,box_jump_uneven,6,RUN,32.8,34,9.33452,9.91043,1.2
0,box_jump_uneven,6,WALK,34,38.2,9.91043,10.7386,4.2
0,box_jump_uneven,6,RUN,38.2,40.5,10.7386,11.8,2.3
0,box_jump_uneven,7,TROT,0,0,1,1,0
0,box_jump_uneven,7,WALK,0,3.7,1,1.73994,3.7
0,box_jump_uneven,7,RUN,3.7,4.6,1.73994,2.17184,0.9
0,box_jump_uneven,7,WALK,4.6,9.2,2.17184,3.08129,4.6
0,box_jump_uneven,7,RUN,9.2,11,3.08129,3.94369,1.8
0,box_jump_uneven,7,WALK,11,16,3.94369,4.92863,5
0,box_jump_uneven,7,RUN,16,18.1,4.92863,5.93663,2.1
0,box_jump_uneven,7,WALK,18.1,22.7,5.93663,6.84022,4.6
0,box_jump_uneven,7,RUN,22.7,24.6,6.84022,7.74978,1.9
0,box_jump_uneven,7,WALK,24.6,29.1,7.74978,8.63294,4.5
0,box_jump_uneven,7,RUN,29.1,30.4,8.63294,9.25479,1.3
0,box_jump_uneven,7,WALK,30.4,35.4,9.25479,10.2388,5
0,box_jump_uneven,7,RUN,35.4,36.7,10.2388,10.8593,1.3
0,box_jump_uneven,7,WALK,36.7,41.1,10.8593,11.7259,4.4
0,box_jump_uneven,7,RUN,41.1,43.4,11.7259,12.8,2.3
0,box_jump_uneven,8,TROT,0,0,1,1,0
0,box_jump_uneven,8,WALK,0,3.7,1,1.73965,3.7
0,box_jump_uneven,8,RUN,3.7,5.2,1.73965,2.45861,1.5
0,box_jump_uneven,8,WALK,5.2,10.3,2.45861,3.47756,5.1
0,box_jump_uneven,8,RUN,10.3,11.5,3.47756,4.05342,1.2
0,box_jump_uneven,8,WALK,11.5,15.9,4.05342,4.92688,4.4
0,box_jump_uneven,8,RUN,15.9,17.8,4.92688,5.83879,1.9
0,box_jump_uneven,8,WALK,17.8,22.8,5.83879,6.83277,5
0,box_jump_uneven,8,RUN,22.8,24.4,6.83277,7.60032,1.6
0,box_jump_uneven,8,WALK,24.4,29.6,7.60032,8.63422,5.2
0,box_jump_uneven,8,RUN,29.6,30.6,8.63422,9.11417,1
0,box_jump_uneven,8,WALK,30.6,35.5,9.11417,10.0808,4.9
0,box_jump_uneven,8,RUN,35.5,37.4,10.0808,10.9911,1.9
0,box_jump_uneven,8,WALK,37.4,41.6,10.9911,11.8302,4.2
0,box_jump_uneven,8,RUN,41.6,43.9,11.8302,12.9,2.3
0,box_jump_uneven,9,TROT,0,0,1,1,0
0,box_jump_uneven,9,WALK,0,3.7,1,1.73977,3.7
0,box_jump_uneven,9,RUN,3.7,5,1.73977,2.36316,1.3
0,box_jump_uneven,9,WALK,5,10.2,2.36316,3.38628,5.2
0,box_jump_uneven,9,RUN,10.2,11.7,3.38628,4.10618,1.5
0,box_jump_uneven,9,WALK,11.7,16.4,4.10618,5.03597,4.7
0,box_jump_uneven,9,RUN,16.4,18,5.03597,5.80382,1.6
0,box_jump_uneven,9,WALK,18,22.4,5.80382,6.67625,4.4
0,box_jump_uneven,9,RUN,22.4,23.8,6.67625,7.34804,1.4
0,box_jump_uneven,9,WALK,23.8,29.3,7.34804,8.43659,5.5
0,box_jump_uneven,9,RUN,29.3,30.4,8.43659,8.96401,1.1
0,box_jump_uneven,9,WALK,30.4,35.6,8.96401,9.99387,5.2
0,box_jump_uneven,9,RUN,35.6,37.4,9.99387,10.8577,1.8
0,box_jump_uneven,9,WALK,37.4,42.8,10.8577,11.9336,5.4
0,box_jump_uneven,9,RUN,42.8,45.1,11.9336,13,2.3
0,flat_circle_jump,0,TROT,0,0,1,1,0
0,flat_circle_jump,0,JUMP,0,0.8,1,1,0.8
0,flat_circle_jump,0,WALK,0.8,3.3,1,1.5,2.5
0,flat_circle_jump,0,JUMP,3.3,4.1,1.5,1.5,0.8
0,flat_circle_jump,0,WALK,4.1,5.3,1.5,1.73759,1.2
0,flat_circle_jump,0,RUN,5.3,7.3,1.73759,2.64547,2
0,flat_circle_jump,0,TROT,7.3,8.8,2.64547,3.46594,1.5
0,flat_circle_jump,0,RUN,8.8,9.4,3.46594,3.73759,0.6
0,flat_circle_jump,0,TROT,9.4,10.9,3.73759,4.51837,1.5
0,flat_circle_jump,0,RUN,10.9,11.2,4.51837,4.6573,0.3
0,flat_circle_jump,0,TROT,11.2,12.7,4.6573,5.40981,1.5
0,flat_circle_jump,0,RUN,12.7,13.5,5.40981,5.79315,0.8
0,flat_circle_jump,0,WALK,13.5,17.7,5.79315,6.62958,4.2
0,flat_circle_jump,0,RUN,17.7,18.1,6.62958,6.82142,0.4
0,flat_circle_jump,0,WALK,18.1,22.5,6.82142,7.68807,4.4
0,flat_circle_jump,0,RUN,22.5,24.8,7.68807,8.75,2.3
0,flat_circle_jump,1,TROT,0,0,1,1,0
0,flat_circle_jump,1,WALK,0,3.7,1,1.73734,3.7
0,flat_circle_jump,1,RUN,3.7,4.8,1.73734,2.2595,1.1
0,flat_circle_jump,1,WALK,4.8,6.1,2.2595,2.5,1.3
0,flat_circle_jump,1,RUN,6.1,6.6,2.5,2.73534,0.5
0,flat_circle_jump,1,WALK,6.6,7.1,2.73534,2.8334,0.5
0,flat_circle_jump,1,RUN,7.1,7.8,2.8334,3.16287,0.7
0,flat_circle_jump,1,TROT,7.8,9.1,3.16287,3.85499,1.3
0,flat_circle_jump,1,RUN,9.1,11.4,3.85499,4.88542,2.3
0,flat_circle_jump,1,WALK,11.4,15.7,4.88542,5.73883,4.3
0,flat_circle_jump,1,RUN,15.7,16.5,5.73883,6.1215,0.8
0,flat_circle_jump,1,WALK,16.5,20.7,6.1215,6.93847,4.2
0,flat_circle_jump,1,RUN,20.7,21,6.93847,7.08182,0.3
0,flat_circle_jump,1,WALK,21,26.8,7.08182,8.22894,5.8
0,flat_circle_jump,1,RUN,26.8,29.1,8.22894,9.3,2.3
0,flat_circle_jump,2,TROT,0,0,1,1,0
0,flat_circle_jump,2,RUN,0,0.5,1,1.24,0.5
0,flat_circle_jump,2,WALK,0.5,5,1.24,2.13956,4.5
0,flat_circle_jump,2,RUN,5,5.3,2.13956,2.28346,0.3
0,flat_circle_jump,2,WALK,5.3,9.6,2.28346,3.12965,4.3
0,flat_circle_jump,2,RUN,9.6,9.9,3.12965,3.27347,0.3
0,flat_circle_jump,2,WALK,9.9,13.8,3.27347,4.04755,3.9
0,flat_circle_jump,2,RUN,13.8,14.6,4.04755,4.42685,0.8
0,flat_circle_jump,2,WALK,14.6,18.7,4.42685,5.23349,4.1
0,flat_circle_jump,2,RUN,18.7,19.1,5.23349,5.42265,0.4
0,flat_circle_jump,2,WALK,19.1,24.5,5.42265,6.48615,5.4
0,flat_circle_jump,2,RUN,24.5,24.9,6.48615,6.67679,0.4
0,flat_circle_jump,2,WALK,24.9,29.1,6.67679,7.4947,4.2
0,flat_circle_jump,2,RUN,29.1,30.3,7.4947,8.06053,1.2
0,flat_circle_jump,2,WALK,30.3,34.5,8.06053,8.8889,4.2
0,flat_circle_jump,2,RUN,34.5,36.8,8.8889,9.95,2.3
0,flat_circle_jump,3,TROT,0,0,1,1,0
0,flat_circle_jump,3,RUN,0,0.2,1,1.096,0.2
0,flat_circle_jump,3,JUMP,0.2,1,1.096,1.096,0.8
0,flat_circle_jump,3,WALK,1,3.6,1.096,1.6,2.6
0,flat_circle_jump,3,JUMP,3.6,4.4,1.6,1.6,0.8
0,flat_circle_jump,3,WALK,4.4,6.1,1.6,1.94,1.7
0,flat_circle_jump,3,RUN,6.1,6.6,1.94,2.18,0.5
0,flat_circle_jump,3,WALK,6.6,11.4,2.18,3.13974,4.8
0,flat_circle_jump,3,RUN,11.4,15.2,3.13974,4.90561,3.8
0,flat_circle_jump,3,WALK,15.2,19.5,4.90561,5.74372,4.3
0,flat_circle_jump,3,RUN,19.5,22.1,5.74372,6.97469,2.6
0,flat_circle_jump,3,WALK,22.1,27.5,6.97469,8.04,5.4
0,flat_circle_jump,3,RUN,27.5,27.8,8.04,8.184,0.3
0,flat_circle_jump,3,WALK,27.8,33.6,8.184,9.32894,5.8
0,flat_circle_jump,3,RUN,33.6,35.9,9.32894,10.4,2.3
0,flat_circle_jump,4,TROT,0,0,1,1,0
0,flat_circle_jump,4,RUN,0,0.5,1,1.24,0.5
0,flat_circle_jump,4,WALK,0.5,1.2,1.24,1.38,0.7
0,flat_circle_jump,4,JUMP,1.2,2,1.38,1.38,0.8
0,flat_circle_jump,4,WALK,2,4.5,1.38,1.87976,2.5
0,flat_circle_jump,4,RUN,4.5,5.6,1.87976,2.40742,1.1
0,flat_circle_jump,4,WALK,5.6,9.8,2.40742,3.23965,4.2
0,flat_circle_jump,4,RUN,9.8,10.3,3.23965,3.4794,0.5
0,flat_circle_jump,4,WALK,10.3,15.4,3.4794,4.47834,5.1
0,flat_circle_jump,4,RUN,15.4,15.8,4.47834,4.66968,0.4
0,flat_circle_jump,4,WALK,15.8,20.7,4.66968,5.64,4.9
0,flat_circle_jump,4,RUN,20.7,21,5.64,5.784,0.3
0,flat_circle_jump,4,WALK,21,28.3,5.784,7.22829,7.3
0,flat_circle_jump,4,RUN,28.3,30.6,7.22829,8.286,2.3
0,flat_circle_jump,4,WALK,30.6,37.4,8.286,9.62886,6.8
0,flat_circle_jump,4,RUN,37.4,39.7,9.62886,10.7,2.3
0,flat_circle_jump,5,TROT,0,0,1,1,0
0,flat_circle_jump,5,RUN,0,0.5,1,1.24,0.5
0,flat_circle_jump,5,WALK,0.5,4.2,1.24,1.97973,3.7
0,flat_circle_jump,5,RUN,4.2,5.8,1.97973,2.74731,1.6
0,flat_circle_jump,5,WALK,5.8,8.5,2.74731,3.27923,2.7
0,flat_circle_jump,5,RUN,8.5,10.1,3.27923,4.04514,1.6
0,flat_circle_jump,5,WALK,10.1,14.4,4.04514,4.88615,4.3
0,flat_circle_jump,5,RUN,14.4,14.8,4.88615,5.07679,0.4
0,flat_circle_jump,5,WALK,14.8,20.7,5.07679,6.23609,5.9
0,flat_circle_jump,5,RUN,20.7,21.1,6.23609,6.42691,0.4
0,flat_circle_jump,5,WALK,21.1,26.7,6.42691,7.52747,5.6
0,flat_circle_jump,5,RUN,26.7,30.9,7.52747,9.51,4.2
0,flat_circle_jump,5,WALK,30.9,36.4,9.51,10.5854,5.5
0,flat_circle_jump,5,RUN,36.4,38.7,10.5854,11.65,2.3
0,flat_circle_jump,6,TROT,0,0,1,1,0
0,flat_circle_jump,6,RUN,0,0.5,1,1.24,0.5
0,flat_circle_jump,6,WALK,0.5,5.5,1.24,2.23836,5
0,flat_circle_jump,6,RUN,5.5,6,2.23836,2.47783,0.5
0,flat_circle_jump,6,WALK,6,12.1,2.47783,3.67971,6.1
0,flat_circle_jump,6,RUN,12.1,13.7,3.67971,4.44737,1.6
0,flat_circle_jump,6,WALK,13.7,18,4.44737,5.29281,4.3
0,flat_circle_jump,6,RUN,18,19.4,5.29281,5.95675,1.4
0,flat_circle_jump,6,TROT,19.4,19.6,5.95675,6.06543,0.2
0,flat_circle_jump,6,WALK,19.6,22,6.06543,6.53452,2.4
0,flat_circle_jump,6,RUN,22,23.5,6.53452,7.23809,1.5
0,flat_circle_jump,6,WALK,23.5,28,7.23809,8.12971,4.5
0,flat_circle_jump,6,RUN,28,29.3,8.12971,8.75344,1.3
0,flat_circle_jump,6,WALK,29.3,32.5,8.75344,9.38977,3.2
0,flat_circle_jump,6,RUN,32.5,34,9.38977,10.1091,1.5
0,flat_circle_jump,6,WALK,34,39.7,10.1091,11.2397,5.7
0,flat_circle_jump,6,RUN,39.7,42,11.2397,12.3,2.3
0,flat_circle_jump,7,TROT,0,0,1,1,0
0,flat_circle_jump,7,RUN,0,0.5,1,1.24,0.5
0,flat_circle_jump,7,WALK,0.5,7.3,1.24,2.59009,6.8
0,flat_circle_jump,7,RUN,7.3,7.9,2.59009,2.8755,0.6
0,flat_circle_jump,7,WALK,7.9,14.7,2.8755,4.22957,6.8
0,flat_circle_jump,7,RUN,14.7,15.1,4.22957,4.42148,0.4
0,flat_circle_jump,7,WALK,15.1,21.1,4.42148,5.59428,6
0,flat_circle_jump,7,RUN,21.1,21.5,5.59428,5.78171,0.4
0,flat_circle_jump,7,WALK,21.5,27.1,5.78171,6.87972,5.6
0,flat_circle_jump,7,RUN,27.1,28.7,6.87972,7.64734,1.6
0,flat_circle_jump,7,WALK,28.7,33,7.64734,8.49633,4.3
0,flat_circle_jump,7,RUN,33,33.5,8.49633,8.73486,0.5
0,flat_circle_jump,7,WALK,33.5,39.3,8.73486,9.88752,5.8
0,flat_circle_jump,7,RUN,39.3,41.1,9.88752,10.7482,1.8
0,flat_circle_jump,7,WALK,41.1,46.4,10.7482,11.7897,5.3
0,flat_circle_jump,7,RUN,46.4,48.7,11.7897,12.85,2.3
0,flat_circle_jump,8,TROT,0,0,1,1,0
0,flat_circle_jump,8,RUN,0,0.5,1,1.24,0.5
0,flat_circle_jump,8,WALK,0.5,7.3,1.24,2.58503,6.8
0,flat_circle_jump,8,RUN,7.3,7.7,2.58503,2.77442,0.4
0,flat_circle_jump,8,WALK,7.7,15.4,2.77442,4.28478,7.7
0,flat_circle_jump,8,RUN,15.4,15.8,4.28478,4.47386,0.4
0,flat_circle_jump,8,WALK,15.8,18,4.47386,4.90717,2.2
0,flat_circle_jump,8,JUMP,18,18.8,4.90717,4.90717,0.8
0,flat_circle_jump,8,WALK,18.8,23,4.90717,5.73306,4.2
0,flat_circle_jump,8,RUN,23,23.4,5.73306,5.92326,0.4
0,flat_circle_jump,8,WALK,23.4,28.5,5.92326,6.93,5.1
0,flat_circle_jump,8,RUN,28.5,30.3,6.93,7.794,1.8
0,flat_circle_jump,8,WALK,30.3,36.4,7.794,8.99273,6.1
0,flat_circle_jump,8,RUN,36.4,36.5,8.99273,9.04039,0.1
0,flat_circle_jump,8,WALK,36.5,43,9.04039,10.33,6.5
0,flat_circle_jump,8,RUN,43,44.6,10.33,11.098,1.6
0,flat_circle_jump,8,WALK,44.6,49.6,11.098,12.09,5
0,flat_circle_jump,8,RUN,49.6,51.9,12.09,13.15,2.3
0,flat_circle_jump,9,TROT,0,0,1,1,0
0,flat_circle_jump,9,RUN,0,0.5,1,1.24,0.5
0,flat_circle_jump,9,WALK,0.5,7.2,1.24,2.57969,6.7
0,flat_circle_jump,9,RUN,7.2,8.8,2.57969,3.34748,1.6
0,flat_circle_jump,9,WALK,8.8,13,3.34748,4.17762,4.2
0,flat_circle_jump,9,RUN,13,14.8,4.17762,5.03807,1.8
0,flat_circle_jump,9,WALK,14.8,17.8,5.03807,5.62976,3
0,flat_circle_jump,9,RUN,17.8,19.4,5.62976,6.39727,1.6
0,flat_circle_jump,9,WALK,19.4,23.9,6.39727,7.28971,4.5
0,flat_circle_jump,9,RUN,23.9,25.5,7.28971,8.05735,1.6
0,flat_circle_jump,9,WALK,25.5,33.1,8.05735,9.53915,7.6
0,flat_circle_jump,9,RUN,33.1,33.3,9.53915,9.63356,0.2
0,flat_circle_jump,9,WALK,33.3,39.4,9.63356,10.8293,6.1
0,flat_circle_jump,9,RUN,39.4,39.8,10.8293,11.0181,0.4
0,flat_circle_jump,9,WALK,39.8,48.6,11.0181,12.7453,8.8
0,flat_circle_jump,9,RUN,48.6,50.9,12.7453,13.8,2.3
0,bump_jump,0,TROT,0,0.3,1,1.165,0.3
0,bump_jump,0,WALK,0.3,43.5,1.165,9.68971,43.2
0,bump_jump,0,RUN,43.5,45.8,9.68971,10.75,2.3
0,bump_jump,1,TROT,0,0.3,1,1.165,0.3
0,bump_jump,1,WALK,0.3,45.1,1.165,9.98,44.8
0,bump_jump,1,RUN,45.1,47.4,9.98,11.05,2.3
0,bump_jump,2,TROT,0,0,1,1,0
0,bump_jump,2,WALK,0,44.8,1,9.87889,44.8
0,bump_jump,2,RUN,44.8,47.1,9.87889,10.95,2.3
0,bump_jump,3,TROT,0,0,1,1,0
0,bump_jump,3,RUN,0,0.1,1,1.048,0.1
0,bump_jump,3,TROT,0.1,0.5,1.048,1.268,0.4
0,bump_jump,3,WALK,0.5,46,1.268,10.24,45.5
0,bump_jump,3,RUN,46,48.3,10.24,11.3,2.3
0,bump_jump,4,TROT,0,0,1,1,0
0,bump_jump,4,RUN,0,0.1,1,1.048,0.1
0,bump_jump,4,WALK,0.1,46.4,1.048,10.1797,46.3
0,bump_jump,4,RUN,46.4,48.7,10.1797,11.25,2.3
0,bump_jump,5,TROT,0,0,1,1,0
0,bump_jump,5,RUN,0,0.7,1,1.336,0.7
0,bump_jump,5,WALK,0.7,46.7,1.336,10.43,46
0,bump_jump,5,RUN,46.7,49,10.43,11.5,2.3
0,bump_jump,6,TROT,0,0,1,1,0
0,bump_jump,6,RUN,0,0.3,1,1.144,0.3
0,bump_jump,6,TROT,0.3,0.7,1.144,1.364,0.4
0,bump_jump,6,WALK,0.7,46.6,1.364,10.3928,45.9
0,bump_jump,6,RUN,46.6,48.9,10.3928,11.45,2.3
0,bump_jump,7,TROT,0,0,1,1,0
0,bump_jump,7,RUN,0,0.3,1,1.144,0.3
0,bump_jump,7,WALK,0.3,48.9,1.144,10.7874,48.6
0,bump_jump,7,RUN,48.9,51.2,10.7874,11.85,2.3
0,bump_jump,8,TROT,0,0,1,1,0
0,bump_jump,8,RUN,0,0.5,1,1.24,0.5
0,bump_jump,8,WALK,0.5,49.1,1.24,10.7953,48.6
0,bump_jump,8,RUN,49.1,51.4,10.7953,11.85,2.3
0,bump_jump,9,TROT,0,0,1,1,0
0,bump_jump,9,RUN,0,0.5,1,1.24,0.5
0,bump_jump,9,WALK,0.5,49.1,1.24,10.8353,48.6
0,bump_jump,9,RUN,49.1,51.4,10.8353,11.9,2.3
0,sideways_ramp,0,TROT,0,0,1,1,0
0,sideways_ramp,0,RUN,0,0.5,1,1.24,0.5
0,sideways_ramp,0,WALK,0.5,3.3,1.24,1.76585,2.8
0,sideways_ramp,0,RUN,3.3,4.4,1.76585,2.23374,1.1
0,sideways_ramp,0,WALK,4.4,7.1,2.23374,2.72039,2.7
0,sideways_ramp,0,RUN,7.1,8.8,2.72039,3.49041,1.7
0,sideways_ramp,0,WALK,8.8,11.4,3.49041,3.97853,2.6
0,sideways_ramp,0,RUN,11.4,13,3.97853,4.74426,1.6
0,sideways_ramp,0,WALK,13,16.1,4.74426,5.3271,3.1
0,sideways_ramp,0,RUN,16.1,17.9,5.3271,6.11153,1.8
0,sideways_ramp,0,WALK,17.9,20.8,6.11153,6.62637,2.9
0,sideways_ramp,0,RUN,20.8,22.6,6.62637,7.40991,1.8
0,sideways_ramp,0,WALK,22.6,25.4,7.40991,7.92722,2.8
0,sideways_ramp,0,RUN,25.4,27.2,7.92722,8.73683,1.8
0,sideways_ramp,0,WALK,27.2,30.1,8.73683,9.27221,2.9
0,sideways_ramp,0,RUN,30.1,32.4,9.27221,10.3,2.3
0,sideways_ramp,1,TROT,0,0,1,1,0
0,sideways_ramp,1,WALK,0,3.7,1,1.74,3.7
0,sideways_ramp,1,RUN,3.7,4.4,1.74,2.076,0.7
0,sideways_ramp,1,WALK,4.4,7.9,2.076,2.73697,3.5
0,sideways_ramp,1,RUN,7.9,9.8,2.73697,3.56583,1.9
0,sideways_ramp,1,WALK,9.8,12.6,3.56583,4.09233,2.8
0,sideways_ramp,1,RUN,12.6,14,4.09233,4.76242,1.4
0,sideways_ramp,1,WALK,14,17.1,4.76242,5.36507,3.1
0,sideways_ramp,1,RUN,17.1,18.9,5.36507,6.19331,1.8
0,sideways_ramp,1,WALK,18.9,21.8,6.19331,6.74412,2.9
0,sideways_ramp,1,RUN,21.8,23.2,6.74412,7.41564,1.4
0,sideways_ramp,1,WALK,23.2,26.3,7.41564,8.01421,3.1
0,sideways_ramp,1,RUN,26.3,27.8,8.01421,8.69985,1.5
0,sideways_ramp,1,WALK,27.8,30.8,8.69985,9.26017,3
0,sideways_ramp,1,RUN,30.8,33.1,9.26017,10.3,2.3
0,sideways_ramp,2,TROT,0,0,1,1,0
0,sideways_ramp,2,JUMP,0,0.8,1,1,0.8
0,sideways_ramp,2,WALK,0.8,4.5,1,1.73964,3.7
0,sideways_ramp,2,RUN,4.5,5.1,1.73964,2.02722,0.6
0,sideways_ramp,2,WALK,5.1,23.8,2.02722,5.51947,18.7
0,sideways_ramp,2,RUN,23.8,25.2,5.51947,6.14006,1.4
0,sideways_ramp,2,WALK,25.2,28.8,6.14006,6.78206,3.6
0,sideways_ramp,2,RUN,28.8,30.4,6.78206,7.47837,1.6
0,sideways_ramp,2,WALK,30.4,31.2,7.47837,7.62344,0.8
0,sideways_ramp,2,JUMP,31.2,32,7.62344,7.62344,0.8
0,sideways_ramp,2,WALK,32,34.2,7.62344,8.04494,2.2
0,sideways_ramp,2,RUN,34.2,35.5,8.04494,8.66846,1.3
0,sideways_ramp,2,WALK,35.5,38.6,8.66846,9.27725,3.1
0,sideways_ramp,2,RUN,38.6,40.9,9.27725,10.35,2.3
0,sideways_ramp,3,TROT,0,0,1,1,0
0,sideways_ramp,3,WALK,0,3.7,1,1.73855,3.7
0,sideways_ramp,3,RUN,3.7,4.4,1.73855,2.07253,0.7
0,sideways_ramp,3,WALK,4.4,8.1,2.07253,2.79016,3.7
0,sideways_ramp,3,RUN,8.1,9.5,2.79016,3.43383,1.4
0,sideways_ramp,3,WALK,9.5,13.2,3.43383,4.11894,3.7
0,sideways_ramp,3,RUN,13.2,14.6,4.11894,4.7547,1.4
0,sideways_ramp,3,WALK,14.6,25,4.7547,6.74727,10.4
0,sideways_ramp,3,RUN,25,26.6,6.74727,7.51082,1.6
0,sideways_ramp,3,WALK,26.6,30,7.51082,8.17686,3.4
0,sideways_ramp,3,RUN,30,31.6,8.17686,8.94442,1.6
0,sideways_ramp,3,WALK,31.6,35.5,8.94442,9.67652,3.9
0,sideways_ramp,3,RUN,35.5,37.8,9.67652,10.7,2.3
0,sideways_ramp,4,TROT,0,0,1,1,0
0,sideways_ramp,4,JUMP,0,0.8,1,1,0.8
0,sideways_ramp,4,WALK,0.8,3.3,1,1.5,2.5
0,sideways_ramp,4,JUMP,3.3,4.1,1.5,1.5,0.8
0,sideways_ramp,4,WALK,4.1,5.3,1.5,1.74,1.2
0,sideways_ramp,4,RUN,5.3,5.9,1.74,2.028,0.6
0,sideways_ramp,4,WALK,5.9,9.7,2.028,2.78452,3.8
0,sideways_ramp,4,RUN,9.7,10.9,2.78452,3.36011,1.2
0,sideways_ramp,4,WALK,10.9,14.7,3.36011,4.10278,3.8
0,sideways_ramp,4,RUN,14.7,15.2,4.10278,4.33272,0.5
0,sideways_ramp,4,TROT,15.2,15.7,4.33272,4.59618,0.5
0,sideways_ramp,4,RUN,15.7,16.1,4.59618,4.78013,0.4
0,sideways_ramp,4,WALK,16.1,19.8,4.78013,5.49366,3.7
0,sideways_ramp,4,RUN,19.8,21.1,5.49366,6.114,1.3
0,sideways_ramp,4,WALK,21.1,22.2,6.114,6.33271,1.1
0,sideways_ramp,4,JUMP,22.2,23,6.33271,6.33271,0.8
0,sideways_ramp,4,WALK,23,25.6,6.33271,6.83588,2.6
0,sideways_ramp,4,RUN,25.6,26.8,6.83588,7.41188,1.2
0,sideways_ramp,4,WALK,26.8,30.5,7.41188,8.14088,3.7
0,sideways_ramp,4,RUN,30.5,31.7,8.14088,8.71688,1.2
0,sideways_ramp,4,WALK,31.7,35.8,8.71688,9.4834,4.1
0,sideways_ramp,4,RUN,35.8,38.2,9.4834,10.5,2.4
0,sideways_ramp,5,TROT,0,0,1,1,0
0,sideways_ramp,5,RUN,0,0.5,1,1.24,0.5
0,sideways_ramp,5,WALK,0.5,5.4,1.24,2.10489,4.9
0,sideways_ramp,5,TROT,5.4,5.6,2.10489,2.19731,0.2
0,sideways_ramp,5,WALK,5.6,9.3,2.19731,2.88937,3.7
0,sideways_ramp,5,RUN,9.3,10.5,2.88937,3.46537,1.2
0,sideways_ramp,5,WALK,10.5,11.8,3.46537,3.72537,1.3
0,sideways_ramp,5,JUMP,11.8,12.6,3.72537,3.72537,0.8
0,sideways_ramp,5,WALK,12.6,15.2,3.72537,4.23276,2.6
0,sideways_ramp,5,RUN,15.2,16.4,4.23276,4.80837,1.2
0,sideways_ramp,5,WALK,16.4,20.3,4.80837,5.58377,3.9
0,sideways_ramp,5,RUN,20.3,21.4,5.58377,6.11177,1.1
0,sideways_ramp,5,WALK,21.4,28.4,6.11177,7.45924,7
0,sideways_ramp,5,RUN,28.4,28.6,7.45924,7.55034,0.2
0,sideways_ramp,5,WALK,28.6,30.1,7.55034,7.83502,1.5
0,sideways_ramp,5,JUMP,30.1,30.9,7.83502,7.83502,0.8
0,sideways_ramp,5,WALK,30.9,33.2,7.83502,8.28125,2.3
0,sideways_ramp,5,RUN,33.2,34.3,8.28125,8.80597,1.1
0,sideways_ramp,5,WALK,34.3,38.2,8.80597,9.58282,3.9
0,sideways_ramp,5,RUN,38.2,40.5,9.58282,10.65,2.3
0,sideways_ramp,6,TROT,0,0,1,1,0
0,sideways_ramp,6,WALK,0,3.7,1,1.73853,3.7
0,sideways_ramp,6,RUN,3.7,4.4,1.73853,2.07248,0.7
0,sideways_ramp,6,WALK,4.4,8.7,2.07248,2.90099,4.3
0,sideways_ramp,6,RUN,8.7,9.8,2.90099,3.40925,1.1
0,sideways_ramp,6,WALK,9.8,14.4,3.40925,4.27389,4.6
0,sideways_ramp,6,TROT,14.4,15.6,4.27389,4.89542,1.2
0,sideways_ramp,6,WALK,15.6,19.7,4.89542,5.68028,4.1
0,sideways_ramp,6,RUN,19.7,20.9,5.68028,6.25483,1.2
0,sideways_ramp,6,WALK,20.9,25.1,6.25483,7.08541,4.2
0,sideways_ramp,6,RUN,25.1,26.4,7.08541,7.70904,1.3
0,sideways_ramp,6,WALK,26.4,30.5,7.70904,8.52794,4.1
0,sideways_ramp,6,RUN,30.5,31.8,8.52794,9.15157,1.3
0,sideways_ramp,6,WALK,31.8,36,9.15157,9.98733,4.2
0,sideways_ramp,6,RUN,36,38.3,9.98733,11.05,2.3
0,sideways_ramp,7,TROT,0,0,1,1,0
0,sideways_ramp,7,RUN,0,1.1,1,1.5,1.1
0,sideways_ramp,7,JUMP,1.1,1.9,1.5,1.5,0.8
0,sideways_ramp,7,WALK,1.9,3.4,1.5,1.76349,1.5
0,sideways_ramp,7,RUN,3.4,3.9,1.76349,1.97428,0.5
0,sideways_ramp,7,WALK,3.9,8.5,1.97428,2.80407,4.6
0,sideways_ramp,7,TROT,8.5,9,2.80407,3.06664,0.5
0,sideways_ramp,7,RUN,9,9.8,3.06664,3.43328,0.8
0,sideways_ramp,7,WALK,9.8,14.2,3.43328,4.29193,4.4
0,sideways_ramp,7,RUN,14.2,15.4,4.29193,4.86793,1.2
0,sideways_ramp,7,WALK,15.4,27.8,4.86793,7.245,12.4
0,sideways_ramp,7,RUN,27.8,28.9,7.245,7.75851,1.1
0,sideways_ramp,7,WALK,28.9,33.4,7.75851,8.64044,4.5
0,sideways_ramp,7,RUN,33.4,34.5,8.64044,9.16548,1.1
0,sideways_ramp,7,WALK,34.5,38.9,9.16548,10.0329,4.4
0,sideways_ramp,7,RUN,38.9,41.2,10.0329,11.1,2.3
0,sideways_ramp,8,TROT,0,0,1,1,0
0,sideways_ramp,8,WALK,0,3.7,1,1.74,3.7
0,sideways_ramp,8,RUN,3.7,3.9,1.74,1.836,0.2
0,sideways_ramp,8,WALK,3.9,8.7,1.836,2.77657,4.8
0,sideways_ramp,8,RUN,8.7,9.7,2.77657,3.25529,1
0,sideways_ramp,8,WALK,9.7,14.7,3.25529,4.21405,5
0,sideways_ramp,8,TROT,14.7,15.7,4.21405,4.73324,1
0,sideways_ramp,8,WALK,15.7,20.4,4.73324,5.63557,4.7
0,sideways_ramp,8,RUN,20.4,21.5,5.63557,6.16357,1.1
0,sideways_ramp,8,WALK,21.5,26.2,6.16357,7.08749,4.7
0,sideways_ramp,8,RUN,26.2,27.3,7.08749,7.61549,1.1
0,sideways_ramp,8,WALK,27.3,32,7.61549,8.53943,4.7
0,sideways_ramp,8,RUN,32,32.9,8.53943,8.97036,0.9
0,sideways_ramp,8,WALK,32.9,37.8,8.97036,9.91254,4.9
0,sideways_ramp,8,RUN,37.8,40.1,9.91254,10.95,2.3
0,sideways_ramp,9,TROT,0,0,1,1,0
0,sideways_ramp,9,WALK,0,3.7,1,1.73961,3.7
0,sideways_ramp,9,RUN,3.7,4.1,1.73961,1.93129,0.4
0,sideways_ramp,9,WALK,4.1,9.4,1.93129,2.95185,5.3
0,sideways_ramp,9,RUN,9.4,10.1,2.95185,3.27605,0.7
0,sideways_ramp,9,TROT,10.1,10.4,3.27605,3.43526,0.3
0,sideways_ramp,9,WALK,10.4,15.3,3.43526,4.38259,4.9
0,sideways_ramp,9,RUN,15.3,16.1,4.38259,4.76659,0.8
0,sideways_ramp,9,WALK,16.1,21,4.76659,5.73776,4.9
0,sideways_ramp,9,RUN,21,21.9,5.73776,6.16717,0.9
0,sideways_ramp,9,WALK,21.9,26.8,6.16717,7.14029,4.9
0,sideways_ramp,9,RUN,26.8,27.9,7.14029,7.66551,1.1
0,sideways_ramp,9,WALK,27.9,34.9,7.66551,9.05185,7
0,sideways_ramp,9,RUN,34.9,35,9.05185,9.0996,0.1
0,sideways_ramp,9,WALK,35,40.3,9.0996,10.1111,5.3
0,sideways_ramp,9,RUN,40.3,42.7,10.1111,11.15,2.4
0,stepping_stones_cylinder,0,TROT,0,0,1,1,0
0,stepping_stones_cylinder,0,RUN,0,11.9,1,6.45,11.9
0,stepping_stones_cylinder,1,TROT,0,0,1,1,0
0,stepping_stones_cylinder,1,WALK,0,4,1,1.7935,4
0,stepping_stones_cylinder,1,RUN,4,13.9,1.7935,6.35,9.9
0,stepping_stones_cylinder,2,TROT,0,0,1,1,0
0,stepping_stones_cylinder,2,WALK,0,4,1,1.79365,4
0,stepping_stones_cylinder,2,RUN,4,5.1,1.79365,2.3,1.1
0,stepping_stones_cylinder,2,WALK,5.1,7.8,2.3,2.84,2.7
0,stepping_stones_cylinder,2,RUN,7.8,15.1,2.84,6.15,7.3
0,stepping_stones_cylinder,3,TROT,0,0,1,1,0
0,stepping_stones_cylinder,3,WALK,0,4,1,1.79455,4
0,stepping_stones_cylinder,3,RUN,4,5.1,1.79455,2.3,1.1
0,stepping_stones_cylinder,3,WALK,5.1,15.6,2.3,4.38,10.5
0,stepping_stones_cylinder,3,RUN,15.6,18.8,4.38,5.85,3.2
0,stepping_stones_cylinder,4,TROT,0,0,1,1,0
0,stepping_stones_cylinder,4,WALK,0,18.9,1,4.73,18.9
0,stepping_stones_cylinder,4,RUN,18.9,21.2,4.73,5.8,2.3
0,stepping_stones_cylinder,5,TROT,0,0,1,1,0
0,stepping_stones_cylinder,5,WALK,0,10.3,1,3.04,10.3
0,stepping_stones_cylinder,5,RUN,10.3,11.2,3.04,3.472,0.9
0,stepping_stones_cylinder,5,WALK,11.2,15.4,3.472,4.29,4.2
0,stepping_stones_cylinder,5,RUN,15.4,16.1,4.29,4.626,0.7
0,stepping_stones_cylinder,5,WALK,16.1,20.5,4.626,5.48858,4.4
0,stepping_stones_cylinder,5,RUN,20.5,22.2,5.48858,6.25,1.7
0,stepping_stones_cylinder,6,TROT,0,0,1,1,0
0,stepping_stones_cylinder,6,WALK,0,21.4,1,5.22926,21.4
0,stepping_stones_cylinder,6,RUN,21.4,23.1,5.22926,6,1.7
0,stepping_stones_cylinder,7,TROT,0,0,1,1,0
0,stepping_stones_cylinder,7,WALK,0,20.4,1,5.02941,20.4
0,stepping_stones_cylinder,7,RUN,20.4,22.1,5.02941,5.8,1.7
0,stepping_stones_cylinder,8,TROT,0,0,1,1,0
0,stepping_stones_cylinder,8,WALK,0,19.7,1,4.88977,19.7
0,stepping_stones_cylinder,8,RUN,19.7,21.4,4.88977,5.7,1.7
0,stepping_stones_cylinder,9,TROT,0,0,1,1,0
0,stepping_stones_cylinder,9,WALK,0,20.2,1,4.99,20.2
0,stepping_stones_cylinder,9,RUN,20.2,22,4.99,5.8,1.8
0,stepping_stones_randomly_arranged,0,TROT,0,0,1,1,0
0,stepping_stones_randomly_arranged,0,RUN,0,11.7,1,6.4,11.7
0,stepping_stones_randomly_arranged,1,TROT,0,0,1,1,0
0,stepping_stones_randomly_arranged,1,RUN,0,11.1,1,6.1,11.1
0,stepping_stones_randomly_arranged,2,TROT,0,0,1,1,0
0,stepping_stones_randomly_arranged,2,RUN,0,11.1,1,6.1,11.1
0,stepping_stones_randomly_arranged,3,TROT,0,0,1,1,0
0,stepping_stones_randomly_arranged,3,RUN,0,11,1,6.1,11
0,stepping_stones_randomly_arranged,4,TROT,0,0,1,1,0
0,stepping_stones_randomly_arranged,4,RUN,0,11.8,1,6.25,11.8
0,stepping_stones_randomly_arranged,5,TROT,0,0,1,1,0
0,stepping_stones_randomly_arranged,5,RUN,0,2.9,1,2.31363,2.9
0,stepping_stones_randomly_arranged,5,WALK,2.9,4.6,2.31363,2.65,1.7
0,stepping_stones_randomly_arranged,5,RUN,4.6,11.7,2.65,5.9,7.1
0,stepping_stones_randomly_arranged,6,TROT,0,0,1,1,0
0,stepping_stones_randomly_arranged,6,RUN,0,3.7,1,2.65,3.7
0,stepping_stones_randomly_arranged,6,WALK,3.7,7,2.65,3.28499,3.3
0,stepping_stones_randomly_arranged,6,RUN,7,7.6,3.28499,3.57296,0.6
0,stepping_stones_randomly_arranged,6,WALK,7.6,8.8,3.57296,3.8,1.2
0,stepping_stones_randomly_arranged,6,RUN,8.8,13.4,3.8,5.9,4.6
0,stepping_stones_randomly_arranged,7,TROT,0,0,1,1,0
0,stepping_stones_randomly_arranged,7,RUN,0,3.7,1,2.625,3.7
0,stepping_stones_randomly_arranged,7,WALK,3.7,5.7,2.625,3.01049,2
0,stepping_stones_randomly_arranged,7,RUN,5.7,6.2,3.01049,3.225,0.5
0,stepping_stones_randomly_arranged,7,WALK,6.2,9.6,3.225,3.885,3.4
0,stepping_stones_randomly_arranged,7,RUN,9.6,14.3,3.885,6,4.7
0,stepping_stones_randomly_arranged,8,TROT,0,0,1,1,0
0,stepping_stones_randomly_arranged,8,RUN,0,3.7,1,2.625,3.7
0,stepping_stones_randomly_arranged,8,WALK,3.7,4.3,2.625,2.74492,0.6
0,stepping_stones_randomly_arranged,8,RUN,4.3,4.8,2.74492,2.98475,0.5
0,stepping_stones_randomly_arranged,8,WALK,4.8,9.2,2.98475,3.84,4.4
0,stepping_stones_randomly_arranged,8,RUN,9.2,9.7,3.84,4.07998,0.5
0,stepping_stones_randomly_arranged,8,WALK,9.7,13.5,4.07998,4.82989,3.8
0,stepping_stones_randomly_arranged,8,RUN,13.5,15.9,4.82989,5.9,2.4
0,stepping_stones_randomly_arranged,9,TROT,0,0,1,1,0
0,stepping_stones_randomly_arranged,9,RUN,0,2.4,1,2.075,2.4
0,stepping_stones_randomly_arranged,9,WALK,2.4,2.9,2.075,2.17382,0.5
0,stepping_stones_randomly_arranged,9,RUN,2.9,4.9,2.17382,3.1,2
0,stepping_stones_randomly_arranged,9,WALK,4.9,6.9,3.1,3.48963,2
0,stepping_stones_randomly_arranged,9,RUN,6.9,7.2,3.48963,3.6,0.3
0,stepping_stones_randomly_arranged,9,WALK,7.2,9.1,3.6,3.97999,1.9
0,stepping_stones_randomly_arranged,9,RUN,9.1,12.8,3.97999,5.6,3.7
0,staircase_walking_full_width,0,TROT,0,1.7,1,1.935,1.7
0,staircase_walking_full_width,0,WALK,1.7,7,1.935,2.98,5.3
0,staircase_walking_full_width,0,RUN,7,8.5,2.98,3.7,1.5
0,staircase_walking_full_width,0,TROT,8.5,9.9,3.7,4.45929,1.4
0,staircase_walking_full_width,0,WALK,9.9,16.3,4.45929,5.73929,6.4
0,staircase_walking_full_width,0,RUN,16.3,17.8,5.73929,6.45657,1.5
0,staircase_walking_full_width,0,JUMP,17.8,18.6,6.45657,6.45657,0.8
0,staircase_walking_full_width,0,WALK,18.6,21.2,6.45657,6.97657,2.6
0,staircase_walking_full_width,0,JUMP,21.2,22,6.97657,6.97657,0.8
0,staircase_walking_full_width,0,WALK,22,24.6,6.97657,7.49657,2.6
0,staircase_walking_full_width,0,JUMP,24.6,25.4,7.49657,7.49657,0.8
0,staircase_walking_full_width,0,WALK,25.4,28,7.49657,8.01286,2.6
0,staircase_walking_full_width,0,JUMP,28,28.8,8.01286,8.01286,0.8
0,staircase_walking_full_width,0,WALK,28.8,31.2,8.01286,8.49286,2.4
0,staircase_walking_full_width,0,RUN,31.2,32.7,8.49286,9.21286,1.5
0,staircase_walking_full_width,0,WALK,32.7,42.9,9.21286,11.2371,10.2
0,staircase_walking_full_width,0,RUN,42.9,44.5,11.2371,11.9654,1.6
0,staircase_walking_full_width,0,WALK,44.5,54.7,11.9654,13.9857,10.2
0,staircase_walking_full_width,0,RUN,54.7,58.4,13.9857,15.75,3.7
0,staircase_walking_full_width,1,TROT,0,0,1,1,0
0,staircase_walking_full_width,1,WALK,0,9.9,1,2.98,9.9
0,staircase_walking_full_width,1,RUN,9.9,11.4,2.98,3.7,1.5
0,staircase_walking_full_width,1,WALK,11.4,21.7,3.7,5.74429,10.3
0,staircase_walking_full_width,1,RUN,21.7,23.2,5.74429,6.45657,1.5
0,staircase_walking_full_width,1,JUMP,23.2,24,6.45657,6.45657,0.8
0,staircase_walking_full_width,1,WALK,24,26.6,6.45657,6.97657,2.6
0,staircase_walking_full_width,1,JUMP,26.6,27.4,6.97657,6.97657,0.8
0,staircase_walking_full_width,1,WALK,27.4,30,6.97657,7.49657,2.6
0,staircase_walking_full_width,1,JUMP,30,30.8,7.49657,7.49657,0.8
0,staircase_walking_full_width,1,WALK,30.8,33.4,7.49657,8.01286,2.6
0,staircase_walking_full_width,1,JUMP,33.4,34.2,8.01286,8.01286,0.8
0,staircase_walking_full_width,1,WALK,34.2,36.6,8.01286,8.49286,2.4
0,staircase_walking_full_width,1,RUN,36.6,38.1,8.49286,9.21286,1.5
0,staircase_walking_full_width,1,WALK,38.1,48.3,9.21286,11.2371,10.2
0,staircase_walking_full_width,1,RUN,48.3,49.9,11.2371,11.9654,1.6
0,staircase_walking_full_width,1,WALK,49.9,60.1,11.9654,13.9857,10.2
0,staircase_walking_full_width,1,RUN,60.1,63.8,13.9857,15.75,3.7
0,staircase_walking_full_width,2,TROT,0,0,1,1,0
0,staircase_walking_full_width,2,WALK,0,0.7,1,1.14,0.7
0,staircase_walking_full_width,2,JUMP,0.7,1.5,1.14,1.14,0.8
0,staircase_walking_full_width,2,WALK,1.5,4,1.14,1.64,2.5
0,staircase_walking_full_width,2,JUMP,4,4.8,1.64,1.64,0.8
0,staircase_walking_full_width,2,WALK,4.8,7.4,1.64,2.16,2.6
0,staircase_walking_full_width,2,JUMP,7.4,8.2,2.16,2.16,0.8
0,staircase_walking_full_width,2,WALK,8.2,11.1,2.16,2.74,2.9
0,staircase_walking_full_width,2,RUN,11.1,12,2.74,3.172,0.9
0,staircase_walking_full_width,2,WALK,12,20.8,3.172,4.93143,8.8
0,staircase_walking_full_width,2,RUN,20.8,21.7,4.93143,5.33486,0.9
0,staircase_walking_full_width,2,JUMP,21.7,22.5,5.33486,5.33486,0.8
0,staircase_walking_full_width,2,WALK,22.5,31.5,5.33486,7.13429,9
0,staircase_walking_full_width,2,RUN,31.5,32.4,7.13429,7.56629,0.9
0,staircase_walking_full_width,2,WALK,32.4,41.2,7.56629,9.32571,8.8
0,staircase_walking_full_width,2,RUN,41.2,42.1,9.32571,9.75771,0.9
0,staircase_walking_full_width,2,WALK,42.1,51,9.75771,11.5286,8.9
0,staircase_walking_full_width,2,RUN,51,54.1,11.5286,13,3.1
0,staircase_walking_full_width,3,TROT,0,0,1,1,0
0,staircase_walking_full_width,3,WALK,0,2.7,1,1.54,2.7
0,staircase_walking_full_width,3,JUMP,2.7,3.5,1.54,1.54,0.8
0,staircase_walking_full_width,3,WALK,3.5,6.1,1.54,2.06,2.6
0,staircase_walking_full_width,3,JUMP,6.1,6.9,2.06,2.06,0.8
0,staircase_walking_full_width,3,WALK,6.9,9.4,2.06,2.56,2.5
0,staircase_walking_full_width,3,JUMP,9.4,10.2,2.56,2.56,0.8
0,staircase_walking_full_width,3,WALK,10.2,11.1,2.56,2.74,0.9
0,staircase_walking_full_width,3,RUN,11.1,12,2.74,3.172,0.9
0,staircase_walking_full_width,3,WALK,12,20.8,3.172,4.93143,8.8
0,staircase_walking_full_width,3,RUN,20.8,21.7,4.93143,5.33486,0.9
0,staircase_walking_full_width,3,WALK,21.7,30.7,5.33486,7.13429,9
0,staircase_walking_full_width,3,RUN,30.7,31.6,7.13429,7.56629,0.9
0,staircase_walking_full_width,3,WALK,31.6,40.4,7.56629,9.32571,8.8
0,staircase_walking_full_width,3,RUN,40.4,41.3,9.32571,9.75771,0.9
0,staircase_walking_full_width,3,WALK,41.3,50.2,9.75771,11.5286,8.9
0,staircase_walking_full_width,3,RUN,50.2,53.3,11.5286,13,3.1
0,staircase_walking_full_width,4,TROT,0,0,1,1,0
0,staircase_walking_full_width,4,WALK,0,1.7,1,1.34,1.7
0,staircase_walking_full_width,4,JUMP,1.7,2.5,1.34,1.34,0.8
0,staircase_walking_full_width,4,WALK,2.5,5,1.34,1.84,2.5
0,staircase_walking_full_width,4,JUMP,5,5.8,1.84,1.84,0.8
0,staircase_walking_full_width,4,WALK,5.8,8.4,1.84,2.36,2.6
0,staircase_walking_full_width,4,JUMP,8.4,9.2,2.36,2.36,0.8
0,staircase_walking_full_width,4,WALK,9.2,11.1,2.36,2.74,1.9
0,staircase_walking_full_width,4,RUN,11.1,12,2.74,3.172,0.9
0,staircase_walking_full_width,4,WALK,12,20.8,3.172,4.93143,8.8
0,staircase_walking_full_width,4,RUN,20.8,21.7,4.93143,5.33486,0.9
0,staircase_walking_full_width,4,WALK,21.7,30.7,5.33486,7.13429,9
0,staircase_walking_full_width,4,RUN,30.7,31.6,7.13429,7.56629,0.9
0,staircase_walking_full_width,4,WALK,31.6,40.4,7.56629,9.32571,8.8
0,staircase_walking_full_width,4,RUN,40.4,41.3,9.32571,9.75771,0.9
0,staircase_walking_full_width,4,WALK,41.3,50.2,9.75771,11.5286,8.9
0,staircase_walking_full_width,4,RUN,50.2,53.3,11.5286,13,3.1
0,staircase_walking_full_width,5,TROT,0,0,1,1,0
0,staircase_walking_full_width,5,JUMP,0,0.8,1,1,0.8
0,staircase_walking_full_width,5,WALK,0.8,3.3,1,1.5,2.5
0,staircase_walking_full_width,5,JUMP,3.3,4.1,1.5,1.5,0.8
0,staircase_walking_full_width,5,WALK,4.1,6.7,1.5,2.02,2.6
0,staircase_walking_full_width,5,JUMP,6.7,7.5,2.02,2.02,0.8
0,staircase_walking_full_width,5,WALK,7.5,10,2.02,2.52,2.5
0,staircase_walking_full_width,5,JUMP,10,10.8,2.52,2.52,0.8
0,staircase_walking_full_width,5,WALK,10.8,11.9,2.52,2.74,1.1
0,staircase_walking_full_width,5,RUN,11.9,12.8,2.74,3.172,0.9
0,staircase_walking_full_width,5,WALK,12.8,21.6,3.172,4.93143,8.8
0,staircase_walking_full_width,5,RUN,21.6,22.5,4.93143,5.33486,0.9
0,staircase_walking_full_width,5,WALK,22.5,31.5,5.33486,7.13429,9
0,staircase_walking_full_width,5,RUN,31.5,32.4,7.13429,7.56629,0.9
0,staircase_walking_full_width,5,WALK,32.4,41.2,7.56629,9.32571,8.8
0,staircase_walking_full_width,5,RUN,41.2,42.1,9.32571,9.75771,0.9
0,staircase_walking_full_width,5,WALK,42.1,51,9.75771,11.5286,8.9
0,staircase_walking_full_width,5,RUN,51,54.1,11.5286,13,3.1
0,staircase_walking_full_width,6,TROT,0,0,1,1,0
0,staircase_walking_full_width,6,WALK,0,3.7,1,1.74,3.7
0,staircase_walking_full_width,6,JUMP,3.7,4.5,1.74,1.74,0.8
0,staircase_walking_full_width,6,WALK,4.5,7.1,1.74,2.26,2.6
0,staircase_walking_full_width,6,JUMP,7.1,7.9,2.26,2.26,0.8
0,staircase_walking_full_width,6,WALK,7.9,10.3,2.26,2.74,2.4
0,staircase_walking_full_width,6,RUN,10.3,11.2,2.74,3.172,0.9
0,staircase_walking_full_width,6,WALK,11.2,20,3.172,4.93143,8.8
0,staircase_walking_full_width,6,RUN,20,20.9,4.93143,5.33486,0.9
0,staircase_walking_full_width,6,WALK,20.9,29.9,5.33486,7.13429,9
0,staircase_walking_full_width,6,RUN,29.9,30.8,7.13429,7.56629,0.9
0,staircase_walking_full_width,6,WALK,30.8,39.6,7.56629,9.32571,8.8
0,staircase_walking_full_width,6,RUN,39.6,40.5,9.32571,9.75771,0.9
0,staircase_walking_full_width,6,WALK,40.5,49.4,9.75771,11.5286,8.9
0,staircase_walking_full_width,6,RUN,49.4,52.5,11.5286,13,3.1
0,staircase_walking_full_width,7,TROT,0,0,1,1,0
0,staircase_walking_full_width,7,WALK,0,8.7,1,2.74,8.7
0,staircase_walking_full_width,7,RUN,8.7,9.6,2.74,3.172,0.9
0,staircase_walking_full_width,7,WALK,9.6,18.4,3.172,4.93143,8.8
0,staircase_walking_full_width,7,RUN,18.4,19.3,4.93143,5.33486,0.9
0,staircase_walking_full_width,7,WALK,19.3,28.3,5.33486,7.13429,9
0,staircase_walking_full_width,7,RUN,28.3,29.2,7.13429,7.56629,0.9
0,staircase_walking_full_width,7,WALK,29.2,38,7.56629,9.32571,8.8
0,staircase_walking_full_width,7,RUN,38,38.9,9.32571,9.75771,0.9
0,staircase_walking_full_width,7,WALK,38.9,47.8,9.75771,11.5286,8.9
0,staircase_walking_full_width,7,RUN,47.8,50.9,11.5286,13,3.1
0,staircase_walking_full_width,8,TROT,0,0,1,1,0
0,staircase_walking_full_width,8,JUMP,0,0.8,1,1,0.8
0,staircase_walking_full_width,8,WALK,0.8,8.2,1,2.48,7.4
0,staircase_walking_full_width,8,RUN,8.2,8.4,2.48,2.576,0.2
0,staircase_walking_full_width,8,WALK,8.4,16.3,2.576,4.13857,7.9
0,staircase_walking_full_width,8,RUN,16.3,16.5,4.13857,4.23457,0.2
0,staircase_walking_full_width,8,WALK,16.5,24.3,4.23457,5.77571,7.8
0,staircase_walking_full_width,8,RUN,24.3,24.6,5.77571,5.91971,0.3
0,staircase_walking_full_width,8,WALK,24.6,32.2,5.91971,7.43429,7.6
0,staircase_walking_full_width,8,RUN,32.2,32.4,7.43429,7.53029,0.2
0,staircase_walking_full_width,8,WALK,32.4,40.3,7.53029,9.09143,7.9
0,staircase_walking_full_width,8,RUN,40.3,42.8,9.09143,10.25,2.5
0,staircase_walking_full_width,9,TROT,0,0,1,1,0
0,staircase_walking_full_width,9,WALK,0,7.4,1,2.48,7.4
0,staircase_walking_full_width,9,RUN,7.4,7.6,2.48,2.576,0.2
0,staircase_walking_full_width,9,WALK,7.6,15.5,2.576,4.13857,7.9
0,staircase_walking_full_width,9,RUN,15.5,15.7,4.13857,4.23457,0.2
0,staircase_walking_full_width,9,WALK,15.7,23.5,4.23457,5.77571,7.8
0,staircase_walking_full_width,9,RUN,23.5,23.8,5.77571,5.91971,0.3
0,staircase_walking_full_width,9,WALK,23.8,31.4,5.91971,7.43429,7.6
0,staircase_walking_full_width,9,RUN,31.4,31.6,7.43429,7.53029,0.2
0,staircase_walking_full_width,9,WALK,31.6,39.5,7.53029,9.09143,7.9
0,staircase_walking_full_width,9,RUN,39.5,42,9.09143,10.25,2.5
0,staircase_walking,0,TROT,0,6.3,1,4.245,6.3
0,staircase_walking,0,RUN,6.3,9.1,4.245,5.5,2.8
0,staircase_walking,1,TROT,0,0.8,1,1.44,0.8
0,staircase_walking,1,WALK,0.8,14.9,1.44,4.23,14.1
0,staircase_walking,1,RUN,14.9,17.7,4.23,5.5,2.8
0,staircase_walking,2,TROT,0,0.8,1,1.44,0.8
0,staircase_walking,2,WALK,0.8,5.9,1.44,2.43,5.1
0,staircase_walking,2,JUMP,5.9,6.7,2.43,2.43,0.8
0,staircase_walking,2,WALK,6.7,9.2,2.43,2.93,2.5
0,staircase_walking,2,JUMP,9.2,10,2.93,2.93,0.8
0,staircase_walking,2,WALK,10,12.5,2.93,3.43,2.5
0,staircase_walking,2,JUMP,12.5,13.3,3.43,3.43,0.8
0,staircase_walking,2,WALK,13.3,15.8,3.43,3.93,2.5
0,staircase_walking,2,JUMP,15.8,16.6,3.93,3.93,0.8
0,staircase_walking,2,WALK,16.6,18.1,3.93,4.23,1.5
0,staircase_walking,2,RUN,18.1,20.9,4.23,5.5,2.8
0,staircase_walking,3,TROT,0,0,1,1,0
0,staircase_walking,3,WALK,0,2.2,1,1.44,2.2
0,staircase_walking,3,JUMP,2.2,3,1.44,1.44,0.8
0,staircase_walking,3,WALK,3,5.5,1.44,1.94,2.5
0,staircase_walking,3,JUMP,5.5,6.3,1.94,1.94,0.8
0,staircase_walking,3,WALK,6.3,8.9,1.94,2.45,2.6
0,staircase_walking,3,JUMP,8.9,9.7,2.45,2.45,0.8
0,staircase_walking,3,WALK,9.7,12.2,2.45,2.95,2.5
0,staircase_walking,3,JUMP,12.2,13,2.95,2.95,0.8
0,staircase_walking,3,WALK,13,15.5,2.95,3.45,2.5
0,staircase_walking,3,JUMP,15.5,16.3,3.45,3.45,0.8
0,staircase_walking,3,WALK,16.3,18.8,3.45,3.95,2.5
0,staircase_walking,3,JUMP,18.8,19.6,3.95,3.95,0.8
0,staircase_walking,3,WALK,19.6,21,3.95,4.23,1.4
0,staircase_walking,3,RUN,21,23.8,4.23,5.5,2.8
0,staircase_walking,4,TROT,0,0,1,1,0
0,staircase_walking,4,WALK,0,1.9,1,1.38,1.9
0,staircase_walking,4,JUMP,1.9,2.7,1.38,1.38,0.8
0,staircase_walking,4,WALK,2.7,5.2,1.38,1.88,2.5
0,staircase_walking,4,JUMP,5.2,6,1.88,1.88,0.8
0,staircase_walking,4,WALK,6,8.6,1.88,2.385,2.6
0,staircase_walking,4,JUMP,8.6,9.4,2.385,2.385,0.8
0,staircase_walking,4,WALK,9.4,12,2.385,2.895,2.6
0,staircase_walking,4,JUMP,12,12.8,2.895,2.895,0.8
0,staircase_walking,4,WALK,12.8,15.4,2.895,3.405,2.6
0,staircase_walking,4,JUMP,15.4,16.2,3.405,3.405,0.8
0,staircase_walking,4,WALK,16.2,18.8,3.405,3.915,2.6
0,staircase_walking,4,JUMP,18.8,19.6,3.915,3.915,0.8
0,staircase_walking,4,WALK,19.6,20.1,3.915,4.015,0.5
0,staircase_walking,4,RUN,20.1,22.8,4.015,5.2,2.7
0,staircase_walking,5,TROT,0,0,1,1,0
0,staircase_walking,5,JUMP,0,0.8,1,1,0.8
0,staircase_walking,5,WALK,0.8,3.3,1,1.5,2.5
0,staircase_walking,5,JUMP,3.3,4.1,1.5,1.5,0.8
0,staircase_walking,5,WALK,4.1,6.6,1.5,2,2.5
0,staircase_walking,5,JUMP,6.6,7.4,2,2,0.8
0,staircase_walking,5,WALK,7.4,12.9,2,3.075,5.5
0,staircase_walking,5,JUMP,12.9,13.7,3.075,3.075,0.8
0,staircase_walking,5,WALK,13.7,18.4,3.075,3.995,4.7
0,staircase_walking,5,RUN,18.4,21.1,3.995,5.2,2.7
0,staircase_walking,6,TROT,0,0,1,1,0
0,staircase_walking,6,JUMP,0,0.8,1,1,0.8
0,staircase_walking,6,WALK,0.8,9,1,2.625,8.2
0,staircase_walking,6,JUMP,9,9.8,2.625,2.625,0.8
0,staircase_walking,6,WALK,9.8,12.5,2.625,3.145,2.7
0,staircase_walking,6,JUMP,12.5,13.3,3.145,3.145,0.8
0,staircase_walking,6,WALK,13.3,17.6,3.145,3.995,4.3
0,staircase_walking,6,RUN,17.6,20.3,3.995,5.2,2.7
0,staircase_walking,7,TROT,0,0,1,1,0
0,staircase_walking,7,JUMP,0,0.8,1,1,0.8
0,staircase_walking,7,WALK,0.8,16,1,3.995,15.2
0,staircase_walking,7,RUN,16,18.7,3.995,5.2,2.7
0,staircase_walking,8,TROT,0,0,1,1,0
0,staircase_walking,8,WALK,0,15.2,1,3.995,15.2
0,staircase_walking,8,RUN,15.2,17.9,3.995,5.2,2.7
0,staircase_walking,9,TROT,0,0,1,1,0
0,staircase_walking,9,WALK,0,15.2,1,3.995,15.2
0,staircase_walking,9,RUN,15.2,17.9,3.995,5.2,2.7
0,staircase_climbing,0,TROT,0,0,1,1,0
0,staircase_climbing,0,WALK,0,3.7,1,1.74,3.7
0,staircase_climbing,0,RUN,3.7,5.1,1.74,2.412,1.4
0,staircase_climbing,0,WALK,5.1,9,2.412,3.185,3.9
0,staircase_climbing,0,RUN,9,10.4,3.185,3.857,1.4
0,staircase_climbing,0,WALK,10.4,14.3,3.857,4.635,3.9
0,staircase_climbing,0,RUN,14.3,15.7,4.635,5.307,1.4
0,staircase_climbing,0,WALK,15.7,19.6,5.307,6.085,3.9
0,staircase_climbing,0,RUN,19.6,21,6.085,6.757,1.4
0,staircase_climbing,0,WALK,21,24.9,6.757,7.535,3.9
0,staircase_climbing,0,RUN,24.9,26.3,7.535,8.207,1.4
0,staircase_climbing,0,WALK,26.3,30.2,8.207,8.985,3.9
0,staircase_climbing,0,RUN,30.2,34.9,8.985,11.2,4.7
0,staircase_climbing,1,TROT,0,0,1,1,0
0,staircase_climbing,1,WALK,0,3.7,1,1.74,3.7
0,staircase_climbing,1,RUN,3.7,5.1,1.74,2.412,1.4
0,staircase_climbing,1,WALK,5.1,9,2.412,3.185,3.9
0,staircase_climbing,1,RUN,9,10.4,3.185,3.857,1.4
0,staircase_climbing,1,WALK,10.4,14.3,3.857,4.635,3.9
0,staircase_climbing,1,RUN,14.3,15.7,4.635,5.307,1.4
0,staircase_climbing,1,WALK,15.7,19.6,5.307,6.085,3.9
0,staircase_climbing,1,RUN,19.6,21,6.085,6.757,1.4
0,staircase_climbing,1,WALK,21,24.9,6.757,7.535,3.9
0,staircase_climbing,1,RUN,24.9,26.3,7.535,8.207,1.4
0,staircase_climbing,1,WALK,26.3,30.2,8.207,8.985,3.9
0,staircase_climbing,1,RUN,30.2,34.9,8.985,11.2,4.7
0,staircase_climbing,2,TROT,0,0,1,1,0
0,staircase_climbing,2,WALK,0,3.7,1,1.74,3.7
0,staircase_climbing,2,RUN,3.7,5.1,1.74,2.412,1.4
0,staircase_climbing,2,WALK,5.1,9,2.412,3.185,3.9
0,staircase_climbing,2,RUN,9,10.4,3.185,3.857,1.4
0,staircase_climbing,2,WALK,10.4,14.3,3.857,4.635,3.9
0,staircase_climbing,2,RUN,14.3,15.7,4.635,5.307,1.4
0,staircase_climbing,2,WALK,15.7,19.6,5.307,6.085,3.9
0,staircase_climbing,2,RUN,19.6,21,6.085,6.757,1.4
0,staircase_climbing,2,WALK,21,24.9,6.757,7.535,3.9
0,staircase_climbing,2,RUN,24.9,26.3,7.535,8.207,1.4
0,staircase_climbing,2,WALK,26.3,30.2,8.207,8.985,3.9
0,staircase_climbing,2,RUN,30.2,34.9,8.985,11.2,4.7
0,staircase_climbing,3,TROT,0,0,1,1,0
0,staircase_climbing,3,WALK,0,3.7,1,1.74,3.7
0,staircase_climbing,3,RUN,3.7,5.1,1.74,2.412,1.4
0,staircase_climbing,3,WALK,5.1,9,2.412,3.185,3.9
0,staircase_climbing,3,RUN,9,10.4,3.185,3.857,1.4
0,staircase_climbing,3,WALK,10.4,14.3,3.857,4.635,3.9
0,staircase_climbing,3,RUN,14.3,15.7,4.635,5.307,1.4
0,staircase_climbing,3,WALK,15.7,19.6,5.307,6.085,3.9
0,staircase_climbing,3,RUN,19.6,21,6.085,6.757,1.4
0,staircase_climbing,3,WALK,21,24.9,6.757,7.535,3.9
0,staircase_climbing,3,RUN,24.9,26.3,7.535,8.207,1.4
0,staircase_climbing,3,WALK,26.3,30.2,8.207,8.985,3.9
0,staircase_climbing,3,RUN,30.2,34.9,8.985,11.2,4.7
0,staircase_climbing,4,TROT,0,0,1,1,0
0,staircase_climbing,4,WALK,0,3.7,1,1.74,3.7
0,staircase_climbing,4,RUN,3.7,5.1,1.74,2.412,1.4
0,staircase_climbing,4,WALK,5.1,9,2.412,3.185,3.9
0,staircase_climbing,4,RUN,9,10.4,3.185,3.857,1.4
0,staircase_climbing,4,WALK,10.4,14.3,3.857,4.635,3.9
0,staircase_climbing,4,RUN,14.3,15.7,4.635,5.307,1.4
0,staircase_climbing,4,WALK,15.7,19.6,5.307,6.085,3.9
0,staircase_climbing,4,RUN,19.6,21,6.085,6.757,1.4
0,staircase_climbing,4,WALK,21,24.9,6.757,7.535,3.9
0,staircase_climbing,4,RUN,24.9,26.3,7.535,8.207,1.4
0,staircase_climbing,4,WALK,26.3,30.2,8.207,8.985,3.9
0,staircase_climbing,4,RUN,30.2,34.9,8.985,11.2,4.7
0,staircase_climbing,5,TROT,0,0,1,1,0
0,staircase_climbing,5,WALK,0,3.7,1,1.74,3.7
0,staircase_climbing,5,RUN,3.7,5,1.74,2.364,1.3
0,staircase_climbing,5,WALK,5,8.9,2.364,3.14,3.9
0,staircase_climbing,5,RUN,8.9,10.2,3.14,3.764,1.3
0,staircase_climbing,5,WALK,10.2,14.1,3.764,4.54,3.9
0,staircase_climbing,5,RUN,14.1,15.4,4.54,5.164,1.3
0,staircase_climbing,5,WALK,15.4,19.3,5.164,5.94,3.9
0,staircase_climbing,5,RUN,19.3,20.6,5.94,6.564,1.3
0,staircase_climbing,5,WALK,20.6,24.5,6.564,7.34,3.9
0,staircase_climbing,5,RUN,24.5,25.8,7.34,7.964,1.3
0,staircase_climbing,5,WALK,25.8,29.7,7.964,8.74,3.9
0,staircase_climbing,5,RUN,29.7,34.3,8.74,10.9,4.6
0,staircase_climbing,6,TROT,0,0,1,1,0
0,staircase_climbing,6,WALK,0,3.7,1,1.74,3.7
0,staircase_climbing,6,RUN,3.7,5,1.74,2.364,1.3
0,staircase_climbing,6,WALK,5,8.9,2.364,3.14,3.9
0,staircase_climbing,6,RUN,8.9,10.2,3.14,3.764,1.3
0,staircase_climbing,6,WALK,10.2,14.1,3.764,4.54,3.9
0,staircase_climbing,6,RUN,14.1,15.4,4.54,5.164,1.3
0,staircase_climbing,6,WALK,15.4,19.3,5.164,5.94,3.9
0,staircase_climbing,6,RUN,19.3,20.6,5.94,6.564,1.3
0,staircase_climbing,6,WALK,20.6,24.5,6.564,7.34,3.9
0,staircase_climbing,6,RUN,24.5,25.8,7.34,7.964,1.3
0,staircase_climbing,6,WALK,25.8,29.7,7.964,8.74,3.9
0,staircase_climbing,6,RUN,29.7,34.3,8.74,10.9,4.6
0,staircase_climbing,7,TROT,0,0,1,1,0
0,staircase_climbing,7,WALK,0,3.7,1,1.74,3.7
0,staircase_climbing,7,RUN,3.7,5,1.74,2.364,1.3
0,staircase_climbing,7,WALK,5,8.9,2.364,3.14,3.9
0,staircase_climbing,7,RUN,8.9,10.2,3.14,3.764,1.3
0,staircase_climbing,7,WALK,10.2,14.1,3.764,4.54,3.9
0,staircase_climbing,7,RUN,14.1,15.4,4.54,5.164,1.3
0,staircase_climbing,7,WALK,15.4,19.3,5.164,5.94,3.9
0,staircase_climbing,7,RUN,19.3,20.6,5.94,6.564,1.3
0,staircase_climbing,7,WALK,20.6,24.5,6.564,7.34,3.9
0,staircase_climbing,7,RUN,24.5,25.8,7.34,7.964,1.3
0,staircase_climbing,7,WALK,25.8,29.7,7.964,8.74,3.9
0,staircase_climbing,7,RUN,29.7,34.3,8.74,10.9,4.6
0,staircase_climbing,8,TROT,0,0,1,1,0
0,staircase_climbing,8,WALK,0,3.7,1,1.74,3.7
0,staircase_climbing,8,RUN,3.7,5,1.74,2.364,1.3
0,staircase_climbing,8,WALK,5,8.9,2.364,3.14,3.9
0,staircase_climbing,8,RUN,8.9,10.2,3.14,3.764,1.3
0,staircase_climbing,8,WALK,10.2,14.1,3.764,4.54,3.9
0,staircase_climbing,8,RUN,14.1,15.4,4.54,5.164,1.3
0,staircase_climbing,8,WALK,15.4,19.3,5.164,5.94,3.9
0,staircase_climbing,8,RUN,19.3,20.6,5.94,6.564,1.3
0,staircase_climbing,8,WALK,20.6,24.5,6.564,7.34,3.9
0,staircase_climbing,8,RUN,24.5,25.8,7.34,7.964,1.3
0,staircase_climbing,8,WALK,25.8,29.7,7.964,8.74,3.9
0,staircase_climbing,8,RUN,29.7,34.3,8.74,10.9,4.6
0,staircase_climbing,9,TROT,0,0,1,1,0
0,staircase_climbing,9,WALK,0,3.7,1,1.74,3.7
0,staircase_climbing,9,RUN,3.7,5,1.74,2.364,1.3
0,staircase_climbing,9,WALK,5,8.9,2.364,3.14,3.9
0,staircase_climbing,9,RUN,8.9,10.2,3.14,3.764,1.3
0,staircase_climbing,9,WALK,10.2,14.1,3.764,4.54,3.9
0,staircase_climbing,9,RUN,14.1,15.4,4.54,5.164,1.3
0,staircase_climbing,9,WALK,15.4,19.3,5.164,5.94,3.9
0,staircase_climbing,9,RUN,19.3,20.6,5.94,6.564,1.3
0,staircase_climbing,9,WALK,20.6,24.5,6.564,7.34,3.9
0,staircase_climbing,9,RUN,24.5,25.8,7.34,7.964,1.3
0,staircase_climbing,9,WALK,25.8,29.7,7.964,8.74,3.9
0,staircase_climbing,9,RUN,29.7,34.3,8.74,10.9,4.6
0,staircase_spiral,0,TROT,0,0,1,1,0
0,staircase_spiral,0,RUN,0,6.1,1,3.87912,6.1
0,staircase_spiral,0,TROT,6.1,16.4,3.87912,5.52465,10.3
0,staircase_spiral,0,WALK,16.4,20,5.52465,5.08601,3.6
0,staircase_spiral,1,TROT,0,0,1,1,0
0,staircase_spiral,1,RUN,0,6.2,1,3.94683,6.2
0,staircase_spiral,1,TROT,6.2,16.1,3.94683,5.62095,9.9
0,staircase_spiral,1,RUN,16.1,16.2,5.62095,5.60905,0.1
0,staircase_spiral,1,TROT,16.2,16.3,5.60905,5.57476,0.1
0,staircase_spiral,1,WALK,16.3,20,5.57476,5.12155,3.7
0,staircase_spiral,2,TROT,0,0,1,1,0
0,staircase_spiral,2,RUN,0,6.3,1,3.96707,6.3
0,staircase_spiral,2,WALK,6.3,24.5,3.96707,6.84062,18.2
0,staircase_spiral,2,RUN,24.5,24.6,6.84062,6.84291,0.1
0,staircase_spiral,2,WALK,24.6,36,6.84291,5.15709,11.4
0,staircase_spiral,3,TROT,0,0,1,1,0
0,staircase_spiral,3,RUN,0,6.3,1,3.98723,6.3
0,staircase_spiral,3,JUMP,6.3,7.1,3.98723,3.98723,0.8
0,staircase_spiral,3,WALK,7.1,9.7,3.98723,4.50349,2.6
0,staircase_spiral,3,JUMP,9.7,10.5,4.50349,4.50349,0.8
0,staircase_spiral,3,WALK,10.5,13.1,4.50349,5.01975,2.6
0,staircase_spiral,3,JUMP,13.1,13.9,5.01975,5.01975,0.8
0,staircase_spiral,3,WALK,13.9,16.6,5.01975,5.53274,2.7
0,staircase_spiral,3,JUMP,16.6,17.4,5.53274,5.53274,0.8
0,staircase_spiral,3,WALK,17.4,20.2,5.53274,6.03604,2.8
0,staircase_spiral,3,JUMP,20.2,21,6.03604,6.03604,0.8
0,staircase_spiral,3,WALK,21,24,6.03604,6.57662,3
0,staircase_spiral,3,JUMP,24,24.8,6.57662,6.57662,0.8
0,staircase_spiral,3,WALK,24.8,32.3,6.57662,6.37092,7.5
0,staircase_spiral,3,RUN,32.3,32.4,6.37092,6.35931,0.1
0,staircase_spiral,3,WALK,32.4,35.9,6.35931,5.65931,3.5
0,staircase_spiral,3,RUN,35.9,36,5.65931,5.64069,0.1
0,staircase_spiral,3,WALK,36,39.6,5.64069,5.19264,3.6
0,staircase_spiral,4,TROT,0,0,1,1,0
0,staircase_spiral,4,RUN,0,6.5,1,4.05504,6.5
0,staircase_spiral,4,JUMP,6.5,7.3,4.05504,4.05504,0.8
0,staircase_spiral,4,WALK,7.3,9.9,4.05504,4.57206,2.6
0,staircase_spiral,4,JUMP,9.9,10.7,4.57206,4.57206,0.8
0,staircase_spiral,4,WALK,10.7,13.3,4.57206,5.08909,2.6
0,staircase_spiral,4,JUMP,13.3,14.1,5.08909,5.08909,0.8
0,staircase_spiral,4,WALK,14.1,16.8,5.08909,5.59728,2.7
0,staircase_spiral,4,JUMP,16.8,17.6,5.59728,5.59728,0.8
0,staircase_spiral,4,WALK,17.6,20.5,5.59728,6.10812,2.9
0,staircase_spiral,4,JUMP,20.5,21.3,6.10812,6.10812,0.8
0,staircase_spiral,4,WALK,21.3,24.1,6.10812,6.61266,2.8
0,staircase_spiral,4,RUN,24.1,24.2,6.61266,6.61895,0.1
0,staircase_spiral,4,JUMP,24.2,25,6.61895,6.61895,0.8
0,staircase_spiral,4,WALK,25,28.3,6.61895,6.76581,3.3
0,staircase_spiral,4,RUN,28.3,28.4,6.76581,6.77182,0.1
0,staircase_spiral,4,WALK,28.4,31.7,6.77182,6.36031,3.3
0,staircase_spiral,4,RUN,31.7,31.8,6.36031,6.34349,0.1
0,staircase_spiral,4,WALK,31.8,38.8,6.34349,5.22818,7
0,staircase_spiral,5,TROT,0,0,1,1,0
0,staircase_spiral,5,RUN,0,6.5,1,4.0751,6.5
0,staircase_spiral,5,JUMP,6.5,7.3,4.0751,4.0751,0.8
0,staircase_spiral,5,WALK,7.3,9.9,4.0751,4.59281,2.6
0,staircase_spiral,5,JUMP,9.9,10.7,4.59281,4.59281,0.8
0,staircase_spiral,5,WALK,10.7,13.4,4.59281,5.13042,2.7
0,staircase_spiral,5,JUMP,13.4,14.2,5.13042,5.13042,0.8
0,staircase_spiral,5,WALK,14.2,17,5.13042,5.64381,2.8
0,staircase_spiral,5,JUMP,17,17.8,5.64381,5.64381,0.8
0,staircase_spiral,5,WALK,17.8,21,5.64381,6.21623,3.2
0,staircase_spiral,5,JUMP,21,21.8,6.21623,6.21623,0.8
0,staircase_spiral,5,WALK,21.8,27,6.21623,6.72841,5.2
0,staircase_spiral,5,RUN,27,27.1,6.72841,6.73627,0.1
0,staircase_spiral,5,WALK,27.1,37,6.73627,5.26373,9.9
0,staircase_spiral,6,TROT,0,0,1,1,0
0,staircase_spiral,6,RUN,0,6.6,1,4.14293,6.6
0,staircase_spiral,6,WALK,6.6,21,4.14293,6.6287,14.4
0,staircase_spiral,6,JUMP,21,21.8,6.6287,6.6287,0.8
0,staircase_spiral,6,WALK,21.8,23.3,6.6287,6.69545,1.5
0,staircase_spiral,6,RUN,23.3,23.4,6.69545,6.70073,0.1
0,staircase_spiral,6,WALK,23.4,32.9,6.70073,5.30158,9.5
0,staircase_spiral,6,RUN,32.9,33,5.30158,5.29927,0.1
0,staircase_spiral,7,TROT,0,0,1,1,0
0,staircase_spiral,7,RUN,0,6.7,1,4.16288,6.7
0,staircase_spiral,7,WALK,6.7,21.9,4.16288,6.64915,15.2
0,staircase_spiral,7,RUN,21.9,22,6.64915,6.65983,0.1
0,staircase_spiral,7,WALK,22,31.2,6.65983,5.33481,9.2
0,staircase_spiral,8,TROT,0,0,1,1,0
0,staircase_spiral,8,RUN,0,6.6,1,4.13481,6.6
0,staircase_spiral,8,WALK,6.6,30.9,4.13481,5.37036,24.3
0,staircase_spiral,9,TROT,0,0,1,1,0
0,staircase_spiral,9,RUN,0,6.9,1,4.25046,6.9
0,staircase_spiral,9,WALK,6.9,29.4,4.25046,5.41139,22.5
0,staircase_spiral,9,RUN,29.4,29.5,5.41139,5.4059,0.1
0,squeeze,0,TROT,0,0,1,1,0
0,squeeze,0,RUN,0,4.5,1,3.10724,4.5
0,squeeze,0,WALK,4.5,6.2,3.10724,3.42341,1.7
0,squeeze,0,RUN,6.2,17.4,3.42341,8.65,11.2
0,squeeze,1,TROT,0,0,1,1,0
0,squeeze,1,RUN,0,2.3,1,2.07221,2.3
0,squeeze,1,WALK,2.3,3.7,2.07221,2.34811,1.4
0,squeeze,1,RUN,3.7,12.1,2.34811,6.32305,8.4
0,squeeze,1,WALK,12.1,12.9,6.32305,6.47603,0.8
0,squeeze,1,RUN,12.9,18.1,6.47603,8.9,5.2
0,squeeze,2,TROT,0,0,1,1,0
0,squeeze,2,RUN,0,2.6,1,2.21818,2.6
0,squeeze,2,WALK,2.6,3.3,2.21818,2.34496,0.7
0,squeeze,2,RUN,3.3,12.8,2.34496,6.79002,9.5
0,squeeze,2,WALK,12.8,13.6,6.79002,6.94637,0.8
0,squeeze,2,RUN,13.6,18.5,6.94637,9.25,4.9
0,squeeze,3,TROT,0,0,1,1,0
0,squeeze,3,RUN,0,2.8,1,2.31221,2.8
0,squeeze,3,WALK,2.8,3.3,2.31221,2.39422,0.5
0,squeeze,3,RUN,3.3,17.9,2.39422,9.25,14.6
0,squeeze,4,TROT,0,0,1,1,0
0,squeeze,4,RUN,0,10.1,1,5.75096,10.1
0,squeeze,4,WALK,10.1,11.3,5.75096,5.98593,1.2
0,squeeze,4,RUN,11.3,19.1,5.98593,9.65,7.8
0,squeeze,5,TROT,0,0,1,1,0
0,squeeze,5,RUN,0,2.5,1,2.16877,2.5
0,squeeze,5,WALK,2.5,3.7,2.16877,2.40155,1.2
0,squeeze,5,RUN,3.7,5.7,2.40155,3.35151,2
0,squeeze,5,WALK,5.7,14,3.35151,4.98319,8.3
0,squeeze,5,RUN,14,15.4,4.98319,5.65492,1.4
0,squeeze,5,WALK,15.4,17,5.65492,5.96107,1.6
0,squeeze,5,RUN,17,18.9,5.96107,6.86406,1.9
0,squeeze,5,WALK,18.9,26.4,6.86406,8.34399,7.5
0,squeeze,5,RUN,26.4,28.9,8.34399,9.5,2.5
0,squeeze,6,TROT,0,0,1,1,0
0,squeeze,6,RUN,0,2.5,1,2.17196,2.5
0,squeeze,6,WALK,2.5,34.9,2.17196,8.59295,32.4
0,squeeze,6,RUN,34.9,37.4,8.59295,9.75,2.5
0,squeeze,7,TROT,0,0,1,1,0
0,squeeze,7,RUN,0,2.6,1,2.2197,2.6
0,squeeze,7,WALK,2.6,17.1,2.2197,5.08514,14.5
0,squeeze,7,RUN,17.1,18.7,5.08514,5.84462,1.6
0,squeeze,7,WALK,18.7,20.3,5.84462,6.14441,1.6
0,squeeze,7,RUN,20.3,28.3,6.14441,9.9,8
0,squeeze,8,TROT,0,0,1,1,0
0,squeeze,8,WALK,0,41.9,1,9.27708,41.9
0,squeeze,8,RUN,41.9,44.4,9.27708,10.45,2.5
0,squeeze,9,TROT,0,0,1,1,0
0,squeeze,9,RUN,0,2.6,1,2.21991,2.6
0,squeeze,9,WALK,2.6,36.9,2.21991,9.04156,34.3
0,squeeze,9,RUN,36.9,39.4,9.04156,10.2,2.5
0,agility_poles,0,TROT,0,0,1,1,0
0,agility_poles,0,RUN,0,41.1,1,17.2822,41.1
0,agility_poles,0,WALK,41.1,46.5,17.2822,18.3,5.4
0,agility_poles,1,TROT,0,0,1,1,0
0,agility_poles,1,RUN,0,41.8,1,17.25,41.8
0,agility_poles,2,TROT,0,0,1,1,0
0,agility_poles,2,RUN,0,40.4,1,16.55,40.4
0,agility_poles,3,TROT,0,0,1,1,0
0,agility_poles,3,RUN,0,38.8,1,15.5,38.8
0,agility_poles,4,TROT,0,0,1,1,0
0,agility_poles,4,RUN,0,36.9,1,14.8,36.9
0,agility_poles,5,TROT,0,0,1,1,0
0,agility_poles,5,RUN,0,35.3,1,13.75,35.3
0,agility_poles,6,TROT,0,0,1,1,0
0,agility_poles,6,RUN,0,33.9,1,13.05,33.9
0,agility_poles,7,TROT,0,0,1,1,0
0,agility_poles,7,RUN,0,32.3,1,12,32.3
0,agility_poles,8,TROT,0,0,1,1,0
0,agility_poles,8,RUN,0,31.4,1,11.3,31.4
0,agility_poles,9,TROT,0,0,1,1,0
0,agility_poles,9,RUN,0,29.9,1,10.25,29.9
0,balance_beam,0,TROT,0,0,1,1,0
0,balance_beam,0,RUN,0,19.4,1,10,19.4
0,balance_beam,1,TROT,0,0,1,1,0
0,balance_beam,1,RUN,0,20.6,1,10.6,20.6
0,balance_beam,2,TROT,0,0,1,1,0
0,balance_beam,2,RUN,0,21.1,1,10.9,21.1
0,balance_beam,3,TROT,0,0,1,1,0
0,balance_beam,3,RUN,0,22.5,1,11.5,22.5
0,balance_beam,4,TROT,0,0,1,1,0
0,balance_beam,4,RUN,0,23.7,1,12.1,23.7
0,balance_beam,5,TROT,0,0,1,1,0
0,balance_beam,5,RUN,0,24.2,1,12.4,24.2
0,balance_beam,6,TROT,0,0,1,1,0
0,balance_beam,6,RUN,0,25.4,1,13,25.4
0,balance_beam,7,TROT,0,0,1,1,0
0,balance_beam,7,RUN,0,26.6,1,13.6,26.6
0,balance_beam,8,TROT,0,0,1,1,0
0,balance_beam,8,RUN,0,27.3,1,13.9,27.3
0,balance_beam,9,TROT,0,0,1,1,0
0,balance_beam,9,WALK,0,64.2,1,13.74,64.2
0,balance_beam,9,RUN,64.2,65.8,13.74,14.5,1.6
0.21,jump_on_and_off_box,0,TROT,0,0.2,1,1.11,0.2
0.21,jump_on_and_off_box,0,WALK,0.2,3.6,1.11,1.77995,3.4
0.21,jump_on_and_off_box,0,RUN,3.6,4.5,1.77995,2.21188,0.9
0.21,jump_on_and_off_box,0,WALK,4.5,8.6,2.21188,3.02304,4.1
0.21,jump_on_and_off_box,0,RUN,8.6,9.9,3.02304,3.64703,1.3
0.21,jump_on_and_off_box,0,WALK,9.9,14,3.64703,4.46703,4.1
0.21,jump_on_and_off_box,0,RUN,14,14.7,4.46703,4.80303,0.7
0.21,jump_on_and_off_box,0,WALK,14.7,18.9,4.80303,5.62464,4.2
0.21,jump_on_and_off_box,0,RUN,18.9,20.2,5.62464,6.24846,1.3
0.21,jump_on_and_off_box,0,WALK,20.2,24.3,6.24846,7.06823,4.1
0.21,jump_on_and_off_box,0,RUN,24.3,25.4,7.06823,7.59609,1.1
0.21,jump_on_and_off_box,0,WALK,25.4,29.6,7.59609,8.41814,4.2
0.21,jump_on_and_off_box,0,RUN,29.6,30.9,8.41814,9.04183,1.3
0.21,jump_on_and_off_box,0,WALK,30.9,35.1,9.04183,9.88142,4.2
0.21,jump_on_and_off_box,0,RUN,35.1,36.1,9.88142,10.3612,1
0.21,jump_on_and_off_box,0,WALK,36.1,40.2,10.3612,11.1781,4.1
0.21,jump_on_and_off_box,0,RUN,40.2,41.5,11.1781,11.8018,1.3
0.21,jump_on_and_off_box,0,WALK,41.5,45.6,11.8018,12.6213,4.1
0.21,jump_on_and_off_box,0,RUN,45.6,46.7,12.6213,13.149,1.1
0.21,jump_on_and_off_box,0,WALK,46.7,50.9,13.149,13.9744,4.2
0.21,jump_on_and_off_box,0,RUN,50.9,52.2,13.9744,14.5973,1.3
0.21,jump_on_and_off_box,0,WALK,52.2,56.3,14.5973,15.4159,4.1
0.21,jump_on_and_off_box,0,RUN,56.3,56.7,15.4159,15.6076,0.4
0.21,jump_on_and_off_box,0,WALK,56.7,60.9,15.6076,16.4339,4.2
0.21,jump_on_and_off_box,0,RUN,60.9,62.6,16.4339,17.2496,1.7
0.21,jump_on_and_off_box,0,WALK,62.6,69.4,17.2496,18.6,6.8
0.21,jump_on_and_off_box,1,TROT,0,0.2,1,1.11,0.2
0.21,jump_on_and_off_box,1,WALK,0.2,3.6,1.11,1.78,3.4
0.21,jump_on_and_off_box,1,RUN,3.6,4.2,1.78,2.06799,0.6
0.21,jump_on_and_off_box,1,WALK,4.2,8.3,2.06799,2.8738,4.1
0.21,jump_on_and_off_box,1,RUN,8.3,9.6,2.8738,3.49754,1.3
0.21,jump_on_and_off_box,1,WALK,9.6,13.7,3.49754,4.3172,4.1
0.21,jump_on_and_off_box,1,RUN,13.7,14.6,4.3172,4.74902,0.9
0.21,jump_on_and_off_box,1,WALK,14.6,18.8,4.74902,5.56903,4.2
0.21,jump_on_and_off_box,1,RUN,18.8,20.1,5.56903,6.19297,1.3
0.21,jump_on_and_off_box,1,WALK,20.1,24.3,6.19297,7.03288,4.2
0.21,jump_on_and_off_box,1,RUN,24.3,25.1,7.03288,7.41684,0.8
0.21,jump_on_and_off_box,1,WALK,25.1,29.2,7.41684,8.22601,4.1
0.21,jump_on_and_off_box,1,RUN,29.2,30.5,8.22601,8.84992,1.3
0.21,jump_on_and_off_box,1,WALK,30.5,34.6,8.84992,9.6698,4.1
0.21,jump_on_and_off_box,1,RUN,34.6,35.4,9.6698,10.0537,0.8
0.21,jump_on_and_off_box,1,WALK,35.4,39.5,10.0537,10.8651,4.1
0.21,jump_on_and_off_box,1,RUN,39.5,40.8,10.8651,11.4891,1.3
0.21,jump_on_and_off_box,1,WALK,40.8,45,11.4891,12.3291,4.2
0.21,jump_on_and_off_box,1,RUN,45,45.9,12.3291,12.7611,0.9
0.21,jump_on_and_off_box,1,WALK,45.9,50,12.7611,13.5698,4.1
0.21,jump_on_and_off_box,1,RUN,50,51.3,13.5698,14.1924,1.3
0.21,jump_on_and_off_box,1,WALK,51.3,55.5,14.1924,15.0304,4.2
0.21,jump_on_and_off_box,1,RUN,55.5,56,15.0304,15.2698,0.5
0.21,jump_on_and_off_box,1,WALK,56,60,15.2698,16.0653,4
0.21,jump_on_and_off_box,1,RUN,60,62.5,16.0653,17.2645,2.5
0.21,jump_on_and_off_box,1,WALK,62.5,67.5,17.2645,18.25,5
0.21,jump_on_and_off_box,2,TROT,0,0.2,1,1.11,0.2
0.21,jump_on_and_off_box,2,WALK,0.2,3.6,1.11,1.77917,3.4
0.21,jump_on_and_off_box,2,RUN,3.6,4.6,1.77917,2.25776,1
0.21,jump_on_and_off_box,2,WALK,4.6,8.8,2.25776,3.08135,4.2
0.21,jump_on_and_off_box,2,RUN,8.8,10,3.08135,3.65731,1.2
0.21,jump_on_and_off_box,2,WALK,10,14.1,3.65731,4.47725,4.1
0.21,jump_on_and_off_box,2,RUN,14.1,14.9,4.47725,4.86122,0.8
0.21,jump_on_and_off_box,2,WALK,14.9,19,4.86122,5.66597,4.1
0.21,jump_on_and_off_box,2,RUN,19,20.2,5.66597,6.24188,1.2
0.21,jump_on_and_off_box,2,WALK,20.2,24.4,6.24188,7.08176,4.2
0.21,jump_on_and_off_box,2,RUN,24.4,24.8,7.08176,7.27373,0.4
0.21,jump_on_and_off_box,2,WALK,24.8,29.1,7.27373,8.12053,4.3
0.21,jump_on_and_off_box,2,RUN,29.1,30.3,8.12053,8.69653,1.2
0.21,jump_on_and_off_box,2,WALK,30.3,34.4,8.69653,9.51653,4.1
0.21,jump_on_and_off_box,2,RUN,34.4,35,9.51653,9.80453,0.6
0.21,jump_on_and_off_box,2,WALK,35,39.2,9.80453,10.6295,4.2
0.21,jump_on_and_off_box,2,RUN,39.2,40.4,10.6295,11.2053,1.2
0.21,jump_on_and_off_box,2,WALK,40.4,44.5,11.2053,12.025,4.1
0.21,jump_on_and_off_box,2,RUN,44.5,45.3,12.025,12.4089,0.8
0.21,jump_on_and_off_box,2,WALK,45.3,49.4,12.4089,13.2218,4.1
0.21,jump_on_and_off_box,2,RUN,49.4,50.6,13.2218,13.7972,1.2
0.21,jump_on_and_off_box,2,WALK,50.6,54.7,13.7972,14.6163,4.1
0.21,jump_on_and_off_box,2,RUN,54.7,55.5,14.6163,14.9998,0.8
0.21,jump_on_and_off_box,2,WALK,55.5,59.7,14.9998,15.8336,4.2
0.21,jump_on_and_off_box,2,RUN,59.7,62.6,15.8336,17.2249,2.9
0.21,jump_on_and_off_box,2,WALK,62.6,66.3,17.2249,17.95,3.7
0.21,jump_on_and_off_box,3,TROT,0,0.2,1,1.11,0.2
0.21,jump_on_and_off_box,3,WALK,0.2,3.6,1.11,1.77966,3.4
0.21,jump_on_and_off_box,3,RUN,3.6,3.9,1.77966,1.92348,0.3
0.21,jump_on_and_off_box,3,WALK,3.9,7.9,1.92348,2.71545,4
0.21,jump_on_and_off_box,3,RUN,7.9,9.1,2.71545,3.29098,1.2
0.21,jump_on_and_off_box,3,WALK,9.1,13.3,3.29098,4.13029,4.2
0.21,jump_on_and_off_box,3,RUN,13.3,13.9,4.13029,4.41806,0.6
0.21,jump_on_and_off_box,3,WALK,13.9,17.9,4.41806,5.21524,4
0.21,jump_on_and_off_box,3,RUN,17.9,19.1,5.21524,5.79085,1.2
0.21,jump_on_and_off_box,3,WALK,19.1,23.3,5.79085,6.63028,4.2
0.21,jump_on_and_off_box,3,RUN,23.3,24,6.63028,6.96605,0.7
0.21,jump_on_and_off_box,3,WALK,24,28.1,6.96605,7.76993,4.1
0.21,jump_on_and_off_box,3,RUN,28.1,29.3,7.76993,8.34529,1.2
0.21,jump_on_and_off_box,3,WALK,29.3,33.5,8.34529,9.18436,4.2
0.21,jump_on_and_off_box,3,RUN,33.5,34.2,9.18436,9.51998,0.7
0.21,jump_on_and_off_box,3,WALK,34.2,38.3,9.51998,10.3306,4.1
0.21,jump_on_and_off_box,3,RUN,38.3,39.5,10.3306,10.9057,1.2
0.21,jump_on_and_off_box,3,WALK,39.5,43.6,10.9057,11.7244,4.1
0.21,jump_on_and_off_box,3,RUN,43.6,44.3,11.7244,12.0599,0.7
0.21,jump_on_and_off_box,3,WALK,44.3,48.4,12.0599,12.8749,4.1
0.21,jump_on_and_off_box,3,RUN,48.4,49.6,12.8749,13.4503,1.2
0.21,jump_on_and_off_box,3,WALK,49.6,53.7,13.4503,14.2693,4.1
0.21,jump_on_and_off_box,3,RUN,53.7,54.2,14.2693,14.5091,0.5
0.21,jump_on_and_off_box,3,WALK,54.2,58.3,14.5091,15.3259,4.1
0.21,jump_on_and_off_box,3,RUN,58.3,62.3,15.3259,17.2455,4
0.21,jump_on_and_off_box,3,WALK,62.3,63.4,17.2455,17.45,1.1
0.21,jump_on_and_off_box,4,TROT,0,0.2,1,1.11,0.2
0.21,jump_on_and_off_box,4,WALK,0.2,3.6,1.11,1.77987,3.4
0.21,jump_on_and_off_box,4,RUN,3.6,4.4,1.77987,2.1637,0.8
0.21,jump_on_and_off_box,4,WALK,4.4,8.5,2.1637,2.98313,4.1
0.21,jump_on_and_off_box,4,RUN,8.5,9.7,2.98313,3.55913,1.2
0.21,jump_on_and_off_box,4,WALK,9.7,13.8,3.55913,4.37913,4.1
0.21,jump_on_and_off_box,4,RUN,13.8,14.1,4.37913,4.52313,0.3
0.21,jump_on_and_off_box,4,WALK,14.1,17.9,4.52313,5.26685,3.8
0.21,jump_on_and_off_box,4,RUN,17.9,19.1,5.26685,5.84254,1.2
0.21,jump_on_and_off_box,4,WALK,19.1,23.3,5.84254,6.68208,4.2
0.21,jump_on_and_off_box,4,RUN,23.3,23.7,6.68208,6.87397,0.4
0.21,jump_on_and_off_box,4,WALK,23.7,28,6.87397,7.72609,4.3
0.21,jump_on_and_off_box,4,RUN,28,29.2,7.72609,8.30183,1.2
0.21,jump_on_and_off_box,4,WALK,29.2,33.3,8.30183,9.12146,4.1
0.21,jump_on_and_off_box,4,RUN,33.3,33.8,9.12146,9.36135,0.5
0.21,jump_on_and_off_box,4,WALK,33.8,37.9,9.36135,10.1765,4.1
0.21,jump_on_and_off_box,4,RUN,37.9,39.1,10.1765,10.752,1.2
0.21,jump_on_and_off_box,4,WALK,39.1,43.2,10.752,11.5712,4.1
0.21,jump_on_and_off_box,4,RUN,43.2,43.7,11.5712,11.811,0.5
0.21,jump_on_and_off_box,4,WALK,43.7,47.8,11.811,12.6293,4.1
0.21,jump_on_and_off_box,4,RUN,47.8,49,12.6293,13.205,1.2
0.21,jump_on_and_off_box,4,WALK,49,53.1,13.205,14.0247,4.1
0.21,jump_on_and_off_box,4,RUN,53.1,53.9,14.0247,14.4086,0.8
0.21,jump_on_and_off_box,4,WALK,53.9,58,14.4086,15.218,4.1
0.21,jump_on_and_off_box,4,RUN,58,62.2,15.218,17.234,4.2
0.21,jump_on_and_off_box,4,WALK,62.2,62.8,17.234,17.35,0.6
0.21,jump_on_and_off_box,5,TROT,0,0.2,1,1.11,0.2
0.21,jump_on_and_off_box,5,WALK,0.2,3.6,1.11,1.77939,3.4
0.21,jump_on_and_off_box,5,RUN,3.6,4.1,1.77939,2.01888,0.5
0.21,jump_on_and_off_box,5,WALK,4.1,8.1,2.01888,2.81615,4
0.21,jump_on_and_off_box,5,RUN,8.1,9.2,2.81615,3.3439,1.1
0.21,jump_on_and_off_box,5,WALK,9.2,13.4,3.3439,4.18349,4.2
0.21,jump_on_and_off_box,5,RUN,13.4,14.3,4.18349,4.61528,0.9
0.21,jump_on_and_off_box,5,WALK,14.3,18.4,4.61528,5.42038,4.1
0.21,jump_on_and_off_box,5,RUN,18.4,19.5,5.42038,5.94834,1.1
0.21,jump_on_and_off_box,5,WALK,19.5,23.6,5.94834,6.76827,4.1
0.21,jump_on_and_off_box,5,RUN,23.6,23.9,6.76827,6.91226,0.3
0.21,jump_on_and_off_box,5,WALK,23.9,28,6.91226,7.71645,4.1
0.21,jump_on_and_off_box,5,RUN,28,29.1,7.71645,8.24421,1.1
0.21,jump_on_and_off_box,5,WALK,29.1,33.3,8.24421,9.08384,4.2
0.21,jump_on_and_off_box,5,RUN,33.3,33.7,9.08384,9.27575,0.4
0.21,jump_on_and_off_box,5,WALK,33.7,38,9.27575,10.1275,4.3
0.21,jump_on_and_off_box,5,RUN,38,39.1,10.1275,10.6555,1.1
0.21,jump_on_and_off_box,5,WALK,39.1,43.2,10.6555,11.4754,4.1
0.21,jump_on_and_off_box,5,RUN,43.2,44.1,11.4754,11.9074,0.9
0.21,jump_on_and_off_box,5,WALK,44.1,48.2,11.9074,12.7231,4.1
0.21,jump_on_and_off_box,5,RUN,48.2,49.3,12.7231,13.2511,1.1
0.21,jump_on_and_off_box,5,WALK,49.3,53.4,13.2511,14.071,4.1
0.21,jump_on_and_off_box,5,RUN,53.4,53.7,14.071,14.215,0.3
0.21,jump_on_and_off_box,5,WALK,53.7,57.5,14.215,14.9707,3.8
0.21,jump_on_and_off_box,5,RUN,57.5,61.9,14.9707,17.05,4.4
0.21,jump_on_and_off_box,6,TROT,0,0.2,1,1.11,0.2
0.21,jump_on_and_off_box,6,WALK,0.2,3.6,1.11,1.77959,3.4
0.21,jump_on_and_off_box,6,RUN,3.6,3.9,1.77959,1.92337,0.3
0.21,jump_on_and_off_box,6,WALK,3.9,7.9,1.92337,2.72142,4
0.21,jump_on_and_off_box,6,RUN,7.9,9,2.72142,3.2492,1.1
0.21,jump_on_and_off_box,6,WALK,9,13.1,3.2492,4.06886,4.1
0.21,jump_on_and_off_box,6,RUN,13.1,13.5,4.06886,4.26078,0.4
0.21,jump_on_and_off_box,6,WALK,13.5,17.7,4.26078,5.08217,4.2
0.21,jump_on_and_off_box,6,RUN,17.7,18.8,5.08217,5.61012,1.1
0.21,jump_on_and_off_box,6,WALK,18.8,22.9,5.61012,6.43004,4.1
0.21,jump_on_and_off_box,6,RUN,22.9,23.6,6.43004,6.76601,0.7
0.21,jump_on_and_off_box,6,WALK,23.6,27.7,6.76601,7.56978,4.1
0.21,jump_on_and_off_box,6,RUN,27.7,28.8,7.56978,8.09723,1.1
0.21,jump_on_and_off_box,6,WALK,28.8,32.9,8.09723,8.91636,4.1
0.21,jump_on_and_off_box,6,RUN,32.9,33.3,8.91636,9.10816,0.4
0.21,jump_on_and_off_box,6,WALK,33.3,37.5,9.10816,9.93136,4.2
0.21,jump_on_and_off_box,6,RUN,37.5,38.6,9.93136,10.4582,1.1
0.21,jump_on_and_off_box,6,WALK,38.6,42.7,10.4582,11.2764,4.1
0.21,jump_on_and_off_box,6,RUN,42.7,43.5,11.2764,11.6595,0.8
0.21,jump_on_and_off_box,6,WALK,43.5,47.7,11.6595,12.4823,4.2
0.21,jump_on_and_off_box,6,RUN,47.7,48.8,12.4823,13.0101,1.1
0.21,jump_on_and_off_box,6,WALK,48.8,52.9,13.0101,13.8299,4.1
0.21,jump_on_and_off_box,6,RUN,52.9,53.2,13.8299,13.9739,0.3
0.21,jump_on_and_off_box,6,WALK,53.2,57.5,13.9739,14.8312,4.3
0.21,jump_on_and_off_box,6,RUN,57.5,61.9,14.8312,16.9,4.4
0.21,jump_on_and_off_box,7,TROT,0,0.2,1,1.11,0.2
0.21,jump_on_and_off_box,7,WALK,0.2,3.6,1.11,1.77987,3.4
0.21,jump_on_and_off_box,7,RUN,3.6,3.9,1.77987,1.92381,0.3
0.21,jump_on_and_off_box,7,WALK,3.9,7.8,1.92381,2.68499,3.9
0.21,jump_on_and_off_box,7,RUN,7.8,8.8,2.68499,3.16478,1
0.21,jump_on_and_off_box,7,WALK,8.8,12.9,3.16478,3.98441,4.1
0.21,jump_on_and_off_box,7,RUN,12.9,13.2,3.98441,4.12835,0.3
0.21,jump_on_and_off_box,7,WALK,13.2,17.2,4.12835,4.92592,4
0.21,jump_on_and_off_box,7,RUN,17.2,18.2,4.92592,5.40584,1
0.21,jump_on_and_off_box,7,WALK,18.2,26.6,5.40584,7.06673,8.4
0.21,jump_on_and_off_box,7,RUN,26.6,27.6,7.06673,7.54574,1
0.21,jump_on_and_off_box,7,WALK,27.6,31.8,7.54574,8.38401,4.2
0.21,jump_on_and_off_box,7,RUN,31.8,32.5,8.38401,8.71931,0.7
0.21,jump_on_and_off_box,7,WALK,32.5,36.6,8.71931,9.53204,4.1
0.21,jump_on_and_off_box,7,RUN,36.6,37.6,9.53204,10.0116,1
0.21,jump_on_and_off_box,7,WALK,37.6,41.7,10.0116,10.8308,4.1
0.21,jump_on_and_off_box,7,RUN,41.7,42.5,10.8308,11.2145,0.8
0.21,jump_on_and_off_box,7,WALK,42.5,46.6,11.2145,12.0299,4.1
0.21,jump_on_and_off_box,7,RUN,46.6,47.6,12.0299,12.5095,1
0.21,jump_on_and_off_box,7,WALK,47.6,51.7,12.5095,13.3287,4.1
0.21,jump_on_and_off_box,7,RUN,51.7,52.5,13.3287,13.7123,0.8
0.21,jump_on_and_off_box,7,WALK,52.5,56.6,13.7123,14.52,4.1
0.21,jump_on_and_off_box,7,RUN,56.6,60.9,14.52,16.55,4.3
0.21,jump_on_and_off_box,8,TROT,0,0.2,1,1.11,0.2
0.21,jump_on_and_off_box,8,WALK,0.2,3.6,1.11,1.77992,3.4
0.21,jump_on_and_off_box,8,RUN,3.6,4.3,1.77992,2.11582,0.7
0.21,jump_on_and_off_box,8,WALK,4.3,8.4,2.11582,2.92861,4.1
0.21,jump_on_and_off_box,8,RUN,8.4,9.4,2.92861,3.40833,1
0.21,jump_on_and_off_box,8,WALK,9.4,13.5,3.40833,4.22783,4.1
0.21,jump_on_and_off_box,8,RUN,13.5,13.8,4.22783,4.37175,0.3
0.21,jump_on_and_off_box,8,WALK,13.8,18.1,4.37175,5.22298,4.3
0.21,jump_on_and_off_box,8,RUN,18.1,19.1,5.22298,5.70203,1
0.21,jump_on_and_off_box,8,WALK,19.1,23.2,5.70203,6.5204,4.1
0.21,jump_on_and_off_box,8,RUN,23.2,23.7,6.5204,6.75993,0.5
0.21,jump_on_and_off_box,8,WALK,23.7,27.9,6.75993,7.57984,4.2
0.21,jump_on_and_off_box,8,RUN,27.9,28.9,7.57984,8.05973,1
0.21,jump_on_and_off_box,8,WALK,28.9,33,8.05973,8.87954,4.1
0.21,jump_on_and_off_box,8,RUN,33,33.3,8.87954,9.02351,0.3
0.21,jump_on_and_off_box,8,WALK,33.3,37.1,9.02351,9.77877,3.8
0.21,jump_on_and_off_box,8,RUN,37.1,38.1,9.77877,10.2587,1
0.21,jump_on_and_off_box,8,WALK,38.1,42.2,10.2587,11.0786,4.1
0.21,jump_on_and_off_box,8,RUN,42.2,42.9,11.0786,11.4145,0.7
0.21,jump_on_and_off_box,8,WALK,42.9,47,11.4145,12.2266,4.1
0.21,jump_on_and_off_box,8,RUN,47,48,12.2266,12.7063,1
0.21,jump_on_and_off_box,8,WALK,48,52.1,12.7063,13.5258,4.1
0.21,jump_on_and_off_box,8,RUN,52.1,52.5,13.5258,13.7176,0.4
0.21,jump_on_and_off_box,8,WALK,52.5,56.6,13.7176,14.5214,4.1
0.21,jump_on_and_off_box,8,RUN,56.6,60.9,14.5214,16.55,4.3
0.21,jump_on_and_off_box,9,TROT,0,0.2,1,1.11,0.2
0.21,jump_on_and_off_box,9,WALK,0.2,3.6,1.11,1.77979,3.4
0.21,jump_on_and_off_box,9,RUN,3.6,4.1,1.77979,2.01961,0.5
0.21,jump_on_and_off_box,9,WALK,4.1,8.2,2.01961,2.82726,4.1
0.21,jump_on_and_off_box,9,RUN,8.2,9.1,2.82726,3.25915,0.9
0.21,jump_on_and_off_box,9,WALK,9.1,17.2,3.25915,4.8703,8.1
0.21,jump_on_and_off_box,9,RUN,17.2,18.1,4.8703,5.30229,0.9
0.21,jump_on_and_off_box,9,WALK,18.1,22.2,5.30229,6.12228,4.1
0.21,jump_on_and_off_box,9,RUN,22.2,22.6,6.12228,6.31428,0.4
0.21,jump_on_and_off_box,9,WALK,22.6,26.7,6.31428,7.12714,4.1
0.21,jump_on_and_off_box,9,RUN,26.7,27.6,7.12714,7.55834,0.9
0.21,jump_on_and_off_box,9,WALK,27.6,31.7,7.55834,8.37684,4.1
0.21,jump_on_and_off_box,9,RUN,31.7,32.3,8.37684,8.66431,0.6
0.21,jump_on_and_off_box,9,WALK,32.3,36.4,8.66431,9.48123,4.1
0.21,jump_on_and_off_box,9,RUN,36.4,37.3,9.48123,9.91323,0.9
0.21,jump_on_and_off_box,9,WALK,37.3,41.4,9.91323,10.7332,4.1
0.21,jump_on_and_off_box,9,RUN,41.4,42,10.7332,11.0212,0.6
0.21,jump_on_and_off_box,9,WALK,42,46.3,11.0212,11.8688,4.3
0.21,jump_on_and_off_box,9,RUN,46.3,47.2,11.8688,12.2998,0.9
0.21,jump_on_and_off_box,9,WALK,47.2,51.3,12.2998,13.1179,4.1
0.21,jump_on_and_off_box,9,RUN,51.3,51.6,13.1179,13.2616,0.3
0.21,jump_on_and_off_box,9,WALK,51.6,55.7,13.2616,14.0739,4.1
0.21,jump_on_and_off_box,9,RUN,55.7,59.9,14.0739,16.05,4.2
0.21,forward_ramp_lips,0,TROT,0,0.2,1,1.11,0.2
0.21,forward_ramp_lips,0,WALK,0.2,7.6,1.11,2.5784,7.4
0.21,forward_ramp_lips,0,RUN,7.6,7.9,2.5784,2.72239,0.3
0.21,forward_ramp_lips,0,WALK,7.9,18,2.72239,4.72896,10.1
0.21,forward_ramp_lips,0,RUN,18,18.3,4.72896,4.87296,0.3
0.21,forward_ramp_lips,0,WALK,18.3,26.4,4.87296,6.4727,8.1
0.21,forward_ramp_lips,0,RUN,26.4,26.7,6.4727,6.61646,0.3
0.21,forward_ramp_lips,0,WALK,26.7,36.8,6.61646,8.62171,10.1
0.21,forward_ramp_lips,0,RUN,36.8,37.1,8.62171,8.76567,0.3
0.21,forward_ramp_lips,0,WALK,37.1,47,8.76567,10.7263,9.9
0.21,forward_ramp_lips,0,RUN,47,47.3,10.7263,10.8703,0.3
0.21,forward_ramp_lips,0,WALK,47.3,51.1,10.8703,11.6301,3.8
0.21,forward_ramp_lips,0,TROT,51.1,51.4,11.6301,11.795,0.3
0.21,forward_ramp_lips,0,WALK,51.4,55.6,11.795,12.617,4.2
0.21,forward_ramp_lips,0,RUN,55.6,59.1,12.617,14.25,3.5
0.21,forward_ramp_lips,1,TROT,0,0.2,1,1.11,0.2
0.21,forward_ramp_lips,1,WALK,0.2,3.6,1.11,1.77952,3.4
0.21,forward_ramp_lips,1,TROT,3.6,3.9,1.77952,1.94424,0.3
0.21,forward_ramp_lips,1,WALK,3.9,8.1,1.94424,2.78196,4.2
0.21,forward_ramp_lips,1,RUN,8.1,8.4,2.78196,2.92593,0.3
0.21,forward_ramp_lips,1,WALK,8.4,12.1,2.92593,3.6658,3.7
0.21,forward_ramp_lips,1,TROT,12.1,12.8,3.6658,4.05073,0.7
0.21,forward_ramp_lips,1,WALK,12.8,16.9,4.05073,4.86767,4.1
0.21,forward_ramp_lips,1,RUN,16.9,17.2,4.86767,5.0113,0.3
0.21,forward_ramp_lips,1,WALK,17.2,21,5.0113,5.76937,3.8
0.21,forward_ramp_lips,1,TROT,21,21.6,5.76937,6.09853,0.6
0.21,forward_ramp_lips,1,WALK,21.6,25.8,6.09853,6.93465,4.2
0.21,forward_ramp_lips,1,RUN,25.8,26.1,6.93465,7.0784,0.3
0.21,forward_ramp_lips,1,WALK,26.1,29.8,7.0784,7.81707,3.7
0.21,forward_ramp_lips,1,TROT,29.8,30.2,7.81707,8.03668,0.4
0.21,forward_ramp_lips,1,WALK,30.2,34.2,8.03668,8.82888,4
0.21,forward_ramp_lips,1,RUN,34.2,34.5,8.82888,8.97237,0.3
0.21,forward_ramp_lips,1,WALK,34.5,38.3,8.97237,9.72966,3.8
0.21,forward_ramp_lips,1,TROT,38.3,38.7,9.72966,9.94887,0.4
0.21,forward_ramp_lips,1,WALK,38.7,42.9,9.94887,10.7697,4.2
0.21,forward_ramp_lips,1,RUN,42.9,43.2,10.7697,10.913,0.3
0.21,forward_ramp_lips,1,WALK,43.2,47,10.913,11.6692,3.8
0.21,forward_ramp_lips,1,TROT,47,47.3,11.6692,11.8334,0.3
0.21,forward_ramp_lips,1,WALK,47.3,51.1,11.8334,12.5822,3.8
0.21,forward_ramp_lips,1,RUN,51.1,54.5,12.5822,14.2,3.4
0.21,forward_ramp_lips,2,TROT,0,0.2,1,1.11,0.2
0.21,forward_ramp_lips,2,WALK,0.2,3.6,1.11,1.77993,3.4
0.21,forward_ramp_lips,2,TROT,3.6,4.2,1.77993,2.10985,0.6
0.21,forward_ramp_lips,2,WALK,4.2,8.3,2.10985,2.92888,4.1
0.21,forward_ramp_lips,2,RUN,8.3,8.6,2.92888,3.07267,0.3
0.21,forward_ramp_lips,2,WALK,8.6,12.4,3.07267,3.83152,3.8
0.21,forward_ramp_lips,2,TROT,12.4,12.9,3.83152,4.1061,0.5
0.21,forward_ramp_lips,2,WALK,12.9,17,4.1061,4.92058,4.1
0.21,forward_ramp_lips,2,RUN,17,17.3,4.92058,5.06411,0.3
0.21,forward_ramp_lips,2,WALK,17.3,21.1,5.06411,5.8216,3.8
0.21,forward_ramp_lips,2,TROT,21.1,21.7,5.8216,6.15051,0.6
0.21,forward_ramp_lips,2,WALK,21.7,25.9,6.15051,6.96794,4.2
0.21,forward_ramp_lips,2,RUN,25.9,26.2,6.96794,7.11145,0.3
0.21,forward_ramp_lips,2,WALK,26.2,34.6,7.11145,8.77678,8.4
0.21,forward_ramp_lips,2,RUN,34.6,34.9,8.77678,8.92043,0.3
0.21,forward_ramp_lips,2,WALK,34.9,38.7,8.92043,9.67858,3.8
0.21,forward_ramp_lips,2,TROT,38.7,39.4,9.67858,10.0626,0.7
0.21,forward_ramp_lips,2,WALK,39.4,43.6,10.0626,10.885,4.2
0.21,forward_ramp_lips,2,RUN,43.6,43.9,10.885,11.0289,0.3
0.21,forward_ramp_lips,2,WALK,43.9,52,11.0289,12.6331,8.1
0.21,forward_ramp_lips,2,RUN,52,55.4,12.6331,14.25,3.4
0.21,forward_ramp_lips,3,TROT,0,0.2,1,1.11,0.2
0.21,forward_ramp_lips,3,WALK,0.2,3.6,1.11,1.77956,3.4
0.21,forward_ramp_lips,3,TROT,3.6,4.3,1.77956,2.16395,0.7
0.21,forward_ramp_lips,3,WALK,4.3,8.4,2.16395,2.98297,4.1
0.21,forward_ramp_lips,3,RUN,8.4,8.7,2.98297,3.12696,0.3
0.21,forward_ramp_lips,3,WALK,8.7,12.4,3.12696,3.86695,3.7
0.21,forward_ramp_lips,3,TROT,12.4,12.9,3.86695,4.14195,0.5
0.21,forward_ramp_lips,3,WALK,12.9,17.2,4.14195,4.98496,4.3
0.21,forward_ramp_lips,3,RUN,17.2,17.5,4.98496,5.12895,0.3
0.21,forward_ramp_lips,3,WALK,17.5,25.3,5.12895,6.68043,7.8
0.21,forward_ramp_lips,3,RUN,25.3,25.6,6.68043,6.82441,0.3
0.21,forward_ramp_lips,3,WALK,25.6,29.4,6.82441,7.5843,3.8
0.21,forward_ramp_lips,3,TROT,29.4,30.2,7.5843,8.02423,0.8
0.21,forward_ramp_lips,3,WALK,30.2,34.3,8.02423,8.82837,4.1
0.21,forward_ramp_lips,3,RUN,34.3,34.6,8.82837,8.97216,0.3
0.21,forward_ramp_lips,3,WALK,34.6,38.4,8.97216,9.73108,3.8
0.21,forward_ramp_lips,3,TROT,38.4,38.9,9.73108,10.0057,0.5
0.21,forward_ramp_lips,3,WALK,38.9,43,10.0057,10.8247,4.1
0.21,forward_ramp_lips,3,RUN,43,43.3,10.8247,10.9686,0.3
0.21,forward_ramp_lips,3,WALK,43.3,47.1,10.9686,11.728,3.8
0.21,forward_ramp_lips,3,TROT,47.1,47.7,11.728,12.0577,0.6
0.21,forward_ramp_lips,3,WALK,47.7,51.9,12.0577,12.8821,4.2
0.21,forward_ramp_lips,3,RUN,51.9,55.3,12.8821,14.5,3.4
0.21,forward_ramp_lips,4,TROT,0,0.2,1,1.11,0.2
0.21,forward_ramp_lips,4,WALK,0.2,3.6,1.11,1.77918,3.4
0.21,forward_ramp_lips,4,TROT,3.6,4,1.77918,1.99854,0.4
0.21,forward_ramp_lips,4,WALK,4,8.2,1.99854,2.83526,4.2
0.21,forward_ramp_lips,4,RUN,8.2,8.5,2.83526,2.97896,0.3
0.21,forward_ramp_lips,4,WALK,8.5,12.5,2.97896,3.77726,4
0.21,forward_ramp_lips,4,TROT,12.5,13.2,3.77726,4.16144,0.7
0.21,forward_ramp_lips,4,WALK,13.2,17.4,4.16144,4.98231,4.2
0.21,forward_ramp_lips,4,RUN,17.4,17.7,4.98231,5.1263,0.3
0.21,forward_ramp_lips,4,WALK,17.7,26.5,5.1263,6.8739,8.8
0.21,forward_ramp_lips,4,RUN,26.5,26.8,6.8739,7.01752,0.3
0.21,forward_ramp_lips,4,WALK,26.8,35.2,7.01752,8.67398,8.4
0.21,forward_ramp_lips,4,RUN,35.2,35.5,8.67398,8.81793,0.3
0.21,forward_ramp_lips,4,WALK,35.5,39.5,8.81793,9.61763,4
0.21,forward_ramp_lips,4,TROT,39.5,40.1,9.61763,9.94751,0.6
0.21,forward_ramp_lips,4,WALK,40.1,44.2,9.94751,10.7656,4.1
0.21,forward_ramp_lips,4,RUN,44.2,44.5,10.7656,10.9096,0.3
0.21,forward_ramp_lips,4,WALK,44.5,52.6,10.9096,12.5193,8.1
0.21,forward_ramp_lips,4,RUN,52.6,56.2,12.5193,14.2,3.6
0.21,forward_ramp_lips,5,TROT,0,0.2,1,1.11,0.2
0.21,forward_ramp_lips,5,WALK,0.2,3.6,1.11,1.7798,3.4
0.21,forward_ramp_lips,5,TROT,3.6,4.1,1.7798,2.0546,0.5
0.21,forward_ramp_lips,5,WALK,4.1,8.2,2.0546,2.87067,4.1
0.21,forward_ramp_lips,5,RUN,8.2,8.5,2.87067,3.01467,0.3
0.21,forward_ramp_lips,5,WALK,8.5,16.9,3.01467,4.67516,8.4
0.21,forward_ramp_lips,5,RUN,16.9,17.2,4.67516,4.81916,0.3
0.21,forward_ramp_lips,5,WALK,17.2,24.5,4.81916,6.27598,7.3
0.21,forward_ramp_lips,5,RUN,24.5,24.8,6.27598,6.41987,0.3
0.21,forward_ramp_lips,5,WALK,24.8,32.2,6.41987,7.88026,7.4
0.21,forward_ramp_lips,5,RUN,32.2,32.5,7.88026,8.02426,0.3
0.21,forward_ramp_lips,5,WALK,32.5,40,8.02426,9.51582,7.5
0.21,forward_ramp_lips,5,RUN,40,40.3,9.51582,9.65981,0.3
0.21,forward_ramp_lips,5,WALK,40.3,47.9,9.65981,11.1745,7.6
0.21,forward_ramp_lips,5,RUN,47.9,51.4,11.1745,12.85,3.5
0.21,forward_ramp_lips,6,TROT,0,0.2,1,1.11,0.2
0.21,forward_ramp_lips,6,WALK,0.2,3.6,1.11,1.77954,3.4
0.21,forward_ramp_lips,6,TROT,3.6,4.2,1.77954,2.10899,0.6
0.21,forward_ramp_lips,6,WALK,4.2,8.4,2.10899,2.93175,4.2
0.21,forward_ramp_lips,6,RUN,8.4,8.7,2.93175,3.07575,0.3
0.21,forward_ramp_lips,6,WALK,8.7,17.7,3.07575,4.87284,9
0.21,forward_ramp_lips,6,RUN,17.7,18,4.87284,5.01684,0.3
0.21,forward_ramp_lips,6,WALK,18,26.9,5.01684,6.78105,8.9
0.21,forward_ramp_lips,6,RUN,26.9,27.2,6.78105,6.92484,0.3
0.21,forward_ramp_lips,6,WALK,27.2,31.2,6.92484,7.72364,4
0.21,forward_ramp_lips,6,TROT,31.2,31.8,7.72364,8.05314,0.6
0.21,forward_ramp_lips,6,WALK,31.8,35.9,8.05314,8.86911,4.1
0.21,forward_ramp_lips,6,RUN,35.9,36.2,8.86911,9.01301,0.3
0.21,forward_ramp_lips,6,WALK,36.2,46,9.01301,10.9671,9.8
0.21,forward_ramp_lips,6,RUN,46,46.3,10.9671,11.1111,0.3
0.21,forward_ramp_lips,6,WALK,46.3,50.9,11.1111,12.0311,4.6
0.21,forward_ramp_lips,6,TROT,50.9,51.2,12.0311,12.1961,0.3
0.21,forward_ramp_lips,6,WALK,51.2,54.9,12.1961,12.9276,3.7
0.21,forward_ramp_lips,6,RUN,54.9,58.4,12.9276,14.6,3.5
0.21,forward_ramp_lips,7,TROT,0,0.2,1,1.11,0.2
0.21,forward_ramp_lips,7,WALK,0.2,3.6,1.11,1.77943,3.4
0.21,forward_ramp_lips,7,TROT,3.6,4.3,1.77943,2.16365,0.7
0.21,forward_ramp_lips,7,WALK,4.3,8.4,2.16365,2.97895,4.1
0.21,forward_ramp_lips,7,RUN,8.4,8.7,2.97895,3.12281,0.3
0.21,forward_ramp_lips,7,WALK,8.7,12.7,3.12281,3.92198,4
0.21,forward_ramp_lips,7,TROT,12.7,13.4,3.92198,4.30659,0.7
0.21,forward_ramp_lips,7,WALK,13.4,17.5,4.30659,5.11588,4.1
0.21,forward_ramp_lips,7,RUN,17.5,17.8,5.11588,5.25984,0.3
0.21,forward_ramp_lips,7,WALK,17.8,25.2,5.25984,6.72875,7.4
0.21,forward_ramp_lips,7,RUN,25.2,25.5,6.72875,6.87265,0.3
0.21,forward_ramp_lips,7,WALK,25.5,35.3,6.87265,8.83029,9.8
0.21,forward_ramp_lips,7,RUN,35.3,35.6,8.83029,8.97427,0.3
0.21,forward_ramp_lips,7,WALK,35.6,44.9,8.97427,10.8286,9.3
0.21,forward_ramp_lips,7,RUN,44.9,45.2,10.8286,10.9726,0.3
0.21,forward_ramp_lips,7,WALK,45.2,49.2,10.9726,11.7722,4
0.21,forward_ramp_lips,7,TROT,49.2,49.8,11.7722,12.1021,0.6
0.21,forward_ramp_lips,7,WALK,49.8,53.9,12.1021,12.9168,4.1
0.21,forward_ramp_lips,7,RUN,53.9,57.5,12.9168,14.6,3.6
0.21,forward_ramp_lips,8,TROT,0,0.2,1,1.11,0.2
0.21,forward_ramp_lips,8,WALK,0.2,6.9,1.11,2.4219,6.7
0.21,forward_ramp_lips,8,RUN,6.9,7.3,2.4219,2.61341,0.4
0.21,forward_ramp_lips,8,WALK,7.3,16.2,2.61341,4.38189,8.9
0.21,forward_ramp_lips,8,RUN,16.2,16.5,4.38189,4.52589,0.3
0.21,forward_ramp_lips,8,WALK,16.5,25.8,4.52589,6.36603,9.3
0.21,forward_ramp_lips,8,RUN,25.8,26.2,6.36603,6.55801,0.4
0.21,forward_ramp_lips,8,WALK,26.2,35.5,6.55801,8.41568,9.3
0.21,forward_ramp_lips,8,RUN,35.5,35.9,8.41568,8.60763,0.4
0.21,forward_ramp_lips,8,WALK,35.9,44.5,8.60763,10.3205,8.6
0.21,forward_ramp_lips,8,RUN,44.5,44.9,10.3205,10.5122,0.4
0.21,forward_ramp_lips,8,WALK,44.9,52.5,10.5122,12.022,7.6
0.21,forward_ramp_lips,8,RUN,52.5,56.2,12.022,13.75,3.7
0.21,forward_ramp_lips,9,TROT,0,0.2,1,1.11,0.2
0.21,forward_ramp_lips,9,WALK,0.2,9.1,1.11,2.86985,8.9
0.21,forward_ramp_lips,9,RUN,9.1,9.5,2.86985,3.06182,0.4
0.21,forward_ramp_lips,9,WALK,9.5,18.8,3.06182,4.91658,9.3
0.21,forward_ramp_lips,9,RUN,18.8,19.2,4.91658,5.10855,0.4
0.21,forward_ramp_lips,9,WALK,19.2,28.8,5.10855,7.02423,9.6
0.21,forward_ramp_lips,9,RUN,28.8,29.2,7.02423,7.21589,0.4
0.21,forward_ramp_lips,9,WALK,29.2,38.6,7.21589,9.0786,9.4
0.21,forward_ramp_lips,9,RUN,38.6,38.9,9.0786,9.22246,0.3
0.21,forward_ramp_lips,9,WALK,38.9,47.9,9.22246,11.0175,9
0.21,forward_ramp_lips,9,RUN,47.9,48.3,11.0175,11.2095,0.4
0.21,forward_ramp_lips,9,WALK,48.3,56.4,11.2095,12.8193,8.1
0.21,forward_ramp_lips,9,RUN,56.4,60.1,12.8193,14.55,3.7
0.21,sphere_bump_lips,0,TROT,0,0.2,1,1.11,0.2
0.21,sphere_bump_lips,0,RUN,0.2,1.3,1.11,1.59276,1.1
0.21,sphere_bump_lips,0,JUMP,1.3,2.1,1.59276,1.59276,0.8
0.21,sphere_bump_lips,0,WALK,2.1,4.9,1.59276,2.13385,2.8
0.21,sphere_bump_lips,0,JUMP,4.9,5.7,2.13385,2.13385,0.8
0.21,sphere_bump_lips,0,WALK,5.7,11.6,2.13385,3.26096,5.9
0.21,sphere_bump_lips,0,RUN,11.6,11.9,3.26096,3.39517,0.3
0.21,sphere_bump_lips,0,WALK,11.9,12.3,3.39517,3.46973,0.4
0.21,sphere_bump_lips,0,JUMP,12.3,13.1,3.46973,3.46973,0.8
0.21,sphere_bump_lips,0,WALK,13.1,16.1,3.46973,4.02893,3
0.21,sphere_bump_lips,0,JUMP,16.1,16.9,4.02893,4.02893,0.8
0.21,sphere_bump_lips,0,WALK,16.9,22.6,4.02893,5.08706,5.7
0.21,sphere_bump_lips,0,RUN,22.6,25,5.08706,6.18939,2.4
0.21,sphere_bump_lips,0,WALK,25,33.8,6.18939,7.85044,8.8
0.21,sphere_bump_lips,0,RUN,33.8,35.2,7.85044,8.45149,1.4
0.21,sphere_bump_lips,0,WALK,35.2,53,8.45149,11.7516,17.8
0.21,sphere_bump_lips,0,RUN,53,54.8,11.7516,12.431,1.8
0.21,sphere_bump_lips,0,WALK,54.8,63.8,12.431,13.8851,9
0.21,sphere_bump_lips,0,RUN,63.8,65.8,13.8851,14.7975,2
0.21,sphere_bump_lips,0,WALK,65.8,70.2,14.7975,15.6338,4.4
0.21,sphere_bump_lips,0,RUN,70.2,71.8,15.6338,16.35,1.6
0.21,sphere_bump_lips,1,TROT,0,0.2,1,1.11,0.2
0.21,sphere_bump_lips,1,RUN,0.2,1.2,1.11,1.548,1
0.21,sphere_bump_lips,1,WALK,1.2,10.3,1.548,3.34345,9.1
0.21,sphere_bump_lips,1,RUN,10.3,11.2,3.34345,3.74794,0.9
0.21,sphere_bump_lips,1,WALK,11.2,19.6,3.74794,5.29585,8.4
0.21,sphere_bump_lips,1,RUN,19.6,21,5.29585,5.8941,1.4
0.21,sphere_bump_lips,1,WALK,21,30.1,5.8941,7.5016,9.1
0.21,sphere_bump_lips,1,RUN,30.1,31.5,7.5016,8.10544,1.4
0.21,sphere_bump_lips,1,WALK,31.5,39.9,8.10544,9.59497,8.4
0.21,sphere_bump_lips,1,RUN,39.9,41.5,9.59497,10.2756,1.6
0.21,sphere_bump_lips,1,WALK,41.5,58.8,10.2756,13.5293,17.3
0.21,sphere_bump_lips,1,RUN,58.8,61.6,13.5293,14.87,2.8
0.21,sphere_bump_lips,1,WALK,61.6,65.9,14.87,15.7279,4.3
0.21,sphere_bump_lips,1,RUN,65.9,66.7,15.7279,16.1,0.8
0.21,sphere_bump_lips,2,TROT,0,0.2,1,1.11,0.2
0.21,sphere_bump_lips,2,RUN,0.2,1.3,1.11,1.58667,1.1
0.21,sphere_bump_lips,2,WALK,1.3,7.8,1.58667,2.76788,6.5
0.21,sphere_bump_lips,2,RUN,7.8,9.5,2.76788,3.57599,1.7
0.21,sphere_bump_lips,2,WALK,9.5,18.3,3.57599,5.28963,8.8
0.21,sphere_bump_lips,2,RUN,18.3,19.1,5.28963,5.64353,0.8
0.21,sphere_bump_lips,2,WALK,19.1,27.3,5.64353,7.16992,8.2
0.21,sphere_bump_lips,2,RUN,27.3,27.8,7.16992,7.40984,0.5
0.21,sphere_bump_lips,2,WALK,27.8,36.2,7.40984,9.0698,8.4
0.21,sphere_bump_lips,2,RUN,36.2,37.6,9.0698,9.74119,1.4
0.21,sphere_bump_lips,2,WALK,37.6,46.2,9.74119,11.4049,8.6
0.21,sphere_bump_lips,2,RUN,46.2,47.7,11.4049,12.0196,1.5
0.21,sphere_bump_lips,2,WALK,47.7,56.2,12.0196,13.4842,8.5
0.21,sphere_bump_lips,2,RUN,56.2,58,13.4842,14.3272,1.8
0.21,sphere_bump_lips,2,WALK,58,58.8,14.3272,14.4833,0.8
0.21,sphere_bump_lips,2,RUN,58.8,59.1,14.4833,14.6238,0.3
0.21,sphere_bump_lips,2,WALK,59.1,61.9,14.6238,15.1702,2.8
0.21,sphere_bump_lips,2,RUN,61.9,63.1,15.1702,15.7,1.2
0.21,sphere_bump_lips,3,TROT,0,0.2,1,1.11,0.2
0.21,sphere_bump_lips,3,RUN,0.2,1.6,1.11,1.70391,1.4
0.21,sphere_bump_lips,3,WALK,1.6,10.2,1.70391,3.15623,8.6
0.21,sphere_bump_lips,3,RUN,10.2,11.9,3.15623,3.85741,1.7
0.21,sphere_bump_lips,3,WALK,11.9,19.8,3.85741,5.22741,7.9
0.21,sphere_bump_lips,3,RUN,19.8,20.1,5.22741,5.36934,0.3
0.21,sphere_bump_lips,3,WALK,20.1,28.6,5.36934,7.03589,8.5
0.21,sphere_bump_lips,3,RUN,28.6,30.1,7.03589,7.74356,1.5
0.21,sphere_bump_lips,3,WALK,30.1,38.8,7.74356,9.40491,8.7
0.21,sphere_bump_lips,3,RUN,38.8,40.2,9.40491,9.97866,1.4
0.21,sphere_bump_lips,3,WALK,40.2,48.9,9.97866,11.4814,8.7
0.21,sphere_bump_lips,3,RUN,48.9,49.7,11.4814,11.8517,0.8
0.21,sphere_bump_lips,3,WALK,49.7,58.1,11.8517,13.4691,8.4
0.21,sphere_bump_lips,3,RUN,58.1,62.3,13.4691,15.45,4.2
0.21,sphere_bump_lips,4,TROT,0,0.2,1,1.11,0.2
0.21,sphere_bump_lips,4,RUN,0.2,1.3,1.11,1.57636,1.1
0.21,sphere_bump_lips,4,WALK,1.3,8.6,1.57636,2.76788,7.3
0.21,sphere_bump_lips,4,RUN,8.6,10.4,2.76788,3.62353,1.8
0.21,sphere_bump_lips,4,WALK,10.4,27.3,3.62353,6.93342,16.9
0.21,sphere_bump_lips,4,RUN,27.3,28.8,6.93342,7.63368,1.5
0.21,sphere_bump_lips,4,WALK,28.8,36.9,7.63368,9.19171,8.1
0.21,sphere_bump_lips,4,RUN,36.9,37.5,9.19171,9.46777,0.6
0.21,sphere_bump_lips,4,WALK,37.5,45.7,9.46777,11.0287,8.2
0.21,sphere_bump_lips,4,RUN,45.7,46,11.0287,11.1716,0.3
0.21,sphere_bump_lips,4,WALK,46,53.6,11.1716,12.6796,7.6
0.21,sphere_bump_lips,4,RUN,53.6,58,12.6796,14.75,4.4
0.21,sphere_bump_lips,5,TROT,0,0.2,1,1.11,0.2
0.21,sphere_bump_lips,5,RUN,0.2,1.3,1.11,1.57791,1.1
0.21,sphere_bump_lips,5,WALK,1.3,9.7,1.57791,2.94847,8.4
0.21,sphere_bump_lips,5,RUN,9.7,11.6,2.94847,3.77122,1.9
0.21,sphere_bump_lips,5,WALK,11.6,19.7,3.77122,5.20934,8.1
0.21,sphere_bump_lips,5,RUN,19.7,20.1,5.20934,5.3623,0.4
0.21,sphere_bump_lips,5,WALK,20.1,28.3,5.3623,6.6635,8.2
0.21,sphere_bump_lips,5,RUN,28.3,30.5,6.6635,7.52676,2.2
0.21,sphere_bump_lips,5,WALK,30.5,38.7,7.52676,8.88811,8.2
0.21,sphere_bump_lips,5,RUN,38.7,39.3,8.88811,9.15899,0.6
0.21,sphere_bump_lips,5,WALK,39.3,47.4,9.15899,10.677,8.1
0.21,sphere_bump_lips,5,RUN,47.4,48.1,10.677,11.0075,0.7
0.21,sphere_bump_lips,5,WALK,48.1,56.1,11.0075,12.5777,8
0.21,sphere_bump_lips,5,RUN,56.1,60.3,12.5777,14.55,4.2
0.21,sphere_bump_lips,6,TROT,0,0.2,1,1.11,0.2
0.21,sphere_bump_lips,6,RUN,0.2,1.7,1.11,1.77562,1.5
0.21,sphere_bump_lips,6,WALK,1.7,16.7,1.77562,4.62992,15
0.21,sphere_bump_lips,6,RUN,16.7,17,4.62992,4.77386,0.3
0.21,sphere_bump_lips,6,WALK,17,24.6,4.77386,6.28565,7.6
0.21,sphere_bump_lips,6,RUN,24.6,26.3,6.28565,7.07629,1.7
0.21,sphere_bump_lips,6,WALK,26.3,42.3,7.07629,10.0787,16
0.21,sphere_bump_lips,6,RUN,42.3,43.5,10.0787,10.6507,1.2
0.21,sphere_bump_lips,6,WALK,43.5,50.9,10.6507,12.1199,7.4
0.21,sphere_bump_lips,6,RUN,50.9,55,12.1199,14.05,4.1
0.21,sphere_bump_lips,7,TROT,0,0.2,1,1.11,0.2
0.21,sphere_bump_lips,7,RUN,0.2,1.3,1.11,1.59072,1.1
0.21,sphere_bump_lips,7,WALK,1.3,8.4,1.59072,2.92078,7.1
0.21,sphere_bump_lips,7,RUN,8.4,8.7,2.92078,3.04501,0.3
0.21,sphere_bump_lips,7,WALK,8.7,16.6,3.04501,4.42819,7.9
0.21,sphere_bump_lips,7,RUN,16.6,17.7,4.42819,4.95088,1.1
0.21,sphere_bump_lips,7,WALK,17.7,25.7,4.95088,6.52861,8
0.21,sphere_bump_lips,7,RUN,25.7,26.6,6.52861,6.95727,0.9
0.21,sphere_bump_lips,7,WALK,26.6,42.5,6.95727,10.0136,15.9
0.21,sphere_bump_lips,7,RUN,42.5,43.8,10.0136,10.5242,1.3
0.21,sphere_bump_lips,7,WALK,43.8,51.9,10.5242,11.8755,8.1
0.21,sphere_bump_lips,7,RUN,51.9,56.3,11.8755,13.9,4.4
0.21,sphere_bump_lips,8,TROT,0,0.2,1,1.11,0.2
0.21,sphere_bump_lips,8,RUN,0.2,1.3,1.11,1.58099,1.1
0.21,sphere_bump_lips,8,WALK,1.3,8.2,1.58099,2.73945,6.9
0.21,sphere_bump_lips,8,RUN,8.2,8.8,2.73945,2.99047,0.6
0.21,sphere_bump_lips,8,WALK,8.8,16.7,2.99047,4.37993,7.9
0.21,sphere_bump_lips,8,RUN,16.7,17.3,4.37993,4.66783,0.6
0.21,sphere_bump_lips,8,WALK,17.3,25.3,4.66783,6.23656,8
0.21,sphere_bump_lips,8,RUN,25.3,26.9,6.23656,6.95295,1.6
0.21,sphere_bump_lips,8,WALK,26.9,40.9,6.95295,9.53774,14
0.21,sphere_bump_lips,8,RUN,40.9,42.4,9.53774,10.2461,1.5
0.21,sphere_bump_lips,8,WALK,42.4,50,10.2461,11.7335,7.6
0.21,sphere_bump_lips,8,RUN,50,53.9,11.7335,13.5,3.9
0.21,sphere_bump_lips,9,TROT,0,0.2,1,1.11,0.2
0.21,sphere_bump_lips,9,RUN,0.2,1.3,1.11,1.58841,1.1
0.21,sphere_bump_lips,9,WALK,1.3,8.6,1.58841,2.93067,7.3
0.21,sphere_bump_lips,9,RUN,8.6,9.9,2.93067,3.51308,1.3
0.21,sphere_bump_lips,9,WALK,9.9,24.9,3.51308,6.04109,15
0.21,sphere_bump_lips,9,RUN,24.9,26.9,6.04109,6.8876,2
0.21,sphere_bump_lips,9,WALK,26.9,39.3,6.8876,9.11085,12.4
0.21,sphere_bump_lips,9,RUN,39.3,40.8,9.11085,9.77594,1.5
0.21,sphere_bump_lips,9,WALK,40.8,48.6,9.77594,11.2299,7.8
0.21,sphere_bump_lips,9,RUN,48.6,52.7,11.2299,13.15,4.1
0.21,forward_ramp_no_lips,0,TROT,0,0.4,1,1.22,0.4
0.21,forward_ramp_no_lips,0,WALK,0.4,44.2,1.22,9.8694,43.8
0.21,forward_ramp_no_lips,0,RUN,44.2,46.6,9.8694,11,2.4
0.21,forward_ramp_no_lips,1,TROT,0,1.9,1,1.995,1.9
0.21,forward_ramp_no_lips,1,WALK,1.9,41.4,1.995,9.82987,39.5
0.21,forward_ramp_no_lips,1,RUN,41.4,43.8,9.82987,10.95,2.4
0.21,forward_ramp_no_lips,2,TROT,0,2,1,2.04799,2
0.21,forward_ramp_no_lips,2,WALK,2,39.9,2.04799,9.52987,37.9
0.21,forward_ramp_no_lips,2,RUN,39.9,42.4,9.52987,10.7,2.5
0.21,forward_ramp_no_lips,3,TROT,0,0.3,1,1.165,0.3
0.21,forward_ramp_no_lips,3,WALK,0.3,42.8,1.165,9.57999,42.5
0.21,forward_ramp_no_lips,3,RUN,42.8,45.3,9.57999,10.75,2.5
0.21,forward_ramp_no_lips,4,TROT,0,0.2,1,1.11,0.2
0.21,forward_ramp_no_lips,4,WALK,0.2,44.5,1.11,9.86999,44.3
0.21,forward_ramp_no_lips,4,RUN,44.5,47.1,9.86999,11.1,2.6
0.21,forward_ramp_no_lips,5,TROT,0,0.3,1,1.165,0.3
0.21,forward_ramp_no_lips,5,WALK,0.3,44.5,1.165,9.92,44.2
0.21,forward_ramp_no_lips,5,RUN,44.5,47.2,9.92,11.2,2.7
0.21,forward_ramp_no_lips,6,TROT,0,0.2,1,1.11,0.2
0.21,forward_ramp_no_lips,6,WALK,0.2,42,1.11,9.37998,41.8
0.21,forward_ramp_no_lips,6,RUN,42,44.7,9.37998,10.65,2.7
0.21,forward_ramp_no_lips,7,TROT,0,0.2,1,1.11,0.2
0.21,forward_ramp_no_lips,7,WALK,0.2,42.3,1.11,9.42975,42.1
0.21,forward_ramp_no_lips,7,RUN,42.3,45.1,9.42975,10.75,2.8
0.21,forward_ramp_no_lips,8,TROT,0,0.2,1,1.11,0.2
0.21,forward_ramp_no_lips,8,WALK,0.2,44,1.11,9.76991,43.8
0.21,forward_ramp_no_lips,8,RUN,44,46.9,9.76991,11.15,2.9
0.21,forward_ramp_no_lips,9,TROT,0,0.2,1,1.11,0.2
0.21,forward_ramp_no_lips,9,WALK,0.2,44,1.11,9.77997,43.8
0.21,forward_ramp_no_lips,9,RUN,44,46.9,9.77997,11.15,2.9
0.21,flush_a_frame,0,TROT,0,0.2,1,1.11,0.2
0.21,flush_a_frame,0,WALK,0.2,64.1,1.11,13.79,63.9
0.21,flush_a_frame,0,TROT,64.1,64.8,13.79,14.175,0.7
0.21,flush_a_frame,0,RUN,64.8,66.8,14.175,15.1,2
0.21,flush_a_frame,1,TROT,0,0.2,1,1.11,0.2
0.21,flush_a_frame,1,WALK,0.2,59.6,1.11,12.88,59.4
0.21,flush_a_frame,1,RUN,59.6,62.2,12.88,14.1,2.6
0.21,flush_a_frame,2,TROT,0,0.2,1,1.11,0.2
0.21,flush_a_frame,2,WALK,0.2,60.2,1.11,13.0195,60
0.21,flush_a_frame,2,RUN,60.2,62.9,13.0195,14.3,2.7
0.21,flush_a_frame,3,TROT,0,0.2,1,1.11,0.2
0.21,flush_a_frame,3,WALK,0.2,62.2,1.11,13.4194,62
0.21,flush_a_frame,3,RUN,62.2,64.9,13.4194,14.7,2.7
0.21,flush_a_frame,4,TROT,0,0.2,1,1.11,0.2
0.21,flush_a_frame,4,WALK,0.2,64.6,1.11,13.8799,64.4
0.21,flush_a_frame,4,RUN,64.6,67.4,13.8799,15.2,2.8
0.21,flush_a_frame,5,TROT,0,0.2,1,1.11,0.2
0.21,flush_a_frame,5,WALK,0.2,59,1.11,12.7695,58.8
0.21,flush_a_frame,5,RUN,59,61.8,12.7695,14.1,2.8
0.21,flush_a_frame,6,TROT,0,0.2,1,1.11,0.2
0.21,flush_a_frame,6,WALK,0.2,55.9,1.11,12.1297,55.7
0.21,flush_a_frame,6,RUN,55.9,58.8,12.1297,13.5,2.9
0.21,flush_a_frame,7,TROT,0,0.2,1,1.11,0.2
0.21,flush_a_frame,7,WALK,0.2,56,1.11,12.1699,55.8
0.21,flush_a_frame,7,RUN,56,59,12.1699,13.6,3
0.21,flush_a_frame,8,TROT,0,0.2,1,1.11,0.2
0.21,flush_a_frame,8,WALK,0.2,62.5,1.11,13.4795,62.3
0.21,flush_a_frame,8,RUN,62.5,65.5,13.4795,14.9,3
0.21,flush_a_frame,9,TROT,0,0.2,1,1.11,0.2
0.21,flush_a_frame,9,WALK,0.2,58.3,1.11,12.62,58.1
0.21,flush_a_frame,9,RUN,58.3,61.4,12.62,14.1,3.1
0.21,sphere_bump,0,TROT,0,0.2,1,1.11,0.2
0.21,sphere_bump,0,RUN,0.2,0.9,1.11,1.446,0.7
0.21,sphere_bump,0,TROT,0.9,1.2,1.446,1.603,0.3
0.21,sphere_bump,0,WALK,1.2,8.3,1.603,2.92815,7.1
0.21,sphere_bump,0,TROT,8.3,9,2.92815,3.29413,0.7
0.21,sphere_bump,0,RUN,9,9.9,3.29413,3.70479,0.9
0.21,sphere_bump,0,TROT,9.9,10.2,3.70479,3.86164,0.3
0.21,sphere_bump,0,WALK,10.2,18.1,3.86164,5.36947,7.9
0.21,sphere_bump,0,TROT,18.1,18.8,5.36947,5.75353,0.7
0.21,sphere_bump,0,RUN,18.8,19.1,5.75353,5.89718,0.3
0.21,sphere_bump,0,WALK,19.1,36,5.89718,9.23428,16.9
0.21,sphere_bump,0,TROT,36,36.8,9.23428,9.66381,0.8
0.21,sphere_bump,0,RUN,36.8,37.1,9.66381,9.80438,0.3
0.21,sphere_bump,0,WALK,37.1,45.7,9.80438,11.4699,8.6
0.21,sphere_bump,0,TROT,45.7,46.4,11.4699,11.8548,0.7
0.21,sphere_bump,0,RUN,46.4,46.7,11.8548,11.9988,0.3
0.21,sphere_bump,0,WALK,46.7,55.4,11.9988,13.7139,8.7
0.21,sphere_bump,0,TROT,55.4,56.1,13.7139,14.0768,0.7
0.21,sphere_bump,0,RUN,56.1,60.1,14.0768,15.85,4
0.21,sphere_bump,1,TROT,0,0.2,1,1.11,0.2
0.21,sphere_bump,1,RUN,0.2,1.3,1.11,1.58206,1.1
0.21,sphere_bump,1,TROT,1.3,1.6,1.58206,1.7231,0.3
0.21,sphere_bump,1,WALK,1.6,9.6,1.7231,3.11823,8
0.21,sphere_bump,1,TROT,9.6,10.3,3.11823,3.50013,0.7
0.21,sphere_bump,1,RUN,10.3,10.7,3.50013,3.69058,0.4
0.21,sphere_bump,1,TROT,10.7,11,3.69058,3.85426,0.3
0.21,sphere_bump,1,WALK,11,27.7,3.85426,6.94673,16.7
0.21,sphere_bump,1,TROT,27.7,28.4,6.94673,7.32753,0.7
0.21,sphere_bump,1,RUN,28.4,28.7,7.32753,7.46996,0.3
0.21,sphere_bump,1,TROT,28.7,29,7.46996,7.63316,0.3
0.21,sphere_bump,1,WALK,29,37.6,7.63316,9.2707,8.6
0.21,sphere_bump,1,RUN,37.6,39.4,9.2707,10.0016,1.8
0.21,sphere_bump,1,TROT,39.4,39.7,10.0016,10.1412,0.3
0.21,sphere_bump,1,WALK,39.7,47.9,10.1412,11.5283,8.2
0.21,sphere_bump,1,TROT,47.9,48.6,11.5283,11.8662,0.7
0.21,sphere_bump,1,RUN,48.6,49.2,11.8662,12.1191,0.6
0.21,sphere_bump,1,TROT,49.2,49.5,12.1191,12.2639,0.3
0.21,sphere_bump,1,WALK,49.5,58,12.2639,13.7767,8.5
0.21,sphere_bump,1,TROT,58,58.7,13.7767,14.1571,0.7
0.21,sphere_bump,1,RUN,58.7,62.1,14.1571,15.75,3.4
0.21,sphere_bump,2,TROT,0,0.3,1,1.165,0.3
0.21,sphere_bump,2,WALK,0.3,9.3,1.165,2.88556,9
0.21,sphere_bump,2,RUN,9.3,10.5,2.88556,3.45403,1.2
0.21,sphere_bump,2,TROT,10.5,10.8,3.45403,3.61687,0.3
0.21,sphere_bump,2,WALK,10.8,27.7,3.61687,6.92385,16.9
0.21,sphere_bump,2,TROT,27.7,28.3,6.92385,7.22508,0.6
0.21,sphere_bump,2,WALK,28.3,37.1,7.22508,8.84286,8.8
0.21,sphere_bump,2,TROT,37.1,37.8,8.84286,9.21869,0.7
0.21,sphere_bump,2,RUN,37.8,38.1,9.21869,9.35926,0.3
0.21,sphere_bump,2,WALK,38.1,47.2,9.35926,11.1319,9.1
0.21,sphere_bump,2,RUN,47.2,48,11.1319,11.5068,0.8
0.21,sphere_bump,2,TROT,48,48.3,11.5068,11.6678,0.3
0.21,sphere_bump,2,WALK,48.3,56.7,11.6678,13.2961,8.4
0.21,sphere_bump,2,TROT,56.7,57.4,13.2961,13.6606,0.7
0.21,sphere_bump,2,RUN,57.4,58.9,13.6606,14.3422,1.5
0.21,sphere_bump,2,WALK,58.9,63.4,14.3422,15.1942,4.5
0.21,sphere_bump,2,RUN,63.4,63.9,15.1942,15.4,0.5
0.21,sphere_bump,3,TROT,0,0.2,1,1.11,0.2
0.21,sphere_bump,3,RUN,0.2,1.3,1.11,1.58913,1.1
0.21,sphere_bump,3,TROT,1.3,1.6,1.58913,1.74233,0.3
0.21,sphere_bump,3,WALK,1.6,9.9,1.74233,3.22535,8.3
0.21,sphere_bump,3,TROT,9.9,10.6,3.22535,3.51455,0.7
0.21,sphere_bump,3,WALK,10.6,19.6,3.51455,4.8969,9
0.21,sphere_bump,3,TROT,19.6,20.3,4.8969,5.23639,0.7
0.21,sphere_bump,3,RUN,20.3,20.7,5.23639,5.40569,0.4
0.21,sphere_bump,3,TROT,20.7,21,5.40569,5.55118,0.3
0.21,sphere_bump,3,WALK,21,47,5.55118,10.4984,26
0.21,sphere_bump,3,TROT,47,47.7,10.4984,10.84,0.7
0.21,sphere_bump,3,RUN,47.7,48.9,10.84,11.351,1.2
0.21,sphere_bump,3,TROT,48.9,49.2,11.351,11.4974,0.3
0.21,sphere_bump,3,WALK,49.2,57.9,11.4974,13.0476,8.7
0.21,sphere_bump,3,TROT,57.9,58.6,13.0476,13.4056,0.7
0.21,sphere_bump,3,RUN,58.6,61.8,13.4056,14.834,3.2
0.21,sphere_bump,3,WALK,61.8,62.2,14.834,14.9,0.4
0.21,sphere_bump,4,TROT,0,0.2,1,1.11,0.2
0.21,sphere_bump,4,RUN,0.2,1.1,1.11,1.5,0.9
0.21,sphere_bump,4,WALK,1.1,10.1,1.5,3.18883,9
0.21,sphere_bump,4,RUN,10.1,10.4,3.18883,3.32436,0.3
0.21,sphere_bump,4,TROT,10.4,10.7,3.32436,3.47966,0.3
0.21,sphere_bump,4,WALK,10.7,29.3,3.47966,7.01626,18.6
0.21,sphere_bump,4,TROT,29.3,29.6,7.01626,7.15354,0.3
0.21,sphere_bump,4,WALK,29.6,39,7.15354,8.77185,9.4
0.21,sphere_bump,4,RUN,39,39.3,8.77185,8.91276,0.3
0.21,sphere_bump,4,WALK,39.3,57.6,8.91276,12.4357,18.3
0.21,sphere_bump,4,RUN,57.6,62.2,12.4357,14.6,4.6
0.21,sphere_bump,5,TROT,0,0.2,1,1.11,0.2
0.21,sphere_bump,5,RUN,0.2,1.3,1.11,1.59169,1.1
0.21,sphere_bump,5,WALK,1.3,28,1.59169,6.58395,26.7
0.21,sphere_bump,5,JUMP,28,28.8,6.58395,6.58395,0.8
0.21,sphere_bump,5,WALK,28.8,38.7,6.58395,8.39535,9.9
0.21,sphere_bump,5,RUN,38.7,39,8.39535,8.53767,0.3
0.21,sphere_bump,5,WALK,39,47.8,8.53767,10.2435,8.8
0.21,sphere_bump,5,TROT,47.8,48.5,10.2435,10.5965,0.7
0.21,sphere_bump,5,RUN,48.5,48.9,10.5965,10.7726,0.4
0.21,sphere_bump,5,TROT,48.9,49.2,10.7726,10.9239,0.3
0.21,sphere_bump,5,WALK,49.2,49.8,10.9239,11.034,0.6
0.21,sphere_bump,5,JUMP,49.8,50.6,11.034,11.034,0.8
0.21,sphere_bump,5,WALK,50.6,59.1,11.034,12.5881,8.5
0.21,sphere_bump,5,RUN,59.1,62.9,12.5881,14.3,3.8
0.21,sphere_bump,6,TROT,0,0.2,1,1.11,0.2
0.21,sphere_bump,6,WALK,0.2,9.7,1.11,2.97985,9.5
0.21,sphere_bump,6,TROT,9.7,10.4,2.97985,3.35335,0.7
0.21,sphere_bump,6,WALK,10.4,26.6,3.35335,6.45337,16.2
0.21,sphere_bump,6,RUN,26.6,27,6.45337,6.61517,0.4
0.21,sphere_bump,6,TROT,27,27.3,6.61517,6.75421,0.3
0.21,sphere_bump,6,WALK,27.3,27.8,6.75421,6.83848,0.5
0.21,sphere_bump,6,JUMP,27.8,28.6,6.83848,6.83848,0.8
0.21,sphere_bump,6,WALK,28.6,37.2,6.83848,8.30294,8.6
0.21,sphere_bump,6,RUN,37.2,38.4,8.30294,8.81118,1.2
0.21,sphere_bump,6,TROT,38.4,38.7,8.81118,8.95676,0.3
0.21,sphere_bump,6,WALK,38.7,42.1,8.95676,9.55676,3.4
0.21,sphere_bump,6,JUMP,42.1,42.9,9.55676,9.55676,0.8
0.21,sphere_bump,6,WALK,42.9,48.3,9.55676,10.4908,5.4
0.21,sphere_bump,6,JUMP,48.3,49.1,10.4908,10.4908,0.8
0.21,sphere_bump,6,WALK,49.1,52.3,10.4908,11.0381,3.2
0.21,sphere_bump,6,JUMP,52.3,53.1,11.0381,11.0381,0.8
0.21,sphere_bump,6,WALK,53.1,59.6,11.0381,12.1766,6.5
0.21,sphere_bump,6,RUN,59.6,63.8,12.1766,14.1,4.2
0.21,sphere_bump,7,TROT,0,0.2,1,1.11,0.2
0.21,sphere_bump,7,RUN,0.2,1,1.11,1.494,0.8
0.21,sphere_bump,7,TROT,1,1.3,1.494,1.60267,0.3
0.21,sphere_bump,7,WALK,1.3,1.6,1.60267,1.65867,0.3
0.21,sphere_bump,7,JUMP,1.6,2.4,1.65867,1.65867,0.8
0.21,sphere_bump,7,WALK,2.4,10.5,1.65867,3.10696,8.1
0.21,sphere_bump,7,RUN,10.5,11.2,3.10696,3.37838,0.7
0.21,sphere_bump,7,JUMP,11.2,12,3.37838,3.37838,0.8
0.21,sphere_bump,7,WALK,12,15.3,3.37838,3.91152,3.3
0.21,sphere_bump,7,JUMP,15.3,16.1,3.91152,3.91152,0.8
0.21,sphere_bump,7,WALK,16.1,20.9,3.91152,4.6889,4.8
0.21,sphere_bump,7,JUMP,20.9,21.7,4.6889,4.6889,0.8
0.21,sphere_bump,7,WALK,21.7,39.1,4.6889,8.0235,17.4
0.21,sphere_bump,7,JUMP,39.1,39.9,8.0235,8.0235,0.8
0.21,sphere_bump,7,WALK,39.9,43,8.0235,8.57486,3.1
0.21,sphere_bump,7,JUMP,43,43.8,8.57486,8.57486,0.8
0.21,sphere_bump,7,WALK,43.8,50.1,8.57486,9.71935,6.3
0.21,sphere_bump,7,RUN,50.1,51,9.71935,10.1505,0.9
0.21,sphere_bump,7,WALK,51,61.1,10.1505,12.135,10.1
0.21,sphere_bump,7,RUN,61.1,64.5,12.135,13.7,3.4
0.21,sphere_bump,8,TROT,0,0.2,1,1.11,0.2
0.21,sphere_bump,8,RUN,0.2,0.7,1.11,1.35,0.5
0.21,sphere_bump,8,WALK,0.7,9.2,1.35,3.01662,8.5
0.21,sphere_bump,8,JUMP,9.2,10,3.01662,3.01662,0.8
0.21,sphere_bump,8,WALK,10,12.8,3.01662,3.56086,2.8
0.21,sphere_bump,8,JUMP,12.8,13.6,3.56086,3.56086,0.8
0.21,sphere_bump,8,WALK,13.6,18.9,3.56086,4.58898,5.3
0.21,sphere_bump,8,JUMP,18.9,19.7,4.58898,4.58898,0.8
0.21,sphere_bump,8,WALK,19.7,27.5,4.58898,6.09816,7.8
0.21,sphere_bump,8,JUMP,27.5,28.3,6.09816,6.09816,0.8
0.21,sphere_bump,8,WALK,28.3,31.3,6.09816,6.67085,3
0.21,sphere_bump,8,JUMP,31.3,32.1,6.67085,6.67085,0.8
0.21,sphere_bump,8,WALK,32.1,38.3,6.67085,7.8235,6.2
0.21,sphere_bump,8,JUMP,38.3,39.1,7.8235,7.8235,0.8
0.21,sphere_bump,8,WALK,39.1,42.2,7.8235,8.37486,3.1
0.21,sphere_bump,8,JUMP,42.2,43,8.37486,8.37486,0.8
0.21,sphere_bump,8,WALK,43,49.6,8.37486,9.57919,6.6
0.21,sphere_bump,8,RUN,49.6,50.3,9.57919,9.91448,0.7
0.21,sphere_bump,8,TROT,50.3,50.6,9.91448,10.0791,0.3
0.21,sphere_bump,8,WALK,50.6,59.7,10.0791,11.8722,9.1
0.21,sphere_bump,8,RUN,59.7,63.1,11.8722,13.45,3.4
0.21,sphere_bump,9,TROT,0,0.2,1,1.11,0.2
0.21,sphere_bump,9,RUN,0.2,1.3,1.11,1.57578,1.1
0.21,sphere_bump,9,JUMP,1.3,2.1,1.57578,1.57578,0.8
0.21,sphere_bump,9,WALK,2.1,9.4,1.57578,2.78856,7.3
0.21,sphere_bump,9,RUN,9.4,10,2.78856,3.06832,0.6
0.21,sphere_bump,9,TROT,10,10.3,3.06832,3.2286,0.3
0.21,sphere_bump,9,JUMP,10.3,11.1,3.2286,3.2286,0.8
0.21,sphere_bump,9,WALK,11.1,13.9,3.2286,3.77259,2.8
0.21,sphere_bump,9,JUMP,13.9,14.7,3.77259,3.77259,0.8
0.21,sphere_bump,9,WALK,14.7,19.5,3.77259,4.6823,4.8
0.21,sphere_bump,9,JUMP,19.5,20.3,4.6823,4.6823,0.8
0.21,sphere_bump,9,WALK,20.3,23.6,4.6823,5.21517,3.3
0.21,sphere_bump,9,JUMP,23.6,24.4,5.21517,5.21517,0.8
0.21,sphere_bump,9,WALK,24.4,30.6,5.21517,6.26915,6.2
0.21,sphere_bump,9,TROT,30.6,31,6.26915,6.48856,0.4
0.21,sphere_bump,9,WALK,31,46.8,6.48856,9.56475,15.8
0.21,sphere_bump,9,RUN,46.8,47.1,9.56475,9.68402,0.3
0.21,sphere_bump,9,JUMP,47.1,47.9,9.68402,9.68402,0.8
0.21,sphere_bump,9,WALK,47.9,51.3,9.68402,10.2473,3.4
0.21,sphere_bump,9,JUMP,51.3,52.1,10.2473,10.2473,0.8
0.21,sphere_bump,9,WALK,52.1,58.4,10.2473,11.3349,6.3
0.21,sphere_bump,9,RUN,58.4,62.6,11.3349,13.25,4.2
0.21,box_jump_even,0,TROT,0,0.2,1,1.11,0.2
0.21,box_jump_even,0,RUN,0.2,2.2,1.11,2.02779,2
0.21,box_jump_even,0,WALK,2.2,6,2.02779,2.77848,3.8
0.21,box_jump_even,0,RUN,6,7.2,2.77848,3.35333,1.2
0.21,box_jump_even,0,WALK,7.2,11.1,3.35333,4.12084,3.9
0.21,box_jump_even,0,RUN,11.1,12.5,4.12084,4.78886,1.4
0.21,box_jump_even,0,WALK,12.5,16.2,4.78886,5.52359,3.7
0.21,box_jump_even,0,RUN,16.2,17.8,5.52359,6.28873,1.6
0.21,box_jump_even,0,WALK,17.8,21.6,6.28873,7.03081,3.8
0.21,box_jump_even,0,RUN,21.6,23.1,7.03081,7.75079,1.5
0.21,box_jump_even,0,WALK,23.1,26.8,7.75079,8.48094,3.7
0.21,box_jump_even,0,RUN,26.8,28.4,8.48094,9.24646,1.6
0.21,box_jump_even,0,WALK,28.4,31.9,9.24646,9.93127,3.5
0.21,box_jump_even,0,RUN,31.9,34.1,9.93127,10.95,2.2
0.21,box_jump_even,1,TROT,0,0.2,1,1.11,0.2
0.21,box_jump_even,1,RUN,0.2,2.7,1.11,2.26576,2.5
0.21,box_jump_even,1,WALK,2.7,6.5,2.26576,3.0218,3.8
0.21,box_jump_even,1,RUN,6.5,7.9,3.0218,3.6938,1.4
0.21,box_jump_even,1,WALK,7.9,11.9,3.6938,4.48192,4
0.21,box_jump_even,1,RUN,11.9,13.2,4.48192,5.10446,1.3
0.21,box_jump_even,1,WALK,13.2,17.4,5.10446,5.9268,4.2
0.21,box_jump_even,1,RUN,17.4,18.5,5.9268,6.45478,1.1
0.21,box_jump_even,1,WALK,18.5,22.4,6.45478,7.21976,3.9
0.21,box_jump_even,1,RUN,22.4,24.2,7.21976,8.08375,1.8
0.21,box_jump_even,1,WALK,24.2,28,8.08375,8.83329,3.8
0.21,box_jump_even,1,RUN,28,29.4,8.83329,9.50524,1.4
0.21,box_jump_even,1,WALK,29.4,33.1,9.50524,10.2349,3.7
0.21,box_jump_even,1,RUN,33.1,35.3,10.2349,11.25,2.2
0.21,box_jump_even,2,TROT,0,0.2,1,1.11,0.2
0.21,box_jump_even,2,RUN,0.2,2.3,1.11,2.07592,2.1
0.21,box_jump_even,2,WALK,2.3,6.3,2.07592,2.86829,4
0.21,box_jump_even,2,RUN,6.3,7.9,2.86829,3.63579,1.6
0.21,box_jump_even,2,WALK,7.9,11.7,3.63579,4.38301,3.8
0.21,box_jump_even,2,RUN,11.7,13.1,4.38301,5.05453,1.4
0.21,box_jump_even,2,WALK,13.1,17.3,5.05453,5.87774,4.2
0.21,box_jump_even,2,RUN,17.3,19.1,5.87774,6.73849,1.8
0.21,box_jump_even,2,WALK,19.1,22.9,6.73849,7.48309,3.8
0.21,box_jump_even,2,RUN,22.9,24.4,7.48309,8.20307,1.5
0.21,box_jump_even,2,WALK,24.4,28.3,8.20307,8.97505,3.9
0.21,box_jump_even,2,RUN,28.3,29.8,8.97505,9.69498,1.5
0.21,box_jump_even,2,WALK,29.8,33.5,9.69498,10.4198,3.7
0.21,box_jump_even,2,RUN,33.5,35.7,10.4198,11.45,2.2
0.21,box_jump_even,3,TROT,0,0.2,1,1.11,0.2
0.21,box_jump_even,3,RUN,0.2,2.7,1.11,2.26495,2.5
0.21,box_jump_even,3,WALK,2.7,6.5,2.26495,3.02067,3.8
0.21,box_jump_even,3,RUN,6.5,7.5,3.02067,3.49837,1
0.21,box_jump_even,3,WALK,7.5,11.7,3.49837,4.319,4.2
0.21,box_jump_even,3,RUN,11.7,12.8,4.319,4.847,1.1
0.21,box_jump_even,3,WALK,12.8,16.7,4.847,5.6203,3.9
0.21,box_jump_even,3,RUN,16.7,17.9,5.6203,6.19517,1.2
0.21,box_jump_even,3,WALK,17.9,21.8,6.19517,6.96849,3.9
0.21,box_jump_even,3,RUN,21.8,22.8,6.96849,7.44621,1
0.21,box_jump_even,3,WALK,22.8,27,7.44621,8.27356,4.2
0.21,box_jump_even,3,RUN,27,28.3,8.27356,8.89463,1.3
0.21,box_jump_even,3,WALK,28.3,32.5,8.89463,9.72643,4.2
0.21,box_jump_even,3,RUN,32.5,34.7,9.72643,10.75,2.2
0.21,box_jump_even,4,TROT,0,0.2,1,1.11,0.2
0.21,box_jump_even,4,RUN,0.2,2.1,1.11,1.97977,1.9
0.21,box_jump_even,4,WALK,2.1,6.9,1.97977,2.93607,4.8
0.21,box_jump_even,4,RUN,6.9,8.5,2.93607,3.70229,1.6
0.21,box_jump_even,4,WALK,8.5,12.6,3.70229,4.52103,4.1
0.21,box_jump_even,4,RUN,12.6,13.7,4.52103,5.04903,1.1
0.21,box_jump_even,4,WALK,13.7,18.1,5.04903,5.92332,4.4
0.21,box_jump_even,4,RUN,18.1,19.1,5.92332,6.40113,1
0.21,box_jump_even,4,WALK,19.1,23.2,6.40113,7.21871,4.1
0.21,box_jump_even,4,RUN,23.2,24.2,7.21871,7.69871,1
0.21,box_jump_even,4,WALK,24.2,28.6,7.69871,8.57268,4.4
0.21,box_jump_even,4,RUN,28.6,30,8.57268,9.24376,1.4
0.21,box_jump_even,4,WALK,30,34.4,9.24376,10.1229,4.4
0.21,box_jump_even,4,RUN,34.4,36.6,10.1229,11.15,2.2
0.21,box_jump_even,5,TROT,0,0.2,1,1.11,0.2
0.21,box_jump_even,5,RUN,0.2,2.1,1.11,1.97753,1.9
0.21,box_jump_even,5,WALK,2.1,6.6,1.97753,2.87029,4.5
0.21,box_jump_even,5,RUN,6.6,7.5,2.87029,3.29959,0.9
0.21,box_jump_even,5,WALK,7.5,12.2,3.29959,4.22623,4.7
0.21,box_jump_even,5,RUN,12.2,13.6,4.22623,4.89424,1.4
0.21,box_jump_even,5,WALK,13.6,18.1,4.89424,5.7823,4.5
0.21,box_jump_even,5,RUN,18.1,19.3,5.7823,6.35805,1.2
0.21,box_jump_even,5,WALK,19.3,23.7,6.35805,7.22714,4.4
0.21,box_jump_even,5,RUN,23.7,25.2,7.22714,7.9447,1.5
0.21,box_jump_even,5,WALK,25.2,30,7.9447,8.88526,4.8
0.21,box_jump_even,5,RUN,30,31.1,8.88526,9.41296,1.1
0.21,box_jump_even,5,WALK,31.1,35.8,9.41296,10.3341,4.7
0.21,box_jump_even,5,RUN,35.8,38,10.3341,11.35,2.2
0.21,box_jump_even,6,TROT,0,0.2,1,1.11,0.2
0.21,box_jump_even,6,RUN,0.2,2.5,1.11,2.17175,2.3
0.21,box_jump_even,6,WALK,2.5,7.3,2.17175,3.11523,4.8
0.21,box_jump_even,6,RUN,7.3,8.5,3.11523,3.69108,1.2
0.21,box_jump_even,6,WALK,8.5,12.9,3.69108,4.5707,4.4
0.21,box_jump_even,6,RUN,12.9,14,4.5707,5.0987,1.1
0.21,box_jump_even,6,WALK,14,19,5.0987,6.08052,5
0.21,box_jump_even,6,RUN,19,20.3,6.08052,6.70375,1.3
0.21,box_jump_even,6,WALK,20.3,25,6.70375,7.62524,4.7
0.21,box_jump_even,6,RUN,25,26.4,7.62524,8.29722,1.4
0.21,box_jump_even,6,WALK,26.4,30.8,8.29722,9.17093,4.4
0.21,box_jump_even,6,RUN,30.8,31.8,9.17093,9.64909,1
0.21,box_jump_even,6,WALK,31.8,36.2,9.64909,10.5196,4.4
0.21,box_jump_even,6,RUN,36.2,38.4,10.5196,11.55,2.2
0.21,box_jump_even,7,TROT,0,0.2,1,1.11,0.2
0.21,box_jump_even,7,RUN,0.2,2.1,1.11,1.97755,1.9
0.21,box_jump_even,7,WALK,2.1,7.2,1.97755,2.97881,5.1
0.21,box_jump_even,7,RUN,7.2,8.6,2.97881,3.64867,1.4
0.21,box_jump_even,7,WALK,8.6,13.5,3.64867,4.62521,4.9
0.21,box_jump_even,7,RUN,13.5,14.7,4.62521,5.20099,1.2
0.21,box_jump_even,7,WALK,14.7,19.4,5.20099,6.12128,4.7
0.21,box_jump_even,7,RUN,19.4,20.8,6.12128,6.79318,1.4
0.21,box_jump_even,7,WALK,20.8,25.8,6.79318,7.77484,5
0.21,box_jump_even,7,RUN,25.8,27.2,7.77484,8.44511,1.4
0.21,box_jump_even,7,WALK,27.2,31.9,8.44511,9.3726,4.7
0.21,box_jump_even,7,RUN,31.9,33.3,9.3726,10.0422,1.4
0.21,box_jump_even,7,WALK,33.3,38.3,10.0422,11.027,5
0.21,box_jump_even,7,RUN,38.3,40.5,11.027,12.05,2.2
0.21,box_jump_even,8,TROT,0,0.2,1,1.11,0.2
0.21,box_jump_even,8,RUN,0.2,1.9,1.11,1.88335,1.7
0.21,box_jump_even,8,WALK,1.9,7.2,1.88335,2.934,5.3
0.21,box_jump_even,8,RUN,7.2,8.1,2.934,3.36484,0.9
0.21,box_jump_even,8,WALK,8.1,12.9,3.36484,4.31834,4.8
0.21,box_jump_even,8,RUN,12.9,14.2,4.31834,4.9414,1.3
0.21,box_jump_even,8,WALK,14.2,19.4,4.9414,5.97359,5.2
0.21,box_jump_even,8,RUN,19.4,20.2,5.97359,6.35642,0.8
0.21,box_jump_even,8,WALK,20.2,25.1,6.35642,7.32253,4.9
0.21,box_jump_even,8,RUN,25.1,26,7.32253,7.75332,0.9
0.21,box_jump_even,8,WALK,26,30.9,7.75332,8.72377,4.9
0.21,box_jump_even,8,RUN,30.9,32.1,8.72377,9.2994,1.2
0.21,box_jump_even,8,WALK,32.1,36.7,9.2994,10.2164,4.6
0.21,box_jump_even,8,RUN,36.7,38.9,10.2164,11.25,2.2
0.21,box_jump_even,9,TROT,0,0.2,1,1.11,0.2
0.21,box_jump_even,9,RUN,0.2,2.3,1.11,2.07599,2.1
0.21,box_jump_even,9,WALK,2.3,7.4,2.07599,3.08224,5.1
0.21,box_jump_even,9,RUN,7.4,8.8,3.08224,3.75364,1.4
0.21,box_jump_even,9,WALK,8.8,14.2,3.75364,4.82763,5.4
0.21,box_jump_even,9,RUN,14.2,15.3,4.82763,5.35561,1.1
0.21,box_jump_even,9,WALK,15.3,20.4,5.35561,6.36902,5.1
0.21,box_jump_even,9,RUN,20.4,21.3,6.36902,6.80094,0.9
0.21,box_jump_even,9,WALK,21.3,26.4,6.80094,7.81973,5.1
0.21,box_jump_even,9,RUN,26.4,27.7,7.81973,8.44363,1.3
0.21,box_jump_even,9,WALK,27.7,32.9,8.44363,9.47735,5.2
0.21,box_jump_even,9,RUN,32.9,34.3,9.47735,10.1489,1.4
0.21,box_jump_even,9,WALK,34.3,39.8,10.1489,11.2312,5.5
0.21,box_jump_even,9,RUN,39.8,42,11.2312,12.25,2.2
0.21,box_jump_uneven,0,TROT,0,0.2,1,1.11,0.2
0.21,box_jump_uneven,0,RUN,0.2,3.3,1.11,2.55358,3.1
0.21,box_jump_uneven,0,WALK,3.3,6.7,2.55358,3.22402,3.4
0.21,box_jump_uneven,0,RUN,6.7,8.1,3.22402,3.89501,1.4
0.21,box_jump_uneven,0,WALK,8.1,11.5,3.89501,4.56975,3.4
0.21,box_jump_uneven,0,RUN,11.5,13.8,4.56975,5.67369,2.3
0.21,box_jump_uneven,0,WALK,13.8,17.6,5.67369,6.41893,3.8
0.21,box_jump_uneven,0,RUN,17.6,19.7,6.41893,7.42674,2.1
0.21,box_jump_uneven,0,WALK,19.7,23.5,7.42674,8.17974,3.8
0.21,box_jump_uneven,0,RUN,23.5,25.7,8.17974,9.23565,2.2
0.21,box_jump_uneven,0,WALK,25.7,29.4,9.23565,9.97285,3.7
0.21,box_jump_uneven,0,RUN,29.4,31.7,9.97285,11.0768,2.3
0.21,box_jump_uneven,0,WALK,31.7,35.3,11.0768,11.7783,3.6
0.21,box_jump_uneven,0,RUN,35.3,37.5,11.7783,12.8,2.2
0.21,box_jump_uneven,1,TROT,0,1.7,1,1.88393,1.7
0.21,box_jump_uneven,1,RUN,1.7,2.8,1.88393,2.41047,1.1
0.21,box_jump_uneven,1,WALK,2.8,6.5,2.41047,3.1356,3.7
0.21,box_jump_uneven,1,RUN,6.5,7.9,3.1356,3.8066,1.4
0.21,box_jump_uneven,1,WALK,7.9,11.5,3.8066,4.51989,3.6
0.21,box_jump_uneven,1,RUN,11.5,12.8,4.51989,5.14303,1.3
0.21,box_jump_uneven,1,WALK,12.8,16.5,5.14303,5.87819,3.7
0.21,box_jump_uneven,1,RUN,16.5,18,5.87819,6.59716,1.5
0.21,box_jump_uneven,1,WALK,18,21.7,6.59716,7.3197,3.7
0.21,box_jump_uneven,1,RUN,21.7,23.8,7.3197,8.32669,2.1
0.21,box_jump_uneven,1,WALK,23.8,27.6,8.32669,9.08305,3.8
0.21,box_jump_uneven,1,RUN,27.6,29.9,9.08305,10.1831,2.3
0.21,box_jump_uneven,1,WALK,29.9,33.6,10.1831,10.9162,3.7
0.21,box_jump_uneven,1,RUN,33.6,35.8,10.9162,11.95,2.2
0.21,box_jump_uneven,2,TROT,0,1.7,1,1.88486,1.7
0.21,box_jump_uneven,2,RUN,1.7,3,1.88486,2.50862,1.3
0.21,box_jump_uneven,2,WALK,3,7.2,2.50862,3.32917,4.2
0.21,box_jump_uneven,2,RUN,7.2,9.3,3.32917,4.33717,2.1
0.21,box_jump_uneven,2,WALK,9.3,13.5,4.33717,5.17004,4.2
0.21,box_jump_uneven,2,RUN,13.5,16,5.17004,6.36901,2.5
0.21,box_jump_uneven,2,WALK,16,19.8,6.36901,7.12327,3.8
0.21,box_jump_uneven,2,RUN,19.8,22.1,7.12327,8.2271,2.3
0.21,box_jump_uneven,2,WALK,22.1,25.9,8.2271,8.97376,3.8
0.21,box_jump_uneven,2,RUN,25.9,27.4,8.97376,9.69314,1.5
0.21,box_jump_uneven,2,WALK,27.4,30.8,9.69314,10.3665,3.4
0.21,box_jump_uneven,2,RUN,30.8,32.2,10.3665,11.0385,1.4
0.21,box_jump_uneven,2,WALK,32.2,36.2,11.0385,11.8232,4
0.21,box_jump_uneven,2,RUN,36.2,38.4,11.8232,12.85,2.2
0.21,box_jump_uneven,3,TROT,0,0.2,1,1.11,0.2
0.21,box_jump_uneven,3,WALK,0.2,3.6,1.11,1.77881,3.4
0.21,box_jump_uneven,3,RUN,3.6,4.3,1.77881,2.11337,0.7
0.21,box_jump_uneven,3,WALK,4.3,7.9,2.11337,2.82493,3.6
0.21,box_jump_uneven,3,RUN,7.9,10.1,2.82493,3.87887,2.2
0.21,box_jump_uneven,3,WALK,10.1,14.7,3.87887,4.77882,4.6
0.21,box_jump_uneven,3,RUN,14.7,16.2,4.77882,5.49809,1.5
0.21,box_jump_uneven,3,WALK,16.2,17.6,5.49809,5.7778,1.4
0.21,box_jump_uneven,3,JUMP,17.6,18.4,5.7778,5.7778,0.8
0.21,box_jump_uneven,3,WALK,18.4,21.2,5.7778,6.33155,2.8
0.21,box_jump_uneven,3,RUN,21.2,23.3,6.33155,7.33953,2.1
0.21,box_jump_uneven,3,WALK,23.3,27.2,7.33953,8.11802,3.9
0.21,box_jump_uneven,3,RUN,27.2,29.4,8.11802,9.17372,2.2
0.21,box_jump_uneven,3,WALK,29.4,30.9,9.17372,9.47206,1.5
0.21,box_jump_uneven,3,JUMP,30.9,31.7,9.47206,9.47206,0.8
0.21,box_jump_uneven,3,WALK,31.7,34.5,9.47206,10.0317,2.8
0.21,box_jump_uneven,3,RUN,34.5,36.8,10.0317,11.135,2.3
0.21,box_jump_uneven,3,WALK,36.8,40.8,11.135,11.9331,4
0.21,box_jump_uneven,3,RUN,40.8,43,11.9331,12.95,2.2
0.21,box_jump_uneven,4,TROT,0,0.2,1,1.11,0.2
0.21,box_jump_uneven,4,WALK,0.2,3.6,1.11,1.77987,3.4
0.21,box_jump_uneven,4,RUN,3.6,4,1.77987,1.97178,0.4
0.21,box_jump_uneven,4,WALK,4,5.8,1.97178,2.33162,1.8
0.21,box_jump_uneven,4,JUMP,5.8,6.6,2.33162,2.33162,0.8
0.21,box_jump_uneven,4,WALK,6.6,9.4,2.33162,2.87607,2.8
0.21,box_jump_uneven,4,RUN,9.4,10.5,2.87607,3.402,1.1
0.21,box_jump_uneven,4,WALK,10.5,14.9,3.402,4.27788,4.4
0.21,box_jump_uneven,4,RUN,14.9,16.9,4.27788,5.23638,2
0.21,box_jump_uneven,4,WALK,16.9,18.4,5.23638,5.51764,1.5
0.21,box_jump_uneven,4,JUMP,18.4,19.2,5.51764,5.51764,0.8
0.21,box_jump_uneven,4,WALK,19.2,22,5.51764,6.07762,2.8
0.21,box_jump_uneven,4,RUN,22,23.1,6.07762,6.60561,1.1
0.21,box_jump_uneven,4,WALK,23.1,27.5,6.60561,7.48167,4.4
0.21,box_jump_uneven,4,RUN,27.5,29.1,7.48167,8.2496,1.6
0.21,box_jump_uneven,4,WALK,29.1,30.8,8.2496,8.57341,1.7
0.21,box_jump_uneven,4,JUMP,30.8,31.6,8.57341,8.57341,0.8
0.21,box_jump_uneven,4,WALK,31.6,34.4,8.57341,9.13324,2.8
0.21,box_jump_uneven,4,RUN,34.4,36.6,9.13324,10.1889,2.2
0.21,box_jump_uneven,4,WALK,36.6,40.8,10.1889,11.0217,4.2
0.21,box_jump_uneven,4,RUN,40.8,43,11.0217,12.05,2.2
0.21,box_jump_uneven,5,TROT,0,0.2,1,1.11,0.2
0.21,box_jump_uneven,5,JUMP,0.2,1,1.11,1.11,0.8
0.21,box_jump_uneven,5,WALK,1,3.8,1.11,1.6594,2.8
0.21,box_jump_uneven,5,JUMP,3.8,4.6,1.6594,1.6594,0.8
0.21,box_jump_uneven,5,WALK,4.6,5.3,1.6594,1.79888,0.7
0.21,box_jump_uneven,5,RUN,5.3,5.9,1.79888,2.08581,0.6
0.21,box_jump_uneven,5,WALK,5.9,10.2,2.08581,2.92651,4.3
0.21,box_jump_uneven,5,RUN,10.2,11.4,2.92651,3.5001,1.2
0.21,box_jump_uneven,5,WALK,11.4,15.8,3.5001,4.37053,4.4
0.21,box_jump_uneven,5,RUN,15.8,17,4.37053,4.9464,1.2
0.21,box_jump_uneven,5,WALK,17,18.9,4.9464,5.3225,1.9
0.21,box_jump_uneven,5,JUMP,18.9,19.7,5.3225,5.3225,0.8
0.21,box_jump_uneven,5,WALK,19.7,22.5,5.3225,5.88184,2.8
0.21,box_jump_uneven,5,RUN,22.5,24,5.88184,6.60098,1.5
0.21,box_jump_uneven,5,WALK,24,25.6,6.60098,6.9178,1.6
0.21,box_jump_uneven,5,JUMP,25.6,26.4,6.9178,6.9178,0.8
0.21,box_jump_uneven,5,WALK,26.4,29.2,6.9178,7.47688,2.8
0.21,box_jump_uneven,5,RUN,29.2,31.3,7.47688,8.48321,2.1
0.21,box_jump_uneven,5,WALK,31.3,35.9,8.48321,9.38511,4.6
0.21,box_jump_uneven,5,RUN,35.9,38.1,9.38511,10.4397,2.2
0.21,box_jump_uneven,5,WALK,38.1,42.6,10.4397,11.3291,4.5
0.21,box_jump_uneven,5,RUN,42.6,44.8,11.3291,12.35,2.2
0.21,box_jump_uneven,6,TROT,0,0.2,1,1.11,0.2
0.21,box_jump_uneven,6,WALK,0.2,3.6,1.11,1.77917,3.4
0.21,box_jump_uneven,6,RUN,3.6,4.2,1.77917,2.06632,0.6
0.21,box_jump_uneven,6,WALK,4.2,8.6,2.06632,2.93416,4.4
0.21,box_jump_uneven,6,RUN,8.6,9.7,2.93416,3.46215,1.1
0.21,box_jump_uneven,6,WALK,9.7,14.1,3.46215,4.32449,4.4
0.21,box_jump_uneven,6,RUN,14.1,15.6,4.32449,5.04374,1.5
0.21,box_jump_uneven,6,WALK,15.6,20.1,5.04374,5.92524,4.5
0.21,box_jump_uneven,6,RUN,20.1,21.4,5.92524,6.5491,1.3
0.21,box_jump_uneven,6,WALK,21.4,23,6.5491,6.86902,1.6
0.21,box_jump_uneven,6,JUMP,23,23.8,6.86902,6.86902,0.8
0.21,box_jump_uneven,6,WALK,23.8,26.6,6.86902,7.42756,2.8
0.21,box_jump_uneven,6,RUN,26.6,28.7,7.42756,8.43552,2.1
0.21,box_jump_uneven,6,WALK,28.7,33.4,8.43552,9.37451,4.7
0.21,box_jump_uneven,6,RUN,33.4,34.5,9.37451,9.90243,1.1
0.21,box_jump_uneven,6,WALK,34.5,38.9,9.90243,10.7786,4.4
0.21,box_jump_uneven,6,RUN,38.9,41.1,10.7786,11.8,2.2
0.21,box_jump_uneven,7,TROT,0,0.2,1,1.11,0.2
0.21,box_jump_uneven,7,WALK,0.2,3.6,1.11,1.77993,3.4
0.21,box_jump_uneven,7,RUN,3.6,4.4,1.77993,2.16384,0.8
0.21,box_jump_uneven,7,WALK,4.4,9.2,2.16384,3.12121,4.8
0.21,box_jump_uneven,7,RUN,9.2,10.9,3.12121,3.93571,1.7
0.21,box_jump_uneven,7,WALK,10.9,16.1,3.93571,4.96863,5.2
0.21,box_jump_uneven,7,RUN,16.1,18.1,4.96863,5.92863,2
0.21,box_jump_uneven,7,WALK,18.1,22.9,5.92863,6.88012,4.8
0.21,box_jump_uneven,7,RUN,22.9,24.7,6.88012,7.74181,1.8
0.21,box_jump_uneven,7,WALK,24.7,29.4,7.74181,8.6728,4.7
0.21,box_jump_uneven,7,RUN,29.4,30.6,8.6728,9.24682,1.2
0.21,box_jump_uneven,7,WALK,30.6,35.8,9.24682,10.2786,5.2
0.21,box_jump_uneven,7,RUN,35.8,37,10.2786,10.8513,1.2
0.21,box_jump_uneven,7,WALK,37,41.6,10.8513,11.7659,4.6
0.21,box_jump_uneven,7,RUN,41.6,43.8,11.7659,12.8,2.2
0.21,box_jump_uneven,8,TROT,0,0.2,1,1.11,0.2
0.21,box_jump_uneven,8,WALK,0.2,3.6,1.11,1.7796,3.4
0.21,box_jump_uneven,8,RUN,3.6,5,1.7796,2.45063,1.4
0.21,box_jump_uneven,8,WALK,5,10.4,2.45063,3.51755,5.4
0.21,box_jump_uneven,8,RUN,10.4,11.5,3.51755,4.04543,1.1
0.21,box_jump_uneven,8,WALK,11.5,16.2,4.04543,4.96688,4.7
0.21,box_jump_uneven,8,RUN,16.2,18,4.96688,5.8308,1.8
0.21,box_jump_uneven,8,WALK,18,23.3,5.8308,6.87275,5.3
0.21,box_jump_uneven,8,RUN,23.3,24.8,6.87275,7.59233,1.5
0.21,box_jump_uneven,8,WALK,24.8,30.3,7.59233,8.67421,5.5
0.21,box_jump_uneven,8,RUN,30.3,31.2,8.67421,9.10617,0.9
0.21,box_jump_uneven,8,WALK,31.2,36.3,9.10617,10.1207,5.1
0.21,box_jump_uneven,8,RUN,36.3,38.1,10.1207,10.9831,1.8
0.21,box_jump_uneven,8,WALK,38.1,42.6,10.9831,11.8702,4.5
0.21,box_jump_uneven,8,RUN,42.6,44.8,11.8702,12.9,2.2
0.21,box_jump_uneven,9,TROT,0,0.2,1,1.11,0.2
0.21,box_jump_uneven,9,WALK,0.2,3.6,1.11,1.77973,3.4
0.21,box_jump_uneven,9,RUN,3.6,4.8,1.77973,2.35517,1.2
0.21,box_jump_uneven,9,WALK,4.8,10.2,2.35517,3.42627,5.4
0.21,box_jump_uneven,9,RUN,10.2,11.6,3.42627,4.09818,1.4
0.21,box_jump_uneven,9,WALK,11.6,16.5,4.09818,5.07596,4.9
0.21,box_jump_uneven,9,RUN,16.5,18,5.07596,5.79582,1.5
0.21,box_jump_uneven,9,WALK,18,22.7,5.79582,6.71624,4.7
0.21,box_jump_uneven,9,RUN,22.7,24,6.71624,7.34005,1.3
0.21,box_jump_uneven,9,WALK,24,29.7,7.34005,8.47654,5.7
0.21,box_jump_uneven,9,RUN,29.7,30.7,8.47654,8.95602,1
0.21,box_jump_uneven,9,WALK,30.7,36.1,8.95602,10.0339,5.4
0.21,box_jump_uneven,9,RUN,36.1,37.8,10.0339,10.8497,1.7
0.21,box_jump_uneven,9,WALK,37.8,43.5,10.8497,11.9736,5.7
0.21,box_jump_uneven,9,RUN,43.5,45.7,11.9736,13,2.2
0.21,flat_circle_jump,0,TROT,0,0.2,1,1.11,0.2
0.21,flat_circle_jump,0,JUMP,0.2,1,1.11,1.11,0.8
0.21,flat_circle_jump,0,WALK,1,3.8,1.11,1.65839,2.8
0.21,flat_circle_jump,0,JUMP,3.8,4.6,1.65839,1.65839,0.8
0.21,flat_circle_jump,0,WALK,4.6,5.3,1.65839,1.79698,0.7
0.21,flat_circle_jump,0,RUN,5.3,7.1,1.79698,2.64547,1.8
0.21,flat_circle_jump,0,TROT,7.1,8.8,2.64547,3.55445,1.7
0.21,flat_circle_jump,0,RUN,8.8,9.2,3.55445,3.74452,0.4
0.21,flat_circle_jump,0,TROT,9.2,12.6,3.74452,5.51962,3.4
0.21,flat_circle_jump,0,RUN,12.6,13.2,5.51962,5.80712,0.6
0.21,flat_circle_jump,0,WALK,13.2,17.6,5.80712,6.66955,4.4
0.21,flat_circle_jump,0,RUN,17.6,17.9,6.66955,6.81342,0.3
0.21,flat_circle_jump,0,WALK,17.9,22.5,6.81342,7.72784,4.6
0.21,flat_circle_jump,0,RUN,22.5,24.7,7.72784,8.75,2.2
0.21,flat_circle_jump,1,TROT,0,0.2,1,1.11,0.2
0.21,flat_circle_jump,1,WALK,0.2,3.6,1.11,1.7769,3.4
0.21,flat_circle_jump,1,RUN,3.6,4.6,1.7769,2.25159,1
0.21,flat_circle_jump,1,WALK,4.6,6.1,2.25159,2.53922,1.5
0.21,flat_circle_jump,1,RUN,6.1,6.4,2.53922,2.68043,0.3
0.21,flat_circle_jump,1,WALK,6.4,7.1,2.68043,2.81771,0.7
0.21,flat_circle_jump,1,RUN,7.1,7.8,2.81771,3.14718,0.7
0.21,flat_circle_jump,1,TROT,7.8,9.4,3.14718,3.95999,1.6
0.21,flat_circle_jump,1,RUN,9.4,11.4,3.95999,4.88542,2
0.21,flat_circle_jump,1,WALK,11.4,15.9,4.88542,5.77869,4.5
0.21,flat_circle_jump,1,RUN,15.9,16.6,5.77869,6.11353,0.7
0.21,flat_circle_jump,1,WALK,16.6,21,6.11353,6.97829,4.4
0.21,flat_circle_jump,1,RUN,21,21.3,6.97829,7.12164,0.3
0.21,flat_circle_jump,1,WALK,21.3,27.1,7.12164,8.26886,5.8
0.21,flat_circle_jump,1,RUN,27.1,29.3,8.26886,9.3,2.2
0.21,flat_circle_jump,2,TROT,0,0.2,1,1.11,0.2
0.21,flat_circle_jump,2,RUN,0.2,0.5,1.11,1.254,0.3
0.21,flat_circle_jump,2,WALK,0.5,5.2,1.254,2.17953,4.7
0.21,flat_circle_jump,2,RUN,5.2,5.5,2.17953,2.32344,0.3
0.21,flat_circle_jump,2,WALK,5.5,9.8,2.32344,3.1696,4.3
0.21,flat_circle_jump,2,RUN,9.8,10.1,3.1696,3.31342,0.3
0.21,flat_circle_jump,2,WALK,10.1,14,3.31342,4.08706,3.9
0.21,flat_circle_jump,2,RUN,14,14.7,4.08706,4.41895,0.7
0.21,flat_circle_jump,2,WALK,14.7,19.1,4.41895,5.2729,4.4
0.21,flat_circle_jump,2,RUN,19.1,19.4,5.2729,5.41477,0.3
0.21,flat_circle_jump,2,WALK,19.4,25.1,5.41477,6.52587,5.7
0.21,flat_circle_jump,2,RUN,25.1,25.4,6.52587,6.66884,0.3
0.21,flat_circle_jump,2,WALK,25.4,29.8,6.66884,7.534,4.4
0.21,flat_circle_jump,2,RUN,29.8,30.9,7.534,8.05267,1.1
0.21,flat_circle_jump,2,WALK,30.9,35.4,8.05267,8.92883,4.5
0.21,flat_circle_jump,2,RUN,35.4,37.6,8.92883,9.95,2.2
0.21,flat_circle_jump,3,TROT,0,0.2,1,1.11,0.2
0.21,flat_circle_jump,3,JUMP,0.2,1,1.11,1.11,0.8
0.21,flat_circle_jump,3,WALK,1,3.8,1.11,1.66,2.8
0.21,flat_circle_jump,3,JUMP,3.8,4.6,1.66,1.66,0.8
0.21,flat_circle_jump,3,WALK,4.6,6.2,1.66,1.98,1.6
0.21,flat_circle_jump,3,RUN,6.2,6.6,1.98,2.172,0.4
0.21,flat_circle_jump,3,WALK,6.6,11.7,2.172,3.17971,5.1
0.21,flat_circle_jump,3,RUN,11.7,15.4,3.17971,4.90561,3.7
0.21,flat_circle_jump,3,WALK,15.4,19.9,4.90561,5.78322,4.5
0.21,flat_circle_jump,3,RUN,19.9,22.5,5.78322,6.97469,2.6
0.21,flat_circle_jump,3,WALK,22.5,28.1,6.97469,8.08,5.6
0.21,flat_circle_jump,3,RUN,28.1,28.4,8.08,8.224,0.3
0.21,flat_circle_jump,3,WALK,28.4,34.2,8.224,9.36886,5.8
0.21,flat_circle_jump,3,RUN,34.2,36.4,9.36886,10.4,2.2
0.21,flat_circle_jump,4,TROT,0,0.2,1,1.11,0.2
0.21,flat_circle_jump,4,RUN,0.2,0.5,1.11,1.254,0.3
0.21,flat_circle_jump,4,WALK,0.5,1.1,1.254,1.374,0.6
0.21,flat_circle_jump,4,JUMP,1.1,1.9,1.374,1.374,0.8
0.21,flat_circle_jump,4,WALK,1.9,4.7,1.374,1.91973,2.8
0.21,flat_circle_jump,4,RUN,4.7,5.7,1.91973,2.39943,1
0.21,flat_circle_jump,4,WALK,5.7,10.2,2.39943,3.27961,4.5
0.21,flat_circle_jump,4,RUN,10.2,10.7,3.27961,3.51936,0.5
0.21,flat_circle_jump,4,WALK,10.7,15.8,3.51936,4.5182,5.1
0.21,flat_circle_jump,4,RUN,15.8,16.1,4.5182,4.66171,0.3
0.21,flat_circle_jump,4,WALK,16.1,21.3,4.66171,5.68,5.2
0.21,flat_circle_jump,4,RUN,21.3,21.6,5.68,5.824,0.3
0.21,flat_circle_jump,4,WALK,21.6,28.9,5.824,7.26821,7.3
0.21,flat_circle_jump,4,RUN,28.9,31.1,7.26821,8.286,2.2
0.21,flat_circle_jump,4,WALK,31.1,38.1,8.286,9.6688,7
0.21,flat_circle_jump,4,RUN,38.1,40.3,9.6688,10.7,2.2
0.21,flat_circle_jump,5,TROT,0,0.2,1,1.11,0.2
0.21,flat_circle_jump,5,RUN,0.2,0.5,1.11,1.254,0.3
0.21,flat_circle_jump,5,WALK,0.5,4.4,1.254,2.01971,3.9
0.21,flat_circle_jump,5,RUN,4.4,5.9,2.01971,2.73931,1.5
0.21,flat_circle_jump,5,WALK,5.9,8.9,2.73931,3.31913,3
0.21,flat_circle_jump,5,RUN,8.9,10.4,3.31913,4.03716,1.5
0.21,flat_circle_jump,5,WALK,10.4,14.9,4.03716,4.92587,4.5
0.21,flat_circle_jump,5,RUN,14.9,15.2,4.92587,5.06884,0.3
0.21,flat_circle_jump,5,WALK,15.2,21.3,5.06884,6.27584,6.1
0.21,flat_circle_jump,5,RUN,21.3,21.6,6.27584,6.41896,0.3
0.21,flat_circle_jump,5,WALK,21.6,27.4,6.41896,7.56729,5.8
0.21,flat_circle_jump,5,RUN,27.4,31.5,7.56729,9.51,4.1
0.21,flat_circle_jump,5,WALK,31.5,37.2,9.51,10.6252,5.7
0.21,flat_circle_jump,5,RUN,37.2,39.4,10.6252,11.65,2.2
0.21,flat_circle_jump,6,TROT,0,0.2,1,1.11,0.2
0.21,flat_circle_jump,6,RUN,0.2,0.5,1.11,1.254,0.3
0.21,flat_circle_jump,6,WALK,0.5,5.7,1.254,2.27827,5.2
0.21,flat_circle_jump,6,RUN,5.7,6.2,2.27827,2.51774,0.5
0.21,flat_circle_jump,6,WALK,6.2,12.3,2.51774,3.71969,6.1
0.21,flat_circle_jump,6,RUN,12.3,13.8,3.71969,4.43938,1.5
0.21,flat_circle_jump,6,WALK,13.8,18.4,4.43938,5.33233,4.6
0.21,flat_circle_jump,6,RUN,18.4,19.7,5.33233,5.94885,1.3
0.21,flat_circle_jump,6,TROT,19.7,20,5.94885,6.11187,0.3
0.21,flat_circle_jump,6,WALK,20,22.4,6.11187,6.57361,2.4
0.21,flat_circle_jump,6,RUN,22.4,23.8,6.57361,7.23027,1.4
0.21,flat_circle_jump,6,WALK,23.8,28.6,7.23027,8.16969,4.8
0.21,flat_circle_jump,6,RUN,28.6,29.8,8.16969,8.74544,1.2
0.21,flat_circle_jump,6,WALK,29.8,33.3,8.74544,9.42974,3.5
0.21,flat_circle_jump,6,RUN,33.3,34.7,9.42974,10.1011,1.4
0.21,flat_circle_jump,6,WALK,34.7,40.6,10.1011,11.2797,5.9
0.21,flat_circle_jump,6,RUN,40.6,42.8,11.2797,12.3,2.2
0.21,flat_circle_jump,7,TROT,0,0.2,1,1.11,0.2
0.21,flat_circle_jump,7,RUN,0.2,0.5,1.11,1.254,0.3
0.21,flat_circle_jump,7,WALK,0.5,7.5,1.254,2.62973,7
0.21,flat_circle_jump,7,RUN,7.5,8,2.62973,2.86757,0.5
0.21,flat_circle_jump,7,WALK,8,15.1,2.86757,4.26955,7.1
0.21,flat_circle_jump,7,RUN,15.1,15.4,4.26955,4.41348,0.3
0.21,flat_circle_jump,7,WALK,15.4,21.6,4.41348,5.63333,6.2
0.21,flat_circle_jump,7,RUN,21.6,21.9,5.63333,5.7739,0.3
0.21,flat_circle_jump,7,WALK,21.9,27.7,5.7739,6.9197,5.8
0.21,flat_circle_jump,7,RUN,27.7,29.2,6.9197,7.63935,1.5
0.21,flat_circle_jump,7,WALK,29.2,33.8,7.63935,8.53609,4.6
0.21,flat_circle_jump,7,RUN,33.8,34.3,8.53609,8.77462,0.5
0.21,flat_circle_jump,7,WALK,34.3,40.1,8.77462,9.92737,5.8
0.21,flat_circle_jump,7,RUN,40.1,41.8,9.92737,10.7402,1.7
0.21,flat_circle_jump,7,WALK,41.8,47.3,10.7402,11.8297,5.5
0.21,flat_circle_jump,7,RUN,47.3,49.5,11.8297,12.85,2.2
0.21,flat_circle_jump,8,TROT,0,0.2,1,1.11,0.2
0.21,flat_circle_jump,8,RUN,0.2,0.5,1.11,1.254,0.3
0.21,flat_circle_jump,8,WALK,0.5,7.5,1.254,2.62449,7
0.21,flat_circle_jump,8,RUN,7.5,7.8,2.62449,2.76653,0.3
0.21,flat_circle_jump,8,WALK,7.8,15.8,2.76653,4.32417,8
0.21,flat_circle_jump,8,RUN,15.8,16.1,4.32417,4.46598,0.3
0.21,flat_circle_jump,8,WALK,16.1,18.3,4.46598,4.89929,2.2
0.21,flat_circle_jump,8,JUMP,18.3,19.1,4.89929,4.89929,0.8
0.21,flat_circle_jump,8,WALK,19.1,23.6,4.89929,5.77268,4.5
0.21,flat_circle_jump,8,RUN,23.6,23.9,5.77268,5.91533,0.3
0.21,flat_circle_jump,8,WALK,23.9,29.2,5.91533,6.97,5.3
0.21,flat_circle_jump,8,RUN,29.2,30.9,6.97,7.786,1.7
0.21,flat_circle_jump,8,WALK,30.9,44,7.786,10.37,13.1
0.21,flat_circle_jump,8,RUN,44,45.5,10.37,11.09,1.5
0.21,flat_circle_jump,8,WALK,45.5,50.8,11.09,12.13,5.3
0.21,flat_circle_jump,8,RUN,50.8,53,12.13,13.15,2.2
0.21,flat_circle_jump,9,TROT,0,0.2,1,1.11,0.2
0.21,flat_circle_jump,9,RUN,0.2,0.5,1.11,1.254,0.3
0.21,flat_circle_jump,9,WALK,0.5,7.4,1.254,2.61968,6.9
0.21,flat_circle_jump,9,RUN,7.4,8.9,2.61968,3.33948,1.5
0.21,flat_circle_jump,9,WALK,8.9,13.4,3.33948,4.21745,4.5
0.21,flat_circle_jump,9,RUN,13.4,15.1,4.21745,5.0301,1.7
0.21,flat_circle_jump,9,WALK,15.1,18.4,5.0301,5.66973,3.3
0.21,flat_circle_jump,9,RUN,18.4,19.9,5.66973,6.38927,1.5
0.21,flat_circle_jump,9,WALK,19.9,24.7,6.38927,7.32969,4.8
0.21,flat_circle_jump,9,RUN,24.7,26.2,7.32969,8.04936,1.5
0.21,flat_circle_jump,9,WALK,26.2,34,8.04936,9.57849,7.8
0.21,flat_circle_jump,9,RUN,34,34.3,9.57849,9.72011,0.3
0.21,flat_circle_jump,9,WALK,34.3,40.2,9.72011,10.8686,5.9
0.21,flat_circle_jump,9,RUN,40.2,40.5,10.8686,11.0102,0.3
0.21,flat_circle_jump,9,WALK,40.5,49.5,11.0102,12.7851,9
0.21,flat_circle_jump,9,RUN,49.5,51.7,12.7851,13.8,2.2
0.21,bump_jump,0,TROT,0,0.3,1,1.165,0.3
0.21,bump_jump,0,WALK,0.3,43.7,1.165,9.7297,43.4
0.21,bump_jump,0,RUN,43.7,45.9,9.7297,10.75,2.2
0.21,bump_jump,1,TROT,0,0.3,1,1.165,0.3
0.21,bump_jump,1,WALK,0.3,45.3,1.165,10.02,45
0.21,bump_jump,1,RUN,45.3,47.5,10.02,11.05,2.2
0.21,bump_jump,2,TROT,0,0.2,1,1.11,0.2
0.21,bump_jump,2,WALK,0.2,44.7,1.11,9.91883,44.5
0.21,bump_jump,2,RUN,44.7,46.9,9.91883,10.95,2.2
0.21,bump_jump,3,TROT,0,0.5,1,1.275,0.5
0.21,bump_jump,3,WALK,0.5,46.2,1.275,10.28,45.7
0.21,bump_jump,3,RUN,46.2,48.4,10.28,11.3,2.2
0.21,bump_jump,4,TROT,0,0.2,1,1.11,0.2
0.21,bump_jump,4,WALK,0.2,46.4,1.11,10.2197,46.2
0.21,bump_jump,4,RUN,46.4,48.6,10.2197,11.25,2.2
0.21,bump_jump,5,TROT,0,0.2,1,1.11,0.2
0.21,bump_jump,5,RUN,0.2,0.7,1.11,1.35,0.5
0.21,bump_jump,5,WALK,0.7,46.8,1.35,10.47,46.1
0.21,bump_jump,5,RUN,46.8,49,10.47,11.5,2.2
0.21,bump_jump,6,TROT,0,0.2,1,1.11,0.2
0.21,bump_jump,6,RUN,0.2,0.5,1.11,1.254,0.3
0.21,bump_jump,6,TROT,0.5,0.8,1.254,1.419,0.3
0.21,bump_jump,6,WALK,0.8,46.7,1.419,10.4324,45.9
0.21,bump_jump,6,RUN,46.7,48.9,10.4324,11.45,2.2
0.21,bump_jump,7,TROT,0,0.2,1,1.11,0.2
0.21,bump_jump,7,RUN,0.2,0.5,1.11,1.254,0.3
0.21,bump_jump,7,WALK,0.5,48.8,1.254,10.8273,48.3
0.21,bump_jump,7,RUN,48.8,51,10.8273,11.85,2.2
0.21,bump_jump,8,TROT,0,0.2,1,1.11,0.2
0.21,bump_jump,8,RUN,0.2,0.5,1.11,1.254,0.3
0.21,bump_jump,8,WALK,0.5,49.3,1.254,10.8351,48.8
0.21,bump_jump,8,RUN,49.3,51.5,10.8351,11.85,2.2
0.21,bump_jump,9,TROT,0,0.2,1,1.11,0.2
0.21,bump_jump,9,RUN,0.2,0.5,1.11,1.254,0.3
0.21,bump_jump,9,WALK,0.5,49.3,1.254,10.8751,48.8
0.21,bump_jump,9,RUN,49.3,51.5,10.8751,11.9,2.2
0.21,sideways_ramp,0,TROT,0,0.2,1,1.11,0.2
0.21,sideways_ramp,0,RUN,0.2,0.5,1.11,1.254,0.3
0.21,sideways_ramp,0,WALK,0.5,3.5,1.254,1.80129,3
0.21,sideways_ramp,0,RUN,3.5,4.5,1.80129,2.22665,1
0.21,sideways_ramp,0,WALK,4.5,7.4,2.22665,2.75814,2.9
0.21,sideways_ramp,0,RUN,7.4,9,2.75814,3.48286,1.6
0.21,sideways_ramp,0,WALK,9,11.8,3.48286,4.01841,2.8
0.21,sideways_ramp,0,RUN,11.8,13.3,4.01841,4.73628,1.5
0.21,sideways_ramp,0,WALK,13.3,16.7,4.73628,5.36341,3.4
0.21,sideways_ramp,0,RUN,16.7,18.4,5.36341,6.10427,1.7
0.21,sideways_ramp,0,WALK,18.4,21.5,6.10427,6.66265,3.1
0.21,sideways_ramp,0,RUN,21.5,23.2,6.66265,7.40265,1.7
0.21,sideways_ramp,0,WALK,23.2,26.3,7.40265,7.96471,3.1
0.21,sideways_ramp,0,RUN,26.3,28,7.96471,8.72934,1.7
0.21,sideways_ramp,0,WALK,28,31.1,8.72934,9.3101,3.1
0.21,sideways_ramp,0,RUN,31.1,33.3,9.3101,10.3,2.2
0.21,sideways_ramp,1,TROT,0,0.2,1,1.11,0.2
0.21,sideways_ramp,1,WALK,0.2,3.6,1.11,1.78,3.4
0.21,sideways_ramp,1,RUN,3.6,4.3,1.78,2.116,0.7
0.21,sideways_ramp,1,WALK,4.3,7.8,2.116,2.77333,3.5
0.21,sideways_ramp,1,RUN,7.8,9.6,2.77333,3.55856,1.8
0.21,sideways_ramp,1,WALK,9.6,12.6,3.55856,4.13221,3
0.21,sideways_ramp,1,RUN,12.6,13.9,4.13221,4.75444,1.3
0.21,sideways_ramp,1,WALK,13.9,17.3,4.75444,5.40341,3.4
0.21,sideways_ramp,1,RUN,17.3,19,5.40341,6.18564,1.7
0.21,sideways_ramp,1,WALK,19,22.1,6.18564,6.78409,3.1
0.21,sideways_ramp,1,RUN,22.1,23.4,6.78409,7.40765,1.3
0.21,sideways_ramp,1,WALK,23.4,26.8,7.40765,8.0523,3.4
0.21,sideways_ramp,1,RUN,26.8,28.2,8.0523,8.69223,1.4
0.21,sideways_ramp,1,WALK,28.2,31.4,8.69223,9.29798,3.2
0.21,sideways_ramp,1,RUN,31.4,33.7,9.29798,10.3,2.3
0.21,sideways_ramp,2,TROT,0,0.2,1,1.11,0.2
0.21,sideways_ramp,2,JUMP,0.2,1,1.11,1.11,0.8
0.21,sideways_ramp,2,WALK,1,4.4,1.11,1.77959,3.4
0.21,sideways_ramp,2,RUN,4.4,5,1.77959,2.06716,0.6
0.21,sideways_ramp,2,WALK,5,23.7,2.06716,5.55641,18.7
0.21,sideways_ramp,2,RUN,23.7,25,5.55641,6.13267,1.3
0.21,sideways_ramp,2,WALK,25,28.8,6.13267,6.81833,3.8
0.21,sideways_ramp,2,RUN,28.8,30.3,6.81833,7.47112,1.5
0.21,sideways_ramp,2,WALK,30.3,31.1,7.47112,7.61619,0.8
0.21,sideways_ramp,2,JUMP,31.1,31.9,7.61619,7.61619,0.8
0.21,sideways_ramp,2,WALK,31.9,34.4,7.61619,8.08491,2.5
0.21,sideways_ramp,2,RUN,34.4,35.6,8.08491,8.66047,1.2
0.21,sideways_ramp,2,WALK,35.6,38.9,8.66047,9.31722,3.3
0.21,sideways_ramp,2,RUN,38.9,41.1,9.31722,10.35,2.2
0.21,sideways_ramp,3,TROT,0,0.2,1,1.11,0.2
0.21,sideways_ramp,3,WALK,0.2,3.6,1.11,1.77831,3.4
0.21,sideways_ramp,3,RUN,3.6,4.2,1.77831,2.06458,0.6
0.21,sideways_ramp,3,WALK,4.2,8.5,2.06458,2.88594,4.3
0.21,sideways_ramp,3,RUN,8.5,9.7,2.88594,3.43766,1.2
0.21,sideways_ramp,3,WALK,9.7,13.5,3.43766,4.15678,3.8
0.21,sideways_ramp,3,RUN,13.5,14.8,4.15678,4.74713,1.3
0.21,sideways_ramp,3,WALK,14.8,25.5,4.74713,6.78704,10.7
0.21,sideways_ramp,3,RUN,25.5,27,6.78704,7.50287,1.5
0.21,sideways_ramp,3,WALK,27,30.6,7.50287,8.21684,3.6
0.21,sideways_ramp,3,RUN,30.6,32.1,8.21684,8.93642,1.5
0.21,sideways_ramp,3,WALK,32.1,36.2,8.93642,9.71393,4.1
0.21,sideways_ramp,3,RUN,36.2,38.4,9.71393,10.7,2.2
0.21,sideways_ramp,4,TROT,0,0.2,1,1.11,0.2
0.21,sideways_ramp,4,JUMP,0.2,1,1.11,1.11,0.8
0.21,sideways_ramp,4,WALK,1,3.8,1.11,1.66,2.8
0.21,sideways_ramp,4,JUMP,3.8,4.6,1.66,1.66,0.8
0.21,sideways_ramp,4,WALK,4.6,5.3,1.66,1.8,0.7
0.21,sideways_ramp,4,RUN,5.3,5.8,1.8,2.04,0.5
0.21,sideways_ramp,4,WALK,5.8,9.8,2.04,2.82449,4
0.21,sideways_ramp,4,RUN,9.8,10.9,2.82449,3.35212,1.1
0.21,sideways_ramp,4,WALK,10.9,15,3.35212,4.1411,4.1
0.21,sideways_ramp,4,RUN,15,15.4,4.1411,4.32505,0.4
0.21,sideways_ramp,4,TROT,15.4,16.1,4.32505,4.69391,0.7
0.21,sideways_ramp,4,RUN,16.1,16.4,4.69391,4.83187,0.3
0.21,sideways_ramp,4,WALK,16.4,20,4.83187,5.53342,3.6
0.21,sideways_ramp,4,RUN,20,21.2,5.53342,6.10605,1.2
0.21,sideways_ramp,4,WALK,21.2,22.3,6.10605,6.32476,1.1
0.21,sideways_ramp,4,JUMP,22.3,23.1,6.32476,6.32476,0.8
0.21,sideways_ramp,4,WALK,23.1,25.9,6.32476,6.87588,2.8
0.21,sideways_ramp,4,RUN,25.9,27,6.87588,7.40388,1.1
0.21,sideways_ramp,4,WALK,27,30.9,7.40388,8.18088,3.9
0.21,sideways_ramp,4,RUN,30.9,32,8.18088,8.70888,1.1
0.21,sideways_ramp,4,WALK,32,36.3,8.70888,9.52017,4.3
0.21,sideways_ramp,4,RUN,36.3,38.6,9.52017,10.5,2.3
0.21,sideways_ramp,5,TROT,0,0.2,1,1.11,0.2
0.21,sideways_ramp,5,RUN,0.2,0.5,1.11,1.254,0.3
0.21,sideways_ramp,5,WALK,0.5,5.8,1.254,2.1721,5.3
0.21,sideways_ramp,5,TROT,5.8,6.1,2.1721,2.31072,0.3
0.21,sideways_ramp,5,WALK,6.1,9.4,2.31072,2.92937,3.3
0.21,sideways_ramp,5,RUN,9.4,10.5,2.92937,3.45737,1.1
0.21,sideways_ramp,5,WALK,10.5,11.8,3.45737,3.71737,1.3
0.21,sideways_ramp,5,JUMP,11.8,12.6,3.71737,3.71737,0.8
0.21,sideways_ramp,5,WALK,12.6,15.4,3.71737,4.27273,2.8
0.21,sideways_ramp,5,RUN,15.4,16.5,4.27273,4.80037,1.1
0.21,sideways_ramp,5,WALK,16.5,20.7,4.80037,5.62377,4.2
0.21,sideways_ramp,5,RUN,20.7,21.7,5.62377,6.10377,1
0.21,sideways_ramp,5,WALK,21.7,29,6.10377,7.4972,7.3
0.21,sideways_ramp,5,RUN,29,29.3,7.4972,7.63384,0.3
0.21,sideways_ramp,5,WALK,29.3,30.3,7.63384,7.82363,1
0.21,sideways_ramp,5,JUMP,30.3,31.1,7.82363,7.82363,0.8
0.21,sideways_ramp,5,WALK,31.1,33.7,7.82363,8.321,2.6
0.21,sideways_ramp,5,RUN,33.7,34.7,8.321,8.79802,1
0.21,sideways_ramp,5,WALK,34.7,38.9,8.79802,9.6228,4.2
0.21,sideways_ramp,5,RUN,38.9,41.1,9.6228,10.65,2.2
0.21,sideways_ramp,6,TROT,0,0.2,1,1.11,0.2
0.21,sideways_ramp,6,WALK,0.2,3.6,1.11,1.77829,3.4
0.21,sideways_ramp,6,RUN,3.6,4.2,1.77829,2.06453,0.6
0.21,sideways_ramp,6,WALK,4.2,8.7,2.06453,2.9395,4.5
0.21,sideways_ramp,6,RUN,8.7,9.5,2.9395,3.30914,0.8
0.21,sideways_ramp,6,TROT,9.5,9.8,3.30914,3.46797,0.3
0.21,sideways_ramp,6,WALK,9.8,14.3,3.46797,4.31156,4.5
0.21,sideways_ramp,6,TROT,14.3,15.4,4.31156,4.88129,1.1
0.21,sideways_ramp,6,WALK,15.4,19.8,4.88129,5.72018,4.4
0.21,sideways_ramp,6,RUN,19.8,20.9,5.72018,6.24685,1.1
0.21,sideways_ramp,6,WALK,20.9,25.3,6.24685,7.12539,4.4
0.21,sideways_ramp,6,RUN,25.3,26.5,7.12539,7.70104,1.2
0.21,sideways_ramp,6,WALK,26.5,30.9,7.70104,8.56792,4.4
0.21,sideways_ramp,6,RUN,30.9,32.1,8.56792,9.14357,1.2
0.21,sideways_ramp,6,WALK,32.1,36.6,9.14357,10.0273,4.5
0.21,sideways_ramp,6,RUN,36.6,38.8,10.0273,11.05,2.2
0.21,sideways_ramp,7,TROT,0,0.2,1,1.11,0.2
0.21,sideways_ramp,7,RUN,0.2,1.3,1.11,1.58432,1.1
0.21,sideways_ramp,7,JUMP,1.3,2.1,1.58432,1.58432,0.8
0.21,sideways_ramp,7,WALK,2.1,3.3,1.58432,1.79511,1.2
0.21,sideways_ramp,7,RUN,3.3,3.7,1.79511,1.96374,0.4
0.21,sideways_ramp,7,WALK,3.7,8.5,1.96374,2.84226,4.8
0.21,sideways_ramp,7,TROT,8.5,9.2,2.84226,3.20986,0.7
0.21,sideways_ramp,7,RUN,9.2,9.7,3.20986,3.439,0.5
0.21,sideways_ramp,7,WALK,9.7,14.3,3.439,4.33193,4.6
0.21,sideways_ramp,7,RUN,14.3,15.4,4.33193,4.85993,1.1
0.21,sideways_ramp,7,WALK,15.4,28.1,4.85993,7.28391,12.7
0.21,sideways_ramp,7,RUN,28.1,29.1,7.28391,7.75073,1
0.21,sideways_ramp,7,WALK,29.1,33.9,7.75073,8.68021,4.8
0.21,sideways_ramp,7,RUN,33.9,34.9,8.68021,9.15752,1
0.21,sideways_ramp,7,WALK,34.9,39.5,9.15752,10.0729,4.6
0.21,sideways_ramp,7,RUN,39.5,41.7,10.0729,11.1,2.2
0.21,sideways_ramp,8,TROT,0,0.2,1,1.11,0.2
0.21,sideways_ramp,8,WALK,0.2,3.6,1.11,1.78,3.4
0.21,sideways_ramp,8,RUN,3.6,3.9,1.78,1.924,0.3
0.21,sideways_ramp,8,WALK,3.9,8.4,1.924,2.81647,4.5
0.21,sideways_ramp,8,RUN,8.4,9.3,2.81647,3.24732,0.9
0.21,sideways_ramp,8,WALK,9.3,14.5,3.24732,4.25181,5.2
0.21,sideways_ramp,8,TROT,14.5,15.5,4.25181,4.77099,1
0.21,sideways_ramp,8,WALK,15.5,20.2,4.77099,5.67557,4.7
0.21,sideways_ramp,8,RUN,20.2,21.2,5.67557,6.15557,1
0.21,sideways_ramp,8,WALK,21.2,26.1,6.15557,7.12749,4.9
0.21,sideways_ramp,8,RUN,26.1,27.1,7.12749,7.60749,1
0.21,sideways_ramp,8,WALK,27.1,32,7.60749,8.57933,4.9
0.21,sideways_ramp,8,RUN,32,32.8,8.57933,8.96238,0.8
0.21,sideways_ramp,8,WALK,32.8,37.9,8.96238,9.95056,5.1
0.21,sideways_ramp,8,RUN,37.9,40.1,9.95056,10.95,2.2
0.21,sideways_ramp,9,TROT,0,0.2,1,1.11,0.2
0.21,sideways_ramp,9,WALK,0.2,3.6,1.11,1.77954,3.4
0.21,sideways_ramp,9,RUN,3.6,3.9,1.77954,1.92331,0.3
0.21,sideways_ramp,9,WALK,3.9,9.4,1.92331,2.99044,5.5
0.21,sideways_ramp,9,RUN,9.4,9.8,2.99044,3.1757,0.4
0.21,sideways_ramp,9,TROT,9.8,10.3,3.1757,3.44105,0.5
0.21,sideways_ramp,9,WALK,10.3,15.3,3.44105,4.42259,5
0.21,sideways_ramp,9,RUN,15.3,16,4.42259,4.75859,0.7
0.21,sideways_ramp,9,WALK,16,21.2,4.75859,5.77752,5.2
0.21,sideways_ramp,9,RUN,21.2,22,5.77752,6.15921,0.8
0.21,sideways_ramp,9,WALK,22,24.4,6.15921,6.62304,2.4
0.21,sideways_ramp,9,JUMP,24.4,25.2,6.62304,6.62304,0.8
0.21,sideways_ramp,9,WALK,25.2,28,6.62304,7.18008,2.8
0.21,sideways_ramp,9,RUN,28,29,7.18008,7.65755,1
0.21,sideways_ramp,9,WALK,29,41.9,7.65755,10.1486,12.9
0.21,sideways_ramp,9,RUN,41.9,44.2,10.1486,11.15,2.3
0.21,stepping_stones_cylinder,0,TROT,0,0.2,1,1.11,0.2
0.21,stepping_stones_cylinder,0,RUN,0.2,11.9,1.11,6.45,11.7
0.21,stepping_stones_cylinder,1,TROT,0,0.2,1,1.11,0.2
0.21,stepping_stones_cylinder,1,WALK,0.2,3.9,1.11,1.83263,3.7
0.21,stepping_stones_cylinder,1,RUN,3.9,13.8,1.83263,6.35,9.9
0.21,stepping_stones_cylinder,2,TROT,0,0.2,1,1.11,0.2
0.21,stepping_stones_cylinder,2,WALK,0.2,3.9,1.11,1.83281,3.7
0.21,stepping_stones_cylinder,2,RUN,3.9,5.1,1.83281,2.396,1.2
0.21,stepping_stones_cylinder,2,WALK,5.1,7.5,2.396,2.876,2.4
0.21,stepping_stones_cylinder,2,RUN,7.5,14.7,2.876,6.15,7.2
0.21,stepping_stones_cylinder,3,TROT,0,0.2,1,1.11,0.2
0.21,stepping_stones_cylinder,3,WALK,0.2,3.9,1.11,1.83383,3.7
0.21,stepping_stones_cylinder,3,RUN,3.9,5.1,1.83383,2.396,1.2
0.21,stepping_stones_cylinder,3,WALK,5.1,15.3,2.396,4.42,10.2
0.21,stepping_stones_cylinder,3,RUN,15.3,18.4,4.42,5.85,3.1
0.21,stepping_stones_cylinder,4,TROT,0,0.2,1,1.11,0.2
0.21,stepping_stones_cylinder,4,WALK,0.2,18.8,1.11,4.77,18.6
0.21,stepping_stones_cylinder,4,RUN,18.8,21,4.77,5.8,2.2
0.21,stepping_stones_cylinder,5,TROT,0,0.2,1,1.11,0.2
0.21,stepping_stones_cylinder,5,WALK,0.2,10.2,1.11,3.08,10
0.21,stepping_stones_cylinder,5,RUN,10.2,11,3.08,3.464,0.8
0.21,stepping_stones_cylinder,5,WALK,11,15.5,3.464,4.33,4.5
0.21,stepping_stones_cylinder,5,RUN,15.5,16.2,4.33,4.666,0.7
0.21,stepping_stones_cylinder,5,WALK,16.2,20.6,4.666,5.52817,4.4
0.21,stepping_stones_cylinder,5,RUN,20.6,22.2,5.52817,6.25,1.6
0.21,stepping_stones_cylinder,6,TROT,0,0.2,1,1.11,0.2
0.21,stepping_stones_cylinder,6,WALK,0.2,21.3,1.11,5.26889,21.1
0.21,stepping_stones_cylinder,6,RUN,21.3,22.9,5.26889,6,1.6
0.21,stepping_stones_cylinder,7,TROT,0,0.2,1,1.11,0.2
0.21,stepping_stones_cylinder,7,WALK,0.2,20.3,1.11,5.06911,20.1
0.21,stepping_stones_cylinder,7,RUN,20.3,21.9,5.06911,5.8,1.6
0.21,stepping_stones_cylinder,8,TROT,0,0.2,1,1.11,0.2
0.21,stepping_stones_cylinder,8,WALK,0.2,19.6,1.11,4.92954,19.4
0.21,stepping_stones_cylinder,8,RUN,19.6,21.3,4.92954,5.7,1.7
0.21,stepping_stones_cylinder,9,TROT,0,0.2,1,1.11,0.2
0.21,stepping_stones_cylinder,9,WALK,0.2,20.1,1.11,5.0199,19.9
0.21,stepping_stones_cylinder,9,RUN,20.1,21.8,5.0199,5.8,1.7
0.21,stepping_stones_randomly_arranged,0,TROT,0,0.2,1,1.11,0.2
0.21,stepping_stones_randomly_arranged,0,RUN,0.2,11.7,1.11,6.4,11.5
0.21,stepping_stones_randomly_arranged,1,TROT,0,0.2,1,1.11,0.2
0.21,stepping_stones_randomly_arranged,1,RUN,0.2,11.1,1.11,6.1,10.9
0.21,stepping_stones_randomly_arranged,2,TROT,0,0.2,1,1.11,0.2
0.21,stepping_stones_randomly_arranged,2,RUN,0.2,11.1,1.11,6.1,10.9
0.21,stepping_stones_randomly_arranged,3,TROT,0,0.2,1,1.11,0.2
0.21,stepping_stones_randomly_arranged,3,RUN,0.2,11,1.11,6.1,10.8
0.21,stepping_stones_randomly_arranged,4,TROT,0,0.2,1,1.11,0.2
0.21,stepping_stones_randomly_arranged,4,RUN,0.2,11.8,1.11,6.25,11.6
0.21,stepping_stones_randomly_arranged,5,TROT,0,0.2,1,1.11,0.2
0.21,stepping_stones_randomly_arranged,5,RUN,0.2,2.9,1.11,2.31363,2.7
0.21,stepping_stones_randomly_arranged,5,WALK,2.9,4.8,2.31363,2.69,1.9
0.21,stepping_stones_randomly_arranged,5,RUN,4.8,11.8,2.69,5.9,7
0.21,stepping_stones_randomly_arranged,6,TROT,0,0.2,1,1.11,0.2
0.21,stepping_stones_randomly_arranged,6,RUN,0.2,3.9,1.11,2.74339,3.7
0.21,stepping_stones_randomly_arranged,6,WALK,3.9,6.9,2.74339,3.32499,3
0.21,stepping_stones_randomly_arranged,6,RUN,6.9,7.4,3.32499,3.56496,0.5
0.21,stepping_stones_randomly_arranged,6,WALK,7.4,8.8,3.56496,3.83998,1.4
0.21,stepping_stones_randomly_arranged,6,RUN,8.8,13.3,3.83998,5.9,4.5
0.21,stepping_stones_randomly_arranged,7,TROT,0,0.2,1,1.11,0.2
0.21,stepping_stones_randomly_arranged,7,RUN,0.2,3.9,1.11,2.71752,3.7
0.21,stepping_stones_randomly_arranged,7,WALK,3.9,5.6,2.71752,3.04519,1.7
0.21,stepping_stones_randomly_arranged,7,RUN,5.6,6.2,3.04519,3.32097,0.6
0.21,stepping_stones_randomly_arranged,7,WALK,6.2,9.3,3.32097,3.925,3.1
0.21,stepping_stones_randomly_arranged,7,RUN,9.3,13.9,3.925,6,4.6
0.21,stepping_stones_randomly_arranged,8,TROT,0,0.2,1,1.11,0.2
0.21,stepping_stones_randomly_arranged,8,RUN,0.2,3.9,1.11,2.72093,3.7
0.21,stepping_stones_randomly_arranged,8,WALK,3.9,4.6,2.72093,2.86083,0.7
0.21,stepping_stones_randomly_arranged,8,RUN,4.6,4.9,2.86083,3.00473,0.3
0.21,stepping_stones_randomly_arranged,8,WALK,4.9,9.4,3.00473,3.88,4.5
0.21,stepping_stones_randomly_arranged,8,RUN,9.4,9.8,3.88,4.07198,0.4
0.21,stepping_stones_randomly_arranged,8,WALK,9.8,13.8,4.07198,4.86988,4
0.21,stepping_stones_randomly_arranged,8,RUN,13.8,16.1,4.86988,5.9,2.3
0.21,stepping_stones_randomly_arranged,9,TROT,0,0.2,1,1.11,0.2
0.21,stepping_stones_randomly_arranged,9,RUN,0.2,2.6,1.11,2.16986,2.4
0.21,stepping_stones_randomly_arranged,9,WALK,2.6,3.3,2.16986,2.3082,0.7
0.21,stepping_stones_randomly_arranged,9,RUN,3.3,5.3,2.3082,3.19351,2
0.21,stepping_stones_randomly_arranged,9,WALK,5.3,7.1,3.19351,3.54418,1.8
0.21,stepping_stones_randomly_arranged,9,RUN,7.1,7.5,3.54418,3.696,0.4
0.21,stepping_stones_randomly_arranged,9,WALK,7.5,9.1,3.696,4.01599,1.6
0.21,stepping_stones_randomly_arranged,9,RUN,9.1,12.7,4.01599,5.6,3.6
0.21,staircase_walking_full_width,0,TROT,0,1.9,1,2,1.9
0.21,staircase_walking_full_width,0,WALK,1.9,7,2,3.02,5.1
0.21,staircase_walking_full_width,0,RUN,7,8.4,3.02,3.692,1.4
0.21,staircase_walking_full_width,0,TROT,8.4,9.8,3.692,4.45929,1.4
0.21,staircase_walking_full_width,0,WALK,9.8,16.4,4.45929,5.77929,6.6
0.21,staircase_walking_full_width,0,RUN,16.4,17.9,5.77929,6.45657,1.5
0.21,staircase_walking_full_width,0,JUMP,17.9,18.7,6.45657,6.45657,0.8
0.21,staircase_walking_full_width,0,WALK,18.7,21.5,6.45657,7.01657,2.8
0.21,staircase_walking_full_width,0,JUMP,21.5,22.3,7.01657,7.01657,0.8
0.21,staircase_walking_full_width,0,WALK,22.3,25.1,7.01657,7.57657,2.8
0.21,staircase_walking_full_width,0,JUMP,25.1,25.9,7.57657,7.57657,0.8
0.21,staircase_walking_full_width,0,WALK,25.9,28.7,7.57657,8.13286,2.8
0.21,staircase_walking_full_width,0,JUMP,28.7,29.5,8.13286,8.13286,0.8
0.21,staircase_walking_full_width,0,WALK,29.5,31.5,8.13286,8.53286,2
0.21,staircase_walking_full_width,0,RUN,31.5,32.9,8.53286,9.20486,1.4
0.21,staircase_walking_full_width,0,WALK,32.9,43.3,9.20486,11.2771,10.4
0.21,staircase_walking_full_width,0,RUN,43.3,44.8,11.2771,11.9654,1.5
0.21,staircase_walking_full_width,0,WALK,44.8,55.2,11.9654,14.0257,10.4
0.21,staircase_walking_full_width,0,RUN,55.2,58.8,14.0257,15.75,3.6
0.21,staircase_walking_full_width,1,TROT,0,0.2,1,1.11,0.2
0.21,staircase_walking_full_width,1,WALK,0.2,9.8,1.11,3.02,9.6
0.21,staircase_walking_full_width,1,RUN,9.8,11.2,3.02,3.692,1.4
0.21,staircase_walking_full_width,1,WALK,11.2,21.7,3.692,5.78429,10.5
0.21,staircase_walking_full_width,1,RUN,21.7,23.2,5.78429,6.45657,1.5
0.21,staircase_walking_full_width,1,JUMP,23.2,24,6.45657,6.45657,0.8
0.21,staircase_walking_full_width,1,WALK,24,26.8,6.45657,7.01657,2.8
0.21,staircase_walking_full_width,1,JUMP,26.8,27.6,7.01657,7.01657,0.8
0.21,staircase_walking_full_width,1,WALK,27.6,30.4,7.01657,7.57657,2.8
0.21,staircase_walking_full_width,1,JUMP,30.4,31.2,7.57657,7.57657,0.8
0.21,staircase_walking_full_width,1,WALK,31.2,34,7.57657,8.13286,2.8
0.21,staircase_walking_full_width,1,JUMP,34,34.8,8.13286,8.13286,0.8
0.21,staircase_walking_full_width,1,WALK,34.8,36.8,8.13286,8.53286,2
0.21,staircase_walking_full_width,1,RUN,36.8,38.2,8.53286,9.20486,1.4
0.21,staircase_walking_full_width,1,WALK,38.2,48.6,9.20486,11.2771,10.4
0.21,staircase_walking_full_width,1,RUN,48.6,50.1,11.2771,11.9654,1.5
0.21,staircase_walking_full_width,1,WALK,50.1,60.5,11.9654,14.0257,10.4
0.21,staircase_walking_full_width,1,RUN,60.5,64.1,14.0257,15.75,3.6
0.21,staircase_walking_full_width,2,TROT,0,0.2,1,1.11,0.2
0.21,staircase_walking_full_width,2,WALK,0.2,0.5,1.11,1.17,0.3
0.21,staircase_walking_full_width,2,JUMP,0.5,1.3,1.17,1.17,0.8
0.21,staircase_walking_full_width,2,WALK,1.3,4,1.17,1.71,2.7
0.21,staircase_walking_full_width,2,JUMP,4,4.8,1.71,1.71,0.8
0.21,staircase_walking_full_width,2,WALK,4.8,7.6,1.71,2.26,2.8
0.21,staircase_walking_full_width,2,JUMP,7.6,8.4,2.26,2.26,0.8
0.21,staircase_walking_full_width,2,WALK,8.4,11,2.26,2.78,2.6
0.21,staircase_walking_full_width,2,RUN,11,11.8,2.78,3.164,0.8
0.21,staircase_walking_full_width,2,WALK,11.8,20.9,3.164,4.97143,9.1
0.21,staircase_walking_full_width,2,RUN,20.9,21.7,4.97143,5.33486,0.8
0.21,staircase_walking_full_width,2,JUMP,21.7,22.5,5.33486,5.33486,0.8
0.21,staircase_walking_full_width,2,WALK,22.5,31.7,5.33486,7.17429,9.2
0.21,staircase_walking_full_width,2,RUN,31.7,32.5,7.17429,7.55829,0.8
0.21,staircase_walking_full_width,2,WALK,32.5,41.6,7.55829,9.36571,9.1
0.21,staircase_walking_full_width,2,RUN,41.6,42.4,9.36571,9.74971,0.8
0.21,staircase_walking_full_width,2,WALK,42.4,51.6,9.74971,11.5686,9.2
0.21,staircase_walking_full_width,2,RUN,51.6,54.6,11.5686,13,3
0.21,staircase_walking_full_width,3,TROT,0,0.2,1,1.11,0.2
0.21,staircase_walking_full_width,3,WALK,0.2,2.3,1.11,1.53,2.1
0.21,staircase_walking_full_width,3,JUMP,2.3,3.1,1.53,1.53,0.8
0.21,staircase_walking_full_width,3,WALK,3.1,5.9,1.53,2.08,2.8
0.21,staircase_walking_full_width,3,JUMP,5.9,6.7,2.08,2.08,0.8
0.21,staircase_walking_full_width,3,WALK,6.7,9.4,2.08,2.62,2.7
0.21,staircase_walking_full_width,3,JUMP,9.4,10.2,2.62,2.62,0.8
0.21,staircase_walking_full_width,3,WALK,10.2,11,2.62,2.78,0.8
0.21,staircase_walking_full_width,3,RUN,11,11.8,2.78,3.164,0.8
0.21,staircase_walking_full_width,3,WALK,11.8,20.9,3.164,4.97143,9.1
0.21,staircase_walking_full_width,3,RUN,20.9,21.7,4.97143,5.33486,0.8
0.21,staircase_walking_full_width,3,WALK,21.7,30.9,5.33486,7.17429,9.2
0.21,staircase_walking_full_width,3,RUN,30.9,31.7,7.17429,7.55829,0.8
0.21,staircase_walking_full_width,3,WALK,31.7,40.8,7.55829,9.36571,9.1
0.21,staircase_walking_full_width,3,RUN,40.8,41.6,9.36571,9.74971,0.8
0.21,staircase_walking_full_width,3,WALK,41.6,50.8,9.74971,11.5686,9.2
0.21,staircase_walking_full_width,3,RUN,50.8,53.8,11.5686,13,3
0.21,staircase_walking_full_width,4,TROT,0,0.2,1,1.11,0.2
0.21,staircase_walking_full_width,4,WALK,0.2,1.3,1.11,1.33,1.1
0.21,staircase_walking_full_width,4,JUMP,1.3,2.1,1.33,1.33,0.8
0.21,staircase_walking_full_width,4,WALK,2.1,4.8,1.33,1.87,2.7
0.21,staircase_walking_full_width,4,JUMP,4.8,5.6,1.87,1.87,0.8
0.21,staircase_walking_full_width,4,WALK,5.6,8.4,1.87,2.42,2.8
0.21,staircase_walking_full_width,4,JUMP,8.4,9.2,2.42,2.42,0.8
0.21,staircase_walking_full_width,4,WALK,9.2,11,2.42,2.78,1.8
0.21,staircase_walking_full_width,4,RUN,11,11.8,2.78,3.164,0.8
0.21,staircase_walking_full_width,4,WALK,11.8,20.9,3.164,4.97143,9.1
0.21,staircase_walking_full_width,4,RUN,20.9,21.7,4.97143,5.33486,0.8
0.21,staircase_walking_full_width,4,WALK,21.7,30.9,5.33486,7.17429,9.2
0.21,staircase_walking_full_width,4,RUN,30.9,31.7,7.17429,7.55829,0.8
0.21,staircase_walking_full_width,4,WALK,31.7,40.8,7.55829,9.36571,9.1
0.21,staircase_walking_full_width,4,RUN,40.8,41.6,9.36571,9.74971,0.8
0.21,staircase_walking_full_width,4,WALK,41.6,50.8,9.74971,11.5686,9.2
0.21,staircase_walking_full_width,4,RUN,50.8,53.8,11.5686,13,3
0.21,staircase_walking_full_width,5,TROT,0,0.2,1,1.11,0.2
0.21,staircase_walking_full_width,5,JUMP,0.2,1,1.11,1.11,0.8
0.21,staircase_walking_full_width,5,WALK,1,3.7,1.11,1.65,2.7
0.21,staircase_walking_full_width,5,JUMP,3.7,4.5,1.65,1.65,0.8
0.21,staircase_walking_full_width,5,WALK,4.5,7.3,1.65,2.2,2.8
0.21,staircase_walking_full_width,5,JUMP,7.3,8.1,2.2,2.2,0.8
0.21,staircase_walking_full_width,5,WALK,8.1,10.8,2.2,2.74,2.7
0.21,staircase_walking_full_width,5,JUMP,10.8,11.6,2.74,2.74,0.8
0.21,staircase_walking_full_width,5,WALK,11.6,12.3,2.74,2.88,0.7
0.21,staircase_walking_full_width,5,RUN,12.3,12.9,2.88,3.168,0.6
0.21,staircase_walking_full_width,5,WALK,12.9,22,3.168,4.97143,9.1
0.21,staircase_walking_full_width,5,RUN,22,22.8,4.97143,5.33486,0.8
0.21,staircase_walking_full_width,5,WALK,22.8,32,5.33486,7.17429,9.2
0.21,staircase_walking_full_width,5,RUN,32,32.8,7.17429,7.55829,0.8
0.21,staircase_walking_full_width,5,WALK,32.8,41.9,7.55829,9.36571,9.1
0.21,staircase_walking_full_width,5,RUN,41.9,42.7,9.36571,9.74971,0.8
0.21,staircase_walking_full_width,5,WALK,42.7,51.9,9.74971,11.5686,9.2
0.21,staircase_walking_full_width,5,RUN,51.9,54.9,11.5686,13,3
0.21,staircase_walking_full_width,6,TROT,0,0.2,1,1.11,0.2
0.21,staircase_walking_full_width,6,WALK,0.2,3.5,1.11,1.77,3.3
0.21,staircase_walking_full_width,6,JUMP,3.5,4.3,1.77,1.77,0.8
0.21,staircase_walking_full_width,6,WALK,4.3,7.1,1.77,2.32,2.8
0.21,staircase_walking_full_width,6,JUMP,7.1,7.9,2.32,2.32,0.8
0.21,staircase_walking_full_width,6,WALK,7.9,10.2,2.32,2.78,2.3
0.21,staircase_walking_full_width,6,RUN,10.2,11,2.78,3.164,0.8
0.21,staircase_walking_full_width,6,WALK,11,20.1,3.164,4.97143,9.1
0.21,staircase_walking_full_width,6,RUN,20.1,20.9,4.97143,5.33486,0.8
0.21,staircase_walking_full_width,6,WALK,20.9,30.1,5.33486,7.17429,9.2
0.21,staircase_walking_full_width,6,RUN,30.1,30.9,7.17429,7.55829,0.8
0.21,staircase_walking_full_width,6,WALK,30.9,40,7.55829,9.36571,9.1
0.21,staircase_walking_full_width,6,RUN,40,40.8,9.36571,9.74971,0.8
0.21,staircase_walking_full_width,6,WALK,40.8,50,9.74971,11.5686,9.2
0.21,staircase_walking_full_width,6,RUN,50,53,11.5686,13,3
0.21,staircase_walking_full_width,7,TROT,0,0.2,1,1.11,0.2
0.21,staircase_walking_full_width,7,WALK,0.2,8.6,1.11,2.78,8.4
0.21,staircase_walking_full_width,7,RUN,8.6,9.4,2.78,3.164,0.8
0.21,staircase_walking_full_width,7,WALK,9.4,18.5,3.164,4.97143,9.1
0.21,staircase_walking_full_width,7,RUN,18.5,19.3,4.97143,5.33486,0.8
0.21,staircase_walking_full_width,7,WALK,19.3,28.5,5.33486,7.17429,9.2
0.21,staircase_walking_full_width,7,RUN,28.5,29.3,7.17429,7.55829,0.8
0.21,staircase_walking_full_width,7,WALK,29.3,38.4,7.55829,9.36571,9.1
0.21,staircase_walking_full_width,7,RUN,38.4,39.2,9.36571,9.74971,0.8
0.21,staircase_walking_full_width,7,WALK,39.2,48.4,9.74971,11.5686,9.2
0.21,staircase_walking_full_width,7,RUN,48.4,51.4,11.5686,13,3
0.21,staircase_walking_full_width,8,TROT,0,0.2,1,1.11,0.2
0.21,staircase_walking_full_width,8,JUMP,0.2,1,1.11,1.11,0.8
0.21,staircase_walking_full_width,8,WALK,1,8.1,1.11,2.52,7.1
0.21,staircase_walking_full_width,8,RUN,8.1,8.4,2.52,2.664,0.3
0.21,staircase_walking_full_width,8,WALK,8.4,16,2.664,4.17857,7.6
0.21,staircase_walking_full_width,8,RUN,16,16.3,4.17857,4.32257,0.3
0.21,staircase_walking_full_width,8,WALK,16.3,23.8,4.32257,5.81571,7.5
0.21,staircase_walking_full_width,8,RUN,23.8,24.1,5.81571,5.95971,0.3
0.21,staircase_walking_full_width,8,WALK,24.1,31.7,5.95971,7.47429,7.6
0.21,staircase_walking_full_width,8,RUN,31.7,32,7.47429,7.61829,0.3
0.21,staircase_walking_full_width,8,WALK,32,39.6,7.61829,9.13143,7.6
0.21,staircase_walking_full_width,8,RUN,39.6,42,9.13143,10.25,2.4
0.21,staircase_walking_full_width,9,TROT,0,0.2,1,1.11,0.2
0.21,staircase_walking_full_width,9,WALK,0.2,7.3,1.11,2.52,7.1
0.21,staircase_walking_full_width,9,RUN,7.3,7.6,2.52,2.664,0.3
0.21,staircase_walking_full_width,9,WALK,7.6,15.2,2.664,4.17857,7.6
0.21,staircase_walking_full_width,9,RUN,15.2,15.5,4.17857,4.32257,0.3
0.21,staircase_walking_full_width,9,WALK,15.5,23,4.32257,5.81571,7.5
0.21,staircase_walking_full_width,9,RUN,23,23.3,5.81571,5.95971,0.3
0.21,staircase_walking_full_width,9,WALK,23.3,30.9,5.95971,7.47429,7.6
0.21,staircase_walking_full_width,9,RUN,30.9,31.2,7.47429,7.61829,0.3
0.21,staircase_walking_full_width,9,WALK,31.2,38.8,7.61829,9.13143,7.6
0.21,staircase_walking_full_width,9,RUN,38.8,41.2,9.13143,10.25,2.4
0.21,staircase_walking,0,TROT,0,6.5,1,4.305,6.5
0.21,staircase_walking,0,RUN,6.5,9.1,4.305,5.5,2.6
0.21,staircase_walking,1,TROT,0,0.8,1,1.44,0.8
0.21,staircase_walking,1,WALK,0.8,15.1,1.44,4.25,14.3
0.21,staircase_walking,1,RUN,15.1,17.8,4.25,5.5,2.7
0.21,staircase_walking,2,TROT,0,0.8,1,1.44,0.8
0.21,staircase_walking,2,WALK,0.8,5.9,1.44,2.43,5.1
0.21,staircase_walking,2,JUMP,5.9,6.7,2.43,2.43,0.8
0.21,staircase_walking,2,WALK,6.7,9.4,2.43,2.97,2.7
0.21,staircase_walking,2,JUMP,9.4,10.2,2.97,2.97,0.8
0.21,staircase_walking,2,WALK,10.2,12.9,2.97,3.51,2.7
0.21,staircase_walking,2,JUMP,12.9,13.7,3.51,3.51,0.8
0.21,staircase_walking,2,WALK,13.7,16.4,3.51,4.05,2.7
0.21,staircase_walking,2,JUMP,16.4,17.2,4.05,4.05,0.8
0.21,staircase_walking,2,WALK,17.2,18.3,4.05,4.25,1.1
0.21,staircase_walking,2,RUN,18.3,21,4.25,5.5,2.7
0.21,staircase_walking,3,TROT,0,0.2,1,1.11,0.2
0.21,staircase_walking,3,WALK,0.2,1.8,1.11,1.43,1.6
0.21,staircase_walking,3,JUMP,1.8,2.6,1.43,1.43,0.8
0.21,staircase_walking,3,WALK,2.6,5.4,1.43,1.98,2.8
0.21,staircase_walking,3,JUMP,5.4,6.2,1.98,1.98,0.8
0.21,staircase_walking,3,WALK,6.2,9,1.98,2.53,2.8
0.21,staircase_walking,3,JUMP,9,9.8,2.53,2.53,0.8
0.21,staircase_walking,3,WALK,9.8,12.5,2.53,3.07,2.7
0.21,staircase_walking,3,JUMP,12.5,13.3,3.07,3.07,0.8
0.21,staircase_walking,3,WALK,13.3,16,3.07,3.61,2.7
0.21,staircase_walking,3,JUMP,16,16.8,3.61,3.61,0.8
0.21,staircase_walking,3,WALK,16.8,19.6,3.61,4.17,2.8
0.21,staircase_walking,3,JUMP,19.6,20.4,4.17,4.17,0.8
0.21,staircase_walking,3,WALK,20.4,21.1,4.17,4.29,0.7
0.21,staircase_walking,3,RUN,21.1,23.7,4.29,5.5,2.6
0.21,staircase_walking,4,TROT,0,0.2,1,1.11,0.2
0.21,staircase_walking,4,WALK,0.2,1.5,1.11,1.37,1.3
0.21,staircase_walking,4,JUMP,1.5,2.3,1.37,1.37,0.8
0.21,staircase_walking,4,WALK,2.3,5.1,1.37,1.92,2.8
0.21,staircase_walking,4,JUMP,5.1,5.9,1.92,1.92,0.8
0.21,staircase_walking,4,WALK,5.9,8.7,1.92,2.465,2.8
0.21,staircase_walking,4,JUMP,8.7,9.5,2.465,2.465,0.8
0.21,staircase_walking,4,WALK,9.5,12.3,2.465,3.015,2.8
0.21,staircase_walking,4,JUMP,12.3,13.1,3.015,3.015,0.8
0.21,staircase_walking,4,WALK,13.1,15.9,3.015,3.565,2.8
0.21,staircase_walking,4,JUMP,15.9,16.7,3.565,3.565,0.8
0.21,staircase_walking,4,WALK,16.7,19.1,3.565,4.025,2.4
0.21,staircase_walking,4,RUN,19.1,21.7,4.025,5.2,2.6
0.21,staircase_walking,5,TROT,0,0.2,1,1.11,0.2
0.21,staircase_walking,5,JUMP,0.2,1,1.11,1.11,0.8
0.21,staircase_walking,5,WALK,1,3.8,1.11,1.66,2.8
0.21,staircase_walking,5,JUMP,3.8,4.6,1.66,1.66,0.8
0.21,staircase_walking,5,WALK,4.6,7.3,1.66,2.2,2.7
0.21,staircase_walking,5,JUMP,7.3,8.1,2.2,2.2,0.8
0.21,staircase_walking,5,WALK,8.1,12.8,2.2,3.115,4.7
0.21,staircase_walking,5,JUMP,12.8,13.6,3.115,3.115,0.8
0.21,staircase_walking,5,WALK,13.6,18.3,3.115,4.025,4.7
0.21,staircase_walking,5,RUN,18.3,20.9,4.025,5.2,2.6
0.21,staircase_walking,6,TROT,0,0.2,1,1.11,0.2
0.21,staircase_walking,6,JUMP,0.2,1,1.11,1.11,0.8
0.21,staircase_walking,6,WALK,1,8.9,1.11,2.665,7.9
0.21,staircase_walking,6,JUMP,8.9,9.7,2.665,2.665,0.8
0.21,staircase_walking,6,WALK,9.7,16.7,2.665,4.025,7
0.21,staircase_walking,6,RUN,16.7,19.3,4.025,5.2,2.6
0.21,staircase_walking,7,TROT,0,0.2,1,1.11,0.2
0.21,staircase_walking,7,JUMP,0.2,1,1.11,1.11,0.8
0.21,staircase_walking,7,WALK,1,15.9,1.11,4.025,14.9
0.21,staircase_walking,7,RUN,15.9,18.5,4.025,5.2,2.6
0.21,staircase_walking,8,TROT,0,0.2,1,1.11,0.2
0.21,staircase_walking,8,WALK,0.2,15.1,1.11,4.025,14.9
0.21,staircase_walking,8,RUN,15.1,17.7,4.025,5.2,2.6
0.21,staircase_walking,9,TROT,0,0.2,1,1.11,0.2
0.21,staircase_walking,9,WALK,0.2,15.1,1.11,4.025,14.9
0.21,staircase_walking,9,RUN,15.1,17.7,4.025,5.2,2.6
0.21,staircase_climbing,0,TROT,0,0.2,1,1.11,0.2
0.21,staircase_climbing,0,WALK,0.2,3.6,1.11,1.78,3.4
0.21,staircase_climbing,0,RUN,3.6,4.9,1.78,2.404,1.3
0.21,staircase_climbing,0,WALK,4.9,9.1,2.404,3.225,4.2
0.21,staircase_climbing,0,RUN,9.1,10.4,3.225,3.849,1.3
0.21,staircase_climbing,0,WALK,10.4,14.6,3.849,4.675,4.2
0.21,staircase_climbing,0,RUN,14.6,15.9,4.675,5.299,1.3
0.21,staircase_climbing,0,WALK,15.9,20.1,5.299,6.125,4.2
0.21,staircase_climbing,0,RUN,20.1,21.4,6.125,6.749,1.3
0.21,staircase_climbing,0,WALK,21.4,25.6,6.749,7.575,4.2
0.21,staircase_climbing,0,RUN,25.6,26.9,7.575,8.199,1.3
0.21,staircase_climbing,0,WALK,26.9,31.1,8.199,9.025,4.2
0.21,staircase_climbing,0,RUN,31.1,35.7,9.025,11.2,4.6
0.21,staircase_climbing,1,TROT,0,0.2,1,1.11,0.2
0.21,staircase_climbing,1,WALK,0.2,3.6,1.11,1.78,3.4
0.21,staircase_climbing,1,RUN,3.6,4.9,1.78,2.404,1.3
0.21,staircase_climbing,1,WALK,4.9,9.1,2.404,3.225,4.2
0.21,staircase_climbing,1,RUN,9.1,10.4,3.225,3.849,1.3
0.21,staircase_climbing,1,WALK,10.4,14.6,3.849,4.675,4.2
0.21,staircase_climbing,1,RUN,14.6,15.9,4.675,5.299,1.3
0.21,staircase_climbing,1,WALK,15.9,20.1,5.299,6.125,4.2
0.21,staircase_climbing,1,RUN,20.1,21.4,6.125,6.749,1.3
0.21,staircase_climbing,1,WALK,21.4,25.6,6.749,7.575,4.2
0.21,staircase_climbing,1,RUN,25.6,26.9,7.575,8.199,1.3
0.21,staircase_climbing,1,WALK,26.9,31.1,8.199,9.025,4.2
0.21,staircase_climbing,1,RUN,31.1,35.7,9.025,11.2,4.6
0.21,staircase_climbing,2,TROT,0,0.2,1,1.11,0.2
0.21,staircase_climbing,2,WALK,0.2,3.6,1.11,1.78,3.4
0.21,staircase_climbing,2,RUN,3.6,4.9,1.78,2.404,1.3
0.21,staircase_climbing,2,WALK,4.9,9.1,2.404,3.225,4.2
0.21,staircase_climbing,2,RUN,9.1,10.4,3.225,3.849,1.3
0.21,staircase_climbing,2,WALK,10.4,14.6,3.849,4.675,4.2
0.21,staircase_climbing,2,RUN,14.6,15.9,4.675,5.299,1.3
0.21,staircase_climbing,2,WALK,15.9,20.1,5.299,6.125,4.2
0.21,staircase_climbing,2,RUN,20.1,21.4,6.125,6.749,1.3
0.21,staircase_climbing,2,WALK,21.4,25.6,6.749,7.575,4.2
0.21,staircase_climbing,2,RUN,25.6,26.9,7.575,8.199,1.3
0.21,staircase_climbing,2,WALK,26.9,31.1,8.199,9.025,4.2
0.21,staircase_climbing,2,RUN,31.1,35.7,9.025,11.2,4.6
0.21,staircase_climbing,3,TROT,0,0.2,1,1.11,0.2
0.21,staircase_climbing,3,WALK,0.2,3.6,1.11,1.78,3.4
0.21,staircase_climbing,3,RUN,3.6,4.9,1.78,2.404,1.3
0.21,staircase_climbing,3,WALK,4.9,9.1,2.404,3.225,4.2
0.21,staircase_climbing,3,RUN,9.1,10.4,3.225,3.849,1.3
0.21,staircase_climbing,3,WALK,10.4,14.6,3.849,4.675,4.2
0.21,staircase_climbing,3,RUN,14.6,15.9,4.675,5.299,1.3
0.21,staircase_climbing,3,WALK,15.9,20.1,5.299,6.125,4.2
0.21,staircase_climbing,3,RUN,20.1,21.4,6.125,6.749,1.3
0.21,staircase_climbing,3,WALK,21.4,25.6,6.749,7.575,4.2
0.21,staircase_climbing,3,RUN,25.6,26.9,7.575,8.199,1.3
0.21,staircase_climbing,3,WALK,26.9,31.1,8.199,9.025,4.2
0.21,staircase_climbing,3,RUN,31.1,35.7,9.025,11.2,4.6
0.21,staircase_climbing,4,TROT,0,0.2,1,1.11,0.2
0.21,staircase_climbing,4,WALK,0.2,3.6,1.11,1.78,3.4
0.21,staircase_climbing,4,RUN,3.6,4.9,1.78,2.404,1.3
0.21,staircase_climbing,4,WALK,4.9,9.1,2.404,3.225,4.2
0.21,staircase_climbing,4,RUN,9.1,10.4,3.225,3.849,1.3
0.21,staircase_climbing,4,WALK,10.4,14.6,3.849,4.675,4.2
0.21,staircase_climbing,4,RUN,14.6,15.9,4.675,5.299,1.3
0.21,staircase_climbing,4,WALK,15.9,20.1,5.299,6.125,4.2
0.21,staircase_climbing,4,RUN,20.1,21.4,6.125,6.749,1.3
0.21,staircase_climbing,4,WALK,21.4,25.6,6.749,7.575,4.2
0.21,staircase_climbing,4,RUN,25.6,26.9,7.575,8.199,1.3
0.21,staircase_climbing,4,WALK,26.9,31.1,8.199,9.025,4.2
0.21,staircase_climbing,4,RUN,31.1,35.7,9.025,11.2,4.6
0.21,staircase_climbing,5,TROT,0,0.2,1,1.11,0.2
0.21,staircase_climbing,5,WALK,0.2,3.6,1.11,1.78,3.4
0.21,staircase_climbing,5,RUN,3.6,4.8,1.78,2.356,1.2
0.21,staircase_climbing,5,WALK,4.8,9,2.356,3.18,4.2
0.21,staircase_climbing,5,RUN,9,10.2,3.18,3.756,1.2
0.21,staircase_climbing,5,WALK,10.2,14.4,3.756,4.58,4.2
0.21,staircase_climbing,5,RUN,14.4,15.6,4.58,5.156,1.2
0.21,staircase_climbing,5,WALK,15.6,19.8,5.156,5.98,4.2
0.21,staircase_climbing,5,RUN,19.8,21,5.98,6.556,1.2
0.21,staircase_climbing,5,WALK,21,25.2,6.556,7.38,4.2
0.21,staircase_climbing,5,RUN,25.2,26.4,7.38,7.956,1.2
0.21,staircase_climbing,5,WALK,26.4,30.6,7.956,8.78,4.2
0.21,staircase_climbing,5,RUN,30.6,35.1,8.78,10.9,4.5
0.21,staircase_climbing,6,TROT,0,0.2,1,1.11,0.2
0.21,staircase_climbing,6,WALK,0.2,3.6,1.11,1.78,3.4
0.21,staircase_climbing,6,RUN,3.6,4.8,1.78,2.356,1.2
0.21,staircase_climbing,6,WALK,4.8,9,2.356,3.18,4.2
0.21,staircase_climbing,6,RUN,9,10.2,3.18,3.756,1.2
0.21,staircase_climbing,6,WALK,10.2,14.4,3.756,4.58,4.2
0.21,staircase_climbing,6,RUN,14.4,15.6,4.58,5.156,1.2
0.21,staircase_climbing,6,WALK,15.6,19.8,5.156,5.98,4.2
0.21,staircase_climbing,6,RUN,19.8,21,5.98,6.556,1.2
0.21,staircase_climbing,6,WALK,21,25.2,6.556,7.38,4.2
0.21,staircase_climbing,6,RUN,25.2,26.4,7.38,7.956,1.2
0.21,staircase_climbing,6,WALK,26.4,30.6,7.956,8.78,4.2
0.21,staircase_climbing,6,RUN,30.6,35.1,8.78,10.9,4.5
0.21,staircase_climbing,7,TROT,0,0.2,1,1.11,0.2
0.21,staircase_climbing,7,WALK,0.2,3.6,1.11,1.78,3.4
0.21,staircase_climbing,7,RUN,3.6,4.8,1.78,2.356,1.2
0.21,staircase_climbing,7,WALK,4.8,9,2.356,3.18,4.2
0.21,staircase_climbing,7,RUN,9,10.2,3.18,3.756,1.2
0.21,staircase_climbing,7,WALK,10.2,14.4,3.756,4.58,4.2
0.21,staircase_climbing,7,RUN,14.4,15.6,4.58,5.156,1.2
0.21,staircase_climbing,7,WALK,15.6,19.8,5.156,5.98,4.2
0.21,staircase_climbing,7,RUN,19.8,21,5.98,6.556,1.2
0.21,staircase_climbing,7,WALK,21,25.2,6.556,7.38,4.2
0.21,staircase_climbing,7,RUN,25.2,26.4,7.38,7.956,1.2
0.21,staircase_climbing,7,WALK,26.4,30.6,7.956,8.78,4.2
0.21,staircase_climbing,7,RUN,30.6,35.1,8.78,10.9,4.5
0.21,staircase_climbing,8,TROT,0,0.2,1,1.11,0.2
0.21,staircase_climbing,8,WALK,0.2,3.6,1.11,1.78,3.4
0.21,staircase_climbing,8,RUN,3.6,4.8,1.78,2.356,1.2
0.21,staircase_climbing,8,WALK,4.8,9,2.356,3.18,4.2
0.21,staircase_climbing,8,RUN,9,10.2,3.18,3.756,1.2
0.21,staircase_climbing,8,WALK,10.2,14.4,3.756,4.58,4.2
0.21,staircase_climbing,8,RUN,14.4,15.6,4.58,5.156,1.2
0.21,staircase_climbing,8,WALK,15.6,19.8,5.156,5.98,4.2
0.21,staircase_climbing,8,RUN,19.8,21,5.98,6.556,1.2
0.21,staircase_climbing,8,WALK,21,25.2,6.556,7.38,4.2
0.21,staircase_climbing,8,RUN,25.2,26.4,7.38,7.956,1.2
0.21,staircase_climbing,8,WALK,26.4,30.6,7.956,8.78,4.2
0.21,staircase_climbing,8,RUN,30.6,35.1,8.78,10.9,4.5
0.21,staircase_climbing,9,TROT,0,0.2,1,1.11,0.2
0.21,staircase_climbing,9,WALK,0.2,3.6,1.11,1.78,3.4
0.21,staircase_climbing,9,RUN,3.6,4.8,1.78,2.356,1.2
0.21,staircase_climbing,9,WALK,4.8,9,2.356,3.18,4.2
0.21,staircase_climbing,9,RUN,9,10.2,3.18,3.756,1.2
0.21,staircase_climbing,9,WALK,10.2,14.4,3.756,4.58,4.2
0.21,staircase_climbing,9,RUN,14.4,15.6,4.58,5.156,1.2
0.21,staircase_climbing,9,WALK,15.6,19.8,5.156,5.98,4.2
0.21,staircase_climbing,9,RUN,19.8,21,5.98,6.556,1.2
0.21,staircase_climbing,9,WALK,21,25.2,6.556,7.38,4.2
0.21,staircase_climbing,9,RUN,25.2,26.4,7.38,7.956,1.2
0.21,staircase_climbing,9,WALK,26.4,30.6,7.956,8.78,4.2
0.21,staircase_climbing,9,RUN,30.6,35.1,8.78,10.9,4.5
0.21,staircase_spiral,0,TROT,0,0.2,1,1.10922,0.2
0.21,staircase_spiral,0,RUN,0.2,6.1,1.10922,3.87912,5.9
0.21,staircase_spiral,0,TROT,6.1,16.4,3.87912,5.52465,10.3
0.21,staircase_spiral,0,WALK,16.4,20,5.52465,5.08601,3.6
0.21,staircase_spiral,1,TROT,0,0.2,1,1.10923,0.2
0.21,staircase_spiral,1,RUN,0.2,6.2,1.10923,3.94683,6
0.21,staircase_spiral,1,TROT,6.2,16.3,3.94683,5.57476,10.1
0.21,staircase_spiral,1,RUN,16.3,16.6,5.57476,5.48498,0.3
0.21,staircase_spiral,1,WALK,16.6,19.6,5.48498,5.12155,3
0.21,staircase_spiral,2,TROT,0,0.2,1,1.10924,0.2
0.21,staircase_spiral,2,RUN,0.2,6.2,1.10924,3.96707,6
0.21,staircase_spiral,2,WALK,6.2,24.6,3.96707,6.83044,18.4
0.21,staircase_spiral,2,RUN,24.6,24.9,6.83044,6.74065,0.3
0.21,staircase_spiral,2,WALK,24.9,28,6.74065,6.35513,3.1
0.21,staircase_spiral,2,RUN,28,28.3,6.35513,6.21113,0.3
0.21,staircase_spiral,2,WALK,28.3,35.1,6.21113,5.15709,6.8
0.21,staircase_spiral,3,TROT,0,0.2,1,1.10925,0.2
0.21,staircase_spiral,3,RUN,0.2,6.3,1.10925,3.98723,6.1
0.21,staircase_spiral,3,JUMP,6.3,7.1,3.98723,3.98723,0.8
0.21,staircase_spiral,3,WALK,7.1,9.9,3.98723,4.5432,2.8
0.21,staircase_spiral,3,JUMP,9.9,10.7,4.5432,4.5432,0.8
0.21,staircase_spiral,3,WALK,10.7,13.5,4.5432,5.09917,2.8
0.21,staircase_spiral,3,JUMP,13.5,14.3,5.09917,5.09917,0.8
0.21,staircase_spiral,3,WALK,14.3,17.2,5.09917,5.64086,2.9
0.21,staircase_spiral,3,JUMP,17.2,18,5.64086,5.64086,0.8
0.21,staircase_spiral,3,WALK,18,21,5.64086,6.18019,3
0.21,staircase_spiral,3,JUMP,21,21.8,6.18019,6.18019,0.8
0.21,staircase_spiral,3,WALK,21.8,24.4,6.18019,6.64745,2.6
0.21,staircase_spiral,3,RUN,24.4,24.7,6.64745,6.6795,0.3
0.21,staircase_spiral,3,WALK,24.7,25,6.6795,6.69285,0.3
0.21,staircase_spiral,3,JUMP,25,25.8,6.69285,6.69285,0.8
0.21,staircase_spiral,3,WALK,25.8,32.1,6.69285,6.33931,6.3
0.21,staircase_spiral,3,RUN,32.1,32.4,6.33931,6.19531,0.3
0.21,staircase_spiral,3,WALK,32.4,35.3,6.19531,5.62822,2.9
0.21,staircase_spiral,3,RUN,35.3,35.6,5.62822,5.53844,0.3
0.21,staircase_spiral,3,WALK,35.6,38.4,5.53844,5.19264,2.8
0.21,staircase_spiral,4,TROT,0,0.2,1,1.10926,0.2
0.21,staircase_spiral,4,RUN,0.2,6.4,1.10926,4.05504,6.2
0.21,staircase_spiral,4,JUMP,6.4,7.2,4.05504,4.05504,0.8
0.21,staircase_spiral,4,WALK,7.2,10,4.05504,4.61184,2.8
0.21,staircase_spiral,4,JUMP,10,10.8,4.61184,4.61184,0.8
0.21,staircase_spiral,4,WALK,10.8,13.6,4.61184,5.16864,2.8
0.21,staircase_spiral,4,JUMP,13.6,14.4,5.16864,5.16864,0.8
0.21,staircase_spiral,4,WALK,14.4,17.3,5.16864,5.7054,2.9
0.21,staircase_spiral,4,JUMP,17.3,18.1,5.7054,5.7054,0.8
0.21,staircase_spiral,4,WALK,18.1,21.2,5.7054,6.25227,3.1
0.21,staircase_spiral,4,JUMP,21.2,22,6.25227,6.25227,0.8
0.21,staircase_spiral,4,WALK,22,27.3,6.25227,6.76136,5.3
0.21,staircase_spiral,4,JUMP,27.3,28.1,6.76136,6.76136,0.8
0.21,staircase_spiral,4,WALK,28.1,38.9,6.76136,5.22818,10.8
0.21,staircase_spiral,5,TROT,0,0.2,1,1.10927,0.2
0.21,staircase_spiral,5,RUN,0.2,6.4,1.10927,4.02732,6.2
0.21,staircase_spiral,5,JUMP,6.4,7.2,4.02732,4.02732,0.8
0.21,staircase_spiral,5,WALK,7.2,10,4.02732,4.58484,2.8
0.21,staircase_spiral,5,JUMP,10,10.8,4.58484,4.58484,0.8
0.21,staircase_spiral,5,WALK,10.8,13.8,4.58484,5.18219,3
0.21,staircase_spiral,5,JUMP,13.8,14.6,5.18219,5.18219,0.8
0.21,staircase_spiral,5,WALK,14.6,17.6,5.18219,5.7339,3
0.21,staircase_spiral,5,JUMP,17.6,18.4,5.7339,5.7339,0.8
0.21,staircase_spiral,5,WALK,18.4,21.4,5.7339,6.27029,3
0.21,staircase_spiral,5,JUMP,21.4,22.2,6.27029,6.27029,0.8
0.21,staircase_spiral,5,WALK,22.2,37.2,6.27029,5.26373,15
0.21,staircase_spiral,6,TROT,0,0.2,1,1.10928,0.2
0.21,staircase_spiral,6,RUN,0.2,6.6,1.10928,4.14293,6.4
0.21,staircase_spiral,6,WALK,6.6,21.2,4.14293,6.6376,14.6
0.21,staircase_spiral,6,JUMP,21.2,22,6.6376,6.6376,0.8
0.21,staircase_spiral,6,WALK,22,33.1,6.6376,5.29927,11.1
0.21,staircase_spiral,7,TROT,0,0.2,1,1.10929,0.2
0.21,staircase_spiral,7,RUN,0.2,6.6,1.10929,4.16288,6.4
0.21,staircase_spiral,7,WALK,6.6,31.2,4.16288,5.33481,24.6
0.21,staircase_spiral,8,TROT,0,0.2,1,1.1093,0.2
0.21,staircase_spiral,8,RUN,0.2,6.6,1.1093,4.13481,6.4
0.21,staircase_spiral,8,WALK,6.6,30.9,4.13481,5.37036,24.3
0.21,staircase_spiral,9,TROT,0,0.2,1,1.10931,0.2
0.21,staircase_spiral,9,RUN,0.2,6.8,1.10931,4.25046,6.6
0.21,staircase_spiral,9,WALK,6.8,29.4,4.25046,5.4059,22.6
0.21,squeeze,0,TROT,0,0.2,1,1.11,0.2
0.21,squeeze,0,RUN,0.2,3,1.11,2.39674,2.8
0.21,squeeze,0,WALK,3,3.7,2.39674,2.53489,0.7
0.21,squeeze,0,RUN,3.7,4.9,2.53489,3.10329,1.2
0.21,squeeze,0,WALK,4.9,6.8,3.10329,3.46318,1.9
0.21,squeeze,0,RUN,6.8,18,3.46318,8.65,11.2
0.21,squeeze,1,TROT,0,0.2,1,1.11,0.2
0.21,squeeze,1,RUN,0.2,2.3,1.11,2.07221,2.1
0.21,squeeze,1,WALK,2.3,3.9,2.07221,2.38775,1.6
0.21,squeeze,1,RUN,3.9,12.3,2.38775,6.32305,8.4
0.21,squeeze,1,WALK,12.3,13.3,6.32305,6.51601,1
0.21,squeeze,1,RUN,13.3,18.4,6.51601,8.9,5.1
0.21,squeeze,2,TROT,0,0.2,1,1.11,0.2
0.21,squeeze,2,RUN,0.2,2.6,1.11,2.21818,2.4
0.21,squeeze,2,WALK,2.6,3.5,2.21818,2.38485,0.9
0.21,squeeze,2,RUN,3.5,12.9,2.38485,6.79002,9.4
0.21,squeeze,2,WALK,12.9,13.9,6.79002,6.9862,1
0.21,squeeze,2,RUN,13.9,18.7,6.9862,9.25,4.8
0.21,squeeze,3,TROT,0,0.2,1,1.11,0.2
0.21,squeeze,3,RUN,0.2,2.7,1.11,2.26444,2.5
0.21,squeeze,3,WALK,2.7,3.4,2.26444,2.39422,0.7
0.21,squeeze,3,RUN,3.4,18,2.39422,9.25,14.6
0.21,squeeze,4,TROT,0,0.2,1,1.11,0.2
0.21,squeeze,4,RUN,0.2,10.1,1.11,5.75096,9.9
0.21,squeeze,4,WALK,10.1,11.5,5.75096,6.02558,1.4
0.21,squeeze,4,RUN,11.5,19.2,6.02558,9.65,7.7
0.21,squeeze,5,TROT,0,0.2,1,1.11,0.2
0.21,squeeze,5,RUN,0.2,2.5,1.11,2.16877,2.3
0.21,squeeze,5,WALK,2.5,3.9,2.16877,2.44114,1.4
0.21,squeeze,5,RUN,3.9,5.8,2.44114,3.3436,1.9
0.21,squeeze,5,WALK,5.8,14.4,3.3436,5.02317,8.6
0.21,squeeze,5,RUN,14.4,15.7,5.02317,5.64693,1.3
0.21,squeeze,5,WALK,15.7,17.5,5.64693,6.00068,1.8
0.21,squeeze,5,RUN,17.5,19.3,6.00068,6.85614,1.8
0.21,squeeze,5,WALK,19.3,27.1,6.85614,8.38397,7.8
0.21,squeeze,5,RUN,27.1,29.5,8.38397,9.5,2.4
0.21,squeeze,6,TROT,0,0.2,1,1.11,0.2
0.21,squeeze,6,RUN,0.2,2.4,1.11,2.12396,2.2
0.21,squeeze,6,WALK,2.4,35.3,2.12396,8.63292,32.9
0.21,squeeze,6,RUN,35.3,37.7,8.63292,9.75,2.4
0.21,squeeze,7,TROT,0,0.2,1,1.11,0.2
0.21,squeeze,7,RUN,0.2,2.5,1.11,2.17172,2.3
0.21,squeeze,7,WALK,2.5,17.4,2.17172,5.12469,14.9
0.21,squeeze,7,RUN,17.4,18.9,5.12469,5.83671,1.5
0.21,squeeze,7,WALK,18.9,20.7,5.83671,6.18409,1.8
0.21,squeeze,7,RUN,20.7,28.6,6.18409,9.9,7.9
0.21,squeeze,8,TROT,0,0.2,1,1.11,0.2
0.21,squeeze,8,WALK,0.2,41.8,1.11,9.31703,41.6
0.21,squeeze,8,RUN,41.8,44.2,9.31703,10.45,2.4
0.21,squeeze,9,TROT,0,0.2,1,1.11,0.2
0.21,squeeze,9,RUN,0.2,2.5,1.11,2.17192,2.3
0.21,squeeze,9,WALK,2.5,37.2,2.17192,9.08154,34.7
0.21,squeeze,9,RUN,37.2,39.6,9.08154,10.2,2.4
0.21,agility_poles,0,TROT,0,0.2,1,1.11,0.2
0.21,agility_poles,0,RUN,0.2,41.1,1.11,17.2822,40.9
0.21,agility_poles,0,WALK,41.1,46.5,17.2822,18.3,5.4
0.21,agility_poles,1,TROT,0,0.2,1,1.11,0.2
0.21,agility_poles,1,RUN,0.2,41.8,1.11,17.25,41.6
0.21,agility_poles,2,TROT,0,0.2,1,1.11,0.2
0.21,agility_poles,2,RUN,0.2,40.4,1.11,16.55,40.2
0.21,agility_poles,3,TROT,0,0.2,1,1.11,0.2
0.21,agility_poles,3,RUN,0.2,38.8,1.11,15.5,38.6
0.21,agility_poles,4,TROT,0,0.2,1,1.11,0.2
0.21,agility_poles,4,RUN,0.2,36.9,1.11,14.8,36.7
0.21,agility_poles,5,TROT,0,0.2,1,1.11,0.2
0.21,agility_poles,5,RUN,0.2,35.3,1.11,13.75,35.1
0.21,agility_poles,6,TROT,0,0.2,1,1.11,0.2
0.21,agility_poles,6,RUN,0.2,33.9,1.11,13.05,33.7
0.21,agility_poles,7,TROT,0,0.2,1,1.11,0.2
0.21,agility_poles,7,RUN,0.2,32.3,1.11,12,32.1
0.21,agility_poles,8,TROT,0,0.2,1,1.11,0.2
0.21,agility_poles,8,RUN,0.2,31.4,1.11,11.3,31.2
0.21,agility_poles,9,TROT,0,0.2,1,1.11,0.2
0.21,agility_poles,9,RUN,0.2,29.9,1.11,10.25,29.7
0.21,balance_beam,0,TROT,0,0.2,1,1.11,0.2
0.21,balance_beam,0,RUN,0.2,19.4,1.11,10,19.2
0.21,balance_beam,1,TROT,0,0.2,1,1.11,0.2
0.21,balance_beam,1,RUN,0.2,20.6,1.11,10.6,20.4
0.21,balance_beam,2,TROT,0,0.2,1,1.11,0.2
0.21,balance_beam,2,RUN,0.2,21.1,1.11,10.9,20.9
0.21,balance_beam,3,TROT,0,0.2,1,1.11,0.2
0.21,balance_beam,3,RUN,0.2,22.5,1.11,11.5,22.3
0.21,balance_beam,4,TROT,0,0.2,1,1.11,0.2
0.21,balance_beam,4,RUN,0.2,23.7,1.11,12.1,23.5
0.21,balance_beam,5,TROT,0,0.2,1,1.11,0.2
0.21,balance_beam,5,RUN,0.2,24.2,1.11,12.4,24
0.21,balance_beam,6,TROT,0,0.2,1,1.11,0.2
0.21,balance_beam,6,RUN,0.2,25.4,1.11,13,25.2
0.21,balance_beam,7,TROT,0,0.2,1,1.11,0.2
0.21,balance_beam,7,RUN,0.2,26.6,1.11,13.6,26.4
0.21,balance_beam,8,TROT,0,0.2,1,1.11,0.2
0.21,balance_beam,8,RUN,0.2,27.3,1.11,13.9,27.1
0.21,balance_beam,9,TROT,0,0.2,1,1.11,0.2
0.21,balance_beam,9,WALK,0.2,64.1,1.11,13.78,63.9
0.21,balance_beam,9,RUN,64.1,65.7,13.78,14.5,1.6
0.45,jump_on_and_off_box,0,TROT,0,0.4,1,1.22,0.4
0.45,jump_on_and_off_box,0,WALK,0.4,3.5,1.22,1.81995,3.1
0.45,jump_on_and_off_box,0,RUN,3.5,4.2,1.81995,2.15589,0.7
0.45,jump_on_and_off_box,0,WALK,4.2,8.8,2.15589,3.06304,4.6
0.45,jump_on_and_off_box,0,RUN,8.8,10,3.06304,3.63903,1.2
0.45,jump_on_and_off_box,0,WALK,10,14.4,3.63903,4.51903,4.4
0.45,jump_on_and_off_box,0,RUN,14.4,14.9,4.51903,4.75903,0.5
0.45,jump_on_and_off_box,0,WALK,14.9,19.5,4.75903,5.66463,4.6
0.45,jump_on_and_off_box,0,RUN,19.5,20.7,5.66463,6.24046,1.2
0.45,jump_on_and_off_box,0,WALK,20.7,25.1,6.24046,7.12022,4.4
0.45,jump_on_and_off_box,0,RUN,25.1,26,7.12022,7.5521,0.9
0.45,jump_on_and_off_box,0,WALK,26,30.6,7.5521,8.45812,4.6
0.45,jump_on_and_off_box,0,RUN,30.6,31.8,8.45812,9.03384,1.2
0.45,jump_on_and_off_box,0,WALK,31.8,36.2,9.03384,9.91341,4.4
0.45,jump_on_and_off_box,0,RUN,36.2,37.1,9.91341,10.3452,0.9
0.45,jump_on_and_off_box,0,WALK,37.1,41.5,10.3452,11.2181,4.4
0.45,jump_on_and_off_box,0,RUN,41.5,42.7,11.2181,11.7938,1.2
0.45,jump_on_and_off_box,0,WALK,42.7,47.1,11.7938,12.6733,4.4
0.45,jump_on_and_off_box,0,RUN,47.1,48,12.6733,13.1051,0.9
0.45,jump_on_and_off_box,0,WALK,48,52.6,13.1051,14.0143,4.6
0.45,jump_on_and_off_box,0,RUN,52.6,53.8,14.0143,14.5893,1.2
0.45,jump_on_and_off_box,0,WALK,53.8,58.2,14.5893,15.4679,4.4
0.45,jump_on_and_off_box,0,RUN,58.2,58.7,15.4679,15.7074,0.5
0.45,jump_on_and_off_box,0,WALK,58.7,62.6,15.7074,16.4739,3.9
0.45,jump_on_and_off_box,0,RUN,62.6,64.2,16.4739,17.2416,1.6
0.45,jump_on_and_off_box,0,WALK,64.2,71,17.2416,18.6,6.8
0.45,jump_on_and_off_box,1,TROT,0,0.4,1,1.22,0.4
0.45,jump_on_and_off_box,1,WALK,0.4,3.5,1.22,1.82,3.1
0.45,jump_on_and_off_box,1,RUN,3.5,4,1.82,2.05999,0.5
0.45,jump_on_and_off_box,1,WALK,4,8.3,2.05999,2.91378,4.3
0.45,jump_on_and_off_box,1,RUN,8.3,9.5,2.91378,3.48954,1.2
0.45,jump_on_and_off_box,1,WALK,9.5,13.9,3.48954,4.36918,4.4
0.45,jump_on_and_off_box,1,RUN,13.9,14.6,4.36918,4.70504,0.7
0.45,jump_on_and_off_box,1,WALK,14.6,19.2,4.70504,5.60903,4.6
0.45,jump_on_and_off_box,1,RUN,19.2,20.4,5.60903,6.18497,1.2
0.45,jump_on_and_off_box,1,WALK,20.4,24.8,6.18497,7.06488,4.4
0.45,jump_on_and_off_box,1,RUN,24.8,25.4,7.06488,7.35285,0.6
0.45,jump_on_and_off_box,1,WALK,25.4,30,7.35285,8.26601,4.6
0.45,jump_on_and_off_box,1,RUN,30,31.2,8.26601,8.84192,1.2
0.45,jump_on_and_off_box,1,WALK,31.2,35.6,8.84192,9.7218,4.4
0.45,jump_on_and_off_box,1,RUN,35.6,36.2,9.7218,10.0098,0.6
0.45,jump_on_and_off_box,1,WALK,36.2,40.7,10.0098,10.9051,4.5
0.45,jump_on_and_off_box,1,RUN,40.7,41.9,10.9051,11.4811,1.2
0.45,jump_on_and_off_box,1,WALK,41.9,46.3,11.4811,12.3611,4.4
0.45,jump_on_and_off_box,1,RUN,46.3,47.1,12.3611,12.7451,0.8
0.45,jump_on_and_off_box,1,WALK,47.1,51.5,12.7451,13.6097,4.4
0.45,jump_on_and_off_box,1,RUN,51.5,52.7,13.6097,14.1844,1.2
0.45,jump_on_and_off_box,1,WALK,52.7,57.1,14.1844,15.0623,4.4
0.45,jump_on_and_off_box,1,RUN,57.1,57.6,15.0623,15.3017,0.5
0.45,jump_on_and_off_box,1,WALK,57.6,61.7,15.3017,16.1053,4.1
0.45,jump_on_and_off_box,1,RUN,61.7,64,16.1053,17.2086,2.3
0.45,jump_on_and_off_box,1,WALK,64,69.3,17.2086,18.25,5.3
0.45,jump_on_and_off_box,2,TROT,0,0.4,1,1.22,0.4
0.45,jump_on_and_off_box,2,WALK,0.4,3.5,1.22,1.81906,3.1
0.45,jump_on_and_off_box,2,RUN,3.5,4.4,1.81906,2.24978,0.9
0.45,jump_on_and_off_box,2,WALK,4.4,8.8,2.24978,3.12135,4.4
0.45,jump_on_and_off_box,2,RUN,8.8,9.8,3.12135,3.60131,1
0.45,jump_on_and_off_box,2,WALK,9.8,14.4,3.60131,4.52124,4.6
0.45,jump_on_and_off_box,2,RUN,14.4,15,4.52124,4.80922,0.6
0.45,jump_on_and_off_box,2,WALK,15,19.5,4.80922,5.70596,4.5
0.45,jump_on_and_off_box,2,RUN,19.5,20.6,5.70596,6.23388,1.1
0.45,jump_on_and_off_box,2,WALK,20.6,25,6.23388,7.11375,4.4
0.45,jump_on_and_off_box,2,RUN,25,25.5,7.11375,7.35372,0.5
0.45,jump_on_and_off_box,2,WALK,25.5,29.6,7.35372,8.16053,4.1
0.45,jump_on_and_off_box,2,RUN,29.6,30.7,8.16053,8.68853,1.1
0.45,jump_on_and_off_box,2,WALK,30.7,35.1,8.68853,9.56853,4.4
0.45,jump_on_and_off_box,2,RUN,35.1,35.6,9.56853,9.80853,0.5
0.45,jump_on_and_off_box,2,WALK,35.6,40,9.80853,10.6695,4.4
0.45,jump_on_and_off_box,2,RUN,40,41.1,10.6695,11.1973,1.1
0.45,jump_on_and_off_box,2,WALK,41.1,45.4,11.1973,12.057,4.3
0.45,jump_on_and_off_box,2,RUN,45.4,46.1,12.057,12.3929,0.7
0.45,jump_on_and_off_box,2,WALK,46.1,50.5,12.3929,13.2618,4.4
0.45,jump_on_and_off_box,2,RUN,50.5,51.6,13.2618,13.7892,1.1
0.45,jump_on_and_off_box,2,WALK,51.6,56,13.7892,14.6682,4.4
0.45,jump_on_and_off_box,2,RUN,56,56.6,14.6682,14.9559,0.6
0.45,jump_on_and_off_box,2,WALK,56.6,61.2,14.9559,15.8736,4.6
0.45,jump_on_and_off_box,2,RUN,61.2,64,15.8736,17.2169,2.8
0.45,jump_on_and_off_box,2,WALK,64,67.7,17.2169,17.95,3.7
0.45,jump_on_and_off_box,3,TROT,0,0.4,1,1.22,0.4
0.45,jump_on_and_off_box,3,WALK,0.4,3.5,1.22,1.81961,3.1
0.45,jump_on_and_off_box,3,RUN,3.5,4,1.81961,2.05932,0.5
0.45,jump_on_and_off_box,3,WALK,4,7.5,2.05932,2.75542,3.5
0.45,jump_on_and_off_box,3,RUN,7.5,8.6,2.75542,3.28299,1.1
0.45,jump_on_and_off_box,3,WALK,8.6,13,3.28299,4.16227,4.4
0.45,jump_on_and_off_box,3,RUN,13,13.5,4.16227,4.40207,0.5
0.45,jump_on_and_off_box,3,WALK,13.5,17.8,4.40207,5.25521,4.3
0.45,jump_on_and_off_box,3,RUN,17.8,18.9,5.25521,5.78285,1.1
0.45,jump_on_and_off_box,3,WALK,18.9,23.3,5.78285,6.66226,4.4
0.45,jump_on_and_off_box,3,RUN,23.3,23.8,6.66226,6.9021,0.5
0.45,jump_on_and_off_box,3,WALK,23.8,28.4,6.9021,7.80988,4.6
0.45,jump_on_and_off_box,3,RUN,28.4,29.5,7.80988,8.3373,1.1
0.45,jump_on_and_off_box,3,WALK,29.5,33.9,8.3373,9.21632,4.4
0.45,jump_on_and_off_box,3,RUN,33.9,34.4,9.21632,9.45605,0.5
0.45,jump_on_and_off_box,3,WALK,34.4,39,9.45605,10.3706,4.6
0.45,jump_on_and_off_box,3,RUN,39,40.1,10.3706,10.8977,1.1
0.45,jump_on_and_off_box,3,WALK,40.1,44.4,10.8977,11.7563,4.3
0.45,jump_on_and_off_box,3,RUN,44.4,45,11.7563,12.0439,0.6
0.45,jump_on_and_off_box,3,WALK,45,49.4,12.0439,12.9149,4.4
0.45,jump_on_and_off_box,3,RUN,49.4,50.5,12.9149,13.4423,1.1
0.45,jump_on_and_off_box,3,WALK,50.5,54.9,13.4423,14.3213,4.4
0.45,jump_on_and_off_box,3,RUN,54.9,55.4,14.3213,14.561,0.5
0.45,jump_on_and_off_box,3,WALK,55.4,59.5,14.561,15.3659,4.1
0.45,jump_on_and_off_box,3,RUN,59.5,63.4,15.3659,17.2375,3.9
0.45,jump_on_and_off_box,3,WALK,63.4,64.5,17.2375,17.45,1.1
0.45,jump_on_and_off_box,4,TROT,0,0.4,1,1.22,0.4
0.45,jump_on_and_off_box,4,WALK,0.4,3.5,1.22,1.81985,3.1
0.45,jump_on_and_off_box,4,RUN,3.5,4.1,1.81985,2.10772,0.6
0.45,jump_on_and_off_box,4,WALK,4.1,8.7,2.10772,3.02313,4.6
0.45,jump_on_and_off_box,4,RUN,8.7,9.7,3.02313,3.50313,1
0.45,jump_on_and_off_box,4,WALK,9.7,18.8,3.50313,5.30683,9.1
0.45,jump_on_and_off_box,4,RUN,18.8,19.9,5.30683,5.83454,1.1
0.45,jump_on_and_off_box,4,WALK,19.9,24.3,5.83454,6.71406,4.4
0.45,jump_on_and_off_box,4,RUN,24.3,24.8,6.71406,6.95393,0.5
0.45,jump_on_and_off_box,4,WALK,24.8,28.9,6.95393,7.76607,4.1
0.45,jump_on_and_off_box,4,RUN,28.9,30,7.76607,8.29383,1.1
0.45,jump_on_and_off_box,4,WALK,30,34.4,8.29383,9.17344,4.4
0.45,jump_on_and_off_box,4,RUN,34.4,34.9,9.17344,9.41333,0.5
0.45,jump_on_and_off_box,4,WALK,34.9,39,9.41333,10.2165,4.1
0.45,jump_on_and_off_box,4,RUN,39,40.1,10.2165,10.744,1.1
0.45,jump_on_and_off_box,4,WALK,40.1,44.5,10.744,11.6231,4.4
0.45,jump_on_and_off_box,4,RUN,44.5,45,11.6231,11.8629,0.5
0.45,jump_on_and_off_box,4,WALK,45,49.1,11.8629,12.6692,4.1
0.45,jump_on_and_off_box,4,RUN,49.1,50.2,12.6692,13.197,1.1
0.45,jump_on_and_off_box,4,WALK,50.2,54.5,13.197,14.0567,4.3
0.45,jump_on_and_off_box,4,RUN,54.5,55.2,14.0567,14.3926,0.7
0.45,jump_on_and_off_box,4,WALK,55.2,59.6,14.3926,15.258,4.4
0.45,jump_on_and_off_box,4,RUN,59.6,63.7,15.258,17.226,4.1
0.45,jump_on_and_off_box,4,WALK,63.7,64.4,17.226,17.35,0.7
0.45,jump_on_and_off_box,5,TROT,0,0.4,1,1.22,0.4
0.45,jump_on_and_off_box,5,WALK,0.4,3.5,1.22,1.81931,3.1
0.45,jump_on_and_off_box,5,RUN,3.5,4,1.81931,2.05879,0.5
0.45,jump_on_and_off_box,5,WALK,4,8,2.05879,2.85613,4
0.45,jump_on_and_off_box,5,RUN,8,9,2.85613,3.3359,1
0.45,jump_on_and_off_box,5,WALK,9,13.4,3.3359,4.21548,4.4
0.45,jump_on_and_off_box,5,RUN,13.4,14.2,4.21548,4.59929,0.8
0.45,jump_on_and_off_box,5,WALK,14.2,18.6,4.59929,5.46038,4.4
0.45,jump_on_and_off_box,5,RUN,18.6,19.6,5.46038,5.94034,1
0.45,jump_on_and_off_box,5,WALK,19.6,24,5.94034,6.82027,4.4
0.45,jump_on_and_off_box,5,RUN,24,24.5,6.82027,7.06025,0.5
0.45,jump_on_and_off_box,5,WALK,24.5,28,7.06025,7.75643,3.5
0.45,jump_on_and_off_box,5,RUN,28,29,7.75643,8.23622,1
0.45,jump_on_and_off_box,5,WALK,29,33.4,8.23622,9.11582,4.4
0.45,jump_on_and_off_box,5,RUN,33.4,33.9,9.11582,9.35571,0.5
0.45,jump_on_and_off_box,5,WALK,33.9,38,9.35571,10.1675,4.1
0.45,jump_on_and_off_box,5,RUN,38,39,10.1675,10.6475,1
0.45,jump_on_and_off_box,5,WALK,39,43.3,10.6475,11.5074,4.3
0.45,jump_on_and_off_box,5,RUN,43.3,44.1,11.5074,11.8914,0.8
0.45,jump_on_and_off_box,5,WALK,44.1,48.5,11.8914,12.7631,4.4
0.45,jump_on_and_off_box,5,RUN,48.5,49.5,12.7631,13.2431,1
0.45,jump_on_and_off_box,5,WALK,49.5,58.4,13.2431,15.0107,8.9
0.45,jump_on_and_off_box,5,RUN,58.4,62.7,15.0107,17.05,4.3
0.45,jump_on_and_off_box,6,TROT,0,0.4,1,1.22,0.4
0.45,jump_on_and_off_box,6,WALK,0.4,3.5,1.22,1.81953,3.1
0.45,jump_on_and_off_box,6,RUN,3.5,4,1.81953,2.05917,0.5
0.45,jump_on_and_off_box,6,WALK,4,7.6,2.05917,2.76141,3.6
0.45,jump_on_and_off_box,6,RUN,7.6,8.6,2.76141,3.24121,1
0.45,jump_on_and_off_box,6,WALK,8.6,13,3.24121,4.12084,4.4
0.45,jump_on_and_off_box,6,RUN,13,13.5,4.12084,4.36074,0.5
0.45,jump_on_and_off_box,6,WALK,13.5,17.4,4.36074,5.12217,3.9
0.45,jump_on_and_off_box,6,RUN,17.4,18.3,5.12217,5.55413,0.9
0.45,jump_on_and_off_box,6,WALK,18.3,22.9,5.55413,6.47404,4.6
0.45,jump_on_and_off_box,6,RUN,22.9,23.4,6.47404,6.71401,0.5
0.45,jump_on_and_off_box,6,WALK,23.4,27.9,6.71401,7.60974,4.5
0.45,jump_on_and_off_box,6,RUN,27.9,28.9,7.60974,8.08923,1
0.45,jump_on_and_off_box,6,WALK,28.9,33.3,8.08923,8.96831,4.4
0.45,jump_on_and_off_box,6,RUN,33.3,33.8,8.96831,9.20806,0.5
0.45,jump_on_and_off_box,6,WALK,33.8,37.7,9.20806,9.97127,3.9
0.45,jump_on_and_off_box,6,RUN,37.7,38.7,9.97127,10.4502,1
0.45,jump_on_and_off_box,6,WALK,38.7,43,10.4502,11.3083,4.3
0.45,jump_on_and_off_box,6,RUN,43,43.7,11.3083,11.6436,0.7
0.45,jump_on_and_off_box,6,WALK,43.7,48.1,11.6436,12.5223,4.4
0.45,jump_on_and_off_box,6,RUN,48.1,49,12.5223,12.9541,0.9
0.45,jump_on_and_off_box,6,WALK,49,53.6,12.9541,13.8739,4.6
0.45,jump_on_and_off_box,6,RUN,53.6,54.1,13.8739,14.1138,0.5
0.45,jump_on_and_off_box,6,WALK,54.1,57.9,14.1138,14.8712,3.8
0.45,jump_on_and_off_box,6,RUN,57.9,62.2,14.8712,16.9,4.3
0.45,jump_on_and_off_box,7,TROT,0,0.4,1,1.22,0.4
0.45,jump_on_and_off_box,7,WALK,0.4,8.1,1.22,2.72497,7.7
0.45,jump_on_and_off_box,7,RUN,8.1,8.9,2.72497,3.1088,0.8
0.45,jump_on_and_off_box,7,WALK,8.9,13.4,3.1088,4.0084,4.5
0.45,jump_on_and_off_box,7,RUN,13.4,13.9,4.0084,4.2483,0.5
0.45,jump_on_and_off_box,7,WALK,13.9,17.5,4.2483,4.96591,3.6
0.45,jump_on_and_off_box,7,RUN,17.5,18.4,4.96591,5.39784,0.9
0.45,jump_on_and_off_box,7,WALK,18.4,27,5.39784,7.10665,8.6
0.45,jump_on_and_off_box,7,RUN,27,27.9,7.10665,7.53776,0.9
0.45,jump_on_and_off_box,7,WALK,27.9,32.3,7.53776,8.41594,4.4
0.45,jump_on_and_off_box,7,RUN,32.3,32.8,8.41594,8.65544,0.5
0.45,jump_on_and_off_box,7,WALK,32.8,37.4,8.65544,9.572,4.6
0.45,jump_on_and_off_box,7,RUN,37.4,38.2,9.572,9.95564,0.8
0.45,jump_on_and_off_box,7,WALK,38.2,42.8,9.95564,10.8748,4.6
0.45,jump_on_and_off_box,7,RUN,42.8,43.4,10.8748,11.1625,0.6
0.45,jump_on_and_off_box,7,WALK,43.4,48,11.1625,12.0699,4.6
0.45,jump_on_and_off_box,7,RUN,48,48.8,12.0699,12.4535,0.8
0.45,jump_on_and_off_box,7,WALK,48.8,53.4,12.4535,13.3727,4.6
0.45,jump_on_and_off_box,7,RUN,53.4,54,13.3727,13.6604,0.6
0.45,jump_on_and_off_box,7,WALK,54,58.6,13.6604,14.56,4.6
0.45,jump_on_and_off_box,7,RUN,58.6,62.8,14.56,16.55,4.2
0.45,jump_on_and_off_box,8,TROT,0,0.4,1,1.22,0.4
0.45,jump_on_and_off_box,8,WALK,0.4,3.5,1.22,1.81991,3.1
0.45,jump_on_and_off_box,8,RUN,3.5,4,1.81991,2.05984,0.5
0.45,jump_on_and_off_box,8,WALK,4,8.6,2.05984,2.96859,4.6
0.45,jump_on_and_off_box,8,RUN,8.6,9.4,2.96859,3.35236,0.8
0.45,jump_on_and_off_box,8,WALK,9.4,14,3.35236,4.27181,4.6
0.45,jump_on_and_off_box,8,RUN,14,14.5,4.27181,4.51166,0.5
0.45,jump_on_and_off_box,8,WALK,14.5,18.3,4.51166,5.2629,3.8
0.45,jump_on_and_off_box,8,RUN,18.3,19.2,5.2629,5.69404,0.9
0.45,jump_on_and_off_box,8,WALK,19.2,23.6,5.69404,6.5723,4.4
0.45,jump_on_and_off_box,8,RUN,23.6,24.1,6.5723,6.81183,0.5
0.45,jump_on_and_off_box,8,WALK,24.1,28.2,6.81183,7.61983,4.1
0.45,jump_on_and_off_box,8,RUN,28.2,29,7.61983,8.00374,0.8
0.45,jump_on_and_off_box,8,WALK,29,38.1,8.00374,9.81877,9.1
0.45,jump_on_and_off_box,8,RUN,38.1,38.9,9.81877,10.2027,0.8
0.45,jump_on_and_off_box,8,WALK,38.9,43.5,10.2027,11.1226,4.6
0.45,jump_on_and_off_box,8,RUN,43.5,44,11.1226,11.3626,0.5
0.45,jump_on_and_off_box,8,WALK,44,48.6,11.3626,12.2666,4.6
0.45,jump_on_and_off_box,8,RUN,48.6,49.5,12.2666,12.6983,0.9
0.45,jump_on_and_off_box,8,WALK,49.5,53.8,12.6983,13.5578,4.3
0.45,jump_on_and_off_box,8,RUN,53.8,54.3,13.5578,13.7976,0.5
0.45,jump_on_and_off_box,8,WALK,54.3,58.2,13.7976,14.5614,3.9
0.45,jump_on_and_off_box,8,RUN,58.2,62.4,14.5614,16.55,4.2
0.45,jump_on_and_off_box,9,TROT,0,0.4,1,1.22,0.4
0.45,jump_on_and_off_box,9,WALK,0.4,3.5,1.22,1.81976,3.1
0.45,jump_on_and_off_box,9,RUN,3.5,4,1.81976,2.05958,0.5
0.45,jump_on_and_off_box,9,WALK,4,8.1,2.05958,2.86725,4.1
0.45,jump_on_and_off_box,9,RUN,8.1,8.8,2.86725,3.20317,0.7
0.45,jump_on_and_off_box,9,WALK,8.8,17.4,3.20317,4.9103,8.6
0.45,jump_on_and_off_box,9,RUN,17.4,18.2,4.9103,5.29429,0.8
0.45,jump_on_and_off_box,9,WALK,18.2,22.6,5.29429,6.17428,4.4
0.45,jump_on_and_off_box,9,RUN,22.6,23.1,6.17428,6.41428,0.5
0.45,jump_on_and_off_box,9,WALK,23.1,26.9,6.41428,7.16706,3.8
0.45,jump_on_and_off_box,9,RUN,26.9,27.7,7.16706,7.55036,0.8
0.45,jump_on_and_off_box,9,WALK,27.7,32,7.55036,8.40878,4.3
0.45,jump_on_and_off_box,9,RUN,32,32.5,8.40878,8.64834,0.5
0.45,jump_on_and_off_box,9,WALK,32.5,36.9,8.64834,9.52123,4.4
0.45,jump_on_and_off_box,9,RUN,36.9,37.6,9.52123,9.85723,0.7
0.45,jump_on_and_off_box,9,WALK,37.6,42.1,9.85723,10.7572,4.5
0.45,jump_on_and_off_box,9,RUN,42.1,42.7,10.7572,11.0452,0.6
0.45,jump_on_and_off_box,9,WALK,42.7,47.1,11.0452,11.9087,4.4
0.45,jump_on_and_off_box,9,RUN,47.1,47.9,11.9087,12.2919,0.8
0.45,jump_on_and_off_box,9,WALK,47.9,52.3,12.2919,13.1698,4.4
0.45,jump_on_and_off_box,9,RUN,52.3,52.8,13.1698,13.4093,0.5
0.45,jump_on_and_off_box,9,WALK,52.8,56.4,13.4093,14.1138,3.6
0.45,jump_on_and_off_box,9,RUN,56.4,60.5,14.1138,16.05,4.1
0.45,forward_ramp_lips,0,TROT,0,0.4,1,1.22,0.4
0.45,forward_ramp_lips,0,WALK,0.4,53,1.22,11.666,52.6
0.45,forward_ramp_lips,0,TROT,53,53.5,11.666,11.9409,0.5
0.45,forward_ramp_lips,0,WALK,53.5,57.1,11.9409,12.6569,3.6
0.45,forward_ramp_lips,0,RUN,57.1,60.5,12.6569,14.25,3.4
0.45,forward_ramp_lips,1,TROT,0,0.4,1,1.22,0.4
0.45,forward_ramp_lips,1,WALK,0.4,3.5,1.22,1.81945,3.1
0.45,forward_ramp_lips,1,TROT,3.5,4,1.81945,2.09398,0.5
0.45,forward_ramp_lips,1,WALK,4,12.2,2.09398,3.72179,8.2
0.45,forward_ramp_lips,1,TROT,12.2,12.8,3.72179,4.05173,0.6
0.45,forward_ramp_lips,1,WALK,12.8,17.1,4.05173,4.90757,4.3
0.45,forward_ramp_lips,1,RUN,17.1,17.6,4.90757,5.14695,0.5
0.45,forward_ramp_lips,1,WALK,17.6,21,5.14695,5.82522,3.4
0.45,forward_ramp_lips,1,TROT,21,21.5,5.82522,6.09953,0.5
0.45,forward_ramp_lips,1,WALK,21.5,30.4,6.09953,7.87297,8.9
0.45,forward_ramp_lips,1,TROT,30.4,30.9,7.87297,8.14748,0.5
0.45,forward_ramp_lips,1,WALK,30.9,39.1,8.14748,9.76553,8.2
0.45,forward_ramp_lips,1,TROT,39.1,39.6,9.76553,10.0396,0.5
0.45,forward_ramp_lips,1,WALK,39.6,43.5,10.0396,10.8095,3.9
0.45,forward_ramp_lips,1,RUN,43.5,44,10.8095,11.0483,0.5
0.45,forward_ramp_lips,1,WALK,44,52,11.0483,12.6222,8
0.45,forward_ramp_lips,1,RUN,52,55.3,12.6222,14.2,3.3
0.45,forward_ramp_lips,2,TROT,0,0.4,1,1.22,0.4
0.45,forward_ramp_lips,2,WALK,0.4,3.5,1.22,1.81992,3.1
0.45,forward_ramp_lips,2,TROT,3.5,4,1.81992,2.09486,0.5
0.45,forward_ramp_lips,2,WALK,4,12.9,2.09486,3.86746,8.9
0.45,forward_ramp_lips,2,TROT,12.9,13.4,3.86746,4.14204,0.5
0.45,forward_ramp_lips,2,WALK,13.4,22.1,4.14204,5.85748,8.7
0.45,forward_ramp_lips,2,TROT,22.1,22.6,5.85748,6.13158,0.5
0.45,forward_ramp_lips,2,WALK,22.6,27,6.13158,7.0078,4.4
0.45,forward_ramp_lips,2,RUN,27,27.5,7.0078,7.247,0.5
0.45,forward_ramp_lips,2,WALK,27.5,39.9,7.247,9.71449,12.4
0.45,forward_ramp_lips,2,TROT,39.9,40.5,9.71449,10.0437,0.6
0.45,forward_ramp_lips,2,WALK,40.5,53.8,10.0437,12.673,13.3
0.45,forward_ramp_lips,2,RUN,53.8,57.1,12.673,14.25,3.3
0.45,forward_ramp_lips,3,TROT,0,0.4,1,1.22,0.4
0.45,forward_ramp_lips,3,WALK,0.4,3.5,1.22,1.8195,3.1
0.45,forward_ramp_lips,3,TROT,3.5,4.1,1.8195,2.14898,0.6
0.45,forward_ramp_lips,3,WALK,4.1,13,2.14898,3.92295,8.9
0.45,forward_ramp_lips,3,TROT,13,13.5,3.92295,4.19795,0.5
0.45,forward_ramp_lips,3,WALK,13.5,30.7,4.19795,7.62029,17.2
0.45,forward_ramp_lips,3,TROT,30.7,31.3,7.62029,7.95024,0.6
0.45,forward_ramp_lips,3,WALK,31.3,40.4,7.95024,9.76703,9.1
0.45,forward_ramp_lips,3,TROT,40.4,40.9,9.76703,10.0416,0.5
0.45,forward_ramp_lips,3,WALK,40.9,49.6,10.0416,11.7639,8.7
0.45,forward_ramp_lips,3,TROT,49.6,50.1,11.7639,12.0387,0.5
0.45,forward_ramp_lips,3,WALK,50.1,54.6,12.0387,12.922,4.5
0.45,forward_ramp_lips,3,RUN,54.6,57.9,12.922,14.5,3.3
0.45,forward_ramp_lips,4,TROT,0,0.4,1,1.22,0.4
0.45,forward_ramp_lips,4,WALK,0.4,3.5,1.22,1.81907,3.1
0.45,forward_ramp_lips,4,TROT,3.5,4,1.81907,2.09327,0.5
0.45,forward_ramp_lips,4,WALK,4,8,2.09327,2.87518,4
0.45,forward_ramp_lips,4,RUN,8,8.5,2.87518,3.11467,0.5
0.45,forward_ramp_lips,4,WALK,8.5,12,3.11467,3.81318,3.5
0.45,forward_ramp_lips,4,TROT,12,12.6,3.81318,4.14249,0.6
0.45,forward_ramp_lips,4,WALK,12.6,17.1,4.14249,5.02231,4.5
0.45,forward_ramp_lips,4,RUN,17.1,17.6,5.02231,5.2623,0.5
0.45,forward_ramp_lips,4,WALK,17.6,25.9,5.2623,6.91379,8.3
0.45,forward_ramp_lips,4,RUN,25.9,26.4,6.91379,7.15315,0.5
0.45,forward_ramp_lips,4,WALK,26.4,34.3,7.15315,8.71397,7.9
0.45,forward_ramp_lips,4,RUN,34.3,34.8,8.71397,8.95388,0.5
0.45,forward_ramp_lips,4,WALK,34.8,38.4,8.95388,9.67361,3.6
0.45,forward_ramp_lips,4,TROT,38.4,38.9,9.67361,9.94851,0.5
0.45,forward_ramp_lips,4,WALK,38.9,43.2,9.94851,10.8056,4.3
0.45,forward_ramp_lips,4,RUN,43.2,43.7,10.8056,11.0456,0.5
0.45,forward_ramp_lips,4,WALK,43.7,51.3,11.0456,12.5593,7.6
0.45,forward_ramp_lips,4,RUN,51.3,54.8,12.5593,14.2,3.5
0.45,forward_ramp_lips,5,TROT,0,0.4,1,1.22,0.4
0.45,forward_ramp_lips,5,WALK,0.4,3.5,1.22,1.81977,3.1
0.45,forward_ramp_lips,5,TROT,3.5,4,1.81977,2.09457,0.5
0.45,forward_ramp_lips,5,WALK,4,8.1,2.09457,2.91067,4.1
0.45,forward_ramp_lips,5,RUN,8.1,8.6,2.91067,3.15066,0.5
0.45,forward_ramp_lips,5,WALK,8.6,16.5,3.15066,4.71516,7.9
0.45,forward_ramp_lips,5,RUN,16.5,17,4.71516,4.95515,0.5
0.45,forward_ramp_lips,5,WALK,17,23.9,4.95515,6.31595,6.9
0.45,forward_ramp_lips,5,RUN,23.9,24.4,6.31595,6.55577,0.5
0.45,forward_ramp_lips,5,WALK,24.4,31.3,6.55577,7.92026,6.9
0.45,forward_ramp_lips,5,RUN,31.3,31.8,7.92026,8.16026,0.5
0.45,forward_ramp_lips,5,WALK,31.8,38.8,8.16026,9.55582,7
0.45,forward_ramp_lips,5,RUN,38.8,39.3,9.55582,9.7958,0.5
0.45,forward_ramp_lips,5,WALK,39.3,46.4,9.7958,11.2145,7.1
0.45,forward_ramp_lips,5,RUN,46.4,49.9,11.2145,12.85,3.5
0.45,forward_ramp_lips,6,TROT,0,0.4,1,1.22,0.4
0.45,forward_ramp_lips,6,WALK,0.4,3.5,1.22,1.81947,3.1
0.45,forward_ramp_lips,6,TROT,3.5,4,1.81947,2.09402,0.5
0.45,forward_ramp_lips,6,WALK,4,8.4,2.09402,2.97175,4.4
0.45,forward_ramp_lips,6,RUN,8.4,8.9,2.97175,3.21174,0.5
0.45,forward_ramp_lips,6,WALK,8.9,17.5,3.21174,4.91284,8.6
0.45,forward_ramp_lips,6,RUN,17.5,18,4.91284,5.15284,0.5
0.45,forward_ramp_lips,6,WALK,18,26.4,5.15284,6.82099,8.4
0.45,forward_ramp_lips,6,RUN,26.4,26.9,6.82099,7.06063,0.5
0.45,forward_ramp_lips,6,WALK,26.9,30.4,7.06063,7.75959,3.5
0.45,forward_ramp_lips,6,TROT,30.4,30.9,7.75959,8.03417,0.5
0.45,forward_ramp_lips,6,WALK,30.9,35.3,8.03417,8.90908,4.4
0.45,forward_ramp_lips,6,RUN,35.3,35.8,8.90908,9.14892,0.5
0.45,forward_ramp_lips,6,WALK,35.8,45.1,9.14892,11.0071,9.3
0.45,forward_ramp_lips,6,RUN,45.1,45.6,11.0071,11.2471,0.5
0.45,forward_ramp_lips,6,WALK,45.6,54.3,11.2471,12.9676,8.7
0.45,forward_ramp_lips,6,RUN,54.3,57.8,12.9676,14.6,3.5
0.45,forward_ramp_lips,7,TROT,0,0.4,1,1.22,0.4
0.45,forward_ramp_lips,7,WALK,0.4,3.5,1.22,1.81935,3.1
0.45,forward_ramp_lips,7,TROT,3.5,4.1,1.81935,2.14868,0.6
0.45,forward_ramp_lips,7,WALK,4.1,8.5,2.14868,3.01891,4.4
0.45,forward_ramp_lips,7,RUN,8.5,9,3.01891,3.25867,0.5
0.45,forward_ramp_lips,7,WALK,9,12.5,3.25867,3.95795,3.5
0.45,forward_ramp_lips,7,TROT,12.5,13.1,3.95795,4.28761,0.6
0.45,forward_ramp_lips,7,WALK,13.1,17.5,4.28761,5.15587,4.4
0.45,forward_ramp_lips,7,RUN,17.5,18,5.15587,5.3958,0.5
0.45,forward_ramp_lips,7,WALK,18,24.9,5.3958,6.76872,6.9
0.45,forward_ramp_lips,7,RUN,24.9,25.4,6.76872,7.00857,0.5
0.45,forward_ramp_lips,7,WALK,25.4,34.8,7.00857,8.87028,9.4
0.45,forward_ramp_lips,7,RUN,34.8,35.3,8.87028,9.11026,0.5
0.45,forward_ramp_lips,7,WALK,35.3,44.1,9.11026,10.8686,8.8
0.45,forward_ramp_lips,7,RUN,44.1,44.6,10.8686,11.1085,0.5
0.45,forward_ramp_lips,7,WALK,44.6,48.1,11.1085,11.8082,3.5
0.45,forward_ramp_lips,7,TROT,48.1,48.6,11.8082,12.0831,0.5
0.45,forward_ramp_lips,7,WALK,48.6,53,12.0831,12.9568,4.4
0.45,forward_ramp_lips,7,RUN,53,56.5,12.9568,14.6,3.5
0.45,forward_ramp_lips,8,TROT,0,0.4,1,1.22,0.4
0.45,forward_ramp_lips,8,WALK,0.4,6.8,1.22,2.4618,6.4
0.45,forward_ramp_lips,8,RUN,6.8,7.3,2.4618,2.70118,0.5
0.45,forward_ramp_lips,8,WALK,7.3,16,2.70118,4.42189,8.7
0.45,forward_ramp_lips,8,RUN,16,16.5,4.42189,4.66189,0.5
0.45,forward_ramp_lips,8,WALK,16.5,25.3,4.66189,6.40603,8.8
0.45,forward_ramp_lips,8,RUN,25.3,25.8,6.40603,6.646,0.5
0.45,forward_ramp_lips,8,WALK,25.8,34.9,6.646,8.45567,9.1
0.45,forward_ramp_lips,8,RUN,34.9,35.4,8.45567,8.6956,0.5
0.45,forward_ramp_lips,8,WALK,35.4,43.8,8.6956,10.3605,8.4
0.45,forward_ramp_lips,8,RUN,43.8,44.3,10.3605,10.6001,0.5
0.45,forward_ramp_lips,8,WALK,44.3,51.7,10.6001,12.0619,7.4
0.45,forward_ramp_lips,8,RUN,51.7,55.3,12.0619,13.75,3.6
0.45,forward_ramp_lips,9,TROT,0,0.4,1,1.22,0.4
0.45,forward_ramp_lips,9,WALK,0.4,9,1.22,2.90985,8.6
0.45,forward_ramp_lips,9,RUN,9,9.5,2.90985,3.14981,0.5
0.45,forward_ramp_lips,9,WALK,9.5,18.6,3.14981,4.95657,9.1
0.45,forward_ramp_lips,9,RUN,18.6,19.1,4.95657,5.19654,0.5
0.45,forward_ramp_lips,9,WALK,19.1,28.5,5.19654,7.06416,9.4
0.45,forward_ramp_lips,9,RUN,28.5,29,7.06416,7.30374,0.5
0.45,forward_ramp_lips,9,WALK,29,38.1,7.30374,9.11856,9.1
0.45,forward_ramp_lips,9,RUN,38.1,38.6,9.11856,9.35833,0.5
0.45,forward_ramp_lips,9,WALK,38.6,47.2,9.35833,11.0575,8.6
0.45,forward_ramp_lips,9,RUN,47.2,47.7,11.0575,11.2974,0.5
0.45,forward_ramp_lips,9,WALK,47.7,55.6,11.2974,12.8593,7.9
0.45,forward_ramp_lips,9,RUN,55.6,59.2,12.8593,14.55,3.6
0.45,sphere_bump_lips,0,TROT,0,0.4,1,1.22,0.4
0.45,sphere_bump_lips,0,RUN,0.4,1.3,1.22,1.63914,0.9
0.45,sphere_bump_lips,0,WALK,1.3,1.8,1.63914,1.73576,0.5
0.45,sphere_bump_lips,0,JUMP,1.8,2.6,1.73576,1.73576,0.8
0.45,sphere_bump_lips,0,WALK,2.6,5.6,1.73576,2.3155,3
0.45,sphere_bump_lips,0,JUMP,5.6,6.4,2.3155,2.3155,0.8
0.45,sphere_bump_lips,0,WALK,6.4,11.6,2.3155,3.29824,5.2
0.45,sphere_bump_lips,0,RUN,11.6,12.1,3.29824,3.52192,0.5
0.45,sphere_bump_lips,0,WALK,12.1,12.7,3.52192,3.63376,0.6
0.45,sphere_bump_lips,0,JUMP,12.7,13.5,3.63376,3.63376,0.8
0.45,sphere_bump_lips,0,WALK,13.5,21.5,3.63376,5.12534,8
0.45,sphere_bump_lips,0,RUN,21.5,23.8,5.12534,6.18174,2.3
0.45,sphere_bump_lips,0,WALK,23.8,32.9,6.18174,7.88622,9.1
0.45,sphere_bump_lips,0,RUN,32.9,34.2,7.88622,8.44434,1.3
0.45,sphere_bump_lips,0,WALK,34.2,52.2,8.44434,11.7831,18
0.45,sphere_bump_lips,0,RUN,52.2,53.8,11.7831,12.387,1.6
0.45,sphere_bump_lips,0,WALK,53.8,63.3,12.387,13.9231,9.5
0.45,sphere_bump_lips,0,RUN,63.3,65.2,13.9231,14.7899,1.9
0.45,sphere_bump_lips,0,WALK,65.2,69.8,14.7899,15.6643,4.6
0.45,sphere_bump_lips,0,RUN,69.8,71.4,15.6643,16.35,1.6
0.45,sphere_bump_lips,1,TROT,0,0.4,1,1.22,0.4
0.45,sphere_bump_lips,1,RUN,0.4,1.1,1.22,1.548,0.7
0.45,sphere_bump_lips,1,WALK,1.1,10.4,1.548,3.3809,9.3
0.45,sphere_bump_lips,1,RUN,10.4,11.2,3.3809,3.74045,0.8
0.45,sphere_bump_lips,1,WALK,11.2,19.8,3.74045,5.33146,8.6
0.45,sphere_bump_lips,1,RUN,19.8,21.1,5.33146,5.88698,1.3
0.45,sphere_bump_lips,1,WALK,21.1,30.4,5.88698,7.53754,9.3
0.45,sphere_bump_lips,1,RUN,30.4,31.7,7.53754,8.09825,1.3
0.45,sphere_bump_lips,1,WALK,31.7,40.3,8.09825,9.63042,8.6
0.45,sphere_bump_lips,1,RUN,40.3,41.7,9.63042,10.226,1.4
0.45,sphere_bump_lips,1,WALK,41.7,59.5,10.226,13.5692,17.8
0.45,sphere_bump_lips,1,RUN,59.5,62.1,13.5692,14.8142,2.6
0.45,sphere_bump_lips,1,WALK,62.1,66.9,14.8142,15.7718,4.8
0.45,sphere_bump_lips,1,RUN,66.9,67.6,15.7718,16.1,0.7
0.45,sphere_bump_lips,2,TROT,0,0.4,1,1.22,0.4
0.45,sphere_bump_lips,2,RUN,0.4,1.4,1.22,1.67335,1
0.45,sphere_bump_lips,2,WALK,1.4,7.6,1.67335,2.80749,6.2
0.45,sphere_bump_lips,2,RUN,7.6,9.1,2.80749,3.52053,1.5
0.45,sphere_bump_lips,2,WALK,9.1,18.4,3.52053,5.32649,9.3
0.45,sphere_bump_lips,2,RUN,18.4,19,5.32649,5.59192,0.6
0.45,sphere_bump_lips,2,WALK,19,27.7,5.59192,7.20991,8.7
0.45,sphere_bump_lips,2,RUN,27.7,28.2,7.20991,7.44983,0.5
0.45,sphere_bump_lips,2,WALK,28.2,36.6,7.44983,9.10976,8.4
0.45,sphere_bump_lips,2,RUN,36.6,37.9,9.10976,9.7332,1.3
0.45,sphere_bump_lips,2,WALK,37.9,46.7,9.7332,11.4391,8.8
0.45,sphere_bump_lips,2,RUN,46.7,48,11.4391,11.9718,1.3
0.45,sphere_bump_lips,2,WALK,48,56.9,11.9718,13.5232,8.9
0.45,sphere_bump_lips,2,RUN,56.9,58.7,13.5232,14.3662,1.8
0.45,sphere_bump_lips,2,WALK,58.7,60,14.3662,14.6199,1.3
0.45,sphere_bump_lips,2,RUN,60,60.5,14.6199,14.8541,0.5
0.45,sphere_bump_lips,2,WALK,60.5,61.8,14.8541,15.1078,1.3
0.45,sphere_bump_lips,2,RUN,61.8,63.1,15.1078,15.7,1.3
0.45,sphere_bump_lips,3,TROT,0,0.4,1,1.22,0.4
0.45,sphere_bump_lips,3,RUN,0.4,1.4,1.22,1.66313,1
0.45,sphere_bump_lips,3,WALK,1.4,10.4,1.66313,3.1906,9
0.45,sphere_bump_lips,3,RUN,10.4,11.9,3.1906,3.80929,1.5
0.45,sphere_bump_lips,3,WALK,11.9,20.3,3.80929,5.26684,8.4
0.45,sphere_bump_lips,3,RUN,20.3,20.8,5.26684,5.50339,0.5
0.45,sphere_bump_lips,3,WALK,20.8,28.8,5.50339,7.0752,8
0.45,sphere_bump_lips,3,RUN,28.8,30.2,7.0752,7.73569,1.4
0.45,sphere_bump_lips,3,WALK,30.2,39.1,7.73569,9.43906,8.9
0.45,sphere_bump_lips,3,RUN,39.1,40.4,9.43906,9.97183,1.3
0.45,sphere_bump_lips,3,WALK,40.4,49.3,9.97183,11.52,8.9
0.45,sphere_bump_lips,3,RUN,49.3,49.9,11.52,11.7977,0.6
0.45,sphere_bump_lips,3,WALK,49.9,58.8,11.7977,13.5089,8.9
0.45,sphere_bump_lips,3,RUN,58.8,62.9,13.5089,15.45,4.1
0.45,sphere_bump_lips,4,TROT,0,0.4,1,1.22,0.4
0.45,sphere_bump_lips,4,RUN,0.4,1.4,1.22,1.65272,1
0.45,sphere_bump_lips,4,WALK,1.4,8.4,1.65272,2.80749,7
0.45,sphere_bump_lips,4,RUN,8.4,10,2.80749,3.56807,1.6
0.45,sphere_bump_lips,4,WALK,10,27.3,3.56807,6.97232,17.3
0.45,sphere_bump_lips,4,RUN,27.3,28.7,6.97232,7.6259,1.4
0.45,sphere_bump_lips,4,WALK,28.7,37,7.6259,9.23005,8.3
0.45,sphere_bump_lips,4,RUN,37,37.5,9.23005,9.4601,0.5
0.45,sphere_bump_lips,4,WALK,37.5,54.3,9.4601,12.7195,16.8
0.45,sphere_bump_lips,4,RUN,54.3,58.6,12.7195,14.75,4.3
0.45,sphere_bump_lips,5,TROT,0,0.4,1,1.22,0.4
0.45,sphere_bump_lips,5,RUN,0.4,1.4,1.22,1.65581,1
0.45,sphere_bump_lips,5,WALK,1.4,9.5,1.65581,2.98455,8.1
0.45,sphere_bump_lips,5,RUN,9.5,11.2,2.98455,3.7207,1.7
0.45,sphere_bump_lips,5,WALK,11.2,19.8,3.7207,5.24121,8.6
0.45,sphere_bump_lips,5,RUN,19.8,20.3,5.24121,5.43241,0.5
0.45,sphere_bump_lips,5,WALK,20.3,28.3,5.43241,6.6962,8
0.45,sphere_bump_lips,5,RUN,28.3,30.4,6.6962,7.52022,2.1
0.45,sphere_bump_lips,5,WALK,30.4,38.9,7.52022,8.92573,8.5
0.45,sphere_bump_lips,5,RUN,38.9,39.4,8.92573,9.15147,0.5
0.45,sphere_bump_lips,5,WALK,39.4,47.7,9.15147,10.7164,8.3
0.45,sphere_bump_lips,5,RUN,47.7,48.3,10.7164,10.9996,0.6
0.45,sphere_bump_lips,5,WALK,48.3,56.6,10.9996,12.6171,8.3
0.45,sphere_bump_lips,5,RUN,56.6,60.7,12.6171,14.55,4.1
0.45,sphere_bump_lips,6,TROT,0,0.4,1,1.22,0.4
0.45,sphere_bump_lips,6,RUN,0.4,1.6,1.22,1.77562,1.2
0.45,sphere_bump_lips,6,WALK,1.6,16.8,1.77562,4.6699,15.2
0.45,sphere_bump_lips,6,RUN,16.8,17.3,4.6699,4.9098,0.5
0.45,sphere_bump_lips,6,WALK,17.3,24.5,4.9098,6.32441,7.2
0.45,sphere_bump_lips,6,RUN,24.5,26.1,6.32441,7.06853,1.6
0.45,sphere_bump_lips,6,WALK,26.1,42.3,7.06853,10.1185,16.2
0.45,sphere_bump_lips,6,RUN,42.3,43.4,10.1185,10.6428,1.1
0.45,sphere_bump_lips,6,WALK,43.4,51.1,10.6428,12.1598,7.7
0.45,sphere_bump_lips,6,RUN,51.1,55.1,12.1598,14.05,4
0.45,sphere_bump_lips,7,TROT,0,0.4,1,1.22,0.4
0.45,sphere_bump_lips,7,RUN,0.4,1.4,1.22,1.68144,1
0.45,sphere_bump_lips,7,WALK,1.4,8.3,1.68144,2.95529,6.9
0.45,sphere_bump_lips,7,RUN,8.3,8.8,2.95529,3.16233,0.5
0.45,sphere_bump_lips,7,WALK,8.8,16.3,3.16233,4.46779,7.5
0.45,sphere_bump_lips,7,RUN,16.3,17.3,4.46779,4.94296,1
0.45,sphere_bump_lips,7,WALK,17.3,25.6,4.94296,6.5683,8.3
0.45,sphere_bump_lips,7,RUN,25.6,26.4,6.5683,6.94934,0.8
0.45,sphere_bump_lips,7,WALK,26.4,42.5,6.94934,10.0464,16.1
0.45,sphere_bump_lips,7,RUN,42.5,43.7,10.0464,10.5176,1.2
0.45,sphere_bump_lips,7,WALK,43.7,52.1,10.5176,11.9145,8.4
0.45,sphere_bump_lips,7,RUN,52.1,56.4,11.9145,13.9,4.3
0.45,sphere_bump_lips,8,TROT,0,0.4,1,1.22,0.4
0.45,sphere_bump_lips,8,RUN,0.4,1.4,1.22,1.66198,1
0.45,sphere_bump_lips,8,WALK,1.4,8,1.66198,2.77432,6.6
0.45,sphere_bump_lips,8,RUN,8,8.5,2.77432,2.98349,0.5
0.45,sphere_bump_lips,8,WALK,8.5,16.6,2.98349,4.41992,8.1
0.45,sphere_bump_lips,8,RUN,16.6,17.1,4.41992,4.65983,0.5
0.45,sphere_bump_lips,8,WALK,17.1,25.3,4.65983,6.27387,8.2
0.45,sphere_bump_lips,8,RUN,25.3,26.8,6.27387,6.94549,1.5
0.45,sphere_bump_lips,8,WALK,26.8,41,6.94549,9.5771,14.2
0.45,sphere_bump_lips,8,RUN,41,42.4,9.5771,10.2383,1.4
0.45,sphere_bump_lips,8,WALK,42.4,50.3,10.2383,11.7716,7.9
0.45,sphere_bump_lips,8,RUN,50.3,54.1,11.7716,13.5,3.8
0.45,sphere_bump_lips,9,TROT,0,0.4,1,1.22,0.4
0.45,sphere_bump_lips,9,RUN,0.4,1.4,1.22,1.67683,1
0.45,sphere_bump_lips,9,WALK,1.4,8.4,1.67683,2.968,7
0.45,sphere_bump_lips,9,RUN,8.4,9.6,2.968,3.50561,1.2
0.45,sphere_bump_lips,9,WALK,9.6,24.8,3.50561,6.07636,15.2
0.45,sphere_bump_lips,9,RUN,24.8,26.6,6.07636,6.83822,1.8
0.45,sphere_bump_lips,9,WALK,26.6,39.5,6.83822,9.1478,12.9
0.45,sphere_bump_lips,9,RUN,39.5,40.9,9.1478,9.76855,1.4
0.45,sphere_bump_lips,9,WALK,40.9,49,9.76855,11.2699,8.1
0.45,sphere_bump_lips,9,RUN,49,53,11.2699,13.15,4
0.45,forward_ramp_no_lips,0,TROT,0,0.4,1,1.22,0.4
0.45,forward_ramp_no_lips,0,WALK,0.4,44.4,1.22,9.90929,44
0.45,forward_ramp_no_lips,0,RUN,44.4,46.7,9.90929,11,2.3
0.45,forward_ramp_no_lips,1,TROT,0,1.9,1,1.995,1.9
0.45,forward_ramp_no_lips,1,WALK,1.9,41.6,1.995,9.86984,39.7
0.45,forward_ramp_no_lips,1,RUN,41.6,43.9,9.86984,10.95,2.3
0.45,forward_ramp_no_lips,2,TROT,0,2,1,2.04799,2
0.45,forward_ramp_no_lips,2,WALK,2,40.1,2.04799,9.56986,38.1
0.45,forward_ramp_no_lips,2,RUN,40.1,42.5,9.56986,10.7,2.4
0.45,forward_ramp_no_lips,3,TROT,0,0.4,1,1.22,0.4
0.45,forward_ramp_no_lips,3,WALK,0.4,42.9,1.22,9.61999,42.5
0.45,forward_ramp_no_lips,3,RUN,42.9,45.3,9.61999,10.75,2.4
0.45,forward_ramp_no_lips,4,TROT,0,0.4,1,1.22,0.4
0.45,forward_ramp_no_lips,4,WALK,0.4,44.4,1.22,9.90999,44
0.45,forward_ramp_no_lips,4,RUN,44.4,46.9,9.90999,11.1,2.5
0.45,forward_ramp_no_lips,5,TROT,0,0.4,1,1.22,0.4
0.45,forward_ramp_no_lips,5,WALK,0.4,44.6,1.22,9.96,44.2
0.45,forward_ramp_no_lips,5,RUN,44.6,47.2,9.96,11.2,2.6
0.45,forward_ramp_no_lips,6,TROT,0,0.4,1,1.22,0.4
0.45,forward_ramp_no_lips,6,WALK,0.4,41.9,1.22,9.41998,41.5
0.45,forward_ramp_no_lips,6,RUN,41.9,44.5,9.41998,10.65,2.6
0.45,forward_ramp_no_lips,7,TROT,0,0.4,1,1.22,0.4
0.45,forward_ramp_no_lips,7,WALK,0.4,42.2,1.22,9.46969,41.8
0.45,forward_ramp_no_lips,7,RUN,42.2,44.9,9.46969,10.75,2.7
0.45,forward_ramp_no_lips,8,TROT,0,0.4,1,1.22,0.4
0.45,forward_ramp_no_lips,8,WALK,0.4,43.9,1.22,9.80988,43.5
0.45,forward_ramp_no_lips,8,RUN,43.9,46.7,9.80988,11.15,2.8
0.45,forward_ramp_no_lips,9,TROT,0,0.4,1,1.22,0.4
0.45,forward_ramp_no_lips,9,WALK,0.4,43.9,1.22,9.81996,43.5
0.45,forward_ramp_no_lips,9,RUN,43.9,46.7,9.81996,11.15,2.8
0.45,flush_a_frame,0,TROT,0,0.4,1,1.22,0.4
0.45,flush_a_frame,0,WALK,0.4,64,1.22,13.83,63.6
0.45,flush_a_frame,0,TROT,64,64.9,13.83,14.325,0.9
0.45,flush_a_frame,0,RUN,64.9,66.6,14.325,15.1,1.7
0.45,flush_a_frame,1,TROT,0,0.4,1,1.22,0.4
0.45,flush_a_frame,1,WALK,0.4,59.5,1.22,12.92,59.1
0.45,flush_a_frame,1,RUN,59.5,62,12.92,14.1,2.5
0.45,flush_a_frame,2,TROT,0,0.4,1,1.22,0.4
0.45,flush_a_frame,2,WALK,0.4,60.1,1.22,13.0594,59.7
0.45,flush_a_frame,2,RUN,60.1,62.7,13.0594,14.3,2.6
0.45,flush_a_frame,3,TROT,0,0.4,1,1.22,0.4
0.45,flush_a_frame,3,WALK,0.4,62.1,1.22,13.4594,61.7
0.45,flush_a_frame,3,RUN,62.1,64.7,13.4594,14.7,2.6
0.45,flush_a_frame,4,TROT,0,0.4,1,1.22,0.4
0.45,flush_a_frame,4,WALK,0.4,64.5,1.22,13.9199,64.1
0.45,flush_a_frame,4,RUN,64.5,67.2,13.9199,15.2,2.7
0.45,flush_a_frame,5,TROT,0,0.4,1,1.22,0.4
0.45,flush_a_frame,5,WALK,0.4,58.9,1.22,12.8095,58.5
0.45,flush_a_frame,5,RUN,58.9,61.6,12.8095,14.1,2.7
0.45,flush_a_frame,6,TROT,0,0.4,1,1.22,0.4
0.45,flush_a_frame,6,WALK,0.4,55.8,1.22,12.1697,55.4
0.45,flush_a_frame,6,RUN,55.8,58.6,12.1697,13.5,2.8
0.45,flush_a_frame,7,TROT,0,0.4,1,1.22,0.4
0.45,flush_a_frame,7,WALK,0.4,55.9,1.22,12.2099,55.5
0.45,flush_a_frame,7,RUN,55.9,58.8,12.2099,13.6,2.9
0.45,flush_a_frame,8,TROT,0,0.4,1,1.22,0.4
0.45,flush_a_frame,8,WALK,0.4,62.4,1.22,13.5194,62
0.45,flush_a_frame,8,RUN,62.4,65.3,13.5194,14.9,2.9
0.45,flush_a_frame,9,TROT,0,0.4,1,1.22,0.4
0.45,flush_a_frame,9,WALK,0.4,58.2,1.22,12.66,57.8
0.45,flush_a_frame,9,RUN,58.2,61.3,12.66,14.1,3.1
0.45,sphere_bump,0,TROT,0,0.5,1,1.275,0.5
0.45,sphere_bump,0,RUN,0.5,1,1.275,1.5,0.5
0.45,sphere_bump,0,WALK,1,8.9,1.5,2.96617,7.9
0.45,sphere_bump,0,TROT,8.9,9.8,2.96617,3.43672,0.9
0.45,sphere_bump,0,RUN,9.8,10.3,3.43672,3.66486,0.5
0.45,sphere_bump,0,TROT,10.3,10.8,3.66486,3.92628,0.5
0.45,sphere_bump,0,WALK,10.8,18.6,3.92628,5.40937,7.8
0.45,sphere_bump,0,TROT,18.6,19.4,5.40937,5.8483,0.8
0.45,sphere_bump,0,WALK,19.4,36.7,5.8483,9.27333,17.3
0.45,sphere_bump,0,TROT,36.7,37.7,9.27333,9.81024,1
0.45,sphere_bump,0,WALK,37.7,46.4,9.81024,11.5099,8.7
0.45,sphere_bump,0,TROT,46.4,47.2,11.5099,11.9498,0.8
0.45,sphere_bump,0,WALK,47.2,56.4,11.9498,13.7516,9.2
0.45,sphere_bump,0,TROT,56.4,57.3,13.7516,14.2182,0.9
0.45,sphere_bump,0,RUN,57.3,61,14.2182,15.85,3.7
0.45,sphere_bump,1,TROT,0,0.4,1,1.22,0.4
0.45,sphere_bump,1,RUN,0.4,1.4,1.22,1.66412,1
0.45,sphere_bump,1,WALK,1.4,10.2,1.66412,3.19758,8.8
0.45,sphere_bump,1,TROT,10.2,11.2,3.19758,3.74316,1
0.45,sphere_bump,1,WALK,11.2,28.6,3.74316,6.98629,17.4
0.45,sphere_bump,1,TROT,28.6,29.6,6.98629,7.53029,1
0.45,sphere_bump,1,WALK,29.6,38.9,7.53029,9.30453,9.3
0.45,sphere_bump,1,RUN,38.9,40.6,9.30453,9.99481,1.7
0.45,sphere_bump,1,TROT,40.6,41.1,9.99481,10.2274,0.5
0.45,sphere_bump,1,WALK,41.1,49,10.2274,11.5634,7.9
0.45,sphere_bump,1,TROT,49,49.9,11.5634,11.9979,0.9
0.45,sphere_bump,1,RUN,49.9,50.4,11.9979,12.2086,0.5
0.45,sphere_bump,1,WALK,50.4,59.4,12.2086,13.8162,9
0.45,sphere_bump,1,TROT,59.4,60.3,13.8162,14.3053,0.9
0.45,sphere_bump,1,RUN,60.3,63.4,14.3053,15.75,3.1
0.45,sphere_bump,2,TROT,0,0.4,1,1.22,0.4
0.45,sphere_bump,2,WALK,0.4,9.4,1.22,2.92503,9
0.45,sphere_bump,2,RUN,9.4,10.5,2.92503,3.44614,1.1
0.45,sphere_bump,2,TROT,10.5,11,3.44614,3.71754,0.5
0.45,sphere_bump,2,WALK,11,27.5,3.71754,6.96036,16.5
0.45,sphere_bump,2,TROT,27.5,28,6.96036,7.21138,0.5
0.45,sphere_bump,2,WALK,28,37.1,7.21138,8.8819,9.1
0.45,sphere_bump,2,TROT,37.1,37.9,8.8819,9.31143,0.8
0.45,sphere_bump,2,WALK,37.9,47.5,9.31143,11.171,9.6
0.45,sphere_bump,2,RUN,47.5,48.2,11.171,11.4989,0.7
0.45,sphere_bump,2,TROT,48.2,48.7,11.4989,11.7674,0.5
0.45,sphere_bump,2,WALK,48.7,56.8,11.7674,13.334,8.1
0.45,sphere_bump,2,TROT,56.8,57.7,13.334,13.8026,0.9
0.45,sphere_bump,2,RUN,57.7,58.9,13.8026,14.3479,1.2
0.45,sphere_bump,2,WALK,58.9,63.5,14.3479,15.2188,4.6
0.45,sphere_bump,2,RUN,63.5,63.9,15.2188,15.4,0.4
0.45,sphere_bump,3,TROT,0,0.4,1,1.22,0.4
0.45,sphere_bump,3,RUN,0.4,1.4,1.22,1.67827,1
0.45,sphere_bump,3,WALK,1.4,10.3,1.67827,3.2554,8.9
0.45,sphere_bump,3,TROT,10.3,10.9,3.2554,3.50328,0.6
0.45,sphere_bump,3,WALK,10.9,20.2,3.50328,4.93217,9.3
0.45,sphere_bump,3,TROT,20.2,21.1,4.93217,5.36865,0.9
0.45,sphere_bump,3,RUN,21.1,21.6,5.36865,5.58028,0.5
0.45,sphere_bump,3,WALK,21.6,47.7,5.58028,10.5339,26.1
0.45,sphere_bump,3,TROT,47.7,48.6,10.5339,10.9731,0.9
0.45,sphere_bump,3,RUN,48.6,49.5,10.9731,11.3564,0.9
0.45,sphere_bump,3,TROT,49.5,50,11.3564,11.6003,0.5
0.45,sphere_bump,3,WALK,50,58.3,11.6003,13.0848,8.3
0.45,sphere_bump,3,TROT,58.3,59.2,13.0848,13.5451,0.9
0.45,sphere_bump,3,RUN,59.2,62,13.5451,14.795,2.8
0.45,sphere_bump,3,WALK,62,62.6,14.795,14.9,0.6
0.45,sphere_bump,4,TROT,0,0.4,1,1.22,0.4
0.45,sphere_bump,4,RUN,0.4,1,1.22,1.5,0.6
0.45,sphere_bump,4,WALK,1,10.2,1.5,3.22648,9.2
0.45,sphere_bump,4,RUN,10.2,10.7,3.22648,3.45236,0.5
0.45,sphere_bump,4,WALK,10.7,29.6,3.45236,7.04954,18.9
0.45,sphere_bump,4,TROT,29.6,30.1,7.04954,7.27835,0.5
0.45,sphere_bump,4,WALK,30.1,58.1,7.27835,12.4752,28
0.45,sphere_bump,4,RUN,58.1,62.6,12.4752,14.6,4.5
0.45,sphere_bump,5,TROT,0,0.4,1,1.22,0.4
0.45,sphere_bump,5,RUN,0.4,1.2,1.22,1.59169,0.8
0.45,sphere_bump,5,WALK,1.2,27.9,1.59169,6.58395,26.7
0.45,sphere_bump,5,JUMP,27.9,28.7,6.58395,6.58395,0.8
0.45,sphere_bump,5,WALK,28.7,48.3,6.58395,10.2801,19.6
0.45,sphere_bump,5,TROT,48.3,49.2,10.2801,10.7341,0.9
0.45,sphere_bump,5,RUN,49.2,49.7,10.7341,10.9542,0.5
0.45,sphere_bump,5,WALK,49.7,58.8,10.9542,12.6256,9.1
0.45,sphere_bump,5,RUN,58.8,62.6,12.6256,14.3,3.8
0.45,sphere_bump,6,TROT,0,0.4,1,1.22,0.4
0.45,sphere_bump,6,WALK,0.4,9.6,1.22,3.01865,9.2
0.45,sphere_bump,6,TROT,9.6,10.2,3.01865,3.3388,0.6
0.45,sphere_bump,6,WALK,10.2,27,3.3388,6.55449,16.8
0.45,sphere_bump,6,RUN,27,27.5,6.55449,6.75674,0.5
0.45,sphere_bump,6,WALK,27.5,28.2,6.75674,6.87472,0.7
0.45,sphere_bump,6,JUMP,28.2,29,6.87472,6.87472,0.8
0.45,sphere_bump,6,WALK,29,37.6,6.87472,8.33824,8.6
0.45,sphere_bump,6,RUN,37.6,38.7,8.33824,8.80412,1.1
0.45,sphere_bump,6,TROT,38.7,39.2,8.80412,9.04676,0.5
0.45,sphere_bump,6,WALK,39.2,39.7,9.04676,9.135,0.5
0.45,sphere_bump,6,JUMP,39.7,40.5,9.135,9.135,0.8
0.45,sphere_bump,6,WALK,40.5,48.3,9.135,10.4908,7.8
0.45,sphere_bump,6,JUMP,48.3,49.1,10.4908,10.4908,0.8
0.45,sphere_bump,6,WALK,49.1,52.5,10.4908,11.0723,3.4
0.45,sphere_bump,6,JUMP,52.5,53.3,11.0723,11.0723,0.8
0.45,sphere_bump,6,WALK,53.3,59.8,11.0723,12.2151,6.5
0.45,sphere_bump,6,RUN,59.8,63.9,12.2151,14.1,4.1
0.45,sphere_bump,7,TROT,0,0.5,1,1.275,0.5
0.45,sphere_bump,7,RUN,0.5,1,1.275,1.5,0.5
0.45,sphere_bump,7,WALK,1,1.8,1.5,1.64934,0.8
0.45,sphere_bump,7,JUMP,1.8,2.6,1.64934,1.64934,0.8
0.45,sphere_bump,7,WALK,2.6,10.9,1.64934,3.13927,8.3
0.45,sphere_bump,7,RUN,10.9,11.5,3.13927,3.37192,0.6
0.45,sphere_bump,7,WALK,11.5,12,3.37192,3.4527,0.5
0.45,sphere_bump,7,JUMP,12,12.8,3.4527,3.4527,0.8
0.45,sphere_bump,7,WALK,12.8,16.3,3.4527,4.01815,3.5
0.45,sphere_bump,7,JUMP,16.3,17.1,4.01815,4.01815,0.8
0.45,sphere_bump,7,WALK,17.1,21.5,4.01815,4.72779,4.4
0.45,sphere_bump,7,JUMP,21.5,22.3,4.72779,4.72779,0.8
0.45,sphere_bump,7,WALK,22.3,39.5,4.72779,8.0235,17.2
0.45,sphere_bump,7,JUMP,39.5,40.3,8.0235,8.0235,0.8
0.45,sphere_bump,7,WALK,40.3,43.6,8.0235,8.61043,3.3
0.45,sphere_bump,7,JUMP,43.6,44.4,8.61043,8.61043,0.8
0.45,sphere_bump,7,WALK,44.4,50.7,8.61043,9.75927,6.3
0.45,sphere_bump,7,RUN,50.7,51.5,9.75927,10.1425,0.8
0.45,sphere_bump,7,WALK,51.5,61.8,10.1425,12.1735,10.3
0.45,sphere_bump,7,RUN,61.8,65.2,12.1735,13.7,3.4
0.45,sphere_bump,8,TROT,0,0.4,1,1.22,0.4
0.45,sphere_bump,8,RUN,0.4,0.9,1.22,1.46,0.5
0.45,sphere_bump,8,WALK,0.9,8.8,1.46,2.99719,7.9
0.45,sphere_bump,8,JUMP,8.8,9.6,2.99719,2.99719,0.8
0.45,sphere_bump,8,WALK,9.6,12.6,2.99719,3.5803,3
0.45,sphere_bump,8,JUMP,12.6,13.4,3.5803,3.5803,0.8
0.45,sphere_bump,8,WALK,13.4,18.8,3.5803,4.62795,5.4
0.45,sphere_bump,8,JUMP,18.8,19.6,4.62795,4.62795,0.8
0.45,sphere_bump,8,WALK,19.6,26.9,4.62795,6.0409,7.3
0.45,sphere_bump,8,JUMP,26.9,27.7,6.0409,6.0409,0.8
0.45,sphere_bump,8,WALK,27.7,30.9,6.0409,6.65176,3.2
0.45,sphere_bump,8,JUMP,30.9,31.7,6.65176,6.65176,0.8
0.45,sphere_bump,8,WALK,31.7,38,6.65176,7.8235,6.3
0.45,sphere_bump,8,JUMP,38,38.8,7.8235,7.8235,0.8
0.45,sphere_bump,8,WALK,38.8,42.1,7.8235,8.41043,3.3
0.45,sphere_bump,8,JUMP,42.1,42.9,8.41043,8.41043,0.8
0.45,sphere_bump,8,WALK,42.9,49.5,8.41043,9.61911,6.6
0.45,sphere_bump,8,RUN,49.5,50,9.61911,9.8586,0.5
0.45,sphere_bump,8,TROT,50,50.5,9.8586,10.133,0.5
0.45,sphere_bump,8,WALK,50.5,59.5,10.133,11.9114,9
0.45,sphere_bump,8,RUN,59.5,62.8,11.9114,13.45,3.3
0.45,sphere_bump,9,TROT,0,0.4,1,1.22,0.4
0.45,sphere_bump,9,RUN,0.4,1.4,1.22,1.65156,1
0.45,sphere_bump,9,WALK,1.4,1.9,1.65156,1.73049,0.5
0.45,sphere_bump,9,JUMP,1.9,2.7,1.73049,1.73049,0.8
0.45,sphere_bump,9,WALK,2.7,9.2,1.73049,2.82742,6.5
0.45,sphere_bump,9,RUN,9.2,9.7,2.82742,3.06055,0.5
0.45,sphere_bump,9,TROT,9.7,10.2,3.06055,3.32769,0.5
0.45,sphere_bump,9,WALK,10.2,10.7,3.32769,3.42483,0.5
0.45,sphere_bump,9,JUMP,10.7,11.5,3.42483,3.42483,0.8
0.45,sphere_bump,9,WALK,11.5,18.3,3.42483,4.71459,6.8
0.45,sphere_bump,9,JUMP,18.3,19.1,4.71459,4.71459,0.8
0.45,sphere_bump,9,WALK,19.1,22.6,4.71459,5.27977,3.5
0.45,sphere_bump,9,JUMP,22.6,23.4,5.27977,5.27977,0.8
0.45,sphere_bump,9,WALK,23.4,29.6,5.27977,6.34893,6.2
0.45,sphere_bump,9,TROT,29.6,30.1,6.34893,6.6232,0.5
0.45,sphere_bump,9,WALK,30.1,45.9,6.6232,9.66414,15.8
0.45,sphere_bump,9,JUMP,45.9,46.7,9.66414,9.66414,0.8
0.45,sphere_bump,9,WALK,46.7,50.2,9.66414,10.2439,3.5
0.45,sphere_bump,9,JUMP,50.2,51,10.2439,10.2439,0.8
0.45,sphere_bump,9,WALK,51,57.5,10.2439,11.3734,6.5
0.45,sphere_bump,9,RUN,57.5,61.6,11.3734,13.25,4.1
0.45,box_jump_even,0,TROT,0,0.4,1,1.22,0.4
0.45,box_jump_even,0,RUN,0.4,2.1,1.22,2.02779,1.7
0.45,box_jump_even,0,WALK,2.1,6.1,2.02779,2.8184,4
0.45,box_jump_even,0,RUN,6.1,7.2,2.8184,3.34535,1.1
0.45,box_jump_even,0,WALK,7.2,11.3,3.34535,4.16061,4.1
0.45,box_jump_even,0,RUN,11.3,12.6,4.16061,4.7809,1.3
0.45,box_jump_even,0,WALK,12.6,16.6,4.7809,5.56344,4
0.45,box_jump_even,0,RUN,16.6,18.1,5.56344,6.28076,1.5
0.45,box_jump_even,0,WALK,18.1,22.1,6.28076,7.0708,4
0.45,box_jump_even,0,RUN,22.1,23.5,7.0708,7.74279,1.4
0.45,box_jump_even,0,WALK,23.5,27.4,7.74279,8.52081,3.9
0.45,box_jump_even,0,RUN,27.4,28.9,8.52081,9.23849,1.5
0.45,box_jump_even,0,WALK,28.9,32.6,9.23849,9.97122,3.7
0.45,box_jump_even,0,RUN,32.6,34.7,9.97122,10.95,2.1
0.45,box_jump_even,1,TROT,0,0.4,1,1.22,0.4
0.45,box_jump_even,1,RUN,0.4,2.5,1.22,2.2179,2.1
0.45,box_jump_even,1,WALK,2.5,6.8,2.2179,3.0618,4.3
0.45,box_jump_even,1,RUN,6.8,8.1,3.0618,3.6858,1.3
0.45,box_jump_even,1,WALK,8.1,12.3,3.6858,4.52182,4.2
0.45,box_jump_even,1,RUN,12.3,13.5,4.52182,5.09648,1.2
0.45,box_jump_even,1,WALK,13.5,17.9,5.09648,5.9668,4.4
0.45,box_jump_even,1,RUN,17.9,18.9,5.9668,6.44678,1
0.45,box_jump_even,1,WALK,18.9,23,6.44678,7.25976,4.1
0.45,box_jump_even,1,RUN,23,24.7,7.25976,8.07575,1.7
0.45,box_jump_even,1,WALK,24.7,28.7,8.07575,8.87329,4
0.45,box_jump_even,1,RUN,28.7,30,8.87329,9.49724,1.3
0.45,box_jump_even,1,WALK,30,33.9,9.49724,10.2749,3.9
0.45,box_jump_even,1,RUN,33.9,36,10.2749,11.25,2.1
0.45,box_jump_even,2,TROT,0,0.4,1,1.22,0.4
0.45,box_jump_even,2,RUN,0.4,2.2,1.22,2.07592,1.8
0.45,box_jump_even,2,WALK,2.2,6.4,2.07592,2.90827,4.2
0.45,box_jump_even,2,RUN,6.4,7.9,2.90827,3.62779,1.5
0.45,box_jump_even,2,WALK,7.9,11.9,3.62779,4.42298,4
0.45,box_jump_even,2,RUN,11.9,13.2,4.42298,5.04654,1.3
0.45,box_jump_even,2,WALK,13.2,17.6,5.04654,5.91759,4.4
0.45,box_jump_even,2,RUN,17.6,19.3,5.91759,6.73052,1.7
0.45,box_jump_even,2,WALK,19.3,23.3,6.73052,7.52309,4
0.45,box_jump_even,2,RUN,23.3,24.7,7.52309,8.19507,1.4
0.45,box_jump_even,2,WALK,24.7,28.9,8.19507,9.01505,4.2
0.45,box_jump_even,2,RUN,28.9,30.3,9.01505,9.68698,1.4
0.45,box_jump_even,2,WALK,30.3,34.2,9.68698,10.4598,3.9
0.45,box_jump_even,2,RUN,34.2,36.3,10.4598,11.45,2.1
0.45,box_jump_even,3,TROT,0,0.4,1,1.22,0.4
0.45,box_jump_even,3,RUN,0.4,2.5,1.22,2.21714,2.1
0.45,box_jump_even,3,WALK,2.5,6.8,2.21714,3.06048,4.3
0.45,box_jump_even,3,RUN,6.8,7.7,3.06048,3.49041,0.9
0.45,box_jump_even,3,WALK,7.7,12.1,3.49041,4.359,4.4
0.45,box_jump_even,3,RUN,12.1,13.1,4.359,4.839,1
0.45,box_jump_even,3,WALK,13.1,17.3,4.839,5.66022,4.2
0.45,box_jump_even,3,RUN,17.3,18.4,5.66022,6.18719,1.1
0.45,box_jump_even,3,WALK,18.4,22.6,6.18719,7.0083,4.2
0.45,box_jump_even,3,RUN,22.6,23.5,7.0083,7.43824,0.9
0.45,box_jump_even,3,WALK,23.5,27.9,7.43824,8.31337,4.4
0.45,box_jump_even,3,RUN,27.9,29.1,8.31337,8.88666,1.2
0.45,box_jump_even,3,WALK,29.1,33.6,8.88666,9.76642,4.5
0.45,box_jump_even,3,RUN,33.6,35.7,9.76642,10.75,2.1
0.45,box_jump_even,4,TROT,0,0.4,1,1.22,0.4
0.45,box_jump_even,4,RUN,0.4,2,1.22,1.97977,1.6
0.45,box_jump_even,4,WALK,2,7,1.97977,2.97598,5
0.45,box_jump_even,4,RUN,7,8.5,2.97598,3.69431,1.5
0.45,box_jump_even,4,WALK,8.5,12.9,3.69431,4.56103,4.4
0.45,box_jump_even,4,RUN,12.9,13.9,4.56103,5.04103,1
0.45,box_jump_even,4,WALK,13.9,18.6,5.04103,5.96314,4.7
0.45,box_jump_even,4,RUN,18.6,19.5,5.96314,6.39317,0.9
0.45,box_jump_even,4,WALK,19.5,23.9,6.39317,7.25871,4.4
0.45,box_jump_even,4,RUN,23.9,24.8,7.25871,7.69071,0.9
0.45,box_jump_even,4,WALK,24.8,29.5,7.69071,8.61263,4.7
0.45,box_jump_even,4,RUN,29.5,30.8,8.61263,9.23577,1.3
0.45,box_jump_even,4,WALK,30.8,35.5,9.23577,10.1629,4.7
0.45,box_jump_even,4,RUN,35.5,37.6,10.1629,11.15,2.1
0.45,box_jump_even,5,TROT,0,0.4,1,1.22,0.4
0.45,box_jump_even,5,RUN,0.4,2,1.22,1.97753,1.6
0.45,box_jump_even,5,WALK,2,6.7,1.97753,2.91004,4.7
0.45,box_jump_even,5,RUN,6.7,7.5,2.91004,3.29164,0.8
0.45,box_jump_even,5,WALK,7.5,12.5,3.29164,4.26599,5
0.45,box_jump_even,5,RUN,12.5,13.8,4.26599,4.88629,1.3
0.45,box_jump_even,5,WALK,13.8,18.5,4.88629,5.82228,4.7
0.45,box_jump_even,5,RUN,18.5,19.5,5.82228,6.30207,1
0.45,box_jump_even,5,WALK,19.5,24.4,6.30207,7.26701,4.9
0.45,box_jump_even,5,RUN,24.4,25.8,7.26701,7.93673,1.4
0.45,box_jump_even,5,WALK,25.8,30.8,7.93673,8.92524,5
0.45,box_jump_even,5,RUN,30.8,31.7,8.92524,9.35699,0.9
0.45,box_jump_even,5,WALK,31.7,36.8,9.35699,10.3741,5.1
0.45,box_jump_even,5,RUN,36.8,38.9,10.3741,11.35,2.1
0.45,box_jump_even,6,TROT,0,0.4,1,1.22,0.4
0.45,box_jump_even,6,RUN,0.4,2.4,1.22,2.17175,2
0.45,box_jump_even,6,WALK,2.4,7.4,2.17175,3.15522,5
0.45,box_jump_even,6,RUN,7.4,8.5,3.15522,3.68308,1.1
0.45,box_jump_even,6,WALK,8.5,13.2,3.68308,4.6107,4.7
0.45,box_jump_even,6,RUN,13.2,14.2,4.6107,5.0907,1
0.45,box_jump_even,6,WALK,14.2,19.4,5.0907,6.12047,5.2
0.45,box_jump_even,6,RUN,19.4,20.6,6.12047,6.69576,1.2
0.45,box_jump_even,6,WALK,20.6,25.5,6.69576,7.66524,4.9
0.45,box_jump_even,6,RUN,25.5,26.8,7.66524,8.28922,1.3
0.45,box_jump_even,6,WALK,26.8,31.5,8.28922,9.21078,4.7
0.45,box_jump_even,6,RUN,31.5,32.4,9.21078,9.64112,0.9
0.45,box_jump_even,6,WALK,32.4,37.1,9.64112,10.5595,4.7
0.45,box_jump_even,6,RUN,37.1,39.2,10.5595,11.55,2.1
0.45,box_jump_even,7,TROT,0,0.4,1,1.22,0.4
0.45,box_jump_even,7,RUN,0.4,2,1.22,1.97755,1.6
0.45,box_jump_even,7,WALK,2,7.3,1.97755,3.01868,5.3
0.45,box_jump_even,7,RUN,7.3,8.6,3.01868,3.64069,1.3
0.45,box_jump_even,7,WALK,8.6,13.8,3.64069,4.66519,5.2
0.45,box_jump_even,7,RUN,13.8,14.9,4.66519,5.19299,1.1
0.45,box_jump_even,7,WALK,14.9,19.8,5.19299,6.16128,4.9
0.45,box_jump_even,7,RUN,19.8,21.1,6.16128,6.78518,1.3
0.45,box_jump_even,7,WALK,21.1,26.3,6.78518,7.81474,5.2
0.45,box_jump_even,7,RUN,26.3,27.6,7.81474,8.43713,1.3
0.45,box_jump_even,7,WALK,27.6,32.5,8.43713,9.41246,4.9
0.45,box_jump_even,7,RUN,32.5,33.8,9.41246,10.0343,1.3
0.45,box_jump_even,7,WALK,33.8,39,10.0343,11.067,5.2
0.45,box_jump_even,7,RUN,39,41.1,11.067,12.05,2.1
0.45,box_jump_even,8,TROT,0,0.4,1,1.22,0.4
0.45,box_jump_even,8,RUN,0.4,1.8,1.22,1.88335,1.4
0.45,box_jump_even,8,WALK,1.8,7.3,1.88335,2.9739,5.5
0.45,box_jump_even,8,RUN,7.3,8,2.9739,3.30899,0.7
0.45,box_jump_even,8,WALK,8,13.3,3.30899,4.35828,5.3
0.45,box_jump_even,8,RUN,13.3,14.5,4.35828,4.93341,1.2
0.45,box_jump_even,8,WALK,14.5,20,4.93341,6.01347,5.5
0.45,box_jump_even,8,RUN,20,20.7,6.01347,6.34845,0.7
0.45,box_jump_even,8,WALK,20.7,25.8,6.34845,7.36242,5.1
0.45,box_jump_even,8,RUN,25.8,26.6,7.36242,7.74534,0.8
0.45,box_jump_even,8,WALK,26.6,31.8,7.74534,8.76374,5.2
0.45,box_jump_even,8,RUN,31.8,32.9,8.76374,9.2914,1.1
0.45,box_jump_even,8,WALK,32.9,37.8,9.2914,10.2564,4.9
0.45,box_jump_even,8,RUN,37.8,39.9,10.2564,11.25,2.1
0.45,box_jump_even,9,TROT,0,0.4,1,1.22,0.4
0.45,box_jump_even,9,RUN,0.4,2.2,1.22,2.07599,1.8
0.45,box_jump_even,9,WALK,2.2,7.5,2.07599,3.12221,5.3
0.45,box_jump_even,9,RUN,7.5,8.8,3.12221,3.74565,1.3
0.45,box_jump_even,9,WALK,8.8,14.5,3.74565,4.86763,5.7
0.45,box_jump_even,9,RUN,14.5,15.5,4.86763,5.34761,1
0.45,box_jump_even,9,WALK,15.5,20.9,5.34761,6.40901,5.4
0.45,box_jump_even,9,RUN,20.9,21.7,6.40901,6.79294,0.8
0.45,box_jump_even,9,WALK,21.7,27.1,6.79294,7.85973,5.4
0.45,box_jump_even,9,RUN,27.1,28.3,7.85973,8.43564,1.2
0.45,box_jump_even,9,WALK,28.3,33.8,8.43564,9.51733,5.5
0.45,box_jump_even,9,RUN,33.8,35.1,9.51733,10.1409,1.3
0.45,box_jump_even,9,WALK,35.1,40.8,10.1409,11.2712,5.7
0.45,box_jump_even,9,RUN,40.8,42.9,11.2712,12.25,2.1
0.45,box_jump_uneven,0,TROT,0,0.4,1,1.22,0.4
0.45,box_jump_uneven,0,RUN,0.4,3.1,1.22,2.50569,2.7
0.45,box_jump_uneven,0,WALK,3.1,6.9,2.50569,3.26396,3.8
0.45,box_jump_uneven,0,RUN,6.9,8.2,3.26396,3.88702,1.3
0.45,box_jump_uneven,0,WALK,8.2,11.9,3.88702,4.60975,3.7
0.45,box_jump_uneven,0,RUN,11.9,14.1,4.60975,5.66569,2.2
0.45,box_jump_uneven,0,WALK,14.1,18.1,5.66569,6.45892,4
0.45,box_jump_uneven,0,RUN,18.1,20.1,6.45892,7.41875,2
0.45,box_jump_uneven,0,WALK,20.1,24.2,7.41875,8.21973,4.1
0.45,box_jump_uneven,0,RUN,24.2,26.3,8.21973,9.22765,2.1
0.45,box_jump_uneven,0,WALK,26.3,30.3,9.22765,10.0128,4
0.45,box_jump_uneven,0,RUN,30.3,32.5,10.0128,11.0688,2.2
0.45,box_jump_uneven,0,WALK,32.5,36.3,11.0688,11.8182,3.8
0.45,box_jump_uneven,0,RUN,36.3,38.4,11.8182,12.8,2.1
0.45,box_jump_uneven,1,TROT,0,1.8,1,1.93878,1.8
0.45,box_jump_uneven,1,RUN,1.8,2.7,1.93878,2.36958,0.9
0.45,box_jump_uneven,1,WALK,2.7,6.8,2.36958,3.17554,4.1
0.45,box_jump_uneven,1,RUN,6.8,8.1,3.17554,3.79861,1.3
0.45,box_jump_uneven,1,WALK,8.1,12,3.79861,4.55984,3.9
0.45,box_jump_uneven,1,RUN,12,13.2,4.55984,5.13504,1.2
0.45,box_jump_uneven,1,WALK,13.2,17.2,5.13504,5.91813,4
0.45,box_jump_uneven,1,RUN,17.2,18.6,5.91813,6.58917,1.4
0.45,box_jump_uneven,1,WALK,18.6,22.5,6.58917,7.35966,3.9
0.45,box_jump_uneven,1,RUN,22.5,24.5,7.35966,8.3187,2
0.45,box_jump_uneven,1,WALK,24.5,28.6,8.3187,9.1229,4.1
0.45,box_jump_uneven,1,RUN,28.6,30.8,9.1229,10.1751,2.2
0.45,box_jump_uneven,1,WALK,30.8,34.8,10.1751,10.9561,4
0.45,box_jump_uneven,1,RUN,34.8,36.9,10.9561,11.95,2.1
0.45,box_jump_uneven,2,TROT,0,1.8,1,1.93983,1.8
0.45,box_jump_uneven,2,RUN,1.8,2.9,1.93983,2.46764,1.1
0.45,box_jump_uneven,2,WALK,2.9,7.5,2.46764,3.36917,4.6
0.45,box_jump_uneven,2,RUN,7.5,9.5,3.36917,4.32917,2
0.45,box_jump_uneven,2,WALK,9.5,14,4.32917,5.21001,4.5
0.45,box_jump_uneven,2,RUN,14,16.3,5.21001,6.31306,2.3
0.45,box_jump_uneven,2,WALK,16.3,20.6,6.31306,7.16326,4.3
0.45,box_jump_uneven,2,RUN,20.6,22.8,7.16326,8.2191,2.2
0.45,box_jump_uneven,2,WALK,22.8,26.8,8.2191,9.01373,4
0.45,box_jump_uneven,2,RUN,26.8,28.2,9.01373,9.68515,1.4
0.45,box_jump_uneven,2,WALK,28.2,31.9,9.68515,10.4065,3.7
0.45,box_jump_uneven,2,RUN,31.9,33.2,10.4065,11.0305,1.3
0.45,box_jump_uneven,2,WALK,33.2,37.4,11.0305,11.8632,4.2
0.45,box_jump_uneven,2,RUN,37.4,39.5,11.8632,12.85,2.1
0.45,box_jump_uneven,3,TROT,0,0.4,1,1.22,0.4
0.45,box_jump_uneven,3,WALK,0.4,3.5,1.22,1.81864,3.1
0.45,box_jump_uneven,3,RUN,3.5,4,1.81864,2.05761,0.5
0.45,box_jump_uneven,3,WALK,4,8.1,2.05761,2.86485,4.1
0.45,box_jump_uneven,3,RUN,8.1,10.2,2.86485,3.87089,2.1
0.45,box_jump_uneven,3,WALK,10.2,15,3.87089,4.81878,4.8
0.45,box_jump_uneven,3,RUN,15,16.4,4.81878,5.49009,1.4
0.45,box_jump_uneven,3,WALK,16.4,17.8,5.49009,5.76981,1.4
0.45,box_jump_uneven,3,JUMP,17.8,18.6,5.76981,5.76981,0.8
0.45,box_jump_uneven,3,WALK,18.6,21.7,5.76981,6.37155,3.1
0.45,box_jump_uneven,3,RUN,21.7,23.7,6.37155,7.33153,2
0.45,box_jump_uneven,3,WALK,23.7,27.9,7.33153,8.15801,4.2
0.45,box_jump_uneven,3,RUN,27.9,30,8.15801,9.16573,2.1
0.45,box_jump_uneven,3,WALK,30,31.6,9.16573,9.47206,1.6
0.45,box_jump_uneven,3,JUMP,31.6,32.4,9.47206,9.47206,0.8
0.45,box_jump_uneven,3,WALK,32.4,35.4,9.47206,10.0717,3
0.45,box_jump_uneven,3,RUN,35.4,37.6,10.0717,11.127,2.2
0.45,box_jump_uneven,3,WALK,37.6,41.9,11.127,11.9731,4.3
0.45,box_jump_uneven,3,RUN,41.9,44,11.9731,12.95,2.1
0.45,box_jump_uneven,4,TROT,0,0.4,1,1.22,0.4
0.45,box_jump_uneven,4,WALK,0.4,3.5,1.22,1.81985,3.1
0.45,box_jump_uneven,4,RUN,3.5,4,1.81985,2.05974,0.5
0.45,box_jump_uneven,4,WALK,4,5.3,2.05974,2.31962,1.3
0.45,box_jump_uneven,4,JUMP,5.3,6.1,2.31962,2.31962,0.8
0.45,box_jump_uneven,4,WALK,6.1,9.1,2.31962,2.91592,3
0.45,box_jump_uneven,4,RUN,9.1,10.1,2.91592,3.39403,1
0.45,box_jump_uneven,4,WALK,10.1,14.8,3.39403,4.31782,4.7
0.45,box_jump_uneven,4,RUN,14.8,16.7,4.31782,5.22839,1.9
0.45,box_jump_uneven,4,WALK,16.7,18.2,5.22839,5.51764,1.5
0.45,box_jump_uneven,4,JUMP,18.2,19,5.51764,5.51764,0.8
0.45,box_jump_uneven,4,WALK,19,22,5.51764,6.11762,3
0.45,box_jump_uneven,4,RUN,22,23,6.11762,6.59761,1
0.45,box_jump_uneven,4,WALK,23,27.7,6.59761,7.52167,4.7
0.45,box_jump_uneven,4,RUN,27.7,29.2,7.52167,8.2416,1.5
0.45,box_jump_uneven,4,WALK,29.2,30.8,8.2416,8.55342,1.6
0.45,box_jump_uneven,4,JUMP,30.8,31.6,8.55342,8.55342,0.8
0.45,box_jump_uneven,4,WALK,31.6,34.7,8.55342,9.17322,3.1
0.45,box_jump_uneven,4,RUN,34.7,36.8,9.17322,10.1809,2.1
0.45,box_jump_uneven,4,WALK,36.8,41.3,10.1809,11.0617,4.5
0.45,box_jump_uneven,4,RUN,41.3,43.4,11.0617,12.05,2.1
0.45,box_jump_uneven,5,TROT,0,0.4,1,1.22,0.4
0.45,box_jump_uneven,5,WALK,0.4,0.9,1.22,1.32,0.5
0.45,box_jump_uneven,5,JUMP,0.9,1.7,1.32,1.32,0.8
0.45,box_jump_uneven,5,WALK,1.7,4.3,1.32,1.81881,2.6
0.45,box_jump_uneven,5,RUN,4.3,4.8,1.81881,2.05791,0.5
0.45,box_jump_uneven,5,WALK,4.8,9.4,2.05791,2.96634,4.6
0.45,box_jump_uneven,5,RUN,9.4,10.5,2.96634,3.49213,1.1
0.45,box_jump_uneven,5,WALK,10.5,15.2,3.49213,4.41052,4.7
0.45,box_jump_uneven,5,RUN,15.2,16.3,4.41052,4.9384,1.1
0.45,box_jump_uneven,5,WALK,16.3,18.2,4.9384,5.31831,1.9
0.45,box_jump_uneven,5,JUMP,18.2,19,5.31831,5.31831,0.8
0.45,box_jump_uneven,5,WALK,19,22.1,5.31831,5.92179,3.1
0.45,box_jump_uneven,5,RUN,22.1,23.5,5.92179,6.59299,1.4
0.45,box_jump_uneven,5,WALK,23.5,25.1,6.59299,6.89784,1.6
0.45,box_jump_uneven,5,JUMP,25.1,25.9,6.89784,6.89784,0.8
0.45,box_jump_uneven,5,WALK,25.9,29,6.89784,7.51681,3.1
0.45,box_jump_uneven,5,RUN,29,31,7.51681,8.47522,2
0.45,box_jump_uneven,5,WALK,31,35.8,8.47522,9.42505,4.8
0.45,box_jump_uneven,5,RUN,35.8,37.9,9.42505,10.4317,2.1
0.45,box_jump_uneven,5,WALK,37.9,42.6,10.4317,11.3691,4.7
0.45,box_jump_uneven,5,RUN,42.6,44.7,11.3691,12.35,2.1
0.45,box_jump_uneven,6,TROT,0,0.4,1,1.22,0.4
0.45,box_jump_uneven,6,WALK,0.4,3.5,1.22,1.81905,3.1
0.45,box_jump_uneven,6,RUN,3.5,4,1.81905,2.05834,0.5
0.45,box_jump_uneven,6,WALK,4,8.6,2.05834,2.97416,4.6
0.45,box_jump_uneven,6,RUN,8.6,9.5,2.97416,3.40615,0.9
0.45,box_jump_uneven,6,WALK,9.5,14.3,3.40615,4.36445,4.8
0.45,box_jump_uneven,6,RUN,14.3,15.7,4.36445,5.03575,1.4
0.45,box_jump_uneven,6,WALK,15.7,20.4,5.03575,5.96523,4.7
0.45,box_jump_uneven,6,RUN,20.4,21.6,5.96523,6.5411,1.2
0.45,box_jump_uneven,6,WALK,21.6,23.2,6.5411,6.86103,1.6
0.45,box_jump_uneven,6,JUMP,23.2,24,6.86103,6.86103,0.8
0.45,box_jump_uneven,6,WALK,24,27.1,6.86103,7.46756,3.1
0.45,box_jump_uneven,6,RUN,27.1,29.1,7.46756,8.42752,2
0.45,box_jump_uneven,6,WALK,29.1,34.1,8.42752,9.41451,5
0.45,box_jump_uneven,6,RUN,34.1,35.1,9.41451,9.89444,1
0.45,box_jump_uneven,6,WALK,35.1,39.8,9.89444,10.8185,4.7
0.45,box_jump_uneven,6,RUN,39.8,41.9,10.8185,11.8,2.1
0.45,box_jump_uneven,7,TROT,0,0.4,1,1.22,0.4
0.45,box_jump_uneven,7,WALK,0.4,3.5,1.22,1.81992,3.1
0.45,box_jump_uneven,7,RUN,3.5,4.1,1.81992,2.10785,0.6
0.45,box_jump_uneven,7,WALK,4.1,9.4,2.10785,3.16114,5.3
0.45,box_jump_uneven,7,RUN,9.4,11,3.16114,3.92772,1.6
0.45,box_jump_uneven,7,WALK,11,16.5,3.92772,5.00863,5.5
0.45,box_jump_uneven,7,RUN,16.5,18.4,5.00863,5.92063,1.9
0.45,box_jump_uneven,7,WALK,18.4,23.5,5.92063,6.92001,5.1
0.45,box_jump_uneven,7,RUN,23.5,25.2,6.92001,7.73383,1.7
0.45,box_jump_uneven,7,WALK,25.2,30.2,7.73383,8.71267,5
0.45,box_jump_uneven,7,RUN,30.2,31.3,8.71267,9.23884,1.1
0.45,box_jump_uneven,7,WALK,31.3,36.8,9.23884,10.3184,5.5
0.45,box_jump_uneven,7,RUN,36.8,37.9,10.3184,10.8434,1.1
0.45,box_jump_uneven,7,WALK,37.9,42.8,10.8434,11.8058,4.9
0.45,box_jump_uneven,7,RUN,42.8,44.9,11.8058,12.8,2.1
0.45,box_jump_uneven,8,TROT,0,0.4,1,1.22,0.4
0.45,box_jump_uneven,8,WALK,0.4,3.5,1.22,1.81954,3.1
0.45,box_jump_uneven,8,RUN,3.5,4.8,1.81954,2.44264,1.3
0.45,box_jump_uneven,8,WALK,4.8,10.4,2.44264,3.55754,5.6
0.45,box_jump_uneven,8,RUN,10.4,11.4,3.55754,4.03743,1
0.45,box_jump_uneven,8,WALK,11.4,16.3,4.03743,5.00688,4.9
0.45,box_jump_uneven,8,RUN,16.3,18,5.00688,5.8228,1.7
0.45,box_jump_uneven,8,WALK,18,23.5,5.8228,6.91273,5.5
0.45,box_jump_uneven,8,RUN,23.5,24.9,6.91273,7.58433,1.4
0.45,box_jump_uneven,8,WALK,24.9,30.6,7.58433,8.71421,5.7
0.45,box_jump_uneven,8,RUN,30.6,31.4,8.71421,9.09817,0.8
0.45,box_jump_uneven,8,WALK,31.4,36.8,9.09817,10.1606,5.4
0.45,box_jump_uneven,8,RUN,36.8,38.5,10.1606,10.9752,1.7
0.45,box_jump_uneven,8,WALK,38.5,43.2,10.9752,11.9102,4.7
0.45,box_jump_uneven,8,RUN,43.2,45.3,11.9102,12.9,2.1
0.45,box_jump_uneven,9,TROT,0,0.4,1,1.22,0.4
0.45,box_jump_uneven,9,WALK,0.4,3.5,1.22,1.81969,3.1
0.45,box_jump_uneven,9,RUN,3.5,4.6,1.81969,2.34718,1.1
0.45,box_jump_uneven,9,WALK,4.6,10.2,2.34718,3.46627,5.6
0.45,box_jump_uneven,9,RUN,10.2,11.5,3.46627,4.09018,1.3
0.45,box_jump_uneven,9,WALK,11.5,16.7,4.09018,5.11595,5.2
0.45,box_jump_uneven,9,RUN,16.7,18.1,5.11595,5.78782,1.4
0.45,box_jump_uneven,9,WALK,18.1,23,5.78782,6.75623,4.9
0.45,box_jump_uneven,9,RUN,23,24.2,6.75623,7.33205,1.2
0.45,box_jump_uneven,9,WALK,24.2,30.2,7.33205,8.5165,6
0.45,box_jump_uneven,9,RUN,30.2,31.1,8.5165,8.94803,0.9
0.45,box_jump_uneven,9,WALK,31.1,36.8,8.94803,10.0739,5.7
0.45,box_jump_uneven,9,RUN,36.8,38.4,10.0739,10.8417,1.6
0.45,box_jump_uneven,9,WALK,38.4,44.3,10.8417,12.0136,5.9
0.45,box_jump_uneven,9,RUN,44.3,46.4,12.0136,13,2.1
0.45,flat_circle_jump,0,TROT,0,0.4,1,1.22,0.4
0.45,flat_circle_jump,0,WALK,0.4,0.9,1.22,1.32,0.5
0.45,flat_circle_jump,0,JUMP,0.9,1.7,1.32,1.32,0.8
0.45,flat_circle_jump,0,WALK,1.7,4.3,1.32,1.81678,2.6
0.45,flat_circle_jump,0,RUN,4.3,6,1.81678,2.59774,1.7
0.45,flat_circle_jump,0,TROT,6,7.9,2.59774,3.60889,1.9
0.45,flat_circle_jump,0,RUN,7.9,8.4,3.60889,3.84648,0.5
0.45,flat_circle_jump,0,TROT,8.4,11.7,3.84648,5.57453,3.3
0.45,flat_circle_jump,0,RUN,11.7,12.2,5.57453,5.81411,0.5
0.45,flat_circle_jump,0,WALK,12.2,16.7,5.81411,6.70951,4.5
0.45,flat_circle_jump,0,RUN,16.7,17.2,6.70951,6.94931,0.5
0.45,flat_circle_jump,0,WALK,17.2,21.4,6.94931,7.76761,4.2
0.45,flat_circle_jump,0,RUN,21.4,23.5,7.76761,8.75,2.1
0.45,flat_circle_jump,1,TROT,0,0.4,1,1.22,0.4
0.45,flat_circle_jump,1,WALK,0.4,3.5,1.22,1.81646,3.1
0.45,flat_circle_jump,1,RUN,3.5,4.4,1.81646,2.24368,0.9
0.45,flat_circle_jump,1,WALK,4.4,6.1,2.24368,2.57845,1.7
0.45,flat_circle_jump,1,RUN,6.1,6.8,2.57845,2.90792,0.7
0.45,flat_circle_jump,1,WALK,6.8,11.7,2.90792,3.86454,4.9
0.45,flat_circle_jump,1,RUN,11.7,13.9,3.86454,4.88542,2.2
0.45,flat_circle_jump,1,WALK,13.9,18.6,4.88542,5.81855,4.7
0.45,flat_circle_jump,1,RUN,18.6,19.1,5.81855,6.05772,0.5
0.45,flat_circle_jump,1,WALK,19.1,24,6.05772,7.01811,4.9
0.45,flat_circle_jump,1,RUN,24,24.5,7.01811,7.25703,0.5
0.45,flat_circle_jump,1,WALK,24.5,29.8,7.25703,8.30879,5.3
0.45,flat_circle_jump,1,RUN,29.8,31.9,8.30879,9.3,2.1
0.45,flat_circle_jump,2,TROT,0,0.4,1,1.22,0.4
0.45,flat_circle_jump,2,WALK,0.4,5.5,1.22,2.21951,5.1
0.45,flat_circle_jump,2,RUN,5.5,6,2.21951,2.45934,0.5
0.45,flat_circle_jump,2,WALK,6,14.5,2.45934,4.12657,8.5
0.45,flat_circle_jump,2,RUN,14.5,15.1,4.12657,4.41105,0.6
0.45,flat_circle_jump,2,WALK,15.1,19.7,4.41105,5.31231,4.6
0.45,flat_circle_jump,2,RUN,19.7,20.2,5.31231,5.54876,0.5
0.45,flat_circle_jump,2,WALK,20.2,25.4,5.54876,6.56558,5.2
0.45,flat_circle_jump,2,RUN,25.4,25.9,6.56558,6.80387,0.5
0.45,flat_circle_jump,2,WALK,25.9,29.8,6.80387,7.57329,3.9
0.45,flat_circle_jump,2,RUN,29.8,30.8,7.57329,8.04481,1
0.45,flat_circle_jump,2,WALK,30.8,35.5,8.04481,8.96876,4.7
0.45,flat_circle_jump,2,RUN,35.5,37.6,8.96876,9.95,2.1
0.45,flat_circle_jump,3,TROT,0,0.4,1,1.22,0.4
0.45,flat_circle_jump,3,WALK,0.4,0.9,1.22,1.32,0.5
0.45,flat_circle_jump,3,JUMP,0.9,1.7,1.32,1.32,0.8
0.45,flat_circle_jump,3,WALK,1.7,5.3,1.32,2.02,3.6
0.45,flat_circle_jump,3,RUN,5.3,5.8,2.02,2.26,0.5
0.45,flat_circle_jump,3,WALK,5.8,10.6,2.26,3.21969,4.8
0.45,flat_circle_jump,3,RUN,10.6,14.2,3.21969,4.90561,3.6
0.45,flat_circle_jump,3,WALK,14.2,18.9,4.90561,5.82272,4.7
0.45,flat_circle_jump,3,RUN,18.9,21.3,5.82272,6.92722,2.4
0.45,flat_circle_jump,3,WALK,21.3,27.3,6.92722,8.12,6
0.45,flat_circle_jump,3,RUN,27.3,27.8,8.12,8.36,0.5
0.45,flat_circle_jump,3,WALK,27.8,33.1,8.36,9.40879,5.3
0.45,flat_circle_jump,3,RUN,33.1,35.2,9.40879,10.4,2.1
0.45,flat_circle_jump,4,TROT,0,0.4,1,1.22,0.4
0.45,flat_circle_jump,4,WALK,0.4,1.1,1.22,1.36,0.7
0.45,flat_circle_jump,4,JUMP,1.1,1.9,1.36,1.36,0.8
0.45,flat_circle_jump,4,WALK,1.9,5,1.36,1.95971,3.1
0.45,flat_circle_jump,4,RUN,5,5.9,1.95971,2.39143,0.9
0.45,flat_circle_jump,4,WALK,5.9,10.6,2.39143,3.31957,4.7
0.45,flat_circle_jump,4,RUN,10.6,11.1,3.31957,3.55932,0.5
0.45,flat_circle_jump,4,WALK,11.1,16.2,3.55932,4.55807,5.1
0.45,flat_circle_jump,4,RUN,16.2,16.7,4.55807,4.79724,0.5
0.45,flat_circle_jump,4,WALK,16.7,21.4,4.79724,5.72,4.7
0.45,flat_circle_jump,4,RUN,21.4,21.9,5.72,5.96,0.5
0.45,flat_circle_jump,4,WALK,21.9,28.7,5.96,7.30813,6.8
0.45,flat_circle_jump,4,RUN,28.7,30.8,7.30813,8.286,2.1
0.45,flat_circle_jump,4,WALK,30.8,38,8.286,9.70875,7.2
0.45,flat_circle_jump,4,RUN,38,40.1,9.70875,10.7,2.1
0.45,flat_circle_jump,5,TROT,0,0.4,1,1.22,0.4
0.45,flat_circle_jump,5,WALK,0.4,4.7,1.22,2.05969,4.3
0.45,flat_circle_jump,5,RUN,4.7,6.1,2.05969,2.73132,1.4
0.45,flat_circle_jump,5,WALK,6.1,9.3,2.73132,3.35902,3.2
0.45,flat_circle_jump,5,RUN,9.3,10.7,3.35902,4.02918,1.4
0.45,flat_circle_jump,5,WALK,10.7,15.5,4.02918,4.96558,4.8
0.45,flat_circle_jump,5,RUN,15.5,16,4.96558,5.20387,0.5
0.45,flat_circle_jump,5,WALK,16,21.6,5.20387,6.3156,5.6
0.45,flat_circle_jump,5,RUN,21.6,22.1,6.3156,6.55413,0.5
0.45,flat_circle_jump,5,WALK,22.1,27.4,6.55413,7.60712,5.3
0.45,flat_circle_jump,5,RUN,27.4,31.3,7.60712,9.462,3.9
0.45,flat_circle_jump,5,WALK,31.3,37.4,9.462,10.6649,6.1
0.45,flat_circle_jump,5,RUN,37.4,39.5,10.6649,11.65,2.1
0.45,flat_circle_jump,6,TROT,0,0.4,1,1.22,0.4
0.45,flat_circle_jump,6,WALK,0.4,6,1.22,2.31818,5.6
0.45,flat_circle_jump,6,RUN,6,6.5,2.31818,2.55765,0.5
0.45,flat_circle_jump,6,WALK,6.5,12.6,2.55765,3.75967,6.1
0.45,flat_circle_jump,6,RUN,12.6,14,3.75967,4.43138,1.4
0.45,flat_circle_jump,6,WALK,14,18.8,4.43138,5.37185,4.8
0.45,flat_circle_jump,6,RUN,18.8,20,5.37185,5.94094,1.2
0.45,flat_circle_jump,6,TROT,20,20.5,5.94094,6.21265,0.5
0.45,flat_circle_jump,6,WALK,20.5,22.6,6.21265,6.6127,2.1
0.45,flat_circle_jump,6,RUN,22.6,23.8,6.6127,7.17555,1.2
0.45,flat_circle_jump,6,WALK,23.8,29.1,7.17555,8.20967,5.3
0.45,flat_circle_jump,6,RUN,29.1,30.2,8.20967,8.73744,1.1
0.45,flat_circle_jump,6,WALK,30.2,33.9,8.73744,9.4697,3.7
0.45,flat_circle_jump,6,RUN,33.9,35.2,9.4697,10.0931,1.3
0.45,flat_circle_jump,6,WALK,35.2,41.4,10.0931,11.3197,6.2
0.45,flat_circle_jump,6,RUN,41.4,43.5,11.3197,12.3,2.1
0.45,flat_circle_jump,7,TROT,0,0.4,1,1.22,0.4
0.45,flat_circle_jump,7,WALK,0.4,7.8,1.22,2.66937,7.4
0.45,flat_circle_jump,7,RUN,7.8,8.3,2.66937,2.90721,0.5
0.45,flat_circle_jump,7,WALK,8.3,15.4,2.90721,4.30953,7.1
0.45,flat_circle_jump,7,RUN,15.4,15.9,4.30953,4.54941,0.5
0.45,flat_circle_jump,7,WALK,15.9,21.7,4.54941,5.67238,5.8
0.45,flat_circle_jump,7,RUN,21.7,22.2,5.67238,5.90666,0.5
0.45,flat_circle_jump,7,WALK,22.2,27.6,5.90666,6.95968,5.4
0.45,flat_circle_jump,7,RUN,27.6,29,6.95968,7.63135,1.4
0.45,flat_circle_jump,7,WALK,29,33.8,7.63135,8.57584,4.8
0.45,flat_circle_jump,7,RUN,33.8,34.3,8.57584,8.81437,0.5
0.45,flat_circle_jump,7,WALK,34.3,40.1,8.81437,9.96721,5.8
0.45,flat_circle_jump,7,RUN,40.1,41.7,9.96721,10.7322,1.6
0.45,flat_circle_jump,7,WALK,41.7,47.4,10.7322,11.8697,5.7
0.45,flat_circle_jump,7,RUN,47.4,49.5,11.8697,12.85,2.1
0.45,flat_circle_jump,8,TROT,0,0.4,1,1.22,0.4
0.45,flat_circle_jump,8,WALK,0.4,7.8,1.22,2.66394,7.4
0.45,flat_circle_jump,8,RUN,7.8,8.3,2.66394,2.90068,0.5
0.45,flat_circle_jump,8,WALK,8.3,15.8,2.90068,4.36357,7.5
0.45,flat_circle_jump,8,RUN,15.8,16.3,4.36357,4.59991,0.5
0.45,flat_circle_jump,8,WALK,16.3,17.7,4.59991,4.87565,1.4
0.45,flat_circle_jump,8,JUMP,17.7,18.5,4.87565,4.87565,0.8
0.45,flat_circle_jump,8,WALK,18.5,23.3,4.87565,5.81231,4.8
0.45,flat_circle_jump,8,RUN,23.3,23.8,5.81231,6.05006,0.5
0.45,flat_circle_jump,8,WALK,23.8,28.7,6.05006,7.01,4.9
0.45,flat_circle_jump,8,RUN,28.7,30.3,7.01,7.778,1.6
0.45,flat_circle_jump,8,WALK,30.3,43.7,7.778,10.41,13.4
0.45,flat_circle_jump,8,RUN,43.7,45.1,10.41,11.082,1.4
0.45,flat_circle_jump,8,WALK,45.1,50.6,11.082,12.17,5.5
0.45,flat_circle_jump,8,RUN,50.6,52.7,12.17,13.15,2.1
0.45,flat_circle_jump,9,TROT,0,0.4,1,1.22,0.4
0.45,flat_circle_jump,9,WALK,0.4,7.7,1.22,2.65967,7.3
0.45,flat_circle_jump,9,RUN,7.7,9.1,2.65967,3.33148,1.4
0.45,flat_circle_jump,9,WALK,9.1,13.8,3.33148,4.25729,4.7
0.45,flat_circle_jump,9,RUN,13.8,15.4,4.25729,5.02214,1.6
0.45,flat_circle_jump,9,WALK,15.4,18.9,5.02214,5.70971,3.5
0.45,flat_circle_jump,9,RUN,18.9,20.3,5.70971,6.38128,1.4
0.45,flat_circle_jump,9,WALK,20.3,25.3,6.38128,7.36967,5
0.45,flat_circle_jump,9,RUN,25.3,26.7,7.36967,8.04136,1.4
0.45,flat_circle_jump,9,WALK,26.7,41.3,8.04136,10.908,14.6
0.45,flat_circle_jump,9,RUN,41.3,41.8,10.908,11.144,0.5
0.45,flat_circle_jump,9,WALK,41.8,50.3,11.144,12.825,8.5
0.45,flat_circle_jump,9,RUN,50.3,52.4,12.825,13.8,2.1
0.45,bump_jump,0,TROT,0,0.4,1,1.22,0.4
0.45,bump_jump,0,WALK,0.4,43.8,1.22,9.76968,43.4
0.45,bump_jump,0,RUN,43.8,45.9,9.76968,10.75,2.1
0.45,bump_jump,1,TROT,0,0.4,1,1.22,0.4
0.45,bump_jump,1,WALK,0.4,45.4,1.22,10.06,45
0.45,bump_jump,1,RUN,45.4,47.5,10.06,11.05,2.1
0.45,bump_jump,2,TROT,0,0.4,1,1.22,0.4
0.45,bump_jump,2,WALK,0.4,44.6,1.22,9.95876,44.2
0.45,bump_jump,2,RUN,44.6,46.7,9.95876,10.95,2.1
0.45,bump_jump,3,TROT,0,0.4,1,1.22,0.4
0.45,bump_jump,3,WALK,0.4,46.6,1.22,10.32,46.2
0.45,bump_jump,3,RUN,46.6,48.7,10.32,11.3,2.1
0.45,bump_jump,4,TROT,0,0.4,1,1.22,0.4
0.45,bump_jump,4,WALK,0.4,46.3,1.22,10.2597,45.9
0.45,bump_jump,4,RUN,46.3,48.4,10.2597,11.25,2.1
0.45,bump_jump,5,TROT,0,0.6,1,1.33,0.6
0.45,bump_jump,5,WALK,0.6,47,1.33,10.51,46.4
0.45,bump_jump,5,RUN,47,49.1,10.51,11.5,2.1
0.45,bump_jump,6,TROT,0,0.6,1,1.33,0.6
0.45,bump_jump,6,WALK,0.6,47.1,1.33,10.4721,46.5
0.45,bump_jump,6,RUN,47.1,49.2,10.4721,11.45,2.1
0.45,bump_jump,7,TROT,0,0.4,1,1.22,0.4
0.45,bump_jump,7,WALK,0.4,49.1,1.22,10.8671,48.7
0.45,bump_jump,7,RUN,49.1,51.2,10.8671,11.85,2.1
0.45,bump_jump,8,TROT,0,0.4,1,1.22,0.4
0.45,bump_jump,8,WALK,0.4,49.6,1.22,10.8749,49.2
0.45,bump_jump,8,RUN,49.6,51.7,10.8749,11.85,2.1
0.45,bump_jump,9,TROT,0,0.4,1,1.22,0.4
0.45,bump_jump,9,WALK,0.4,49.6,1.22,10.9149,49.2
0.45,bump_jump,9,RUN,49.6,51.7,10.9149,11.9,2.1
0.45,sideways_ramp,0,TROT,0,0.4,1,1.22,0.4
0.45,sideways_ramp,0,WALK,0.4,3.8,1.22,1.83674,3.4
0.45,sideways_ramp,0,RUN,3.8,4.7,1.83674,2.21956,0.9
0.45,sideways_ramp,0,WALK,4.7,7.9,2.21956,2.79588,3.2
0.45,sideways_ramp,0,RUN,7.9,9.4,2.79588,3.47531,1.5
0.45,sideways_ramp,0,WALK,9.4,12.4,3.47531,4.0583,3
0.45,sideways_ramp,0,RUN,12.4,13.8,4.0583,4.72831,1.4
0.45,sideways_ramp,0,WALK,13.8,17.4,4.72831,5.39973,3.6
0.45,sideways_ramp,0,RUN,17.4,19,5.39973,6.097,1.6
0.45,sideways_ramp,0,WALK,19,22.4,6.097,6.69892,3.4
0.45,sideways_ramp,0,RUN,22.4,24,6.69892,7.3954,1.6
0.45,sideways_ramp,0,WALK,24,27.3,7.3954,8.00219,3.3
0.45,sideways_ramp,0,RUN,27.3,28.9,8.00219,8.72184,1.6
0.45,sideways_ramp,0,WALK,28.9,32.3,8.72184,9.348,3.4
0.45,sideways_ramp,0,RUN,32.3,34.4,9.348,10.3,2.1
0.45,sideways_ramp,1,TROT,0,0.4,1,1.22,0.4
0.45,sideways_ramp,1,WALK,0.4,3.5,1.22,1.82,3.1
0.45,sideways_ramp,1,RUN,3.5,4,1.82,2.06,0.5
0.45,sideways_ramp,1,WALK,4,8,2.06,2.80968,4
0.45,sideways_ramp,1,RUN,8,9.7,2.80968,3.55129,1.7
0.45,sideways_ramp,1,WALK,9.7,13,3.55129,4.1721,3.3
0.45,sideways_ramp,1,RUN,13,14.2,4.1721,4.74646,1.2
0.45,sideways_ramp,1,WALK,14.2,17.8,4.74646,5.44176,3.6
0.45,sideways_ramp,1,RUN,17.8,19.4,5.44176,6.17798,1.6
0.45,sideways_ramp,1,WALK,19.4,22.7,6.17798,6.82407,3.3
0.45,sideways_ramp,1,RUN,22.7,23.8,6.82407,7.35169,1.1
0.45,sideways_ramp,1,WALK,23.8,27.6,7.35169,8.09039,3.8
0.45,sideways_ramp,1,RUN,27.6,28.8,8.09039,8.6389,1.2
0.45,sideways_ramp,1,WALK,28.8,32.5,8.6389,9.3358,3.7
0.45,sideways_ramp,1,RUN,32.5,34.7,9.3358,10.3,2.2
0.45,sideways_ramp,2,TROT,0,0.4,1,1.22,0.4
0.45,sideways_ramp,2,WALK,0.4,0.9,1.22,1.32,0.5
0.45,sideways_ramp,2,JUMP,0.9,1.7,1.32,1.32,0.8
0.45,sideways_ramp,2,WALK,1.7,4.3,1.32,1.81953,2.6
0.45,sideways_ramp,2,RUN,4.3,4.8,1.81953,2.05917,0.5
0.45,sideways_ramp,2,WALK,4.8,23.7,2.05917,5.59335,18.9
0.45,sideways_ramp,2,RUN,23.7,24.9,5.59335,6.12529,1.2
0.45,sideways_ramp,2,WALK,24.9,28.9,6.12529,6.85459,4
0.45,sideways_ramp,2,RUN,28.9,30.3,6.85459,7.46387,1.4
0.45,sideways_ramp,2,WALK,30.3,31.1,7.46387,7.60893,0.8
0.45,sideways_ramp,2,JUMP,31.1,31.9,7.60893,7.60893,0.8
0.45,sideways_ramp,2,WALK,31.9,34.6,7.60893,8.12488,2.7
0.45,sideways_ramp,2,RUN,34.6,35.6,8.12488,8.60451,1
0.45,sideways_ramp,2,WALK,35.6,39.4,8.60451,9.35719,3.8
0.45,sideways_ramp,2,RUN,39.4,41.5,9.35719,10.35,2.1
0.45,sideways_ramp,3,TROT,0,0.4,1,1.22,0.4
0.45,sideways_ramp,3,WALK,0.4,3.5,1.22,1.81807,3.1
0.45,sideways_ramp,3,RUN,3.5,4,1.81807,2.05663,0.5
0.45,sideways_ramp,3,WALK,4,8.8,2.05663,2.98173,4.8
0.45,sideways_ramp,3,RUN,8.8,9.7,2.98173,3.39551,0.9
0.45,sideways_ramp,3,WALK,9.7,14,3.39551,4.19463,4.3
0.45,sideways_ramp,3,RUN,14,15.1,4.19463,4.69415,1.1
0.45,sideways_ramp,3,WALK,15.1,26.3,4.69415,6.82681,11.2
0.45,sideways_ramp,3,RUN,26.3,27.7,6.82681,7.49492,1.4
0.45,sideways_ramp,3,WALK,27.7,31.6,7.49492,8.25682,3.9
0.45,sideways_ramp,3,RUN,31.6,33,8.25682,8.92843,1.4
0.45,sideways_ramp,3,WALK,33,37.3,8.92843,9.75134,4.3
0.45,sideways_ramp,3,RUN,37.3,39.5,9.75134,10.7,2.2
0.45,sideways_ramp,4,TROT,0,0.4,1,1.22,0.4
0.45,sideways_ramp,4,WALK,0.4,0.9,1.22,1.32,0.5
0.45,sideways_ramp,4,JUMP,0.9,1.7,1.32,1.32,0.8
0.45,sideways_ramp,4,WALK,1.7,4.3,1.32,1.82,2.6
0.45,sideways_ramp,4,RUN,4.3,4.8,1.82,2.06,0.5
0.45,sideways_ramp,4,WALK,4.8,8.9,2.06,2.86446,4.1
0.45,sideways_ramp,4,RUN,8.9,9.9,2.86446,3.34412,1
0.45,sideways_ramp,4,WALK,9.9,14.2,3.34412,4.17943,4.3
0.45,sideways_ramp,4,RUN,14.2,14.7,4.17943,4.40936,0.5
0.45,sideways_ramp,4,TROT,14.7,15.4,4.40936,4.77822,0.7
0.45,sideways_ramp,4,WALK,15.4,19.5,4.77822,5.57319,4.1
0.45,sideways_ramp,4,RUN,19.5,20.6,5.57319,6.0981,1.1
0.45,sideways_ramp,4,WALK,20.6,21.7,6.0981,6.31681,1.1
0.45,sideways_ramp,4,JUMP,21.7,22.5,6.31681,6.31681,0.8
0.45,sideways_ramp,4,WALK,22.5,25.5,6.31681,6.91588,3
0.45,sideways_ramp,4,RUN,25.5,26.5,6.91588,7.39588,1
0.45,sideways_ramp,4,WALK,26.5,30.7,7.39588,8.22088,4.2
0.45,sideways_ramp,4,RUN,30.7,31.6,8.22088,8.65288,0.9
0.45,sideways_ramp,4,WALK,31.6,36.4,8.65288,9.55695,4.8
0.45,sideways_ramp,4,RUN,36.4,38.6,9.55695,10.5,2.2
0.45,sideways_ramp,5,TROT,0,0.4,1,1.22,0.4
0.45,sideways_ramp,5,WALK,0.4,5.9,1.22,2.1721,5.5
0.45,sideways_ramp,5,TROT,5.9,6.4,2.1721,2.40314,0.5
0.45,sideways_ramp,5,WALK,6.4,9.3,2.40314,2.96937,2.9
0.45,sideways_ramp,5,RUN,9.3,10.2,2.96937,3.40137,0.9
0.45,sideways_ramp,5,WALK,10.2,11.8,3.40137,3.72137,1.6
0.45,sideways_ramp,5,JUMP,11.8,12.6,3.72137,3.72137,0.8
0.45,sideways_ramp,5,WALK,12.6,15.6,3.72137,4.31271,3
0.45,sideways_ramp,5,RUN,15.6,16.6,4.31271,4.79238,1
0.45,sideways_ramp,5,WALK,16.6,21,4.79238,5.66377,4.4
0.45,sideways_ramp,5,RUN,21,21.9,5.66377,6.09577,0.9
0.45,sideways_ramp,5,WALK,21.9,30.9,6.09577,7.81983,9
0.45,sideways_ramp,5,JUMP,30.9,31.7,7.81983,7.81983,0.8
0.45,sideways_ramp,5,WALK,31.7,34.5,7.81983,8.36075,2.8
0.45,sideways_ramp,5,RUN,34.5,35.4,8.36075,8.79007,0.9
0.45,sideways_ramp,5,WALK,35.4,39.8,8.79007,9.66278,4.4
0.45,sideways_ramp,5,RUN,39.8,41.9,9.66278,10.65,2.1
0.45,sideways_ramp,6,TROT,0,0.4,1,1.22,0.4
0.45,sideways_ramp,6,WALK,0.4,3.5,1.22,1.81804,3.1
0.45,sideways_ramp,6,RUN,3.5,4,1.81804,2.05658,0.5
0.45,sideways_ramp,6,WALK,4,8.8,2.05658,2.978,4.8
0.45,sideways_ramp,6,RUN,8.8,9.7,2.978,3.39385,0.9
0.45,sideways_ramp,6,WALK,9.7,14.8,3.39385,4.34922,5.1
0.45,sideways_ramp,6,TROT,14.8,15.8,4.34922,4.86716,1
0.45,sideways_ramp,6,WALK,15.8,20.4,4.86716,5.76008,4.6
0.45,sideways_ramp,6,RUN,20.4,21.4,5.76008,6.23887,1
0.45,sideways_ramp,6,WALK,21.4,26.1,6.23887,7.16536,4.7
0.45,sideways_ramp,6,RUN,26.1,27.2,7.16536,7.69305,1.1
0.45,sideways_ramp,6,WALK,27.2,31.8,7.69305,8.60789,4.6
0.45,sideways_ramp,6,RUN,31.8,32.9,8.60789,9.13557,1.1
0.45,sideways_ramp,6,WALK,32.9,37.6,9.13557,10.0673,4.7
0.45,sideways_ramp,6,RUN,37.6,39.7,10.0673,11.05,2.1
0.45,sideways_ramp,7,TROT,0,0.4,1,1.22,0.4
0.45,sideways_ramp,7,RUN,0.4,1.4,1.22,1.66863,1
0.45,sideways_ramp,7,WALK,1.4,1.9,1.66863,1.75646,0.5
0.45,sideways_ramp,7,JUMP,1.9,2.7,1.75646,1.75646,0.8
0.45,sideways_ramp,7,WALK,2.7,3.6,1.75646,1.91456,0.9
0.45,sideways_ramp,7,RUN,3.6,4.1,1.91456,2.12535,0.5
0.45,sideways_ramp,7,WALK,4.1,8.2,2.12535,2.88045,4.1
0.45,sideways_ramp,7,TROT,8.2,9.2,2.88045,3.40559,1
0.45,sideways_ramp,7,WALK,9.2,14.2,3.40559,4.37193,5
0.45,sideways_ramp,7,RUN,14.2,15.1,4.37193,4.80393,0.9
0.45,sideways_ramp,7,WALK,15.1,28.3,4.80393,7.32281,13.2
0.45,sideways_ramp,7,RUN,28.3,29.2,7.32281,7.74295,0.9
0.45,sideways_ramp,7,WALK,29.2,34.2,7.74295,8.71999,5
0.45,sideways_ramp,7,RUN,34.2,35.1,8.71999,9.14957,0.9
0.45,sideways_ramp,7,WALK,35.1,40,9.14957,10.1129,4.9
0.45,sideways_ramp,7,RUN,40,42.1,10.1129,11.1,2.1
0.45,sideways_ramp,8,TROT,0,0.4,1,1.22,0.4
0.45,sideways_ramp,8,WALK,0.4,8.7,1.22,2.85636,8.3
0.45,sideways_ramp,8,RUN,8.7,9.5,2.85636,3.23934,0.8
0.45,sideways_ramp,8,WALK,9.5,15,3.23934,4.28957,5.5
0.45,sideways_ramp,8,TROT,15,15.8,4.28957,4.70492,0.8
0.45,sideways_ramp,8,WALK,15.8,21,4.70492,5.71557,5.2
0.45,sideways_ramp,8,RUN,21,21.9,5.71557,6.14757,0.9
0.45,sideways_ramp,8,WALK,21.9,27,6.14757,7.16749,5.1
0.45,sideways_ramp,8,RUN,27,27.8,7.16749,7.55149,0.8
0.45,sideways_ramp,8,WALK,27.8,33.2,7.55149,8.61923,5.4
0.45,sideways_ramp,8,RUN,33.2,33.8,8.61923,8.90651,0.6
0.45,sideways_ramp,8,WALK,33.8,39.4,8.90651,9.98859,5.6
0.45,sideways_ramp,8,RUN,39.4,41.6,9.98859,10.95,2.2
0.45,sideways_ramp,9,TROT,0,0.4,1,1.22,0.4
0.45,sideways_ramp,9,WALK,0.4,3.5,1.22,1.81948,3.1
0.45,sideways_ramp,9,RUN,3.5,4,1.81948,2.05908,0.5
0.45,sideways_ramp,9,WALK,4,9,2.05908,3.02904,5
0.45,sideways_ramp,9,RUN,9,9.8,3.02904,3.39956,0.8
0.45,sideways_ramp,9,WALK,9.8,15.2,3.39956,4.46259,5.4
0.45,sideways_ramp,9,RUN,15.2,15.7,4.46259,4.70259,0.5
0.45,sideways_ramp,9,WALK,15.7,21.3,4.70259,5.81728,5.6
0.45,sideways_ramp,9,RUN,21.3,22,5.81728,6.15126,0.7
0.45,sideways_ramp,9,WALK,22,24.4,6.15126,6.62304,2.4
0.45,sideways_ramp,9,JUMP,24.4,25.2,6.62304,6.62304,0.8
0.45,sideways_ramp,9,WALK,25.2,28.2,6.62304,7.21987,3
0.45,sideways_ramp,9,RUN,28.2,29.1,7.21987,7.64959,0.9
0.45,sideways_ramp,9,WALK,29.1,42.2,7.64959,10.1862,13.1
0.45,sideways_ramp,9,RUN,42.2,44.4,10.1862,11.15,2.2
0.45,stepping_stones_cylinder,0,TROT,0,0.4,1,1.22,0.4
0.45,stepping_stones_cylinder,0,RUN,0.4,11.8,1.22,6.45,11.4
0.45,stepping_stones_cylinder,1,TROT,0,0.4,1,1.22,0.4
0.45,stepping_stones_cylinder,1,WALK,0.4,3.8,1.22,1.87177,3.4
0.45,stepping_stones_cylinder,1,RUN,3.8,13.6,1.87177,6.35,9.8
0.45,stepping_stones_cylinder,2,TROT,0,0.4,1,1.22,0.4
0.45,stepping_stones_cylinder,2,WALK,0.4,3.8,1.22,1.87196,3.4
0.45,stepping_stones_cylinder,2,RUN,3.8,5.2,1.87196,2.492,1.4
0.45,stepping_stones_cylinder,2,WALK,5.2,7.3,2.492,2.9,2.1
0.45,stepping_stones_cylinder,2,RUN,7.3,14.4,2.9,6.15,7.1
0.45,stepping_stones_cylinder,3,TROT,0,0.4,1,1.22,0.4
0.45,stepping_stones_cylinder,3,WALK,0.4,3.8,1.22,1.8731,3.4
0.45,stepping_stones_cylinder,3,RUN,3.8,5.2,1.8731,2.492,1.4
0.45,stepping_stones_cylinder,3,WALK,5.2,15.1,2.492,4.45,9.9
0.45,stepping_stones_cylinder,3,RUN,15.1,18.1,4.45,5.85,3
0.45,stepping_stones_cylinder,4,TROT,0,0.4,1,1.22,0.4
0.45,stepping_stones_cylinder,4,WALK,0.4,18.7,1.22,4.81,18.3
0.45,stepping_stones_cylinder,4,RUN,18.7,20.8,4.81,5.8,2.1
0.45,stepping_stones_cylinder,5,TROT,0,0.4,1,1.22,0.4
0.45,stepping_stones_cylinder,5,WALK,0.4,10.1,1.22,3.12,9.7
0.45,stepping_stones_cylinder,5,RUN,10.1,10.7,3.12,3.408,0.6
0.45,stepping_stones_cylinder,5,WALK,10.7,15.7,3.408,4.37,5
0.45,stepping_stones_cylinder,5,RUN,15.7,16.2,4.37,4.61,0.5
0.45,stepping_stones_cylinder,5,WALK,16.2,21.1,4.61,5.56776,4.9
0.45,stepping_stones_cylinder,5,RUN,21.1,22.6,5.56776,6.25,1.5
0.45,stepping_stones_cylinder,6,TROT,0,0.4,1,1.22,0.4
0.45,stepping_stones_cylinder,6,WALK,0.4,21.2,1.22,5.30851,20.8
0.45,stepping_stones_cylinder,6,RUN,21.2,22.7,5.30851,6,1.5
0.45,stepping_stones_cylinder,7,TROT,0,0.4,1,1.22,0.4
0.45,stepping_stones_cylinder,7,WALK,0.4,20.2,1.22,5.10882,19.8
0.45,stepping_stones_cylinder,7,RUN,20.2,21.7,5.10882,5.8,1.5
0.45,stepping_stones_cylinder,8,TROT,0,0.4,1,1.22,0.4
0.45,stepping_stones_cylinder,8,WALK,0.4,19.5,1.22,4.96931,19.1
0.45,stepping_stones_cylinder,8,RUN,19.5,21.1,4.96931,5.7,1.6
0.45,stepping_stones_cylinder,9,TROT,0,0.4,1,1.22,0.4
0.45,stepping_stones_cylinder,9,WALK,0.4,20,1.22,5.05971,19.6
0.45,stepping_stones_cylinder,9,RUN,20,21.6,5.05971,5.8,1.6
0.45,stepping_stones_randomly_arranged,0,TROT,0,0.4,1,1.22,0.4
0.45,stepping_stones_randomly_arranged,0,RUN,0.4,11.6,1.22,6.4,11.2
0.45,stepping_stones_randomly_arranged,1,TROT,0,0.4,1,1.22,0.4
0.45,stepping_stones_randomly_arranged,1,RUN,0.4,11,1.22,6.1,10.6
0.45,stepping_stones_randomly_arranged,2,TROT,0,0.4,1,1.22,0.4
0.45,stepping_stones_randomly_arranged,2,RUN,0.4,11,1.22,6.1,10.6
0.45,stepping_stones_randomly_arranged,3,TROT,0,0.4,1,1.22,0.4
0.45,stepping_stones_randomly_arranged,3,RUN,0.4,10.9,1.22,6.1,10.5
0.45,stepping_stones_randomly_arranged,4,TROT,0,0.4,1,1.22,0.4
0.45,stepping_stones_randomly_arranged,4,RUN,0.4,11.7,1.22,6.25,11.3
0.45,stepping_stones_randomly_arranged,5,TROT,0,0.4,1,1.22,0.4
0.45,stepping_stones_randomly_arranged,5,RUN,0.4,2.7,1.22,2.26591,2.3
0.45,stepping_stones_randomly_arranged,5,WALK,2.7,5.1,2.26591,2.72999,2.4
0.45,stepping_stones_randomly_arranged,5,RUN,5.1,12,2.72999,5.9,6.9
0.45,stepping_stones_randomly_arranged,6,TROT,0,0.4,1,1.22,0.4
0.45,stepping_stones_randomly_arranged,6,RUN,0.4,4,1.22,2.83678,3.6
0.45,stepping_stones_randomly_arranged,6,WALK,4,6.7,2.83678,3.36498,2.7
0.45,stepping_stones_randomly_arranged,6,RUN,6.7,7.2,3.36498,3.60496,0.5
0.45,stepping_stones_randomly_arranged,6,WALK,7.2,8.6,3.60496,3.87995,1.4
0.45,stepping_stones_randomly_arranged,6,RUN,8.6,13,3.87995,5.9,4.4
0.45,stepping_stones_randomly_arranged,7,TROT,0,0.4,1,1.22,0.4
0.45,stepping_stones_randomly_arranged,7,RUN,0.4,4,1.22,2.81004,3.6
0.45,stepping_stones_randomly_arranged,7,WALK,4,5.4,2.81004,3.07988,1.4
0.45,stepping_stones_randomly_arranged,7,RUN,5.4,6.2,3.07988,3.41694,0.8
0.45,stepping_stones_randomly_arranged,7,WALK,6.2,9,3.41694,3.96499,2.8
0.45,stepping_stones_randomly_arranged,7,RUN,9,13.6,3.96499,6,4.6
0.45,stepping_stones_randomly_arranged,8,TROT,0,0.4,1,1.22,0.4
0.45,stepping_stones_randomly_arranged,8,RUN,0.4,4,1.22,2.81687,3.6
0.45,stepping_stones_randomly_arranged,8,WALK,4,9.6,2.81687,3.91999,5.6
0.45,stepping_stones_randomly_arranged,8,RUN,9.6,10.1,3.91999,4.15998,0.5
0.45,stepping_stones_randomly_arranged,8,WALK,10.1,13.9,4.15998,4.9,3.8
0.45,stepping_stones_randomly_arranged,8,RUN,13.9,16.1,4.9,5.9,2.2
0.45,stepping_stones_randomly_arranged,9,TROT,0,0.4,1,1.22,0.4
0.45,stepping_stones_randomly_arranged,9,RUN,0.4,1.2,1.22,1.59184,0.8
0.45,stepping_stones_randomly_arranged,9,WALK,1.2,2.1,1.59184,1.76404,0.9
0.45,stepping_stones_randomly_arranged,9,RUN,2.1,3.5,1.76404,2.40702,1.4
0.45,stepping_stones_randomly_arranged,9,WALK,3.5,4.4,2.40702,2.58489,0.9
0.45,stepping_stones_randomly_arranged,9,RUN,4.4,6,2.58489,3.28702,1.6
0.45,stepping_stones_randomly_arranged,9,WALK,6,7.5,3.28702,3.57925,1.5
0.45,stepping_stones_randomly_arranged,9,RUN,7.5,8,3.57925,3.792,0.5
0.45,stepping_stones_randomly_arranged,9,WALK,8,9.4,3.792,4.07199,1.4
0.45,stepping_stones_randomly_arranged,9,RUN,9.4,12.9,4.07199,5.6,3.5
0.45,staircase_walking_full_width,0,TROT,0,2,1,2.055,2
0.45,staircase_walking_full_width,0,WALK,2,7,2.055,3.055,5
0.45,staircase_walking_full_width,0,RUN,7,8.3,3.055,3.679,1.3
0.45,staircase_walking_full_width,0,TROT,8.3,9.7,3.679,4.40429,1.4
0.45,staircase_walking_full_width,0,WALK,9.7,16.8,4.40429,5.82429,7.1
0.45,staircase_walking_full_width,0,RUN,16.8,18.1,5.82429,6.40857,1.3
0.45,staircase_walking_full_width,0,WALK,18.1,18.6,6.40857,6.50857,0.5
0.45,staircase_walking_full_width,0,JUMP,18.6,19.4,6.50857,6.50857,0.8
0.45,staircase_walking_full_width,0,WALK,19.4,22.4,6.50857,7.10857,3
0.45,staircase_walking_full_width,0,JUMP,22.4,23.2,7.10857,7.10857,0.8
0.45,staircase_walking_full_width,0,WALK,23.2,26.2,7.10857,7.70857,3
0.45,staircase_walking_full_width,0,JUMP,26.2,27,7.70857,7.70857,0.8
0.45,staircase_walking_full_width,0,WALK,27,30,7.70857,8.29286,3
0.45,staircase_walking_full_width,0,JUMP,30,30.8,8.29286,8.29286,0.8
0.45,staircase_walking_full_width,0,WALK,30.8,32.2,8.29286,8.57286,1.4
0.45,staircase_walking_full_width,0,RUN,32.2,33.5,8.57286,9.19686,1.3
0.45,staircase_walking_full_width,0,WALK,33.5,44.2,9.19686,11.3171,10.7
0.45,staircase_walking_full_width,0,RUN,44.2,45.5,11.3171,11.9174,1.3
0.45,staircase_walking_full_width,0,WALK,45.5,56.3,11.9174,14.0657,10.8
0.45,staircase_walking_full_width,0,RUN,56.3,59.9,14.0657,15.75,3.6
0.45,staircase_walking_full_width,1,TROT,0,0.4,1,1.22,0.4
0.45,staircase_walking_full_width,1,WALK,0.4,9.6,1.22,3.06,9.2
0.45,staircase_walking_full_width,1,RUN,9.6,10.9,3.06,3.684,1.3
0.45,staircase_walking_full_width,1,WALK,10.9,21.7,3.684,5.82429,10.8
0.45,staircase_walking_full_width,1,RUN,21.7,23,5.82429,6.40857,1.3
0.45,staircase_walking_full_width,1,WALK,23,23.5,6.40857,6.50857,0.5
0.45,staircase_walking_full_width,1,JUMP,23.5,24.3,6.50857,6.50857,0.8
0.45,staircase_walking_full_width,1,WALK,24.3,27.3,6.50857,7.10857,3
0.45,staircase_walking_full_width,1,JUMP,27.3,28.1,7.10857,7.10857,0.8
0.45,staircase_walking_full_width,1,WALK,28.1,31.1,7.10857,7.70857,3
0.45,staircase_walking_full_width,1,JUMP,31.1,31.9,7.70857,7.70857,0.8
0.45,staircase_walking_full_width,1,WALK,31.9,34.9,7.70857,8.29286,3
0.45,staircase_walking_full_width,1,JUMP,34.9,35.7,8.29286,8.29286,0.8
0.45,staircase_walking_full_width,1,WALK,35.7,37.1,8.29286,8.57286,1.4
0.45,staircase_walking_full_width,1,RUN,37.1,38.4,8.57286,9.19686,1.3
0.45,staircase_walking_full_width,1,WALK,38.4,49.1,9.19686,11.3171,10.7
0.45,staircase_walking_full_width,1,RUN,49.1,50.4,11.3171,11.9174,1.3
0.45,staircase_walking_full_width,1,WALK,50.4,61.2,11.9174,14.0657,10.8
0.45,staircase_walking_full_width,1,RUN,61.2,64.8,14.0657,15.75,3.6
0.45,staircase_walking_full_width,2,TROT,0,0.4,1,1.22,0.4
0.45,staircase_walking_full_width,2,WALK,0.4,0.9,1.22,1.32,0.5
0.45,staircase_walking_full_width,2,JUMP,0.9,1.7,1.32,1.32,0.8
0.45,staircase_walking_full_width,2,WALK,1.7,4.6,1.32,1.9,2.9
0.45,staircase_walking_full_width,2,JUMP,4.6,5.4,1.9,1.9,0.8
0.45,staircase_walking_full_width,2,WALK,5.4,10,1.9,2.82,4.6
0.45,staircase_walking_full_width,2,RUN,10,10.6,2.82,3.108,0.6
0.45,staircase_walking_full_width,2,WALK,10.6,20.2,3.108,5.01143,9.6
0.45,staircase_walking_full_width,2,RUN,20.2,20.9,5.01143,5.33486,0.7
0.45,staircase_walking_full_width,2,WALK,20.9,21.4,5.33486,5.43486,0.5
0.45,staircase_walking_full_width,2,JUMP,21.4,22.2,5.43486,5.43486,0.8
0.45,staircase_walking_full_width,2,WALK,22.2,31.1,5.43486,7.21429,8.9
0.45,staircase_walking_full_width,2,RUN,31.1,31.7,7.21429,7.50229,0.6
0.45,staircase_walking_full_width,2,WALK,31.7,41.3,7.50229,9.40571,9.6
0.45,staircase_walking_full_width,2,RUN,41.3,42,9.40571,9.74171,0.7
0.45,staircase_walking_full_width,2,WALK,42,51.4,9.74171,11.6086,9.4
0.45,staircase_walking_full_width,2,RUN,51.4,54.3,11.6086,13,2.9
0.45,staircase_walking_full_width,3,TROT,0,0.4,1,1.22,0.4
0.45,staircase_walking_full_width,3,WALK,0.4,1.9,1.22,1.52,1.5
0.45,staircase_walking_full_width,3,JUMP,1.9,2.7,1.52,1.52,0.8
0.45,staircase_walking_full_width,3,WALK,2.7,5.6,1.52,2.1,2.9
0.45,staircase_walking_full_width,3,JUMP,5.6,6.4,2.1,2.1,0.8
0.45,staircase_walking_full_width,3,WALK,6.4,9.3,2.1,2.68,2.9
0.45,staircase_walking_full_width,3,JUMP,9.3,10.1,2.68,2.68,0.8
0.45,staircase_walking_full_width,3,WALK,10.1,11,2.68,2.86,0.9
0.45,staircase_walking_full_width,3,RUN,11,11.6,2.86,3.148,0.6
0.45,staircase_walking_full_width,3,WALK,11.6,21,3.148,5.01143,9.4
0.45,staircase_walking_full_width,3,RUN,21,21.7,5.01143,5.33486,0.7
0.45,staircase_walking_full_width,3,WALK,21.7,31.1,5.33486,7.21429,9.4
0.45,staircase_walking_full_width,3,RUN,31.1,31.7,7.21429,7.50229,0.6
0.45,staircase_walking_full_width,3,WALK,31.7,41.3,7.50229,9.40571,9.6
0.45,staircase_walking_full_width,3,RUN,41.3,42,9.40571,9.74171,0.7
0.45,staircase_walking_full_width,3,WALK,42,51.4,9.74171,11.6086,9.4
0.45,staircase_walking_full_width,3,RUN,51.4,54.3,11.6086,13,2.9
0.45,staircase_walking_full_width,4,TROT,0,0.4,1,1.22,0.4
0.45,staircase_walking_full_width,4,WALK,0.4,0.9,1.22,1.32,0.5
0.45,staircase_walking_full_width,4,JUMP,0.9,1.7,1.32,1.32,0.8
0.45,staircase_walking_full_width,4,WALK,1.7,4.6,1.32,1.9,2.9
0.45,staircase_walking_full_width,4,JUMP,4.6,5.4,1.9,1.9,0.8
0.45,staircase_walking_full_width,4,WALK,5.4,8.3,1.9,2.48,2.9
0.45,staircase_walking_full_width,4,JUMP,8.3,9.1,2.48,2.48,0.8
0.45,staircase_walking_full_width,4,WALK,9.1,10.8,2.48,2.82,1.7
0.45,staircase_walking_full_width,4,RUN,10.8,11.4,2.82,3.108,0.6
0.45,staircase_walking_full_width,4,WALK,11.4,21,3.108,5.01143,9.6
0.45,staircase_walking_full_width,4,RUN,21,21.7,5.01143,5.33486,0.7
0.45,staircase_walking_full_width,4,WALK,21.7,31.1,5.33486,7.21429,9.4
0.45,staircase_walking_full_width,4,RUN,31.1,31.7,7.21429,7.50229,0.6
0.45,staircase_walking_full_width,4,WALK,31.7,41.3,7.50229,9.40571,9.6
0.45,staircase_walking_full_width,4,RUN,41.3,42,9.40571,9.74171,0.7
0.45,staircase_walking_full_width,4,WALK,42,51.4,9.74171,11.6086,9.4
0.45,staircase_walking_full_width,4,RUN,51.4,54.3,11.6086,13,2.9
0.45,staircase_walking_full_width,5,TROT,0,0.4,1,1.22,0.4
0.45,staircase_walking_full_width,5,WALK,0.4,0.9,1.22,1.32,0.5
0.45,staircase_walking_full_width,5,JUMP,0.9,1.7,1.32,1.32,0.8
0.45,staircase_walking_full_width,5,WALK,1.7,4.6,1.32,1.9,2.9
0.45,staircase_walking_full_width,5,JUMP,4.6,5.4,1.9,1.9,0.8
0.45,staircase_walking_full_width,5,WALK,5.4,8.3,1.9,2.48,2.9
0.45,staircase_walking_full_width,5,JUMP,8.3,9.1,2.48,2.48,0.8
0.45,staircase_walking_full_width,5,WALK,9.1,10.8,2.48,2.82,1.7
0.45,staircase_walking_full_width,5,RUN,10.8,11.4,2.82,3.108,0.6
0.45,staircase_walking_full_width,5,WALK,11.4,21,3.108,5.01143,9.6
0.45,staircase_walking_full_width,5,RUN,21,21.7,5.01143,5.33486,0.7
0.45,staircase_walking_full_width,5,WALK,21.7,31.1,5.33486,7.21429,9.4
0.45,staircase_walking_full_width,5,RUN,31.1,31.7,7.21429,7.50229,0.6
0.45,staircase_walking_full_width,5,WALK,31.7,41.3,7.50229,9.40571,9.6
0.45,staircase_walking_full_width,5,RUN,41.3,42,9.40571,9.74171,0.7
0.45,staircase_walking_full_width,5,WALK,42,51.4,9.74171,11.6086,9.4
0.45,staircase_walking_full_width,5,RUN,51.4,54.3,11.6086,13,2.9
0.45,staircase_walking_full_width,6,TROT,0,0.4,1,1.22,0.4
0.45,staircase_walking_full_width,6,WALK,0.4,3.4,1.22,1.82,3
0.45,staircase_walking_full_width,6,JUMP,3.4,4.2,1.82,1.82,0.8
0.45,staircase_walking_full_width,6,WALK,4.2,7.1,1.82,2.4,2.9
0.45,staircase_walking_full_width,6,JUMP,7.1,7.9,2.4,2.4,0.8
0.45,staircase_walking_full_width,6,WALK,7.9,10,2.4,2.82,2.1
0.45,staircase_walking_full_width,6,RUN,10,10.6,2.82,3.108,0.6
0.45,staircase_walking_full_width,6,WALK,10.6,20.2,3.108,5.01143,9.6
0.45,staircase_walking_full_width,6,RUN,20.2,20.9,5.01143,5.33486,0.7
0.45,staircase_walking_full_width,6,WALK,20.9,30.3,5.33486,7.21429,9.4
0.45,staircase_walking_full_width,6,RUN,30.3,30.9,7.21429,7.50229,0.6
0.45,staircase_walking_full_width,6,WALK,30.9,40.5,7.50229,9.40571,9.6
0.45,staircase_walking_full_width,6,RUN,40.5,41.2,9.40571,9.74171,0.7
0.45,staircase_walking_full_width,6,WALK,41.2,50.6,9.74171,11.6086,9.4
0.45,staircase_walking_full_width,6,RUN,50.6,53.5,11.6086,13,2.9
0.45,staircase_walking_full_width,7,TROT,0,0.4,1,1.22,0.4
0.45,staircase_walking_full_width,7,WALK,0.4,8.4,1.22,2.82,8
0.45,staircase_walking_full_width,7,RUN,8.4,9,2.82,3.108,0.6
0.45,staircase_walking_full_width,7,WALK,9,18.6,3.108,5.01143,9.6
0.45,staircase_walking_full_width,7,RUN,18.6,19.3,5.01143,5.33486,0.7
0.45,staircase_walking_full_width,7,WALK,19.3,28.7,5.33486,7.21429,9.4
0.45,staircase_walking_full_width,7,RUN,28.7,29.3,7.21429,7.50229,0.6
0.45,staircase_walking_full_width,7,WALK,29.3,38.9,7.50229,9.40571,9.6
0.45,staircase_walking_full_width,7,RUN,38.9,39.6,9.40571,9.74171,0.7
0.45,staircase_walking_full_width,7,WALK,39.6,49,9.74171,11.6086,9.4
0.45,staircase_walking_full_width,7,RUN,49,51.9,11.6086,13,2.9
0.45,staircase_walking_full_width,8,TROT,0,0.4,1,1.22,0.4
0.45,staircase_walking_full_width,8,WALK,0.4,40.2,1.22,9.17143,39.8
0.45,staircase_walking_full_width,8,RUN,40.2,42.5,9.17143,10.25,2.3
0.45,staircase_walking_full_width,9,TROT,0,0.4,1,1.22,0.4
0.45,staircase_walking_full_width,9,WALK,0.4,40.2,1.22,9.17143,39.8
0.45,staircase_walking_full_width,9,RUN,40.2,42.5,9.17143,10.25,2.3
0.45,staircase_walking,0,TROT,0,6.6,1,4.36,6.6
0.45,staircase_walking,0,RUN,6.6,9.1,4.36,5.5,2.5
0.45,staircase_walking,1,TROT,0,0.8,1,1.44,0.8
0.45,staircase_walking,1,WALK,0.8,15.3,1.44,4.29,14.5
0.45,staircase_walking,1,RUN,15.3,17.9,4.29,5.5,2.6
0.45,staircase_walking,2,TROT,0,0.8,1,1.44,0.8
0.45,staircase_walking,2,WALK,0.8,5.8,1.44,2.41,5
0.45,staircase_walking,2,JUMP,5.8,6.6,2.41,2.41,0.8
0.45,staircase_walking,2,WALK,6.6,9.5,2.41,2.99,2.9
0.45,staircase_walking,2,JUMP,9.5,10.3,2.99,2.99,0.8
0.45,staircase_walking,2,WALK,10.3,13.2,2.99,3.57,2.9
0.45,staircase_walking,2,JUMP,13.2,14,3.57,3.57,0.8
0.45,staircase_walking,2,WALK,14,17,3.57,4.17,3
0.45,staircase_walking,2,JUMP,17,17.8,4.17,4.17,0.8
0.45,staircase_walking,2,WALK,17.8,18.7,4.17,4.33,0.9
0.45,staircase_walking,2,RUN,18.7,21.2,4.33,5.5,2.5
0.45,staircase_walking,3,TROT,0,0.4,1,1.22,0.4
0.45,staircase_walking,3,WALK,0.4,1.4,1.22,1.42,1
0.45,staircase_walking,3,JUMP,1.4,2.2,1.42,1.42,0.8
0.45,staircase_walking,3,WALK,2.2,5.2,1.42,2,3
0.45,staircase_walking,3,JUMP,5.2,6,2,2,0.8
0.45,staircase_walking,3,WALK,6,9,2,2.59,3
0.45,staircase_walking,3,JUMP,9,9.8,2.59,2.59,0.8
0.45,staircase_walking,3,WALK,9.8,12.7,2.59,3.17,2.9
0.45,staircase_walking,3,JUMP,12.7,13.5,3.17,3.17,0.8
0.45,staircase_walking,3,WALK,13.5,16.4,3.17,3.75,2.9
0.45,staircase_walking,3,JUMP,16.4,17.2,3.75,3.75,0.8
0.45,staircase_walking,3,WALK,17.2,20,3.75,4.29,2.8
0.45,staircase_walking,3,RUN,20,22.6,4.29,5.5,2.6
0.45,staircase_walking,4,TROT,0,0.4,1,1.22,0.4
0.45,staircase_walking,4,WALK,0.4,1.1,1.22,1.36,0.7
0.45,staircase_walking,4,JUMP,1.1,1.9,1.36,1.36,0.8
0.45,staircase_walking,4,WALK,1.9,4.9,1.36,1.94,3
0.45,staircase_walking,4,JUMP,4.9,5.7,1.94,1.94,0.8
0.45,staircase_walking,4,WALK,5.7,8.7,1.94,2.525,3
0.45,staircase_walking,4,JUMP,8.7,9.5,2.525,2.525,0.8
0.45,staircase_walking,4,WALK,9.5,12.5,2.525,3.115,3
0.45,staircase_walking,4,JUMP,12.5,13.3,3.115,3.115,0.8
0.45,staircase_walking,4,WALK,13.3,16.4,3.115,3.715,3.1
0.45,staircase_walking,4,JUMP,16.4,17.2,3.715,3.715,0.8
0.45,staircase_walking,4,WALK,17.2,19,3.715,4.065,1.8
0.45,staircase_walking,4,RUN,19,21.5,4.065,5.2,2.5
0.45,staircase_walking,5,TROT,0,0.4,1,1.22,0.4
0.45,staircase_walking,5,WALK,0.4,0.9,1.22,1.32,0.5
0.45,staircase_walking,5,JUMP,0.9,1.7,1.32,1.32,0.8
0.45,staircase_walking,5,WALK,1.7,4.7,1.32,1.9,3
0.45,staircase_walking,5,JUMP,4.7,5.5,1.9,1.9,0.8
0.45,staircase_walking,5,WALK,5.5,11.9,1.9,3.145,6.4
0.45,staircase_walking,5,JUMP,11.9,12.7,3.145,3.145,0.8
0.45,staircase_walking,5,WALK,12.7,17.4,3.145,4.065,4.7
0.45,staircase_walking,5,RUN,17.4,19.9,4.065,5.2,2.5
0.45,staircase_walking,6,TROT,0,0.4,1,1.22,0.4
0.45,staircase_walking,6,WALK,0.4,0.9,1.22,1.32,0.5
0.45,staircase_walking,6,JUMP,0.9,1.7,1.32,1.32,0.8
0.45,staircase_walking,6,WALK,1.7,8.8,1.32,2.695,7.1
0.45,staircase_walking,6,JUMP,8.8,9.6,2.695,2.695,0.8
0.45,staircase_walking,6,WALK,9.6,16.6,2.695,4.065,7
0.45,staircase_walking,6,RUN,16.6,19.1,4.065,5.2,2.5
0.45,staircase_walking,7,TROT,0,0.4,1,1.22,0.4
0.45,staircase_walking,7,WALK,0.4,0.9,1.22,1.32,0.5
0.45,staircase_walking,7,JUMP,0.9,1.7,1.32,1.32,0.8
0.45,staircase_walking,7,WALK,1.7,15.8,1.32,4.065,14.1
0.45,staircase_walking,7,RUN,15.8,18.3,4.065,5.2,2.5
0.45,staircase_walking,8,TROT,0,0.4,1,1.22,0.4
0.45,staircase_walking,8,WALK,0.4,15,1.22,4.065,14.6
0.45,staircase_walking,8,RUN,15,17.5,4.065,5.2,2.5
0.45,staircase_walking,9,TROT,0,0.4,1,1.22,0.4
0.45,staircase_walking,9,WALK,0.4,15,1.22,4.065,14.6
0.45,staircase_walking,9,RUN,15,17.5,4.065,5.2,2.5
0.45,staircase_climbing,0,TROT,0,0.4,1,1.22,0.4
0.45,staircase_climbing,0,WALK,0.4,3.5,1.22,1.82,3.1
0.45,staircase_climbing,0,RUN,3.5,4.7,1.82,2.396,1.2
0.45,staircase_climbing,0,WALK,4.7,9.1,2.396,3.265,4.4
0.45,staircase_climbing,0,RUN,9.1,10.3,3.265,3.841,1.2
0.45,staircase_climbing,0,WALK,10.3,14.7,3.841,4.715,4.4
0.45,staircase_climbing,0,RUN,14.7,15.9,4.715,5.291,1.2
0.45,staircase_climbing,0,WALK,15.9,20.3,5.291,6.165,4.4
0.45,staircase_climbing,0,RUN,20.3,21.5,6.165,6.741,1.2
0.45,staircase_climbing,0,WALK,21.5,25.9,6.741,7.615,4.4
0.45,staircase_climbing,0,RUN,25.9,27.1,7.615,8.191,1.2
0.45,staircase_climbing,0,WALK,27.1,31.5,8.191,9.065,4.4
0.45,staircase_climbing,0,RUN,31.5,36,9.065,11.2,4.5
0.45,staircase_climbing,1,TROT,0,0.4,1,1.22,0.4
0.45,staircase_climbing,1,WALK,0.4,3.5,1.22,1.82,3.1
0.45,staircase_climbing,1,RUN,3.5,4.7,1.82,2.396,1.2
0.45,staircase_climbing,1,WALK,4.7,9.1,2.396,3.265,4.4
0.45,staircase_climbing,1,RUN,9.1,10.3,3.265,3.841,1.2
0.45,staircase_climbing,1,WALK,10.3,14.7,3.841,4.715,4.4
0.45,staircase_climbing,1,RUN,14.7,15.9,4.715,5.291,1.2
0.45,staircase_climbing,1,WALK,15.9,20.3,5.291,6.165,4.4
0.45,staircase_climbing,1,RUN,20.3,21.5,6.165,6.741,1.2
0.45,staircase_climbing,1,WALK,21.5,25.9,6.741,7.615,4.4
0.45,staircase_climbing,1,RUN,25.9,27.1,7.615,8.191,1.2
0.45,staircase_climbing,1,WALK,27.1,31.5,8.191,9.065,4.4
0.45,staircase_climbing,1,RUN,31.5,36,9.065,11.2,4.5
0.45,staircase_climbing,2,TROT,0,0.4,1,1.22,0.4
0.45,staircase_climbing,2,WALK,0.4,3.5,1.22,1.82,3.1
0.45,staircase_climbing,2,RUN,3.5,4.7,1.82,2.396,1.2
0.45,staircase_climbing,2,WALK,4.7,9.1,2.396,3.265,4.4
0.45,staircase_climbing,2,RUN,9.1,10.3,3.265,3.841,1.2
0.45,staircase_climbing,2,WALK,10.3,14.7,3.841,4.715,4.4
0.45,staircase_climbing,2,RUN,14.7,15.9,4.715,5.291,1.2
0.45,staircase_climbing,2,WALK,15.9,20.3,5.291,6.165,4.4
0.45,staircase_climbing,2,RUN,20.3,21.5,6.165,6.741,1.2
0.45,staircase_climbing,2,WALK,21.5,25.9,6.741,7.615,4.4
0.45,staircase_climbing,2,RUN,25.9,27.1,7.615,8.191,1.2
0.45,staircase_climbing,2,WALK,27.1,31.5,8.191,9.065,4.4
0.45,staircase_climbing,2,RUN,31.5,36,9.065,11.2,4.5
0.45,staircase_climbing,3,TROT,0,0.4,1,1.22,0.4
0.45,staircase_climbing,3,WALK,0.4,3.5,1.22,1.82,3.1
0.45,staircase_climbing,3,RUN,3.5,4.7,1.82,2.396,1.2
0.45,staircase_climbing,3,WALK,4.7,9.1,2.396,3.265,4.4
0.45,staircase_climbing,3,RUN,9.1,10.3,3.265,3.841,1.2
0.45,staircase_climbing,3,WALK,10.3,14.7,3.841,4.715,4.4
0.45,staircase_climbing,3,RUN,14.7,15.9,4.715,5.291,1.2
0.45,staircase_climbing,3,WALK,15.9,20.3,5.291,6.165,4.4
0.45,staircase_climbing,3,RUN,20.3,21.5,6.165,6.741,1.2
0.45,staircase_climbing,3,WALK,21.5,25.9,6.741,7.615,4.4
0.45,staircase_climbing,3,RUN,25.9,27.1,7.615,8.191,1.2
0.45,staircase_climbing,3,WALK,27.1,31.5,8.191,9.065,4.4
0.45,staircase_climbing,3,RUN,31.5,36,9.065,11.2,4.5
0.45,staircase_climbing,4,TROT,0,0.4,1,1.22,0.4
0.45,staircase_climbing,4,WALK,0.4,3.5,1.22,1.82,3.1
0.45,staircase_climbing,4,RUN,3.5,4.7,1.82,2.396,1.2
0.45,staircase_climbing,4,WALK,4.7,9.1,2.396,3.265,4.4
0.45,staircase_climbing,4,RUN,9.1,10.3,3.265,3.841,1.2
0.45,staircase_climbing,4,WALK,10.3,14.7,3.841,4.715,4.4
0.45,staircase_climbing,4,RUN,14.7,15.9,4.715,5.291,1.2
0.45,staircase_climbing,4,WALK,15.9,20.3,5.291,6.165,4.4
0.45,staircase_climbing,4,RUN,20.3,21.5,6.165,6.741,1.2
0.45,staircase_climbing,4,WALK,21.5,25.9,6.741,7.615,4.4
0.45,staircase_climbing,4,RUN,25.9,27.1,7.615,8.191,1.2
0.45,staircase_climbing,4,WALK,27.1,31.5,8.191,9.065,4.4
0.45,staircase_climbing,4,RUN,31.5,36,9.065,11.2,4.5
0.45,staircase_climbing,5,TROT,0,0.4,1,1.22,0.4
0.45,staircase_climbing,5,WALK,0.4,3.5,1.22,1.82,3.1
0.45,staircase_climbing,5,RUN,3.5,4.6,1.82,2.348,1.1
0.45,staircase_climbing,5,WALK,4.6,9,2.348,3.22,4.4
0.45,staircase_climbing,5,RUN,9,10.1,3.22,3.748,1.1
0.45,staircase_climbing,5,WALK,10.1,14.5,3.748,4.62,4.4
0.45,staircase_climbing,5,RUN,14.5,15.6,4.62,5.148,1.1
0.45,staircase_climbing,5,WALK,15.6,20,5.148,6.02,4.4
0.45,staircase_climbing,5,RUN,20,21.1,6.02,6.548,1.1
0.45,staircase_climbing,5,WALK,21.1,25.5,6.548,7.42,4.4
0.45,staircase_climbing,5,RUN,25.5,26.6,7.42,7.948,1.1
0.45,staircase_climbing,5,WALK,26.6,31,7.948,8.82,4.4
0.45,staircase_climbing,5,RUN,31,35.4,8.82,10.9,4.4
0.45,staircase_climbing,6,TROT,0,0.4,1,1.22,0.4
0.45,staircase_climbing,6,WALK,0.4,3.5,1.22,1.82,3.1
0.45,staircase_climbing,6,RUN,3.5,4.6,1.82,2.348,1.1
0.45,staircase_climbing,6,WALK,4.6,9,2.348,3.22,4.4
0.45,staircase_climbing,6,RUN,9,10.1,3.22,3.748,1.1
0.45,staircase_climbing,6,WALK,10.1,14.5,3.748,4.62,4.4
0.45,staircase_climbing,6,RUN,14.5,15.6,4.62,5.148,1.1
0.45,staircase_climbing,6,WALK,15.6,20,5.148,6.02,4.4
0.45,staircase_climbing,6,RUN,20,21.1,6.02,6.548,1.1
0.45,staircase_climbing,6,WALK,21.1,25.5,6.548,7.42,4.4
0.45,staircase_climbing,6,RUN,25.5,26.6,7.42,7.948,1.1
0.45,staircase_climbing,6,WALK,26.6,31,7.948,8.82,4.4
0.45,staircase_climbing,6,RUN,31,35.4,8.82,10.9,4.4
0.45,staircase_climbing,7,TROT,0,0.4,1,1.22,0.4
0.45,staircase_climbing,7,WALK,0.4,3.5,1.22,1.82,3.1
0.45,staircase_climbing,7,RUN,3.5,4.6,1.82,2.348,1.1
0.45,staircase_climbing,7,WALK,4.6,9,2.348,3.22,4.4
0.45,staircase_climbing,7,RUN,9,10.1,3.22,3.748,1.1
0.45,staircase_climbing,7,WALK,10.1,14.5,3.748,4.62,4.4
0.45,staircase_climbing,7,RUN,14.5,15.6,4.62,5.148,1.1
0.45,staircase_climbing,7,WALK,15.6,20,5.148,6.02,4.4
0.45,staircase_climbing,7,RUN,20,21.1,6.02,6.548,1.1
0.45,staircase_climbing,7,WALK,21.1,25.5,6.548,7.42,4.4
0.45,staircase_climbing,7,RUN,25.5,26.6,7.42,7.948,1.1
0.45,staircase_climbing,7,WALK,26.6,31,7.948,8.82,4.4
0.45,staircase_climbing,7,RUN,31,35.4,8.82,10.9,4.4
0.45,staircase_climbing,8,TROT,0,0.4,1,1.22,0.4
0.45,staircase_climbing,8,WALK,0.4,3.5,1.22,1.82,3.1
0.45,staircase_climbing,8,RUN,3.5,4.6,1.82,2.348,1.1
0.45,staircase_climbing,8,WALK,4.6,9,2.348,3.22,4.4
0.45,staircase_climbing,8,RUN,9,10.1,3.22,3.748,1.1
0.45,staircase_climbing,8,WALK,10.1,14.5,3.748,4.62,4.4
0.45,staircase_climbing,8,RUN,14.5,15.6,4.62,5.148,1.1
0.45,staircase_climbing,8,WALK,15.6,20,5.148,6.02,4.4
0.45,staircase_climbing,8,RUN,20,21.1,6.02,6.548,1.1
0.45,staircase_climbing,8,WALK,21.1,25.5,6.548,7.42,4.4
0.45,staircase_climbing,8,RUN,25.5,26.6,7.42,7.948,1.1
0.45,staircase_climbing,8,WALK,26.6,31,7.948,8.82,4.4
0.45,staircase_climbing,8,RUN,31,35.4,8.82,10.9,4.4
0.45,staircase_climbing,9,TROT,0,0.4,1,1.22,0.4
0.45,staircase_climbing,9,WALK,0.4,3.5,1.22,1.82,3.1
0.45,staircase_climbing,9,RUN,3.5,4.6,1.82,2.348,1.1
0.45,staircase_climbing,9,WALK,4.6,9,2.348,3.22,4.4
0.45,staircase_climbing,9,RUN,9,10.1,3.22,3.748,1.1
0.45,staircase_climbing,9,WALK,10.1,14.5,3.748,4.62,4.4
0.45,staircase_climbing,9,RUN,14.5,15.6,4.62,5.148,1.1
0.45,staircase_climbing,9,WALK,15.6,20,5.148,6.02,4.4
0.45,staircase_climbing,9,RUN,20,21.1,6.02,6.548,1.1
0.45,staircase_climbing,9,WALK,21.1,25.5,6.548,7.42,4.4
0.45,staircase_climbing,9,RUN,25.5,26.6,7.42,7.948,1.1
0.45,staircase_climbing,9,WALK,26.6,31,7.948,8.82,4.4
0.45,staircase_climbing,9,RUN,31,35.4,8.82,10.9,4.4
0.45,staircase_spiral,0,TROT,0,0.4,1,1.21843,0.4
0.45,staircase_spiral,0,RUN,0.4,6,1.21843,3.87912,5.6
0.45,staircase_spiral,0,TROT,6,10.4,3.87912,6.14866,4.4
0.45,staircase_spiral,0,RUN,10.4,10.9,6.14866,6.36489,0.5
0.45,staircase_spiral,0,TROT,10.9,12,6.36489,6.76968,1.1
0.45,staircase_spiral,0,RUN,12,12.5,6.76968,6.82309,0.5
0.45,staircase_spiral,0,TROT,12.5,13.6,6.82309,6.81112,1.1
0.45,staircase_spiral,0,RUN,13.6,14.1,6.81112,6.66148,0.5
0.45,staircase_spiral,0,TROT,14.1,16.8,6.66148,5.45607,2.7
0.45,staircase_spiral,0,WALK,16.8,19.8,5.45607,5.08601,3
0.45,staircase_spiral,1,TROT,0,0.4,1,1.21846,0.4
0.45,staircase_spiral,1,RUN,0.4,6.2,1.21846,3.94683,5.8
0.45,staircase_spiral,1,TROT,6.2,10.5,3.94683,6.14866,4.3
0.45,staircase_spiral,1,RUN,10.5,11,6.14866,6.36489,0.5
0.45,staircase_spiral,1,TROT,11,15,6.36489,6.22595,4
0.45,staircase_spiral,1,RUN,15,15.5,6.22595,5.98595,0.5
0.45,staircase_spiral,1,TROT,15.5,16.5,5.98595,5.50618,1
0.45,staircase_spiral,1,RUN,16.5,17,5.50618,5.35654,0.5
0.45,staircase_spiral,1,WALK,17,18.9,5.35654,5.12155,1.9
0.45,staircase_spiral,2,TROT,0,0.4,1,1.21848,0.4
0.45,staircase_spiral,2,RUN,0.4,6.1,1.21848,3.91949,5.7
0.45,staircase_spiral,2,WALK,6.1,24.9,3.91949,6.8055,18.8
0.45,staircase_spiral,2,RUN,24.9,25.4,6.8055,6.65586,0.5
0.45,staircase_spiral,2,WALK,25.4,35.3,6.65586,5.15709,9.9
0.45,staircase_spiral,3,TROT,0,0.4,1,1.2185,0.4
0.45,staircase_spiral,3,RUN,0.4,6.3,1.2185,3.98723,5.9
0.45,staircase_spiral,3,WALK,6.3,6.8,3.98723,4.08651,0.5
0.45,staircase_spiral,3,JUMP,6.8,7.6,4.08651,4.08651,0.8
0.45,staircase_spiral,3,WALK,7.6,10.6,4.08651,4.68219,3
0.45,staircase_spiral,3,JUMP,10.6,11.4,4.68219,4.68219,0.8
0.45,staircase_spiral,3,WALK,11.4,14.4,4.68219,5.27788,3
0.45,staircase_spiral,3,JUMP,14.4,15.2,5.27788,5.27788,0.8
0.45,staircase_spiral,3,WALK,15.2,18.4,5.27788,5.85709,3.2
0.45,staircase_spiral,3,JUMP,18.4,19.2,5.85709,5.85709,0.8
0.45,staircase_spiral,3,WALK,19.2,22.4,5.85709,6.43247,3.2
0.45,staircase_spiral,3,JUMP,22.4,23.2,6.43247,6.43247,0.8
0.45,staircase_spiral,3,WALK,23.2,24.6,6.43247,6.65636,1.4
0.45,staircase_spiral,3,RUN,24.6,25.1,6.65636,6.70976,0.5
0.45,staircase_spiral,3,WALK,25.1,38.1,6.70976,5.19264,13
0.45,staircase_spiral,4,TROT,0,0.4,1,1.21853,0.4
0.45,staircase_spiral,4,RUN,0.4,6.3,1.21853,4.00731,5.9
0.45,staircase_spiral,4,WALK,6.3,6.8,4.00731,4.10674,0.5
0.45,staircase_spiral,4,JUMP,6.8,7.6,4.10674,4.10674,0.8
0.45,staircase_spiral,4,WALK,7.6,10.6,4.10674,4.70331,3
0.45,staircase_spiral,4,JUMP,10.6,11.4,4.70331,4.70331,0.8
0.45,staircase_spiral,4,WALK,11.4,14.4,4.70331,5.29988,3
0.45,staircase_spiral,4,JUMP,14.4,15.2,5.29988,5.29988,0.8
0.45,staircase_spiral,4,WALK,15.2,18.5,5.29988,5.88559,3.3
0.45,staircase_spiral,4,JUMP,18.5,19.3,5.88559,5.88559,0.8
0.45,staircase_spiral,4,WALK,19.3,22.6,5.88559,6.4685,3.3
0.45,staircase_spiral,4,JUMP,22.6,23.4,6.4685,6.4685,0.8
0.45,staircase_spiral,4,WALK,23.4,28,6.4685,6.74688,4.6
0.45,staircase_spiral,4,RUN,28,28.5,6.74688,6.59724,0.5
0.45,staircase_spiral,4,WALK,28.5,37.6,6.59724,5.22818,9.1
0.45,staircase_spiral,5,TROT,0,0.4,1,1.21855,0.4
0.45,staircase_spiral,5,RUN,0.4,6.3,1.21855,4.02732,5.9
0.45,staircase_spiral,5,WALK,6.3,6.8,4.02732,4.12687,0.5
0.45,staircase_spiral,5,JUMP,6.8,7.6,4.12687,4.12687,0.8
0.45,staircase_spiral,5,WALK,7.6,10.6,4.12687,4.72422,3
0.45,staircase_spiral,5,JUMP,10.6,11.4,4.72422,4.72422,0.8
0.45,staircase_spiral,5,WALK,11.4,14.4,4.72422,5.32158,3
0.45,staircase_spiral,5,JUMP,14.4,15.2,5.32158,5.32158,0.8
0.45,staircase_spiral,5,WALK,15.2,18.6,5.32158,5.93212,3.4
0.45,staircase_spiral,5,JUMP,18.6,19.4,5.93212,5.93212,0.8
0.45,staircase_spiral,5,WALK,19.4,23.1,5.93212,6.59045,3.7
0.45,staircase_spiral,5,JUMP,23.1,23.9,6.59045,6.59045,0.8
0.45,staircase_spiral,5,WALK,23.9,37.1,6.59045,5.26373,13.2
0.45,staircase_spiral,6,TROT,0,0.4,1,1.21857,0.4
0.45,staircase_spiral,6,RUN,0.4,6.5,1.21857,4.09509,6.1
0.45,staircase_spiral,6,WALK,6.5,21.6,4.09509,6.6465,15.1
0.45,staircase_spiral,6,JUMP,21.6,22.4,6.6465,6.6465,0.8
0.45,staircase_spiral,6,WALK,22.4,33.3,6.6465,5.29927,10.9
0.45,staircase_spiral,7,TROT,0,0.4,1,1.21859,0.4
0.45,staircase_spiral,7,RUN,0.4,6.5,1.21859,4.11499,6.1
0.45,staircase_spiral,7,WALK,6.5,31.3,4.11499,5.33481,24.8
0.45,staircase_spiral,8,TROT,0,0.4,1,1.21861,0.4
0.45,staircase_spiral,8,RUN,0.4,6.6,1.21861,4.13481,6.2
0.45,staircase_spiral,8,WALK,6.6,30.9,4.13481,5.37036,24.3
0.45,staircase_spiral,9,TROT,0,0.4,1,1.21863,0.4
0.45,staircase_spiral,9,RUN,0.4,6.7,1.21863,4.20251,6.3
0.45,staircase_spiral,9,WALK,6.7,29.6,4.20251,5.4059,22.9
0.45,squeeze,0,TROT,0,0.4,1,1.22,0.4
0.45,squeeze,0,RUN,0.4,2.9,1.22,2.39674,2.5
0.45,squeeze,0,WALK,2.9,3.8,2.39674,2.57437,0.9
0.45,squeeze,0,RUN,3.8,4.9,2.57437,3.0954,1.1
0.45,squeeze,0,WALK,4.9,7,3.0954,3.50294,2.1
0.45,squeeze,0,RUN,7,18.1,3.50294,8.65,11.1
0.45,squeeze,1,TROT,0,0.4,1,1.22,0.4
0.45,squeeze,1,RUN,0.4,2.1,1.22,2.02452,1.7
0.45,squeeze,1,WALK,2.1,4.2,2.02452,2.4274,2.1
0.45,squeeze,1,RUN,4.2,12.5,2.4274,6.32305,8.3
0.45,squeeze,1,WALK,12.5,13.7,6.32305,6.55598,1.2
0.45,squeeze,1,RUN,13.7,18.7,6.55598,8.9,5
0.45,squeeze,2,TROT,0,0.4,1,1.22,0.4
0.45,squeeze,2,RUN,0.4,2.5,1.22,2.21818,2.1
0.45,squeeze,2,WALK,2.5,3.6,2.21818,2.42475,1.1
0.45,squeeze,2,RUN,3.6,12.9,2.42475,6.79002,9.3
0.45,squeeze,2,WALK,12.9,14.1,6.79002,7.02603,1.2
0.45,squeeze,2,RUN,14.1,18.8,7.02603,9.25,4.7
0.45,squeeze,3,TROT,0,0.4,1,1.22,0.4
0.45,squeeze,3,RUN,0.4,2.6,1.22,2.26444,2.2
0.45,squeeze,3,WALK,2.6,3.5,2.26444,2.43415,0.9
0.45,squeeze,3,RUN,3.5,18,2.43415,9.25,14.5
0.45,squeeze,4,TROT,0,0.4,1,1.22,0.4
0.45,squeeze,4,RUN,0.4,9.9,1.22,5.70304,9.5
0.45,squeeze,4,WALK,9.9,11.8,5.70304,6.06522,1.9
0.45,squeeze,4,RUN,11.8,19.4,6.06522,9.65,7.6
0.45,squeeze,5,TROT,0,0.4,1,1.22,0.4
0.45,squeeze,5,RUN,0.4,2.3,1.22,2.121,1.9
0.45,squeeze,5,WALK,2.3,4.2,2.121,2.48072,1.9
0.45,squeeze,5,RUN,4.2,6,2.48072,3.33568,1.8
0.45,squeeze,5,WALK,6,14.8,3.33568,5.06316,8.8
0.45,squeeze,5,RUN,14.8,16,5.06316,5.63893,1.2
0.45,squeeze,5,WALK,16,18.1,5.63893,6.04028,2.1
0.45,squeeze,5,RUN,18.1,19.8,6.04028,6.84821,1.7
0.45,squeeze,5,WALK,19.8,27.8,6.84821,8.42395,8
0.45,squeeze,5,RUN,27.8,30.1,8.42395,9.5,2.3
0.45,squeeze,6,TROT,0,0.4,1,1.22,0.4
0.45,squeeze,6,RUN,0.4,2.3,1.22,2.12396,1.9
0.45,squeeze,6,WALK,2.3,35.4,2.12396,8.6729,33.1
0.45,squeeze,6,RUN,35.4,37.7,8.6729,9.75,2.3
0.45,squeeze,7,TROT,0,0.4,1,1.22,0.4
0.45,squeeze,7,RUN,0.4,2.4,1.22,2.17172,2
0.45,squeeze,7,WALK,2.4,17.5,2.17172,5.16425,15.1
0.45,squeeze,7,RUN,17.5,18.9,5.16425,5.8288,1.4
0.45,squeeze,7,WALK,18.9,20.9,5.8288,6.22377,2
0.45,squeeze,7,RUN,20.9,28.7,6.22377,9.9,7.8
0.45,squeeze,8,TROT,0,0.4,1,1.22,0.4
0.45,squeeze,8,WALK,0.4,41.7,1.22,9.35697,41.3
0.45,squeeze,8,RUN,41.7,44,9.35697,10.45,2.3
0.45,squeeze,9,TROT,0,0.4,1,1.22,0.4
0.45,squeeze,9,RUN,0.4,2.4,1.22,2.17192,2
0.45,squeeze,9,WALK,2.4,37.3,2.17192,9.12153,34.9
0.45,squeeze,9,RUN,37.3,39.6,9.12153,10.2,2.3
0.45,agility_poles,0,TROT,0,0.4,1,1.22,0.4
0.45,agility_poles,0,RUN,0.4,41,1.22,17.2822,40.6
0.45,agility_poles,0,WALK,41,46.4,17.2822,18.3,5.4
0.45,agility_poles,1,TROT,0,0.4,1,1.22,0.4
0.45,agility_poles,1,RUN,0.4,41.7,1.22,17.25,41.3
0.45,agility_poles,2,TROT,0,0.4,1,1.22,0.4
0.45,agility_poles,2,RUN,0.4,40.3,1.22,16.55,39.9
0.45,agility_poles,3,TROT,0,0.4,1,1.22,0.4
0.45,agility_poles,3,RUN,0.4,38.7,1.22,15.5,38.3
0.45,agility_poles,4,TROT,0,0.4,1,1.22,0.4
0.45,agility_poles,4,RUN,0.4,36.8,1.22,14.8,36.4
0.45,agility_poles,5,TROT,0,0.4,1,1.22,0.4
0.45,agility_poles,5,RUN,0.4,35.2,1.22,13.75,34.8
0.45,agility_poles,6,TROT,0,0.4,1,1.22,0.4
0.45,agility_poles,6,RUN,0.4,33.8,1.22,13.05,33.4
0.45,agility_poles,7,TROT,0,0.4,1,1.22,0.4
0.45,agility_poles,7,RUN,0.4,32.2,1.22,12,31.8
0.45,agility_poles,8,TROT,0,0.4,1,1.22,0.4
0.45,agility_poles,8,RUN,0.4,31.3,1.22,11.3,30.9
0.45,agility_poles,9,TROT,0,0.4,1,1.22,0.4
0.45,agility_poles,9,RUN,0.4,1.2,1.22,1.58124,0.8
0.45,agility_poles,9,WALK,1.2,2.1,1.58124,1.73356,0.9
0.45,agility_poles,9,RUN,2.1,30.3,1.73356,10.25,28.2
0.45,balance_beam,0,TROT,0,0.4,1,1.22,0.4
0.45,balance_beam,0,RUN,0.4,19.3,1.22,10,18.9
0.45,balance_beam,1,TROT,0,0.4,1,1.22,0.4
0.45,balance_beam,1,RUN,0.4,20.5,1.22,10.6,20.1
0.45,balance_beam,2,TROT,0,0.4,1,1.22,0.4
0.45,balance_beam,2,RUN,0.4,21,1.22,10.9,20.6
0.45,balance_beam,3,TROT,0,0.4,1,1.22,0.4
0.45,balance_beam,3,RUN,0.4,22.4,1.22,11.5,22
0.45,balance_beam,4,TROT,0,0.4,1,1.22,0.4
0.45,balance_beam,4,RUN,0.4,23.6,1.22,12.1,23.2
0.45,balance_beam,5,TROT,0,0.4,1,1.22,0.4
0.45,balance_beam,5,RUN,0.4,24.1,1.22,12.4,23.7
0.45,balance_beam,6,TROT,0,0.4,1,1.22,0.4
0.45,balance_beam,6,RUN,0.4,25.3,1.22,13,24.9
0.45,balance_beam,7,TROT,0,0.4,1,1.22,0.4
0.45,balance_beam,7,RUN,0.4,26.5,1.22,13.6,26.1
0.45,balance_beam,8,TROT,0,0.4,1,1.22,0.4
0.45,balance_beam,8,RUN,0.4,27.2,1.22,13.9,26.8
0.45,balance_beam,9,TROT,0,0.4,1,1.22,0.4
0.45,balance_beam,9,WALK,0.4,64,1.22,13.82,63.6
0.45,balance_beam,9,RUN,64,65.5,13.82,14.5,1.5
0.6,jump_on_and_off_box,0,TROT,0,0.6,1,1.33,0.6
0.6,jump_on_and_off_box,0,WALK,0.6,3.3,1.33,1.85994,2.7
0.6,jump_on_and_off_box,0,RUN,3.3,4,1.85994,2.19589,0.7
0.6,jump_on_and_off_box,0,WALK,4,8.6,2.19589,3.10304,4.6
0.6,jump_on_and_off_box,0,RUN,8.6,9.7,3.10304,3.63103,1.1
0.6,jump_on_and_off_box,0,WALK,9.7,14.3,3.63103,4.55103,4.6
0.6,jump_on_and_off_box,0,RUN,14.3,15,4.55103,4.88703,0.7
0.6,jump_on_and_off_box,0,WALK,15,19.1,4.88703,5.70461,4.1
0.6,jump_on_and_off_box,0,RUN,19.1,20.2,5.70461,6.23247,1.1
0.6,jump_on_and_off_box,0,WALK,20.2,24.8,6.23247,7.15221,4.6
0.6,jump_on_and_off_box,0,RUN,24.8,25.7,7.15221,7.58409,0.9
0.6,jump_on_and_off_box,0,WALK,25.7,30.3,7.58409,8.4981,4.6
0.6,jump_on_and_off_box,0,RUN,30.3,31.4,8.4981,9.02584,1.1
0.6,jump_on_and_off_box,0,WALK,31.4,36,9.02584,9.94539,4.6
0.6,jump_on_and_off_box,0,RUN,36,36.8,9.94539,10.3292,0.8
0.6,jump_on_and_off_box,0,WALK,36.8,41.5,10.3292,11.2581,4.7
0.6,jump_on_and_off_box,0,RUN,41.5,42.6,11.2581,11.7858,1.1
0.6,jump_on_and_off_box,0,WALK,42.6,47.2,11.7858,12.7053,4.6
0.6,jump_on_and_off_box,0,RUN,47.2,48.1,12.7053,13.1371,0.9
0.6,jump_on_and_off_box,0,WALK,48.1,52.7,13.1371,14.0542,4.6
0.6,jump_on_and_off_box,0,RUN,52.7,53.8,14.0542,14.5814,1.1
0.6,jump_on_and_off_box,0,WALK,53.8,58.4,14.5814,15.4998,4.6
0.6,jump_on_and_off_box,0,RUN,58.4,59.1,15.4998,15.8352,0.7
0.6,jump_on_and_off_box,0,WALK,59.1,62.5,15.8352,16.5139,3.4
0.6,jump_on_and_off_box,0,RUN,62.5,64,16.5139,17.2336,1.5
0.6,jump_on_and_off_box,0,WALK,64,70.9,17.2336,18.6,6.9
0.6,jump_on_and_off_box,1,TROT,0,0.6,1,1.33,0.6
0.6,jump_on_and_off_box,1,WALK,0.6,3.3,1.33,1.85999,2.7
0.6,jump_on_and_off_box,1,RUN,3.3,4,1.85999,2.19599,0.7
0.6,jump_on_and_off_box,1,WALK,4,7.8,2.19599,2.95376,3.8
0.6,jump_on_and_off_box,1,RUN,7.8,8.9,2.95376,3.48155,1.1
0.6,jump_on_and_off_box,1,WALK,8.9,13.5,3.48155,4.40116,4.6
0.6,jump_on_and_off_box,1,RUN,13.5,14.2,4.40116,4.73702,0.7
0.6,jump_on_and_off_box,1,WALK,14.2,18.8,4.73702,5.64902,4.6
0.6,jump_on_and_off_box,1,RUN,18.8,19.9,5.64902,6.17697,1.1
0.6,jump_on_and_off_box,1,WALK,19.9,24.5,6.17697,7.09687,4.6
0.6,jump_on_and_off_box,1,RUN,24.5,25.2,7.09687,7.43284,0.7
0.6,jump_on_and_off_box,1,WALK,25.2,29.6,7.43284,8.306,4.4
0.6,jump_on_and_off_box,1,RUN,29.6,30.7,8.306,8.83393,1.1
0.6,jump_on_and_off_box,1,WALK,30.7,35.3,8.83393,9.75379,4.6
0.6,jump_on_and_off_box,1,RUN,35.3,36,9.75379,10.0897,0.7
0.6,jump_on_and_off_box,1,WALK,36,40.3,10.0897,10.9451,4.3
0.6,jump_on_and_off_box,1,RUN,40.3,41.5,10.9451,11.5211,1.2
0.6,jump_on_and_off_box,1,WALK,41.5,45.9,11.5211,12.4011,4.4
0.6,jump_on_and_off_box,1,RUN,45.9,46.6,12.4011,12.7371,0.7
0.6,jump_on_and_off_box,1,WALK,46.6,51.2,12.7371,13.6496,4.6
0.6,jump_on_and_off_box,1,RUN,51.2,52.4,13.6496,14.2243,1.2
0.6,jump_on_and_off_box,1,WALK,52.4,56.8,14.2243,15.1022,4.4
0.6,jump_on_and_off_box,1,RUN,56.8,57.5,15.1022,15.4374,0.7
0.6,jump_on_and_off_box,1,WALK,57.5,61.1,15.4374,16.1453,3.6
0.6,jump_on_and_off_box,1,RUN,61.1,63.4,16.1453,17.2485,2.3
0.6,jump_on_and_off_box,1,WALK,63.4,68.5,17.2485,18.25,5.1
0.6,jump_on_and_off_box,2,TROT,0,0.6,1,1.33,0.6
0.6,jump_on_and_off_box,2,WALK,0.6,3.3,1.33,1.85894,2.7
0.6,jump_on_and_off_box,2,RUN,3.3,4.1,1.85894,2.2418,0.8
0.6,jump_on_and_off_box,2,WALK,4.1,8.8,2.2418,3.16134,4.7
0.6,jump_on_and_off_box,2,RUN,8.8,9.8,3.16134,3.64131,1
0.6,jump_on_and_off_box,2,WALK,9.8,14.4,3.64131,4.56124,4.6
0.6,jump_on_and_off_box,2,RUN,14.4,15.1,4.56124,4.89722,0.7
0.6,jump_on_and_off_box,2,WALK,15.1,19.4,4.89722,5.74596,4.3
0.6,jump_on_and_off_box,2,RUN,19.4,20.4,5.74596,6.22588,1
0.6,jump_on_and_off_box,2,WALK,20.4,25,6.22588,7.14575,4.6
0.6,jump_on_and_off_box,2,RUN,25,25.7,7.14575,7.4817,0.7
0.6,jump_on_and_off_box,2,WALK,25.7,29.3,7.4817,8.20053,3.6
0.6,jump_on_and_off_box,2,RUN,29.3,30.3,8.20053,8.68053,1
0.6,jump_on_and_off_box,2,WALK,30.3,34.9,8.68053,9.60053,4.6
0.6,jump_on_and_off_box,2,RUN,34.9,35.6,9.60053,9.93652,0.7
0.6,jump_on_and_off_box,2,WALK,35.6,39.5,9.93652,10.7094,3.9
0.6,jump_on_and_off_box,2,RUN,39.5,40.5,10.7094,11.1893,1
0.6,jump_on_and_off_box,2,WALK,40.5,45.1,11.1893,12.109,4.6
0.6,jump_on_and_off_box,2,RUN,45.1,45.8,12.109,12.4449,0.7
0.6,jump_on_and_off_box,2,WALK,45.8,50.1,12.4449,13.3018,4.3
0.6,jump_on_and_off_box,2,RUN,50.1,51.1,13.3018,13.7812,1
0.6,jump_on_and_off_box,2,WALK,51.1,55.7,13.7812,14.7002,4.6
0.6,jump_on_and_off_box,2,RUN,55.7,56.4,14.7002,15.0358,0.7
0.6,jump_on_and_off_box,2,WALK,56.4,60.8,15.0358,15.9136,4.4
0.6,jump_on_and_off_box,2,RUN,60.8,63.6,15.9136,17.2569,2.8
0.6,jump_on_and_off_box,2,WALK,63.6,67.1,17.2569,17.95,3.5
0.6,jump_on_and_off_box,3,TROT,0,0.6,1,1.33,0.6
0.6,jump_on_and_off_box,3,WALK,0.6,3.3,1.33,1.85956,2.7
0.6,jump_on_and_off_box,3,RUN,3.3,4,1.85956,2.19515,0.7
0.6,jump_on_and_off_box,3,WALK,4,7.1,2.19515,2.79539,3.1
0.6,jump_on_and_off_box,3,RUN,7.1,8.2,2.79539,3.32295,1.1
0.6,jump_on_and_off_box,3,WALK,8.2,12.6,3.32295,4.20223,4.4
0.6,jump_on_and_off_box,3,RUN,12.6,13.3,4.20223,4.53796,0.7
0.6,jump_on_and_off_box,3,WALK,13.3,17.1,4.53796,5.29518,3.8
0.6,jump_on_and_off_box,3,RUN,17.1,18.2,5.29518,5.82283,1.1
0.6,jump_on_and_off_box,3,WALK,18.2,22.6,5.82283,6.70223,4.4
0.6,jump_on_and_off_box,3,RUN,22.6,23.3,6.70223,7.038,0.7
0.6,jump_on_and_off_box,3,WALK,23.3,27.4,7.038,7.84984,4.1
0.6,jump_on_and_off_box,3,RUN,27.4,28.4,7.84984,8.32931,1
0.6,jump_on_and_off_box,3,WALK,28.4,33,8.32931,9.24828,4.6
0.6,jump_on_and_off_box,3,RUN,33,33.7,9.24828,9.58391,0.7
0.6,jump_on_and_off_box,3,WALK,33.7,37.9,9.58391,10.4105,4.2
0.6,jump_on_and_off_box,3,RUN,37.9,38.9,10.4105,10.8897,1
0.6,jump_on_and_off_box,3,WALK,38.9,43.5,10.8897,11.8083,4.6
0.6,jump_on_and_off_box,3,RUN,43.5,44.2,11.8083,12.1437,0.7
0.6,jump_on_and_off_box,3,WALK,44.2,48.3,12.1437,12.9548,4.1
0.6,jump_on_and_off_box,3,RUN,48.3,49.3,12.9548,13.4343,1
0.6,jump_on_and_off_box,3,WALK,49.3,53.9,13.4343,14.3532,4.6
0.6,jump_on_and_off_box,3,RUN,53.9,54.6,14.3532,14.6889,0.7
0.6,jump_on_and_off_box,3,WALK,54.6,58.2,14.6889,15.4059,3.6
0.6,jump_on_and_off_box,3,RUN,58.2,62,15.4059,17.2295,3.8
0.6,jump_on_and_off_box,3,WALK,62,63.2,17.2295,17.45,1.2
0.6,jump_on_and_off_box,4,TROT,0,0.6,1,1.33,0.6
0.6,jump_on_and_off_box,4,WALK,0.6,3.3,1.33,1.85984,2.7
0.6,jump_on_and_off_box,4,RUN,3.3,4,1.85984,2.19568,0.7
0.6,jump_on_and_off_box,4,WALK,4,8.4,2.19568,3.06313,4.4
0.6,jump_on_and_off_box,4,RUN,8.4,9.4,3.06313,3.54313,1
0.6,jump_on_and_off_box,4,WALK,9.4,18.5,3.54313,5.34681,9.1
0.6,jump_on_and_off_box,4,RUN,18.5,19.5,5.34681,5.82655,1
0.6,jump_on_and_off_box,4,WALK,19.5,24.1,5.82655,6.74604,4.6
0.6,jump_on_and_off_box,4,RUN,24.1,24.8,6.74604,7.08186,0.7
0.6,jump_on_and_off_box,4,WALK,24.8,28.5,7.08186,7.80605,3.7
0.6,jump_on_and_off_box,4,RUN,28.5,29.5,7.80605,8.28584,1
0.6,jump_on_and_off_box,4,WALK,29.5,34.1,8.28584,9.20542,4.6
0.6,jump_on_and_off_box,4,RUN,34.1,34.8,9.20542,9.54127,0.7
0.6,jump_on_and_off_box,4,WALK,34.8,38.4,9.54127,10.2565,3.6
0.6,jump_on_and_off_box,4,RUN,38.4,39.4,10.2565,10.736,1
0.6,jump_on_and_off_box,4,WALK,39.4,44,10.736,11.6551,4.6
0.6,jump_on_and_off_box,4,RUN,44,44.7,11.6551,11.9908,0.7
0.6,jump_on_and_off_box,4,WALK,44.7,48.3,11.9908,12.7092,3.6
0.6,jump_on_and_off_box,4,RUN,48.3,49.3,12.7092,13.1891,1
0.6,jump_on_and_off_box,4,WALK,49.3,53.9,13.1891,14.1087,4.6
0.6,jump_on_and_off_box,4,RUN,53.9,54.6,14.1087,14.4446,0.7
0.6,jump_on_and_off_box,4,WALK,54.6,58.9,14.4446,15.298,4.3
0.6,jump_on_and_off_box,4,RUN,58.9,63,15.298,17.266,4.1
0.6,jump_on_and_off_box,4,WALK,63,63.5,17.266,17.35,0.5
0.6,jump_on_and_off_box,5,TROT,0,0.6,1,1.33,0.6
0.6,jump_on_and_off_box,5,WALK,0.6,3.3,1.33,1.85922,2.7
0.6,jump_on_and_off_box,5,RUN,3.3,4,1.85922,2.19449,0.7
0.6,jump_on_and_off_box,5,WALK,4,7.6,2.19449,2.89611,3.6
0.6,jump_on_and_off_box,5,RUN,7.6,8.5,2.89611,3.3279,0.9
0.6,jump_on_and_off_box,5,WALK,8.5,13.1,3.3279,4.24746,4.6
0.6,jump_on_and_off_box,5,RUN,13.1,13.8,4.24746,4.5833,0.7
0.6,jump_on_and_off_box,5,WALK,13.8,18.4,4.5833,5.50038,4.6
0.6,jump_on_and_off_box,5,RUN,18.4,19.3,5.50038,5.93234,0.9
0.6,jump_on_and_off_box,5,WALK,19.3,23.9,5.93234,6.85226,4.6
0.6,jump_on_and_off_box,5,RUN,23.9,24.6,6.85226,7.18824,0.7
0.6,jump_on_and_off_box,5,WALK,24.6,27.7,7.18824,7.79642,3.1
0.6,jump_on_and_off_box,5,RUN,27.7,28.6,7.79642,8.22822,0.9
0.6,jump_on_and_off_box,5,WALK,28.6,33.2,8.22822,9.14781,4.6
0.6,jump_on_and_off_box,5,RUN,33.2,33.9,9.14781,9.48366,0.7
0.6,jump_on_and_off_box,5,WALK,33.9,37.6,9.48366,10.2075,3.7
0.6,jump_on_and_off_box,5,RUN,37.6,38.5,10.2075,10.6395,0.9
0.6,jump_on_and_off_box,5,WALK,38.5,43.1,10.6395,11.5594,4.6
0.6,jump_on_and_off_box,5,RUN,43.1,43.8,11.5594,11.8954,0.7
0.6,jump_on_and_off_box,5,WALK,43.8,48.4,11.8954,12.8031,4.6
0.6,jump_on_and_off_box,5,RUN,48.4,49.3,12.8031,13.2351,0.9
0.6,jump_on_and_off_box,5,WALK,49.3,58.4,13.2351,15.0507,9.1
0.6,jump_on_and_off_box,5,RUN,58.4,62.6,15.0507,17.05,4.2
0.6,jump_on_and_off_box,6,TROT,0,0.6,1,1.33,0.6
0.6,jump_on_and_off_box,6,WALK,0.6,3.3,1.33,1.85947,2.7
0.6,jump_on_and_off_box,6,RUN,3.3,4,1.85947,2.19497,0.7
0.6,jump_on_and_off_box,6,WALK,4,7.1,2.19497,2.80139,3.1
0.6,jump_on_and_off_box,6,RUN,7.1,8,2.80139,3.23321,0.9
0.6,jump_on_and_off_box,6,WALK,8,12.6,3.23321,4.15283,4.6
0.6,jump_on_and_off_box,6,RUN,12.6,13.3,4.15283,4.48869,0.7
0.6,jump_on_and_off_box,6,WALK,13.3,16.7,4.48869,5.16216,3.4
0.6,jump_on_and_off_box,6,RUN,16.7,17.6,5.16216,5.59412,0.9
0.6,jump_on_and_off_box,6,WALK,17.6,22.2,5.59412,6.51403,4.6
0.6,jump_on_and_off_box,6,RUN,22.2,22.9,6.51403,6.85,0.7
0.6,jump_on_and_off_box,6,WALK,22.9,27,6.85,7.6497,4.1
0.6,jump_on_and_off_box,6,RUN,27,27.9,7.6497,8.08124,0.9
0.6,jump_on_and_off_box,6,WALK,27.9,32.5,8.08124,9.00028,4.6
0.6,jump_on_and_off_box,6,RUN,32.5,33.2,9.00028,9.33592,0.7
0.6,jump_on_and_off_box,6,WALK,33.2,36.6,9.33592,10.0112,3.4
0.6,jump_on_and_off_box,6,RUN,36.6,37.5,10.0112,10.4422,0.9
0.6,jump_on_and_off_box,6,WALK,37.5,42.1,10.4422,11.3602,4.6
0.6,jump_on_and_off_box,6,RUN,42.1,42.8,11.3602,11.6955,0.7
0.6,jump_on_and_off_box,6,WALK,42.8,47.2,11.6955,12.5623,4.4
0.6,jump_on_and_off_box,6,RUN,47.2,48.1,12.5623,12.9941,0.9
0.6,jump_on_and_off_box,6,WALK,48.1,52.7,12.9941,13.9139,4.6
0.6,jump_on_and_off_box,6,RUN,52.7,53.4,13.9139,14.2498,0.7
0.6,jump_on_and_off_box,6,WALK,53.4,56.8,14.2498,14.9112,3.4
0.6,jump_on_and_off_box,6,RUN,56.8,61,14.9112,16.9,4.2
0.6,jump_on_and_off_box,7,TROT,0,0.6,1,1.33,0.6
0.6,jump_on_and_off_box,7,WALK,0.6,7.9,1.33,2.76495,7.3
0.6,jump_on_and_off_box,7,RUN,7.9,8.7,2.76495,3.14878,0.8
0.6,jump_on_and_off_box,7,WALK,8.7,13.2,3.14878,4.04839,4.5
0.6,jump_on_and_off_box,7,RUN,13.2,13.9,4.04839,4.38424,0.7
0.6,jump_on_and_off_box,7,WALK,13.9,17.1,4.38424,5.0059,3.2
0.6,jump_on_and_off_box,7,RUN,17.1,17.9,5.0059,5.38984,0.8
0.6,jump_on_and_off_box,7,WALK,17.9,26.7,5.38984,7.14657,8.8
0.6,jump_on_and_off_box,7,RUN,26.7,27.5,7.14657,7.52978,0.8
0.6,jump_on_and_off_box,7,WALK,27.5,32.1,7.52978,8.44787,4.6
0.6,jump_on_and_off_box,7,RUN,32.1,32.8,8.44787,8.78318,0.7
0.6,jump_on_and_off_box,7,WALK,32.8,37,8.78318,9.61196,4.2
0.6,jump_on_and_off_box,7,RUN,37,37.8,9.61196,9.99561,0.8
0.6,jump_on_and_off_box,7,WALK,37.8,42.4,9.99561,10.9148,4.6
0.6,jump_on_and_off_box,7,RUN,42.4,43.1,10.9148,11.2504,0.7
0.6,jump_on_and_off_box,7,WALK,43.1,47.5,11.2504,12.1099,4.4
0.6,jump_on_and_off_box,7,RUN,47.5,48.3,12.1099,12.4935,0.8
0.6,jump_on_and_off_box,7,WALK,48.3,52.9,12.4935,13.4126,4.6
0.6,jump_on_and_off_box,7,RUN,52.9,53.6,13.4126,13.7483,0.7
0.6,jump_on_and_off_box,7,WALK,53.6,57.9,13.7483,14.6,4.3
0.6,jump_on_and_off_box,7,RUN,57.9,62,14.6,16.55,4.1
0.6,jump_on_and_off_box,8,TROT,0,0.6,1,1.33,0.6
0.6,jump_on_and_off_box,8,WALK,0.6,3.3,1.33,1.8599,2.7
0.6,jump_on_and_off_box,8,RUN,3.3,4,1.8599,2.1958,0.7
0.6,jump_on_and_off_box,8,WALK,4,8.1,2.1958,3.00857,4.1
0.6,jump_on_and_off_box,8,RUN,8.1,8.9,3.00857,3.39234,0.8
0.6,jump_on_and_off_box,8,WALK,8.9,13.5,3.39234,4.31178,4.6
0.6,jump_on_and_off_box,8,RUN,13.5,14.2,4.31178,4.64758,0.7
0.6,jump_on_and_off_box,8,WALK,14.2,17.5,4.64758,5.30282,3.3
0.6,jump_on_and_off_box,8,RUN,17.5,18.3,5.30282,5.68606,0.8
0.6,jump_on_and_off_box,8,WALK,18.3,22.9,5.68606,6.60424,4.6
0.6,jump_on_and_off_box,8,RUN,22.9,23.6,6.60424,6.93957,0.7
0.6,jump_on_and_off_box,8,WALK,23.6,27.3,6.93957,7.65982,3.7
0.6,jump_on_and_off_box,8,RUN,27.3,28.1,7.65982,8.04373,0.8
0.6,jump_on_and_off_box,8,WALK,28.1,37.2,8.04373,9.85876,9.1
0.6,jump_on_and_off_box,8,RUN,37.2,38,9.85876,10.2427,0.8
0.6,jump_on_and_off_box,8,WALK,38,42.6,10.2427,11.1626,4.6
0.6,jump_on_and_off_box,8,RUN,42.6,43.3,11.1626,11.4985,0.7
0.6,jump_on_and_off_box,8,WALK,43.3,47.4,11.4985,12.3066,4.1
0.6,jump_on_and_off_box,8,RUN,47.4,48.2,12.3066,12.6903,0.8
0.6,jump_on_and_off_box,8,WALK,48.2,52.8,12.6903,13.6097,4.6
0.6,jump_on_and_off_box,8,RUN,52.8,53.5,13.6097,13.9455,0.7
0.6,jump_on_and_off_box,8,WALK,53.5,56.8,13.9455,14.6014,3.3
0.6,jump_on_and_off_box,8,RUN,56.8,60.9,14.6014,16.55,4.1
0.6,jump_on_and_off_box,9,TROT,0,0.6,1,1.33,0.6
0.6,jump_on_and_off_box,9,WALK,0.6,3.3,1.33,1.85973,2.7
0.6,jump_on_and_off_box,9,RUN,3.3,4,1.85973,2.19548,0.7
0.6,jump_on_and_off_box,9,WALK,4,7.6,2.19548,2.90724,3.6
0.6,jump_on_and_off_box,9,RUN,7.6,8.3,2.90724,3.24316,0.7
0.6,jump_on_and_off_box,9,WALK,8.3,16.9,3.24316,4.9503,8.6
0.6,jump_on_and_off_box,9,RUN,16.9,17.6,4.9503,5.28629,0.7
0.6,jump_on_and_off_box,9,WALK,17.6,22.2,5.28629,6.20628,4.6
0.6,jump_on_and_off_box,9,RUN,22.2,22.9,6.20628,6.54228,0.7
0.6,jump_on_and_off_box,9,WALK,22.9,26.3,6.54228,7.20699,3.4
0.6,jump_on_and_off_box,9,RUN,26.3,27,7.20699,7.54237,0.7
0.6,jump_on_and_off_box,9,WALK,27,31.6,7.54237,8.46069,4.6
0.6,jump_on_and_off_box,9,RUN,31.6,32.3,8.46069,8.79607,0.7
0.6,jump_on_and_off_box,9,WALK,32.3,36.2,8.79607,9.56123,3.9
0.6,jump_on_and_off_box,9,RUN,36.2,36.9,9.56123,9.89723,0.7
0.6,jump_on_and_off_box,9,WALK,36.9,41.4,9.89723,10.7972,4.5
0.6,jump_on_and_off_box,9,RUN,41.4,42.1,10.7972,11.1332,0.7
0.6,jump_on_and_off_box,9,WALK,42.1,46.2,11.1332,11.9486,4.1
0.6,jump_on_and_off_box,9,RUN,46.2,46.9,11.9486,12.2839,0.7
0.6,jump_on_and_off_box,9,WALK,46.9,51.5,12.2839,13.2018,4.6
0.6,jump_on_and_off_box,9,RUN,51.5,52.2,13.2018,13.537,0.7
0.6,jump_on_and_off_box,9,WALK,52.2,55.3,13.537,14.1538,3.1
0.6,jump_on_and_off_box,9,RUN,55.3,59.3,14.1538,16.05,4
0.6,forward_ramp_lips,0,TROT,0,0.6,1,1.33,0.6
0.6,forward_ramp_lips,0,WALK,0.6,52.8,1.33,11.706,52.2
0.6,forward_ramp_lips,0,TROT,52.8,53.5,11.706,12.0909,0.7
0.6,forward_ramp_lips,0,WALK,53.5,56.6,12.0909,12.6969,3.1
0.6,forward_ramp_lips,0,RUN,56.6,59.9,12.6969,14.25,3.3
0.6,forward_ramp_lips,1,TROT,0,0.6,1,1.33,0.6
0.6,forward_ramp_lips,1,WALK,0.6,3.3,1.33,1.85939,2.7
0.6,forward_ramp_lips,1,TROT,3.3,4,1.85939,2.24373,0.7
0.6,forward_ramp_lips,1,WALK,4,11.6,2.24373,3.76178,7.6
0.6,forward_ramp_lips,1,TROT,11.6,12.3,3.76178,4.14672,0.7
0.6,forward_ramp_lips,1,WALK,12.3,16.4,4.14672,4.94746,4.1
0.6,forward_ramp_lips,1,RUN,16.4,17.1,4.94746,5.28261,0.7
0.6,forward_ramp_lips,1,WALK,17.1,20,5.28261,5.86113,2.9
0.6,forward_ramp_lips,1,TROT,20,20.7,5.86113,6.24515,0.7
0.6,forward_ramp_lips,1,WALK,20.7,29.1,6.24515,7.9129,8.4
0.6,forward_ramp_lips,1,TROT,29.1,29.8,7.9129,8.29721,0.7
0.6,forward_ramp_lips,1,WALK,29.8,37.4,8.29721,9.80539,7.6
0.6,forward_ramp_lips,1,TROT,37.4,38.1,9.80539,10.189,0.7
0.6,forward_ramp_lips,1,WALK,38.1,41.5,10.189,10.8493,3.4
0.6,forward_ramp_lips,1,RUN,41.5,42.2,10.8493,11.1836,0.7
0.6,forward_ramp_lips,1,WALK,42.2,49.7,11.1836,12.6621,7.5
0.6,forward_ramp_lips,1,RUN,49.7,53,12.6621,14.2,3.3
0.6,forward_ramp_lips,2,TROT,0,0.6,1,1.33,0.6
0.6,forward_ramp_lips,2,WALK,0.6,3.3,1.33,1.85991,2.7
0.6,forward_ramp_lips,2,TROT,3.3,4,1.85991,2.24482,0.7
0.6,forward_ramp_lips,2,WALK,4,12.4,2.24482,3.9074,8.4
0.6,forward_ramp_lips,2,TROT,12.4,13.1,3.9074,4.29182,0.7
0.6,forward_ramp_lips,2,WALK,13.1,21.2,4.29182,5.89735,8.1
0.6,forward_ramp_lips,2,TROT,21.2,21.9,5.89735,6.28108,0.7
0.6,forward_ramp_lips,2,WALK,21.9,25.8,6.28108,7.04767,3.9
0.6,forward_ramp_lips,2,RUN,25.8,26.5,7.04767,7.38254,0.7
0.6,forward_ramp_lips,2,WALK,26.5,38.4,7.38254,9.7544,11.9
0.6,forward_ramp_lips,2,TROT,38.4,39.1,9.7544,10.1385,0.7
0.6,forward_ramp_lips,2,WALK,39.1,52.1,10.1385,12.713,13
0.6,forward_ramp_lips,2,RUN,52.1,55.4,12.713,14.25,3.3
0.6,forward_ramp_lips,3,TROT,0,0.6,1,1.33,0.6
0.6,forward_ramp_lips,3,WALK,0.6,3.3,1.33,1.85943,2.7
0.6,forward_ramp_lips,3,TROT,3.3,4,1.85943,2.24383,0.7
0.6,forward_ramp_lips,3,WALK,4,12.6,2.24383,3.96295,8.6
0.6,forward_ramp_lips,3,TROT,12.6,13.3,3.96295,4.34795,0.7
0.6,forward_ramp_lips,3,WALK,13.3,29.9,4.34795,7.66028,16.6
0.6,forward_ramp_lips,3,TROT,29.9,30.6,7.66028,8.04523,0.7
0.6,forward_ramp_lips,3,WALK,30.6,39.5,8.04523,9.80697,8.9
0.6,forward_ramp_lips,3,TROT,39.5,40.2,9.80697,10.1914,0.7
0.6,forward_ramp_lips,3,WALK,40.2,48.3,10.1914,11.8039,8.1
0.6,forward_ramp_lips,3,TROT,48.3,49,11.8039,12.1886,0.7
0.6,forward_ramp_lips,3,WALK,49,52.9,12.1886,12.962,3.9
0.6,forward_ramp_lips,3,RUN,52.9,56.2,12.962,14.5,3.3
0.6,forward_ramp_lips,4,TROT,0,0.6,1,1.33,0.6
0.6,forward_ramp_lips,4,WALK,0.6,3.3,1.33,1.85895,2.7
0.6,forward_ramp_lips,4,TROT,3.3,4,1.85895,2.24283,0.7
0.6,forward_ramp_lips,4,WALK,4,7.4,2.24283,2.91509,3.4
0.6,forward_ramp_lips,4,RUN,7.4,8.1,2.91509,3.25038,0.7
0.6,forward_ramp_lips,4,WALK,8.1,11.1,3.25038,3.84911,3
0.6,forward_ramp_lips,4,TROT,11.1,11.8,3.84911,4.23329,0.7
0.6,forward_ramp_lips,4,WALK,11.8,16,4.23329,5.06231,4.2
0.6,forward_ramp_lips,4,RUN,16,16.7,5.06231,5.3983,0.7
0.6,forward_ramp_lips,4,WALK,16.7,24.5,5.3983,6.95369,7.8
0.6,forward_ramp_lips,4,RUN,24.5,25.2,6.95369,7.28879,0.7
0.6,forward_ramp_lips,4,WALK,25.2,32.6,7.28879,8.75395,7.4
0.6,forward_ramp_lips,4,RUN,32.6,33.3,8.75395,9.08983,0.7
0.6,forward_ramp_lips,4,WALK,33.3,36.4,9.08983,9.7096,3.1
0.6,forward_ramp_lips,4,TROT,36.4,37.1,9.7096,10.0945,0.7
0.6,forward_ramp_lips,4,WALK,37.1,40.9,10.0945,10.8456,3.8
0.6,forward_ramp_lips,4,RUN,40.9,41.6,10.8456,11.1816,0.7
0.6,forward_ramp_lips,4,WALK,41.6,48.7,11.1816,12.5993,7.1
0.6,forward_ramp_lips,4,RUN,48.7,52.1,12.5993,14.2,3.4
0.6,forward_ramp_lips,5,TROT,0,0.6,1,1.33,0.6
0.6,forward_ramp_lips,5,WALK,0.6,3.3,1.33,1.85974,2.7
0.6,forward_ramp_lips,5,TROT,3.3,4,1.85974,2.24447,0.7
0.6,forward_ramp_lips,5,WALK,4,7.6,2.24447,2.95067,3.6
0.6,forward_ramp_lips,5,RUN,7.6,8.3,2.95067,3.28665,0.7
0.6,forward_ramp_lips,5,WALK,8.3,15.7,3.28665,4.75516,7.4
0.6,forward_ramp_lips,5,RUN,15.7,16.4,4.75516,5.09115,0.7
0.6,forward_ramp_lips,5,WALK,16.4,22.8,5.09115,6.35592,6.4
0.6,forward_ramp_lips,5,RUN,22.8,23.5,6.35592,6.69167,0.7
0.6,forward_ramp_lips,5,WALK,23.5,29.9,6.69167,7.96026,6.4
0.6,forward_ramp_lips,5,RUN,29.9,30.6,7.96026,8.29626,0.7
0.6,forward_ramp_lips,5,WALK,30.6,37.1,8.29626,9.59581,6.5
0.6,forward_ramp_lips,5,RUN,37.1,37.8,9.59581,9.93179,0.7
0.6,forward_ramp_lips,5,WALK,37.8,44.5,9.93179,11.2545,6.7
0.6,forward_ramp_lips,5,RUN,44.5,47.9,11.2545,12.85,3.4
0.6,forward_ramp_lips,6,TROT,0,0.6,1,1.33,0.6
0.6,forward_ramp_lips,6,WALK,0.6,3.3,1.33,1.8594,2.7
0.6,forward_ramp_lips,6,TROT,3.3,4,1.8594,2.24377,0.7
0.6,forward_ramp_lips,6,WALK,4,7.9,2.24377,3.01175,3.9
0.6,forward_ramp_lips,6,RUN,7.9,8.6,3.01175,3.34774,0.7
0.6,forward_ramp_lips,6,WALK,8.6,16.7,3.34774,4.95284,8.1
0.6,forward_ramp_lips,6,RUN,16.7,17.4,4.95284,5.28883,0.7
0.6,forward_ramp_lips,6,WALK,17.4,25.3,5.28883,6.86093,7.9
0.6,forward_ramp_lips,6,RUN,25.3,26,6.86093,7.19643,0.7
0.6,forward_ramp_lips,6,WALK,26,29,7.19643,7.79553,3
0.6,forward_ramp_lips,6,TROT,29,29.7,7.79553,8.17995,0.7
0.6,forward_ramp_lips,6,WALK,29.7,33.6,8.17995,8.94905,3.9
0.6,forward_ramp_lips,6,RUN,33.6,34.3,8.94905,9.28483,0.7
0.6,forward_ramp_lips,6,WALK,34.3,43.2,9.28483,11.0471,8.9
0.6,forward_ramp_lips,6,RUN,43.2,43.9,11.0471,11.3831,0.7
0.6,forward_ramp_lips,6,WALK,43.9,52.1,11.3831,13.0076,8.2
0.6,forward_ramp_lips,6,RUN,52.1,55.5,13.0076,14.6,3.4
0.6,forward_ramp_lips,7,TROT,0,0.6,1,1.33,0.6
0.6,forward_ramp_lips,7,WALK,0.6,3.3,1.33,1.85927,2.7
0.6,forward_ramp_lips,7,TROT,3.3,4,1.85927,2.24349,0.7
0.6,forward_ramp_lips,7,WALK,4,8.1,2.24349,3.05887,4.1
0.6,forward_ramp_lips,7,RUN,8.1,8.8,3.05887,3.39453,0.7
0.6,forward_ramp_lips,7,WALK,8.8,11.9,3.39453,4.01389,3.1
0.6,forward_ramp_lips,7,TROT,11.9,12.6,4.01389,4.39849,0.7
0.6,forward_ramp_lips,7,WALK,12.6,16.6,4.39849,5.19586,4
0.6,forward_ramp_lips,7,RUN,16.6,17.3,5.19586,5.53177,0.7
0.6,forward_ramp_lips,7,WALK,17.3,23.7,5.53177,6.8087,6.4
0.6,forward_ramp_lips,7,RUN,23.7,24.4,6.8087,7.14448,0.7
0.6,forward_ramp_lips,7,WALK,24.4,33.3,7.14448,8.91028,8.9
0.6,forward_ramp_lips,7,RUN,33.3,34,8.91028,9.24625,0.7
0.6,forward_ramp_lips,7,WALK,34,42.4,9.24625,10.9086,8.4
0.6,forward_ramp_lips,7,RUN,42.4,43.1,10.9086,11.2445,0.7
0.6,forward_ramp_lips,7,WALK,43.1,46.2,11.2445,11.8642,3.1
0.6,forward_ramp_lips,7,TROT,46.2,46.9,11.8642,12.249,0.7
0.6,forward_ramp_lips,7,WALK,46.9,50.7,12.249,12.9968,3.8
0.6,forward_ramp_lips,7,RUN,50.7,54.1,12.9968,14.6,3.4
0.6,forward_ramp_lips,8,TROT,0,0.6,1,1.33,0.6
0.6,forward_ramp_lips,8,WALK,0.6,6.6,1.33,2.50169,6
0.6,forward_ramp_lips,8,RUN,6.6,7.3,2.50169,2.83684,0.7
0.6,forward_ramp_lips,8,WALK,7.3,15.5,2.83684,4.46189,8.2
0.6,forward_ramp_lips,8,RUN,15.5,16.2,4.46189,4.79788,0.7
0.6,forward_ramp_lips,8,WALK,16.2,24.5,4.79788,6.44602,8.3
0.6,forward_ramp_lips,8,RUN,24.5,25.2,6.44602,6.78199,0.7
0.6,forward_ramp_lips,8,WALK,25.2,33.8,6.78199,8.49566,8.6
0.6,forward_ramp_lips,8,RUN,33.8,34.5,8.49566,8.83157,0.7
0.6,forward_ramp_lips,8,WALK,34.5,42.4,8.83157,10.4004,7.9
0.6,forward_ramp_lips,8,RUN,42.4,43.1,10.4004,10.7358,0.7
0.6,forward_ramp_lips,8,WALK,43.1,50,10.7358,12.1019,6.9
0.6,forward_ramp_lips,8,RUN,50,53.5,12.1019,13.75,3.5
0.6,forward_ramp_lips,9,TROT,0,0.6,1,1.33,0.6
0.6,forward_ramp_lips,9,WALK,0.6,8.8,1.33,2.94984,8.2
0.6,forward_ramp_lips,9,RUN,8.8,9.5,2.94984,3.28579,0.7
0.6,forward_ramp_lips,9,WALK,9.5,18.1,3.28579,4.99657,8.6
0.6,forward_ramp_lips,9,RUN,18.1,18.8,4.99657,5.33252,0.7
0.6,forward_ramp_lips,9,WALK,18.8,27.7,5.33252,7.10409,8.9
0.6,forward_ramp_lips,9,RUN,27.7,28.4,7.10409,7.4395,0.7
0.6,forward_ramp_lips,9,WALK,28.4,37.1,7.4395,9.15852,8.7
0.6,forward_ramp_lips,9,RUN,37.1,37.8,9.15852,9.4942,0.7
0.6,forward_ramp_lips,9,WALK,37.8,45.9,9.4942,11.0975,8.1
0.6,forward_ramp_lips,9,RUN,45.9,46.6,11.0975,11.4334,0.7
0.6,forward_ramp_lips,9,WALK,46.6,54,11.4334,12.8993,7.4
0.6,forward_ramp_lips,9,RUN,54,57.5,12.8993,14.55,3.5
0.6,sphere_bump_lips,0,TROT,0,0.6,1,1.33,0.6
0.6,sphere_bump_lips,0,RUN,0.6,1.4,1.33,1.68552,0.8
0.6,sphere_bump_lips,0,TROT,1.4,2.1,1.68552,2.05752,0.7
0.6,sphere_bump_lips,0,WALK,2.1,2.8,2.05752,2.19279,0.7
0.6,sphere_bump_lips,0,JUMP,2.8,3.6,2.19279,2.19279,0.8
0.6,sphere_bump_lips,0,WALK,3.6,9.6,2.19279,3.33552,6
0.6,sphere_bump_lips,0,RUN,9.6,10.3,3.33552,3.64868,0.7
0.6,sphere_bump_lips,0,WALK,10.3,11,3.64868,3.77916,0.7
0.6,sphere_bump_lips,0,JUMP,11,11.8,3.77916,3.77916,0.8
0.6,sphere_bump_lips,0,WALK,11.8,19.2,3.77916,5.16361,7.4
0.6,sphere_bump_lips,0,RUN,19.2,21.4,5.16361,6.17408,2.2
0.6,sphere_bump_lips,0,WALK,21.4,30.7,6.17408,7.92199,9.3
0.6,sphere_bump_lips,0,RUN,30.7,31.9,7.92199,8.43718,1.2
0.6,sphere_bump_lips,0,WALK,31.9,50.2,8.43718,11.8145,18.3
0.6,sphere_bump_lips,0,RUN,50.2,51.8,11.8145,12.4184,1.6
0.6,sphere_bump_lips,0,WALK,51.8,61.3,12.4184,13.9612,9.5
0.6,sphere_bump_lips,0,RUN,61.3,63.1,13.9612,14.7823,1.8
0.6,sphere_bump_lips,0,WALK,63.1,68,14.7823,15.7137,4.9
0.6,sphere_bump_lips,0,RUN,68,69.4,15.7137,16.35,1.4
0.6,sphere_bump_lips,1,TROT,0,0.6,1,1.33,0.6
0.6,sphere_bump_lips,1,RUN,0.6,1.3,1.33,1.644,0.7
0.6,sphere_bump_lips,1,WALK,1.3,10.3,1.644,3.41835,9
0.6,sphere_bump_lips,1,RUN,10.3,11.1,3.41835,3.7779,0.8
0.6,sphere_bump_lips,1,WALK,11.1,19.7,3.7779,5.36707,8.6
0.6,sphere_bump_lips,1,RUN,19.7,21,5.36707,5.92259,1.3
0.6,sphere_bump_lips,1,WALK,21,30.3,5.92259,7.57348,9.3
0.6,sphere_bump_lips,1,RUN,30.3,31.5,7.57348,8.09106,1.2
0.6,sphere_bump_lips,1,WALK,31.5,40.3,8.09106,9.66587,8.8
0.6,sphere_bump_lips,1,RUN,40.3,41.7,9.66587,10.2614,1.4
0.6,sphere_bump_lips,1,WALK,41.7,59.5,10.2614,13.6091,17.8
0.6,sphere_bump_lips,1,RUN,59.5,62.1,13.6091,14.8541,2.6
0.6,sphere_bump_lips,1,WALK,62.1,66.9,14.8541,15.8117,4.8
0.6,sphere_bump_lips,1,RUN,66.9,67.6,15.8117,16.1,0.7
0.6,sphere_bump_lips,2,TROT,0,0.6,1,1.33,0.6
0.6,sphere_bump_lips,2,RUN,0.6,1.6,1.33,1.76002,1
0.6,sphere_bump_lips,2,WALK,1.6,7.5,1.76002,2.8471,5.9
0.6,sphere_bump_lips,2,RUN,7.5,9,2.8471,3.56015,1.5
0.6,sphere_bump_lips,2,WALK,9,18.3,3.56015,5.36336,9.3
0.6,sphere_bump_lips,2,RUN,18.3,19,5.36336,5.67303,0.7
0.6,sphere_bump_lips,2,WALK,19,27.5,5.67303,7.2499,8.5
0.6,sphere_bump_lips,2,RUN,27.5,28.2,7.2499,7.58578,0.7
0.6,sphere_bump_lips,2,WALK,28.2,36.1,7.58578,9.14973,7.9
0.6,sphere_bump_lips,2,RUN,36.1,37.4,9.14973,9.77316,1.3
0.6,sphere_bump_lips,2,WALK,37.4,46.2,9.77316,11.4732,8.8
0.6,sphere_bump_lips,2,RUN,46.2,47.5,11.4732,12.006,1.3
0.6,sphere_bump_lips,2,WALK,47.5,56.4,12.006,13.5622,8.9
0.6,sphere_bump_lips,2,RUN,56.4,58,13.5622,14.3116,1.6
0.6,sphere_bump_lips,2,WALK,58,62.8,14.3116,15.2483,4.8
0.6,sphere_bump_lips,2,RUN,62.8,63.8,15.2483,15.7,1
0.6,sphere_bump_lips,3,TROT,0,0.6,1,1.33,0.6
0.6,sphere_bump_lips,3,RUN,0.6,1.6,1.33,1.7447,1
0.6,sphere_bump_lips,3,WALK,1.6,10.3,1.7447,3.22497,8.7
0.6,sphere_bump_lips,3,RUN,10.3,11.8,3.22497,3.84366,1.5
0.6,sphere_bump_lips,3,WALK,11.8,20.2,3.84366,5.30626,8.4
0.6,sphere_bump_lips,3,RUN,20.2,20.9,5.30626,5.63743,0.7
0.6,sphere_bump_lips,3,WALK,20.9,28.4,5.63743,7.11452,7.5
0.6,sphere_bump_lips,3,RUN,28.4,29.8,7.11452,7.77501,1.4
0.6,sphere_bump_lips,3,WALK,29.8,38.7,7.77501,9.47321,8.9
0.6,sphere_bump_lips,3,RUN,38.7,40,9.47321,10.006,1.3
0.6,sphere_bump_lips,3,WALK,40,48.9,10.006,11.5585,8.9
0.6,sphere_bump_lips,3,RUN,48.9,49.6,11.5585,11.8825,0.7
0.6,sphere_bump_lips,3,WALK,49.6,58.2,11.8825,13.5488,8.6
0.6,sphere_bump_lips,3,RUN,58.2,62.2,13.5488,15.45,4
0.6,sphere_bump_lips,4,TROT,0,0.6,1,1.33,0.6
0.6,sphere_bump_lips,4,RUN,0.6,1.6,1.33,1.72908,1
0.6,sphere_bump_lips,4,WALK,1.6,8.3,1.72908,2.8471,6.7
0.6,sphere_bump_lips,4,RUN,8.3,9.9,2.8471,3.60768,1.6
0.6,sphere_bump_lips,4,WALK,9.9,27.2,3.60768,7.01123,17.3
0.6,sphere_bump_lips,4,RUN,27.2,28.5,7.01123,7.61811,1.3
0.6,sphere_bump_lips,4,WALK,28.5,37.1,7.61811,9.26839,8.6
0.6,sphere_bump_lips,4,RUN,37.1,37.8,9.26839,9.59046,0.7
0.6,sphere_bump_lips,4,WALK,37.8,54.1,9.59046,12.7594,16.3
0.6,sphere_bump_lips,4,RUN,54.1,58.3,12.7594,14.75,4.2
0.6,sphere_bump_lips,5,TROT,0,0.6,1,1.33,0.6
0.6,sphere_bump_lips,5,RUN,0.6,1.6,1.33,1.73372,1
0.6,sphere_bump_lips,5,WALK,1.6,9.4,1.73372,3.02064,7.8
0.6,sphere_bump_lips,5,RUN,9.4,11.1,3.02064,3.75678,1.7
0.6,sphere_bump_lips,5,WALK,11.1,19.7,3.75678,5.27307,8.6
0.6,sphere_bump_lips,5,RUN,19.7,20.4,5.27307,5.54076,0.7
0.6,sphere_bump_lips,5,WALK,20.4,27.9,5.54076,6.7289,7.5
0.6,sphere_bump_lips,5,RUN,27.9,30,6.7289,7.55292,2.1
0.6,sphere_bump_lips,5,WALK,30,38.5,7.55292,8.96336,8.5
0.6,sphere_bump_lips,5,RUN,38.5,39.2,8.96336,9.27938,0.7
0.6,sphere_bump_lips,5,WALK,39.2,47,9.27938,10.7557,7.8
0.6,sphere_bump_lips,5,RUN,47,47.7,10.7557,11.0861,0.7
0.6,sphere_bump_lips,5,WALK,47.7,55.7,11.0861,12.6566,8
0.6,sphere_bump_lips,5,RUN,55.7,59.7,12.6566,14.55,4
0.6,sphere_bump_lips,6,TROT,0,0.6,1,1.33,0.6
0.6,sphere_bump_lips,6,RUN,0.6,1.6,1.33,1.77562,1
0.6,sphere_bump_lips,6,WALK,1.6,17,1.77562,4.70989,15.4
0.6,sphere_bump_lips,6,RUN,17,17.7,4.70989,5.04574,0.7
0.6,sphere_bump_lips,6,WALK,17.7,24.4,5.04574,6.36316,6.7
0.6,sphere_bump_lips,6,RUN,24.4,25.9,6.36316,7.06078,1.5
0.6,sphere_bump_lips,6,WALK,25.9,42.4,7.06078,10.1582,16.5
0.6,sphere_bump_lips,6,RUN,42.4,43.4,10.1582,10.6348,1
0.6,sphere_bump_lips,6,WALK,43.4,51.3,10.6348,12.1998,7.9
0.6,sphere_bump_lips,6,RUN,51.3,55.2,12.1998,14.05,3.9
0.6,sphere_bump_lips,7,TROT,0,0.6,1,1.33,0.6
0.6,sphere_bump_lips,7,RUN,0.6,1.6,1.33,1.77216,1
0.6,sphere_bump_lips,7,WALK,1.6,8.2,1.77216,2.98979,6.6
0.6,sphere_bump_lips,7,RUN,8.2,8.9,2.98979,3.27966,0.7
0.6,sphere_bump_lips,7,WALK,8.9,15.9,3.27966,4.50739,7
0.6,sphere_bump_lips,7,RUN,15.9,16.9,4.50739,4.98256,1
0.6,sphere_bump_lips,7,WALK,16.9,25.2,4.98256,6.60799,8.3
0.6,sphere_bump_lips,7,RUN,25.2,25.9,6.60799,6.9414,0.7
0.6,sphere_bump_lips,7,WALK,25.9,42.2,6.9414,10.0791,16.3
0.6,sphere_bump_lips,7,RUN,42.2,43.4,10.0791,10.5504,1.2
0.6,sphere_bump_lips,7,WALK,43.4,51.8,10.5504,11.9535,8.4
0.6,sphere_bump_lips,7,RUN,51.8,56,11.9535,13.9,4.2
0.6,sphere_bump_lips,8,TROT,0,0.6,1,1.33,0.6
0.6,sphere_bump_lips,8,RUN,0.6,1.6,1.33,1.74297,1
0.6,sphere_bump_lips,8,WALK,1.6,7.9,1.74297,2.80918,6.3
0.6,sphere_bump_lips,8,RUN,7.9,8.6,2.80918,3.10203,0.7
0.6,sphere_bump_lips,8,WALK,8.6,16.2,3.10203,4.45991,7.6
0.6,sphere_bump_lips,8,RUN,16.2,16.9,4.45991,4.79578,0.7
0.6,sphere_bump_lips,8,WALK,16.9,24.6,4.79578,6.31118,7.7
0.6,sphere_bump_lips,8,RUN,24.6,26.1,6.31118,6.9828,1.5
0.6,sphere_bump_lips,8,WALK,26.1,40.3,6.9828,9.61645,14.2
0.6,sphere_bump_lips,8,RUN,40.3,41.7,9.61645,10.2776,1.4
0.6,sphere_bump_lips,8,WALK,41.7,49.6,10.2776,11.8098,7.9
0.6,sphere_bump_lips,8,RUN,49.6,53.3,11.8098,13.5,3.7
0.6,sphere_bump_lips,9,TROT,0,0.6,1,1.33,0.6
0.6,sphere_bump_lips,9,RUN,0.6,1.6,1.33,1.76524,1
0.6,sphere_bump_lips,9,WALK,1.6,8.4,1.76524,3.00534,6.8
0.6,sphere_bump_lips,9,RUN,8.4,9.5,3.00534,3.49814,1.1
0.6,sphere_bump_lips,9,WALK,9.5,25,3.49814,6.11163,15.5
0.6,sphere_bump_lips,9,RUN,25,26.8,6.11163,6.87349,1.8
0.6,sphere_bump_lips,9,WALK,26.8,39.7,6.87349,9.18475,12.9
0.6,sphere_bump_lips,9,RUN,39.7,41,9.18475,9.76116,1.3
0.6,sphere_bump_lips,9,WALK,41,49.3,9.76116,11.3099,8.3
0.6,sphere_bump_lips,9,RUN,49.3,53.2,11.3099,13.15,3.9
0.6,forward_ramp_no_lips,0,TROT,0,0.6,1,1.33,0.6
0.6,forward_ramp_no_lips,0,WALK,0.6,44.2,1.33,9.94919,43.6
0.6,forward_ramp_no_lips,0,RUN,44.2,46.4,9.94919,11,2.2
0.6,forward_ramp_no_lips,1,TROT,0,1.9,1,1.995,1.9
0.6,forward_ramp_no_lips,1,WALK,1.9,41.8,1.995,9.90981,39.9
0.6,forward_ramp_no_lips,1,RUN,41.8,44,9.90981,10.95,2.2
0.6,forward_ramp_no_lips,2,TROT,0,2,1,2.04799,2
0.6,forward_ramp_no_lips,2,WALK,2,40.3,2.04799,9.60984,38.3
0.6,forward_ramp_no_lips,2,RUN,40.3,42.6,9.60984,10.7,2.3
0.6,forward_ramp_no_lips,3,TROT,0,0.6,1,1.33,0.6
0.6,forward_ramp_no_lips,3,WALK,0.6,42.7,1.33,9.65999,42.1
0.6,forward_ramp_no_lips,3,RUN,42.7,45,9.65999,10.75,2.3
0.6,forward_ramp_no_lips,4,TROT,0,0.6,1,1.33,0.6
0.6,forward_ramp_no_lips,4,WALK,0.6,44.2,1.33,9.94999,43.6
0.6,forward_ramp_no_lips,4,RUN,44.2,46.6,9.94999,11.1,2.4
0.6,forward_ramp_no_lips,5,TROT,0,0.6,1,1.33,0.6
0.6,forward_ramp_no_lips,5,WALK,0.6,44.4,1.33,10,43.8
0.6,forward_ramp_no_lips,5,RUN,44.4,47,10,11.2,2.6
0.6,forward_ramp_no_lips,6,TROT,0,0.6,1,1.33,0.6
0.6,forward_ramp_no_lips,6,WALK,0.6,41.7,1.33,9.45998,41.1
0.6,forward_ramp_no_lips,6,RUN,41.7,44.2,9.45998,10.65,2.5
0.6,forward_ramp_no_lips,7,TROT,0,0.6,1,1.33,0.6
0.6,forward_ramp_no_lips,7,WALK,0.6,42,1.33,9.50964,41.4
0.6,forward_ramp_no_lips,7,RUN,42,44.6,9.50964,10.75,2.6
0.6,forward_ramp_no_lips,8,TROT,0,0.6,1,1.33,0.6
0.6,forward_ramp_no_lips,8,WALK,0.6,43.7,1.33,9.84985,43.1
0.6,forward_ramp_no_lips,8,RUN,43.7,46.5,9.84985,11.15,2.8
0.6,forward_ramp_no_lips,9,TROT,0,0.6,1,1.33,0.6
0.6,forward_ramp_no_lips,9,WALK,0.6,43.7,1.33,9.85995,43.1
0.6,forward_ramp_no_lips,9,RUN,43.7,46.4,9.85995,11.15,2.7
0.6,flush_a_frame,0,TROT,0,0.6,1,1.33,0.6
0.6,flush_a_frame,0,WALK,0.6,63.8,1.33,13.87,63.2
0.6,flush_a_frame,0,TROT,63.8,64.9,13.87,14.475,1.1
0.6,flush_a_frame,0,RUN,64.9,66.3,14.475,15.1,1.4
0.6,flush_a_frame,1,TROT,0,0.6,1,1.33,0.6
0.6,flush_a_frame,1,WALK,0.6,59.3,1.33,12.96,58.7
0.6,flush_a_frame,1,RUN,59.3,61.7,12.96,14.1,2.4
0.6,flush_a_frame,2,TROT,0,0.6,1,1.33,0.6
0.6,flush_a_frame,2,WALK,0.6,59.9,1.33,13.0994,59.3
0.6,flush_a_frame,2,RUN,59.9,62.5,13.0994,14.3,2.6
0.6,flush_a_frame,3,TROT,0,0.6,1,1.33,0.6
0.6,flush_a_frame,3,WALK,0.6,61.9,1.33,13.4993,61.3
0.6,flush_a_frame,3,RUN,61.9,64.5,13.4993,14.7,2.6
0.6,flush_a_frame,4,TROT,0,0.6,1,1.33,0.6
0.6,flush_a_frame,4,WALK,0.6,64.3,1.33,13.9599,63.7
0.6,flush_a_frame,4,RUN,64.3,66.9,13.9599,15.2,2.6
0.6,flush_a_frame,5,TROT,0,0.6,1,1.33,0.6
0.6,flush_a_frame,5,WALK,0.6,58.7,1.33,12.8494,58.1
0.6,flush_a_frame,5,RUN,58.7,61.4,12.8494,14.1,2.7
0.6,flush_a_frame,6,TROT,0,0.6,1,1.33,0.6
0.6,flush_a_frame,6,WALK,0.6,55.6,1.33,12.2097,55
0.6,flush_a_frame,6,RUN,55.6,58.3,12.2097,13.5,2.7
0.6,flush_a_frame,7,TROT,0,0.6,1,1.33,0.6
0.6,flush_a_frame,7,WALK,0.6,55.7,1.33,12.2499,55.1
0.6,flush_a_frame,7,RUN,55.7,58.6,12.2499,13.6,2.9
0.6,flush_a_frame,8,TROT,0,0.6,1,1.33,0.6
0.6,flush_a_frame,8,WALK,0.6,62.2,1.33,13.5594,61.6
0.6,flush_a_frame,8,RUN,62.2,65,13.5594,14.9,2.8
0.6,flush_a_frame,9,TROT,0,0.6,1,1.33,0.6
0.6,flush_a_frame,9,WALK,0.6,58,1.33,12.7,57.4
0.6,flush_a_frame,9,RUN,58,61,12.7,14.1,3
0.6,sphere_bump,0,TROT,0,0.7,1,1.385,0.7
0.6,sphere_bump,0,RUN,0.7,1.4,1.385,1.67978,0.7
0.6,sphere_bump,0,WALK,1.4,8.5,1.67978,3.00419,7.1
0.6,sphere_bump,0,TROT,8.5,9.7,3.00419,3.63159,1.2
0.6,sphere_bump,0,RUN,9.7,10.4,3.63159,3.951,0.7
0.6,sphere_bump,0,WALK,10.4,18.3,3.951,5.44927,7.9
0.6,sphere_bump,0,TROT,18.3,19,5.44927,5.83334,0.7
0.6,sphere_bump,0,WALK,19,36.6,5.83334,9.31238,17.6
0.6,sphere_bump,0,TROT,36.6,37.6,9.31238,9.84928,1
0.6,sphere_bump,0,WALK,37.6,46.3,9.84928,11.5499,8.7
0.6,sphere_bump,0,TROT,46.3,47.1,11.5499,11.9898,0.8
0.6,sphere_bump,0,WALK,47.1,56.3,11.9898,13.7893,9.2
0.6,sphere_bump,0,TROT,56.3,57.4,13.7893,14.3596,1.1
0.6,sphere_bump,0,RUN,57.4,60.7,14.3596,15.85,3.3
0.6,sphere_bump,1,TROT,0,0.6,1,1.33,0.6
0.6,sphere_bump,1,RUN,0.6,1.6,1.33,1.74618,1
0.6,sphere_bump,1,WALK,1.6,10.1,1.74618,3.23726,8.5
0.6,sphere_bump,1,TROT,10.1,11.2,3.23726,3.83739,1.1
0.6,sphere_bump,1,WALK,11.2,28.4,3.83739,7.02585,17.2
0.6,sphere_bump,1,TROT,28.4,29.4,7.02585,7.56985,1
0.6,sphere_bump,1,WALK,29.4,38.7,7.56985,9.33837,9.3
0.6,sphere_bump,1,RUN,38.7,40.4,9.33837,10.0286,1.7
0.6,sphere_bump,1,TROT,40.4,41.1,10.0286,10.3543,0.7
0.6,sphere_bump,1,WALK,41.1,48.4,10.3543,11.5985,7.3
0.6,sphere_bump,1,TROT,48.4,49.5,11.5985,12.1296,1.1
0.6,sphere_bump,1,RUN,49.5,50.2,12.1296,12.4246,0.7
0.6,sphere_bump,1,WALK,50.2,58.2,12.4246,13.8557,8
0.6,sphere_bump,1,TROT,58.2,59.3,13.8557,14.4535,1.1
0.6,sphere_bump,1,RUN,59.3,62.1,14.4535,15.75,2.8
0.6,sphere_bump,2,TROT,0,0.6,1,1.33,0.6
0.6,sphere_bump,2,WALK,0.6,9.2,1.33,2.96451,8.6
0.6,sphere_bump,2,RUN,9.2,10.4,2.96451,3.53299,1.2
0.6,sphere_bump,2,TROT,10.4,11.1,3.53299,3.91295,0.7
0.6,sphere_bump,2,WALK,11.1,26.9,3.91295,6.99687,15.8
0.6,sphere_bump,2,TROT,26.9,27.6,6.99687,7.34831,0.7
0.6,sphere_bump,2,WALK,27.6,36.1,7.34831,8.92095,8.5
0.6,sphere_bump,2,TROT,36.1,36.9,8.92095,9.35047,0.8
0.6,sphere_bump,2,WALK,36.9,46.5,9.35047,11.21,9.6
0.6,sphere_bump,2,RUN,46.5,47.3,11.21,11.5849,0.8
0.6,sphere_bump,2,TROT,47.3,48,11.5849,11.9607,0.7
0.6,sphere_bump,2,WALK,48,55.3,11.9607,13.3719,7.3
0.6,sphere_bump,2,TROT,55.3,56.4,13.3719,13.9446,1.1
0.6,sphere_bump,2,RUN,56.4,57.3,13.9446,14.3535,0.9
0.6,sphere_bump,2,WALK,57.3,62.1,14.3535,15.2623,4.8
0.6,sphere_bump,2,RUN,62.1,62.5,15.2623,15.4,0.4
0.6,sphere_bump,3,TROT,0,0.6,1,1.33,0.6
0.6,sphere_bump,3,RUN,0.6,1.6,1.33,1.7674,1
0.6,sphere_bump,3,WALK,1.6,10.2,1.7674,3.28544,8.6
0.6,sphere_bump,3,TROT,10.2,10.9,3.28544,3.57464,0.7
0.6,sphere_bump,3,WALK,10.9,19.9,3.57464,4.96744,9
0.6,sphere_bump,3,TROT,19.9,21,4.96744,5.50092,1.1
0.6,sphere_bump,3,WALK,21,47.7,5.50092,10.5694,26.7
0.6,sphere_bump,3,TROT,47.7,48.9,10.5694,11.155,1.2
0.6,sphere_bump,3,RUN,48.9,49.6,11.155,11.4531,0.7
0.6,sphere_bump,3,WALK,49.6,59,11.4531,13.122,9.4
0.6,sphere_bump,3,TROT,59,60.1,13.122,13.6846,1.1
0.6,sphere_bump,3,RUN,60.1,62.6,13.6846,14.8006,2.5
0.6,sphere_bump,3,WALK,62.6,63.2,14.8006,14.9,0.6
0.6,sphere_bump,4,TROT,0,0.6,1,1.33,0.6
0.6,sphere_bump,4,RUN,0.6,1.3,1.33,1.63661,0.7
0.6,sphere_bump,4,WALK,1.3,9.9,1.63661,3.26413,8.6
0.6,sphere_bump,4,RUN,9.9,10.6,3.26413,3.58037,0.7
0.6,sphere_bump,4,WALK,10.6,29,3.58037,7.08282,18.4
0.6,sphere_bump,4,TROT,29,29.7,7.08282,7.40316,0.7
0.6,sphere_bump,4,WALK,29.7,57.1,7.40316,12.5147,27.4
0.6,sphere_bump,4,RUN,57.1,61.5,12.5147,14.6,4.4
0.6,sphere_bump,5,TROT,0,0.7,1,1.385,0.7
0.6,sphere_bump,5,RUN,0.7,1.4,1.385,1.68337,0.7
0.6,sphere_bump,5,WALK,1.4,27.8,1.68337,6.61994,26.4
0.6,sphere_bump,5,JUMP,27.8,28.6,6.61994,6.61994,0.8
0.6,sphere_bump,5,WALK,28.6,48.2,6.61994,10.3168,19.6
0.6,sphere_bump,5,TROT,48.2,49.3,10.3168,10.8717,1.1
0.6,sphere_bump,5,WALK,49.3,59.1,10.8717,12.6632,9.8
0.6,sphere_bump,5,RUN,59.1,62.8,12.6632,14.3,3.7
0.6,sphere_bump,6,TROT,0,0.6,1,1.33,0.6
0.6,sphere_bump,6,WALK,0.6,9.4,1.33,3.05746,8.8
0.6,sphere_bump,6,TROT,9.4,10.1,3.05746,3.43096,0.7
0.6,sphere_bump,6,WALK,10.1,26.7,3.43096,6.5882,16.6
0.6,sphere_bump,6,RUN,26.7,27.4,6.5882,6.87135,0.7
0.6,sphere_bump,6,WALK,27.4,28.1,6.87135,6.98933,0.7
0.6,sphere_bump,6,JUMP,28.1,28.9,6.98933,6.98933,0.8
0.6,sphere_bump,6,WALK,28.9,37.1,6.98933,8.37353,8.2
0.6,sphere_bump,6,RUN,37.1,38.2,8.37353,8.83941,1.1
0.6,sphere_bump,6,TROT,38.2,38.9,8.83941,9.17912,0.7
0.6,sphere_bump,6,WALK,38.9,39.6,9.17912,9.30265,0.7
0.6,sphere_bump,6,JUMP,39.6,40.4,9.30265,9.30265,0.8
0.6,sphere_bump,6,WALK,40.4,47.4,9.30265,10.525,7
0.6,sphere_bump,6,JUMP,47.4,48.2,10.525,10.525,0.8
0.6,sphere_bump,6,WALK,48.2,51.9,10.525,11.1578,3.7
0.6,sphere_bump,6,JUMP,51.9,52.7,11.1578,11.1578,0.8
0.6,sphere_bump,6,WALK,52.7,58.9,11.1578,12.2535,6.2
0.6,sphere_bump,6,RUN,58.9,63,12.2535,14.1,4.1
0.6,sphere_bump,7,TROT,0,0.6,1,1.33,0.6
0.6,sphere_bump,7,RUN,0.6,1.3,1.33,1.6344,0.7
0.6,sphere_bump,7,WALK,1.3,4.3,1.6344,2.19441,3
0.6,sphere_bump,7,JUMP,4.3,5.1,2.19441,2.19441,0.8
0.6,sphere_bump,7,WALK,5.1,10.7,2.19441,3.17158,5.6
0.6,sphere_bump,7,RUN,10.7,11.4,3.17158,3.443,0.7
0.6,sphere_bump,7,WALK,11.4,12.1,3.443,3.55609,0.7
0.6,sphere_bump,7,JUMP,12.1,12.9,3.55609,3.55609,0.8
0.6,sphere_bump,7,WALK,12.9,16.6,3.55609,4.15386,3.7
0.6,sphere_bump,7,JUMP,16.6,17.4,4.15386,4.15386,0.8
0.6,sphere_bump,7,WALK,17.4,21.2,4.15386,4.78613,3.8
0.6,sphere_bump,7,JUMP,21.2,22,4.78613,4.78613,0.8
0.6,sphere_bump,7,WALK,22,39.1,4.78613,8.05907,17.1
0.6,sphere_bump,7,JUMP,39.1,39.9,8.05907,8.05907,0.8
0.6,sphere_bump,7,WALK,39.9,43.4,8.05907,8.68157,3.5
0.6,sphere_bump,7,JUMP,43.4,44.2,8.68157,8.68157,0.8
0.6,sphere_bump,7,WALK,44.2,50.3,8.68157,9.79919,6.1
0.6,sphere_bump,7,RUN,50.3,51,9.79919,10.1345,0.7
0.6,sphere_bump,7,TROT,51,51.7,10.1345,10.5187,0.7
0.6,sphere_bump,7,WALK,51.7,60.3,10.5187,12.212,8.6
0.6,sphere_bump,7,RUN,60.3,63.6,12.212,13.7,3.3
0.6,sphere_bump,8,TROT,0,0.7,1,1.385,0.7
0.6,sphere_bump,8,WALK,0.7,9.1,1.385,3.03606,8.4
0.6,sphere_bump,8,JUMP,9.1,9.9,3.03606,3.03606,0.8
0.6,sphere_bump,8,WALK,9.9,13.1,3.03606,3.65804,3.2
0.6,sphere_bump,8,JUMP,13.1,13.9,3.65804,3.65804,0.8
0.6,sphere_bump,8,WALK,13.9,19.1,3.65804,4.66693,5.2
0.6,sphere_bump,8,JUMP,19.1,19.9,4.66693,4.66693,0.8
0.6,sphere_bump,8,WALK,19.9,27.2,4.66693,6.07908,7.3
0.6,sphere_bump,8,JUMP,27.2,28,6.07908,6.07908,0.8
0.6,sphere_bump,8,WALK,28,31.5,6.07908,6.74721,3.5
0.6,sphere_bump,8,JUMP,31.5,32.3,6.74721,6.74721,0.8
0.6,sphere_bump,8,WALK,32.3,38.3,6.74721,7.85907,6
0.6,sphere_bump,8,JUMP,38.3,39.1,7.85907,7.85907,0.8
0.6,sphere_bump,8,WALK,39.1,42.6,7.85907,8.48157,3.5
0.6,sphere_bump,8,JUMP,42.6,43.4,8.48157,8.48157,0.8
0.6,sphere_bump,8,WALK,43.4,49.8,8.48157,9.65902,6.4
0.6,sphere_bump,8,RUN,49.8,50.5,9.65902,9.99431,0.7
0.6,sphere_bump,8,WALK,50.5,60.4,9.99431,11.9506,9.9
0.6,sphere_bump,8,RUN,60.4,63.6,11.9506,13.45,3.2
0.6,sphere_bump,9,TROT,0,0.6,1,1.33,0.6
0.6,sphere_bump,9,RUN,0.6,1.6,1.33,1.72733,1
0.6,sphere_bump,9,WALK,1.6,2.3,1.72733,1.83784,0.7
0.6,sphere_bump,9,JUMP,2.3,3.1,1.83784,1.83784,0.8
0.6,sphere_bump,9,WALK,3.1,9.1,1.83784,2.86627,6
0.6,sphere_bump,9,RUN,9.1,9.8,2.86627,3.19266,0.7
0.6,sphere_bump,9,WALK,9.8,10.5,3.19266,3.32866,0.7
0.6,sphere_bump,9,JUMP,10.5,11.3,3.32866,3.32866,0.8
0.6,sphere_bump,9,WALK,11.3,14.6,3.32866,3.96978,3.3
0.6,sphere_bump,9,JUMP,14.6,15.4,3.96978,3.96978,0.8
0.6,sphere_bump,9,WALK,15.4,19.6,3.96978,4.74689,4.2
0.6,sphere_bump,9,JUMP,19.6,20.4,4.74689,4.74689,0.8
0.6,sphere_bump,9,WALK,20.4,24.1,4.74689,5.34436,3.7
0.6,sphere_bump,9,JUMP,24.1,24.9,5.34436,5.34436,0.8
0.6,sphere_bump,9,WALK,24.9,30.9,5.34436,6.38883,6
0.6,sphere_bump,9,TROT,30.9,31.6,6.38883,6.7728,0.7
0.6,sphere_bump,9,WALK,31.6,46.8,6.7728,9.69727,15.2
0.6,sphere_bump,9,JUMP,46.8,47.6,9.69727,9.69727,0.8
0.6,sphere_bump,9,WALK,47.6,51.3,9.69727,10.3102,3.7
0.6,sphere_bump,9,JUMP,51.3,52.1,10.3102,10.3102,0.8
0.6,sphere_bump,9,WALK,52.1,58.4,10.3102,11.4119,6.3
0.6,sphere_bump,9,RUN,58.4,62.4,11.4119,13.25,4
0.6,box_jump_even,0,TROT,0,0.6,1,1.33,0.6
0.6,box_jump_even,0,RUN,0.6,2.1,1.33,2.02779,1.5
0.6,box_jump_even,0,WALK,2.1,6.3,2.02779,2.85832,4.2
0.6,box_jump_even,0,RUN,6.3,7.3,2.85832,3.33736,1
0.6,box_jump_even,0,WALK,7.3,11.7,3.33736,4.20037,4.4
0.6,box_jump_even,0,RUN,11.7,13,4.20037,4.82067,1.3
0.6,box_jump_even,0,WALK,13,17,4.82067,5.60329,4
0.6,box_jump_even,0,RUN,17,18.5,5.60329,6.32061,1.5
0.6,box_jump_even,0,WALK,18.5,22.5,6.32061,7.1108,4
0.6,box_jump_even,0,RUN,22.5,23.8,7.1108,7.73479,1.3
0.6,box_jump_even,0,WALK,23.8,28,7.73479,8.56068,4.2
0.6,box_jump_even,0,RUN,28,29.4,8.56068,9.23051,1.4
0.6,box_jump_even,0,WALK,29.4,33.4,9.23051,10.0112,4
0.6,box_jump_even,0,RUN,33.4,35.4,10.0112,10.95,2
0.6,box_jump_even,1,TROT,0,0.6,1,1.33,0.6
0.6,box_jump_even,1,RUN,0.6,2.6,1.33,2.26576,2
0.6,box_jump_even,1,WALK,2.6,6.8,2.26576,3.1018,4.2
0.6,box_jump_even,1,RUN,6.8,8,3.1018,3.6778,1.2
0.6,box_jump_even,1,WALK,8,12.5,3.6778,4.56173,4.5
0.6,box_jump_even,1,RUN,12.5,13.6,4.56173,5.0885,1.1
0.6,box_jump_even,1,WALK,13.6,18.2,5.0885,6.0068,4.6
0.6,box_jump_even,1,RUN,18.2,19.1,6.0068,6.43878,0.9
0.6,box_jump_even,1,WALK,19.1,23.5,6.43878,7.29976,4.4
0.6,box_jump_even,1,RUN,23.5,25.2,7.29976,8.11575,1.7
0.6,box_jump_even,1,WALK,25.2,29.2,8.11575,8.91328,4
0.6,box_jump_even,1,RUN,29.2,30.4,8.91328,9.48924,1.2
0.6,box_jump_even,1,WALK,30.4,34.6,9.48924,10.3149,4.2
0.6,box_jump_even,1,RUN,34.6,36.6,10.3149,11.25,2
0.6,box_jump_even,2,TROT,0,0.6,1,1.33,0.6
0.6,box_jump_even,2,RUN,0.6,2.2,1.33,2.07592,1.6
0.6,box_jump_even,2,WALK,2.2,6.6,2.07592,2.94824,4.4
0.6,box_jump_even,2,RUN,6.6,8.1,2.94824,3.66777,1.5
0.6,box_jump_even,2,WALK,8.1,12.1,3.66777,4.46295,4
0.6,box_jump_even,2,RUN,12.1,13.3,4.46295,5.03855,1.2
0.6,box_jump_even,2,WALK,13.3,18,5.03855,5.95744,4.7
0.6,box_jump_even,2,RUN,18,19.7,5.95744,6.77037,1.7
0.6,box_jump_even,2,WALK,19.7,23.7,6.77037,7.56308,4
0.6,box_jump_even,2,RUN,23.7,25,7.56308,8.18707,1.3
0.6,box_jump_even,2,WALK,25,29.4,8.18707,9.05504,4.4
0.6,box_jump_even,2,RUN,29.4,30.7,9.05504,9.67899,1.3
0.6,box_jump_even,2,WALK,30.7,34.9,9.67899,10.4997,4.2
0.6,box_jump_even,2,RUN,34.9,36.9,10.4997,11.45,2
0.6,box_jump_even,3,TROT,0,0.6,1,1.33,0.6
0.6,box_jump_even,3,RUN,0.6,2.6,1.33,2.26495,2
0.6,box_jump_even,3,WALK,2.6,6.8,2.26495,3.10029,4.2
0.6,box_jump_even,3,RUN,6.8,7.6,3.10029,3.48245,0.8
0.6,box_jump_even,3,WALK,7.6,12.2,3.48245,4.399,4.6
0.6,box_jump_even,3,RUN,12.2,13.1,4.399,4.831,0.9
0.6,box_jump_even,3,WALK,13.1,17.5,4.831,5.70014,4.4
0.6,box_jump_even,3,RUN,17.5,18.5,5.70014,6.1792,1
0.6,box_jump_even,3,WALK,18.5,22.9,6.1792,7.04811,4.4
0.6,box_jump_even,3,RUN,22.9,23.7,7.04811,7.43028,0.8
0.6,box_jump_even,3,WALK,23.7,28.4,7.43028,8.35319,4.7
0.6,box_jump_even,3,RUN,28.4,29.5,8.35319,8.8787,1.1
0.6,box_jump_even,3,WALK,29.5,34.2,8.8787,9.80641,4.7
0.6,box_jump_even,3,RUN,34.2,36.2,9.80641,10.75,2
0.6,box_jump_even,4,TROT,0,0.6,1,1.33,0.6
0.6,box_jump_even,4,RUN,0.6,2,1.33,1.97977,1.4
0.6,box_jump_even,4,WALK,2,7.2,1.97977,3.01588,5.2
0.6,box_jump_even,4,RUN,7.2,8.6,3.01588,3.68633,1.4
0.6,box_jump_even,4,WALK,8.6,13.2,3.68633,4.60103,4.6
0.6,box_jump_even,4,RUN,13.2,14.1,4.60103,5.03303,0.9
0.6,box_jump_even,4,WALK,14.1,19,5.03303,6.00295,4.9
0.6,box_jump_even,4,RUN,19,19.8,6.00295,6.38521,0.8
0.6,box_jump_even,4,WALK,19.8,24.4,6.38521,7.29871,4.6
0.6,box_jump_even,4,RUN,24.4,25.2,7.29871,7.68271,0.8
0.6,box_jump_even,4,WALK,25.2,30.1,7.68271,8.65257,4.9
0.6,box_jump_even,4,RUN,30.1,31.3,8.65257,9.22778,1.2
0.6,box_jump_even,4,WALK,31.3,36.2,9.22778,10.2029,4.9
0.6,box_jump_even,4,RUN,36.2,38.2,10.2029,11.15,2
0.6,box_jump_even,5,TROT,0,0.6,1,1.33,0.6
0.6,box_jump_even,5,RUN,0.6,2.1,1.33,2.02528,1.5
0.6,box_jump_even,5,WALK,2.1,6.8,2.02528,2.94979,4.7
0.6,box_jump_even,5,RUN,6.8,7.5,2.94979,3.28369,0.7
0.6,box_jump_even,5,WALK,7.5,12.7,3.28369,4.30575,5.2
0.6,box_jump_even,5,RUN,12.7,14,4.30575,4.92605,1.3
0.6,box_jump_even,5,WALK,14,18.7,4.92605,5.86227,4.7
0.6,box_jump_even,5,RUN,18.7,19.7,5.86227,6.34206,1
0.6,box_jump_even,5,WALK,19.7,24.6,6.34206,7.30687,4.9
0.6,box_jump_even,5,RUN,24.6,25.9,7.30687,7.92876,1.3
0.6,box_jump_even,5,WALK,25.9,31.1,7.92876,8.96522,5.2
0.6,box_jump_even,5,RUN,31.1,32,8.96522,9.39697,0.9
0.6,box_jump_even,5,WALK,32,37.1,9.39697,10.414,5.1
0.6,box_jump_even,5,RUN,37.1,39.1,10.414,11.35,2
0.6,box_jump_even,6,TROT,0,0.6,1,1.33,0.6
0.6,box_jump_even,6,RUN,0.6,2.5,1.33,2.21973,1.9
0.6,box_jump_even,6,WALK,2.5,7.4,2.21973,3.19521,4.9
0.6,box_jump_even,6,RUN,7.4,8.5,3.19521,3.72307,1.1
0.6,box_jump_even,6,WALK,8.5,13.2,3.72307,4.6507,4.7
0.6,box_jump_even,6,RUN,13.2,14.1,4.6507,5.0827,0.9
0.6,box_jump_even,6,WALK,14.1,19.5,5.0827,6.16042,5.4
0.6,box_jump_even,6,RUN,19.5,20.6,6.16042,6.68777,1.1
0.6,box_jump_even,6,WALK,20.6,25.7,6.68777,7.70524,5.1
0.6,box_jump_even,6,RUN,25.7,26.9,7.70524,8.28122,1.2
0.6,box_jump_even,6,WALK,26.9,31.8,8.28122,9.25063,4.9
0.6,box_jump_even,6,RUN,31.8,32.6,9.25063,9.63316,0.8
0.6,box_jump_even,6,WALK,32.6,37.5,9.63316,10.5995,4.9
0.6,box_jump_even,6,RUN,37.5,39.5,10.5995,11.55,2
0.6,box_jump_even,7,TROT,0,0.6,1,1.33,0.6
0.6,box_jump_even,7,RUN,0.6,2.1,1.33,2.02531,1.5
0.6,box_jump_even,7,WALK,2.1,7.3,2.02531,3.05856,5.2
0.6,box_jump_even,7,RUN,7.3,8.5,3.05856,3.63272,1.2
0.6,box_jump_even,7,WALK,8.5,13.9,3.63272,4.70518,5.4
0.6,box_jump_even,7,RUN,13.9,14.9,4.70518,5.185,1
0.6,box_jump_even,7,WALK,14.9,20,5.185,6.20127,5.1
0.6,box_jump_even,7,RUN,20,21.2,6.20127,6.77719,1.2
0.6,box_jump_even,7,WALK,21.2,26.6,6.77719,7.85464,5.4
0.6,box_jump_even,7,RUN,26.6,27.8,7.85464,8.42915,1.2
0.6,box_jump_even,7,WALK,27.8,33,8.42915,9.45232,5.2
0.6,box_jump_even,7,RUN,33,34.3,9.45232,10.0741,1.3
0.6,box_jump_even,7,WALK,34.3,39.5,10.0741,11.107,5.2
0.6,box_jump_even,7,RUN,39.5,41.5,11.107,12.05,2
0.6,box_jump_even,8,TROT,0,0.6,1,1.33,0.6
0.6,box_jump_even,8,RUN,0.6,1.8,1.33,1.88335,1.2
0.6,box_jump_even,8,WALK,1.8,7.5,1.88335,3.01379,5.7
0.6,box_jump_even,8,RUN,7.5,8.2,3.01379,3.34889,0.7
0.6,box_jump_even,8,WALK,8.2,13.5,3.34889,4.39822,5.3
0.6,box_jump_even,8,RUN,13.5,14.7,4.39822,4.97335,1.2
0.6,box_jump_even,8,WALK,14.7,20.2,4.97335,6.05334,5.5
0.6,box_jump_even,8,RUN,20.2,20.9,6.05334,6.38833,0.7
0.6,box_jump_even,8,WALK,20.9,26,6.38833,7.40231,5.1
0.6,box_jump_even,8,RUN,26,26.7,7.40231,7.73736,0.7
0.6,box_jump_even,8,WALK,26.7,32.1,7.73736,8.80371,5.4
0.6,box_jump_even,8,RUN,32.1,33.1,8.80371,9.28341,1
0.6,box_jump_even,8,WALK,33.1,38.2,9.28341,10.2964,5.1
0.6,box_jump_even,8,RUN,38.2,40.2,10.2964,11.25,2
0.6,box_jump_even,9,TROT,0,0.6,1,1.33,0.6
0.6,box_jump_even,9,RUN,0.6,2.2,1.33,2.07599,1.6
0.6,box_jump_even,9,WALK,2.2,7.7,2.07599,3.16217,5.5
0.6,box_jump_even,9,RUN,7.7,8.9,3.16217,3.73765,1.2
0.6,box_jump_even,9,WALK,8.9,14.8,3.73765,4.90763,5.9
0.6,box_jump_even,9,RUN,14.8,15.7,4.90763,5.33961,0.9
0.6,box_jump_even,9,WALK,15.7,21.3,5.33961,6.449,5.6
0.6,box_jump_even,9,RUN,21.3,22,6.449,6.78494,0.7
0.6,box_jump_even,9,WALK,22,27.6,6.78494,7.89972,5.6
0.6,box_jump_even,9,RUN,27.6,28.7,7.89972,8.42764,1.1
0.6,box_jump_even,9,WALK,28.7,34.4,8.42764,9.5573,5.7
0.6,box_jump_even,9,RUN,34.4,35.6,9.5573,10.1329,1.2
0.6,box_jump_even,9,WALK,35.6,41.5,10.1329,11.3112,5.9
0.6,box_jump_even,9,RUN,41.5,43.5,11.3112,12.25,2
0.6,box_jump_uneven,0,TROT,0,0.6,1,1.33,0.6
0.6,box_jump_uneven,0,RUN,0.6,3.2,1.33,2.55358,2.6
0.6,box_jump_uneven,0,WALK,3.2,7,2.55358,3.3039,3.8
0.6,box_jump_uneven,0,RUN,7,8.2,3.3039,3.87903,1.2
0.6,box_jump_uneven,0,WALK,8.2,12.1,3.87903,4.64975,3.9
0.6,box_jump_uneven,0,RUN,12.1,14.3,4.64975,5.70569,2.2
0.6,box_jump_uneven,0,WALK,14.3,18.3,5.70569,6.49891,4
0.6,box_jump_uneven,0,RUN,18.3,20.3,6.49891,7.45874,2
0.6,box_jump_uneven,0,WALK,20.3,24.4,7.45874,8.25973,4.1
0.6,box_jump_uneven,0,RUN,24.4,26.5,8.25973,9.26764,2.1
0.6,box_jump_uneven,0,WALK,26.5,30.5,9.26764,10.0528,4
0.6,box_jump_uneven,0,RUN,30.5,32.7,10.0528,11.1088,2.2
0.6,box_jump_uneven,0,WALK,32.7,36.5,11.1088,11.8582,3.8
0.6,box_jump_uneven,0,RUN,36.5,38.5,11.8582,12.8,2
0.6,box_jump_uneven,1,TROT,0,1.8,1,1.93878,1.8
0.6,box_jump_uneven,1,RUN,1.8,2.8,1.93878,2.41745,1
0.6,box_jump_uneven,1,WALK,2.8,6.8,2.41745,3.21548,4
0.6,box_jump_uneven,1,RUN,6.8,8,3.21548,3.79063,1.2
0.6,box_jump_uneven,1,WALK,8,12.1,3.79063,4.59978,4.1
0.6,box_jump_uneven,1,RUN,12.1,13.2,4.59978,5.12705,1.1
0.6,box_jump_uneven,1,WALK,13.2,17.4,5.12705,5.95808,4.2
0.6,box_jump_uneven,1,RUN,17.4,18.7,5.95808,6.58118,1.3
0.6,box_jump_uneven,1,WALK,18.7,22.8,6.58118,7.39962,4.1
0.6,box_jump_uneven,1,RUN,22.8,24.8,7.39962,8.35866,2
0.6,box_jump_uneven,1,WALK,24.8,28.9,8.35866,9.16276,4.1
0.6,box_jump_uneven,1,RUN,28.9,31.1,9.16276,10.215,2.2
0.6,box_jump_uneven,1,WALK,31.1,35.1,10.215,10.9961,4
0.6,box_jump_uneven,1,RUN,35.1,37.1,10.9961,11.95,2
0.6,box_jump_uneven,2,TROT,0,1.8,1,1.93983,1.8
0.6,box_jump_uneven,2,RUN,1.8,3,1.93983,2.51562,1.2
0.6,box_jump_uneven,2,WALK,3,7.5,2.51562,3.40917,4.5
0.6,box_jump_uneven,2,RUN,7.5,9.5,3.40917,4.36917,2
0.6,box_jump_uneven,2,WALK,9.5,14,4.36917,5.24997,4.5
0.6,box_jump_uneven,2,RUN,14,16.3,5.24997,6.35302,2.3
0.6,box_jump_uneven,2,WALK,16.3,20.6,6.35302,7.20326,4.3
0.6,box_jump_uneven,2,RUN,20.6,22.8,7.20326,8.2591,2.2
0.6,box_jump_uneven,2,WALK,22.8,26.8,8.2591,9.05369,4
0.6,box_jump_uneven,2,RUN,26.8,28.1,9.05369,9.67716,1.3
0.6,box_jump_uneven,2,WALK,28.1,32,9.67716,10.4465,3.9
0.6,box_jump_uneven,2,RUN,32,33.3,10.4465,11.0705,1.3
0.6,box_jump_uneven,2,WALK,33.3,37.5,11.0705,11.9032,4.2
0.6,box_jump_uneven,2,RUN,37.5,39.5,11.9032,12.85,2
0.6,box_jump_uneven,3,TROT,0,0.6,1,1.33,0.6
0.6,box_jump_uneven,3,WALK,0.6,3.3,1.33,1.85846,2.7
0.6,box_jump_uneven,3,RUN,3.3,4,1.85846,2.19303,0.7
0.6,box_jump_uneven,3,WALK,4,7.6,2.19303,2.90477,3.6
0.6,box_jump_uneven,3,RUN,7.6,9.7,2.90477,3.91081,2.1
0.6,box_jump_uneven,3,WALK,9.7,14.5,3.91081,4.85874,4.8
0.6,box_jump_uneven,3,RUN,14.5,15.8,4.85874,5.4821,1.3
0.6,box_jump_uneven,3,WALK,15.8,17.4,5.4821,5.79156,1.6
0.6,box_jump_uneven,3,JUMP,17.4,18.2,5.79156,5.79156,0.8
0.6,box_jump_uneven,3,WALK,18.2,21.3,5.79156,6.41155,3.1
0.6,box_jump_uneven,3,RUN,21.3,23.3,6.41155,7.37153,2
0.6,box_jump_uneven,3,WALK,23.3,27.5,7.37153,8.198,4.2
0.6,box_jump_uneven,3,RUN,27.5,29.6,8.198,9.20572,2.1
0.6,box_jump_uneven,3,WALK,29.6,31.2,9.20572,9.51204,1.6
0.6,box_jump_uneven,3,JUMP,31.2,32,9.51204,9.51204,0.8
0.6,box_jump_uneven,3,WALK,32,35,9.51204,10.1117,3
0.6,box_jump_uneven,3,RUN,35,37.2,10.1117,11.167,2.2
0.6,box_jump_uneven,3,WALK,37.2,41.5,11.167,12.013,4.3
0.6,box_jump_uneven,3,RUN,41.5,43.5,12.013,12.95,2
0.6,box_jump_uneven,4,TROT,0,0.6,1,1.33,0.6
0.6,box_jump_uneven,4,WALK,0.6,3.3,1.33,1.85984,2.7
0.6,box_jump_uneven,4,RUN,3.3,4,1.85984,2.19568,0.7
0.6,box_jump_uneven,4,WALK,4,4.8,2.19568,2.35561,0.8
0.6,box_jump_uneven,4,JUMP,4.8,5.6,2.35561,2.35561,0.8
0.6,box_jump_uneven,4,WALK,5.6,8.7,2.35561,2.95576,3.1
0.6,box_jump_uneven,4,RUN,8.7,9.6,2.95576,3.38606,0.9
0.6,box_jump_uneven,4,WALK,9.6,14.5,3.38606,4.35776,4.9
0.6,box_jump_uneven,4,RUN,14.5,16.4,4.35776,5.26833,1.9
0.6,box_jump_uneven,4,WALK,16.4,17.9,5.26833,5.55764,1.5
0.6,box_jump_uneven,4,JUMP,17.9,18.7,5.55764,5.55764,0.8
0.6,box_jump_uneven,4,WALK,18.7,21.7,5.55764,6.15762,3
0.6,box_jump_uneven,4,RUN,21.7,22.6,6.15762,6.58961,0.9
0.6,box_jump_uneven,4,WALK,22.6,27.5,6.58961,7.56167,4.9
0.6,box_jump_uneven,4,RUN,27.5,28.9,7.56167,8.2336,1.4
0.6,box_jump_uneven,4,WALK,28.9,30.8,8.2336,8.6134,1.9
0.6,box_jump_uneven,4,JUMP,30.8,31.6,8.6134,8.6134,0.8
0.6,box_jump_uneven,4,WALK,31.6,34.6,8.6134,9.21321,3
0.6,box_jump_uneven,4,RUN,34.6,36.7,9.21321,10.2209,2.1
0.6,box_jump_uneven,4,WALK,36.7,41.2,10.2209,11.1017,4.5
0.6,box_jump_uneven,4,RUN,41.2,43.2,11.1017,12.05,2
0.6,box_jump_uneven,5,TROT,0,0.6,1,1.33,0.6
0.6,box_jump_uneven,5,WALK,0.6,1.3,1.33,1.47,0.7
0.6,box_jump_uneven,5,JUMP,1.3,2.1,1.47,1.47,0.8
0.6,box_jump_uneven,5,WALK,2.1,4.1,1.47,1.85866,2
0.6,box_jump_uneven,5,RUN,4.1,4.8,1.85866,2.1934,0.7
0.6,box_jump_uneven,5,WALK,4.8,8.9,2.1934,3.00617,4.1
0.6,box_jump_uneven,5,RUN,8.9,9.9,3.00617,3.48417,1
0.6,box_jump_uneven,5,WALK,9.9,14.8,3.48417,4.45051,4.9
0.6,box_jump_uneven,5,RUN,14.8,15.8,4.45051,4.9304,1
0.6,box_jump_uneven,5,WALK,15.8,17.9,4.9304,5.34248,2.1
0.6,box_jump_uneven,5,JUMP,17.9,18.7,5.34248,5.34248,0.8
0.6,box_jump_uneven,5,WALK,18.7,21.8,5.34248,5.96174,3.1
0.6,box_jump_uneven,5,RUN,21.8,23.1,5.96174,6.585,1.3
0.6,box_jump_uneven,5,WALK,23.1,25,6.585,6.95774,1.9
0.6,box_jump_uneven,5,JUMP,25,25.8,6.95774,6.95774,0.8
0.6,box_jump_uneven,5,WALK,25.8,28.8,6.95774,7.55674,3
0.6,box_jump_uneven,5,RUN,28.8,30.8,7.55674,8.51516,2
0.6,box_jump_uneven,5,WALK,30.8,35.6,8.51516,9.465,4.8
0.6,box_jump_uneven,5,RUN,35.6,37.7,9.465,10.4717,2.1
0.6,box_jump_uneven,5,WALK,37.7,42.4,10.4717,11.409,4.7
0.6,box_jump_uneven,5,RUN,42.4,44.4,11.409,12.35,2
0.6,box_jump_uneven,6,TROT,0,0.6,1,1.33,0.6
0.6,box_jump_uneven,6,WALK,0.6,3.3,1.33,1.85893,2.7
0.6,box_jump_uneven,6,RUN,3.3,4,1.85893,2.19394,0.7
0.6,box_jump_uneven,6,WALK,4,8.2,2.19394,3.01416,4.2
0.6,box_jump_uneven,6,RUN,8.2,9.1,3.01416,3.44615,0.9
0.6,box_jump_uneven,6,WALK,9.1,13.9,3.44615,4.40441,4.8
0.6,box_jump_uneven,6,RUN,13.9,15.2,4.40441,5.02776,1.3
0.6,box_jump_uneven,6,WALK,15.2,20.1,5.02776,6.00522,4.9
0.6,box_jump_uneven,6,RUN,20.1,21.2,6.00522,6.5331,1.1
0.6,box_jump_uneven,6,WALK,21.2,23.1,6.5331,6.90758,1.9
0.6,box_jump_uneven,6,JUMP,23.1,23.9,6.90758,6.90758,0.8
0.6,box_jump_uneven,6,WALK,23.9,26.9,6.90758,7.50755,3
0.6,box_jump_uneven,6,RUN,26.9,28.9,7.50755,8.46752,2
0.6,box_jump_uneven,6,WALK,28.9,33.9,8.46752,9.4545,5
0.6,box_jump_uneven,6,RUN,33.9,34.8,9.4545,9.88644,0.9
0.6,box_jump_uneven,6,WALK,34.8,39.7,9.88644,10.8585,4.9
0.6,box_jump_uneven,6,RUN,39.7,41.7,10.8585,11.8,2
0.6,box_jump_uneven,7,TROT,0,0.6,1,1.33,0.6
0.6,box_jump_uneven,7,WALK,0.6,3.3,1.33,1.85991,2.7
0.6,box_jump_uneven,7,RUN,3.3,4,1.85991,2.19583,0.7
0.6,box_jump_uneven,7,WALK,4,9.1,2.19583,3.20106,5.1
0.6,box_jump_uneven,7,RUN,9.1,10.7,3.20106,3.96765,1.6
0.6,box_jump_uneven,7,WALK,10.7,16.2,3.96765,5.04863,5.5
0.6,box_jump_uneven,7,RUN,16.2,18.1,5.04863,5.96063,1.9
0.6,box_jump_uneven,7,WALK,18.1,23.2,5.96063,6.9599,5.1
0.6,box_jump_uneven,7,RUN,23.2,24.9,6.9599,7.77372,1.7
0.6,box_jump_uneven,7,WALK,24.9,29.9,7.77372,8.75253,5
0.6,box_jump_uneven,7,RUN,29.9,30.9,8.75253,9.23087,1
0.6,box_jump_uneven,7,WALK,30.9,36.6,9.23087,10.3581,5.7
0.6,box_jump_uneven,7,RUN,36.6,37.6,10.3581,10.8354,1
0.6,box_jump_uneven,7,WALK,37.6,42.7,10.8354,11.8458,5.1
0.6,box_jump_uneven,7,RUN,42.7,44.7,11.8458,12.8,2
0.6,box_jump_uneven,8,TROT,0,0.6,1,1.33,0.6
0.6,box_jump_uneven,8,WALK,0.6,3.3,1.33,1.85948,2.7
0.6,box_jump_uneven,8,RUN,3.3,4.5,1.85948,2.43465,1.2
0.6,box_jump_uneven,8,WALK,4.5,10.4,2.43465,3.59753,5.9
0.6,box_jump_uneven,8,RUN,10.4,11.3,3.59753,4.02943,0.9
0.6,box_jump_uneven,8,WALK,11.3,16.4,4.02943,5.04687,5.1
0.6,box_jump_uneven,8,RUN,16.4,18.1,5.04687,5.86279,1.7
0.6,box_jump_uneven,8,WALK,18.1,23.6,5.86279,6.9527,5.5
0.6,box_jump_uneven,8,RUN,23.6,24.9,6.9527,7.57634,1.3
0.6,box_jump_uneven,8,WALK,24.9,30.8,7.57634,8.75421,5.9
0.6,box_jump_uneven,8,RUN,30.8,31.5,8.75421,9.09017,0.7
0.6,box_jump_uneven,8,WALK,31.5,37.1,9.09017,10.2005,5.6
0.6,box_jump_uneven,8,RUN,37.1,38.8,10.2005,11.0151,1.7
0.6,box_jump_uneven,8,WALK,38.8,43.5,11.0151,11.9502,4.7
0.6,box_jump_uneven,8,RUN,43.5,45.5,11.9502,12.9,2
0.6,box_jump_uneven,9,TROT,0,0.6,1,1.33,0.6
0.6,box_jump_uneven,9,WALK,0.6,3.3,1.33,1.85965,2.7
0.6,box_jump_uneven,9,RUN,3.3,4.3,1.85965,2.33918,1
0.6,box_jump_uneven,9,WALK,4.3,10.2,2.33918,3.50626,5.9
0.6,box_jump_uneven,9,RUN,10.2,11.4,3.50626,4.08218,1.2
0.6,box_jump_uneven,9,WALK,11.4,16.8,4.08218,5.15594,5.4
0.6,box_jump_uneven,9,RUN,16.8,18.1,5.15594,5.77983,1.3
0.6,box_jump_uneven,9,WALK,18.1,23.2,5.77983,6.79621,5.1
0.6,box_jump_uneven,9,RUN,23.2,24.4,6.79621,7.37204,1.2
0.6,box_jump_uneven,9,WALK,24.4,30.4,7.37204,8.55646,6
0.6,box_jump_uneven,9,RUN,30.4,31.2,8.55646,8.94004,0.8
0.6,box_jump_uneven,9,WALK,31.2,37.1,8.94004,10.1138,5.9
0.6,box_jump_uneven,9,RUN,37.1,38.6,10.1138,10.8337,1.5
0.6,box_jump_uneven,9,WALK,38.6,44.8,10.8337,12.0535,6.2
0.6,box_jump_uneven,9,RUN,44.8,46.8,12.0535,13,2
0.6,flat_circle_jump,0,TROT,0,0.6,1,1.33,0.6
0.6,flat_circle_jump,0,WALK,0.6,1.3,1.33,1.47,0.7
0.6,flat_circle_jump,0,JUMP,1.3,2.1,1.47,1.47,0.8
0.6,flat_circle_jump,0,WALK,2.1,4.1,1.47,1.85638,2
0.6,flat_circle_jump,0,RUN,4.1,5.9,1.85638,2.69321,1.8
0.6,flat_circle_jump,0,TROT,5.9,7.7,2.69321,3.66334,1.8
0.6,flat_circle_jump,0,RUN,7.7,8.4,3.66334,3.99596,0.7
0.6,flat_circle_jump,0,TROT,8.4,11.4,3.99596,5.57453,3
0.6,flat_circle_jump,0,RUN,11.4,12.1,5.57453,5.90995,0.7
0.6,flat_circle_jump,0,WALK,12.1,16.4,5.90995,6.74948,4.3
0.6,flat_circle_jump,0,RUN,16.4,17.1,6.74948,7.08519,0.7
0.6,flat_circle_jump,0,WALK,17.1,20.8,7.08519,7.80738,3.7
0.6,flat_circle_jump,0,RUN,20.8,22.8,7.80738,8.75,2
0.6,flat_circle_jump,1,TROT,0,0.6,1,1.33,0.6
0.6,flat_circle_jump,1,WALK,0.6,3.3,1.33,1.85602,2.7
0.6,flat_circle_jump,1,RUN,3.3,4.1,1.85602,2.23577,0.8
0.6,flat_circle_jump,1,WALK,4.1,6.1,2.23577,2.61767,2
0.6,flat_circle_jump,1,RUN,6.1,7.4,2.61767,3.22955,1.3
0.6,flat_circle_jump,1,TROT,7.4,9,3.22955,4.06498,1.6
0.6,flat_circle_jump,1,RUN,9,10.8,4.06498,4.88542,1.8
0.6,flat_circle_jump,1,WALK,10.8,15.7,4.88542,5.85841,4.9
0.6,flat_circle_jump,1,RUN,15.7,16.4,5.85841,6.19325,0.7
0.6,flat_circle_jump,1,WALK,16.4,20.8,6.19325,7.05793,4.4
0.6,flat_circle_jump,1,RUN,20.8,21.5,7.05793,7.39241,0.7
0.6,flat_circle_jump,1,WALK,21.5,26.3,7.39241,8.34872,4.8
0.6,flat_circle_jump,1,RUN,26.3,28.3,8.34872,9.3,2
0.6,flat_circle_jump,2,TROT,0,0.6,1,1.33,0.6
0.6,flat_circle_jump,2,WALK,0.6,5.3,1.33,2.25948,4.7
0.6,flat_circle_jump,2,RUN,5.3,6,2.25948,2.59525,0.7
0.6,flat_circle_jump,2,WALK,6,14,2.59525,4.16608,8
0.6,flat_circle_jump,2,RUN,14,14.7,4.16608,4.49797,0.7
0.6,flat_circle_jump,2,WALK,14.7,19.1,4.49797,5.35172,4.4
0.6,flat_circle_jump,2,RUN,19.1,19.8,5.35172,5.68275,0.7
0.6,flat_circle_jump,2,WALK,19.8,24.5,5.68275,6.6053,4.7
0.6,flat_circle_jump,2,RUN,24.5,25.2,6.6053,6.93891,0.7
0.6,flat_circle_jump,2,WALK,25.2,28.7,6.93891,7.61258,3.5
0.6,flat_circle_jump,2,RUN,28.7,29.7,7.61258,8.0841,1
0.6,flat_circle_jump,2,WALK,29.7,34.4,8.0841,9.00869,4.7
0.6,flat_circle_jump,2,RUN,34.4,36.4,9.00869,9.95,2
0.6,flat_circle_jump,3,TROT,0,0.6,1,1.33,0.6
0.6,flat_circle_jump,3,WALK,0.6,1.3,1.33,1.47,0.7
0.6,flat_circle_jump,3,JUMP,1.3,2.1,1.47,1.47,0.8
0.6,flat_circle_jump,3,WALK,2.1,5.1,1.47,2.06,3
0.6,flat_circle_jump,3,RUN,5.1,5.8,2.06,2.396,0.7
0.6,flat_circle_jump,3,WALK,5.8,10.2,2.396,3.25967,4.4
0.6,flat_circle_jump,3,RUN,10.2,13.7,3.25967,4.90561,3.5
0.6,flat_circle_jump,3,WALK,13.7,18.6,4.90561,5.86221,4.9
0.6,flat_circle_jump,3,RUN,18.6,21,5.86221,6.97469,2.4
0.6,flat_circle_jump,3,WALK,21,27,6.97469,8.16,6
0.6,flat_circle_jump,3,RUN,27,27.7,8.16,8.496,0.7
0.6,flat_circle_jump,3,WALK,27.7,32.5,8.496,9.44872,4.8
0.6,flat_circle_jump,3,RUN,32.5,34.5,9.44872,10.4,2
0.6,flat_circle_jump,4,TROT,0,0.6,1,1.33,0.6
0.6,flat_circle_jump,4,WALK,0.6,1.3,1.33,1.47,0.7
0.6,flat_circle_jump,4,JUMP,1.3,2.1,1.47,1.47,0.8
0.6,flat_circle_jump,4,WALK,2.1,4.8,1.47,1.99968,2.7
0.6,flat_circle_jump,4,RUN,4.8,5.6,1.99968,2.38344,0.8
0.6,flat_circle_jump,4,WALK,5.6,10.5,2.38344,3.35953,4.9
0.6,flat_circle_jump,4,RUN,10.5,11.2,3.35953,3.69518,0.7
0.6,flat_circle_jump,4,WALK,11.2,15.8,3.69518,4.59793,4.6
0.6,flat_circle_jump,4,RUN,15.8,16.5,4.59793,4.93277,0.7
0.6,flat_circle_jump,4,WALK,16.5,20.7,4.93277,5.76,4.2
0.6,flat_circle_jump,4,RUN,20.7,21.4,5.76,6.096,0.7
0.6,flat_circle_jump,4,WALK,21.4,27.7,6.096,7.34805,6.3
0.6,flat_circle_jump,4,RUN,27.7,29.7,7.34805,8.286,2
0.6,flat_circle_jump,4,WALK,29.7,37.1,8.286,9.74869,7.4
0.6,flat_circle_jump,4,RUN,37.1,39.1,9.74869,10.7,2
0.6,flat_circle_jump,5,TROT,0,0.6,1,1.33,0.6
0.6,flat_circle_jump,5,WALK,0.6,4.5,1.33,2.09967,3.9
0.6,flat_circle_jump,5,RUN,4.5,5.9,2.09967,2.77129,1.4
0.6,flat_circle_jump,5,WALK,5.9,9.1,2.77129,3.39891,3.2
0.6,flat_circle_jump,5,RUN,9.1,10.5,3.39891,4.06907,1.4
0.6,flat_circle_jump,5,WALK,10.5,15.3,4.06907,5.0053,4.8
0.6,flat_circle_jump,5,RUN,15.3,16,5.0053,5.33891,0.7
0.6,flat_circle_jump,5,WALK,16,21.2,5.33891,6.35535,5.2
0.6,flat_circle_jump,5,RUN,21.2,21.9,6.35535,6.6893,0.7
0.6,flat_circle_jump,5,WALK,21.9,26.8,6.6893,7.64694,4.9
0.6,flat_circle_jump,5,RUN,26.8,30.7,7.64694,9.51,3.9
0.6,flat_circle_jump,5,WALK,30.7,36.8,9.51,10.7047,6.1
0.6,flat_circle_jump,5,RUN,36.8,38.8,10.7047,11.65,2
0.6,flat_circle_jump,6,TROT,0,0.6,1,1.33,0.6
0.6,flat_circle_jump,6,WALK,0.6,5.8,1.33,2.3581,5.2
0.6,flat_circle_jump,6,RUN,5.8,6.5,2.3581,2.69335,0.7
0.6,flat_circle_jump,6,WALK,6.5,12.1,2.69335,3.79965,5.6
0.6,flat_circle_jump,6,RUN,12.1,13.5,3.79965,4.47136,1.4
0.6,flat_circle_jump,6,WALK,13.5,18.3,4.47136,5.41137,4.8
0.6,flat_circle_jump,6,RUN,18.3,19.5,5.41137,5.98046,1.2
0.6,flat_circle_jump,6,TROT,19.5,20.2,5.98046,6.35374,0.7
0.6,flat_circle_jump,6,WALK,20.2,21.8,6.35374,6.66644,1.6
0.6,flat_circle_jump,6,RUN,21.8,23,6.66644,7.22929,1.2
0.6,flat_circle_jump,6,WALK,23,28.2,7.22929,8.24965,5.2
0.6,flat_circle_jump,6,RUN,28.2,29.2,8.24965,8.72945,1
0.6,flat_circle_jump,6,WALK,29.2,33.2,8.72945,9.50966,4
0.6,flat_circle_jump,6,RUN,33.2,34.4,9.50966,10.0851,1.2
0.6,flat_circle_jump,6,WALK,34.4,40.8,10.0851,11.3597,6.4
0.6,flat_circle_jump,6,RUN,40.8,42.8,11.3597,12.3,2
0.6,flat_circle_jump,7,TROT,0,0.6,1,1.33,0.6
0.6,flat_circle_jump,7,WALK,0.6,7.6,1.33,2.70901,7
0.6,flat_circle_jump,7,RUN,7.6,8.3,2.70901,3.04198,0.7
0.6,flat_circle_jump,7,WALK,8.3,14.9,3.04198,4.34951,6.6
0.6,flat_circle_jump,7,RUN,14.9,15.6,4.34951,4.68535,0.7
0.6,flat_circle_jump,7,WALK,15.6,20.9,4.68535,5.71143,5.3
0.6,flat_circle_jump,7,RUN,20.9,21.6,5.71143,6.03942,0.7
0.6,flat_circle_jump,7,WALK,21.6,26.5,6.03942,6.99966,4.9
0.6,flat_circle_jump,7,RUN,26.5,27.9,6.99966,7.67133,1.4
0.6,flat_circle_jump,7,WALK,27.9,32.7,7.67133,8.6156,4.8
0.6,flat_circle_jump,7,RUN,32.7,33.4,8.6156,8.94954,0.7
0.6,flat_circle_jump,7,WALK,33.4,38.8,8.94954,10.0071,5.4
0.6,flat_circle_jump,7,RUN,38.8,40.4,10.0071,10.7721,1.6
0.6,flat_circle_jump,7,WALK,40.4,46.1,10.7721,11.9097,5.7
0.6,flat_circle_jump,7,RUN,46.1,48.1,11.9097,12.85,2
0.6,flat_circle_jump,8,TROT,0,0.6,1,1.33,0.6
0.6,flat_circle_jump,8,WALK,0.6,7.6,1.33,2.7034,7
0.6,flat_circle_jump,8,RUN,7.6,8.3,2.7034,3.03483,0.7
0.6,flat_circle_jump,8,WALK,8.3,15.3,3.03483,4.40296,7
0.6,flat_circle_jump,8,RUN,15.3,16,4.40296,4.73384,0.7
0.6,flat_circle_jump,8,WALK,16,16.9,4.73384,4.91111,0.9
0.6,flat_circle_jump,8,JUMP,16.9,17.7,4.91111,4.91111,0.8
0.6,flat_circle_jump,8,WALK,17.7,22.5,4.91111,5.85193,4.8
0.6,flat_circle_jump,8,RUN,22.5,23.2,5.85193,6.18478,0.7
0.6,flat_circle_jump,8,WALK,23.2,27.6,6.18478,7.05,4.4
0.6,flat_circle_jump,8,RUN,27.6,29.2,7.05,7.818,1.6
0.6,flat_circle_jump,8,WALK,29.2,42.6,7.818,10.45,13.4
0.6,flat_circle_jump,8,RUN,42.6,44,10.45,11.122,1.4
0.6,flat_circle_jump,8,WALK,44,49.5,11.122,12.21,5.5
0.6,flat_circle_jump,8,RUN,49.5,51.5,12.21,13.15,2
0.6,flat_circle_jump,9,TROT,0,0.6,1,1.33,0.6
0.6,flat_circle_jump,9,WALK,0.6,7.5,1.33,2.69966,6.9
0.6,flat_circle_jump,9,RUN,7.5,8.9,2.69966,3.37147,1.4
0.6,flat_circle_jump,9,WALK,8.9,13.6,3.37147,4.29713,4.7
0.6,flat_circle_jump,9,RUN,13.6,15.2,4.29713,5.06197,1.6
0.6,flat_circle_jump,9,WALK,15.2,18.7,5.06197,5.74968,3.5
0.6,flat_circle_jump,9,RUN,18.7,20.1,5.74968,6.42125,1.4
0.6,flat_circle_jump,9,WALK,20.1,25.1,6.42125,7.40965,5
0.6,flat_circle_jump,9,RUN,25.1,26.4,7.40965,8.03336,1.3
0.6,flat_circle_jump,9,WALK,26.4,41.3,8.03336,10.9473,14.9
0.6,flat_circle_jump,9,RUN,41.3,42,10.9473,11.2777,0.7
0.6,flat_circle_jump,9,WALK,42,50,11.2777,12.8648,8
0.6,flat_circle_jump,9,RUN,50,52,12.8648,13.8,2
0.6,bump_jump,0,TROT,0,0.6,1,1.33,0.6
0.6,bump_jump,0,WALK,0.6,43.6,1.33,9.80967,43
0.6,bump_jump,0,RUN,43.6,45.6,9.80967,10.75,2
0.6,bump_jump,1,TROT,0,0.6,1,1.33,0.6
0.6,bump_jump,1,WALK,0.6,45.2,1.33,10.1,44.6
0.6,bump_jump,1,RUN,45.2,47.2,10.1,11.05,2
0.6,bump_jump,2,TROT,0,0.6,1,1.33,0.6
0.6,bump_jump,2,WALK,0.6,44.4,1.33,9.9987,43.8
0.6,bump_jump,2,RUN,44.4,46.4,9.9987,10.95,2
0.6,bump_jump,3,TROT,0,0.6,1,1.33,0.6
0.6,bump_jump,3,WALK,0.6,46.4,1.33,10.36,45.8
0.6,bump_jump,3,RUN,46.4,48.4,10.36,11.3,2
0.6,bump_jump,4,TROT,0,0.6,1,1.33,0.6
0.6,bump_jump,4,WALK,0.6,46.1,1.33,10.2997,45.5
0.6,bump_jump,4,RUN,46.1,48.1,10.2997,11.25,2
0.6,bump_jump,5,TROT,0,0.6,1,1.33,0.6
0.6,bump_jump,5,WALK,0.6,47.2,1.33,10.55,46.6
0.6,bump_jump,5,RUN,47.2,49.2,10.55,11.5,2
0.6,bump_jump,6,TROT,0,0.6,1,1.33,0.6
0.6,bump_jump,6,WALK,0.6,47.3,1.33,10.5117,46.7
0.6,bump_jump,6,RUN,47.3,49.3,10.5117,11.45,2
0.6,bump_jump,7,TROT,0,0.6,1,1.33,0.6
0.6,bump_jump,7,WALK,0.6,48.9,1.33,10.907,48.3
0.6,bump_jump,7,RUN,48.9,50.9,10.907,11.85,2
0.6,bump_jump,8,TROT,0,0.6,1,1.33,0.6
0.6,bump_jump,8,WALK,0.6,49.4,1.33,10.9147,48.8
0.6,bump_jump,8,RUN,49.4,51.4,10.9147,11.85,2
0.6,bump_jump,9,TROT,0,0.6,1,1.33,0.6
0.6,bump_jump,9,WALK,0.6,49.4,1.33,10.9547,48.8
0.6,bump_jump,9,RUN,49.4,51.4,10.9547,11.9,2
0.6,sideways_ramp,0,TROT,0,0.6,1,1.33,0.6
0.6,sideways_ramp,0,WALK,0.6,3.6,1.33,1.87219,3
0.6,sideways_ramp,0,RUN,3.6,4.4,1.87219,2.21247,0.8
0.6,sideways_ramp,0,WALK,4.4,7.8,2.21247,2.83363,3.4
0.6,sideways_ramp,0,RUN,7.8,9.2,2.83363,3.46776,1.4
0.6,sideways_ramp,0,WALK,9.2,12.5,3.46776,4.09818,3.3
0.6,sideways_ramp,0,RUN,12.5,13.9,4.09818,4.76819,1.4
0.6,sideways_ramp,0,WALK,13.9,17.5,4.76819,5.43604,3.6
0.6,sideways_ramp,0,RUN,17.5,19.1,5.43604,6.13332,1.6
0.6,sideways_ramp,0,WALK,19.1,22.5,6.13332,6.7352,3.4
0.6,sideways_ramp,0,RUN,22.5,24.1,6.7352,7.43167,1.6
0.6,sideways_ramp,0,WALK,24.1,27.4,7.43167,8.03967,3.3
0.6,sideways_ramp,0,RUN,27.4,29,8.03967,8.75932,1.6
0.6,sideways_ramp,0,WALK,29,32.4,8.75932,9.38589,3.4
0.6,sideways_ramp,0,RUN,32.4,34.5,9.38589,10.3,2.1
0.6,sideways_ramp,1,TROT,0,0.6,1,1.33,0.6
0.6,sideways_ramp,1,WALK,0.6,3.3,1.33,1.86,2.7
0.6,sideways_ramp,1,RUN,3.3,4,1.86,2.196,0.7
0.6,sideways_ramp,1,WALK,4,7.5,2.196,2.84603,3.5
0.6,sideways_ramp,1,RUN,7.5,9.1,2.84603,3.54401,1.6
0.6,sideways_ramp,1,WALK,9.1,12.6,3.54401,4.21199,3.5
0.6,sideways_ramp,1,RUN,12.6,13.7,4.21199,4.73849,1.1
0.6,sideways_ramp,1,WALK,13.7,17.5,4.73849,5.4801,3.8
0.6,sideways_ramp,1,RUN,17.5,19,5.4801,6.17031,1.5
0.6,sideways_ramp,1,WALK,19,22.6,6.17031,6.86404,3.6
0.6,sideways_ramp,1,RUN,22.6,23.7,6.86404,7.39166,1.1
0.6,sideways_ramp,1,WALK,23.7,27.5,7.39166,8.12848,3.8
0.6,sideways_ramp,1,RUN,27.5,28.7,8.12848,8.67699,1.2
0.6,sideways_ramp,1,WALK,28.7,32.4,8.67699,9.37361,3.7
0.6,sideways_ramp,1,RUN,32.4,34.5,9.37361,10.3,2.1
0.6,sideways_ramp,2,TROT,0,0.6,1,1.33,0.6
0.6,sideways_ramp,2,WALK,0.6,1.3,1.33,1.47,0.7
0.6,sideways_ramp,2,JUMP,1.3,2.1,1.47,1.47,0.8
0.6,sideways_ramp,2,WALK,2.1,4.1,1.47,1.85947,2
0.6,sideways_ramp,2,RUN,4.1,4.8,1.85947,2.19497,0.7
0.6,sideways_ramp,2,WALK,4.8,23.3,2.19497,5.63029,18.5
0.6,sideways_ramp,2,RUN,23.3,24.5,5.63029,6.16222,1.2
0.6,sideways_ramp,2,WALK,24.5,28.5,6.16222,6.89086,4
0.6,sideways_ramp,2,RUN,28.5,29.8,6.89086,7.45661,1.3
0.6,sideways_ramp,2,WALK,29.8,30.9,7.45661,7.65608,1.1
0.6,sideways_ramp,2,JUMP,30.9,31.7,7.65608,7.65608,0.8
0.6,sideways_ramp,2,WALK,31.7,34.3,7.65608,8.16485,2.6
0.6,sideways_ramp,2,RUN,34.3,35.3,8.16485,8.64448,1
0.6,sideways_ramp,2,WALK,35.3,39.1,8.64448,9.39717,3.8
0.6,sideways_ramp,2,RUN,39.1,41.1,9.39717,10.35,2
0.6,sideways_ramp,3,TROT,0,0.6,1,1.33,0.6
0.6,sideways_ramp,3,WALK,0.6,3.3,1.33,1.85783,2.7
0.6,sideways_ramp,3,RUN,3.3,4,1.85783,2.19181,0.7
0.6,sideways_ramp,3,WALK,4,8.6,2.19181,3.07751,4.6
0.6,sideways_ramp,3,RUN,8.6,9.4,3.07751,3.44532,0.8
0.6,sideways_ramp,3,WALK,9.4,13.6,3.44532,4.23247,4.2
0.6,sideways_ramp,3,RUN,13.6,14.7,4.23247,4.732,1.1
0.6,sideways_ramp,3,WALK,14.7,25.9,4.732,6.86658,11.2
0.6,sideways_ramp,3,RUN,25.9,27.2,6.86658,7.48696,1.3
0.6,sideways_ramp,3,WALK,27.2,31.3,7.48696,8.29679,4.1
0.6,sideways_ramp,3,RUN,31.3,32.7,8.29679,8.9684,1.4
0.6,sideways_ramp,3,WALK,32.7,37,8.9684,9.78875,4.3
0.6,sideways_ramp,3,RUN,37,39.1,9.78875,10.7,2.1
0.6,sideways_ramp,4,TROT,0,0.6,1,1.33,0.6
0.6,sideways_ramp,4,WALK,0.6,1.3,1.33,1.47,0.7
0.6,sideways_ramp,4,JUMP,1.3,2.1,1.47,1.47,0.8
0.6,sideways_ramp,4,WALK,2.1,4.1,1.47,1.86,2
0.6,sideways_ramp,4,RUN,4.1,4.8,1.86,2.196,0.7
0.6,sideways_ramp,4,WALK,4.8,8.4,2.196,2.90443,3.6
0.6,sideways_ramp,4,RUN,8.4,9.3,2.90443,3.33613,0.9
0.6,sideways_ramp,4,WALK,9.3,13.9,3.33613,4.21775,4.6
0.6,sideways_ramp,4,RUN,13.9,14.6,4.21775,4.53966,0.7
0.6,sideways_ramp,4,TROT,14.6,15.3,4.53966,4.90851,0.7
0.6,sideways_ramp,4,WALK,15.3,18.9,4.90851,5.61295,3.6
0.6,sideways_ramp,4,RUN,18.9,19.9,5.61295,6.09014,1
0.6,sideways_ramp,4,WALK,19.9,21.3,6.09014,6.3685,1.4
0.6,sideways_ramp,4,JUMP,21.3,22.1,6.3685,6.3685,0.8
0.6,sideways_ramp,4,WALK,22.1,25.1,6.3685,6.95588,3
0.6,sideways_ramp,4,RUN,25.1,26,6.95588,7.38788,0.9
0.6,sideways_ramp,4,WALK,26,30.4,7.38788,8.26088,4.4
0.6,sideways_ramp,4,RUN,30.4,31.3,8.26088,8.69288,0.9
0.6,sideways_ramp,4,WALK,31.3,36.1,8.69288,9.59373,4.8
0.6,sideways_ramp,4,RUN,36.1,38.2,9.59373,10.5,2.1
0.6,sideways_ramp,5,TROT,0,0.6,1,1.33,0.6
0.6,sideways_ramp,5,WALK,0.6,5.7,1.33,2.20571,5.1
0.6,sideways_ramp,5,TROT,5.7,6.4,2.20571,2.53937,0.7
0.6,sideways_ramp,5,WALK,6.4,8.7,2.53937,2.99937,2.3
0.6,sideways_ramp,5,RUN,8.7,9.6,2.99937,3.43137,0.9
0.6,sideways_ramp,5,WALK,9.6,11.2,3.43137,3.75137,1.6
0.6,sideways_ramp,5,JUMP,11.2,12,3.75137,3.75137,0.8
0.6,sideways_ramp,5,WALK,12,15.1,3.75137,4.35268,3.1
0.6,sideways_ramp,5,RUN,15.1,16,4.35268,4.78438,0.9
0.6,sideways_ramp,5,WALK,16,20.6,4.78438,5.70377,4.6
0.6,sideways_ramp,5,RUN,20.6,21.4,5.70377,6.08777,0.8
0.6,sideways_ramp,5,WALK,21.4,30.7,6.08777,7.85779,9.3
0.6,sideways_ramp,5,JUMP,30.7,31.5,7.85779,7.85779,0.8
0.6,sideways_ramp,5,WALK,31.5,34.3,7.85779,8.40051,2.8
0.6,sideways_ramp,5,RUN,34.3,35.1,8.40051,8.78212,0.8
0.6,sideways_ramp,5,WALK,35.1,39.8,8.78212,9.70275,4.7
0.6,sideways_ramp,5,RUN,39.8,41.8,9.70275,10.65,2
0.6,sideways_ramp,6,TROT,0,0.6,1,1.33,0.6
0.6,sideways_ramp,6,WALK,0.6,3.3,1.33,1.8578,2.7
0.6,sideways_ramp,6,RUN,3.3,4,1.8578,2.19175,0.7
0.6,sideways_ramp,6,WALK,4,8.3,2.19175,3.0165,4.3
0.6,sideways_ramp,6,RUN,8.3,9.2,3.0165,3.43235,0.9
0.6,sideways_ramp,6,WALK,9.2,14.3,3.43235,4.38689,5.1
0.6,sideways_ramp,6,TROT,14.3,15.3,4.38689,4.90483,1
0.6,sideways_ramp,6,WALK,15.3,19.9,4.90483,5.79998,4.6
0.6,sideways_ramp,6,RUN,19.9,20.8,5.79998,6.23089,0.9
0.6,sideways_ramp,6,WALK,20.8,25.7,6.23089,7.20534,4.9
0.6,sideways_ramp,6,RUN,25.7,26.7,7.20534,7.68505,1
0.6,sideways_ramp,6,WALK,26.7,31.6,7.68505,8.64787,4.9
0.6,sideways_ramp,6,RUN,31.6,32.6,8.64787,9.12758,1
0.6,sideways_ramp,6,WALK,32.6,37.5,9.12758,10.1073,4.9
0.6,sideways_ramp,6,RUN,37.5,39.5,10.1073,11.05,2
0.6,sideways_ramp,7,TROT,0,0.6,1,1.33,0.6
0.6,sideways_ramp,7,RUN,0.6,1.6,1.33,1.75295,1
0.6,sideways_ramp,7,WALK,1.6,2.7,1.75295,1.94618,1.1
0.6,sideways_ramp,7,RUN,2.7,3.4,1.94618,2.24129,0.7
0.6,sideways_ramp,7,WALK,3.4,7,2.24129,2.91865,3.6
0.6,sideways_ramp,7,TROT,7,8,2.91865,3.44378,1
0.6,sideways_ramp,7,WALK,8,13,3.44378,4.41193,5
0.6,sideways_ramp,7,RUN,13,13.9,4.41193,4.84393,0.9
0.6,sideways_ramp,7,WALK,13.9,27.1,4.84393,7.36171,13.2
0.6,sideways_ramp,7,RUN,27.1,28,7.36171,7.78185,0.9
0.6,sideways_ramp,7,WALK,28,33,7.78185,8.75977,5
0.6,sideways_ramp,7,RUN,33,33.8,8.75977,9.14161,0.8
0.6,sideways_ramp,7,WALK,33.8,38.9,9.14161,10.1529,5.1
0.6,sideways_ramp,7,RUN,38.9,40.9,10.1529,11.1,2
0.6,sideways_ramp,8,TROT,0,0.6,1,1.33,0.6
0.6,sideways_ramp,8,WALK,0.6,8.5,1.33,2.89625,7.9
0.6,sideways_ramp,8,RUN,8.5,9.2,2.89625,3.23136,0.7
0.6,sideways_ramp,8,WALK,9.2,14.9,3.23136,4.32733,5.7
0.6,sideways_ramp,8,TROT,14.9,15.7,4.32733,4.74268,0.8
0.6,sideways_ramp,8,WALK,15.7,20.9,4.74268,5.75557,5.2
0.6,sideways_ramp,8,RUN,20.9,21.7,5.75557,6.13957,0.8
0.6,sideways_ramp,8,WALK,21.7,27.1,6.13957,7.20749,5.4
0.6,sideways_ramp,8,RUN,27.1,27.9,7.20749,7.59149,0.8
0.6,sideways_ramp,8,WALK,27.9,33.3,7.59149,8.65913,5.4
0.6,sideways_ramp,8,RUN,33.3,34,8.65913,8.9943,0.7
0.6,sideways_ramp,8,WALK,34,39.4,8.9943,10.0266,5.4
0.6,sideways_ramp,8,RUN,39.4,41.5,10.0266,10.95,2.1
0.6,sideways_ramp,9,TROT,0,0.6,1,1.33,0.6
0.6,sideways_ramp,9,WALK,0.6,3.3,1.33,1.85941,2.7
0.6,sideways_ramp,9,RUN,3.3,4,1.85941,2.19486,0.7
0.6,sideways_ramp,9,WALK,4,8.5,2.19486,3.06764,4.5
0.6,sideways_ramp,9,RUN,8.5,9.3,3.06764,3.43816,0.8
0.6,sideways_ramp,9,WALK,9.3,14.7,3.43816,4.50259,5.4
0.6,sideways_ramp,9,RUN,14.7,15.4,4.50259,4.83859,0.7
0.6,sideways_ramp,9,WALK,15.4,20.6,4.83859,5.85704,5.2
0.6,sideways_ramp,9,RUN,20.6,21.3,5.85704,6.19102,0.7
0.6,sideways_ramp,9,WALK,21.3,23.7,6.19102,6.66283,2.4
0.6,sideways_ramp,9,JUMP,23.7,24.5,6.66283,6.66283,0.8
0.6,sideways_ramp,9,WALK,24.5,27.5,6.66283,7.25966,3
0.6,sideways_ramp,9,RUN,27.5,28.3,7.25966,7.64163,0.8
0.6,sideways_ramp,9,WALK,28.3,41.6,7.64163,10.2237,13.3
0.6,sideways_ramp,9,RUN,41.6,43.7,10.2237,11.15,2.1
0.6,stepping_stones_cylinder,0,TROT,0,0.6,1,1.33,0.6
0.6,stepping_stones_cylinder,0,RUN,0.6,11.8,1.33,6.45,11.2
0.6,stepping_stones_cylinder,1,TROT,0,0.6,1,1.33,0.6
0.6,stepping_stones_cylinder,1,WALK,0.6,3.6,1.33,1.9109,3
0.6,stepping_stones_cylinder,1,RUN,3.6,13.3,1.9109,6.35,9.7
0.6,stepping_stones_cylinder,2,TROT,0,0.6,1,1.33,0.6
0.6,stepping_stones_cylinder,2,WALK,0.6,3.6,1.33,1.91111,3
0.6,stepping_stones_cylinder,2,RUN,3.6,5.1,1.91111,2.588,1.5
0.6,stepping_stones_cylinder,2,WALK,5.1,6.9,2.588,2.94,1.8
0.6,stepping_stones_cylinder,2,RUN,6.9,13.9,2.94,6.15,7
0.6,stepping_stones_cylinder,3,TROT,0,0.6,1,1.33,0.6
0.6,stepping_stones_cylinder,3,WALK,0.6,3.6,1.33,1.91237,3
0.6,stepping_stones_cylinder,3,RUN,3.6,5.1,1.91237,2.588,1.5
0.6,stepping_stones_cylinder,3,WALK,5.1,14.8,2.588,4.49,9.7
0.6,stepping_stones_cylinder,3,RUN,14.8,17.7,4.49,5.85,2.9
0.6,stepping_stones_cylinder,4,TROT,0,0.6,1,1.33,0.6
0.6,stepping_stones_cylinder,4,WALK,0.6,18.5,1.33,4.85,17.9
0.6,stepping_stones_cylinder,4,RUN,18.5,20.6,4.85,5.8,2.1
0.6,stepping_stones_cylinder,5,TROT,0,0.6,1,1.33,0.6
0.6,stepping_stones_cylinder,5,WALK,0.6,9.9,1.33,3.16,9.3
0.6,stepping_stones_cylinder,5,RUN,9.9,10.6,3.16,3.496,0.7
0.6,stepping_stones_cylinder,5,WALK,10.6,15.3,3.496,4.41,4.7
0.6,stepping_stones_cylinder,5,RUN,15.3,16,4.41,4.746,0.7
0.6,stepping_stones_cylinder,5,WALK,16,20.4,4.746,5.60736,4.4
0.6,stepping_stones_cylinder,5,RUN,20.4,21.8,5.60736,6.25,1.4
0.6,stepping_stones_cylinder,6,TROT,0,0.6,1,1.33,0.6
0.6,stepping_stones_cylinder,6,WALK,0.6,21,1.33,5.34814,20.4
0.6,stepping_stones_cylinder,6,RUN,21,22.4,5.34814,6,1.4
0.6,stepping_stones_cylinder,7,TROT,0,0.6,1,1.33,0.6
0.6,stepping_stones_cylinder,7,WALK,0.6,20,1.33,5.14852,19.4
0.6,stepping_stones_cylinder,7,RUN,20,21.4,5.14852,5.8,1.4
0.6,stepping_stones_cylinder,8,TROT,0,0.6,1,1.33,0.6
0.6,stepping_stones_cylinder,8,WALK,0.6,19.3,1.33,5.00908,18.7
0.6,stepping_stones_cylinder,8,RUN,19.3,20.8,5.00908,5.7,1.5
0.6,stepping_stones_cylinder,9,TROT,0,0.6,1,1.33,0.6
0.6,stepping_stones_cylinder,9,WALK,0.6,19.8,1.33,5.09952,19.2
0.6,stepping_stones_cylinder,9,RUN,19.8,21.3,5.09952,5.8,1.5
0.6,stepping_stones_randomly_arranged,0,TROT,0,0.6,1,1.33,0.6
0.6,stepping_stones_randomly_arranged,0,RUN,0.6,11.6,1.33,6.4,11
0.6,stepping_stones_randomly_arranged,1,TROT,0,0.6,1,1.33,0.6
0.6,stepping_stones_randomly_arranged,1,RUN,0.6,11,1.33,6.1,10.4
0.6,stepping_stones_randomly_arranged,2,TROT,0,0.6,1,1.33,0.6
0.6,stepping_stones_randomly_arranged,2,RUN,0.6,11,1.33,6.1,10.4
0.6,stepping_stones_randomly_arranged,3,TROT,0,0.6,1,1.33,0.6
0.6,stepping_stones_randomly_arranged,3,RUN,0.6,10.9,1.33,6.1,10.3
0.6,stepping_stones_randomly_arranged,4,TROT,0,0.6,1,1.33,0.6
0.6,stepping_stones_randomly_arranged,4,RUN,0.6,11.7,1.33,6.25,11.1
0.6,stepping_stones_randomly_arranged,5,TROT,0,0.6,1,1.33,0.6
0.6,stepping_stones_randomly_arranged,5,RUN,0.6,2.9,1.33,2.36136,2.3
0.6,stepping_stones_randomly_arranged,5,WALK,2.9,5,2.36136,2.76999,2.1
0.6,stepping_stones_randomly_arranged,5,RUN,5,11.8,2.76999,5.9,6.8
0.6,stepping_stones_randomly_arranged,6,TROT,0,0.6,1,1.33,0.6
0.6,stepping_stones_randomly_arranged,6,RUN,0.6,4.2,1.33,2.93017,3.6
0.6,stepping_stones_randomly_arranged,6,WALK,4.2,6.7,2.93017,3.40498,2.5
0.6,stepping_stones_randomly_arranged,6,RUN,6.7,7.4,3.40498,3.74094,0.7
0.6,stepping_stones_randomly_arranged,6,WALK,7.4,8.5,3.74094,3.9599,1.1
0.6,stepping_stones_randomly_arranged,6,RUN,8.5,12.8,3.9599,5.9,4.3
0.6,stepping_stones_randomly_arranged,7,TROT,0,0.6,1,1.33,0.6
0.6,stepping_stones_randomly_arranged,7,RUN,0.6,4.2,1.33,2.90255,3.6
0.6,stepping_stones_randomly_arranged,7,WALK,4.2,5.3,2.90255,3.11457,1.1
0.6,stepping_stones_randomly_arranged,7,RUN,5.3,6.2,3.11457,3.51291,0.9
0.6,stepping_stones_randomly_arranged,7,WALK,6.2,8.7,3.51291,4.00499,2.5
0.6,stepping_stones_randomly_arranged,7,RUN,8.7,13.2,4.00499,6,4.5
0.6,stepping_stones_randomly_arranged,8,TROT,0,0.6,1,1.33,0.6
0.6,stepping_stones_randomly_arranged,8,RUN,0.6,4.2,1.33,2.9128,3.6
0.6,stepping_stones_randomly_arranged,8,WALK,4.2,9.5,2.9128,3.95999,5.3
0.6,stepping_stones_randomly_arranged,8,RUN,9.5,10.2,3.95999,4.29597,0.7
0.6,stepping_stones_randomly_arranged,8,WALK,10.2,13.5,4.29597,4.93876,3.3
0.6,stepping_stones_randomly_arranged,8,RUN,13.5,15.6,4.93876,5.9,2.1
0.6,stepping_stones_randomly_arranged,9,TROT,0,0.6,1,1.33,0.6
0.6,stepping_stones_randomly_arranged,9,RUN,0.6,1.3,1.33,1.63776,0.7
0.6,stepping_stones_randomly_arranged,9,WALK,1.3,2.4,1.63776,1.84823,1.1
0.6,stepping_stones_randomly_arranged,9,RUN,2.4,5.7,1.84823,3.33378,3.3
0.6,stepping_stones_randomly_arranged,9,WALK,5.7,7.1,3.33378,3.6,1.4
0.6,stepping_stones_randomly_arranged,9,RUN,7.1,7.8,3.6,3.93599,0.7
0.6,stepping_stones_randomly_arranged,9,WALK,7.8,8.9,3.93599,4.13814,1.1
0.6,stepping_stones_randomly_arranged,9,RUN,8.9,12.2,4.13814,5.6,3.3
0.6,staircase_walking_full_width,0,TROT,0,2.1,1,2.11,2.1
0.6,staircase_walking_full_width,0,WALK,2.1,7.1,2.11,3.11,5
0.6,staircase_walking_full_width,0,RUN,7.1,8.4,3.11,3.734,1.3
0.6,staircase_walking_full_width,0,TROT,8.4,10,3.734,4.56929,1.6
0.6,staircase_walking_full_width,0,WALK,10,16.4,4.56929,5.84929,6.4
0.6,staircase_walking_full_width,0,RUN,16.4,17.7,5.84929,6.45657,1.3
0.6,staircase_walking_full_width,0,TROT,17.7,18.4,6.45657,6.84157,0.7
0.6,staircase_walking_full_width,0,WALK,18.4,19.1,6.84157,6.98157,0.7
0.6,staircase_walking_full_width,0,JUMP,19.1,19.9,6.98157,6.98157,0.8
0.6,staircase_walking_full_width,0,WALK,19.9,23.1,6.98157,7.62157,3.2
0.6,staircase_walking_full_width,0,JUMP,23.1,23.9,7.62157,7.62157,0.8
0.6,staircase_walking_full_width,0,WALK,23.9,27.1,7.62157,8.25286,3.2
0.6,staircase_walking_full_width,0,JUMP,27.1,27.9,8.25286,8.25286,0.8
0.6,staircase_walking_full_width,0,WALK,27.9,29.7,8.25286,8.61286,1.8
0.6,staircase_walking_full_width,0,RUN,29.7,30.9,8.61286,9.18886,1.2
0.6,staircase_walking_full_width,0,TROT,30.9,31.6,9.18886,9.57386,0.7
0.6,staircase_walking_full_width,0,WALK,31.6,40.6,9.57386,11.3571,9
0.6,staircase_walking_full_width,0,RUN,40.6,41.8,11.3571,11.9174,1.2
0.6,staircase_walking_full_width,0,WALK,41.8,52.8,11.9174,14.1057,11
0.6,staircase_walking_full_width,0,RUN,52.8,56.3,14.1057,15.75,3.5
0.6,staircase_walking_full_width,1,TROT,0,0.6,1,1.33,0.6
0.6,staircase_walking_full_width,1,WALK,0.6,9.5,1.33,3.1,8.9
0.6,staircase_walking_full_width,1,RUN,9.5,10.7,3.1,3.676,1.2
0.6,staircase_walking_full_width,1,TROT,10.7,11.4,3.676,4.01929,0.7
0.6,staircase_walking_full_width,1,WALK,11.4,20.6,4.01929,5.85929,9.2
0.6,staircase_walking_full_width,1,RUN,20.6,21.9,5.85929,6.45657,1.3
0.6,staircase_walking_full_width,1,TROT,21.9,22.6,6.45657,6.84157,0.7
0.6,staircase_walking_full_width,1,WALK,22.6,23.3,6.84157,6.98157,0.7
0.6,staircase_walking_full_width,1,JUMP,23.3,24.1,6.98157,6.98157,0.8
0.6,staircase_walking_full_width,1,WALK,24.1,27.3,6.98157,7.62157,3.2
0.6,staircase_walking_full_width,1,JUMP,27.3,28.1,7.62157,7.62157,0.8
0.6,staircase_walking_full_width,1,WALK,28.1,31.3,7.62157,8.25286,3.2
0.6,staircase_walking_full_width,1,JUMP,31.3,32.1,8.25286,8.25286,0.8
0.6,staircase_walking_full_width,1,WALK,32.1,33.9,8.25286,8.61286,1.8
0.6,staircase_walking_full_width,1,RUN,33.9,35.1,8.61286,9.18886,1.2
0.6,staircase_walking_full_width,1,TROT,35.1,35.8,9.18886,9.57386,0.7
0.6,staircase_walking_full_width,1,WALK,35.8,44.8,9.57386,11.3571,9
0.6,staircase_walking_full_width,1,RUN,44.8,46,11.3571,11.9174,1.2
0.6,staircase_walking_full_width,1,WALK,46,57,11.9174,14.1057,11
0.6,staircase_walking_full_width,1,RUN,57,60.5,14.1057,15.75,3.5
0.6,staircase_walking_full_width,2,TROT,0,0.6,1,1.33,0.6
0.6,staircase_walking_full_width,2,WALK,0.6,1.3,1.33,1.47,0.7
0.6,staircase_walking_full_width,2,JUMP,1.3,2.1,1.47,1.47,0.8
0.6,staircase_walking_full_width,2,WALK,2.1,5.2,1.47,2.08,3.1
0.6,staircase_walking_full_width,2,JUMP,5.2,6,2.08,2.08,0.8
0.6,staircase_walking_full_width,2,WALK,6,9.9,2.08,2.86,3.9
0.6,staircase_walking_full_width,2,RUN,9.9,10.6,2.86,3.196,0.7
0.6,staircase_walking_full_width,2,WALK,10.6,19.9,3.196,5.05143,9.3
0.6,staircase_walking_full_width,2,RUN,19.9,20.6,5.05143,5.38286,0.7
0.6,staircase_walking_full_width,2,WALK,20.6,21.3,5.38286,5.52286,0.7
0.6,staircase_walking_full_width,2,JUMP,21.3,22.1,5.52286,5.52286,0.8
0.6,staircase_walking_full_width,2,WALK,22.1,30.8,5.52286,7.25429,8.7
0.6,staircase_walking_full_width,2,RUN,30.8,31.5,7.25429,7.59029,0.7
0.6,staircase_walking_full_width,2,WALK,31.5,40.8,7.59029,9.44571,9.3
0.6,staircase_walking_full_width,2,RUN,40.8,41.5,9.44571,9.78171,0.7
0.6,staircase_walking_full_width,2,WALK,41.5,50.9,9.78171,11.6486,9.4
0.6,staircase_walking_full_width,2,RUN,50.9,53.8,11.6486,13,2.9
0.6,staircase_walking_full_width,3,TROT,0,0.6,1,1.33,0.6
0.6,staircase_walking_full_width,3,WALK,0.6,1.7,1.33,1.55,1.1
0.6,staircase_walking_full_width,3,JUMP,1.7,2.5,1.55,1.55,0.8
0.6,staircase_walking_full_width,3,WALK,2.5,5.7,1.55,2.18,3.2
0.6,staircase_walking_full_width,3,JUMP,5.7,6.5,2.18,2.18,0.8
0.6,staircase_walking_full_width,3,WALK,6.5,9.6,2.18,2.8,3.1
0.6,staircase_walking_full_width,3,JUMP,9.6,10.4,2.8,2.8,0.8
0.6,staircase_walking_full_width,3,WALK,10.4,11.5,2.8,3.02,1.1
0.6,staircase_walking_full_width,3,RUN,11.5,12.2,3.02,3.356,0.7
0.6,staircase_walking_full_width,3,WALK,12.2,20.7,3.356,5.05143,8.5
0.6,staircase_walking_full_width,3,RUN,20.7,21.4,5.05143,5.38286,0.7
0.6,staircase_walking_full_width,3,WALK,21.4,30.8,5.38286,7.25429,9.4
0.6,staircase_walking_full_width,3,RUN,30.8,31.5,7.25429,7.59029,0.7
0.6,staircase_walking_full_width,3,WALK,31.5,40.8,7.59029,9.44571,9.3
0.6,staircase_walking_full_width,3,RUN,40.8,41.5,9.44571,9.78171,0.7
0.6,staircase_walking_full_width,3,WALK,41.5,50.9,9.78171,11.6486,9.4
0.6,staircase_walking_full_width,3,RUN,50.9,53.8,11.6486,13,2.9
0.6,staircase_walking_full_width,4,TROT,0,0.6,1,1.33,0.6
0.6,staircase_walking_full_width,4,WALK,0.6,1.3,1.33,1.47,0.7
0.6,staircase_walking_full_width,4,JUMP,1.3,2.1,1.47,1.47,0.8
0.6,staircase_walking_full_width,4,WALK,2.1,5.2,1.47,2.08,3.1
0.6,staircase_walking_full_width,4,JUMP,5.2,6,2.08,2.08,0.8
0.6,staircase_walking_full_width,4,WALK,6,9.1,2.08,2.7,3.1
0.6,staircase_walking_full_width,4,JUMP,9.1,9.9,2.7,2.7,0.8
0.6,staircase_walking_full_width,4,WALK,9.9,11,2.7,2.92,1.1
0.6,staircase_walking_full_width,4,RUN,11,11.7,2.92,3.256,0.7
0.6,staircase_walking_full_width,4,WALK,11.7,20.7,3.256,5.05143,9
0.6,staircase_walking_full_width,4,RUN,20.7,21.4,5.05143,5.38286,0.7
0.6,staircase_walking_full_width,4,WALK,21.4,30.8,5.38286,7.25429,9.4
0.6,staircase_walking_full_width,4,RUN,30.8,31.5,7.25429,7.59029,0.7
0.6,staircase_walking_full_width,4,WALK,31.5,40.8,7.59029,9.44571,9.3
0.6,staircase_walking_full_width,4,RUN,40.8,41.5,9.44571,9.78171,0.7
0.6,staircase_walking_full_width,4,WALK,41.5,50.9,9.78171,11.6486,9.4
0.6,staircase_walking_full_width,4,RUN,50.9,53.8,11.6486,13,2.9
0.6,staircase_walking_full_width,5,TROT,0,0.6,1,1.33,0.6
0.6,staircase_walking_full_width,5,WALK,0.6,1.3,1.33,1.47,0.7
0.6,staircase_walking_full_width,5,JUMP,1.3,2.1,1.47,1.47,0.8
0.6,staircase_walking_full_width,5,WALK,2.1,5.2,1.47,2.08,3.1
0.6,staircase_walking_full_width,5,JUMP,5.2,6,2.08,2.08,0.8
0.6,staircase_walking_full_width,5,WALK,6,9.1,2.08,2.7,3.1
0.6,staircase_walking_full_width,5,JUMP,9.1,9.9,2.7,2.7,0.8
0.6,staircase_walking_full_width,5,WALK,9.9,11,2.7,2.92,1.1
0.6,staircase_walking_full_width,5,RUN,11,11.7,2.92,3.256,0.7
0.6,staircase_walking_full_width,5,WALK,11.7,20.7,3.256,5.05143,9
0.6,staircase_walking_full_width,5,RUN,20.7,21.4,5.05143,5.38286,0.7
0.6,staircase_walking_full_width,5,WALK,21.4,30.8,5.38286,7.25429,9.4
0.6,staircase_walking_full_width,5,RUN,30.8,31.5,7.25429,7.59029,0.7
0.6,staircase_walking_full_width,5,WALK,31.5,40.8,7.59029,9.44571,9.3
0.6,staircase_walking_full_width,5,RUN,40.8,41.5,9.44571,9.78171,0.7
0.6,staircase_walking_full_width,5,WALK,41.5,50.9,9.78171,11.6486,9.4
0.6,staircase_walking_full_width,5,RUN,50.9,53.8,11.6486,13,2.9
0.6,staircase_walking_full_width,6,TROT,0,0.6,1,1.33,0.6
0.6,staircase_walking_full_width,6,WALK,0.6,3.2,1.33,1.85,2.6
0.6,staircase_walking_full_width,6,JUMP,3.2,4,1.85,1.85,0.8
0.6,staircase_walking_full_width,6,WALK,4,7.2,1.85,2.48,3.2
0.6,staircase_walking_full_width,6,JUMP,7.2,8,2.48,2.48,0.8
0.6,staircase_walking_full_width,6,WALK,8,9.9,2.48,2.86,1.9
0.6,staircase_walking_full_width,6,RUN,9.9,10.6,2.86,3.196,0.7
0.6,staircase_walking_full_width,6,WALK,10.6,19.9,3.196,5.05143,9.3
0.6,staircase_walking_full_width,6,RUN,19.9,20.6,5.05143,5.38286,0.7
0.6,staircase_walking_full_width,6,WALK,20.6,30,5.38286,7.25429,9.4
0.6,staircase_walking_full_width,6,RUN,30,30.7,7.25429,7.59029,0.7
0.6,staircase_walking_full_width,6,WALK,30.7,40,7.59029,9.44571,9.3
0.6,staircase_walking_full_width,6,RUN,40,40.7,9.44571,9.78171,0.7
0.6,staircase_walking_full_width,6,WALK,40.7,50.1,9.78171,11.6486,9.4
0.6,staircase_walking_full_width,6,RUN,50.1,53,11.6486,13,2.9
0.6,staircase_walking_full_width,7,TROT,0,0.6,1,1.33,0.6
0.6,staircase_walking_full_width,7,WALK,0.6,8.3,1.33,2.86,7.7
0.6,staircase_walking_full_width,7,RUN,8.3,9,2.86,3.196,0.7
0.6,staircase_walking_full_width,7,WALK,9,18.3,3.196,5.05143,9.3
0.6,staircase_walking_full_width,7,RUN,18.3,19,5.05143,5.38286,0.7
0.6,staircase_walking_full_width,7,WALK,19,28.4,5.38286,7.25429,9.4
0.6,staircase_walking_full_width,7,RUN,28.4,29.1,7.25429,7.59029,0.7
0.6,staircase_walking_full_width,7,WALK,29.1,38.4,7.59029,9.44571,9.3
0.6,staircase_walking_full_width,7,RUN,38.4,39.1,9.44571,9.78171,0.7
0.6,staircase_walking_full_width,7,WALK,39.1,48.5,9.78171,11.6486,9.4
0.6,staircase_walking_full_width,7,RUN,48.5,51.4,11.6486,13,2.9
0.6,staircase_walking_full_width,8,TROT,0,0.6,1,1.33,0.6
0.6,staircase_walking_full_width,8,WALK,0.6,40.1,1.33,9.21143,39.5
0.6,staircase_walking_full_width,8,RUN,40.1,42.3,9.21143,10.25,2.2
0.6,staircase_walking_full_width,9,TROT,0,0.6,1,1.33,0.6
0.6,staircase_walking_full_width,9,WALK,0.6,40.1,1.33,9.21143,39.5
0.6,staircase_walking_full_width,9,RUN,40.1,42.3,9.21143,10.25,2.2
0.6,staircase_walking,0,TROT,0,6.7,1,4.415,6.7
0.6,staircase_walking,0,RUN,6.7,9,4.415,5.5,2.3
0.6,staircase_walking,1,TROT,0,1,1,1.5,1
0.6,staircase_walking,1,WALK,1,15.3,1.5,4.33,14.3
0.6,staircase_walking,1,RUN,15.3,17.8,4.33,5.5,2.5
0.6,staircase_walking,2,TROT,0,1,1,1.5,1
0.6,staircase_walking,2,WALK,1,5.8,1.5,2.45,4.8
0.6,staircase_walking,2,JUMP,5.8,6.6,2.45,2.45,0.8
0.6,staircase_walking,2,WALK,6.6,9.7,2.45,3.07,3.1
0.6,staircase_walking,2,JUMP,9.7,10.5,3.07,3.07,0.8
0.6,staircase_walking,2,WALK,10.5,13.6,3.07,3.69,3.1
0.6,staircase_walking,2,JUMP,13.6,14.4,3.69,3.69,0.8
0.6,staircase_walking,2,WALK,14.4,17.6,3.69,4.31,3.2
0.6,staircase_walking,2,JUMP,17.6,18.4,4.31,4.31,0.8
0.6,staircase_walking,2,WALK,18.4,19.5,4.31,4.53,1.1
0.6,staircase_walking,2,RUN,19.5,21.6,4.53,5.5,2.1
0.6,staircase_walking,3,TROT,0,0.6,1,1.33,0.6
0.6,staircase_walking,3,WALK,0.6,1.3,1.33,1.47,0.7
0.6,staircase_walking,3,JUMP,1.3,2.1,1.47,1.47,0.8
0.6,staircase_walking,3,WALK,2.1,5.3,1.47,2.1,3.2
0.6,staircase_walking,3,JUMP,5.3,6.1,2.1,2.1,0.8
0.6,staircase_walking,3,WALK,6.1,9.3,2.1,2.73,3.2
0.6,staircase_walking,3,JUMP,9.3,10.1,2.73,2.73,0.8
0.6,staircase_walking,3,WALK,10.1,13.2,2.73,3.35,3.1
0.6,staircase_walking,3,JUMP,13.2,14,3.35,3.35,0.8
0.6,staircase_walking,3,WALK,14,17.1,3.35,3.97,3.1
0.6,staircase_walking,3,JUMP,17.1,17.9,3.97,3.97,0.8
0.6,staircase_walking,3,WALK,17.9,19.8,3.97,4.33,1.9
0.6,staircase_walking,3,RUN,19.8,22.3,4.33,5.5,2.5
0.6,staircase_walking,4,TROT,0,0.6,1,1.33,0.6
0.6,staircase_walking,4,WALK,0.6,1.3,1.33,1.47,0.7
0.6,staircase_walking,4,JUMP,1.3,2.1,1.47,1.47,0.8
0.6,staircase_walking,4,WALK,2.1,5.3,1.47,2.1,3.2
0.6,staircase_walking,4,JUMP,5.3,6.1,2.1,2.1,0.8
0.6,staircase_walking,4,WALK,6.1,9.3,2.1,2.715,3.2
0.6,staircase_walking,4,JUMP,9.3,10.1,2.715,2.715,0.8
0.6,staircase_walking,4,WALK,10.1,13.3,2.715,3.345,3.2
0.6,staircase_walking,4,JUMP,13.3,14.1,3.345,3.345,0.8
0.6,staircase_walking,4,WALK,14.1,17.3,3.345,3.975,3.2
0.6,staircase_walking,4,JUMP,17.3,18.1,3.975,3.975,0.8
0.6,staircase_walking,4,WALK,18.1,19.2,3.975,4.185,1.1
0.6,staircase_walking,4,RUN,19.2,21.5,4.185,5.2,2.3
0.6,staircase_walking,5,TROT,0,0.6,1,1.33,0.6
0.6,staircase_walking,5,WALK,0.6,1.3,1.33,1.47,0.7
0.6,staircase_walking,5,JUMP,1.3,2.1,1.47,1.47,0.8
0.6,staircase_walking,5,WALK,2.1,5.3,1.47,2.1,3.2
0.6,staircase_walking,5,JUMP,5.3,6.1,2.1,2.1,0.8
0.6,staircase_walking,5,WALK,6.1,11.7,2.1,3.185,5.6
0.6,staircase_walking,5,JUMP,11.7,12.5,3.185,3.185,0.8
0.6,staircase_walking,5,WALK,12.5,17.2,3.185,4.105,4.7
0.6,staircase_walking,5,RUN,17.2,19.6,4.105,5.2,2.4
0.6,staircase_walking,6,TROT,0,0.6,1,1.33,0.6
0.6,staircase_walking,6,WALK,0.6,7.8,1.33,2.735,7.2
0.6,staircase_walking,6,JUMP,7.8,8.6,2.735,2.735,0.8
0.6,staircase_walking,6,WALK,8.6,15.6,2.735,4.105,7
0.6,staircase_walking,6,RUN,15.6,18,4.105,5.2,2.4
0.6,staircase_walking,7,TROT,0,0.6,1,1.33,0.6
0.6,staircase_walking,7,WALK,0.6,14.8,1.33,4.105,14.2
0.6,staircase_walking,7,RUN,14.8,17.2,4.105,5.2,2.4
0.6,staircase_walking,8,TROT,0,0.6,1,1.33,0.6
0.6,staircase_walking,8,WALK,0.6,14.8,1.33,4.105,14.2
0.6,staircase_walking,8,RUN,14.8,17.2,4.105,5.2,2.4
0.6,staircase_walking,9,TROT,0,0.6,1,1.33,0.6
0.6,staircase_walking,9,WALK,0.6,14.8,1.33,4.105,14.2
0.6,staircase_walking,9,RUN,14.8,17.2,4.105,5.2,2.4
0.6,staircase_climbing,0,TROT,0,0.6,1,1.33,0.6
0.6,staircase_climbing,0,WALK,0.6,3.3,1.33,1.86,2.7
0.6,staircase_climbing,0,RUN,3.3,4.4,1.86,2.388,1.1
0.6,staircase_climbing,0,WALK,4.4,9,2.388,3.305,4.6
0.6,staircase_climbing,0,RUN,9,10.1,3.305,3.833,1.1
0.6,staircase_climbing,0,WALK,10.1,14.8,3.833,4.755,4.7
0.6,staircase_climbing,0,RUN,14.8,15.9,4.755,5.283,1.1
0.6,staircase_climbing,0,WALK,15.9,20.6,5.283,6.205,4.7
0.6,staircase_climbing,0,RUN,20.6,21.7,6.205,6.733,1.1
0.6,staircase_climbing,0,WALK,21.7,26.4,6.733,7.655,4.7
0.6,staircase_climbing,0,RUN,26.4,27.5,7.655,8.183,1.1
0.6,staircase_climbing,0,WALK,27.5,32.2,8.183,9.105,4.7
0.6,staircase_climbing,0,RUN,32.2,36.7,9.105,11.2,4.5
0.6,staircase_climbing,1,TROT,0,0.6,1,1.33,0.6
0.6,staircase_climbing,1,WALK,0.6,3.3,1.33,1.86,2.7
0.6,staircase_climbing,1,RUN,3.3,4.4,1.86,2.388,1.1
0.6,staircase_climbing,1,WALK,4.4,9,2.388,3.305,4.6
0.6,staircase_climbing,1,RUN,9,10.1,3.305,3.833,1.1
0.6,staircase_climbing,1,WALK,10.1,14.8,3.833,4.755,4.7
0.6,staircase_climbing,1,RUN,14.8,15.9,4.755,5.283,1.1
0.6,staircase_climbing,1,WALK,15.9,20.6,5.283,6.205,4.7
0.6,staircase_climbing,1,RUN,20.6,21.7,6.205,6.733,1.1
0.6,staircase_climbing,1,WALK,21.7,26.4,6.733,7.655,4.7
0.6,staircase_climbing,1,RUN,26.4,27.5,7.655,8.183,1.1
0.6,staircase_climbing,1,WALK,27.5,32.2,8.183,9.105,4.7
0.6,staircase_climbing,1,RUN,32.2,36.7,9.105,11.2,4.5
0.6,staircase_climbing,2,TROT,0,0.6,1,1.33,0.6
0.6,staircase_climbing,2,WALK,0.6,3.3,1.33,1.86,2.7
0.6,staircase_climbing,2,RUN,3.3,4.4,1.86,2.388,1.1
0.6,staircase_climbing,2,WALK,4.4,9,2.388,3.305,4.6
0.6,staircase_climbing,2,RUN,9,10.1,3.305,3.833,1.1
0.6,staircase_climbing,2,WALK,10.1,14.8,3.833,4.755,4.7
0.6,staircase_climbing,2,RUN,14.8,15.9,4.755,5.283,1.1
0.6,staircase_climbing,2,WALK,15.9,20.6,5.283,6.205,4.7
0.6,staircase_climbing,2,RUN,20.6,21.7,6.205,6.733,1.1
0.6,staircase_climbing,2,WALK,21.7,26.4,6.733,7.655,4.7
0.6,staircase_climbing,2,RUN,26.4,27.5,7.655,8.183,1.1
0.6,staircase_climbing,2,WALK,27.5,32.2,8.183,9.105,4.7
0.6,staircase_climbing,2,RUN,32.2,36.7,9.105,11.2,4.5
0.6,staircase_climbing,3,TROT,0,0.6,1,1.33,0.6
0.6,staircase_climbing,3,WALK,0.6,3.3,1.33,1.86,2.7
0.6,staircase_climbing,3,RUN,3.3,4.4,1.86,2.388,1.1
0.6,staircase_climbing,3,WALK,4.4,9,2.388,3.305,4.6
0.6,staircase_climbing,3,RUN,9,10.1,3.305,3.833,1.1
0.6,staircase_climbing,3,WALK,10.1,14.8,3.833,4.755,4.7
0.6,staircase_climbing,3,RUN,14.8,15.9,4.755,5.283,1.1
0.6,staircase_climbing,3,WALK,15.9,20.6,5.283,6.205,4.7
0.6,staircase_climbing,3,RUN,20.6,21.7,6.205,6.733,1.1
0.6,staircase_climbing,3,WALK,21.7,26.4,6.733,7.655,4.7
0.6,staircase_climbing,3,RUN,26.4,27.5,7.655,8.183,1.1
0.6,staircase_climbing,3,WALK,27.5,32.2,8.183,9.105,4.7
0.6,staircase_climbing,3,RUN,32.2,36.7,9.105,11.2,4.5
0.6,staircase_climbing,4,TROT,0,0.6,1,1.33,0.6
0.6,staircase_climbing,4,WALK,0.6,3.3,1.33,1.86,2.7
0.6,staircase_climbing,4,RUN,3.3,4.4,1.86,2.388,1.1
0.6,staircase_climbing,4,WALK,4.4,9,2.388,3.305,4.6
0.6,staircase_climbing,4,RUN,9,10.1,3.305,3.833,1.1
0.6,staircase_climbing,4,WALK,10.1,14.8,3.833,4.755,4.7
0.6,staircase_climbing,4,RUN,14.8,15.9,4.755,5.283,1.1
0.6,staircase_climbing,4,WALK,15.9,20.6,5.283,6.205,4.7
0.6,staircase_climbing,4,RUN,20.6,21.7,6.205,6.733,1.1
0.6,staircase_climbing,4,WALK,21.7,26.4,6.733,7.655,4.7
0.6,staircase_climbing,4,RUN,26.4,27.5,7.655,8.183,1.1
0.6,staircase_climbing,4,WALK,27.5,32.2,8.183,9.105,4.7
0.6,staircase_climbing,4,RUN,32.2,36.7,9.105,11.2,4.5
0.6,staircase_climbing,5,TROT,0,0.6,1,1.33,0.6
0.6,staircase_climbing,5,WALK,0.6,3.3,1.33,1.86,2.7
0.6,staircase_climbing,5,RUN,3.3,4.3,1.86,2.34,1
0.6,staircase_climbing,5,WALK,4.3,8.9,2.34,3.26,4.6
0.6,staircase_climbing,5,RUN,8.9,9.9,3.26,3.74,1
0.6,staircase_climbing,5,WALK,9.9,14.6,3.74,4.66,4.7
0.6,staircase_climbing,5,RUN,14.6,15.6,4.66,5.14,1
0.6,staircase_climbing,5,WALK,15.6,20.3,5.14,6.06,4.7
0.6,staircase_climbing,5,RUN,20.3,21.3,6.06,6.54,1
0.6,staircase_climbing,5,WALK,21.3,26,6.54,7.46,4.7
0.6,staircase_climbing,5,RUN,26,27,7.46,7.94,1
0.6,staircase_climbing,5,WALK,27,31.7,7.94,8.86,4.7
0.6,staircase_climbing,5,RUN,31.7,36,8.86,10.9,4.3
0.6,staircase_climbing,6,TROT,0,0.6,1,1.33,0.6
0.6,staircase_climbing,6,WALK,0.6,3.3,1.33,1.86,2.7
0.6,staircase_climbing,6,RUN,3.3,4.3,1.86,2.34,1
0.6,staircase_climbing,6,WALK,4.3,8.9,2.34,3.26,4.6
0.6,staircase_climbing,6,RUN,8.9,9.9,3.26,3.74,1
0.6,staircase_climbing,6,WALK,9.9,14.6,3.74,4.66,4.7
0.6,staircase_climbing,6,RUN,14.6,15.6,4.66,5.14,1
0.6,staircase_climbing,6,WALK,15.6,20.3,5.14,6.06,4.7
0.6,staircase_climbing,6,RUN,20.3,21.3,6.06,6.54,1
0.6,staircase_climbing,6,WALK,21.3,26,6.54,7.46,4.7
0.6,staircase_climbing,6,RUN,26,27,7.46,7.94,1
0.6,staircase_climbing,6,WALK,27,31.7,7.94,8.86,4.7
0.6,staircase_climbing,6,RUN,31.7,36,8.86,10.9,4.3
0.6,staircase_climbing,7,TROT,0,0.6,1,1.33,0.6
0.6,staircase_climbing,7,WALK,0.6,3.3,1.33,1.86,2.7
0.6,staircase_climbing,7,RUN,3.3,4.3,1.86,2.34,1
0.6,staircase_climbing,7,WALK,4.3,8.9,2.34,3.26,4.6
0.6,staircase_climbing,7,RUN,8.9,9.9,3.26,3.74,1
0.6,staircase_climbing,7,WALK,9.9,14.6,3.74,4.66,4.7
0.6,staircase_climbing,7,RUN,14.6,15.6,4.66,5.14,1
0.6,staircase_climbing,7,WALK,15.6,20.3,5.14,6.06,4.7
0.6,staircase_climbing,7,RUN,20.3,21.3,6.06,6.54,1
0.6,staircase_climbing,7,WALK,21.3,26,6.54,7.46,4.7
0.6,staircase_climbing,7,RUN,26,27,7.46,7.94,1
0.6,staircase_climbing,7,WALK,27,31.7,7.94,8.86,4.7
0.6,staircase_climbing,7,RUN,31.7,36,8.86,10.9,4.3
0.6,staircase_climbing,8,TROT,0,0.6,1,1.33,0.6
0.6,staircase_climbing,8,WALK,0.6,3.3,1.33,1.86,2.7
0.6,staircase_climbing,8,RUN,3.3,4.3,1.86,2.34,1
0.6,staircase_climbing,8,WALK,4.3,8.9,2.34,3.26,4.6
0.6,staircase_climbing,8,RUN,8.9,9.9,3.26,3.74,1
0.6,staircase_climbing,8,WALK,9.9,14.6,3.74,4.66,4.7
0.6,staircase_climbing,8,RUN,14.6,15.6,4.66,5.14,1
0.6,staircase_climbing,8,WALK,15.6,20.3,5.14,6.06,4.7
0.6,staircase_climbing,8,RUN,20.3,21.3,6.06,6.54,1
0.6,staircase_climbing,8,WALK,21.3,26,6.54,7.46,4.7
0.6,staircase_climbing,8,RUN,26,27,7.46,7.94,1
0.6,staircase_climbing,8,WALK,27,31.7,7.94,8.86,4.7
0.6,staircase_climbing,8,RUN,31.7,36,8.86,10.9,4.3
0.6,staircase_climbing,9,TROT,0,0.6,1,1.33,0.6
0.6,staircase_climbing,9,WALK,0.6,3.3,1.33,1.86,2.7
0.6,staircase_climbing,9,RUN,3.3,4.3,1.86,2.34,1
0.6,staircase_climbing,9,WALK,4.3,8.9,2.34,3.26,4.6
0.6,staircase_climbing,9,RUN,8.9,9.9,3.26,3.74,1
0.6,staircase_climbing,9,WALK,9.9,14.6,3.74,4.66,4.7
0.6,staircase_climbing,9,RUN,14.6,15.6,4.66,5.14,1
0.6,staircase_climbing,9,WALK,15.6,20.3,5.14,6.06,4.7
0.6,staircase_climbing,9,RUN,20.3,21.3,6.06,6.54,1
0.6,staircase_climbing,9,WALK,21.3,26,6.54,7.46,4.7
0.6,staircase_climbing,9,RUN,26,27,7.46,7.94,1
0.6,staircase_climbing,9,WALK,27,31.7,7.94,8.86,4.7
0.6,staircase_climbing,9,RUN,31.7,36,8.86,10.9,4.3
0.6,staircase_spiral,0,TROT,0,0.6,1,1.32765,0.6
0.6,staircase_spiral,0,RUN,0.6,6.1,1.32765,3.92651,5.5
0.6,staircase_spiral,0,TROT,6.1,10.5,3.92651,6.19821,4.4
0.6,staircase_spiral,0,RUN,10.5,11.2,6.19821,6.50094,0.7
0.6,staircase_spiral,0,TROT,11.2,13.6,6.50094,6.77683,2.4
0.6,staircase_spiral,0,RUN,13.6,14.3,6.77683,6.56733,0.7
0.6,staircase_spiral,0,TROT,14.3,16.7,6.56733,5.45607,2.4
0.6,staircase_spiral,0,RUN,16.7,17.4,5.45607,5.24657,0.7
0.6,staircase_spiral,0,WALK,17.4,18.7,5.24657,5.08601,1.3
0.6,staircase_spiral,1,TROT,0,0.6,1,1.32769,0.6
0.6,staircase_spiral,1,RUN,0.6,6.2,1.32769,3.99431,5.6
0.6,staircase_spiral,1,TROT,6.2,10.4,3.99431,6.14866,4.2
0.6,staircase_spiral,1,RUN,10.4,11.1,6.14866,6.45139,0.7
0.6,staircase_spiral,1,TROT,11.1,12.2,6.45139,6.76566,1.1
0.6,staircase_spiral,1,WALK,12.2,23.3,6.76566,5.5467,11.1
0.6,staircase_spiral,1,RUN,23.3,24,5.5467,5.33721,0.7
0.6,staircase_spiral,1,WALK,24,25.8,5.33721,5.12155,1.8
0.6,staircase_spiral,2,TROT,0,0.6,1,1.32772,0.6
0.6,staircase_spiral,2,RUN,0.6,6.2,1.32772,3.96707,5.6
0.6,staircase_spiral,2,TROT,6.2,6.9,3.96707,4.34866,0.7
0.6,staircase_spiral,2,WALK,6.9,23.8,4.34866,6.78056,16.9
0.6,staircase_spiral,2,RUN,23.8,24.5,6.78056,6.57106,0.7
0.6,staircase_spiral,2,WALK,24.5,33.7,6.57106,5.15709,9.2
0.6,staircase_spiral,3,TROT,0,0.6,1,1.32775,0.6
0.6,staircase_spiral,3,RUN,0.6,6.2,1.32775,3.98723,5.6
0.6,staircase_spiral,3,TROT,6.2,6.9,3.98723,4.36946,0.7
0.6,staircase_spiral,3,WALK,6.9,7.6,4.36946,4.50845,0.7
0.6,staircase_spiral,3,JUMP,7.6,8.4,4.50845,4.50845,0.8
0.6,staircase_spiral,3,WALK,8.4,11.6,4.50845,5.14385,3.2
0.6,staircase_spiral,3,JUMP,11.6,12.4,5.14385,5.14385,0.8
0.6,staircase_spiral,3,WALK,12.4,15.8,5.14385,5.76699,3.4
0.6,staircase_spiral,3,JUMP,15.8,16.6,5.76699,5.76699,0.8
0.6,staircase_spiral,3,WALK,16.6,20,5.76699,6.37841,3.4
0.6,staircase_spiral,3,JUMP,20,20.8,6.37841,6.37841,0.8
0.6,staircase_spiral,3,WALK,20.8,22.7,6.37841,6.66526,1.9
0.6,staircase_spiral,3,RUN,22.7,23.4,6.66526,6.74002,0.7
0.6,staircase_spiral,3,WALK,23.4,25.5,6.74002,6.74501,2.1
0.6,staircase_spiral,3,RUN,25.5,26.2,6.74501,6.53552,0.7
0.6,staircase_spiral,3,WALK,26.2,34.9,6.53552,5.19264,8.7
0.6,staircase_spiral,4,TROT,0,0.6,1,1.32779,0.6
0.6,staircase_spiral,4,RUN,0.6,6.4,1.32779,4.05504,5.8
0.6,staircase_spiral,4,TROT,6.4,7.1,4.05504,4.43784,0.7
0.6,staircase_spiral,4,WALK,7.1,7.8,4.43784,4.57704,0.7
0.6,staircase_spiral,4,JUMP,7.8,8.6,4.57704,4.57704,0.8
0.6,staircase_spiral,4,WALK,8.6,11.8,4.57704,5.21338,3.2
0.6,staircase_spiral,4,JUMP,11.8,12.6,5.21338,5.21338,0.8
0.6,staircase_spiral,4,WALK,12.6,16,5.21338,5.83153,3.4
0.6,staircase_spiral,4,JUMP,16,16.8,5.83153,5.83153,0.8
0.6,staircase_spiral,4,WALK,16.8,20.3,5.83153,6.45048,3.5
0.6,staircase_spiral,4,JUMP,20.3,21.1,6.45048,6.45048,0.8
0.6,staircase_spiral,4,WALK,21.1,26,6.45048,6.72194,4.9
0.6,staircase_spiral,4,RUN,26,26.7,6.72194,6.51245,0.7
0.6,staircase_spiral,4,WALK,26.7,35.1,6.51245,5.22818,8.4
0.6,staircase_spiral,5,TROT,0,0.6,1,1.32782,0.6
0.6,staircase_spiral,5,RUN,0.6,6.4,1.32782,4.0751,5.8
0.6,staircase_spiral,5,TROT,6.4,7.1,4.0751,4.4584,0.7
0.6,staircase_spiral,5,WALK,7.1,7.8,4.4584,4.59779,0.7
0.6,staircase_spiral,5,JUMP,7.8,8.6,4.59779,4.59779,0.8
0.6,staircase_spiral,5,WALK,8.6,11.9,4.59779,5.25487,3.3
0.6,staircase_spiral,5,JUMP,11.9,12.7,5.25487,5.25487,0.8
0.6,staircase_spiral,5,WALK,12.7,16.1,5.25487,5.87806,3.4
0.6,staircase_spiral,5,JUMP,16.1,16.9,5.87806,5.87806,0.8
0.6,staircase_spiral,5,WALK,16.9,20.3,5.87806,6.48652,3.4
0.6,staircase_spiral,5,JUMP,20.3,21.1,6.48652,6.48652,0.8
0.6,staircase_spiral,5,WALK,21.1,34.9,6.48652,5.26373,13.8
0.6,staircase_spiral,6,TROT,0,0.6,1,1.32785,0.6
0.6,staircase_spiral,6,RUN,0.6,6.5,1.32785,4.14293,5.9
0.6,staircase_spiral,6,WALK,6.5,21.5,4.14293,6.6554,15
0.6,staircase_spiral,6,JUMP,21.5,22.3,6.6554,6.6554,0.8
0.6,staircase_spiral,6,WALK,22.3,33,6.6554,5.29927,10.7
0.6,staircase_spiral,7,TROT,0,0.6,1,1.32788,0.6
0.6,staircase_spiral,7,RUN,0.6,6.6,1.32788,4.16288,6
0.6,staircase_spiral,7,WALK,6.6,31.2,4.16288,5.33481,24.6
0.6,staircase_spiral,8,TROT,0,0.6,1,1.32791,0.6
0.6,staircase_spiral,8,RUN,0.6,6.5,1.32791,4.13481,5.9
0.6,staircase_spiral,8,WALK,6.5,30.8,4.13481,5.37036,24.3
0.6,staircase_spiral,9,TROT,0,0.6,1,1.32794,0.6
0.6,staircase_spiral,9,RUN,0.6,6.8,1.32794,4.25046,6.2
0.6,staircase_spiral,9,WALK,6.8,29.4,4.25046,5.4059,22.6
0.6,squeeze,0,TROT,0,0.6,1,1.33,0.6
0.6,squeeze,0,RUN,0.6,2.9,1.33,2.39674,2.3
0.6,squeeze,0,WALK,2.9,4,2.39674,2.61384,1.1
0.6,squeeze,0,RUN,4,5.1,2.61384,3.13487,1.1
0.6,squeeze,0,WALK,5.1,7.2,3.13487,3.54271,2.1
0.6,squeeze,0,RUN,7.2,18.2,3.54271,8.65,11
0.6,squeeze,1,TROT,0,0.6,1,1.33,0.6
0.6,squeeze,1,RUN,0.6,2.2,1.33,2.07221,1.6
0.6,squeeze,1,WALK,2.2,4.2,2.07221,2.46704,2
0.6,squeeze,1,RUN,4.2,12.4,2.46704,6.32305,8.2
0.6,squeeze,1,WALK,12.4,13.8,6.32305,6.59595,1.4
0.6,squeeze,1,RUN,13.8,18.8,6.59595,8.9,5
0.6,squeeze,2,TROT,0,0.6,1,1.33,0.6
0.6,squeeze,2,RUN,0.6,2.5,1.33,2.21818,1.9
0.6,squeeze,2,WALK,2.5,3.8,2.21818,2.46465,1.3
0.6,squeeze,2,RUN,3.8,13.1,2.46465,6.79002,9.3
0.6,squeeze,2,WALK,13.1,14.5,6.79002,7.06586,1.4
0.6,squeeze,2,RUN,14.5,19.1,7.06586,9.25,4.6
0.6,squeeze,3,TROT,0,0.6,1,1.33,0.6
0.6,squeeze,3,RUN,0.6,2.7,1.33,2.31221,2.1
0.6,squeeze,3,WALK,2.7,3.8,2.31221,2.514,1.1
0.6,squeeze,3,RUN,3.8,18.1,2.514,9.25,14.3
0.6,squeeze,4,TROT,0,0.6,1,1.33,0.6
0.6,squeeze,4,RUN,0.6,10,1.33,5.75096,9.4
0.6,squeeze,4,WALK,10,11.8,5.75096,6.10487,1.8
0.6,squeeze,4,RUN,11.8,19.3,6.10487,9.65,7.5
0.6,squeeze,5,TROT,0,0.6,1,1.33,0.6
0.6,squeeze,5,RUN,0.6,2.4,1.33,2.16877,1.8
0.6,squeeze,5,WALK,2.4,4.2,2.16877,2.5203,1.8
0.6,squeeze,5,RUN,4.2,6,2.5203,3.37526,1.8
0.6,squeeze,5,WALK,6,14.8,3.37526,5.10314,8.8
0.6,squeeze,5,RUN,14.8,15.9,5.10314,5.63093,1.1
0.6,squeeze,5,WALK,15.9,18.2,5.63093,6.07989,2.3
0.6,squeeze,5,RUN,18.2,19.8,6.07989,6.84029,1.6
0.6,squeeze,5,WALK,19.8,28.1,6.84029,8.46392,8.3
0.6,squeeze,5,RUN,28.1,30.3,8.46392,9.5,2.2
0.6,squeeze,6,TROT,0,0.6,1,1.33,0.6
0.6,squeeze,6,RUN,0.6,2.4,1.33,2.17196,1.8
0.6,squeeze,6,WALK,2.4,35.4,2.17196,8.71288,33
0.6,squeeze,6,RUN,35.4,37.6,8.71288,9.75,2.2
0.6,squeeze,7,TROT,0,0.6,1,1.33,0.6
0.6,squeeze,7,RUN,0.6,2.5,1.33,2.2197,1.9
0.6,squeeze,7,WALK,2.5,17.6,2.2197,5.20381,15.1
0.6,squeeze,7,RUN,17.6,19,5.20381,5.86835,1.4
0.6,squeeze,7,WALK,19,21,5.86835,6.26344,2
0.6,squeeze,7,RUN,21,28.7,6.26344,9.9,7.7
0.6,squeeze,8,TROT,0,0.6,1,1.33,0.6
0.6,squeeze,8,WALK,0.6,41.5,1.33,9.39691,40.9
0.6,squeeze,8,RUN,41.5,43.7,9.39691,10.45,2.2
0.6,squeeze,9,TROT,0,0.6,1,1.33,0.6
0.6,squeeze,9,RUN,0.6,2.5,1.33,2.21991,1.9
0.6,squeeze,9,WALK,2.5,37.4,2.21991,9.16151,34.9
0.6,squeeze,9,RUN,37.4,39.6,9.16151,10.2,2.2
0.6,agility_poles,0,TROT,0,0.6,1,1.33,0.6
0.6,agility_poles,0,RUN,0.6,41,1.33,17.2822,40.4
0.6,agility_poles,0,WALK,41,46.4,17.2822,18.3,5.4
0.6,agility_poles,1,TROT,0,0.6,1,1.33,0.6
0.6,agility_poles,1,RUN,0.6,41.7,1.33,17.25,41.1
0.6,agility_poles,2,TROT,0,0.6,1,1.33,0.6
0.6,agility_poles,2,RUN,0.6,40.3,1.33,16.55,39.7
0.6,agility_poles,3,TROT,0,0.6,1,1.33,0.6
0.6,agility_poles,3,RUN,0.6,38.7,1.33,15.5,38.1
0.6,agility_poles,4,TROT,0,0.6,1,1.33,0.6
0.6,agility_poles,4,RUN,0.6,36.8,1.33,14.8,36.2
0.6,agility_poles,5,TROT,0,0.6,1,1.33,0.6
0.6,agility_poles,5,RUN,0.6,35.2,1.33,13.75,34.6
0.6,agility_poles,6,TROT,0,0.6,1,1.33,0.6
0.6,agility_poles,6,RUN,0.6,33.8,1.33,13.05,33.2
0.6,agility_poles,7,TROT,0,0.6,1,1.33,0.6
0.6,agility_poles,7,RUN,0.6,32.2,1.33,12,31.6
0.6,agility_poles,8,TROT,0,0.6,1,1.33,0.6
0.6,agility_poles,8,RUN,0.6,31.3,1.33,11.3,30.7
0.6,agility_poles,9,TROT,0,0.6,1,1.33,0.6
0.6,agility_poles,9,RUN,0.6,1.3,1.33,1.62186,0.7
0.6,agility_poles,9,WALK,1.3,2.4,1.62186,1.80803,1.1
0.6,agility_poles,9,RUN,2.4,30.4,1.80803,10.25,28
0.6,balance_beam,0,TROT,0,0.6,1,1.33,0.6
0.6,balance_beam,0,RUN,0.6,19.3,1.33,10,18.7
0.6,balance_beam,1,TROT,0,0.6,1,1.33,0.6
0.6,balance_beam,1,RUN,0.6,20.5,1.33,10.6,19.9
0.6,balance_beam,2,TROT,0,0.6,1,1.33,0.6
0.6,balance_beam,2,RUN,0.6,21,1.33,10.9,20.4
0.6,balance_beam,3,TROT,0,0.6,1,1.33,0.6
0.6,balance_beam,3,RUN,0.6,22.4,1.33,11.5,21.8
0.6,balance_beam,4,TROT,0,0.6,1,1.33,0.6
0.6,balance_beam,4,RUN,0.6,23.6,1.33,12.1,23
0.6,balance_beam,5,TROT,0,0.6,1,1.33,0.6
0.6,balance_beam,5,RUN,0.6,24.1,1.33,12.4,23.5
0.6,balance_beam,6,TROT,0,0.6,1,1.33,0.6
0.6,balance_beam,6,RUN,0.6,25.3,1.33,13,24.7
0.6,balance_beam,7,TROT,0,0.6,1,1.33,0.6
0.6,balance_beam,7,RUN,0.6,26.5,1.33,13.6,25.9
0.6,balance_beam,8,TROT,0,0.6,1,1.33,0.6
0.6,balance_beam,8,RUN,0.6,27.2,1.33,13.9,26.6
0.6,balance_beam,9,TROT,0,0.6,1,1.33,0.6
0.6,balance_beam,9,WALK,0.6,63.8,1.33,13.86,63.2
0.6,balance_beam,9,RUN,63.8,65.2,13.86,14.5,1.4
0.8,jump_on_and_off_box,0,TROT,0,0.8,1,1.44,0.8
0.8,jump_on_and_off_box,0,WALK,0.8,3.2,1.44,1.89994,2.4
0.8,jump_on_and_off_box,0,RUN,3.2,4.1,1.89994,2.33187,0.9
0.8,jump_on_and_off_box,0,WALK,4.1,8.2,2.33187,3.14304,4.1
0.8,jump_on_and_off_box,0,RUN,8.2,9.3,3.14304,3.67103,1.1
0.8,jump_on_and_off_box,0,TROT,9.3,10.2,3.67103,4.16603,0.9
0.8,jump_on_and_off_box,0,WALK,10.2,12.3,4.16603,4.58603,2.1
0.8,jump_on_and_off_box,0,RUN,12.3,13.2,4.58603,5.01803,0.9
0.8,jump_on_and_off_box,0,WALK,13.2,16.9,5.01803,5.7446,3.7
0.8,jump_on_and_off_box,0,RUN,16.9,18,5.7446,6.27246,1.1
0.8,jump_on_and_off_box,0,WALK,18,22.6,6.27246,7.1922,4.6
0.8,jump_on_and_off_box,0,RUN,22.6,23.5,7.1922,7.62408,0.9
0.8,jump_on_and_off_box,0,WALK,23.5,28.1,7.62408,8.53808,4.6
0.8,jump_on_and_off_box,0,RUN,28.1,29.2,8.53808,9.06582,1.1
0.8,jump_on_and_off_box,0,WALK,29.2,33.8,9.06582,9.98537,4.6
0.8,jump_on_and_off_box,0,RUN,33.8,34.7,9.98537,10.4172,0.9
0.8,jump_on_and_off_box,0,WALK,34.7,39.2,10.4172,11.2981,4.5
0.8,jump_on_and_off_box,0,RUN,39.2,40.2,11.2981,11.7778,1
0.8,jump_on_and_off_box,0,WALK,40.2,45,11.7778,12.7373,4.8
0.8,jump_on_and_off_box,0,RUN,45,45.9,12.7373,13.169,0.9
0.8,jump_on_and_off_box,0,WALK,45.9,50.6,13.169,14.0942,4.7
0.8,jump_on_and_off_box,0,RUN,50.6,51.7,14.0942,14.6213,1.1
0.8,jump_on_and_off_box,0,WALK,51.7,56.3,14.6213,15.5397,4.6
0.8,jump_on_and_off_box,0,RUN,56.3,57.2,15.5397,15.971,0.9
0.8,jump_on_and_off_box,0,WALK,57.2,60.2,15.971,16.5539,3
0.8,jump_on_and_off_box,0,RUN,60.2,61.6,16.5539,17.2256,1.4
0.8,jump_on_and_off_box,0,WALK,61.6,68.5,17.2256,18.6,6.9
0.8,jump_on_and_off_box,1,TROT,0,0.8,1,1.44,0.8
0.8,jump_on_and_off_box,1,WALK,0.8,3.2,1.44,1.89999,2.4
0.8,jump_on_and_off_box,1,RUN,3.2,4.1,1.89999,2.33199,0.9
0.8,jump_on_and_off_box,1,WALK,4.1,7.5,2.33199,2.99375,3.4
0.8,jump_on_and_off_box,1,RUN,7.5,8.6,2.99375,3.52153,1.1
0.8,jump_on_and_off_box,1,WALK,8.6,13.2,3.52153,4.44115,4.6
0.8,jump_on_and_off_box,1,RUN,13.2,14.1,4.44115,4.87297,0.9
0.8,jump_on_and_off_box,1,WALK,14.1,18.2,4.87297,5.68902,4.1
0.8,jump_on_and_off_box,1,RUN,18.2,19.3,5.68902,6.21696,1.1
0.8,jump_on_and_off_box,1,WALK,19.3,23.9,6.21696,7.13687,4.6
0.8,jump_on_and_off_box,1,RUN,23.9,24.8,7.13687,7.56883,0.9
0.8,jump_on_and_off_box,1,WALK,24.8,28.7,7.56883,8.346,3.9
0.8,jump_on_and_off_box,1,RUN,28.7,29.7,8.346,8.82593,1
0.8,jump_on_and_off_box,1,WALK,29.7,34.5,8.82593,9.78579,4.8
0.8,jump_on_and_off_box,1,RUN,34.5,35.4,9.78579,10.2177,0.9
0.8,jump_on_and_off_box,1,WALK,35.4,39.3,10.2177,10.9851,3.9
0.8,jump_on_and_off_box,1,RUN,39.3,40.4,10.9851,11.5131,1.1
0.8,jump_on_and_off_box,1,WALK,40.4,45.1,11.5131,12.4531,4.7
0.8,jump_on_and_off_box,1,RUN,45.1,46,12.4531,12.8851,0.9
0.8,jump_on_and_off_box,1,WALK,46,50.1,12.8851,13.6896,4.1
0.8,jump_on_and_off_box,1,RUN,50.1,51.2,13.6896,14.2163,1.1
0.8,jump_on_and_off_box,1,WALK,51.2,55.9,14.2163,15.1541,4.7
0.8,jump_on_and_off_box,1,RUN,55.9,56.8,15.1541,15.585,0.9
0.8,jump_on_and_off_box,1,WALK,56.8,59.9,15.585,16.1853,3.1
0.8,jump_on_and_off_box,1,RUN,59.9,62.1,16.1853,17.2405,2.2
0.8,jump_on_and_off_box,1,WALK,62.1,67.2,17.2405,18.25,5.1
0.8,jump_on_and_off_box,2,TROT,0,0.8,1,1.44,0.8
0.8,jump_on_and_off_box,2,WALK,0.8,3.2,1.44,1.89882,2.4
0.8,jump_on_and_off_box,2,RUN,3.2,4.1,1.89882,2.32954,0.9
0.8,jump_on_and_off_box,2,WALK,4.1,8.5,2.32954,3.20134,4.4
0.8,jump_on_and_off_box,2,RUN,8.5,9.4,3.20134,3.63331,0.9
0.8,jump_on_and_off_box,2,WALK,9.4,14.2,3.63331,4.59324,4.8
0.8,jump_on_and_off_box,2,RUN,14.2,15.1,4.59324,5.02521,0.9
0.8,jump_on_and_off_box,2,WALK,15.1,19,5.02521,5.78595,3.9
0.8,jump_on_and_off_box,2,RUN,19,20,5.78595,6.26588,1
0.8,jump_on_and_off_box,2,WALK,20,24.6,6.26588,7.18574,4.6
0.8,jump_on_and_off_box,2,RUN,24.6,25.5,7.18574,7.61768,0.9
0.8,jump_on_and_off_box,2,WALK,25.5,28.7,7.61768,8.24053,3.2
0.8,jump_on_and_off_box,2,RUN,28.7,29.7,8.24053,8.72053,1
0.8,jump_on_and_off_box,2,WALK,29.7,34.3,8.72053,9.64053,4.6
0.8,jump_on_and_off_box,2,RUN,34.3,35.2,9.64053,10.0725,0.9
0.8,jump_on_and_off_box,2,WALK,35.2,38.6,10.0725,10.7494,3.4
0.8,jump_on_and_off_box,2,RUN,38.6,39.5,10.7494,11.1813,0.9
0.8,jump_on_and_off_box,2,WALK,39.5,44.3,11.1813,12.141,4.8
0.8,jump_on_and_off_box,2,RUN,44.3,45.2,12.141,12.5729,0.9
0.8,jump_on_and_off_box,2,WALK,45.2,49.1,12.5729,13.3417,3.9
0.8,jump_on_and_off_box,2,RUN,49.1,50.1,13.3417,13.8212,1
0.8,jump_on_and_off_box,2,WALK,50.1,54.7,13.8212,14.7401,4.6
0.8,jump_on_and_off_box,2,RUN,54.7,55.6,14.7401,15.1716,0.9
0.8,jump_on_and_off_box,2,WALK,55.6,59.6,15.1716,15.9535,4
0.8,jump_on_and_off_box,2,RUN,59.6,62.3,15.9535,17.2489,2.7
0.8,jump_on_and_off_box,2,WALK,62.3,65.9,17.2489,17.95,3.6
0.8,jump_on_and_off_box,3,TROT,0,0.8,1,1.44,0.8
0.8,jump_on_and_off_box,3,WALK,0.8,7.9,1.44,2.83535,7.1
0.8,jump_on_and_off_box,3,RUN,7.9,8.9,2.83535,3.31496,1
0.8,jump_on_and_off_box,3,WALK,8.9,13.6,3.31496,4.25419,4.7
0.8,jump_on_and_off_box,3,RUN,13.6,14.5,4.25419,4.68584,0.9
0.8,jump_on_and_off_box,3,WALK,14.5,17.8,4.68584,5.33516,3.3
0.8,jump_on_and_off_box,3,RUN,17.8,18.8,5.33516,5.81483,1
0.8,jump_on_and_off_box,3,WALK,18.8,23.5,5.81483,6.7542,4.7
0.8,jump_on_and_off_box,3,RUN,23.5,24.4,6.7542,7.1859,0.9
0.8,jump_on_and_off_box,3,WALK,24.4,28,7.1859,7.8898,3.6
0.8,jump_on_and_off_box,3,RUN,28,29,7.8898,8.36926,1
0.8,jump_on_and_off_box,3,WALK,29,33.6,8.36926,9.28824,4.6
0.8,jump_on_and_off_box,3,RUN,33.6,34.5,9.28824,9.71976,0.9
0.8,jump_on_and_off_box,3,WALK,34.5,38.2,9.71976,10.4504,3.7
0.8,jump_on_and_off_box,3,RUN,38.2,39.1,10.4504,10.8817,0.9
0.8,jump_on_and_off_box,3,WALK,39.1,43.9,10.8817,11.8402,4.8
0.8,jump_on_and_off_box,3,RUN,43.9,44.8,11.8402,12.2715,0.9
0.8,jump_on_and_off_box,3,WALK,44.8,48.5,12.2715,12.9948,3.7
0.8,jump_on_and_off_box,3,RUN,48.5,49.4,12.9948,13.4263,0.9
0.8,jump_on_and_off_box,3,WALK,49.4,54.2,13.4263,14.3852,4.8
0.8,jump_on_and_off_box,3,RUN,54.2,55.1,14.3852,14.8167,0.9
0.8,jump_on_and_off_box,3,WALK,55.1,58.3,14.8167,15.4459,3.2
0.8,jump_on_and_off_box,3,RUN,58.3,62.1,15.4459,17.2695,3.8
0.8,jump_on_and_off_box,3,WALK,62.1,63.1,17.2695,17.45,1
0.8,jump_on_and_off_box,4,TROT,0,0.8,1,1.44,0.8
0.8,jump_on_and_off_box,4,WALK,0.8,3.2,1.44,1.89982,2.4
0.8,jump_on_and_off_box,4,RUN,3.2,4.1,1.89982,2.33162,0.9
0.8,jump_on_and_off_box,4,WALK,4.1,8,2.33162,3.10313,3.9
0.8,jump_on_and_off_box,4,RUN,8,8.9,3.10313,3.53513,0.9
0.8,jump_on_and_off_box,4,WALK,8.9,18.2,3.53513,5.38679,9.3
0.8,jump_on_and_off_box,4,RUN,18.2,19.2,5.38679,5.86653,1
0.8,jump_on_and_off_box,4,WALK,19.2,23.8,5.86653,6.78602,4.6
0.8,jump_on_and_off_box,4,RUN,23.8,24.7,6.78602,7.21779,0.9
0.8,jump_on_and_off_box,4,WALK,24.7,27.9,7.21779,7.84604,3.2
0.8,jump_on_and_off_box,4,RUN,27.9,28.8,7.84604,8.27784,0.9
0.8,jump_on_and_off_box,4,WALK,28.8,33.6,8.27784,9.23741,4.8
0.8,jump_on_and_off_box,4,RUN,33.6,34.5,9.23741,9.66921,0.9
0.8,jump_on_and_off_box,4,WALK,34.5,37.7,9.66921,10.2964,3.2
0.8,jump_on_and_off_box,4,RUN,37.7,38.6,10.2964,10.728,0.9
0.8,jump_on_and_off_box,4,WALK,38.6,43.4,10.728,11.6871,4.8
0.8,jump_on_and_off_box,4,RUN,43.4,44.3,11.6871,12.1187,0.9
0.8,jump_on_and_off_box,4,WALK,44.3,47.5,12.1187,12.7492,3.2
0.8,jump_on_and_off_box,4,RUN,47.5,48.4,12.7492,13.1811,0.9
0.8,jump_on_and_off_box,4,WALK,48.4,53.2,13.1811,14.1407,4.8
0.8,jump_on_and_off_box,4,RUN,53.2,54.1,14.1407,14.5725,0.9
0.8,jump_on_and_off_box,4,WALK,54.1,58,14.5725,15.338,3.9
0.8,jump_on_and_off_box,4,RUN,58,62,15.338,17.258,4
0.8,jump_on_and_off_box,4,WALK,62,62.5,17.258,17.35,0.5
0.8,jump_on_and_off_box,5,TROT,0,0.8,1,1.44,0.8
0.8,jump_on_and_off_box,5,WALK,0.8,3.2,1.44,1.89913,2.4
0.8,jump_on_and_off_box,5,RUN,3.2,4.1,1.89913,2.3302,0.9
0.8,jump_on_and_off_box,5,WALK,4.1,7.2,2.3302,2.93609,3.1
0.8,jump_on_and_off_box,5,RUN,7.2,8.1,2.93609,3.36788,0.9
0.8,jump_on_and_off_box,5,WALK,8.1,12.7,3.36788,4.28744,4.6
0.8,jump_on_and_off_box,5,RUN,12.7,13.6,4.28744,4.71923,0.9
0.8,jump_on_and_off_box,5,WALK,13.6,17.8,4.71923,5.54037,4.2
0.8,jump_on_and_off_box,5,RUN,17.8,18.7,5.54037,5.97234,0.9
0.8,jump_on_and_off_box,5,WALK,18.7,28.1,5.97234,7.8364,9.4
0.8,jump_on_and_off_box,5,RUN,28.1,29,7.8364,8.2682,0.9
0.8,jump_on_and_off_box,5,WALK,29,33.6,8.2682,9.18779,4.6
0.8,jump_on_and_off_box,5,RUN,33.6,34.5,9.18779,9.6196,0.9
0.8,jump_on_and_off_box,5,WALK,34.5,37.7,9.6196,10.2475,3.2
0.8,jump_on_and_off_box,5,RUN,37.7,38.6,10.2475,10.6795,0.9
0.8,jump_on_and_off_box,5,WALK,38.6,43.2,10.6795,11.5994,4.6
0.8,jump_on_and_off_box,5,RUN,43.2,44.1,11.5994,12.0314,0.9
0.8,jump_on_and_off_box,5,WALK,44.1,48.2,12.0314,12.8431,4.1
0.8,jump_on_and_off_box,5,RUN,48.2,49.1,12.8431,13.2751,0.9
0.8,jump_on_and_off_box,5,WALK,49.1,58.2,13.2751,15.0907,9.1
0.8,jump_on_and_off_box,5,RUN,58.2,62.3,15.0907,17.05,4.1
0.8,jump_on_and_off_box,6,TROT,0,0.8,1,1.44,0.8
0.8,jump_on_and_off_box,6,WALK,0.8,8,1.44,2.84137,7.2
0.8,jump_on_and_off_box,6,RUN,8,8.9,2.84137,3.27319,0.9
0.8,jump_on_and_off_box,6,WALK,8.9,13.5,3.27319,4.19281,4.6
0.8,jump_on_and_off_box,6,RUN,13.5,14.4,4.19281,4.62463,0.9
0.8,jump_on_and_off_box,6,WALK,14.4,17.3,4.62463,5.20216,2.9
0.8,jump_on_and_off_box,6,RUN,17.3,18.2,5.20216,5.63412,0.9
0.8,jump_on_and_off_box,6,WALK,18.2,22.8,5.63412,6.55403,4.6
0.8,jump_on_and_off_box,6,RUN,22.8,23.7,6.55403,6.98599,0.9
0.8,jump_on_and_off_box,6,WALK,23.7,27.3,6.98599,7.68965,3.6
0.8,jump_on_and_off_box,6,RUN,27.3,28.2,7.68965,8.1212,0.9
0.8,jump_on_and_off_box,6,WALK,28.2,32.8,8.1212,9.04023,4.6
0.8,jump_on_and_off_box,6,RUN,32.8,33.7,9.04023,9.47178,0.9
0.8,jump_on_and_off_box,6,WALK,33.7,36.7,9.47178,10.0511,3
0.8,jump_on_and_off_box,6,RUN,36.7,37.6,10.0511,10.4821,0.9
0.8,jump_on_and_off_box,6,WALK,37.6,42.2,10.4821,11.4001,4.6
0.8,jump_on_and_off_box,6,RUN,42.2,43.1,11.4001,11.8312,0.9
0.8,jump_on_and_off_box,6,WALK,43.1,47,11.8312,12.6022,3.9
0.8,jump_on_and_off_box,6,RUN,47,47.9,12.6022,13.0341,0.9
0.8,jump_on_and_off_box,6,WALK,47.9,52.5,13.0341,13.9539,4.6
0.8,jump_on_and_off_box,6,RUN,52.5,53.4,13.9539,14.3858,0.9
0.8,jump_on_and_off_box,6,WALK,53.4,56.3,14.3858,14.9512,2.9
0.8,jump_on_and_off_box,6,RUN,56.3,60.4,14.9512,16.9,4.1
0.8,jump_on_and_off_box,7,TROT,0,0.8,1,1.44,0.8
0.8,jump_on_and_off_box,7,WALK,0.8,7.8,1.44,2.80494,7
0.8,jump_on_and_off_box,7,RUN,7.8,8.7,2.80494,3.23675,0.9
0.8,jump_on_and_off_box,7,WALK,8.7,17.8,3.23675,5.0459,9.1
0.8,jump_on_and_off_box,7,RUN,17.8,18.7,5.0459,5.47783,0.9
0.8,jump_on_and_off_box,7,WALK,18.7,27.3,5.47783,7.18649,8.6
0.8,jump_on_and_off_box,7,RUN,27.3,28.2,7.18649,7.61759,0.9
0.8,jump_on_and_off_box,7,WALK,28.2,32.6,7.61759,8.49577,4.4
0.8,jump_on_and_off_box,7,RUN,32.6,33.5,8.49577,8.92688,0.9
0.8,jump_on_and_off_box,7,WALK,33.5,37.2,8.92688,9.65193,3.7
0.8,jump_on_and_off_box,7,RUN,37.2,38.1,9.65193,10.0835,0.9
0.8,jump_on_and_off_box,7,WALK,38.1,42.4,10.0835,10.9427,4.3
0.8,jump_on_and_off_box,7,RUN,42.4,43.3,10.9427,11.3743,0.9
0.8,jump_on_and_off_box,7,WALK,43.3,47.2,11.3743,12.1498,3.9
0.8,jump_on_and_off_box,7,RUN,47.2,48.1,12.1498,12.5814,0.9
0.8,jump_on_and_off_box,7,WALK,48.1,52.4,12.5814,13.4406,4.3
0.8,jump_on_and_off_box,7,RUN,52.4,53.3,13.4406,13.8722,0.9
0.8,jump_on_and_off_box,7,WALK,53.3,57.2,13.8722,14.64,3.9
0.8,jump_on_and_off_box,7,RUN,57.2,61.2,14.64,16.55,4
0.8,jump_on_and_off_box,8,TROT,0,0.8,1,1.44,0.8
0.8,jump_on_and_off_box,8,WALK,0.8,3.2,1.44,1.89988,2.4
0.8,jump_on_and_off_box,8,RUN,3.2,4.1,1.89988,2.33176,0.9
0.8,jump_on_and_off_box,8,WALK,4.1,7.7,2.33176,3.04854,3.6
0.8,jump_on_and_off_box,8,RUN,7.7,8.6,3.04854,3.48028,0.9
0.8,jump_on_and_off_box,8,WALK,8.6,12.9,3.48028,4.33977,4.3
0.8,jump_on_and_off_box,8,RUN,12.9,13.8,4.33977,4.77151,0.9
0.8,jump_on_and_off_box,8,WALK,13.8,16.7,4.77151,5.34274,2.9
0.8,jump_on_and_off_box,8,RUN,16.7,17.6,5.34274,5.77389,0.9
0.8,jump_on_and_off_box,8,WALK,17.6,22,5.77389,6.65214,4.4
0.8,jump_on_and_off_box,8,RUN,22,22.9,6.65214,7.08329,0.9
0.8,jump_on_and_off_box,8,WALK,22.9,26,7.08329,7.69981,3.1
0.8,jump_on_and_off_box,8,RUN,26,26.9,7.69981,8.13171,0.9
0.8,jump_on_and_off_box,8,WALK,26.9,35.8,8.13171,9.89876,8.9
0.8,jump_on_and_off_box,8,RUN,35.8,36.7,9.89876,10.3307,0.9
0.8,jump_on_and_off_box,8,WALK,36.7,41,10.3307,11.1906,4.3
0.8,jump_on_and_off_box,8,RUN,41,41.9,11.1906,11.6225,0.9
0.8,jump_on_and_off_box,8,WALK,41.9,45.6,11.6225,12.3466,3.7
0.8,jump_on_and_off_box,8,RUN,45.6,46.5,12.3466,12.7783,0.9
0.8,jump_on_and_off_box,8,WALK,46.5,50.8,12.7783,13.6377,4.3
0.8,jump_on_and_off_box,8,RUN,50.8,51.7,13.6377,14.0694,0.9
0.8,jump_on_and_off_box,8,WALK,51.7,54.6,14.0694,14.6414,2.9
0.8,jump_on_and_off_box,8,RUN,54.6,58.6,14.6414,16.55,4
0.8,jump_on_and_off_box,9,TROT,0,0.8,1,1.44,0.8
0.8,jump_on_and_off_box,9,WALK,0.8,3.2,1.44,1.8997,2.4
0.8,jump_on_and_off_box,9,RUN,3.2,4.1,1.8997,2.33137,0.9
0.8,jump_on_and_off_box,9,WALK,4.1,7.2,2.33137,2.94723,3.1
0.8,jump_on_and_off_box,9,RUN,7.2,8.1,2.94723,3.37912,0.9
0.8,jump_on_and_off_box,9,WALK,8.1,16.2,3.37912,4.9903,8.1
0.8,jump_on_and_off_box,9,RUN,16.2,17.1,4.9903,5.42229,0.9
0.8,jump_on_and_off_box,9,WALK,17.1,21.2,5.42229,6.24228,4.1
0.8,jump_on_and_off_box,9,RUN,21.2,22.1,6.24228,6.67428,0.9
0.8,jump_on_and_off_box,9,WALK,22.1,25,6.67428,7.24692,2.9
0.8,jump_on_and_off_box,9,RUN,25,25.9,7.24692,7.67812,0.9
0.8,jump_on_and_off_box,9,WALK,25.9,30,7.67812,8.49662,4.1
0.8,jump_on_and_off_box,9,RUN,30,30.9,8.49662,8.92783,0.9
0.8,jump_on_and_off_box,9,WALK,30.9,34.3,8.92783,9.60123,3.4
0.8,jump_on_and_off_box,9,RUN,34.3,35.2,9.60123,10.0332,0.9
0.8,jump_on_and_off_box,9,WALK,35.2,39.3,10.0332,10.8532,4.1
0.8,jump_on_and_off_box,9,RUN,39.3,40.2,10.8532,11.2852,0.9
0.8,jump_on_and_off_box,9,WALK,40.2,43.8,11.2852,11.9886,3.6
0.8,jump_on_and_off_box,9,RUN,43.8,44.7,11.9886,12.4196,0.9
0.8,jump_on_and_off_box,9,WALK,44.7,53.6,12.4196,14.1938,8.9
0.8,jump_on_and_off_box,9,RUN,53.6,57.5,14.1938,16.05,3.9
0.8,forward_ramp_lips,0,TROT,0,0.8,1,1.44,0.8
0.8,forward_ramp_lips,0,WALK,0.8,52.7,1.44,11.746,51.9
0.8,forward_ramp_lips,0,TROT,52.7,53.6,11.746,12.2409,0.9
0.8,forward_ramp_lips,0,WALK,53.6,56.1,12.2409,12.7368,2.5
0.8,forward_ramp_lips,0,RUN,56.1,59.3,12.7368,14.25,3.2
0.8,forward_ramp_lips,1,TROT,0,0.8,1,1.44,0.8
0.8,forward_ramp_lips,1,WALK,0.8,3.2,1.44,1.89932,2.4
0.8,forward_ramp_lips,1,TROT,3.2,4.1,1.89932,2.39347,0.9
0.8,forward_ramp_lips,1,WALK,4.1,11.2,2.39347,3.80178,7.1
0.8,forward_ramp_lips,1,TROT,11.2,12.1,3.80178,4.29669,0.9
0.8,forward_ramp_lips,1,WALK,12.1,20.2,4.29669,5.90502,8.1
0.8,forward_ramp_lips,1,TROT,20.2,21.1,5.90502,6.39876,0.9
0.8,forward_ramp_lips,1,WALK,21.1,28.9,6.39876,7.95283,7.8
0.8,forward_ramp_lips,1,TROT,28.9,29.8,7.95283,8.44694,0.9
0.8,forward_ramp_lips,1,WALK,29.8,36.9,8.44694,9.84525,7.1
0.8,forward_ramp_lips,1,TROT,36.9,37.8,9.84525,10.3385,0.9
0.8,forward_ramp_lips,1,WALK,37.8,49.8,10.3385,12.7021,12
0.8,forward_ramp_lips,1,RUN,49.8,53,12.7021,14.2,3.2
0.8,forward_ramp_lips,2,TROT,0,0.8,1,1.44,0.8
0.8,forward_ramp_lips,2,WALK,0.8,3.2,1.44,1.8999,2.4
0.8,forward_ramp_lips,2,TROT,3.2,4.1,1.8999,2.39479,0.9
0.8,forward_ramp_lips,2,WALK,4.1,11.9,2.39479,3.94734,7.8
0.8,forward_ramp_lips,2,TROT,11.9,12.8,3.94734,4.44159,0.9
0.8,forward_ramp_lips,2,WALK,12.8,20.4,4.44159,5.93722,7.6
0.8,forward_ramp_lips,2,TROT,20.4,21.3,5.93722,6.43059,0.9
0.8,forward_ramp_lips,2,WALK,21.3,38.2,6.43059,9.7943,16.9
0.8,forward_ramp_lips,2,TROT,38.2,39.1,9.7943,10.2881,0.9
0.8,forward_ramp_lips,2,WALK,39.1,51.5,10.2881,12.753,12.4
0.8,forward_ramp_lips,2,RUN,51.5,54.7,12.753,14.25,3.2
0.8,forward_ramp_lips,3,TROT,0,0.8,1,1.44,0.8
0.8,forward_ramp_lips,3,WALK,0.8,3.2,1.44,1.89937,2.4
0.8,forward_ramp_lips,3,TROT,3.2,4.1,1.89937,2.39359,0.9
0.8,forward_ramp_lips,3,WALK,4.1,12.2,2.39359,4.00295,8.1
0.8,forward_ramp_lips,3,TROT,12.2,13.1,4.00295,4.49794,0.9
0.8,forward_ramp_lips,3,WALK,13.1,29.2,4.49794,7.70028,16.1
0.8,forward_ramp_lips,3,TROT,29.2,30.1,7.70028,8.1952,0.9
0.8,forward_ramp_lips,3,WALK,30.1,38.4,8.1952,9.84691,8.3
0.8,forward_ramp_lips,3,TROT,38.4,39.3,9.84691,10.3412,0.9
0.8,forward_ramp_lips,3,WALK,39.3,46.9,10.3412,11.8439,7.6
0.8,forward_ramp_lips,3,TROT,46.9,47.8,11.8439,12.3385,0.9
0.8,forward_ramp_lips,3,WALK,47.8,51.2,12.3385,13.002,3.4
0.8,forward_ramp_lips,3,RUN,51.2,54.4,13.002,14.5,3.2
0.8,forward_ramp_lips,4,TROT,0,0.8,1,1.44,0.8
0.8,forward_ramp_lips,4,WALK,0.8,3.2,1.44,1.89883,2.4
0.8,forward_ramp_lips,4,TROT,3.2,4.1,1.89883,2.39239,0.9
0.8,forward_ramp_lips,4,WALK,4.1,11.7,2.39239,3.89302,7.6
0.8,forward_ramp_lips,4,TROT,11.7,12.6,3.89302,4.38697,0.9
0.8,forward_ramp_lips,4,WALK,12.6,39.6,4.38697,9.75358,27
0.8,forward_ramp_lips,4,TROT,39.6,40.5,9.75358,10.2484,0.9
0.8,forward_ramp_lips,4,WALK,40.5,52.5,10.2484,12.6393,12
0.8,forward_ramp_lips,4,RUN,52.5,55.8,12.6393,14.2,3.3
0.8,forward_ramp_lips,5,TROT,0,0.8,1,1.44,0.8
0.8,forward_ramp_lips,5,WALK,0.8,3.2,1.44,1.89971,2.4
0.8,forward_ramp_lips,5,TROT,3.2,4.1,1.89971,2.39436,0.9
0.8,forward_ramp_lips,5,WALK,4.1,48.9,2.39436,11.2945,44.8
0.8,forward_ramp_lips,5,RUN,48.9,52.2,11.2945,12.85,3.3
0.8,forward_ramp_lips,6,TROT,0,0.8,1,1.44,0.8
0.8,forward_ramp_lips,6,WALK,0.8,3.2,1.44,1.89934,2.4
0.8,forward_ramp_lips,6,TROT,3.2,4.1,1.89934,2.39352,0.9
0.8,forward_ramp_lips,6,WALK,4.1,31.5,2.39352,7.83947,27.4
0.8,forward_ramp_lips,6,TROT,31.5,32.4,7.83947,8.33372,0.9
0.8,forward_ramp_lips,6,WALK,32.4,56.1,8.33372,13.0476,23.7
0.8,forward_ramp_lips,6,RUN,56.1,59.4,13.0476,14.6,3.3
0.8,forward_ramp_lips,7,TROT,0,0.8,1,1.44,0.8
0.8,forward_ramp_lips,7,WALK,0.8,3.2,1.44,1.89919,2.4
0.8,forward_ramp_lips,7,TROT,3.2,4.1,1.89919,2.39318,0.9
0.8,forward_ramp_lips,7,WALK,4.1,12.4,2.39318,4.03786,8.3
0.8,forward_ramp_lips,7,TROT,12.4,13.3,4.03786,4.53235,0.9
0.8,forward_ramp_lips,7,WALK,13.3,50.3,4.53235,11.8882,37
0.8,forward_ramp_lips,7,TROT,50.3,51.2,11.8882,12.383,0.9
0.8,forward_ramp_lips,7,WALK,51.2,54.5,12.383,13.0368,3.3
0.8,forward_ramp_lips,7,RUN,54.5,57.8,13.0368,14.6,3.3
0.8,forward_ramp_lips,8,TROT,0,0.8,1,1.44,0.8
0.8,forward_ramp_lips,8,WALK,0.8,6.5,1.44,2.54159,5.7
0.8,forward_ramp_lips,8,RUN,6.5,7.4,2.54159,2.97249,0.9
0.8,forward_ramp_lips,8,WALK,7.4,15.1,2.97249,4.50189,7.7
0.8,forward_ramp_lips,8,RUN,15.1,16,4.50189,4.93388,0.9
0.8,forward_ramp_lips,8,WALK,16,23.8,4.93388,6.48602,7.8
0.8,forward_ramp_lips,8,RUN,23.8,24.7,6.48602,6.91798,0.9
0.8,forward_ramp_lips,8,WALK,24.7,32.8,6.91798,8.53565,8.1
0.8,forward_ramp_lips,8,RUN,32.8,33.7,8.53565,8.96753,0.9
0.8,forward_ramp_lips,8,WALK,33.7,41.1,8.96753,10.4403,7.4
0.8,forward_ramp_lips,8,RUN,41.1,42,10.4403,10.8716,0.9
0.8,forward_ramp_lips,8,WALK,42,48.4,10.8716,12.1418,6.4
0.8,forward_ramp_lips,8,RUN,48.4,51.8,12.1418,13.75,3.4
0.8,forward_ramp_lips,9,TROT,0,0.8,1,1.44,0.8
0.8,forward_ramp_lips,9,WALK,0.8,8.7,1.44,2.98983,7.9
0.8,forward_ramp_lips,9,RUN,8.7,9.6,2.98983,3.42176,0.9
0.8,forward_ramp_lips,9,WALK,9.6,17.7,3.42176,5.03656,8.1
0.8,forward_ramp_lips,9,RUN,17.7,18.6,5.03656,5.4685,0.9
0.8,forward_ramp_lips,9,WALK,18.6,27,5.4685,7.14402,8.4
0.8,forward_ramp_lips,9,RUN,27,27.9,7.14402,7.57526,0.9
0.8,forward_ramp_lips,9,WALK,27.9,36.1,7.57526,9.19848,8.2
0.8,forward_ramp_lips,9,RUN,36.1,37,9.19848,9.63006,0.9
0.8,forward_ramp_lips,9,WALK,37,44.6,9.63006,11.1375,7.6
0.8,forward_ramp_lips,9,RUN,44.6,45.5,11.1375,11.5693,0.9
0.8,forward_ramp_lips,9,WALK,45.5,52.4,11.5693,12.9393,6.9
0.8,forward_ramp_lips,9,RUN,52.4,55.8,12.9393,14.55,3.4
0.8,sphere_bump_lips,0,TROT,0,0.9,1,1.495,0.9
0.8,sphere_bump_lips,0,RUN,0.9,1.8,1.495,1.87103,0.9
0.8,sphere_bump_lips,0,WALK,1.8,2.7,1.87103,2.04496,0.9
0.8,sphere_bump_lips,0,JUMP,2.7,3.5,2.04496,2.04496,0.8
0.8,sphere_bump_lips,0,WALK,3.5,10.5,2.04496,3.3728,7
0.8,sphere_bump_lips,0,RUN,10.5,11.4,3.3728,3.77543,0.9
0.8,sphere_bump_lips,0,WALK,11.4,12.3,3.77543,3.94319,0.9
0.8,sphere_bump_lips,0,JUMP,12.3,13.1,3.94319,3.94319,0.8
0.8,sphere_bump_lips,0,WALK,13.1,19.8,3.94319,5.20189,6.7
0.8,sphere_bump_lips,0,RUN,19.8,22,5.20189,6.21236,2.2
0.8,sphere_bump_lips,0,TROT,22,22.9,6.21236,6.68601,0.9
0.8,sphere_bump_lips,0,WALK,22.9,29.7,6.68601,7.95777,6.8
0.8,sphere_bump_lips,0,RUN,29.7,30.9,7.95777,8.47296,1.2
0.8,sphere_bump_lips,0,WALK,30.9,49.2,8.47296,11.846,18.3
0.8,sphere_bump_lips,0,RUN,49.2,50.7,11.846,12.4121,1.5
0.8,sphere_bump_lips,0,WALK,50.7,60.4,12.4121,13.9992,9.7
0.8,sphere_bump_lips,0,RUN,60.4,62.2,13.9992,14.8203,1.8
0.8,sphere_bump_lips,0,TROT,62.2,63.1,14.8203,15.2908,0.9
0.8,sphere_bump_lips,0,WALK,63.1,65.5,15.2908,15.7469,2.4
0.8,sphere_bump_lips,0,RUN,65.5,66.9,15.7469,16.35,1.4
0.8,sphere_bump_lips,1,TROT,0,0.8,1,1.44,0.8
0.8,sphere_bump_lips,1,RUN,0.8,1.7,1.44,1.836,0.9
0.8,sphere_bump_lips,1,WALK,1.7,10,1.836,3.45581,8.3
0.8,sphere_bump_lips,1,RUN,10,10.9,3.45581,3.8603,0.9
0.8,sphere_bump_lips,1,WALK,10.9,19.3,3.8603,5.40268,8.4
0.8,sphere_bump_lips,1,RUN,19.3,20.5,5.40268,5.91547,1.2
0.8,sphere_bump_lips,1,TROT,20.5,21.4,5.91547,6.35614,0.9
0.8,sphere_bump_lips,1,WALK,21.4,28.5,6.35614,7.60943,7.1
0.8,sphere_bump_lips,1,RUN,28.5,29.6,7.60943,8.08387,1.1
0.8,sphere_bump_lips,1,WALK,29.6,38.7,8.08387,9.70132,9.1
0.8,sphere_bump_lips,1,RUN,38.7,40,9.70132,10.2543,1.3
0.8,sphere_bump_lips,1,WALK,40,58,10.2543,13.649,18
0.8,sphere_bump_lips,1,RUN,58,60.5,13.649,14.8461,2.5
0.8,sphere_bump_lips,1,WALK,60.5,65.5,14.8461,15.8436,5
0.8,sphere_bump_lips,1,RUN,65.5,66.1,15.8436,16.1,0.6
0.8,sphere_bump_lips,2,TROT,0,0.8,1,1.44,0.8
0.8,sphere_bump_lips,2,RUN,0.8,1.8,1.44,1.8467,1
0.8,sphere_bump_lips,2,WALK,1.8,7.4,1.8467,2.88672,5.6
0.8,sphere_bump_lips,2,RUN,7.4,8.8,2.88672,3.55223,1.4
0.8,sphere_bump_lips,2,WALK,8.8,18.3,3.55223,5.40022,9.5
0.8,sphere_bump_lips,2,RUN,18.3,19.2,5.40022,5.79837,0.9
0.8,sphere_bump_lips,2,WALK,19.2,27.2,5.79837,7.28988,8
0.8,sphere_bump_lips,2,RUN,27.2,28.1,7.28988,7.72173,0.9
0.8,sphere_bump_lips,2,WALK,28.1,35.5,7.72173,9.18969,7.4
0.8,sphere_bump_lips,2,RUN,35.5,36.7,9.18969,9.76517,1.2
0.8,sphere_bump_lips,2,WALK,36.7,45.7,9.76517,11.5074,9
0.8,sphere_bump_lips,2,RUN,45.7,46.9,11.5074,11.9992,1.2
0.8,sphere_bump_lips,2,WALK,46.9,56.1,11.9992,13.6013,9.2
0.8,sphere_bump_lips,2,RUN,56.1,57.6,13.6013,14.3038,1.5
0.8,sphere_bump_lips,2,TROT,57.6,58.6,14.3038,14.8404,1
0.8,sphere_bump_lips,2,WALK,58.6,60.1,14.8404,15.1331,1.5
0.8,sphere_bump_lips,2,RUN,60.1,61.4,15.1331,15.7,1.3
0.8,sphere_bump_lips,3,TROT,0,0.8,1,1.44,0.8
0.8,sphere_bump_lips,3,RUN,0.8,1.8,1.44,1.82626,1
0.8,sphere_bump_lips,3,WALK,1.8,10.3,1.82626,3.25935,8.5
0.8,sphere_bump_lips,3,RUN,10.3,11.7,3.25935,3.83679,1.4
0.8,sphere_bump_lips,3,WALK,11.7,20.3,3.83679,5.34569,8.6
0.8,sphere_bump_lips,3,RUN,20.3,21.2,5.34569,5.77148,0.9
0.8,sphere_bump_lips,3,WALK,21.2,28.3,5.77148,7.15383,7.1
0.8,sphere_bump_lips,3,RUN,28.3,29.6,7.15383,7.76715,1.3
0.8,sphere_bump_lips,3,WALK,29.6,38.7,7.76715,9.50737,9.1
0.8,sphere_bump_lips,3,RUN,38.7,39.9,9.50737,9.99915,1.2
0.8,sphere_bump_lips,3,WALK,39.9,49.1,9.99915,11.5971,9.2
0.8,sphere_bump_lips,3,RUN,49.1,50,11.5971,12.0137,0.9
0.8,sphere_bump_lips,3,WALK,50,58.2,12.0137,13.5886,8.2
0.8,sphere_bump_lips,3,RUN,58.2,62.1,13.5886,15.45,3.9
0.8,sphere_bump_lips,4,TROT,0,0.8,1,1.44,0.8
0.8,sphere_bump_lips,4,RUN,0.8,1.8,1.44,1.80545,1
0.8,sphere_bump_lips,4,WALK,1.8,8.2,1.80545,2.88672,6.4
0.8,sphere_bump_lips,4,RUN,8.2,9.7,2.88672,3.59976,1.5
0.8,sphere_bump_lips,4,WALK,9.7,27.3,3.59976,7.05013,17.6
0.8,sphere_bump_lips,4,RUN,27.3,28.5,7.05013,7.61033,1.2
0.8,sphere_bump_lips,4,WALK,28.5,37.3,7.61033,9.30673,8.8
0.8,sphere_bump_lips,4,RUN,37.3,38.2,9.30673,9.72082,0.9
0.8,sphere_bump_lips,4,WALK,38.2,54,9.72082,12.7993,15.8
0.8,sphere_bump_lips,4,RUN,54,58.1,12.7993,14.75,4.1
0.8,sphere_bump_lips,5,TROT,0,0.8,1,1.44,0.8
0.8,sphere_bump_lips,5,RUN,0.8,1.8,1.44,1.81163,1
0.8,sphere_bump_lips,5,WALK,1.8,9.3,1.81163,3.05673,7.5
0.8,sphere_bump_lips,5,RUN,9.3,10.9,3.05673,3.74956,1.6
0.8,sphere_bump_lips,5,WALK,10.9,19.8,3.74956,5.30494,8.9
0.8,sphere_bump_lips,5,RUN,19.8,20.7,5.30494,5.64911,0.9
0.8,sphere_bump_lips,5,WALK,20.7,27.7,5.64911,6.76159,7
0.8,sphere_bump_lips,5,RUN,27.7,29.7,6.76159,7.54638,2
0.8,sphere_bump_lips,5,WALK,29.7,38.4,7.54638,9.00098,8.7
0.8,sphere_bump_lips,5,RUN,38.4,39.3,9.00098,9.4073,0.9
0.8,sphere_bump_lips,5,WALK,39.3,46.7,9.4073,10.795,7.4
0.8,sphere_bump_lips,5,RUN,46.7,47.6,10.795,11.2199,0.9
0.8,sphere_bump_lips,5,WALK,47.6,55.1,11.2199,12.6961,7.5
0.8,sphere_bump_lips,5,RUN,55.1,59.1,12.6961,14.55,4
0.8,sphere_bump_lips,6,TROT,0,0.8,1,1.44,0.8
0.8,sphere_bump_lips,6,RUN,0.8,1.8,1.44,1.8675,1
0.8,sphere_bump_lips,6,WALK,1.8,17,1.8675,4.74987,15.2
0.8,sphere_bump_lips,6,RUN,17,17.9,4.74987,5.18168,0.9
0.8,sphere_bump_lips,6,WALK,17.9,24.1,5.18168,6.40192,6.2
0.8,sphere_bump_lips,6,RUN,24.1,25.6,6.40192,7.09954,1.5
0.8,sphere_bump_lips,6,WALK,25.6,42.1,7.09954,10.1979,16.5
0.8,sphere_bump_lips,6,RUN,42.1,43.1,10.1979,10.6745,1
0.8,sphere_bump_lips,6,WALK,43.1,51,10.6745,12.2397,7.9
0.8,sphere_bump_lips,6,RUN,51,54.8,12.2397,14.05,3.8
0.8,sphere_bump_lips,7,TROT,0,0.8,1,1.44,0.8
0.8,sphere_bump_lips,7,RUN,0.8,1.8,1.44,1.86287,1
0.8,sphere_bump_lips,7,WALK,1.8,8.1,1.86287,3.0243,6.3
0.8,sphere_bump_lips,7,RUN,8.1,9,3.0243,3.39699,0.9
0.8,sphere_bump_lips,7,WALK,9,15.5,3.39699,4.54698,6.5
0.8,sphere_bump_lips,7,RUN,15.5,16.4,4.54698,4.97464,0.9
0.8,sphere_bump_lips,7,WALK,16.4,24.9,4.97464,6.64768,8.5
0.8,sphere_bump_lips,7,RUN,24.9,25.8,6.64768,7.07635,0.9
0.8,sphere_bump_lips,7,WALK,25.8,41.7,7.07635,10.1118,15.9
0.8,sphere_bump_lips,7,RUN,41.7,42.8,10.1118,10.5438,1.1
0.8,sphere_bump_lips,7,WALK,42.8,51.4,10.5438,11.9925,8.6
0.8,sphere_bump_lips,7,RUN,51.4,55.5,11.9925,13.9,4.1
0.8,sphere_bump_lips,8,TROT,0,0.8,1,1.44,0.8
0.8,sphere_bump_lips,8,RUN,0.8,1.8,1.44,1.82397,1
0.8,sphere_bump_lips,8,WALK,1.8,7.8,1.82397,2.84404,6
0.8,sphere_bump_lips,8,RUN,7.8,8.7,2.84404,3.22056,0.9
0.8,sphere_bump_lips,8,WALK,8.7,15.9,3.22056,4.49989,7.2
0.8,sphere_bump_lips,8,RUN,15.9,16.8,4.49989,4.93173,0.9
0.8,sphere_bump_lips,8,WALK,16.8,24,4.93173,6.3485,7.2
0.8,sphere_bump_lips,8,RUN,24,25.4,6.3485,6.97534,1.4
0.8,sphere_bump_lips,8,WALK,25.4,39.9,6.97534,9.65581,14.5
0.8,sphere_bump_lips,8,RUN,39.9,41.2,9.65581,10.2697,1.3
0.8,sphere_bump_lips,8,WALK,41.2,49.3,10.2697,11.8479,8.1
0.8,sphere_bump_lips,8,RUN,49.3,53,11.8479,13.5,3.7
0.8,sphere_bump_lips,9,TROT,0,0.8,1,1.44,0.8
0.8,sphere_bump_lips,9,RUN,0.8,1.8,1.44,1.85365,1
0.8,sphere_bump_lips,9,WALK,1.8,8.3,1.85365,3.04267,6.5
0.8,sphere_bump_lips,9,RUN,8.3,9.4,3.04267,3.53548,1.1
0.8,sphere_bump_lips,9,WALK,9.4,24.9,3.53548,6.1469,15.5
0.8,sphere_bump_lips,9,RUN,24.9,26.6,6.1469,6.86644,1.7
0.8,sphere_bump_lips,9,WALK,26.6,39.8,6.86644,9.2217,13.2
0.8,sphere_bump_lips,9,RUN,39.8,41.1,9.2217,9.79811,1.3
0.8,sphere_bump_lips,9,WALK,41.1,49.4,9.79811,11.3499,8.3
0.8,sphere_bump_lips,9,RUN,49.4,53.2,11.3499,13.15,3.8
0.8,forward_ramp_no_lips,0,TROT,0,0.8,1,1.44,0.8
0.8,forward_ramp_no_lips,0,WALK,0.8,44.1,1.44,9.98908,43.3
0.8,forward_ramp_no_lips,0,RUN,44.1,46.3,9.98908,11,2.2
0.8,forward_ramp_no_lips,1,TROT,0,1.9,1,1.995,1.9
0.8,forward_ramp_no_lips,1,WALK,1.9,42,1.995,9.94978,40.1
0.8,forward_ramp_no_lips,1,RUN,42,44.1,9.94978,10.95,2.1
0.8,forward_ramp_no_lips,2,TROT,0,2,1,2.04799,2
0.8,forward_ramp_no_lips,2,WALK,2,40.5,2.04799,9.64982,38.5
0.8,forward_ramp_no_lips,2,RUN,40.5,42.7,9.64982,10.7,2.2
0.8,forward_ramp_no_lips,3,TROT,0,0.8,1,1.44,0.8
0.8,forward_ramp_no_lips,3,WALK,0.8,42.6,1.44,9.69999,41.8
0.8,forward_ramp_no_lips,3,RUN,42.6,44.8,9.69999,10.75,2.2
0.8,forward_ramp_no_lips,4,TROT,0,0.8,1,1.44,0.8
0.8,forward_ramp_no_lips,4,WALK,0.8,44.1,1.44,9.98999,43.3
0.8,forward_ramp_no_lips,4,RUN,44.1,46.5,9.98999,11.1,2.4
0.8,forward_ramp_no_lips,5,TROT,0,0.8,1,1.44,0.8
0.8,forward_ramp_no_lips,5,WALK,0.8,44.3,1.44,10.04,43.5
0.8,forward_ramp_no_lips,5,RUN,44.3,46.8,10.04,11.2,2.5
0.8,forward_ramp_no_lips,6,TROT,0,0.8,1,1.44,0.8
0.8,forward_ramp_no_lips,6,WALK,0.8,41.6,1.44,9.49997,40.8
0.8,forward_ramp_no_lips,6,RUN,41.6,44,9.49997,10.65,2.4
0.8,forward_ramp_no_lips,7,TROT,0,0.8,1,1.44,0.8
0.8,forward_ramp_no_lips,7,WALK,0.8,41.9,1.44,9.54958,41.1
0.8,forward_ramp_no_lips,7,RUN,41.9,44.5,9.54958,10.75,2.6
0.8,forward_ramp_no_lips,8,TROT,0,0.8,1,1.44,0.8
0.8,forward_ramp_no_lips,8,WALK,0.8,43.6,1.44,9.88982,42.8
0.8,forward_ramp_no_lips,8,RUN,43.6,46.3,9.88982,11.15,2.7
0.8,forward_ramp_no_lips,9,TROT,0,0.8,1,1.44,0.8
0.8,forward_ramp_no_lips,9,WALK,0.8,43.6,1.44,9.89995,42.8
0.8,forward_ramp_no_lips,9,RUN,43.6,46.3,9.89995,11.15,2.7
0.8,flush_a_frame,0,TROT,0,0.8,1,1.44,0.8
0.8,flush_a_frame,0,WALK,0.8,63.7,1.44,13.91,62.9
0.8,flush_a_frame,0,TROT,63.7,65,13.91,14.6249,1.3
0.8,flush_a_frame,0,RUN,65,66,14.6249,15.1,1
0.8,flush_a_frame,1,TROT,0,0.8,1,1.44,0.8
0.8,flush_a_frame,1,WALK,0.8,59.2,1.44,13,58.4
0.8,flush_a_frame,1,RUN,59.2,61.5,13,14.1,2.3
0.8,flush_a_frame,2,TROT,0,0.8,1,1.44,0.8
0.8,flush_a_frame,2,WALK,0.8,59.8,1.44,13.1393,59
0.8,flush_a_frame,2,RUN,59.8,62.3,13.1393,14.3,2.5
0.8,flush_a_frame,3,TROT,0,0.8,1,1.44,0.8
0.8,flush_a_frame,3,WALK,0.8,61.8,1.44,13.5393,61
0.8,flush_a_frame,3,RUN,61.8,64.3,13.5393,14.7,2.5
0.8,flush_a_frame,4,TROT,0,0.8,1,1.44,0.8
0.8,flush_a_frame,4,WALK,0.8,64.2,1.44,13.9999,63.4
0.8,flush_a_frame,4,RUN,64.2,66.8,13.9999,15.2,2.6
0.8,flush_a_frame,5,TROT,0,0.8,1,1.44,0.8
0.8,flush_a_frame,5,WALK,0.8,58.6,1.44,12.8894,57.8
0.8,flush_a_frame,5,RUN,58.6,61.2,12.8894,14.1,2.6
0.8,flush_a_frame,6,TROT,0,0.8,1,1.44,0.8
0.8,flush_a_frame,6,WALK,0.8,55.5,1.44,12.2496,54.7
0.8,flush_a_frame,6,RUN,55.5,58.2,12.2496,13.5,2.7
0.8,flush_a_frame,7,TROT,0,0.8,1,1.44,0.8
0.8,flush_a_frame,7,WALK,0.8,55.6,1.44,12.2898,54.8
0.8,flush_a_frame,7,RUN,55.6,58.4,12.2898,13.6,2.8
0.8,flush_a_frame,8,TROT,0,0.8,1,1.44,0.8
0.8,flush_a_frame,8,WALK,0.8,62.1,1.44,13.5994,61.3
0.8,flush_a_frame,8,RUN,62.1,64.9,13.5994,14.9,2.8
0.8,flush_a_frame,9,TROT,0,0.8,1,1.44,0.8
0.8,flush_a_frame,9,WALK,0.8,57.9,1.44,12.74,57.1
0.8,flush_a_frame,9,RUN,57.9,60.8,12.74,14.1,2.9
0.8,sphere_bump,0,TROT,0,0.9,1,1.495,0.9
0.8,sphere_bump,0,WALK,0.9,9.3,1.495,3.04222,8.4
0.8,sphere_bump,0,TROT,9.3,10.6,3.04222,3.7219,1.3
0.8,sphere_bump,0,RUN,10.6,11.5,3.7219,4.13256,0.9
0.8,sphere_bump,0,WALK,11.5,18.6,4.13256,5.48918,7.1
0.8,sphere_bump,0,TROT,18.6,19.5,5.48918,5.98298,0.9
0.8,sphere_bump,0,WALK,19.5,36.6,5.98298,9.35143,17.1
0.8,sphere_bump,0,TROT,36.6,37.5,9.35143,9.83464,0.9
0.8,sphere_bump,0,WALK,37.5,46.5,9.83464,11.5899,9
0.8,sphere_bump,0,TROT,46.5,47.4,11.5899,12.0848,0.9
0.8,sphere_bump,0,WALK,47.4,56.3,12.0848,13.8271,8.9
0.8,sphere_bump,0,TROT,56.3,57.6,13.8271,14.501,1.3
0.8,sphere_bump,0,RUN,57.6,60.6,14.501,15.85,3
0.8,sphere_bump,1,TROT,0,0.8,1,1.44,0.8
0.8,sphere_bump,1,RUN,0.8,1.8,1.44,1.82824,1
0.8,sphere_bump,1,WALK,1.8,10,1.82824,3.27694,8.2
0.8,sphere_bump,1,TROT,10,10.9,3.27694,3.76796,0.9
0.8,sphere_bump,1,WALK,10.9,28.6,3.76796,7.06542,17.7
0.8,sphere_bump,1,TROT,28.6,29.5,7.06542,7.55502,0.9
0.8,sphere_bump,1,WALK,29.5,39.1,7.55502,9.37221,9.6
0.8,sphere_bump,1,RUN,39.1,40.7,9.37221,10.0219,1.6
0.8,sphere_bump,1,TROT,40.7,41.6,10.0219,10.4406,0.9
0.8,sphere_bump,1,WALK,41.6,48.6,10.4406,11.6336,7
0.8,sphere_bump,1,TROT,48.6,49.7,11.6336,12.1647,1.1
0.8,sphere_bump,1,WALK,49.7,59.4,12.1647,13.8952,9.7
0.8,sphere_bump,1,TROT,59.4,60.7,13.8952,14.6017,1.3
0.8,sphere_bump,1,RUN,60.7,63.2,14.6017,15.75,2.5
0.8,sphere_bump,2,TROT,0,0.8,1,1.44,0.8
0.8,sphere_bump,2,WALK,0.8,9.1,1.44,3.00399,8.3
0.8,sphere_bump,2,RUN,9.1,10.2,3.00399,3.52509,1.1
0.8,sphere_bump,2,WALK,10.2,28.1,3.52509,7.03338,17.9
0.8,sphere_bump,2,TROT,28.1,29,7.03338,7.48523,0.9
0.8,sphere_bump,2,WALK,29,37,7.48523,8.96,8
0.8,sphere_bump,2,TROT,37,37.9,8.96,9.44321,0.9
0.8,sphere_bump,2,WALK,37.9,47.2,9.44321,11.249,9.3
0.8,sphere_bump,2,RUN,47.2,48.1,11.249,11.6708,0.9
0.8,sphere_bump,2,WALK,48.1,57.1,11.6708,13.4097,9
0.8,sphere_bump,2,TROT,57.1,58.4,13.4097,14.0866,1.3
0.8,sphere_bump,2,RUN,58.4,59.3,14.0866,14.4955,0.9
0.8,sphere_bump,2,WALK,59.3,63.5,14.4955,15.2907,4.2
0.8,sphere_bump,2,RUN,63.5,63.8,15.2907,15.4,0.3
0.8,sphere_bump,3,TROT,0,0.8,1,1.44,0.8
0.8,sphere_bump,3,RUN,0.8,1.8,1.44,1.85654,1
0.8,sphere_bump,3,WALK,1.8,10.1,1.85654,3.31549,8.3
0.8,sphere_bump,3,TROT,10.1,11,3.31549,3.68732,0.9
0.8,sphere_bump,3,WALK,11,19.5,3.68732,5.00271,8.5
0.8,sphere_bump,3,TROT,19.5,20.5,5.00271,5.4877,1
0.8,sphere_bump,3,WALK,20.5,47.5,5.4877,10.6049,27
0.8,sphere_bump,3,TROT,47.5,48.8,10.6049,11.2392,1.3
0.8,sphere_bump,3,RUN,48.8,49.7,11.2392,11.6225,0.9
0.8,sphere_bump,3,WALK,49.7,58.3,11.6225,13.1592,8.6
0.8,sphere_bump,3,TROT,58.3,59.6,13.1592,13.8241,1.3
0.8,sphere_bump,3,RUN,59.6,61.8,13.8241,14.8061,2.2
0.8,sphere_bump,3,WALK,61.8,62.4,14.8061,14.9,0.6
0.8,sphere_bump,4,TROT,0,0.8,1,1.44,0.8
0.8,sphere_bump,4,RUN,0.8,1.7,1.44,1.81876,0.9
0.8,sphere_bump,4,WALK,1.7,9.7,1.81876,3.3206,8
0.8,sphere_bump,4,TROT,9.7,10.6,3.3206,3.78649,0.9
0.8,sphere_bump,4,WALK,10.6,28.1,3.78649,7.1161,17.5
0.8,sphere_bump,4,TROT,28.1,29,7.1161,7.52797,0.9
0.8,sphere_bump,4,WALK,29,55.9,7.52797,12.5542,26.9
0.8,sphere_bump,4,RUN,55.9,60.2,12.5542,14.5923,4.3
0.8,sphere_bump,4,WALK,60.2,60.3,14.5923,14.6,0.1
0.8,sphere_bump,5,TROT,0,0.8,1,1.44,0.8
0.8,sphere_bump,5,RUN,0.8,1.7,1.44,1.8209,0.9
0.8,sphere_bump,5,WALK,1.7,27.6,1.8209,6.65594,25.9
0.8,sphere_bump,5,JUMP,27.6,28.4,6.65594,6.65594,0.8
0.8,sphere_bump,5,WALK,28.4,48,6.65594,10.3535,19.6
0.8,sphere_bump,5,TROT,48,49,10.3535,10.8579,1
0.8,sphere_bump,5,WALK,49,59,10.8579,12.7008,10
0.8,sphere_bump,5,RUN,59,62.6,12.7008,14.3,3.6
0.8,sphere_bump,6,TROT,0,0.8,1,1.44,0.8
0.8,sphere_bump,6,WALK,0.8,9.3,1.44,3.09627,8.5
0.8,sphere_bump,6,TROT,9.3,10.2,3.09627,3.57649,0.9
0.8,sphere_bump,6,WALK,10.2,26.2,3.57649,6.62191,16
0.8,sphere_bump,6,RUN,26.2,27.1,6.62191,6.98595,0.9
0.8,sphere_bump,6,WALK,27.1,28.1,6.98595,7.15449,1
0.8,sphere_bump,6,JUMP,28.1,28.9,7.15449,7.15449,0.8
0.8,sphere_bump,6,WALK,28.9,36.3,7.15449,8.40882,7.4
0.8,sphere_bump,6,RUN,36.3,37.3,8.40882,8.83235,1
0.8,sphere_bump,6,TROT,37.3,38.2,8.83235,9.26912,0.9
0.8,sphere_bump,6,WALK,38.2,39.1,9.26912,9.42794,0.9
0.8,sphere_bump,6,JUMP,39.1,39.9,9.42794,9.42794,0.8
0.8,sphere_bump,6,WALK,39.9,46.1,9.42794,10.5079,6.2
0.8,sphere_bump,6,JUMP,46.1,46.9,10.5079,10.5079,0.8
0.8,sphere_bump,6,WALK,46.9,50.7,10.5079,11.1578,3.8
0.8,sphere_bump,6,JUMP,50.7,51.5,11.1578,11.1578,0.8
0.8,sphere_bump,6,WALK,51.5,57.9,11.1578,12.2919,6.4
0.8,sphere_bump,6,RUN,57.9,61.9,12.2919,14.1,4
0.8,sphere_bump,7,TROT,0,0.8,1,1.44,0.8
0.8,sphere_bump,7,RUN,0.8,1.7,1.44,1.8136,0.9
0.8,sphere_bump,7,WALK,1.7,3.9,1.8136,2.22428,2.2
0.8,sphere_bump,7,JUMP,3.9,4.7,2.22428,2.22428,0.8
0.8,sphere_bump,7,WALK,4.7,10.3,2.22428,3.2039,5.6
0.8,sphere_bump,7,RUN,10.3,11.2,3.2039,3.55286,0.9
0.8,sphere_bump,7,WALK,11.2,12.1,3.55286,3.69826,0.9
0.8,sphere_bump,7,JUMP,12.1,12.9,3.69826,3.69826,0.8
0.8,sphere_bump,7,WALK,12.9,19.6,3.69826,4.80558,6.7
0.8,sphere_bump,7,JUMP,19.6,20.4,4.80558,4.80558,0.8
0.8,sphere_bump,7,WALK,20.4,37.3,4.80558,8.04129,16.9
0.8,sphere_bump,7,JUMP,37.3,38.1,8.04129,8.04129,0.8
0.8,sphere_bump,7,WALK,38.1,41.8,8.04129,8.69936,3.7
0.8,sphere_bump,7,JUMP,41.8,42.6,8.69936,8.69936,0.8
0.8,sphere_bump,7,WALK,42.6,48.8,8.69936,9.83911,6.2
0.8,sphere_bump,7,RUN,48.8,49.7,9.83911,10.2702,0.9
0.8,sphere_bump,7,WALK,49.7,59.8,10.2702,12.2505,10.1
0.8,sphere_bump,7,RUN,59.8,63,12.2505,13.7,3.2
0.8,sphere_bump,8,TROT,0,0.8,1,1.44,0.8
0.8,sphere_bump,8,WALK,0.8,9,1.44,3.03606,8.2
0.8,sphere_bump,8,JUMP,9,9.8,3.03606,3.03606,0.8
0.8,sphere_bump,8,WALK,9.8,13.2,3.03606,3.69692,3.4
0.8,sphere_bump,8,JUMP,13.2,14,3.69692,3.69692,0.8
0.8,sphere_bump,8,WALK,14,19.2,3.69692,4.7059,5.2
0.8,sphere_bump,8,JUMP,19.2,20,4.7059,4.7059,0.8
0.8,sphere_bump,8,WALK,20,27,4.7059,6.05999,7
0.8,sphere_bump,8,JUMP,27,27.8,6.05999,6.05999,0.8
0.8,sphere_bump,8,WALK,27.8,31.3,6.05999,6.72812,3.5
0.8,sphere_bump,8,JUMP,31.3,32.1,6.72812,6.72812,0.8
0.8,sphere_bump,8,WALK,32.1,38.1,6.72812,7.84129,6
0.8,sphere_bump,8,JUMP,38.1,38.9,7.84129,7.84129,0.8
0.8,sphere_bump,8,WALK,38.9,42.6,7.84129,8.49936,3.7
0.8,sphere_bump,8,JUMP,42.6,43.4,8.49936,8.49936,0.8
0.8,sphere_bump,8,WALK,43.4,49.9,8.49936,9.69894,6.5
0.8,sphere_bump,8,RUN,49.9,50.8,9.69894,10.13,0.9
0.8,sphere_bump,8,WALK,50.8,60.2,10.13,11.9898,9.4
0.8,sphere_bump,8,RUN,60.2,63.4,11.9898,13.45,3.2
0.8,sphere_bump,9,TROT,0,0.8,1,1.44,0.8
0.8,sphere_bump,9,RUN,0.8,1.8,1.44,1.80311,1
0.8,sphere_bump,9,WALK,1.8,2.7,1.80311,1.94519,0.9
0.8,sphere_bump,9,JUMP,2.7,3.5,1.94519,1.94519,0.8
0.8,sphere_bump,9,WALK,3.5,9,1.94519,2.90513,5.5
0.8,sphere_bump,9,RUN,9,9.9,2.90513,3.32477,0.9
0.8,sphere_bump,9,WALK,9.9,10.8,3.32477,3.49962,0.9
0.8,sphere_bump,9,JUMP,10.8,11.6,3.49962,3.49962,0.8
0.8,sphere_bump,9,WALK,11.6,18.4,3.49962,4.77918,6.8
0.8,sphere_bump,9,JUMP,18.4,19.2,4.77918,4.77918,0.8
0.8,sphere_bump,9,WALK,19.2,23.1,4.77918,5.40895,3.9
0.8,sphere_bump,9,JUMP,23.1,23.9,5.40895,5.40895,0.8
0.8,sphere_bump,9,WALK,23.9,29.5,5.40895,6.38883,5.6
0.8,sphere_bump,9,TROT,29.5,30.4,6.38883,6.88251,0.9
0.8,sphere_bump,9,WALK,30.4,45.1,6.88251,9.69727,14.7
0.8,sphere_bump,9,JUMP,45.1,45.9,9.69727,9.69727,0.8
0.8,sphere_bump,9,WALK,45.9,49.8,9.69727,10.3433,3.9
0.8,sphere_bump,9,JUMP,49.8,50.6,10.3433,10.3433,0.8
0.8,sphere_bump,9,WALK,50.6,56.9,10.3433,11.4504,6.3
0.8,sphere_bump,9,RUN,56.9,60.8,11.4504,13.25,3.9
0.8,box_jump_even,0,TROT,0,0.8,1,1.44,0.8
0.8,box_jump_even,0,RUN,0.8,2.1,1.44,2.02779,1.3
0.8,box_jump_even,0,WALK,2.1,6.5,2.02779,2.89824,4.4
0.8,box_jump_even,0,RUN,6.5,7.4,2.89824,3.32938,0.9
0.8,box_jump_even,0,WALK,7.4,12,3.32938,4.24013,4.6
0.8,box_jump_even,0,RUN,12,13.2,4.24013,4.81271,1.2
0.8,box_jump_even,0,WALK,13.2,17.4,4.81271,5.64314,4.2
0.8,box_jump_even,0,RUN,17.4,18.8,5.64314,6.31264,1.4
0.8,box_jump_even,0,WALK,18.8,23,6.31264,7.1508,4.2
0.8,box_jump_even,0,RUN,23,24.2,7.1508,7.72679,1.2
0.8,box_jump_even,0,WALK,24.2,28.6,7.72679,8.60055,4.4
0.8,box_jump_even,0,RUN,28.6,30,8.60055,9.27038,1.4
0.8,box_jump_even,0,WALK,30,34,9.27038,10.0511,4
0.8,box_jump_even,0,RUN,34,35.9,10.0511,10.95,1.9
0.8,box_jump_even,1,TROT,0,0.8,1,1.44,0.8
0.8,box_jump_even,1,RUN,0.8,2.6,1.44,2.26576,1.8
0.8,box_jump_even,1,WALK,2.6,7,2.26576,3.1418,4.4
0.8,box_jump_even,1,RUN,7,8.2,3.1418,3.7178,1.2
0.8,box_jump_even,1,WALK,8.2,12.7,3.7178,4.60164,4.5
0.8,box_jump_even,1,RUN,12.7,13.7,4.60164,5.08052,1
0.8,box_jump_even,1,WALK,13.7,18.6,5.08052,6.0468,4.9
0.8,box_jump_even,1,RUN,18.6,19.5,6.0468,6.47878,0.9
0.8,box_jump_even,1,WALK,19.5,23.9,6.47878,7.33976,4.4
0.8,box_jump_even,1,RUN,23.9,25.5,7.33976,8.10775,1.6
0.8,box_jump_even,1,WALK,25.5,29.8,8.10775,8.95328,4.3
0.8,box_jump_even,1,RUN,29.8,30.9,8.95328,9.48124,1.1
0.8,box_jump_even,1,WALK,30.9,35.3,9.48124,10.3549,4.4
0.8,box_jump_even,1,RUN,35.3,37.2,10.3549,11.25,1.9
0.8,box_jump_even,2,TROT,0,0.8,1,1.44,0.8
0.8,box_jump_even,2,RUN,0.8,2.2,1.44,2.07592,1.4
0.8,box_jump_even,2,WALK,2.2,6.8,2.07592,2.98821,4.6
0.8,box_jump_even,2,RUN,6.8,8.2,2.98821,3.65977,1.4
0.8,box_jump_even,2,WALK,8.2,12.5,3.65977,4.50293,4.3
0.8,box_jump_even,2,RUN,12.5,13.6,4.50293,5.03055,1.1
0.8,box_jump_even,2,WALK,13.6,18.5,5.03055,5.99728,4.9
0.8,box_jump_even,2,RUN,18.5,20.1,5.99728,6.7624,1.6
0.8,box_jump_even,2,WALK,20.1,24.4,6.7624,7.60308,4.3
0.8,box_jump_even,2,RUN,24.4,25.6,7.60308,8.17907,1.2
0.8,box_jump_even,2,WALK,25.6,30.2,8.17907,9.09504,4.6
0.8,box_jump_even,2,RUN,30.2,31.5,9.09504,9.71898,1.3
0.8,box_jump_even,2,WALK,31.5,35.7,9.71898,10.5397,4.2
0.8,box_jump_even,2,RUN,35.7,37.6,10.5397,11.45,1.9
0.8,box_jump_even,3,TROT,0,0.8,1,1.44,0.8
0.8,box_jump_even,3,RUN,0.8,2.6,1.44,2.26495,1.8
0.8,box_jump_even,3,WALK,2.6,7,2.26495,3.1401,4.4
0.8,box_jump_even,3,RUN,7,7.9,3.1401,3.57003,0.9
0.8,box_jump_even,3,WALK,7.9,12.3,3.57003,4.439,4.4
0.8,box_jump_even,3,RUN,12.3,13.2,4.439,4.871,0.9
0.8,box_jump_even,3,WALK,13.2,17.6,4.871,5.74006,4.4
0.8,box_jump_even,3,RUN,17.6,18.6,5.74006,6.21912,1
0.8,box_jump_even,3,WALK,18.6,23,6.21912,7.08792,4.4
0.8,box_jump_even,3,RUN,23,23.9,7.08792,7.51786,0.9
0.8,box_jump_even,3,WALK,23.9,28.3,7.51786,8.393,4.4
0.8,box_jump_even,3,RUN,28.3,29.4,8.393,8.91851,1.1
0.8,box_jump_even,3,WALK,29.4,34.1,8.91851,9.84639,4.7
0.8,box_jump_even,3,RUN,34.1,36,9.84639,10.75,1.9
0.8,box_jump_even,4,TROT,0,0.8,1,1.44,0.8
0.8,box_jump_even,4,RUN,0.8,2,1.44,1.97977,1.2
0.8,box_jump_even,4,WALK,2,7.4,1.97977,3.05579,5.4
0.8,box_jump_even,4,RUN,7.4,8.7,3.05579,3.67835,1.3
0.8,box_jump_even,4,WALK,8.7,13.6,3.67835,4.64103,4.9
0.8,box_jump_even,4,RUN,13.6,14.5,4.64103,5.07303,0.9
0.8,box_jump_even,4,WALK,14.5,19.4,5.07303,6.04277,4.9
0.8,box_jump_even,4,RUN,19.4,20.3,6.04277,6.47281,0.9
0.8,box_jump_even,4,WALK,20.3,24.7,6.47281,7.33871,4.4
0.8,box_jump_even,4,RUN,24.7,25.6,7.33871,7.77071,0.9
0.8,box_jump_even,4,WALK,25.6,30.3,7.77071,8.69252,4.7
0.8,box_jump_even,4,RUN,30.3,31.5,8.69252,9.26773,1.2
0.8,box_jump_even,4,WALK,31.5,36.4,9.26773,10.2429,4.9
0.8,box_jump_even,4,RUN,36.4,38.3,10.2429,11.15,1.9
0.8,box_jump_even,5,TROT,0,0.8,1,1.44,0.8
0.8,box_jump_even,5,RUN,0.8,2.1,1.44,2.02528,1.3
0.8,box_jump_even,5,WALK,2.1,7,2.02528,2.98954,4.9
0.8,box_jump_even,5,RUN,7,7.9,2.98954,3.41884,0.9
0.8,box_jump_even,5,WALK,7.9,12.6,3.41884,4.34551,4.7
0.8,box_jump_even,5,RUN,12.6,13.8,4.34551,4.9181,1.2
0.8,box_jump_even,5,WALK,13.8,18.8,4.9181,5.90225,5
0.8,box_jump_even,5,RUN,18.8,19.7,5.90225,6.33406,0.9
0.8,box_jump_even,5,WALK,19.7,24.8,6.33406,7.34674,5.1
0.8,box_jump_even,5,RUN,24.8,26.1,7.34674,7.96862,1.3
0.8,box_jump_even,5,WALK,26.1,31.3,7.96862,9.00519,5.2
0.8,box_jump_even,5,RUN,31.3,32.2,9.00519,9.43694,0.9
0.8,box_jump_even,5,WALK,32.2,37.3,9.43694,10.454,5.1
0.8,box_jump_even,5,RUN,37.3,39.2,10.454,11.35,1.9
0.8,box_jump_even,6,TROT,0,0.8,1,1.44,0.8
0.8,box_jump_even,6,RUN,0.8,2.5,1.44,2.21973,1.7
0.8,box_jump_even,6,WALK,2.5,7.6,2.21973,3.2352,5.1
0.8,box_jump_even,6,RUN,7.6,8.6,3.2352,3.71508,1
0.8,box_jump_even,6,WALK,8.6,13.5,3.71508,4.6907,4.9
0.8,box_jump_even,6,RUN,13.5,14.4,4.6907,5.1227,0.9
0.8,box_jump_even,6,WALK,14.4,19.8,5.1227,6.20037,5.4
0.8,box_jump_even,6,RUN,19.8,20.8,6.20037,6.67978,1
0.8,box_jump_even,6,WALK,20.8,26.2,6.67978,7.74524,5.4
0.8,box_jump_even,6,RUN,26.2,27.4,7.74524,8.32122,1.2
0.8,box_jump_even,6,WALK,27.4,32.3,8.32122,9.29047,4.9
0.8,box_jump_even,6,RUN,32.3,33.2,9.29047,9.72082,0.9
0.8,box_jump_even,6,WALK,33.2,37.9,9.72082,10.6394,4.7
0.8,box_jump_even,6,RUN,37.9,39.8,10.6394,11.55,1.9
0.8,box_jump_even,7,TROT,0,0.8,1,1.44,0.8
0.8,box_jump_even,7,RUN,0.8,2.1,1.44,2.02531,1.3
0.8,box_jump_even,7,WALK,2.1,7.5,2.02531,3.09843,5.4
0.8,box_jump_even,7,RUN,7.5,8.7,3.09843,3.67259,1.2
0.8,box_jump_even,7,WALK,8.7,14.1,3.67259,4.74516,5.4
0.8,box_jump_even,7,RUN,14.1,15,4.74516,5.177,0.9
0.8,box_jump_even,7,WALK,15,20.4,5.177,6.24127,5.4
0.8,box_jump_even,7,RUN,20.4,21.6,6.24127,6.81718,1.2
0.8,box_jump_even,7,WALK,21.6,27,6.81718,7.89453,5.4
0.8,box_jump_even,7,RUN,27,28.2,7.89453,8.46905,1.2
0.8,box_jump_even,7,WALK,28.2,33.4,8.46905,9.49218,5.2
0.8,box_jump_even,7,RUN,33.4,34.6,9.49218,10.0661,1.2
0.8,box_jump_even,7,WALK,34.6,40.1,10.0661,11.1469,5.5
0.8,box_jump_even,7,RUN,40.1,42,11.1469,12.05,1.9
0.8,box_jump_even,8,TROT,0,0.8,1,1.44,0.8
0.8,box_jump_even,8,RUN,0.8,1.8,1.44,1.88335,1
0.8,box_jump_even,8,WALK,1.8,7.7,1.88335,3.05368,5.9
0.8,box_jump_even,8,RUN,7.7,8.6,3.05368,3.48452,0.9
0.8,box_jump_even,8,WALK,8.6,13.4,3.48452,4.43816,4.8
0.8,box_jump_even,8,RUN,13.4,14.5,4.43816,4.96537,1.1
0.8,box_jump_even,8,WALK,14.5,20.2,4.96537,6.09322,5.7
0.8,box_jump_even,8,RUN,20.2,21.1,6.09322,6.52391,0.9
0.8,box_jump_even,8,WALK,21.1,25.8,6.52391,7.4422,4.7
0.8,box_jump_even,8,RUN,25.8,26.7,7.4422,7.87298,0.9
0.8,box_jump_even,8,WALK,26.7,31.6,7.87298,8.84369,4.9
0.8,box_jump_even,8,RUN,31.6,32.6,8.84369,9.32338,1
0.8,box_jump_even,8,WALK,32.6,37.7,9.32338,10.3364,5.1
0.8,box_jump_even,8,RUN,37.7,39.7,10.3364,11.25,2
0.8,box_jump_even,9,TROT,0,0.8,1,1.44,0.8
0.8,box_jump_even,9,RUN,0.8,2.2,1.44,2.07599,1.4
0.8,box_jump_even,9,WALK,2.2,7.9,2.07599,3.20213,5.7
0.8,box_jump_even,9,RUN,7.9,9,3.20213,3.72966,1.1
0.8,box_jump_even,9,WALK,9,15.1,3.72966,4.94763,6.1
0.8,box_jump_even,9,RUN,15.1,16,4.94763,5.37961,0.9
0.8,box_jump_even,9,WALK,16,21.6,5.37961,6.48899,5.6
0.8,box_jump_even,9,RUN,21.6,22.5,6.48899,6.92092,0.9
0.8,box_jump_even,9,WALK,22.5,27.6,6.92092,7.93972,5.1
0.8,box_jump_even,9,RUN,27.6,28.7,7.93972,8.46763,1.1
0.8,box_jump_even,9,WALK,28.7,34.4,8.46763,9.59727,5.7
0.8,box_jump_even,9,RUN,34.4,35.6,9.59727,10.1729,1.2
0.8,box_jump_even,9,WALK,35.6,41.5,10.1729,11.3512,5.9
0.8,box_jump_even,9,RUN,41.5,43.4,11.3512,12.25,1.9
0.8,box_jump_uneven,0,TROT,0,0.8,1,1.44,0.8
0.8,box_jump_uneven,0,RUN,0.8,3.2,1.44,2.55358,2.4
0.8,box_jump_uneven,0,WALK,3.2,7.2,2.55358,3.34384,4
0.8,box_jump_uneven,0,RUN,7.2,8.4,3.34384,3.91897,1.2
0.8,box_jump_uneven,0,WALK,8.4,12.3,3.91897,4.68974,3.9
0.8,box_jump_uneven,0,RUN,12.3,14.4,4.68974,5.69769,2.1
0.8,box_jump_uneven,0,WALK,14.4,18.7,5.69769,6.53891,4.3
0.8,box_jump_uneven,0,RUN,18.7,20.6,6.53891,7.45074,1.9
0.8,box_jump_uneven,0,WALK,20.6,24.9,7.45074,8.29973,4.3
0.8,box_jump_uneven,0,RUN,24.9,26.9,8.29973,9.25965,2
0.8,box_jump_uneven,0,WALK,26.9,31.1,9.25965,10.0928,4.2
0.8,box_jump_uneven,0,RUN,31.1,33.2,10.0928,11.1008,2.1
0.8,box_jump_uneven,0,WALK,33.2,37.2,11.1008,11.8982,4
0.8,box_jump_uneven,0,RUN,37.2,39.1,11.8982,12.8,1.9
0.8,box_jump_uneven,1,TROT,0,1.7,1,1.88393,1.7
0.8,box_jump_uneven,1,RUN,1.7,2.8,1.88393,2.41047,1.1
0.8,box_jump_uneven,1,WALK,2.8,7.1,2.41047,3.25542,4.3
0.8,box_jump_uneven,1,RUN,7.1,8.2,3.25542,3.78264,1.1
0.8,box_jump_uneven,1,WALK,8.2,12.5,3.78264,4.63972,4.3
0.8,box_jump_uneven,1,RUN,12.5,13.6,4.63972,5.16699,1.1
0.8,box_jump_uneven,1,WALK,13.6,17.8,5.16699,5.99802,4.2
0.8,box_jump_uneven,1,RUN,17.8,19.1,5.99802,6.62112,1.3
0.8,box_jump_uneven,1,WALK,19.1,23.2,6.62112,7.43958,4.1
0.8,box_jump_uneven,1,RUN,23.2,25.1,7.43958,8.35067,1.9
0.8,box_jump_uneven,1,WALK,25.1,29.4,8.35067,9.20262,4.3
0.8,box_jump_uneven,1,RUN,29.4,31.5,9.20262,10.207,2.1
0.8,box_jump_uneven,1,WALK,31.5,35.7,10.207,11.036,4.2
0.8,box_jump_uneven,1,RUN,35.7,37.7,11.036,11.95,2
0.8,box_jump_uneven,2,TROT,0,1.7,1,1.88486,1.7
0.8,box_jump_uneven,2,RUN,1.7,3,1.88486,2.50862,1.3
0.8,box_jump_uneven,2,WALK,3,7.8,2.50862,3.44917,4.8
0.8,box_jump_uneven,2,RUN,7.8,9.7,3.44917,4.36117,1.9
0.8,box_jump_uneven,2,WALK,9.7,14.4,4.36117,5.28994,4.7
0.8,box_jump_uneven,2,RUN,14.4,16.6,5.28994,6.34503,2.2
0.8,box_jump_uneven,2,WALK,16.6,21.1,6.34503,7.24325,4.5
0.8,box_jump_uneven,2,RUN,21.1,23.2,7.24325,8.2511,2.1
0.8,box_jump_uneven,2,WALK,23.2,27.5,8.2511,9.09366,4.3
0.8,box_jump_uneven,2,RUN,27.5,28.8,9.09366,9.71712,1.3
0.8,box_jump_uneven,2,WALK,28.8,32.7,9.71712,10.4865,3.9
0.8,box_jump_uneven,2,RUN,32.7,33.9,10.4865,11.0625,1.2
0.8,box_jump_uneven,2,WALK,33.9,38.4,11.0625,11.9431,4.5
0.8,box_jump_uneven,2,RUN,38.4,40.3,11.9431,12.85,1.9
0.8,box_jump_uneven,3,TROT,0,0.8,1,1.44,0.8
0.8,box_jump_uneven,3,WALK,0.8,3.2,1.44,1.89829,2.4
0.8,box_jump_uneven,3,RUN,3.2,4.1,1.89829,2.32845,0.9
0.8,box_jump_uneven,3,WALK,4.1,7.2,2.32845,2.94469,3.1
0.8,box_jump_uneven,3,RUN,7.2,9.2,2.94469,3.90282,2
0.8,box_jump_uneven,3,WALK,9.2,14.2,3.90282,4.8987,5
0.8,box_jump_uneven,3,RUN,14.2,15.5,4.8987,5.52206,1.3
0.8,box_jump_uneven,3,WALK,15.5,16.9,5.52206,5.79156,1.4
0.8,box_jump_uneven,3,JUMP,16.9,17.7,5.79156,5.79156,0.8
0.8,box_jump_uneven,3,WALK,17.7,21,5.79156,6.45155,3.3
0.8,box_jump_uneven,3,RUN,21,22.9,6.45155,7.36353,1.9
0.8,box_jump_uneven,3,WALK,22.9,27.3,7.36353,8.23799,4.4
0.8,box_jump_uneven,3,RUN,27.3,29.3,8.23799,9.19772,2
0.8,box_jump_uneven,3,WALK,29.3,30.8,9.19772,9.49205,1.5
0.8,box_jump_uneven,3,JUMP,30.8,31.6,9.49205,9.49205,0.8
0.8,box_jump_uneven,3,WALK,31.6,34.9,9.49205,10.1516,3.3
0.8,box_jump_uneven,3,RUN,34.9,37,10.1516,11.159,2.1
0.8,box_jump_uneven,3,WALK,37,41.5,11.159,12.053,4.5
0.8,box_jump_uneven,3,RUN,41.5,43.4,12.053,12.95,1.9
0.8,box_jump_uneven,4,TROT,0,0.8,1,1.44,0.8
0.8,box_jump_uneven,4,WALK,0.8,3.2,1.44,1.89982,2.4
0.8,box_jump_uneven,4,RUN,3.2,4.1,1.89982,2.33162,0.9
0.8,box_jump_uneven,4,WALK,4.1,5,2.33162,2.49757,0.9
0.8,box_jump_uneven,4,JUMP,5,5.8,2.49757,2.49757,0.8
0.8,box_jump_uneven,4,WALK,5.8,8.3,2.49757,2.9956,2.5
0.8,box_jump_uneven,4,RUN,8.3,9.2,2.9956,3.4259,0.9
0.8,box_jump_uneven,4,WALK,9.2,14.1,3.4259,4.3977,4.9
0.8,box_jump_uneven,4,RUN,14.1,15.9,4.3977,5.26034,1.8
0.8,box_jump_uneven,4,WALK,15.9,17.3,5.26034,5.53764,1.4
0.8,box_jump_uneven,4,JUMP,17.3,18.1,5.53764,5.53764,0.8
0.8,box_jump_uneven,4,WALK,18.1,21.4,5.53764,6.19762,3.3
0.8,box_jump_uneven,4,RUN,21.4,22.3,6.19762,6.6296,0.9
0.8,box_jump_uneven,4,WALK,22.3,27.2,6.6296,7.60166,4.9
0.8,box_jump_uneven,4,RUN,27.2,28.5,7.60166,8.22561,1.3
0.8,box_jump_uneven,4,WALK,28.5,30.3,8.22561,8.57341,1.8
0.8,box_jump_uneven,4,JUMP,30.3,31.1,8.57341,8.57341,0.8
0.8,box_jump_uneven,4,WALK,31.1,34.5,8.57341,9.2532,3.4
0.8,box_jump_uneven,4,RUN,34.5,36.5,9.2532,10.2129,2
0.8,box_jump_uneven,4,WALK,36.5,41.2,10.2129,11.1417,4.7
0.8,box_jump_uneven,4,RUN,41.2,43.1,11.1417,12.05,1.9
0.8,box_jump_uneven,5,TROT,0,0.8,1,1.44,0.8
0.8,box_jump_uneven,5,WALK,0.8,1.7,1.44,1.59963,0.9
0.8,box_jump_uneven,5,JUMP,1.7,2.5,1.59963,1.59963,0.8
0.8,box_jump_uneven,5,WALK,2.5,4,1.59963,1.89851,1.5
0.8,box_jump_uneven,5,RUN,4,4.9,1.89851,2.3289,0.9
0.8,box_jump_uneven,5,WALK,4.9,8.6,2.3289,3.04601,3.7
0.8,box_jump_uneven,5,RUN,8.6,9.6,3.04601,3.524,1
0.8,box_jump_uneven,5,WALK,9.6,14.5,3.524,4.4905,4.9
0.8,box_jump_uneven,5,RUN,14.5,15.5,4.4905,4.97039,1
0.8,box_jump_uneven,5,WALK,15.5,17.4,4.97039,5.34248,1.9
0.8,box_jump_uneven,5,JUMP,17.4,18.2,5.34248,5.34248,0.8
0.8,box_jump_uneven,5,WALK,18.2,21.5,5.34248,6.00169,3.3
0.8,box_jump_uneven,5,RUN,21.5,22.7,6.00169,6.57701,1.2
0.8,box_jump_uneven,5,WALK,22.7,24.5,6.57701,6.9178,1.8
0.8,box_jump_uneven,5,JUMP,24.5,25.3,6.9178,6.9178,0.8
0.8,box_jump_uneven,5,WALK,25.3,28.7,6.9178,7.59668,3.4
0.8,box_jump_uneven,5,RUN,28.7,30.6,7.59668,8.50717,1.9
0.8,box_jump_uneven,5,WALK,30.6,35.6,8.50717,9.50495,5
0.8,box_jump_uneven,5,RUN,35.6,37.6,9.50495,10.4637,2
0.8,box_jump_uneven,5,WALK,37.6,42.6,10.4637,11.449,5
0.8,box_jump_uneven,5,RUN,42.6,44.5,11.449,12.35,1.9
0.8,box_jump_uneven,6,TROT,0,0.8,1,1.44,0.8
0.8,box_jump_uneven,6,WALK,0.8,3.2,1.44,1.89882,2.4
0.8,box_jump_uneven,6,RUN,3.2,4.1,1.89882,2.32954,0.9
0.8,box_jump_uneven,6,WALK,4.1,7.8,2.32954,3.05416,3.7
0.8,box_jump_uneven,6,RUN,7.8,8.7,3.05416,3.48615,0.9
0.8,box_jump_uneven,6,WALK,8.7,13.5,3.48615,4.44437,4.8
0.8,box_jump_uneven,6,RUN,13.5,14.8,4.44437,5.06771,1.3
0.8,box_jump_uneven,6,WALK,14.8,19.7,5.06771,6.04521,4.9
0.8,box_jump_uneven,6,RUN,19.7,20.8,6.04521,6.57309,1.1
0.8,box_jump_uneven,6,WALK,20.8,22.4,6.57309,6.88758,1.6
0.8,box_jump_uneven,6,JUMP,22.4,23.2,6.88758,6.88758,0.8
0.8,box_jump_uneven,6,WALK,23.2,26.5,6.88758,7.54755,3.3
0.8,box_jump_uneven,6,RUN,26.5,28.4,7.54755,8.45952,1.9
0.8,box_jump_uneven,6,WALK,28.4,33.6,8.45952,9.4945,5.2
0.8,box_jump_uneven,6,RUN,33.6,34.5,9.4945,9.92643,0.9
0.8,box_jump_uneven,6,WALK,34.5,39.4,9.92643,10.8985,4.9
0.8,box_jump_uneven,6,RUN,39.4,41.3,10.8985,11.8,1.9
0.8,box_jump_uneven,7,TROT,0,0.8,1,1.44,0.8
0.8,box_jump_uneven,7,WALK,0.8,3.2,1.44,1.8999,2.4
0.8,box_jump_uneven,7,RUN,3.2,4.1,1.8999,2.3318,0.9
0.8,box_jump_uneven,7,WALK,4.1,8.7,2.3318,3.24099,4.6
0.8,box_jump_uneven,7,RUN,8.7,10.2,3.24099,3.95966,1.5
0.8,box_jump_uneven,7,WALK,10.2,15.9,3.95966,5.08863,5.7
0.8,box_jump_uneven,7,RUN,15.9,17.7,5.08863,5.95263,1.8
0.8,box_jump_uneven,7,WALK,17.7,23,5.95263,6.9998,5.3
0.8,box_jump_uneven,7,RUN,23,24.6,6.9998,7.76574,1.6
0.8,box_jump_uneven,7,WALK,24.6,29.8,7.76574,8.79239,5.2
0.8,box_jump_uneven,7,RUN,29.8,30.8,8.79239,9.27073,1
0.8,box_jump_uneven,7,WALK,30.8,36.5,9.27073,10.3979,5.7
0.8,box_jump_uneven,7,RUN,36.5,37.5,10.3979,10.8752,1
0.8,box_jump_uneven,7,WALK,37.5,42.6,10.8752,11.8857,5.1
0.8,box_jump_uneven,7,RUN,42.6,44.6,11.8857,12.8,2
0.8,box_jump_uneven,8,TROT,0,0.8,1,1.44,0.8
0.8,box_jump_uneven,8,WALK,0.8,3.2,1.44,1.89942,2.4
0.8,box_jump_uneven,8,RUN,3.2,4.3,1.89942,2.42666,1.1
0.8,box_jump_uneven,8,WALK,4.3,10.4,2.42666,3.63752,6.1
0.8,box_jump_uneven,8,RUN,10.4,11.3,3.63752,4.06942,0.9
0.8,box_jump_uneven,8,WALK,11.3,16.4,4.06942,5.08687,5.1
0.8,box_jump_uneven,8,RUN,16.4,18,5.08687,5.85479,1.6
0.8,box_jump_uneven,8,WALK,18,23.7,5.85479,6.99268,5.7
0.8,box_jump_uneven,8,RUN,23.7,25,6.99268,7.61631,1.3
0.8,box_jump_uneven,8,WALK,25,30.9,7.61631,8.7942,5.9
0.8,box_jump_uneven,8,RUN,30.9,31.8,8.7942,9.22616,0.9
0.8,box_jump_uneven,8,WALK,31.8,36.9,9.22616,10.2405,5.1
0.8,box_jump_uneven,8,RUN,36.9,38.5,10.2405,11.0071,1.6
0.8,box_jump_uneven,8,WALK,38.5,43.5,11.0071,11.9901,5
0.8,box_jump_uneven,8,RUN,43.5,45.4,11.9901,12.9,1.9
0.8,box_jump_uneven,9,TROT,0,0.8,1,1.44,0.8
0.8,box_jump_uneven,9,WALK,0.8,3.2,1.44,1.89961,2.4
0.8,box_jump_uneven,9,RUN,3.2,4.1,1.89961,2.33119,0.9
0.8,box_jump_uneven,9,WALK,4.1,10.2,2.33119,3.54626,6.1
0.8,box_jump_uneven,9,RUN,10.2,11.4,3.54626,4.12218,1.2
0.8,box_jump_uneven,9,WALK,11.4,16.8,4.12218,5.19594,5.4
0.8,box_jump_uneven,9,RUN,16.8,18.1,5.19594,5.81982,1.3
0.8,box_jump_uneven,9,WALK,18.1,23.2,5.81982,6.8362,5.1
0.8,box_jump_uneven,9,RUN,23.2,24.3,6.8362,7.36404,1.1
0.8,box_jump_uneven,9,WALK,24.3,30.5,7.36404,8.59641,6.2
0.8,box_jump_uneven,9,RUN,30.5,31.4,8.59641,9.02794,0.9
0.8,box_jump_uneven,9,WALK,31.4,37.1,9.02794,10.1538,5.7
0.8,box_jump_uneven,9,RUN,37.1,38.5,10.1538,10.8257,1.4
0.8,box_jump_uneven,9,WALK,38.5,44.9,10.8257,12.0935,6.4
0.8,box_jump_uneven,9,RUN,44.9,46.8,12.0935,13,1.9
0.8,flat_circle_jump,0,TROT,0,0.8,1,1.44,0.8
0.8,flat_circle_jump,0,WALK,0.8,1.7,1.44,1.59899,0.9
0.8,flat_circle_jump,0,JUMP,1.7,2.5,1.59899,1.59899,0.8
0.8,flat_circle_jump,0,WALK,2.5,4,1.59899,1.89598,1.5
0.8,flat_circle_jump,0,RUN,4,5.7,1.89598,2.69321,1.7
0.8,flat_circle_jump,0,TROT,5.7,7.5,2.69321,3.66334,1.8
0.8,flat_circle_jump,0,RUN,7.5,8.4,3.66334,4.091,0.9
0.8,flat_circle_jump,0,TROT,8.4,11.3,4.091,5.57453,2.9
0.8,flat_circle_jump,0,RUN,11.3,12.2,5.57453,6.00578,0.9
0.8,flat_circle_jump,0,WALK,12.2,21.6,6.00578,7.84715,9.4
0.8,flat_circle_jump,0,RUN,21.6,23.5,7.84715,8.75,1.9
0.8,flat_circle_jump,1,TROT,0,0.8,1,1.44,0.8
0.8,flat_circle_jump,1,WALK,0.8,3.2,1.44,1.89557,2.4
0.8,flat_circle_jump,1,RUN,3.2,4.1,1.89557,2.3228,0.9
0.8,flat_circle_jump,1,WALK,4.1,5.8,2.3228,2.65689,1.7
0.8,flat_circle_jump,1,RUN,5.8,7,2.65689,3.22171,1.2
0.8,flat_circle_jump,1,TROT,7,8.7,3.22171,4.11747,1.7
0.8,flat_circle_jump,1,RUN,8.7,10.5,4.11747,4.93334,1.8
0.8,flat_circle_jump,1,WALK,10.5,15.4,4.93334,5.89827,4.9
0.8,flat_circle_jump,1,RUN,15.4,16.3,5.89827,6.32878,0.9
0.8,flat_circle_jump,1,WALK,16.3,26.7,6.32878,8.38864,10.4
0.8,flat_circle_jump,1,RUN,26.7,28.7,8.38864,9.3,2
0.8,flat_circle_jump,2,TROT,0,0.8,1,1.44,0.8
0.8,flat_circle_jump,2,WALK,0.8,14.9,1.44,4.20559,14.1
0.8,flat_circle_jump,2,RUN,14.9,15.8,4.20559,4.63231,0.9
0.8,flat_circle_jump,2,WALK,15.8,19.7,4.63231,5.39113,3.9
0.8,flat_circle_jump,2,RUN,19.7,20.6,5.39113,5.81674,0.9
0.8,flat_circle_jump,2,WALK,20.6,29.9,5.81674,7.65188,9.3
0.8,flat_circle_jump,2,RUN,29.9,30.8,7.65188,8.07625,0.9
0.8,flat_circle_jump,2,WALK,30.8,35.7,8.07625,9.04862,4.9
0.8,flat_circle_jump,2,RUN,35.7,37.6,9.04862,9.95,1.9
0.8,flat_circle_jump,3,TROT,0,0.8,1,1.44,0.8
0.8,flat_circle_jump,3,WALK,0.8,1.7,1.44,1.6,0.9
0.8,flat_circle_jump,3,JUMP,1.7,2.5,1.6,1.6,0.8
0.8,flat_circle_jump,3,WALK,2.5,5,1.6,2.1,2.5
0.8,flat_circle_jump,3,RUN,5,5.9,2.1,2.532,0.9
0.8,flat_circle_jump,3,WALK,5.9,9.8,2.532,3.29964,3.9
0.8,flat_circle_jump,3,RUN,9.8,13.2,3.29964,4.90561,3.4
0.8,flat_circle_jump,3,WALK,13.2,18.3,4.90561,5.90171,5.1
0.8,flat_circle_jump,3,RUN,18.3,20.6,5.90171,6.97469,2.3
0.8,flat_circle_jump,3,WALK,20.6,33.3,6.97469,9.48864,12.7
0.8,flat_circle_jump,3,RUN,33.3,35.3,9.48864,10.4,2
0.8,flat_circle_jump,4,TROT,0,0.8,1,1.44,0.8
0.8,flat_circle_jump,4,WALK,0.8,1.7,1.44,1.59994,0.9
0.8,flat_circle_jump,4,JUMP,1.7,2.5,1.59994,1.59994,0.8
0.8,flat_circle_jump,4,WALK,2.5,4.7,1.59994,2.03966,2.2
0.8,flat_circle_jump,4,RUN,4.7,5.6,2.03966,2.47138,0.9
0.8,flat_circle_jump,4,WALK,5.6,10.3,2.47138,3.39948,4.7
0.8,flat_circle_jump,4,RUN,10.3,11.2,3.39948,3.83104,0.9
0.8,flat_circle_jump,4,WALK,11.2,15.3,3.83104,4.63779,4.1
0.8,flat_circle_jump,4,RUN,15.3,16.2,4.63779,5.0683,0.9
0.8,flat_circle_jump,4,WALK,16.2,27.9,5.0683,7.38797,11.7
0.8,flat_circle_jump,4,RUN,27.9,29.8,7.38797,8.286,1.9
0.8,flat_circle_jump,4,WALK,29.8,37.4,8.286,9.78863,7.6
0.8,flat_circle_jump,4,RUN,37.4,39.4,9.78863,10.7,2
0.8,flat_circle_jump,5,TROT,0,0.8,1,1.44,0.8
0.8,flat_circle_jump,5,WALK,0.8,4.4,1.44,2.13964,3.6
0.8,flat_circle_jump,5,RUN,4.4,5.7,2.13964,2.7633,1.3
0.8,flat_circle_jump,5,WALK,5.7,9.1,2.7633,3.4388,3.4
0.8,flat_circle_jump,5,RUN,9.1,10.4,3.4388,4.06109,1.3
0.8,flat_circle_jump,5,WALK,10.4,28.7,4.06109,7.68677,18.3
0.8,flat_circle_jump,5,RUN,28.7,32.6,7.68677,9.51,3.9
0.8,flat_circle_jump,5,WALK,32.6,38.9,9.51,10.7445,6.3
0.8,flat_circle_jump,5,RUN,38.9,40.8,10.7445,11.65,1.9
0.8,flat_circle_jump,6,TROT,0,0.8,1,1.44,0.8
0.8,flat_circle_jump,6,WALK,0.8,5.7,1.44,2.39801,4.9
0.8,flat_circle_jump,6,RUN,5.7,6.6,2.39801,2.82905,0.9
0.8,flat_circle_jump,6,WALK,6.6,11.7,2.82905,3.83964,5.1
0.8,flat_circle_jump,6,RUN,11.7,13,3.83964,4.46337,1.3
0.8,flat_circle_jump,6,WALK,13,18,4.46337,5.45089,5
0.8,flat_circle_jump,6,RUN,18,19.1,5.45089,5.97256,1.1
0.8,flat_circle_jump,6,TROT,19.1,20,5.97256,6.40749,0.9
0.8,flat_circle_jump,6,WALK,20,21.5,6.40749,6.70064,1.5
0.8,flat_circle_jump,6,RUN,21.5,22.6,6.70064,7.21659,1.1
0.8,flat_circle_jump,6,WALK,22.6,28,7.21659,8.28964,5.4
0.8,flat_circle_jump,6,RUN,28,29,8.28964,8.76943,1
0.8,flat_circle_jump,6,WALK,29,33,8.76943,9.54962,4
0.8,flat_circle_jump,6,RUN,33,34.1,9.54962,10.0771,1.1
0.8,flat_circle_jump,6,WALK,34.1,40.8,10.0771,11.3997,6.7
0.8,flat_circle_jump,6,RUN,40.8,42.7,11.3997,12.3,1.9
0.8,flat_circle_jump,7,TROT,0,0.8,1,1.44,0.8
0.8,flat_circle_jump,7,WALK,0.8,7.5,1.44,2.74865,6.7
0.8,flat_circle_jump,7,RUN,7.5,8.4,2.74865,3.17676,0.9
0.8,flat_circle_jump,7,WALK,8.4,21.5,3.17676,5.75047,13.1
0.8,flat_circle_jump,7,RUN,21.5,22.4,5.75047,6.17219,0.9
0.8,flat_circle_jump,7,WALK,22.4,26.8,6.17219,7.03964,4.4
0.8,flat_circle_jump,7,RUN,26.8,28.1,7.03964,7.66333,1.3
0.8,flat_circle_jump,7,WALK,28.1,33.1,7.66333,8.65535,5
0.8,flat_circle_jump,7,RUN,33.1,34,8.65535,9.08471,0.9
0.8,flat_circle_jump,7,WALK,34,38.9,9.08471,10.0469,4.9
0.8,flat_circle_jump,7,RUN,38.9,40.4,10.0469,10.7641,1.5
0.8,flat_circle_jump,7,WALK,40.4,46.4,10.7641,11.9497,6
0.8,flat_circle_jump,7,RUN,46.4,48.3,11.9497,12.85,1.9
0.8,flat_circle_jump,8,TROT,0,0.8,1,1.44,0.8
0.8,flat_circle_jump,8,WALK,0.8,7.5,1.44,2.74286,6.7
0.8,flat_circle_jump,8,RUN,7.5,8.4,2.74286,3.16898,0.9
0.8,flat_circle_jump,8,WALK,8.4,14.9,3.16898,4.44235,6.5
0.8,flat_circle_jump,8,RUN,14.9,15.8,4.44235,4.86778,0.9
0.8,flat_circle_jump,8,WALK,15.8,16.7,4.86778,5.03962,0.9
0.8,flat_circle_jump,8,JUMP,16.7,17.5,5.03962,5.03962,0.8
0.8,flat_circle_jump,8,WALK,17.5,21.8,5.03962,5.89156,4.3
0.8,flat_circle_jump,8,RUN,21.8,22.7,5.89156,6.31951,0.9
0.8,flat_circle_jump,8,WALK,22.7,26.6,6.31951,7.09,3.9
0.8,flat_circle_jump,8,RUN,26.6,28.1,7.09,7.81,1.5
0.8,flat_circle_jump,8,WALK,28.1,41.7,7.81,10.49,13.6
0.8,flat_circle_jump,8,RUN,41.7,43,10.49,11.114,1.3
0.8,flat_circle_jump,8,WALK,43,48.7,11.114,12.25,5.7
0.8,flat_circle_jump,8,RUN,48.7,50.6,12.25,13.15,1.9
0.8,flat_circle_jump,9,TROT,0,0.8,1,1.44,0.8
0.8,flat_circle_jump,9,WALK,0.8,7.4,1.44,2.73965,6.6
0.8,flat_circle_jump,9,RUN,7.4,8.7,2.73965,3.36347,1.3
0.8,flat_circle_jump,9,WALK,8.7,13.6,3.36347,4.33696,4.9
0.8,flat_circle_jump,9,RUN,13.6,15.1,4.33696,5.054,1.5
0.8,flat_circle_jump,9,WALK,15.1,18.8,5.054,5.78966,3.7
0.8,flat_circle_jump,9,RUN,18.8,20.1,5.78966,6.41326,1.3
0.8,flat_circle_jump,9,WALK,20.1,25.3,6.41326,7.44963,5.2
0.8,flat_circle_jump,9,RUN,25.3,26.5,7.44963,8.02537,1.2
0.8,flat_circle_jump,9,WALK,26.5,41.6,8.02537,10.9866,15.1
0.8,flat_circle_jump,9,RUN,41.6,42.5,10.9866,11.4114,0.9
0.8,flat_circle_jump,9,WALK,42.5,50.1,11.4114,12.9047,7.6
0.8,flat_circle_jump,9,RUN,50.1,52,12.9047,13.8,1.9
0.8,bump_jump,0,TROT,0,0.8,1,1.44,0.8
0.8,bump_jump,0,WALK,0.8,43.5,1.44,9.84965,42.7
0.8,bump_jump,0,RUN,43.5,45.4,9.84965,10.75,1.9
0.8,bump_jump,1,TROT,0,0.8,1,1.44,0.8
0.8,bump_jump,1,WALK,0.8,45.1,1.44,10.14,44.3
0.8,bump_jump,1,RUN,45.1,47,10.14,11.05,1.9
0.8,bump_jump,2,TROT,0,0.8,1,1.44,0.8
0.8,bump_jump,2,WALK,0.8,44.3,1.44,10.0386,43.5
0.8,bump_jump,2,RUN,44.3,46.3,10.0386,10.95,2
0.8,bump_jump,3,TROT,0,0.8,1,1.44,0.8
0.8,bump_jump,3,WALK,0.8,46.3,1.44,10.4,45.5
0.8,bump_jump,3,RUN,46.3,48.2,10.4,11.3,1.9
0.8,bump_jump,4,TROT,0,0.8,1,1.44,0.8
0.8,bump_jump,4,WALK,0.8,46,1.44,10.3397,45.2
0.8,bump_jump,4,RUN,46,47.9,10.3397,11.25,1.9
0.8,bump_jump,5,TROT,0,0.8,1,1.44,0.8
0.8,bump_jump,5,WALK,0.8,47.1,1.44,10.59,46.3
0.8,bump_jump,5,RUN,47.1,49,10.59,11.5,1.9
0.8,bump_jump,6,TROT,0,0.8,1,1.44,0.8
0.8,bump_jump,6,WALK,0.8,47.2,1.44,10.5514,46.4
0.8,bump_jump,6,RUN,47.2,49.1,10.5514,11.45,1.9
0.8,bump_jump,7,TROT,0,0.8,1,1.44,0.8
0.8,bump_jump,7,WALK,0.8,48.8,1.44,10.9469,48
0.8,bump_jump,7,RUN,48.8,50.7,10.9469,11.85,1.9
0.8,bump_jump,8,TROT,0,0.8,1,1.44,0.8
0.8,bump_jump,8,WALK,0.8,49.3,1.44,10.9545,48.5
0.8,bump_jump,8,RUN,49.3,51.2,10.9545,11.85,1.9
0.8,bump_jump,9,TROT,0,0.8,1,1.44,0.8
0.8,bump_jump,9,WALK,0.8,49.3,1.44,10.9945,48.5
0.8,bump_jump,9,RUN,49.3,51.2,10.9945,11.9,1.9
0.8,sideways_ramp,0,TROT,0,0.8,1,1.44,0.8
0.8,sideways_ramp,0,WALK,0.8,3.5,1.44,1.90763,2.7
0.8,sideways_ramp,0,RUN,3.5,4.4,1.90763,2.29045,0.9
0.8,sideways_ramp,0,WALK,4.4,7.6,2.29045,2.87138,3.2
0.8,sideways_ramp,0,RUN,7.6,9,2.87138,3.50551,1.4
0.8,sideways_ramp,0,WALK,9,12.3,3.50551,4.13806,3.3
0.8,sideways_ramp,0,RUN,12.3,13.6,4.13806,4.76021,1.3
0.8,sideways_ramp,0,WALK,13.6,17.4,4.76021,5.47236,3.8
0.8,sideways_ramp,0,RUN,17.4,18.9,5.47236,6.12606,1.5
0.8,sideways_ramp,0,WALK,18.9,22.5,6.12606,6.77147,3.6
0.8,sideways_ramp,0,RUN,22.5,24,6.77147,7.42442,1.5
0.8,sideways_ramp,0,WALK,24,27.6,7.42442,8.07715,3.6
0.8,sideways_ramp,0,RUN,27.6,29.1,8.07715,8.75183,1.5
0.8,sideways_ramp,0,WALK,29.1,32.7,8.75183,9.42378,3.6
0.8,sideways_ramp,0,RUN,32.7,34.7,9.42378,10.3,2
0.8,sideways_ramp,1,TROT,0,0.8,1,1.44,0.8
0.8,sideways_ramp,1,WALK,0.8,3.2,1.44,1.9,2.4
0.8,sideways_ramp,1,RUN,3.2,4.1,1.9,2.332,0.9
0.8,sideways_ramp,1,WALK,4.1,7.1,2.332,2.88239,3
0.8,sideways_ramp,1,RUN,7.1,8.7,2.88239,3.58037,1.6
0.8,sideways_ramp,1,WALK,8.7,12.2,3.58037,4.25187,3.5
0.8,sideways_ramp,1,RUN,12.2,13.2,4.25187,4.73051,1
0.8,sideways_ramp,1,WALK,13.2,17.3,4.73051,5.51845,4.1
0.8,sideways_ramp,1,RUN,17.3,18.7,5.51845,6.16264,1.4
0.8,sideways_ramp,1,WALK,18.7,22.5,6.16264,6.90401,3.8
0.8,sideways_ramp,1,RUN,22.5,23.5,6.90401,7.38367,1
0.8,sideways_ramp,1,WALK,23.5,27.6,7.38367,8.16657,4.1
0.8,sideways_ramp,1,RUN,27.6,28.7,8.16657,8.66937,1.1
0.8,sideways_ramp,1,WALK,28.7,32.7,8.66937,9.41142,4
0.8,sideways_ramp,1,RUN,32.7,34.7,9.41142,10.3,2
0.8,sideways_ramp,2,TROT,0,0.8,1,1.44,0.8
0.8,sideways_ramp,2,WALK,0.8,1.7,1.44,1.59985,0.9
0.8,sideways_ramp,2,JUMP,1.7,2.5,1.59985,1.59985,0.8
0.8,sideways_ramp,2,WALK,2.5,4,1.59985,1.89941,1.5
0.8,sideways_ramp,2,RUN,4,4.9,1.89941,2.33077,0.9
0.8,sideways_ramp,2,WALK,4.9,22.9,2.33077,5.66723,18
0.8,sideways_ramp,2,RUN,22.9,24,5.66723,6.15484,1.1
0.8,sideways_ramp,2,WALK,24,28.3,6.15484,6.92712,4.3
0.8,sideways_ramp,2,RUN,28.3,29.5,6.92712,7.44936,1.2
0.8,sideways_ramp,2,WALK,29.5,30.6,7.44936,7.64883,1.1
0.8,sideways_ramp,2,JUMP,30.6,31.4,7.64883,7.64883,0.8
0.8,sideways_ramp,2,WALK,31.4,34.3,7.64883,8.20482,2.9
0.8,sideways_ramp,2,RUN,34.3,35.2,8.20482,8.63648,0.9
0.8,sideways_ramp,2,WALK,35.2,39.3,8.63648,9.43714,4.1
0.8,sideways_ramp,2,RUN,39.3,41.3,9.43714,10.35,2
0.8,sideways_ramp,3,TROT,0,0.8,1,1.44,0.8
0.8,sideways_ramp,3,WALK,0.8,3.2,1.44,1.89759,2.4
0.8,sideways_ramp,3,RUN,3.2,4.1,1.89759,2.32699,0.9
0.8,sideways_ramp,3,WALK,4.1,8.6,2.32699,3.17329,4.5
0.8,sideways_ramp,3,RUN,8.6,9.5,3.17329,3.58708,0.9
0.8,sideways_ramp,3,WALK,9.5,13.2,3.58708,4.27031,3.7
0.8,sideways_ramp,3,RUN,13.2,14.2,4.27031,4.72443,1
0.8,sideways_ramp,3,WALK,14.2,25.6,4.72443,6.90635,11.4
0.8,sideways_ramp,3,RUN,25.6,26.9,6.90635,7.52673,1.3
0.8,sideways_ramp,3,WALK,26.9,31,7.52673,8.33677,4.1
0.8,sideways_ramp,3,RUN,31,32.3,8.33677,8.96041,1.3
0.8,sideways_ramp,3,WALK,32.3,36.9,8.96041,9.82616,4.6
0.8,sideways_ramp,3,RUN,36.9,38.9,9.82616,10.7,2
0.8,sideways_ramp,4,TROT,0,0.8,1,1.44,0.8
0.8,sideways_ramp,4,WALK,0.8,1.7,1.44,1.6,0.9
0.8,sideways_ramp,4,JUMP,1.7,2.5,1.6,1.6,0.8
0.8,sideways_ramp,4,WALK,2.5,4,1.6,1.9,1.5
0.8,sideways_ramp,4,RUN,4,4.9,1.9,2.332,0.9
0.8,sideways_ramp,4,WALK,4.9,8,2.332,2.9444,3.1
0.8,sideways_ramp,4,RUN,8,8.9,2.9444,3.3761,0.9
0.8,sideways_ramp,4,WALK,8.9,13.5,3.3761,4.25607,4.6
0.8,sideways_ramp,4,RUN,13.5,14.4,4.25607,4.66996,0.9
0.8,sideways_ramp,4,TROT,14.4,15.3,4.66996,5.1308,0.9
0.8,sideways_ramp,4,WALK,15.3,17.9,5.1308,5.64775,2.6
0.8,sideways_ramp,4,RUN,17.9,18.9,5.64775,6.12494,1
0.8,sideways_ramp,4,WALK,18.9,20,6.12494,6.34365,1.1
0.8,sideways_ramp,4,JUMP,20,20.8,6.34365,6.34365,0.8
0.8,sideways_ramp,4,WALK,20.8,24.1,6.34365,6.99588,3.3
0.8,sideways_ramp,4,RUN,24.1,25,6.99588,7.42788,0.9
0.8,sideways_ramp,4,WALK,25,29.4,7.42788,8.30088,4.4
0.8,sideways_ramp,4,RUN,29.4,30.3,8.30088,8.73288,0.9
0.8,sideways_ramp,4,WALK,30.3,35.1,8.73288,9.6305,4.8
0.8,sideways_ramp,4,RUN,35.1,37.1,9.6305,10.5,2
0.8,sideways_ramp,5,TROT,0,0.8,1,1.44,0.8
0.8,sideways_ramp,5,WALK,0.8,9.9,1.44,3.04937,9.1
0.8,sideways_ramp,5,RUN,9.9,10.8,3.04937,3.48137,0.9
0.8,sideways_ramp,5,WALK,10.8,12.1,3.48137,3.74137,1.3
0.8,sideways_ramp,5,JUMP,12.1,12.9,3.74137,3.74137,0.8
0.8,sideways_ramp,5,WALK,12.9,16.2,3.74137,4.39265,3.3
0.8,sideways_ramp,5,RUN,16.2,17.1,4.39265,4.82435,0.9
0.8,sideways_ramp,5,WALK,17.1,21.7,4.82435,5.74377,4.6
0.8,sideways_ramp,5,RUN,21.7,22.6,5.74377,6.17577,0.9
0.8,sideways_ramp,5,WALK,22.6,31.3,6.17577,7.83881,8.7
0.8,sideways_ramp,5,JUMP,31.3,32.1,7.83881,7.83881,0.8
0.8,sideways_ramp,5,WALK,32.1,35.2,7.83881,8.44026,3.1
0.8,sideways_ramp,5,RUN,35.2,36.1,8.44026,8.86957,0.9
0.8,sideways_ramp,5,WALK,36.1,40.5,8.86957,9.74273,4.4
0.8,sideways_ramp,5,RUN,40.5,42.4,9.74273,10.65,1.9
0.8,sideways_ramp,6,TROT,0,0.8,1,1.44,0.8
0.8,sideways_ramp,6,WALK,0.8,3.2,1.44,1.89756,2.4
0.8,sideways_ramp,6,RUN,3.2,4.1,1.89756,2.32692,0.9
0.8,sideways_ramp,6,WALK,4.1,7.9,2.32692,3.05501,3.8
0.8,sideways_ramp,6,RUN,7.9,8.8,3.05501,3.47086,0.9
0.8,sideways_ramp,6,WALK,8.8,13.9,3.47086,4.42456,5.1
0.8,sideways_ramp,6,TROT,13.9,14.8,4.42456,4.89071,0.9
0.8,sideways_ramp,6,WALK,14.8,19.7,4.89071,5.83988,4.9
0.8,sideways_ramp,6,RUN,19.7,20.6,5.83988,6.27079,0.9
0.8,sideways_ramp,6,WALK,20.6,25.5,6.27079,7.24531,4.9
0.8,sideways_ramp,6,RUN,25.5,26.4,7.24531,7.67705,0.9
0.8,sideways_ramp,6,WALK,26.4,31.5,7.67705,8.68784,5.1
0.8,sideways_ramp,6,RUN,31.5,32.5,8.68784,9.16756,1
0.8,sideways_ramp,6,WALK,32.5,37.4,9.16756,10.1473,4.9
0.8,sideways_ramp,6,RUN,37.4,39.3,10.1473,11.05,1.9
0.8,sideways_ramp,7,TROT,0,0.8,1,1.44,0.8
0.8,sideways_ramp,7,RUN,0.8,1.8,1.44,1.83727,1
0.8,sideways_ramp,7,WALK,1.8,7.9,1.83727,2.95684,6.1
0.8,sideways_ramp,7,TROT,7.9,8.8,2.95684,3.42946,0.9
0.8,sideways_ramp,7,WALK,8.8,14,3.42946,4.45193,5.2
0.8,sideways_ramp,7,RUN,14,14.9,4.45193,4.88393,0.9
0.8,sideways_ramp,7,WALK,14.9,28.1,4.88393,7.40061,13.2
0.8,sideways_ramp,7,RUN,28.1,29,7.40061,7.82075,0.9
0.8,sideways_ramp,7,WALK,29,34,7.82075,8.79954,5
0.8,sideways_ramp,7,RUN,34,34.9,8.79954,9.22912,0.9
0.8,sideways_ramp,7,WALK,34.9,39.8,9.22912,10.1928,4.9
0.8,sideways_ramp,7,RUN,39.8,41.7,10.1928,11.1,1.9
0.8,sideways_ramp,8,TROT,0,0.8,1,1.44,0.8
0.8,sideways_ramp,8,WALK,0.8,8.4,1.44,2.93615,7.6
0.8,sideways_ramp,8,RUN,8.4,9.3,2.93615,3.367,0.9
0.8,sideways_ramp,8,WALK,9.3,14.5,3.367,4.36509,5.2
0.8,sideways_ramp,8,TROT,14.5,15.4,4.36509,4.83235,0.9
0.8,sideways_ramp,8,WALK,15.4,20.4,4.83235,5.79557,5
0.8,sideways_ramp,8,RUN,20.4,21.3,5.79557,6.22757,0.9
0.8,sideways_ramp,8,WALK,21.3,26.4,6.22757,7.24749,5.1
0.8,sideways_ramp,8,RUN,26.4,27.3,7.24749,7.67949,0.9
0.8,sideways_ramp,8,WALK,27.3,32.5,7.67949,8.69903,5.2
0.8,sideways_ramp,8,RUN,32.5,33.4,8.69903,9.12996,0.9
0.8,sideways_ramp,8,WALK,33.4,38.3,9.12996,10.0646,4.9
0.8,sideways_ramp,8,RUN,38.3,40.3,10.0646,10.95,2
0.8,sideways_ramp,9,TROT,0,0.8,1,1.44,0.8
0.8,sideways_ramp,9,WALK,0.8,3.2,1.44,1.89935,2.4
0.8,sideways_ramp,9,RUN,3.2,4.1,1.89935,2.33064,0.9
0.8,sideways_ramp,9,WALK,4.1,8.2,2.33064,3.10623,4.1
0.8,sideways_ramp,9,RUN,8.2,9.1,3.10623,3.52307,0.9
0.8,sideways_ramp,9,WALK,9.1,14.3,3.52307,4.54259,5.2
0.8,sideways_ramp,9,RUN,14.3,15.2,4.54259,4.97459,0.9
0.8,sideways_ramp,9,WALK,15.2,19.9,4.97459,5.8968,4.7
0.8,sideways_ramp,9,RUN,19.9,20.8,5.8968,6.3262,0.9
0.8,sideways_ramp,9,WALK,20.8,22.4,6.3262,6.64293,1.6
0.8,sideways_ramp,9,JUMP,22.4,23.2,6.64293,6.64293,0.8
0.8,sideways_ramp,9,WALK,23.2,26.5,6.64293,7.29945,3.3
0.8,sideways_ramp,9,RUN,26.5,27.4,7.29945,7.72917,0.9
0.8,sideways_ramp,9,WALK,27.4,40.5,7.72917,10.2612,13.1
0.8,sideways_ramp,9,RUN,40.5,42.5,10.2612,11.15,2
0.8,stepping_stones_cylinder,0,TROT,0,0.8,1,1.44,0.8
0.8,stepping_stones_cylinder,0,RUN,0.8,11.8,1.44,6.45,11
0.8,stepping_stones_cylinder,1,TROT,0,0.8,1,1.44,0.8
0.8,stepping_stones_cylinder,1,WALK,0.8,3.5,1.44,1.95004,2.7
0.8,stepping_stones_cylinder,1,RUN,3.5,13.1,1.95004,6.35,9.6
0.8,stepping_stones_cylinder,2,TROT,0,0.8,1,1.44,0.8
0.8,stepping_stones_cylinder,2,WALK,0.8,3.5,1.44,1.95027,2.7
0.8,stepping_stones_cylinder,2,RUN,3.5,5.1,1.95027,2.684,1.6
0.8,stepping_stones_cylinder,2,WALK,5.1,6.7,2.684,3,1.6
0.8,stepping_stones_cylinder,2,RUN,6.7,13.6,3,6.15,6.9
0.8,stepping_stones_cylinder,3,TROT,0,0.8,1,1.44,0.8
0.8,stepping_stones_cylinder,3,WALK,0.8,3.5,1.44,1.95165,2.7
0.8,stepping_stones_cylinder,3,RUN,3.5,5.1,1.95165,2.684,1.6
0.8,stepping_stones_cylinder,3,WALK,5.1,14.5,2.684,4.53,9.4
0.8,stepping_stones_cylinder,3,RUN,14.5,17.3,4.53,5.85,2.8
0.8,stepping_stones_cylinder,4,TROT,0,0.8,1,1.44,0.8
0.8,stepping_stones_cylinder,4,WALK,0.8,18.4,1.44,4.89,17.6
0.8,stepping_stones_cylinder,4,RUN,18.4,20.4,4.89,5.8,2
0.8,stepping_stones_cylinder,5,TROT,0,0.8,1,1.44,0.8
0.8,stepping_stones_cylinder,5,WALK,0.8,9.8,1.44,3.2,9
0.8,stepping_stones_cylinder,5,RUN,9.8,10.7,3.2,3.598,0.9
0.8,stepping_stones_cylinder,5,WALK,10.7,15,3.598,4.45,4.3
0.8,stepping_stones_cylinder,5,RUN,15,15.9,4.45,4.848,0.9
0.8,stepping_stones_cylinder,5,WALK,15.9,20,4.848,5.64695,4.1
0.8,stepping_stones_cylinder,5,RUN,20,21.3,5.64695,6.25,1.3
0.8,stepping_stones_cylinder,6,TROT,0,0.8,1,1.44,0.8
0.8,stepping_stones_cylinder,6,WALK,0.8,20.9,1.44,5.38777,20.1
0.8,stepping_stones_cylinder,6,RUN,20.9,22.2,5.38777,6,1.3
0.8,stepping_stones_cylinder,7,TROT,0,0.8,1,1.44,0.8
0.8,stepping_stones_cylinder,7,WALK,0.8,19.9,1.44,5.18822,19.1
0.8,stepping_stones_cylinder,7,RUN,19.9,21.2,5.18822,5.8,1.3
0.8,stepping_stones_cylinder,8,TROT,0,0.8,1,1.44,0.8
0.8,stepping_stones_cylinder,8,WALK,0.8,19.2,1.44,5.04885,18.4
0.8,stepping_stones_cylinder,8,RUN,19.2,20.6,5.04885,5.7,1.4
0.8,stepping_stones_cylinder,9,TROT,0,0.8,1,1.44,0.8
0.8,stepping_stones_cylinder,9,WALK,0.8,19.7,1.44,5.13933,18.9
0.8,stepping_stones_cylinder,9,RUN,19.7,21.1,5.13933,5.8,1.4
0.8,stepping_stones_randomly_arranged,0,TROT,0,0.8,1,1.44,0.8
0.8,stepping_stones_randomly_arranged,0,RUN,0.8,11.6,1.44,6.4,10.8
0.8,stepping_stones_randomly_arranged,1,TROT,0,0.8,1,1.44,0.8
0.8,stepping_stones_randomly_arranged,1,RUN,0.8,11,1.44,6.1,10.2
0.8,stepping_stones_randomly_arranged,2,TROT,0,0.8,1,1.44,0.8
0.8,stepping_stones_randomly_arranged,2,RUN,0.8,11,1.44,6.1,10.2
0.8,stepping_stones_randomly_arranged,3,TROT,0,0.8,1,1.44,0.8
0.8,stepping_stones_randomly_arranged,3,RUN,0.8,10.9,1.44,6.1,10.1
0.8,stepping_stones_randomly_arranged,4,TROT,0,0.8,1,1.44,0.8
0.8,stepping_stones_randomly_arranged,4,RUN,0.8,5.7,1.44,3.58062,4.9
0.8,stepping_stones_randomly_arranged,4,WALK,5.7,7,3.58062,3.83395,1.3
0.8,stepping_stones_randomly_arranged,4,RUN,7,12.4,3.83395,6.25,5.4
0.8,stepping_stones_randomly_arranged,5,TROT,0,0.8,1,1.44,0.8
0.8,stepping_stones_randomly_arranged,5,RUN,0.8,3.1,1.44,2.45681,2.3
0.8,stepping_stones_randomly_arranged,5,WALK,3.1,4.9,2.45681,2.80998,1.8
0.8,stepping_stones_randomly_arranged,5,RUN,4.9,11.7,2.80998,5.9,6.8
0.8,stepping_stones_randomly_arranged,6,TROT,0,0.8,1,1.44,0.8
0.8,stepping_stones_randomly_arranged,6,RUN,0.8,3,1.44,2.40826,2.2
0.8,stepping_stones_randomly_arranged,6,WALK,3,4.3,2.40826,2.65,1.3
0.8,stepping_stones_randomly_arranged,6,RUN,4.3,5.2,2.65,3.07026,0.9
0.8,stepping_stones_randomly_arranged,6,WALK,5.2,7.1,3.07026,3.44497,1.9
0.8,stepping_stones_randomly_arranged,6,RUN,7.1,8,3.44497,3.84797,0.9
0.8,stepping_stones_randomly_arranged,6,WALK,8,9.3,3.84797,4.10781,1.3
0.8,stepping_stones_randomly_arranged,6,RUN,9.3,13.3,4.10781,5.9,4
0.8,stepping_stones_randomly_arranged,7,TROT,0,0.8,1,1.44,0.8
0.8,stepping_stones_randomly_arranged,7,RUN,0.8,3,1.44,2.38115,2.2
0.8,stepping_stones_randomly_arranged,7,WALK,3,4.3,2.38115,2.625,1.3
0.8,stepping_stones_randomly_arranged,7,RUN,4.3,5.2,2.625,3.04133,0.9
0.8,stepping_stones_randomly_arranged,7,WALK,5.2,6.5,3.04133,3.28498,1.3
0.8,stepping_stones_randomly_arranged,7,RUN,6.5,7.4,3.28498,3.71684,0.9
0.8,stepping_stones_randomly_arranged,7,WALK,7.4,9.1,3.71684,4.04499,1.7
0.8,stepping_stones_randomly_arranged,7,RUN,9.1,13.5,4.04499,6,4.4
0.8,stepping_stones_randomly_arranged,8,TROT,0,0.8,1,1.44,0.8
0.8,stepping_stones_randomly_arranged,8,RUN,0.8,4.4,1.44,3.00873,3.6
0.8,stepping_stones_randomly_arranged,8,WALK,4.4,9.4,3.00873,3.99999,5
0.8,stepping_stones_randomly_arranged,8,RUN,9.4,10.3,3.99999,4.39799,0.9
0.8,stepping_stones_randomly_arranged,8,WALK,10.3,13.3,4.39799,4.97751,3
0.8,stepping_stones_randomly_arranged,8,RUN,13.3,15.3,4.97751,5.9,2
0.8,stepping_stones_randomly_arranged,9,TROT,0,0.8,1,1.44,0.8
0.8,stepping_stones_randomly_arranged,9,RUN,0.8,1.7,1.44,1.82144,0.9
0.8,stepping_stones_randomly_arranged,9,WALK,1.7,3,1.82144,2.07018,1.3
0.8,stepping_stones_randomly_arranged,9,RUN,3,5.9,2.07018,3.33378,2.9
0.8,stepping_stones_randomly_arranged,9,WALK,5.9,7.5,3.33378,3.64,1.6
0.8,stepping_stones_randomly_arranged,9,RUN,7.5,8.4,3.64,4.07199,0.9
0.8,stepping_stones_randomly_arranged,9,WALK,8.4,9.7,4.07199,4.3098,1.3
0.8,stepping_stones_randomly_arranged,9,RUN,9.7,12.6,4.3098,5.6,2.9
0.8,staircase_walking_full_width,0,TROT,0,0.9,1,1.495,0.9
0.8,staircase_walking_full_width,0,WALK,0.9,9.2,1.495,3.14,8.3
0.8,staircase_walking_full_width,0,RUN,9.2,10.5,3.14,3.764,1.3
0.8,staircase_walking_full_width,0,WALK,10.5,21.3,3.764,5.90429,10.8
0.8,staircase_walking_full_width,0,RUN,21.3,22.5,5.90429,6.45657,1.2
0.8,staircase_walking_full_width,0,TROT,22.5,23.4,6.45657,6.95157,0.9
0.8,staircase_walking_full_width,0,WALK,23.4,24.3,6.95157,7.13157,0.9
0.8,staircase_walking_full_width,0,JUMP,24.3,25.1,7.13157,7.13157,0.8
0.8,staircase_walking_full_width,0,WALK,25.1,28.5,7.13157,7.81157,3.4
0.8,staircase_walking_full_width,0,JUMP,28.5,29.3,7.81157,7.81157,0.8
0.8,staircase_walking_full_width,0,WALK,29.3,32.7,7.81157,8.47286,3.4
0.8,staircase_walking_full_width,0,JUMP,32.7,33.5,8.47286,8.47286,0.8
0.8,staircase_walking_full_width,0,WALK,33.5,34.8,8.47286,8.73286,1.3
0.8,staircase_walking_full_width,0,RUN,34.8,35.9,8.73286,9.26086,1.1
0.8,staircase_walking_full_width,0,WALK,35.9,46.6,9.26086,11.3971,10.7
0.8,staircase_walking_full_width,0,RUN,46.6,47.7,11.3971,11.9174,1.1
0.8,staircase_walking_full_width,0,TROT,47.7,48.6,11.9174,12.4124,0.9
0.8,staircase_walking_full_width,0,WALK,48.6,57.3,12.4124,14.1457,8.7
0.8,staircase_walking_full_width,0,RUN,57.3,60.7,14.1457,15.75,3.4
0.8,staircase_walking_full_width,1,TROT,0,0.8,1,1.44,0.8
0.8,staircase_walking_full_width,1,WALK,0.8,9.4,1.44,3.14,8.6
0.8,staircase_walking_full_width,1,RUN,9.4,10.7,3.14,3.764,1.3
0.8,staircase_walking_full_width,1,WALK,10.7,21.5,3.764,5.90429,10.8
0.8,staircase_walking_full_width,1,RUN,21.5,22.7,5.90429,6.45657,1.2
0.8,staircase_walking_full_width,1,TROT,22.7,23.6,6.45657,6.95157,0.9
0.8,staircase_walking_full_width,1,WALK,23.6,24.5,6.95157,7.13157,0.9
0.8,staircase_walking_full_width,1,JUMP,24.5,25.3,7.13157,7.13157,0.8
0.8,staircase_walking_full_width,1,WALK,25.3,28.7,7.13157,7.81157,3.4
0.8,staircase_walking_full_width,1,JUMP,28.7,29.5,7.81157,7.81157,0.8
0.8,staircase_walking_full_width,1,WALK,29.5,32.9,7.81157,8.47286,3.4
0.8,staircase_walking_full_width,1,JUMP,32.9,33.7,8.47286,8.47286,0.8
0.8,staircase_walking_full_width,1,WALK,33.7,35,8.47286,8.73286,1.3
0.8,staircase_walking_full_width,1,RUN,35,36,8.73286,9.21286,1
0.8,staircase_walking_full_width,1,TROT,36,36.9,9.21286,9.70786,0.9
0.8,staircase_walking_full_width,1,WALK,36.9,45.4,9.70786,11.3971,8.5
0.8,staircase_walking_full_width,1,RUN,45.4,46.5,11.3971,11.9174,1.1
0.8,staircase_walking_full_width,1,TROT,46.5,47.4,11.9174,12.4124,0.9
0.8,staircase_walking_full_width,1,WALK,47.4,56.1,12.4124,14.1457,8.7
0.8,staircase_walking_full_width,1,RUN,56.1,59.5,14.1457,15.75,3.4
0.8,staircase_walking_full_width,2,TROT,0,0.8,1,1.44,0.8
0.8,staircase_walking_full_width,2,WALK,0.8,1.7,1.44,1.62,0.9
0.8,staircase_walking_full_width,2,JUMP,1.7,2.5,1.62,1.62,0.8
0.8,staircase_walking_full_width,2,WALK,2.5,5.9,1.62,2.28,3.4
0.8,staircase_walking_full_width,2,JUMP,5.9,6.7,2.28,2.28,0.8
0.8,staircase_walking_full_width,2,WALK,6.7,9.8,2.28,2.9,3.1
0.8,staircase_walking_full_width,2,RUN,9.8,10.7,2.9,3.332,0.9
0.8,staircase_walking_full_width,2,WALK,10.7,19.5,3.332,5.09143,8.8
0.8,staircase_walking_full_width,2,RUN,19.5,20.4,5.09143,5.47886,0.9
0.8,staircase_walking_full_width,2,WALK,20.4,29.5,5.47886,7.29429,9.1
0.8,staircase_walking_full_width,2,RUN,29.5,30.4,7.29429,7.72629,0.9
0.8,staircase_walking_full_width,2,WALK,30.4,39.2,7.72629,9.48571,8.8
0.8,staircase_walking_full_width,2,RUN,39.2,40.1,9.48571,9.90514,0.9
0.8,staircase_walking_full_width,2,WALK,40.1,49.1,9.90514,11.6886,9
0.8,staircase_walking_full_width,2,RUN,49.1,51.9,11.6886,13,2.8
0.8,staircase_walking_full_width,3,TROT,0,0.8,1,1.44,0.8
0.8,staircase_walking_full_width,3,WALK,0.8,1.7,1.44,1.62,0.9
0.8,staircase_walking_full_width,3,JUMP,1.7,2.5,1.62,1.62,0.8
0.8,staircase_walking_full_width,3,WALK,2.5,5.9,1.62,2.28,3.4
0.8,staircase_walking_full_width,3,JUMP,5.9,6.7,2.28,2.28,0.8
0.8,staircase_walking_full_width,3,WALK,6.7,9.8,2.28,2.9,3.1
0.8,staircase_walking_full_width,3,RUN,9.8,10.7,2.9,3.332,0.9
0.8,staircase_walking_full_width,3,WALK,10.7,19.5,3.332,5.09143,8.8
0.8,staircase_walking_full_width,3,RUN,19.5,20.4,5.09143,5.47886,0.9
0.8,staircase_walking_full_width,3,WALK,20.4,29.5,5.47886,7.29429,9.1
0.8,staircase_walking_full_width,3,RUN,29.5,30.4,7.29429,7.72629,0.9
0.8,staircase_walking_full_width,3,WALK,30.4,39.2,7.72629,9.48571,8.8
0.8,staircase_walking_full_width,3,RUN,39.2,40.1,9.48571,9.90514,0.9
0.8,staircase_walking_full_width,3,WALK,40.1,49.1,9.90514,11.6886,9
0.8,staircase_walking_full_width,3,RUN,49.1,51.9,11.6886,13,2.8
0.8,staircase_walking_full_width,4,TROT,0,0.8,1,1.44,0.8
0.8,staircase_walking_full_width,4,WALK,0.8,1.7,1.44,1.62,0.9
0.8,staircase_walking_full_width,4,JUMP,1.7,2.5,1.62,1.62,0.8
0.8,staircase_walking_full_width,4,WALK,2.5,5.9,1.62,2.28,3.4
0.8,staircase_walking_full_width,4,JUMP,5.9,6.7,2.28,2.28,0.8
0.8,staircase_walking_full_width,4,WALK,6.7,9.8,2.28,2.9,3.1
0.8,staircase_walking_full_width,4,RUN,9.8,10.7,2.9,3.332,0.9
0.8,staircase_walking_full_width,4,WALK,10.7,19.5,3.332,5.09143,8.8
0.8,staircase_walking_full_width,4,RUN,19.5,20.4,5.09143,5.47886,0.9
0.8,staircase_walking_full_width,4,WALK,20.4,29.5,5.47886,7.29429,9.1
0.8,staircase_walking_full_width,4,RUN,29.5,30.4,7.29429,7.72629,0.9
0.8,staircase_walking_full_width,4,WALK,30.4,39.2,7.72629,9.48571,8.8
0.8,staircase_walking_full_width,4,RUN,39.2,40.1,9.48571,9.90514,0.9
0.8,staircase_walking_full_width,4,WALK,40.1,49.1,9.90514,11.6886,9
0.8,staircase_walking_full_width,4,RUN,49.1,51.9,11.6886,13,2.8
0.8,staircase_walking_full_width,5,TROT,0,0.8,1,1.44,0.8
0.8,staircase_walking_full_width,5,WALK,0.8,1.7,1.44,1.62,0.9
0.8,staircase_walking_full_width,5,JUMP,1.7,2.5,1.62,1.62,0.8
0.8,staircase_walking_full_width,5,WALK,2.5,5.9,1.62,2.28,3.4
0.8,staircase_walking_full_width,5,JUMP,5.9,6.7,2.28,2.28,0.8
0.8,staircase_walking_full_width,5,WALK,6.7,9.8,2.28,2.9,3.1
0.8,staircase_walking_full_width,5,RUN,9.8,10.7,2.9,3.332,0.9
0.8,staircase_walking_full_width,5,WALK,10.7,19.5,3.332,5.09143,8.8
0.8,staircase_walking_full_width,5,RUN,19.5,20.4,5.09143,5.47886,0.9
0.8,staircase_walking_full_width,5,WALK,20.4,29.5,5.47886,7.29429,9.1
0.8,staircase_walking_full_width,5,RUN,29.5,30.4,7.29429,7.72629,0.9
0.8,staircase_walking_full_width,5,WALK,30.4,39.2,7.72629,9.48571,8.8
0.8,staircase_walking_full_width,5,RUN,39.2,40.1,9.48571,9.90514,0.9
0.8,staircase_walking_full_width,5,WALK,40.1,49.1,9.90514,11.6886,9
0.8,staircase_walking_full_width,5,RUN,49.1,51.9,11.6886,13,2.8
0.8,staircase_walking_full_width,6,TROT,0,0.8,1,1.44,0.8
0.8,staircase_walking_full_width,6,WALK,0.8,3.1,1.44,1.9,2.3
0.8,staircase_walking_full_width,6,JUMP,3.1,3.9,1.9,1.9,0.8
0.8,staircase_walking_full_width,6,WALK,3.9,7.3,1.9,2.56,3.4
0.8,staircase_walking_full_width,6,JUMP,7.3,8.1,2.56,2.56,0.8
0.8,staircase_walking_full_width,6,WALK,8.1,9.8,2.56,2.9,1.7
0.8,staircase_walking_full_width,6,RUN,9.8,10.7,2.9,3.332,0.9
0.8,staircase_walking_full_width,6,WALK,10.7,19.5,3.332,5.09143,8.8
0.8,staircase_walking_full_width,6,RUN,19.5,20.4,5.09143,5.47886,0.9
0.8,staircase_walking_full_width,6,WALK,20.4,29.5,5.47886,7.29429,9.1
0.8,staircase_walking_full_width,6,RUN,29.5,30.4,7.29429,7.72629,0.9
0.8,staircase_walking_full_width,6,WALK,30.4,39.2,7.72629,9.48571,8.8
0.8,staircase_walking_full_width,6,RUN,39.2,40.1,9.48571,9.90514,0.9
0.8,staircase_walking_full_width,6,WALK,40.1,49.1,9.90514,11.6886,9
0.8,staircase_walking_full_width,6,RUN,49.1,51.9,11.6886,13,2.8
0.8,staircase_walking_full_width,7,TROT,0,0.8,1,1.44,0.8
0.8,staircase_walking_full_width,7,WALK,0.8,8.2,1.44,2.9,7.4
0.8,staircase_walking_full_width,7,RUN,8.2,9.1,2.9,3.332,0.9
0.8,staircase_walking_full_width,7,WALK,9.1,17.9,3.332,5.09143,8.8
0.8,staircase_walking_full_width,7,RUN,17.9,18.8,5.09143,5.47886,0.9
0.8,staircase_walking_full_width,7,WALK,18.8,27.9,5.47886,7.29429,9.1
0.8,staircase_walking_full_width,7,RUN,27.9,28.8,7.29429,7.72629,0.9
0.8,staircase_walking_full_width,7,WALK,28.8,37.6,7.72629,9.48571,8.8
0.8,staircase_walking_full_width,7,RUN,37.6,38.5,9.48571,9.90514,0.9
0.8,staircase_walking_full_width,7,WALK,38.5,47.5,9.90514,11.6886,9
0.8,staircase_walking_full_width,7,RUN,47.5,50.3,11.6886,13,2.8
0.8,staircase_walking_full_width,8,TROT,0,0.8,1,1.44,0.8
0.8,staircase_walking_full_width,8,WALK,0.8,40,1.44,9.25143,39.2
0.8,staircase_walking_full_width,8,RUN,40,42.1,9.25143,10.25,2.1
0.8,staircase_walking_full_width,9,TROT,0,0.8,1,1.44,0.8
0.8,staircase_walking_full_width,9,WALK,0.8,40,1.44,9.25143,39.2
0.8,staircase_walking_full_width,9,RUN,40,42.1,9.25143,10.25,2.1
0.8,staircase_walking,0,TROT,0,6.7,1,4.415,6.7
0.8,staircase_walking,0,RUN,6.7,9,4.415,5.5,2.3
0.8,staircase_walking,1,TROT,0,0.9,1,1.495,0.9
0.8,staircase_walking,1,WALK,0.9,15.5,1.495,4.37,14.6
0.8,staircase_walking,1,RUN,15.5,17.9,4.37,5.5,2.4
0.8,staircase_walking,2,TROT,0,0.9,1,1.495,0.9
0.8,staircase_walking,2,WALK,0.9,5.8,1.495,2.45,4.9
0.8,staircase_walking,2,JUMP,5.8,6.6,2.45,2.45,0.8
0.8,staircase_walking,2,WALK,6.6,9.9,2.45,3.11,3.3
0.8,staircase_walking,2,JUMP,9.9,10.7,3.11,3.11,0.8
0.8,staircase_walking,2,WALK,10.7,14,3.11,3.77,3.3
0.8,staircase_walking,2,JUMP,14,14.8,3.77,3.77,0.8
0.8,staircase_walking,2,WALK,14.8,17.9,3.77,4.37,3.1
0.8,staircase_walking,2,RUN,17.9,20.3,4.37,5.5,2.4
0.8,staircase_walking,3,TROT,0,0.8,1,1.44,0.8
0.8,staircase_walking,3,WALK,0.8,1.7,1.44,1.6,0.9
0.8,staircase_walking,3,JUMP,1.7,2.5,1.6,1.6,0.8
0.8,staircase_walking,3,WALK,2.5,5.8,1.6,2.25,3.3
0.8,staircase_walking,3,JUMP,5.8,6.6,2.25,2.25,0.8
0.8,staircase_walking,3,WALK,6.6,9.9,2.25,2.91,3.3
0.8,staircase_walking,3,JUMP,9.9,10.7,2.91,2.91,0.8
0.8,staircase_walking,3,WALK,10.7,14,2.91,3.57,3.3
0.8,staircase_walking,3,JUMP,14,14.8,3.57,3.57,0.8
0.8,staircase_walking,3,WALK,14.8,18.2,3.57,4.25,3.4
0.8,staircase_walking,3,JUMP,18.2,19,4.25,4.25,0.8
0.8,staircase_walking,3,WALK,19,20.3,4.25,4.49,1.3
0.8,staircase_walking,3,RUN,20.3,22.5,4.49,5.5,2.2
0.8,staircase_walking,4,TROT,0,0.8,1,1.44,0.8
0.8,staircase_walking,4,WALK,0.8,1.7,1.44,1.6,0.9
0.8,staircase_walking,4,JUMP,1.7,2.5,1.6,1.6,0.8
0.8,staircase_walking,4,WALK,2.5,5.8,1.6,2.245,3.3
0.8,staircase_walking,4,JUMP,5.8,6.6,2.245,2.245,0.8
0.8,staircase_walking,4,WALK,6.6,10,2.245,2.915,3.4
0.8,staircase_walking,4,JUMP,10,10.8,2.915,2.915,0.8
0.8,staircase_walking,4,WALK,10.8,14.2,2.915,3.575,3.4
0.8,staircase_walking,4,JUMP,14.2,15,3.575,3.575,0.8
0.8,staircase_walking,4,WALK,15,17.9,3.575,4.145,2.9
0.8,staircase_walking,4,RUN,17.9,20.2,4.145,5.2,2.3
0.8,staircase_walking,5,TROT,0,0.8,1,1.44,0.8
0.8,staircase_walking,5,WALK,0.8,1.7,1.44,1.6,0.9
0.8,staircase_walking,5,JUMP,1.7,2.5,1.6,1.6,0.8
0.8,staircase_walking,5,WALK,2.5,5.8,1.6,2.245,3.3
0.8,staircase_walking,5,JUMP,5.8,6.6,2.245,2.245,0.8
0.8,staircase_walking,5,WALK,6.6,16.3,2.245,4.145,9.7
0.8,staircase_walking,5,RUN,16.3,18.6,4.145,5.2,2.3
0.8,staircase_walking,6,TROT,0,0.8,1,1.44,0.8
0.8,staircase_walking,6,WALK,0.8,7.7,1.44,2.775,6.9
0.8,staircase_walking,6,JUMP,7.7,8.5,2.775,2.775,0.8
0.8,staircase_walking,6,WALK,8.5,15.5,2.775,4.145,7
0.8,staircase_walking,6,RUN,15.5,17.8,4.145,5.2,2.3
0.8,staircase_walking,7,TROT,0,0.8,1,1.44,0.8
0.8,staircase_walking,7,WALK,0.8,14.7,1.44,4.145,13.9
0.8,staircase_walking,7,RUN,14.7,17,4.145,5.2,2.3
0.8,staircase_walking,8,TROT,0,0.8,1,1.44,0.8
0.8,staircase_walking,8,WALK,0.8,14.7,1.44,4.145,13.9
0.8,staircase_walking,8,RUN,14.7,17,4.145,5.2,2.3
0.8,staircase_walking,9,TROT,0,0.8,1,1.44,0.8
0.8,staircase_walking,9,WALK,0.8,14.7,1.44,4.145,13.9
0.8,staircase_walking,9,RUN,14.7,17,4.145,5.2,2.3
0.8,staircase_climbing,0,TROT,0,0.8,1,1.44,0.8
0.8,staircase_climbing,0,WALK,0.8,3.2,1.44,1.9,2.4
0.8,staircase_climbing,0,RUN,3.2,4.2,1.9,2.38,1
0.8,staircase_climbing,0,WALK,4.2,9.1,2.38,3.345,4.9
0.8,staircase_climbing,0,RUN,9.1,10.1,3.345,3.825,1
0.8,staircase_climbing,0,WALK,10.1,15,3.825,4.795,4.9
0.8,staircase_climbing,0,RUN,15,16.1,4.795,5.323,1.1
0.8,staircase_climbing,0,WALK,16.1,20.8,5.323,6.245,4.7
0.8,staircase_climbing,0,RUN,20.8,21.9,6.245,6.773,1.1
0.8,staircase_climbing,0,WALK,21.9,26.6,6.773,7.695,4.7
0.8,staircase_climbing,0,RUN,26.6,27.7,7.695,8.223,1.1
0.8,staircase_climbing,0,WALK,27.7,32.4,8.223,9.145,4.7
0.8,staircase_climbing,0,RUN,32.4,36.8,9.145,11.2,4.4
0.8,staircase_climbing,1,TROT,0,0.8,1,1.44,0.8
0.8,staircase_climbing,1,WALK,0.8,3.2,1.44,1.9,2.4
0.8,staircase_climbing,1,RUN,3.2,4.2,1.9,2.38,1
0.8,staircase_climbing,1,WALK,4.2,9.1,2.38,3.345,4.9
0.8,staircase_climbing,1,RUN,9.1,10.1,3.345,3.825,1
0.8,staircase_climbing,1,WALK,10.1,15,3.825,4.795,4.9
0.8,staircase_climbing,1,RUN,15,16.1,4.795,5.323,1.1
0.8,staircase_climbing,1,WALK,16.1,20.8,5.323,6.245,4.7
0.8,staircase_climbing,1,RUN,20.8,21.9,6.245,6.773,1.1
0.8,staircase_climbing,1,WALK,21.9,26.6,6.773,7.695,4.7
0.8,staircase_climbing,1,RUN,26.6,27.7,7.695,8.223,1.1
0.8,staircase_climbing,1,WALK,27.7,32.4,8.223,9.145,4.7
0.8,staircase_climbing,1,RUN,32.4,36.8,9.145,11.2,4.4
0.8,staircase_climbing,2,TROT,0,0.8,1,1.44,0.8
0.8,staircase_climbing,2,WALK,0.8,3.2,1.44,1.9,2.4
0.8,staircase_climbing,2,RUN,3.2,4.2,1.9,2.38,1
0.8,staircase_climbing,2,WALK,4.2,9.1,2.38,3.345,4.9
0.8,staircase_climbing,2,RUN,9.1,10.1,3.345,3.825,1
0.8,staircase_climbing,2,WALK,10.1,15,3.825,4.795,4.9
0.8,staircase_climbing,2,RUN,15,16.1,4.795,5.323,1.1
0.8,staircase_climbing,2,WALK,16.1,20.8,5.323,6.245,4.7
0.8,staircase_climbing,2,RUN,20.8,21.9,6.245,6.773,1.1
0.8,staircase_climbing,2,WALK,21.9,26.6,6.773,7.695,4.7
0.8,staircase_climbing,2,RUN,26.6,27.7,7.695,8.223,1.1
0.8,staircase_climbing,2,WALK,27.7,32.4,8.223,9.145,4.7
0.8,staircase_climbing,2,RUN,32.4,36.8,9.145,11.2,4.4
0.8,staircase_climbing,3,TROT,0,0.8,1,1.44,0.8
0.8,staircase_climbing,3,WALK,0.8,3.2,1.44,1.9,2.4
0.8,staircase_climbing,3,RUN,3.2,4.2,1.9,2.38,1
0.8,staircase_climbing,3,WALK,4.2,9.1,2.38,3.345,4.9
0.8,staircase_climbing,3,RUN,9.1,10.1,3.345,3.825,1
0.8,staircase_climbing,3,WALK,10.1,15,3.825,4.795,4.9
0.8,staircase_climbing,3,RUN,15,16.1,4.795,5.323,1.1
0.8,staircase_climbing,3,WALK,16.1,20.8,5.323,6.245,4.7
0.8,staircase_climbing,3,RUN,20.8,21.9,6.245,6.773,1.1
0.8,staircase_climbing,3,WALK,21.9,26.6,6.773,7.695,4.7
0.8,staircase_climbing,3,RUN,26.6,27.7,7.695,8.223,1.1
0.8,staircase_climbing,3,WALK,27.7,32.4,8.223,9.145,4.7
0.8,staircase_climbing,3,RUN,32.4,36.8,9.145,11.2,4.4
0.8,staircase_climbing,4,TROT,0,0.8,1,1.44,0.8
0.8,staircase_climbing,4,WALK,0.8,3.2,1.44,1.9,2.4
0.8,staircase_climbing,4,RUN,3.2,4.2,1.9,2.38,1
0.8,staircase_climbing,4,WALK,4.2,9.1,2.38,3.345,4.9
0.8,staircase_climbing,4,RUN,9.1,10.1,3.345,3.825,1
0.8,staircase_climbing,4,WALK,10.1,15,3.825,4.795,4.9
0.8,staircase_climbing,4,RUN,15,16.1,4.795,5.323,1.1
0.8,staircase_climbing,4,WALK,16.1,20.8,5.323,6.245,4.7
0.8,staircase_climbing,4,RUN,20.8,21.9,6.245,6.773,1.1
0.8,staircase_climbing,4,WALK,21.9,26.6,6.773,7.695,4.7
0.8,staircase_climbing,4,RUN,26.6,27.7,7.695,8.223,1.1
0.8,staircase_climbing,4,WALK,27.7,32.4,8.223,9.145,4.7
0.8,staircase_climbing,4,RUN,32.4,36.8,9.145,11.2,4.4
0.8,staircase_climbing,5,TROT,0,0.8,1,1.44,0.8
0.8,staircase_climbing,5,WALK,0.8,3.2,1.44,1.9,2.4
0.8,staircase_climbing,5,RUN,3.2,4.1,1.9,2.332,0.9
0.8,staircase_climbing,5,WALK,4.1,9,2.332,3.3,4.9
0.8,staircase_climbing,5,RUN,9,9.9,3.3,3.732,0.9
0.8,staircase_climbing,5,WALK,9.9,14.8,3.732,4.7,4.9
0.8,staircase_climbing,5,RUN,14.8,15.7,4.7,5.132,0.9
0.8,staircase_climbing,5,WALK,15.7,20.6,5.132,6.1,4.9
0.8,staircase_climbing,5,RUN,20.6,21.5,6.1,6.532,0.9
0.8,staircase_climbing,5,WALK,21.5,26.4,6.532,7.5,4.9
0.8,staircase_climbing,5,RUN,26.4,27.3,7.5,7.932,0.9
0.8,staircase_climbing,5,WALK,27.3,32.2,7.932,8.9,4.9
0.8,staircase_climbing,5,RUN,32.2,36.4,8.9,10.9,4.2
0.8,staircase_climbing,6,TROT,0,0.8,1,1.44,0.8
0.8,staircase_climbing,6,WALK,0.8,3.2,1.44,1.9,2.4
0.8,staircase_climbing,6,RUN,3.2,4.1,1.9,2.332,0.9
0.8,staircase_climbing,6,WALK,4.1,9,2.332,3.3,4.9
0.8,staircase_climbing,6,RUN,9,9.9,3.3,3.732,0.9
0.8,staircase_climbing,6,WALK,9.9,14.8,3.732,4.7,4.9
0.8,staircase_climbing,6,RUN,14.8,15.7,4.7,5.132,0.9
0.8,staircase_climbing,6,WALK,15.7,20.6,5.132,6.1,4.9
0.8,staircase_climbing,6,RUN,20.6,21.5,6.1,6.532,0.9
0.8,staircase_climbing,6,WALK,21.5,26.4,6.532,7.5,4.9
0.8,staircase_climbing,6,RUN,26.4,27.3,7.5,7.932,0.9
0.8,staircase_climbing,6,WALK,27.3,32.2,7.932,8.9,4.9
0.8,staircase_climbing,6,RUN,32.2,36.4,8.9,10.9,4.2
0.8,staircase_climbing,7,TROT,0,0.8,1,1.44,0.8
0.8,staircase_climbing,7,WALK,0.8,3.2,1.44,1.9,2.4
0.8,staircase_climbing,7,RUN,3.2,4.1,1.9,2.332,0.9
0.8,staircase_climbing,7,WALK,4.1,9,2.332,3.3,4.9
0.8,staircase_climbing,7,RUN,9,9.9,3.3,3.732,0.9
0.8,staircase_climbing,7,WALK,9.9,14.8,3.732,4.7,4.9
0.8,staircase_climbing,7,RUN,14.8,15.7,4.7,5.132,0.9
0.8,staircase_climbing,7,WALK,15.7,20.6,5.132,6.1,4.9
0.8,staircase_climbing,7,RUN,20.6,21.5,6.1,6.532,0.9
0.8,staircase_climbing,7,WALK,21.5,26.4,6.532,7.5,4.9
0.8,staircase_climbing,7,RUN,26.4,27.3,7.5,7.932,0.9
0.8,staircase_climbing,7,WALK,27.3,32.2,7.932,8.9,4.9
0.8,staircase_climbing,7,RUN,32.2,36.4,8.9,10.9,4.2
0.8,staircase_climbing,8,TROT,0,0.8,1,1.44,0.8
0.8,staircase_climbing,8,WALK,0.8,3.2,1.44,1.9,2.4
0.8,staircase_climbing,8,RUN,3.2,4.1,1.9,2.332,0.9
0.8,staircase_climbing,8,WALK,4.1,9,2.332,3.3,4.9
0.8,staircase_climbing,8,RUN,9,9.9,3.3,3.732,0.9
0.8,staircase_climbing,8,WALK,9.9,14.8,3.732,4.7,4.9
0.8,staircase_climbing,8,RUN,14.8,15.7,4.7,5.132,0.9
0.8,staircase_climbing,8,WALK,15.7,20.6,5.132,6.1,4.9
0.8,staircase_climbing,8,RUN,20.6,21.5,6.1,6.532,0.9
0.8,staircase_climbing,8,WALK,21.5,26.4,6.532,7.5,4.9
0.8,staircase_climbing,8,RUN,26.4,27.3,7.5,7.932,0.9
0.8,staircase_climbing,8,WALK,27.3,32.2,7.932,8.9,4.9
0.8,staircase_climbing,8,RUN,32.2,36.4,8.9,10.9,4.2
0.8,staircase_climbing,9,TROT,0,0.8,1,1.44,0.8
0.8,staircase_climbing,9,WALK,0.8,3.2,1.44,1.9,2.4
0.8,staircase_climbing,9,RUN,3.2,4.1,1.9,2.332,0.9
0.8,staircase_climbing,9,WALK,4.1,9,2.332,3.3,4.9
0.8,staircase_climbing,9,RUN,9,9.9,3.3,3.732,0.9
0.8,staircase_climbing,9,WALK,9.9,14.8,3.732,4.7,4.9
0.8,staircase_climbing,9,RUN,14.8,15.7,4.7,5.132,0.9
0.8,staircase_climbing,9,WALK,15.7,20.6,5.132,6.1,4.9
0.8,staircase_climbing,9,RUN,20.6,21.5,6.1,6.532,0.9
0.8,staircase_climbing,9,WALK,21.5,26.4,6.532,7.5,4.9
0.8,staircase_climbing,9,RUN,26.4,27.3,7.5,7.932,0.9
0.8,staircase_climbing,9,WALK,27.3,32.2,7.932,8.9,4.9
0.8,staircase_climbing,9,RUN,32.2,36.4,8.9,10.9,4.2
0.8,staircase_spiral,0,TROT,0,0.8,1,1.43687,0.8
0.8,staircase_spiral,0,RUN,0.8,6.1,1.43687,3.92651,5.3
0.8,staircase_spiral,0,TROT,6.1,10.5,3.92651,6.19821,4.4
0.8,staircase_spiral,0,RUN,10.5,11.4,6.19821,6.58743,0.9
0.8,staircase_spiral,0,TROT,11.4,12.3,6.58743,6.8064,0.9
0.8,staircase_spiral,0,WALK,12.3,13.6,6.8064,6.86425,1.3
0.8,staircase_spiral,0,TROT,13.6,14.7,6.86425,6.70824,1.1
0.8,staircase_spiral,0,WALK,14.7,16,6.70824,6.54614,1.3
0.8,staircase_spiral,0,TROT,16,17.1,6.54614,6.07677,1.1
0.8,staircase_spiral,0,WALK,17.1,18.4,6.07677,5.81677,1.3
0.8,staircase_spiral,0,TROT,18.4,19.5,5.81677,5.38748,1.1
0.8,staircase_spiral,0,WALK,19.5,22,5.38748,5.08601,2.5
0.8,staircase_spiral,1,TROT,0,0.8,1,1.43691,0.8
0.8,staircase_spiral,1,RUN,0.8,6.2,1.43691,3.99431,5.4
0.8,staircase_spiral,1,TROT,6.2,10.4,3.99431,6.14866,4.2
0.8,staircase_spiral,1,RUN,10.4,11.3,6.14866,6.53788,0.9
0.8,staircase_spiral,1,TROT,11.3,12.2,6.53788,6.76566,0.9
0.8,staircase_spiral,1,WALK,12.2,23.5,6.76566,5.52176,11.3
0.8,staircase_spiral,1,RUN,23.5,24.4,5.52176,5.25242,0.9
0.8,staircase_spiral,1,WALK,24.4,25.5,5.25242,5.12155,1.1
0.8,staircase_spiral,2,TROT,0,0.8,1,1.43696,0.8
0.8,staircase_spiral,2,RUN,0.8,6.3,1.43696,4.01464,5.5
0.8,staircase_spiral,2,WALK,6.3,25.1,4.01464,6.75562,18.8
0.8,staircase_spiral,2,RUN,25.1,26,6.75562,6.48627,0.9
0.8,staircase_spiral,2,WALK,26,34.5,6.48627,5.15709,8.5
0.8,staircase_spiral,3,TROT,0,0.8,1,1.43701,0.8
0.8,staircase_spiral,3,RUN,0.8,6.3,1.43701,4.03488,5.5
0.8,staircase_spiral,3,WALK,6.3,7.2,4.03488,4.21359,0.9
0.8,staircase_spiral,3,JUMP,7.2,8,4.21359,4.21359,0.8
0.8,staircase_spiral,3,WALK,8,11.4,4.21359,4.8887,3.4
0.8,staircase_spiral,3,JUMP,11.4,12.2,4.8887,4.8887,0.8
0.8,staircase_spiral,3,WALK,12.2,15.7,4.8887,5.55076,3.5
0.8,staircase_spiral,3,JUMP,15.7,16.5,5.55076,5.55076,0.8
0.8,staircase_spiral,3,WALK,16.5,20.1,5.55076,6.19821,3.6
0.8,staircase_spiral,3,JUMP,20.1,20.9,6.19821,6.19821,0.8
0.8,staircase_spiral,3,WALK,20.9,25.4,6.19821,6.73646,4.5
0.8,staircase_spiral,3,JUMP,25.4,26.2,6.73646,6.73646,0.8
0.8,staircase_spiral,3,WALK,26.2,38.6,6.73646,5.19264,12.4
0.8,staircase_spiral,4,TROT,0,0.8,1,1.43705,0.8
0.8,staircase_spiral,4,RUN,0.8,6.4,1.43705,4.10276,5.6
0.8,staircase_spiral,4,WALK,6.4,7.3,4.10276,4.28173,0.9
0.8,staircase_spiral,4,JUMP,7.3,8.1,4.28173,4.28173,0.8
0.8,staircase_spiral,4,WALK,8.1,11.5,4.28173,4.95785,3.4
0.8,staircase_spiral,4,JUMP,11.5,12.3,4.95785,4.95785,0.8
0.8,staircase_spiral,4,WALK,12.3,15.8,4.95785,5.6153,3.5
0.8,staircase_spiral,4,JUMP,15.8,16.6,5.6153,5.6153,0.8
0.8,staircase_spiral,4,WALK,16.6,20.3,5.6153,6.27029,3.7
0.8,staircase_spiral,4,JUMP,20.3,21.1,6.27029,6.27029,0.8
0.8,staircase_spiral,4,WALK,21.1,27.2,6.27029,6.697,6.1
0.8,staircase_spiral,4,RUN,27.2,28.1,6.697,6.42765,0.9
0.8,staircase_spiral,4,WALK,28.1,29,6.42765,6.30349,0.9
0.8,staircase_spiral,4,JUMP,29,29.8,6.30349,6.30349,0.8
0.8,staircase_spiral,4,WALK,29.8,36.6,6.30349,5.22818,6.8
0.8,staircase_spiral,5,TROT,0,0.8,1,1.43709,0.8
0.8,staircase_spiral,5,RUN,0.8,6.4,1.43709,4.0751,5.6
0.8,staircase_spiral,5,TROT,6.4,7.3,4.0751,4.56792,0.9
0.8,staircase_spiral,5,WALK,7.3,8.2,4.56792,4.74712,0.9
0.8,staircase_spiral,5,JUMP,8.2,9,4.74712,4.74712,0.8
0.8,staircase_spiral,5,WALK,9,13.6,4.74712,5.62579,4.6
0.8,staircase_spiral,5,JUMP,13.6,14.4,5.62579,5.62579,0.8
0.8,staircase_spiral,5,WALK,14.4,18.5,5.62579,6.36039,4.1
0.8,staircase_spiral,5,JUMP,18.5,19.3,6.36039,6.36039,0.8
0.8,staircase_spiral,5,WALK,19.3,33.8,6.36039,5.26373,14.5
0.8,staircase_spiral,6,TROT,0,0.8,1,1.43714,0.8
0.8,staircase_spiral,6,RUN,0.8,6.5,1.43714,4.14293,5.7
0.8,staircase_spiral,6,TROT,6.5,7.4,4.14293,4.6363,0.9
0.8,staircase_spiral,6,WALK,7.4,20.2,4.6363,6.6643,12.8
0.8,staircase_spiral,6,JUMP,20.2,21,6.6643,6.6643,0.8
0.8,staircase_spiral,6,WALK,21,31.5,6.6643,5.29927,10.5
0.8,staircase_spiral,7,TROT,0,0.8,1,1.43718,0.8
0.8,staircase_spiral,7,RUN,0.8,6.6,1.43718,4.16288,5.8
0.8,staircase_spiral,7,TROT,6.6,7.5,4.16288,4.65672,0.9
0.8,staircase_spiral,7,WALK,7.5,29.6,4.65672,5.33481,22.1
0.8,staircase_spiral,8,TROT,0,0.8,1,1.43722,0.8
0.8,staircase_spiral,8,RUN,0.8,6.5,1.43722,4.13481,5.7
0.8,staircase_spiral,8,TROT,6.5,7.4,4.13481,4.62904,0.9
0.8,staircase_spiral,8,WALK,7.4,29.2,4.62904,5.37036,21.8
0.8,staircase_spiral,9,TROT,0,0.8,1,1.43726,0.8
0.8,staircase_spiral,9,RUN,0.8,6.7,1.43726,4.25046,5.9
0.8,staircase_spiral,9,TROT,6.7,7.6,4.25046,4.745,0.9
0.8,staircase_spiral,9,WALK,7.6,27.7,4.745,5.4059,20.1
0.8,squeeze,0,TROT,0,0.8,1,1.44,0.8
0.8,squeeze,0,RUN,0.8,2.9,1.44,2.39674,2.1
0.8,squeeze,0,WALK,2.9,4.2,2.39674,2.65331,1.3
0.8,squeeze,0,RUN,4.2,5.2,2.65331,3.12698,1
0.8,squeeze,0,WALK,5.2,7.6,3.12698,3.58247,2.4
0.8,squeeze,0,RUN,7.6,18.5,3.58247,8.65,10.9
0.8,squeeze,1,TROT,0,0.8,1,1.44,0.8
0.8,squeeze,1,RUN,0.8,2.2,1.44,2.07221,1.4
0.8,squeeze,1,WALK,2.2,4.4,2.07221,2.50668,2.2
0.8,squeeze,1,RUN,4.4,12.5,2.50668,6.32305,8.1
0.8,squeeze,1,WALK,12.5,14.1,6.32305,6.63593,1.6
0.8,squeeze,1,RUN,14.1,19,6.63593,8.9,4.9
0.8,squeeze,2,TROT,0,0.8,1,1.44,0.8
0.8,squeeze,2,RUN,0.8,2.5,1.44,2.21818,1.7
0.8,squeeze,2,WALK,2.5,4,2.21818,2.50454,1.5
0.8,squeeze,2,RUN,4,13.2,2.50454,6.79002,9.2
0.8,squeeze,2,WALK,13.2,14.8,6.79002,7.10569,1.6
0.8,squeeze,2,RUN,14.8,19.3,7.10569,9.25,4.5
0.8,squeeze,3,TROT,0,0.8,1,1.44,0.8
0.8,squeeze,3,RUN,0.8,2.7,1.44,2.31221,1.9
0.8,squeeze,3,WALK,2.7,4,2.31221,2.55392,1.3
0.8,squeeze,3,RUN,4,18.3,2.55392,9.25,14.3
0.8,squeeze,4,TROT,0,0.8,1,1.44,0.8
0.8,squeeze,4,RUN,0.8,10,1.44,5.75096,9.2
0.8,squeeze,4,WALK,10,12,5.75096,6.14452,2
0.8,squeeze,4,RUN,12,19.5,6.14452,9.65,7.5
0.8,squeeze,5,TROT,0,0.8,1,1.44,0.8
0.8,squeeze,5,RUN,0.8,2.4,1.44,2.16877,1.6
0.8,squeeze,5,WALK,2.4,4.4,2.16877,2.55988,2
0.8,squeeze,5,RUN,4.4,6.1,2.55988,3.36734,1.7
0.8,squeeze,5,WALK,6.1,15.2,3.36734,5.14312,9.1
0.8,squeeze,5,RUN,15.2,16.3,5.14312,5.67092,1.1
0.8,squeeze,5,WALK,16.3,18.6,5.67092,6.11949,2.3
0.8,squeeze,5,RUN,18.6,20.2,6.11949,6.8799,1.6
0.8,squeeze,5,WALK,20.2,28.5,6.8799,8.5039,8.3
0.8,squeeze,5,RUN,28.5,30.6,8.5039,9.5,2.1
0.8,squeeze,6,TROT,0,0.8,1,1.44,0.8
0.8,squeeze,6,RUN,0.8,2.4,1.44,2.17196,1.6
0.8,squeeze,6,WALK,2.4,35.6,2.17196,8.75286,33.2
0.8,squeeze,6,RUN,35.6,37.7,8.75286,9.75,2.1
0.8,squeeze,7,TROT,0,0.8,1,1.44,0.8
0.8,squeeze,7,RUN,0.8,2.5,1.44,2.2197,1.7
0.8,squeeze,7,WALK,2.5,17.8,2.2197,5.24336,15.3
0.8,squeeze,7,RUN,17.8,19.1,5.24336,5.86044,1.3
0.8,squeeze,7,WALK,19.1,21.4,5.86044,6.30312,2.3
0.8,squeeze,7,RUN,21.4,24.2,6.30312,7.59434,2.8
0.8,squeeze,7,WALK,24.2,25.5,7.59434,7.85423,1.3
0.8,squeeze,7,RUN,25.5,29.9,7.85423,9.9,4.4
0.8,squeeze,8,TROT,0,0.8,1,1.44,0.8
0.8,squeeze,8,WALK,0.8,41.4,1.44,9.43686,40.6
0.8,squeeze,8,RUN,41.4,43.6,9.43686,10.45,2.2
0.8,squeeze,9,TROT,0,0.8,1,1.44,0.8
0.8,squeeze,9,RUN,0.8,2.5,1.44,2.21991,1.7
0.8,squeeze,9,WALK,2.5,37.6,2.21991,9.20149,35.1
0.8,squeeze,9,RUN,37.6,39.7,9.20149,10.2,2.1
0.8,agility_poles,0,TROT,0,0.8,1,1.44,0.8
0.8,agility_poles,0,RUN,0.8,41,1.44,17.2822,40.2
0.8,agility_poles,0,WALK,41,46.4,17.2822,18.3,5.4
0.8,agility_poles,1,TROT,0,0.8,1,1.44,0.8
0.8,agility_poles,1,RUN,0.8,41.7,1.44,17.25,40.9
0.8,agility_poles,2,TROT,0,0.8,1,1.44,0.8
0.8,agility_poles,2,RUN,0.8,40.3,1.44,16.55,39.5
0.8,agility_poles,3,TROT,0,0.8,1,1.44,0.8
0.8,agility_poles,3,RUN,0.8,38.7,1.44,15.5,37.9
0.8,agility_poles,4,TROT,0,0.8,1,1.44,0.8
0.8,agility_poles,4,RUN,0.8,36.8,1.44,14.8,36
0.8,agility_poles,5,TROT,0,0.8,1,1.44,0.8
0.8,agility_poles,5,RUN,0.8,35.2,1.44,13.75,34.4
0.8,agility_poles,6,TROT,0,0.8,1,1.44,0.8
0.8,agility_poles,6,RUN,0.8,33.8,1.44,13.05,33
0.8,agility_poles,7,TROT,0,0.8,1,1.44,0.8
0.8,agility_poles,7,RUN,0.8,32.2,1.44,12,31.4
0.8,agility_poles,8,TROT,0,0.8,1,1.44,0.8
0.8,agility_poles,8,RUN,0.8,1.7,1.44,1.79233,0.9
0.8,agility_poles,8,WALK,1.7,3,1.79233,2.01853,1.3
0.8,agility_poles,8,RUN,3,32.1,2.01853,11.3,29.1
0.8,agility_poles,9,TROT,0,0.8,1,1.44,0.8
0.8,agility_poles,9,RUN,0.8,1.7,1.44,1.78433,0.9
0.8,agility_poles,9,WALK,1.7,3,1.78433,2.00435,1.3
0.8,agility_poles,9,RUN,3,30.5,2.00435,10.25,27.5
0.8,balance_beam,0,TROT,0,0.8,1,1.44,0.8
0.8,balance_beam,0,RUN,0.8,19.3,1.44,10,18.5
0.8,balance_beam,1,TROT,0,0.8,1,1.44,0.8
0.8,balance_beam,1,RUN,0.8,20.5,1.44,10.6,19.7
0.8,balance_beam,2,TROT,0,0.8,1,1.44,0.8
0.8,balance_beam,2,RUN,0.8,21,1.44,10.9,20.2
0.8,balance_beam,3,TROT,0,0.8,1,1.44,0.8
0.8,balance_beam,3,RUN,0.8,22.4,1.44,11.5,21.6
0.8,balance_beam,4,TROT,0,0.8,1,1.44,0.8
0.8,balance_beam,4,RUN,0.8,23.6,1.44,12.1,22.8
0.8,balance_beam,5,TROT,0,0.8,1,1.44,0.8
0.8,balance_beam,5,RUN,0.8,24.1,1.44,12.4,23.3
0.8,balance_beam,6,TROT,0,0.8,1,1.44,0.8
0.8,balance_beam,6,RUN,0.8,25.3,1.44,13,24.5
0.8,balance_beam,7,TROT,0,0.8,1,1.44,0.8
0.8,balance_beam,7,RUN,0.8,26.5,1.44,13.6,25.7
0.8,balance_beam,8,TROT,0,0.8,1,1.44,0.8
0.8,balance_beam,8,RUN,0.8,27.2,1.44,13.9,26.4
0.8,balance_beam,9,TROT,0,0.8,1,1.44,0.8
0.8,balance_beam,9,WALK,0.8,63.7,1.44,13.9,62.9
0.8,balance_beam,9,RUN,63.7,65,13.9,14.5,1.3
1,jump_on_and_off_box,0,TROT,0,1,1,1.5,1
1,jump_on_and_off_box,0,WALK,1,3.2,1.5,1.93993,2.2
1,jump_on_and_off_box,0,RUN,3.2,4.3,1.93993,2.46784,1.1
1,jump_on_and_off_box,0,WALK,4.3,7.9,2.46784,3.18303,3.6
1,jump_on_and_off_box,0,RUN,7.9,9,3.18303,3.71103,1.1
1,jump_on_and_off_box,0,WALK,9,13.6,3.71103,4.63103,4.6
1,jump_on_and_off_box,0,RUN,13.6,14.7,4.63103,5.15902,1.1
1,jump_on_and_off_box,0,WALK,14.7,17.9,5.15902,5.78459,3.2
1,jump_on_and_off_box,0,RUN,17.9,19,5.78459,6.31244,1.1
1,jump_on_and_off_box,0,WALK,19,23.6,6.31244,7.23219,4.6
1,jump_on_and_off_box,0,RUN,23.6,24.7,7.23219,7.76004,1.1
1,jump_on_and_off_box,0,WALK,24.7,28.8,7.76004,8.57806,4.1
1,jump_on_and_off_box,0,RUN,28.8,29.9,8.57806,9.1058,1.1
1,jump_on_and_off_box,0,WALK,29.9,34.5,9.1058,10.0254,4.6
1,jump_on_and_off_box,0,RUN,34.5,35.6,10.0254,10.5531,1.1
1,jump_on_and_off_box,0,WALK,35.6,39.6,10.5531,11.338,4
1,jump_on_and_off_box,0,RUN,39.6,40.7,11.338,11.8657,1.1
1,jump_on_and_off_box,0,WALK,40.7,45.3,11.8657,12.7852,4.6
1,jump_on_and_off_box,0,RUN,45.3,46.4,12.7852,13.313,1.1
1,jump_on_and_off_box,0,WALK,46.4,50.6,13.313,14.1341,4.2
1,jump_on_and_off_box,0,RUN,50.6,51.7,14.1341,14.6612,1.1
1,jump_on_and_off_box,0,WALK,51.7,61.4,14.6612,16.5939,9.7
1,jump_on_and_off_box,0,RUN,61.4,62.8,16.5939,17.2656,1.4
1,jump_on_and_off_box,0,WALK,62.8,69.5,17.2656,18.6,6.7
1,jump_on_and_off_box,1,TROT,0,1,1,1.5,1
1,jump_on_and_off_box,1,WALK,1,3.2,1.5,1.93999,2.2
1,jump_on_and_off_box,1,RUN,3.2,4.3,1.93999,2.46799,1.1
1,jump_on_and_off_box,1,WALK,4.3,7.2,2.46799,3.03373,2.9
1,jump_on_and_off_box,1,RUN,7.2,8.3,3.03373,3.56151,1.1
1,jump_on_and_off_box,1,WALK,8.3,12.9,3.56151,4.48113,4.6
1,jump_on_and_off_box,1,RUN,12.9,14,4.48113,5.00891,1.1
1,jump_on_and_off_box,1,WALK,14,17.7,5.00891,5.72901,3.7
1,jump_on_and_off_box,1,RUN,17.7,18.8,5.72901,6.25696,1.1
1,jump_on_and_off_box,1,WALK,18.8,23.4,6.25696,7.17687,4.6
1,jump_on_and_off_box,1,RUN,23.4,24.5,7.17687,7.70481,1.1
1,jump_on_and_off_box,1,WALK,24.5,28,7.70481,8.38599,3.5
1,jump_on_and_off_box,1,RUN,28,29.1,8.38599,8.91391,1.1
1,jump_on_and_off_box,1,WALK,29.1,33.7,8.91391,9.83378,4.6
1,jump_on_and_off_box,1,RUN,33.7,34.8,9.83378,10.3617,1.1
1,jump_on_and_off_box,1,WALK,34.8,38.2,10.3617,11.0251,3.4
1,jump_on_and_off_box,1,RUN,38.2,39.3,11.0251,11.5531,1.1
1,jump_on_and_off_box,1,WALK,39.3,44,11.5531,12.4931,4.7
1,jump_on_and_off_box,1,RUN,44,45.1,12.4931,13.0211,1.1
1,jump_on_and_off_box,1,WALK,45.1,48.7,13.0211,13.7295,3.6
1,jump_on_and_off_box,1,RUN,48.7,49.8,13.7295,14.2562,1.1
1,jump_on_and_off_box,1,WALK,49.8,54.5,14.2562,15.194,4.7
1,jump_on_and_off_box,1,RUN,54.5,55.6,15.194,15.7207,1.1
1,jump_on_and_off_box,1,WALK,55.6,58.2,15.7207,16.2252,2.6
1,jump_on_and_off_box,1,RUN,58.2,60.3,16.2252,17.2325,2.1
1,jump_on_and_off_box,1,WALK,60.3,65.4,17.2325,18.25,5.1
1,jump_on_and_off_box,2,TROT,0,1,1,1.5,1
1,jump_on_and_off_box,2,WALK,1,3.2,1.5,1.9387,2.2
1,jump_on_and_off_box,2,RUN,3.2,4.3,1.9387,2.46514,1.1
1,jump_on_and_off_box,2,WALK,4.3,8.2,2.46514,3.24134,3.9
1,jump_on_and_off_box,2,RUN,8.2,9.3,3.24134,3.7693,1.1
1,jump_on_and_off_box,2,WALK,9.3,13.6,3.7693,4.62924,4.3
1,jump_on_and_off_box,2,RUN,13.6,14.7,4.62924,5.1572,1.1
1,jump_on_and_off_box,2,WALK,14.7,18.1,5.1572,5.82594,3.4
1,jump_on_and_off_box,2,RUN,18.1,19.2,5.82594,6.35386,1.1
1,jump_on_and_off_box,2,WALK,19.2,23.6,6.35386,7.23373,4.4
1,jump_on_and_off_box,2,RUN,23.6,24.7,7.23373,7.76165,1.1
1,jump_on_and_off_box,2,WALK,24.7,27.3,7.76165,8.28053,2.6
1,jump_on_and_off_box,2,RUN,27.3,28.4,8.28053,8.80853,1.1
1,jump_on_and_off_box,2,WALK,28.4,32.8,8.80853,9.68853,4.4
1,jump_on_and_off_box,2,RUN,32.8,33.9,9.68853,10.2165,1.1
1,jump_on_and_off_box,2,WALK,33.9,36.8,10.2165,10.7894,2.9
1,jump_on_and_off_box,2,RUN,36.8,37.9,10.7894,11.3173,1.1
1,jump_on_and_off_box,2,WALK,37.9,42.2,11.3173,12.177,4.3
1,jump_on_and_off_box,2,RUN,42.2,43.3,12.177,12.7048,1.1
1,jump_on_and_off_box,2,WALK,43.3,46.7,12.7048,13.3817,3.4
1,jump_on_and_off_box,2,RUN,46.7,47.8,13.3817,13.9091,1.1
1,jump_on_and_off_box,2,WALK,47.8,52.2,13.9091,14.7881,4.4
1,jump_on_and_off_box,2,RUN,52.2,53.3,14.7881,15.3155,1.1
1,jump_on_and_off_box,2,WALK,53.3,56.7,15.3155,15.9935,3.4
1,jump_on_and_off_box,2,RUN,56.7,59.3,15.9935,17.2409,2.6
1,jump_on_and_off_box,2,WALK,59.3,62.9,17.2409,17.95,3.6
1,jump_on_and_off_box,3,TROT,0,1,1,1.5,1
1,jump_on_and_off_box,3,WALK,1,7.9,1.5,2.87532,6.9
1,jump_on_and_off_box,3,RUN,7.9,9,2.87532,3.40289,1.1
1,jump_on_and_off_box,3,WALK,9,13.4,3.40289,4.28217,4.4
1,jump_on_and_off_box,3,RUN,13.4,14.5,4.28217,4.80974,1.1
1,jump_on_and_off_box,3,WALK,14.5,17.4,4.80974,5.37513,2.9
1,jump_on_and_off_box,3,RUN,17.4,18.5,5.37513,5.90277,1.1
1,jump_on_and_off_box,3,WALK,18.5,22.9,5.90277,6.78218,4.4
1,jump_on_and_off_box,3,RUN,22.9,24,6.78218,7.30982,1.1
1,jump_on_and_off_box,3,WALK,24,27.2,7.30982,7.92975,3.2
1,jump_on_and_off_box,3,RUN,27.2,28.3,7.92975,8.45716,1.1
1,jump_on_and_off_box,3,WALK,28.3,32.7,8.45716,9.33619,4.4
1,jump_on_and_off_box,3,RUN,32.7,33.8,9.33619,9.8636,1.1
1,jump_on_and_off_box,3,WALK,33.8,37,9.8636,10.4904,3.2
1,jump_on_and_off_box,3,RUN,37,38.1,10.4904,11.0175,1.1
1,jump_on_and_off_box,3,WALK,38.1,42.4,11.0175,11.8762,4.3
1,jump_on_and_off_box,3,RUN,42.4,43.5,11.8762,12.4033,1.1
1,jump_on_and_off_box,3,WALK,43.5,46.7,12.4033,13.0347,3.2
1,jump_on_and_off_box,3,RUN,46.7,47.8,13.0347,13.5621,1.1
1,jump_on_and_off_box,3,WALK,47.8,52.2,13.5621,14.4411,4.4
1,jump_on_and_off_box,3,RUN,52.2,53.3,14.4411,14.9685,1.1
1,jump_on_and_off_box,3,WALK,53.3,55.9,14.9685,15.4859,2.6
1,jump_on_and_off_box,3,RUN,55.9,59.6,15.4859,17.2615,3.7
1,jump_on_and_off_box,3,WALK,59.6,60.6,17.2615,17.45,1
1,jump_on_and_off_box,4,TROT,0,1,1,1.5,1
1,jump_on_and_off_box,4,WALK,1,3.2,1.5,1.9398,2.2
1,jump_on_and_off_box,4,RUN,3.2,4.3,1.9398,2.46756,1.1
1,jump_on_and_off_box,4,WALK,4.3,7.7,2.46756,3.14313,3.4
1,jump_on_and_off_box,4,RUN,7.7,8.8,3.14313,3.67113,1.1
1,jump_on_and_off_box,4,WALK,8.8,17.6,3.67113,5.42677,8.8
1,jump_on_and_off_box,4,RUN,17.6,18.7,5.42677,5.95448,1.1
1,jump_on_and_off_box,4,WALK,18.7,23.1,5.95448,6.834,4.4
1,jump_on_and_off_box,4,RUN,23.1,24.2,6.834,7.36171,1.1
1,jump_on_and_off_box,4,WALK,24.2,26.9,7.36171,7.88602,2.7
1,jump_on_and_off_box,4,RUN,26.9,28,7.88602,8.41378,1.1
1,jump_on_and_off_box,4,WALK,28,32.4,8.41378,9.29338,4.4
1,jump_on_and_off_box,4,RUN,32.4,33.5,9.29338,9.82114,1.1
1,jump_on_and_off_box,4,WALK,33.5,36.1,9.82114,10.3364,2.6
1,jump_on_and_off_box,4,RUN,36.1,37.2,10.3364,10.8639,1.1
1,jump_on_and_off_box,4,WALK,37.2,41.6,10.8639,11.743,4.4
1,jump_on_and_off_box,4,RUN,41.6,42.7,11.743,12.2705,1.1
1,jump_on_and_off_box,4,WALK,42.7,45.3,12.2705,12.7892,2.6
1,jump_on_and_off_box,4,RUN,45.3,46.4,12.7892,13.317,1.1
1,jump_on_and_off_box,4,WALK,46.4,50.7,13.317,14.1767,4.3
1,jump_on_and_off_box,4,RUN,50.7,51.8,14.1767,14.7045,1.1
1,jump_on_and_off_box,4,WALK,51.8,55.2,14.7045,15.378,3.4
1,jump_on_and_off_box,4,RUN,55.2,59.1,15.378,17.25,3.9
1,jump_on_and_off_box,4,WALK,59.1,59.6,17.25,17.35,0.5
1,jump_on_and_off_box,5,TROT,0,1,1,1.5,1
1,jump_on_and_off_box,5,WALK,1,3.2,1.5,1.93905,2.2
1,jump_on_and_off_box,5,RUN,3.2,4.3,1.93905,2.46591,1.1
1,jump_on_and_off_box,5,WALK,4.3,6.9,2.46591,2.97607,2.6
1,jump_on_and_off_box,5,RUN,6.9,8,2.97607,3.50382,1.1
1,jump_on_and_off_box,5,WALK,8,12.2,3.50382,4.34341,4.2
1,jump_on_and_off_box,5,RUN,12.2,13.3,4.34341,4.87116,1.1
1,jump_on_and_off_box,5,WALK,13.3,16.9,4.87116,5.58037,3.6
1,jump_on_and_off_box,5,RUN,16.9,18,5.58037,6.10833,1.1
1,jump_on_and_off_box,5,WALK,18,26.9,6.10833,7.87638,8.9
1,jump_on_and_off_box,5,RUN,26.9,28,7.87638,8.40414,1.1
1,jump_on_and_off_box,5,WALK,28,32.2,8.40414,9.24376,4.2
1,jump_on_and_off_box,5,RUN,32.2,33.3,9.24376,9.77153,1.1
1,jump_on_and_off_box,5,WALK,33.3,35.9,9.77153,10.2875,2.6
1,jump_on_and_off_box,5,RUN,35.9,37,10.2875,10.8155,1.1
1,jump_on_and_off_box,5,WALK,37,41.1,10.8155,11.6354,4.1
1,jump_on_and_off_box,5,RUN,41.1,42.2,11.6354,12.1634,1.1
1,jump_on_and_off_box,5,WALK,42.2,45.8,12.1634,12.8831,3.6
1,jump_on_and_off_box,5,RUN,45.8,46.9,12.8831,13.4111,1.1
1,jump_on_and_off_box,5,WALK,46.9,55.5,13.4111,15.1307,8.6
1,jump_on_and_off_box,5,RUN,55.5,59.5,15.1307,17.05,4
1,jump_on_and_off_box,6,TROT,0,1,1,1.5,1
1,jump_on_and_off_box,6,WALK,1,8,1.5,2.88136,7
1,jump_on_and_off_box,6,RUN,8,9.1,2.88136,3.40914,1.1
1,jump_on_and_off_box,6,WALK,9.1,18.3,3.40914,5.24215,9.2
1,jump_on_and_off_box,6,RUN,18.3,19.4,5.24215,5.7701,1.1
1,jump_on_and_off_box,6,WALK,19.4,23.5,5.7701,6.59003,4.1
1,jump_on_and_off_box,6,RUN,23.5,24.6,6.59003,7.11798,1.1
1,jump_on_and_off_box,6,WALK,24.6,27.7,7.11798,7.72961,3.1
1,jump_on_and_off_box,6,RUN,27.7,28.8,7.72961,8.25706,1.1
1,jump_on_and_off_box,6,WALK,28.8,38,8.25706,10.091,9.2
1,jump_on_and_off_box,6,RUN,38,39.1,10.091,10.6178,1.1
1,jump_on_and_off_box,6,WALK,39.1,43.2,10.6178,11.436,4.1
1,jump_on_and_off_box,6,RUN,43.2,44.3,11.436,11.9629,1.1
1,jump_on_and_off_box,6,WALK,44.3,47.7,11.9629,12.6422,3.4
1,jump_on_and_off_box,6,RUN,47.7,48.8,12.6422,13.1701,1.1
1,jump_on_and_off_box,6,WALK,48.8,58,13.1701,14.9912,9.2
1,jump_on_and_off_box,6,RUN,58,62,14.9912,16.9,4
1,jump_on_and_off_box,7,TROT,0,1,1,1.5,1
1,jump_on_and_off_box,7,WALK,1,7.8,1.5,2.84492,6.8
1,jump_on_and_off_box,7,RUN,7.8,8.9,2.84492,3.37269,1.1
1,jump_on_and_off_box,7,WALK,8.9,17.5,3.37269,5.08589,8.6
1,jump_on_and_off_box,7,RUN,17.5,18.6,5.08589,5.61381,1.1
1,jump_on_and_off_box,7,WALK,18.6,26.7,5.61381,7.2264,8.1
1,jump_on_and_off_box,7,RUN,26.7,27.8,7.2264,7.75331,1.1
1,jump_on_and_off_box,7,WALK,27.8,31.7,7.75331,8.5317,3.9
1,jump_on_and_off_box,7,RUN,31.7,32.8,8.5317,9.05861,1.1
1,jump_on_and_off_box,7,WALK,32.8,36,9.05861,9.69189,3.2
1,jump_on_and_off_box,7,RUN,36,37.1,9.69189,10.2194,1.1
1,jump_on_and_off_box,7,WALK,37.1,40.9,10.2194,10.9787,3.8
1,jump_on_and_off_box,7,RUN,40.9,42,10.9787,11.5062,1.1
1,jump_on_and_off_box,7,WALK,42,45.5,11.5062,12.1898,3.5
1,jump_on_and_off_box,7,RUN,45.5,46.6,12.1898,12.7173,1.1
1,jump_on_and_off_box,7,WALK,46.6,50.4,12.7173,13.4766,3.8
1,jump_on_and_off_box,7,RUN,50.4,51.5,13.4766,14.0041,1.1
1,jump_on_and_off_box,7,WALK,51.5,54.9,14.0041,14.6799,3.4
1,jump_on_and_off_box,7,RUN,54.9,58.8,14.6799,16.55,3.9
1,jump_on_and_off_box,8,TROT,0,1,1,1.5,1
1,jump_on_and_off_box,8,WALK,1,3.2,1.5,1.93987,2.2
1,jump_on_and_off_box,8,RUN,3.2,4.3,1.93987,2.46772,1.1
1,jump_on_and_off_box,8,WALK,4.3,7.5,2.46772,3.08852,3.2
1,jump_on_and_off_box,8,RUN,7.5,8.6,3.08852,3.6162,1.1
1,jump_on_and_off_box,8,WALK,8.6,17.5,3.6162,5.38266,8.9
1,jump_on_and_off_box,8,RUN,17.5,18.6,5.38266,5.90962,1.1
1,jump_on_and_off_box,8,WALK,18.6,22.5,5.90962,6.68807,3.9
1,jump_on_and_off_box,8,RUN,22.5,23.6,6.68807,7.21503,1.1
1,jump_on_and_off_box,8,WALK,23.6,26.3,7.21503,7.7398,2.7
1,jump_on_and_off_box,8,RUN,26.3,27.4,7.7398,8.26768,1.1
1,jump_on_and_off_box,8,WALK,27.4,35.8,8.26768,9.93875,8.4
1,jump_on_and_off_box,8,RUN,35.8,36.9,9.93875,10.4667,1.1
1,jump_on_and_off_box,8,WALK,36.9,40.7,10.4667,11.2266,3.8
1,jump_on_and_off_box,8,RUN,40.7,41.8,11.2266,11.7545,1.1
1,jump_on_and_off_box,8,WALK,41.8,45,11.7545,12.3865,3.2
1,jump_on_and_off_box,8,RUN,45,46.1,12.3865,12.9142,1.1
1,jump_on_and_off_box,8,WALK,46.1,55,12.9142,14.6814,8.9
1,jump_on_and_off_box,8,RUN,55,58.9,14.6814,16.55,3.9
1,jump_on_and_off_box,9,TROT,0,1,1,1.5,1
1,jump_on_and_off_box,9,WALK,1,3.2,1.5,1.93967,2.2
1,jump_on_and_off_box,9,RUN,3.2,4.3,1.93967,2.46727,1.1
1,jump_on_and_off_box,9,WALK,4.3,7,2.46727,2.98722,2.7
1,jump_on_and_off_box,9,RUN,7,8.1,2.98722,3.51509,1.1
1,jump_on_and_off_box,9,WALK,8.1,15.7,3.51509,5.0303,7.6
1,jump_on_and_off_box,9,RUN,15.7,16.8,5.0303,5.55829,1.1
1,jump_on_and_off_box,9,WALK,16.8,25.5,5.55829,7.28684,8.7
1,jump_on_and_off_box,9,RUN,25.5,26.6,7.28684,7.81388,1.1
1,jump_on_and_off_box,9,WALK,26.6,30.2,7.81388,8.53256,3.6
1,jump_on_and_off_box,9,RUN,30.2,31.3,8.53256,9.05959,1.1
1,jump_on_and_off_box,9,WALK,31.3,34.3,9.05959,9.64123,3
1,jump_on_and_off_box,9,RUN,34.3,35.4,9.64123,10.1692,1.1
1,jump_on_and_off_box,9,WALK,35.4,39,10.1692,10.8892,3.6
1,jump_on_and_off_box,9,RUN,39,40.1,10.8892,11.4172,1.1
1,jump_on_and_off_box,9,WALK,40.1,43.2,11.4172,12.0285,3.1
1,jump_on_and_off_box,9,RUN,43.2,44.3,12.0285,12.5552,1.1
1,jump_on_and_off_box,9,WALK,44.3,52.8,12.5552,14.2337,8.5
1,jump_on_and_off_box,9,RUN,52.8,56.6,14.2337,16.05,3.8
1,forward_ramp_lips,0,TROT,0,1,1,1.5,1
1,forward_ramp_lips,0,WALK,1,57.7,1.5,12.7768,56.7
1,forward_ramp_lips,0,RUN,57.7,60.8,12.7768,14.25,3.1
1,forward_ramp_lips,1,TROT,0,1,1,1.5,1
1,forward_ramp_lips,1,WALK,1,12.8,1.5,3.84177,11.8
1,forward_ramp_lips,1,TROT,12.8,13.9,3.84177,4.44666,1.1
1,forward_ramp_lips,1,WALK,13.9,21.5,4.44666,5.94492,7.6
1,forward_ramp_lips,1,TROT,21.5,22.6,5.94492,6.54838,1.1
1,forward_ramp_lips,1,WALK,22.6,39.4,6.54838,9.8851,16.8
1,forward_ramp_lips,1,TROT,39.4,40.5,9.8851,10.4879,1.1
1,forward_ramp_lips,1,WALK,40.5,52,10.4879,12.742,11.5
1,forward_ramp_lips,1,RUN,52,55.1,12.742,14.2,3.1
1,forward_ramp_lips,2,TROT,0,1,1,1.5,1
1,forward_ramp_lips,2,WALK,1,3.2,1.5,1.93989,2.2
1,forward_ramp_lips,2,TROT,3.2,4.3,1.93989,2.54475,1.1
1,forward_ramp_lips,2,WALK,4.3,11.6,2.54475,3.98728,7.3
1,forward_ramp_lips,2,TROT,11.6,12.7,3.98728,4.59136,1.1
1,forward_ramp_lips,2,WALK,12.7,19.7,4.59136,5.97709,7
1,forward_ramp_lips,2,TROT,19.7,20.8,5.97709,6.58009,1.1
1,forward_ramp_lips,2,WALK,20.8,37.2,6.58009,9.8342,16.4
1,forward_ramp_lips,2,TROT,37.2,38.3,9.8342,10.4377,1.1
1,forward_ramp_lips,2,WALK,38.3,50.2,10.4377,12.793,11.9
1,forward_ramp_lips,2,RUN,50.2,53.3,12.793,14.25,3.1
1,forward_ramp_lips,3,TROT,0,1,1,1.5,1
1,forward_ramp_lips,3,WALK,1,3.2,1.5,1.93931,2.2
1,forward_ramp_lips,3,TROT,3.2,4.3,1.93931,2.54335,1.1
1,forward_ramp_lips,3,WALK,4.3,11.8,2.54335,4.04295,7.5
1,forward_ramp_lips,3,TROT,11.8,12.9,4.04295,4.64794,1.1
1,forward_ramp_lips,3,WALK,12.9,28.4,4.64794,7.74027,15.5
1,forward_ramp_lips,3,TROT,28.4,29.5,7.74027,8.34518,1.1
1,forward_ramp_lips,3,WALK,29.5,37.3,8.34518,9.88686,7.8
1,forward_ramp_lips,3,TROT,37.3,38.4,9.88686,10.491,1.1
1,forward_ramp_lips,3,WALK,38.4,45.4,10.491,11.8838,7
1,forward_ramp_lips,3,TROT,45.4,46.5,11.8838,12.4884,1.1
1,forward_ramp_lips,3,WALK,46.5,49.3,12.4884,13.042,2.8
1,forward_ramp_lips,3,RUN,49.3,52.4,13.042,14.5,3.1
1,forward_ramp_lips,4,TROT,0,1,1,1.5,1
1,forward_ramp_lips,4,WALK,1,3.2,1.5,1.93872,2.2
1,forward_ramp_lips,4,TROT,3.2,4.3,1.93872,2.5359,1.1
1,forward_ramp_lips,4,WALK,4.3,11.3,2.5359,3.93293,7
1,forward_ramp_lips,4,TROT,11.3,12.4,3.93293,4.53665,1.1
1,forward_ramp_lips,4,WALK,12.4,38.9,4.53665,9.79357,26.5
1,forward_ramp_lips,4,TROT,38.9,40,9.79357,10.3983,1.1
1,forward_ramp_lips,4,WALK,40,51.5,10.3983,12.6793,11.5
1,forward_ramp_lips,4,RUN,51.5,54.7,12.6793,14.2,3.2
1,forward_ramp_lips,5,TROT,0,1,1,1.5,1
1,forward_ramp_lips,5,WALK,1,3.2,1.5,1.93968,2.2
1,forward_ramp_lips,5,TROT,3.2,4.3,1.93968,2.54425,1.1
1,forward_ramp_lips,5,WALK,4.3,48.6,2.54425,11.3345,44.3
1,forward_ramp_lips,5,RUN,48.6,51.8,11.3345,12.85,3.2
1,forward_ramp_lips,6,TROT,0,1,1,1.5,1
1,forward_ramp_lips,6,WALK,1,3.2,1.5,1.93927,2.2
1,forward_ramp_lips,6,TROT,3.2,4.3,1.93927,2.54327,1.1
1,forward_ramp_lips,6,WALK,4.3,31.2,2.54327,7.87941,26.9
1,forward_ramp_lips,6,TROT,31.2,32.3,7.87941,8.4835,1.1
1,forward_ramp_lips,6,WALK,32.3,55.5,8.4835,13.0876,23.2
1,forward_ramp_lips,6,RUN,55.5,58.7,13.0876,14.6,3.2
1,forward_ramp_lips,7,TROT,0,1,1,1.5,1
1,forward_ramp_lips,7,WALK,1,3.2,1.5,1.93911,2.2
1,forward_ramp_lips,7,TROT,3.2,4.3,1.93911,2.54288,1.1
1,forward_ramp_lips,7,WALK,4.3,12,2.54288,4.07782,7.7
1,forward_ramp_lips,7,TROT,12,13.1,4.07782,4.6822,1.1
1,forward_ramp_lips,7,WALK,13.1,49.5,4.6822,11.9282,36.4
1,forward_ramp_lips,7,TROT,49.5,50.6,11.9282,12.5329,1.1
1,forward_ramp_lips,7,WALK,50.6,53.4,12.5329,13.0768,2.8
1,forward_ramp_lips,7,RUN,53.4,56.6,13.0768,14.6,3.2
1,forward_ramp_lips,8,TROT,0,1,1,1.5,1
1,forward_ramp_lips,8,WALK,1,54.9,1.5,12.1818,53.9
1,forward_ramp_lips,8,RUN,54.9,58.2,12.1818,13.75,3.3
1,forward_ramp_lips,9,TROT,0,1,1,1.5,1
1,forward_ramp_lips,9,WALK,1,58.8,1.5,12.9793,57.8
1,forward_ramp_lips,9,RUN,58.8,62.1,12.9793,14.55,3.3
1,sphere_bump_lips,0,TROT,0,1.1,1,1.55314,1.1
1,sphere_bump_lips,0,RUN,1.1,2.2,1.55314,2.06331,1.1
1,sphere_bump_lips,0,WALK,2.2,3.3,2.06331,2.27589,1.1
1,sphere_bump_lips,0,JUMP,3.3,4.1,2.27589,2.27589,0.8
1,sphere_bump_lips,0,WALK,4.1,9.9,2.27589,3.3728,5.8
1,sphere_bump_lips,0,JUMP,9.9,10.7,3.3728,3.3728,0.8
1,sphere_bump_lips,0,WALK,10.7,14.5,3.3728,4.08113,3.8
1,sphere_bump_lips,0,JUMP,14.5,15.3,4.08113,4.08113,0.8
1,sphere_bump_lips,0,WALK,15.3,21.5,4.08113,5.24017,6.2
1,sphere_bump_lips,0,RUN,21.5,23.6,5.24017,6.2047,2.1
1,sphere_bump_lips,0,TROT,23.6,24.7,6.2047,6.78361,1.1
1,sphere_bump_lips,0,WALK,24.7,31.2,6.78361,7.99355,6.5
1,sphere_bump_lips,0,RUN,31.2,32.3,7.99355,8.46581,1.1
1,sphere_bump_lips,0,WALK,32.3,50.8,8.46581,11.8774,18.5
1,sphere_bump_lips,0,RUN,50.8,52.2,11.8774,12.4058,1.4
1,sphere_bump_lips,0,WALK,52.2,62.1,12.4058,14.0372,9.9
1,sphere_bump_lips,0,RUN,62.1,63.8,14.0372,14.8127,1.7
1,sphere_bump_lips,0,TROT,63.8,64.9,14.8127,15.3877,1.1
1,sphere_bump_lips,0,WALK,64.9,67,15.3877,15.7869,2.1
1,sphere_bump_lips,0,RUN,67,68.3,15.7869,16.35,1.3
1,sphere_bump_lips,1,TROT,0,1,1,1.5,1
1,sphere_bump_lips,1,RUN,1,2.1,1.5,2.028,1.1
1,sphere_bump_lips,1,WALK,2.1,9.6,2.028,3.49326,7.5
1,sphere_bump_lips,1,RUN,9.6,10.7,3.49326,3.98764,1.1
1,sphere_bump_lips,1,WALK,10.7,18.6,3.98764,5.43829,7.9
1,sphere_bump_lips,1,RUN,18.6,19.7,5.43829,5.90835,1.1
1,sphere_bump_lips,1,TROT,19.7,20.8,5.90835,6.44695,1.1
1,sphere_bump_lips,1,WALK,20.8,27.6,6.44695,7.64537,6.8
1,sphere_bump_lips,1,RUN,27.6,28.7,7.64537,8.11981,1.1
1,sphere_bump_lips,1,WALK,28.7,37.8,8.11981,9.73677,9.1
1,sphere_bump_lips,1,RUN,37.8,39,9.73677,10.2472,1.2
1,sphere_bump_lips,1,WALK,39,57.3,10.2472,13.6889,18.3
1,sphere_bump_lips,1,RUN,57.3,59.7,13.6889,14.8381,2.4
1,sphere_bump_lips,1,WALK,59.7,64.9,14.8381,15.8755,5.2
1,sphere_bump_lips,1,RUN,64.9,65.4,15.8755,16.1,0.5
1,sphere_bump_lips,2,TROT,0,1,1,1.5,1
1,sphere_bump_lips,2,RUN,1,2.1,1.5,1.97671,1.1
1,sphere_bump_lips,2,WALK,2.1,7.2,1.97671,2.92633,5.1
1,sphere_bump_lips,2,RUN,7.2,8.5,2.92633,3.5443,1.3
1,sphere_bump_lips,2,WALK,8.5,18.3,3.5443,5.43709,9.8
1,sphere_bump_lips,2,RUN,18.3,19.4,5.43709,5.92371,1.1
1,sphere_bump_lips,2,WALK,19.4,26.9,5.92371,7.32987,7.5
1,sphere_bump_lips,2,RUN,26.9,28,7.32987,7.85769,1.1
1,sphere_bump_lips,2,WALK,28,34.9,7.85769,9.22966,6.9
1,sphere_bump_lips,2,RUN,34.9,36,9.22966,9.75718,1.1
1,sphere_bump_lips,2,WALK,36,45.3,9.75718,11.5415,9.3
1,sphere_bump_lips,2,RUN,45.3,46.4,11.5415,11.9923,1.1
1,sphere_bump_lips,2,WALK,46.4,55.8,11.9923,13.6403,9.4
1,sphere_bump_lips,2,RUN,55.8,57.4,13.6403,14.3896,1.6
1,sphere_bump_lips,2,TROT,57.4,58.6,14.3896,15.0336,1.2
1,sphere_bump_lips,2,WALK,58.6,60.1,15.0336,15.3263,1.5
1,sphere_bump_lips,2,RUN,60.1,60.9,15.3263,15.7,0.8
1,sphere_bump_lips,3,TROT,0,1,1,1.5,1
1,sphere_bump_lips,3,RUN,1,2.1,1.5,1.94861,1.1
1,sphere_bump_lips,3,WALK,2.1,10,1.94861,3.29372,7.9
1,sphere_bump_lips,3,RUN,10,11.3,3.29372,3.82992,1.3
1,sphere_bump_lips,3,WALK,11.3,29.3,3.82992,7.19315,18
1,sphere_bump_lips,3,RUN,29.3,30.5,7.19315,7.75928,1.2
1,sphere_bump_lips,3,WALK,30.5,39.9,7.75928,9.54152,9.4
1,sphere_bump_lips,3,RUN,39.9,41,9.54152,9.99232,1.1
1,sphere_bump_lips,3,WALK,41,50.4,9.99232,11.6357,9.4
1,sphere_bump_lips,3,RUN,50.4,51.5,11.6357,12.1448,1.1
1,sphere_bump_lips,3,WALK,51.5,59.2,12.1448,13.6284,7.7
1,sphere_bump_lips,3,RUN,59.2,63.1,13.6284,15.45,3.9
1,sphere_bump_lips,4,TROT,0,1,1,1.5,1
1,sphere_bump_lips,4,RUN,1,2.1,1.5,1.91999,1.1
1,sphere_bump_lips,4,WALK,2.1,8,1.91999,2.92633,5.9
1,sphere_bump_lips,4,RUN,8,9.4,2.92633,3.59184,1.4
1,sphere_bump_lips,4,WALK,9.4,27.2,3.59184,7.08903,17.8
1,sphere_bump_lips,4,RUN,27.2,28.4,7.08903,7.64924,1.2
1,sphere_bump_lips,4,WALK,28.4,37.2,7.64924,9.34507,8.8
1,sphere_bump_lips,4,RUN,37.2,38.3,9.34507,9.85118,1.1
1,sphere_bump_lips,4,WALK,38.3,53.7,9.85118,12.8392,15.4
1,sphere_bump_lips,4,RUN,53.7,57.7,12.8392,14.75,4
1,sphere_bump_lips,5,TROT,0,1,1,1.5,1
1,sphere_bump_lips,5,RUN,1,2.1,1.5,1.92849,1.1
1,sphere_bump_lips,5,WALK,2.1,9.1,1.92849,3.09281,7
1,sphere_bump_lips,5,RUN,9.1,10.6,3.09281,3.74235,1.5
1,sphere_bump_lips,5,WALK,10.6,19.7,3.74235,5.33681,9.1
1,sphere_bump_lips,5,RUN,19.7,20.8,5.33681,5.75746,1.1
1,sphere_bump_lips,5,WALK,20.8,27.3,5.75746,6.79429,6.5
1,sphere_bump_lips,5,RUN,27.3,29.2,6.79429,7.53984,1.9
1,sphere_bump_lips,5,WALK,29.2,38.1,7.53984,9.0386,8.9
1,sphere_bump_lips,5,RUN,38.1,39.2,9.0386,9.53521,1.1
1,sphere_bump_lips,5,WALK,39.2,46.1,9.53521,10.8344,6.9
1,sphere_bump_lips,5,RUN,46.1,47.2,10.8344,11.3536,1.1
1,sphere_bump_lips,5,WALK,47.2,54.3,11.3536,12.7356,7.1
1,sphere_bump_lips,5,RUN,54.3,58.2,12.7356,14.55,3.9
1,sphere_bump_lips,6,TROT,0,1,1,1.5,1
1,sphere_bump_lips,6,RUN,1,2.1,1.5,2.00531,1.1
1,sphere_bump_lips,6,WALK,2.1,25.1,2.00531,6.44068,23
1,sphere_bump_lips,6,RUN,25.1,26.5,6.44068,7.09179,1.4
1,sphere_bump_lips,6,WALK,26.5,43.2,7.09179,10.2376,16.7
1,sphere_bump_lips,6,RUN,43.2,44.3,10.2376,10.7619,1.1
1,sphere_bump_lips,6,WALK,44.3,52,10.7619,12.2797,7.7
1,sphere_bump_lips,6,RUN,52,55.7,12.2797,14.05,3.7
1,sphere_bump_lips,7,TROT,0,1,1,1.5,1
1,sphere_bump_lips,7,RUN,1,2.1,1.5,1.99895,1.1
1,sphere_bump_lips,7,WALK,2.1,16.6,1.99895,4.58658,14.5
1,sphere_bump_lips,7,RUN,16.6,17.7,4.58658,5.10928,1.1
1,sphere_bump_lips,7,WALK,17.7,25.7,5.10928,6.68737,8
1,sphere_bump_lips,7,RUN,25.7,26.8,6.68737,7.2113,1.1
1,sphere_bump_lips,7,WALK,26.8,42.2,7.2113,10.1445,15.4
1,sphere_bump_lips,7,RUN,42.2,43.3,10.1445,10.5766,1.1
1,sphere_bump_lips,7,WALK,43.3,51.9,10.5766,12.0315,8.6
1,sphere_bump_lips,7,RUN,51.9,55.9,12.0315,13.9,4
1,sphere_bump_lips,8,TROT,0,1,1,1.5,1
1,sphere_bump_lips,8,RUN,1,2.1,1.5,1.94545,1.1
1,sphere_bump_lips,8,WALK,2.1,7.6,1.94545,2.8789,5.5
1,sphere_bump_lips,8,RUN,7.6,8.7,2.8789,3.3391,1.1
1,sphere_bump_lips,8,WALK,8.7,15.4,3.3391,4.53988,6.7
1,sphere_bump_lips,8,RUN,15.4,16.5,4.53988,5.06768,1.1
1,sphere_bump_lips,8,WALK,16.5,23.3,5.06768,6.38581,6.8
1,sphere_bump_lips,8,RUN,23.3,24.6,6.38581,6.96787,1.3
1,sphere_bump_lips,8,WALK,24.6,39.3,6.96787,9.69516,14.7
1,sphere_bump_lips,8,RUN,39.3,40.5,9.69516,10.2619,1.2
1,sphere_bump_lips,8,WALK,40.5,48.9,10.2619,11.8861,8.4
1,sphere_bump_lips,8,RUN,48.9,52.5,11.8861,13.5,3.6
1,sphere_bump_lips,9,TROT,0,1,1,1.5,1
1,sphere_bump_lips,9,RUN,1,2.1,1.5,1.98627,1.1
1,sphere_bump_lips,9,WALK,2.1,8.1,1.98627,3.08,6
1,sphere_bump_lips,9,RUN,8.1,9.2,3.08,3.57281,1.1
1,sphere_bump_lips,9,WALK,9.2,24.7,3.57281,6.18217,15.5
1,sphere_bump_lips,9,RUN,24.7,26.3,6.18217,6.85938,1.6
1,sphere_bump_lips,9,WALK,26.3,39.7,6.85938,9.25865,13.4
1,sphere_bump_lips,9,RUN,39.7,40.9,9.25865,9.79072,1.2
1,sphere_bump_lips,9,WALK,40.9,49.5,9.79072,11.3899,8.6
1,sphere_bump_lips,9,RUN,49.5,53.2,11.3899,13.15,3.7
1,forward_ramp_no_lips,0,TROT,0,1,1,1.5,1
1,forward_ramp_no_lips,0,WALK,1,44.1,1.5,10.029,43.1
1,forward_ramp_no_lips,0,RUN,44.1,46.2,10.029,11,2.1
1,forward_ramp_no_lips,1,TROT,0,1.5,1,1.775,1.5
1,forward_ramp_no_lips,1,WALK,1.5,42.9,1.775,9.98975,41.4
1,forward_ramp_no_lips,1,RUN,42.9,45,9.98975,10.95,2.1
1,forward_ramp_no_lips,2,TROT,0,1.5,1,1.774,1.5
1,forward_ramp_no_lips,2,WALK,1.5,41.5,1.774,9.6898,40
1,forward_ramp_no_lips,2,RUN,41.5,43.7,9.6898,10.7,2.2
1,forward_ramp_no_lips,3,TROT,0,1,1,1.5,1
1,forward_ramp_no_lips,3,WALK,1,42.6,1.5,9.73999,41.6
1,forward_ramp_no_lips,3,RUN,42.6,44.8,9.73999,10.75,2.2
1,forward_ramp_no_lips,4,TROT,0,1,1,1.5,1
1,forward_ramp_no_lips,4,WALK,1,44.1,1.5,10.03,43.1
1,forward_ramp_no_lips,4,RUN,44.1,46.4,10.03,11.1,2.3
1,forward_ramp_no_lips,5,TROT,0,1,1,1.5,1
1,forward_ramp_no_lips,5,WALK,1,44.3,1.5,10.08,43.3
1,forward_ramp_no_lips,5,RUN,44.3,46.7,10.08,11.2,2.4
1,forward_ramp_no_lips,6,TROT,0,1,1,1.5,1
1,forward_ramp_no_lips,6,WALK,1,41.6,1.5,9.53997,40.6
1,forward_ramp_no_lips,6,RUN,41.6,44,9.53997,10.65,2.4
1,forward_ramp_no_lips,7,TROT,0,1,1,1.5,1
1,forward_ramp_no_lips,7,WALK,1,41.9,1.5,9.58953,40.9
1,forward_ramp_no_lips,7,RUN,41.9,44.4,9.58953,10.75,2.5
1,forward_ramp_no_lips,8,TROT,0,1,1,1.5,1
1,forward_ramp_no_lips,8,WALK,1,43.6,1.5,9.92979,42.6
1,forward_ramp_no_lips,8,RUN,43.6,46.2,9.92979,11.15,2.6
1,forward_ramp_no_lips,9,TROT,0,1,1,1.5,1
1,forward_ramp_no_lips,9,WALK,1,43.6,1.5,9.93994,42.6
1,forward_ramp_no_lips,9,RUN,43.6,46.2,9.93994,11.15,2.6
1,flush_a_frame,0,TROT,0,1,1,1.5,1
1,flush_a_frame,0,WALK,1,63.7,1.5,13.95,62.7
1,flush_a_frame,0,TROT,63.7,65.2,13.95,14.7749,1.5
1,flush_a_frame,0,RUN,65.2,65.9,14.7749,15.1,0.7
1,flush_a_frame,1,TROT,0,1,1,1.5,1
1,flush_a_frame,1,WALK,1,59.2,1.5,13.04,58.2
1,flush_a_frame,1,RUN,59.2,61.5,13.04,14.1,2.3
1,flush_a_frame,2,TROT,0,1,1,1.5,1
1,flush_a_frame,2,WALK,1,59.8,1.5,13.1792,58.8
1,flush_a_frame,2,RUN,59.8,62.2,13.1792,14.3,2.4
1,flush_a_frame,3,TROT,0,1,1,1.5,1
1,flush_a_frame,3,WALK,1,61.8,1.5,13.5793,60.8
1,flush_a_frame,3,RUN,61.8,64.2,13.5793,14.7,2.4
1,flush_a_frame,4,TROT,0,1,1,1.5,1
1,flush_a_frame,4,WALK,1,64.2,1.5,14.0399,63.2
1,flush_a_frame,4,RUN,64.2,66.7,14.0399,15.2,2.5
1,flush_a_frame,5,TROT,0,1,1,1.5,1
1,flush_a_frame,5,WALK,1,58.6,1.5,12.9294,57.6
1,flush_a_frame,5,RUN,58.6,61.1,12.9294,14.1,2.5
1,flush_a_frame,6,TROT,0,1,1,1.5,1
1,flush_a_frame,6,WALK,1,55.5,1.5,12.2896,54.5
1,flush_a_frame,6,RUN,55.5,58.1,12.2896,13.5,2.6
1,flush_a_frame,7,TROT,0,1,1,1.5,1
1,flush_a_frame,7,WALK,1,55.6,1.5,12.3298,54.6
1,flush_a_frame,7,RUN,55.6,58.3,12.3298,13.6,2.7
1,flush_a_frame,8,TROT,0,1,1,1.5,1
1,flush_a_frame,8,WALK,1,62.1,1.5,13.6393,61.1
1,flush_a_frame,8,RUN,62.1,64.8,13.6393,14.9,2.7
1,flush_a_frame,9,TROT,0,1,1,1.5,1
1,flush_a_frame,9,WALK,1,57.9,1.5,12.78,56.9
1,flush_a_frame,9,RUN,57.9,60.7,12.78,14.1,2.8
1,sphere_bump,0,TROT,0,1,1,1.5,1
1,sphere_bump,0,WALK,1,9.5,1.5,3.08024,8.5
1,sphere_bump,0,TROT,9.5,10.8,3.08024,3.75993,1.3
1,sphere_bump,0,WALK,10.8,20.1,3.75993,5.52908,9.3
1,sphere_bump,0,TROT,20.1,21.2,5.52908,6.13261,1.1
1,sphere_bump,0,WALK,21.2,37.7,6.13261,9.39047,16.5
1,sphere_bump,0,TROT,37.7,38.8,9.39047,9.98107,1.1
1,sphere_bump,0,WALK,38.8,47.2,9.98107,11.6299,8.4
1,sphere_bump,0,TROT,47.2,48.3,11.6299,12.2347,1.1
1,sphere_bump,0,WALK,48.3,56.6,12.2347,13.8648,8.3
1,sphere_bump,0,TROT,56.6,58.1,13.8648,14.6424,1.5
1,sphere_bump,0,RUN,58.1,60.8,14.6424,15.85,2.7
1,sphere_bump,1,TROT,0,1,1,1.5,1
1,sphere_bump,1,RUN,1,2.1,1.5,1.95133,1.1
1,sphere_bump,1,WALK,2.1,9.8,1.95133,3.31662,7.7
1,sphere_bump,1,TROT,9.8,10.9,3.31662,3.91675,1.1
1,sphere_bump,1,WALK,10.9,28.1,3.91675,7.10498,17.2
1,sphere_bump,1,TROT,28.1,29.2,7.10498,7.70338,1.1
1,sphere_bump,1,WALK,29.2,38.2,7.70338,9.40604,9
1,sphere_bump,1,RUN,38.2,39.8,9.40604,10.0557,1.6
1,sphere_bump,1,WALK,39.8,49.3,10.0557,11.6687,9.5
1,sphere_bump,1,TROT,49.3,50.4,11.6687,12.1998,1.1
1,sphere_bump,1,WALK,50.4,60.1,12.1998,13.9348,9.7
1,sphere_bump,1,TROT,60.1,61.6,13.9348,14.75,1.5
1,sphere_bump,1,RUN,61.6,63.8,14.75,15.75,2.2
1,sphere_bump,2,TROT,0,1,1,1.5,1
1,sphere_bump,2,WALK,1,9.1,1.5,3.04347,8.1
1,sphere_bump,2,RUN,9.1,10.2,3.04347,3.56457,1.1
1,sphere_bump,2,WALK,10.2,28.1,3.56457,7.0699,17.9
1,sphere_bump,2,TROT,28.1,29.2,7.0699,7.62215,1.1
1,sphere_bump,2,WALK,29.2,36.6,7.62215,8.99905,7.4
1,sphere_bump,2,TROT,36.6,37.7,8.99905,9.58964,1.1
1,sphere_bump,2,WALK,37.7,46.4,9.58964,11.2881,8.7
1,sphere_bump,2,RUN,46.4,47.5,11.2881,11.8035,1.1
1,sphere_bump,2,WALK,47.5,56,11.8035,13.4476,8.5
1,sphere_bump,2,TROT,56,57.5,13.4476,14.2286,1.5
1,sphere_bump,2,RUN,57.5,58.6,14.2286,14.7284,1.1
1,sphere_bump,2,WALK,58.6,61.8,14.7284,15.3343,3.2
1,sphere_bump,2,RUN,61.8,62,15.3343,15.4,0.2
1,sphere_bump,3,TROT,0,1,1,1.5,1
1,sphere_bump,3,RUN,1,2.1,1.5,1.99024,1.1
1,sphere_bump,3,WALK,2.1,10.2,1.99024,3.39061,8.1
1,sphere_bump,3,TROT,10.2,11.3,3.39061,3.84506,1.1
1,sphere_bump,3,WALK,11.3,18.9,3.84506,5.03799,7.6
1,sphere_bump,3,TROT,18.9,20,5.03799,5.57146,1.1
1,sphere_bump,3,WALK,20,46.7,5.57146,10.6404,26.7
1,sphere_bump,3,TROT,46.7,48.3,10.6404,11.4211,1.6
1,sphere_bump,3,WALK,48.3,58.2,11.4211,13.1964,9.9
1,sphere_bump,3,TROT,58.2,59.7,13.1964,13.9636,1.5
1,sphere_bump,3,RUN,59.7,61.6,13.9636,14.8117,1.9
1,sphere_bump,3,WALK,61.6,62.1,14.8117,14.9,0.5
1,sphere_bump,4,TROT,0,1,1,1.5,1
1,sphere_bump,4,WALK,1,30.7,1.5,7.1161,29.7
1,sphere_bump,4,JUMP,30.7,31.5,7.1161,7.1161,0.8
1,sphere_bump,4,WALK,31.5,61.1,7.1161,12.5937,29.6
1,sphere_bump,4,RUN,61.1,65.4,12.5937,14.6,4.3
1,sphere_bump,5,TROT,0,1,1,1.5,1
1,sphere_bump,5,RUN,1,2.1,1.5,2.00427,1.1
1,sphere_bump,5,WALK,2.1,27.2,2.00427,6.69193,25.1
1,sphere_bump,5,JUMP,27.2,28,6.69193,6.69193,0.8
1,sphere_bump,5,WALK,28,47.6,6.69193,10.3902,19.6
1,sphere_bump,5,TROT,47.6,48.7,10.3902,10.945,1.1
1,sphere_bump,5,WALK,48.7,58.5,10.945,12.7383,9.8
1,sphere_bump,5,RUN,58.5,62,12.7383,14.3,3.5
1,sphere_bump,6,TROT,0,1,1,1.5,1
1,sphere_bump,6,WALK,1,9.5,1.5,3.17388,8.5
1,sphere_bump,6,TROT,9.5,10.6,3.17388,3.76081,1.1
1,sphere_bump,6,WALK,10.6,25.8,3.76081,6.63876,15.2
1,sphere_bump,6,JUMP,25.8,26.6,6.63876,6.63876,0.8
1,sphere_bump,6,WALK,26.6,30.6,6.63876,7.31292,4
1,sphere_bump,6,JUMP,30.6,31.4,7.31292,7.31292,0.8
1,sphere_bump,6,WALK,31.4,38,7.31292,8.44412,6.6
1,sphere_bump,6,RUN,38,39.1,8.44412,8.91,1.1
1,sphere_bump,6,WALK,39.1,40.5,8.91,9.15706,1.4
1,sphere_bump,6,JUMP,40.5,41.3,9.15706,9.15706,0.8
1,sphere_bump,6,WALK,41.3,49.1,9.15706,10.5079,7.8
1,sphere_bump,6,JUMP,49.1,49.9,10.5079,10.5079,0.8
1,sphere_bump,6,WALK,49.9,53.9,10.5079,11.192,4
1,sphere_bump,6,JUMP,53.9,54.7,11.192,11.192,0.8
1,sphere_bump,6,WALK,54.7,61.1,11.192,12.3304,6.4
1,sphere_bump,6,RUN,61.1,65,12.3304,14.1,3.9
1,sphere_bump,7,TROT,0,1,1,1.5,1
1,sphere_bump,7,WALK,1,2.4,1.5,1.76134,1.4
1,sphere_bump,7,JUMP,2.4,3.2,1.76134,1.76134,0.8
1,sphere_bump,7,WALK,3.2,11.6,1.76134,3.25236,8.4
1,sphere_bump,7,RUN,11.6,12.7,3.25236,3.67888,1.1
1,sphere_bump,7,WALK,12.7,13.8,3.67888,3.85659,1.1
1,sphere_bump,7,JUMP,13.8,14.6,3.85659,3.85659,0.8
1,sphere_bump,7,WALK,14.6,20.6,3.85659,4.84448,6
1,sphere_bump,7,JUMP,20.6,21.4,4.84448,4.84448,0.8
1,sphere_bump,7,WALK,21.4,38.1,4.84448,8.04129,16.7
1,sphere_bump,7,JUMP,38.1,38.9,8.04129,8.04129,0.8
1,sphere_bump,7,WALK,38.9,42.8,8.04129,8.73493,3.9
1,sphere_bump,7,JUMP,42.8,43.6,8.73493,8.73493,0.8
1,sphere_bump,7,WALK,43.6,49.8,8.73493,9.87903,6.2
1,sphere_bump,7,RUN,49.8,50.9,9.87903,10.406,1.1
1,sphere_bump,7,WALK,50.9,60.5,10.406,12.289,9.6
1,sphere_bump,7,RUN,60.5,63.6,12.289,13.7,3.1
1,sphere_bump,8,TROT,0,1,1,1.5,1
1,sphere_bump,8,WALK,1,8.7,1.5,3.01662,7.7
1,sphere_bump,8,JUMP,8.7,9.5,3.01662,3.01662,0.8
1,sphere_bump,8,WALK,9.5,13.1,3.01662,3.71635,3.6
1,sphere_bump,8,JUMP,13.1,13.9,3.71635,3.71635,0.8
1,sphere_bump,8,WALK,13.9,19.2,3.71635,4.74488,5.3
1,sphere_bump,8,JUMP,19.2,20,4.74488,4.74488,0.8
1,sphere_bump,8,WALK,20,26.8,4.74488,6.05999,6.8
1,sphere_bump,8,JUMP,26.8,27.6,6.05999,6.05999,0.8
1,sphere_bump,8,WALK,27.6,31.3,6.05999,6.7663,3.7
1,sphere_bump,8,JUMP,31.3,32.1,6.7663,6.7663,0.8
1,sphere_bump,8,WALK,32.1,37.9,6.7663,7.84129,5.8
1,sphere_bump,8,JUMP,37.9,38.7,7.84129,7.84129,0.8
1,sphere_bump,8,WALK,38.7,42.6,7.84129,8.53493,3.9
1,sphere_bump,8,JUMP,42.6,43.4,8.53493,8.53493,0.8
1,sphere_bump,8,WALK,43.4,50.2,8.53493,9.79873,6.8
1,sphere_bump,8,RUN,50.2,51.3,9.79873,10.3256,1.1
1,sphere_bump,8,WALK,51.3,59.9,10.3256,12.029,8.6
1,sphere_bump,8,RUN,59.9,63,12.029,13.45,3.1
1,sphere_bump,9,TROT,0,1,1,1.5,1
1,sphere_bump,9,RUN,1,2.1,1.5,1.91678,1.1
1,sphere_bump,9,WALK,2.1,8,1.91678,2.94398,5.9
1,sphere_bump,9,RUN,8,9.1,2.94398,3.45688,1.1
1,sphere_bump,9,WALK,9.1,10.2,3.45688,3.67059,1.1
1,sphere_bump,9,JUMP,10.2,11,3.67059,3.67059,0.8
1,sphere_bump,9,WALK,11,17.1,3.67059,4.81148,6.1
1,sphere_bump,9,JUMP,17.1,17.9,4.81148,4.81148,0.8
1,sphere_bump,9,WALK,17.9,22,4.81148,5.47354,4.1
1,sphere_bump,9,JUMP,22,22.8,5.47354,5.47354,0.8
1,sphere_bump,9,WALK,22.8,45,5.47354,9.68071,22.2
1,sphere_bump,9,JUMP,45,45.8,9.68071,9.68071,0.8
1,sphere_bump,9,WALK,45.8,50,9.68071,10.3765,4.2
1,sphere_bump,9,JUMP,50,50.8,10.3765,10.3765,0.8
1,sphere_bump,9,WALK,50.8,57.1,10.3765,11.4889,6.3
1,sphere_bump,9,RUN,57.1,61,11.4889,13.25,3.9
1,box_jump_even,0,TROT,0,1,1,1.5,1
1,box_jump_even,0,RUN,1,2.1,1.5,2.02779,1.1
1,box_jump_even,0,WALK,2.1,6.7,2.02779,2.93816,4.6
1,box_jump_even,0,RUN,6.7,7.8,2.93816,3.46511,1.1
1,box_jump_even,0,WALK,7.8,11.9,3.46511,4.27989,4.1
1,box_jump_even,0,RUN,11.9,13,4.27989,4.80476,1.1
1,box_jump_even,0,WALK,13,17.5,4.80476,5.683,4.5
1,box_jump_even,0,RUN,17.5,18.8,5.683,6.30467,1.3
1,box_jump_even,0,WALK,18.8,23.3,6.30467,7.1908,4.5
1,box_jump_even,0,RUN,23.3,24.5,7.1908,7.76679,1.2
1,box_jump_even,0,WALK,24.5,28.9,7.76679,8.64042,4.4
1,box_jump_even,0,RUN,28.9,30.2,8.64042,9.26241,1.3
1,box_jump_even,0,WALK,30.2,34.4,9.26241,10.091,4.2
1,box_jump_even,0,RUN,34.4,36.2,10.091,10.95,1.8
1,box_jump_even,1,TROT,0,1,1,1.5,1
1,box_jump_even,1,RUN,1,2.6,1.5,2.26576,1.6
1,box_jump_even,1,WALK,2.6,7.2,2.26576,3.1818,4.6
1,box_jump_even,1,RUN,7.2,8.3,3.1818,3.7098,1.1
1,box_jump_even,1,WALK,8.3,13,3.7098,4.64154,4.7
1,box_jump_even,1,RUN,13,14.1,4.64154,5.16831,1.1
1,box_jump_even,1,WALK,14.1,18.7,5.16831,6.0868,4.6
1,box_jump_even,1,RUN,18.7,19.8,6.0868,6.61477,1.1
1,box_jump_even,1,WALK,19.8,23.7,6.61477,7.37976,3.9
1,box_jump_even,1,RUN,23.7,25.2,7.37976,8.09975,1.5
1,box_jump_even,1,WALK,25.2,29.7,8.09975,8.99328,4.5
1,box_jump_even,1,RUN,29.7,30.8,8.99328,9.52124,1.1
1,box_jump_even,1,WALK,30.8,35.2,9.52124,10.3949,4.4
1,box_jump_even,1,RUN,35.2,37,10.3949,11.25,1.8
1,box_jump_even,2,TROT,0,1,1,1.5,1
1,box_jump_even,2,RUN,1,2.2,1.5,2.07592,1.2
1,box_jump_even,2,WALK,2.2,7,2.07592,3.02819,4.8
1,box_jump_even,2,RUN,7,8.3,3.02819,3.65178,1.3
1,box_jump_even,2,WALK,8.3,12.8,3.65178,4.5429,4.5
1,box_jump_even,2,RUN,12.8,13.9,4.5429,5.07052,1.1
1,box_jump_even,2,WALK,13.9,18.8,5.07052,6.03713,4.9
1,box_jump_even,2,RUN,18.8,20.3,6.03713,6.75443,1.5
1,box_jump_even,2,WALK,20.3,24.8,6.75443,7.64308,4.5
1,box_jump_even,2,RUN,24.8,26,7.64308,8.21907,1.2
1,box_jump_even,2,WALK,26,30.6,8.21907,9.13504,4.6
1,box_jump_even,2,RUN,30.6,31.8,9.13504,9.71098,1.2
1,box_jump_even,2,WALK,31.8,36.2,9.71098,10.5797,4.4
1,box_jump_even,2,RUN,36.2,38.1,10.5797,11.45,1.9
1,box_jump_even,3,TROT,0,1,1,1.5,1
1,box_jump_even,3,RUN,1,2.6,1.5,2.26495,1.6
1,box_jump_even,3,WALK,2.6,7.2,2.26495,3.17991,4.6
1,box_jump_even,3,RUN,7.2,8.3,3.17991,3.70538,1.1
1,box_jump_even,3,WALK,8.3,12.2,3.70538,4.479,3.9
1,box_jump_even,3,RUN,12.2,13.3,4.479,5.007,1.1
1,box_jump_even,3,WALK,13.3,17.2,5.007,5.77999,3.9
1,box_jump_even,3,RUN,17.2,18.3,5.77999,6.30695,1.1
1,box_jump_even,3,WALK,18.3,22.5,6.30695,7.12773,4.2
1,box_jump_even,3,RUN,22.5,23.6,7.12773,7.65322,1.1
1,box_jump_even,3,WALK,23.6,27.6,7.65322,8.43281,4
1,box_jump_even,3,RUN,27.6,28.7,8.43281,8.95833,1.1
1,box_jump_even,3,WALK,28.7,33.4,8.95833,9.88638,4.7
1,box_jump_even,3,RUN,33.4,35.2,9.88638,10.75,1.8
1,box_jump_even,4,TROT,0,1,1,1.5,1
1,box_jump_even,4,RUN,1,2.1,1.5,2.02775,1.1
1,box_jump_even,4,WALK,2.1,7.5,2.02775,3.0957,5.4
1,box_jump_even,4,RUN,7.5,8.8,3.0957,3.71825,1.3
1,box_jump_even,4,WALK,8.8,13.7,3.71825,4.68103,4.9
1,box_jump_even,4,RUN,13.7,14.8,4.68103,5.20903,1.1
1,box_jump_even,4,WALK,14.8,19.2,5.20903,6.08259,4.4
1,box_jump_even,4,RUN,19.2,20.3,6.08259,6.60819,1.1
1,box_jump_even,4,WALK,20.3,24.2,6.60819,7.37871,3.9
1,box_jump_even,4,RUN,24.2,25.3,7.37871,7.90671,1.1
1,box_jump_even,4,WALK,25.3,29.5,7.90671,8.73246,4.2
1,box_jump_even,4,RUN,29.5,30.6,8.73246,9.25974,1.1
1,box_jump_even,4,WALK,30.6,35.8,9.25974,10.2829,5.2
1,box_jump_even,4,RUN,35.8,37.7,10.2829,11.15,1.9
1,box_jump_even,5,TROT,0,1,1,1.5,1
1,box_jump_even,5,RUN,1,2.1,1.5,2.02528,1.1
1,box_jump_even,5,WALK,2.1,7.2,2.02528,3.02929,5.1
1,box_jump_even,5,RUN,7.2,8.3,3.02929,3.55399,1.1
1,box_jump_even,5,WALK,8.3,12.5,3.55399,4.38528,4.2
1,box_jump_even,5,RUN,12.5,13.6,4.38528,4.91015,1.1
1,box_jump_even,5,WALK,13.6,18.8,4.91015,5.94223,5.2
1,box_jump_even,5,RUN,18.8,19.9,5.94223,6.47,1.1
1,box_jump_even,5,WALK,19.9,24.5,6.47,7.3866,4.6
1,box_jump_even,5,RUN,24.5,25.7,7.3866,7.96065,1.2
1,box_jump_even,5,WALK,25.7,31.2,7.96065,9.04517,5.5
1,box_jump_even,5,RUN,31.2,32.3,9.04517,9.57287,1.1
1,box_jump_even,5,WALK,32.3,37,9.57287,10.494,4.7
1,box_jump_even,5,RUN,37,38.8,10.494,11.35,1.8
1,box_jump_even,6,TROT,0,1,1,1.5,1
1,box_jump_even,6,RUN,1,2.5,1.5,2.21973,1.5
1,box_jump_even,6,WALK,2.5,7.8,2.21973,3.27519,5.3
1,box_jump_even,6,RUN,7.8,8.9,3.27519,3.80305,1.1
1,box_jump_even,6,WALK,8.9,13.6,3.80305,4.7307,4.7
1,box_jump_even,6,RUN,13.6,14.7,4.7307,5.2587,1.1
1,box_jump_even,6,WALK,14.7,19.7,5.2587,6.24032,5
1,box_jump_even,6,RUN,19.7,20.8,6.24032,6.76767,1.1
1,box_jump_even,6,WALK,20.8,25.9,6.76767,7.78524,5.1
1,box_jump_even,6,RUN,25.9,27,7.78524,8.31322,1.1
1,box_jump_even,6,WALK,27,32.1,8.31322,9.33032,5.1
1,box_jump_even,6,RUN,32.1,33.2,9.33032,9.8563,1.1
1,box_jump_even,6,WALK,33.2,37.4,9.8563,10.6794,4.2
1,box_jump_even,6,RUN,37.4,39.3,10.6794,11.55,1.9
1,box_jump_even,7,TROT,0,1,1,1.5,1
1,box_jump_even,7,RUN,1,2.1,1.5,2.02531,1.1
1,box_jump_even,7,WALK,2.1,7.7,2.02531,3.1383,5.6
1,box_jump_even,7,RUN,7.7,8.8,3.1383,3.66462,1.1
1,box_jump_even,7,WALK,8.8,14.5,3.66462,4.78515,5.7
1,box_jump_even,7,RUN,14.5,15.6,4.78515,5.31295,1.1
1,box_jump_even,7,WALK,15.6,20.5,5.31295,6.28126,4.9
1,box_jump_even,7,RUN,20.5,21.6,6.28126,6.80918,1.1
1,box_jump_even,7,WALK,21.6,27.3,6.80918,7.93443,5.7
1,box_jump_even,7,RUN,27.3,28.4,7.93443,8.46107,1.1
1,box_jump_even,7,WALK,28.4,33.8,8.46107,9.53203,5.4
1,box_jump_even,7,RUN,33.8,34.9,9.53203,10.0582,1.1
1,box_jump_even,7,WALK,34.9,40.6,10.0582,11.1869,5.7
1,box_jump_even,7,RUN,40.6,42.4,11.1869,12.05,1.8
1,box_jump_even,8,TROT,0,1,1,1.5,1
1,box_jump_even,8,RUN,1,2.1,1.5,2.02711,1.1
1,box_jump_even,8,WALK,2.1,7.5,2.02711,3.09357,5.4
1,box_jump_even,8,RUN,7.5,8.6,3.09357,3.62016,1.1
1,box_jump_even,8,WALK,8.6,12.9,3.62016,4.4781,4.3
1,box_jump_even,8,RUN,12.9,14,4.4781,5.00531,1.1
1,box_jump_even,8,WALK,14,19.7,5.00531,6.1331,5.7
1,box_jump_even,8,RUN,19.7,20.8,6.1331,6.6595,1.1
1,box_jump_even,8,WALK,20.8,25,6.6595,7.48208,4.2
1,box_jump_even,8,RUN,25,26.1,7.48208,8.0086,1.1
1,box_jump_even,8,WALK,26.1,30.5,8.0086,8.88366,4.4
1,box_jump_even,8,RUN,30.5,31.6,8.88366,9.41132,1.1
1,box_jump_even,8,WALK,31.6,36.5,9.41132,10.3764,4.9
1,box_jump_even,8,RUN,36.5,38.4,10.3764,11.25,1.9
1,box_jump_even,9,TROT,0,1,1,1.5,1
1,box_jump_even,9,RUN,1,2.2,1.5,2.07599,1.2
1,box_jump_even,9,WALK,2.2,8.1,2.07599,3.2421,5.9
1,box_jump_even,9,RUN,8.1,9.2,3.2421,3.76962,1.1
1,box_jump_even,9,WALK,9.2,15.3,3.76962,4.98762,6.1
1,box_jump_even,9,RUN,15.3,16.4,4.98762,5.5156,1.1
1,box_jump_even,9,WALK,16.4,21.5,5.5156,6.52899,5.1
1,box_jump_even,9,RUN,21.5,22.6,6.52899,7.05689,1.1
1,box_jump_even,9,WALK,22.6,27.3,7.05689,7.97971,4.7
1,box_jump_even,9,RUN,27.3,28.4,7.97971,8.50762,1.1
1,box_jump_even,9,WALK,28.4,34.1,8.50762,9.63725,5.7
1,box_jump_even,9,RUN,34.1,35.2,9.63725,10.1649,1.1
1,box_jump_even,9,WALK,35.2,41.4,10.1649,11.3912,6.2
1,box_jump_even,9,RUN,41.4,43.2,11.3912,12.25,1.8
1,box_jump_uneven,0,TROT,0,1,1,1.5,1
1,box_jump_uneven,0,RUN,1,3.2,1.5,2.55358,2.2
1,box_jump_uneven,0,WALK,3.2,7.4,2.55358,3.38378,4.2
1,box_jump_uneven,0,RUN,7.4,8.5,3.38378,3.91098,1.1
1,box_jump_uneven,0,WALK,8.5,12.6,3.91098,4.72974,4.1
1,box_jump_uneven,0,RUN,12.6,14.6,4.72974,5.68969,2
1,box_jump_uneven,0,WALK,14.6,19.1,5.68969,6.5789,4.5
1,box_jump_uneven,0,RUN,19.1,20.9,6.5789,7.44274,1.8
1,box_jump_uneven,0,WALK,20.9,25.4,7.44274,8.33972,4.5
1,box_jump_uneven,0,RUN,25.4,27.3,8.33972,9.25165,1.9
1,box_jump_uneven,0,WALK,27.3,31.8,9.25165,10.1328,4.5
1,box_jump_uneven,0,RUN,31.8,33.8,10.1328,11.0928,2
1,box_jump_uneven,0,WALK,33.8,38.1,11.0928,11.9382,4.3
1,box_jump_uneven,0,RUN,38.1,39.9,11.9382,12.8,1.8
1,box_jump_uneven,1,TROT,0,1.7,1,1.88393,1.7
1,box_jump_uneven,1,RUN,1.7,2.8,1.88393,2.41047,1.1
1,box_jump_uneven,1,WALK,2.8,7.3,2.41047,3.29536,4.5
1,box_jump_uneven,1,RUN,7.3,8.4,3.29536,3.82258,1.1
1,box_jump_uneven,1,WALK,8.4,12.7,3.82258,4.67967,4.3
1,box_jump_uneven,1,RUN,12.7,13.8,4.67967,5.20694,1.1
1,box_jump_uneven,1,WALK,13.8,18,5.20694,6.03796,4.2
1,box_jump_uneven,1,RUN,18,19.2,6.03796,6.61313,1.2
1,box_jump_uneven,1,WALK,19.2,23.6,6.61313,7.47954,4.4
1,box_jump_uneven,1,RUN,23.6,25.4,7.47954,8.34268,1.8
1,box_jump_uneven,1,WALK,25.4,30,8.34268,9.24247,4.6
1,box_jump_uneven,1,RUN,30,32,9.24247,10.199,2
1,box_jump_uneven,1,WALK,32,36.4,10.199,11.076,4.4
1,box_jump_uneven,1,RUN,36.4,38.3,11.076,11.95,1.9
1,box_jump_uneven,2,TROT,0,1.7,1,1.88486,1.7
1,box_jump_uneven,2,RUN,1.7,3,1.88486,2.50862,1.3
1,box_jump_uneven,2,WALK,3,8,2.50862,3.48917,5
1,box_jump_uneven,2,RUN,8,9.8,3.48917,4.35317,1.8
1,box_jump_uneven,2,WALK,9.8,14.7,4.35317,5.3299,4.9
1,box_jump_uneven,2,RUN,14.7,16.8,5.3299,6.33704,2.1
1,box_jump_uneven,2,WALK,16.8,21.6,6.33704,7.28325,4.8
1,box_jump_uneven,2,RUN,21.6,23.6,7.28325,8.2431,2
1,box_jump_uneven,2,WALK,23.6,28.1,8.2431,9.13362,4.5
1,box_jump_uneven,2,RUN,28.1,29.3,9.13362,9.70913,1.2
1,box_jump_uneven,2,WALK,29.3,33.4,9.70913,10.5265,4.1
1,box_jump_uneven,2,RUN,33.4,34.5,10.5265,11.0545,1.1
1,box_jump_uneven,2,WALK,34.5,39.2,11.0545,11.9831,4.7
1,box_jump_uneven,2,RUN,39.2,41.1,11.9831,12.85,1.9
1,box_jump_uneven,3,TROT,0,1,1,1.5,1
1,box_jump_uneven,3,WALK,1,3.2,1.5,1.93812,2.2
1,box_jump_uneven,3,RUN,3.2,4.3,1.93812,2.4257,1.1
1,box_jump_uneven,3,WALK,4.3,7.1,2.4257,2.98461,2.8
1,box_jump_uneven,3,RUN,7.1,9,2.98461,3.89484,1.9
1,box_jump_uneven,3,WALK,9,14.3,3.89484,4.93866,5.3
1,box_jump_uneven,3,RUN,14.3,15.5,4.93866,5.51407,1.2
1,box_jump_uneven,3,WALK,15.5,16.9,5.51407,5.79156,1.4
1,box_jump_uneven,3,JUMP,16.9,17.7,5.79156,5.79156,0.8
1,box_jump_uneven,3,WALK,17.7,21.2,5.79156,6.49155,3.5
1,box_jump_uneven,3,RUN,21.2,23,6.49155,7.35553,1.8
1,box_jump_uneven,3,WALK,23,27.7,7.35553,8.27797,4.7
1,box_jump_uneven,3,RUN,27.7,29.6,8.27797,9.18972,1.9
1,box_jump_uneven,3,WALK,29.6,31.1,9.18972,9.47206,1.5
1,box_jump_uneven,3,JUMP,31.1,31.9,9.47206,9.47206,0.8
1,box_jump_uneven,3,WALK,31.9,35.5,9.47206,10.1916,3.6
1,box_jump_uneven,3,RUN,35.5,37.5,10.1916,11.151,2
1,box_jump_uneven,3,WALK,37.5,42.3,11.151,12.093,4.8
1,box_jump_uneven,3,RUN,42.3,44.1,12.093,12.95,1.8
1,box_jump_uneven,4,TROT,0,1,1,1.5,1
1,box_jump_uneven,4,WALK,1,3.2,1.5,1.9398,2.2
1,box_jump_uneven,4,RUN,3.2,4.3,1.9398,2.42585,1.1
1,box_jump_uneven,4,WALK,4.3,5.4,2.42585,2.64499,1.1
1,box_jump_uneven,4,JUMP,5.4,6.2,2.64499,2.64499,0.8
1,box_jump_uneven,4,WALK,6.2,8.2,2.64499,3.04341,2
1,box_jump_uneven,4,RUN,8.2,9.3,3.04341,3.56934,1.1
1,box_jump_uneven,4,WALK,9.3,13.7,3.56934,4.43763,4.4
1,box_jump_uneven,4,RUN,13.7,15.4,4.43763,5.25235,1.7
1,box_jump_uneven,4,WALK,15.4,16.8,5.25235,5.51764,1.4
1,box_jump_uneven,4,JUMP,16.8,17.6,5.51764,5.51764,0.8
1,box_jump_uneven,4,WALK,17.6,21.2,5.51764,6.23762,3.6
1,box_jump_uneven,4,RUN,21.2,22.3,6.23762,6.7656,1.1
1,box_jump_uneven,4,WALK,22.3,26.7,6.7656,7.64166,4.4
1,box_jump_uneven,4,RUN,26.7,28,7.64166,8.2656,1.3
1,box_jump_uneven,4,WALK,28,29.6,8.2656,8.57341,1.6
1,box_jump_uneven,4,JUMP,29.6,30.4,8.57341,8.57341,0.8
1,box_jump_uneven,4,WALK,30.4,34,8.57341,9.29319,3.6
1,box_jump_uneven,4,RUN,34,35.9,9.29319,10.2049,1.9
1,box_jump_uneven,4,WALK,35.9,40.8,10.2049,11.1817,4.9
1,box_jump_uneven,4,RUN,40.8,42.7,11.1817,12.05,1.9
1,box_jump_uneven,5,TROT,0,1,1,1.5,1
1,box_jump_uneven,5,WALK,1,2.1,1.5,1.71918,1.1
1,box_jump_uneven,5,JUMP,2.1,2.9,1.71918,1.71918,0.8
1,box_jump_uneven,5,WALK,2.9,4.4,1.71918,2.01806,1.5
1,box_jump_uneven,5,RUN,4.4,5.5,2.01806,2.49631,1.1
1,box_jump_uneven,5,WALK,5.5,8.5,2.49631,3.09381,3
1,box_jump_uneven,5,RUN,8.5,9.6,3.09381,3.6196,1.1
1,box_jump_uneven,5,WALK,9.6,14.2,3.6196,4.53049,4.6
1,box_jump_uneven,5,RUN,14.2,15.3,4.53049,5.05837,1.1
1,box_jump_uneven,5,WALK,15.3,16.7,5.05837,5.3225,1.4
1,box_jump_uneven,5,JUMP,16.7,17.5,5.3225,5.3225,0.8
1,box_jump_uneven,5,WALK,17.5,21.1,5.3225,6.04165,3.6
1,box_jump_uneven,5,RUN,21.1,22.3,6.04165,6.61696,1.2
1,box_jump_uneven,5,WALK,22.3,23.9,6.61696,6.9178,1.6
1,box_jump_uneven,5,JUMP,23.9,24.7,6.9178,6.9178,0.8
1,box_jump_uneven,5,WALK,24.7,28.3,6.9178,7.63661,3.6
1,box_jump_uneven,5,RUN,28.3,30.1,7.63661,8.49918,1.8
1,box_jump_uneven,5,WALK,30.1,35.4,8.49918,9.5449,5.3
1,box_jump_uneven,5,RUN,35.4,37.3,9.5449,10.4557,1.9
1,box_jump_uneven,5,WALK,37.3,42.5,10.4557,11.4889,5.2
1,box_jump_uneven,5,RUN,42.5,44.3,11.4889,12.35,1.8
1,box_jump_uneven,6,TROT,0,1,1,1.5,1
1,box_jump_uneven,6,WALK,1,3.2,1.5,1.9387,2.2
1,box_jump_uneven,6,RUN,3.2,4.3,1.9387,2.46216,1.1
1,box_jump_uneven,6,WALK,4.3,7.4,2.46216,3.08216,3.1
1,box_jump_uneven,6,RUN,7.4,8.5,3.08216,3.61015,1.1
1,box_jump_uneven,6,WALK,8.5,12.9,3.61015,4.48433,4.4
1,box_jump_uneven,6,RUN,12.9,14.1,4.48433,5.05972,1.2
1,box_jump_uneven,6,WALK,14.1,19.3,5.05972,6.0852,5.2
1,box_jump_uneven,6,RUN,19.3,20.4,6.0852,6.61308,1.1
1,box_jump_uneven,6,WALK,20.4,21.8,6.61308,6.88758,1.4
1,box_jump_uneven,6,JUMP,21.8,22.6,6.88758,6.88758,0.8
1,box_jump_uneven,6,WALK,22.6,26.1,6.88758,7.58755,3.5
1,box_jump_uneven,6,RUN,26.1,27.9,7.58755,8.45152,1.8
1,box_jump_uneven,6,WALK,27.9,33.4,8.45152,9.53449,5.5
1,box_jump_uneven,6,RUN,33.4,34.5,9.53449,10.0624,1.1
1,box_jump_uneven,6,WALK,34.5,38.9,10.0624,10.9385,4.4
1,box_jump_uneven,6,RUN,38.9,40.7,10.9385,11.8,1.8
1,box_jump_uneven,7,TROT,0,1,1,1.5,1
1,box_jump_uneven,7,WALK,1,3.2,1.5,1.93989,2.2
1,box_jump_uneven,7,RUN,3.2,4.3,1.93989,2.46243,1.1
1,box_jump_uneven,7,WALK,4.3,8.4,2.46243,3.28092,4.1
1,box_jump_uneven,7,RUN,8.4,9.8,3.28092,3.95168,1.4
1,box_jump_uneven,7,WALK,9.8,15.7,3.95168,5.12863,5.9
1,box_jump_uneven,7,RUN,15.7,17.4,5.12863,5.94463,1.7
1,box_jump_uneven,7,WALK,17.4,22.9,5.94463,7.03969,5.5
1,box_jump_uneven,7,RUN,22.9,24.4,7.03969,7.75776,1.5
1,box_jump_uneven,7,WALK,24.4,29.8,7.75776,8.83225,5.4
1,box_jump_uneven,7,RUN,29.8,30.9,8.83225,9.35843,1.1
1,box_jump_uneven,7,WALK,30.9,36.4,9.35843,10.4377,5.5
1,box_jump_uneven,7,RUN,36.4,37.5,10.4377,10.9627,1.1
1,box_jump_uneven,7,WALK,37.5,42.4,10.9627,11.9257,4.9
1,box_jump_uneven,7,RUN,42.4,44.3,11.9257,12.8,1.9
1,box_jump_uneven,8,TROT,0,1,1,1.5,1
1,box_jump_uneven,8,WALK,1,3.2,1.5,1.93936,2.2
1,box_jump_uneven,8,RUN,3.2,4.3,1.93936,2.4666,1.1
1,box_jump_uneven,8,WALK,4.3,10.4,2.4666,3.67751,6.1
1,box_jump_uneven,8,RUN,10.4,11.5,3.67751,4.20539,1.1
1,box_jump_uneven,8,WALK,11.5,16.2,4.20539,5.12686,4.7
1,box_jump_uneven,8,RUN,16.2,17.7,5.12686,5.84679,1.5
1,box_jump_uneven,8,WALK,17.7,23.7,5.84679,7.03266,6
1,box_jump_uneven,8,RUN,23.7,24.9,7.03266,7.60832,1.2
1,box_jump_uneven,8,WALK,24.9,31.1,7.60832,8.8342,6.2
1,box_jump_uneven,8,RUN,31.1,32.2,8.8342,9.36215,1.1
1,box_jump_uneven,8,WALK,32.2,36.8,9.36215,10.2804,4.6
1,box_jump_uneven,8,RUN,36.8,38.3,10.2804,10.9991,1.5
1,box_jump_uneven,8,WALK,38.3,43.5,10.9991,12.0301,5.2
1,box_jump_uneven,8,RUN,43.5,45.4,12.0301,12.9,1.9
1,box_jump_uneven,9,TROT,0,1,1,1.5,1
1,box_jump_uneven,9,WALK,1,3.2,1.5,1.93957,2.2
1,box_jump_uneven,9,RUN,3.2,4.3,1.93957,2.46706,1.1
1,box_jump_uneven,9,WALK,4.3,9.9,2.46706,3.58625,5.6
1,box_jump_uneven,9,RUN,9.9,11,3.58625,4.11418,1.1
1,box_jump_uneven,9,WALK,11,16.7,4.11418,5.23593,5.7
1,box_jump_uneven,9,RUN,16.7,17.9,5.23593,5.81182,1.2
1,box_jump_uneven,9,WALK,17.9,23.3,5.81182,6.87619,5.4
1,box_jump_uneven,9,RUN,23.3,24.4,6.87619,7.40403,1.1
1,box_jump_uneven,9,WALK,24.4,30.6,7.40403,8.63637,6.2
1,box_jump_uneven,9,RUN,30.6,31.7,8.63637,9.16379,1.1
1,box_jump_uneven,9,WALK,31.7,36.9,9.16379,10.1938,5.2
1,box_jump_uneven,9,RUN,36.9,38.3,10.1938,10.8657,1.4
1,box_jump_uneven,9,WALK,38.3,44.7,10.8657,12.1335,6.4
1,box_jump_uneven,9,RUN,44.7,46.6,12.1335,13,1.9
1,flat_circle_jump,0,TROT,0,1,1,1.5,1
1,flat_circle_jump,0,WALK,1,2.1,1.5,1.71779,1.1
1,flat_circle_jump,0,JUMP,2.1,2.9,1.71779,1.71779,0.8
1,flat_circle_jump,0,WALK,2.9,4.4,1.71779,2.01477,1.5
1,flat_circle_jump,0,RUN,4.4,5.9,2.01477,2.69321,1.5
1,flat_circle_jump,0,TROT,5.9,7.7,2.69321,3.66334,1.8
1,flat_circle_jump,0,RUN,7.7,8.8,3.66334,4.18603,1.1
1,flat_circle_jump,0,TROT,8.8,11.5,4.18603,5.57453,2.7
1,flat_circle_jump,0,RUN,11.5,12.6,5.57453,6.10161,1.1
1,flat_circle_jump,0,WALK,12.6,21.7,6.10161,7.88693,9.1
1,flat_circle_jump,0,RUN,21.7,23.6,7.88693,8.75,1.9
1,flat_circle_jump,1,TROT,0,1,1,1.5,1
1,flat_circle_jump,1,WALK,1,3.2,1.5,1.93513,2.2
1,flat_circle_jump,1,RUN,3.2,4.3,1.93513,2.45729,1.1
1,flat_circle_jump,1,WALK,4.3,5.9,2.45729,2.75495,1.6
1,flat_circle_jump,1,RUN,5.9,7,2.75495,3.2727,1.1
1,flat_circle_jump,1,TROT,7,8.6,3.2727,4.11747,1.6
1,flat_circle_jump,1,RUN,8.6,10.4,4.11747,4.93334,1.8
1,flat_circle_jump,1,WALK,10.4,15.5,4.93334,5.93813,5.1
1,flat_circle_jump,1,RUN,15.5,16.6,5.93813,6.46431,1.1
1,flat_circle_jump,1,WALK,16.6,26.5,6.46431,8.42857,9.9
1,flat_circle_jump,1,RUN,26.5,28.4,8.42857,9.3,1.9
1,flat_circle_jump,2,TROT,0,1,1,1.5,1
1,flat_circle_jump,2,WALK,1,14.9,1.5,4.24511,13.9
1,flat_circle_jump,2,RUN,14.9,16,4.24511,4.76664,1.1
1,flat_circle_jump,2,WALK,16,30.9,4.76664,7.69117,14.9
1,flat_circle_jump,2,RUN,30.9,32,7.69117,8.20984,1.1
1,flat_circle_jump,2,WALK,32,36.5,8.20984,9.08855,4.5
1,flat_circle_jump,2,RUN,36.5,38.3,9.08855,9.95,1.8
1,flat_circle_jump,3,TROT,0,1,1,1.5,1
1,flat_circle_jump,3,WALK,1,2.1,1.5,1.72,1.1
1,flat_circle_jump,3,JUMP,2.1,2.9,1.72,1.72,0.8
1,flat_circle_jump,3,WALK,2.9,5,1.72,2.14,2.1
1,flat_circle_jump,3,RUN,5,6.1,2.14,2.668,1.1
1,flat_circle_jump,3,WALK,6.1,9.5,2.668,3.33962,3.4
1,flat_circle_jump,3,RUN,9.5,12.8,3.33962,4.90561,3.3
1,flat_circle_jump,3,WALK,12.8,18.1,4.90561,5.94121,5.3
1,flat_circle_jump,3,RUN,18.1,20.3,5.94121,6.97469,2.2
1,flat_circle_jump,3,WALK,20.3,33.2,6.97469,9.52857,12.9
1,flat_circle_jump,3,RUN,33.2,35.1,9.52857,10.4,1.9
1,flat_circle_jump,4,TROT,0,1,1,1.5,1
1,flat_circle_jump,4,WALK,1,2.1,1.5,1.71986,1.1
1,flat_circle_jump,4,JUMP,2.1,2.9,1.71986,1.71986,0.8
1,flat_circle_jump,4,WALK,2.9,4.7,1.71986,2.07963,1.8
1,flat_circle_jump,4,RUN,4.7,5.8,2.07963,2.60729,1.1
1,flat_circle_jump,4,WALK,5.8,10,2.60729,3.43944,4.2
1,flat_circle_jump,4,RUN,10,11.1,3.43944,3.9669,1.1
1,flat_circle_jump,4,WALK,11.1,28.6,3.9669,7.4279,17.5
1,flat_circle_jump,4,RUN,28.6,30.4,7.4279,8.286,1.8
1,flat_circle_jump,4,WALK,30.4,38.2,8.286,9.82857,7.8
1,flat_circle_jump,4,RUN,38.2,40.1,9.82857,10.7,1.9
1,flat_circle_jump,5,TROT,0,1,1,1.5,1
1,flat_circle_jump,5,WALK,1,4.4,1.5,2.17962,3.4
1,flat_circle_jump,5,RUN,4.4,5.6,2.17962,2.7553,1.2
1,flat_circle_jump,5,WALK,5.6,9.3,2.7553,3.47869,3.7
1,flat_circle_jump,5,RUN,9.3,10.5,3.47869,4.05311,1.2
1,flat_circle_jump,5,WALK,10.5,29,4.05311,7.72659,18.5
1,flat_circle_jump,5,RUN,29,32.8,7.72659,9.51,3.8
1,flat_circle_jump,5,WALK,32.8,39.3,9.51,10.7843,6.5
1,flat_circle_jump,5,RUN,39.3,41.2,10.7843,11.65,1.9
1,flat_circle_jump,6,TROT,0,1,1,1.5,1
1,flat_circle_jump,6,WALK,1,5.7,1.5,2.43792,4.7
1,flat_circle_jump,6,RUN,5.7,6.8,2.43792,2.96475,1.1
1,flat_circle_jump,6,WALK,6.8,11.4,2.96475,3.87962,4.6
1,flat_circle_jump,6,RUN,11.4,12.6,3.87962,4.45537,1.2
1,flat_circle_jump,6,WALK,12.6,17.9,4.45537,5.49041,5.3
1,flat_circle_jump,6,RUN,17.9,19,5.49041,6.01208,1.1
1,flat_circle_jump,6,TROT,19,20.1,6.01208,6.56872,1.1
1,flat_circle_jump,6,WALK,20.1,21.6,6.56872,6.86188,1.5
1,flat_circle_jump,6,RUN,21.6,22.7,6.86188,7.37783,1.1
1,flat_circle_jump,6,WALK,22.7,27.5,7.37783,8.32962,4.8
1,flat_circle_jump,6,RUN,27.5,28.6,8.32962,8.85739,1.1
1,flat_circle_jump,6,WALK,28.6,32.3,8.85739,9.58958,3.7
1,flat_circle_jump,6,RUN,32.3,33.4,9.58958,10.1171,1.1
1,flat_circle_jump,6,WALK,33.4,40.1,10.1171,11.4396,6.7
1,flat_circle_jump,6,RUN,40.1,41.9,11.4396,12.3,1.8
1,flat_circle_jump,7,TROT,0,1,1,1.5,1
1,flat_circle_jump,7,WALK,1,7.5,1.5,2.78829,6.5
1,flat_circle_jump,7,RUN,7.5,8.6,2.78829,3.31153,1.1
1,flat_circle_jump,7,WALK,8.6,27.8,3.31153,7.07962,19.2
1,flat_circle_jump,7,RUN,27.8,29,7.07962,7.65534,1.2
1,flat_circle_jump,7,WALK,29,34.3,7.65534,8.69511,5.3
1,flat_circle_jump,7,RUN,34.3,35.4,8.69511,9.21988,1.1
1,flat_circle_jump,7,WALK,35.4,39.8,9.21988,10.0867,4.4
1,flat_circle_jump,7,RUN,39.8,41.2,10.0867,10.7561,1.4
1,flat_circle_jump,7,WALK,41.2,47.4,10.7561,11.9896,6.2
1,flat_circle_jump,7,RUN,47.4,49.2,11.9896,12.85,1.8
1,flat_circle_jump,8,TROT,0,1,1,1.5,1
1,flat_circle_jump,8,WALK,1,18.3,1.5,4.89535,17.3
1,flat_circle_jump,8,JUMP,18.3,19.1,4.89535,4.89535,0.8
1,flat_circle_jump,8,WALK,19.1,30.5,4.89535,7.13,11.4
1,flat_circle_jump,8,RUN,30.5,31.9,7.13,7.802,1.4
1,flat_circle_jump,8,WALK,31.9,45.7,7.802,10.53,13.8
1,flat_circle_jump,8,RUN,45.7,46.9,10.53,11.106,1.2
1,flat_circle_jump,8,WALK,46.9,52.9,11.106,12.29,6
1,flat_circle_jump,8,RUN,52.9,54.7,12.29,13.15,1.8
1,flat_circle_jump,9,TROT,0,1,1,1.5,1
1,flat_circle_jump,9,WALK,1,7.4,1.5,2.77964,6.4
1,flat_circle_jump,9,RUN,7.4,8.6,2.77964,3.35547,1.2
1,flat_circle_jump,9,WALK,8.6,13.8,3.35547,4.3768,5.2
1,flat_circle_jump,9,RUN,13.8,15.2,4.3768,5.04604,1.4
1,flat_circle_jump,9,WALK,15.2,19.2,5.04604,5.82963,4
1,flat_circle_jump,9,RUN,19.2,20.4,5.82963,6.40526,1.2
1,flat_circle_jump,9,WALK,20.4,25.9,6.40526,7.48961,5.5
1,flat_circle_jump,9,RUN,25.9,27.1,7.48961,8.06535,1.2
1,flat_circle_jump,9,WALK,27.1,51.9,8.06535,12.9445,24.8
1,flat_circle_jump,9,RUN,51.9,53.7,12.9445,13.8,1.8
1,bump_jump,0,TROT,0,1,1,1.5,1
1,bump_jump,0,WALK,1,43.5,1.5,9.88964,42.5
1,bump_jump,0,RUN,43.5,45.3,9.88964,10.75,1.8
1,bump_jump,1,TROT,0,1,1,1.5,1
1,bump_jump,1,WALK,1,45.1,1.5,10.18,44.1
1,bump_jump,1,RUN,45.1,47,10.18,11.05,1.9
1,bump_jump,2,TROT,0,1,1,1.5,1
1,bump_jump,2,WALK,1,44.3,1.5,10.0786,43.3
1,bump_jump,2,RUN,44.3,46.2,10.0786,10.95,1.9
1,bump_jump,3,TROT,0,1,1,1.5,1
1,bump_jump,3,WALK,1,46.3,1.5,10.44,45.3
1,bump_jump,3,RUN,46.3,48.1,10.44,11.3,1.8
1,bump_jump,4,TROT,0,1,1,1.5,1
1,bump_jump,4,WALK,1,46,1.5,10.3796,45
1,bump_jump,4,RUN,46,47.9,10.3796,11.25,1.9
1,bump_jump,5,TROT,0,1,1,1.5,1
1,bump_jump,5,WALK,1,47.1,1.5,10.63,46.1
1,bump_jump,5,RUN,47.1,49,10.63,11.5,1.9
1,bump_jump,6,TROT,0,1,1,1.5,1
1,bump_jump,6,WALK,1,47.2,1.5,10.591,46.2
1,bump_jump,6,RUN,47.2,49.1,10.591,11.45,1.9
1,bump_jump,7,TROT,0,1,1,1.5,1
1,bump_jump,7,WALK,1,48.8,1.5,10.9868,47.8
1,bump_jump,7,RUN,48.8,50.7,10.9868,11.85,1.9
1,bump_jump,8,TROT,0,1,1,1.5,1
1,bump_jump,8,WALK,1,49.3,1.5,10.9943,48.3
1,bump_jump,8,RUN,49.3,51.1,10.9943,11.85,1.8
1,bump_jump,9,TROT,0,1,1,1.5,1
1,bump_jump,9,WALK,1,49.3,1.5,11.0343,48.3
1,bump_jump,9,RUN,49.3,51.2,11.0343,11.9,1.9
1,sideways_ramp,0,TROT,0,1,1,1.5,1
1,sideways_ramp,0,WALK,1,3.5,1.5,1.94308,2.5
1,sideways_ramp,0,RUN,3.5,4.6,1.94308,2.41097,1.1
1,sideways_ramp,0,WALK,4.6,7.3,2.41097,2.90912,2.7
1,sideways_ramp,0,RUN,7.3,8.6,2.90912,3.49796,1.3
1,sideways_ramp,0,WALK,8.6,12.1,3.49796,4.17794,3.5
1,sideways_ramp,0,RUN,12.1,13.3,4.17794,4.75224,1.2
1,sideways_ramp,0,WALK,13.3,17.4,4.75224,5.50868,4.1
1,sideways_ramp,0,RUN,17.4,18.8,5.50868,6.11879,1.4
1,sideways_ramp,0,WALK,18.8,22.6,6.11879,6.80775,3.8
1,sideways_ramp,0,RUN,22.6,24,6.80775,7.41716,1.4
1,sideways_ramp,0,WALK,24,27.8,7.41716,8.11463,3.8
1,sideways_ramp,0,RUN,27.8,29.2,8.11463,8.74433,1.4
1,sideways_ramp,0,WALK,29.2,33,8.74433,9.46167,3.8
1,sideways_ramp,0,RUN,33,34.9,9.46167,10.3,1.9
1,sideways_ramp,1,TROT,0,1,1,1.5,1
1,sideways_ramp,1,WALK,1,3.2,1.5,1.94,2.2
1,sideways_ramp,1,RUN,3.2,4.3,1.94,2.44615,1.1
1,sideways_ramp,1,WALK,4.3,6.9,2.44615,2.91874,2.6
1,sideways_ramp,1,RUN,6.9,8.4,2.91874,3.5731,1.5
1,sideways_ramp,1,WALK,8.4,12.1,3.5731,4.29176,3.7
1,sideways_ramp,1,RUN,12.1,13.2,4.29176,4.81826,1.1
1,sideways_ramp,1,WALK,13.2,17,4.81826,5.55679,3.8
1,sideways_ramp,1,RUN,17,18.4,5.55679,6.20098,1.4
1,sideways_ramp,1,WALK,18.4,22.2,6.20098,6.94398,3.8
1,sideways_ramp,1,RUN,22.2,23.3,6.94398,7.4716,1.1
1,sideways_ramp,1,WALK,23.3,27.1,7.4716,8.20466,3.8
1,sideways_ramp,1,RUN,27.1,28.2,8.20466,8.70747,1.1
1,sideways_ramp,1,WALK,28.2,32.2,8.70747,9.44924,4
1,sideways_ramp,1,RUN,32.2,34.1,9.44924,10.3,1.9
1,sideways_ramp,2,TROT,0,1,1,1.5,1
1,sideways_ramp,2,WALK,1,3.2,1.5,1.93935,2.2
1,sideways_ramp,2,RUN,3.2,4.3,1.93935,2.46195,1.1
1,sideways_ramp,2,WALK,4.3,21.8,2.46195,5.70417,17.5
1,sideways_ramp,2,RUN,21.8,22.9,5.70417,6.19178,1.1
1,sideways_ramp,2,WALK,22.9,27.2,6.19178,6.96339,4.3
1,sideways_ramp,2,RUN,27.2,28.4,6.96339,7.48563,1.2
1,sideways_ramp,2,WALK,28.4,29.5,7.48563,7.68509,1.1
1,sideways_ramp,2,JUMP,29.5,30.3,7.68509,7.68509,0.8
1,sideways_ramp,2,WALK,30.3,33.2,7.68509,8.24479,2.9
1,sideways_ramp,2,RUN,33.2,34.3,8.24479,8.77238,1.1
1,sideways_ramp,2,WALK,34.3,37.9,8.77238,9.47711,3.6
1,sideways_ramp,2,RUN,37.9,39.8,9.47711,10.35,1.9
1,sideways_ramp,3,TROT,0,1,1,1.5,1
1,sideways_ramp,3,WALK,1,3.2,1.5,1.93735,2.2
1,sideways_ramp,3,RUN,3.2,4.3,1.93735,2.453,1.1
1,sideways_ramp,3,WALK,4.3,8.4,2.453,3.23843,4.1
1,sideways_ramp,3,RUN,8.4,9.5,3.23843,3.74051,1.1
1,sideways_ramp,3,WALK,9.5,12.5,3.74051,4.30815,3
1,sideways_ramp,3,RUN,12.5,13.6,4.30815,4.80768,1.1
1,sideways_ramp,3,WALK,13.6,24.8,4.80768,6.94611,11.2
1,sideways_ramp,3,RUN,24.8,26,6.94611,7.51878,1.2
1,sideways_ramp,3,WALK,26,30.3,7.51878,8.37675,4.3
1,sideways_ramp,3,RUN,30.3,31.5,8.37675,8.95241,1.2
1,sideways_ramp,3,WALK,31.5,36.3,8.95241,9.86358,4.8
1,sideways_ramp,3,RUN,36.3,38.2,9.86358,10.7,1.9
1,sideways_ramp,4,TROT,0,1,1,1.5,1
1,sideways_ramp,4,WALK,1,2.1,1.5,1.72,1.1
1,sideways_ramp,4,JUMP,2.1,2.9,1.72,1.72,0.8
1,sideways_ramp,4,WALK,2.9,4.4,1.72,2.02,1.5
1,sideways_ramp,4,RUN,4.4,5.5,2.02,2.50072,1.1
1,sideways_ramp,4,WALK,5.5,7.9,2.50072,2.98038,2.4
1,sideways_ramp,4,RUN,7.9,9,2.98038,3.50801,1.1
1,sideways_ramp,4,WALK,9,13.1,3.50801,4.29439,4.1
1,sideways_ramp,4,RUN,13.1,14.2,4.29439,4.80025,1.1
1,sideways_ramp,4,WALK,14.2,18.8,4.80025,5.69249,4.6
1,sideways_ramp,4,RUN,18.8,19.9,5.69249,6.21739,1.1
1,sideways_ramp,4,WALK,19.9,21,6.21739,6.4361,1.1
1,sideways_ramp,4,JUMP,21,21.8,6.4361,6.4361,0.8
1,sideways_ramp,4,WALK,21.8,24.8,6.4361,7.03588,3
1,sideways_ramp,4,RUN,24.8,25.9,7.03588,7.56388,1.1
1,sideways_ramp,4,WALK,25.9,29.8,7.56388,8.34088,3.9
1,sideways_ramp,4,RUN,29.8,30.9,8.34088,8.86888,1.1
1,sideways_ramp,4,WALK,30.9,35.2,8.86888,9.66728,4.3
1,sideways_ramp,4,RUN,35.2,37.1,9.66728,10.5,1.9
1,sideways_ramp,5,TROT,0,1,1,1.5,1
1,sideways_ramp,5,WALK,1,9.9,1.5,3.08937,8.9
1,sideways_ramp,5,RUN,9.9,11,3.08937,3.61737,1.1
1,sideways_ramp,5,WALK,11,12.1,3.61737,3.83303,1.1
1,sideways_ramp,5,JUMP,12.1,12.9,3.83303,3.83303,0.8
1,sideways_ramp,5,WALK,12.9,15.9,3.83303,4.43262,3
1,sideways_ramp,5,RUN,15.9,17,4.43262,4.96026,1.1
1,sideways_ramp,5,WALK,17,21.2,4.96026,5.78377,4.2
1,sideways_ramp,5,RUN,21.2,22.3,5.78377,6.31177,1.1
1,sideways_ramp,5,WALK,22.3,30.3,6.31177,7.83881,8
1,sideways_ramp,5,JUMP,30.3,31.1,7.83881,7.83881,0.8
1,sideways_ramp,5,WALK,31.1,34.4,7.83881,8.48001,3.3
1,sideways_ramp,5,RUN,34.4,35.5,8.48001,9.00473,1.1
1,sideways_ramp,5,WALK,35.5,39.4,9.00473,9.7827,3.9
1,sideways_ramp,5,RUN,39.4,41.3,9.7827,10.65,1.9
1,sideways_ramp,6,TROT,0,1,1,1.5,1
1,sideways_ramp,6,WALK,1,3.2,1.5,1.93731,2.2
1,sideways_ramp,6,RUN,3.2,4.3,1.93731,2.44664,1.1
1,sideways_ramp,6,WALK,4.3,7.7,2.44664,3.10121,3.4
1,sideways_ramp,6,RUN,7.7,8.8,3.10121,3.60947,1.1
1,sideways_ramp,6,WALK,8.8,13.4,3.60947,4.46223,4.6
1,sideways_ramp,6,TROT,13.4,14.5,4.46223,5.03196,1.1
1,sideways_ramp,6,WALK,14.5,18.9,5.03196,5.87978,4.4
1,sideways_ramp,6,RUN,18.9,20,5.87978,6.40645,1.1
1,sideways_ramp,6,WALK,20,24.4,6.40645,7.28529,4.4
1,sideways_ramp,6,RUN,24.4,25.5,7.28529,7.81297,1.1
1,sideways_ramp,6,WALK,25.5,30.1,7.81297,8.72782,4.6
1,sideways_ramp,6,RUN,30.1,31.2,8.72782,9.2555,1.1
1,sideways_ramp,6,WALK,31.2,35.9,9.2555,10.1873,4.7
1,sideways_ramp,6,RUN,35.9,37.7,10.1873,11.05,1.8
1,sideways_ramp,7,TROT,0,1,1,1.5,1
1,sideways_ramp,7,RUN,1,2.2,1.5,2.0059,1.2
1,sideways_ramp,7,WALK,2.2,7.6,2.0059,2.99503,5.4
1,sideways_ramp,7,TROT,7.6,8.7,2.99503,3.57268,1.1
1,sideways_ramp,7,WALK,8.7,13.4,3.57268,4.49193,4.7
1,sideways_ramp,7,RUN,13.4,14.5,4.49193,5.01993,1.1
1,sideways_ramp,7,WALK,14.5,27.2,5.01993,7.43951,12.7
1,sideways_ramp,7,RUN,27.2,28.3,7.43951,7.95302,1.1
1,sideways_ramp,7,WALK,28.3,32.8,7.95302,8.83932,4.5
1,sideways_ramp,7,RUN,32.8,33.9,8.83932,9.36435,1.1
1,sideways_ramp,7,WALK,33.9,38.3,9.36435,10.2328,4.4
1,sideways_ramp,7,RUN,38.3,40.2,10.2328,11.1,1.9
1,sideways_ramp,8,TROT,0,1,1,1.5,1
1,sideways_ramp,8,WALK,1,8.4,1.5,2.97604,7.4
1,sideways_ramp,8,RUN,8.4,9.5,2.97604,3.50263,1.1
1,sideways_ramp,8,WALK,9.5,14.3,3.50263,4.40285,4.8
1,sideways_ramp,8,TROT,14.3,15.4,4.40285,4.97395,1.1
1,sideways_ramp,8,WALK,15.4,19.8,4.97395,5.83557,4.4
1,sideways_ramp,8,RUN,19.8,20.9,5.83557,6.36357,1.1
1,sideways_ramp,8,WALK,20.9,25.6,6.36357,7.28749,4.7
1,sideways_ramp,8,RUN,25.6,26.7,7.28749,7.81549,1.1
1,sideways_ramp,8,WALK,26.7,31.4,7.81549,8.73893,4.7
1,sideways_ramp,8,RUN,31.4,32.5,8.73893,9.26562,1.1
1,sideways_ramp,8,WALK,32.5,36.9,9.26562,10.1027,4.4
1,sideways_ramp,8,RUN,36.9,38.8,10.1027,10.95,1.9
1,sideways_ramp,9,TROT,0,1,1,1.5,1
1,sideways_ramp,9,WALK,1,9.4,1.5,3.14483,8.4
1,sideways_ramp,9,RUN,9.4,10.5,3.14483,3.6543,1.1
1,sideways_ramp,9,WALK,10.5,15.2,3.6543,4.58259,4.7
1,sideways_ramp,9,RUN,15.2,16.3,4.58259,5.11059,1.1
1,sideways_ramp,9,WALK,16.3,20.5,5.11059,5.93656,4.2
1,sideways_ramp,9,RUN,20.5,21.6,5.93656,6.46139,1.1
1,sideways_ramp,9,WALK,21.6,22.8,6.46139,6.68272,1.2
1,sideways_ramp,9,JUMP,22.8,23.6,6.68272,6.68272,0.8
1,sideways_ramp,9,WALK,23.6,26.9,6.68272,7.33924,3.3
1,sideways_ramp,9,RUN,26.9,28,7.33924,7.86445,1.1
1,sideways_ramp,9,WALK,28,40.6,7.86445,10.2987,12.6
1,sideways_ramp,9,RUN,40.6,42.5,10.2987,11.15,1.9
1,stepping_stones_cylinder,0,TROT,0,1,1,1.5,1
1,stepping_stones_cylinder,0,RUN,1,11.8,1.5,6.45,10.8
1,stepping_stones_cylinder,1,TROT,0,1,1,1.5,1
1,stepping_stones_cylinder,1,WALK,1,3.5,1.5,1.98917,2.5
1,stepping_stones_cylinder,1,RUN,3.5,13,1.98917,6.35,9.5
1,stepping_stones_cylinder,2,TROT,0,1,1,1.5,1
1,stepping_stones_cylinder,2,WALK,1,3.5,1.5,1.98942,2.5
1,stepping_stones_cylinder,2,RUN,3.5,5.2,1.98942,2.78,1.7
1,stepping_stones_cylinder,2,WALK,5.2,6.7,2.78,3.08,1.5
1,stepping_stones_cylinder,2,RUN,6.7,13.4,3.08,6.15,6.7
1,stepping_stones_cylinder,3,TROT,0,1,1,1.5,1
1,stepping_stones_cylinder,3,WALK,1,3.5,1.5,1.99092,2.5
1,stepping_stones_cylinder,3,RUN,3.5,5.2,1.99092,2.78,1.7
1,stepping_stones_cylinder,3,WALK,5.2,14.3,2.78,4.57,9.1
1,stepping_stones_cylinder,3,RUN,14.3,17,4.57,5.85,2.7
1,stepping_stones_cylinder,4,TROT,0,1,1,1.5,1
1,stepping_stones_cylinder,4,WALK,1,18.4,1.5,4.93,17.4
1,stepping_stones_cylinder,4,RUN,18.4,20.3,4.93,5.8,1.9
1,stepping_stones_cylinder,5,TROT,0,1,1,1.5,1
1,stepping_stones_cylinder,5,WALK,1,9.8,1.5,3.24,8.8
1,stepping_stones_cylinder,5,RUN,9.8,10.9,3.24,3.742,1.1
1,stepping_stones_cylinder,5,WALK,10.9,14.7,3.742,4.49,3.8
1,stepping_stones_cylinder,5,RUN,14.7,15.8,4.49,4.992,1.1
1,stepping_stones_cylinder,5,WALK,15.8,19.3,4.992,5.68654,3.5
1,stepping_stones_cylinder,5,RUN,19.3,20.5,5.68654,6.25,1.2
1,stepping_stones_cylinder,6,TROT,0,1,1,1.5,1
1,stepping_stones_cylinder,6,WALK,1,20.9,1.5,5.4274,19.9
1,stepping_stones_cylinder,6,RUN,20.9,22.2,5.4274,6,1.3
1,stepping_stones_cylinder,7,TROT,0,1,1,1.5,1
1,stepping_stones_cylinder,7,WALK,1,19.9,1.5,5.22793,18.9
1,stepping_stones_cylinder,7,RUN,19.9,21.2,5.22793,5.8,1.3
1,stepping_stones_cylinder,8,TROT,0,1,1,1.5,1
1,stepping_stones_cylinder,8,WALK,1,19.2,1.5,5.08862,18.2
1,stepping_stones_cylinder,8,RUN,19.2,20.5,5.08862,5.7,1.3
1,stepping_stones_cylinder,9,TROT,0,1,1,1.5,1
1,stepping_stones_cylinder,9,WALK,1,19.7,1.5,5.17913,18.7
1,stepping_stones_cylinder,9,RUN,19.7,21,5.17913,5.8,1.3
1,stepping_stones_randomly_arranged,0,TROT,0,1,1,1.5,1
1,stepping_stones_randomly_arranged,0,RUN,1,11.6,1.5,6.4,10.6
1,stepping_stones_randomly_arranged,1,TROT,0,1,1,1.5,1
1,stepping_stones_randomly_arranged,1,RUN,1,11,1.5,6.1,10
1,stepping_stones_randomly_arranged,2,TROT,0,1,1,1.5,1
1,stepping_stones_randomly_arranged,2,RUN,1,11,1.5,6.1,10
1,stepping_stones_randomly_arranged,3,TROT,0,1,1,1.5,1
1,stepping_stones_randomly_arranged,3,RUN,1,3.1,1.5,2.4786,2.1
1,stepping_stones_randomly_arranged,3,WALK,3.1,4.6,2.4786,2.76999,1.5
1,stepping_stones_randomly_arranged,3,RUN,4.6,7.9,2.76999,4.27513,3.3
1,stepping_stones_randomly_arranged,3,WALK,7.9,9.4,4.27513,4.56993,1.5
1,stepping_stones_randomly_arranged,3,RUN,9.4,12.7,4.56993,6.1,3.3
1,stepping_stones_randomly_arranged,4,TROT,0,1,1,1.5,1
1,stepping_stones_randomly_arranged,4,RUN,1,3.2,1.5,2.50164,2.2
1,stepping_stones_randomly_arranged,4,WALK,3.2,4.7,2.50164,2.77636,1.5
1,stepping_stones_randomly_arranged,4,RUN,4.7,6.6,2.77636,3.62738,1.9
1,stepping_stones_randomly_arranged,4,WALK,6.6,8.1,3.62738,3.91969,1.5
1,stepping_stones_randomly_arranged,4,RUN,8.1,13.4,3.91969,6.25,5.3
1,stepping_stones_randomly_arranged,5,TROT,0,1,1,1.5,1
1,stepping_stones_randomly_arranged,5,RUN,1,3.3,1.5,2.55227,2.3
1,stepping_stones_randomly_arranged,5,WALK,3.3,4.8,2.55227,2.84998,1.5
1,stepping_stones_randomly_arranged,5,RUN,4.8,11.5,2.84998,5.9,6.7
1,stepping_stones_randomly_arranged,6,TROT,0,1,1,1.5,1
1,stepping_stones_randomly_arranged,6,RUN,1,3,1.5,2.40826,2
1,stepping_stones_randomly_arranged,6,WALK,3,4.5,2.40826,2.68891,1.5
1,stepping_stones_randomly_arranged,6,RUN,4.5,5.6,2.68891,3.20256,1.1
1,stepping_stones_randomly_arranged,6,WALK,5.6,7.1,3.20256,3.48497,1.5
1,stepping_stones_randomly_arranged,6,RUN,7.1,8.2,3.48497,3.99188,1.1
1,stepping_stones_randomly_arranged,6,WALK,8.2,9.7,3.99188,4.2917,1.5
1,stepping_stones_randomly_arranged,6,RUN,9.7,13.3,4.2917,5.9,3.6
1,stepping_stones_randomly_arranged,7,TROT,0,1,1,1.5,1
1,stepping_stones_randomly_arranged,7,RUN,1,3,1.5,2.38115,2
1,stepping_stones_randomly_arranged,7,WALK,3,4.5,2.38115,2.66355,1.5
1,stepping_stones_randomly_arranged,7,RUN,4.5,5.6,2.66355,3.1724,1.1
1,stepping_stones_randomly_arranged,7,WALK,5.6,10.3,3.1724,4.08499,4.7
1,stepping_stones_randomly_arranged,7,RUN,10.3,14.6,4.08499,6,4.3
1,stepping_stones_randomly_arranged,8,TROT,0,1,1,1.5,1
1,stepping_stones_randomly_arranged,8,RUN,1,4.6,1.5,3.10466,3.6
1,stepping_stones_randomly_arranged,8,WALK,4.6,9.4,3.10466,4.03999,4.8
1,stepping_stones_randomly_arranged,8,RUN,9.4,10.5,4.03999,4.54196,1.1
1,stepping_stones_randomly_arranged,8,WALK,10.5,13,4.54196,5.03565,2.5
1,stepping_stones_randomly_arranged,8,RUN,13,14.9,5.03565,5.9,1.9
1,stepping_stones_randomly_arranged,9,TROT,0,1,1,1.5,1
1,stepping_stones_randomly_arranged,9,RUN,1,5.1,1.5,3.33378,4.1
1,stepping_stones_randomly_arranged,9,WALK,5.1,6.9,3.33378,3.68,1.8
1,stepping_stones_randomly_arranged,9,RUN,6.9,11.2,3.68,5.6,4.3
1,staircase_walking_full_width,0,TROT,0,1,1,1.55,1
1,staircase_walking_full_width,0,WALK,1,9.2,1.55,3.18,8.2
1,staircase_walking_full_width,0,RUN,9.2,10.4,3.18,3.756,1.2
1,staircase_walking_full_width,0,WALK,10.4,21.4,3.756,5.92857,11
1,staircase_walking_full_width,0,RUN,21.4,22.5,5.92857,6.45657,1.1
1,staircase_walking_full_width,0,TROT,22.5,23.6,6.45657,7.06157,1.1
1,staircase_walking_full_width,0,WALK,23.6,24.7,7.06157,7.28157,1.1
1,staircase_walking_full_width,0,JUMP,24.7,25.5,7.28157,7.28157,0.8
1,staircase_walking_full_width,0,WALK,25.5,29.1,7.28157,7.99286,3.6
1,staircase_walking_full_width,0,JUMP,29.1,29.9,7.99286,7.99286,0.8
1,staircase_walking_full_width,0,WALK,29.9,33.4,7.99286,8.69286,3.5
1,staircase_walking_full_width,0,RUN,33.4,34.6,8.69286,9.26886,1.2
1,staircase_walking_full_width,0,WALK,34.6,45.5,9.26886,11.4371,10.9
1,staircase_walking_full_width,0,RUN,45.5,46.6,11.4371,11.9174,1.1
1,staircase_walking_full_width,0,TROT,46.6,47.7,11.9174,12.5224,1.1
1,staircase_walking_full_width,0,WALK,47.7,56.1,12.5224,14.1857,8.4
1,staircase_walking_full_width,0,RUN,56.1,59.4,14.1857,15.75,3.3
1,staircase_walking_full_width,1,TROT,0,1,1,1.55,1
1,staircase_walking_full_width,1,WALK,1,9.2,1.55,3.18,8.2
1,staircase_walking_full_width,1,RUN,9.2,10.4,3.18,3.756,1.2
1,staircase_walking_full_width,1,WALK,10.4,21.4,3.756,5.92857,11
1,staircase_walking_full_width,1,RUN,21.4,22.5,5.92857,6.45657,1.1
1,staircase_walking_full_width,1,TROT,22.5,23.6,6.45657,7.06157,1.1
1,staircase_walking_full_width,1,WALK,23.6,24.7,7.06157,7.28157,1.1
1,staircase_walking_full_width,1,JUMP,24.7,25.5,7.28157,7.28157,0.8
1,staircase_walking_full_width,1,WALK,25.5,29.1,7.28157,7.99286,3.6
1,staircase_walking_full_width,1,JUMP,29.1,29.9,7.99286,7.99286,0.8
1,staircase_walking_full_width,1,WALK,29.9,33.4,7.99286,8.69286,3.5
1,staircase_walking_full_width,1,RUN,33.4,34.5,8.69286,9.22086,1.1
1,staircase_walking_full_width,1,TROT,34.5,35.6,9.22086,9.82586,1.1
1,staircase_walking_full_width,1,WALK,35.6,43.7,9.82586,11.4371,8.1
1,staircase_walking_full_width,1,RUN,43.7,44.8,11.4371,11.9174,1.1
1,staircase_walking_full_width,1,TROT,44.8,45.9,11.9174,12.5224,1.1
1,staircase_walking_full_width,1,WALK,45.9,54.3,12.5224,14.1857,8.4
1,staircase_walking_full_width,1,RUN,54.3,57.6,14.1857,15.75,3.3
1,staircase_walking_full_width,2,TROT,0,1,1,1.55,1
1,staircase_walking_full_width,2,WALK,1,2.1,1.55,1.77,1.1
1,staircase_walking_full_width,2,JUMP,2.1,2.9,1.77,1.77,0.8
1,staircase_walking_full_width,2,WALK,2.9,6.5,1.77,2.48,3.6
1,staircase_walking_full_width,2,JUMP,6.5,7.3,2.48,2.48,0.8
1,staircase_walking_full_width,2,WALK,7.3,9.6,2.48,2.94,2.3
1,staircase_walking_full_width,2,RUN,9.6,10.7,2.94,3.468,1.1
1,staircase_walking_full_width,2,WALK,10.7,19.1,3.468,5.13143,8.4
1,staircase_walking_full_width,2,RUN,19.1,20.2,5.13143,5.62286,1.1
1,staircase_walking_full_width,2,WALK,20.2,28.8,5.62286,7.33429,8.6
1,staircase_walking_full_width,2,RUN,28.8,29.9,7.33429,7.86229,1.1
1,staircase_walking_full_width,2,WALK,29.9,38.3,7.86229,9.52571,8.4
1,staircase_walking_full_width,2,RUN,38.3,39.4,9.52571,10.0491,1.1
1,staircase_walking_full_width,2,WALK,39.4,47.8,10.0491,11.7286,8.4
1,staircase_walking_full_width,2,RUN,47.8,50.5,11.7286,13,2.7
1,staircase_walking_full_width,3,TROT,0,1,1,1.55,1
1,staircase_walking_full_width,3,WALK,1,2.1,1.55,1.77,1.1
1,staircase_walking_full_width,3,JUMP,2.1,2.9,1.77,1.77,0.8
1,staircase_walking_full_width,3,WALK,2.9,6.5,1.77,2.48,3.6
1,staircase_walking_full_width,3,JUMP,6.5,7.3,2.48,2.48,0.8
1,staircase_walking_full_width,3,WALK,7.3,9.6,2.48,2.94,2.3
1,staircase_walking_full_width,3,RUN,9.6,10.7,2.94,3.468,1.1
1,staircase_walking_full_width,3,WALK,10.7,19.1,3.468,5.13143,8.4
1,staircase_walking_full_width,3,RUN,19.1,20.2,5.13143,5.62286,1.1
1,staircase_walking_full_width,3,WALK,20.2,28.8,5.62286,7.33429,8.6
1,staircase_walking_full_width,3,RUN,28.8,29.9,7.33429,7.86229,1.1
1,staircase_walking_full_width,3,WALK,29.9,38.3,7.86229,9.52571,8.4
1,staircase_walking_full_width,3,RUN,38.3,39.4,9.52571,10.0491,1.1
1,staircase_walking_full_width,3,WALK,39.4,47.8,10.0491,11.7286,8.4
1,staircase_walking_full_width,3,RUN,47.8,50.5,11.7286,13,2.7
1,staircase_walking_full_width,4,TROT,0,1,1,1.55,1
1,staircase_walking_full_width,4,WALK,1,2.1,1.55,1.77,1.1
1,staircase_walking_full_width,4,JUMP,2.1,2.9,1.77,1.77,0.8
1,staircase_walking_full_width,4,WALK,2.9,6.5,1.77,2.48,3.6
1,staircase_walking_full_width,4,JUMP,6.5,7.3,2.48,2.48,0.8
1,staircase_walking_full_width,4,WALK,7.3,9.6,2.48,2.94,2.3
1,staircase_walking_full_width,4,RUN,9.6,10.7,2.94,3.468,1.1
1,staircase_walking_full_width,4,WALK,10.7,19.1,3.468,5.13143,8.4
1,staircase_walking_full_width,4,RUN,19.1,20.2,5.13143,5.62286,1.1
1,staircase_walking_full_width,4,WALK,20.2,28.8,5.62286,7.33429,8.6
1,staircase_walking_full_width,4,RUN,28.8,29.9,7.33429,7.86229,1.1
1,staircase_walking_full_width,4,WALK,29.9,38.3,7.86229,9.52571,8.4
1,staircase_walking_full_width,4,RUN,38.3,39.4,9.52571,10.0491,1.1
1,staircase_walking_full_width,4,WALK,39.4,47.8,10.0491,11.7286,8.4
1,staircase_walking_full_width,4,RUN,47.8,50.5,11.7286,13,2.7
1,staircase_walking_full_width,5,TROT,0,1,1,1.55,1
1,staircase_walking_full_width,5,WALK,1,2.1,1.55,1.77,1.1
1,staircase_walking_full_width,5,JUMP,2.1,2.9,1.77,1.77,0.8
1,staircase_walking_full_width,5,WALK,2.9,6.5,1.77,2.48,3.6
1,staircase_walking_full_width,5,JUMP,6.5,7.3,2.48,2.48,0.8
1,staircase_walking_full_width,5,WALK,7.3,9.6,2.48,2.94,2.3
1,staircase_walking_full_width,5,RUN,9.6,10.7,2.94,3.468,1.1
1,staircase_walking_full_width,5,WALK,10.7,19.1,3.468,5.13143,8.4
1,staircase_walking_full_width,5,RUN,19.1,20.2,5.13143,5.62286,1.1
1,staircase_walking_full_width,5,WALK,20.2,28.8,5.62286,7.33429,8.6
1,staircase_walking_full_width,5,RUN,28.8,29.9,7.33429,7.86229,1.1
1,staircase_walking_full_width,5,WALK,29.9,38.3,7.86229,9.52571,8.4
1,staircase_walking_full_width,5,RUN,38.3,39.4,9.52571,10.0491,1.1
1,staircase_walking_full_width,5,WALK,39.4,47.8,10.0491,11.7286,8.4
1,staircase_walking_full_width,5,RUN,47.8,50.5,11.7286,13,2.7
1,staircase_walking_full_width,6,TROT,0,1,1,1.55,1
1,staircase_walking_full_width,6,WALK,1,2.9,1.55,1.93,1.9
1,staircase_walking_full_width,6,JUMP,2.9,3.7,1.93,1.93,0.8
1,staircase_walking_full_width,6,WALK,3.7,7.3,1.93,2.64,3.6
1,staircase_walking_full_width,6,JUMP,7.3,8.1,2.64,2.64,0.8
1,staircase_walking_full_width,6,WALK,8.1,9.6,2.64,2.94,1.5
1,staircase_walking_full_width,6,RUN,9.6,10.7,2.94,3.468,1.1
1,staircase_walking_full_width,6,WALK,10.7,19.1,3.468,5.13143,8.4
1,staircase_walking_full_width,6,RUN,19.1,20.2,5.13143,5.62286,1.1
1,staircase_walking_full_width,6,WALK,20.2,28.8,5.62286,7.33429,8.6
1,staircase_walking_full_width,6,RUN,28.8,29.9,7.33429,7.86229,1.1
1,staircase_walking_full_width,6,WALK,29.9,38.3,7.86229,9.52571,8.4
1,staircase_walking_full_width,6,RUN,38.3,39.4,9.52571,10.0491,1.1
1,staircase_walking_full_width,6,WALK,39.4,47.8,10.0491,11.7286,8.4
1,staircase_walking_full_width,6,RUN,47.8,50.5,11.7286,13,2.7
1,staircase_walking_full_width,7,TROT,0,1,1,1.55,1
1,staircase_walking_full_width,7,WALK,1,8,1.55,2.94,7
1,staircase_walking_full_width,7,RUN,8,9.1,2.94,3.468,1.1
1,staircase_walking_full_width,7,WALK,9.1,17.5,3.468,5.13143,8.4
1,staircase_walking_full_width,7,RUN,17.5,18.6,5.13143,5.62286,1.1
1,staircase_walking_full_width,7,WALK,18.6,27.2,5.62286,7.33429,8.6
1,staircase_walking_full_width,7,RUN,27.2,28.3,7.33429,7.86229,1.1
1,staircase_walking_full_width,7,WALK,28.3,36.7,7.86229,9.52571,8.4
1,staircase_walking_full_width,7,RUN,36.7,37.8,9.52571,10.0491,1.1
1,staircase_walking_full_width,7,WALK,37.8,46.2,10.0491,11.7286,8.4
1,staircase_walking_full_width,7,RUN,46.2,48.9,11.7286,13,2.7
1,staircase_walking_full_width,8,TROT,0,1,1,1.55,1
1,staircase_walking_full_width,8,WALK,1,39.8,1.55,9.29143,38.8
1,staircase_walking_full_width,8,RUN,39.8,41.8,9.29143,10.25,2
1,staircase_walking_full_width,9,TROT,0,1,1,1.55,1
1,staircase_walking_full_width,9,WALK,1,39.8,1.55,9.29143,38.8
1,staircase_walking_full_width,9,RUN,39.8,41.8,9.29143,10.25,2
1,staircase_walking,0,TROT,0,6.7,1,4.415,6.7
1,staircase_walking,0,RUN,6.7,9,4.415,5.5,2.3
1,staircase_walking,1,TROT,0,1,1,1.5,1
1,staircase_walking,1,WALK,1,15.7,1.5,4.41,14.7
1,staircase_walking,1,RUN,15.7,18.1,4.41,5.5,2.4
1,staircase_walking,2,TROT,0,1,1,1.5,1
1,staircase_walking,2,WALK,1,5.7,1.5,2.43,4.7
1,staircase_walking,2,JUMP,5.7,6.5,2.43,2.43,0.8
1,staircase_walking,2,WALK,6.5,10,2.43,3.13,3.5
1,staircase_walking,2,JUMP,10,10.8,3.13,3.13,0.8
1,staircase_walking,2,WALK,10.8,14.3,3.13,3.83,3.5
1,staircase_walking,2,JUMP,14.3,15.1,3.83,3.83,0.8
1,staircase_walking,2,WALK,15.1,18.1,3.83,4.41,3
1,staircase_walking,2,RUN,18.1,20.5,4.41,5.5,2.4
1,staircase_walking,3,TROT,0,1,1,1.5,1
1,staircase_walking,3,WALK,1,2.1,1.5,1.72,1.1
1,staircase_walking,3,JUMP,2.1,2.9,1.72,1.72,0.8
1,staircase_walking,3,WALK,2.9,6.4,1.72,2.41,3.5
1,staircase_walking,3,JUMP,6.4,7.2,2.41,2.41,0.8
1,staircase_walking,3,WALK,7.2,10.7,2.41,3.11,3.5
1,staircase_walking,3,JUMP,10.7,11.5,3.11,3.11,0.8
1,staircase_walking,3,WALK,11.5,15,3.11,3.81,3.5
1,staircase_walking,3,JUMP,15,15.8,3.81,3.81,0.8
1,staircase_walking,3,WALK,15.8,18.9,3.81,4.41,3.1
1,staircase_walking,3,RUN,18.9,21.3,4.41,5.5,2.4
1,staircase_walking,4,TROT,0,1,1,1.5,1
1,staircase_walking,4,WALK,1,2.1,1.5,1.72,1.1
1,staircase_walking,4,JUMP,2.1,2.9,1.72,1.72,0.8
1,staircase_walking,4,WALK,2.9,6.4,1.72,2.405,3.5
1,staircase_walking,4,JUMP,6.4,7.2,2.405,2.405,0.8
1,staircase_walking,4,WALK,7.2,10.8,2.405,3.115,3.6
1,staircase_walking,4,JUMP,10.8,11.6,3.115,3.115,0.8
1,staircase_walking,4,WALK,11.6,15.3,3.115,3.835,3.7
1,staircase_walking,4,JUMP,15.3,16.1,3.835,3.835,0.8
1,staircase_walking,4,WALK,16.1,17.9,3.835,4.185,1.8
1,staircase_walking,4,RUN,17.9,20.2,4.185,5.2,2.3
1,staircase_walking,5,TROT,0,1,1,1.5,1
1,staircase_walking,5,WALK,1,2.1,1.5,1.72,1.1
1,staircase_walking,5,JUMP,2.1,2.9,1.72,1.72,0.8
1,staircase_walking,5,WALK,2.9,15.5,1.72,4.185,12.6
1,staircase_walking,5,RUN,15.5,17.8,4.185,5.2,2.3
1,staircase_walking,6,TROT,0,1,1,1.5,1
1,staircase_walking,6,WALK,1,7.7,1.5,2.815,6.7
1,staircase_walking,6,JUMP,7.7,8.5,2.815,2.815,0.8
1,staircase_walking,6,WALK,8.5,15.5,2.815,4.185,7
1,staircase_walking,6,RUN,15.5,17.8,4.185,5.2,2.3
1,staircase_walking,7,TROT,0,1,1,1.5,1
1,staircase_walking,7,WALK,1,14.7,1.5,4.185,13.7
1,staircase_walking,7,RUN,14.7,17,4.185,5.2,2.3
1,staircase_walking,8,TROT,0,1,1,1.5,1
1,staircase_walking,8,WALK,1,14.7,1.5,4.185,13.7
1,staircase_walking,8,RUN,14.7,17,4.185,5.2,2.3
1,staircase_walking,9,TROT,0,1,1,1.5,1
1,staircase_walking,9,WALK,1,14.7,1.5,4.185,13.7
1,staircase_walking,9,RUN,14.7,17,4.185,5.2,2.3
1,staircase_climbing,0,TROT,0,1,1,1.5,1
1,staircase_climbing,0,WALK,1,3.2,1.5,1.94,2.2
1,staircase_climbing,0,RUN,3.2,4.3,1.94,2.468,1.1
1,staircase_climbing,0,WALK,4.3,8.9,2.468,3.385,4.6
1,staircase_climbing,0,RUN,8.9,10,3.385,3.913,1.1
1,staircase_climbing,0,WALK,10,14.7,3.913,4.835,4.7
1,staircase_climbing,0,RUN,14.7,15.8,4.835,5.363,1.1
1,staircase_climbing,0,WALK,15.8,20.5,5.363,6.285,4.7
1,staircase_climbing,0,RUN,20.5,21.6,6.285,6.813,1.1
1,staircase_climbing,0,WALK,21.6,26.3,6.813,7.735,4.7
1,staircase_climbing,0,RUN,26.3,27.4,7.735,8.263,1.1
1,staircase_climbing,0,WALK,27.4,32.1,8.263,9.185,4.7
1,staircase_climbing,0,RUN,32.1,36.4,9.185,11.2,4.3
1,staircase_climbing,1,TROT,0,1,1,1.5,1
1,staircase_climbing,1,WALK,1,3.2,1.5,1.94,2.2
1,staircase_climbing,1,RUN,3.2,4.3,1.94,2.468,1.1
1,staircase_climbing,1,WALK,4.3,8.9,2.468,3.385,4.6
1,staircase_climbing,1,RUN,8.9,10,3.385,3.913,1.1
1,staircase_climbing,1,WALK,10,14.7,3.913,4.835,4.7
1,staircase_climbing,1,RUN,14.7,15.8,4.835,5.363,1.1
1,staircase_climbing,1,WALK,15.8,20.5,5.363,6.285,4.7
1,staircase_climbing,1,RUN,20.5,21.6,6.285,6.813,1.1
1,staircase_climbing,1,WALK,21.6,26.3,6.813,7.735,4.7
1,staircase_climbing,1,RUN,26.3,27.4,7.735,8.263,1.1
1,staircase_climbing,1,WALK,27.4,32.1,8.263,9.185,4.7
1,staircase_climbing,1,RUN,32.1,36.4,9.185,11.2,4.3
1,staircase_climbing,2,TROT,0,1,1,1.5,1
1,staircase_climbing,2,WALK,1,3.2,1.5,1.94,2.2
1,staircase_climbing,2,RUN,3.2,4.3,1.94,2.468,1.1
1,staircase_climbing,2,WALK,4.3,8.9,2.468,3.385,4.6
1,staircase_climbing,2,RUN,8.9,10,3.385,3.913,1.1
1,staircase_climbing,2,WALK,10,14.7,3.913,4.835,4.7
1,staircase_climbing,2,RUN,14.7,15.8,4.835,5.363,1.1
1,staircase_climbing,2,WALK,15.8,20.5,5.363,6.285,4.7
1,staircase_climbing,2,RUN,20.5,21.6,6.285,6.813,1.1
1,staircase_climbing,2,WALK,21.6,26.3,6.813,7.735,4.7
1,staircase_climbing,2,RUN,26.3,27.4,7.735,8.263,1.1
1,staircase_climbing,2,WALK,27.4,32.1,8.263,9.185,4.7
1,staircase_climbing,2,RUN,32.1,36.4,9.185,11.2,4.3
1,staircase_climbing,3,TROT,0,1,1,1.5,1
1,staircase_climbing,3,WALK,1,3.2,1.5,1.94,2.2
1,staircase_climbing,3,RUN,3.2,4.3,1.94,2.468,1.1
1,staircase_climbing,3,WALK,4.3,8.9,2.468,3.385,4.6
1,staircase_climbing,3,RUN,8.9,10,3.385,3.913,1.1
1,staircase_climbing,3,WALK,10,14.7,3.913,4.835,4.7
1,staircase_climbing,3,RUN,14.7,15.8,4.835,5.363,1.1
1,staircase_climbing,3,WALK,15.8,20.5,5.363,6.285,4.7
1,staircase_climbing,3,RUN,20.5,21.6,6.285,6.813,1.1
1,staircase_climbing,3,WALK,21.6,26.3,6.813,7.735,4.7
1,staircase_climbing,3,RUN,26.3,27.4,7.735,8.263,1.1
1,staircase_climbing,3,WALK,27.4,32.1,8.263,9.185,4.7
1,staircase_climbing,3,RUN,32.1,36.4,9.185,11.2,4.3
1,staircase_climbing,4,TROT,0,1,1,1.5,1
1,staircase_climbing,4,WALK,1,3.2,1.5,1.94,2.2
1,staircase_climbing,4,RUN,3.2,4.3,1.94,2.468,1.1
1,staircase_climbing,4,WALK,4.3,8.9,2.468,3.385,4.6
1,staircase_climbing,4,RUN,8.9,10,3.385,3.913,1.1
1,staircase_climbing,4,WALK,10,14.7,3.913,4.835,4.7
1,staircase_climbing,4,RUN,14.7,15.8,4.835,5.363,1.1
1,staircase_climbing,4,WALK,15.8,20.5,5.363,6.285,4.7
1,staircase_climbing,4,RUN,20.5,21.6,6.285,6.813,1.1
1,staircase_climbing,4,WALK,21.6,26.3,6.813,7.735,4.7
1,staircase_climbing,4,RUN,26.3,27.4,7.735,8.263,1.1
1,staircase_climbing,4,WALK,27.4,32.1,8.263,9.185,4.7
1,staircase_climbing,4,RUN,32.1,36.4,9.185,11.2,4.3
1,staircase_climbing,5,TROT,0,1,1,1.5,1
1,staircase_climbing,5,WALK,1,3.2,1.5,1.94,2.2
1,staircase_climbing,5,RUN,3.2,4.3,1.94,2.468,1.1
1,staircase_climbing,5,WALK,4.3,8.7,2.468,3.34,4.4
1,staircase_climbing,5,RUN,8.7,9.8,3.34,3.868,1.1
1,staircase_climbing,5,WALK,9.8,14.2,3.868,4.74,4.4
1,staircase_climbing,5,RUN,14.2,15.3,4.74,5.268,1.1
1,staircase_climbing,5,WALK,15.3,19.7,5.268,6.14,4.4
1,staircase_climbing,5,RUN,19.7,20.8,6.14,6.668,1.1
1,staircase_climbing,5,WALK,20.8,25.2,6.668,7.54,4.4
1,staircase_climbing,5,RUN,25.2,26.3,7.54,8.068,1.1
1,staircase_climbing,5,WALK,26.3,30.7,8.068,8.94,4.4
1,staircase_climbing,5,RUN,30.7,34.8,8.94,10.9,4.1
1,staircase_climbing,6,TROT,0,1,1,1.5,1
1,staircase_climbing,6,WALK,1,3.2,1.5,1.94,2.2
1,staircase_climbing,6,RUN,3.2,4.3,1.94,2.468,1.1
1,staircase_climbing,6,WALK,4.3,8.7,2.468,3.34,4.4
1,staircase_climbing,6,RUN,8.7,9.8,3.34,3.868,1.1
1,staircase_climbing,6,WALK,9.8,14.2,3.868,4.74,4.4
1,staircase_climbing,6,RUN,14.2,15.3,4.74,5.268,1.1
1,staircase_climbing,6,WALK,15.3,19.7,5.268,6.14,4.4
1,staircase_climbing,6,RUN,19.7,20.8,6.14,6.668,1.1
1,staircase_climbing,6,WALK,20.8,25.2,6.668,7.54,4.4
1,staircase_climbing,6,RUN,25.2,26.3,7.54,8.068,1.1
1,staircase_climbing,6,WALK,26.3,30.7,8.068,8.94,4.4
1,staircase_climbing,6,RUN,30.7,34.8,8.94,10.9,4.1
1,staircase_climbing,7,TROT,0,1,1,1.5,1
1,staircase_climbing,7,WALK,1,3.2,1.5,1.94,2.2
1,staircase_climbing,7,RUN,3.2,4.3,1.94,2.468,1.1
1,staircase_climbing,7,WALK,4.3,8.7,2.468,3.34,4.4
1,staircase_climbing,7,RUN,8.7,9.8,3.34,3.868,1.1
1,staircase_climbing,7,WALK,9.8,14.2,3.868,4.74,4.4
1,staircase_climbing,7,RUN,14.2,15.3,4.74,5.268,1.1
1,staircase_climbing,7,WALK,15.3,19.7,5.268,6.14,4.4
1,staircase_climbing,7,RUN,19.7,20.8,6.14,6.668,1.1
1,staircase_climbing,7,WALK,20.8,25.2,6.668,7.54,4.4
1,staircase_climbing,7,RUN,25.2,26.3,7.54,8.068,1.1
1,staircase_climbing,7,WALK,26.3,30.7,8.068,8.94,4.4
1,staircase_climbing,7,RUN,30.7,34.8,8.94,10.9,4.1
1,staircase_climbing,8,TROT,0,1,1,1.5,1
1,staircase_climbing,8,WALK,1,3.2,1.5,1.94,2.2
1,staircase_climbing,8,RUN,3.2,4.3,1.94,2.468,1.1
1,staircase_climbing,8,WALK,4.3,8.7,2.468,3.34,4.4
1,staircase_climbing,8,RUN,8.7,9.8,3.34,3.868,1.1
1,staircase_climbing,8,WALK,9.8,14.2,3.868,4.74,4.4
1,staircase_climbing,8,RUN,14.2,15.3,4.74,5.268,1.1
1,staircase_climbing,8,WALK,15.3,19.7,5.268,6.14,4.4
1,staircase_climbing,8,RUN,19.7,20.8,6.14,6.668,1.1
1,staircase_climbing,8,WALK,20.8,25.2,6.668,7.54,4.4
1,staircase_climbing,8,RUN,25.2,26.3,7.54,8.068,1.1
1,staircase_climbing,8,WALK,26.3,30.7,8.068,8.94,4.4
1,staircase_climbing,8,RUN,30.7,34.8,8.94,10.9,4.1
1,staircase_climbing,9,TROT,0,1,1,1.5,1
1,staircase_climbing,9,WALK,1,3.2,1.5,1.94,2.2
1,staircase_climbing,9,RUN,3.2,4.3,1.94,2.468,1.1
1,staircase_climbing,9,WALK,4.3,8.7,2.468,3.34,4.4
1,staircase_climbing,9,RUN,8.7,9.8,3.34,3.868,1.1
1,staircase_climbing,9,WALK,9.8,14.2,3.868,4.74,4.4
1,staircase_climbing,9,RUN,14.2,15.3,4.74,5.268,1.1
1,staircase_climbing,9,WALK,15.3,19.7,5.268,6.14,4.4
1,staircase_climbing,9,RUN,19.7,20.8,6.14,6.668,1.1
1,staircase_climbing,9,WALK,20.8,25.2,6.668,7.54,4.4
1,staircase_climbing,9,RUN,25.2,26.3,7.54,8.068,1.1
1,staircase_climbing,9,WALK,26.3,30.7,8.068,8.94,4.4
1,staircase_climbing,9,RUN,30.7,34.8,8.94,10.9,4.1
1,staircase_spiral,0,TROT,0,1,1,1.54608,1
1,staircase_spiral,0,RUN,1,6.1,1.54608,3.9739,5.1
1,staircase_spiral,0,TROT,6.1,10.4,3.9739,6.19821,4.3
1,staircase_spiral,0,RUN,10.4,11.5,6.19821,6.67392,1.1
1,staircase_spiral,0,TROT,11.5,12.6,6.67392,6.84311,1.1
1,staircase_spiral,0,WALK,12.6,14.1,6.84311,6.90987,1.5
1,staircase_spiral,0,TROT,14.1,16.2,6.90987,6.13177,2.1
1,staircase_spiral,0,RUN,16.2,17.3,6.13177,5.60377,1.1
1,staircase_spiral,0,TROT,17.3,18.4,5.60377,5.25031,1.1
1,staircase_spiral,0,WALK,18.4,19.8,5.25031,5.08601,1.4
1,staircase_spiral,1,TROT,0,1,1,1.54614,1
1,staircase_spiral,1,RUN,1,6.2,1.54614,3.99431,5.2
1,staircase_spiral,1,TROT,6.2,10.4,3.99431,6.14866,4.2
1,staircase_spiral,1,RUN,10.4,11.5,6.14866,6.62437,1.1
1,staircase_spiral,1,TROT,11.5,12.6,6.62437,6.81461,1.1
1,staircase_spiral,1,WALK,12.6,23,6.81461,5.49682,10.4
1,staircase_spiral,1,RUN,23,24.1,5.49682,5.16762,1.1
1,staircase_spiral,1,WALK,24.1,24.5,5.16762,5.12155,0.4
1,staircase_spiral,2,TROT,0,1,1,1.5462,1
1,staircase_spiral,2,RUN,1,6.2,1.5462,4.01464,5.2
1,staircase_spiral,2,WALK,6.2,35.7,4.01464,5.15709,29.5
1,staircase_spiral,3,TROT,0,1,1,1.54626,1
1,staircase_spiral,3,RUN,1,6.3,1.54626,4.03488,5.3
1,staircase_spiral,3,WALK,6.3,7.4,4.03488,4.2533,1.1
1,staircase_spiral,3,JUMP,7.4,8.2,4.2533,4.2533,0.8
1,staircase_spiral,3,WALK,8.2,11.8,4.2533,4.96812,3.6
1,staircase_spiral,3,JUMP,11.8,12.6,4.96812,4.96812,0.8
1,staircase_spiral,3,WALK,12.6,16.3,4.96812,5.65888,3.7
1,staircase_spiral,3,JUMP,16.3,17.1,5.65888,5.65888,0.8
1,staircase_spiral,3,WALK,17.1,20.9,5.65888,6.34237,3.8
1,staircase_spiral,3,JUMP,20.9,21.7,6.34237,6.34237,0.8
1,staircase_spiral,3,WALK,21.7,37.8,6.34237,5.19264,16.1
1,staircase_spiral,4,TROT,0,1,1,1.54631,1
1,staircase_spiral,4,RUN,1,6.4,1.54631,4.10276,5.4
1,staircase_spiral,4,WALK,6.4,7.5,4.10276,4.3215,1.1
1,staircase_spiral,4,JUMP,7.5,8.3,4.3215,4.3215,0.8
1,staircase_spiral,4,WALK,8.3,11.9,4.3215,5.03739,3.6
1,staircase_spiral,4,JUMP,11.9,12.7,5.03739,5.03739,0.8
1,staircase_spiral,4,WALK,12.7,16.4,5.03739,5.72342,3.7
1,staircase_spiral,4,JUMP,16.4,17.2,5.72342,5.72342,0.8
1,staircase_spiral,4,WALK,17.2,21.1,5.72342,6.41445,3.9
1,staircase_spiral,4,JUMP,21.1,21.9,6.41445,6.41445,0.8
1,staircase_spiral,4,WALK,21.9,37.1,6.41445,5.22818,15.2
1,staircase_spiral,5,TROT,0,1,1,1.54637,1
1,staircase_spiral,5,RUN,1,6.3,1.54637,4.02732,5.3
1,staircase_spiral,5,TROT,6.3,7.4,4.02732,4.62964,1.1
1,staircase_spiral,5,WALK,7.4,8.5,4.62964,4.84867,1.1
1,staircase_spiral,5,JUMP,8.5,9.3,4.84867,4.84867,0.8
1,staircase_spiral,5,WALK,9.3,13.6,4.84867,5.66183,4.3
1,staircase_spiral,5,JUMP,13.6,14.4,5.66183,5.66183,0.8
1,staircase_spiral,5,WALK,14.4,18.5,5.66183,6.39643,4.1
1,staircase_spiral,5,JUMP,18.5,19.3,6.39643,6.39643,0.8
1,staircase_spiral,5,WALK,19.3,33.6,6.39643,5.26373,14.3
1,staircase_spiral,6,TROT,0,1,1,1.54642,1
1,staircase_spiral,6,RUN,1,6.3,1.54642,4.04724,5.3
1,staircase_spiral,6,TROT,6.3,7.4,4.04724,4.65025,1.1
1,staircase_spiral,6,WALK,7.4,20.3,4.65025,6.6732,12.9
1,staircase_spiral,6,JUMP,20.3,21.1,6.6732,6.6732,0.8
1,staircase_spiral,6,WALK,21.1,31.4,6.6732,5.29927,10.3
1,staircase_spiral,7,TROT,0,1,1,1.54647,1
1,staircase_spiral,7,RUN,1,6.3,1.54647,4.0671,5.3
1,staircase_spiral,7,TROT,6.3,7.4,4.0671,4.67069,1.1
1,staircase_spiral,7,WALK,7.4,29.4,4.67069,5.33481,22
1,staircase_spiral,8,TROT,0,1,1,1.54652,1
1,staircase_spiral,8,RUN,1,6.3,1.54652,4.03896,5.3
1,staircase_spiral,8,TROT,6.3,7.4,4.03896,4.64302,1.1
1,staircase_spiral,8,WALK,7.4,29.1,4.64302,5.37036,21.7
1,staircase_spiral,9,TROT,0,1,1,1.54657,1
1,staircase_spiral,9,RUN,1,6.3,1.54657,4.05864,5.3
1,staircase_spiral,9,TROT,6.3,7.4,4.05864,4.66308,1.1
1,staircase_spiral,9,WALK,7.4,28,4.66308,5.4059,20.6
1,squeeze,0,TROT,0,1,1,1.5,1
1,squeeze,0,RUN,1,2.9,1.5,2.39674,1.9
1,squeeze,0,WALK,2.9,4.4,2.39674,2.69278,1.5
1,squeeze,0,RUN,4.4,5.5,2.69278,3.21381,1.1
1,squeeze,0,WALK,5.5,7.6,3.21381,3.62224,2.1
1,squeeze,0,RUN,7.6,18.4,3.62224,8.65,10.8
1,squeeze,1,TROT,0,1,1,1.5,1
1,squeeze,1,RUN,1,2.2,1.5,2.07221,1.2
1,squeeze,1,WALK,2.2,4.6,2.07221,2.54632,2.4
1,squeeze,1,RUN,4.6,12.6,2.54632,6.32305,8
1,squeeze,1,WALK,12.6,14.4,6.32305,6.6759,1.8
1,squeeze,1,RUN,14.4,19.2,6.6759,8.9,4.8
1,squeeze,2,TROT,0,1,1,1.5,1
1,squeeze,2,RUN,1,2.5,1.5,2.21818,1.5
1,squeeze,2,WALK,2.5,4.2,2.21818,2.54444,1.7
1,squeeze,2,RUN,4.2,13.3,2.54444,6.79002,9.1
1,squeeze,2,WALK,13.3,15.1,6.79002,7.14552,1.8
1,squeeze,2,RUN,15.1,19.6,7.14552,9.25,4.5
1,squeeze,3,TROT,0,1,1,1.5,1
1,squeeze,3,RUN,1,2.7,1.5,2.31221,1.7
1,squeeze,3,WALK,2.7,4.2,2.31221,2.59385,1.5
1,squeeze,3,RUN,4.2,18.4,2.59385,9.25,14.2
1,squeeze,4,TROT,0,1,1,1.5,1
1,squeeze,4,RUN,1,10,1.5,5.75096,9
1,squeeze,4,WALK,10,12.2,5.75096,6.18416,2.2
1,squeeze,4,RUN,12.2,19.6,6.18416,9.65,7.4
1,squeeze,5,TROT,0,1,1,1.5,1
1,squeeze,5,RUN,1,2.4,1.5,2.16877,1.4
1,squeeze,5,WALK,2.4,4.6,2.16877,2.59946,2.2
1,squeeze,5,RUN,4.6,6.2,2.59946,3.35943,1.6
1,squeeze,5,WALK,6.2,15.5,3.35943,5.18311,9.3
1,squeeze,5,RUN,15.5,16.6,5.18311,5.7109,1.1
1,squeeze,5,WALK,16.6,18.9,5.7109,6.15909,2.3
1,squeeze,5,RUN,18.9,20.4,6.15909,6.87198,1.5
1,squeeze,5,WALK,20.4,28.9,6.87198,8.54387,8.5
1,squeeze,5,RUN,28.9,30.9,8.54387,9.5,2
1,squeeze,6,TROT,0,1,1,1.5,1
1,squeeze,6,RUN,1,2.4,1.5,2.17196,1.4
1,squeeze,6,WALK,2.4,35.8,2.17196,8.79284,33.4
1,squeeze,6,RUN,35.8,37.8,8.79284,9.75,2
1,squeeze,7,TROT,0,1,1,1.5,1
1,squeeze,7,RUN,1,2.5,1.5,2.2197,1.5
1,squeeze,7,WALK,2.5,18,2.2197,5.28292,15.5
1,squeeze,7,RUN,18,19.2,5.28292,5.85253,1.2
1,squeeze,7,WALK,19.2,21.7,5.85253,6.3428,2.5
1,squeeze,7,RUN,21.7,24.4,6.3428,7.59434,2.7
1,squeeze,7,WALK,24.4,25.9,7.59434,7.89421,1.5
1,squeeze,7,RUN,25.9,30.2,7.89421,9.9,4.3
1,squeeze,8,TROT,0,1,1,1.5,1
1,squeeze,8,WALK,1,41.4,1.5,9.4768,40.4
1,squeeze,8,RUN,41.4,43.5,9.4768,10.45,2.1
1,squeeze,9,TROT,0,1,1,1.5,1
1,squeeze,9,RUN,1,2.5,1.5,2.21991,1.5
1,squeeze,9,WALK,2.5,37.8,2.21991,9.24148,35.3
1,squeeze,9,RUN,37.8,39.8,9.24148,10.2,2
1,agility_poles,0,TROT,0,1,1,1.5,1
1,agility_poles,0,RUN,1,41,1.5,17.2822,40
1,agility_poles,0,WALK,41,46.4,17.2822,18.3,5.4
1,agility_poles,1,TROT,0,1,1,1.5,1
1,agility_poles,1,RUN,1,41.7,1.5,17.25,40.7
1,agility_poles,2,TROT,0,1,1,1.5,1
1,agility_poles,2,RUN,1,40.3,1.5,16.55,39.3
1,agility_poles,3,TROT,0,1,1,1.5,1
1,agility_poles,3,RUN,1,38.7,1.5,15.5,37.7
1,agility_poles,4,TROT,0,1,1,1.5,1
1,agility_poles,4,RUN,1,36.8,1.5,14.8,35.8
1,agility_poles,5,TROT,0,1,1,1.5,1
1,agility_poles,5,RUN,1,35.2,1.5,13.75,34.2
1,agility_poles,6,TROT,0,1,1,1.5,1
1,agility_poles,6,RUN,1,33.8,1.5,13.05,32.8
1,agility_poles,7,TROT,0,1,1,1.5,1
1,agility_poles,7,RUN,1,32.2,1.5,12,31.2
1,agility_poles,8,TROT,0,1,1,1.5,1
1,agility_poles,8,RUN,1,31.3,1.5,11.3,30.3
1,agility_poles,9,TROT,0,1,1,1.5,1
1,agility_poles,9,RUN,1,29.8,1.5,10.25,28.8
1,balance_beam,0,TROT,0,1,1,1.5,1
1,balance_beam,0,RUN,1,19.3,1.5,10,18.3
1,balance_beam,1,TROT,0,1,1,1.5,1
1,balance_beam,1,RUN,1,20.5,1.5,10.6,19.5
1,balance_beam,2,TROT,0,1,1,1.5,1
1,balance_beam,2,RUN,1,21,1.5,10.9,20
1,balance_beam,3,TROT,0,1,1,1.5,1
1,balance_beam,3,RUN,1,22.4,1.5,11.5,21.4
1,balance_beam,4,TROT,0,1,1,1.5,1
1,balance_beam,4,RUN,1,23.6,1.5,12.1,22.6
1,balance_beam,5,TROT,0,1,1,1.5,1
1,balance_beam,5,RUN,1,24.1,1.5,12.4,23.1
1,balance_beam,6,TROT,0,1,1,1.5,1
1,balance_beam,6,RUN,1,25.3,1.5,13,24.3
1,balance_beam,7,TROT,0,1,1,1.5,1
1,balance_beam,7,RUN,1,26.5,1.5,13.6,25.5
1,balance_beam,8,TROT,0,1,1,1.5,1
1,balance_beam,8,RUN,1,27.2,1.5,13.9,26.2
1,balance_beam,9,TROT,0,1,1,1.5,1
1,balance_beam,9,WALK,1,63.7,1.5,13.94,62.7
1,balance_beam,9,RUN,63.7,64.9,13.94,14.5,1.2
1.4,jump_on_and_off_box,0,TROT,0,1.3,1,1.66497,1.3
1.4,jump_on_and_off_box,0,WALK,1.3,3.1,1.66497,2.02492,1.8
1.4,jump_on_and_off_box,0,RUN,3.1,4.5,2.02492,2.69104,1.4
1.4,jump_on_and_off_box,0,WALK,4.5,6.9,2.69104,3.17104,2.4
1.4,jump_on_and_off_box,0,RUN,6.9,8.3,3.17104,3.84303,1.4
1.4,jump_on_and_off_box,0,WALK,8.3,12.2,3.84303,4.62303,3.9
1.4,jump_on_and_off_box,0,RUN,12.2,13.6,4.62303,5.28473,1.4
1.4,jump_on_and_off_box,0,WALK,13.6,16,5.28473,5.7646,2.4
1.4,jump_on_and_off_box,0,RUN,16,17.4,5.7646,6.43641,1.4
1.4,jump_on_and_off_box,0,WALK,17.4,21.3,6.43641,7.21619,3.9
1.4,jump_on_and_off_box,0,RUN,21.3,22.7,7.21619,7.88801,1.4
1.4,jump_on_and_off_box,0,WALK,22.7,26.1,7.88801,8.55807,3.4
1.4,jump_on_and_off_box,0,RUN,26.1,27.5,8.55807,9.22974,1.4
1.4,jump_on_and_off_box,0,WALK,27.5,31.4,9.22974,10.0094,3.9
1.4,jump_on_and_off_box,0,RUN,31.4,32.8,10.0094,10.681,1.4
1.4,jump_on_and_off_box,0,WALK,32.8,36,10.681,11.318,3.2
1.4,jump_on_and_off_box,0,RUN,36,37.4,11.318,11.9897,1.4
1.4,jump_on_and_off_box,0,WALK,37.4,41.3,11.9897,12.7693,3.9
1.4,jump_on_and_off_box,0,RUN,41.3,42.7,12.7693,13.4409,1.4
1.4,jump_on_and_off_box,0,WALK,42.7,46.1,13.4409,14.1141,3.4
1.4,jump_on_and_off_box,0,RUN,46.1,47.5,14.1141,14.785,1.4
1.4,jump_on_and_off_box,0,WALK,47.5,56.5,14.785,16.5739,9
1.4,jump_on_and_off_box,0,RUN,56.5,57.9,16.5739,17.2456,1.4
1.4,jump_on_and_off_box,0,WALK,57.9,64.7,17.2456,18.6,6.8
1.4,jump_on_and_off_box,1,TROT,0,1.3,1,1.665,1.3
1.4,jump_on_and_off_box,1,WALK,1.3,8.1,1.665,3.01374,6.8
1.4,jump_on_and_off_box,1,RUN,8.1,9.5,3.01374,3.68546,1.4
1.4,jump_on_and_off_box,1,WALK,9.5,13.4,3.68546,4.46514,3.9
1.4,jump_on_and_off_box,1,RUN,13.4,14.8,4.46514,5.13686,1.4
1.4,jump_on_and_off_box,1,WALK,14.8,17.7,5.13686,5.70902,2.9
1.4,jump_on_and_off_box,1,RUN,17.7,19.1,5.70902,6.38095,1.4
1.4,jump_on_and_off_box,1,WALK,19.1,23,6.38095,7.16087,3.9
1.4,jump_on_and_off_box,1,RUN,23,24.4,7.16087,7.8328,1.4
1.4,jump_on_and_off_box,1,WALK,24.4,27.1,7.8328,8.36599,2.7
1.4,jump_on_and_off_box,1,RUN,27.1,28.5,8.36599,9.0379,1.4
1.4,jump_on_and_off_box,1,WALK,28.5,32.4,9.0379,9.81778,3.9
1.4,jump_on_and_off_box,1,RUN,32.4,33.8,9.81778,10.4897,1.4
1.4,jump_on_and_off_box,1,WALK,33.8,36.4,10.4897,11.0051,2.6
1.4,jump_on_and_off_box,1,RUN,36.4,37.8,11.0051,11.6771,1.4
1.4,jump_on_and_off_box,1,WALK,37.8,41.7,11.6771,12.4571,3.9
1.4,jump_on_and_off_box,1,RUN,41.7,43.1,12.4571,13.1291,1.4
1.4,jump_on_and_off_box,1,WALK,43.1,46.1,13.1291,13.7095,3
1.4,jump_on_and_off_box,1,RUN,46.1,47.5,13.7095,14.3799,1.4
1.4,jump_on_and_off_box,1,WALK,47.5,51.4,14.3799,15.1581,3.9
1.4,jump_on_and_off_box,1,RUN,51.4,52.8,15.1581,15.7855,1.4
1.4,jump_on_and_off_box,1,WALK,52.8,54.9,15.7855,16.2052,2.1
1.4,jump_on_and_off_box,1,RUN,54.9,57,16.2052,17.2126,2.1
1.4,jump_on_and_off_box,1,WALK,57,62.2,17.2126,18.25,5.2
1.4,jump_on_and_off_box,2,TROT,0,1.3,1,1.66451,1.3
1.4,jump_on_and_off_box,2,WALK,1.3,3.1,1.66451,2.02345,1.8
1.4,jump_on_and_off_box,2,RUN,3.1,4.5,2.02345,2.66138,1.4
1.4,jump_on_and_off_box,2,WALK,4.5,7.3,2.66138,3.22134,2.8
1.4,jump_on_and_off_box,2,RUN,7.3,8.7,3.22134,3.89329,1.4
1.4,jump_on_and_off_box,2,WALK,8.7,12.3,3.89329,4.61324,3.6
1.4,jump_on_and_off_box,2,RUN,12.3,13.7,4.61324,5.28519,1.4
1.4,jump_on_and_off_box,2,WALK,13.7,16.4,5.28519,5.80595,2.7
1.4,jump_on_and_off_box,2,RUN,16.4,17.8,5.80595,6.47785,1.4
1.4,jump_on_and_off_box,2,WALK,17.8,21.5,6.47785,7.21774,3.7
1.4,jump_on_and_off_box,2,RUN,21.5,22.9,7.21774,7.88854,1.4
1.4,jump_on_and_off_box,2,WALK,22.9,24.8,7.88854,8.26853,1.9
1.4,jump_on_and_off_box,2,RUN,24.8,26.2,8.26853,8.94053,1.4
1.4,jump_on_and_off_box,2,WALK,26.2,29.8,8.94053,9.66053,3.6
1.4,jump_on_and_off_box,2,RUN,29.8,31.2,9.66053,10.3096,1.4
1.4,jump_on_and_off_box,2,WALK,31.2,33.5,10.3096,10.7694,2.3
1.4,jump_on_and_off_box,2,RUN,33.5,34.9,10.7694,11.4412,1.4
1.4,jump_on_and_off_box,2,WALK,34.9,38.5,11.4412,12.161,3.6
1.4,jump_on_and_off_box,2,RUN,38.5,39.9,12.161,12.8328,1.4
1.4,jump_on_and_off_box,2,WALK,39.9,42.6,12.8328,13.3617,2.7
1.4,jump_on_and_off_box,2,RUN,42.6,44,13.3617,14.0329,1.4
1.4,jump_on_and_off_box,2,WALK,44,47.7,14.0329,14.7721,3.7
1.4,jump_on_and_off_box,2,RUN,47.7,49.1,14.7721,15.4433,1.4
1.4,jump_on_and_off_box,2,WALK,49.1,51.8,15.4433,15.9735,2.7
1.4,jump_on_and_off_box,2,RUN,51.8,54.4,15.9735,17.2209,2.6
1.4,jump_on_and_off_box,2,WALK,54.4,58.1,17.2209,17.95,3.7
1.4,jump_on_and_off_box,3,TROT,0,1.3,1,1.6648,1.3
1.4,jump_on_and_off_box,3,WALK,1.3,7.3,1.6648,2.85534,6
1.4,jump_on_and_off_box,3,RUN,7.3,8.7,2.85534,3.52679,1.4
1.4,jump_on_and_off_box,3,WALK,8.7,12.4,3.52679,4.26618,3.7
1.4,jump_on_and_off_box,3,RUN,12.4,13.8,4.26618,4.91544,1.4
1.4,jump_on_and_off_box,3,WALK,13.8,16,4.91544,5.35514,2.2
1.4,jump_on_and_off_box,3,RUN,16,17.4,5.35514,6.02669,1.4
1.4,jump_on_and_off_box,3,WALK,17.4,21.1,6.02669,6.76619,3.7
1.4,jump_on_and_off_box,3,RUN,21.1,22.5,6.76619,7.43031,1.4
1.4,jump_on_and_off_box,3,WALK,22.5,24.9,7.43031,7.90977,2.4
1.4,jump_on_and_off_box,3,RUN,24.9,26.3,7.90977,8.58103,1.4
1.4,jump_on_and_off_box,3,WALK,26.3,30,8.58103,9.3202,3.7
1.4,jump_on_and_off_box,3,RUN,30,31.4,9.3202,9.99116,1.4
1.4,jump_on_and_off_box,3,WALK,31.4,33.8,9.99116,10.4704,2.4
1.4,jump_on_and_off_box,3,RUN,33.8,35.2,10.4704,11.1413,1.4
1.4,jump_on_and_off_box,3,WALK,35.2,38.8,11.1413,11.8602,3.6
1.4,jump_on_and_off_box,3,RUN,38.8,40.2,11.8602,12.5311,1.4
1.4,jump_on_and_off_box,3,WALK,40.2,42.7,12.5311,13.0148,2.5
1.4,jump_on_and_off_box,3,RUN,42.7,44.1,13.0148,13.686,1.4
1.4,jump_on_and_off_box,3,WALK,44.1,47.7,13.686,14.4052,3.6
1.4,jump_on_and_off_box,3,RUN,47.7,49.1,14.4052,15.074,1.4
1.4,jump_on_and_off_box,3,WALK,49.1,51.1,15.074,15.4739,2
1.4,jump_on_and_off_box,3,RUN,51.1,54.7,15.4739,17.2015,3.6
1.4,jump_on_and_off_box,3,WALK,54.7,56,17.2015,17.45,1.3
1.4,jump_on_and_off_box,4,TROT,0,1.3,1,1.66492,1.3
1.4,jump_on_and_off_box,4,WALK,1.3,3.1,1.66492,2.02476,1.8
1.4,jump_on_and_off_box,4,RUN,3.1,4.5,2.02476,2.67113,1.4
1.4,jump_on_and_off_box,4,WALK,4.5,6.7,2.67113,3.11113,2.2
1.4,jump_on_and_off_box,4,RUN,6.7,8.1,3.11113,3.78313,1.4
1.4,jump_on_and_off_box,4,WALK,8.1,16.3,3.78313,5.40678,8.2
1.4,jump_on_and_off_box,4,RUN,16.3,17.7,5.40678,6.07841,1.4
1.4,jump_on_and_off_box,4,WALK,17.7,21.4,6.07841,6.818,3.7
1.4,jump_on_and_off_box,4,RUN,21.4,22.8,6.818,7.44622,1.4
1.4,jump_on_and_off_box,4,WALK,22.8,24.9,7.44622,7.86603,2.1
1.4,jump_on_and_off_box,4,RUN,24.9,26.3,7.86603,8.53772,1.4
1.4,jump_on_and_off_box,4,WALK,26.3,29.9,8.53772,9.2574,3.6
1.4,jump_on_and_off_box,4,RUN,29.9,31.3,9.2574,9.89682,1.4
1.4,jump_on_and_off_box,4,WALK,31.3,33.4,9.89682,10.3164,2.1
1.4,jump_on_and_off_box,4,RUN,33.4,34.8,10.3164,10.9878,1.4
1.4,jump_on_and_off_box,4,WALK,34.8,38.4,10.9878,11.7071,3.6
1.4,jump_on_and_off_box,4,RUN,38.4,39.8,11.7071,12.3494,1.4
1.4,jump_on_and_off_box,4,WALK,39.8,41.9,12.3494,12.7692,2.1
1.4,jump_on_and_off_box,4,RUN,41.9,43.3,12.7692,13.441,1.4
1.4,jump_on_and_off_box,4,WALK,43.3,46.9,13.441,14.1607,3.6
1.4,jump_on_and_off_box,4,RUN,46.9,48.3,14.1607,14.8324,1.4
1.4,jump_on_and_off_box,4,WALK,48.3,51,14.8324,15.358,2.7
1.4,jump_on_and_off_box,4,RUN,51,54.8,15.358,17.182,3.8
1.4,jump_on_and_off_box,4,WALK,54.8,55.7,17.182,17.35,0.9
1.4,jump_on_and_off_box,5,TROT,0,1.3,1,1.66464,1.3
1.4,jump_on_and_off_box,5,WALK,1.3,7.8,1.66464,2.95608,6.5
1.4,jump_on_and_off_box,5,RUN,7.8,9.2,2.95608,3.62776,1.4
1.4,jump_on_and_off_box,5,WALK,9.2,12.6,3.62776,4.30743,3.4
1.4,jump_on_and_off_box,5,RUN,12.6,14,4.30743,4.97911,1.4
1.4,jump_on_and_off_box,5,WALK,14,17,4.97911,5.56037,3
1.4,jump_on_and_off_box,5,RUN,17,18.4,5.56037,6.23232,1.4
1.4,jump_on_and_off_box,5,WALK,18.4,26.6,6.23232,7.85639,8.2
1.4,jump_on_and_off_box,5,RUN,26.6,28,7.85639,8.52809,1.4
1.4,jump_on_and_off_box,5,WALK,28,31.4,8.52809,9.20778,3.4
1.4,jump_on_and_off_box,5,RUN,31.4,32.8,9.20778,9.84754,1.4
1.4,jump_on_and_off_box,5,WALK,32.8,34.9,9.84754,10.2675,2.1
1.4,jump_on_and_off_box,5,RUN,34.9,36.3,10.2675,10.9395,1.4
1.4,jump_on_and_off_box,5,WALK,36.3,39.7,10.9395,11.6194,3.4
1.4,jump_on_and_off_box,5,RUN,39.7,41.1,11.6194,12.2914,1.4
1.4,jump_on_and_off_box,5,WALK,41.1,44,12.2914,12.8631,2.9
1.4,jump_on_and_off_box,5,RUN,44,45.4,12.8631,13.535,1.4
1.4,jump_on_and_off_box,5,WALK,45.4,53.3,13.535,15.1107,7.9
1.4,jump_on_and_off_box,5,RUN,53.3,57.4,15.1107,17.05,4.1
1.4,jump_on_and_off_box,6,TROT,0,1.3,1,1.66476,1.3
1.4,jump_on_and_off_box,6,WALK,1.3,7.3,1.66476,2.86136,6
1.4,jump_on_and_off_box,6,RUN,7.3,8.7,2.86136,3.53309,1.4
1.4,jump_on_and_off_box,6,WALK,8.7,17.2,3.53309,5.22216,8.5
1.4,jump_on_and_off_box,6,RUN,17.2,18.6,5.22216,5.89409,1.4
1.4,jump_on_and_off_box,6,WALK,18.6,22,5.89409,6.57403,3.4
1.4,jump_on_and_off_box,6,RUN,22,23.4,6.57403,7.23014,1.4
1.4,jump_on_and_off_box,6,WALK,23.4,25.8,7.23014,7.70963,2.4
1.4,jump_on_and_off_box,6,RUN,25.8,27.2,7.70963,8.38093,1.4
1.4,jump_on_and_off_box,6,WALK,27.2,35.7,8.38093,10.0711,8.5
1.4,jump_on_and_off_box,6,RUN,35.7,37.1,10.0711,10.7416,1.4
1.4,jump_on_and_off_box,6,WALK,37.1,40.5,10.7416,11.4201,3.4
1.4,jump_on_and_off_box,6,RUN,40.5,41.9,11.4201,12.0906,1.4
1.4,jump_on_and_off_box,6,WALK,41.9,44.6,12.0906,12.6222,2.7
1.4,jump_on_and_off_box,6,RUN,44.6,46,12.6222,13.2941,1.4
1.4,jump_on_and_off_box,6,WALK,46,54.4,13.2941,14.9712,8.4
1.4,jump_on_and_off_box,6,RUN,54.4,58.5,14.9712,16.9,4.1
1.4,jump_on_and_off_box,7,TROT,0,1.3,1,1.66493,1.3
1.4,jump_on_and_off_box,7,WALK,1.3,7.2,1.66493,2.82493,5.9
1.4,jump_on_and_off_box,7,RUN,7.2,8.6,2.82493,3.49663,1.4
1.4,jump_on_and_off_box,7,WALK,8.6,16.5,3.49663,5.06589,7.9
1.4,jump_on_and_off_box,7,RUN,16.5,17.9,5.06589,5.73779,1.4
1.4,jump_on_and_off_box,7,WALK,17.9,25.3,5.73779,7.20644,7.4
1.4,jump_on_and_off_box,7,RUN,25.3,26.7,7.20644,7.87706,1.4
1.4,jump_on_and_off_box,7,WALK,26.7,29.9,7.87706,8.51573,3.2
1.4,jump_on_and_off_box,7,RUN,29.9,31.3,8.51573,9.18635,1.4
1.4,jump_on_and_off_box,7,WALK,31.3,33.8,9.18635,9.67191,2.5
1.4,jump_on_and_off_box,7,RUN,33.8,35.2,9.67191,10.3433,1.4
1.4,jump_on_and_off_box,7,WALK,35.2,38.3,10.3433,10.9627,3.1
1.4,jump_on_and_off_box,7,RUN,38.3,39.7,10.9627,11.6341,1.4
1.4,jump_on_and_off_box,7,WALK,39.7,42.4,11.6341,12.1698,2.7
1.4,jump_on_and_off_box,7,RUN,42.4,43.8,12.1698,12.8412,1.4
1.4,jump_on_and_off_box,7,WALK,43.8,46.9,12.8412,13.4606,3.1
1.4,jump_on_and_off_box,7,RUN,46.9,48.3,13.4606,14.1319,1.4
1.4,jump_on_and_off_box,7,WALK,48.3,51,14.1319,14.6599,2.7
1.4,jump_on_and_off_box,7,RUN,51,55,14.6599,16.55,4
1.4,jump_on_and_off_box,8,TROT,0,1.3,1,1.66495,1.3
1.4,jump_on_and_off_box,8,WALK,1.3,3.1,1.66495,2.02485,1.8
1.4,jump_on_and_off_box,8,RUN,3.1,4.5,2.02485,2.68476,1.4
1.4,jump_on_and_off_box,8,WALK,4.5,6.4,2.68476,3.06453,1.9
1.4,jump_on_and_off_box,8,RUN,6.4,7.8,3.06453,3.73613,1.4
1.4,jump_on_and_off_box,8,WALK,7.8,16,3.73613,5.3627,8.2
1.4,jump_on_and_off_box,8,RUN,16,17.4,5.3627,6.03337,1.4
1.4,jump_on_and_off_box,8,WALK,17.4,20.6,6.03337,6.6721,3.2
1.4,jump_on_and_off_box,8,RUN,20.6,22,6.6721,7.2999,1.4
1.4,jump_on_and_off_box,8,WALK,22,24.1,7.2999,7.7198,2.1
1.4,jump_on_and_off_box,8,RUN,24.1,25.5,7.7198,8.39165,1.4
1.4,jump_on_and_off_box,8,WALK,25.5,33.2,8.39165,9.91875,7.7
1.4,jump_on_and_off_box,8,RUN,33.2,34.6,9.91875,10.5907,1.4
1.4,jump_on_and_off_box,8,WALK,34.6,37.7,10.5907,11.2106,3.1
1.4,jump_on_and_off_box,8,RUN,37.7,39.1,11.2106,11.8825,1.4
1.4,jump_on_and_off_box,8,WALK,39.1,41.6,11.8825,12.3665,2.5
1.4,jump_on_and_off_box,8,RUN,41.6,43,12.3665,13.0381,1.4
1.4,jump_on_and_off_box,8,WALK,43,51.2,13.0381,14.6614,8.2
1.4,jump_on_and_off_box,8,RUN,51.2,55.2,14.6614,16.55,4
1.4,jump_on_and_off_box,9,TROT,0,1.3,1,1.66488,1.3
1.4,jump_on_and_off_box,9,WALK,1.3,7.9,1.66488,2.96723,6.6
1.4,jump_on_and_off_box,9,RUN,7.9,9.3,2.96723,3.63906,1.4
1.4,jump_on_and_off_box,9,WALK,9.3,16.2,3.63906,5.0103,6.9
1.4,jump_on_and_off_box,9,RUN,16.2,17.6,5.0103,5.68229,1.4
1.4,jump_on_and_off_box,9,WALK,17.6,25.6,5.68229,7.26688,8
1.4,jump_on_and_off_box,9,RUN,25.6,27,7.26688,7.93765,1.4
1.4,jump_on_and_off_box,9,WALK,27,29.9,7.93765,8.51659,2.9
1.4,jump_on_and_off_box,9,RUN,29.9,31.3,8.51659,9.16123,1.4
1.4,jump_on_and_off_box,9,WALK,31.3,33.6,9.16123,9.62123,2.3
1.4,jump_on_and_off_box,9,RUN,33.6,35,9.62123,10.2932,1.4
1.4,jump_on_and_off_box,9,WALK,35,37.9,10.2932,10.8732,2.9
1.4,jump_on_and_off_box,9,RUN,37.9,39.3,10.8732,11.5452,1.4
1.4,jump_on_and_off_box,9,WALK,39.3,41.7,11.5452,12.0085,2.4
1.4,jump_on_and_off_box,9,RUN,41.7,43.1,12.0085,12.679,1.4
1.4,jump_on_and_off_box,9,WALK,43.1,50.8,12.679,14.2138,7.7
1.4,jump_on_and_off_box,9,RUN,50.8,54.7,14.2138,16.05,3.9
1.4,forward_ramp_lips,0,TROT,0,1.3,1,1.66477,1.3
1.4,forward_ramp_lips,0,WALK,1.3,57.1,1.66477,12.7568,55.8
1.4,forward_ramp_lips,0,RUN,57.1,60.3,12.7568,14.25,3.2
1.4,forward_ramp_lips,1,TROT,0,1.3,1,1.66472,1.3
1.4,forward_ramp_lips,1,WALK,1.3,12.1,1.66472,3.82177,10.8
1.4,forward_ramp_lips,1,TROT,12.1,13.5,3.82177,4.56344,1.4
1.4,forward_ramp_lips,1,WALK,13.5,20.3,4.56344,5.91998,6.8
1.4,forward_ramp_lips,1,TROT,20.3,21.7,5.91998,6.65016,1.4
1.4,forward_ramp_lips,1,WALK,21.7,37.9,6.65016,9.86517,16.2
1.4,forward_ramp_lips,1,TROT,37.9,39.3,9.86517,10.6005,1.4
1.4,forward_ramp_lips,1,WALK,39.3,50,10.6005,12.7221,10.7
1.4,forward_ramp_lips,1,RUN,50,53.1,12.7221,14.2,3.1
1.4,forward_ramp_lips,2,TROT,0,1.3,1,1.66496,1.3
1.4,forward_ramp_lips,2,WALK,1.3,3.1,1.66496,2.02487,1.8
1.4,forward_ramp_lips,2,TROT,3.1,4.5,2.02487,2.75415,1.4
1.4,forward_ramp_lips,2,WALK,4.5,10.6,2.75415,3.9723,6.1
1.4,forward_ramp_lips,2,TROT,10.6,12,3.9723,4.71127,1.4
1.4,forward_ramp_lips,2,WALK,12,18.3,4.71127,5.96712,6.3
1.4,forward_ramp_lips,2,TROT,18.3,19.7,5.96712,6.68389,1.4
1.4,forward_ramp_lips,2,WALK,19.7,35.4,6.68389,9.81425,15.7
1.4,forward_ramp_lips,2,TROT,35.4,36.8,9.81425,10.58,1.4
1.4,forward_ramp_lips,2,WALK,36.8,47.8,10.58,12.773,11
1.4,forward_ramp_lips,2,RUN,47.8,50.9,12.773,14.25,3.1
1.4,forward_ramp_lips,3,TROT,0,1.3,1,1.66474,1.3
1.4,forward_ramp_lips,3,WALK,1.3,3.1,1.66474,2.02417,1.8
1.4,forward_ramp_lips,3,TROT,3.1,4.5,2.02417,2.76797,1.4
1.4,forward_ramp_lips,3,WALK,4.5,10.7,2.76797,4.00795,6.2
1.4,forward_ramp_lips,3,TROT,10.7,12.1,4.00795,4.77496,1.4
1.4,forward_ramp_lips,3,WALK,12.1,26.9,4.77496,7.72028,14.8
1.4,forward_ramp_lips,3,TROT,26.9,28.3,7.72028,8.48386,1.4
1.4,forward_ramp_lips,3,WALK,28.3,35.2,8.48386,9.86189,6.9
1.4,forward_ramp_lips,3,TROT,35.2,36.6,9.86189,10.6148,1.4
1.4,forward_ramp_lips,3,WALK,36.6,42.9,10.6148,11.8738,6.3
1.4,forward_ramp_lips,3,TROT,42.9,44.3,11.8738,12.5972,1.4
1.4,forward_ramp_lips,3,WALK,44.3,46.4,12.5972,13.017,2.1
1.4,forward_ramp_lips,3,RUN,46.4,49.5,13.017,14.5,3.1
1.4,forward_ramp_lips,4,TROT,0,1.3,1,1.66452,1.3
1.4,forward_ramp_lips,4,WALK,1.3,12.6,1.66452,3.91297,11.3
1.4,forward_ramp_lips,4,TROT,12.6,14,3.91297,4.67731,1.4
1.4,forward_ramp_lips,4,WALK,14,39.6,4.67731,9.77357,25.6
1.4,forward_ramp_lips,4,TROT,39.6,41,9.77357,10.5356,1.4
1.4,forward_ramp_lips,4,WALK,41,51.7,10.5356,12.6593,10.7
1.4,forward_ramp_lips,4,RUN,51.7,55,12.6593,14.2,3.3
1.4,forward_ramp_lips,5,TROT,0,1.3,1,1.66488,1.3
1.4,forward_ramp_lips,5,WALK,1.3,49.9,1.66488,11.3145,48.6
1.4,forward_ramp_lips,5,RUN,49.9,53.2,11.3145,12.85,3.3
1.4,forward_ramp_lips,6,TROT,0,1.3,1,1.66473,1.3
1.4,forward_ramp_lips,6,WALK,1.3,3.1,1.66473,2.02413,1.8
1.4,forward_ramp_lips,6,TROT,3.1,4.5,2.02413,2.75675,1.4
1.4,forward_ramp_lips,6,WALK,4.5,30.1,2.75675,7.85944,25.6
1.4,forward_ramp_lips,6,TROT,30.1,31.5,7.85944,8.5843,1.4
1.4,forward_ramp_lips,6,WALK,31.5,54.1,8.5843,13.0676,22.6
1.4,forward_ramp_lips,6,RUN,54.1,57.3,13.0676,14.6,3.2
1.4,forward_ramp_lips,7,TROT,0,1.3,1,1.66466,1.3
1.4,forward_ramp_lips,7,WALK,1.3,3.1,1.66466,2.02393,1.8
1.4,forward_ramp_lips,7,TROT,3.1,4.5,2.02393,2.78416,1.4
1.4,forward_ramp_lips,7,WALK,4.5,10.9,2.78416,4.06284,6.4
1.4,forward_ramp_lips,7,TROT,10.9,12.3,4.06284,4.81095,1.4
1.4,forward_ramp_lips,7,WALK,12.3,47.9,4.81095,11.9082,35.6
1.4,forward_ramp_lips,7,TROT,47.9,49.3,11.9082,12.6519,1.4
1.4,forward_ramp_lips,7,WALK,49.3,51.4,12.6519,13.0718,2.1
1.4,forward_ramp_lips,7,RUN,51.4,54.6,13.0718,14.6,3.2
1.4,forward_ramp_lips,8,TROT,0,1.3,1,1.66457,1.3
1.4,forward_ramp_lips,8,WALK,1.3,54.1,1.66457,12.1418,52.8
1.4,forward_ramp_lips,8,RUN,54.1,57.5,12.1418,13.75,3.4
1.4,forward_ramp_lips,9,TROT,0,1.3,1,1.66435,1.3
1.4,forward_ramp_lips,9,WALK,1.3,58.2,1.66435,12.9593,56.9
1.4,forward_ramp_lips,9,RUN,58.2,61.6,12.9593,14.55,3.4
1.4,sphere_bump_lips,0,TROT,0,1.3,1,1.65943,1.3
1.4,sphere_bump_lips,0,WALK,1.3,20.2,1.65943,5.22103,18.9
1.4,sphere_bump_lips,0,RUN,20.2,22.2,5.22103,6.13963,2
1.4,sphere_bump_lips,0,TROT,22.2,23.6,6.13963,6.87643,1.4
1.4,sphere_bump_lips,0,WALK,23.6,29.5,6.87643,7.97566,5.9
1.4,sphere_bump_lips,0,RUN,29.5,30.9,7.97566,8.57671,1.4
1.4,sphere_bump_lips,0,WALK,30.9,48.7,8.57671,11.8617,17.8
1.4,sphere_bump_lips,0,RUN,48.7,50.1,11.8617,12.3901,1.4
1.4,sphere_bump_lips,0,WALK,50.1,60,12.3901,14.0182,9.9
1.4,sphere_bump_lips,0,RUN,60,61.6,14.0182,14.7481,1.6
1.4,sphere_bump_lips,0,TROT,61.6,63,14.7481,15.4799,1.4
1.4,sphere_bump_lips,0,WALK,63,64.8,15.4799,15.822,1.8
1.4,sphere_bump_lips,0,RUN,64.8,66,15.822,16.35,1.2
1.4,sphere_bump_lips,1,TROT,0,1.3,1,1.665,1.3
1.4,sphere_bump_lips,1,WALK,1.3,10.5,1.665,3.47453,9.2
1.4,sphere_bump_lips,1,RUN,10.5,11.9,3.47453,4.10374,1.4
1.4,sphere_bump_lips,1,WALK,11.9,19.1,4.10374,5.42049,7.2
1.4,sphere_bump_lips,1,RUN,19.1,20.5,5.42049,6.01874,1.4
1.4,sphere_bump_lips,1,WALK,20.5,29.6,6.01874,7.6274,9.1
1.4,sphere_bump_lips,1,RUN,29.6,31,7.6274,8.23124,1.4
1.4,sphere_bump_lips,1,WALK,31,39.4,8.23124,9.71904,8.4
1.4,sphere_bump_lips,1,RUN,39.4,40.8,9.71904,10.3146,1.4
1.4,sphere_bump_lips,1,WALK,40.8,58.6,10.3146,13.669,17.8
1.4,sphere_bump_lips,1,RUN,58.6,61,13.669,14.8181,2.4
1.4,sphere_bump_lips,1,WALK,61,66.2,14.8181,15.8556,5.2
1.4,sphere_bump_lips,1,RUN,66.2,66.8,15.8556,16.1,0.6
1.4,sphere_bump_lips,2,TROT,0,1.3,1,1.64897,1.3
1.4,sphere_bump_lips,2,RUN,1.3,2.7,1.64897,2.25569,1.4
1.4,sphere_bump_lips,2,WALK,2.7,6.2,2.25569,2.90652,3.5
1.4,sphere_bump_lips,2,RUN,6.2,7.6,2.90652,3.57203,1.4
1.4,sphere_bump_lips,2,WALK,7.6,17.1,3.57203,5.41865,9.5
1.4,sphere_bump_lips,2,RUN,17.1,18.5,5.41865,6.03799,1.4
1.4,sphere_bump_lips,2,WALK,18.5,25.3,6.03799,7.30988,6.8
1.4,sphere_bump_lips,2,RUN,25.3,26.7,7.30988,7.98164,1.4
1.4,sphere_bump_lips,2,WALK,26.7,32.9,7.98164,9.20967,6.2
1.4,sphere_bump_lips,2,RUN,32.9,34.3,9.20967,9.88107,1.4
1.4,sphere_bump_lips,2,WALK,34.3,42.9,9.88107,11.5244,8.6
1.4,sphere_bump_lips,2,RUN,42.9,44.3,11.5244,12.0982,1.4
1.4,sphere_bump_lips,2,WALK,44.3,53,12.0982,13.6208,8.7
1.4,sphere_bump_lips,2,RUN,53,54.4,13.6208,14.2765,1.4
1.4,sphere_bump_lips,2,TROT,54.4,55.8,14.2765,15.0278,1.4
1.4,sphere_bump_lips,2,WALK,55.8,57.6,15.0278,15.379,1.8
1.4,sphere_bump_lips,2,RUN,57.6,58.3,15.379,15.7,0.7
1.4,sphere_bump_lips,3,TROT,0,1.3,1,1.64019,1.3
1.4,sphere_bump_lips,3,RUN,1.3,2.7,1.64019,2.21115,1.4
1.4,sphere_bump_lips,3,WALK,2.7,9,2.21115,3.27653,6.3
1.4,sphere_bump_lips,3,RUN,9,10.4,3.27653,3.85398,1.4
1.4,sphere_bump_lips,3,WALK,10.4,28.2,3.85398,7.17349,17.8
1.4,sphere_bump_lips,3,RUN,28.2,29.6,7.17349,7.83398,1.4
1.4,sphere_bump_lips,3,WALK,29.6,38.5,7.83398,9.52444,8.9
1.4,sphere_bump_lips,3,RUN,38.5,39.9,9.52444,10.0982,1.4
1.4,sphere_bump_lips,3,WALK,39.9,48.6,10.0982,11.6164,8.7
1.4,sphere_bump_lips,3,RUN,48.6,50,11.6164,12.2643,1.4
1.4,sphere_bump_lips,3,WALK,50,57,12.2643,13.6085,7
1.4,sphere_bump_lips,3,RUN,57,60.9,13.6085,15.45,3.9
1.4,sphere_bump_lips,4,TROT,0,1.3,1,1.63125,1.3
1.4,sphere_bump_lips,4,RUN,1.3,2.7,1.63125,2.16578,1.4
1.4,sphere_bump_lips,4,WALK,2.7,7,2.16578,2.90652,4.3
1.4,sphere_bump_lips,4,RUN,7,8.4,2.90652,3.57203,1.4
1.4,sphere_bump_lips,4,WALK,8.4,26.2,3.57203,7.06958,17.8
1.4,sphere_bump_lips,4,RUN,26.2,27.6,7.06958,7.72315,1.4
1.4,sphere_bump_lips,4,WALK,27.6,35.9,7.72315,9.3259,8.3
1.4,sphere_bump_lips,4,RUN,35.9,37.3,9.3259,9.97004,1.4
1.4,sphere_bump_lips,4,WALK,37.3,51.9,9.97004,12.8193,14.6
1.4,sphere_bump_lips,4,RUN,51.9,56,12.8193,14.75,4.1
1.4,sphere_bump_lips,5,TROT,0,1.3,1,1.6339,1.3
1.4,sphere_bump_lips,5,RUN,1.3,2.7,1.6339,2.17925,1.4
1.4,sphere_bump_lips,5,WALK,2.7,8.1,2.17925,3.07477,5.4
1.4,sphere_bump_lips,5,RUN,8.1,9.6,3.07477,3.7243,1.5
1.4,sphere_bump_lips,5,WALK,9.6,18.7,3.7243,5.32088,9.1
1.4,sphere_bump_lips,5,RUN,18.7,20.1,5.32088,5.85625,1.4
1.4,sphere_bump_lips,5,WALK,20.1,25.9,5.85625,6.77794,5.8
1.4,sphere_bump_lips,5,RUN,25.9,27.7,6.77794,7.48425,1.8
1.4,sphere_bump_lips,5,WALK,27.7,36.9,7.48425,9.01979,9.2
1.4,sphere_bump_lips,5,RUN,36.9,38.3,9.01979,9.65184,1.4
1.4,sphere_bump_lips,5,WALK,38.3,44.5,9.65184,10.8147,6.2
1.4,sphere_bump_lips,5,RUN,44.5,45.9,10.8147,11.4756,1.4
1.4,sphere_bump_lips,5,WALK,45.9,52.2,11.4756,12.7158,6.3
1.4,sphere_bump_lips,5,RUN,52.2,56.1,12.7158,14.55,3.9
1.4,sphere_bump_lips,6,TROT,0,1.3,1,1.65791,1.3
1.4,sphere_bump_lips,6,RUN,1.3,2.7,1.65791,2.30103,1.4
1.4,sphere_bump_lips,6,WALK,2.7,23.9,2.30103,6.38254,21.2
1.4,sphere_bump_lips,6,RUN,23.9,25.3,6.38254,7.03365,1.4
1.4,sphere_bump_lips,6,WALK,25.3,42.2,7.03365,10.2178,16.9
1.4,sphere_bump_lips,6,RUN,42.2,43.6,10.2178,10.885,1.4
1.4,sphere_bump_lips,6,WALK,43.6,50.6,10.885,12.2597,7
1.4,sphere_bump_lips,6,RUN,50.6,54.4,12.2597,14.05,3.8
1.4,sphere_bump_lips,7,TROT,0,1.3,1,1.65592,1.3
1.4,sphere_bump_lips,7,RUN,1.3,2.7,1.65592,2.29095,1.4
1.4,sphere_bump_lips,7,WALK,2.7,15.5,2.29095,4.56678,12.8
1.4,sphere_bump_lips,7,RUN,15.5,16.9,4.56678,5.23203,1.4
1.4,sphere_bump_lips,7,WALK,16.9,24.2,5.23203,6.66753,7.3
1.4,sphere_bump_lips,7,RUN,24.2,25.6,6.66753,7.33434,1.4
1.4,sphere_bump_lips,7,WALK,25.6,40.3,7.33434,10.1282,14.7
1.4,sphere_bump_lips,7,RUN,40.3,41.7,10.1282,10.678,1.4
1.4,sphere_bump_lips,7,WALK,41.7,49.6,10.678,12.012,7.9
1.4,sphere_bump_lips,7,RUN,49.6,53.7,12.012,13.9,4.1
1.4,sphere_bump_lips,8,TROT,0,1.3,1,1.6392,1.3
1.4,sphere_bump_lips,8,RUN,1.3,2.7,1.6392,2.20614,1.4
1.4,sphere_bump_lips,8,WALK,2.7,6.6,2.20614,2.86147,3.9
1.4,sphere_bump_lips,8,RUN,6.6,8,2.86147,3.44717,1.4
1.4,sphere_bump_lips,8,WALK,8,14,3.44717,4.51988,6
1.4,sphere_bump_lips,8,RUN,14,15.4,4.51988,5.19164,1.4
1.4,sphere_bump_lips,8,WALK,15.4,21.4,5.19164,6.36715,6
1.4,sphere_bump_lips,8,RUN,21.4,22.8,6.36715,6.99399,1.4
1.4,sphere_bump_lips,8,WALK,22.8,37.3,6.99399,9.67548,14.5
1.4,sphere_bump_lips,8,RUN,37.3,38.7,9.67548,10.3366,1.4
1.4,sphere_bump_lips,8,WALK,38.7,46.6,10.3366,11.867,7.9
1.4,sphere_bump_lips,8,RUN,46.6,50.2,11.867,13.5,3.6
1.4,sphere_bump_lips,9,TROT,0,1.3,1,1.65196,1.3
1.4,sphere_bump_lips,9,RUN,1.3,2.7,1.65196,2.27085,1.4
1.4,sphere_bump_lips,9,WALK,2.7,7,2.27085,3.06134,4.3
1.4,sphere_bump_lips,9,RUN,7,8.4,3.06134,3.68855,1.4
1.4,sphere_bump_lips,9,WALK,8.4,15.3,3.68855,4.93503,6.9
1.4,sphere_bump_lips,9,RUN,15.3,16.7,4.93503,5.45312,1.4
1.4,sphere_bump_lips,9,WALK,16.7,21.1,5.45312,6.16454,4.4
1.4,sphere_bump_lips,9,RUN,21.1,22.7,6.16454,6.84175,1.6
1.4,sphere_bump_lips,9,WALK,22.7,36.1,6.84175,9.24017,13.4
1.4,sphere_bump_lips,9,RUN,36.1,37.5,9.24017,9.86093,1.4
1.4,sphere_bump_lips,9,WALK,37.5,45.6,9.86093,11.3699,8.1
1.4,sphere_bump_lips,9,RUN,45.6,49.4,11.3699,13.15,3.8
1.4,forward_ramp_no_lips,0,TROT,0,1.3,1,1.66482,1.3
1.4,forward_ramp_no_lips,0,WALK,1.3,43.5,1.66482,10.009,42.2
1.4,forward_ramp_no_lips,0,RUN,43.5,45.6,10.009,11,2.1
1.4,forward_ramp_no_lips,1,TROT,0,1.4,1,1.72,1.4
1.4,forward_ramp_no_lips,1,WALK,1.4,43,1.72,9.96976,41.6
1.4,forward_ramp_no_lips,1,RUN,43,45.1,9.96976,10.95,2.1
1.4,forward_ramp_no_lips,2,TROT,0,1.4,1,1.7192,1.4
1.4,forward_ramp_no_lips,2,WALK,1.4,41.6,1.7192,9.66981,40.2
1.4,forward_ramp_no_lips,2,RUN,41.6,43.8,9.66981,10.7,2.2
1.4,forward_ramp_no_lips,3,TROT,0,1.3,1,1.66495,1.3
1.4,forward_ramp_no_lips,3,WALK,1.3,42,1.66495,9.71999,40.7
1.4,forward_ramp_no_lips,3,RUN,42,44.2,9.71999,10.75,2.2
1.4,forward_ramp_no_lips,4,TROT,0,1.3,1,1.66499,1.3
1.4,forward_ramp_no_lips,4,WALK,1.3,43.5,1.66499,10.01,42.2
1.4,forward_ramp_no_lips,4,RUN,43.5,45.8,10.01,11.1,2.3
1.4,forward_ramp_no_lips,5,TROT,0,1.3,1,1.66427,1.3
1.4,forward_ramp_no_lips,5,WALK,1.3,43.6,1.66427,10.06,42.3
1.4,forward_ramp_no_lips,5,RUN,43.6,46,10.06,11.2,2.4
1.4,forward_ramp_no_lips,6,TROT,0,1.3,1,1.66454,1.3
1.4,forward_ramp_no_lips,6,WALK,1.3,40.9,1.66454,9.51997,39.6
1.4,forward_ramp_no_lips,6,RUN,40.9,43.3,9.51997,10.65,2.4
1.4,forward_ramp_no_lips,7,TROT,0,1.3,1,1.6649,1.3
1.4,forward_ramp_no_lips,7,WALK,1.3,41.2,1.6649,9.56955,39.9
1.4,forward_ramp_no_lips,7,RUN,41.2,43.7,9.56955,10.75,2.5
1.4,forward_ramp_no_lips,8,TROT,0,1.3,1,1.66497,1.3
1.4,forward_ramp_no_lips,8,WALK,1.3,43,1.66497,9.9098,41.7
1.4,forward_ramp_no_lips,8,RUN,43,45.6,9.9098,11.15,2.6
1.4,forward_ramp_no_lips,9,TROT,0,1.3,1,1.66495,1.3
1.4,forward_ramp_no_lips,9,WALK,1.3,43,1.66495,9.91994,41.7
1.4,forward_ramp_no_lips,9,RUN,43,45.6,9.91994,11.15,2.6
1.4,flush_a_frame,0,TROT,0,1.3,1,1.66488,1.3
1.4,flush_a_frame,0,WALK,1.3,63.1,1.66488,13.93,61.8
1.4,flush_a_frame,0,TROT,63.1,64.9,13.93,14.9199,1.8
1.4,flush_a_frame,0,RUN,64.9,65.3,14.9199,15.1,0.4
1.4,flush_a_frame,1,TROT,0,1.3,1,1.665,1.3
1.4,flush_a_frame,1,WALK,1.3,58.5,1.665,13.02,57.2
1.4,flush_a_frame,1,RUN,58.5,60.8,13.02,14.1,2.3
1.4,flush_a_frame,2,TROT,0,1.3,1,1.66491,1.3
1.4,flush_a_frame,2,WALK,1.3,59.2,1.66491,13.1593,57.9
1.4,flush_a_frame,2,RUN,59.2,61.6,13.1593,14.3,2.4
1.4,flush_a_frame,3,TROT,0,1.3,1,1.66453,1.3
1.4,flush_a_frame,3,WALK,1.3,61.1,1.66453,13.5593,59.8
1.4,flush_a_frame,3,RUN,61.1,63.5,13.5593,14.7,2.4
1.4,flush_a_frame,4,TROT,0,1.3,1,1.66485,1.3
1.4,flush_a_frame,4,WALK,1.3,63.5,1.66485,14.0199,62.2
1.4,flush_a_frame,4,RUN,63.5,66,14.0199,15.2,2.5
1.4,flush_a_frame,5,TROT,0,1.3,1,1.66479,1.3
1.4,flush_a_frame,5,WALK,1.3,57.9,1.66479,12.9094,56.6
1.4,flush_a_frame,5,RUN,57.9,60.4,12.9094,14.1,2.5
1.4,flush_a_frame,6,TROT,0,1.3,1,1.66466,1.3
1.4,flush_a_frame,6,WALK,1.3,54.8,1.66466,12.2696,53.5
1.4,flush_a_frame,6,RUN,54.8,57.4,12.2696,13.5,2.6
1.4,flush_a_frame,7,TROT,0,1.3,1,1.66429,1.3
1.4,flush_a_frame,7,WALK,1.3,54.9,1.66429,12.3098,53.6
1.4,flush_a_frame,7,RUN,54.9,57.6,12.3098,13.6,2.7
1.4,flush_a_frame,8,TROT,0,1.3,1,1.665,1.3
1.4,flush_a_frame,8,WALK,1.3,61.5,1.665,13.6193,60.2
1.4,flush_a_frame,8,RUN,61.5,64.2,13.6193,14.9,2.7
1.4,flush_a_frame,9,TROT,0,1.3,1,1.66476,1.3
1.4,flush_a_frame,9,WALK,1.3,57.2,1.66476,12.76,55.9
1.4,flush_a_frame,9,RUN,57.2,60,12.76,14.1,2.8
1.4,sphere_bump,0,TROT,0,1.3,1,1.65449,1.3
1.4,sphere_bump,0,WALK,1.3,8.8,1.65449,3.06123,7.5
1.4,sphere_bump,0,TROT,8.8,10.2,3.06123,3.7932,1.4
1.4,sphere_bump,0,WALK,10.2,19.2,3.7932,5.50913,9
1.4,sphere_bump,0,TROT,19.2,20.6,5.50913,6.27726,1.4
1.4,sphere_bump,0,WALK,20.6,36.3,6.27726,9.37095,15.7
1.4,sphere_bump,0,TROT,36.3,37.7,9.37095,10.1226,1.4
1.4,sphere_bump,0,WALK,37.7,45.3,10.1226,11.6099,7.6
1.4,sphere_bump,0,TROT,45.3,46.7,11.6099,12.3797,1.4
1.4,sphere_bump,0,WALK,46.7,54.2,12.3797,13.8459,7.5
1.4,sphere_bump,0,TROT,54.2,56,13.8459,14.7791,1.8
1.4,sphere_bump,0,RUN,56,58.4,14.7791,15.85,2.4
1.4,sphere_bump,1,TROT,0,1.3,1,1.64104,1.3
1.4,sphere_bump,1,RUN,1.3,2.7,1.64104,2.21546,1.4
1.4,sphere_bump,1,WALK,2.7,8.8,2.21546,3.29678,6.1
1.4,sphere_bump,1,TROT,8.8,10.2,3.29678,4.06058,1.4
1.4,sphere_bump,1,WALK,10.2,26.5,4.06058,7.0852,16.3
1.4,sphere_bump,1,TROT,26.5,27.9,7.0852,7.8468,1.4
1.4,sphere_bump,1,WALK,27.9,36.1,7.8468,9.38913,8.2
1.4,sphere_bump,1,RUN,36.1,37.6,9.38913,9.99819,1.5
1.4,sphere_bump,1,WALK,37.6,47.3,9.99819,11.6512,9.7
1.4,sphere_bump,1,TROT,47.3,48.7,11.6512,12.3271,1.4
1.4,sphere_bump,1,WALK,48.7,57.5,12.3271,13.915,8.8
1.4,sphere_bump,1,TROT,57.5,59.3,13.915,14.8932,1.8
1.4,sphere_bump,1,RUN,59.3,61.2,14.8932,15.75,1.9
1.4,sphere_bump,2,TROT,0,1.3,1,1.65653,1.3
1.4,sphere_bump,2,WALK,1.3,8.5,1.65653,3.02373,7.2
1.4,sphere_bump,2,RUN,8.5,9.9,3.02373,3.68695,1.4
1.4,sphere_bump,2,WALK,9.9,27.1,3.68695,7.05164,17.2
1.4,sphere_bump,2,TROT,27.1,28.5,7.05164,7.75451,1.4
1.4,sphere_bump,2,WALK,28.5,35.2,7.75451,8.99905,6.7
1.4,sphere_bump,2,TROT,35.2,36.6,8.99905,9.75071,1.4
1.4,sphere_bump,2,WALK,36.6,44.9,9.75071,11.3662,8.3
1.4,sphere_bump,2,RUN,44.9,46.3,11.3662,12.0222,1.4
1.4,sphere_bump,2,WALK,46.3,53.6,12.0222,13.4287,7.3
1.4,sphere_bump,2,TROT,53.6,55.3,13.4287,14.3138,1.7
1.4,sphere_bump,2,WALK,55.3,60.6,14.3138,15.3172,5.3
1.4,sphere_bump,2,RUN,60.6,60.8,15.3172,15.4,0.2
1.4,sphere_bump,3,TROT,0,1.3,1,1.6532,1.3
1.4,sphere_bump,3,RUN,1.3,2.7,1.6532,2.27713,1.4
1.4,sphere_bump,3,WALK,2.7,8.9,2.27713,3.34554,6.2
1.4,sphere_bump,3,TROT,8.9,10.3,3.34554,3.92393,1.4
1.4,sphere_bump,3,WALK,10.3,17.3,3.92393,5.02035,7
1.4,sphere_bump,3,TROT,17.3,18.7,5.02035,5.69932,1.4
1.4,sphere_bump,3,WALK,18.7,44.6,5.69932,10.6226,25.9
1.4,sphere_bump,3,TROT,44.6,46.1,10.6226,11.3546,1.5
1.4,sphere_bump,3,WALK,46.1,56.3,11.3546,13.1778,10.2
1.4,sphere_bump,3,TROT,56.3,58.1,13.1778,14.0984,1.8
1.4,sphere_bump,3,RUN,58.1,59.6,14.0984,14.768,1.5
1.4,sphere_bump,3,WALK,59.6,60.4,14.768,14.9,0.8
1.4,sphere_bump,4,TROT,0,1.3,1,1.65653,1.3
1.4,sphere_bump,4,WALK,1.3,10.2,1.65653,3.33942,8.9
1.4,sphere_bump,4,TROT,10.2,11.6,3.33942,4.06414,1.4
1.4,sphere_bump,4,WALK,11.6,57.2,4.06414,12.574,45.6
1.4,sphere_bump,4,RUN,57.2,61.4,12.574,14.5647,4.2
1.4,sphere_bump,4,WALK,61.4,61.6,14.5647,14.6,0.2
1.4,sphere_bump,5,TROT,0,1.3,1,1.65759,1.3
1.4,sphere_bump,5,WALK,1.3,47.7,1.65759,10.3719,46.4
1.4,sphere_bump,5,TROT,47.7,49.1,10.3719,11.078,1.4
1.4,sphere_bump,5,WALK,49.1,58,11.078,12.7196,8.9
1.4,sphere_bump,5,RUN,58,61.6,12.7196,14.3,3.6
1.4,sphere_bump,6,TROT,0,1.3,1,1.66484,1.3
1.4,sphere_bump,6,WALK,1.3,9,1.66484,3.17388,7.7
1.4,sphere_bump,6,TROT,9,10.4,3.17388,3.92089,1.4
1.4,sphere_bump,6,WALK,10.4,24.5,3.92089,6.60506,14.1
1.4,sphere_bump,6,RUN,24.5,25.9,6.60506,7.17135,1.4
1.4,sphere_bump,6,WALK,25.9,33.3,7.17135,8.42647,7.4
1.4,sphere_bump,6,RUN,33.3,34.7,8.42647,9.01941,1.4
1.4,sphere_bump,6,WALK,34.7,53.5,9.01941,12.3111,18.8
1.4,sphere_bump,6,RUN,53.5,57.4,12.3111,14.1,3.9
1.4,sphere_bump,7,TROT,0,1.3,1,1.654,1.3
1.4,sphere_bump,7,WALK,1.3,10.3,1.654,3.25236,9
1.4,sphere_bump,7,RUN,10.3,11.7,3.25236,3.7952,1.4
1.4,sphere_bump,7,WALK,11.7,44.7,3.7952,9.85907,33
1.4,sphere_bump,7,RUN,44.7,46.1,9.85907,10.5297,1.4
1.4,sphere_bump,7,WALK,46.1,55,10.5297,12.2697,8.9
1.4,sphere_bump,7,RUN,55,58.1,12.2697,13.7,3.1
1.4,sphere_bump,8,TROT,0,1.3,1,1.66406,1.3
1.4,sphere_bump,8,WALK,1.3,44.2,1.66406,9.81869,42.9
1.4,sphere_bump,8,RUN,44.2,45.6,9.81869,10.4893,1.4
1.4,sphere_bump,8,WALK,45.6,53.3,10.4893,12.0094,7.7
1.4,sphere_bump,8,RUN,53.3,56.4,12.0094,13.45,3.1
1.4,sphere_bump,9,TROT,0,1.3,1,1.63024,1.3
1.4,sphere_bump,9,RUN,1.3,2.7,1.63024,2.16069,1.4
1.4,sphere_bump,9,WALK,2.7,7,2.16069,2.92456,4.3
1.4,sphere_bump,9,RUN,7,8.4,2.92456,3.57734,1.4
1.4,sphere_bump,9,WALK,8.4,24.4,3.57734,6.40877,16
1.4,sphere_bump,9,TROT,24.4,25.8,6.40877,7.17672,1.4
1.4,sphere_bump,9,WALK,25.8,49.3,7.17672,11.4696,23.5
1.4,sphere_bump,9,RUN,49.3,53.2,11.4696,13.25,3.9
1.4,box_jump_even,0,TROT,0,1.3,1,1.66493,1.3
1.4,box_jump_even,0,RUN,1.3,2.7,1.66493,2.33666,1.4
1.4,box_jump_even,0,WALK,2.7,5.7,2.33666,2.9182,3
1.4,box_jump_even,0,RUN,5.7,7.1,2.9182,3.58886,1.4
1.4,box_jump_even,0,WALK,7.1,10.5,3.58886,4.26001,3.4
1.4,box_jump_even,0,RUN,10.5,11.9,4.26001,4.92802,1.4
1.4,box_jump_even,0,WALK,11.9,15.6,4.92802,5.66307,3.7
1.4,box_jump_even,0,RUN,15.6,17,5.66307,6.33256,1.4
1.4,box_jump_even,0,WALK,17,21.2,6.33256,7.1708,4.2
1.4,box_jump_even,0,RUN,21.2,22.6,7.1708,7.84279,1.4
1.4,box_jump_even,0,WALK,22.6,26.5,7.84279,8.62049,3.9
1.4,box_jump_even,0,RUN,26.5,27.9,8.62049,9.29032,1.4
1.4,box_jump_even,0,WALK,27.9,31.9,9.29032,10.0711,4
1.4,box_jump_even,0,RUN,31.9,33.8,10.0711,10.95,1.9
1.4,box_jump_even,1,TROT,0,1.3,1,1.66452,1.3
1.4,box_jump_even,1,RUN,1.3,2.7,1.66452,2.33455,1.4
1.4,box_jump_even,1,WALK,2.7,6.9,2.33455,3.1618,4.2
1.4,box_jump_even,1,RUN,6.9,8.3,3.1618,3.8338,1.4
1.4,box_jump_even,1,WALK,8.3,12.3,3.8338,4.62159,4
1.4,box_jump_even,1,RUN,12.3,13.7,4.62159,5.29203,1.4
1.4,box_jump_even,1,WALK,13.7,17.6,5.29203,6.0668,3.9
1.4,box_jump_even,1,RUN,17.6,19,6.0668,6.73876,1.4
1.4,box_jump_even,1,WALK,19,22.2,6.73876,7.35976,3.2
1.4,box_jump_even,1,RUN,22.2,23.6,7.35976,8.03175,1.4
1.4,box_jump_even,1,WALK,23.6,28.4,8.03175,8.97328,4.8
1.4,box_jump_even,1,RUN,28.4,29.8,8.97328,9.64523,1.4
1.4,box_jump_even,1,WALK,29.8,33.5,9.64523,10.3749,3.7
1.4,box_jump_even,1,RUN,33.5,35.4,10.3749,11.25,1.9
1.4,box_jump_even,2,TROT,0,1.3,1,1.66498,1.3
1.4,box_jump_even,2,RUN,1.3,2.7,1.66498,2.33688,1.4
1.4,box_jump_even,2,WALK,2.7,6.1,2.33688,3.0082,3.4
1.4,box_jump_even,2,RUN,6.1,7.5,3.0082,3.67976,1.4
1.4,box_jump_even,2,WALK,7.5,11.8,3.67976,4.52291,4.3
1.4,box_jump_even,2,RUN,11.8,13.2,4.52291,5.19443,1.4
1.4,box_jump_even,2,WALK,13.2,17.4,5.19443,6.01721,4.2
1.4,box_jump_even,2,RUN,17.4,18.8,6.01721,6.68669,1.4
1.4,box_jump_even,2,WALK,18.8,23.5,6.68669,7.62308,4.7
1.4,box_jump_even,2,RUN,23.5,24.9,7.62308,8.29507,1.4
1.4,box_jump_even,2,WALK,24.9,29.1,8.29507,9.11504,4.2
1.4,box_jump_even,2,RUN,29.1,30.5,9.11504,9.78698,1.4
1.4,box_jump_even,2,WALK,30.5,34.4,9.78698,10.5597,3.9
1.4,box_jump_even,2,RUN,34.4,36.3,10.5597,11.45,1.9
1.4,box_jump_even,3,TROT,0,1.3,1,1.66434,1.3
1.4,box_jump_even,3,RUN,1.3,2.7,1.66434,2.33367,1.4
1.4,box_jump_even,3,WALK,2.7,6.9,2.33367,3.16,4.2
1.4,box_jump_even,3,RUN,6.9,8.3,3.16,3.82878,1.4
1.4,box_jump_even,3,WALK,8.3,11.5,3.82878,4.459,3.2
1.4,box_jump_even,3,RUN,11.5,12.9,4.459,5.131,1.4
1.4,box_jump_even,3,WALK,12.9,16.1,5.131,5.76003,3.2
1.4,box_jump_even,3,RUN,16.1,17.5,5.76003,6.43071,1.4
1.4,box_jump_even,3,WALK,17.5,21,6.43071,7.10783,3.5
1.4,box_jump_even,3,RUN,21,22.4,7.10783,7.77662,1.4
1.4,box_jump_even,3,WALK,22.4,25.6,7.77662,8.4129,3.2
1.4,box_jump_even,3,RUN,25.6,27,8.4129,9.08174,1.4
1.4,box_jump_even,3,WALK,27,31,9.08174,9.86639,4
1.4,box_jump_even,3,RUN,31,32.9,9.86639,10.75,1.9
1.4,box_jump_even,4,TROT,0,1.3,1,1.66492,1.3
1.4,box_jump_even,4,RUN,1.3,2.7,1.66492,2.3366,1.4
1.4,box_jump_even,4,WALK,2.7,6.5,2.3366,3.07574,3.8
1.4,box_jump_even,4,RUN,6.5,7.9,3.07574,3.74619,1.4
1.4,box_jump_even,4,WALK,7.9,12.5,3.74619,4.66103,4.6
1.4,box_jump_even,4,RUN,12.5,13.9,4.66103,5.33303,1.4
1.4,box_jump_even,4,WALK,13.9,17.6,5.33303,6.06268,3.7
1.4,box_jump_even,4,RUN,17.6,19,6.06268,6.73163,1.4
1.4,box_jump_even,4,WALK,19,22.2,6.73163,7.35871,3.2
1.4,box_jump_even,4,RUN,22.2,23.6,7.35871,8.03071,1.4
1.4,box_jump_even,4,WALK,23.6,27.1,8.03071,8.71249,3.5
1.4,box_jump_even,4,RUN,27.1,28.5,8.71249,9.38357,1.4
1.4,box_jump_even,4,WALK,28.5,32.9,9.38357,10.2629,4.4
1.4,box_jump_even,4,RUN,32.9,34.8,10.2629,11.15,1.9
1.4,box_jump_even,5,TROT,0,1.3,1,1.66415,1.3
1.4,box_jump_even,5,RUN,1.3,2.7,1.66415,2.3327,1.4
1.4,box_jump_even,5,WALK,2.7,6.2,2.3327,3.00942,3.5
1.4,box_jump_even,5,RUN,6.2,7.6,3.00942,3.67721,1.4
1.4,box_jump_even,5,WALK,7.6,11.1,3.67721,4.3654,3.5
1.4,box_jump_even,5,RUN,11.1,12.5,4.3654,5.03341,1.4
1.4,box_jump_even,5,WALK,12.5,17,5.03341,5.92224,4.5
1.4,box_jump_even,5,RUN,17,18.4,5.92224,6.59395,1.4
1.4,box_jump_even,5,WALK,18.4,22.3,6.59395,7.36667,3.9
1.4,box_jump_even,5,RUN,22.3,23.7,7.36667,8.03639,1.4
1.4,box_jump_even,5,WALK,23.7,28.7,8.03639,9.02518,5
1.4,box_jump_even,5,RUN,28.7,30.1,9.02518,9.6968,1.4
1.4,box_jump_even,5,WALK,30.1,34,9.6968,10.474,3.9
1.4,box_jump_even,5,RUN,34,35.9,10.474,11.35,1.9
1.4,box_jump_even,6,TROT,0,1.3,1,1.66494,1.3
1.4,box_jump_even,6,RUN,1.3,2.7,1.66494,2.33669,1.4
1.4,box_jump_even,6,WALK,2.7,7.3,2.33669,3.25519,4.6
1.4,box_jump_even,6,RUN,7.3,8.7,3.25519,3.92702,1.4
1.4,box_jump_even,6,WALK,8.7,12.7,3.92702,4.7107,4
1.4,box_jump_even,6,RUN,12.7,14.1,4.7107,5.3827,1.4
1.4,box_jump_even,6,WALK,14.1,18.3,5.3827,6.22035,4.2
1.4,box_jump_even,6,RUN,18.3,19.7,6.22035,6.89151,1.4
1.4,box_jump_even,6,WALK,19.7,24.1,6.89151,7.76524,4.4
1.4,box_jump_even,6,RUN,24.1,25.5,7.76524,8.43721,1.4
1.4,box_jump_even,6,WALK,25.5,29.9,8.43721,9.3104,4.4
1.4,box_jump_even,6,RUN,29.9,31.3,9.3104,9.97982,1.4
1.4,box_jump_even,6,WALK,31.3,34.8,9.97982,10.6594,3.5
1.4,box_jump_even,6,RUN,34.8,36.7,10.6594,11.55,1.9
1.4,box_jump_even,7,TROT,0,1.3,1,1.66416,1.3
1.4,box_jump_even,7,RUN,1.3,2.7,1.66416,2.33273,1.4
1.4,box_jump_even,7,WALK,2.7,6.7,2.33273,3.11836,4
1.4,box_jump_even,7,RUN,6.7,8.1,3.11836,3.78822,1.4
1.4,box_jump_even,7,WALK,8.1,13,3.78822,4.76515,4.9
1.4,box_jump_even,7,RUN,13,14.4,4.76515,5.4369,1.4
1.4,box_jump_even,7,WALK,14.4,18.6,5.4369,6.26126,4.2
1.4,box_jump_even,7,RUN,18.6,20,6.26126,6.93316,1.4
1.4,box_jump_even,7,WALK,20,25,6.93316,7.91448,5
1.4,box_jump_even,7,RUN,25,26.4,7.91448,8.58475,1.4
1.4,box_jump_even,7,WALK,26.4,31.1,8.58475,9.5121,4.7
1.4,box_jump_even,7,RUN,31.1,32.5,9.5121,10.1817,1.4
1.4,box_jump_even,7,WALK,32.5,37.5,10.1817,11.1669,5
1.4,box_jump_even,7,RUN,37.5,39.4,11.1669,12.05,1.9
1.4,box_jump_even,8,TROT,0,1.3,1,1.66472,1.3
1.4,box_jump_even,8,RUN,1.3,2.7,1.66472,2.33559,1.4
1.4,box_jump_even,8,WALK,2.7,6.5,2.33559,3.07363,3.8
1.4,box_jump_even,8,RUN,6.5,7.9,3.07363,3.74382,1.4
1.4,box_jump_even,8,WALK,7.9,11.5,3.74382,4.45813,3.6
1.4,box_jump_even,8,RUN,11.5,12.9,4.45813,5.12912,1.4
1.4,box_jump_even,8,WALK,12.9,17.9,5.12912,6.11316,5
1.4,box_jump_even,8,RUN,17.9,19.3,6.11316,6.78313,1.4
1.4,box_jump_even,8,WALK,19.3,22.8,6.78313,7.46214,3.5
1.4,box_jump_even,8,RUN,22.8,24.2,7.46214,8.13225,1.4
1.4,box_jump_even,8,WALK,24.2,27.9,8.13225,8.86368,3.7
1.4,box_jump_even,8,RUN,27.9,29.3,8.86368,9.53524,1.4
1.4,box_jump_even,8,WALK,29.3,33.5,9.53524,10.3564,4.2
1.4,box_jump_even,8,RUN,33.5,35.4,10.3564,11.25,1.9
1.4,box_jump_even,9,TROT,0,1.3,1,1.665,1.3
1.4,box_jump_even,9,RUN,1.3,2.7,1.665,2.33699,1.4
1.4,box_jump_even,9,WALK,2.7,7.2,2.33699,3.22212,4.5
1.4,box_jump_even,9,RUN,7.2,8.6,3.22212,3.89351,1.4
1.4,box_jump_even,9,WALK,8.6,14,3.89351,4.96762,5.4
1.4,box_jump_even,9,RUN,14,15.4,4.96762,5.6396,1.4
1.4,box_jump_even,9,WALK,15.4,19.8,5.6396,6.50899,4.4
1.4,box_jump_even,9,RUN,19.8,21.2,6.50899,7.18087,1.4
1.4,box_jump_even,9,WALK,21.2,25.1,7.18087,7.95971,3.9
1.4,box_jump_even,9,RUN,25.1,26.5,7.95971,8.6316,1.4
1.4,box_jump_even,9,WALK,26.5,31.5,8.6316,9.61726,5
1.4,box_jump_even,9,RUN,31.5,32.9,9.61726,10.2888,1.4
1.4,box_jump_even,9,WALK,32.9,38.4,10.2888,11.3712,5.5
1.4,box_jump_even,9,RUN,38.4,40.3,11.3712,12.25,1.9
1.4,box_jump_uneven,0,TROT,0,1.3,1,1.66462,1.3
1.4,box_jump_uneven,0,RUN,1.3,3.1,1.66462,2.52664,1.8
1.4,box_jump_uneven,0,WALK,3.1,7.3,2.52664,3.36381,4.2
1.4,box_jump_uneven,0,RUN,7.3,8.7,3.36381,4.03479,1.4
1.4,box_jump_uneven,0,WALK,8.7,12.1,4.03479,4.70974,3.4
1.4,box_jump_uneven,0,RUN,12.1,14.1,4.70974,5.66969,2
1.4,box_jump_uneven,0,WALK,14.1,18.6,5.66969,6.5589,4.5
1.4,box_jump_uneven,0,RUN,18.6,20.4,6.5589,7.42274,1.8
1.4,box_jump_uneven,0,WALK,20.4,24.9,7.42274,8.31972,4.5
1.4,box_jump_uneven,0,RUN,24.9,26.7,8.31972,9.18365,1.8
1.4,box_jump_uneven,0,WALK,26.7,31.4,9.18365,10.1128,4.7
1.4,box_jump_uneven,0,RUN,31.4,33.4,10.1128,11.0728,2
1.4,box_jump_uneven,0,WALK,33.4,37.7,11.0728,11.9182,4.3
1.4,box_jump_uneven,0,RUN,37.7,39.6,11.9182,12.8,1.9
1.4,box_jump_uneven,1,TROT,0,1.6,1,1.82909,1.6
1.4,box_jump_uneven,1,RUN,1.6,3,1.82909,2.49922,1.4
1.4,box_jump_uneven,1,WALK,3,6.9,2.49922,3.27539,3.9
1.4,box_jump_uneven,1,RUN,6.9,8.3,3.27539,3.9464,1.4
1.4,box_jump_uneven,1,WALK,8.3,11.9,3.9464,4.6597,3.6
1.4,box_jump_uneven,1,RUN,11.9,13.3,4.6597,5.33077,1.4
1.4,box_jump_uneven,1,WALK,13.3,16.8,5.33077,6.01799,3.5
1.4,box_jump_uneven,1,RUN,16.8,18.2,6.01799,6.68902,1.4
1.4,box_jump_uneven,1,WALK,18.2,22.1,6.68902,7.45956,3.9
1.4,box_jump_uneven,1,RUN,22.1,23.9,7.45956,8.3227,1.8
1.4,box_jump_uneven,1,WALK,23.9,28.5,8.3227,9.22255,4.6
1.4,box_jump_uneven,1,RUN,28.5,30.4,9.22255,10.1313,1.9
1.4,box_jump_uneven,1,WALK,30.4,35.1,10.1313,11.056,4.7
1.4,box_jump_uneven,1,RUN,35.1,37,11.056,11.95,1.9
1.4,box_jump_uneven,2,TROT,0,1.6,1,1.82988,1.6
1.4,box_jump_uneven,2,RUN,1.6,3,1.82988,2.50162,1.4
1.4,box_jump_uneven,2,WALK,3,7.9,2.50162,3.46917,4.9
1.4,box_jump_uneven,2,RUN,7.9,9.6,3.46917,4.28517,1.7
1.4,box_jump_uneven,2,WALK,9.6,14.8,4.28517,5.30992,5.2
1.4,box_jump_uneven,2,RUN,14.8,16.9,5.30992,6.31706,2.1
1.4,box_jump_uneven,2,WALK,16.9,21.7,6.31706,7.26325,4.8
1.4,box_jump_uneven,2,RUN,21.7,23.7,7.26325,8.2231,2
1.4,box_jump_uneven,2,WALK,23.7,28.2,8.2231,9.11364,4.5
1.4,box_jump_uneven,2,RUN,28.2,29.6,9.11364,9.78506,1.4
1.4,box_jump_uneven,2,WALK,29.6,33.3,9.78506,10.5065,3.7
1.4,box_jump_uneven,2,RUN,33.3,34.7,10.5065,11.1785,1.4
1.4,box_jump_uneven,2,WALK,34.7,38.7,11.1785,11.9631,4
1.4,box_jump_uneven,2,RUN,38.7,40.6,11.9631,12.85,1.9
1.4,box_jump_uneven,3,TROT,0,1.3,1,1.6643,1.3
1.4,box_jump_uneven,3,WALK,1.3,3.1,1.6643,2.02276,1.8
1.4,box_jump_uneven,3,RUN,3.1,4.5,2.02276,2.66524,1.4
1.4,box_jump_uneven,3,WALK,4.5,6.3,2.66524,3.02454,1.8
1.4,box_jump_uneven,3,RUN,6.3,8,3.02454,3.83895,1.7
1.4,box_jump_uneven,3,WALK,8,13.5,3.83895,4.91868,5.5
1.4,box_jump_uneven,3,RUN,13.5,14.9,4.91868,5.58999,1.4
1.4,box_jump_uneven,3,WALK,14.9,19.4,5.58999,6.47155,4.5
1.4,box_jump_uneven,3,RUN,19.4,21.1,6.47155,7.28753,1.7
1.4,box_jump_uneven,3,WALK,21.1,26,7.28753,8.25798,4.9
1.4,box_jump_uneven,3,RUN,26,27.9,8.25798,9.16973,1.9
1.4,box_jump_uneven,3,WALK,27.9,33,9.16973,10.1716,5.1
1.4,box_jump_uneven,3,RUN,33,34.9,10.1716,11.0831,1.9
1.4,box_jump_uneven,3,WALK,34.9,39.9,11.0831,12.073,5
1.4,box_jump_uneven,3,RUN,39.9,41.8,12.073,12.95,1.9
1.4,box_jump_uneven,4,TROT,0,1.3,1,1.66492,1.3
1.4,box_jump_uneven,4,WALK,1.3,8.1,1.66492,3.01552,6.8
1.4,box_jump_uneven,4,RUN,8.1,9.5,3.01552,3.68488,1.4
1.4,box_jump_uneven,4,WALK,9.5,13.2,3.68488,4.41766,3.7
1.4,box_jump_uneven,4,RUN,13.2,14.8,4.41766,5.18446,1.6
1.4,box_jump_uneven,4,WALK,14.8,20,5.18446,6.21762,5.2
1.4,box_jump_uneven,4,RUN,20,21.4,6.21762,6.8896,1.4
1.4,box_jump_uneven,4,WALK,21.4,25.1,6.8896,7.62166,3.7
1.4,box_jump_uneven,4,RUN,25.1,26.5,7.62166,8.2936,1.4
1.4,box_jump_uneven,4,WALK,26.5,31.4,8.2936,9.27319,4.9
1.4,box_jump_uneven,4,RUN,31.4,33.2,9.27319,10.1369,1.8
1.4,box_jump_uneven,4,WALK,33.2,38.4,10.1369,11.1617,5.2
1.4,box_jump_uneven,4,RUN,38.4,40.3,11.1617,12.05,1.9
1.4,box_jump_uneven,5,TROT,0,1.3,1,1.66438,1.3
1.4,box_jump_uneven,5,WALK,1.3,3.1,1.66438,2.02304,1.8
1.4,box_jump_uneven,5,RUN,3.1,4.5,2.02304,2.68751,1.4
1.4,box_jump_uneven,5,WALK,4.5,6.4,2.68751,3.06592,1.9
1.4,box_jump_uneven,5,RUN,6.4,7.8,3.06592,3.73511,1.4
1.4,box_jump_uneven,5,WALK,7.8,11.7,3.73511,4.5105,3.9
1.4,box_jump_uneven,5,RUN,11.7,13.1,4.5105,5.18234,1.4
1.4,box_jump_uneven,5,WALK,13.1,17.4,5.18234,6.02167,4.3
1.4,box_jump_uneven,5,RUN,17.4,18.8,6.02167,6.69287,1.4
1.4,box_jump_uneven,5,WALK,18.8,23.5,6.69287,7.61664,4.7
1.4,box_jump_uneven,5,RUN,23.5,25.2,7.61664,8.4313,1.7
1.4,box_jump_uneven,5,WALK,25.2,30.7,8.4313,9.52492,5.5
1.4,box_jump_uneven,5,RUN,30.7,32.5,9.52492,10.3878,1.8
1.4,box_jump_uneven,5,WALK,32.5,38,10.3878,11.4689,5.5
1.4,box_jump_uneven,5,RUN,38,39.9,11.4689,12.35,1.9
1.4,box_jump_uneven,6,TROT,0,1.3,1,1.66451,1.3
1.4,box_jump_uneven,6,WALK,1.3,8.4,1.66451,3.07416,7.1
1.4,box_jump_uneven,6,RUN,8.4,9.8,3.07416,3.74615,1.4
1.4,box_jump_uneven,6,WALK,9.8,13.4,3.74615,4.46435,3.6
1.4,box_jump_uneven,6,RUN,13.4,14.8,4.46435,5.13564,1.4
1.4,box_jump_uneven,6,WALK,14.8,19.5,5.13564,6.06521,4.7
1.4,box_jump_uneven,6,RUN,19.5,20.9,6.06521,6.73705,1.4
1.4,box_jump_uneven,6,WALK,20.9,25.1,6.73705,7.56755,4.2
1.4,box_jump_uneven,6,RUN,25.1,26.8,7.56755,8.38352,1.7
1.4,box_jump_uneven,6,WALK,26.8,32.5,8.38352,9.51449,5.7
1.4,box_jump_uneven,6,RUN,32.5,33.9,9.51449,10.1864,1.4
1.4,box_jump_uneven,6,WALK,33.9,37.6,10.1864,10.9185,3.7
1.4,box_jump_uneven,6,RUN,37.6,39.5,10.9185,11.8,1.9
1.4,box_jump_uneven,7,TROT,0,1.3,1,1.66496,1.3
1.4,box_jump_uneven,7,WALK,1.3,3.1,1.66496,2.02487,1.8
1.4,box_jump_uneven,7,RUN,3.1,4.5,2.02487,2.65408,1.4
1.4,box_jump_uneven,7,WALK,4.5,7.6,2.65408,3.27293,3.1
1.4,box_jump_uneven,7,RUN,7.6,9,3.27293,3.94369,1.4
1.4,box_jump_uneven,7,WALK,9,14.9,3.94369,5.10863,5.9
1.4,box_jump_uneven,7,RUN,14.9,16.6,5.10863,5.92463,1.7
1.4,box_jump_uneven,7,WALK,16.6,22.1,5.92463,7.01974,5.5
1.4,box_jump_uneven,7,RUN,22.1,23.5,7.01974,7.68994,1.4
1.4,box_jump_uneven,7,WALK,23.5,29.2,7.68994,8.81232,5.7
1.4,box_jump_uneven,7,RUN,29.2,30.6,8.81232,9.482,1.4
1.4,box_jump_uneven,7,WALK,30.6,35.4,9.482,10.4178,4.8
1.4,box_jump_uneven,7,RUN,35.4,36.8,10.4178,11.086,1.4
1.4,box_jump_uneven,7,WALK,36.8,41,11.086,11.9057,4.2
1.4,box_jump_uneven,7,RUN,41,42.9,11.9057,12.8,1.9
1.4,box_jump_uneven,8,TROT,0,1.3,1,1.66476,1.3
1.4,box_jump_uneven,8,WALK,1.3,3.1,1.66476,2.02424,1.8
1.4,box_jump_uneven,8,RUN,3.1,4.5,2.02424,2.66574,1.4
1.4,box_jump_uneven,8,WALK,4.5,9.5,2.66574,3.66551,5
1.4,box_jump_uneven,8,RUN,9.5,10.9,3.66551,4.33736,1.4
1.4,box_jump_uneven,8,WALK,10.9,14.8,4.33736,5.10687,3.9
1.4,box_jump_uneven,8,RUN,14.8,16.2,5.10687,5.7788,1.4
1.4,box_jump_uneven,8,WALK,16.2,22.4,5.7788,7.01267,6.2
1.4,box_jump_uneven,8,RUN,22.4,23.8,7.01267,7.68427,1.4
1.4,box_jump_uneven,8,WALK,23.8,29.5,7.68427,8.8142,5.7
1.4,box_jump_uneven,8,RUN,29.5,30.9,8.8142,9.48614,1.4
1.4,box_jump_uneven,8,WALK,30.9,34.8,9.48614,10.2604,3.9
1.4,box_jump_uneven,8,RUN,34.8,36.2,10.2604,10.9312,1.4
1.4,box_jump_uneven,8,WALK,36.2,41.6,10.9312,12.0101,5.4
1.4,box_jump_uneven,8,RUN,41.6,43.5,12.0101,12.9,1.9
1.4,box_jump_uneven,9,TROT,0,1.3,1,1.66484,1.3
1.4,box_jump_uneven,9,WALK,1.3,3.1,1.66484,2.02449,1.8
1.4,box_jump_uneven,9,RUN,3.1,4.5,2.02449,2.66238,1.4
1.4,box_jump_uneven,9,WALK,4.5,9,2.66238,3.56225,4.5
1.4,box_jump_uneven,9,RUN,9,10.4,3.56225,4.23416,1.4
1.4,box_jump_uneven,9,WALK,10.4,15.4,4.23416,5.21593,5
1.4,box_jump_uneven,9,RUN,15.4,16.8,5.21593,5.88781,1.4
1.4,box_jump_uneven,9,WALK,16.8,21.7,5.88781,6.8562,4.9
1.4,box_jump_uneven,9,RUN,21.7,23.1,6.8562,7.52799,1.4
1.4,box_jump_uneven,9,WALK,23.1,28.6,7.52799,8.61639,5.5
1.4,box_jump_uneven,9,RUN,28.6,30,8.61639,9.28766,1.4
1.4,box_jump_uneven,9,WALK,30,34.5,9.28766,10.1738,4.5
1.4,box_jump_uneven,9,RUN,34.5,35.9,10.1738,10.8457,1.4
1.4,box_jump_uneven,9,WALK,35.9,42.3,10.8457,12.1135,6.4
1.4,box_jump_uneven,9,RUN,42.3,44.2,12.1135,13,1.9
1.4,flat_circle_jump,0,TROT,0,1.3,1,1.66334,1.3
1.4,flat_circle_jump,0,WALK,1.3,3.1,1.66334,2.01972,1.8
1.4,flat_circle_jump,0,RUN,3.1,4.5,2.01972,2.64547,1.4
1.4,flat_circle_jump,0,TROT,4.5,6.3,2.64547,3.60889,1.8
1.4,flat_circle_jump,0,RUN,6.3,7.7,3.60889,4.24631,1.4
1.4,flat_circle_jump,0,TROT,7.7,10.2,4.24631,5.57453,2.5
1.4,flat_circle_jump,0,RUN,10.2,11.6,5.57453,6.19796,1.4
1.4,flat_circle_jump,0,WALK,11.6,20,6.19796,7.86704,8.4
1.4,flat_circle_jump,0,RUN,20,21.9,7.86704,8.75,1.9
1.4,flat_circle_jump,1,TROT,0,1.3,1,1.66317,1.3
1.4,flat_circle_jump,1,WALK,1.3,3.1,1.66317,2.01919,1.8
1.4,flat_circle_jump,1,RUN,3.1,4.5,2.01919,2.6412,1.4
1.4,flat_circle_jump,1,WALK,4.5,10.9,2.6412,3.88363,6.4
1.4,flat_circle_jump,1,RUN,10.9,13.1,3.88363,4.88542,2.2
1.4,flat_circle_jump,1,WALK,13.1,18.3,4.88542,5.9182,5.2
1.4,flat_circle_jump,1,RUN,18.3,19.7,5.9182,6.58788,1.4
1.4,flat_circle_jump,1,WALK,19.7,28.9,6.58788,8.40861,9.2
1.4,flat_circle_jump,1,RUN,28.9,30.8,8.40861,9.3,1.9
1.4,flat_circle_jump,2,TROT,0,1.3,1,1.66489,1.3
1.4,flat_circle_jump,2,WALK,1.3,14.3,1.66489,4.22535,13
1.4,flat_circle_jump,2,RUN,14.3,15.7,4.22535,4.84729,1.4
1.4,flat_circle_jump,2,WALK,15.7,30,4.84729,7.67152,14.3
1.4,flat_circle_jump,2,RUN,30,31.4,7.67152,8.29792,1.4
1.4,flat_circle_jump,2,WALK,31.4,35.2,8.29792,9.05661,3.8
1.4,flat_circle_jump,2,RUN,35.2,37.1,9.05661,9.95,1.9
1.4,flat_circle_jump,3,TROT,0,1.3,1,1.665,1.3
1.4,flat_circle_jump,3,WALK,1.3,3.6,1.665,2.125,2.3
1.4,flat_circle_jump,3,RUN,3.6,5,2.125,2.79594,1.4
1.4,flat_circle_jump,3,WALK,5,7.6,2.79594,3.31563,2.6
1.4,flat_circle_jump,3,RUN,7.6,10.9,3.31563,4.85839,3.3
1.4,flat_circle_jump,3,WALK,10.9,16.3,4.85839,5.92146,5.4
1.4,flat_circle_jump,3,RUN,16.3,18.4,5.92146,6.87975,2.1
1.4,flat_circle_jump,3,WALK,18.4,31.7,6.87975,9.50861,13.3
1.4,flat_circle_jump,3,RUN,31.7,33.6,9.50861,10.4,1.9
1.4,flat_circle_jump,4,TROT,0,1.3,1,1.66489,1.3
1.4,flat_circle_jump,4,WALK,1.3,3.3,1.66489,2.06464,2
1.4,flat_circle_jump,4,RUN,3.3,4.7,2.06464,2.73621,1.4
1.4,flat_circle_jump,4,WALK,4.7,8.2,2.73621,3.41946,3.5
1.4,flat_circle_jump,4,RUN,8.2,9.6,3.41946,4.04783,1.4
1.4,flat_circle_jump,4,WALK,9.6,26.5,4.04783,7.40794,16.9
1.4,flat_circle_jump,4,RUN,26.5,28.3,7.40794,8.238,1.8
1.4,flat_circle_jump,4,WALK,28.3,36.2,8.238,9.8086,7.9
1.4,flat_circle_jump,4,RUN,36.2,38.1,9.8086,10.7,1.9
1.4,flat_circle_jump,5,TROT,0,1.3,1,1.66491,1.3
1.4,flat_circle_jump,5,WALK,1.3,3.8,1.66491,2.16463,2.5
1.4,flat_circle_jump,5,RUN,3.8,5.2,2.16463,2.83626,1.4
1.4,flat_circle_jump,5,WALK,5.2,8.4,2.83626,3.45874,3.2
1.4,flat_circle_jump,5,RUN,8.4,9.8,3.45874,4.12891,1.4
1.4,flat_circle_jump,5,WALK,9.8,27.9,4.12891,7.70668,18.1
1.4,flat_circle_jump,5,RUN,27.9,31.6,7.70668,9.462,3.7
1.4,flat_circle_jump,5,WALK,31.6,38.2,9.462,10.7644,6.6
1.4,flat_circle_jump,5,RUN,38.2,40.1,10.7644,11.65,1.9
1.4,flat_circle_jump,6,TROT,0,1.3,1,1.66463,1.3
1.4,flat_circle_jump,6,WALK,1.3,5.1,1.66463,2.42295,3.8
1.4,flat_circle_jump,6,RUN,5.1,6.5,2.42295,3.04798,1.4
1.4,flat_circle_jump,6,WALK,6.5,10.6,3.04798,3.86762,4.1
1.4,flat_circle_jump,6,RUN,10.6,12,3.86762,4.53933,1.4
1.4,flat_circle_jump,6,WALK,12,16.8,4.53933,5.47065,4.8
1.4,flat_circle_jump,6,RUN,16.8,18.2,5.47065,6.13459,1.4
1.4,flat_circle_jump,6,WALK,18.2,21.2,6.13459,6.71041,3
1.4,flat_circle_jump,6,RUN,21.2,22.6,6.71041,7.36708,1.4
1.4,flat_circle_jump,6,WALK,22.6,27.4,7.36708,8.30963,4.8
1.4,flat_circle_jump,6,RUN,27.4,28.8,8.30963,8.98134,1.4
1.4,flat_circle_jump,6,WALK,28.8,31.8,8.98134,9.5696,3
1.4,flat_circle_jump,6,RUN,31.8,33.2,9.5696,10.241,1.4
1.4,flat_circle_jump,6,WALK,33.2,39.1,10.241,11.4197,5.9
1.4,flat_circle_jump,6,RUN,39.1,41,11.4197,12.3,1.9
1.4,flat_circle_jump,7,TROT,0,1.3,1,1.66351,1.3
1.4,flat_circle_jump,7,WALK,1.3,6.9,1.66351,2.77343,5.6
1.4,flat_circle_jump,7,RUN,6.9,8.3,2.77343,3.39798,1.4
1.4,flat_circle_jump,7,WALK,8.3,26.9,3.39798,7.05963,18.6
1.4,flat_circle_jump,7,RUN,26.9,28.3,7.05963,7.7313,1.4
1.4,flat_circle_jump,7,WALK,28.3,33.1,7.7313,8.67523,4.8
1.4,flat_circle_jump,7,RUN,33.1,34.5,8.67523,9.29781,1.4
1.4,flat_circle_jump,7,WALK,34.5,38.4,9.29781,10.0748,3.9
1.4,flat_circle_jump,7,RUN,38.4,39.8,10.0748,10.7442,1.4
1.4,flat_circle_jump,7,WALK,39.8,46,10.7442,11.9696,6.2
1.4,flat_circle_jump,7,RUN,46,47.9,11.9696,12.85,1.9
1.4,flat_circle_jump,8,TROT,0,1.3,1,1.66275,1.3
1.4,flat_circle_jump,8,WALK,1.3,29,1.66275,7.11,27.7
1.4,flat_circle_jump,8,RUN,29,30.4,7.11,7.782,1.4
1.4,flat_circle_jump,8,WALK,30.4,44.2,7.782,10.51,13.8
1.4,flat_circle_jump,8,RUN,44.2,45.6,10.51,11.182,1.4
1.4,flat_circle_jump,8,WALK,45.6,51.1,11.182,12.27,5.5
1.4,flat_circle_jump,8,RUN,51.1,53,12.27,13.15,1.9
1.4,flat_circle_jump,9,TROT,0,1.3,1,1.66495,1.3
1.4,flat_circle_jump,9,WALK,1.3,6.8,1.66495,2.76464,5.5
1.4,flat_circle_jump,9,RUN,6.8,8.2,2.76464,3.43645,1.4
1.4,flat_circle_jump,9,WALK,8.2,12.9,3.43645,4.35688,4.7
1.4,flat_circle_jump,9,RUN,12.9,14.3,4.35688,5.02612,1.4
1.4,flat_circle_jump,9,WALK,14.3,18.3,5.02612,5.80964,4
1.4,flat_circle_jump,9,RUN,18.3,19.7,5.80964,6.48122,1.4
1.4,flat_circle_jump,9,WALK,19.7,24.7,6.48122,7.46962,5
1.4,flat_circle_jump,9,RUN,24.7,26.1,7.46962,8.14132,1.4
1.4,flat_circle_jump,9,WALK,26.1,50.4,8.14132,12.9246,24.3
1.4,flat_circle_jump,9,RUN,50.4,52.3,12.9246,13.8,1.9
1.4,bump_jump,0,TROT,0,1.3,1,1.66275,1.3
1.4,bump_jump,0,WALK,1.3,42.9,1.66275,9.86965,41.6
1.4,bump_jump,0,RUN,42.9,44.8,9.86965,10.75,1.9
1.4,bump_jump,1,TROT,0,1.3,1,1.66298,1.3
1.4,bump_jump,1,WALK,1.3,44.4,1.66298,10.16,43.1
1.4,bump_jump,1,RUN,44.4,46.3,10.16,11.05,1.9
1.4,bump_jump,2,TROT,0,1.3,1,1.66477,1.3
1.4,bump_jump,2,WALK,1.3,43.7,1.66477,10.0586,42.4
1.4,bump_jump,2,RUN,43.7,45.6,10.0586,10.95,1.9
1.4,bump_jump,3,TROT,0,1.3,1,1.66317,1.3
1.4,bump_jump,3,WALK,1.3,45.7,1.66317,10.42,44.4
1.4,bump_jump,3,RUN,45.7,47.6,10.42,11.3,1.9
1.4,bump_jump,4,TROT,0,1.3,1,1.66426,1.3
1.4,bump_jump,4,WALK,1.3,45.4,1.66426,10.3596,44.1
1.4,bump_jump,4,RUN,45.4,47.3,10.3596,11.25,1.9
1.4,bump_jump,5,TROT,0,1.3,1,1.66432,1.3
1.4,bump_jump,5,WALK,1.3,46.4,1.66432,10.61,45.1
1.4,bump_jump,5,RUN,46.4,48.3,10.61,11.5,1.9
1.4,bump_jump,6,TROT,0,1.3,1,1.66234,1.3
1.4,bump_jump,6,WALK,1.3,46.6,1.66234,10.5712,45.3
1.4,bump_jump,6,RUN,46.6,48.5,10.5712,11.45,1.9
1.4,bump_jump,7,TROT,0,1.3,1,1.665,1.3
1.4,bump_jump,7,WALK,1.3,48.2,1.665,10.9669,46.9
1.4,bump_jump,7,RUN,48.2,50.1,10.9669,11.85,1.9
1.4,bump_jump,8,TROT,0,1.3,1,1.66443,1.3
1.4,bump_jump,8,WALK,1.3,48.6,1.66443,10.9744,47.3
1.4,bump_jump,8,RUN,48.6,50.5,10.9744,11.85,1.9
1.4,bump_jump,9,TROT,0,1.3,1,1.66153,1.3
1.4,bump_jump,9,WALK,1.3,48.7,1.66153,11.0144,47.4
1.4,bump_jump,9,RUN,48.7,50.6,11.0144,11.9,1.9
1.4,sideways_ramp,0,TROT,0,1.3,1,1.64622,1.3
1.4,sideways_ramp,0,WALK,1.3,3.1,1.64622,1.96523,1.8
1.4,sideways_ramp,0,RUN,3.1,4.5,1.96523,2.54676,1.4
1.4,sideways_ramp,0,WALK,4.5,6.3,2.54676,2.88647,1.8
1.4,sideways_ramp,0,RUN,6.3,7.7,2.88647,3.5206,1.4
1.4,sideways_ramp,0,WALK,7.7,11,3.5206,4.158,3.3
1.4,sideways_ramp,0,RUN,11,12.4,4.158,4.82801,1.4
1.4,sideways_ramp,0,WALK,12.4,16,4.82801,5.49052,3.6
1.4,sideways_ramp,0,RUN,16,17.4,5.49052,6.10064,1.4
1.4,sideways_ramp,0,WALK,17.4,21.2,6.10064,6.78961,3.8
1.4,sideways_ramp,0,RUN,21.2,22.6,6.78961,7.39903,1.4
1.4,sideways_ramp,0,WALK,22.6,26.4,7.39903,8.09589,3.8
1.4,sideways_ramp,0,RUN,26.4,27.8,8.09589,8.72559,1.4
1.4,sideways_ramp,0,WALK,27.8,31.6,8.72559,9.44273,3.8
1.4,sideways_ramp,0,RUN,31.6,33.5,9.44273,10.3,1.9
1.4,sideways_ramp,1,TROT,0,1.3,1,1.665,1.3
1.4,sideways_ramp,1,WALK,1.3,3.1,1.665,2.025,1.8
1.4,sideways_ramp,1,RUN,3.1,4.5,2.025,2.66427,1.4
1.4,sideways_ramp,1,WALK,4.5,6.3,2.66427,2.99145,1.8
1.4,sideways_ramp,1,RUN,6.3,7.7,2.99145,3.60218,1.4
1.4,sideways_ramp,1,WALK,7.7,11.2,3.60218,4.27181,3.5
1.4,sideways_ramp,1,RUN,11.2,12.6,4.27181,4.94191,1.4
1.4,sideways_ramp,1,WALK,12.6,15.7,4.94191,5.53762,3.1
1.4,sideways_ramp,1,RUN,15.7,17.1,5.53762,6.18181,1.4
1.4,sideways_ramp,1,WALK,17.1,20.9,6.18181,6.92399,3.8
1.4,sideways_ramp,1,RUN,20.9,22.3,6.92399,7.59552,1.4
1.4,sideways_ramp,1,WALK,22.3,25.4,7.59552,8.18562,3.1
1.4,sideways_ramp,1,RUN,25.4,26.8,8.18562,8.82555,1.4
1.4,sideways_ramp,1,WALK,26.8,30,8.82555,9.43033,3.2
1.4,sideways_ramp,1,RUN,30,32,9.43033,10.3,2
1.4,sideways_ramp,2,TROT,0,1.3,1,1.66476,1.3
1.4,sideways_ramp,2,WALK,1.3,22.7,1.66476,5.6857,21.4
1.4,sideways_ramp,2,RUN,22.7,24.1,5.6857,6.30629,1.4
1.4,sideways_ramp,2,WALK,24.1,27.7,6.30629,6.94526,3.6
1.4,sideways_ramp,2,RUN,27.7,29.1,6.94526,7.55453,1.4
1.4,sideways_ramp,2,WALK,29.1,32.6,7.55453,8.2248,3.5
1.4,sideways_ramp,2,RUN,32.6,34,8.2248,8.89628,1.4
1.4,sideways_ramp,2,WALK,34,36.9,8.89628,9.45712,2.9
1.4,sideways_ramp,2,RUN,36.9,38.8,9.45712,10.35,1.9
1.4,sideways_ramp,3,TROT,0,1.3,1,1.66401,1.3
1.4,sideways_ramp,3,WALK,1.3,9.3,1.66401,3.21161,8
1.4,sideways_ramp,3,RUN,9.3,10.7,3.21161,3.83133,1.4
1.4,sideways_ramp,3,WALK,10.7,13.1,3.83133,4.28545,2.4
1.4,sideways_ramp,3,RUN,13.1,14.5,4.28545,4.92121,1.4
1.4,sideways_ramp,3,WALK,14.5,25,4.92121,6.92623,10.5
1.4,sideways_ramp,3,RUN,25,26.4,6.92623,7.59434,1.4
1.4,sideways_ramp,3,WALK,26.4,30.3,7.59434,8.35676,3.9
1.4,sideways_ramp,3,RUN,30.3,31.7,8.35676,9.02837,1.4
1.4,sideways_ramp,3,WALK,31.7,36,9.02837,9.84487,4.3
1.4,sideways_ramp,3,RUN,36,38,9.84487,10.7,2
1.4,sideways_ramp,4,TROT,0,1.3,1,1.665,1.3
1.4,sideways_ramp,4,WALK,1.3,7.8,1.665,2.96439,6.5
1.4,sideways_ramp,4,RUN,7.8,9.2,2.96439,3.63592,1.4
1.4,sideways_ramp,4,WALK,9.2,12.6,3.63592,4.27523,3.4
1.4,sideways_ramp,4,RUN,12.6,14,4.27523,4.91905,1.4
1.4,sideways_ramp,4,WALK,14,17.9,4.91905,5.6726,3.9
1.4,sideways_ramp,4,RUN,17.9,19.3,5.6726,6.34067,1.4
1.4,sideways_ramp,4,WALK,19.3,22.7,6.34067,7.01588,3.4
1.4,sideways_ramp,4,RUN,22.7,24.1,7.01588,7.68788,1.4
1.4,sideways_ramp,4,WALK,24.1,27.3,7.68788,8.32088,3.2
1.4,sideways_ramp,4,RUN,27.3,28.7,8.32088,8.99288,1.4
1.4,sideways_ramp,4,WALK,28.7,32.3,8.99288,9.64889,3.6
1.4,sideways_ramp,4,RUN,32.3,34.3,9.64889,10.5,2
1.4,sideways_ramp,5,TROT,0,1.3,1,1.63862,1.3
1.4,sideways_ramp,5,WALK,1.3,9.3,1.63862,3.06937,8
1.4,sideways_ramp,5,RUN,9.3,10.7,3.06937,3.74137,1.4
1.4,sideways_ramp,5,WALK,10.7,14.1,3.74137,4.41264,3.4
1.4,sideways_ramp,5,RUN,14.1,15.5,4.41264,5.08418,1.4
1.4,sideways_ramp,5,WALK,15.5,18.9,5.08418,5.76377,3.4
1.4,sideways_ramp,5,RUN,18.9,20.3,5.76377,6.43577,1.4
1.4,sideways_ramp,5,WALK,20.3,30.9,6.43577,8.46013,10.6
1.4,sideways_ramp,5,RUN,30.9,32.3,8.46013,9.12796,1.4
1.4,sideways_ramp,5,WALK,32.3,35.5,9.12796,9.76272,3.2
1.4,sideways_ramp,5,RUN,35.5,37.4,9.76272,10.65,1.9
1.4,sideways_ramp,6,TROT,0,1.3,1,1.66399,1.3
1.4,sideways_ramp,6,WALK,1.3,8.6,1.66399,3.07426,7.3
1.4,sideways_ramp,6,RUN,8.6,10,3.07426,3.72114,1.4
1.4,sideways_ramp,6,WALK,10,13.9,3.72114,4.4434,3.9
1.4,sideways_ramp,6,TROT,13.9,15.3,4.4434,5.16851,1.4
1.4,sideways_ramp,6,WALK,15.3,18.8,5.16851,5.85983,3.5
1.4,sideways_ramp,6,RUN,18.8,20.2,5.85983,6.53013,1.4
1.4,sideways_ramp,6,WALK,20.2,23.9,6.53013,7.2653,3.7
1.4,sideways_ramp,6,RUN,23.9,25.3,7.2653,7.9369,1.4
1.4,sideways_ramp,6,WALK,25.3,29.2,7.9369,8.70783,3.9
1.4,sideways_ramp,6,RUN,29.2,30.6,8.70783,9.37943,1.4
1.4,sideways_ramp,6,WALK,30.6,34.6,9.37943,10.1673,4
1.4,sideways_ramp,6,RUN,34.6,36.5,10.1673,11.05,1.9
1.4,sideways_ramp,7,TROT,0,1.3,1,1.64492,1.3
1.4,sideways_ramp,7,RUN,1.3,2.7,1.64492,2.23514,1.4
1.4,sideways_ramp,7,WALK,2.7,6.7,2.23514,2.97593,4
1.4,sideways_ramp,7,TROT,6.7,8.1,2.97593,3.71112,1.4
1.4,sideways_ramp,7,WALK,8.1,12,3.71112,4.47193,3.9
1.4,sideways_ramp,7,RUN,12,13.4,4.47193,5.14393,1.4
1.4,sideways_ramp,7,WALK,13.4,25.4,5.14393,7.42006,12
1.4,sideways_ramp,7,RUN,25.4,26.8,7.42006,8.07361,1.4
1.4,sideways_ramp,7,WALK,26.8,30.6,8.07361,8.81943,3.8
1.4,sideways_ramp,7,RUN,30.6,32,8.81943,9.48766,1.4
1.4,sideways_ramp,7,WALK,32,35.7,9.48766,10.2128,3.7
1.4,sideways_ramp,7,RUN,35.7,37.6,10.2128,11.1,1.9
1.4,sideways_ramp,8,TROT,0,1.3,1,1.665,1.3
1.4,sideways_ramp,8,WALK,1.3,7.8,1.665,2.95609,6.5
1.4,sideways_ramp,8,RUN,7.8,9.2,2.95609,3.6263,1.4
1.4,sideways_ramp,8,WALK,9.2,13.2,3.6263,4.38397,4
1.4,sideways_ramp,8,TROT,13.2,14.6,4.38397,5.11082,1.4
1.4,sideways_ramp,8,WALK,14.6,18.2,5.11082,5.81557,3.6
1.4,sideways_ramp,8,RUN,18.2,19.6,5.81557,6.48757,1.4
1.4,sideways_ramp,8,WALK,19.6,23.5,6.48757,7.26749,3.9
1.4,sideways_ramp,8,RUN,23.5,24.9,7.26749,7.93949,1.4
1.4,sideways_ramp,8,WALK,24.9,28.9,7.93949,8.71898,4
1.4,sideways_ramp,8,RUN,28.9,30.3,8.71898,9.38931,1.4
1.4,sideways_ramp,8,WALK,30.3,34,9.38931,10.0837,3.7
1.4,sideways_ramp,8,RUN,34,35.9,10.0837,10.95,1.9
1.4,sideways_ramp,9,TROT,0,1.3,1,1.66473,1.3
1.4,sideways_ramp,9,WALK,1.3,8.8,1.66473,3.12553,7.5
1.4,sideways_ramp,9,RUN,8.8,10.2,3.12553,3.77394,1.4
1.4,sideways_ramp,9,WALK,10.2,14.2,3.77394,4.56259,4
1.4,sideways_ramp,9,RUN,14.2,15.6,4.56259,5.23459,1.4
1.4,sideways_ramp,9,WALK,15.6,19.1,5.23459,5.91668,3.5
1.4,sideways_ramp,9,RUN,19.1,20.5,5.91668,6.58464,1.4
1.4,sideways_ramp,9,WALK,20.5,24.2,6.58464,7.31934,3.7
1.4,sideways_ramp,9,RUN,24.2,25.6,7.31934,7.9878,1.4
1.4,sideways_ramp,9,WALK,25.6,37.5,7.9878,10.2799,11.9
1.4,sideways_ramp,9,RUN,37.5,39.5,10.2799,11.15,2
1.4,stepping_stones_cylinder,0,TROT,0,1.3,1,1.66092,1.3
1.4,stepping_stones_cylinder,0,RUN,1.3,11.7,1.66092,6.45,10.4
1.4,stepping_stones_cylinder,1,TROT,0,1.3,1,1.66143,1.3
1.4,stepping_stones_cylinder,1,WALK,1.3,3.1,1.66143,2.01363,1.8
1.4,stepping_stones_cylinder,1,RUN,3.1,12.6,2.01363,6.35,9.5
1.4,stepping_stones_cylinder,2,TROT,0,1.3,1,1.66151,1.3
1.4,stepping_stones_cylinder,2,WALK,1.3,3.1,1.66151,2.01389,1.8
1.4,stepping_stones_cylinder,2,RUN,3.1,5.1,2.01389,2.9,2
1.4,stepping_stones_cylinder,2,WALK,5.1,6.9,2.9,3.26,1.8
1.4,stepping_stones_cylinder,2,RUN,6.9,13.2,3.26,6.15,6.3
1.4,stepping_stones_cylinder,3,TROT,0,1.3,1,1.662,1.3
1.4,stepping_stones_cylinder,3,WALK,1.3,3.1,1.662,2.01547,1.8
1.4,stepping_stones_cylinder,3,RUN,3.1,5.1,2.01547,2.898,2
1.4,stepping_stones_cylinder,3,WALK,5.1,13.5,2.898,4.55,8.4
1.4,stepping_stones_cylinder,3,RUN,13.5,16.3,4.55,5.85,2.8
1.4,stepping_stones_cylinder,4,TROT,0,1.3,1,1.66171,1.3
1.4,stepping_stones_cylinder,4,WALK,1.3,17.8,1.66171,4.91,16.5
1.4,stepping_stones_cylinder,4,RUN,17.8,19.7,4.91,5.8,1.9
1.4,stepping_stones_cylinder,5,TROT,0,1.3,1,1.66289,1.3
1.4,stepping_stones_cylinder,5,WALK,1.3,9.2,1.66289,3.22,7.9
1.4,stepping_stones_cylinder,5,RUN,9.2,10.6,3.22,3.886,1.4
1.4,stepping_stones_cylinder,5,WALK,10.6,13.6,3.886,4.47,3
1.4,stepping_stones_cylinder,5,RUN,13.6,15,4.47,5.136,1.4
1.4,stepping_stones_cylinder,5,WALK,15,17.7,5.136,5.66675,2.7
1.4,stepping_stones_cylinder,5,RUN,17.7,19,5.66675,6.25,1.3
1.4,stepping_stones_cylinder,6,TROT,0,1.3,1,1.66327,1.3
1.4,stepping_stones_cylinder,6,WALK,1.3,20.3,1.66327,5.40759,19
1.4,stepping_stones_cylinder,6,RUN,20.3,21.6,5.40759,6,1.3
1.4,stepping_stones_cylinder,7,TROT,0,1.3,1,1.66344,1.3
1.4,stepping_stones_cylinder,7,WALK,1.3,19.3,1.66344,5.20807,18
1.4,stepping_stones_cylinder,7,RUN,19.3,20.6,5.20807,5.8,1.3
1.4,stepping_stones_cylinder,8,TROT,0,1.3,1,1.66379,1.3
1.4,stepping_stones_cylinder,8,WALK,1.3,18.5,1.66379,5.04885,17.2
1.4,stepping_stones_cylinder,8,RUN,18.5,19.9,5.04885,5.7,1.4
1.4,stepping_stones_cylinder,9,TROT,0,1.3,1,1.66397,1.3
1.4,stepping_stones_cylinder,9,WALK,1.3,19,1.66397,5.15923,17.7
1.4,stepping_stones_cylinder,9,RUN,19,20.4,5.15923,5.8,1.4
1.4,stepping_stones_randomly_arranged,0,TROT,0,1.3,1,1.65919,1.3
1.4,stepping_stones_randomly_arranged,0,RUN,1.3,11.6,1.65919,6.4,10.3
1.4,stepping_stones_randomly_arranged,1,TROT,0,1.3,1,1.65919,1.3
1.4,stepping_stones_randomly_arranged,1,RUN,1.3,11,1.65919,6.1,9.7
1.4,stepping_stones_randomly_arranged,2,TROT,0,1.3,1,1.65919,1.3
1.4,stepping_stones_randomly_arranged,2,RUN,1.3,11,1.65919,6.1,9.7
1.4,stepping_stones_randomly_arranged,3,TROT,0,1.3,1,1.65919,1.3
1.4,stepping_stones_randomly_arranged,3,RUN,1.3,3,1.65919,2.43098,1.7
1.4,stepping_stones_randomly_arranged,3,WALK,3,4.8,2.43098,2.76999,1.8
1.4,stepping_stones_randomly_arranged,3,RUN,4.8,8,2.76999,4.22789,3.2
1.4,stepping_stones_randomly_arranged,3,WALK,8,9.8,4.22789,4.56993,1.8
1.4,stepping_stones_randomly_arranged,3,RUN,9.8,13.1,4.56993,6.1,3.3
1.4,stepping_stones_randomly_arranged,4,TROT,0,1.3,1,1.65785,1.3
1.4,stepping_stones_randomly_arranged,4,RUN,1.3,3.1,1.65785,2.45423,1.8
1.4,stepping_stones_randomly_arranged,4,WALK,3.1,4.9,2.45423,2.79545,1.8
1.4,stepping_stones_randomly_arranged,4,RUN,4.9,6.6,2.79545,3.53385,1.7
1.4,stepping_stones_randomly_arranged,4,WALK,6.6,8.4,3.53385,3.88462,1.8
1.4,stepping_stones_randomly_arranged,4,RUN,8.4,13.7,3.88462,6.25,5.3
1.4,stepping_stones_randomly_arranged,5,TROT,0,1.3,1,1.65785,1.3
1.4,stepping_stones_randomly_arranged,5,RUN,1.3,3.5,1.65785,2.64772,2.2
1.4,stepping_stones_randomly_arranged,5,WALK,3.5,5.3,2.64772,2.98996,1.8
1.4,stepping_stones_randomly_arranged,5,RUN,5.3,11.7,2.98996,5.9,6.4
1.4,stepping_stones_randomly_arranged,6,TROT,0,1.3,1,1.65785,1.3
1.4,stepping_stones_randomly_arranged,6,RUN,1.3,2.9,1.65785,2.36066,1.6
1.4,stepping_stones_randomly_arranged,6,WALK,2.9,4.7,2.36066,2.70837,1.8
1.4,stepping_stones_randomly_arranged,6,RUN,4.7,6.1,2.70837,3.32099,1.4
1.4,stepping_stones_randomly_arranged,6,WALK,6.1,9.8,3.32099,4.05984,3.7
1.4,stepping_stones_randomly_arranged,6,RUN,9.8,13.9,4.05984,5.9,4.1
1.4,stepping_stones_randomly_arranged,7,TROT,0,1.3,1,1.65723,1.3
1.4,stepping_stones_randomly_arranged,7,RUN,1.3,2.9,1.65723,2.38115,1.6
1.4,stepping_stones_randomly_arranged,7,WALK,2.9,4.7,2.38115,2.72137,1.8
1.4,stepping_stones_randomly_arranged,7,RUN,4.7,7.1,2.72137,3.825,2.4
1.4,stepping_stones_randomly_arranged,7,WALK,7.1,8.9,3.825,4.18498,1.8
1.4,stepping_stones_randomly_arranged,7,RUN,8.9,13,4.18498,6,4.1
1.4,stepping_stones_randomly_arranged,8,TROT,0,1.3,1,1.65723,1.3
1.4,stepping_stones_randomly_arranged,8,RUN,1.3,4.8,1.65723,3.225,3.5
1.4,stepping_stones_randomly_arranged,8,WALK,4.8,13.8,3.225,4.99689,9
1.4,stepping_stones_randomly_arranged,8,RUN,13.8,15.8,4.99689,5.9,2
1.4,stepping_stones_randomly_arranged,9,TROT,0,1.3,1,1.65785,1.3
1.4,stepping_stones_randomly_arranged,9,WALK,1.3,3.1,1.65785,2.00225,1.8
1.4,stepping_stones_randomly_arranged,9,RUN,3.1,6,2.00225,3.28702,2.9
1.4,stepping_stones_randomly_arranged,9,WALK,6,8,3.28702,3.66,2
1.4,stepping_stones_randomly_arranged,9,RUN,8,12.4,3.66,5.6,4.4
1.4,staircase_walking_full_width,0,TROT,0,1.3,1,1.715,1.3
1.4,staircase_walking_full_width,0,WALK,1.3,8.6,1.715,3.16,7.3
1.4,staircase_walking_full_width,0,RUN,8.6,10,3.16,3.832,1.4
1.4,staircase_walking_full_width,0,WALK,10,20.5,3.832,5.92429,10.5
1.4,staircase_walking_full_width,0,RUN,20.5,21.9,5.92429,6.55257,1.4
1.4,staircase_walking_full_width,0,WALK,21.9,32.6,6.55257,8.67286,10.7
1.4,staircase_walking_full_width,0,RUN,32.6,34,8.67286,9.34486,1.4
1.4,staircase_walking_full_width,0,WALK,34,44.4,9.34486,11.4171,10.4
1.4,staircase_walking_full_width,0,RUN,44.4,45.8,11.4171,12.0614,1.4
1.4,staircase_walking_full_width,0,WALK,45.8,56.4,12.0614,14.1657,10.6
1.4,staircase_walking_full_width,0,RUN,56.4,59.8,14.1657,15.75,3.4
1.4,staircase_walking_full_width,1,TROT,0,1.3,1,1.715,1.3
1.4,staircase_walking_full_width,1,WALK,1.3,8.6,1.715,3.16,7.3
1.4,staircase_walking_full_width,1,RUN,8.6,10,3.16,3.832,1.4
1.4,staircase_walking_full_width,1,WALK,10,20.5,3.832,5.92429,10.5
1.4,staircase_walking_full_width,1,RUN,20.5,21.9,5.92429,6.55257,1.4
1.4,staircase_walking_full_width,1,WALK,21.9,32.6,6.55257,8.67286,10.7
1.4,staircase_walking_full_width,1,RUN,32.6,34,8.67286,9.34486,1.4
1.4,staircase_walking_full_width,1,WALK,34,44.4,9.34486,11.4171,10.4
1.4,staircase_walking_full_width,1,RUN,44.4,45.8,11.4171,12.0614,1.4
1.4,staircase_walking_full_width,1,WALK,45.8,56.4,12.0614,14.1657,10.6
1.4,staircase_walking_full_width,1,RUN,56.4,59.8,14.1657,15.75,3.4
1.4,staircase_walking_full_width,2,TROT,0,1.3,1,1.715,1.3
1.4,staircase_walking_full_width,2,WALK,1.3,7.4,1.715,2.92,6.1
1.4,staircase_walking_full_width,2,RUN,7.4,8.8,2.92,3.57143,1.4
1.4,staircase_walking_full_width,2,WALK,8.8,16.8,3.57143,5.16286,8
1.4,staircase_walking_full_width,2,RUN,16.8,18.2,5.16286,5.83486,1.4
1.4,staircase_walking_full_width,2,WALK,18.2,25.9,5.83486,7.37429,7.7
1.4,staircase_walking_full_width,2,RUN,25.9,27.3,7.37429,8.04629,1.4
1.4,staircase_walking_full_width,2,WALK,27.3,34.6,8.04629,9.50571,7.3
1.4,staircase_walking_full_width,2,RUN,34.6,36,9.50571,10.1451,1.4
1.4,staircase_walking_full_width,2,WALK,36,43.9,10.1451,11.7086,7.9
1.4,staircase_walking_full_width,2,RUN,43.9,46.6,11.7086,13,2.7
1.4,staircase_walking_full_width,3,TROT,0,1.3,1,1.715,1.3
1.4,staircase_walking_full_width,3,WALK,1.3,7.4,1.715,2.92,6.1
1.4,staircase_walking_full_width,3,RUN,7.4,8.8,2.92,3.57143,1.4
1.4,staircase_walking_full_width,3,WALK,8.8,16.8,3.57143,5.16286,8
1.4,staircase_walking_full_width,3,RUN,16.8,18.2,5.16286,5.83486,1.4
1.4,staircase_walking_full_width,3,WALK,18.2,25.6,5.83486,7.31429,7.4
1.4,staircase_walking_full_width,3,RUN,25.6,27,7.31429,7.98629,1.4
1.4,staircase_walking_full_width,3,WALK,27,34.6,7.98629,9.50571,7.6
1.4,staircase_walking_full_width,3,RUN,34.6,36,9.50571,10.1451,1.4
1.4,staircase_walking_full_width,3,WALK,36,43.9,10.1451,11.7086,7.9
1.4,staircase_walking_full_width,3,RUN,43.9,46.6,11.7086,13,2.7
1.4,staircase_walking_full_width,4,TROT,0,1.3,1,1.715,1.3
1.4,staircase_walking_full_width,4,WALK,1.3,7.6,1.715,2.96,6.3
1.4,staircase_walking_full_width,4,RUN,7.6,9,2.96,3.61943,1.4
1.4,staircase_walking_full_width,4,WALK,9,16.5,3.61943,5.11943,7.5
1.4,staircase_walking_full_width,4,RUN,16.5,17.9,5.11943,5.76686,1.4
1.4,staircase_walking_full_width,4,WALK,17.9,25.7,5.76686,7.31429,7.8
1.4,staircase_walking_full_width,4,RUN,25.7,27.1,7.31429,7.98629,1.4
1.4,staircase_walking_full_width,4,WALK,27.1,34.7,7.98629,9.50571,7.6
1.4,staircase_walking_full_width,4,RUN,34.7,36.1,9.50571,10.1451,1.4
1.4,staircase_walking_full_width,4,WALK,36.1,44,10.1451,11.7086,7.9
1.4,staircase_walking_full_width,4,RUN,44,46.7,11.7086,13,2.7
1.4,staircase_walking_full_width,5,TROT,0,1.3,1,1.715,1.3
1.4,staircase_walking_full_width,5,WALK,1.3,7.6,1.715,2.96,6.3
1.4,staircase_walking_full_width,5,RUN,7.6,9,2.96,3.61943,1.4
1.4,staircase_walking_full_width,5,WALK,9,16.5,3.61943,5.11943,7.5
1.4,staircase_walking_full_width,5,RUN,16.5,17.9,5.11943,5.76686,1.4
1.4,staircase_walking_full_width,5,WALK,17.9,25.7,5.76686,7.31429,7.8
1.4,staircase_walking_full_width,5,RUN,25.7,27.1,7.31429,7.98629,1.4
1.4,staircase_walking_full_width,5,WALK,27.1,34.7,7.98629,9.50571,7.6
1.4,staircase_walking_full_width,5,RUN,34.7,36.1,9.50571,10.1451,1.4
1.4,staircase_walking_full_width,5,WALK,36.1,44,10.1451,11.7086,7.9
1.4,staircase_walking_full_width,5,RUN,44,46.7,11.7086,13,2.7
1.4,staircase_walking_full_width,6,TROT,0,1.3,1,1.715,1.3
1.4,staircase_walking_full_width,6,WALK,1.3,7.4,1.715,2.92,6.1
1.4,staircase_walking_full_width,6,RUN,7.4,8.8,2.92,3.57143,1.4
1.4,staircase_walking_full_width,6,WALK,8.8,16.5,3.57143,5.11143,7.7
1.4,staircase_walking_full_width,6,RUN,16.5,17.9,5.11143,5.76686,1.4
1.4,staircase_walking_full_width,6,WALK,17.9,25.7,5.76686,7.31429,7.8
1.4,staircase_walking_full_width,6,RUN,25.7,27.1,7.31429,7.98629,1.4
1.4,staircase_walking_full_width,6,WALK,27.1,34.7,7.98629,9.50571,7.6
1.4,staircase_walking_full_width,6,RUN,34.7,36.1,9.50571,10.1451,1.4
1.4,staircase_walking_full_width,6,WALK,36.1,44,10.1451,11.7086,7.9
1.4,staircase_walking_full_width,6,RUN,44,46.7,11.7086,13,2.7
1.4,staircase_walking_full_width,7,TROT,0,1.3,1,1.715,1.3
1.4,staircase_walking_full_width,7,WALK,1.3,7.6,1.715,2.96,6.3
1.4,staircase_walking_full_width,7,RUN,7.6,9,2.96,3.61943,1.4
1.4,staircase_walking_full_width,7,WALK,9,16.5,3.61943,5.11943,7.5
1.4,staircase_walking_full_width,7,RUN,16.5,17.9,5.11943,5.76686,1.4
1.4,staircase_walking_full_width,7,WALK,17.9,25.7,5.76686,7.31429,7.8
1.4,staircase_walking_full_width,7,RUN,25.7,27.1,7.31429,7.98629,1.4
1.4,staircase_walking_full_width,7,WALK,27.1,34.7,7.98629,9.50571,7.6
1.4,staircase_walking_full_width,7,RUN,34.7,36.1,9.50571,10.1451,1.4
1.4,staircase_walking_full_width,7,WALK,36.1,44,10.1451,11.7086,7.9
1.4,staircase_walking_full_width,7,RUN,44,46.7,11.7086,13,2.7
1.4,staircase_walking_full_width,8,TROT,0,1.3,1,1.715,1.3
1.4,staircase_walking_full_width,8,WALK,1.3,39.2,1.715,9.27143,37.9
1.4,staircase_walking_full_width,8,RUN,39.2,41.3,9.27143,10.25,2.1
1.4,staircase_walking_full_width,9,TROT,0,1.3,1,1.715,1.3
1.4,staircase_walking_full_width,9,WALK,1.3,39.2,1.715,9.27143,37.9
1.4,staircase_walking_full_width,9,RUN,39.2,41.3,9.27143,10.25,2.1
1.4,staircase_walking,0,TROT,0,6.5,1,4.305,6.5
1.4,staircase_walking,0,RUN,6.5,9.1,4.305,5.5,2.6
1.4,staircase_walking,1,TROT,0,1.3,1,1.665,1.3
1.4,staircase_walking,1,WALK,1.3,15.1,1.665,4.39,13.8
1.4,staircase_walking,1,RUN,15.1,17.5,4.39,5.5,2.4
1.4,staircase_walking,2,TROT,0,1.3,1,1.665,1.3
1.4,staircase_walking,2,WALK,1.3,15.1,1.665,4.39,13.8
1.4,staircase_walking,2,RUN,15.1,17.5,4.39,5.5,2.4
1.4,staircase_walking,3,TROT,0,1.3,1,1.665,1.3
1.4,staircase_walking,3,WALK,1.3,15.1,1.665,4.39,13.8
1.4,staircase_walking,3,RUN,15.1,17.5,4.39,5.5,2.4
1.4,staircase_walking,4,TROT,0,1.3,1,1.665,1.3
1.4,staircase_walking,4,WALK,1.3,14.1,1.665,4.165,12.8
1.4,staircase_walking,4,RUN,14.1,16.4,4.165,5.2,2.3
1.4,staircase_walking,5,TROT,0,1.3,1,1.665,1.3
1.4,staircase_walking,5,WALK,1.3,14.1,1.665,4.165,12.8
1.4,staircase_walking,5,RUN,14.1,16.4,4.165,5.2,2.3
1.4,staircase_walking,6,TROT,0,1.3,1,1.665,1.3
1.4,staircase_walking,6,WALK,1.3,14.1,1.665,4.165,12.8
1.4,staircase_walking,6,RUN,14.1,16.4,4.165,5.2,2.3
1.4,staircase_walking,7,TROT,0,1.3,1,1.665,1.3
1.4,staircase_walking,7,WALK,1.3,14.1,1.665,4.165,12.8
1.4,staircase_walking,7,RUN,14.1,16.4,4.165,5.2,2.3
1.4,staircase_walking,8,TROT,0,1.3,1,1.665,1.3
1.4,staircase_walking,8,WALK,1.3,14.1,1.665,4.165,12.8
1.4,staircase_walking,8,RUN,14.1,16.4,4.165,5.2,2.3
1.4,staircase_walking,9,TROT,0,1.3,1,1.665,1.3
1.4,staircase_walking,9,WALK,1.3,14.1,1.665,4.165,12.8
1.4,staircase_walking,9,RUN,14.1,16.4,4.165,5.2,2.3
1.4,staircase_climbing,0,TROT,0,1.3,1,1.665,1.3
1.4,staircase_climbing,0,WALK,1.3,3.1,1.665,2.025,1.8
1.4,staircase_climbing,0,RUN,3.1,4.5,2.025,2.697,1.4
1.4,staircase_climbing,0,WALK,4.5,7.9,2.697,3.365,3.4
1.4,staircase_climbing,0,RUN,7.9,9.3,3.365,4.037,1.4
1.4,staircase_climbing,0,WALK,9.3,13.2,4.037,4.815,3.9
1.4,staircase_climbing,0,RUN,13.2,14.6,4.815,5.487,1.4
1.4,staircase_climbing,0,WALK,14.6,18.5,5.487,6.265,3.9
1.4,staircase_climbing,0,RUN,18.5,19.9,6.265,6.937,1.4
1.4,staircase_climbing,0,WALK,19.9,23.8,6.937,7.715,3.9
1.4,staircase_climbing,0,RUN,23.8,25.2,7.715,8.387,1.4
1.4,staircase_climbing,0,WALK,25.2,29.1,8.387,9.165,3.9
1.4,staircase_climbing,0,RUN,29.1,33.4,9.165,11.2,4.3
1.4,staircase_climbing,1,TROT,0,1.3,1,1.665,1.3
1.4,staircase_climbing,1,WALK,1.3,3.1,1.665,2.025,1.8
1.4,staircase_climbing,1,RUN,3.1,4.5,2.025,2.697,1.4
1.4,staircase_climbing,1,WALK,4.5,7.9,2.697,3.365,3.4
1.4,staircase_climbing,1,RUN,7.9,9.3,3.365,4.037,1.4
1.4,staircase_climbing,1,WALK,9.3,13.2,4.037,4.815,3.9
1.4,staircase_climbing,1,RUN,13.2,14.6,4.815,5.487,1.4
1.4,staircase_climbing,1,WALK,14.6,18.5,5.487,6.265,3.9
1.4,staircase_climbing,1,RUN,18.5,19.9,6.265,6.937,1.4
1.4,staircase_climbing,1,WALK,19.9,23.8,6.937,7.715,3.9
1.4,staircase_climbing,1,RUN,23.8,25.2,7.715,8.387,1.4
1.4,staircase_climbing,1,WALK,25.2,29.1,8.387,9.165,3.9
1.4,staircase_climbing,1,RUN,29.1,33.4,9.165,11.2,4.3
1.4,staircase_climbing,2,TROT,0,1.3,1,1.665,1.3
1.4,staircase_climbing,2,WALK,1.3,3.1,1.665,2.025,1.8
1.4,staircase_climbing,2,RUN,3.1,4.5,2.025,2.697,1.4
1.4,staircase_climbing,2,WALK,4.5,7.9,2.697,3.365,3.4
1.4,staircase_climbing,2,RUN,7.9,9.3,3.365,4.037,1.4
1.4,staircase_climbing,2,WALK,9.3,13.2,4.037,4.815,3.9
1.4,staircase_climbing,2,RUN,13.2,14.6,4.815,5.487,1.4
1.4,staircase_climbing,2,WALK,14.6,18.5,5.487,6.265,3.9
1.4,staircase_climbing,2,RUN,18.5,19.9,6.265,6.937,1.4
1.4,staircase_climbing,2,WALK,19.9,23.8,6.937,7.715,3.9
1.4,staircase_climbing,2,RUN,23.8,25.2,7.715,8.387,1.4
1.4,staircase_climbing,2,WALK,25.2,29.1,8.387,9.165,3.9
1.4,staircase_climbing,2,RUN,29.1,33.4,9.165,11.2,4.3
1.4,staircase_climbing,3,TROT,0,1.3,1,1.665,1.3
1.4,staircase_climbing,3,WALK,1.3,3.1,1.665,2.025,1.8
1.4,staircase_climbing,3,RUN,3.1,4.5,2.025,2.697,1.4
1.4,staircase_climbing,3,WALK,4.5,7.9,2.697,3.365,3.4
1.4,staircase_climbing,3,RUN,7.9,9.3,3.365,4.037,1.4
1.4,staircase_climbing,3,WALK,9.3,13.2,4.037,4.815,3.9
1.4,staircase_climbing,3,RUN,13.2,14.6,4.815,5.487,1.4
1.4,staircase_climbing,3,WALK,14.6,18.5,5.487,6.265,3.9
1.4,staircase_climbing,3,RUN,18.5,19.9,6.265,6.937,1.4
1.4,staircase_climbing,3,WALK,19.9,23.8,6.937,7.715,3.9
1.4,staircase_climbing,3,RUN,23.8,25.2,7.715,8.387,1.4
1.4,staircase_climbing,3,WALK,25.2,29.1,8.387,9.165,3.9
1.4,staircase_climbing,3,RUN,29.1,33.4,9.165,11.2,4.3
1.4,staircase_climbing,4,TROT,0,1.3,1,1.665,1.3
1.4,staircase_climbing,4,WALK,1.3,3.1,1.665,2.025,1.8
1.4,staircase_climbing,4,RUN,3.1,4.5,2.025,2.697,1.4
1.4,staircase_climbing,4,WALK,4.5,7.9,2.697,3.365,3.4
1.4,staircase_climbing,4,RUN,7.9,9.3,3.365,4.037,1.4
1.4,staircase_climbing,4,WALK,9.3,13.2,4.037,4.815,3.9
1.4,staircase_climbing,4,RUN,13.2,14.6,4.815,5.487,1.4
1.4,staircase_climbing,4,WALK,14.6,18.5,5.487,6.265,3.9
1.4,staircase_climbing,4,RUN,18.5,19.9,6.265,6.937,1.4
1.4,staircase_climbing,4,WALK,19.9,23.8,6.937,7.715,3.9
1.4,staircase_climbing,4,RUN,23.8,25.2,7.715,8.387,1.4
1.4,staircase_climbing,4,WALK,25.2,29.1,8.387,9.165,3.9
1.4,staircase_climbing,4,RUN,29.1,33.4,9.165,11.2,4.3
1.4,staircase_climbing,5,TROT,0,1.3,1,1.665,1.3
1.4,staircase_climbing,5,WALK,1.3,3.1,1.665,2.025,1.8
1.4,staircase_climbing,5,RUN,3.1,4.5,2.025,2.697,1.4
1.4,staircase_climbing,5,WALK,4.5,7.7,2.697,3.32,3.2
1.4,staircase_climbing,5,RUN,7.7,9.1,3.32,3.992,1.4
1.4,staircase_climbing,5,WALK,9.1,12.8,3.992,4.72,3.7
1.4,staircase_climbing,5,RUN,12.8,14.2,4.72,5.392,1.4
1.4,staircase_climbing,5,WALK,14.2,17.9,5.392,6.12,3.7
1.4,staircase_climbing,5,RUN,17.9,19.3,6.12,6.792,1.4
1.4,staircase_climbing,5,WALK,19.3,23,6.792,7.52,3.7
1.4,staircase_climbing,5,RUN,23,24.4,7.52,8.192,1.4
1.4,staircase_climbing,5,WALK,24.4,28.1,8.192,8.92,3.7
1.4,staircase_climbing,5,RUN,28.1,32.3,8.92,10.9,4.2
1.4,staircase_climbing,6,TROT,0,1.3,1,1.665,1.3
1.4,staircase_climbing,6,WALK,1.3,3.1,1.665,2.025,1.8
1.4,staircase_climbing,6,RUN,3.1,4.5,2.025,2.697,1.4
1.4,staircase_climbing,6,WALK,4.5,7.7,2.697,3.32,3.2
1.4,staircase_climbing,6,RUN,7.7,9.1,3.32,3.992,1.4
1.4,staircase_climbing,6,WALK,9.1,12.8,3.992,4.72,3.7
1.4,staircase_climbing,6,RUN,12.8,14.2,4.72,5.392,1.4
1.4,staircase_climbing,6,WALK,14.2,17.9,5.392,6.12,3.7
1.4,staircase_climbing,6,RUN,17.9,19.3,6.12,6.792,1.4
1.4,staircase_climbing,6,WALK,19.3,23,6.792,7.52,3.7
1.4,staircase_climbing,6,RUN,23,24.4,7.52,8.192,1.4
1.4,staircase_climbing,6,WALK,24.4,28.1,8.192,8.92,3.7
1.4,staircase_climbing,6,RUN,28.1,32.3,8.92,10.9,4.2
1.4,staircase_climbing,7,TROT,0,1.3,1,1.665,1.3
1.4,staircase_climbing,7,WALK,1.3,3.1,1.665,2.025,1.8
1.4,staircase_climbing,7,RUN,3.1,4.5,2.025,2.697,1.4
1.4,staircase_climbing,7,WALK,4.5,7.7,2.697,3.32,3.2
1.4,staircase_climbing,7,RUN,7.7,9.1,3.32,3.992,1.4
1.4,staircase_climbing,7,WALK,9.1,12.8,3.992,4.72,3.7
1.4,staircase_climbing,7,RUN,12.8,14.2,4.72,5.392,1.4
1.4,staircase_climbing,7,WALK,14.2,17.9,5.392,6.12,3.7
1.4,staircase_climbing,7,RUN,17.9,19.3,6.12,6.792,1.4
1.4,staircase_climbing,7,WALK,19.3,23,6.792,7.52,3.7
1.4,staircase_climbing,7,RUN,23,24.4,7.52,8.192,1.4
1.4,staircase_climbing,7,WALK,24.4,28.1,8.192,8.92,3.7
1.4,staircase_climbing,7,RUN,28.1,32.3,8.92,10.9,4.2
1.4,staircase_climbing,8,TROT,0,1.3,1,1.665,1.3
1.4,staircase_climbing,8,WALK,1.3,3.1,1.665,2.025,1.8
1.4,staircase_climbing,8,RUN,3.1,4.5,2.025,2.697,1.4
1.4,staircase_climbing,8,WALK,4.5,7.7,2.697,3.32,3.2
1.4,staircase_climbing,8,RUN,7.7,9.1,3.32,3.992,1.4
1.4,staircase_climbing,8,WALK,9.1,12.8,3.992,4.72,3.7
1.4,staircase_climbing,8,RUN,12.8,14.2,4.72,5.392,1.4
1.4,staircase_climbing,8,WALK,14.2,17.9,5.392,6.12,3.7
1.4,staircase_climbing,8,RUN,17.9,19.3,6.12,6.792,1.4
1.4,staircase_climbing,8,WALK,19.3,23,6.792,7.52,3.7
1.4,staircase_climbing,8,RUN,23,24.4,7.52,8.192,1.4
1.4,staircase_climbing,8,WALK,24.4,28.1,8.192,8.92,3.7
1.4,staircase_climbing,8,RUN,28.1,32.3,8.92,10.9,4.2
1.4,staircase_climbing,9,TROT,0,1.3,1,1.665,1.3
1.4,staircase_climbing,9,WALK,1.3,3.1,1.665,2.025,1.8
1.4,staircase_climbing,9,RUN,3.1,4.5,2.025,2.697,1.4
1.4,staircase_climbing,9,WALK,4.5,7.7,2.697,3.32,3.2
1.4,staircase_climbing,9,RUN,7.7,9.1,3.32,3.992,1.4
1.4,staircase_climbing,9,WALK,9.1,12.8,3.992,4.72,3.7
1.4,staircase_climbing,9,RUN,12.8,14.2,4.72,5.392,1.4
1.4,staircase_climbing,9,WALK,14.2,17.9,5.392,6.12,3.7
1.4,staircase_climbing,9,RUN,17.9,19.3,6.12,6.792,1.4
1.4,staircase_climbing,9,WALK,19.3,23,6.792,7.52,3.7
1.4,staircase_climbing,9,RUN,23,24.4,7.52,8.192,1.4
1.4,staircase_climbing,9,WALK,24.4,28.1,8.192,8.92,3.7
1.4,staircase_climbing,9,RUN,28.1,32.3,8.92,10.9,4.2
1.4,staircase_spiral,0,TROT,0,1.3,1,1.70991,1.3
1.4,staircase_spiral,0,RUN,1.3,6,1.70991,3.92651,4.7
1.4,staircase_spiral,0,TROT,6,10.3,3.92651,6.14866,4.3
1.4,staircase_spiral,0,RUN,10.3,11.7,6.14866,6.73297,1.4
1.4,staircase_spiral,0,TROT,11.7,13.5,6.73297,6.81112,1.8
1.4,staircase_spiral,0,RUN,13.5,14.9,6.81112,6.40677,1.4
1.4,staircase_spiral,0,TROT,14.9,16.7,6.40677,5.49036,1.8
1.4,staircase_spiral,0,RUN,16.7,18.1,5.49036,5.08601,1.4
1.4,staircase_spiral,1,TROT,0,1.3,1,1.70998,1.3
1.4,staircase_spiral,1,RUN,1.3,6,1.70998,3.94683,4.7
1.4,staircase_spiral,1,TROT,6,10.2,3.94683,6.09911,4.2
1.4,staircase_spiral,1,RUN,10.2,11.6,6.09911,6.70446,1.4
1.4,staircase_spiral,1,TROT,11.6,13.5,6.70446,6.74128,1.9
1.4,staircase_spiral,1,WALK,13.5,21.2,6.74128,5.50929,7.7
1.4,staircase_spiral,1,RUN,21.2,22.5,5.50929,5.12155,1.3
1.4,staircase_spiral,2,TROT,0,1.3,1,1.71006,1.3
1.4,staircase_spiral,2,RUN,1.3,6.1,1.71006,3.96707,4.8
1.4,staircase_spiral,2,WALK,6.1,35.8,3.96707,5.15709,29.7
1.4,staircase_spiral,3,TROT,0,1.3,1,1.71013,1.3
1.4,staircase_spiral,3,RUN,1.3,6.2,1.71013,4.03488,4.9
1.4,staircase_spiral,3,WALK,6.2,34.5,4.03488,5.19264,28.3
1.4,staircase_spiral,4,TROT,0,1.3,1,1.71021,1.3
1.4,staircase_spiral,4,RUN,1.3,6.2,1.71021,4.00731,4.9
1.4,staircase_spiral,4,WALK,6.2,34.2,4.00731,5.22818,28
1.4,staircase_spiral,5,TROT,0,1.3,1,1.71028,1.3
1.4,staircase_spiral,5,RUN,1.3,6.1,1.71028,3.97953,4.8
1.4,staircase_spiral,5,TROT,6.1,7.5,3.97953,4.74613,1.4
1.4,staircase_spiral,5,WALK,7.5,30.7,4.74613,5.26373,23.2
1.4,staircase_spiral,6,TROT,0,1.3,1,1.71035,1.3
1.4,staircase_spiral,6,RUN,1.3,6.1,1.71035,3.9994,4.8
1.4,staircase_spiral,6,TROT,6.1,7.5,3.9994,4.76687,1.4
1.4,staircase_spiral,6,WALK,7.5,30.1,4.76687,5.29927,22.6
1.4,staircase_spiral,7,TROT,0,1.3,1,1.71041,1.3
1.4,staircase_spiral,7,RUN,1.3,6.1,1.71041,3.97133,4.8
1.4,staircase_spiral,7,TROT,6.1,7.5,3.97133,4.73952,1.4
1.4,staircase_spiral,7,WALK,7.5,29.2,4.73952,5.33481,21.7
1.4,staircase_spiral,8,TROT,0,1.3,1,1.71048,1.3
1.4,staircase_spiral,8,RUN,1.3,6.1,1.71048,3.99103,4.8
1.4,staircase_spiral,8,TROT,6.1,7.5,3.99103,4.75984,1.4
1.4,staircase_spiral,8,WALK,7.5,28.6,4.75984,5.37036,21.1
1.4,staircase_spiral,9,TROT,0,1.3,1,1.71055,1.3
1.4,staircase_spiral,9,RUN,1.3,6.1,1.71055,3.96273,4.8
1.4,staircase_spiral,9,TROT,6.1,7.5,3.96273,4.73201,1.4
1.4,staircase_spiral,9,WALK,7.5,27.7,4.73201,5.4059,20.2
1.4,squeeze,0,TROT,0,1.3,1,1.66389,1.3
1.4,squeeze,0,RUN,1.3,2.8,1.66389,2.34937,1.5
1.4,squeeze,0,WALK,2.8,4.6,2.34937,2.70462,1.8
1.4,squeeze,0,RUN,4.6,6,2.70462,3.36776,1.4
1.4,squeeze,0,WALK,6,7.8,3.36776,3.72165,1.8
1.4,squeeze,0,RUN,7.8,18.4,3.72165,8.65,10.6
1.4,squeeze,1,TROT,0,1.3,1,1.66391,1.3
1.4,squeeze,1,RUN,1.3,2.7,1.66391,2.33149,1.4
1.4,squeeze,1,WALK,2.7,4.5,2.33149,2.68506,1.8
1.4,squeeze,1,RUN,4.5,12.1,2.68506,6.27533,7.6
1.4,squeeze,1,WALK,12.1,14.5,6.27533,6.73586,2.4
1.4,squeeze,1,RUN,14.5,19.2,6.73586,8.9,4.7
1.4,squeeze,2,TROT,0,1.3,1,1.66458,1.3
1.4,squeeze,2,RUN,1.3,2.7,1.66458,2.33488,1.4
1.4,squeeze,2,WALK,2.7,4.5,2.33488,2.68408,1.8
1.4,squeeze,2,RUN,4.5,13.2,2.68408,6.74213,8.7
1.4,squeeze,2,WALK,13.2,15.6,6.74213,7.20527,2.4
1.4,squeeze,2,RUN,15.6,19.9,7.20527,9.25,4.3
1.4,squeeze,3,TROT,0,1.3,1,1.66423,1.3
1.4,squeeze,3,RUN,1.3,2.7,1.66423,2.33311,1.4
1.4,squeeze,3,WALK,2.7,4.5,2.33311,2.6737,1.8
1.4,squeeze,3,RUN,4.5,18.5,2.6737,9.25,14
1.4,squeeze,4,TROT,0,1.3,1,1.66489,1.3
1.4,squeeze,4,RUN,1.3,9.8,1.66489,5.70304,8.5
1.4,squeeze,4,WALK,9.8,12.6,5.70304,6.24363,2.8
1.4,squeeze,4,RUN,12.6,19.8,6.24363,9.65,7.2
1.4,squeeze,5,TROT,0,1.3,1,1.66421,1.3
1.4,squeeze,5,RUN,1.3,2.7,1.66421,2.33297,1.4
1.4,squeeze,5,WALK,2.7,4.5,2.33297,2.67863,1.8
1.4,squeeze,5,RUN,4.5,5.9,2.67863,3.3436,1.4
1.4,squeeze,5,WALK,5.9,15.2,3.3436,5.16312,9.3
1.4,squeeze,5,RUN,15.2,16.6,5.16312,5.83485,1.4
1.4,squeeze,5,WALK,16.6,18.6,5.83485,6.2185,2
1.4,squeeze,5,RUN,18.6,20,6.2185,6.88386,1.4
1.4,squeeze,5,WALK,20,28.2,6.88386,8.5039,8.2
1.4,squeeze,5,RUN,28.2,30.3,8.5039,9.5,2.1
1.4,squeeze,6,TROT,0,1.3,1,1.66499,1.3
1.4,squeeze,6,RUN,1.3,2.7,1.66499,2.33695,1.4
1.4,squeeze,6,WALK,2.7,35.2,2.33695,8.77285,32.5
1.4,squeeze,6,RUN,35.2,37.3,8.77285,9.75,2.1
1.4,squeeze,7,TROT,0,1.3,1,1.66493,1.3
1.4,squeeze,7,RUN,1.3,2.7,1.66493,2.33665,1.4
1.4,squeeze,7,WALK,2.7,17.5,2.33665,5.26314,14.8
1.4,squeeze,7,RUN,17.5,18.9,5.26314,5.92769,1.4
1.4,squeeze,7,WALK,18.9,21.3,5.92769,6.40232,2.4
1.4,squeeze,7,RUN,21.3,23.8,6.40232,7.59434,2.5
1.4,squeeze,7,WALK,23.8,25.6,7.59434,7.95418,1.8
1.4,squeeze,7,RUN,25.6,29.8,7.95418,9.9,4.2
1.4,squeeze,8,TROT,0,1.3,1,1.66458,1.3
1.4,squeeze,8,WALK,1.3,40.7,1.66458,9.45683,39.4
1.4,squeeze,8,RUN,40.7,42.8,9.45683,10.45,2.1
1.4,squeeze,9,TROT,0,1.3,1,1.66498,1.3
1.4,squeeze,9,RUN,1.3,2.7,1.66498,2.3369,1.4
1.4,squeeze,9,WALK,2.7,37.3,2.3369,9.22148,34.6
1.4,squeeze,9,RUN,37.3,39.4,9.22148,10.2,2.1
1.4,agility_poles,0,TROT,0,1.3,1,1.65525,1.3
1.4,agility_poles,0,RUN,1.3,40.8,1.65525,17.2365,39.5
1.4,agility_poles,0,WALK,40.8,46.4,17.2365,18.3,5.6
1.4,agility_poles,1,TROT,0,1.3,1,1.65409,1.3
1.4,agility_poles,1,RUN,1.3,41.5,1.65409,17.2361,40.2
1.4,agility_poles,1,WALK,41.5,41.6,17.2361,17.25,0.1
1.4,agility_poles,2,TROT,0,1.3,1,1.6532,1.3
1.4,agility_poles,2,RUN,1.3,40.3,1.6532,16.55,39
1.4,agility_poles,3,TROT,0,1.3,1,1.65166,1.3
1.4,agility_poles,3,RUN,1.3,38.7,1.65166,15.5,37.4
1.4,agility_poles,4,TROT,0,1.3,1,1.65185,1.3
1.4,agility_poles,4,RUN,1.3,36.7,1.65185,14.8,35.4
1.4,agility_poles,5,TROT,0,1.3,1,1.64993,1.3
1.4,agility_poles,5,RUN,1.3,35.1,1.64993,13.75,33.8
1.4,agility_poles,6,TROT,0,1.3,1,1.64842,1.3
1.4,agility_poles,6,RUN,1.3,33.8,1.64842,13.05,32.5
1.4,agility_poles,7,TROT,0,1.3,1,1.64571,1.3
1.4,agility_poles,7,RUN,1.3,32.2,1.64571,12,30.9
1.4,agility_poles,8,TROT,0,1.3,1,1.64355,1.3
1.4,agility_poles,8,RUN,1.3,31.3,1.64355,11.3,30
1.4,agility_poles,9,TROT,0,1.3,1,1.63963,1.3
1.4,agility_poles,9,WALK,1.3,3.1,1.63963,1.94427,1.8
1.4,agility_poles,9,RUN,3.1,15.2,1.94427,5.47274,12.1
1.4,agility_poles,9,WALK,15.2,17,5.47274,5.67445,1.8
1.4,agility_poles,9,RUN,17,24.9,5.67445,7.77274,7.9
1.4,agility_poles,9,WALK,24.9,26.7,7.77274,7.97445,1.8
1.4,agility_poles,9,RUN,26.7,33,7.97445,10.25,6.3
1.4,balance_beam,0,TROT,0,1.3,1,1.665,1.3
1.4,balance_beam,0,RUN,1.3,19.2,1.665,10,17.9
1.4,balance_beam,1,TROT,0,1.3,1,1.665,1.3
1.4,balance_beam,1,RUN,1.3,20.5,1.665,10.6,19.2
1.4,balance_beam,2,TROT,0,1.3,1,1.665,1.3
1.4,balance_beam,2,RUN,1.3,21,1.665,10.9,19.7
1.4,balance_beam,3,TROT,0,1.3,1,1.665,1.3
1.4,balance_beam,3,RUN,1.3,22.3,1.665,11.5,21
1.4,balance_beam,4,TROT,0,1.3,1,1.665,1.3
1.4,balance_beam,4,RUN,1.3,23.5,1.665,12.1,22.2
1.4,balance_beam,5,TROT,0,1.3,1,1.665,1.3
1.4,balance_beam,5,RUN,1.3,24.1,1.665,12.4,22.8
1.4,balance_beam,6,TROT,0,1.3,1,1.665,1.3
1.4,balance_beam,6,RUN,1.3,25.3,1.665,13,24
1.4,balance_beam,7,TROT,0,1.3,1,1.665,1.3
1.4,balance_beam,7,RUN,1.3,26.5,1.665,13.6,25.2
1.4,balance_beam,8,TROT,0,1.3,1,1.665,1.3
1.4,balance_beam,8,RUN,1.3,27.1,1.665,13.9,25.8
1.4,balance_beam,9,TROT,0,1.3,1,1.665,1.3
1.4,balance_beam,9,WALK,1.3,63.1,1.665,13.92,61.8
1.4,balance_beam,9,RUN,63.1,64.4,13.92,14.5,1.3
2,jump_on_and_off_box,0,TROT,0,2,1,2.04991,2
2,jump_on_and_off_box,0,RUN,2,4,2.04991,2.97904,2
2,jump_on_and_off_box,0,WALK,4,6.6,2.97904,3.49903,2.6
2,jump_on_and_off_box,0,RUN,6.6,8.6,3.49903,4.45903,2
2,jump_on_and_off_box,0,WALK,8.6,15.2,4.45903,5.7646,6.6
2,jump_on_and_off_box,0,RUN,15.2,17.2,5.7646,6.72433,2
2,jump_on_and_off_box,0,WALK,17.2,19.7,6.72433,7.22419,2.5
2,jump_on_and_off_box,0,RUN,19.7,21.7,7.22419,8.17026,2
2,jump_on_and_off_box,0,WALK,21.7,24.1,8.17026,8.65003,2.4
2,jump_on_and_off_box,0,RUN,24.1,26.1,8.65003,9.60956,2
2,jump_on_and_off_box,0,WALK,26.1,28.5,9.60956,10.0893,2.4
2,jump_on_and_off_box,0,RUN,28.5,30.5,10.0893,11.0462,2
2,jump_on_and_off_box,0,WALK,30.5,32.9,11.0462,11.5259,2.4
2,jump_on_and_off_box,0,RUN,32.9,34.9,11.5259,12.4854,2
2,jump_on_and_off_box,0,WALK,34.9,37.3,12.4854,12.9651,2.4
2,jump_on_and_off_box,0,RUN,37.3,39.3,12.9651,13.9185,2
2,jump_on_and_off_box,0,WALK,39.3,41.7,13.9185,14.3977,2.4
2,jump_on_and_off_box,0,RUN,41.7,43.7,14.3977,15.356,2
2,jump_on_and_off_box,0,WALK,43.7,49.8,15.356,16.5739,6.1
2,jump_on_and_off_box,0,RUN,49.8,51.8,16.5739,17.5335,2
2,jump_on_and_off_box,0,WALK,51.8,57.2,17.5335,18.6,5.4
2,jump_on_and_off_box,1,TROT,0,1.9,1,1.99499,1.9
2,jump_on_and_off_box,1,RUN,1.9,3.9,1.99499,2.93777,2
2,jump_on_and_off_box,1,WALK,3.9,6.3,2.93777,3.41757,2.4
2,jump_on_and_off_box,1,RUN,6.3,8.3,3.41757,4.37717,2
2,jump_on_and_off_box,1,WALK,8.3,15,4.37717,5.70902,6.7
2,jump_on_and_off_box,1,RUN,15,17,5.70902,6.66892,2
2,jump_on_and_off_box,1,WALK,17,19.5,6.66892,7.16887,2.5
2,jump_on_and_off_box,1,RUN,19.5,21.5,7.16887,8.10603,2
2,jump_on_and_off_box,1,WALK,21.5,23.9,8.10603,8.58596,2.4
2,jump_on_and_off_box,1,RUN,23.9,25.9,8.58596,9.54582,2
2,jump_on_and_off_box,1,WALK,25.9,33.2,9.54582,11.0051,7.3
2,jump_on_and_off_box,1,RUN,33.2,35.2,11.0051,11.9651,2
2,jump_on_and_off_box,1,WALK,35.2,37.7,11.9651,12.4651,2.5
2,jump_on_and_off_box,1,RUN,37.7,39.7,12.4651,13.3823,2
2,jump_on_and_off_box,1,WALK,39.7,42.1,13.3823,13.8611,2.4
2,jump_on_and_off_box,1,RUN,42.1,44.1,13.8611,14.8189,2
2,jump_on_and_off_box,1,WALK,44.1,51.1,14.8189,16.2052,7
2,jump_on_and_off_box,1,RUN,51.1,53.2,16.2052,17.2126,2.1
2,jump_on_and_off_box,1,WALK,53.2,58.4,17.2126,18.25,5.2
2,jump_on_and_off_box,2,TROT,0,1.9,1,1.99354,1.9
2,jump_on_and_off_box,2,RUN,1.9,3.9,1.99354,2.94936,2
2,jump_on_and_off_box,2,WALK,3.9,6.3,2.94936,3.42932,2.4
2,jump_on_and_off_box,2,RUN,6.3,8.3,3.42932,4.38925,2
2,jump_on_and_off_box,2,WALK,8.3,15.4,4.38925,5.80595,7.1
2,jump_on_and_off_box,2,RUN,15.4,17.4,5.80595,6.7658,2
2,jump_on_and_off_box,2,WALK,17.4,19.8,6.7658,7.24573,2.4
2,jump_on_and_off_box,2,RUN,19.8,21.8,7.24573,8.17653,2
2,jump_on_and_off_box,2,WALK,21.8,29.2,8.17653,9.65653,7.4
2,jump_on_and_off_box,2,RUN,29.2,31.2,9.65653,10.5975,2
2,jump_on_and_off_box,2,WALK,31.2,33.6,10.5975,11.0773,2.4
2,jump_on_and_off_box,2,RUN,33.6,35.6,11.0773,12.037,2
2,jump_on_and_off_box,2,WALK,35.6,42.3,12.037,13.3617,6.7
2,jump_on_and_off_box,2,RUN,42.3,44.3,13.3617,14.3206,2
2,jump_on_and_off_box,2,WALK,44.3,46.7,14.3206,14.8001,2.4
2,jump_on_and_off_box,2,RUN,46.7,48.7,14.8001,15.7417,2
2,jump_on_and_off_box,2,WALK,48.7,51.1,15.7417,16.2214,2.4
2,jump_on_and_off_box,2,RUN,51.1,53.1,16.2214,17.1809,2
2,jump_on_and_off_box,2,WALK,53.1,57,17.1809,17.95,3.9
2,jump_on_and_off_box,3,TROT,0,1.9,1,1.9944,1.9
2,jump_on_and_off_box,3,WALK,1.9,6.3,1.9944,2.85534,4.4
2,jump_on_and_off_box,3,RUN,6.3,8.3,2.85534,3.81455,2
2,jump_on_and_off_box,3,WALK,8.3,10.7,3.81455,4.29416,2.4
2,jump_on_and_off_box,3,RUN,10.7,12.7,4.29416,5.25121,2
2,jump_on_and_off_box,3,WALK,12.7,15.1,5.25121,5.73089,2.4
2,jump_on_and_off_box,3,RUN,15.1,17.1,5.73089,6.69024,2
2,jump_on_and_off_box,3,WALK,17.1,23.3,6.69024,7.90977,6.2
2,jump_on_and_off_box,3,RUN,23.3,25.3,7.90977,8.86871,2
2,jump_on_and_off_box,3,WALK,25.3,27.7,8.86871,9.34817,2.4
2,jump_on_and_off_box,3,RUN,27.7,29.7,9.34817,10.2787,2
2,jump_on_and_off_box,3,WALK,29.7,32.1,10.2787,10.7579,2.4
2,jump_on_and_off_box,3,RUN,32.1,34.1,10.7579,11.7164,2
2,jump_on_and_off_box,3,WALK,34.1,40.7,11.7164,13.0148,6.6
2,jump_on_and_off_box,3,RUN,40.7,42.7,13.0148,13.9737,2
2,jump_on_and_off_box,3,WALK,42.7,45.1,13.9737,14.4531,2.4
2,jump_on_and_off_box,3,RUN,45.1,47.1,14.4531,15.4099,2
2,jump_on_and_off_box,3,WALK,47.1,49.5,15.4099,15.8898,2.4
2,jump_on_and_off_box,3,RUN,49.5,52.2,15.8898,17.1855,2.7
2,jump_on_and_off_box,3,WALK,52.2,53.6,17.1855,17.45,1.4
2,jump_on_and_off_box,4,TROT,0,1.9,1,1.99477,1.9
2,jump_on_and_off_box,4,RUN,1.9,3.9,1.99477,2.91113,2
2,jump_on_and_off_box,4,WALK,3.9,6.3,2.91113,3.39113,2.4
2,jump_on_and_off_box,4,RUN,6.3,8.3,3.39113,4.35113,2
2,jump_on_and_off_box,4,WALK,8.3,13.6,4.35113,5.40678,5.3
2,jump_on_and_off_box,4,RUN,13.6,15.6,5.40678,6.36625,2
2,jump_on_and_off_box,4,WALK,15.6,18,6.36625,6.84599,2.4
2,jump_on_and_off_box,4,RUN,18,20,6.84599,7.78206,2
2,jump_on_and_off_box,4,WALK,20,27.4,7.78206,9.2614,7.4
2,jump_on_and_off_box,4,RUN,27.4,29.4,9.2614,10.1845,2
2,jump_on_and_off_box,4,WALK,29.4,31.8,10.1845,10.6641,2.4
2,jump_on_and_off_box,4,RUN,31.8,33.8,10.6641,11.6231,2
2,jump_on_and_off_box,4,WALK,33.8,39.6,11.6231,12.7692,5.8
2,jump_on_and_off_box,4,RUN,39.6,41.6,12.7692,13.7288,2
2,jump_on_and_off_box,4,WALK,41.6,44,13.7288,14.2087,2.4
2,jump_on_and_off_box,4,RUN,44,46,14.2087,15.146,2
2,jump_on_and_off_box,4,WALK,46,48.4,15.146,15.626,2.4
2,jump_on_and_off_box,4,RUN,48.4,51.7,15.626,17.21,3.3
2,jump_on_and_off_box,4,WALK,51.7,52.4,17.21,17.35,0.7
2,jump_on_and_off_box,5,TROT,0,1.9,1,1.99393,1.9
2,jump_on_and_off_box,5,RUN,1.9,4.6,1.99393,3.25594,2.7
2,jump_on_and_off_box,5,WALK,4.6,9.9,3.25594,4.31543,5.3
2,jump_on_and_off_box,5,RUN,9.9,11.9,4.31543,5.2324,2
2,jump_on_and_off_box,5,WALK,11.9,14.3,5.2324,5.71236,2.4
2,jump_on_and_off_box,5,RUN,14.3,16.3,5.71236,6.67228,2
2,jump_on_and_off_box,5,WALK,16.3,22.3,6.67228,7.85639,6
2,jump_on_and_off_box,5,RUN,22.3,24.3,7.85639,8.81596,2
2,jump_on_and_off_box,5,WALK,24.3,31.6,8.81596,10.2675,7.3
2,jump_on_and_off_box,5,RUN,31.6,33.6,10.2675,11.2275,2
2,jump_on_and_off_box,5,WALK,33.6,36,11.2275,11.7074,2.4
2,jump_on_and_off_box,5,RUN,36,38,11.7074,12.6311,2
2,jump_on_and_off_box,5,WALK,38,40.4,12.6311,13.1111,2.4
2,jump_on_and_off_box,5,RUN,40.4,42.4,13.1111,14.071,2
2,jump_on_and_off_box,5,WALK,42.4,47.6,14.071,15.1107,5.2
2,jump_on_and_off_box,5,RUN,47.6,51.7,15.1107,17.05,4.1
2,jump_on_and_off_box,6,TROT,0,1.9,1,1.99427,1.9
2,jump_on_and_off_box,6,WALK,1.9,6.3,1.99427,2.86136,4.4
2,jump_on_and_off_box,6,RUN,6.3,8.3,2.86136,3.82097,2
2,jump_on_and_off_box,6,WALK,8.3,15.4,3.82097,5.22216,7.1
2,jump_on_and_off_box,6,RUN,15.4,17.4,5.22216,6.18207,2
2,jump_on_and_off_box,6,WALK,17.4,19.8,6.18207,6.66202,2.4
2,jump_on_and_off_box,6,RUN,19.8,21.8,6.66202,7.61373,2
2,jump_on_and_off_box,6,WALK,21.8,34.2,7.61373,10.0711,12.4
2,jump_on_and_off_box,6,RUN,34.2,36.2,10.0711,11.0289,2
2,jump_on_and_off_box,6,WALK,36.2,38.6,11.0289,11.5079,2.4
2,jump_on_and_off_box,6,RUN,38.6,40.6,11.5079,12.4583,2
2,jump_on_and_off_box,6,WALK,40.6,43,12.4583,12.9382,2.4
2,jump_on_and_off_box,6,RUN,43,45,12.9382,13.8979,2
2,jump_on_and_off_box,6,WALK,45,50.4,13.8979,14.9712,5.4
2,jump_on_and_off_box,6,RUN,50.4,54.5,14.9712,16.9,4.1
2,jump_on_and_off_box,7,TROT,0,1.9,1,1.99478,1.9
2,jump_on_and_off_box,7,WALK,1.9,6,1.99478,2.80494,4.1
2,jump_on_and_off_box,7,RUN,6,8,2.80494,3.76451,2
2,jump_on_and_off_box,7,WALK,8,14.5,3.76451,5.0459,6.5
2,jump_on_and_off_box,7,RUN,14.5,16.5,5.0459,6.00575,2
2,jump_on_and_off_box,7,WALK,16.5,22.5,6.00575,7.18649,6
2,jump_on_and_off_box,7,RUN,22.5,24.5,7.18649,8.1445,2
2,jump_on_and_off_box,7,WALK,24.5,26.9,8.1445,8.62351,2.4
2,jump_on_and_off_box,7,RUN,26.9,28.9,8.62351,9.576,2
2,jump_on_and_off_box,7,WALK,28.9,35.9,9.576,10.9747,7
2,jump_on_and_off_box,7,RUN,35.9,37.9,10.9747,11.8901,2
2,jump_on_and_off_box,7,WALK,37.9,40.3,11.8901,12.3696,2.4
2,jump_on_and_off_box,7,RUN,40.3,42.3,12.3696,13.3287,2
2,jump_on_and_off_box,7,WALK,42.3,49,13.3287,14.6599,6.7
2,jump_on_and_off_box,7,RUN,49,53,14.6599,16.55,4
2,jump_on_and_off_box,8,TROT,0,1.9,1,1.99486,1.9
2,jump_on_and_off_box,8,RUN,1.9,3.9,1.99486,2.92462,2
2,jump_on_and_off_box,8,WALK,3.9,16.2,2.92462,5.3627,12.3
2,jump_on_and_off_box,8,RUN,16.2,18.2,5.3627,6.3208,2
2,jump_on_and_off_box,8,WALK,18.2,25.3,6.3208,7.7198,7.1
2,jump_on_and_off_box,8,RUN,25.3,27.3,7.7198,8.67958,2
2,jump_on_and_off_box,8,WALK,27.3,33.5,8.67958,9.91875,6.2
2,jump_on_and_off_box,8,RUN,33.5,35.5,9.91875,10.8786,2
2,jump_on_and_off_box,8,WALK,35.5,43,10.8786,12.3665,7.5
2,jump_on_and_off_box,8,RUN,43,45,12.3665,13.3259,2
2,jump_on_and_off_box,8,WALK,45,51.7,13.3259,14.6614,6.7
2,jump_on_and_off_box,8,RUN,51.7,55.7,14.6614,16.55,4
2,jump_on_and_off_box,9,TROT,0,1.9,1,1.99463,1.9
2,jump_on_and_off_box,9,RUN,1.9,4.4,1.99463,3.15118,2.5
2,jump_on_and_off_box,9,WALK,4.4,13.7,3.15118,5.0103,9.3
2,jump_on_and_off_box,9,RUN,13.7,15.7,5.0103,5.97028,2
2,jump_on_and_off_box,9,WALK,15.7,22.2,5.97028,7.26688,6.5
2,jump_on_and_off_box,9,RUN,22.2,24.2,7.26688,8.22512,2
2,jump_on_and_off_box,9,WALK,24.2,31.2,8.22512,9.62123,7
2,jump_on_and_off_box,9,RUN,31.2,33.2,9.62123,10.5812,2
2,jump_on_and_off_box,9,WALK,33.2,40.4,10.5812,12.0085,7.2
2,jump_on_and_off_box,9,RUN,40.4,42.4,12.0085,12.9663,2
2,jump_on_and_off_box,9,WALK,42.4,48.7,12.9663,14.2138,6.3
2,jump_on_and_off_box,9,RUN,48.7,52.6,14.2138,16.05,3.9
2,forward_ramp_lips,0,TROT,0,1.9,1,1.9943,1.9
2,forward_ramp_lips,0,WALK,1.9,10.6,1.9943,3.71826,8.7
2,forward_ramp_lips,0,TROT,10.6,12.6,3.71826,4.78896,2
2,forward_ramp_lips,0,WALK,12.6,52.7,4.78896,12.7568,40.1
2,forward_ramp_lips,0,RUN,52.7,55.9,12.7568,14.25,3.2
2,forward_ramp_lips,1,TROT,0,1.9,1,1.99416,1.9
2,forward_ramp_lips,1,WALK,1.9,11.1,1.99416,3.82177,9.2
2,forward_ramp_lips,1,TROT,11.1,13.2,3.82177,4.94746,2.1
2,forward_ramp_lips,1,WALK,13.2,18.1,4.94746,5.92497,4.9
2,forward_ramp_lips,1,TROT,18.1,20.3,5.92497,7.08938,2.2
2,forward_ramp_lips,1,WALK,20.3,34.3,7.08938,9.86517,14
2,forward_ramp_lips,1,TROT,34.3,36.4,9.86517,10.9836,2.1
2,forward_ramp_lips,1,WALK,36.4,45.1,10.9836,12.7021,8.7
2,forward_ramp_lips,1,RUN,45.1,48.3,12.7021,14.2,3.2
2,forward_ramp_lips,2,TROT,0,2.2,1,2.15984,2.2
2,forward_ramp_lips,2,WALK,2.2,11.3,2.15984,3.96731,9.1
2,forward_ramp_lips,2,TROT,11.3,13.5,3.96731,5.14982,2.2
2,forward_ramp_lips,2,WALK,13.5,17.6,5.14982,5.96712,4.1
2,forward_ramp_lips,2,TROT,17.6,19.7,5.96712,7.0676,2.1
2,forward_ramp_lips,2,WALK,19.7,33.5,7.0676,9.81425,13.8
2,forward_ramp_lips,2,TROT,33.5,35.6,9.81425,10.965,2.1
2,forward_ramp_lips,2,WALK,35.6,44.6,10.965,12.753,9
2,forward_ramp_lips,2,RUN,44.6,47.8,12.753,14.25,3.2
2,forward_ramp_lips,3,TROT,0,2.3,1,2.21387,2.3
2,forward_ramp_lips,3,WALK,2.3,11.4,2.21387,4.02295,9.1
2,forward_ramp_lips,3,TROT,11.4,13.5,4.02295,5.15995,2.1
2,forward_ramp_lips,3,WALK,13.5,26.4,5.15995,7.72028,12.9
2,forward_ramp_lips,3,TROT,26.4,28.5,7.72028,8.86831,2.1
2,forward_ramp_lips,3,WALK,28.5,33.5,8.86831,9.86689,5
2,forward_ramp_lips,3,TROT,33.5,35.7,9.86689,11.0545,2.2
2,forward_ramp_lips,3,WALK,35.7,39.8,11.0545,11.8738,4.1
2,forward_ramp_lips,3,TROT,39.8,42.2,11.8738,13.1469,2.4
2,forward_ramp_lips,3,RUN,42.2,45.1,13.1469,14.5,2.9
2,forward_ramp_lips,4,TROT,0,2,1,2.0484,2
2,forward_ramp_lips,4,WALK,2,11.4,2.0484,3.91297,9.4
2,forward_ramp_lips,4,TROT,11.4,13.5,3.91297,5.06231,2.1
2,forward_ramp_lips,4,WALK,13.5,37.2,5.06231,9.77357,23.7
2,forward_ramp_lips,4,TROT,37.2,39.5,9.77357,11.0306,2.3
2,forward_ramp_lips,4,WALK,39.5,47.7,11.0306,12.6593,8.2
2,forward_ramp_lips,4,RUN,47.7,51,12.6593,14.2,3.3
2,forward_ramp_lips,5,TROT,0,2.1,1,2.10457,2.1
2,forward_ramp_lips,5,WALK,2.1,48.5,2.10457,11.3145,46.4
2,forward_ramp_lips,5,RUN,48.5,51.8,11.3145,12.85,3.3
2,forward_ramp_lips,6,TROT,0,2.2,1,2.15891,2.2
2,forward_ramp_lips,6,WALK,2.2,30.9,2.15891,7.85944,28.7
2,forward_ramp_lips,6,TROT,30.9,33.1,7.85944,9.024,2.2
2,forward_ramp_lips,6,WALK,33.1,53.5,9.024,13.0676,20.4
2,forward_ramp_lips,6,RUN,53.5,56.7,13.0676,14.6,3.2
2,forward_ramp_lips,7,TROT,0,2.3,1,2.21355,2.3
2,forward_ramp_lips,7,WALK,2.3,11.6,2.21355,4.05784,9.3
2,forward_ramp_lips,7,TROT,11.6,13.7,4.05784,5.19586,2.1
2,forward_ramp_lips,7,WALK,13.7,47.4,5.19586,11.9082,33.7
2,forward_ramp_lips,7,TROT,47.4,49.7,11.9082,13.1468,2.3
2,forward_ramp_lips,7,WALK,49.7,52.1,13.1468,13.6267,2.4
2,forward_ramp_lips,7,RUN,52.1,54.2,13.6267,14.6,2.1
2,forward_ramp_lips,8,TROT,0,1.9,1,1.99371,1.9
2,forward_ramp_lips,8,WALK,1.9,44.5,1.99371,10.4403,42.6
2,forward_ramp_lips,8,RUN,44.5,46.5,10.4403,11.3987,2
2,forward_ramp_lips,8,WALK,46.5,50.3,11.3987,12.1418,3.8
2,forward_ramp_lips,8,RUN,50.3,53.7,12.1418,13.75,3.4
2,forward_ramp_lips,9,TROT,0,2.1,1,2.10261,2.1
2,forward_ramp_lips,9,WALK,2.1,56.7,2.10261,12.9393,54.6
2,forward_ramp_lips,9,RUN,56.7,60.1,12.9393,14.55,3.4
2,sphere_bump_lips,0,TROT,0,1.9,1,1.97829,1.9
2,sphere_bump_lips,0,WALK,1.9,9.3,1.97829,3.39144,7.4
2,sphere_bump_lips,0,TROT,9.3,11.3,3.39144,4.41665,2
2,sphere_bump_lips,0,WALK,11.3,15.6,4.41665,5.22103,4.3
2,sphere_bump_lips,0,RUN,15.6,17.6,5.22103,6.13963,2
2,sphere_bump_lips,0,TROT,17.6,19.6,6.13963,7.1922,2
2,sphere_bump_lips,0,WALK,19.6,23.9,7.1922,7.97566,4.3
2,sphere_bump_lips,0,RUN,23.9,25.9,7.97566,8.83431,2
2,sphere_bump_lips,0,WALK,25.9,42.2,8.83431,11.8617,16.3
2,sphere_bump_lips,0,RUN,42.2,44.2,11.8617,12.6166,2
2,sphere_bump_lips,0,WALK,44.2,52.7,12.6166,14.0182,8.5
2,sphere_bump_lips,0,RUN,52.7,54.7,14.0182,14.9306,2
2,sphere_bump_lips,0,TROT,54.7,57.1,14.9306,16.1851,2.4
2,sphere_bump_lips,0,RUN,57.1,57.5,16.1851,16.35,0.4
2,sphere_bump_lips,1,TROT,0,1.9,1,1.995,1.9
2,sphere_bump_lips,1,WALK,1.9,9.5,1.995,3.47453,7.6
2,sphere_bump_lips,1,RUN,9.5,11.5,3.47453,4.37341,2
2,sphere_bump_lips,1,WALK,11.5,17.1,4.37341,5.40268,5.6
2,sphere_bump_lips,1,RUN,17.1,19.1,5.40268,6.25732,2
2,sphere_bump_lips,1,WALK,19.1,26.8,6.25732,7.6274,7.7
2,sphere_bump_lips,1,RUN,26.8,28.8,7.6274,8.49002,2
2,sphere_bump_lips,1,WALK,28.8,35.7,8.49002,9.71904,6.9
2,sphere_bump_lips,1,RUN,35.7,37.7,9.71904,10.5698,2
2,sphere_bump_lips,1,WALK,37.7,54.1,10.5698,13.669,16.4
2,sphere_bump_lips,1,RUN,54.1,56.5,13.669,14.8181,2.4
2,sphere_bump_lips,1,TROT,56.5,58.9,14.8181,16.1,2.4
2,sphere_bump_lips,2,TROT,0,1.9,1,1.94692,1.9
2,sphere_bump_lips,2,RUN,1.9,3.9,1.94692,2.83522,2
2,sphere_bump_lips,2,WALK,3.9,6.3,2.83522,3.31058,2.4
2,sphere_bump_lips,2,RUN,6.3,8.3,3.31058,4.26131,2
2,sphere_bump_lips,2,WALK,8.3,14.3,4.26131,5.41865,6
2,sphere_bump_lips,2,RUN,14.3,16.3,5.41865,6.30342,2
2,sphere_bump_lips,2,WALK,16.3,21.5,6.30342,7.26989,5.2
2,sphere_bump_lips,2,RUN,21.5,23.5,7.26989,8.22956,2
2,sphere_bump_lips,2,WALK,23.5,28.4,8.22956,9.18969,4.9
2,sphere_bump_lips,2,RUN,28.4,30.4,9.18969,10.1488,2
2,sphere_bump_lips,2,WALK,30.4,37.5,10.1488,11.5074,7.1
2,sphere_bump_lips,2,RUN,37.5,39.5,11.5074,12.327,2
2,sphere_bump_lips,2,WALK,39.5,46.8,12.327,13.6013,7.3
2,sphere_bump_lips,2,RUN,46.8,48.8,13.6013,14.5379,2
2,sphere_bump_lips,2,TROT,48.8,51,14.5379,15.7,2.2
2,sphere_bump_lips,3,TROT,0,1.9,1,1.92057,1.9
2,sphere_bump_lips,3,RUN,1.9,3.9,1.92057,2.73623,2
2,sphere_bump_lips,3,WALK,3.9,7.1,2.73623,3.27653,3.2
2,sphere_bump_lips,3,RUN,7.1,9.1,3.27653,4.10145,2
2,sphere_bump_lips,3,WALK,9.1,16.2,4.10145,5.34569,7.1
2,sphere_bump_lips,3,RUN,16.2,18.2,5.34569,6.29188,2
2,sphere_bump_lips,3,WALK,18.2,22.6,6.29188,7.15383,4.4
2,sphere_bump_lips,3,RUN,22.6,24.6,7.15383,8.09739,2
2,sphere_bump_lips,3,WALK,24.6,32.1,8.09739,9.50737,7.5
2,sphere_bump_lips,3,RUN,32.1,34.1,9.50737,10.327,2
2,sphere_bump_lips,3,WALK,34.1,41.4,10.327,11.5971,7.3
2,sphere_bump_lips,3,RUN,41.4,43.4,11.5971,12.5228,2
2,sphere_bump_lips,3,WALK,43.4,49.1,12.5228,13.6284,5.7
2,sphere_bump_lips,3,RUN,49.1,53,13.6284,15.45,3.9
2,sphere_bump_lips,4,TROT,0,1.9,1,1.89374,1.9
2,sphere_bump_lips,4,RUN,1.9,3.9,1.89374,2.64507,2
2,sphere_bump_lips,4,WALK,3.9,6.3,2.64507,3.12044,2.4
2,sphere_bump_lips,4,RUN,6.3,8.3,3.12044,4.07116,2
2,sphere_bump_lips,4,WALK,8.3,15.1,4.07116,5.40419,6.8
2,sphere_bump_lips,4,RUN,15.1,17.1,5.40419,6.34871,2
2,sphere_bump_lips,4,WALK,17.1,20.7,6.34871,7.05013,3.6
2,sphere_bump_lips,4,RUN,20.7,22.7,7.05013,7.9838,2
2,sphere_bump_lips,4,WALK,22.7,29.6,7.9838,9.30673,6.9
2,sphere_bump_lips,4,RUN,29.6,31.6,9.30673,10.2269,2
2,sphere_bump_lips,4,WALK,31.6,36.5,10.2269,11.1677,4.9
2,sphere_bump_lips,4,RUN,36.5,38.5,11.1677,12.1207,2
2,sphere_bump_lips,4,WALK,38.5,42,12.1207,12.7993,3.5
2,sphere_bump_lips,4,RUN,42,46.1,12.7993,14.75,4.1
2,sphere_bump_lips,5,TROT,0,1.9,1,1.90171,1.9
2,sphere_bump_lips,5,RUN,1.9,3.9,1.90171,2.68078,2
2,sphere_bump_lips,5,WALK,3.9,6.3,2.68078,3.09281,2.4
2,sphere_bump_lips,5,RUN,6.3,8.3,3.09281,3.95886,2
2,sphere_bump_lips,5,WALK,8.3,16.1,3.95886,5.32088,7.8
2,sphere_bump_lips,5,RUN,16.1,18.1,5.32088,6.0857,2
2,sphere_bump_lips,5,WALK,18.1,22.4,6.0857,6.76159,4.3
2,sphere_bump_lips,5,RUN,22.4,24.4,6.76159,7.54638,2
2,sphere_bump_lips,5,WALK,24.4,33.1,7.54638,9.00098,8.7
2,sphere_bump_lips,5,RUN,33.1,35.1,9.00098,9.90391,2
2,sphere_bump_lips,5,WALK,35.1,40,9.90391,10.8344,4.9
2,sphere_bump_lips,5,RUN,40,42,10.8344,11.7785,2
2,sphere_bump_lips,5,WALK,42,46.8,11.7785,12.7158,4.8
2,sphere_bump_lips,5,RUN,46.8,50.7,12.7158,14.55,3.9
2,sphere_bump_lips,6,TROT,0,1.9,1,1.97373,1.9
2,sphere_bump_lips,6,RUN,1.9,3.9,1.97373,2.89247,2
2,sphere_bump_lips,6,WALK,3.9,6.9,2.89247,3.45585,3
2,sphere_bump_lips,6,RUN,6.9,8.9,3.45585,4.3734,2
2,sphere_bump_lips,6,WALK,8.9,19.2,4.3734,6.38254,10.3
2,sphere_bump_lips,6,RUN,19.2,21.2,6.38254,7.3127,2
2,sphere_bump_lips,6,WALK,21.2,29.2,7.3127,8.83089,8
2,sphere_bump_lips,6,RUN,29.2,31.2,8.83089,9.71327,2
2,sphere_bump_lips,6,WALK,31.2,34,9.71327,10.2376,2.8
2,sphere_bump_lips,6,RUN,34,36,10.2376,11.1909,2
2,sphere_bump_lips,6,WALK,36,41.4,11.1909,12.2597,5.4
2,sphere_bump_lips,6,RUN,41.4,45.2,12.2597,14.05,3.8
2,sphere_bump_lips,7,TROT,0,1.9,1,1.96777,1.9
2,sphere_bump_lips,7,RUN,1.9,3.9,1.96777,2.84141,2
2,sphere_bump_lips,7,WALK,3.9,13.6,2.84141,4.54698,9.7
2,sphere_bump_lips,7,RUN,13.6,15.6,4.54698,5.49734,2
2,sphere_bump_lips,7,WALK,15.6,21.5,5.49734,6.64768,5.9
2,sphere_bump_lips,7,RUN,21.5,23.5,6.64768,7.60027,2
2,sphere_bump_lips,7,WALK,23.5,28.9,7.60027,8.66163,5.4
2,sphere_bump_lips,7,RUN,28.9,30.9,8.66163,9.59652,2
2,sphere_bump_lips,7,WALK,30.9,33.8,9.59652,10.0955,2.9
2,sphere_bump_lips,7,RUN,33.8,35.8,10.0955,10.8809,2
2,sphere_bump_lips,7,WALK,35.8,42.5,10.8809,12.012,6.7
2,sphere_bump_lips,7,RUN,42.5,46.6,12.012,13.9,4.1
2,sphere_bump_lips,8,TROT,0,1.9,1,1.91761,1.9
2,sphere_bump_lips,8,RUN,1.9,3.9,1.91761,2.72551,2
2,sphere_bump_lips,8,WALK,3.9,13.8,2.72551,4.4799,9.9
2,sphere_bump_lips,8,RUN,13.8,15.8,4.4799,5.43955,2
2,sphere_bump_lips,8,WALK,15.8,20.4,5.43955,6.32984,4.6
2,sphere_bump_lips,8,RUN,20.4,22.4,6.32984,7.22533,2
2,sphere_bump_lips,8,WALK,22.4,29.3,7.22533,8.50678,6.9
2,sphere_bump_lips,8,RUN,29.3,31.3,8.50678,9.38717,2
2,sphere_bump_lips,8,WALK,31.3,33.7,9.38717,9.85258,2.4
2,sphere_bump_lips,8,RUN,33.7,35.7,9.85258,10.7971,2
2,sphere_bump_lips,8,WALK,35.7,41.1,10.7971,11.8479,5.4
2,sphere_bump_lips,8,RUN,41.1,44.8,11.8479,13.5,3.7
2,sphere_bump_lips,9,TROT,0,1.9,1,1.95588,1.9
2,sphere_bump_lips,9,RUN,1.9,3.9,1.95588,2.8,2
2,sphere_bump_lips,9,WALK,3.9,6.3,2.8,3.24801,2.4
2,sphere_bump_lips,9,RUN,6.3,8.3,3.24801,4.14402,2
2,sphere_bump_lips,9,WALK,8.3,12.7,4.14402,4.91961,4.4
2,sphere_bump_lips,9,RUN,12.7,14.7,4.91961,5.65973,2
2,sphere_bump_lips,9,WALK,14.7,17.7,5.65973,6.1469,3
2,sphere_bump_lips,9,RUN,17.7,19.7,6.1469,6.99341,2
2,sphere_bump_lips,9,WALK,19.7,32.2,6.99341,9.24017,12.5
2,sphere_bump_lips,9,RUN,32.2,34.2,9.24017,10.127,2
2,sphere_bump_lips,9,WALK,34.2,40.7,10.127,11.3499,6.5
2,sphere_bump_lips,9,RUN,40.7,44.5,11.3499,13.15,3.8
2,forward_ramp_no_lips,0,TROT,0,1.9,1,1.99447,1.9
2,forward_ramp_no_lips,0,WALK,1.9,42.4,1.99447,10.009,40.5
2,forward_ramp_no_lips,0,RUN,42.4,44.5,10.009,11,2.1
2,forward_ramp_no_lips,1,TROT,0,2.1,1,2.105,2.1
2,forward_ramp_no_lips,1,WALK,2.1,41.6,2.105,9.94978,39.5
2,forward_ramp_no_lips,1,RUN,41.6,43.7,9.94978,10.95,2.1
2,forward_ramp_no_lips,2,TROT,0,2.2,1,2.15759,2.2
2,forward_ramp_no_lips,2,WALK,2.2,40.2,2.15759,9.66981,38
2,forward_ramp_no_lips,2,RUN,40.2,42.4,9.66981,10.7,2.2
2,forward_ramp_no_lips,3,TROT,0,1.9,1,1.99484,1.9
2,forward_ramp_no_lips,3,WALK,1.9,40.8,1.99484,9.69999,38.9
2,forward_ramp_no_lips,3,RUN,40.8,43,9.69999,10.75,2.2
2,forward_ramp_no_lips,4,TROT,0,1.9,1,1.99497,1.9
2,forward_ramp_no_lips,4,WALK,1.9,42.4,1.99497,10.01,40.5
2,forward_ramp_no_lips,4,RUN,42.4,44.7,10.01,11.1,2.3
2,forward_ramp_no_lips,5,TROT,0,1.9,1,1.99281,1.9
2,forward_ramp_no_lips,5,WALK,1.9,42.6,1.99281,10.06,40.7
2,forward_ramp_no_lips,5,RUN,42.6,45,10.06,11.2,2.4
2,forward_ramp_no_lips,6,TROT,0,1.9,1,1.99361,1.9
2,forward_ramp_no_lips,6,WALK,1.9,39.8,1.99361,9.49997,37.9
2,forward_ramp_no_lips,6,RUN,39.8,42.2,9.49997,10.65,2.4
2,forward_ramp_no_lips,7,TROT,0,1.9,1,1.9947,1.9
2,forward_ramp_no_lips,7,WALK,1.9,40.1,1.9947,9.54958,38.2
2,forward_ramp_no_lips,7,RUN,40.1,42.7,9.54958,10.75,2.6
2,forward_ramp_no_lips,8,TROT,0,1.9,1,1.99492,1.9
2,forward_ramp_no_lips,8,WALK,1.9,41.9,1.99492,9.9098,40
2,forward_ramp_no_lips,8,RUN,41.9,44.5,9.9098,11.15,2.6
2,forward_ramp_no_lips,9,TROT,0,1.9,1,1.99486,1.9
2,forward_ramp_no_lips,9,WALK,1.9,41.9,1.99486,9.91994,40
2,forward_ramp_no_lips,9,RUN,41.9,44.5,9.91994,11.15,2.6
2,flush_a_frame,0,TROT,0,1.9,1,1.99465,1.9
2,flush_a_frame,0,WALK,1.9,62,1.99465,13.93,60.1
2,flush_a_frame,0,TROT,62,64.2,13.93,15.1,2.2
2,flush_a_frame,1,TROT,0,1.9,1,1.99499,1.9
2,flush_a_frame,1,WALK,1.9,57.5,1.99499,13.02,55.6
2,flush_a_frame,1,RUN,57.5,59.8,13.02,14.1,2.3
2,flush_a_frame,2,TROT,0,1.9,1,1.99474,1.9
2,flush_a_frame,2,WALK,1.9,58.1,1.99474,13.1593,56.2
2,flush_a_frame,2,RUN,58.1,60.5,13.1593,14.3,2.4
2,flush_a_frame,3,TROT,0,1.9,1,1.99359,1.9
2,flush_a_frame,3,WALK,1.9,60.1,1.99359,13.5593,58.2
2,flush_a_frame,3,RUN,60.1,62.5,13.5593,14.7,2.4
2,flush_a_frame,4,TROT,0,1.9,1,1.99455,1.9
2,flush_a_frame,4,WALK,1.9,62.5,1.99455,14.0199,60.6
2,flush_a_frame,4,RUN,62.5,65,14.0199,15.2,2.5
2,flush_a_frame,5,TROT,0,1.9,1,1.99436,1.9
2,flush_a_frame,5,WALK,1.9,56.9,1.99436,12.9094,55
2,flush_a_frame,5,RUN,56.9,59.4,12.9094,14.1,2.5
2,flush_a_frame,6,TROT,0,1.9,1,1.99398,1.9
2,flush_a_frame,6,WALK,1.9,53.8,1.99398,12.2696,51.9
2,flush_a_frame,6,RUN,53.8,56.4,12.2696,13.5,2.6
2,flush_a_frame,7,TROT,0,1.9,1,1.99288,1.9
2,flush_a_frame,7,WALK,1.9,53.8,1.99288,12.2898,51.9
2,flush_a_frame,7,RUN,53.8,56.6,12.2898,13.6,2.8
2,flush_a_frame,8,TROT,0,1.9,1,1.995,1.9
2,flush_a_frame,8,WALK,1.9,60.4,1.995,13.6193,58.5
2,flush_a_frame,8,RUN,60.4,63.1,13.6193,14.9,2.7
2,flush_a_frame,9,TROT,0,1.9,1,1.99429,1.9
2,flush_a_frame,9,WALK,1.9,56.2,1.99429,12.76,54.3
2,flush_a_frame,9,RUN,56.2,59,12.76,14.1,2.8
2,sphere_bump,0,TROT,0,1.9,1,1.96348,1.9
2,sphere_bump,0,WALK,1.9,7.8,1.96348,3.06123,5.9
2,sphere_bump,0,TROT,7.8,9.8,3.06123,4.1069,2
2,sphere_bump,0,WALK,9.8,17.4,4.1069,5.56898,7.6
2,sphere_bump,0,TROT,17.4,19.4,5.56898,6.66631,2
2,sphere_bump,0,WALK,19.4,32.9,6.66631,9.3319,13.5
2,sphere_bump,0,TROT,32.9,34.9,9.3319,10.4057,2
2,sphere_bump,0,WALK,34.9,41.4,10.4057,11.6699,6.5
2,sphere_bump,0,TROT,41.4,43.4,11.6699,12.7696,2
2,sphere_bump,0,WALK,43.4,48.8,12.7696,13.8082,5.4
2,sphere_bump,0,TROT,48.8,51.2,13.8082,15.0525,2.4
2,sphere_bump,0,RUN,51.2,53,15.0525,15.85,1.8
2,sphere_bump,1,TROT,0,1.9,1,1.92312,1.9
2,sphere_bump,1,RUN,1.9,3.9,1.92312,2.74372,2
2,sphere_bump,1,WALK,3.9,7,2.74372,3.31662,3.1
2,sphere_bump,1,TROT,7,9,3.31662,4.40776,2
2,sphere_bump,1,WALK,9,23.6,4.40776,7.0852,14.6
2,sphere_bump,1,TROT,23.6,25.6,7.0852,8.1732,2
2,sphere_bump,1,WALK,25.6,31.7,8.1732,9.32145,6.1
2,sphere_bump,1,TROT,31.7,33.7,9.32145,10.252,2
2,sphere_bump,1,WALK,33.7,41.9,10.252,11.6512,8.2
2,sphere_bump,1,TROT,41.9,43.9,11.6512,12.6168,2
2,sphere_bump,1,WALK,43.9,51.1,12.6168,13.915,7.2
2,sphere_bump,1,TROT,51.1,53.5,13.915,15.2193,2.4
2,sphere_bump,1,RUN,53.5,54.7,15.2193,15.75,1.2
2,sphere_bump,2,TROT,0,1.9,1,1.9696,1.9
2,sphere_bump,2,WALK,1.9,7.4,1.9696,3.02373,5.5
2,sphere_bump,2,RUN,7.4,9.4,3.02373,3.97118,2
2,sphere_bump,2,WALK,9.4,25,3.97118,7.01513,15.6
2,sphere_bump,2,TROT,25,27,7.01513,8.01923,2
2,sphere_bump,2,WALK,27,32.1,8.01923,8.96,5.1
2,sphere_bump,2,TROT,32.1,34.1,8.96,10.0338,2
2,sphere_bump,2,WALK,34.1,40.5,10.0338,11.2686,6.4
2,sphere_bump,2,RUN,40.5,42.5,11.2686,12.2057,2
2,sphere_bump,2,WALK,42.5,48.9,12.2057,13.4287,6.4
2,sphere_bump,2,TROT,48.9,50.9,13.4287,14.47,2
2,sphere_bump,2,WALK,50.9,55.4,14.47,15.322,4.5
2,sphere_bump,2,RUN,55.4,55.6,15.322,15.4,0.2
2,sphere_bump,3,TROT,0,1.9,1,1.9596,1.9
2,sphere_bump,3,RUN,1.9,3.9,1.9596,2.85093,2
2,sphere_bump,3,WALK,3.9,7.1,2.85093,3.34554,3.2
2,sphere_bump,3,TROT,7.1,9.2,3.34554,4.21313,2.1
2,sphere_bump,3,WALK,9.2,14.3,4.21313,5.02035,5.1
2,sphere_bump,3,TROT,14.3,16.3,5.02035,5.99031,2
2,sphere_bump,3,WALK,16.3,40.5,5.99031,10.6226,24.2
2,sphere_bump,3,TROT,40.5,42.5,10.6226,11.5986,2
2,sphere_bump,3,WALK,42.5,51.3,11.5986,13.1778,8.8
2,sphere_bump,3,TROT,51.3,53.7,13.1778,14.4053,2.4
2,sphere_bump,3,RUN,53.7,54.9,14.4053,14.9,1.2
2,sphere_bump,4,TROT,0,1.9,1,1.9696,1.9
2,sphere_bump,4,WALK,1.9,58.6,1.9696,12.574,56.7
2,sphere_bump,4,RUN,58.6,62.8,12.574,14.5647,4.2
2,sphere_bump,4,TROT,62.8,62.9,14.5647,14.6,0.1
2,sphere_bump,5,TROT,0,1.9,1,1.97276,1.9
2,sphere_bump,5,WALK,1.9,46.7,1.97276,10.3719,44.8
2,sphere_bump,5,TROT,46.7,48.7,10.3719,11.3806,2
2,sphere_bump,5,WALK,48.7,56,11.3806,12.7196,7.3
2,sphere_bump,5,RUN,56,59.6,12.7196,14.3,3.6
2,sphere_bump,6,TROT,0,1.9,1,1.99453,1.9
2,sphere_bump,6,WALK,1.9,7.9,1.99453,3.17388,6
2,sphere_bump,6,TROT,7.9,9.9,3.17388,4.24103,2
2,sphere_bump,6,WALK,9.9,22.2,4.24103,6.57135,12.3
2,sphere_bump,6,RUN,22.2,24.2,6.57135,7.38034,2
2,sphere_bump,6,WALK,24.2,30.3,7.38034,8.42647,6.1
2,sphere_bump,6,RUN,30.3,32.3,8.42647,9.27353,2
2,sphere_bump,6,WALK,32.3,49.7,9.27353,12.3111,17.4
2,sphere_bump,6,RUN,49.7,53.6,12.3111,14.1,3.9
2,sphere_bump,7,TROT,0,1.9,1,1.96201,1.9
2,sphere_bump,7,WALK,1.9,9,1.96201,3.22005,7.1
2,sphere_bump,7,RUN,9,11,3.22005,3.99553,2
2,sphere_bump,7,WALK,11,43,3.99553,9.89898,32
2,sphere_bump,7,RUN,43,45,9.89898,10.857,2
2,sphere_bump,7,WALK,45,52.2,10.857,12.2697,7.2
2,sphere_bump,7,RUN,52.2,55.3,12.2697,13.7,3.1
2,sphere_bump,8,TROT,0,1.9,1,1.99218,1.9
2,sphere_bump,8,WALK,1.9,42.6,1.99218,9.7189,40.7
2,sphere_bump,8,RUN,42.6,44.6,9.7189,10.6769,2
2,sphere_bump,8,WALK,44.6,51.4,10.6769,12.0094,6.8
2,sphere_bump,8,RUN,51.4,54.5,12.0094,13.45,3.1
2,sphere_bump,9,TROT,0,1.9,1,1.89073,1.9
2,sphere_bump,9,RUN,1.9,3.9,1.89073,2.67976,2
2,sphere_bump,9,WALK,3.9,24.5,2.67976,6.40877,20.6
2,sphere_bump,9,TROT,24.5,26.5,6.40877,7.50584,2
2,sphere_bump,9,WALK,26.5,48.3,7.50584,11.4696,21.8
2,sphere_bump,9,RUN,48.3,52.2,11.4696,13.25,3.9
2,box_jump_even,0,TROT,0,1.9,1,1.9948,1.9
2,box_jump_even,0,RUN,1.9,4.6,1.9948,3.28148,2.7
2,box_jump_even,0,WALK,4.6,9.6,3.28148,4.26001,5
2,box_jump_even,0,RUN,9.6,11.6,4.26001,5.2008,2
2,box_jump_even,0,WALK,11.6,14,5.2008,5.67901,2.4
2,box_jump_even,0,RUN,14,16,5.67901,6.59882,2
2,box_jump_even,0,WALK,16,18.8,6.59882,7.1588,2.8
2,box_jump_even,0,RUN,18.8,20.8,7.1588,8.09021,2
2,box_jump_even,0,WALK,20.8,23.4,8.09021,8.60853,2.6
2,box_jump_even,0,RUN,23.4,25.4,8.60853,9.55981,2
2,box_jump_even,0,WALK,25.4,27.9,9.55981,10.0591,2.5
2,box_jump_even,0,RUN,27.9,29.8,10.0591,10.95,1.9
2,box_jump_even,1,TROT,0,1.9,1,1.99355,1.9
2,box_jump_even,1,RUN,1.9,3.9,1.99355,2.9338,2
2,box_jump_even,1,WALK,3.9,6.3,2.9338,3.4138,2.4
2,box_jump_even,1,RUN,6.3,8.3,3.4138,4.35821,2
2,box_jump_even,1,WALK,8.3,10.7,4.35821,4.83709,2.4
2,box_jump_even,1,RUN,10.7,12.7,4.83709,5.78281,2
2,box_jump_even,1,WALK,12.7,15.1,5.78281,6.26279,2.4
2,box_jump_even,1,RUN,15.1,17.1,6.26279,7.17576,2
2,box_jump_even,1,WALK,17.1,19.5,7.17576,7.65575,2.4
2,box_jump_even,1,RUN,19.5,21.5,7.65575,8.60131,2
2,box_jump_even,1,WALK,21.5,23.9,8.60131,9.08127,2.4
2,box_jump_even,1,RUN,23.9,25.9,9.08127,10.0069,2
2,box_jump_even,1,WALK,25.9,28.3,10.0069,10.4869,2.4
2,box_jump_even,1,RUN,28.3,29.9,10.4869,11.25,1.6
2,box_jump_even,2,TROT,0,1.9,1,1.99493,1.9
2,box_jump_even,2,RUN,1.9,3.9,1.99493,2.90827,2
2,box_jump_even,2,WALK,3.9,6.3,2.90827,3.38795,2.4
2,box_jump_even,2,RUN,6.3,8.3,3.38795,4.33504,2
2,box_jump_even,2,WALK,8.3,10.7,4.33504,4.8147,2.4
2,box_jump_even,2,RUN,10.7,12.7,4.8147,5.74225,2
2,box_jump_even,2,WALK,12.7,15.1,5.74225,6.22044,2.4
2,box_jump_even,2,RUN,15.1,17.1,6.22044,7.1551,2
2,box_jump_even,2,WALK,17.1,19.5,7.1551,7.63508,2.4
2,box_jump_even,2,RUN,19.5,21.5,7.63508,8.57109,2
2,box_jump_even,2,WALK,21.5,24.2,8.57109,9.11104,2.7
2,box_jump_even,2,RUN,24.2,26.2,9.11104,10.0281,2
2,box_jump_even,2,WALK,26.2,28.9,10.0281,10.5677,2.7
2,box_jump_even,2,RUN,28.9,30.8,10.5677,11.45,1.9
2,box_jump_even,3,TROT,0,1.9,1,1.99303,1.9
2,box_jump_even,3,RUN,1.9,3.9,1.99303,2.9331,2
2,box_jump_even,3,WALK,3.9,6.3,2.9331,3.41079,2.4
2,box_jump_even,3,RUN,6.3,8.3,3.41079,4.351,2
2,box_jump_even,3,WALK,8.3,15.4,4.351,5.76003,7.1
2,box_jump_even,3,RUN,15.4,17.4,5.76003,6.69381,2
2,box_jump_even,3,WALK,17.4,19.8,6.69381,7.17152,2.4
2,box_jump_even,3,RUN,19.8,21.8,7.17152,8.09441,2
2,box_jump_even,3,WALK,21.8,24.2,8.09441,8.57215,2.4
2,box_jump_even,3,RUN,24.2,26.2,8.57215,9.5145,2
2,box_jump_even,3,WALK,26.2,28.6,9.5145,9.99434,2.4
2,box_jump_even,3,RUN,28.6,30.2,9.99434,10.75,1.6
2,box_jump_even,4,TROT,0,1.9,1,1.99476,1.9
2,box_jump_even,4,RUN,1.9,3.9,1.99476,2.9241,2
2,box_jump_even,4,WALK,3.9,6.3,2.9241,3.40299,2.4
2,box_jump_even,4,RUN,6.3,8.3,3.40299,4.34503,2
2,box_jump_even,4,WALK,8.3,10.7,4.34503,4.82503,2.4
2,box_jump_even,4,RUN,10.7,12.7,4.82503,5.76006,2
2,box_jump_even,4,WALK,12.7,15.1,5.76006,6.23788,2.4
2,box_jump_even,4,RUN,15.1,17.1,6.23788,7.15471,2
2,box_jump_even,4,WALK,17.1,19.5,7.15471,7.63471,2.4
2,box_jump_even,4,RUN,19.5,21.5,7.63471,8.59265,2
2,box_jump_even,4,WALK,21.5,23.9,8.59265,9.07199,2.4
2,box_jump_even,4,RUN,23.9,25.9,9.07199,9.99494,2
2,box_jump_even,4,WALK,25.9,28.3,9.99494,10.4749,2.4
2,box_jump_even,4,RUN,28.3,29.8,10.4749,11.15,1.5
2,box_jump_even,5,TROT,0,1.9,1,1.99245,1.9
2,box_jump_even,5,RUN,1.9,3.9,1.99245,2.91799,2
2,box_jump_even,5,WALK,3.9,11.2,2.91799,4.3654,7.3
2,box_jump_even,5,RUN,11.2,13.2,4.3654,5.31851,2
2,box_jump_even,5,WALK,13.2,16.2,5.31851,5.91824,3
2,box_jump_even,5,RUN,16.2,18.2,5.91824,6.85242,2
2,box_jump_even,5,WALK,18.2,20.8,6.85242,7.37065,2.6
2,box_jump_even,5,RUN,20.8,22.8,7.37065,8.2936,2
2,box_jump_even,5,WALK,22.8,26.4,8.2936,9.01319,3.6
2,box_jump_even,5,RUN,26.4,28.4,9.01319,9.93808,2
2,box_jump_even,5,WALK,28.4,31,9.93808,10.458,2.6
2,box_jump_even,5,RUN,31,32.9,10.458,11.35,1.9
2,box_jump_even,6,TROT,0,1.9,1,1.99482,1.9
2,box_jump_even,6,RUN,1.9,3.9,1.99482,2.90728,2
2,box_jump_even,6,WALK,3.9,6.3,2.90728,3.38716,2.4
2,box_jump_even,6,RUN,6.3,8.3,3.38716,4.3387,2
2,box_jump_even,6,WALK,8.3,10.7,4.3387,4.8187,2.4
2,box_jump_even,6,RUN,10.7,12.7,4.8187,5.76891,2
2,box_jump_even,6,WALK,12.7,15.1,5.76891,6.24831,2.4
2,box_jump_even,6,RUN,15.1,17.1,6.24831,7.16926,2
2,box_jump_even,6,WALK,17.1,20.1,7.16926,7.76924,3
2,box_jump_even,6,RUN,20.1,22.1,7.76924,8.70871,2
2,box_jump_even,6,WALK,22.1,25.2,8.70871,9.32634,3.1
2,box_jump_even,6,RUN,25.2,27.2,9.32634,10.2519,2
2,box_jump_even,6,WALK,27.2,29.6,10.2519,10.7313,2.4
2,box_jump_even,6,RUN,29.6,31.4,10.7313,11.55,1.8
2,box_jump_even,7,TROT,0,1.9,1,1.99248,1.9
2,box_jump_even,7,RUN,1.9,3.9,1.99248,2.90704,2
2,box_jump_even,7,WALK,3.9,6.3,2.90704,3.38551,2.4
2,box_jump_even,7,RUN,6.3,8.3,3.38551,4.30133,2
2,box_jump_even,7,WALK,8.3,10.7,4.30133,4.78115,2.4
2,box_jump_even,7,RUN,10.7,12.7,4.78115,5.70534,2
2,box_jump_even,7,WALK,12.7,15.5,5.70534,6.26526,2.8
2,box_jump_even,7,RUN,15.5,17.5,6.26526,7.2123,2
2,box_jump_even,7,WALK,17.5,21,7.2123,7.91049,3.5
2,box_jump_even,7,RUN,21,23,7.91049,8.85045,2
2,box_jump_even,7,WALK,23,26.3,8.85045,9.50812,3.3
2,box_jump_even,7,RUN,26.3,28.3,9.50812,10.4636,2
2,box_jump_even,7,WALK,28.3,31.8,10.4636,11.1629,3.5
2,box_jump_even,7,RUN,31.8,33.7,11.1629,12.05,1.9
2,box_jump_even,8,TROT,0,1.9,1,1.99416,1.9
2,box_jump_even,8,WALK,1.9,7.4,1.99416,3.07363,5.5
2,box_jump_even,8,RUN,7.4,9.4,3.07363,4.01878,2
2,box_jump_even,8,WALK,9.4,11.8,4.01878,4.49807,2.4
2,box_jump_even,8,RUN,11.8,13.8,4.49807,5.43921,2
2,box_jump_even,8,WALK,13.8,17.2,5.43921,6.11715,3.4
2,box_jump_even,8,RUN,17.2,19.2,6.11715,7.06327,2
2,box_jump_even,8,WALK,19.2,21.6,7.06327,7.54191,2.4
2,box_jump_even,8,RUN,21.6,23.6,7.54191,8.47193,2
2,box_jump_even,8,WALK,23.6,26,8.47193,8.95162,2.4
2,box_jump_even,8,RUN,26,28,8.95162,9.89655,2
2,box_jump_even,8,WALK,28,30.4,9.89655,10.3764,2.4
2,box_jump_even,8,RUN,30.4,32.3,10.3764,11.25,1.9
2,box_jump_even,9,TROT,0,1.9,1,1.99499,1.9
2,box_jump_even,9,RUN,1.9,3.9,1.99499,2.92239,2
2,box_jump_even,9,WALK,3.9,6.3,2.92239,3.40195,2.4
2,box_jump_even,9,RUN,6.3,8.3,3.40195,4.35565,2
2,box_jump_even,9,WALK,8.3,11.3,4.35565,4.95563,3
2,box_jump_even,9,RUN,11.3,13.3,4.95563,5.87311,2
2,box_jump_even,9,WALK,13.3,16.5,5.87311,6.51299,3.2
2,box_jump_even,9,RUN,16.5,18.5,6.51299,7.4318,2
2,box_jump_even,9,WALK,18.5,21.2,7.4318,7.97171,2.7
2,box_jump_even,9,RUN,21.2,23.2,7.97171,8.92171,2
2,box_jump_even,9,WALK,23.2,26.7,8.92171,9.62126,3.5
2,box_jump_even,9,RUN,26.7,28.7,9.62126,10.5672,2
2,box_jump_even,9,WALK,28.7,32.7,10.5672,11.3672,4
2,box_jump_even,9,RUN,32.7,34.6,11.3672,12.25,1.9
2,box_jump_uneven,0,TROT,0,1.9,1,1.99387,1.9
2,box_jump_uneven,0,RUN,1.9,3.9,1.99387,2.90451,2
2,box_jump_uneven,0,WALK,3.9,6.3,2.90451,3.38378,2.4
2,box_jump_uneven,0,RUN,6.3,8.3,3.38378,4.30577,2
2,box_jump_uneven,0,WALK,8.3,10.7,4.30577,4.78574,2.4
2,box_jump_uneven,0,RUN,10.7,12.7,4.78574,5.74569,2
2,box_jump_uneven,0,WALK,12.7,16.8,5.74569,6.5589,4.1
2,box_jump_uneven,0,RUN,16.8,18.8,6.5589,7.51873,2
2,box_jump_uneven,0,WALK,18.8,22.9,7.51873,8.31972,4.1
2,box_jump_uneven,0,RUN,22.9,24.9,8.31972,9.27964,2
2,box_jump_uneven,0,WALK,24.9,29.1,9.27964,10.1128,4.2
2,box_jump_uneven,0,RUN,29.1,31.1,10.1128,11.0728,2
2,box_jump_uneven,0,WALK,31.1,35.4,11.0728,11.9182,4.3
2,box_jump_uneven,0,RUN,35.4,37.3,11.9182,12.8,1.9
2,box_jump_uneven,1,TROT,0,1.9,1,1.99363,1.9
2,box_jump_uneven,1,RUN,1.9,3.9,1.99363,2.9319,2
2,box_jump_uneven,1,WALK,3.9,6.3,2.9319,3.41119,2.4
2,box_jump_uneven,1,RUN,6.3,8.3,3.41119,4.34014,2
2,box_jump_uneven,1,WALK,8.3,10.7,4.34014,4.81948,2.4
2,box_jump_uneven,1,RUN,10.7,12.7,4.81948,5.76635,2
2,box_jump_uneven,1,WALK,12.7,15.1,5.76635,6.24566,2.4
2,box_jump_uneven,1,RUN,15.1,17.1,6.24566,7.16786,2
2,box_jump_uneven,1,WALK,17.1,19.5,7.16786,7.64738,2.4
2,box_jump_uneven,1,RUN,19.5,21.5,7.64738,8.58086,2
2,box_jump_uneven,1,WALK,21.5,24.7,8.58086,9.21856,3.2
2,box_jump_uneven,1,RUN,24.7,26.7,9.21856,10.1751,2
2,box_jump_uneven,1,WALK,26.7,31.2,10.1751,11.056,4.5
2,box_jump_uneven,1,RUN,31.2,33.1,11.056,11.95,1.9
2,box_jump_uneven,2,TROT,0,1.9,1,1.99481,1.9
2,box_jump_uneven,2,RUN,1.9,3.9,1.99481,2.91717,2
2,box_jump_uneven,2,WALK,3.9,6.6,2.91717,3.45717,2.7
2,box_jump_uneven,2,RUN,6.6,8.6,3.45717,4.41717,2
2,box_jump_uneven,2,WALK,8.6,13.1,4.41717,5.30992,4.5
2,box_jump_uneven,2,RUN,13.1,15.2,5.30992,6.31706,2.1
2,box_jump_uneven,2,WALK,15.2,20,6.31706,7.26325,4.8
2,box_jump_uneven,2,RUN,20,22,7.26325,8.2231,2
2,box_jump_uneven,2,WALK,22,26.5,8.2231,9.11364,4.5
2,box_jump_uneven,2,RUN,26.5,28.5,9.11364,10.0345,2
2,box_jump_uneven,2,WALK,28.5,30.9,10.0345,10.5145,2.4
2,box_jump_uneven,2,RUN,30.9,32.9,10.5145,11.4592,2
2,box_jump_uneven,2,WALK,32.9,35.4,11.4592,11.9591,2.5
2,box_jump_uneven,2,RUN,35.4,37.3,11.9591,12.85,1.9
2,box_jump_uneven,3,TROT,0,1.9,1,1.99289,1.9
2,box_jump_uneven,3,RUN,1.9,5.9,1.99289,3.8629,4
2,box_jump_uneven,3,WALK,5.9,11.2,3.8629,4.91868,5.3
2,box_jump_uneven,3,RUN,11.2,13.2,4.91868,5.83956,2
2,box_jump_uneven,3,WALK,13.2,16.3,5.83956,6.45955,3.1
2,box_jump_uneven,3,RUN,16.3,18.3,6.45955,7.41953,2
2,box_jump_uneven,3,WALK,18.3,22.5,7.41953,8.25798,4.2
2,box_jump_uneven,3,RUN,22.5,24.5,8.25798,9.21771,2
2,box_jump_uneven,3,WALK,24.5,29.3,9.21771,10.1716,4.8
2,box_jump_uneven,3,RUN,29.3,31.3,10.1716,11.131,2
2,box_jump_uneven,3,WALK,31.3,36.1,11.131,12.073,4.8
2,box_jump_uneven,3,RUN,36.1,38,12.073,12.95,1.9
2,box_jump_uneven,4,TROT,0,1.9,1,1.99477,1.9
2,box_jump_uneven,4,RUN,1.9,3.9,1.99477,2.95177,2
2,box_jump_uneven,4,WALK,3.9,11.3,2.95177,4.41766,7.4
2,box_jump_uneven,4,RUN,11.3,13.3,4.41766,5.37616,2
2,box_jump_uneven,4,WALK,13.3,17.6,5.37616,6.21762,4.3
2,box_jump_uneven,4,RUN,17.6,19.6,6.21762,7.1737,2
2,box_jump_uneven,4,WALK,19.6,22,7.1737,7.65366,2.4
2,box_jump_uneven,4,RUN,22,24,7.65366,8.6094,2
2,box_jump_uneven,4,WALK,24,27.3,8.6094,9.26919,3.3
2,box_jump_uneven,4,RUN,27.3,29.3,9.26919,10.2289,2
2,box_jump_uneven,4,WALK,29.3,34,10.2289,11.1617,4.7
2,box_jump_uneven,4,RUN,34,35.9,11.1617,12.05,1.9
2,box_jump_uneven,5,TROT,0,1.9,1,1.99315,1.9
2,box_jump_uneven,5,RUN,1.9,3.9,1.99315,2.92651,2
2,box_jump_uneven,5,WALK,3.9,6.3,2.92651,3.4045,2.4
2,box_jump_uneven,5,RUN,6.3,8.3,3.4045,4.35053,2
2,box_jump_uneven,5,WALK,8.3,10.7,4.35053,4.83042,2.4
2,box_jump_uneven,5,RUN,10.7,12.7,4.83042,5.75399,2
2,box_jump_uneven,5,WALK,12.7,15.1,5.75399,6.23342,2.4
2,box_jump_uneven,5,RUN,15.1,17.1,6.23342,7.18536,2
2,box_jump_uneven,5,WALK,17.1,19.5,7.18536,7.66457,2.4
2,box_jump_uneven,5,RUN,19.5,21.5,7.66457,8.62298,2
2,box_jump_uneven,5,WALK,21.5,26.1,8.62298,9.52492,4.6
2,box_jump_uneven,5,RUN,26.1,28.1,9.52492,10.4837,2
2,box_jump_uneven,5,WALK,28.1,33.1,10.4837,11.4689,5
2,box_jump_uneven,5,RUN,33.1,35,11.4689,12.35,1.9
2,box_jump_uneven,6,TROT,0,1.9,1,1.99354,1.9
2,box_jump_uneven,6,RUN,1.9,3.9,1.99354,2.94216,2
2,box_jump_uneven,6,WALK,3.9,11.6,2.94216,4.46435,7.7
2,box_jump_uneven,6,RUN,11.6,13.6,4.46435,5.42136,2
2,box_jump_uneven,6,WALK,13.6,16.8,5.42136,6.06121,3.2
2,box_jump_uneven,6,RUN,16.8,18.8,6.06121,6.98357,2
2,box_jump_uneven,6,WALK,18.8,21.7,6.98357,7.56355,2.9
2,box_jump_uneven,6,RUN,21.7,23.7,7.56355,8.52352,2
2,box_jump_uneven,6,WALK,23.7,28.7,8.52352,9.51449,5
2,box_jump_uneven,6,RUN,28.7,30.7,9.51449,10.4428,2
2,box_jump_uneven,6,WALK,30.7,33.1,10.4428,10.9225,2.4
2,box_jump_uneven,6,RUN,33.1,35,10.9225,11.8,1.9
2,box_jump_uneven,7,TROT,0,1.9,1,1.99488,1.9
2,box_jump_uneven,7,RUN,1.9,3.9,1.99488,2.94154,2
2,box_jump_uneven,7,WALK,3.9,6.3,2.94154,3.42066,2.4
2,box_jump_uneven,7,RUN,6.3,8.3,3.42066,4.33263,2
2,box_jump_uneven,7,WALK,8.3,12.2,4.33263,5.11263,3.9
2,box_jump_uneven,7,RUN,12.2,14.2,5.11263,6.07263,2
2,box_jump_uneven,7,WALK,14.2,19,6.07263,7.01974,4.8
2,box_jump_uneven,7,RUN,19,21,7.01974,7.95529,2
2,box_jump_uneven,7,WALK,21,25.3,7.95529,8.81232,4.3
2,box_jump_uneven,7,RUN,25.3,27.3,8.81232,9.76551,2
2,box_jump_uneven,7,WALK,27.3,30.6,9.76551,10.4218,3.3
2,box_jump_uneven,7,RUN,30.6,32.6,10.4218,11.3504,2
2,box_jump_uneven,7,WALK,32.6,35.4,11.3504,11.9097,2.8
2,box_jump_uneven,7,RUN,35.4,37.3,11.9097,12.8,1.9
2,box_jump_uneven,8,TROT,0,1.9,1,1.99429,1.9
2,box_jump_uneven,8,RUN,1.9,3.9,1.99429,2.90569,2
2,box_jump_uneven,8,WALK,3.9,7.7,2.90569,3.66551,3.8
2,box_jump_uneven,8,RUN,7.7,9.7,3.66551,4.61891,2
2,box_jump_uneven,8,WALK,9.7,12.2,4.61891,5.11887,2.5
2,box_jump_uneven,8,RUN,12.2,14.2,5.11887,6.05323,2
2,box_jump_uneven,8,WALK,14.2,19,6.05323,7.01267,4.8
2,box_jump_uneven,8,RUN,19,21,7.01267,7.94228,2
2,box_jump_uneven,8,WALK,21,25.4,7.94228,8.8222,4.4
2,box_jump_uneven,8,RUN,25.4,27.4,8.8222,9.78129,2
2,box_jump_uneven,8,WALK,27.4,29.8,9.78129,10.2604,2.4
2,box_jump_uneven,8,RUN,29.8,31.8,10.2604,11.2106,2
2,box_jump_uneven,8,WALK,31.8,35.8,11.2106,12.0101,4
2,box_jump_uneven,8,RUN,35.8,37.7,12.0101,12.9,1.9
2,box_jump_uneven,9,TROT,0,1.9,1,1.99452,1.9
2,box_jump_uneven,9,RUN,1.9,3.9,1.99452,2.95034,2
2,box_jump_uneven,9,WALK,3.9,7,2.95034,3.57025,3.1
2,box_jump_uneven,9,RUN,7,9,3.57025,4.51206,2
2,box_jump_uneven,9,WALK,9,12.5,4.51206,5.21193,3.5
2,box_jump_uneven,9,RUN,12.5,14.5,5.21193,6.12442,2
2,box_jump_uneven,9,WALK,14.5,18.2,6.12442,6.86419,3.7
2,box_jump_uneven,9,RUN,18.2,20.2,6.86419,7.79329,2
2,box_jump_uneven,9,WALK,20.2,24.3,7.79329,8.6124,4.1
2,box_jump_uneven,9,RUN,24.3,26.3,8.6124,9.54594,2
2,box_jump_uneven,9,WALK,26.3,29.4,9.54594,10.1658,3.1
2,box_jump_uneven,9,RUN,29.4,31.4,10.1658,11.0939,2
2,box_jump_uneven,9,WALK,31.4,36.5,11.0939,12.1135,5.1
2,box_jump_uneven,9,RUN,36.5,38.4,12.1135,13,1.9
2,flat_circle_jump,0,TROT,0,2,1,2.04447,2
2,flat_circle_jump,0,RUN,2,4,2.04447,2.97963,2
2,flat_circle_jump,0,TROT,4,7.2,2.97963,4.67756,3.2
2,flat_circle_jump,0,RUN,7.2,9.6,4.67756,5.77917,2.4
2,flat_circle_jump,0,WALK,9.6,20.2,5.77917,7.86704,10.6
2,flat_circle_jump,0,RUN,20.2,22.1,7.86704,8.75,1.9
2,flat_circle_jump,1,TROT,0,1.9,1,1.98952,1.9
2,flat_circle_jump,1,RUN,1.9,3.9,1.98952,2.92361,2
2,flat_circle_jump,1,WALK,3.9,10,2.92361,4.09361,6.1
2,flat_circle_jump,1,RUN,10,12,4.09361,5.02917,2
2,flat_circle_jump,1,WALK,12,16.5,5.02917,5.9182,4.5
2,flat_circle_jump,1,RUN,16.5,18.5,5.9182,6.83892,2
2,flat_circle_jump,1,WALK,18.5,26.4,6.83892,8.40861,7.9
2,flat_circle_jump,1,RUN,26.4,28.3,8.40861,9.3,1.9
2,flat_circle_jump,2,TROT,0,1.9,1,1.99466,1.9
2,flat_circle_jump,2,WALK,1.9,8.5,1.99466,3.30943,6.6
2,flat_circle_jump,2,TROT,8.5,10.7,3.30943,4.50192,2.2
2,flat_circle_jump,2,WALK,10.7,26.9,4.50192,7.67152,16.2
2,flat_circle_jump,2,RUN,26.9,28.9,7.67152,8.58542,2
2,flat_circle_jump,2,WALK,28.9,31.3,8.58542,9.06459,2.4
2,flat_circle_jump,2,RUN,31.3,33.2,9.06459,9.95,1.9
2,flat_circle_jump,3,TROT,0,1.9,1,1.995,1.9
2,flat_circle_jump,3,WALK,1.9,8.6,1.995,3.31963,6.7
2,flat_circle_jump,3,RUN,8.6,11.8,3.31963,4.81116,3.2
2,flat_circle_jump,3,WALK,11.8,17.5,4.81116,5.92146,5.7
2,flat_circle_jump,3,RUN,17.5,19.6,5.92146,6.87975,2.1
2,flat_circle_jump,3,WALK,19.6,32.9,6.87975,9.50861,13.3
2,flat_circle_jump,3,RUN,32.9,34.8,9.50861,10.4,1.9
2,flat_circle_jump,4,TROT,0,1.9,1,1.99468,1.9
2,flat_circle_jump,4,RUN,1.9,3.9,1.99468,2.94795,2
2,flat_circle_jump,4,WALK,3.9,6.3,2.94795,3.42746,2.4
2,flat_circle_jump,4,RUN,6.3,8.3,3.42746,4.38267,2
2,flat_circle_jump,4,WALK,8.3,23.6,4.38267,7.40794,15.3
2,flat_circle_jump,4,RUN,23.6,25.6,7.40794,8.334,2
2,flat_circle_jump,4,WALK,25.6,33,8.334,9.8086,7.4
2,flat_circle_jump,4,RUN,33,34.9,9.8086,10.7,1.9
2,flat_circle_jump,5,TROT,0,1.9,1,1.99473,1.9
2,flat_circle_jump,5,WALK,1.9,4.3,1.99473,2.47446,2.4
2,flat_circle_jump,5,RUN,4.3,7.5,2.47446,4.00525,3.2
2,flat_circle_jump,5,WALK,7.5,26.2,4.00525,7.70668,18.7
2,flat_circle_jump,5,RUN,26.2,29.9,7.70668,9.462,3.7
2,flat_circle_jump,5,WALK,29.9,36.5,9.462,10.7644,6.6
2,flat_circle_jump,5,RUN,36.5,38.4,10.7644,11.65,1.9
2,flat_circle_jump,6,TROT,0,1.9,1,1.9939,1.9
2,flat_circle_jump,6,WALK,1.9,11.3,1.9939,3.85963,9.4
2,flat_circle_jump,6,RUN,11.3,13.3,3.85963,4.79485,2
2,flat_circle_jump,6,WALK,13.3,16.7,4.79485,5.4667,3.4
2,flat_circle_jump,6,RUN,16.7,18.7,5.4667,6.39381,2
2,flat_circle_jump,6,WALK,18.7,21.1,6.39381,6.86285,2.4
2,flat_circle_jump,6,RUN,21.1,23.1,6.86285,7.78585,2
2,flat_circle_jump,6,WALK,23.1,25.7,7.78585,8.30563,2.6
2,flat_circle_jump,6,RUN,25.7,27.7,8.30563,9.24591,2
2,flat_circle_jump,6,WALK,27.7,30.1,9.24591,9.72546,2.4
2,flat_circle_jump,6,RUN,30.1,32.1,9.72546,10.6839,2
2,flat_circle_jump,6,WALK,32.1,35.8,10.6839,11.4236,3.7
2,flat_circle_jump,6,RUN,35.8,37.7,11.4236,12.3,1.9
2,flat_circle_jump,7,TROT,0,1.9,1,1.99054,1.9
2,flat_circle_jump,7,WALK,1.9,5.8,1.99054,2.76352,3.9
2,flat_circle_jump,7,RUN,5.8,7.8,2.76352,3.68584,2
2,flat_circle_jump,7,WALK,7.8,25,3.68584,7.05963,17.2
2,flat_circle_jump,7,RUN,25,27,7.05963,7.99541,2
2,flat_circle_jump,7,WALK,27,30.4,7.99541,8.67125,3.4
2,flat_circle_jump,7,RUN,30.4,32.4,8.67125,9.5847,2
2,flat_circle_jump,7,WALK,32.4,34.8,9.5847,10.0628,2.4
2,flat_circle_jump,7,RUN,34.8,36.8,10.0628,10.998,2
2,flat_circle_jump,7,WALK,36.8,41.6,10.998,11.9577,4.8
2,flat_circle_jump,7,RUN,41.6,43.5,11.9577,12.85,1.9
2,flat_circle_jump,8,TROT,0,1.9,1,1.98826,1.9
2,flat_circle_jump,8,WALK,1.9,28,1.98826,7.11,26.1
2,flat_circle_jump,8,RUN,28,30,7.11,8.04765,2
2,flat_circle_jump,8,WALK,30,42.4,8.04765,10.51,12.4
2,flat_circle_jump,8,RUN,42.4,44.4,10.51,11.446,2
2,flat_circle_jump,8,WALK,44.4,48.5,11.446,12.266,4.1
2,flat_circle_jump,8,RUN,48.5,50.4,12.266,13.15,1.9
2,flat_circle_jump,9,TROT,0,1.9,1,1.99486,1.9
2,flat_circle_jump,9,WALK,1.9,5.8,1.99486,2.77464,3.9
2,flat_circle_jump,9,RUN,5.8,7.8,2.77464,3.69561,2
2,flat_circle_jump,9,WALK,7.8,11.2,3.69561,4.37281,3.4
2,flat_circle_jump,9,RUN,11.2,13.2,4.37281,5.29797,2
2,flat_circle_jump,9,WALK,13.2,15.8,5.29797,5.81764,2.6
2,flat_circle_jump,9,RUN,15.8,17.8,5.81764,6.74596,2
2,flat_circle_jump,9,WALK,17.8,21.4,6.74596,7.46563,3.6
2,flat_circle_jump,9,RUN,21.4,23.4,7.46563,8.39441,2
2,flat_circle_jump,9,WALK,23.4,46.4,8.39441,12.9246,23
2,flat_circle_jump,9,RUN,46.4,48.3,12.9246,13.8,1.9
2,bump_jump,0,TROT,0,1.9,1,1.98826,1.9
2,bump_jump,0,WALK,1.9,41.8,1.98826,9.86965,39.9
2,bump_jump,0,RUN,41.8,43.7,9.86965,10.75,1.9
2,bump_jump,1,TROT,0,1.9,1,1.98894,1.9
2,bump_jump,1,WALK,1.9,43.4,1.98894,10.16,41.5
2,bump_jump,1,RUN,43.4,45.3,10.16,11.05,1.9
2,bump_jump,2,TROT,0,1.9,1,1.99432,1.9
2,bump_jump,2,WALK,1.9,42.6,1.99432,10.0586,40.7
2,bump_jump,2,RUN,42.6,44.5,10.0586,10.95,1.9
2,bump_jump,3,TROT,0,1.9,1,1.98952,1.9
2,bump_jump,3,WALK,1.9,44.6,1.98952,10.42,42.7
2,bump_jump,3,RUN,44.6,46.5,10.42,11.3,1.9
2,bump_jump,4,TROT,0,1.9,1,1.99277,1.9
2,bump_jump,4,WALK,1.9,44.3,1.99277,10.3596,42.4
2,bump_jump,4,RUN,44.3,46.2,10.3596,11.25,1.9
2,bump_jump,5,TROT,0,1.9,1,1.99297,1.9
2,bump_jump,5,WALK,1.9,45.4,1.99297,10.61,43.5
2,bump_jump,5,RUN,45.4,47.3,10.61,11.5,1.9
2,bump_jump,6,TROT,0,1.9,1,1.98702,1.9
2,bump_jump,6,WALK,1.9,45.6,1.98702,10.5712,43.7
2,bump_jump,6,RUN,45.6,47.5,10.5712,11.45,1.9
2,bump_jump,7,TROT,0,1.9,1,1.995,1.9
2,bump_jump,7,WALK,1.9,47.1,1.995,10.9669,45.2
2,bump_jump,7,RUN,47.1,49,10.9669,11.85,1.9
2,bump_jump,8,TROT,0,1.9,1,1.99329,1.9
2,bump_jump,8,WALK,1.9,47.6,1.99329,10.9744,45.7
2,bump_jump,8,RUN,47.6,49.5,10.9744,11.85,1.9
2,bump_jump,9,TROT,0,1.9,1,1.9846,1.9
2,bump_jump,9,WALK,1.9,47.6,1.9846,11.0144,45.7
2,bump_jump,9,RUN,47.6,49.5,11.0144,11.9,1.9
2,sideways_ramp,0,TROT,0,1.9,1,1.93865,1.9
2,sideways_ramp,0,WALK,1.9,7.2,1.93865,2.89025,5.3
2,sideways_ramp,0,RUN,7.2,9.2,2.89025,3.7871,2
2,sideways_ramp,0,WALK,9.2,11.6,3.7871,4.26568,2.4
2,sideways_ramp,0,RUN,11.6,13.6,4.26568,5.1673,2
2,sideways_ramp,0,WALK,13.6,16,5.1673,5.6031,2.4
2,sideways_ramp,0,RUN,16,18,5.6031,6.46676,2
2,sideways_ramp,0,WALK,18,20.4,6.46676,6.90206,2.4
2,sideways_ramp,0,RUN,20.4,22.4,6.90206,7.7623,2
2,sideways_ramp,0,WALK,22.4,24.8,7.7623,8.21209,2.4
2,sideways_ramp,0,RUN,24.8,26.8,8.21209,9.10548,2
2,sideways_ramp,0,WALK,26.8,29.2,9.10548,9.5602,2.4
2,sideways_ramp,0,RUN,29.2,30.9,9.5602,10.3,1.7
2,sideways_ramp,1,TROT,0,1.9,1,1.995,1.9
2,sideways_ramp,1,RUN,1.9,3.9,1.995,2.88239,2
2,sideways_ramp,1,WALK,3.9,6.3,2.88239,3.31863,2.4
2,sideways_ramp,1,RUN,6.3,8.3,3.31863,4.23193,2
2,sideways_ramp,1,WALK,8.3,15,4.23193,5.53762,6.7
2,sideways_ramp,1,RUN,15,17,5.53762,6.42435,2
2,sideways_ramp,1,WALK,17,19.5,6.42435,6.92399,2.5
2,sideways_ramp,1,RUN,19.5,21.5,6.92399,7.83899,2
2,sideways_ramp,1,WALK,21.5,23.9,7.83899,8.29608,2.4
2,sideways_ramp,1,RUN,23.9,25.9,8.29608,9.17698,2
2,sideways_ramp,1,WALK,25.9,28.3,9.17698,9.63074,2.4
2,sideways_ramp,1,RUN,28.3,29.8,9.63074,10.3,1.5
2,sideways_ramp,2,TROT,0,1.9,1,1.99427,1.9
2,sideways_ramp,2,RUN,1.9,3.9,1.99427,2.90504,2
2,sideways_ramp,2,WALK,3.9,18.9,2.90504,5.6857,15
2,sideways_ramp,2,RUN,18.9,20.9,5.6857,6.5427,2
2,sideways_ramp,2,WALK,20.9,23.3,6.5427,6.9779,2.4
2,sideways_ramp,2,RUN,23.3,25.3,6.9779,7.8411,2
2,sideways_ramp,2,WALK,25.3,27.7,7.8411,8.32073,2.4
2,sideways_ramp,2,RUN,27.7,29.7,8.32073,9.25726,2
2,sideways_ramp,2,WALK,29.7,32.1,9.25726,9.73693,2.4
2,sideways_ramp,2,RUN,32.1,33.4,9.73693,10.35,1.3
2,sideways_ramp,3,TROT,0,1.9,1,1.99202,1.9
2,sideways_ramp,3,RUN,1.9,4.9,1.99202,3.37252,3
2,sideways_ramp,3,WALK,4.9,9.8,3.37252,4.28923,4.9
2,sideways_ramp,3,RUN,9.8,11.8,4.28923,5.19267,2
2,sideways_ramp,3,WALK,11.8,20.8,5.19267,6.92623,9
2,sideways_ramp,3,RUN,20.8,22.8,6.92623,7.87304,2
2,sideways_ramp,3,WALK,22.8,25.3,7.87304,8.37275,2.5
2,sideways_ramp,3,RUN,25.3,27.3,8.37275,9.29117,2
2,sideways_ramp,3,WALK,27.3,30.2,9.29117,9.83365,2.9
2,sideways_ramp,3,RUN,30.2,32.2,9.83365,10.7,2
2,sideways_ramp,4,TROT,0,1.9,1,1.995,1.9
2,sideways_ramp,4,RUN,1.9,4.6,1.995,3.26818,2.7
2,sideways_ramp,4,WALK,4.6,9.8,3.26818,4.27523,5.2
2,sideways_ramp,4,RUN,9.8,11.8,4.27523,5.17156,2
2,sideways_ramp,4,WALK,11.8,14.3,5.17156,5.66863,2.5
2,sideways_ramp,4,RUN,14.3,16.3,5.66863,6.59988,2
2,sideways_ramp,4,WALK,16.3,18.7,6.59988,7.07988,2.4
2,sideways_ramp,4,RUN,18.7,20.7,7.07988,8.02088,2
2,sideways_ramp,4,WALK,20.7,23.1,8.02088,8.50088,2.4
2,sideways_ramp,4,RUN,23.1,25.1,8.50088,9.40616,2
2,sideways_ramp,4,WALK,25.1,27.5,9.40616,9.84749,2.4
2,sideways_ramp,4,RUN,27.5,29,9.84749,10.5,1.5
2,sideways_ramp,5,TROT,0,1.9,1,1.91586,1.9
2,sideways_ramp,5,WALK,1.9,8.2,1.91586,3.06937,6.3
2,sideways_ramp,5,RUN,8.2,10.2,3.06937,4.0249,2
2,sideways_ramp,5,WALK,10.2,12.6,4.0249,4.50457,2.4
2,sideways_ramp,5,RUN,12.6,14.6,4.50457,5.42377,2
2,sideways_ramp,5,WALK,14.6,17,5.42377,5.90377,2.4
2,sideways_ramp,5,RUN,17,19,5.90377,6.82915,2
2,sideways_ramp,5,WALK,19,27.5,6.82915,8.46013,8.5
2,sideways_ramp,5,RUN,27.5,29.5,8.46013,9.39493,2
2,sideways_ramp,5,WALK,29.5,31.9,9.39493,9.87465,2.4
2,sideways_ramp,5,RUN,31.9,33.6,9.87465,10.65,1.7
2,sideways_ramp,6,TROT,0,1.9,1,1.99198,1.9
2,sideways_ramp,6,RUN,1.9,3.9,1.99198,2.90869,2
2,sideways_ramp,6,WALK,3.9,6.3,2.90869,3.37075,2.4
2,sideways_ramp,6,RUN,6.3,8.3,3.37075,4.27389,2
2,sideways_ramp,6,WALK,8.3,10.7,4.27389,4.72591,2.4
2,sideways_ramp,6,TROT,10.7,12.7,4.72591,5.77006,2
2,sideways_ramp,6,WALK,12.7,20.2,5.77006,7.2653,7.5
2,sideways_ramp,6,RUN,20.2,22.2,7.2653,8.21213,2
2,sideways_ramp,6,WALK,22.2,24.7,8.21213,8.71183,2.5
2,sideways_ramp,6,RUN,24.7,26.7,8.71183,9.65133,2
2,sideways_ramp,6,WALK,26.7,29.3,9.65133,10.1713,2.6
2,sideways_ramp,6,RUN,29.3,31.2,10.1713,11.05,1.9
2,sideways_ramp,7,TROT,0,1.9,1,1.93476,1.9
2,sideways_ramp,7,WALK,1.9,7.6,1.93476,2.97593,5.7
2,sideways_ramp,7,TROT,7.6,10.3,2.97593,4.37693,2.7
2,sideways_ramp,7,WALK,10.3,26.1,4.37693,7.42006,15.8
2,sideways_ramp,7,RUN,26.1,28.1,7.42006,8.35406,2
2,sideways_ramp,7,WALK,28.1,30.5,8.35406,8.83136,2.4
2,sideways_ramp,7,RUN,30.5,32.5,8.83136,9.76508,2
2,sideways_ramp,7,WALK,32.5,34.9,9.76508,10.2448,2.4
2,sideways_ramp,7,RUN,34.9,36.7,10.2448,11.1,1.8
2,sideways_ramp,8,TROT,0,1.9,1,1.995,1.9
2,sideways_ramp,8,WALK,1.9,6.8,1.995,2.95609,4.9
2,sideways_ramp,8,RUN,6.8,8.8,2.95609,3.86667,2
2,sideways_ramp,8,WALK,8.8,11.5,3.86667,4.37641,2.7
2,sideways_ramp,8,TROT,11.5,13.5,4.37641,5.39057,2
2,sideways_ramp,8,WALK,13.5,15.9,5.39057,5.87057,2.4
2,sideways_ramp,8,RUN,15.9,17.9,5.87057,6.80749,2
2,sideways_ramp,8,WALK,17.9,20.3,6.80749,7.28749,2.4
2,sideways_ramp,8,RUN,20.3,22.3,7.28749,8.24017,2
2,sideways_ramp,8,WALK,22.3,24.7,8.24017,8.71898,2.4
2,sideways_ramp,8,RUN,24.7,26.7,8.71898,9.64636,2
2,sideways_ramp,8,WALK,26.7,29.1,9.64636,10.1027,2.4
2,sideways_ramp,8,RUN,29.1,31,10.1027,10.95,1.9
2,sideways_ramp,9,TROT,0,1.9,1,1.99419,1.9
2,sideways_ramp,9,WALK,1.9,7.7,1.99419,3.12553,5.8
2,sideways_ramp,9,RUN,7.7,9.7,3.12553,4.03459,2
2,sideways_ramp,9,WALK,9.7,12.4,4.03459,4.57459,2.7
2,sideways_ramp,9,RUN,12.4,14.4,4.57459,5.52703,2
2,sideways_ramp,9,WALK,14.4,16.8,5.52703,6.00415,2.4
2,sideways_ramp,9,RUN,16.8,18.8,6.00415,6.93737,2
2,sideways_ramp,9,WALK,18.8,21.2,6.93737,7.41484,2.4
2,sideways_ramp,9,RUN,21.2,23.2,7.41484,8.34351,2
2,sideways_ramp,9,WALK,23.2,33.2,8.34351,10.2799,10
2,sideways_ramp,9,RUN,33.2,35.2,10.2799,11.15,2
2,stepping_stones_cylinder,0,TROT,0,1.9,1,1.98277,1.9
2,stepping_stones_cylinder,0,RUN,1.9,11.6,1.98277,6.45,9.7
2,stepping_stones_cylinder,1,TROT,0,1.9,1,1.98428,1.9
2,stepping_stones_cylinder,1,RUN,1.9,11.4,1.98428,6.35,9.5
2,stepping_stones_cylinder,2,TROT,0,1.9,1,1.98453,1.9
2,stepping_stones_cylinder,2,RUN,1.9,11,1.98453,6.15,9.1
2,stepping_stones_cylinder,3,TROT,0,1.9,1,1.98601,1.9
2,stepping_stones_cylinder,3,RUN,1.9,4.5,1.98601,3.186,2.6
2,stepping_stones_cylinder,3,WALK,4.5,11.5,3.186,4.55,7
2,stepping_stones_cylinder,3,RUN,11.5,14.3,4.55,5.85,2.8
2,stepping_stones_cylinder,4,TROT,0,1.9,1,1.98513,1.9
2,stepping_stones_cylinder,4,WALK,1.9,16.7,1.98513,4.91,14.8
2,stepping_stones_cylinder,4,RUN,16.7,18.6,4.91,5.8,1.9
2,stepping_stones_cylinder,5,TROT,0,1.9,1,1.98866,1.9
2,stepping_stones_cylinder,5,WALK,1.9,8.1,1.98866,3.22,6.2
2,stepping_stones_cylinder,5,RUN,8.1,10.1,3.22,4.15,2
2,stepping_stones_cylinder,5,WALK,10.1,17.7,4.15,5.64695,7.6
2,stepping_stones_cylinder,5,RUN,17.7,19,5.64695,6.25,1.3
2,stepping_stones_cylinder,6,TROT,0,1.9,1,1.98982,1.9
2,stepping_stones_cylinder,6,WALK,1.9,19.2,1.98982,5.40759,17.3
2,stepping_stones_cylinder,6,RUN,19.2,20.5,5.40759,6,1.3
2,stepping_stones_cylinder,7,TROT,0,1.9,1,1.99031,1.9
2,stepping_stones_cylinder,7,WALK,1.9,18.3,1.99031,5.20807,16.4
2,stepping_stones_cylinder,7,RUN,18.3,19.6,5.20807,5.8,1.3
2,stepping_stones_cylinder,8,TROT,0,1.9,1,1.99137,1.9
2,stepping_stones_cylinder,8,WALK,1.9,17.5,1.99137,5.04885,15.6
2,stepping_stones_cylinder,8,RUN,17.5,18.9,5.04885,5.7,1.4
2,stepping_stones_cylinder,9,TROT,0,1.9,1,1.9919,1.9
2,stepping_stones_cylinder,9,WALK,1.9,18,1.9919,5.15923,16.1
2,stepping_stones_cylinder,9,RUN,18,19.4,5.15923,5.8,1.4
2,stepping_stones_randomly_arranged,0,TROT,0,1.9,1,1.97756,1.9
2,stepping_stones_randomly_arranged,0,RUN,1.9,3.9,1.97756,2.892,2
2,stepping_stones_randomly_arranged,0,WALK,3.9,6.3,2.892,3.36976,2.4
2,stepping_stones_randomly_arranged,0,RUN,6.3,12.9,3.36976,6.4,6.6
2,stepping_stones_randomly_arranged,1,TROT,0,1.9,1,1.97756,1.9
2,stepping_stones_randomly_arranged,1,RUN,1.9,10.9,1.97756,6.1,9
2,stepping_stones_randomly_arranged,2,TROT,0,1.9,1,1.97756,1.9
2,stepping_stones_randomly_arranged,2,RUN,1.9,7.5,1.97756,4.54598,5.6
2,stepping_stones_randomly_arranged,2,WALK,7.5,9.9,4.54598,5.0259,2.4
2,stepping_stones_randomly_arranged,2,RUN,9.9,12.3,5.0259,6.1,2.4
2,stepping_stones_randomly_arranged,3,TROT,0,1.9,1,1.97756,1.9
2,stepping_stones_randomly_arranged,3,RUN,1.9,3.9,1.97756,2.88997,2
2,stepping_stones_randomly_arranged,3,WALK,3.9,6.3,2.88997,3.34732,2.4
2,stepping_stones_randomly_arranged,3,RUN,6.3,8.3,3.34732,4.27513,2
2,stepping_stones_randomly_arranged,3,WALK,8.3,10.7,4.27513,4.74982,2.4
2,stepping_stones_randomly_arranged,3,RUN,10.7,13.6,4.74982,6.1,2.9
2,stepping_stones_randomly_arranged,4,TROT,0,1.9,1,1.97355,1.9
2,stepping_stones_randomly_arranged,4,RUN,1.9,3.9,1.97355,2.83744,2
2,stepping_stones_randomly_arranged,4,WALK,3.9,6.3,2.83744,3.29558,2.4
2,stepping_stones_randomly_arranged,4,RUN,6.3,13,3.29558,6.25,6.7
2,stepping_stones_randomly_arranged,5,TROT,0,1.9,1,1.97355,1.9
2,stepping_stones_randomly_arranged,5,RUN,1.9,3.9,1.97355,2.84198,2
2,stepping_stones_randomly_arranged,5,WALK,3.9,6.3,2.84198,3.31595,2.4
2,stepping_stones_randomly_arranged,5,RUN,6.3,11.9,3.31595,5.9,5.6
2,stepping_stones_randomly_arranged,6,TROT,0,1.9,1,1.97355,1.9
2,stepping_stones_randomly_arranged,6,RUN,1.9,3.9,1.97355,2.83678,2
2,stepping_stones_randomly_arranged,6,WALK,3.9,7.1,2.83678,3.46497,3.2
2,stepping_stones_randomly_arranged,6,RUN,7.1,9.1,3.46497,4.398,2
2,stepping_stones_randomly_arranged,6,WALK,9.1,11.5,4.398,4.87797,2.4
2,stepping_stones_randomly_arranged,6,RUN,11.5,13.8,4.87797,5.9,2.3
2,stepping_stones_randomly_arranged,7,TROT,0,1.9,1,1.9717,1.9
2,stepping_stones_randomly_arranged,7,RUN,1.9,3.9,1.9717,2.85629,2
2,stepping_stones_randomly_arranged,7,WALK,3.9,6.3,2.85629,3.30497,2.4
2,stepping_stones_randomly_arranged,7,RUN,6.3,8.3,3.30497,4.25698,2
2,stepping_stones_randomly_arranged,7,WALK,8.3,10.7,4.25698,4.7057,2.4
2,stepping_stones_randomly_arranged,7,RUN,10.7,13.6,4.7057,6,2.9
2,stepping_stones_randomly_arranged,8,TROT,0,1.9,1,1.9717,1.9
2,stepping_stones_randomly_arranged,8,RUN,1.9,3.9,1.9717,2.86483,2
2,stepping_stones_randomly_arranged,8,WALK,3.9,14.8,2.86483,4.99689,10.9
2,stepping_stones_randomly_arranged,8,RUN,14.8,16.8,4.99689,5.9,2
2,stepping_stones_randomly_arranged,9,TROT,0,1.9,1,1.97355,1.9
2,stepping_stones_randomly_arranged,9,WALK,1.9,4.3,1.97355,2.43073,2.4
2,stepping_stones_randomly_arranged,9,RUN,4.3,6.6,2.43073,3.47405,2.3
2,stepping_stones_randomly_arranged,9,WALK,6.6,9,3.47405,3.93999,2.4
2,stepping_stones_randomly_arranged,9,RUN,9,12.8,3.93999,5.6,3.8
2,staircase_walking_full_width,0,TROT,0,1.9,1,2,1.9
2,staircase_walking_full_width,0,WALK,1.9,7.7,2,3.16,5.8
2,staircase_walking_full_width,0,RUN,7.7,9.7,3.16,4.10829,2
2,staircase_walking_full_width,0,WALK,9.7,18.7,4.10829,5.90829,9
2,staircase_walking_full_width,0,RUN,18.7,20.7,5.90829,6.84057,2
2,staircase_walking_full_width,0,WALK,20.7,29.9,6.84057,8.67286,9.2
2,staircase_walking_full_width,0,RUN,29.9,31.9,8.67286,9.63286,2
2,staircase_walking_full_width,0,WALK,31.9,40.9,9.63286,11.4171,9
2,staircase_walking_full_width,0,RUN,40.9,42.9,11.4171,12.3494,2
2,staircase_walking_full_width,0,WALK,42.9,52,12.3494,14.1657,9.1
2,staircase_walking_full_width,0,RUN,52,55.4,14.1657,15.75,3.4
2,staircase_walking_full_width,1,TROT,0,1.9,1,2,1.9
2,staircase_walking_full_width,1,WALK,1.9,7.7,2,3.16,5.8
2,staircase_walking_full_width,1,RUN,7.7,9.7,3.16,4.10829,2
2,staircase_walking_full_width,1,WALK,9.7,18.7,4.10829,5.90829,9
2,staircase_walking_full_width,1,RUN,18.7,20.7,5.90829,6.84057,2
2,staircase_walking_full_width,1,WALK,20.7,29.9,6.84057,8.67286,9.2
2,staircase_walking_full_width,1,RUN,29.9,31.9,8.67286,9.63286,2
2,staircase_walking_full_width,1,WALK,31.9,40.9,9.63286,11.4171,9
2,staircase_walking_full_width,1,RUN,40.9,42.9,11.4171,12.3494,2
2,staircase_walking_full_width,1,WALK,42.9,52,12.3494,14.1657,9.1
2,staircase_walking_full_width,1,RUN,52,55.4,14.1657,15.75,3.4
2,staircase_walking_full_width,2,TROT,0,1.9,1,2,1.9
2,staircase_walking_full_width,2,WALK,1.9,6.9,2,3,5
2,staircase_walking_full_width,2,RUN,6.9,8.9,3,3.95543,2
2,staircase_walking_full_width,2,WALK,8.9,14.7,3.95543,5.11543,5.8
2,staircase_walking_full_width,2,RUN,14.7,16.7,5.11543,6.05486,2
2,staircase_walking_full_width,2,WALK,16.7,23,6.05486,7.31429,6.3
2,staircase_walking_full_width,2,RUN,23,25,7.31429,8.27429,2
2,staircase_walking_full_width,2,WALK,25,31.5,8.27429,9.56571,6.5
2,staircase_walking_full_width,2,RUN,31.5,33.5,9.56571,10.4811,2
2,staircase_walking_full_width,2,WALK,33.5,39.7,10.4811,11.7086,6.2
2,staircase_walking_full_width,2,RUN,39.7,42.4,11.7086,13,2.7
2,staircase_walking_full_width,3,TROT,0,1.9,1,2,1.9
2,staircase_walking_full_width,3,WALK,1.9,6.9,2,3,5
2,staircase_walking_full_width,3,RUN,6.9,8.9,3,3.95543,2
2,staircase_walking_full_width,3,WALK,8.9,14.7,3.95543,5.11543,5.8
2,staircase_walking_full_width,3,RUN,14.7,16.7,5.11543,6.05486,2
2,staircase_walking_full_width,3,WALK,16.7,23,6.05486,7.31429,6.3
2,staircase_walking_full_width,3,RUN,23,25,7.31429,8.27429,2
2,staircase_walking_full_width,3,WALK,25,31.5,8.27429,9.56571,6.5
2,staircase_walking_full_width,3,RUN,31.5,33.5,9.56571,10.4811,2
2,staircase_walking_full_width,3,WALK,33.5,39.7,10.4811,11.7086,6.2
2,staircase_walking_full_width,3,RUN,39.7,42.4,11.7086,13,2.7
2,staircase_walking_full_width,4,TROT,0,1.9,1,2,1.9
2,staircase_walking_full_width,4,WALK,1.9,6.5,2,2.92,4.6
2,staircase_walking_full_width,4,RUN,6.5,8.5,2.92,3.85943,2
2,staircase_walking_full_width,4,WALK,8.5,14.8,3.85943,5.11943,6.3
2,staircase_walking_full_width,4,RUN,14.8,16.8,5.11943,6.05486,2
2,staircase_walking_full_width,4,WALK,16.8,23.1,6.05486,7.31429,6.3
2,staircase_walking_full_width,4,RUN,23.1,25.1,7.31429,8.27429,2
2,staircase_walking_full_width,4,WALK,25.1,31.6,8.27429,9.56571,6.5
2,staircase_walking_full_width,4,RUN,31.6,33.6,9.56571,10.4811,2
2,staircase_walking_full_width,4,WALK,33.6,39.8,10.4811,11.7086,6.2
2,staircase_walking_full_width,4,RUN,39.8,42.5,11.7086,13,2.7
2,staircase_walking_full_width,5,TROT,0,1.9,1,2,1.9
2,staircase_walking_full_width,5,WALK,1.9,6.5,2,2.92,4.6
2,staircase_walking_full_width,5,RUN,6.5,8.5,2.92,3.85943,2
2,staircase_walking_full_width,5,WALK,8.5,15,3.85943,5.14286,6.5
2,staircase_walking_full_width,5,RUN,15,17,5.14286,6.10286,2
2,staircase_walking_full_width,5,WALK,17,23.1,6.10286,7.31429,6.1
2,staircase_walking_full_width,5,RUN,23.1,25.1,7.31429,8.27429,2
2,staircase_walking_full_width,5,WALK,25.1,31.6,8.27429,9.56571,6.5
2,staircase_walking_full_width,5,RUN,31.6,33.6,9.56571,10.4811,2
2,staircase_walking_full_width,5,WALK,33.6,39.8,10.4811,11.7086,6.2
2,staircase_walking_full_width,5,RUN,39.8,42.5,11.7086,13,2.7
2,staircase_walking_full_width,6,TROT,0,1.9,1,2,1.9
2,staircase_walking_full_width,6,WALK,1.9,6.9,2,3,5
2,staircase_walking_full_width,6,RUN,6.9,8.9,3,3.95543,2
2,staircase_walking_full_width,6,WALK,8.9,14.7,3.95543,5.11543,5.8
2,staircase_walking_full_width,6,RUN,14.7,16.7,5.11543,6.05486,2
2,staircase_walking_full_width,6,WALK,16.7,23.3,6.05486,7.37429,6.6
2,staircase_walking_full_width,6,RUN,23.3,25.3,7.37429,8.33371,2
2,staircase_walking_full_width,6,WALK,25.3,31.2,8.33371,9.51371,5.9
2,staircase_walking_full_width,6,RUN,31.2,33.2,9.51371,10.4331,2
2,staircase_walking_full_width,6,WALK,33.2,39.6,10.4331,11.7086,6.4
2,staircase_walking_full_width,6,RUN,39.6,42.3,11.7086,13,2.7
2,staircase_walking_full_width,7,TROT,0,1.9,1,2,1.9
2,staircase_walking_full_width,7,WALK,1.9,6.5,2,2.92,4.6
2,staircase_walking_full_width,7,RUN,6.5,8.5,2.92,3.85943,2
2,staircase_walking_full_width,7,WALK,8.5,14.8,3.85943,5.11943,6.3
2,staircase_walking_full_width,7,RUN,14.8,16.8,5.11943,6.05486,2
2,staircase_walking_full_width,7,WALK,16.8,23.4,6.05486,7.37429,6.6
2,staircase_walking_full_width,7,RUN,23.4,25.4,7.37429,8.33371,2
2,staircase_walking_full_width,7,WALK,25.4,31.3,8.33371,9.51371,5.9
2,staircase_walking_full_width,7,RUN,31.3,33.3,9.51371,10.4331,2
2,staircase_walking_full_width,7,WALK,33.3,39.7,10.4331,11.7086,6.4
2,staircase_walking_full_width,7,RUN,39.7,42.4,11.7086,13,2.7
2,staircase_walking_full_width,8,TROT,0,2,1,2.055,2
2,staircase_walking_full_width,8,WALK,2,38.2,2.055,9.27143,36.2
2,staircase_walking_full_width,8,RUN,38.2,40.3,9.27143,10.25,2.1
2,staircase_walking_full_width,9,TROT,0,1.9,1,2,1.9
2,staircase_walking_full_width,9,WALK,1.9,38.3,2,9.27143,36.4
2,staircase_walking_full_width,9,RUN,38.3,40.4,9.27143,10.25,2.1
2,staircase_walking,0,TROT,0,6.5,1,4.305,6.5
2,staircase_walking,0,RUN,6.5,9.1,4.305,5.5,2.6
2,staircase_walking,1,TROT,0,1.9,1,1.995,1.9
2,staircase_walking,1,WALK,1.9,14,1.995,4.39,12.1
2,staircase_walking,1,RUN,14,16.4,4.39,5.5,2.4
2,staircase_walking,2,TROT,0,1.9,1,1.995,1.9
2,staircase_walking,2,WALK,1.9,14,1.995,4.39,12.1
2,staircase_walking,2,RUN,14,16.4,4.39,5.5,2.4
2,staircase_walking,3,TROT,0,1.9,1,1.995,1.9
2,staircase_walking,3,WALK,1.9,14,1.995,4.39,12.1
2,staircase_walking,3,RUN,14,16.4,4.39,5.5,2.4
2,staircase_walking,4,TROT,0,1.9,1,1.995,1.9
2,staircase_walking,4,WALK,1.9,13,1.995,4.165,11.1
2,staircase_walking,4,RUN,13,15.3,4.165,5.2,2.3
2,staircase_walking,5,TROT,0,1.9,1,1.995,1.9
2,staircase_walking,5,WALK,1.9,13,1.995,4.165,11.1
2,staircase_walking,5,RUN,13,15.3,4.165,5.2,2.3
2,staircase_walking,6,TROT,0,1.9,1,1.995,1.9
2,staircase_walking,6,WALK,1.9,13,1.995,4.165,11.1
2,staircase_walking,6,RUN,13,15.3,4.165,5.2,2.3
2,staircase_walking,7,TROT,0,1.9,1,1.995,1.9
2,staircase_walking,7,WALK,1.9,13,1.995,4.165,11.1
2,staircase_walking,7,RUN,13,15.3,4.165,5.2,2.3
2,staircase_walking,8,TROT,0,1.9,1,1.995,1.9
2,staircase_walking,8,WALK,1.9,13,1.995,4.165,11.1
2,staircase_walking,8,RUN,13,15.3,4.165,5.2,2.3
2,staircase_walking,9,TROT,0,1.9,1,1.995,1.9
2,staircase_walking,9,WALK,1.9,13,1.995,4.165,11.1
2,staircase_walking,9,RUN,13,15.3,4.165,5.2,2.3
2,staircase_climbing,0,TROT,0,1.9,1,1.995,1.9
2,staircase_climbing,0,RUN,1.9,3.9,1.995,2.917,2
2,staircase_climbing,0,WALK,3.9,6.3,2.917,3.397,2.4
2,staircase_climbing,0,RUN,6.3,8.3,3.397,4.319,2
2,staircase_climbing,0,WALK,8.3,10.8,4.319,4.819,2.5
2,staircase_climbing,0,RUN,10.8,12.8,4.819,5.769,2
2,staircase_climbing,0,WALK,12.8,15.3,5.769,6.269,2.5
2,staircase_climbing,0,RUN,15.3,17.3,6.269,7.219,2
2,staircase_climbing,0,WALK,17.3,19.8,7.219,7.719,2.5
2,staircase_climbing,0,RUN,19.8,21.8,7.719,8.669,2
2,staircase_climbing,0,WALK,21.8,24.3,8.669,9.169,2.5
2,staircase_climbing,0,RUN,24.3,28.6,9.169,11.2,4.3
2,staircase_climbing,1,TROT,0,1.9,1,1.995,1.9
2,staircase_climbing,1,RUN,1.9,3.9,1.995,2.917,2
2,staircase_climbing,1,WALK,3.9,6.3,2.917,3.397,2.4
2,staircase_climbing,1,RUN,6.3,8.3,3.397,4.319,2
2,staircase_climbing,1,WALK,8.3,10.8,4.319,4.819,2.5
2,staircase_climbing,1,RUN,10.8,12.8,4.819,5.769,2
2,staircase_climbing,1,WALK,12.8,15.3,5.769,6.269,2.5
2,staircase_climbing,1,RUN,15.3,17.3,6.269,7.219,2
2,staircase_climbing,1,WALK,17.3,19.8,7.219,7.719,2.5
2,staircase_climbing,1,RUN,19.8,21.8,7.719,8.669,2
2,staircase_climbing,1,WALK,21.8,24.3,8.669,9.169,2.5
2,staircase_climbing,1,RUN,24.3,28.6,9.169,11.2,4.3
2,staircase_climbing,2,TROT,0,1.9,1,1.995,1.9
2,staircase_climbing,2,RUN,1.9,3.9,1.995,2.917,2
2,staircase_climbing,2,WALK,3.9,6.3,2.917,3.397,2.4
2,staircase_climbing,2,RUN,6.3,8.3,3.397,4.319,2
2,staircase_climbing,2,WALK,8.3,10.8,4.319,4.819,2.5
2,staircase_climbing,2,RUN,10.8,12.8,4.819,5.769,2
2,staircase_climbing,2,WALK,12.8,15.3,5.769,6.269,2.5
2,staircase_climbing,2,RUN,15.3,17.3,6.269,7.219,2
2,staircase_climbing,2,WALK,17.3,19.8,7.219,7.719,2.5
2,staircase_climbing,2,RUN,19.8,21.8,7.719,8.669,2
2,staircase_climbing,2,WALK,21.8,24.3,8.669,9.169,2.5
2,staircase_climbing,2,RUN,24.3,28.6,9.169,11.2,4.3
2,staircase_climbing,3,TROT,0,1.9,1,1.995,1.9
2,staircase_climbing,3,RUN,1.9,3.9,1.995,2.917,2
2,staircase_climbing,3,WALK,3.9,6.3,2.917,3.397,2.4
2,staircase_climbing,3,RUN,6.3,8.3,3.397,4.319,2
2,staircase_climbing,3,WALK,8.3,10.8,4.319,4.819,2.5
2,staircase_climbing,3,RUN,10.8,12.8,4.819,5.769,2
2,staircase_climbing,3,WALK,12.8,15.3,5.769,6.269,2.5
2,staircase_climbing,3,RUN,15.3,17.3,6.269,7.219,2
2,staircase_climbing,3,WALK,17.3,19.8,7.219,7.719,2.5
2,staircase_climbing,3,RUN,19.8,21.8,7.719,8.669,2
2,staircase_climbing,3,WALK,21.8,24.3,8.669,9.169,2.5
2,staircase_climbing,3,RUN,24.3,28.6,9.169,11.2,4.3
2,staircase_climbing,4,TROT,0,1.9,1,1.995,1.9
2,staircase_climbing,4,RUN,1.9,3.9,1.995,2.917,2
2,staircase_climbing,4,WALK,3.9,6.3,2.917,3.397,2.4
2,staircase_climbing,4,RUN,6.3,8.3,3.397,4.319,2
2,staircase_climbing,4,WALK,8.3,10.8,4.319,4.819,2.5
2,staircase_climbing,4,RUN,10.8,12.8,4.819,5.769,2
2,staircase_climbing,4,WALK,12.8,15.3,5.769,6.269,2.5
2,staircase_climbing,4,RUN,15.3,17.3,6.269,7.219,2
2,staircase_climbing,4,WALK,17.3,19.8,7.219,7.719,2.5
2,staircase_climbing,4,RUN,19.8,21.8,7.719,8.669,2
2,staircase_climbing,4,WALK,21.8,24.3,8.669,9.169,2.5
2,staircase_climbing,4,RUN,24.3,28.6,9.169,11.2,4.3
2,staircase_climbing,5,TROT,0,1.9,1,1.995,1.9
2,staircase_climbing,5,RUN,1.9,3.9,1.995,2.94,2
2,staircase_climbing,5,WALK,3.9,6.3,2.94,3.42,2.4
2,staircase_climbing,5,RUN,6.3,8.3,3.42,4.34,2
2,staircase_climbing,5,WALK,8.3,10.7,4.34,4.82,2.4
2,staircase_climbing,5,RUN,10.7,12.7,4.82,5.74,2
2,staircase_climbing,5,WALK,12.7,15.1,5.74,6.22,2.4
2,staircase_climbing,5,RUN,15.1,17.1,6.22,7.14,2
2,staircase_climbing,5,WALK,17.1,19.5,7.14,7.62,2.4
2,staircase_climbing,5,RUN,19.5,21.5,7.62,8.54,2
2,staircase_climbing,5,WALK,21.5,23.9,8.54,9.02,2.4
2,staircase_climbing,5,RUN,23.9,27.9,9.02,10.9,4
2,staircase_climbing,6,TROT,0,1.9,1,1.995,1.9
2,staircase_climbing,6,RUN,1.9,3.9,1.995,2.94,2
2,staircase_climbing,6,WALK,3.9,6.3,2.94,3.42,2.4
2,staircase_climbing,6,RUN,6.3,8.3,3.42,4.34,2
2,staircase_climbing,6,WALK,8.3,10.7,4.34,4.82,2.4
2,staircase_climbing,6,RUN,10.7,12.7,4.82,5.74,2
2,staircase_climbing,6,WALK,12.7,15.1,5.74,6.22,2.4
2,staircase_climbing,6,RUN,15.1,17.1,6.22,7.14,2
2,staircase_climbing,6,WALK,17.1,19.5,7.14,7.62,2.4
2,staircase_climbing,6,RUN,19.5,21.5,7.62,8.54,2
2,staircase_climbing,6,WALK,21.5,23.9,8.54,9.02,2.4
2,staircase_climbing,6,RUN,23.9,27.9,9.02,10.9,4
2,staircase_climbing,7,TROT,0,1.9,1,1.995,1.9
2,staircase_climbing,7,RUN,1.9,3.9,1.995,2.94,2
2,staircase_climbing,7,WALK,3.9,6.3,2.94,3.42,2.4
2,staircase_climbing,7,RUN,6.3,8.3,3.42,4.34,2
2,staircase_climbing,7,WALK,8.3,10.7,4.34,4.82,2.4
2,staircase_climbing,7,RUN,10.7,12.7,4.82,5.74,2
2,staircase_climbing,7,WALK,12.7,15.1,5.74,6.22,2.4
2,staircase_climbing,7,RUN,15.1,17.1,6.22,7.14,2
2,staircase_climbing,7,WALK,17.1,19.5,7.14,7.62,2.4
2,staircase_climbing,7,RUN,19.5,21.5,7.62,8.54,2
2,staircase_climbing,7,WALK,21.5,23.9,8.54,9.02,2.4
2,staircase_climbing,7,RUN,23.9,27.9,9.02,10.9,4
2,staircase_climbing,8,TROT,0,1.9,1,1.995,1.9
2,staircase_climbing,8,RUN,1.9,3.9,1.995,2.94,2
2,staircase_climbing,8,WALK,3.9,6.3,2.94,3.42,2.4
2,staircase_climbing,8,RUN,6.3,8.3,3.42,4.34,2
2,staircase_climbing,8,WALK,8.3,10.7,4.34,4.82,2.4
2,staircase_climbing,8,RUN,10.7,12.7,4.82,5.74,2
2,staircase_climbing,8,WALK,12.7,15.1,5.74,6.22,2.4
2,staircase_climbing,8,RUN,15.1,17.1,6.22,7.14,2
2,staircase_climbing,8,WALK,17.1,19.5,7.14,7.62,2.4
2,staircase_climbing,8,RUN,19.5,21.5,7.62,8.54,2
2,staircase_climbing,8,WALK,21.5,23.9,8.54,9.02,2.4
2,staircase_climbing,8,RUN,23.9,27.9,9.02,10.9,4
2,staircase_climbing,9,TROT,0,1.9,1,1.995,1.9
2,staircase_climbing,9,RUN,1.9,3.9,1.995,2.94,2
2,staircase_climbing,9,WALK,3.9,6.3,2.94,3.42,2.4
2,staircase_climbing,9,RUN,6.3,8.3,3.42,4.34,2
2,staircase_climbing,9,WALK,8.3,10.7,4.34,4.82,2.4
2,staircase_climbing,9,RUN,10.7,12.7,4.82,5.74,2
2,staircase_climbing,9,WALK,12.7,15.1,5.74,6.22,2.4
2,staircase_climbing,9,RUN,15.1,17.1,6.22,7.14,2
2,staircase_climbing,9,WALK,17.1,19.5,7.14,7.62,2.4
2,staircase_climbing,9,RUN,19.5,21.5,7.62,8.54,2
2,staircase_climbing,9,WALK,21.5,23.9,8.54,9.02,2.4
2,staircase_climbing,9,RUN,23.9,27.9,9.02,10.9,4
2,staircase_spiral,0,TROT,0,1.9,1,2.03756,1.9
2,staircase_spiral,0,RUN,1.9,6,2.03756,3.9739,4.1
2,staircase_spiral,0,TROT,6,10.5,3.9739,6.29732,4.5
2,staircase_spiral,0,RUN,10.5,12.5,6.29732,6.8291,2
2,staircase_spiral,0,WALK,12.5,14.9,6.8291,6.86412,2.4
2,staircase_spiral,0,TROT,14.9,17.1,6.86412,5.96677,2.2
2,staircase_spiral,0,WALK,17.1,19.5,5.96677,5.53089,2.4
2,staircase_spiral,0,TROT,19.5,20.8,5.53089,5.08601,1.3
2,staircase_spiral,1,TROT,0,1.9,1,2.03767,1.9
2,staircase_spiral,1,RUN,1.9,6,2.03767,3.94683,4.1
2,staircase_spiral,1,TROT,6,10.4,3.94683,6.19821,4.4
2,staircase_spiral,1,RUN,10.4,12.4,6.19821,6.78991,2
2,staircase_spiral,1,WALK,12.4,21.6,6.78991,5.75095,9.2
2,staircase_spiral,1,RUN,21.6,23.6,5.75095,5.12155,2
2,staircase_spiral,2,TROT,0,1.9,1,2.03778,1.9
2,staircase_spiral,2,RUN,1.9,6,2.03778,3.96707,4.1
2,staircase_spiral,2,TROT,6,8,3.96707,5.05733,2
2,staircase_spiral,2,WALK,8,32.2,5.05733,5.15709,24.2
2,staircase_spiral,3,TROT,0,1.9,1,2.03789,1.9
2,staircase_spiral,3,RUN,1.9,6.1,2.03789,4.03488,4.2
2,staircase_spiral,3,WALK,6.1,34.4,4.03488,5.19264,28.3
2,staircase_spiral,4,TROT,0,1.9,1,2.03799,1.9
2,staircase_spiral,4,RUN,1.9,6.1,2.03799,4.00731,4.2
2,staircase_spiral,4,WALK,6.1,34.1,4.00731,5.22818,28
2,staircase_spiral,5,TROT,0,1.9,1,2.0381,1.9
2,staircase_spiral,5,RUN,1.9,6.1,2.0381,4.02732,4.2
2,staircase_spiral,5,WALK,6.1,32.9,4.02732,5.26373,26.8
2,staircase_spiral,6,TROT,0,1.9,1,2.0382,1.9
2,staircase_spiral,6,RUN,1.9,6.1,2.0382,3.9994,4.2
2,staircase_spiral,6,WALK,6.1,32.6,3.9994,5.29927,26.5
2,staircase_spiral,7,TROT,0,1.9,1,2.0383,1.9
2,staircase_spiral,7,RUN,1.9,6.1,2.0383,4.01921,4.2
2,staircase_spiral,7,WALK,6.1,31.4,4.01921,5.33481,25.3
2,staircase_spiral,8,TROT,0,1.9,1,2.03839,1.9
2,staircase_spiral,8,RUN,1.9,6.1,2.03839,4.03896,4.2
2,staircase_spiral,8,WALK,6.1,30.8,4.03896,5.37036,24.7
2,staircase_spiral,9,TROT,0,1.9,1,2.03849,1.9
2,staircase_spiral,9,RUN,1.9,6,2.03849,3.96273,4.1
2,staircase_spiral,9,TROT,6,8,3.96273,5.0617,2
2,staircase_spiral,9,WALK,8,26.6,5.0617,5.4059,18.6
2,squeeze,0,TROT,0,1.9,1,1.99167,1.9
2,squeeze,0,RUN,1.9,3.9,1.99167,2.91777,2
2,squeeze,0,WALK,3.9,8.4,2.91777,3.80118,4.5
2,squeeze,0,RUN,8.4,18.8,3.80118,8.65,10.4
2,squeeze,1,TROT,0,1.9,1,1.99174,1.9
2,squeeze,1,RUN,1.9,3.9,1.99174,2.91894,2
2,squeeze,1,WALK,3.9,6.3,2.91894,3.38947,2.4
2,squeeze,1,RUN,6.3,12.5,3.38947,6.32305,6.2
2,squeeze,1,WALK,12.5,15.2,6.32305,6.85578,2.7
2,squeeze,1,RUN,15.2,19.6,6.85578,8.9,4.4
2,squeeze,2,TROT,0,1.9,1,1.99375,1.9
2,squeeze,2,RUN,1.9,3.9,1.99375,2.91947,2
2,squeeze,2,WALK,3.9,6.3,2.91947,3.39823,2.4
2,squeeze,2,RUN,6.3,13.5,3.39823,6.74213,7.2
2,squeeze,2,WALK,13.5,16.5,6.74213,7.32476,3
2,squeeze,2,RUN,16.5,20.6,7.32476,9.25,4.1
2,squeeze,3,TROT,0,1.9,1,1.9927,1.9
2,squeeze,3,RUN,1.9,3.9,1.9927,2.92922,2
2,squeeze,3,WALK,3.9,6.3,2.92922,3.40833,2.4
2,squeeze,3,RUN,6.3,12.8,3.40833,6.45562,6.5
2,squeeze,3,WALK,12.8,15.2,6.45562,6.93455,2.4
2,squeeze,3,RUN,15.2,20.1,6.93455,9.25,4.9
2,squeeze,4,TROT,0,1.9,1,1.99466,1.9
2,squeeze,4,RUN,1.9,9.7,1.99466,5.70304,7.8
2,squeeze,4,WALK,9.7,13.1,5.70304,6.36257,3.4
2,squeeze,4,RUN,13.1,20.1,6.36257,9.65,7
2,squeeze,5,TROT,0,1.9,1,1.99262,1.9
2,squeeze,5,RUN,1.9,3.9,1.99262,2.92403,2
2,squeeze,5,WALK,3.9,15.2,2.92403,5.14312,11.3
2,squeeze,5,RUN,15.2,17.2,5.14312,6.05612,2
2,squeeze,5,WALK,17.2,19.6,6.05612,6.53138,2.4
2,squeeze,5,RUN,19.6,21.6,6.53138,7.4549,2
2,squeeze,5,WALK,21.6,26.9,7.4549,8.5039,5.3
2,squeeze,5,RUN,26.9,29,8.5039,9.5,2.1
2,squeeze,6,TROT,0,1.9,1,1.99497,1.9
2,squeeze,6,RUN,1.9,3.9,1.99497,2.93424,2
2,squeeze,6,WALK,3.9,33.3,2.93424,8.75286,29.4
2,squeeze,6,RUN,33.3,35.4,8.75286,9.75,2.1
2,squeeze,7,TROT,0,1.9,1,1.99479,1.9
2,squeeze,7,RUN,1.9,3.9,1.99479,2.90881,2
2,squeeze,7,WALK,3.9,16,2.90881,5.3027,12.1
2,squeeze,7,RUN,16,18,5.3027,6.23964,2
2,squeeze,7,WALK,18,20.4,6.23964,6.71579,2.4
2,squeeze,7,RUN,20.4,22.4,6.71579,7.64232,2
2,squeeze,7,WALK,22.4,24.8,7.64232,8.12211,2.4
2,squeeze,7,RUN,24.8,28.6,8.12211,9.9,3.8
2,squeeze,8,TROT,0,1.9,1,1.99374,1.9
2,squeeze,8,WALK,1.9,39.7,1.99374,9.45683,37.8
2,squeeze,8,RUN,39.7,41.8,9.45683,10.45,2.1
2,squeeze,9,TROT,0,1.9,1,1.99494,1.9
2,squeeze,9,RUN,1.9,3.9,1.99494,2.92004,2
2,squeeze,9,WALK,3.9,35.5,2.92004,9.20149,31.6
2,squeeze,9,RUN,35.5,37.6,9.20149,10.2,2.1
2,agility_poles,0,TROT,0,1.9,1,1.96574,1.9
2,agility_poles,0,RUN,1.9,40.8,1.96574,17.2365,38.9
2,agility_poles,0,WALK,40.8,46.4,17.2365,18.3,5.6
2,agility_poles,1,TROT,0,1.9,1,1.96226,1.9
2,agility_poles,1,RUN,1.9,19.8,1.96226,8.81248,17.9
2,agility_poles,1,WALK,19.8,22.2,8.81248,9.18052,2.4
2,agility_poles,1,RUN,22.2,33,9.18052,13.1125,10.8
2,agility_poles,1,WALK,33,35.4,13.1125,13.4805,2.4
2,agility_poles,1,RUN,35.4,44.3,13.4805,17.2361,8.9
2,agility_poles,1,WALK,44.3,44.4,17.2361,17.25,0.1
2,agility_poles,2,TROT,0,1.9,1,1.9596,1.9
2,agility_poles,2,RUN,1.9,19.2,1.9596,8.49924,17.3
2,agility_poles,2,WALK,19.2,21.6,8.49924,8.85994,2.4
2,agility_poles,2,RUN,21.6,32,8.85994,12.5992,10.4
2,agility_poles,2,WALK,32,34.4,12.5992,12.9599,2.4
2,agility_poles,2,RUN,34.4,43,12.9599,16.55,8.6
2,agility_poles,3,TROT,0,1.9,1,1.95498,1.9
2,agility_poles,3,RUN,1.9,12.9,1.95498,6.09238,11
2,agility_poles,3,WALK,12.9,15.3,6.09238,6.44083,2.4
2,agility_poles,3,RUN,15.3,19.7,6.44083,7.95753,4.4
2,agility_poles,3,WALK,19.7,22.1,7.95753,8.30599,2.4
2,agility_poles,3,RUN,22.1,26.7,8.30599,9.89238,4.6
2,agility_poles,3,WALK,26.7,29.1,9.89238,10.2408,2.4
2,agility_poles,3,RUN,29.1,33.5,10.2408,11.7575,4.4
2,agility_poles,3,WALK,33.5,35.9,11.7575,12.106,2.4
2,agility_poles,3,RUN,35.9,40.5,12.106,13.864,4.6
2,agility_poles,3,WALK,40.5,42.9,13.864,14.3135,2.4
2,agility_poles,3,RUN,42.9,45.6,14.3135,15.5,2.7
2,agility_poles,4,TROT,0,1.9,1,1.95556,1.9
2,agility_poles,4,RUN,1.9,17.6,1.95556,7.72814,15.7
2,agility_poles,4,WALK,17.6,20,7.72814,8.07711,2.4
2,agility_poles,4,RUN,20,29.4,8.07711,11.3281,9.4
2,agility_poles,4,WALK,29.4,31.8,11.3281,11.6771,2.4
2,agility_poles,4,RUN,31.8,39.4,11.6771,14.8,7.6
2,agility_poles,5,TROT,0,1.9,1,1.9498,1.9
2,agility_poles,5,RUN,1.9,11.9,1.9498,5.56832,10
2,agility_poles,5,WALK,11.9,14.3,5.56832,5.90263,2.4
2,agility_poles,5,RUN,14.3,18.2,5.90263,7.18489,3.9
2,agility_poles,5,WALK,18.2,20.6,7.18489,7.5192,2.4
2,agility_poles,5,RUN,20.6,24.7,7.5192,8.86832,4.1
2,agility_poles,5,WALK,24.7,27.1,8.86832,9.20263,2.4
2,agility_poles,5,RUN,27.1,31,9.20263,10.4849,3.9
2,agility_poles,5,WALK,31,33.4,10.4849,10.8192,2.4
2,agility_poles,5,RUN,33.4,37.5,10.8192,12.3588,4.1
2,agility_poles,5,WALK,37.5,39.9,12.3588,12.8052,2.4
2,agility_poles,5,RUN,39.9,42.1,12.8052,13.75,2.2
2,agility_poles,6,TROT,0,1.9,1,1.94526,1.9
2,agility_poles,6,RUN,1.9,11.5,1.94526,5.34978,9.6
2,agility_poles,6,WALK,11.5,13.9,5.34978,5.67318,2.4
2,agility_poles,6,RUN,13.9,17.6,5.67318,6.86744,3.7
2,agility_poles,6,WALK,17.6,20,6.86744,7.19084,2.4
2,agility_poles,6,RUN,20,23.9,7.19084,8.44978,3.9
2,agility_poles,6,WALK,23.9,26.3,8.44978,8.77318,2.4
2,agility_poles,6,RUN,26.3,30,8.77318,9.96744,3.7
2,agility_poles,6,WALK,30,32.4,9.96744,10.2908,2.4
2,agility_poles,6,RUN,32.4,36.3,10.2908,11.7538,3.9
2,agility_poles,6,WALK,36.3,38.7,11.7538,12.1972,2.4
2,agility_poles,6,RUN,38.7,40.7,12.1972,13.05,2
2,agility_poles,7,TROT,0,1.9,1,1.93714,1.9
2,agility_poles,7,WALK,1.9,4.3,1.93714,2.36104,2.4
2,agility_poles,7,RUN,4.3,12.2,2.36104,4.95771,7.9
2,agility_poles,7,WALK,12.2,14.6,4.95771,5.26285,2.4
2,agility_poles,7,RUN,14.6,18.1,5.26285,6.3272,3.5
2,agility_poles,7,WALK,18.1,20.5,6.3272,6.63233,2.4
2,agility_poles,7,RUN,20.5,24.2,6.63233,7.75771,3.7
2,agility_poles,7,WALK,24.2,26.6,7.75771,8.06285,2.4
2,agility_poles,7,RUN,26.6,30.1,8.06285,9.1272,3.5
2,agility_poles,7,WALK,30.1,32.5,9.1272,9.43233,2.4
2,agility_poles,7,RUN,32.5,36.2,9.43233,10.7572,3.7
2,agility_poles,7,WALK,36.2,38.6,10.7572,11.1954,2.4
2,agility_poles,7,RUN,38.6,40.5,11.1954,12,1.9
2,agility_poles,8,TROT,0,1.9,1,1.93066,1.9
2,agility_poles,8,WALK,1.9,4.3,1.93066,2.34827,2.4
2,agility_poles,8,RUN,4.3,11.8,2.34827,4.70821,7.5
2,agility_poles,8,WALK,11.8,14.2,4.70821,4.99978,2.4
2,agility_poles,8,RUN,14.2,17.6,4.99978,5.97905,3.4
2,agility_poles,8,WALK,17.6,20,5.97905,6.27062,2.4
2,agility_poles,8,RUN,20,23.6,6.27062,7.30821,3.6
2,agility_poles,8,WALK,23.6,26,7.30821,7.59978,2.4
2,agility_poles,8,RUN,26,29.4,7.59978,8.57905,3.4
2,agility_poles,8,WALK,29.4,31.8,8.57905,8.87062,2.4
2,agility_poles,8,RUN,31.8,35.4,8.87062,10.1077,3.6
2,agility_poles,8,WALK,35.4,37.8,10.1077,10.5417,2.4
2,agility_poles,8,RUN,37.8,39.6,10.5417,11.3,1.8
2,agility_poles,9,TROT,0,1.9,1,1.91889,1.9
2,agility_poles,9,WALK,1.9,4.3,1.91889,2.32508,2.4
2,agility_poles,9,RUN,4.3,11.2,2.32508,4.34963,6.9
2,agility_poles,9,WALK,11.2,13.6,4.34963,4.61858,2.4
2,agility_poles,9,RUN,13.6,16.8,4.61858,5.47274,3.2
2,agility_poles,9,WALK,16.8,19.2,5.47274,5.74169,2.4
2,agility_poles,9,RUN,19.2,22.6,5.74169,6.64963,3.4
2,agility_poles,9,WALK,22.6,25,6.64963,6.91858,2.4
2,agility_poles,9,RUN,25,28.2,6.91858,7.77274,3.2
2,agility_poles,9,WALK,28.2,30.6,7.77274,8.04169,2.4
2,agility_poles,9,RUN,30.6,34,8.04169,9.15472,3.4
2,agility_poles,9,WALK,34,36.4,9.15472,9.58143,2.4
2,agility_poles,9,RUN,36.4,38,9.58143,10.25,1.6
2,balance_beam,0,TROT,0,1.9,1,1.995,1.9
2,balance_beam,0,RUN,1.9,19.2,1.995,10,17.3
2,balance_beam,1,TROT,0,1.9,1,1.995,1.9
2,balance_beam,1,RUN,1.9,20.4,1.995,10.6,18.5
2,balance_beam,2,TROT,0,1.9,1,1.995,1.9
2,balance_beam,2,RUN,1.9,20.9,1.995,10.9,19
2,balance_beam,3,TROT,0,1.9,1,1.995,1.9
2,balance_beam,3,RUN,1.9,22.2,1.995,11.5,20.3
2,balance_beam,4,TROT,0,1.9,1,1.995,1.9
2,balance_beam,4,RUN,1.9,23.4,1.995,12.1,21.5
2,balance_beam,5,TROT,0,1.9,1,1.995,1.9
2,balance_beam,5,RUN,1.9,24,1.995,12.4,22.1
2,balance_beam,6,TROT,0,1.9,1,1.995,1.9
2,balance_beam,6,RUN,1.9,25.2,1.995,13,23.3
2,balance_beam,7,TROT,0,1.9,1,1.995,1.9
2,balance_beam,7,RUN,1.9,26.4,1.995,13.6,24.5
2,balance_beam,8,TROT,0,1.9,1,1.995,1.9
2,balance_beam,8,RUN,1.9,27,1.995,13.9,25.1
2,balance_beam,9,TROT,0,1.9,1,1.995,1.9
2,balance_beam,9,WALK,1.9,62.1,1.995,13.92,60.2
2,balance_beam,9,RUN,62.1,63.4,13.92,14.5,1.3
2.4,jump_on_and_off_box,0,TROT,0,2.4,1,2.26988,2.4
2.4,jump_on_and_off_box,0,RUN,2.4,5.6,2.26988,3.79503,3.2
2.4,jump_on_and_off_box,0,TROT,5.6,8.1,3.79503,5.17002,2.5
2.4,jump_on_and_off_box,0,WALK,8.1,11.1,5.17002,5.7646,3
2.4,jump_on_and_off_box,0,RUN,11.1,13.5,5.7646,6.91628,2.4
2.4,jump_on_and_off_box,0,WALK,13.5,16.3,6.91628,7.47612,2.8
2.4,jump_on_and_off_box,0,RUN,16.3,19.9,7.47612,9.17777,3.6
2.4,jump_on_and_off_box,0,TROT,19.9,22.7,9.17777,10.717,2.8
2.4,jump_on_and_off_box,0,WALK,22.7,25.8,10.717,11.318,3.1
2.4,jump_on_and_off_box,0,RUN,25.8,28.2,11.318,12.4694,2.4
2.4,jump_on_and_off_box,0,WALK,28.2,31,12.4694,13.0291,2.8
2.4,jump_on_and_off_box,0,RUN,31,34.6,13.0291,14.7331,3.6
2.4,jump_on_and_off_box,0,WALK,34.6,43.8,14.7331,16.5539,9.2
2.4,jump_on_and_off_box,0,RUN,43.8,46.2,16.5539,17.7055,2.4
2.4,jump_on_and_off_box,0,WALK,46.2,50.7,17.7055,18.6,4.5
2.4,jump_on_and_off_box,1,TROT,0,2.4,1,2.26999,2.4
2.4,jump_on_and_off_box,1,RUN,2.4,5.3,2.26999,3.65747,2.9
2.4,jump_on_and_off_box,1,TROT,5.3,7.9,3.65747,5.08688,2.6
2.4,jump_on_and_off_box,1,WALK,7.9,11.1,5.08688,5.70902,3.2
2.4,jump_on_and_off_box,1,RUN,11.1,13.5,5.70902,6.8609,2.4
2.4,jump_on_and_off_box,1,WALK,13.5,21.1,6.8609,8.36599,7.6
2.4,jump_on_and_off_box,1,RUN,21.1,23.5,8.36599,9.51783,2.4
2.4,jump_on_and_off_box,1,WALK,23.5,31,9.51783,11.0051,7.5
2.4,jump_on_and_off_box,1,RUN,31,33.4,11.0051,12.1571,2.4
2.4,jump_on_and_off_box,1,WALK,33.4,41.2,12.1571,13.7095,7.8
2.4,jump_on_and_off_box,1,RUN,41.2,43.6,13.7095,14.8588,2.4
2.4,jump_on_and_off_box,1,WALK,43.6,50.4,14.8588,16.2052,6.8
2.4,jump_on_and_off_box,1,RUN,50.4,52.9,16.2052,17.4044,2.5
2.4,jump_on_and_off_box,1,WALK,52.9,57.2,17.4044,18.25,4.3
2.4,jump_on_and_off_box,2,TROT,0,2.3,1,2.21289,2.3
2.4,jump_on_and_off_box,2,RUN,2.3,5.7,2.21289,3.8133,3.4
2.4,jump_on_and_off_box,2,TROT,5.7,8.2,3.8133,5.1882,2.5
2.4,jump_on_and_off_box,2,WALK,8.2,11.3,5.1882,5.80595,3.1
2.4,jump_on_and_off_box,2,RUN,11.3,13.7,5.80595,6.95777,2.4
2.4,jump_on_and_off_box,2,WALK,13.7,20.2,6.95777,8.24053,6.5
2.4,jump_on_and_off_box,2,RUN,20.2,22.6,8.24053,9.39253,2.4
2.4,jump_on_and_off_box,2,WALK,22.6,29.5,9.39253,10.7694,6.9
2.4,jump_on_and_off_box,2,RUN,29.5,31.9,10.7694,11.9211,2.4
2.4,jump_on_and_off_box,2,WALK,31.9,39.2,11.9211,13.3617,7.3
2.4,jump_on_and_off_box,2,RUN,39.2,41.6,13.3617,14.5124,2.4
2.4,jump_on_and_off_box,2,WALK,41.6,49,14.5124,15.9735,7.4
2.4,jump_on_and_off_box,2,RUN,49,52,15.9735,17.4128,3
2.4,jump_on_and_off_box,2,WALK,52,54.7,17.4128,17.95,2.7
2.4,jump_on_and_off_box,3,TROT,0,2.3,1,2.21413,2.3
2.4,jump_on_and_off_box,3,WALK,2.3,5.6,2.21413,2.85534,3.3
2.4,jump_on_and_off_box,3,RUN,5.6,8,2.85534,4.00639,2.4
2.4,jump_on_and_off_box,3,WALK,8,14.8,4.00639,5.35514,6.8
2.4,jump_on_and_off_box,3,RUN,14.8,17.2,5.35514,6.50636,2.4
2.4,jump_on_and_off_box,3,WALK,17.2,24.3,6.50636,7.90977,7.1
2.4,jump_on_and_off_box,3,RUN,24.3,26.7,7.90977,9.06049,2.4
2.4,jump_on_and_off_box,3,WALK,26.7,33.8,9.06049,10.4704,7.1
2.4,jump_on_and_off_box,3,RUN,33.8,36.2,10.4704,11.6206,2.4
2.4,jump_on_and_off_box,3,WALK,36.2,43.2,11.6206,13.0148,7
2.4,jump_on_and_off_box,3,RUN,43.2,45.6,13.0148,14.1655,2.4
2.4,jump_on_and_off_box,3,WALK,45.6,52.1,14.1655,15.4459,6.5
2.4,jump_on_and_off_box,3,RUN,52.1,56.2,15.4459,17.4134,4.1
2.4,jump_on_and_off_box,3,WALK,56.2,56.4,17.4134,17.45,0.2
2.4,jump_on_and_off_box,4,TROT,0,2.3,1,2.21467,2.3
2.4,jump_on_and_off_box,4,RUN,2.3,5.4,2.21467,3.67913,3.1
2.4,jump_on_and_off_box,4,TROT,5.4,7.8,3.67913,4.99913,2.4
2.4,jump_on_and_off_box,4,WALK,7.8,10.6,4.99913,5.5467,2.8
2.4,jump_on_and_off_box,4,RUN,10.6,13,5.5467,6.69807,2.4
2.4,jump_on_and_off_box,4,WALK,13,18.8,6.69807,7.84604,5.8
2.4,jump_on_and_off_box,4,RUN,18.8,21.2,7.84604,8.99752,2.4
2.4,jump_on_and_off_box,4,WALK,21.2,27.8,8.99752,10.3164,6.6
2.4,jump_on_and_off_box,4,RUN,27.8,30.2,10.3164,11.4673,2.4
2.4,jump_on_and_off_box,4,WALK,30.2,36.7,11.4673,12.7492,6.5
2.4,jump_on_and_off_box,4,RUN,36.7,39.1,12.7492,13.9008,2.4
2.4,jump_on_and_off_box,4,WALK,39.1,46.4,13.9008,15.358,7.3
2.4,jump_on_and_off_box,4,RUN,46.4,50.6,15.358,17.35,4.2
2.4,jump_on_and_off_box,5,TROT,0,2.3,1,2.21345,2.3
2.4,jump_on_and_off_box,5,RUN,2.3,5,2.21345,3.49582,2.7
2.4,jump_on_and_off_box,5,WALK,5,9.1,3.49582,4.31543,4.1
2.4,jump_on_and_off_box,5,RUN,9.1,11.5,4.31543,5.42438,2.4
2.4,jump_on_and_off_box,5,WALK,11.5,23.7,5.42438,7.85639,12.2
2.4,jump_on_and_off_box,5,RUN,23.7,26.1,7.85639,9.00787,2.4
2.4,jump_on_and_off_box,5,WALK,26.1,32.4,9.00787,10.2475,6.3
2.4,jump_on_and_off_box,5,RUN,32.4,34.8,10.2475,11.3994,2.4
2.4,jump_on_and_off_box,5,WALK,34.8,42.2,11.3994,12.8631,7.4
2.4,jump_on_and_off_box,5,RUN,42.2,44.6,12.8631,14.015,2.4
2.4,jump_on_and_off_box,5,WALK,44.6,50.1,14.015,15.1107,5.5
2.4,jump_on_and_off_box,5,RUN,50.1,54.2,15.1107,17.05,4.1
2.4,jump_on_and_off_box,6,TROT,0,2.3,1,2.21394,2.3
2.4,jump_on_and_off_box,6,WALK,2.3,5.6,2.21394,2.86136,3.3
2.4,jump_on_and_off_box,6,RUN,5.6,8,2.86136,4.01289,2.4
2.4,jump_on_and_off_box,6,WALK,8,14,4.01289,5.20216,6
2.4,jump_on_and_off_box,6,RUN,14,16.4,5.20216,6.35405,2.4
2.4,jump_on_and_off_box,6,WALK,16.4,23.2,6.35405,7.70963,6.8
2.4,jump_on_and_off_box,6,RUN,23.2,25.6,7.70963,8.86042,2.4
2.4,jump_on_and_off_box,6,WALK,25.6,31.6,8.86042,10.0511,6
2.4,jump_on_and_off_box,6,RUN,31.6,34,10.0511,11.2006,2.4
2.4,jump_on_and_off_box,6,WALK,34,41.2,11.2006,12.6222,7.2
2.4,jump_on_and_off_box,6,RUN,41.2,43.6,12.6222,13.7739,2.4
2.4,jump_on_and_off_box,6,WALK,43.6,49.6,13.7739,14.9712,6
2.4,jump_on_and_off_box,6,RUN,49.6,53.7,14.9712,16.9,4.1
2.4,jump_on_and_off_box,7,TROT,0,2.3,1,2.21468,2.3
2.4,jump_on_and_off_box,7,WALK,2.3,5.3,2.21468,2.80494,3
2.4,jump_on_and_off_box,7,RUN,5.3,7.7,2.80494,3.95643,2.4
2.4,jump_on_and_off_box,7,WALK,7.7,13.2,3.95643,5.0459,5.5
2.4,jump_on_and_off_box,7,RUN,13.2,15.6,5.0459,6.19772,2.4
2.4,jump_on_and_off_box,7,WALK,15.6,20.7,6.19772,7.20644,5.1
2.4,jump_on_and_off_box,7,RUN,20.7,23.1,7.20644,8.35606,2.4
2.4,jump_on_and_off_box,7,WALK,23.1,29.7,8.35606,9.67191,6.6
2.4,jump_on_and_off_box,7,RUN,29.7,32.1,9.67191,10.8228,2.4
2.4,jump_on_and_off_box,7,WALK,32.1,38.9,10.8228,12.1698,6.8
2.4,jump_on_and_off_box,7,RUN,38.9,41.3,12.1698,13.3207,2.4
2.4,jump_on_and_off_box,7,WALK,41.3,48.1,13.3207,14.6599,6.8
2.4,jump_on_and_off_box,7,RUN,48.1,52.1,14.6599,16.55,4
2.4,jump_on_and_off_box,8,TROT,0,2.3,1,2.21479,2.3
2.4,jump_on_and_off_box,8,RUN,2.3,5.1,2.21479,3.54824,2.8
2.4,jump_on_and_off_box,8,WALK,5.1,14.2,3.54824,5.3627,9.1
2.4,jump_on_and_off_box,8,RUN,14.2,16.6,5.3627,6.51242,2.4
2.4,jump_on_and_off_box,8,WALK,16.6,22.6,6.51242,7.69981,6
2.4,jump_on_and_off_box,8,RUN,22.6,25,7.69981,8.85155,2.4
2.4,jump_on_and_off_box,8,WALK,25,30.3,8.85155,9.89876,5.3
2.4,jump_on_and_off_box,8,RUN,30.3,32.7,9.89876,11.0506,2.4
2.4,jump_on_and_off_box,8,WALK,32.7,39.3,11.0506,12.3665,6.6
2.4,jump_on_and_off_box,8,RUN,39.3,41.7,12.3665,13.5178,2.4
2.4,jump_on_and_off_box,8,WALK,41.7,47.4,13.5178,14.6414,5.7
2.4,jump_on_and_off_box,8,RUN,47.4,51.4,14.6414,16.55,4
2.4,jump_on_and_off_box,9,TROT,0,2.3,1,2.21446,2.3
2.4,jump_on_and_off_box,9,RUN,2.3,4.8,2.21446,3.39112,2.5
2.4,jump_on_and_off_box,9,WALK,4.8,12.9,3.39112,5.0103,8.1
2.4,jump_on_and_off_box,9,RUN,12.9,15.3,5.0103,6.16228,2.4
2.4,jump_on_and_off_box,9,WALK,15.3,20.8,6.16228,7.24692,5.5
2.4,jump_on_and_off_box,9,RUN,20.8,23.2,7.24692,8.39681,2.4
2.4,jump_on_and_off_box,9,WALK,23.2,29.3,8.39681,9.60123,6.1
2.4,jump_on_and_off_box,9,RUN,29.3,31.7,9.60123,10.7532,2.4
2.4,jump_on_and_off_box,9,WALK,31.7,38,10.7532,12.0085,6.3
2.4,jump_on_and_off_box,9,RUN,38,40.4,12.0085,13.1579,2.4
2.4,jump_on_and_off_box,9,WALK,40.4,45.7,13.1579,14.2138,5.3
2.4,jump_on_and_off_box,9,RUN,45.7,49.6,14.2138,16.05,3.9
2.4,forward_ramp_lips,0,TROT,0,2.3,1,2.21399,2.3
2.4,forward_ramp_lips,0,WALK,2.3,9.4,2.21399,3.61827,7.1
2.4,forward_ramp_lips,0,TROT,9.4,12.2,3.61827,5.11896,2.8
2.4,forward_ramp_lips,0,WALK,12.2,50.6,5.11896,12.7568,38.4
2.4,forward_ramp_lips,0,RUN,50.6,53.8,12.7568,14.25,3.2
2.4,forward_ramp_lips,1,TROT,0,2.3,1,2.21378,2.3
2.4,forward_ramp_lips,1,WALK,2.3,10.4,2.21378,3.82177,8.1
2.4,forward_ramp_lips,1,TROT,10.4,13.1,3.82177,5.27662,2.7
2.4,forward_ramp_lips,1,WALK,13.1,16.3,5.27662,5.915,3.2
2.4,forward_ramp_lips,1,TROT,16.3,18.9,5.915,7.30898,2.6
2.4,forward_ramp_lips,1,WALK,18.9,31.8,7.30898,9.86517,12.9
2.4,forward_ramp_lips,1,TROT,31.8,34.2,9.86517,11.1478,2.4
2.4,forward_ramp_lips,1,WALK,34.2,42.1,11.1478,12.7021,7.9
2.4,forward_ramp_lips,1,RUN,42.1,45.3,12.7021,14.2,3.2
2.4,forward_ramp_lips,2,TROT,0,2.5,1,2.3248,2.5
2.4,forward_ramp_lips,2,WALK,2.5,10.8,2.3248,3.96731,8.3
2.4,forward_ramp_lips,2,TROT,10.8,13.3,3.96731,5.31428,2.5
2.4,forward_ramp_lips,2,WALK,13.3,16.6,5.31428,5.9721,3.3
2.4,forward_ramp_lips,2,TROT,16.6,19.2,5.9721,7.39649,2.6
2.4,forward_ramp_lips,2,WALK,19.2,31.4,7.39649,9.81425,12.2
2.4,forward_ramp_lips,2,TROT,31.4,34.1,9.81425,11.2949,2.7
2.4,forward_ramp_lips,2,WALK,34.1,41.5,11.2949,12.773,7.4
2.4,forward_ramp_lips,2,RUN,41.5,44.6,12.773,14.25,3.1
2.4,forward_ramp_lips,3,TROT,0,2.6,1,2.37861,2.6
2.4,forward_ramp_lips,3,WALK,2.6,10.9,2.37861,4.02295,8.3
2.4,forward_ramp_lips,3,TROT,10.9,13.4,4.02295,5.37995,2.5
2.4,forward_ramp_lips,3,WALK,13.4,25.2,5.37995,7.72028,11.8
2.4,forward_ramp_lips,3,TROT,25.2,28,7.72028,9.25276,2.8
2.4,forward_ramp_lips,3,WALK,28,31.1,9.25276,9.87188,3.1
2.4,forward_ramp_lips,3,TROT,31.1,33.6,9.87188,11.2194,2.5
2.4,forward_ramp_lips,3,WALK,33.6,36.8,11.2194,11.8589,3.2
2.4,forward_ramp_lips,3,TROT,36.8,39.6,11.8589,13.3668,2.8
2.4,forward_ramp_lips,3,RUN,39.6,42,13.3668,14.5,2.4
2.4,forward_ramp_lips,4,TROT,0,2.4,1,2.26776,2.4
2.4,forward_ramp_lips,4,WALK,2.4,10.7,2.26776,3.91297,8.3
2.4,forward_ramp_lips,4,TROT,10.7,13.5,3.91297,5.4473,2.8
2.4,forward_ramp_lips,4,WALK,13.5,35.3,5.4473,9.77357,21.8
2.4,forward_ramp_lips,4,TROT,35.3,38,9.77357,11.2506,2.7
2.4,forward_ramp_lips,4,WALK,38,45.1,11.2506,12.6593,7.1
2.4,forward_ramp_lips,4,RUN,45.1,48.4,12.6593,14.2,3.3
2.4,forward_ramp_lips,5,TROT,0,2.4,1,2.26945,2.4
2.4,forward_ramp_lips,5,WALK,2.4,48,2.26945,11.3145,45.6
2.4,forward_ramp_lips,5,RUN,48,51.3,11.3145,12.85,3.3
2.4,forward_ramp_lips,6,TROT,0,2.5,1,2.32363,2.5
2.4,forward_ramp_lips,6,WALK,2.5,30.4,2.32363,7.85944,27.9
2.4,forward_ramp_lips,6,TROT,30.4,33.1,7.85944,9.29882,2.7
2.4,forward_ramp_lips,6,WALK,33.1,52,9.29882,13.0476,18.9
2.4,forward_ramp_lips,6,RUN,52,55.3,13.0476,14.6,3.3
2.4,forward_ramp_lips,7,TROT,0,2.6,1,2.37821,2.6
2.4,forward_ramp_lips,7,WALK,2.6,11.1,2.37821,4.05784,8.5
2.4,forward_ramp_lips,7,TROT,11.1,13.9,4.05784,5.58076,2.8
2.4,forward_ramp_lips,7,WALK,13.9,45.7,5.58076,11.9082,31.8
2.4,forward_ramp_lips,7,TROT,45.7,48.5,11.9082,13.4217,2.8
2.4,forward_ramp_lips,7,RUN,48.5,51,13.4217,14.6,2.5
2.4,forward_ramp_lips,8,TROT,0,2.3,1,2.21313,2.3
2.4,forward_ramp_lips,8,WALK,2.3,43.8,2.21313,10.4403,41.5
2.4,forward_ramp_lips,8,RUN,43.8,46.2,10.4403,11.5904,2.4
2.4,forward_ramp_lips,8,WALK,46.2,49.1,11.5904,12.1618,2.9
2.4,forward_ramp_lips,8,RUN,49.1,52.5,12.1618,13.75,3.4
2.4,forward_ramp_lips,9,TROT,0,2.4,1,2.26696,2.4
2.4,forward_ramp_lips,9,WALK,2.4,56.2,2.26696,12.9393,53.8
2.4,forward_ramp_lips,9,RUN,56.2,59.6,12.9393,14.55,3.4
2.4,sphere_bump_lips,0,TROT,0,2.4,1,2.244,2.4
2.4,sphere_bump_lips,0,WALK,2.4,8.5,2.244,3.39144,6.1
2.4,sphere_bump_lips,0,RUN,8.5,10.9,3.39144,4.46511,2.4
2.4,sphere_bump_lips,0,WALK,10.9,14.8,4.46511,5.20189,3.9
2.4,sphere_bump_lips,0,RUN,14.8,17.3,5.20189,6.35015,2.5
2.4,sphere_bump_lips,0,TROT,17.3,19.7,6.35015,7.6,2.4
2.4,sphere_bump_lips,0,WALK,19.7,22.5,7.6,8.10088,2.8
2.4,sphere_bump_lips,0,RUN,22.5,24.9,8.10088,9.13126,2.4
2.4,sphere_bump_lips,0,WALK,24.9,30.7,9.13126,10.1973,5.8
2.4,sphere_bump_lips,0,RUN,30.7,33.1,10.1973,11.3414,2.4
2.4,sphere_bump_lips,0,WALK,33.1,36,11.3414,11.8303,2.9
2.4,sphere_bump_lips,0,RUN,36,38.4,11.8303,12.7361,2.4
2.4,sphere_bump_lips,0,WALK,38.4,46,12.7361,13.9992,7.6
2.4,sphere_bump_lips,0,RUN,46,48.4,13.9992,15.094,2.4
2.4,sphere_bump_lips,0,TROT,48.4,50.9,15.094,16.35,2.5
2.4,sphere_bump_lips,1,TROT,0,2.4,1,2.27,2.4
2.4,sphere_bump_lips,1,WALK,2.4,8.6,2.27,3.47453,6.2
2.4,sphere_bump_lips,1,RUN,8.6,11,3.47453,4.55318,2.4
2.4,sphere_bump_lips,1,WALK,11,15.6,4.55318,5.38488,4.6
2.4,sphere_bump_lips,1,RUN,15.6,18,5.38488,6.41045,2.4
2.4,sphere_bump_lips,1,WALK,18,24.8,6.41045,7.60943,6.8
2.4,sphere_bump_lips,1,RUN,24.8,27.2,7.60943,8.64458,2.4
2.4,sphere_bump_lips,1,WALK,27.2,33.2,8.64458,9.70132,6
2.4,sphere_bump_lips,1,RUN,33.2,35.6,9.70132,10.7222,2.4
2.4,sphere_bump_lips,1,WALK,35.6,42.7,10.7222,12.0153,7.1
2.4,sphere_bump_lips,1,RUN,42.7,45.1,12.0153,13.1543,2.4
2.4,sphere_bump_lips,1,WALK,45.1,47.9,13.1543,13.7089,2.8
2.4,sphere_bump_lips,1,RUN,47.9,50.6,13.7089,15.0017,2.7
2.4,sphere_bump_lips,1,TROT,50.6,52.7,15.0017,16.1,2.1
2.4,sphere_bump_lips,2,TROT,0,2.3,1,2.14555,2.3
2.4,sphere_bump_lips,2,RUN,2.3,5.7,2.14555,3.69087,3.4
2.4,sphere_bump_lips,2,WALK,5.7,14.7,3.69087,5.43709,9
2.4,sphere_bump_lips,2,RUN,14.7,17.1,5.43709,6.49881,2.4
2.4,sphere_bump_lips,2,TROT,17.1,20,6.49881,8.04962,2.9
2.4,sphere_bump_lips,2,RUN,20,24,8.04962,9.953,4
2.4,sphere_bump_lips,2,WALK,24,32.1,9.953,11.5074,8.1
2.4,sphere_bump_lips,2,RUN,32.1,34.5,11.5074,12.4909,2.4
2.4,sphere_bump_lips,2,WALK,34.5,40.8,12.4909,13.6013,6.3
2.4,sphere_bump_lips,2,RUN,40.8,43.2,13.6013,14.7253,2.4
2.4,sphere_bump_lips,2,TROT,43.2,45.1,14.7253,15.7,1.9
2.4,sphere_bump_lips,3,TROT,0,2.4,1,2.15422,2.4
2.4,sphere_bump_lips,3,RUN,2.4,4.8,2.15422,3.11498,2.4
2.4,sphere_bump_lips,3,WALK,4.8,7.6,3.11498,3.59619,2.8
2.4,sphere_bump_lips,3,RUN,7.6,10,3.59619,4.58609,2.4
2.4,sphere_bump_lips,3,WALK,10,14.3,4.58609,5.3654,4.3
2.4,sphere_bump_lips,3,RUN,14.3,16.7,5.3654,6.50084,2.4
2.4,sphere_bump_lips,3,WALK,16.7,20.1,6.50084,7.15383,3.4
2.4,sphere_bump_lips,3,RUN,20.1,22.5,7.15383,8.2861,2.4
2.4,sphere_bump_lips,3,WALK,22.5,29,8.2861,9.50737,6.5
2.4,sphere_bump_lips,3,RUN,29,31.4,9.50737,10.4909,2.4
2.4,sphere_bump_lips,3,WALK,31.4,37.7,10.4909,11.5971,6.3
2.4,sphere_bump_lips,3,RUN,37.7,40.1,11.5971,12.7079,2.4
2.4,sphere_bump_lips,3,WALK,40.1,44.8,12.7079,13.6085,4.7
2.4,sphere_bump_lips,3,RUN,44.8,48.7,13.6085,15.45,3.9
2.4,sphere_bump_lips,4,TROT,0,2.3,1,2.06873,2.3
2.4,sphere_bump_lips,4,RUN,2.3,6.1,2.06873,3.73841,3.8
2.4,sphere_bump_lips,4,TROT,6.1,8.5,3.73841,5.04566,2.4
2.4,sphere_bump_lips,4,WALK,8.5,18.8,5.04566,7.05013,10.3
2.4,sphere_bump_lips,4,RUN,18.8,21.2,7.05013,8.17054,2.4
2.4,sphere_bump_lips,4,WALK,21.2,27.1,8.17054,9.30673,5.9
2.4,sphere_bump_lips,4,RUN,27.1,29.5,9.30673,10.411,2.4
2.4,sphere_bump_lips,4,WALK,29.5,33.4,10.411,11.1677,3.9
2.4,sphere_bump_lips,4,RUN,33.4,35.8,11.1677,12.3113,2.4
2.4,sphere_bump_lips,4,WALK,35.8,38.6,12.3113,12.8592,2.8
2.4,sphere_bump_lips,4,RUN,38.6,42.6,12.8592,14.75,4
2.4,sphere_bump_lips,5,TROT,0,2.3,1,2.08025,2.3
2.4,sphere_bump_lips,5,RUN,2.3,6.7,2.08025,3.87586,4.4
2.4,sphere_bump_lips,5,TROT,6.7,9.1,3.87586,5.05,2.4
2.4,sphere_bump_lips,5,WALK,9.1,19.9,5.05,6.76159,10.8
2.4,sphere_bump_lips,5,RUN,19.9,22.3,6.76159,7.70333,2.4
2.4,sphere_bump_lips,5,WALK,22.3,30,7.70333,9.00098,7.7
2.4,sphere_bump_lips,5,RUN,30,32.4,9.00098,10.0845,2.4
2.4,sphere_bump_lips,5,WALK,32.4,36.3,10.0845,10.8147,3.9
2.4,sphere_bump_lips,5,RUN,36.3,38.7,10.8147,11.9476,2.4
2.4,sphere_bump_lips,5,WALK,38.7,42.6,11.9476,12.7158,3.9
2.4,sphere_bump_lips,5,RUN,42.6,46.5,12.7158,14.55,3.9
2.4,sphere_bump_lips,6,TROT,0,2.3,1,2.18427,2.3
2.4,sphere_bump_lips,6,RUN,2.3,4.7,2.18427,3.24175,2.4
2.4,sphere_bump_lips,6,WALK,4.7,12.7,3.24175,4.76986,8
2.4,sphere_bump_lips,6,RUN,12.7,15.1,4.76986,5.92136,2.4
2.4,sphere_bump_lips,6,WALK,15.1,17.9,5.92136,6.46005,2.8
2.4,sphere_bump_lips,6,RUN,17.9,20.3,6.46005,7.57625,2.4
2.4,sphere_bump_lips,6,WALK,20.3,27,7.57625,8.84928,6.7
2.4,sphere_bump_lips,6,RUN,27,29.4,8.84928,9.9,2.4
2.4,sphere_bump_lips,6,WALK,29.4,32.2,9.9,10.4561,2.8
2.4,sphere_bump_lips,6,RUN,32.2,34.6,10.4561,11.6,2.4
2.4,sphere_bump_lips,6,WALK,34.6,38,11.6,12.2597,3.4
2.4,sphere_bump_lips,6,RUN,38,41.8,12.2597,14.05,3.8
2.4,sphere_bump_lips,7,TROT,0,2.3,1,2.17567,2.3
2.4,sphere_bump_lips,7,RUN,2.3,6,2.17567,3.75242,3.7
2.4,sphere_bump_lips,7,WALK,6,10.5,3.75242,4.56678,4.5
2.4,sphere_bump_lips,7,RUN,10.5,12.9,4.56678,5.70721,2.4
2.4,sphere_bump_lips,7,WALK,12.9,17.7,5.70721,6.64768,4.8
2.4,sphere_bump_lips,7,RUN,17.7,20.1,6.64768,7.79079,2.4
2.4,sphere_bump_lips,7,WALK,20.1,24.5,7.79079,8.64215,4.4
2.4,sphere_bump_lips,7,RUN,24.5,26.9,8.64215,9.76402,2.4
2.4,sphere_bump_lips,7,WALK,26.9,29.7,9.76402,10.2264,2.8
2.4,sphere_bump_lips,7,RUN,29.7,32.1,10.2264,11.1689,2.4
2.4,sphere_bump_lips,7,WALK,32.1,37,11.1689,12.012,4.9
2.4,sphere_bump_lips,7,RUN,37,41.1,12.012,13.9,4.1
2.4,sphere_bump_lips,8,TROT,0,2.3,1,2.10322,2.3
2.4,sphere_bump_lips,8,RUN,2.3,5.9,2.10322,3.56222,3.6
2.4,sphere_bump_lips,8,WALK,5.9,11,3.56222,4.4799,5.1
2.4,sphere_bump_lips,8,RUN,11,13.4,4.4799,5.63148,2.4
2.4,sphere_bump_lips,8,WALK,13.4,17.1,5.63148,6.3485,3.7
2.4,sphere_bump_lips,8,RUN,17.1,19.5,6.3485,7.42308,2.4
2.4,sphere_bump_lips,8,WALK,19.5,25.4,7.42308,8.50678,5.9
2.4,sphere_bump_lips,8,RUN,25.4,27.8,8.50678,9.54168,2.4
2.4,sphere_bump_lips,8,WALK,27.8,30.6,9.54168,10.0926,2.8
2.4,sphere_bump_lips,8,RUN,30.6,33,10.0926,11.2261,2.4
2.4,sphere_bump_lips,8,WALK,33,36.3,11.2261,11.8479,3.3
2.4,sphere_bump_lips,8,RUN,36.3,40,11.8479,13.5,3.7
2.4,sphere_bump_lips,9,TROT,0,2.3,1,2.15849,2.3
2.4,sphere_bump_lips,9,RUN,2.3,6.1,2.15849,3.83041,3.8
2.4,sphere_bump_lips,9,WALK,6.1,12.2,3.83041,4.91961,6.1
2.4,sphere_bump_lips,9,RUN,12.2,14.6,4.91961,5.80776,2.4
2.4,sphere_bump_lips,9,WALK,14.6,17.4,5.80776,6.28799,2.8
2.4,sphere_bump_lips,9,RUN,17.4,19.8,6.28799,7.3038,2.4
2.4,sphere_bump_lips,9,WALK,19.8,30.6,7.3038,9.24017,10.8
2.4,sphere_bump_lips,9,RUN,30.6,33,9.24017,10.3043,2.4
2.4,sphere_bump_lips,9,WALK,33,38.5,10.3043,11.3299,5.5
2.4,sphere_bump_lips,9,RUN,38.5,42.3,11.3299,13.15,3.8
2.4,forward_ramp_no_lips,0,TROT,0,2.3,1,2.21424,2.3
2.4,forward_ramp_no_lips,0,WALK,2.3,41.7,2.21424,10.009,39.4
2.4,forward_ramp_no_lips,0,RUN,41.7,43.8,10.009,11,2.1
2.4,forward_ramp_no_lips,1,TROT,0,2.4,1,2.26999,2.4
2.4,forward_ramp_no_lips,1,WALK,2.4,41.1,2.26999,9.94978,38.7
2.4,forward_ramp_no_lips,1,RUN,41.1,43.2,9.94978,10.95,2.1
2.4,forward_ramp_no_lips,2,TROT,0,2.5,1,2.32199,2.5
2.4,forward_ramp_no_lips,2,WALK,2.5,39.6,2.32199,9.64982,37.1
2.4,forward_ramp_no_lips,2,RUN,39.6,41.8,9.64982,10.7,2.2
2.4,forward_ramp_no_lips,3,TROT,0,2.3,1,2.21477,2.3
2.4,forward_ramp_no_lips,3,WALK,2.3,40.1,2.21477,9.69999,37.8
2.4,forward_ramp_no_lips,3,RUN,40.1,42.3,9.69999,10.75,2.2
2.4,forward_ramp_no_lips,4,TROT,0,2.3,1,2.21496,2.3
2.4,forward_ramp_no_lips,4,WALK,2.3,41.7,2.21496,10.01,39.4
2.4,forward_ramp_no_lips,4,RUN,41.7,44,10.01,11.1,2.3
2.4,forward_ramp_no_lips,5,TROT,0,2.3,1,2.21184,2.3
2.4,forward_ramp_no_lips,5,WALK,2.3,41.9,2.21184,10.06,39.6
2.4,forward_ramp_no_lips,5,RUN,41.9,44.3,10.06,11.2,2.4
2.4,forward_ramp_no_lips,6,TROT,0,2.5,1,2.32268,2.5
2.4,forward_ramp_no_lips,6,WALK,2.5,38.7,2.32268,9.49997,36.2
2.4,forward_ramp_no_lips,6,RUN,38.7,41.1,9.49997,10.65,2.4
2.4,forward_ramp_no_lips,7,TROT,0,2.3,1,2.21457,2.3
2.4,forward_ramp_no_lips,7,WALK,2.3,39.4,2.21457,9.54958,37.1
2.4,forward_ramp_no_lips,7,RUN,39.4,42,9.54958,10.75,2.6
2.4,forward_ramp_no_lips,8,TROT,0,2.3,1,2.21488,2.3
2.4,forward_ramp_no_lips,8,WALK,2.3,41.2,2.21488,9.9098,38.9
2.4,forward_ramp_no_lips,8,RUN,41.2,43.8,9.9098,11.15,2.6
2.4,forward_ramp_no_lips,9,TROT,0,2.3,1,2.21479,2.3
2.4,forward_ramp_no_lips,9,WALK,2.3,41.2,2.21479,9.91994,38.9
2.4,forward_ramp_no_lips,9,RUN,41.2,43.8,9.91994,11.15,2.6
2.4,flush_a_frame,0,TROT,0,2.3,1,2.21449,2.3
2.4,flush_a_frame,0,WALK,2.3,61.3,2.21449,13.93,59
2.4,flush_a_frame,0,TROT,61.3,63.5,13.93,15.1,2.2
2.4,flush_a_frame,1,TROT,0,2.3,1,2.21499,2.3
2.4,flush_a_frame,1,WALK,2.3,56.8,2.21499,13.02,54.5
2.4,flush_a_frame,1,RUN,56.8,59.1,13.02,14.1,2.3
2.4,flush_a_frame,2,TROT,0,2.3,1,2.21462,2.3
2.4,flush_a_frame,2,WALK,2.3,57.4,2.21462,13.1593,55.1
2.4,flush_a_frame,2,RUN,57.4,59.8,13.1593,14.3,2.4
2.4,flush_a_frame,3,TROT,0,2.3,1,2.21296,2.3
2.4,flush_a_frame,3,WALK,2.3,59.4,2.21296,13.5593,57.1
2.4,flush_a_frame,3,RUN,59.4,61.8,13.5593,14.7,2.4
2.4,flush_a_frame,4,TROT,0,2.3,1,2.21435,2.3
2.4,flush_a_frame,4,WALK,2.3,61.8,2.21435,14.0199,59.5
2.4,flush_a_frame,4,RUN,61.8,64.3,14.0199,15.2,2.5
2.4,flush_a_frame,5,TROT,0,2.3,1,2.21408,2.3
2.4,flush_a_frame,5,WALK,2.3,56.2,2.21408,12.9094,53.9
2.4,flush_a_frame,5,RUN,56.2,58.7,12.9094,14.1,2.5
2.4,flush_a_frame,6,TROT,0,2.3,1,2.21352,2.3
2.4,flush_a_frame,6,WALK,2.3,53,2.21352,12.2496,50.7
2.4,flush_a_frame,6,RUN,53,55.7,12.2496,13.5,2.7
2.4,flush_a_frame,7,TROT,0,2.4,1,2.26669,2.4
2.4,flush_a_frame,7,WALK,2.4,52.9,2.26669,12.2898,50.5
2.4,flush_a_frame,7,RUN,52.9,55.7,12.2898,13.6,2.8
2.4,flush_a_frame,8,TROT,0,2.5,1,2.325,2.5
2.4,flush_a_frame,8,WALK,2.5,59.4,2.325,13.6193,56.9
2.4,flush_a_frame,8,RUN,59.4,62.1,13.6193,14.9,2.7
2.4,flush_a_frame,9,TROT,0,2.4,1,2.2689,2.4
2.4,flush_a_frame,9,WALK,2.4,55.3,2.2689,12.76,52.9
2.4,flush_a_frame,9,RUN,55.3,58.1,12.76,14.1,2.8
2.4,sphere_bump,0,TROT,0,2.3,1,2.16948,2.3
2.4,sphere_bump,0,WALK,2.3,7.3,2.16948,3.09925,5
2.4,sphere_bump,0,TROT,7.3,9.7,3.09925,4.35405,2.4
2.4,sphere_bump,0,WALK,9.7,16,4.35405,5.56898,6.3
2.4,sphere_bump,0,TROT,16,18.5,5.56898,6.94065,2.5
2.4,sphere_bump,0,WALK,18.5,30.9,6.94065,9.37095,12.4
2.4,sphere_bump,0,TROT,30.9,33.3,9.37095,10.6595,2.4
2.4,sphere_bump,0,WALK,33.3,38.7,10.6595,11.7099,5.4
2.4,sphere_bump,0,TROT,38.7,41.1,11.7099,13.0295,2.4
2.4,sphere_bump,0,WALK,41.1,45,13.0295,13.7705,3.9
2.4,sphere_bump,0,TROT,45,47.8,13.7705,15.2221,2.8
2.4,sphere_bump,0,RUN,47.8,49.2,15.2221,15.85,1.4
2.4,sphere_bump,1,TROT,0,2.3,1,2.11117,2.3
2.4,sphere_bump,1,RUN,2.3,4.7,2.11117,3.09045,2.4
2.4,sphere_bump,1,WALK,4.7,7.5,3.09045,3.64595,2.8
2.4,sphere_bump,1,RUN,7.5,9.9,3.64595,4.78867,2.4
2.4,sphere_bump,1,WALK,9.9,14.3,4.78867,5.5973,4.4
2.4,sphere_bump,1,TROT,14.3,16.7,5.5973,6.7044,2.4
2.4,sphere_bump,1,WALK,16.7,19.6,6.7044,7.27807,2.9
2.4,sphere_bump,1,RUN,19.6,22,7.27807,8.4175,2.4
2.4,sphere_bump,1,WALK,22,27,8.4175,9.33837,5
2.4,sphere_bump,1,TROT,27,29.4,9.33837,10.455,2.4
2.4,sphere_bump,1,WALK,29.4,36.6,10.455,11.6863,7.2
2.4,sphere_bump,1,RUN,36.6,39,11.6863,12.6976,2.4
2.4,sphere_bump,1,WALK,39,45.6,12.6976,13.8952,6.6
2.4,sphere_bump,1,TROT,45.6,48.4,13.8952,15.4169,2.8
2.4,sphere_bump,1,RUN,48.4,49.2,15.4169,15.75,0.8
2.4,sphere_bump,2,TROT,0,2.3,1,2.17831,2.3
2.4,sphere_bump,2,WALK,2.3,6.7,2.17831,3.02373,4.4
2.4,sphere_bump,2,RUN,6.7,9.1,3.02373,4.16067,2.4
2.4,sphere_bump,2,WALK,9.1,23.5,4.16067,6.97861,14.4
2.4,sphere_bump,2,TROT,23.5,25.9,6.97861,8.18353,2.4
2.4,sphere_bump,2,WALK,25.9,29.9,8.18353,8.92095,4
2.4,sphere_bump,2,TROT,29.9,32.3,8.92095,10.2095,2.4
2.4,sphere_bump,2,WALK,32.3,37.8,10.2095,11.2686,5.5
2.4,sphere_bump,2,RUN,37.8,40.2,11.2686,12.3931,2.4
2.4,sphere_bump,2,WALK,40.2,45.9,12.3931,13.4855,5.7
2.4,sphere_bump,2,TROT,45.9,48.4,13.4855,14.7871,2.5
2.4,sphere_bump,2,WALK,48.4,51.2,14.7871,15.3172,2.8
2.4,sphere_bump,2,RUN,51.2,51.4,15.3172,15.4,0.2
2.4,sphere_bump,3,TROT,0,2.3,1,2.16386,2.3
2.4,sphere_bump,3,RUN,2.3,4.7,2.16386,3.18028,2.4
2.4,sphere_bump,3,WALK,4.7,16.8,3.18028,5.05562,12.1
2.4,sphere_bump,3,TROT,16.8,19.2,5.05562,6.21958,2.4
2.4,sphere_bump,3,WALK,19.2,42.3,6.21958,10.6581,23.1
2.4,sphere_bump,3,TROT,42.3,44.7,10.6581,11.8292,2.4
2.4,sphere_bump,3,WALK,44.7,52,11.8292,13.1406,7.3
2.4,sphere_bump,3,TROT,52,54.8,13.1406,14.5727,2.8
2.4,sphere_bump,3,RUN,54.8,55.6,14.5727,14.9,0.8
2.4,sphere_bump,4,TROT,0,2.3,1,2.17831,2.3
2.4,sphere_bump,4,WALK,2.3,18.5,2.17831,5.23488,16.2
2.4,sphere_bump,4,TROT,18.5,20.9,5.23488,6.53953,2.4
2.4,sphere_bump,4,WALK,20.9,34.2,6.53953,8.83056,13.3
2.4,sphere_bump,4,TROT,34.2,36.6,8.83056,10.1222,2.4
2.4,sphere_bump,4,WALK,36.6,49.5,10.1222,12.574,12.9
2.4,sphere_bump,4,RUN,49.5,53.8,12.574,14.6,4.3
2.4,sphere_bump,5,TROT,0,2.3,1,2.18287,2.3
2.4,sphere_bump,5,WALK,2.3,26.8,2.18287,6.74592,24.5
2.4,sphere_bump,5,TROT,26.8,29.2,6.74592,7.93367,2.4
2.4,sphere_bump,5,WALK,29.2,41.9,7.93367,10.3902,12.7
2.4,sphere_bump,5,TROT,41.9,44.3,10.3902,11.6007,2.4
2.4,sphere_bump,5,WALK,44.3,50.3,11.6007,12.7008,6
2.4,sphere_bump,5,TROT,50.3,53.1,12.7008,14.147,2.8
2.4,sphere_bump,5,RUN,53.1,53.5,14.147,14.3,0.4
2.4,sphere_bump,6,TROT,0,2.4,1,2.26927,2.4
2.4,sphere_bump,6,WALK,2.4,7.1,2.26927,3.17388,4.7
2.4,sphere_bump,6,TROT,7.1,9.5,3.17388,4.45447,2.4
2.4,sphere_bump,6,WALK,9.5,20.7,4.45447,6.57135,11.2
2.4,sphere_bump,6,RUN,20.7,23.1,6.57135,7.54213,2.4
2.4,sphere_bump,6,WALK,23.1,28.5,7.54213,8.46176,5.4
2.4,sphere_bump,6,RUN,28.5,30.9,8.46176,9.47824,2.4
2.4,sphere_bump,6,WALK,30.9,47.1,9.47824,12.3111,16.2
2.4,sphere_bump,6,RUN,47.1,51,12.3111,14.1,3.9
2.4,sphere_bump,7,TROT,0,2.3,1,2.16734,2.3
2.4,sphere_bump,7,WALK,2.3,8.3,2.16734,3.22005,6
2.4,sphere_bump,7,RUN,8.3,10.7,3.22005,4.15063,2.4
2.4,sphere_bump,7,WALK,10.7,41.7,4.15063,9.89898,31
2.4,sphere_bump,7,RUN,41.7,44.1,9.89898,11.0486,2.4
2.4,sphere_bump,7,WALK,44.1,50.4,11.0486,12.2697,6.3
2.4,sphere_bump,7,RUN,50.4,53.5,12.2697,13.7,3.1
2.4,sphere_bump,8,TROT,0,2.3,1,2.21093,2.3
2.4,sphere_bump,8,WALK,2.3,41.9,2.21093,9.7189,39.6
2.4,sphere_bump,8,RUN,41.9,44.3,9.7189,10.8685,2.4
2.4,sphere_bump,8,WALK,44.3,50.1,10.8685,12.0094,5.8
2.4,sphere_bump,8,RUN,50.1,53.2,12.0094,13.45,3.1
2.4,sphere_bump,9,TROT,0,2.3,1,2.06439,2.3
2.4,sphere_bump,9,RUN,2.3,5.5,2.06439,3.47242,3.2
2.4,sphere_bump,9,WALK,5.5,22,3.47242,6.40877,16.5
2.4,sphere_bump,9,TROT,22,24.4,6.40877,7.72525,2.4
2.4,sphere_bump,9,WALK,24.4,45.1,7.72525,11.4696,20.7
2.4,sphere_bump,9,RUN,45.1,49,11.4696,13.25,3.9
2.4,box_jump_even,0,TROT,0,2.3,1,2.21471,2.3
2.4,box_jump_even,0,RUN,2.3,5,2.21471,3.47309,2.7
2.4,box_jump_even,0,WALK,5,9,3.47309,4.26001,4
2.4,box_jump_even,0,RUN,9,11.4,4.26001,5.39208,2.4
2.4,box_jump_even,0,WALK,11.4,14.2,5.39208,5.95,2.8
2.4,box_jump_even,0,RUN,14.2,16.6,5.95,7.0788,2.4
2.4,box_jump_even,0,WALK,16.6,19.4,7.0788,7.63879,2.8
2.4,box_jump_even,0,RUN,19.4,23.1,7.63879,9.38202,3.7
2.4,box_jump_even,0,WALK,23.1,26.6,9.38202,10.0711,3.5
2.4,box_jump_even,0,RUN,26.6,28.5,10.0711,10.95,1.9
2.4,box_jump_even,1,TROT,0,2.3,1,2.21291,2.3
2.4,box_jump_even,1,RUN,2.3,5.8,2.21291,3.84579,3.5
2.4,box_jump_even,1,WALK,5.8,9.7,3.84579,4.62159,3.9
2.4,box_jump_even,1,RUN,9.7,12.1,4.62159,5.73481,2.4
2.4,box_jump_even,1,WALK,12.1,14.9,5.73481,6.29479,2.8
2.4,box_jump_even,1,RUN,14.9,19,6.29479,8.23175,4.1
2.4,box_jump_even,1,WALK,19,22.8,8.23175,8.97328,3.8
2.4,box_jump_even,1,RUN,22.8,25.2,8.97328,10.1029,2.4
2.4,box_jump_even,1,WALK,25.2,28,10.1029,10.6629,2.8
2.4,box_jump_even,1,RUN,28,29.3,10.6629,11.25,1.3
2.4,box_jump_even,2,TROT,0,2.3,1,2.2149,2.3
2.4,box_jump_even,2,RUN,2.3,5.7,2.2149,3.81967,3.4
2.4,box_jump_even,2,WALK,5.7,9.3,3.81967,4.52291,3.6
2.4,box_jump_even,2,RUN,9.3,11.7,4.52291,5.64661,2.4
2.4,box_jump_even,2,WALK,11.7,14.5,5.64661,6.2045,2.8
2.4,box_jump_even,2,RUN,14.5,16.9,6.2045,7.34709,2.4
2.4,box_jump_even,2,WALK,16.9,19.7,7.34709,7.90708,2.8
2.4,box_jump_even,2,RUN,19.7,22.1,7.90708,9.05105,2.4
2.4,box_jump_even,2,WALK,22.1,24.9,9.05105,9.61099,2.8
2.4,box_jump_even,2,RUN,24.9,28.8,9.61099,11.45,3.9
2.4,box_jump_even,3,TROT,0,2.3,1,2.21216,2.3
2.4,box_jump_even,3,RUN,2.3,5.4,2.21216,3.64964,3.1
2.4,box_jump_even,3,WALK,5.4,9.5,3.64964,4.459,4.1
2.4,box_jump_even,3,RUN,9.5,11.9,4.459,5.57639,2.4
2.4,box_jump_even,3,WALK,11.9,14.7,5.57639,6.13529,2.8
2.4,box_jump_even,3,RUN,14.7,17.8,6.13529,7.60146,3.1
2.4,box_jump_even,3,WALK,17.8,21.9,7.60146,8.4129,4.1
2.4,box_jump_even,3,RUN,21.9,24.3,8.4129,9.5145,2.4
2.4,box_jump_even,3,WALK,24.3,27.1,9.5145,10.0743,2.8
2.4,box_jump_even,3,RUN,27.1,28.6,10.0743,10.75,1.5
2.4,box_jump_even,4,TROT,0,2.3,1,2.21466,2.3
2.4,box_jump_even,4,RUN,2.3,5.7,2.21466,3.83399,3.4
2.4,box_jump_even,4,WALK,5.7,9.9,3.83399,4.66103,4.2
2.4,box_jump_even,4,RUN,9.9,12.3,4.66103,5.80784,2.4
2.4,box_jump_even,4,WALK,12.3,20.1,5.80784,7.35871,7.8
2.4,box_jump_even,4,RUN,20.1,22.5,7.35871,8.49679,2.4
2.4,box_jump_even,4,WALK,22.5,25.3,8.49679,9.05602,2.8
2.4,box_jump_even,4,RUN,25.3,27.7,9.05602,10.1869,2.4
2.4,box_jump_even,4,WALK,27.7,30.5,10.1869,10.7469,2.8
2.4,box_jump_even,4,RUN,30.5,31.4,10.7469,11.15,0.9
2.4,box_jump_even,5,TROT,0,2.3,1,2.21132,2.3
2.4,box_jump_even,5,RUN,2.3,4.9,2.21132,3.44269,2.6
2.4,box_jump_even,5,WALK,4.9,9.6,3.44269,4.3654,4.7
2.4,box_jump_even,5,RUN,9.6,12,4.3654,5.51042,2.4
2.4,box_jump_even,5,WALK,12,14.8,5.51042,6.07018,2.8
2.4,box_jump_even,5,RUN,14.8,17.2,6.07018,7.18728,2.4
2.4,box_jump_even,5,WALK,17.2,20,7.18728,7.74538,2.8
2.4,box_jump_even,5,RUN,20,22.4,7.74538,8.86927,2.4
2.4,box_jump_even,5,WALK,22.4,30.5,8.86927,10.474,8.1
2.4,box_jump_even,5,RUN,30.5,32.4,10.474,11.35,1.9
2.4,box_jump_even,6,TROT,0,2.3,1,2.21473,2.3
2.4,box_jump_even,6,RUN,2.3,5.8,2.21473,3.86704,3.5
2.4,box_jump_even,6,WALK,5.8,10.1,3.86704,4.7107,4.3
2.4,box_jump_even,6,RUN,10.1,12.5,4.7107,5.81685,2.4
2.4,box_jump_even,6,WALK,12.5,15.3,5.81685,6.37615,2.8
2.4,box_jump_even,6,RUN,15.3,17.7,6.37615,7.50525,2.4
2.4,box_jump_even,6,WALK,17.7,20.5,7.50525,8.06522,2.8
2.4,box_jump_even,6,RUN,20.5,22.9,8.06522,9.18687,2.4
2.4,box_jump_even,6,WALK,22.9,30.3,9.18687,10.6594,7.4
2.4,box_jump_even,6,RUN,30.3,32.2,10.6594,11.55,1.9
2.4,box_jump_even,7,TROT,0,2.3,1,2.21136,2.3
2.4,box_jump_even,7,RUN,2.3,5.7,2.21136,3.81613,3.4
2.4,box_jump_even,7,WALK,5.7,10.5,3.81613,4.76515,4.8
2.4,box_jump_even,7,RUN,10.5,12.9,4.76515,5.89732,2.4
2.4,box_jump_even,7,WALK,12.9,15.7,5.89732,6.45723,2.8
2.4,box_jump_even,7,RUN,15.7,18.1,6.45723,7.59531,2.4
2.4,box_jump_even,7,WALK,18.1,20.9,7.59531,8.15386,2.8
2.4,box_jump_even,7,RUN,20.9,23.3,8.15386,9.28093,2.4
2.4,box_jump_even,7,WALK,23.3,26.1,9.28093,9.83894,2.8
2.4,box_jump_even,7,RUN,26.1,28.5,9.83894,10.9431,2.4
2.4,box_jump_even,7,WALK,28.5,31.3,10.9431,11.5026,2.8
2.4,box_jump_even,7,RUN,31.3,32.5,11.5026,12.05,1.2
2.4,box_jump_even,8,TROT,0,2.3,1,2.21379,2.3
2.4,box_jump_even,8,WALK,2.3,6.7,2.21379,3.07363,4.4
2.4,box_jump_even,8,RUN,6.7,9.1,3.07363,4.2105,2.4
2.4,box_jump_even,8,WALK,9.1,11.9,4.2105,4.76966,2.8
2.4,box_jump_even,8,RUN,11.9,14.3,4.76966,5.91776,2.4
2.4,box_jump_even,8,WALK,14.3,22.1,5.91776,7.46214,7.8
2.4,box_jump_even,8,RUN,22.1,24.5,7.46214,8.56787,2.4
2.4,box_jump_even,8,WALK,24.5,27.3,8.56787,9.12751,2.8
2.4,box_jump_even,8,RUN,27.3,29.7,9.12751,10.2324,2.4
2.4,box_jump_even,8,WALK,29.7,32.5,10.2324,10.7922,2.8
2.4,box_jump_even,8,RUN,32.5,33.5,10.7922,11.25,1
2.4,box_jump_even,9,TROT,0,2.3,1,2.21499,2.3
2.4,box_jump_even,9,RUN,2.3,5.8,2.21499,3.88152,3.5
2.4,box_jump_even,9,WALK,5.8,11.3,3.88152,4.96762,5.5
2.4,box_jump_even,9,RUN,11.3,13.7,4.96762,6.11306,2.4
2.4,box_jump_even,9,WALK,13.7,16.5,6.11306,6.67296,2.8
2.4,box_jump_even,9,RUN,16.5,18.9,6.67296,7.81573,2.4
2.4,box_jump_even,9,WALK,18.9,21.7,7.81573,8.37565,2.8
2.4,box_jump_even,9,RUN,21.7,24.1,8.37565,9.49734,2.4
2.4,box_jump_even,9,WALK,24.1,26.9,9.49734,10.057,2.8
2.4,box_jump_even,9,RUN,26.9,29.3,10.057,11.1912,2.4
2.4,box_jump_even,9,WALK,29.3,32.1,11.1912,11.7512,2.8
2.4,box_jump_even,9,RUN,32.1,33.2,11.7512,12.25,1.1
2.4,box_jump_uneven,0,TROT,0,2.3,1,2.21336,2.3
2.4,box_jump_uneven,0,RUN,2.3,6.2,2.21336,4.05476,3.9
2.4,box_jump_uneven,0,WALK,6.2,9.5,4.05476,4.70974,3.3
2.4,box_jump_uneven,0,RUN,9.5,11.9,4.70974,5.84703,2.4
2.4,box_jump_uneven,0,WALK,11.9,15.5,5.84703,6.5669,3.6
2.4,box_jump_uneven,0,RUN,15.5,17.9,6.5669,7.67578,2.4
2.4,box_jump_uneven,0,WALK,17.9,21.1,7.67578,8.31572,3.2
2.4,box_jump_uneven,0,RUN,21.1,23.5,8.31572,9.42087,2.4
2.4,box_jump_uneven,0,WALK,23.5,27,9.42087,10.1208,3.5
2.4,box_jump_uneven,0,RUN,27,29.4,10.1208,11.2463,2.4
2.4,box_jump_uneven,0,WALK,29.4,32.7,11.2463,11.9062,3.3
2.4,box_jump_uneven,0,RUN,32.7,34.6,11.9062,12.8,1.9
2.4,box_jump_uneven,1,TROT,0,2.3,1,2.21302,2.3
2.4,box_jump_uneven,1,RUN,2.3,6,2.21302,3.93841,3.7
2.4,box_jump_uneven,1,WALK,6,9.7,3.93841,4.6597,3.7
2.4,box_jump_uneven,1,RUN,9.7,12.1,4.6597,5.76635,2.4
2.4,box_jump_uneven,1,WALK,12.1,14.9,5.76635,6.32555,2.8
2.4,box_jump_uneven,1,RUN,14.9,19.5,6.32555,8.4852,4.6
2.4,box_jump_uneven,1,WALK,19.5,23.2,8.4852,9.22255,3.7
2.4,box_jump_uneven,1,RUN,23.2,25.6,9.22255,10.3448,2.4
2.4,box_jump_uneven,1,WALK,25.6,29.2,10.3448,11.064,3.6
2.4,box_jump_uneven,1,RUN,29.2,31.1,11.064,11.95,1.9
2.4,box_jump_uneven,2,TROT,0,2.3,1,2.21473,2.3
2.4,box_jump_uneven,2,RUN,2.3,4.7,2.21473,3.34917,2.4
2.4,box_jump_uneven,2,WALK,4.7,7.5,3.34917,3.90917,2.8
2.4,box_jump_uneven,2,RUN,7.5,9.9,3.90917,5.01817,2.4
2.4,box_jump_uneven,2,WALK,9.9,12.7,5.01817,5.57769,2.8
2.4,box_jump_uneven,2,RUN,12.7,15.1,5.57769,6.71134,2.4
2.4,box_jump_uneven,2,WALK,15.1,17.9,6.71134,7.27125,2.8
2.4,box_jump_uneven,2,RUN,17.9,20.3,7.27125,8.38227,2.4
2.4,box_jump_uneven,2,WALK,20.3,24,8.38227,9.12163,3.7
2.4,box_jump_uneven,2,RUN,24,26.4,9.12163,10.2265,2.4
2.4,box_jump_uneven,2,WALK,26.4,29.2,10.2265,10.7865,2.8
2.4,box_jump_uneven,2,RUN,29.2,33.6,10.7865,12.85,4.4
2.4,box_jump_uneven,3,TROT,0,2.3,1,2.21195,2.3
2.4,box_jump_uneven,3,RUN,2.3,6.2,2.21195,4.0196,3.9
2.4,box_jump_uneven,3,WALK,6.2,10.7,4.0196,4.91868,4.5
2.4,box_jump_uneven,3,RUN,10.7,13.1,4.91868,6.03156,2.4
2.4,box_jump_uneven,3,WALK,13.1,15.9,6.03156,6.59155,2.8
2.4,box_jump_uneven,3,RUN,15.9,18.3,6.59155,7.71813,2.4
2.4,box_jump_uneven,3,WALK,18.3,21.1,7.71813,8.27797,2.8
2.4,box_jump_uneven,3,RUN,21.1,23.5,8.27797,9.4081,2.4
2.4,box_jump_uneven,3,WALK,23.5,27.3,9.4081,10.1676,3.8
2.4,box_jump_uneven,3,RUN,27.3,29.7,10.1676,11.2814,2.4
2.4,box_jump_uneven,3,WALK,29.7,33.6,11.2814,12.061,3.9
2.4,box_jump_uneven,3,RUN,33.6,35.5,12.061,12.95,1.9
2.4,box_jump_uneven,4,TROT,0,2.3,1,2.21467,2.3
2.4,box_jump_uneven,4,RUN,2.3,5.2,2.21467,3.57332,2.9
2.4,box_jump_uneven,4,WALK,5.2,9.5,3.57332,4.41766,4.3
2.4,box_jump_uneven,4,RUN,9.5,11.9,4.41766,5.56164,2.4
2.4,box_jump_uneven,4,WALK,11.9,15.2,5.56164,6.22162,3.3
2.4,box_jump_uneven,4,RUN,15.2,17.6,6.22162,7.36568,2.4
2.4,box_jump_uneven,4,WALK,17.6,20.4,7.36568,7.92563,2.8
2.4,box_jump_uneven,4,RUN,20.4,22.8,7.92563,9.04127,2.4
2.4,box_jump_uneven,4,WALK,22.8,25.6,9.04127,9.60109,2.8
2.4,box_jump_uneven,4,RUN,25.6,28,9.60109,10.7057,2.4
2.4,box_jump_uneven,4,WALK,28,30.8,10.7057,11.2657,2.8
2.4,box_jump_uneven,4,RUN,30.8,32.5,11.2657,12.05,1.7
2.4,box_jump_uneven,5,TROT,0,2.3,1,2.21233,2.3
2.4,box_jump_uneven,5,RUN,2.3,5.3,2.21233,3.6435,3
2.4,box_jump_uneven,5,WALK,5.3,9.7,3.6435,4.5105,4.4
2.4,box_jump_uneven,5,RUN,9.7,12.1,4.5105,5.6581,2.4
2.4,box_jump_uneven,5,WALK,12.1,14.9,5.6581,6.21744,2.8
2.4,box_jump_uneven,5,RUN,14.9,17.3,6.21744,7.32912,2.4
2.4,box_jump_uneven,5,WALK,17.3,20.1,7.32912,7.88819,2.8
2.4,box_jump_uneven,5,RUN,20.1,22.5,7.88819,9.00959,2.4
2.4,box_jump_uneven,5,WALK,22.5,25.3,9.00959,9.56887,2.8
2.4,box_jump_uneven,5,RUN,25.3,27.7,9.56887,10.694,2.4
2.4,box_jump_uneven,5,WALK,27.7,31.6,10.694,11.4729,3.9
2.4,box_jump_uneven,5,RUN,31.6,33.5,11.4729,12.35,1.9
2.4,box_jump_uneven,6,TROT,0,2.3,1,2.21288,2.3
2.4,box_jump_uneven,6,RUN,2.3,5.3,2.21288,3.61415,3
2.4,box_jump_uneven,6,WALK,5.3,9.6,3.61415,4.46435,4.3
2.4,box_jump_uneven,6,RUN,9.6,12,4.46435,5.61331,2.4
2.4,box_jump_uneven,6,WALK,12,14.8,5.61331,6.17318,2.8
2.4,box_jump_uneven,6,RUN,14.8,17.2,6.17318,7.31956,2.4
2.4,box_jump_uneven,6,WALK,17.2,20,7.31956,7.87954,2.8
2.4,box_jump_uneven,6,RUN,20,22.4,7.87954,9.02657,2.4
2.4,box_jump_uneven,6,WALK,22.4,25.2,9.02657,9.58648,2.8
2.4,box_jump_uneven,6,RUN,25.2,27.6,9.58648,10.7306,2.4
2.4,box_jump_uneven,6,WALK,27.6,30.4,10.7306,11.2902,2.8
2.4,box_jump_uneven,6,RUN,30.4,31.5,11.2902,11.8,1.1
2.4,box_jump_uneven,7,TROT,0,2.3,1,2.21483,2.3
2.4,box_jump_uneven,7,RUN,2.3,6.3,2.21483,4.09142,4
2.4,box_jump_uneven,7,WALK,6.3,11.4,4.09142,5.10863,5.1
2.4,box_jump_uneven,7,RUN,11.4,13.8,5.10863,6.21789,2.4
2.4,box_jump_uneven,7,WALK,13.8,17.8,6.21789,7.01575,4
2.4,box_jump_uneven,7,RUN,17.8,20.2,7.01575,8.14663,2.4
2.4,box_jump_uneven,7,WALK,20.2,23.6,8.14663,8.82428,3.4
2.4,box_jump_uneven,7,RUN,23.6,26,8.82428,9.95642,2.4
2.4,box_jump_uneven,7,WALK,26,28.8,9.95642,10.5133,2.8
2.4,box_jump_uneven,7,RUN,28.8,31.2,10.5133,11.638,2.4
2.4,box_jump_uneven,7,WALK,31.2,34,11.638,12.1973,2.8
2.4,box_jump_uneven,7,RUN,34,35.3,12.1973,12.8,1.3
2.4,box_jump_uneven,8,TROT,0,2.3,1,2.21397,2.3
2.4,box_jump_uneven,8,RUN,2.3,4.7,2.21397,3.33759,2.4
2.4,box_jump_uneven,8,WALK,4.7,7.5,3.33759,3.89746,2.8
2.4,box_jump_uneven,8,RUN,7.5,9.9,3.89746,5.00288,2.4
2.4,box_jump_uneven,8,WALK,9.9,12.7,5.00288,5.56282,2.8
2.4,box_jump_uneven,8,RUN,12.7,15.1,5.56282,6.67687,2.4
2.4,box_jump_uneven,8,WALK,15.1,17.9,6.67687,7.23654,2.8
2.4,box_jump_uneven,8,RUN,17.9,20.3,7.23654,8.37424,2.4
2.4,box_jump_uneven,8,WALK,20.3,23.1,8.37424,8.93419,2.8
2.4,box_jump_uneven,8,RUN,23.1,25.5,8.93419,10.0688,2.4
2.4,box_jump_uneven,8,WALK,25.5,28.3,10.0688,10.6278,2.8
2.4,box_jump_uneven,8,RUN,28.3,30.7,10.6278,11.7383,2.4
2.4,box_jump_uneven,8,WALK,30.7,33.5,11.7383,12.2979,2.8
2.4,box_jump_uneven,8,RUN,33.5,34.8,12.2979,12.9,1.3
2.4,box_jump_uneven,9,TROT,0,2.3,1,2.21431,2.3
2.4,box_jump_uneven,9,RUN,2.3,4.7,2.21431,3.33428,2.4
2.4,box_jump_uneven,9,WALK,4.7,7.5,3.33428,3.89421,2.8
2.4,box_jump_uneven,9,RUN,7.5,9.9,3.89421,5.03996,2.4
2.4,box_jump_uneven,9,WALK,9.9,12.7,5.03996,5.59986,2.8
2.4,box_jump_uneven,9,RUN,12.7,15.1,5.59986,6.74823,2.4
2.4,box_jump_uneven,9,WALK,15.1,24.5,6.74823,8.61639,9.4
2.4,box_jump_uneven,9,RUN,24.5,26.9,8.61639,9.73791,2.4
2.4,box_jump_uneven,9,WALK,26.9,29.7,9.73791,10.2978,2.8
2.4,box_jump_uneven,9,RUN,29.7,32.1,10.2978,11.4298,2.4
2.4,box_jump_uneven,9,WALK,32.1,35.5,11.4298,12.1095,3.4
2.4,box_jump_uneven,9,RUN,35.5,37.4,12.1095,13,1.9
2.4,flat_circle_jump,0,TROT,0,2.4,1,2.26226,2.4
2.4,flat_circle_jump,0,RUN,2.4,4.8,2.26226,3.36152,2.4
2.4,flat_circle_jump,0,TROT,4.8,7.6,3.36152,4.83674,2.8
2.4,flat_circle_jump,0,RUN,7.6,10,4.83674,5.92292,2.4
2.4,flat_circle_jump,0,WALK,10,19.9,5.92292,7.86704,9.9
2.4,flat_circle_jump,0,RUN,19.9,21.8,7.86704,8.75,1.9
2.4,flat_circle_jump,1,TROT,0,2.3,1,2.20709,2.3
2.4,flat_circle_jump,1,RUN,2.3,4.7,2.20709,3.30015,2.4
2.4,flat_circle_jump,1,TROT,4.7,7.5,3.30015,4.71472,2.8
2.4,flat_circle_jump,1,RUN,7.5,9.9,4.71472,5.83051,2.4
2.4,flat_circle_jump,1,WALK,9.9,22.9,5.83051,8.40861,13
2.4,flat_circle_jump,1,RUN,22.9,24.8,8.40861,9.3,1.9
2.4,flat_circle_jump,2,TROT,0,2.3,1,2.21451,2.3
2.4,flat_circle_jump,2,WALK,2.3,8.6,2.21451,3.46923,6.3
2.4,flat_circle_jump,2,TROT,8.6,11,3.46923,4.77356,2.4
2.4,flat_circle_jump,2,WALK,11,25.8,4.77356,7.67152,14.8
2.4,flat_circle_jump,2,RUN,25.8,28.2,7.67152,8.77709,2.4
2.4,flat_circle_jump,2,WALK,28.2,31,8.77709,9.33612,2.8
2.4,flat_circle_jump,2,RUN,31,32.3,9.33612,9.95,1.3
2.4,flat_circle_jump,3,TROT,0,2.3,1,2.215,2.3
2.4,flat_circle_jump,3,RUN,2.3,8.3,2.215,5.00006,6
2.4,flat_circle_jump,3,WALK,8.3,13,5.00006,5.92146,4.7
2.4,flat_circle_jump,3,RUN,13,15.5,5.92146,7.06963,2.5
2.4,flat_circle_jump,3,WALK,15.5,27.8,7.06963,9.50861,12.3
2.4,flat_circle_jump,3,RUN,27.8,29.7,9.50861,10.4,1.9
2.4,flat_circle_jump,4,TROT,0,2.3,1,2.21454,2.3
2.4,flat_circle_jump,4,RUN,2.3,4.7,2.21454,3.33155,2.4
2.4,flat_circle_jump,4,WALK,4.7,25.3,3.33155,7.40794,20.6
2.4,flat_circle_jump,4,RUN,25.3,27.7,7.40794,8.526,2.4
2.4,flat_circle_jump,4,WALK,27.7,34.2,8.526,9.8086,6.5
2.4,flat_circle_jump,4,RUN,34.2,36.1,9.8086,10.7,1.9
2.4,flat_circle_jump,5,TROT,0,2.3,1,2.2146,2.3
2.4,flat_circle_jump,5,RUN,2.3,4.7,2.2146,3.33508,2.4
2.4,flat_circle_jump,5,WALK,4.7,7.5,3.33508,3.89355,2.8
2.4,flat_circle_jump,5,RUN,7.5,10.2,3.89355,5.16019,2.7
2.4,flat_circle_jump,5,WALK,10.2,23.1,5.16019,7.70668,12.9
2.4,flat_circle_jump,5,RUN,23.1,27.2,7.70668,9.654,4.1
2.4,flat_circle_jump,5,WALK,27.2,32.8,9.654,10.7644,5.6
2.4,flat_circle_jump,5,RUN,32.8,34.7,10.7644,11.65,1.9
2.4,flat_circle_jump,6,TROT,0,2.3,1,2.21342,2.3
2.4,flat_circle_jump,6,WALK,2.3,10.6,2.21342,3.85963,8.3
2.4,flat_circle_jump,6,RUN,10.6,13,3.85963,4.98455,2.4
2.4,flat_circle_jump,6,WALK,13,16.3,4.98455,5.63664,3.3
2.4,flat_circle_jump,6,RUN,16.3,18.7,5.63664,6.76904,2.4
2.4,flat_circle_jump,6,WALK,18.7,26.5,6.76904,8.30963,7.8
2.4,flat_circle_jump,6,RUN,26.5,28.9,8.30963,9.43773,2.4
2.4,flat_circle_jump,6,TROT,28.9,31.3,9.43773,10.7399,2.4
2.4,flat_circle_jump,6,WALK,31.3,34.7,10.7399,11.4197,3.4
2.4,flat_circle_jump,6,RUN,34.7,36.6,11.4197,12.3,1.9
2.4,flat_circle_jump,7,TROT,0,2.3,1,2.20856,2.3
2.4,flat_circle_jump,7,WALK,2.3,5.1,2.20856,2.76352,2.8
2.4,flat_circle_jump,7,RUN,5.1,7.5,2.76352,3.87774,2.4
2.4,flat_circle_jump,7,WALK,7.5,23.7,3.87774,7.05963,16.2
2.4,flat_circle_jump,7,RUN,23.7,26.1,7.05963,8.18624,2.4
2.4,flat_circle_jump,7,WALK,26.1,35.6,8.18624,10.0668,9.5
2.4,flat_circle_jump,7,RUN,35.6,38,10.0668,11.1899,2.4
2.4,flat_circle_jump,7,WALK,38,41.9,11.1899,11.9696,3.9
2.4,flat_circle_jump,7,RUN,41.9,43.8,11.9696,12.85,1.9
2.4,flat_circle_jump,8,TROT,0,2.3,1,2.20527,2.3
2.4,flat_circle_jump,8,WALK,2.3,27.3,2.20527,7.11,25
2.4,flat_circle_jump,8,RUN,27.3,29.7,7.11,8.23826,2.4
2.4,flat_circle_jump,8,WALK,29.7,41.2,8.23826,10.51,11.5
2.4,flat_circle_jump,8,RUN,41.2,43.6,10.51,11.638,2.4
2.4,flat_circle_jump,8,WALK,43.6,46.7,11.638,12.258,3.1
2.4,flat_circle_jump,8,RUN,46.7,48.6,12.258,13.15,1.9
2.4,flat_circle_jump,9,TROT,0,2.3,1,2.2148,2.3
2.4,flat_circle_jump,9,WALK,2.3,5.1,2.2148,2.77464,2.8
2.4,flat_circle_jump,9,RUN,5.1,7.5,2.77464,3.88682,2.4
2.4,flat_circle_jump,9,WALK,7.5,10.3,3.88682,4.44452,2.8
2.4,flat_circle_jump,9,RUN,10.3,12.7,4.44452,5.58579,2.4
2.4,flat_circle_jump,9,WALK,12.7,15.5,5.58579,6.14543,2.8
2.4,flat_circle_jump,9,RUN,15.5,17.9,6.14543,7.27371,2.4
2.4,flat_circle_jump,9,WALK,17.9,20.7,7.27371,7.83346,2.8
2.4,flat_circle_jump,9,RUN,20.7,23.1,7.83346,8.96088,2.4
2.4,flat_circle_jump,9,WALK,23.1,43.2,8.96088,12.9246,20.1
2.4,flat_circle_jump,9,RUN,43.2,45.1,12.9246,13.8,1.9
2.4,bump_jump,0,TROT,0,2.3,1,2.20527,2.3
2.4,bump_jump,0,WALK,2.3,41.1,2.20527,9.86965,38.8
2.4,bump_jump,0,RUN,41.1,43,9.86965,10.75,1.9
2.4,bump_jump,1,TROT,0,2.3,1,2.20625,2.3
2.4,bump_jump,1,WALK,2.3,42.7,2.20625,10.16,40.4
2.4,bump_jump,1,RUN,42.7,44.6,10.16,11.05,1.9
2.4,bump_jump,2,TROT,0,2.3,1,2.21401,2.3
2.4,bump_jump,2,WALK,2.3,41.9,2.21401,10.0586,39.6
2.4,bump_jump,2,RUN,41.9,43.8,10.0586,10.95,1.9
2.4,bump_jump,3,TROT,0,2.3,1,2.20709,2.3
2.4,bump_jump,3,WALK,2.3,43.9,2.20709,10.42,41.6
2.4,bump_jump,3,RUN,43.9,45.8,10.42,11.3,1.9
2.4,bump_jump,4,TROT,0,2.3,1,2.21178,2.3
2.4,bump_jump,4,WALK,2.3,43.6,2.21178,10.3596,41.3
2.4,bump_jump,4,RUN,43.6,45.5,10.3596,11.25,1.9
2.4,bump_jump,5,TROT,0,2.3,1,2.21206,2.3
2.4,bump_jump,5,WALK,2.3,44.7,2.21206,10.61,42.4
2.4,bump_jump,5,RUN,44.7,46.6,10.61,11.5,1.9
2.4,bump_jump,6,TROT,0,2.3,1,2.20347,2.3
2.4,bump_jump,6,WALK,2.3,44.9,2.20347,10.5712,42.6
2.4,bump_jump,6,RUN,44.9,46.8,10.5712,11.45,1.9
2.4,bump_jump,7,TROT,0,2.3,1,2.215,2.3
2.4,bump_jump,7,WALK,2.3,46.4,2.215,10.9669,44.1
2.4,bump_jump,7,RUN,46.4,48.3,10.9669,11.85,1.9
2.4,bump_jump,8,TROT,0,2.3,1,2.21253,2.3
2.4,bump_jump,8,WALK,2.3,46.9,2.21253,10.9744,44.6
2.4,bump_jump,8,RUN,46.9,48.8,10.9744,11.85,1.9
2.4,bump_jump,9,TROT,0,2.3,1,2.19997,2.3
2.4,bump_jump,9,WALK,2.3,46.9,2.19997,11.0144,44.6
2.4,bump_jump,9,RUN,46.9,48.8,11.0144,11.9,1.9
2.4,sideways_ramp,0,TROT,0,2.3,1,2.1336,2.3
2.4,sideways_ramp,0,WALK,2.3,6.5,2.1336,2.89025,4.2
2.4,sideways_ramp,0,RUN,6.5,8.9,2.89025,3.97853,2.4
2.4,sideways_ramp,0,WALK,8.9,11.7,3.97853,4.53688,2.8
2.4,sideways_ramp,0,RUN,11.7,14.1,4.53688,5.6031,2.4
2.4,sideways_ramp,0,WALK,14.1,20.7,5.6031,6.78961,6.6
2.4,sideways_ramp,0,RUN,20.7,23.1,6.78961,7.80728,2.4
2.4,sideways_ramp,0,WALK,23.1,25.9,7.80728,8.33203,2.8
2.4,sideways_ramp,0,RUN,25.9,30.4,8.33203,10.3,4.5
2.4,sideways_ramp,1,TROT,0,2.3,1,2.215,2.3
2.4,sideways_ramp,1,RUN,2.3,4.7,2.215,3.275,2.4
2.4,sideways_ramp,1,WALK,4.7,10,3.275,4.27181,5.3
2.4,sideways_ramp,1,RUN,10,12.4,4.27181,5.39958,2.4
2.4,sideways_ramp,1,WALK,12.4,15.2,5.39958,5.9364,2.8
2.4,sideways_ramp,1,RUN,15.2,18.6,5.9364,7.52756,3.4
2.4,sideways_ramp,1,WALK,18.6,21.8,7.52756,8.12848,3.2
2.4,sideways_ramp,1,RUN,21.8,24.2,8.12848,9.22236,2.4
2.4,sideways_ramp,1,WALK,24.2,27,9.22236,9.75175,2.8
2.4,sideways_ramp,1,RUN,27,28.3,9.75175,10.3,1.3
2.4,sideways_ramp,2,TROT,0,2.3,1,2.21394,2.3
2.4,sideways_ramp,2,RUN,2.3,4.7,2.21394,3.25952,2.4
2.4,sideways_ramp,2,WALK,4.7,17.7,3.25952,5.6857,13
2.4,sideways_ramp,2,RUN,17.7,20.1,5.6857,6.71678,2.4
2.4,sideways_ramp,2,WALK,20.1,22.9,6.71678,7.22451,2.8
2.4,sideways_ramp,2,RUN,22.9,25.3,7.22451,8.32073,2.4
2.4,sideways_ramp,2,WALK,25.3,31,8.32073,9.45712,5.7
2.4,sideways_ramp,2,RUN,31,32.9,9.45712,10.35,1.9
2.4,sideways_ramp,3,TROT,0,2.3,1,2.21069,2.3
2.4,sideways_ramp,3,RUN,2.3,5.3,2.21069,3.55643,3
2.4,sideways_ramp,3,WALK,5.3,9.2,3.55643,4.28923,3.9
2.4,sideways_ramp,3,RUN,9.2,11.6,4.28923,5.37659,2.4
2.4,sideways_ramp,3,WALK,11.6,19.6,5.37659,6.92623,8
2.4,sideways_ramp,3,RUN,19.6,22,6.92623,8.06493,2.4
2.4,sideways_ramp,3,WALK,22,24.8,8.06493,8.6246,2.8
2.4,sideways_ramp,3,RUN,24.8,27.2,8.6246,9.74012,2.4
2.4,sideways_ramp,3,WALK,27.2,30,9.74012,10.2639,2.8
2.4,sideways_ramp,3,RUN,30,31,10.2639,10.7,1
2.4,sideways_ramp,4,TROT,0,2.3,1,2.215,2.3
2.4,sideways_ramp,4,RUN,2.3,5,2.215,3.50801,2.7
2.4,sideways_ramp,4,WALK,5,9.3,3.50801,4.33272,4.3
2.4,sideways_ramp,4,RUN,9.3,11.7,4.33272,5.41015,2.4
2.4,sideways_ramp,4,WALK,11.7,14.5,5.41015,5.96687,2.8
2.4,sideways_ramp,4,RUN,14.5,17.8,5.96687,7.51188,3.3
2.4,sideways_ramp,4,WALK,17.8,21.9,7.51188,8.32088,4.1
2.4,sideways_ramp,4,RUN,21.9,24.3,8.32088,9.40616,2.4
2.4,sideways_ramp,4,WALK,24.3,27.1,9.40616,9.92104,2.8
2.4,sideways_ramp,4,RUN,27.1,28.5,9.92104,10.5,1.4
2.4,sideways_ramp,5,TROT,0,2.3,1,2.10069,2.3
2.4,sideways_ramp,5,WALK,2.3,7.5,2.10069,3.06937,5.2
2.4,sideways_ramp,5,RUN,7.5,9.9,3.06937,4.21677,2.4
2.4,sideways_ramp,5,WALK,9.9,17.7,4.21677,5.76377,7.8
2.4,sideways_ramp,5,RUN,17.7,20.1,5.76377,6.8747,2.4
2.4,sideways_ramp,5,WALK,20.1,28.4,6.8747,8.46013,8.3
2.4,sideways_ramp,5,RUN,28.4,30.8,8.46013,9.58682,2.4
2.4,sideways_ramp,5,WALK,30.8,33.6,9.58682,10.1465,2.8
2.4,sideways_ramp,5,RUN,33.6,34.7,10.1465,10.65,1.1
2.4,sideways_ramp,6,TROT,0,2.3,1,2.21063,2.3
2.4,sideways_ramp,6,RUN,2.3,5.2,2.21063,3.55557,2.9
2.4,sideways_ramp,6,WALK,5.2,9.9,3.55557,4.4434,4.7
2.4,sideways_ramp,6,TROT,9.9,12.3,4.4434,5.66034,2.4
2.4,sideways_ramp,6,WALK,12.3,20.4,5.66034,7.2653,8.1
2.4,sideways_ramp,6,RUN,20.4,22.8,7.2653,8.40402,2.4
2.4,sideways_ramp,6,WALK,22.8,25.6,8.40402,8.96368,2.8
2.4,sideways_ramp,6,RUN,25.6,28,8.96368,10.0833,2.4
2.4,sideways_ramp,6,WALK,28,30.8,10.0833,10.6433,2.8
2.4,sideways_ramp,6,RUN,30.8,31.7,10.6433,11.05,0.9
2.4,sideways_ramp,7,TROT,0,2.3,1,2.12799,2.3
2.4,sideways_ramp,7,WALK,2.3,7,2.12799,2.99503,4.7
2.4,sideways_ramp,7,TROT,7,10.4,2.99503,4.81693,3.4
2.4,sideways_ramp,7,WALK,10.4,18.3,4.81693,6.33519,7.9
2.4,sideways_ramp,7,RUN,18.3,20.7,6.33519,7.44729,2.4
2.4,sideways_ramp,7,WALK,20.7,27.7,7.44729,8.81943,7
2.4,sideways_ramp,7,RUN,27.7,30.1,8.81943,9.95698,2.4
2.4,sideways_ramp,7,WALK,30.1,32.9,9.95698,10.5167,2.8
2.4,sideways_ramp,7,RUN,32.9,34.2,10.5167,11.1,1.3
2.4,sideways_ramp,8,TROT,0,2.3,1,2.215,2.3
2.4,sideways_ramp,8,WALK,2.3,6.1,2.215,2.95609,3.8
2.4,sideways_ramp,8,RUN,6.1,8.5,2.95609,4.04791,2.4
2.4,sideways_ramp,8,WALK,8.5,11.3,4.04791,4.57654,2.8
2.4,sideways_ramp,8,TROT,11.3,14.1,4.57654,6.05057,2.8
2.4,sideways_ramp,8,RUN,14.1,16.5,6.05057,7.19149,2.4
2.4,sideways_ramp,8,WALK,16.5,24.2,7.19149,8.71898,7.7
2.4,sideways_ramp,8,RUN,24.2,26.6,8.71898,9.82888,2.4
2.4,sideways_ramp,8,WALK,26.6,29.4,9.82888,10.3612,2.8
2.4,sideways_ramp,8,RUN,29.4,30.7,10.3612,10.95,1.3
2.4,sideways_ramp,9,TROT,0,2.3,1,2.21383,2.3
2.4,sideways_ramp,9,WALK,2.3,7,2.21383,3.12553,4.7
2.4,sideways_ramp,9,RUN,7,9.4,3.12553,4.22659,2.4
2.4,sideways_ramp,9,WALK,9.4,17.9,4.22659,5.91668,8.5
2.4,sideways_ramp,9,RUN,17.9,20.3,5.91668,7.03286,2.4
2.4,sideways_ramp,9,WALK,20.3,23.1,7.03286,7.58991,2.8
2.4,sideways_ramp,9,RUN,23.1,25.5,7.58991,8.72554,2.4
2.4,sideways_ramp,9,WALK,25.5,33.6,8.72554,10.2799,8.1
2.4,sideways_ramp,9,RUN,33.6,35.6,10.2799,11.15,2
2.4,stepping_stones_cylinder,0,TROT,0,2.3,1,2.19734,2.3
2.4,stepping_stones_cylinder,0,RUN,2.3,11.6,2.19734,6.45,9.3
2.4,stepping_stones_cylinder,1,TROT,0,2.3,1,2.19951,2.3
2.4,stepping_stones_cylinder,1,RUN,2.3,11.4,2.19951,6.35,9.1
2.4,stepping_stones_cylinder,2,TROT,0,2.3,1,2.19987,2.3
2.4,stepping_stones_cylinder,2,RUN,2.3,11,2.19987,6.15,8.7
2.4,stepping_stones_cylinder,3,TROT,0,2.3,1,2.20201,2.3
2.4,stepping_stones_cylinder,3,RUN,2.3,4.9,2.20201,3.35,2.6
2.4,stepping_stones_cylinder,3,WALK,4.9,11,3.35,4.55,6.1
2.4,stepping_stones_cylinder,3,RUN,11,13.8,4.55,5.85,2.8
2.4,stepping_stones_cylinder,4,TROT,0,2.3,1,2.2,2.3
2.4,stepping_stones_cylinder,4,WALK,2.3,16,2.2,4.91,13.7
2.4,stepping_stones_cylinder,4,RUN,16,17.9,4.91,5.8,1.9
2.4,stepping_stones_cylinder,5,TROT,0,2.3,1,2.20584,2.3
2.4,stepping_stones_cylinder,5,WALK,2.3,7.4,2.20584,3.22,5.1
2.4,stepping_stones_cylinder,5,RUN,7.4,9.8,3.22,4.342,2.4
2.4,stepping_stones_cylinder,5,WALK,9.8,16.4,4.342,5.64695,6.6
2.4,stepping_stones_cylinder,5,RUN,16.4,17.7,5.64695,6.25,1.3
2.4,stepping_stones_cylinder,6,TROT,0,2.3,1,2.20752,2.3
2.4,stepping_stones_cylinder,6,WALK,2.3,18.5,2.20752,5.40759,16.2
2.4,stepping_stones_cylinder,6,RUN,18.5,19.8,5.40759,6,1.3
2.4,stepping_stones_cylinder,7,TROT,0,2.3,1,2.20822,2.3
2.4,stepping_stones_cylinder,7,WALK,2.3,17.6,2.20822,5.20807,15.3
2.4,stepping_stones_cylinder,7,RUN,17.6,18.9,5.20807,5.8,1.3
2.4,stepping_stones_cylinder,8,TROT,0,2.3,1,2.20975,2.3
2.4,stepping_stones_cylinder,8,WALK,2.3,16.8,2.20975,5.04885,14.5
2.4,stepping_stones_cylinder,8,RUN,16.8,18.2,5.04885,5.7,1.4
2.4,stepping_stones_cylinder,9,TROT,0,2.3,1,2.2,2.3
2.4,stepping_stones_cylinder,9,WALK,2.3,17.3,2.2,5.15923,15
2.4,stepping_stones_cylinder,9,RUN,17.3,18.7,5.15923,5.8,1.4
2.4,stepping_stones_randomly_arranged,0,TROT,0,2.3,1,2.15969,2.3
2.4,stepping_stones_randomly_arranged,0,RUN,2.3,11.5,2.15969,6.4,9.2
2.4,stepping_stones_randomly_arranged,1,TROT,0,2.3,1,2.15893,2.3
2.4,stepping_stones_randomly_arranged,1,RUN,2.3,10.9,2.15893,6.1,8.6
2.4,stepping_stones_randomly_arranged,2,TROT,0,2.3,1,2.15921,2.3
2.4,stepping_stones_randomly_arranged,2,RUN,2.3,7.8,2.15921,4.68996,5.5
2.4,stepping_stones_randomly_arranged,2,WALK,7.8,10.6,4.68996,5.22549,2.8
2.4,stepping_stones_randomly_arranged,2,RUN,10.6,12.5,5.22549,6.1,1.9
2.4,stepping_stones_randomly_arranged,3,TROT,0,2.3,1,2.15914,2.3
2.4,stepping_stones_randomly_arranged,3,RUN,2.3,7.2,2.15914,4.41684,4.9
2.4,stepping_stones_randomly_arranged,3,WALK,7.2,10,4.41684,4.96968,2.8
2.4,stepping_stones_randomly_arranged,3,RUN,10,12.4,4.96968,6.1,2.4
2.4,stepping_stones_randomly_arranged,4,TROT,0,2.3,1,2.18363,2.3
2.4,stepping_stones_randomly_arranged,4,RUN,2.3,5.8,2.18363,3.76769,3.5
2.4,stepping_stones_randomly_arranged,4,WALK,5.8,8.6,3.76769,4.30446,2.8
2.4,stepping_stones_randomly_arranged,4,RUN,8.6,13,4.30446,6.25,4.4
2.4,stepping_stones_randomly_arranged,5,TROT,0,2.3,1,2.18437,2.3
2.4,stepping_stones_randomly_arranged,5,RUN,2.3,10.4,2.18437,5.9,8.1
2.4,stepping_stones_randomly_arranged,6,TROT,0,2.3,1,2.1841,2.3
2.4,stepping_stones_randomly_arranged,6,RUN,2.3,6.9,2.1841,4.32768,4.6
2.4,stepping_stones_randomly_arranged,6,WALK,6.9,9.7,4.32768,4.86998,2.8
2.4,stepping_stones_randomly_arranged,6,RUN,9.7,12,4.86998,5.9,2.3
2.4,stepping_stones_randomly_arranged,7,TROT,0,2.3,1,2.15841,2.3
2.4,stepping_stones_randomly_arranged,7,RUN,2.3,5.2,2.15841,3.51291,2.9
2.4,stepping_stones_randomly_arranged,7,WALK,5.2,9.1,3.51291,4.28498,3.9
2.4,stepping_stones_randomly_arranged,7,RUN,9.1,13,4.28498,6,3.9
2.4,stepping_stones_randomly_arranged,8,TROT,0,2.3,1,2.15851,2.3
2.4,stepping_stones_randomly_arranged,8,RUN,2.3,5.6,2.15851,3.70492,3.3
2.4,stepping_stones_randomly_arranged,8,WALK,5.6,12.2,3.70492,4.99689,6.6
2.4,stepping_stones_randomly_arranged,8,RUN,12.2,14.2,4.99689,5.9,2
2.4,stepping_stones_randomly_arranged,9,TROT,0,2.3,1,2.1837,2.3
2.4,stepping_stones_randomly_arranged,9,WALK,2.3,5.1,2.1837,2.71542,2.8
2.4,stepping_stones_randomly_arranged,9,RUN,5.1,7.5,2.71542,3.792,2.4
2.4,stepping_stones_randomly_arranged,9,WALK,7.5,10.3,3.792,4.32887,2.8
2.4,stepping_stones_randomly_arranged,9,RUN,10.3,13.2,4.32887,5.6,2.9
2.4,staircase_walking_full_width,0,TROT,0,2.3,1,2.22,2.3
2.4,staircase_walking_full_width,0,WALK,2.3,7,2.22,3.16,4.7
2.4,staircase_walking_full_width,0,RUN,7,9.4,3.16,4.30029,2.4
2.4,staircase_walking_full_width,0,WALK,9.4,17.5,4.30029,5.92029,8.1
2.4,staircase_walking_full_width,0,RUN,17.5,19.9,5.92029,7.03257,2.4
2.4,staircase_walking_full_width,0,WALK,19.9,28.2,7.03257,8.67286,8.3
2.4,staircase_walking_full_width,0,RUN,28.2,30.6,8.67286,9.82486,2.4
2.4,staircase_walking_full_width,0,WALK,30.6,38.6,9.82486,11.4171,8
2.4,staircase_walking_full_width,0,RUN,38.6,41,11.4171,12.5414,2.4
2.4,staircase_walking_full_width,0,WALK,41,49.1,12.5414,14.1457,8.1
2.4,staircase_walking_full_width,0,RUN,49.1,52.5,14.1457,15.75,3.4
2.4,staircase_walking_full_width,1,TROT,0,2.3,1,2.22,2.3
2.4,staircase_walking_full_width,1,WALK,2.3,7,2.22,3.16,4.7
2.4,staircase_walking_full_width,1,RUN,7,9.4,3.16,4.30029,2.4
2.4,staircase_walking_full_width,1,WALK,9.4,17.5,4.30029,5.92029,8.1
2.4,staircase_walking_full_width,1,RUN,17.5,19.9,5.92029,7.03257,2.4
2.4,staircase_walking_full_width,1,WALK,19.9,28.2,7.03257,8.67286,8.3
2.4,staircase_walking_full_width,1,RUN,28.2,30.6,8.67286,9.82486,2.4
2.4,staircase_walking_full_width,1,WALK,30.6,38.6,9.82486,11.4171,8
2.4,staircase_walking_full_width,1,RUN,38.6,41,11.4171,12.5414,2.4
2.4,staircase_walking_full_width,1,WALK,41,49.1,12.5414,14.1457,8.1
2.4,staircase_walking_full_width,1,RUN,49.1,52.5,14.1457,15.75,3.4
2.4,staircase_walking_full_width,2,TROT,0,2.4,1,2.275,2.4
2.4,staircase_walking_full_width,2,WALK,2.4,5.8,2.275,2.955,3.4
2.4,staircase_walking_full_width,2,RUN,5.8,8.2,2.955,4.09943,2.4
2.4,staircase_walking_full_width,2,WALK,8.2,13.3,4.09943,5.11943,5.1
2.4,staircase_walking_full_width,2,RUN,13.3,15.7,5.11943,6.24686,2.4
2.4,staircase_walking_full_width,2,WALK,15.7,21.1,6.24686,7.31429,5.4
2.4,staircase_walking_full_width,2,RUN,21.1,23.5,7.31429,8.42971,2.4
2.4,staircase_walking_full_width,2,WALK,23.5,29.2,8.42971,9.56971,5.7
2.4,staircase_walking_full_width,2,RUN,29.2,31.6,9.56971,10.7211,2.4
2.4,staircase_walking_full_width,2,WALK,31.6,36.6,10.7211,11.7086,5
2.4,staircase_walking_full_width,2,RUN,36.6,39.3,11.7086,13,2.7
2.4,staircase_walking_full_width,3,TROT,0,2.4,1,2.275,2.4
2.4,staircase_walking_full_width,3,WALK,2.4,5.8,2.275,2.955,3.4
2.4,staircase_walking_full_width,3,RUN,5.8,8.2,2.955,4.09943,2.4
2.4,staircase_walking_full_width,3,WALK,8.2,13.3,4.09943,5.11943,5.1
2.4,staircase_walking_full_width,3,RUN,13.3,15.7,5.11943,6.24686,2.4
2.4,staircase_walking_full_width,3,WALK,15.7,21.1,6.24686,7.31429,5.4
2.4,staircase_walking_full_width,3,RUN,21.1,23.5,7.31429,8.42971,2.4
2.4,staircase_walking_full_width,3,WALK,23.5,29.2,8.42971,9.56971,5.7
2.4,staircase_walking_full_width,3,RUN,29.2,31.6,9.56971,10.7211,2.4
2.4,staircase_walking_full_width,3,WALK,31.6,36.6,10.7211,11.7086,5
2.4,staircase_walking_full_width,3,RUN,36.6,39.3,11.7086,13,2.7
2.4,staircase_walking_full_width,4,TROT,0,2.3,1,2.22,2.3
2.4,staircase_walking_full_width,4,WALK,2.3,5.8,2.22,2.92,3.5
2.4,staircase_walking_full_width,4,RUN,5.8,8.2,2.92,4.05143,2.4
2.4,staircase_walking_full_width,4,WALK,8.2,13.5,4.05143,5.11143,5.3
2.4,staircase_walking_full_width,4,RUN,13.5,15.9,5.11143,6.24686,2.4
2.4,staircase_walking_full_width,4,WALK,15.9,21.3,6.24686,7.31429,5.4
2.4,staircase_walking_full_width,4,RUN,21.3,23.7,7.31429,8.42971,2.4
2.4,staircase_walking_full_width,4,WALK,23.7,29.4,8.42971,9.56971,5.7
2.4,staircase_walking_full_width,4,RUN,29.4,31.8,9.56971,10.7211,2.4
2.4,staircase_walking_full_width,4,WALK,31.8,36.8,10.7211,11.7086,5
2.4,staircase_walking_full_width,4,RUN,36.8,39.5,11.7086,13,2.7
2.4,staircase_walking_full_width,5,TROT,0,2.3,1,2.22,2.3
2.4,staircase_walking_full_width,5,WALK,2.3,5.8,2.22,2.92,3.5
2.4,staircase_walking_full_width,5,RUN,5.8,8.2,2.92,4.05143,2.4
2.4,staircase_walking_full_width,5,WALK,8.2,13.8,4.05143,5.16286,5.6
2.4,staircase_walking_full_width,5,RUN,13.8,16.2,5.16286,6.31486,2.4
2.4,staircase_walking_full_width,5,WALK,16.2,21.2,6.31486,7.31429,5
2.4,staircase_walking_full_width,5,RUN,21.2,23.6,7.31429,8.42971,2.4
2.4,staircase_walking_full_width,5,WALK,23.6,29.3,8.42971,9.56971,5.7
2.4,staircase_walking_full_width,5,RUN,29.3,31.7,9.56971,10.7211,2.4
2.4,staircase_walking_full_width,5,WALK,31.7,36.7,10.7211,11.7086,5
2.4,staircase_walking_full_width,5,RUN,36.7,39.4,11.7086,13,2.7
2.4,staircase_walking_full_width,6,TROT,0,2.3,1,2.22,2.3
2.4,staircase_walking_full_width,6,WALK,2.3,6,2.22,2.96,3.7
2.4,staircase_walking_full_width,6,RUN,6,8.4,2.96,4.09943,2.4
2.4,staircase_walking_full_width,6,WALK,8.4,13.5,4.09943,5.11943,5.1
2.4,staircase_walking_full_width,6,RUN,13.5,15.9,5.11943,6.24686,2.4
2.4,staircase_walking_full_width,6,WALK,15.9,21.6,6.24686,7.37429,5.7
2.4,staircase_walking_full_width,6,RUN,21.6,24,7.37429,8.52571,2.4
2.4,staircase_walking_full_width,6,WALK,24,28.9,8.52571,9.50571,4.9
2.4,staircase_walking_full_width,6,RUN,28.9,31.3,9.50571,10.6251,2.4
2.4,staircase_walking_full_width,6,WALK,31.3,36.7,10.6251,11.6886,5.4
2.4,staircase_walking_full_width,6,RUN,36.7,39.5,11.6886,13,2.8
2.4,staircase_walking_full_width,7,TROT,0,2.3,1,2.22,2.3
2.4,staircase_walking_full_width,7,WALK,2.3,5.8,2.22,2.92,3.5
2.4,staircase_walking_full_width,7,RUN,5.8,8.2,2.92,4.05143,2.4
2.4,staircase_walking_full_width,7,WALK,8.2,13.5,4.05143,5.11143,5.3
2.4,staircase_walking_full_width,7,RUN,13.5,15.9,5.11143,6.24686,2.4
2.4,staircase_walking_full_width,7,WALK,15.9,21.6,6.24686,7.37429,5.7
2.4,staircase_walking_full_width,7,RUN,21.6,24,7.37429,8.52571,2.4
2.4,staircase_walking_full_width,7,WALK,24,28.9,8.52571,9.50571,4.9
2.4,staircase_walking_full_width,7,RUN,28.9,31.3,9.50571,10.6251,2.4
2.4,staircase_walking_full_width,7,WALK,31.3,36.7,10.6251,11.6886,5.4
2.4,staircase_walking_full_width,7,RUN,36.7,39.5,11.6886,13,2.8
2.4,staircase_walking_full_width,8,TROT,0,2.3,1,2.22,2.3
2.4,staircase_walking_full_width,8,WALK,2.3,37.6,2.22,9.27143,35.3
2.4,staircase_walking_full_width,8,RUN,37.6,39.7,9.27143,10.25,2.1
2.4,staircase_walking_full_width,9,TROT,0,2.3,1,2.22,2.3
2.4,staircase_walking_full_width,9,WALK,2.3,37.6,2.22,9.27143,35.3
2.4,staircase_walking_full_width,9,RUN,37.6,39.7,9.27143,10.25,2.1
2.4,staircase_walking,0,TROT,0,6.3,1,4.245,6.3
2.4,staircase_walking,0,RUN,6.3,9.1,4.245,5.5,2.8
2.4,staircase_walking,1,TROT,0,2.3,1,2.215,2.3
2.4,staircase_walking,1,WALK,2.3,13.3,2.215,4.39,11
2.4,staircase_walking,1,RUN,13.3,15.7,4.39,5.5,2.4
2.4,staircase_walking,2,TROT,0,2.3,1,2.215,2.3
2.4,staircase_walking,2,WALK,2.3,13.3,2.215,4.39,11
2.4,staircase_walking,2,RUN,13.3,15.7,4.39,5.5,2.4
2.4,staircase_walking,3,TROT,0,2.3,1,2.215,2.3
2.4,staircase_walking,3,WALK,2.3,13.3,2.215,4.39,11
2.4,staircase_walking,3,RUN,13.3,15.7,4.39,5.5,2.4
2.4,staircase_walking,4,TROT,0,2.3,1,2.215,2.3
2.4,staircase_walking,4,WALK,2.3,12.3,2.215,4.165,10
2.4,staircase_walking,4,RUN,12.3,14.6,4.165,5.2,2.3
2.4,staircase_walking,5,TROT,0,2.3,1,2.215,2.3
2.4,staircase_walking,5,WALK,2.3,12.3,2.215,4.165,10
2.4,staircase_walking,5,RUN,12.3,14.6,4.165,5.2,2.3
2.4,staircase_walking,6,TROT,0,2.3,1,2.215,2.3
2.4,staircase_walking,6,WALK,2.3,12.3,2.215,4.165,10
2.4,staircase_walking,6,RUN,12.3,14.6,4.165,5.2,2.3
2.4,staircase_walking,7,TROT,0,2.3,1,2.215,2.3
2.4,staircase_walking,7,WALK,2.3,12.3,2.215,4.165,10
2.4,staircase_walking,7,RUN,12.3,14.6,4.165,5.2,2.3
2.4,staircase_walking,8,TROT,0,2.3,1,2.215,2.3
2.4,staircase_walking,8,WALK,2.3,12.3,2.215,4.165,10
2.4,staircase_walking,8,RUN,12.3,14.6,4.165,5.2,2.3
2.4,staircase_walking,9,TROT,0,2.3,1,2.215,2.3
2.4,staircase_walking,9,WALK,2.3,12.3,2.215,4.165,10
2.4,staircase_walking,9,RUN,12.3,14.6,4.165,5.2,2.3
2.4,staircase_climbing,0,TROT,0,2.3,1,2.215,2.3
2.4,staircase_climbing,0,RUN,2.3,6.1,2.215,4.021,3.8
2.4,staircase_climbing,0,WALK,6.1,10.1,4.021,4.815,4
2.4,staircase_climbing,0,RUN,10.1,12.5,4.815,5.961,2.4
2.4,staircase_climbing,0,WALK,12.5,15.3,5.961,6.521,2.8
2.4,staircase_climbing,0,RUN,15.3,17.7,6.521,7.651,2.4
2.4,staircase_climbing,0,WALK,17.7,25.3,7.651,9.165,7.6
2.4,staircase_climbing,0,RUN,25.3,29.6,9.165,11.2,4.3
2.4,staircase_climbing,1,TROT,0,2.3,1,2.215,2.3
2.4,staircase_climbing,1,RUN,2.3,6.1,2.215,4.021,3.8
2.4,staircase_climbing,1,WALK,6.1,10.1,4.021,4.815,4
2.4,staircase_climbing,1,RUN,10.1,12.5,4.815,5.961,2.4
2.4,staircase_climbing,1,WALK,12.5,15.3,5.961,6.521,2.8
2.4,staircase_climbing,1,RUN,15.3,17.7,6.521,7.651,2.4
2.4,staircase_climbing,1,WALK,17.7,25.3,7.651,9.165,7.6
2.4,staircase_climbing,1,RUN,25.3,29.6,9.165,11.2,4.3
2.4,staircase_climbing,2,TROT,0,2.3,1,2.215,2.3
2.4,staircase_climbing,2,RUN,2.3,6.1,2.215,4.021,3.8
2.4,staircase_climbing,2,WALK,6.1,10.1,4.021,4.815,4
2.4,staircase_climbing,2,RUN,10.1,12.5,4.815,5.961,2.4
2.4,staircase_climbing,2,WALK,12.5,15.3,5.961,6.521,2.8
2.4,staircase_climbing,2,RUN,15.3,17.7,6.521,7.651,2.4
2.4,staircase_climbing,2,WALK,17.7,25.3,7.651,9.165,7.6
2.4,staircase_climbing,2,RUN,25.3,29.6,9.165,11.2,4.3
2.4,staircase_climbing,3,TROT,0,2.3,1,2.215,2.3
2.4,staircase_climbing,3,RUN,2.3,6.1,2.215,4.021,3.8
2.4,staircase_climbing,3,WALK,6.1,10.1,4.021,4.815,4
2.4,staircase_climbing,3,RUN,10.1,12.5,4.815,5.961,2.4
2.4,staircase_climbing,3,WALK,12.5,15.3,5.961,6.521,2.8
2.4,staircase_climbing,3,RUN,15.3,17.7,6.521,7.651,2.4
2.4,staircase_climbing,3,WALK,17.7,25.3,7.651,9.165,7.6
2.4,staircase_climbing,3,RUN,25.3,29.6,9.165,11.2,4.3
2.4,staircase_climbing,4,TROT,0,2.3,1,2.215,2.3
2.4,staircase_climbing,4,RUN,2.3,6.1,2.215,4.021,3.8
2.4,staircase_climbing,4,WALK,6.1,10.1,4.021,4.815,4
2.4,staircase_climbing,4,RUN,10.1,12.5,4.815,5.961,2.4
2.4,staircase_climbing,4,WALK,12.5,15.3,5.961,6.521,2.8
2.4,staircase_climbing,4,RUN,15.3,17.7,6.521,7.651,2.4
2.4,staircase_climbing,4,WALK,17.7,25.3,7.651,9.165,7.6
2.4,staircase_climbing,4,RUN,25.3,29.6,9.165,11.2,4.3
2.4,staircase_climbing,5,TROT,0,2.3,1,2.215,2.3
2.4,staircase_climbing,5,RUN,2.3,5.9,2.215,3.9,3.6
2.4,staircase_climbing,5,WALK,5.9,10.1,3.9,4.72,4.2
2.4,staircase_climbing,5,RUN,10.1,12.5,4.72,5.836,2.4
2.4,staircase_climbing,5,WALK,12.5,15.3,5.836,6.396,2.8
2.4,staircase_climbing,5,RUN,15.3,18.9,6.396,8.1,3.6
2.4,staircase_climbing,5,WALK,18.9,23.1,8.1,8.92,4.2
2.4,staircase_climbing,5,RUN,23.1,27.3,8.92,10.9,4.2
2.4,staircase_climbing,6,TROT,0,2.3,1,2.215,2.3
2.4,staircase_climbing,6,RUN,2.3,5.9,2.215,3.9,3.6
2.4,staircase_climbing,6,WALK,5.9,10.1,3.9,4.72,4.2
2.4,staircase_climbing,6,RUN,10.1,12.5,4.72,5.836,2.4
2.4,staircase_climbing,6,WALK,12.5,15.3,5.836,6.396,2.8
2.4,staircase_climbing,6,RUN,15.3,18.9,6.396,8.1,3.6
2.4,staircase_climbing,6,WALK,18.9,23.1,8.1,8.92,4.2
2.4,staircase_climbing,6,RUN,23.1,27.3,8.92,10.9,4.2
2.4,staircase_climbing,7,TROT,0,2.3,1,2.215,2.3
2.4,staircase_climbing,7,RUN,2.3,5.9,2.215,3.9,3.6
2.4,staircase_climbing,7,WALK,5.9,10.1,3.9,4.72,4.2
2.4,staircase_climbing,7,RUN,10.1,12.5,4.72,5.836,2.4
2.4,staircase_climbing,7,WALK,12.5,15.3,5.836,6.396,2.8
2.4,staircase_climbing,7,RUN,15.3,18.9,6.396,8.1,3.6
2.4,staircase_climbing,7,WALK,18.9,23.1,8.1,8.92,4.2
2.4,staircase_climbing,7,RUN,23.1,27.3,8.92,10.9,4.2
2.4,staircase_climbing,8,TROT,0,2.3,1,2.215,2.3
2.4,staircase_climbing,8,RUN,2.3,5.9,2.215,3.9,3.6
2.4,staircase_climbing,8,WALK,5.9,10.1,3.9,4.72,4.2
2.4,staircase_climbing,8,RUN,10.1,12.5,4.72,5.836,2.4
2.4,staircase_climbing,8,WALK,12.5,15.3,5.836,6.396,2.8
2.4,staircase_climbing,8,RUN,15.3,18.9,6.396,8.1,3.6
2.4,staircase_climbing,8,WALK,18.9,23.1,8.1,8.92,4.2
2.4,staircase_climbing,8,RUN,23.1,27.3,8.92,10.9,4.2
2.4,staircase_climbing,9,TROT,0,2.3,1,2.215,2.3
2.4,staircase_climbing,9,RUN,2.3,5.9,2.215,3.9,3.6
2.4,staircase_climbing,9,WALK,5.9,10.1,3.9,4.72,4.2
2.4,staircase_climbing,9,RUN,10.1,12.5,4.72,5.836,2.4
2.4,staircase_climbing,9,WALK,12.5,15.3,5.836,6.396,2.8
2.4,staircase_climbing,9,RUN,15.3,18.9,6.396,8.1,3.6
2.4,staircase_climbing,9,WALK,18.9,23.1,8.1,8.92,4.2
2.4,staircase_climbing,9,RUN,23.1,27.3,8.92,10.9,4.2
2.4,staircase_spiral,0,TROT,0,2.3,1,2.25599,2.3
2.4,staircase_spiral,0,RUN,2.3,6.4,2.25599,4.16345,4.1
2.4,staircase_spiral,0,TROT,6.4,11,4.16345,6.49553,4.6
2.4,staircase_spiral,0,RUN,11,13.4,6.49553,6.88407,2.4
2.4,staircase_spiral,0,WALK,13.4,16.2,6.88407,6.53491,2.8
2.4,staircase_spiral,0,TROT,16.2,18.7,6.53491,5.38748,2.5
2.4,staircase_spiral,0,WALK,18.7,21.2,5.38748,5.08601,2.5
2.4,staircase_spiral,1,TROT,0,2.3,1,2.25613,2.3
2.4,staircase_spiral,1,RUN,2.3,6.3,2.25613,4.13677,4
2.4,staircase_spiral,1,TROT,6.3,10.5,4.13677,6.24777,4.2
2.4,staircase_spiral,1,RUN,10.5,12.9,6.24777,6.84332,2.4
2.4,staircase_spiral,1,WALK,12.9,21.1,6.84332,5.71095,8.2
2.4,staircase_spiral,1,RUN,21.1,23.1,5.71095,5.12155,2
2.4,staircase_spiral,2,TROT,0,2.3,1,2.25626,2.3
2.4,staircase_spiral,2,RUN,2.3,6.4,2.25626,4.20494,4.1
2.4,staircase_spiral,2,TROT,6.4,8.9,4.20494,5.52225,2.5
2.4,staircase_spiral,2,WALK,8.9,30.6,5.52225,5.15709,21.7
2.4,staircase_spiral,3,TROT,0,2.3,1,2.25639,2.3
2.4,staircase_spiral,3,RUN,2.3,6.4,2.25639,4.17785,4.1
2.4,staircase_spiral,3,WALK,6.4,34,4.17785,5.19264,27.6
2.4,staircase_spiral,4,TROT,0,2.3,1,2.25652,2.3
2.4,staircase_spiral,4,RUN,2.3,6.5,2.25652,4.24594,4.2
2.4,staircase_spiral,4,WALK,6.5,33.3,4.24594,5.22818,26.8
2.4,staircase_spiral,5,TROT,0,2.3,1,2.25664,2.3
2.4,staircase_spiral,5,RUN,2.3,6.5,2.25664,4.21847,4.2
2.4,staircase_spiral,5,WALK,6.5,32.3,4.21847,5.26373,25.8
2.4,staircase_spiral,6,TROT,0,2.3,1,2.25677,2.3
2.4,staircase_spiral,6,RUN,2.3,6.5,2.25677,4.23861,4.2
2.4,staircase_spiral,6,WALK,6.5,31.8,4.23861,5.29927,25.3
2.4,staircase_spiral,7,TROT,0,2.3,1,2.25689,2.3
2.4,staircase_spiral,7,RUN,2.3,6.5,2.25689,4.25865,4.2
2.4,staircase_spiral,7,WALK,6.5,30.6,4.25865,5.33481,24.1
2.4,staircase_spiral,8,TROT,0,2.3,1,2.257,2.3
2.4,staircase_spiral,8,RUN,2.3,6.5,2.257,4.23066,4.2
2.4,staircase_spiral,8,WALK,6.5,30.3,4.23066,5.37036,23.8
2.4,staircase_spiral,9,TROT,0,2.3,1,2.25712,2.3
2.4,staircase_spiral,9,RUN,2.3,6.4,2.25712,4.20251,4.1
2.4,staircase_spiral,9,TROT,6.4,8.8,4.20251,5.52127,2.4
2.4,staircase_spiral,9,WALK,8.8,25.1,5.52127,5.4059,16.3
2.4,squeeze,0,TROT,0,2.3,1,2.21019,2.3
2.4,squeeze,0,RUN,2.3,4.7,2.21019,3.34407,2.4
2.4,squeeze,0,WALK,4.7,7.5,3.34407,3.88071,2.8
2.4,squeeze,0,RUN,7.5,17.8,3.88071,8.65,10.3
2.4,squeeze,1,TROT,0,2.3,1,2.21029,2.3
2.4,squeeze,1,RUN,2.3,4.7,2.21029,3.34707,2.4
2.4,squeeze,1,WALK,4.7,7.5,3.34707,3.88947,2.8
2.4,squeeze,1,RUN,7.5,13.1,3.88947,6.47603,5.6
2.4,squeeze,1,WALK,13.1,15.9,6.47603,7.03567,2.8
2.4,squeeze,1,RUN,15.9,19.9,7.03567,8.9,4
2.4,squeeze,2,TROT,0,2.3,1,2.21319,2.3
2.4,squeeze,2,RUN,2.3,4.7,2.21319,3.35035,2.4
2.4,squeeze,2,WALK,4.7,7.5,3.35035,3.89793,2.8
2.4,squeeze,2,RUN,7.5,14.1,3.89793,6.94637,6.6
2.4,squeeze,2,WALK,14.1,16.9,6.94637,7.50399,2.8
2.4,squeeze,2,RUN,16.9,20.6,7.50399,9.25,3.7
2.4,squeeze,3,TROT,0,2.3,1,2.21168,2.3
2.4,squeeze,3,RUN,2.3,4.7,2.21168,3.36042,2.4
2.4,squeeze,3,WALK,4.7,7.5,3.36042,3.91755,2.8
2.4,squeeze,3,RUN,7.5,13.3,3.91755,6.64758,5.8
2.4,squeeze,3,WALK,13.3,16.1,6.64758,7.19387,2.8
2.4,squeeze,3,RUN,16.1,20.5,7.19387,9.25,4.4
2.4,squeeze,4,TROT,0,2.3,1,2.21451,2.3
2.4,squeeze,4,RUN,2.3,10.1,2.21451,5.89472,7.8
2.4,squeeze,4,WALK,10.1,12.9,5.89472,6.44186,2.8
2.4,squeeze,4,RUN,12.9,19.7,6.44186,9.65,6.8
2.4,squeeze,5,TROT,0,2.3,1,2.21156,2.3
2.4,squeeze,5,RUN,2.3,4.7,2.21156,3.35151,2.4
2.4,squeeze,5,WALK,4.7,13.8,3.35151,5.14312,9.1
2.4,squeeze,5,RUN,13.8,16.2,5.14312,6.24622,2.4
2.4,squeeze,5,WALK,16.2,19,6.24622,6.80069,2.8
2.4,squeeze,5,RUN,19,21.4,6.80069,7.93216,2.4
2.4,squeeze,5,WALK,21.4,24.3,7.93216,8.5039,2.9
2.4,squeeze,5,RUN,24.3,26.4,8.5039,9.5,2.1
2.4,squeeze,6,TROT,0,2.3,1,2.21496,2.3
2.4,squeeze,6,RUN,2.3,4.7,2.21496,3.36623,2.4
2.4,squeeze,6,WALK,4.7,31.9,3.36623,8.75286,27.2
2.4,squeeze,6,RUN,31.9,34,8.75286,9.75,2.1
2.4,squeeze,7,TROT,0,2.3,1,2.2147,2.3
2.4,squeeze,7,RUN,2.3,4.7,2.2147,3.34028,2.4
2.4,squeeze,7,WALK,4.7,15.1,3.34028,5.38181,10.4
2.4,squeeze,7,RUN,15.1,17.5,5.38181,6.47771,2.4
2.4,squeeze,7,WALK,17.5,20.3,6.47771,7.03322,2.8
2.4,squeeze,7,RUN,20.3,22.7,7.03322,8.17009,2.4
2.4,squeeze,7,WALK,22.7,25.5,8.17009,8.71478,2.8
2.4,squeeze,7,RUN,25.5,28,8.71478,9.9,2.5
2.4,squeeze,8,TROT,0,2.3,1,2.21318,2.3
2.4,squeeze,8,WALK,2.3,39,2.21318,9.45683,36.7
2.4,squeeze,8,RUN,39,41.1,9.45683,10.45,2.1
2.4,squeeze,9,TROT,0,2.3,1,2.21491,2.3
2.4,squeeze,9,RUN,2.3,4.7,2.21491,3.35061,2.4
2.4,squeeze,9,WALK,4.7,34.1,3.35061,9.20149,29.4
2.4,squeeze,9,RUN,34.1,36.2,9.20149,10.2,2.1
2.4,agility_poles,0,TROT,0,2.3,1,2.17273,2.3
2.4,agility_poles,0,RUN,2.3,41.1,2.17273,17.4193,38.8
2.4,agility_poles,0,WALK,41.1,45.8,17.4193,18.3,4.7
2.4,agility_poles,1,TROT,0,2.3,1,2.16771,2.3
2.4,agility_poles,1,RUN,2.3,20.1,2.16771,8.9597,17.8
2.4,agility_poles,1,WALK,20.1,22.9,8.9597,9.38908,2.8
2.4,agility_poles,1,RUN,22.9,33.5,9.38908,13.2597,10.6
2.4,agility_poles,1,WALK,33.5,36.3,13.2597,13.6891,2.8
2.4,agility_poles,1,RUN,36.3,44.7,13.6891,17.25,8.4
2.4,agility_poles,2,TROT,0,2.3,1,2.16386,2.3
2.4,agility_poles,2,RUN,2.3,19.5,2.16386,8.64352,17.2
2.4,agility_poles,2,WALK,19.5,22.3,8.64352,9.06433,2.8
2.4,agility_poles,2,RUN,22.3,32.6,9.06433,12.7435,10.3
2.4,agility_poles,2,WALK,32.6,35.4,12.7435,13.1643,2.8
2.4,agility_poles,2,RUN,35.4,43.5,13.1643,16.55,8.1
2.4,agility_poles,3,TROT,0,2.3,1,2.15719,2.3
2.4,agility_poles,3,RUN,2.3,13.3,2.15719,6.26661,11
2.4,agility_poles,3,WALK,13.3,16.1,6.26661,6.67314,2.8
2.4,agility_poles,3,RUN,16.1,20.2,6.67314,8.09691,4.1
2.4,agility_poles,3,WALK,20.2,23,8.09691,8.50345,2.8
2.4,agility_poles,3,RUN,23,27.5,8.50345,10.0666,4.5
2.4,agility_poles,3,WALK,27.5,30.3,10.0666,10.4731,2.8
2.4,agility_poles,3,RUN,30.3,34.4,10.4731,11.8969,4.1
2.4,agility_poles,3,WALK,34.4,37.2,11.8969,12.3034,2.8
2.4,agility_poles,3,RUN,37.2,41.7,12.3034,14.0888,4.5
2.4,agility_poles,3,WALK,41.7,44.5,14.0888,14.6131,2.8
2.4,agility_poles,3,RUN,44.5,46.5,14.6131,15.5,2
2.4,agility_poles,4,TROT,0,2.3,1,2.15804,2.3
2.4,agility_poles,4,RUN,2.3,18,2.15804,7.86773,15.7
2.4,agility_poles,4,WALK,18,20.8,7.86773,8.27485,2.8
2.4,agility_poles,4,RUN,20.8,30,8.27485,11.4677,9.2
2.4,agility_poles,4,WALK,30,32.8,11.4677,11.8749,2.8
2.4,agility_poles,4,RUN,32.8,39.8,11.8749,14.8,7
2.4,agility_poles,5,TROT,0,2.3,1,2.1497,2.3
2.4,agility_poles,5,RUN,2.3,12.3,2.1497,5.73548,10
2.4,agility_poles,5,WALK,12.3,15.1,5.73548,6.1255,2.8
2.4,agility_poles,5,RUN,15.1,18.7,6.1255,7.31862,3.6
2.4,agility_poles,5,WALK,18.7,21.5,7.31862,7.70864,2.8
2.4,agility_poles,5,RUN,21.5,25.5,7.70864,9.03548,4
2.4,agility_poles,5,WALK,25.5,28.3,9.03548,9.4255,2.8
2.4,agility_poles,5,RUN,28.3,31.9,9.4255,10.6186,3.6
2.4,agility_poles,5,WALK,31.9,34.7,10.6186,11.0086,2.8
2.4,agility_poles,5,RUN,34.7,38.7,11.0086,12.582,4
2.4,agility_poles,5,WALK,38.7,41.5,12.582,13.1028,2.8
2.4,agility_poles,5,RUN,41.5,43,13.1028,13.75,1.5
2.4,agility_poles,6,TROT,0,2.3,1,2.14315,2.3
2.4,agility_poles,6,RUN,2.3,11.8,2.14315,5.47914,9.5
2.4,agility_poles,6,WALK,11.8,14.6,5.47914,5.85645,2.8
2.4,agility_poles,6,RUN,14.6,18.1,5.85645,6.96446,3.5
2.4,agility_poles,6,WALK,18.1,20.9,6.96446,7.34177,2.8
2.4,agility_poles,6,RUN,20.9,24.7,7.34177,8.5468,3.8
2.4,agility_poles,6,WALK,24.7,27.5,8.5468,8.92411,2.8
2.4,agility_poles,6,RUN,27.5,31.1,8.92411,10.0645,3.6
2.4,agility_poles,6,WALK,31.1,33.9,10.0645,10.4418,2.8
2.4,agility_poles,6,RUN,33.9,37.7,10.4418,11.8868,3.8
2.4,agility_poles,6,WALK,37.7,40.5,11.8868,12.4041,2.8
2.4,agility_poles,6,RUN,40.5,42,12.4041,13.05,1.5
2.4,agility_poles,7,TROT,0,2.3,1,2.13143,2.3
2.4,agility_poles,7,WALK,2.3,5.1,2.13143,2.62597,2.8
2.4,agility_poles,7,RUN,5.1,12.9,2.62597,5.11028,7.8
2.4,agility_poles,7,WALK,12.9,15.7,5.11028,5.46628,2.8
2.4,agility_poles,7,RUN,15.7,19,5.46628,6.44925,3.3
2.4,agility_poles,7,WALK,19,21.8,6.44925,6.80525,2.8
2.4,agility_poles,7,RUN,21.8,25.4,6.80525,7.87977,3.6
2.4,agility_poles,7,WALK,25.4,28.2,7.87977,8.23576,2.8
2.4,agility_poles,7,RUN,28.2,31.6,8.23576,9.24925,3.4
2.4,agility_poles,7,WALK,31.6,34.4,9.24925,9.60525,2.8
2.4,agility_poles,7,RUN,34.4,38,9.60525,10.9325,3.6
2.4,agility_poles,7,WALK,38,40.8,10.9325,11.4437,2.8
2.4,agility_poles,7,RUN,40.8,42.1,11.4437,12,1.3
2.4,agility_poles,8,TROT,0,2.3,1,2.12207,2.3
2.4,agility_poles,8,WALK,2.3,5.1,2.12207,2.60928,2.8
2.4,agility_poles,8,RUN,5.1,12.4,2.60928,4.82484,7.3
2.4,agility_poles,8,WALK,12.4,15.2,4.82484,5.16501,2.8
2.4,agility_poles,8,RUN,15.2,18.4,5.16501,6.09568,3.2
2.4,agility_poles,8,WALK,18.4,21.2,6.09568,6.43585,2.8
2.4,agility_poles,8,RUN,21.2,24.7,6.43585,7.45399,3.5
2.4,agility_poles,8,WALK,24.7,27.5,7.45399,7.79417,2.8
2.4,agility_poles,8,RUN,27.5,30.6,7.79417,8.69568,3.1
2.4,agility_poles,8,WALK,30.6,33.4,8.69568,9.03585,2.8
2.4,agility_poles,8,RUN,33.4,36.9,9.03585,10.3247,3.5
2.4,agility_poles,8,WALK,36.9,39.7,10.3247,10.8311,2.8
2.4,agility_poles,8,RUN,39.7,40.8,10.8311,11.3,1.1
2.4,agility_poles,9,TROT,0,2.3,1,2.10506,2.3
2.4,agility_poles,9,WALK,2.3,5.1,2.10506,2.57895,2.8
2.4,agility_poles,9,RUN,5.1,11.8,2.57895,4.45721,6.7
2.4,agility_poles,9,WALK,11.8,14.6,4.45721,4.77099,2.8
2.4,agility_poles,9,RUN,14.6,17.6,4.77099,5.55342,3
2.4,agility_poles,9,WALK,17.6,20.4,5.55342,5.8672,2.8
2.4,agility_poles,9,RUN,20.4,23.8,5.8672,6.75721,3.4
2.4,agility_poles,9,WALK,23.8,26.6,6.75721,7.07099,2.8
2.4,agility_poles,9,RUN,26.6,29.6,7.07099,7.85342,3
2.4,agility_poles,9,WALK,29.6,32.4,7.85342,8.1672,2.8
2.4,agility_poles,9,RUN,32.4,35.8,8.1672,9.3254,3.4
2.4,agility_poles,9,WALK,35.8,38.6,9.3254,9.82323,2.8
2.4,agility_poles,9,RUN,38.6,39.7,9.82323,10.25,1.1
2.4,balance_beam,0,TROT,0,2.3,1,2.215,2.3
2.4,balance_beam,0,RUN,2.3,19.1,2.215,10,16.8
2.4,balance_beam,1,TROT,0,2.3,1,2.215,2.3
2.4,balance_beam,1,RUN,2.3,20.3,2.215,10.6,18
2.4,balance_beam,2,TROT,0,2.3,1,2.215,2.3
2.4,balance_beam,2,RUN,2.3,20.9,2.215,10.9,18.6
2.4,balance_beam,3,TROT,0,2.3,1,2.215,2.3
2.4,balance_beam,3,RUN,2.3,22.2,2.215,11.5,19.9
2.4,balance_beam,4,TROT,0,2.3,1,2.215,2.3
2.4,balance_beam,4,RUN,2.3,23.4,2.215,12.1,21.1
2.4,balance_beam,5,TROT,0,2.3,1,2.215,2.3
2.4,balance_beam,5,RUN,2.3,23.9,2.215,12.4,21.6
2.4,balance_beam,6,TROT,0,2.3,1,2.215,2.3
2.4,balance_beam,6,RUN,2.3,25.1,2.215,13,22.8
2.4,balance_beam,7,TROT,0,2.3,1,2.215,2.3
2.4,balance_beam,7,RUN,2.3,26.3,2.215,13.6,24
2.4,balance_beam,8,TROT,0,2.3,1,2.215,2.3
2.4,balance_beam,8,RUN,2.3,27,2.215,13.9,24.7
2.4,balance_beam,9,TROT,0,2.3,1,2.215,2.3
2.4,balance_beam,9,WALK,2.3,61.4,2.215,13.92,59.1
2.4,balance_beam,9,RUN,61.4,62.7,13.92,14.5,1.3
