argv,entry_frame,family,fell,final_dist_m,foot_comp,grid_cols,grid_rows,level_m,n_probes,param,probe,reached,rep,run_utc,skill,steps,swing_lift_mm,swing_lift_sym,t_reached_s
--headless --device cpu --reps 5 --foot-comp on --heading heading-only --params skill.STEP_WALK_MAX skill.STEP_TROT_MAX --swing-lift 0 --results-csv outputs/swing_lift_sym_steps.csv,0,step_up,1,19.735909108239756,on,6,5,0.02,30,skill.STEP_WALK_MAX,step_up_0p02,1,0,2026-08-30T15:18:48Z,WALK,2140,0.0,1,16.92
--headless --device cpu --reps 5 --foot-comp on --heading heading-only --params skill.STEP_WALK_MAX skill.STEP_TROT_MAX --swing-lift 0 --results-csv outputs/swing_lift_sym_steps.csv,0,step_up,1,1.281654013268112,on,6,5,0.04,30,skill.STEP_WALK_MAX,step_up_0p04,0,0,2026-08-30T15:18:48Z,WALK,2140,0.0,1,nan
--headless --device cpu --reps 5 --foot-comp on --heading heading-only --params skill.STEP_WALK_MAX skill.STEP_TROT_MAX --swing-lift 0 --results-csv outputs/swing_lift_sym_steps.csv,0,step_up,1,1.657204991597118,on,6,5,0.06,30,skill.STEP_WALK_MAX,step_up_0p06,0,0,2026-08-30T15:18:48Z,WALK,2140,0.0,1,nan
--headless --device cpu --reps 5 --foot-comp on --heading heading-only --params skill.STEP_WALK_MAX skill.STEP_TROT_MAX --swing-lift 0 --results-csv outputs/swing_lift_sym_steps.csv,0,step_up,1,1.8179232770840317,on,6,5,0.08,30,skill.STEP_WALK_MAX,step_up_0p08,0,0,2026-08-30T15:18:48Z,WALK,2140,0.0,1,nan
--headless --device cpu --reps 5 --foot-comp on --heading heading-only --params skill.STEP_WALK_MAX skill.STEP_TROT_MAX --swing-lift 0 --results-csv outputs/swing_lift_sym_steps.csv,0,step_up,1,1.5845866779323845,on,6,5,0.1,30,skill.STEP_WALK_MAX,step_up_0p10,0,0,2026-08-30T15:18:48Z,WALK,2140,0.0,1,nan
--headless --device cpu --reps 5 --foot-comp on --heading heading-only --params skill.STEP_WALK_MAX skill.STEP_TROT_MAX --swing-lift 0 --results-csv outputs/swing_lift_sym_steps.csv,0,step_up,1,1.7520409644000552,on,6,5,0.12,30,skill.STEP_WALK_MAX,step_up_0p12,0,0,2026-08-30T15:18:48Z,WALK,2140,0.0,1,nan
--headless --device cpu --reps 5 --foot-comp on --heading heading-only --params skill.STEP_WALK_MAX skill.STEP_TROT_MAX --swing-lift 0 --results-csv outputs/swing_lift_sym_steps.csv,0,step_up,1,1.7994400690394259,on,6,5,0.14,30,skill.STEP_WALK_MAX,step_up_0p14,0,0,2026-08-30T15:18:48Z,WALK,2140,0.0,1,nan
--headless --device cpu --reps 5 --foot-comp on --heading heading-only --params skill.STEP_WALK_MAX skill.STEP_TROT_MAX --swing-lift 0 --results-csv outputs/swing_lift_sym_steps.csv,0,step_up,1,1.7299149021039282,on,6,5,0.16,30,skill.STEP_WALK_MAX,step_up_0p16,0,0,2026-08-30T15:18:48Z,WALK,2140,0.0,1,nan
--headless --device cpu --reps 5 --foot-comp on --heading heading-only --params skill.STEP_WALK_MAX skill.STEP_TROT_MAX --swing-lift 0 --results-csv outputs/swing_lift_sym_steps.csv,0,step_up,1,1.8116533086077562,on,6,5,0.18,30,skill.STEP_WALK_MAX,step_up_0p18,0,0,2026-08-30T15:18:48Z,WALK,2140,0.0,1,nan
--headless --device cpu --reps 5 --foot-comp on --heading heading-only --params skill.STEP_WALK_MAX skill.STEP_TROT_MAX --swing-lift 0 --results-csv outputs/swing_lift_sym_steps.csv,0,step_up,1,1.7080427516418437,on,6,5,0.2,30,skill.STEP_WALK_MAX,step_up_0p20,0,0,2026-08-30T15:18:48Z,WALK,2140,0.0,1,nan
--headless --device cpu --reps 5 --foot-comp on --heading heading-only --params skill.STEP_WALK_MAX skill.STEP_TROT_MAX --swing-lift 0 --results-csv outputs/swing_lift_sym_steps.csv,0,step_up,1,1.8216508839432723,on,6,5,0.22,30,skill.STEP_WALK_MAX,step_up_0p22,0,0,2026-08-30T15:18:48Z,WALK,2140,0.0,1,nan
--headless --device cpu --reps 5 --foot-comp on --heading heading-only --params skill.STEP_WALK_MAX skill.STEP_TROT_MAX --swing-lift 0 --results-csv outputs/swing_lift_sym_steps.csv,0,step_up,1,1.8846288787335672,on,6,5,0.24,30,skill.STEP_WALK_MAX,step_up_0p24,0,0,2026-08-30T15:18:48Z,WALK,2140,0.0,1,nan
--headless --device cpu --reps 5 --foot-comp on --heading heading-only --params skill.STEP_WALK_MAX skill.STEP_TROT_MAX --swing-lift 0 --results-csv outputs/swing_lift_sym_steps.csv,0,step_up,0,2.4320892497424422,on,6,5,0.26,30,skill.STEP_WALK_MAX,step_up_0p26,0,0,2026-08-30T15:18:48Z,WALK,2140,0.0,1,nan
--headless --device cpu --reps 5 --foot-comp on --heading heading-only --params skill.STEP_WALK_MAX skill.STEP_TROT_MAX --swing-lift 0 --results-csv outputs/swing_lift_sym_steps.csv,0,step_up,0,1.3535548501615327,on,6,5,0.28,30,skill.STEP_WALK_MAX,step_up_0p28,0,0,2026-08-30T15:18:48Z,WALK,2140,0.0,1,nan
--headless --device cpu --reps 5 --foot-comp on --heading heading-only --params skill.STEP_WALK_MAX skill.STEP_TROT_MAX --swing-lift 0 --results-csv outputs/swing_lift_sym_steps.csv,0,step_up,0,1.5797849456960789,on,6,5,0.3,30,skill.STEP_WALK_MAX,step_up_0p30,0,0,2026-08-30T15:18:48Z,WALK,2140,0.0,1,nan
--headless --device cpu --reps 5 --foot-comp on --heading heading-only --params skill.STEP_WALK_MAX skill.STEP_TROT_MAX --swing-lift 0 --results-csv outputs/swing_lift_sym_steps.csv,0,step_up,1,1.5668872822345132,on,6,5,0.02,30,skill.STEP_TROT_MAX,step_up_0p02,0,0,2026-08-30T15:18:48Z,TROT,2140,0.0,1,nan
--headless --device cpu --reps 5 --foot-comp on --heading heading-only --params skill.STEP_WALK_MAX skill.STEP_TROT_MAX --swing-lift 0 --results-csv outputs/swing_lift_sym_steps.csv,0,step_up,0,1.3704787058044081,on,6,5,0.04,30,skill.STEP_TROT_MAX,step_up_0p04,0,0,2026-08-30T15:18:48Z,TROT,2140,0.0,1,nan
--headless --device cpu --reps 5 --foot-comp on --heading heading-only --params skill.STEP_WALK_MAX skill.STEP_TROT_MAX --swing-lift 0 --results-csv outputs/swing_lift_sym_steps.csv,0,step_up,0,1.6960536442790857,on,6,5,0.06,30,skill.STEP_TROT_MAX,step_up_0p06,0,0,2026-08-30T15:18:48Z,TROT,2140,0.0,1,nan
--headless --device cpu --reps 5 --foot-comp on --heading heading-only --params skill.STEP_WALK_MAX skill.STEP_TROT_MAX --swing-lift 0 --results-csv outputs/swing_lift_sym_steps.csv,0,step_up,0,1.94444004989879,on,6,5,0.08,30,skill.STEP_TROT_MAX,step_up_0p08,0,0,2026-08-30T15:18:48Z,TROT,2140,0.0,1,nan
--headless --device cpu --reps 5 --foot-comp on --heading heading-only --params skill.STEP_WALK_MAX skill.STEP_TROT_MAX --swing-lift 0 --results-csv outputs/swing_lift_sym_steps.csv,0,step_up,1,1.981292153071962,on,6,5,0.1,30,skill.STEP_TROT_MAX,step_up_0p10,0,0,2026-08-30T15:18:48Z,TROT,2140,0.0,1,nan
--headless --device cpu --reps 5 --foot-comp on --heading heading-only --params skill.STEP_WALK_MAX skill.STEP_TROT_MAX --swing-lift 0 --results-csv outputs/swing_lift_sym_steps.csv,0,step_up,0,2.219546715250928,on,6,5,0.12,30,skill.STEP_TROT_MAX,step_up_0p12,0,0,2026-08-30T15:18:48Z,TROT,2140,0.0,1,nan
--headless --device cpu --reps 5 --foot-comp on --heading heading-only --params skill.STEP_WALK_MAX skill.STEP_TROT_MAX --swing-lift 0 --results-csv outputs/swing_lift_sym_steps.csv,0,step_up,1,1.9696353408554226,on,6,5,0.14,30,skill.STEP_TROT_MAX,step_up_0p14,0,0,2026-08-30T15:18:48Z,TROT,2140,0.0,1,nan
--headless --device cpu --reps 5 --foot-comp on --heading heading-only --params skill.STEP_WALK_MAX skill.STEP_TROT_MAX --swing-lift 0 --results-csv outputs/swing_lift_sym_steps.csv,0,step_up,1,1.9074072755215616,on,6,5,0.16,30,skill.STEP_TROT_MAX,step_up_0p16,0,0,2026-08-30T15:18:48Z,TROT,2140,0.0,1,nan
--headless --device cpu --reps 5 --foot-comp on --heading heading-only --params skill.STEP_WALK_MAX skill.STEP_TROT_MAX --swing-lift 0 --results-csv outputs/swing_lift_sym_steps.csv,0,step_up,1,1.6670719172419346,on,6,5,0.18,30,skill.STEP_TROT_MAX,step_up_0p18,0,0,2026-08-30T15:18:48Z,TROT,2140,0.0,1,nan
--headless --device cpu --reps 5 --foot-comp on --heading heading-only --params skill.STEP_WALK_MAX skill.STEP_TROT_MAX --swing-lift 0 --results-csv outputs/swing_lift_sym_steps.csv,0,step_up,1,1.9461498834279167,on,6,5,0.2,30,skill.STEP_TROT_MAX,step_up_0p20,0,0,2026-08-30T15:18:48Z,TROT,2140,0.0,1,nan
--headless --device cpu --reps 5 --foot-comp on --heading heading-only --params skill.STEP_WALK_MAX skill.STEP_TROT_MAX --swing-lift 0 --results-csv outputs/swing_lift_sym_steps.csv,0,step_up,1,1.4071667673906,on,6,5,0.22,30,skill.STEP_TROT_MAX,step_up_0p22,0,0,2026-08-30T15:18:48Z,TROT,2140,0.0,1,nan
--headless --device cpu --reps 5 --foot-comp on --heading heading-only --params skill.STEP_WALK_MAX skill.STEP_TROT_MAX --swing-lift 0 --results-csv outputs/swing_lift_sym_steps.csv,0,step_up,1,2.0853786307687514,on,6,5,0.24,30,skill.STEP_TROT_MAX,step_up_0p24,0,0,2026-08-30T15:18:48Z,TROT,2140,0.0,1,nan
--headless --device cpu --reps 5 --foot-comp on --heading heading-only --params skill.STEP_WALK_MAX skill.STEP_TROT_MAX --swing-lift 0 --results-csv outputs/swing_lift_sym_steps.csv,0,step_up,1,1.9821142508724399,on,6,5,0.26,30,skill.STEP_TROT_MAX,step_up_0p26,0,0,2026-08-30T15:18:48Z,TROT,2140,0.0,1,nan
--headless --device cpu --reps 5 --foot-comp on --heading heading-only --params skill.STEP_WALK_MAX skill.STEP_TROT_MAX --swing-lift 0 --results-csv outputs/swing_lift_sym_steps.csv,0,step_up,1,2.1765042239276604,on,6,5,0.28,30,skill.STEP_TROT_MAX,step_up_0p28,0,0,2026-08-30T15:18:48Z,TROT,2140,0.0,1,nan
--headless --device cpu --reps 5 --foot-comp on --heading heading-only --params skill.STEP_WALK_MAX skill.STEP_TROT_MAX --swing-lift 0 --results-csv outputs/swing_lift_sym_steps.csv,0,step_up,1,1.3201284189710945,on,6,5,0.3,30,skill.STEP_TROT_MAX,step_up_0p30,0,0,2026-08-30T15:18:48Z,TROT,2140,0.0,1,nan
--headless --device cpu --reps 5 --foot-comp on --heading heading-only --params skill.STEP_WALK_MAX skill.STEP_TROT_MAX --swing-lift 0 --results-csv outputs/swing_lift_sym_steps.csv,7,step_up,1,12.896476199470323,on,6,5,0.02,30,skill.STEP_WALK_MAX,step_up_0p02,1,1,2026-08-30T15:18:48Z,WALK,2140,0.0,1,17.16
--headless --device cpu --reps 5 --foot-comp on --heading heading-only --params skill.STEP_WALK_MAX skill.STEP_TROT_MAX --swing-lift 0 --results-csv outputs/swing_lift_sym_steps.csv,7,step_up,1,1.2121610007376153,on,6,5,0.04,30,skill.STEP_WALK_MAX,step_up_0p04,0,1,2026-08-30T15:18:48Z,WALK,2140,0.0,1,nan
--headless --device cpu --reps 5 --foot-comp on --heading heading-only --params skill.STEP_WALK_MAX skill.STEP_TROT_MAX --swing-lift 0 --results-csv outputs/swing_lift_sym_steps.csv,7,step_up,1,1.4946742894808545,on,6,5,0.06,30,skill.STEP_WALK_MAX,step_up_0p06,0,1,2026-08-30T15:18:48Z,WALK,2140,0.0,1,nan
--headless --device cpu --reps 5 --foot-comp on --heading heading-only --params skill.STEP_WALK_MAX skill.STEP_TROT_MAX --swing-lift 0 --results-csv outputs/swing_lift_sym_steps.csv,7,step_up,1,1.7152329988560466,on,6,5,0.08,30,skill.STEP_WALK_MAX,step_up_0p08,0,1,2026-08-30T15:18:48Z,WALK,2140,0.0,1,nan
--headless --device cpu --reps 5 --foot-comp on --heading heading-only --params skill.STEP_WALK_MAX skill.STEP_TROT_MAX --swing-lift 0 --results-csv outputs/swing_lift_sym_steps.csv,7,step_up,1,1.647218639635942,on,6,5,0.1,30,skill.STEP_WALK_MAX,step_up_0p10,0,1,2026-08-30T15:18:48Z,WALK,2140,0.0,1,nan
--headless --device cpu --reps 5 --foot-comp on --heading heading-only --params skill.STEP_WALK_MAX skill.STEP_TROT_MAX --swing-lift 0 --results-csv outputs/swing_lift_sym_steps.csv,7,step_up,1,1.7576186858185527,on,6,5,0.12,30,skill.STEP_WALK_MAX,step_up_0p12,0,1,2026-08-30T15:18:48Z,WALK,2140,0.0,1,nan
--headless --device cpu --reps 5 --foot-comp on --heading heading-only --params skill.STEP_WALK_MAX skill.STEP_TROT_MAX --swing-lift 0 --results-csv outputs/swing_lift_sym_steps.csv,7,step_up,1,1.8149911221982518,on,6,5,0.14,30,skill.STEP_WALK_MAX,step_up_0p14,0,1,2026-08-30T15:18:48Z,WALK,2140,0.0,1,nan
--headless --device cpu --reps 5 --foot-comp on --heading heading-only --params skill.STEP_WALK_MAX skill.STEP_TROT_MAX --swing-lift 0 --results-csv outputs/swing_lift_sym_steps.csv,7,step_up,1,1.7548955192114102,on,6,5,0.16,30,skill.STEP_WALK_MAX,step_up_0p16,0,1,2026-08-30T15:18:48Z,WALK,2140,0.0,1,nan
--headless --device cpu --reps 5 --foot-comp on --heading heading-only --params skill.STEP_WALK_MAX skill.STEP_TROT_MAX --swing-lift 0 --results-csv outputs/swing_lift_sym_steps.csv,7,step_up,1,1.8229220893877378,on,6,5,0.18,30,skill.STEP_WALK_MAX,step_up_0p18,0,1,2026-08-30T15:18:48Z,WALK,2140,0.0,1,nan
--headless --device cpu --reps 5 --foot-comp on --heading heading-only --params skill.STEP_WALK_MAX skill.STEP_TROT_MAX --swing-lift 0 --results-csv outputs/swing_lift_sym_steps.csv,7,step_up,1,1.8109499832392448,on,6,5,0.2,30,skill.STEP_WALK_MAX,step_up_0p20,0,1,2026-08-30T15:18:48Z,WALK,2140,0.0,1,nan
--headless --device cpu --reps 5 --foot-comp on --heading heading-only --params skill.STEP_WALK_MAX skill.STEP_TROT_MAX --swing-lift 0 --results-csv outputs/swing_lift_sym_steps.csv,7,step_up,1,1.765658831630635,on,6,5,0.22,30,skill.STEP_WALK_MAX,step_up_0p22,0,1,2026-08-30T15:18:48Z,WALK,2140,0.0,1,nan
--headless --device cpu --reps 5 --foot-comp on --heading heading-only --params skill.STEP_WALK_MAX skill.STEP_TROT_MAX --swing-lift 0 --results-csv outputs/swing_lift_sym_steps.csv,7,step_up,0,1.2642642867067544,on,6,5,0.24,30,skill.STEP_WALK_MAX,step_up_0p24,0,1,2026-08-30T15:18:48Z,WALK,2140,0.0,1,nan
--headless --device cpu --reps 5 --foot-comp on --heading heading-only --params skill.STEP_WALK_MAX skill.STEP_TROT_MAX --swing-lift 0 --results-csv outputs/swing_lift_sym_steps.csv,7,step_up,1,2.0309786725359444,on,6,5,0.26,30,skill.STEP_WALK_MAX,step_up_0p26,0,1,2026-08-30T15:18:48Z,WALK,2140,0.0,1,nan
--headless --device cpu --reps 5 --foot-comp on --heading heading-only --params skill.STEP_WALK_MAX skill.STEP_TROT_MAX --swing-lift 0 --results-csv outputs/swing_lift_sym_steps.csv,7,step_up,1,2.0529141261652257,on,6,5,0.28,30,skill.STEP_WALK_MAX,step_up_0p28,0,1,2026-08-30T15:18:48Z,WALK,2140,0.0,1,nan
--headless --device cpu --reps 5 --foot-comp on --heading heading-only --params skill.STEP_WALK_MAX skill.STEP_TROT_MAX --swing-lift 0 --results-csv outputs/swing_lift_sym_steps.csv,7,step_up,1,1.966315659637521,on,6,5,0.3,30,skill.STEP_WALK_MAX,step_up_0p30,0,1,2026-08-30T15:18:48Z,WALK,2140,0.0,1,nan
--headless --device cpu --reps 5 --foot-comp on --heading heading-only --params skill.STEP_WALK_MAX skill.STEP_TROT_MAX --swing-lift 0 --results-csv outputs/swing_lift_sym_steps.csv,6,step_up,1,3.678356570997589,on,6,5,0.02,30,skill.STEP_TROT_MAX,step_up_0p02,0,1,2026-08-30T15:18:48Z,TROT,2140,0.0,1,nan
--headless --device cpu --reps 5 --foot-comp on --heading heading-only --params skill.STEP_WALK_MAX skill.STEP_TROT_MAX --swing-lift 0 --results-csv outputs/swing_lift_sym_steps.csv,6,step_up,1,3.707988026983241,on,6,5,0.04,30,skill.STEP_TROT_MAX,step_up_0p04,0,1,2026-08-30T15:18:48Z,TROT,2140,0.0,1,nan
--headless --device cpu --reps 5 --foot-comp on --heading heading-only --params skill.STEP_WALK_MAX skill.STEP_TROT_MAX --swing-lift 0 --results-csv outputs/swing_lift_sym_steps.csv,6,step_up,1,3.7678771626904335,on,6,5,0.06,30,skill.STEP_TROT_MAX,step_up_0p06,0,1,2026-08-30T15:18:48Z,TROT,2140,0.0,1,nan
--headless --device cpu --reps 5 --foot-comp on --heading heading-only --params skill.STEP_WALK_MAX skill.STEP_TROT_MAX --swing-lift 0 --results-csv outputs/swing_lift_sym_steps.csv,6,step_up,1,3.6907725004036567,on,6,5,0.08,30,skill.STEP_TROT_MAX,step_up_0p08,0,1,2026-08-30T15:18:48Z,TROT,2140,0.0,1,nan
--headless --device cpu --reps 5 --foot-comp on --heading heading-only --params skill.STEP_WALK_MAX skill.STEP_TROT_MAX --swing-lift 0 --results-csv outputs/swing_lift_sym_steps.csv,6,step_up,1,3.6643765689077554,on,6,5,0.1,30,skill.STEP_TROT_MAX,step_up_0p10,0,1,2026-08-30T15:18:48Z,TROT,2140,0.0,1,nan
--headless --device cpu --reps 5 --foot-comp on --heading heading-only --params skill.STEP_WALK_MAX skill.STEP_TROT_MAX --swing-lift 0 --results-csv outputs/swing_lift_sym_steps.csv,6,step_up,1,3.651135507625563,on,6,5,0.12,30,skill.STEP_TROT_MAX,step_up_0p12,0,1,2026-08-30T15:18:48Z,TROT,2140,0.0,1,nan
--headless --device cpu --reps 5 --foot-comp on --heading heading-only --params skill.STEP_WALK_MAX skill.STEP_TROT_MAX --swing-lift 0 --results-csv outputs/swing_lift_sym_steps.csv,6,step_up,1,3.6810861485610196,on,6,5,0.14,30,skill.STEP_TROT_MAX,step_up_0p14,0,1,2026-08-30T15:18:48Z,TROT,2140,0.0,1,nan
--headless --device cpu --reps 5 --foot-comp on --heading heading-only --params skill.STEP_WALK_MAX skill.STEP_TROT_MAX --swing-lift 0 --results-csv outputs/swing_lift_sym_steps.csv,6,step_up,1,3.6625665699222827,on,6,5,0.16,30,skill.STEP_TROT_MAX,step_up_0p16,0,1,2026-08-30T15:18:48Z,TROT,2140,0.0,1,nan
--headless --device cpu --reps 5 --foot-comp on --heading heading-only --params skill.STEP_WALK_MAX skill.STEP_TROT_MAX --swing-lift 0 --results-csv outputs/swing_lift_sym_steps.csv,6,step_up,1,3.712023954065176,on,6,5,0.18,30,skill.STEP_TROT_MAX,step_up_0p18,0,1,2026-08-30T15:18:48Z,TROT,2140,0.0,1,nan
--headless --device cpu --reps 5 --foot-comp on --heading heading-only --params skill.STEP_WALK_MAX skill.STEP_TROT_MAX --swing-lift 0 --results-csv outputs/swing_lift_sym_steps.csv,6,step_up,1,3.6837502019115047,on,6,5,0.2,30,skill.STEP_TROT_MAX,step_up_0p20,0,1,2026-08-30T15:18:48Z,TROT,2140,0.0,1,nan
--headless --device cpu --reps 5 --foot-comp on --heading heading-only --params skill.STEP_WALK_MAX skill.STEP_TROT_MAX --swing-lift 0 --results-csv outputs/swing_lift_sym_steps.csv,6,step_up,1,3.664892463506465,on,6,5,0.22,30,skill.STEP_TROT_MAX,step_up_0p22,0,1,2026-08-30T15:18:48Z,TROT,2140,0.0,1,nan
--headless --device cpu --reps 5 --foot-comp on --heading heading-only --params skill.STEP_WALK_MAX skill.STEP_TROT_MAX --swing-lift 0 --results-csv outputs/swing_lift_sym_steps.csv,6,step_up,1,3.6684621508022586,on,6,5,0.24,30,skill.STEP_TROT_MAX,step_up_0p24,0,1,2026-08-30T15:18:48Z,TROT,2140,0.0,1,nan
--headless --device cpu --reps 5 --foot-comp on --heading heading-only --params skill.STEP_WALK_MAX skill.STEP_TROT_MAX --swing-lift 0 --results-csv outputs/swing_lift_sym_steps.csv,6,step_up,1,3.672681357198687,on,6,5,0.26,30,skill.STEP_TROT_MAX,step_up_0p26,0,1,2026-08-30T15:18:48Z,TROT,2140,0.0,1,nan
--headless --device cpu --reps 5 --foot-comp on --heading heading-only --params skill.STEP_WALK_MAX skill.STEP_TROT_MAX --swing-lift 0 --results-csv outputs/swing_lift_sym_steps.csv,6,step_up,1,3.7350268080674494,on,6,5,0.28,30,skill.STEP_TROT_MAX,step_up_0p28,0,1,2026-08-30T15:18:48Z,TROT,2140,0.0,1,nan
--headless --device cpu --reps 5 --foot-comp on --heading heading-only --params skill.STEP_WALK_MAX skill.STEP_TROT_MAX --swing-lift 0 --results-csv outputs/swing_lift_sym_steps.csv,6,step_up,1,3.665561583293197,on,6,5,0.3,30,skill.STEP_TROT_MAX,step_up_0p30,0,1,2026-08-30T15:18:48Z,TROT,2140,0.0,1,nan
--headless --device cpu --reps 5 --foot-comp on --heading heading-only --params skill.STEP_WALK_MAX skill.STEP_TROT_MAX --swing-lift 0 --results-csv outputs/swing_lift_sym_steps.csv,15,step_up,1,2.4499111529291526,on,6,5,0.02,30,skill.STEP_WALK_MAX,step_up_0p02,1,2,2026-08-30T15:18:48Z,WALK,2132,0.0,1,16.54
--headless --device cpu --reps 5 --foot-comp on --heading heading-only --params skill.STEP_WALK_MAX skill.STEP_TROT_MAX --swing-lift 0 --results-csv outputs/swing_lift_sym_steps.csv,15,step_up,1,1.2828890468804606,on,6,5,0.04,30,skill.STEP_WALK_MAX,step_up_0p04,0,2,2026-08-30T15:18:48Z,WALK,2132,0.0,1,nan
--headless --device cpu --reps 5 --foot-comp on --heading heading-only --params skill.STEP_WALK_MAX skill.STEP_TROT_MAX --swing-lift 0 --results-csv outputs/swing_lift_sym_steps.csv,15,step_up,1,1.381152628182402,on,6,5,0.06,30,skill.STEP_WALK_MAX,step_up_0p06,0,2,2026-08-30T15:18:48Z,WALK,2132,0.0,1,nan
--headless --device cpu --reps 5 --foot-comp on --heading heading-only --params skill.STEP_WALK_MAX skill.STEP_TROT_MAX --swing-lift 0 --results-csv outputs/swing_lift_sym_steps.csv,15,step_up,1,1.613980525722588,on,6,5,0.08,30,skill.STEP_WALK_MAX,step_up_0p08,0,2,2026-08-30T15:18:48Z,WALK,2132,0.0,1,nan
--headless --device cpu --reps 5 --foot-comp on --heading heading-only --params skill.STEP_WALK_MAX skill.STEP_TROT_MAX --swing-lift 0 --results-csv outputs/swing_lift_sym_steps.csv,15,step_up,1,1.6766169958240815,on,6,5,0.1,30,skill.STEP_WALK_MAX,step_up_0p10,0,2,2026-08-30T15:18:48Z,WALK,2132,0.0,1,nan
--headless --device cpu --reps 5 --foot-comp on --heading heading-only --params skill.STEP_WALK_MAX skill.STEP_TROT_MAX --swing-lift 0 --results-csv outputs/swing_lift_sym_steps.csv,15,step_up,1,1.7097946919351903,on,6,5,0.12,30,skill.STEP_WALK_MAX,step_up_0p12,0,2,2026-08-30T15:18:48Z,WALK,2132,0.0,1,nan
--headless --device cpu --reps 5 --foot-comp on --heading heading-only --params skill.STEP_WALK_MAX skill.STEP_TROT_MAX --swing-lift 0 --results-csv outputs/swing_lift_sym_steps.csv,15,step_up,1,1.688022777817775,on,6,5,0.14,30,skill.STEP_WALK_MAX,step_up_0p14,0,2,2026-08-30T15:18:48Z,WALK,2132,0.0,1,nan
--headless --device cpu --reps 5 --foot-comp on --heading heading-only --params skill.STEP_WALK_MAX skill.STEP_TROT_MAX --swing-lift 0 --results-csv outputs/swing_lift_sym_steps.csv,15,step_up,1,1.7350616628269941,on,6,5,0.16,30,skill.STEP_WALK_MAX,step_up_0p16,0,2,2026-08-30T15:18:48Z,WALK,2132,0.0,1,nan
--headless --device cpu --reps 5 --foot-comp on --heading heading-only --params skill.STEP_WALK_MAX skill.STEP_TROT_MAX --swing-lift 0 --results-csv outputs/swing_lift_sym_steps.csv,15,step_up,1,1.7644719756971023,on,6,5,0.18,30,skill.STEP_WALK_MAX,step_up_0p18,0,2,2026-08-30T15:18:48Z,WALK,2132,0.0,1,nan
--headless --device cpu --reps 5 --foot-comp on --heading heading-only --params skill.STEP_WALK_MAX skill.STEP_TROT_MAX --swing-lift 0 --results-csv outputs/swing_lift_sym_steps.csv,15,step_up,1,1.739669308805772,on,6,5,0.2,30,skill.STEP_WALK_MAX,step_up_0p20,0,2,2026-08-30T15:18:48Z,WALK,2132,0.0,1,nan
--headless --device cpu --reps 5 --foot-comp on --heading heading-only --params skill.STEP_WALK_MAX skill.STEP_TROT_MAX --swing-lift 0 --results-csv outputs/swing_lift_sym_steps.csv,15,step_up,1,1.7848761370416308,on,6,5,0.22,30,skill.STEP_WALK_MAX,step_up_0p22,0,2,2026-08-30T15:18:48Z,WALK,2132,0.0,1,nan
--headless --device cpu --reps 5 --foot-comp on --heading heading-only --params skill.STEP_WALK_MAX skill.STEP_TROT_MAX --swing-lift 0 --results-csv outputs/swing_lift_sym_steps.csv,15,step_up,1,1.7600802504598643,on,6,5,0.24,30,skill.STEP_WALK_MAX,step_up_0p24,0,2,2026-08-30T15:18:48Z,WALK,2132,0.0,1,nan
--headless --device cpu --reps 5 --foot-comp on --heading heading-only --params skill.STEP_WALK_MAX skill.STEP_TROT_MAX --swing-lift 0 --results-csv outputs/swing_lift_sym_steps.csv,15,step_up,1,1.8462144430177452,on,6,5,0.26,30,skill.STEP_WALK_MAX,step_up_0p26,0,2,2026-08-30T15:18:48Z,WALK,2132,0.0,1,nan
--headless --device cpu --reps 5 --foot-comp on --heading heading-only --params skill.STEP_WALK_MAX skill.STEP_TROT_MAX --swing-lift 0 --results-csv outputs/swing_lift_sym_steps.csv,15,step_up,1,1.7274898432299397,on,6,5,0.28,30,skill.STEP_WALK_MAX,step_up_0p28,0,2,2026-08-30T15:18:48Z,WALK,2132,0.0,1,nan
--headless --device cpu --reps 5 --foot-comp on --heading heading-only --params skill.STEP_WALK_MAX skill.STEP_TROT_MAX --swing-lift 0 --results-csv outputs/swing_lift_sym_steps.csv,15,step_up,1,2.7133331995730723,on,6,5,0.3,30,skill.STEP_WALK_MAX,step_up_0p30,0,2,2026-08-30T15:18:48Z,WALK,2132,0.0,1,nan
--headless --device cpu --reps 5 --foot-comp on --heading heading-only --params skill.STEP_WALK_MAX skill.STEP_TROT_MAX --swing-lift 0 --results-csv outputs/swing_lift_sym_steps.csv,13,step_up,1,4.124613248042197,on,6,5,0.02,30,skill.STEP_TROT_MAX,step_up_0p02,0,2,2026-08-30T15:18:48Z,TROT,2132,0.0,1,nan
--headless --device cpu --reps 5 --foot-comp on --heading heading-only --params skill.STEP_WALK_MAX skill.STEP_TROT_MAX --swing-lift 0 --results-csv outputs/swing_lift_sym_steps.csv,13,step_up,1,4.38703047277469,on,6,5,0.04,30,skill.STEP_TROT_MAX,step_up_0p04,0,2,2026-08-30T15:18:48Z,TROT,2132,0.0,1,nan
--headless --device cpu --reps 5 --foot-comp on --heading heading-only --params skill.STEP_WALK_MAX skill.STEP_TROT_MAX --swing-lift 0 --results-csv outputs/swing_lift_sym_steps.csv,13,step_up,1,4.03699034019882,on,6,5,0.06,30,skill.STEP_TROT_MAX,step_up_0p06,0,2,2026-08-30T15:18:48Z,TROT,2132,0.0,1,nan
--headless --device cpu --reps 5 --foot-comp on --heading heading-only --params skill.STEP_WALK_MAX skill.STEP_TROT_MAX --swing-lift 0 --results-csv outputs/swing_lift_sym_steps.csv,13,step_up,1,4.094388921857605,on,6,5,0.08,30,skill.STEP_TROT_MAX,step_up_0p08,0,2,2026-08-30T15:18:48Z,TROT,2132,0.0,1,nan
--headless --device cpu --reps 5 --foot-comp on --heading heading-only --params skill.STEP_WALK_MAX skill.STEP_TROT_MAX --swing-lift 0 --results-csv outputs/swing_lift_sym_steps.csv,13,step_up,1,4.041060776214331,on,6,5,0.1,30,skill.STEP_TROT_MAX,step_up_0p10,0,2,2026-08-30T15:18:48Z,TROT,2132,0.0,1,nan
--headless --device cpu --reps 5 --foot-comp on --heading heading-only --params skill.STEP_WALK_MAX skill.STEP_TROT_MAX --swing-lift 0 --results-csv outputs/swing_lift_sym_steps.csv,13,step_up,1,4.416936961501794,on,6,5,0.12,30,skill.STEP_TROT_MAX,step_up_0p12,0,2,2026-08-30T15:18:48Z,TROT,2132,0.0,1,nan
--headless --device cpu --reps 5 --foot-comp on --heading heading-only --params skill.STEP_WALK_MAX skill.STEP_TROT_MAX --swing-lift 0 --results-csv outputs/swing_lift_sym_steps.csv,13,step_up,1,4.207032401085977,on,6,5,0.14,30,skill.STEP_TROT_MAX,step_up_0p14,0,2,2026-08-30T15:18:48Z,TROT,2132,0.0,1,nan
--headless --device cpu --reps 5 --foot-comp on --heading heading-only --params skill.STEP_WALK_MAX skill.STEP_TROT_MAX --swing-lift 0 --results-csv outputs/swing_lift_sym_steps.csv,13,step_up,1,4.412998271761499,on,6,5,0.16,30,skill.STEP_TROT_MAX,step_up_0p16,0,2,2026-08-30T15:18:48Z,TROT,2132,0.0,1,nan
--headless --device cpu --reps 5 --foot-comp on --heading heading-only --params skill.STEP_WALK_MAX skill.STEP_TROT_MAX --swing-lift 0 --results-csv outputs/swing_lift_sym_steps.csv,13,step_up,1,4.37940642997518,on,6,5,0.18,30,skill.STEP_TROT_MAX,step_up_0p18,0,2,2026-08-30T15:18:48Z,TROT,2132,0.0,1,nan
--headless --device cpu --reps 5 --foot-comp on --heading heading-only --params skill.STEP_WALK_MAX skill.STEP_TROT_MAX --swing-lift 0 --results-csv outputs/swing_lift_sym_steps.csv,13,step_up,1,2.8816401065654533,on,6,5,0.2,30,skill.STEP_TROT_MAX,step_up_0p20,0,2,2026-08-30T15:18:48Z,TROT,2132,0.0,1,nan
--headless --device cpu --reps 5 --foot-comp on --heading heading-only --params skill.STEP_WALK_MAX skill.STEP_TROT_MAX --swing-lift 0 --results-csv outputs/swing_lift_sym_steps.csv,13,step_up,1,4.404820397210415,on,6,5,0.22,30,skill.STEP_TROT_MAX,step_up_0p22,0,2,2026-08-30T15:18:48Z,TROT,2132,0.0,1,nan
--headless --device cpu --reps 5 --foot-comp on --heading heading-only --params skill.STEP_WALK_MAX skill.STEP_TROT_MAX --swing-lift 0 --results-csv outputs/swing_lift_sym_steps.csv,13,step_up,1,4.095856644958244,on,6,5,0.24,30,skill.STEP_TROT_MAX,step_up_0p24,0,2,2026-08-30T15:18:48Z,TROT,2132,0.0,1,nan
--headless --device cpu --reps 5 --foot-comp on --heading heading-only --params skill.STEP_WALK_MAX skill.STEP_TROT_MAX --swing-lift 0 --results-csv outputs/swing_lift_sym_steps.csv,13,step_up,1,4.1322119112695495,on,6,5,0.26,30,skill.STEP_TROT_MAX,step_up_0p26,0,2,2026-08-30T15:18:48Z,TROT,2132,0.0,1,nan
--headless --device cpu --reps 5 --foot-comp on --heading heading-only --params skill.STEP_WALK_MAX skill.STEP_TROT_MAX --swing-lift 0 --results-csv outputs/swing_lift_sym_steps.csv,13,step_up,1,3.805993283666861,on,6,5,0.28,30,skill.STEP_TROT_MAX,step_up_0p28,0,2,2026-08-30T15:18:48Z,TROT,2132,0.0,1,nan
--headless --device cpu --reps 5 --foot-comp on --heading heading-only --params skill.STEP_WALK_MAX skill.STEP_TROT_MAX --swing-lift 0 --results-csv outputs/swing_lift_sym_steps.csv,13,step_up,1,4.134294252491145,on,6,5,0.3,30,skill.STEP_TROT_MAX,step_up_0p30,0,2,2026-08-30T15:18:48Z,TROT,2132,0.0,1,nan
--headless --device cpu --reps 5 --foot-comp on --heading heading-only --params skill.STEP_WALK_MAX skill.STEP_TROT_MAX --swing-lift 0 --results-csv outputs/swing_lift_sym_steps.csv,22,step_up,1,14.530524585409516,on,6,5,0.02,30,skill.STEP_WALK_MAX,step_up_0p02,1,3,2026-08-30T15:18:48Z,WALK,2140,0.0,1,17.18
--headless --device cpu --reps 5 --foot-comp on --heading heading-only --params skill.STEP_WALK_MAX skill.STEP_TROT_MAX --swing-lift 0 --results-csv outputs/swing_lift_sym_steps.csv,22,step_up,1,8.831426762723657,on,6,5,0.04,30,skill.STEP_WALK_MAX,step_up_0p04,0,3,2026-08-30T15:18:48Z,WALK,2140,0.0,1,nan
--headless --device cpu --reps 5 --foot-comp on --heading heading-only --params skill.STEP_WALK_MAX skill.STEP_TROT_MAX --swing-lift 0 --results-csv outputs/swing_lift_sym_steps.csv,22,step_up,1,1.5084758929490416,on,6,5,0.06,30,skill.STEP_WALK_MAX,step_up_0p06,0,3,2026-08-30T15:18:48Z,WALK,2140,0.0,1,nan
--headless --device cpu --reps 5 --foot-comp on --heading heading-only --params skill.STEP_WALK_MAX skill.STEP_TROT_MAX --swing-lift 0 --results-csv outputs/swing_lift_sym_steps.csv,22,step_up,1,1.5431385066232561,on,6,5,0.08,30,skill.STEP_WALK_MAX,step_up_0p08,0,3,2026-08-30T15:18:48Z,WALK,2140,0.0,1,nan
--headless --device cpu --reps 5 --foot-comp on --heading heading-only --params skill.STEP_WALK_MAX skill.STEP_TROT_MAX --swing-lift 0 --results-csv outputs/swing_lift_sym_steps.csv,22,step_up,1,1.5879742562266577,on,6,5,0.1,30,skill.STEP_WALK_MAX,step_up_0p10,0,3,2026-08-30T15:18:48Z,WALK,2140,0.0,1,nan
--headless --device cpu --reps 5 --foot-comp on --heading heading-only --params skill.STEP_WALK_MAX skill.STEP_TROT_MAX --swing-lift 0 --results-csv outputs/swing_lift_sym_steps.csv,22,step_up,1,1.6190675917467223,on,6,5,0.12,30,skill.STEP_WALK_MAX,step_up_0p12,0,3,2026-08-30T15:18:48Z,WALK,2140,0.0,1,nan
--headless --device cpu --reps 5 --foot-comp on --heading heading-only --params skill.STEP_WALK_MAX skill.STEP_TROT_MAX --swing-lift 0 --results-csv outputs/swing_lift_sym_steps.csv,22,step_up,1,1.6913975789961644,on,6,5,0.14,30,skill.STEP_WALK_MAX,step_up_0p14,0,3,2026-08-30T15:18:48Z,WALK,2140,0.0,1,nan
--headless --device cpu --reps 5 --foot-comp on --heading heading-only --params skill.STEP_WALK_MAX skill.STEP_TROT_MAX --swing-lift 0 --results-csv outputs/swing_lift_sym_steps.csv,22,step_up,1,1.6545600888269503,on,6,5,0.16,30,skill.STEP_WALK_MAX,step_up_0p16,0,3,2026-08-30T15:18:48Z,WALK,2140,0.0,1,nan
--headless --device cpu --reps 5 --foot-comp on --heading heading-only --params skill.STEP_WALK_MAX skill.STEP_TROT_MAX --swing-lift 0 --results-csv outputs/swing_lift_sym_steps.csv,22,step_up,1,1.703716314428971,on,6,5,0.18,30,skill.STEP_WALK_MAX,step_up_0p18,0,3,2026-08-30T15:18:48Z,WALK,2140,0.0,1,nan
--headless --device cpu --reps 5 --foot-comp on --heading heading-only --params skill.STEP_WALK_MAX skill.STEP_TROT_MAX --swing-lift 0 --results-csv outputs/swing_lift_sym_steps.csv,22,step_up,1,1.6991272360631904,on,6,5,0.2,30,skill.STEP_WALK_MAX,step_up_0p20,0,3,2026-08-30T15:18:48Z,WALK,2140,0.0,1,nan
--headless --device cpu --reps 5 --foot-comp on --heading heading-only --params skill.STEP_WALK_MAX skill.STEP_TROT_MAX --swing-lift 0 --results-csv outputs/swing_lift_sym_steps.csv,22,step_up,1,1.6443560292075858,on,6,5,0.22,30,skill.STEP_WALK_MAX,step_up_0p22,0,3,2026-08-30T15:18:48Z,WALK,2140,0.0,1,nan
--headless --device cpu --reps 5 --foot-comp on --heading heading-only --params skill.STEP_WALK_MAX skill.STEP_TROT_MAX --swing-lift 0 --results-csv outputs/swing_lift_sym_steps.csv,22,step_up,1,1.7994739005744897,on,6,5,0.24,30,skill.STEP_WALK_MAX,step_up_0p24,0,3,2026-08-30T15:18:48Z,WALK,2140,0.0,1,nan
--headless --device cpu --reps 5 --foot-comp on --heading heading-only --params skill.STEP_WALK_MAX skill.STEP_TROT_MAX --swing-lift 0 --results-csv outputs/swing_lift_sym_steps.csv,22,step_up,1,1.8104802410052914,on,6,5,0.26,30,skill.STEP_WALK_MAX,step_up_0p26,0,3,2026-08-30T15:18:48Z,WALK,2140,0.0,1,nan
--headless --device cpu --reps 5 --foot-comp on --heading heading-only --params skill.STEP_WALK_MAX skill.STEP_TROT_MAX --swing-lift 0 --results-csv outputs/swing_lift_sym_steps.csv,22,step_up,1,9.701508920130914,on,6,5,0.28,30,skill.STEP_WALK_MAX,step_up_0p28,0,3,2026-08-30T15:18:48Z,WALK,2140,0.0,1,nan
--headless --device cpu --reps 5 --foot-comp on --heading heading-only --params skill.STEP_WALK_MAX skill.STEP_TROT_MAX --swing-lift 0 --results-csv outputs/swing_lift_sym_steps.csv,22,step_up,0,1.351416853604246,on,6,5,0.3,30,skill.STEP_WALK_MAX,step_up_0p30,0,3,2026-08-30T15:18:48Z,WALK,2140,0.0,1,nan
--headless --device cpu --reps 5 --foot-comp on --heading heading-only --params skill.STEP_WALK_MAX skill.STEP_TROT_MAX --swing-lift 0 --results-csv outputs/swing_lift_sym_steps.csv,19,step_up,1,4.258493003301442,on,6,5,0.02,30,skill.STEP_TROT_MAX,step_up_0p02,0,3,2026-08-30T15:18:48Z,TROT,2140,0.0,1,nan
--headless --device cpu --reps 5 --foot-comp on --heading heading-only --params skill.STEP_WALK_MAX skill.STEP_TROT_MAX --swing-lift 0 --results-csv outputs/swing_lift_sym_steps.csv,19,step_up,1,4.252557363931026,on,6,5,0.04,30,skill.STEP_TROT_MAX,step_up_0p04,0,3,2026-08-30T15:18:48Z,TROT,2140,0.0,1,nan
--headless --device cpu --reps 5 --foot-comp on --heading heading-only --params skill.STEP_WALK_MAX skill.STEP_TROT_MAX --swing-lift 0 --results-csv outputs/swing_lift_sym_steps.csv,19,step_up,1,4.281148344601078,on,6,5,0.06,30,skill.STEP_TROT_MAX,step_up_0p06,0,3,2026-08-30T15:18:48Z,TROT,2140,0.0,1,nan
--headless --device cpu --reps 5 --foot-comp on --heading heading-only --params skill.STEP_WALK_MAX skill.STEP_TROT_MAX --swing-lift 0 --results-csv outputs/swing_lift_sym_steps.csv,19,step_up,1,4.282603761108473,on,6,5,0.08,30,skill.STEP_TROT_MAX,step_up_0p08,0,3,2026-08-30T15:18:48Z,TROT,2140,0.0,1,nan
--headless --device cpu --reps 5 --foot-comp on --heading heading-only --params skill.STEP_WALK_MAX skill.STEP_TROT_MAX --swing-lift 0 --results-csv outputs/swing_lift_sym_steps.csv,19,step_up,1,4.271709989062577,on,6,5,0.1,30,skill.STEP_TROT_MAX,step_up_0p10,0,3,2026-08-30T15:18:48Z,TROT,2140,0.0,1,nan
--headless --device cpu --reps 5 --foot-comp on --heading heading-only --params skill.STEP_WALK_MAX skill.STEP_TROT_MAX --swing-lift 0 --results-csv outputs/swing_lift_sym_steps.csv,19,step_up,1,4.263453264352787,on,6,5,0.12,30,skill.STEP_TROT_MAX,step_up_0p12,0,3,2026-08-30T15:18:48Z,TROT,2140,0.0,1,nan
--headless --device cpu --reps 5 --foot-comp on --heading heading-only --params skill.STEP_WALK_MAX skill.STEP_TROT_MAX --swing-lift 0 --results-csv outputs/swing_lift_sym_steps.csv,19,step_up,1,4.2509687149088915,on,6,5,0.14,30,skill.STEP_TROT_MAX,step_up_0p14,0,3,2026-08-30T15:18:48Z,TROT,2140,0.0,1,nan
--headless --device cpu --reps 5 --foot-comp on --heading heading-only --params skill.STEP_WALK_MAX skill.STEP_TROT_MAX --swing-lift 0 --results-csv outputs/swing_lift_sym_steps.csv,19,step_up,1,4.261535524628853,on,6,5,0.16,30,skill.STEP_TROT_MAX,step_up_0p16,0,3,2026-08-30T15:18:48Z,TROT,2140,0.0,1,nan
--headless --device cpu --reps 5 --foot-comp on --heading heading-only --params skill.STEP_WALK_MAX skill.STEP_TROT_MAX --swing-lift 0 --results-csv outputs/swing_lift_sym_steps.csv,19,step_up,1,4.263720818937709,on,6,5,0.18,30,skill.STEP_TROT_MAX,step_up_0p18,0,3,2026-08-30T15:18:48Z,TROT,2140,0.0,1,nan
--headless --device cpu --reps 5 --foot-comp on --heading heading-only --params skill.STEP_WALK_MAX skill.STEP_TROT_MAX --swing-lift 0 --results-csv outputs/swing_lift_sym_steps.csv,19,step_up,1,4.2982486375346785,on,6,5,0.2,30,skill.STEP_TROT_MAX,step_up_0p20,0,3,2026-08-30T15:18:48Z,TROT,2140,0.0,1,nan
--headless --device cpu --reps 5 --foot-comp on --heading heading-only --params skill.STEP_WALK_MAX skill.STEP_TROT_MAX --swing-lift 0 --results-csv outputs/swing_lift_sym_steps.csv,19,step_up,1,4.302510074574765,on,6,5,0.22,30,skill.STEP_TROT_MAX,step_up_0p22,0,3,2026-08-30T15:18:48Z,TROT,2140,0.0,1,nan
--headless --device cpu --reps 5 --foot-comp on --heading heading-only --params skill.STEP_WALK_MAX skill.STEP_TROT_MAX --swing-lift 0 --results-csv outputs/swing_lift_sym_steps.csv,19,step_up,1,4.254829596355109,on,6,5,0.24,30,skill.STEP_TROT_MAX,step_up_0p24,0,3,2026-08-30T15:18:48Z,TROT,2140,0.0,1,nan
--headless --device cpu --reps 5 --foot-comp on --heading heading-only --params skill.STEP_WALK_MAX skill.STEP_TROT_MAX --swing-lift 0 --results-csv outputs/swing_lift_sym_steps.csv,19,step_up,1,4.263653116136059,on,6,5,0.26,30,skill.STEP_TROT_MAX,step_up_0p26,0,3,2026-08-30T15:18:48Z,TROT,2140,0.0,1,nan
--headless --device cpu --reps 5 --foot-comp on --heading heading-only --params skill.STEP_WALK_MAX skill.STEP_TROT_MAX --swing-lift 0 --results-csv outputs/swing_lift_sym_steps.csv,19,step_up,1,4.258187211662557,on,6,5,0.28,30,skill.STEP_TROT_MAX,step_up_0p28,0,3,2026-08-30T15:18:48Z,TROT,2140,0.0,1,nan
--headless --device cpu --reps 5 --foot-comp on --heading heading-only --params skill.STEP_WALK_MAX skill.STEP_TROT_MAX --swing-lift 0 --results-csv outputs/swing_lift_sym_steps.csv,19,step_up,1,4.247227284264456,on,6,5,0.3,30,skill.STEP_TROT_MAX,step_up_0p30,0,3,2026-08-30T15:18:48Z,TROT,2140,0.0,1,nan
--headless --device cpu --reps 5 --foot-comp on --heading heading-only --params skill.STEP_WALK_MAX skill.STEP_TROT_MAX --swing-lift 0 --results-csv outputs/swing_lift_sym_steps.csv,30,step_up,1,1.5168476840710172,on,6,5,0.02,30,skill.STEP_WALK_MAX,step_up_0p02,0,4,2026-08-30T15:18:48Z,WALK,2140,0.0,1,nan
--headless --device cpu --reps 5 --foot-comp on --heading heading-only --params skill.STEP_WALK_MAX skill.STEP_TROT_MAX --swing-lift 0 --results-csv outputs/swing_lift_sym_steps.csv,30,step_up,1,2.6085710282343646,on,6,5,0.04,30,skill.STEP_WALK_MAX,step_up_0p04,0,4,2026-08-30T15:18:48Z,WALK,2140,0.0,1,nan
--headless --device cpu --reps 5 --foot-comp on --heading heading-only --params skill.STEP_WALK_MAX skill.STEP_TROT_MAX --swing-lift 0 --results-csv outputs/swing_lift_sym_steps.csv,30,step_up,1,1.7036294211249423,on,6,5,0.06,30,skill.STEP_WALK_MAX,step_up_0p06,0,4,2026-08-30T15:18:48Z,WALK,2140,0.0,1,nan
--headless --device cpu --reps 5 --foot-comp on --heading heading-only --params skill.STEP_WALK_MAX skill.STEP_TROT_MAX --swing-lift 0 --results-csv outputs/swing_lift_sym_steps.csv,30,step_up,1,1.61472363956074,on,6,5,0.08,30,skill.STEP_WALK_MAX,step_up_0p08,0,4,2026-08-30T15:18:48Z,WALK,2140,0.0,1,nan
--headless --device cpu --reps 5 --foot-comp on --heading heading-only --params skill.STEP_WALK_MAX skill.STEP_TROT_MAX --swing-lift 0 --results-csv outputs/swing_lift_sym_steps.csv,30,step_up,1,1.730979347097712,on,6,5,0.1,30,skill.STEP_WALK_MAX,step_up_0p10,0,4,2026-08-30T15:18:48Z,WALK,2140,0.0,1,nan
--headless --device cpu --reps 5 --foot-comp on --heading heading-only --params skill.STEP_WALK_MAX skill.STEP_TROT_MAX --swing-lift 0 --results-csv outputs/swing_lift_sym_steps.csv,30,step_up,1,1.6375849565458953,on,6,5,0.12,30,skill.STEP_WALK_MAX,step_up_0p12,0,4,2026-08-30T15:18:48Z,WALK,2140,0.0,1,nan
--headless --device cpu --reps 5 --foot-comp on --heading heading-only --params skill.STEP_WALK_MAX skill.STEP_TROT_MAX --swing-lift 0 --results-csv outputs/swing_lift_sym_steps.csv,30,step_up,1,1.6116857707946115,on,6,5,0.14,30,skill.STEP_WALK_MAX,step_up_0p14,0,4,2026-08-30T15:18:48Z,WALK,2140,0.0,1,nan
--headless --device cpu --reps 5 --foot-comp on --heading heading-only --params skill.STEP_WALK_MAX skill.STEP_TROT_MAX --swing-lift 0 --results-csv outputs/swing_lift_sym_steps.csv,30,step_up,1,1.7240491333321089,on,6,5,0.16,30,skill.STEP_WALK_MAX,step_up_0p16,0,4,2026-08-30T15:18:48Z,WALK,2140,0.0,1,nan
--headless --device cpu --reps 5 --foot-comp on --heading heading-only --params skill.STEP_WALK_MAX skill.STEP_TROT_MAX --swing-lift 0 --results-csv outputs/swing_lift_sym_steps.csv,30,step_up,1,1.6751176953988292,on,6,5,0.18,30,skill.STEP_WALK_MAX,step_up_0p18,0,4,2026-08-30T15:18:48Z,WALK,2140,0.0,1,nan
--headless --device cpu --reps 5 --foot-comp on --heading heading-only --params skill.STEP_WALK_MAX skill.STEP_TROT_MAX --swing-lift 0 --results-csv outputs/swing_lift_sym_steps.csv,30,step_up,1,1.701414379743993,on,6,5,0.2,30,skill.STEP_WALK_MAX,step_up_0p20,0,4,2026-08-30T15:18:48Z,WALK,2140,0.0,1,nan
--headless --device cpu --reps 5 --foot-comp on --heading heading-only --params skill.STEP_WALK_MAX skill.STEP_TROT_MAX --swing-lift 0 --results-csv outputs/swing_lift_sym_steps.csv,30,step_up,1,1.6579797533986063,on,6,5,0.22,30,skill.STEP_WALK_MAX,step_up_0p22,0,4,2026-08-30T15:18:48Z,WALK,2140,0.0,1,nan
--headless --device cpu --reps 5 --foot-comp on --heading heading-only --params skill.STEP_WALK_MAX skill.STEP_TROT_MAX --swing-lift 0 --results-csv outputs/swing_lift_sym_steps.csv,30,step_up,1,1.8414063578113522,on,6,5,0.24,30,skill.STEP_WALK_MAX,step_up_0p24,0,4,2026-08-30T15:18:48Z,WALK,2140,0.0,1,nan
--headless --device cpu --reps 5 --foot-comp on --heading heading-only --params skill.STEP_WALK_MAX skill.STEP_TROT_MAX --swing-lift 0 --results-csv outputs/swing_lift_sym_steps.csv,30,step_up,0,1.613576973271346,on,6,5,0.26,30,skill.STEP_WALK_MAX,step_up_0p26,0,4,2026-08-30T15:18:48Z,WALK,2140,0.0,1,nan
--headless --device cpu --reps 5 --foot-comp on --heading heading-only --params skill.STEP_WALK_MAX skill.STEP_TROT_MAX --swing-lift 0 --results-csv outputs/swing_lift_sym_steps.csv,30,step_up,1,1.8650337840318378,on,6,5,0.28,30,skill.STEP_WALK_MAX,step_up_0p28,0,4,2026-08-30T15:18:48Z,WALK,2140,0.0,1,nan
--headless --device cpu --reps 5 --foot-comp on --heading heading-only --params skill.STEP_WALK_MAX skill.STEP_TROT_MAX --swing-lift 0 --results-csv outputs/swing_lift_sym_steps.csv,30,step_up,1,1.9088825159306404,on,6,5,0.3,30,skill.STEP_WALK_MAX,step_up_0p30,0,4,2026-08-30T15:18:48Z,WALK,2140,0.0,1,nan
--headless --device cpu --reps 5 --foot-comp on --heading heading-only --params skill.STEP_WALK_MAX skill.STEP_TROT_MAX --swing-lift 0 --results-csv outputs/swing_lift_sym_steps.csv,26,step_up,1,4.375131616790406,on,6,5,0.02,30,skill.STEP_TROT_MAX,step_up_0p02,0,4,2026-08-30T15:18:48Z,TROT,2140,0.0,1,nan
--headless --device cpu --reps 5 --foot-comp on --heading heading-only --params skill.STEP_WALK_MAX skill.STEP_TROT_MAX --swing-lift 0 --results-csv outputs/swing_lift_sym_steps.csv,26,step_up,1,4.375199043291841,on,6,5,0.04,30,skill.STEP_TROT_MAX,step_up_0p04,0,4,2026-08-30T15:18:48Z,TROT,2140,0.0,1,nan
--headless --device cpu --reps 5 --foot-comp on --heading heading-only --params skill.STEP_WALK_MAX skill.STEP_TROT_MAX --swing-lift 0 --results-csv outputs/swing_lift_sym_steps.csv,26,step_up,1,4.361174399214762,on,6,5,0.06,30,skill.STEP_TROT_MAX,step_up_0p06,0,4,2026-08-30T15:18:48Z,TROT,2140,0.0,1,nan
--headless --device cpu --reps 5 --foot-comp on --heading heading-only --params skill.STEP_WALK_MAX skill.STEP_TROT_MAX --swing-lift 0 --results-csv outputs/swing_lift_sym_steps.csv,26,step_up,1,4.3945503395941685,on,6,5,0.08,30,skill.STEP_TROT_MAX,step_up_0p08,0,4,2026-08-30T15:18:48Z,TROT,2140,0.0,1,nan
--headless --device cpu --reps 5 --foot-comp on --heading heading-only --params skill.STEP_WALK_MAX skill.STEP_TROT_MAX --swing-lift 0 --results-csv outputs/swing_lift_sym_steps.csv,26,step_up,1,4.389829111214673,on,6,5,0.1,30,skill.STEP_TROT_MAX,step_up_0p10,0,4,2026-08-30T15:18:48Z,TROT,2140,0.0,1,nan
--headless --device cpu --reps 5 --foot-comp on --heading heading-only --params skill.STEP_WALK_MAX skill.STEP_TROT_MAX --swing-lift 0 --results-csv outputs/swing_lift_sym_steps.csv,26,step_up,1,4.378329830294309,on,6,5,0.12,30,skill.STEP_TROT_MAX,step_up_0p12,0,4,2026-08-30T15:18:48Z,TROT,2140,0.0,1,nan
--headless --device cpu --reps 5 --foot-comp on --heading heading-only --params skill.STEP_WALK_MAX skill.STEP_TROT_MAX --swing-lift 0 --results-csv outputs/swing_lift_sym_steps.csv,26,step_up,1,4.373561142052659,on,6,5,0.14,30,skill.STEP_TROT_MAX,step_up_0p14,0,4,2026-08-30T15:18:48Z,TROT,2140,0.0,1,nan
--headless --device cpu --reps 5 --foot-comp on --heading heading-only --params skill.STEP_WALK_MAX skill.STEP_TROT_MAX --swing-lift 0 --results-csv outputs/swing_lift_sym_steps.csv,26,step_up,1,4.372482493050651,on,6,5,0.16,30,skill.STEP_TROT_MAX,step_up_0p16,0,4,2026-08-30T15:18:48Z,TROT,2140,0.0,1,nan
--headless --device cpu --reps 5 --foot-comp on --heading heading-only --params skill.STEP_WALK_MAX skill.STEP_TROT_MAX --swing-lift 0 --results-csv outputs/swing_lift_sym_steps.csv,26,step_up,1,4.358285390097065,on,6,5,0.18,30,skill.STEP_TROT_MAX,step_up_0p18,0,4,2026-08-30T15:18:48Z,TROT,2140,0.0,1,nan
--headless --device cpu --reps 5 --foot-comp on --heading heading-only --params skill.STEP_WALK_MAX skill.STEP_TROT_MAX --swing-lift 0 --results-csv outputs/swing_lift_sym_steps.csv,26,step_up,1,4.412793997606227,on,6,5,0.2,30,skill.STEP_TROT_MAX,step_up_0p20,0,4,2026-08-30T15:18:48Z,TROT,2140,0.0,1,nan
--headless --device cpu --reps 5 --foot-comp on --heading heading-only --params skill.STEP_WALK_MAX skill.STEP_TROT_MAX --swing-lift 0 --results-csv outputs/swing_lift_sym_steps.csv,26,step_up,1,4.410072116600462,on,6,5,0.22,30,skill.STEP_TROT_MAX,step_up_0p22,0,4,2026-08-30T15:18:48Z,TROT,2140,0.0,1,nan
--headless --device cpu --reps 5 --foot-comp on --heading heading-only --params skill.STEP_WALK_MAX skill.STEP_TROT_MAX --swing-lift 0 --results-csv outputs/swing_lift_sym_steps.csv,26,step_up,1,4.396454026924582,on,6,5,0.24,30,skill.STEP_TROT_MAX,step_up_0p24,0,4,2026-08-30T15:18:48Z,TROT,2140,0.0,1,nan
--headless --device cpu --reps 5 --foot-comp on --heading heading-only --params skill.STEP_WALK_MAX skill.STEP_TROT_MAX --swing-lift 0 --results-csv outputs/swing_lift_sym_steps.csv,26,step_up,1,4.3902790937338025,on,6,5,0.26,30,skill.STEP_TROT_MAX,step_up_0p26,0,4,2026-08-30T15:18:48Z,TROT,2140,0.0,1,nan
--headless --device cpu --reps 5 --foot-comp on --heading heading-only --params skill.STEP_WALK_MAX skill.STEP_TROT_MAX --swing-lift 0 --results-csv outputs/swing_lift_sym_steps.csv,26,step_up,1,4.3746273047065545,on,6,5,0.28,30,skill.STEP_TROT_MAX,step_up_0p28,0,4,2026-08-30T15:18:48Z,TROT,2140,0.0,1,nan
--headless --device cpu --reps 5 --foot-comp on --heading heading-only --params skill.STEP_WALK_MAX skill.STEP_TROT_MAX --swing-lift 0 --results-csv outputs/swing_lift_sym_steps.csv,26,step_up,1,4.3856345537752865,on,6,5,0.3,30,skill.STEP_TROT_MAX,step_up_0p30,0,4,2026-08-30T15:18:48Z,TROT,2140,0.0,1,nan
--headless --device cpu --reps 5 --foot-comp on --heading heading-only --params skill.STEP_WALK_MAX skill.STEP_TROT_MAX --swing-lift 40 --results-csv outputs/swing_lift_sym_steps.csv,0,step_up,1,14.692142432870853,on,6,5,0.02,30,skill.STEP_WALK_MAX,step_up_0p02,0,0,2026-08-30T15:22:20Z,WALK,2140,40.0,1,nan
--headless --device cpu --reps 5 --foot-comp on --heading heading-only --params skill.STEP_WALK_MAX skill.STEP_TROT_MAX --swing-lift 40 --results-csv outputs/swing_lift_sym_steps.csv,0,step_up,1,28.481416118358645,on,6,5,0.04,30,skill.STEP_WALK_MAX,step_up_0p04,0,0,2026-08-30T15:22:20Z,WALK,2140,40.0,1,nan
--headless --device cpu --reps 5 --foot-comp on --heading heading-only --params skill.STEP_WALK_MAX skill.STEP_TROT_MAX --swing-lift 40 --results-csv outputs/swing_lift_sym_steps.csv,0,step_up,1,15.256702305488526,on,6,5,0.06,30,skill.STEP_WALK_MAX,step_up_0p06,0,0,2026-08-30T15:22:20Z,WALK,2140,40.0,1,nan
--headless --device cpu --reps 5 --foot-comp on --heading heading-only --params skill.STEP_WALK_MAX skill.STEP_TROT_MAX --swing-lift 40 --results-csv outputs/swing_lift_sym_steps.csv,0,step_up,1,13.656406715523289,on,6,5,0.08,30,skill.STEP_WALK_MAX,step_up_0p08,0,0,2026-08-30T15:22:20Z,WALK,2140,40.0,1,nan
--headless --device cpu --reps 5 --foot-comp on --heading heading-only --params skill.STEP_WALK_MAX skill.STEP_TROT_MAX --swing-lift 40 --results-csv outputs/swing_lift_sym_steps.csv,0,step_up,1,2.497553982542083,on,6,5,0.1,30,skill.STEP_WALK_MAX,step_up_0p10,0,0,2026-08-30T15:22:20Z,WALK,2140,40.0,1,nan
--headless --device cpu --reps 5 --foot-comp on --heading heading-only --params skill.STEP_WALK_MAX skill.STEP_TROT_MAX --swing-lift 40 --results-csv outputs/swing_lift_sym_steps.csv,0,step_up,1,13.020324928895795,on,6,5,0.12,30,skill.STEP_WALK_MAX,step_up_0p12,0,0,2026-08-30T15:22:20Z,WALK,2140,40.0,1,nan
--headless --device cpu --reps 5 --foot-comp on --heading heading-only --params skill.STEP_WALK_MAX skill.STEP_TROT_MAX --swing-lift 40 --results-csv outputs/swing_lift_sym_steps.csv,0,step_up,1,15.493132413402712,on,6,5,0.14,30,skill.STEP_WALK_MAX,step_up_0p14,0,0,2026-08-30T15:22:20Z,WALK,2140,40.0,1,nan
--headless --device cpu --reps 5 --foot-comp on --heading heading-only --params skill.STEP_WALK_MAX skill.STEP_TROT_MAX --swing-lift 40 --results-csv outputs/swing_lift_sym_steps.csv,0,step_up,1,2.4927675582904705,on,6,5,0.16,30,skill.STEP_WALK_MAX,step_up_0p16,0,0,2026-08-30T15:22:20Z,WALK,2140,40.0,1,nan
--headless --device cpu --reps 5 --foot-comp on --heading heading-only --params skill.STEP_WALK_MAX skill.STEP_TROT_MAX --swing-lift 40 --results-csv outputs/swing_lift_sym_steps.csv,0,step_up,1,2.5787747318826226,on,6,5,0.18,30,skill.STEP_WALK_MAX,step_up_0p18,0,0,2026-08-30T15:22:20Z,WALK,2140,40.0,1,nan
--headless --device cpu --reps 5 --foot-comp on --heading heading-only --params skill.STEP_WALK_MAX skill.STEP_TROT_MAX --swing-lift 40 --results-csv outputs/swing_lift_sym_steps.csv,0,step_up,1,2.573295753107565,on,6,5,0.2,30,skill.STEP_WALK_MAX,step_up_0p20,0,0,2026-08-30T15:22:20Z,WALK,2140,40.0,1,nan
--headless --device cpu --reps 5 --foot-comp on --heading heading-only --params skill.STEP_WALK_MAX skill.STEP_TROT_MAX --swing-lift 40 --results-csv outputs/swing_lift_sym_steps.csv,0,step_up,1,10.190798025382552,on,6,5,0.22,30,skill.STEP_WALK_MAX,step_up_0p22,0,0,2026-08-30T15:22:20Z,WALK,2140,40.0,1,nan
--headless --device cpu --reps 5 --foot-comp on --heading heading-only --params skill.STEP_WALK_MAX skill.STEP_TROT_MAX --swing-lift 40 --results-csv outputs/swing_lift_sym_steps.csv,0,step_up,1,15.720912768606299,on,6,5,0.24,30,skill.STEP_WALK_MAX,step_up_0p24,0,0,2026-08-30T15:22:20Z,WALK,2140,40.0,1,nan
--headless --device cpu --reps 5 --foot-comp on --heading heading-only --params skill.STEP_WALK_MAX skill.STEP_TROT_MAX --swing-lift 40 --results-csv outputs/swing_lift_sym_steps.csv,0,step_up,1,21.643178521213862,on,6,5,0.26,30,skill.STEP_WALK_MAX,step_up_0p26,0,0,2026-08-30T15:22:20Z,WALK,2140,40.0,1,nan
--headless --device cpu --reps 5 --foot-comp on --heading heading-only --params skill.STEP_WALK_MAX skill.STEP_TROT_MAX --swing-lift 40 --results-csv outputs/swing_lift_sym_steps.csv,0,step_up,1,2.5862429779963185,on,6,5,0.28,30,skill.STEP_WALK_MAX,step_up_0p28,0,0,2026-08-30T15:22:20Z,WALK,2140,40.0,1,nan
--headless --device cpu --reps 5 --foot-comp on --heading heading-only --params skill.STEP_WALK_MAX skill.STEP_TROT_MAX --swing-lift 40 --results-csv outputs/swing_lift_sym_steps.csv,0,step_up,1,24.104753721607054,on,6,5,0.3,30,skill.STEP_WALK_MAX,step_up_0p30,0,0,2026-08-30T15:22:20Z,WALK,2140,40.0,1,nan
--headless --device cpu --reps 5 --foot-comp on --heading heading-only --params skill.STEP_WALK_MAX skill.STEP_TROT_MAX --swing-lift 40 --results-csv outputs/swing_lift_sym_steps.csv,0,step_up,1,2.9494712919104877,on,6,5,0.02,30,skill.STEP_TROT_MAX,step_up_0p02,0,0,2026-08-30T15:22:20Z,TROT,2140,40.0,1,nan
--headless --device cpu --reps 5 --foot-comp on --heading heading-only --params skill.STEP_WALK_MAX skill.STEP_TROT_MAX --swing-lift 40 --results-csv outputs/swing_lift_sym_steps.csv,0,step_up,1,3.0808161926086433,on,6,5,0.04,30,skill.STEP_TROT_MAX,step_up_0p04,0,0,2026-08-30T15:22:20Z,TROT,2140,40.0,1,nan
--headless --device cpu --reps 5 --foot-comp on --heading heading-only --params skill.STEP_WALK_MAX skill.STEP_TROT_MAX --swing-lift 40 --results-csv outputs/swing_lift_sym_steps.csv,0,step_up,1,3.2992492639187643,on,6,5,0.06,30,skill.STEP_TROT_MAX,step_up_0p06,0,0,2026-08-30T15:22:20Z,TROT,2140,40.0,1,nan
--headless --device cpu --reps 5 --foot-comp on --heading heading-only --params skill.STEP_WALK_MAX skill.STEP_TROT_MAX --swing-lift 40 --results-csv outputs/swing_lift_sym_steps.csv,0,step_up,1,2.7586121287630436,on,6,5,0.08,30,skill.STEP_TROT_MAX,step_up_0p08,0,0,2026-08-30T15:22:20Z,TROT,2140,40.0,1,nan
--headless --device cpu --reps 5 --foot-comp on --heading heading-only --params skill.STEP_WALK_MAX skill.STEP_TROT_MAX --swing-lift 40 --results-csv outputs/swing_lift_sym_steps.csv,0,step_up,1,2.986698527218218,on,6,5,0.1,30,skill.STEP_TROT_MAX,step_up_0p10,0,0,2026-08-30T15:22:20Z,TROT,2140,40.0,1,nan
--headless --device cpu --reps 5 --foot-comp on --heading heading-only --params skill.STEP_WALK_MAX skill.STEP_TROT_MAX --swing-lift 40 --results-csv outputs/swing_lift_sym_steps.csv,0,step_up,1,3.094038939569637,on,6,5,0.12,30,skill.STEP_TROT_MAX,step_up_0p12,0,0,2026-08-30T15:22:20Z,TROT,2140,40.0,1,nan
--headless --device cpu --reps 5 --foot-comp on --heading heading-only --params skill.STEP_WALK_MAX skill.STEP_TROT_MAX --swing-lift 40 --results-csv outputs/swing_lift_sym_steps.csv,0,step_up,0,3.474637822077107,on,6,5,0.14,30,skill.STEP_TROT_MAX,step_up_0p14,0,0,2026-08-30T15:22:20Z,TROT,2140,40.0,1,nan
--headless --device cpu --reps 5 --foot-comp on --heading heading-only --params skill.STEP_WALK_MAX skill.STEP_TROT_MAX --swing-lift 40 --results-csv outputs/swing_lift_sym_steps.csv,0,step_up,1,3.160180335407127,on,6,5,0.16,30,skill.STEP_TROT_MAX,step_up_0p16,0,0,2026-08-30T15:22:20Z,TROT,2140,40.0,1,nan
--headless --device cpu --reps 5 --foot-comp on --heading heading-only --params skill.STEP_WALK_MAX skill.STEP_TROT_MAX --swing-lift 40 --results-csv outputs/swing_lift_sym_steps.csv,0,step_up,1,3.142161637528968,on,6,5,0.18,30,skill.STEP_TROT_MAX,step_up_0p18,0,0,2026-08-30T15:22:20Z,TROT,2140,40.0,1,nan
--headless --device cpu --reps 5 --foot-comp on --heading heading-only --params skill.STEP_WALK_MAX skill.STEP_TROT_MAX --swing-lift 40 --results-csv outputs/swing_lift_sym_steps.csv,0,step_up,1,3.160171303581119,on,6,5,0.2,30,skill.STEP_TROT_MAX,step_up_0p20,0,0,2026-08-30T15:22:20Z,TROT,2140,40.0,1,nan
--headless --device cpu --reps 5 --foot-comp on --heading heading-only --params skill.STEP_WALK_MAX skill.STEP_TROT_MAX --swing-lift 40 --results-csv outputs/swing_lift_sym_steps.csv,0,step_up,1,3.2851168200339975,on,6,5,0.22,30,skill.STEP_TROT_MAX,step_up_0p22,0,0,2026-08-30T15:22:20Z,TROT,2140,40.0,1,nan
--headless --device cpu --reps 5 --foot-comp on --heading heading-only --params skill.STEP_WALK_MAX skill.STEP_TROT_MAX --swing-lift 40 --results-csv outputs/swing_lift_sym_steps.csv,0,step_up,1,3.1283754215604933,on,6,5,0.24,30,skill.STEP_TROT_MAX,step_up_0p24,0,0,2026-08-30T15:22:20Z,TROT,2140,40.0,1,nan
--headless --device cpu --reps 5 --foot-comp on --heading heading-only --params skill.STEP_WALK_MAX skill.STEP_TROT_MAX --swing-lift 40 --results-csv outputs/swing_lift_sym_steps.csv,0,step_up,1,2.348870730787105,on,6,5,0.26,30,skill.STEP_TROT_MAX,step_up_0p26,0,0,2026-08-30T15:22:20Z,TROT,2140,40.0,1,nan
--headless --device cpu --reps 5 --foot-comp on --heading heading-only --params skill.STEP_WALK_MAX skill.STEP_TROT_MAX --swing-lift 40 --results-csv outputs/swing_lift_sym_steps.csv,0,step_up,1,3.1464642563301837,on,6,5,0.28,30,skill.STEP_TROT_MAX,step_up_0p28,0,0,2026-08-30T15:22:20Z,TROT,2140,40.0,1,nan
--headless --device cpu --reps 5 --foot-comp on --heading heading-only --params skill.STEP_WALK_MAX skill.STEP_TROT_MAX --swing-lift 40 --results-csv outputs/swing_lift_sym_steps.csv,0,step_up,1,3.1686924168057016,on,6,5,0.3,30,skill.STEP_TROT_MAX,step_up_0p30,0,0,2026-08-30T15:22:20Z,TROT,2140,40.0,1,nan
--headless --device cpu --reps 5 --foot-comp on --heading heading-only --params skill.STEP_WALK_MAX skill.STEP_TROT_MAX --swing-lift 40 --results-csv outputs/swing_lift_sym_steps.csv,7,step_up,1,16.674108589175873,on,6,5,0.02,30,skill.STEP_WALK_MAX,step_up_0p02,0,1,2026-08-30T15:22:20Z,WALK,2140,40.0,1,nan
--headless --device cpu --reps 5 --foot-comp on --heading heading-only --params skill.STEP_WALK_MAX skill.STEP_TROT_MAX --swing-lift 40 --results-csv outputs/swing_lift_sym_steps.csv,7,step_up,1,4.960818188577617,on,6,5,0.04,30,skill.STEP_WALK_MAX,step_up_0p04,1,1,2026-08-30T15:22:20Z,WALK,2140,40.0,1,22.34
--headless --device cpu --reps 5 --foot-comp on --heading heading-only --params skill.STEP_WALK_MAX skill.STEP_TROT_MAX --swing-lift 40 --results-csv outputs/swing_lift_sym_steps.csv,7,step_up,1,1.9597819511309067,on,6,5,0.06,30,skill.STEP_WALK_MAX,step_up_0p06,0,1,2026-08-30T15:22:20Z,WALK,2140,40.0,1,nan
--headless --device cpu --reps 5 --foot-comp on --heading heading-only --params skill.STEP_WALK_MAX skill.STEP_TROT_MAX --swing-lift 40 --results-csv outputs/swing_lift_sym_steps.csv,7,step_up,1,15.99159106511009,on,6,5,0.08,30,skill.STEP_WALK_MAX,step_up_0p08,0,1,2026-08-30T15:22:20Z,WALK,2140,40.0,1,nan
--headless --device cpu --reps 5 --foot-comp on --heading heading-only --params skill.STEP_WALK_MAX skill.STEP_TROT_MAX --swing-lift 40 --results-csv outputs/swing_lift_sym_steps.csv,7,step_up,1,17.85101333557531,on,6,5,0.1,30,skill.STEP_WALK_MAX,step_up_0p10,0,1,2026-08-30T15:22:20Z,WALK,2140,40.0,1,nan
--headless --device cpu --reps 5 --foot-comp on --heading heading-only --params skill.STEP_WALK_MAX skill.STEP_TROT_MAX --swing-lift 40 --results-csv outputs/swing_lift_sym_steps.csv,7,step_up,1,12.511523726190433,on,6,5,0.12,30,skill.STEP_WALK_MAX,step_up_0p12,0,1,2026-08-30T15:22:20Z,WALK,2140,40.0,1,nan
--headless --device cpu --reps 5 --foot-comp on --heading heading-only --params skill.STEP_WALK_MAX skill.STEP_TROT_MAX --swing-lift 40 --results-csv outputs/swing_lift_sym_steps.csv,7,step_up,1,16.23846721582903,on,6,5,0.14,30,skill.STEP_WALK_MAX,step_up_0p14,0,1,2026-08-30T15:22:20Z,WALK,2140,40.0,1,nan
--headless --device cpu --reps 5 --foot-comp on --heading heading-only --params skill.STEP_WALK_MAX skill.STEP_TROT_MAX --swing-lift 40 --results-csv outputs/swing_lift_sym_steps.csv,7,step_up,1,16.250262149168687,on,6,5,0.16,30,skill.STEP_WALK_MAX,step_up_0p16,0,1,2026-08-30T15:22:20Z,WALK,2140,40.0,1,nan
--headless --device cpu --reps 5 --foot-comp on --heading heading-only --params skill.STEP_WALK_MAX skill.STEP_TROT_MAX --swing-lift 40 --results-csv outputs/swing_lift_sym_steps.csv,7,step_up,1,2.5872644672550176,on,6,5,0.18,30,skill.STEP_WALK_MAX,step_up_0p18,0,1,2026-08-30T15:22:20Z,WALK,2140,40.0,1,nan
--headless --device cpu --reps 5 --foot-comp on --heading heading-only --params skill.STEP_WALK_MAX skill.STEP_TROT_MAX --swing-lift 40 --results-csv outputs/swing_lift_sym_steps.csv,7,step_up,1,2.437621286948131,on,6,5,0.2,30,skill.STEP_WALK_MAX,step_up_0p20,0,1,2026-08-30T15:22:20Z,WALK,2140,40.0,1,nan
--headless --device cpu --reps 5 --foot-comp on --heading heading-only --params skill.STEP_WALK_MAX skill.STEP_TROT_MAX --swing-lift 40 --results-csv outputs/swing_lift_sym_steps.csv,7,step_up,1,2.4385066741323604,on,6,5,0.22,30,skill.STEP_WALK_MAX,step_up_0p22,0,1,2026-08-30T15:22:20Z,WALK,2140,40.0,1,nan
--headless --device cpu --reps 5 --foot-comp on --heading heading-only --params skill.STEP_WALK_MAX skill.STEP_TROT_MAX --swing-lift 40 --results-csv outputs/swing_lift_sym_steps.csv,7,step_up,1,17.914334444826743,on,6,5,0.24,30,skill.STEP_WALK_MAX,step_up_0p24,0,1,2026-08-30T15:22:20Z,WALK,2140,40.0,1,nan
--headless --device cpu --reps 5 --foot-comp on --heading heading-only --params skill.STEP_WALK_MAX skill.STEP_TROT_MAX --swing-lift 40 --results-csv outputs/swing_lift_sym_steps.csv,7,step_up,1,2.2931291993852603,on,6,5,0.26,30,skill.STEP_WALK_MAX,step_up_0p26,0,1,2026-08-30T15:22:20Z,WALK,2140,40.0,1,nan
--headless --device cpu --reps 5 --foot-comp on --heading heading-only --params skill.STEP_WALK_MAX skill.STEP_TROT_MAX --swing-lift 40 --results-csv outputs/swing_lift_sym_steps.csv,7,step_up,1,2.447554008573027,on,6,5,0.28,30,skill.STEP_WALK_MAX,step_up_0p28,0,1,2026-08-30T15:22:20Z,WALK,2140,40.0,1,nan
--headless --device cpu --reps 5 --foot-comp on --heading heading-only --params skill.STEP_WALK_MAX skill.STEP_TROT_MAX --swing-lift 40 --results-csv outputs/swing_lift_sym_steps.csv,7,step_up,1,2.428273171270865,on,6,5,0.3,30,skill.STEP_WALK_MAX,step_up_0p30,0,1,2026-08-30T15:22:20Z,WALK,2140,40.0,1,nan
--headless --device cpu --reps 5 --foot-comp on --heading heading-only --params skill.STEP_WALK_MAX skill.STEP_TROT_MAX --swing-lift 40 --results-csv outputs/swing_lift_sym_steps.csv,6,step_up,1,3.473717108957501,on,6,5,0.02,30,skill.STEP_TROT_MAX,step_up_0p02,0,1,2026-08-30T15:22:20Z,TROT,2140,40.0,1,nan
--headless --device cpu --reps 5 --foot-comp on --heading heading-only --params skill.STEP_WALK_MAX skill.STEP_TROT_MAX --swing-lift 40 --results-csv outputs/swing_lift_sym_steps.csv,6,step_up,0,3.488786861065969,on,6,5,0.04,30,skill.STEP_TROT_MAX,step_up_0p04,0,1,2026-08-30T15:22:20Z,TROT,2140,40.0,1,nan
--headless --device cpu --reps 5 --foot-comp on --heading heading-only --params skill.STEP_WALK_MAX skill.STEP_TROT_MAX --swing-lift 40 --results-csv outputs/swing_lift_sym_steps.csv,6,step_up,1,3.3246084842105303,on,6,5,0.06,30,skill.STEP_TROT_MAX,step_up_0p06,0,1,2026-08-30T15:22:20Z,TROT,2140,40.0,1,nan
--headless --device cpu --reps 5 --foot-comp on --heading heading-only --params skill.STEP_WALK_MAX skill.STEP_TROT_MAX --swing-lift 40 --results-csv outputs/swing_lift_sym_steps.csv,6,step_up,1,3.4086257845720875,on,6,5,0.08,30,skill.STEP_TROT_MAX,step_up_0p08,0,1,2026-08-30T15:22:20Z,TROT,2140,40.0,1,nan
--headless --device cpu --reps 5 --foot-comp on --heading heading-only --params skill.STEP_WALK_MAX skill.STEP_TROT_MAX --swing-lift 40 --results-csv outputs/swing_lift_sym_steps.csv,6,step_up,1,3.4034605530397473,on,6,5,0.1,30,skill.STEP_TROT_MAX,step_up_0p10,0,1,2026-08-30T15:22:20Z,TROT,2140,40.0,1,nan
--headless --device cpu --reps 5 --foot-comp on --heading heading-only --params skill.STEP_WALK_MAX skill.STEP_TROT_MAX --swing-lift 40 --results-csv outputs/swing_lift_sym_steps.csv,6,step_up,1,3.3871786371660186,on,6,5,0.12,30,skill.STEP_TROT_MAX,step_up_0p12,0,1,2026-08-30T15:22:20Z,TROT,2140,40.0,1,nan
--headless --device cpu --reps 5 --foot-comp on --heading heading-only --params skill.STEP_WALK_MAX skill.STEP_TROT_MAX --swing-lift 40 --results-csv outputs/swing_lift_sym_steps.csv,6,step_up,1,3.3774813629169116,on,6,5,0.14,30,skill.STEP_TROT_MAX,step_up_0p14,0,1,2026-08-30T15:22:20Z,TROT,2140,40.0,1,nan
--headless --device cpu --reps 5 --foot-comp on --heading heading-only --params skill.STEP_WALK_MAX skill.STEP_TROT_MAX --swing-lift 40 --results-csv outputs/swing_lift_sym_steps.csv,6,step_up,1,3.482760901969934,on,6,5,0.16,30,skill.STEP_TROT_MAX,step_up_0p16,0,1,2026-08-30T15:22:20Z,TROT,2140,40.0,1,nan
--headless --device cpu --reps 5 --foot-comp on --heading heading-only --params skill.STEP_WALK_MAX skill.STEP_TROT_MAX --swing-lift 40 --results-csv outputs/swing_lift_sym_steps.csv,6,step_up,1,3.296590674724933,on,6,5,0.18,30,skill.STEP_TROT_MAX,step_up_0p18,0,1,2026-08-30T15:22:20Z,TROT,2140,40.0,1,nan
--headless --device cpu --reps 5 --foot-comp on --heading heading-only --params skill.STEP_WALK_MAX skill.STEP_TROT_MAX --swing-lift 40 --results-csv outputs/swing_lift_sym_steps.csv,6,step_up,1,3.4684998480483253,on,6,5,0.2,30,skill.STEP_TROT_MAX,step_up_0p20,0,1,2026-08-30T15:22:20Z,TROT,2140,40.0,1,nan
--headless --device cpu --reps 5 --foot-comp on --heading heading-only --params skill.STEP_WALK_MAX skill.STEP_TROT_MAX --swing-lift 40 --results-csv outputs/swing_lift_sym_steps.csv,6,step_up,1,3.347557367851404,on,6,5,0.22,30,skill.STEP_TROT_MAX,step_up_0p22,0,1,2026-08-30T15:22:20Z,TROT,2140,40.0,1,nan
--headless --device cpu --reps 5 --foot-comp on --heading heading-only --params skill.STEP_WALK_MAX skill.STEP_TROT_MAX --swing-lift 40 --results-csv outputs/swing_lift_sym_steps.csv,6,step_up,1,3.393027837491013,on,6,5,0.24,30,skill.STEP_TROT_MAX,step_up_0p24,0,1,2026-08-30T15:22:20Z,TROT,2140,40.0,1,nan
--headless --device cpu --reps 5 --foot-comp on --heading heading-only --params skill.STEP_WALK_MAX skill.STEP_TROT_MAX --swing-lift 40 --results-csv outputs/swing_lift_sym_steps.csv,6,step_up,1,3.3540090660254993,on,6,5,0.26,30,skill.STEP_TROT_MAX,step_up_0p26,0,1,2026-08-30T15:22:20Z,TROT,2140,40.0,1,nan
--headless --device cpu --reps 5 --foot-comp on --heading heading-only --params skill.STEP_WALK_MAX skill.STEP_TROT_MAX --swing-lift 40 --results-csv outputs/swing_lift_sym_steps.csv,6,step_up,0,3.4155912399086525,on,6,5,0.28,30,skill.STEP_TROT_MAX,step_up_0p28,0,1,2026-08-30T15:22:20Z,TROT,2140,40.0,1,nan
--headless --device cpu --reps 5 --foot-comp on --heading heading-only --params skill.STEP_WALK_MAX skill.STEP_TROT_MAX --swing-lift 40 --results-csv outputs/swing_lift_sym_steps.csv,6,step_up,1,3.4756505510410753,on,6,5,0.3,30,skill.STEP_TROT_MAX,step_up_0p30,0,1,2026-08-30T15:22:20Z,TROT,2140,40.0,1,nan
--headless --device cpu --reps 5 --foot-comp on --heading heading-only --params skill.STEP_WALK_MAX skill.STEP_TROT_MAX --swing-lift 40 --results-csv outputs/swing_lift_sym_steps.csv,15,step_up,1,2.8005766131595604,on,6,5,0.02,30,skill.STEP_WALK_MAX,step_up_0p02,0,2,2026-08-30T15:22:20Z,WALK,661,40.0,1,nan
--headless --device cpu --reps 5 --foot-comp on --heading heading-only --params skill.STEP_WALK_MAX skill.STEP_TROT_MAX --swing-lift 40 --results-csv outputs/swing_lift_sym_steps.csv,15,step_up,1,2.9878150214902885,on,6,5,0.04,30,skill.STEP_WALK_MAX,step_up_0p04,0,2,2026-08-30T15:22:20Z,WALK,661,40.0,1,nan
--headless --device cpu --reps 5 --foot-comp on --heading heading-only --params skill.STEP_WALK_MAX skill.STEP_TROT_MAX --swing-lift 40 --results-csv outputs/swing_lift_sym_steps.csv,15,step_up,1,2.553703212205209,on,6,5,0.06,30,skill.STEP_WALK_MAX,step_up_0p06,0,2,2026-08-30T15:22:20Z,WALK,661,40.0,1,nan
--headless --device cpu --reps 5 --foot-comp on --heading heading-only --params skill.STEP_WALK_MAX skill.STEP_TROT_MAX --swing-lift 40 --results-csv outputs/swing_lift_sym_steps.csv,15,step_up,1,2.822019890026635,on,6,5,0.08,30,skill.STEP_WALK_MAX,step_up_0p08,0,2,2026-08-30T15:22:20Z,WALK,661,40.0,1,nan
--headless --device cpu --reps 5 --foot-comp on --heading heading-only --params skill.STEP_WALK_MAX skill.STEP_TROT_MAX --swing-lift 40 --results-csv outputs/swing_lift_sym_steps.csv,15,step_up,1,2.7684721293296914,on,6,5,0.1,30,skill.STEP_WALK_MAX,step_up_0p10,0,2,2026-08-30T15:22:20Z,WALK,661,40.0,1,nan
--headless --device cpu --reps 5 --foot-comp on --heading heading-only --params skill.STEP_WALK_MAX skill.STEP_TROT_MAX --swing-lift 40 --results-csv outputs/swing_lift_sym_steps.csv,15,step_up,1,2.182448847971505,on,6,5,0.12,30,skill.STEP_WALK_MAX,step_up_0p12,0,2,2026-08-30T15:22:20Z,WALK,661,40.0,1,nan
--headless --device cpu --reps 5 --foot-comp on --heading heading-only --params skill.STEP_WALK_MAX skill.STEP_TROT_MAX --swing-lift 40 --results-csv outputs/swing_lift_sym_steps.csv,15,step_up,1,2.7687395406103947,on,6,5,0.14,30,skill.STEP_WALK_MAX,step_up_0p14,0,2,2026-08-30T15:22:20Z,WALK,661,40.0,1,nan
--headless --device cpu --reps 5 --foot-comp on --heading heading-only --params skill.STEP_WALK_MAX skill.STEP_TROT_MAX --swing-lift 40 --results-csv outputs/swing_lift_sym_steps.csv,15,step_up,1,2.82979994639967,on,6,5,0.16,30,skill.STEP_WALK_MAX,step_up_0p16,0,2,2026-08-30T15:22:20Z,WALK,661,40.0,1,nan
--headless --device cpu --reps 5 --foot-comp on --heading heading-only --params skill.STEP_WALK_MAX skill.STEP_TROT_MAX --swing-lift 40 --results-csv outputs/swing_lift_sym_steps.csv,15,step_up,1,2.4085038133633097,on,6,5,0.18,30,skill.STEP_WALK_MAX,step_up_0p18,0,2,2026-08-30T15:22:20Z,WALK,661,40.0,1,nan
--headless --device cpu --reps 5 --foot-comp on --heading heading-only --params skill.STEP_WALK_MAX skill.STEP_TROT_MAX --swing-lift 40 --results-csv outputs/swing_lift_sym_steps.csv,15,step_up,1,2.783783180969507,on,6,5,0.2,30,skill.STEP_WALK_MAX,step_up_0p20,0,2,2026-08-30T15:22:20Z,WALK,661,40.0,1,nan
--headless --device cpu --reps 5 --foot-comp on --heading heading-only --params skill.STEP_WALK_MAX skill.STEP_TROT_MAX --swing-lift 40 --results-csv outputs/swing_lift_sym_steps.csv,15,step_up,1,2.8311381522931183,on,6,5,0.22,30,skill.STEP_WALK_MAX,step_up_0p22,0,2,2026-08-30T15:22:20Z,WALK,661,40.0,1,nan
--headless --device cpu --reps 5 --foot-comp on --heading heading-only --params skill.STEP_WALK_MAX skill.STEP_TROT_MAX --swing-lift 40 --results-csv outputs/swing_lift_sym_steps.csv,15,step_up,1,2.707251772214332,on,6,5,0.24,30,skill.STEP_WALK_MAX,step_up_0p24,0,2,2026-08-30T15:22:20Z,WALK,661,40.0,1,nan
--headless --device cpu --reps 5 --foot-comp on --heading heading-only --params skill.STEP_WALK_MAX skill.STEP_TROT_MAX --swing-lift 40 --results-csv outputs/swing_lift_sym_steps.csv,15,step_up,1,2.5904566331615886,on,6,5,0.26,30,skill.STEP_WALK_MAX,step_up_0p26,0,2,2026-08-30T15:22:20Z,WALK,661,40.0,1,nan
--headless --device cpu --reps 5 --foot-comp on --heading heading-only --params skill.STEP_WALK_MAX skill.STEP_TROT_MAX --swing-lift 40 --results-csv outputs/swing_lift_sym_steps.csv,15,step_up,1,2.7751766715229964,on,6,5,0.28,30,skill.STEP_WALK_MAX,step_up_0p28,0,2,2026-08-30T15:22:20Z,WALK,661,40.0,1,nan
--headless --device cpu --reps 5 --foot-comp on --heading heading-only --params skill.STEP_WALK_MAX skill.STEP_TROT_MAX --swing-lift 40 --results-csv outputs/swing_lift_sym_steps.csv,15,step_up,1,2.1698967795339583,on,6,5,0.3,30,skill.STEP_WALK_MAX,step_up_0p30,0,2,2026-08-30T15:22:20Z,WALK,661,40.0,1,nan
--headless --device cpu --reps 5 --foot-comp on --heading heading-only --params skill.STEP_WALK_MAX skill.STEP_TROT_MAX --swing-lift 40 --results-csv outputs/swing_lift_sym_steps.csv,13,step_up,1,4.280515932193619,on,6,5,0.02,30,skill.STEP_TROT_MAX,step_up_0p02,0,2,2026-08-30T15:22:20Z,TROT,661,40.0,1,nan
--headless --device cpu --reps 5 --foot-comp on --heading heading-only --params skill.STEP_WALK_MAX skill.STEP_TROT_MAX --swing-lift 40 --results-csv outputs/swing_lift_sym_steps.csv,13,step_up,1,4.273460935142881,on,6,5,0.04,30,skill.STEP_TROT_MAX,step_up_0p04,0,2,2026-08-30T15:22:20Z,TROT,661,40.0,1,nan
--headless --device cpu --reps 5 --foot-comp on --heading heading-only --params skill.STEP_WALK_MAX skill.STEP_TROT_MAX --swing-lift 40 --results-csv outputs/swing_lift_sym_steps.csv,13,step_up,1,4.291950580123197,on,6,5,0.06,30,skill.STEP_TROT_MAX,step_up_0p06,0,2,2026-08-30T15:22:20Z,TROT,661,40.0,1,nan
--headless --device cpu --reps 5 --foot-comp on --heading heading-only --params skill.STEP_WALK_MAX skill.STEP_TROT_MAX --swing-lift 40 --results-csv outputs/swing_lift_sym_steps.csv,13,step_up,1,4.291493814084812,on,6,5,0.08,30,skill.STEP_TROT_MAX,step_up_0p08,0,2,2026-08-30T15:22:20Z,TROT,661,40.0,1,nan
--headless --device cpu --reps 5 --foot-comp on --heading heading-only --params skill.STEP_WALK_MAX skill.STEP_TROT_MAX --swing-lift 40 --results-csv outputs/swing_lift_sym_steps.csv,13,step_up,1,4.292615330014269,on,6,5,0.1,30,skill.STEP_TROT_MAX,step_up_0p10,0,2,2026-08-30T15:22:20Z,TROT,661,40.0,1,nan
--headless --device cpu --reps 5 --foot-comp on --heading heading-only --params skill.STEP_WALK_MAX skill.STEP_TROT_MAX --swing-lift 40 --results-csv outputs/swing_lift_sym_steps.csv,13,step_up,1,4.285528727722058,on,6,5,0.12,30,skill.STEP_TROT_MAX,step_up_0p12,0,2,2026-08-30T15:22:20Z,TROT,661,40.0,1,nan
--headless --device cpu --reps 5 --foot-comp on --heading heading-only --params skill.STEP_WALK_MAX skill.STEP_TROT_MAX --swing-lift 40 --results-csv outputs/swing_lift_sym_steps.csv,13,step_up,1,4.2821564267683625,on,6,5,0.14,30,skill.STEP_TROT_MAX,step_up_0p14,0,2,2026-08-30T15:22:20Z,TROT,661,40.0,1,nan
--headless --device cpu --reps 5 --foot-comp on --heading heading-only --params skill.STEP_WALK_MAX skill.STEP_TROT_MAX --swing-lift 40 --results-csv outputs/swing_lift_sym_steps.csv,13,step_up,1,4.28604043430956,on,6,5,0.16,30,skill.STEP_TROT_MAX,step_up_0p16,0,2,2026-08-30T15:22:20Z,TROT,661,40.0,1,nan
--headless --device cpu --reps 5 --foot-comp on --heading heading-only --params skill.STEP_WALK_MAX skill.STEP_TROT_MAX --swing-lift 40 --results-csv outputs/swing_lift_sym_steps.csv,13,step_up,1,4.286716604934826,on,6,5,0.18,30,skill.STEP_TROT_MAX,step_up_0p18,0,2,2026-08-30T15:22:20Z,TROT,661,40.0,1,nan
--headless --device cpu --reps 5 --foot-comp on --heading heading-only --params skill.STEP_WALK_MAX skill.STEP_TROT_MAX --swing-lift 40 --results-csv outputs/swing_lift_sym_steps.csv,13,step_up,1,4.285322656841947,on,6,5,0.2,30,skill.STEP_TROT_MAX,step_up_0p20,0,2,2026-08-30T15:22:20Z,TROT,661,40.0,1,nan
--headless --device cpu --reps 5 --foot-comp on --heading heading-only --params skill.STEP_WALK_MAX skill.STEP_TROT_MAX --swing-lift 40 --results-csv outputs/swing_lift_sym_steps.csv,13,step_up,1,4.285218720681645,on,6,5,0.22,30,skill.STEP_TROT_MAX,step_up_0p22,0,2,2026-08-30T15:22:20Z,TROT,661,40.0,1,nan
--headless --device cpu --reps 5 --foot-comp on --heading heading-only --params skill.STEP_WALK_MAX skill.STEP_TROT_MAX --swing-lift 40 --results-csv outputs/swing_lift_sym_steps.csv,13,step_up,1,4.23312387180282,on,6,5,0.24,30,skill.STEP_TROT_MAX,step_up_0p24,0,2,2026-08-30T15:22:20Z,TROT,661,40.0,1,nan
--headless --device cpu --reps 5 --foot-comp on --heading heading-only --params skill.STEP_WALK_MAX skill.STEP_TROT_MAX --swing-lift 40 --results-csv outputs/swing_lift_sym_steps.csv,13,step_up,1,4.283654173031113,on,6,5,0.26,30,skill.STEP_TROT_MAX,step_up_0p26,0,2,2026-08-30T15:22:20Z,TROT,661,40.0,1,nan
--headless --device cpu --reps 5 --foot-comp on --heading heading-only --params skill.STEP_WALK_MAX skill.STEP_TROT_MAX --swing-lift 40 --results-csv outputs/swing_lift_sym_steps.csv,13,step_up,1,4.282473955705356,on,6,5,0.28,30,skill.STEP_TROT_MAX,step_up_0p28,0,2,2026-08-30T15:22:20Z,TROT,661,40.0,1,nan
--headless --device cpu --reps 5 --foot-comp on --heading heading-only --params skill.STEP_WALK_MAX skill.STEP_TROT_MAX --swing-lift 40 --results-csv outputs/swing_lift_sym_steps.csv,13,step_up,1,4.233549348102072,on,6,5,0.3,30,skill.STEP_TROT_MAX,step_up_0p30,0,2,2026-08-30T15:22:20Z,TROT,661,40.0,1,nan
--headless --device cpu --reps 5 --foot-comp on --heading heading-only --params skill.STEP_WALK_MAX skill.STEP_TROT_MAX --swing-lift 40 --results-csv outputs/swing_lift_sym_steps.csv,22,step_up,1,5.294923525774847,on,6,5,0.02,30,skill.STEP_WALK_MAX,step_up_0p02,0,3,2026-08-30T15:22:20Z,WALK,965,40.0,1,nan
--headless --device cpu --reps 5 --foot-comp on --heading heading-only --params skill.STEP_WALK_MAX skill.STEP_TROT_MAX --swing-lift 40 --results-csv outputs/swing_lift_sym_steps.csv,22,step_up,1,4.947855002747581,on,6,5,0.04,30,skill.STEP_WALK_MAX,step_up_0p04,0,3,2026-08-30T15:22:20Z,WALK,965,40.0,1,nan
--headless --device cpu --reps 5 --foot-comp on --heading heading-only --params skill.STEP_WALK_MAX skill.STEP_TROT_MAX --swing-lift 40 --results-csv outputs/swing_lift_sym_steps.csv,22,step_up,1,5.911316544188459,on,6,5,0.06,30,skill.STEP_WALK_MAX,step_up_0p06,0,3,2026-08-30T15:22:20Z,WALK,965,40.0,1,nan
--headless --device cpu --reps 5 --foot-comp on --heading heading-only --params skill.STEP_WALK_MAX skill.STEP_TROT_MAX --swing-lift 40 --results-csv outputs/swing_lift_sym_steps.csv,22,step_up,1,3.9523456772156558,on,6,5,0.08,30,skill.STEP_WALK_MAX,step_up_0p08,0,3,2026-08-30T15:22:20Z,WALK,965,40.0,1,nan
--headless --device cpu --reps 5 --foot-comp on --heading heading-only --params skill.STEP_WALK_MAX skill.STEP_TROT_MAX --swing-lift 40 --results-csv outputs/swing_lift_sym_steps.csv,22,step_up,1,4.849263370003982,on,6,5,0.1,30,skill.STEP_WALK_MAX,step_up_0p10,0,3,2026-08-30T15:22:20Z,WALK,965,40.0,1,nan
--headless --device cpu --reps 5 --foot-comp on --heading heading-only --params skill.STEP_WALK_MAX skill.STEP_TROT_MAX --swing-lift 40 --results-csv outputs/swing_lift_sym_steps.csv,22,step_up,1,6.278698747277929,on,6,5,0.12,30,skill.STEP_WALK_MAX,step_up_0p12,0,3,2026-08-30T15:22:20Z,WALK,965,40.0,1,nan
--headless --device cpu --reps 5 --foot-comp on --heading heading-only --params skill.STEP_WALK_MAX skill.STEP_TROT_MAX --swing-lift 40 --results-csv outputs/swing_lift_sym_steps.csv,22,step_up,1,6.584617207440906,on,6,5,0.14,30,skill.STEP_WALK_MAX,step_up_0p14,0,3,2026-08-30T15:22:20Z,WALK,965,40.0,1,nan
--headless --device cpu --reps 5 --foot-comp on --heading heading-only --params skill.STEP_WALK_MAX skill.STEP_TROT_MAX --swing-lift 40 --results-csv outputs/swing_lift_sym_steps.csv,22,step_up,1,6.42986317488089,on,6,5,0.16,30,skill.STEP_WALK_MAX,step_up_0p16,0,3,2026-08-30T15:22:20Z,WALK,965,40.0,1,nan
--headless --device cpu --reps 5 --foot-comp on --heading heading-only --params skill.STEP_WALK_MAX skill.STEP_TROT_MAX --swing-lift 40 --results-csv outputs/swing_lift_sym_steps.csv,22,step_up,1,5.3418432121756725,on,6,5,0.18,30,skill.STEP_WALK_MAX,step_up_0p18,0,3,2026-08-30T15:22:20Z,WALK,965,40.0,1,nan
--headless --device cpu --reps 5 --foot-comp on --heading heading-only --params skill.STEP_WALK_MAX skill.STEP_TROT_MAX --swing-lift 40 --results-csv outputs/swing_lift_sym_steps.csv,22,step_up,1,5.609737984100315,on,6,5,0.2,30,skill.STEP_WALK_MAX,step_up_0p20,0,3,2026-08-30T15:22:20Z,WALK,965,40.0,1,nan
--headless --device cpu --reps 5 --foot-comp on --heading heading-only --params skill.STEP_WALK_MAX skill.STEP_TROT_MAX --swing-lift 40 --results-csv outputs/swing_lift_sym_steps.csv,22,step_up,1,2.6199451940889564,on,6,5,0.22,30,skill.STEP_WALK_MAX,step_up_0p22,0,3,2026-08-30T15:22:20Z,WALK,965,40.0,1,nan
--headless --device cpu --reps 5 --foot-comp on --heading heading-only --params skill.STEP_WALK_MAX skill.STEP_TROT_MAX --swing-lift 40 --results-csv outputs/swing_lift_sym_steps.csv,22,step_up,1,2.8139126065602147,on,6,5,0.24,30,skill.STEP_WALK_MAX,step_up_0p24,0,3,2026-08-30T15:22:20Z,WALK,965,40.0,1,nan
--headless --device cpu --reps 5 --foot-comp on --heading heading-only --params skill.STEP_WALK_MAX skill.STEP_TROT_MAX --swing-lift 40 --results-csv outputs/swing_lift_sym_steps.csv,22,step_up,1,7.03038822130993,on,6,5,0.26,30,skill.STEP_WALK_MAX,step_up_0p26,0,3,2026-08-30T15:22:20Z,WALK,965,40.0,1,nan
--headless --device cpu --reps 5 --foot-comp on --heading heading-only --params skill.STEP_WALK_MAX skill.STEP_TROT_MAX --swing-lift 40 --results-csv outputs/swing_lift_sym_steps.csv,22,step_up,1,4.954918904235908,on,6,5,0.28,30,skill.STEP_WALK_MAX,step_up_0p28,0,3,2026-08-30T15:22:20Z,WALK,965,40.0,1,nan
--headless --device cpu --reps 5 --foot-comp on --heading heading-only --params skill.STEP_WALK_MAX skill.STEP_TROT_MAX --swing-lift 40 --results-csv outputs/swing_lift_sym_steps.csv,22,step_up,1,3.994489519634866,on,6,5,0.3,30,skill.STEP_WALK_MAX,step_up_0p30,0,3,2026-08-30T15:22:20Z,WALK,965,40.0,1,nan
--headless --device cpu --reps 5 --foot-comp on --heading heading-only --params skill.STEP_WALK_MAX skill.STEP_TROT_MAX --swing-lift 40 --results-csv outputs/swing_lift_sym_steps.csv,19,step_up,1,4.355408907373386,on,6,5,0.02,30,skill.STEP_TROT_MAX,step_up_0p02,0,3,2026-08-30T15:22:20Z,TROT,965,40.0,1,nan
--headless --device cpu --reps 5 --foot-comp on --heading heading-only --params skill.STEP_WALK_MAX skill.STEP_TROT_MAX --swing-lift 40 --results-csv outputs/swing_lift_sym_steps.csv,19,step_up,1,4.448157147065781,on,6,5,0.04,30,skill.STEP_TROT_MAX,step_up_0p04,0,3,2026-08-30T15:22:20Z,TROT,965,40.0,1,nan
--headless --device cpu --reps 5 --foot-comp on --heading heading-only --params skill.STEP_WALK_MAX skill.STEP_TROT_MAX --swing-lift 40 --results-csv outputs/swing_lift_sym_steps.csv,19,step_up,1,4.349370883653877,on,6,5,0.06,30,skill.STEP_TROT_MAX,step_up_0p06,0,3,2026-08-30T15:22:20Z,TROT,965,40.0,1,nan
--headless --device cpu --reps 5 --foot-comp on --heading heading-only --params skill.STEP_WALK_MAX skill.STEP_TROT_MAX --swing-lift 40 --results-csv outputs/swing_lift_sym_steps.csv,19,step_up,1,4.392158439979062,on,6,5,0.08,30,skill.STEP_TROT_MAX,step_up_0p08,0,3,2026-08-30T15:22:20Z,TROT,965,40.0,1,nan
--headless --device cpu --reps 5 --foot-comp on --heading heading-only --params skill.STEP_WALK_MAX skill.STEP_TROT_MAX --swing-lift 40 --results-csv outputs/swing_lift_sym_steps.csv,19,step_up,1,4.3573241794715845,on,6,5,0.1,30,skill.STEP_TROT_MAX,step_up_0p10,0,3,2026-08-30T15:22:20Z,TROT,965,40.0,1,nan
--headless --device cpu --reps 5 --foot-comp on --heading heading-only --params skill.STEP_WALK_MAX skill.STEP_TROT_MAX --swing-lift 40 --results-csv outputs/swing_lift_sym_steps.csv,19,step_up,1,4.389681773820082,on,6,5,0.12,30,skill.STEP_TROT_MAX,step_up_0p12,0,3,2026-08-30T15:22:20Z,TROT,965,40.0,1,nan
--headless --device cpu --reps 5 --foot-comp on --heading heading-only --params skill.STEP_WALK_MAX skill.STEP_TROT_MAX --swing-lift 40 --results-csv outputs/swing_lift_sym_steps.csv,19,step_up,1,4.3656244794471855,on,6,5,0.14,30,skill.STEP_TROT_MAX,step_up_0p14,0,3,2026-08-30T15:22:20Z,TROT,965,40.0,1,nan
--headless --device cpu --reps 5 --foot-comp on --heading heading-only --params skill.STEP_WALK_MAX skill.STEP_TROT_MAX --swing-lift 40 --results-csv outputs/swing_lift_sym_steps.csv,19,step_up,1,4.460560485018048,on,6,5,0.16,30,skill.STEP_TROT_MAX,step_up_0p16,0,3,2026-08-30T15:22:20Z,TROT,965,40.0,1,nan
--headless --device cpu --reps 5 --foot-comp on --heading heading-only --params skill.STEP_WALK_MAX skill.STEP_TROT_MAX --swing-lift 40 --results-csv outputs/swing_lift_sym_steps.csv,19,step_up,1,4.34051837622649,on,6,5,0.18,30,skill.STEP_TROT_MAX,step_up_0p18,0,3,2026-08-30T15:22:20Z,TROT,965,40.0,1,nan
--headless --device cpu --reps 5 --foot-comp on --heading heading-only --params skill.STEP_WALK_MAX skill.STEP_TROT_MAX --swing-lift 40 --results-csv outputs/swing_lift_sym_steps.csv,19,step_up,1,4.369705130189635,on,6,5,0.2,30,skill.STEP_TROT_MAX,step_up_0p20,0,3,2026-08-30T15:22:20Z,TROT,965,40.0,1,nan
--headless --device cpu --reps 5 --foot-comp on --heading heading-only --params skill.STEP_WALK_MAX skill.STEP_TROT_MAX --swing-lift 40 --results-csv outputs/swing_lift_sym_steps.csv,19,step_up,1,4.370190247723358,on,6,5,0.22,30,skill.STEP_TROT_MAX,step_up_0p22,0,3,2026-08-30T15:22:20Z,TROT,965,40.0,1,nan
--headless --device cpu --reps 5 --foot-comp on --heading heading-only --params skill.STEP_WALK_MAX skill.STEP_TROT_MAX --swing-lift 40 --results-csv outputs/swing_lift_sym_steps.csv,19,step_up,1,4.410712492709129,on,6,5,0.24,30,skill.STEP_TROT_MAX,step_up_0p24,0,3,2026-08-30T15:22:20Z,TROT,965,40.0,1,nan
--headless --device cpu --reps 5 --foot-comp on --heading heading-only --params skill.STEP_WALK_MAX skill.STEP_TROT_MAX --swing-lift 40 --results-csv outputs/swing_lift_sym_steps.csv,19,step_up,1,4.392112034613855,on,6,5,0.26,30,skill.STEP_TROT_MAX,step_up_0p26,0,3,2026-08-30T15:22:20Z,TROT,965,40.0,1,nan
--headless --device cpu --reps 5 --foot-comp on --heading heading-only --params skill.STEP_WALK_MAX skill.STEP_TROT_MAX --swing-lift 40 --results-csv outputs/swing_lift_sym_steps.csv,19,step_up,1,4.372653881162597,on,6,5,0.28,30,skill.STEP_TROT_MAX,step_up_0p28,0,3,2026-08-30T15:22:20Z,TROT,965,40.0,1,nan
--headless --device cpu --reps 5 --foot-comp on --heading heading-only --params skill.STEP_WALK_MAX skill.STEP_TROT_MAX --swing-lift 40 --results-csv outputs/swing_lift_sym_steps.csv,19,step_up,1,4.0605826335016,on,6,5,0.3,30,skill.STEP_TROT_MAX,step_up_0p30,0,3,2026-08-30T15:22:20Z,TROT,965,40.0,1,nan
--headless --device cpu --reps 5 --foot-comp on --heading heading-only --params skill.STEP_WALK_MAX skill.STEP_TROT_MAX --swing-lift 40 --results-csv outputs/swing_lift_sym_steps.csv,30,step_up,1,2.997993829370771,on,6,5,0.02,30,skill.STEP_WALK_MAX,step_up_0p02,0,4,2026-08-30T15:22:20Z,WALK,711,40.0,1,nan
--headless --device cpu --reps 5 --foot-comp on --heading heading-only --params skill.STEP_WALK_MAX skill.STEP_TROT_MAX --swing-lift 40 --results-csv outputs/swing_lift_sym_steps.csv,30,step_up,1,2.9355647644873684,on,6,5,0.04,30,skill.STEP_WALK_MAX,step_up_0p04,0,4,2026-08-30T15:22:20Z,WALK,711,40.0,1,nan
--headless --device cpu --reps 5 --foot-comp on --heading heading-only --params skill.STEP_WALK_MAX skill.STEP_TROT_MAX --swing-lift 40 --results-csv outputs/swing_lift_sym_steps.csv,30,step_up,1,3.2889785580204025,on,6,5,0.06,30,skill.STEP_WALK_MAX,step_up_0p06,0,4,2026-08-30T15:22:20Z,WALK,711,40.0,1,nan
--headless --device cpu --reps 5 --foot-comp on --heading heading-only --params skill.STEP_WALK_MAX skill.STEP_TROT_MAX --swing-lift 40 --results-csv outputs/swing_lift_sym_steps.csv,30,step_up,1,2.6855468100424003,on,6,5,0.08,30,skill.STEP_WALK_MAX,step_up_0p08,0,4,2026-08-30T15:22:20Z,WALK,711,40.0,1,nan
--headless --device cpu --reps 5 --foot-comp on --heading heading-only --params skill.STEP_WALK_MAX skill.STEP_TROT_MAX --swing-lift 40 --results-csv outputs/swing_lift_sym_steps.csv,30,step_up,1,2.6080368796543216,on,6,5,0.1,30,skill.STEP_WALK_MAX,step_up_0p10,0,4,2026-08-30T15:22:20Z,WALK,711,40.0,1,nan
--headless --device cpu --reps 5 --foot-comp on --heading heading-only --params skill.STEP_WALK_MAX skill.STEP_TROT_MAX --swing-lift 40 --results-csv outputs/swing_lift_sym_steps.csv,30,step_up,1,2.6346646841127805,on,6,5,0.12,30,skill.STEP_WALK_MAX,step_up_0p12,0,4,2026-08-30T15:22:20Z,WALK,711,40.0,1,nan
--headless --device cpu --reps 5 --foot-comp on --heading heading-only --params skill.STEP_WALK_MAX skill.STEP_TROT_MAX --swing-lift 40 --results-csv outputs/swing_lift_sym_steps.csv,30,step_up,1,2.6385856133452785,on,6,5,0.14,30,skill.STEP_WALK_MAX,step_up_0p14,0,4,2026-08-30T15:22:20Z,WALK,711,40.0,1,nan
--headless --device cpu --reps 5 --foot-comp on --heading heading-only --params skill.STEP_WALK_MAX skill.STEP_TROT_MAX --swing-lift 40 --results-csv outputs/swing_lift_sym_steps.csv,30,step_up,1,2.7334947911551684,on,6,5,0.16,30,skill.STEP_WALK_MAX,step_up_0p16,0,4,2026-08-30T15:22:20Z,WALK,711,40.0,1,nan
--headless --device cpu --reps 5 --foot-comp on --heading heading-only --params skill.STEP_WALK_MAX skill.STEP_TROT_MAX --swing-lift 40 --results-csv outputs/swing_lift_sym_steps.csv,30,step_up,1,2.2936938240039333,on,6,5,0.18,30,skill.STEP_WALK_MAX,step_up_0p18,0,4,2026-08-30T15:22:20Z,WALK,711,40.0,1,nan
--headless --device cpu --reps 5 --foot-comp on --heading heading-only --params skill.STEP_WALK_MAX skill.STEP_TROT_MAX --swing-lift 40 --results-csv outputs/swing_lift_sym_steps.csv,30,step_up,1,3.3045512735675873,on,6,5,0.2,30,skill.STEP_WALK_MAX,step_up_0p20,0,4,2026-08-30T15:22:20Z,WALK,711,40.0,1,nan
--headless --device cpu --reps 5 --foot-comp on --heading heading-only --params skill.STEP_WALK_MAX skill.STEP_TROT_MAX --swing-lift 40 --results-csv outputs/swing_lift_sym_steps.csv,30,step_up,1,3.1170631518641363,on,6,5,0.22,30,skill.STEP_WALK_MAX,step_up_0p22,0,4,2026-08-30T15:22:20Z,WALK,711,40.0,1,nan
--headless --device cpu --reps 5 --foot-comp on --heading heading-only --params skill.STEP_WALK_MAX skill.STEP_TROT_MAX --swing-lift 40 --results-csv outputs/swing_lift_sym_steps.csv,30,step_up,1,2.736074187283211,on,6,5,0.24,30,skill.STEP_WALK_MAX,step_up_0p24,0,4,2026-08-30T15:22:20Z,WALK,711,40.0,1,nan
--headless --device cpu --reps 5 --foot-comp on --heading heading-only --params skill.STEP_WALK_MAX skill.STEP_TROT_MAX --swing-lift 40 --results-csv outputs/swing_lift_sym_steps.csv,30,step_up,1,2.636462459596138,on,6,5,0.26,30,skill.STEP_WALK_MAX,step_up_0p26,0,4,2026-08-30T15:22:20Z,WALK,711,40.0,1,nan
--headless --device cpu --reps 5 --foot-comp on --heading heading-only --params skill.STEP_WALK_MAX skill.STEP_TROT_MAX --swing-lift 40 --results-csv outputs/swing_lift_sym_steps.csv,30,step_up,1,3.235037054889738,on,6,5,0.28,30,skill.STEP_WALK_MAX,step_up_0p28,0,4,2026-08-30T15:22:20Z,WALK,711,40.0,1,nan
--headless --device cpu --reps 5 --foot-comp on --heading heading-only --params skill.STEP_WALK_MAX skill.STEP_TROT_MAX --swing-lift 40 --results-csv outputs/swing_lift_sym_steps.csv,30,step_up,1,2.9724518122614416,on,6,5,0.3,30,skill.STEP_WALK_MAX,step_up_0p30,0,4,2026-08-30T15:22:20Z,WALK,711,40.0,1,nan
--headless --device cpu --reps 5 --foot-comp on --heading heading-only --params skill.STEP_WALK_MAX skill.STEP_TROT_MAX --swing-lift 40 --results-csv outputs/swing_lift_sym_steps.csv,26,step_up,1,4.3543057004745425,on,6,5,0.02,30,skill.STEP_TROT_MAX,step_up_0p02,0,4,2026-08-30T15:22:20Z,TROT,711,40.0,1,nan
--headless --device cpu --reps 5 --foot-comp on --heading heading-only --params skill.STEP_WALK_MAX skill.STEP_TROT_MAX --swing-lift 40 --results-csv outputs/swing_lift_sym_steps.csv,26,step_up,1,4.3464076378132654,on,6,5,0.04,30,skill.STEP_TROT_MAX,step_up_0p04,0,4,2026-08-30T15:22:20Z,TROT,711,40.0,1,nan
--headless --device cpu --reps 5 --foot-comp on --heading heading-only --params skill.STEP_WALK_MAX skill.STEP_TROT_MAX --swing-lift 40 --results-csv outputs/swing_lift_sym_steps.csv,26,step_up,1,4.368001325511969,on,6,5,0.06,30,skill.STEP_TROT_MAX,step_up_0p06,0,4,2026-08-30T15:22:20Z,TROT,711,40.0,1,nan
--headless --device cpu --reps 5 --foot-comp on --heading heading-only --params skill.STEP_WALK_MAX skill.STEP_TROT_MAX --swing-lift 40 --results-csv outputs/swing_lift_sym_steps.csv,26,step_up,1,4.36012202497089,on,6,5,0.08,30,skill.STEP_TROT_MAX,step_up_0p08,0,4,2026-08-30T15:22:20Z,TROT,711,40.0,1,nan
--headless --device cpu --reps 5 --foot-comp on --heading heading-only --params skill.STEP_WALK_MAX skill.STEP_TROT_MAX --swing-lift 40 --results-csv outputs/swing_lift_sym_steps.csv,26,step_up,1,4.361954703554236,on,6,5,0.1,30,skill.STEP_TROT_MAX,step_up_0p10,0,4,2026-08-30T15:22:20Z,TROT,711,40.0,1,nan
--headless --device cpu --reps 5 --foot-comp on --heading heading-only --params skill.STEP_WALK_MAX skill.STEP_TROT_MAX --swing-lift 40 --results-csv outputs/swing_lift_sym_steps.csv,26,step_up,1,4.3419108493612235,on,6,5,0.12,30,skill.STEP_TROT_MAX,step_up_0p12,0,4,2026-08-30T15:22:20Z,TROT,711,40.0,1,nan
--headless --device cpu --reps 5 --foot-comp on --heading heading-only --params skill.STEP_WALK_MAX skill.STEP_TROT_MAX --swing-lift 40 --results-csv outputs/swing_lift_sym_steps.csv,26,step_up,1,4.354045602166659,on,6,5,0.14,30,skill.STEP_TROT_MAX,step_up_0p14,0,4,2026-08-30T15:22:20Z,TROT,711,40.0,1,nan
--headless --device cpu --reps 5 --foot-comp on --heading heading-only --params skill.STEP_WALK_MAX skill.STEP_TROT_MAX --swing-lift 40 --results-csv outputs/swing_lift_sym_steps.csv,26,step_up,1,4.357406357573432,on,6,5,0.16,30,skill.STEP_TROT_MAX,step_up_0p16,0,4,2026-08-30T15:22:20Z,TROT,711,40.0,1,nan
--headless --device cpu --reps 5 --foot-comp on --heading heading-only --params skill.STEP_WALK_MAX skill.STEP_TROT_MAX --swing-lift 40 --results-csv outputs/swing_lift_sym_steps.csv,26,step_up,1,4.355787782850548,on,6,5,0.18,30,skill.STEP_TROT_MAX,step_up_0p18,0,4,2026-08-30T15:22:20Z,TROT,711,40.0,1,nan
--headless --device cpu --reps 5 --foot-comp on --heading heading-only --params skill.STEP_WALK_MAX skill.STEP_TROT_MAX --swing-lift 40 --results-csv outputs/swing_lift_sym_steps.csv,26,step_up,1,4.366689771188713,on,6,5,0.2,30,skill.STEP_TROT_MAX,step_up_0p20,0,4,2026-08-30T15:22:20Z,TROT,711,40.0,1,nan
--headless --device cpu --reps 5 --foot-comp on --heading heading-only --params skill.STEP_WALK_MAX skill.STEP_TROT_MAX --swing-lift 40 --results-csv outputs/swing_lift_sym_steps.csv,26,step_up,1,4.356846784259648,on,6,5,0.22,30,skill.STEP_TROT_MAX,step_up_0p22,0,4,2026-08-30T15:22:20Z,TROT,711,40.0,1,nan
--headless --device cpu --reps 5 --foot-comp on --heading heading-only --params skill.STEP_WALK_MAX skill.STEP_TROT_MAX --swing-lift 40 --results-csv outputs/swing_lift_sym_steps.csv,26,step_up,1,4.345409298327804,on,6,5,0.24,30,skill.STEP_TROT_MAX,step_up_0p24,0,4,2026-08-30T15:22:20Z,TROT,711,40.0,1,nan
--headless --device cpu --reps 5 --foot-comp on --heading heading-only --params skill.STEP_WALK_MAX skill.STEP_TROT_MAX --swing-lift 40 --results-csv outputs/swing_lift_sym_steps.csv,26,step_up,1,4.350939845307368,on,6,5,0.26,30,skill.STEP_TROT_MAX,step_up_0p26,0,4,2026-08-30T15:22:20Z,TROT,711,40.0,1,nan
--headless --device cpu --reps 5 --foot-comp on --heading heading-only --params skill.STEP_WALK_MAX skill.STEP_TROT_MAX --swing-lift 40 --results-csv outputs/swing_lift_sym_steps.csv,26,step_up,1,4.3630901542415454,on,6,5,0.28,30,skill.STEP_TROT_MAX,step_up_0p28,0,4,2026-08-30T15:22:20Z,TROT,711,40.0,1,nan
--headless --device cpu --reps 5 --foot-comp on --heading heading-only --params skill.STEP_WALK_MAX skill.STEP_TROT_MAX --swing-lift 40 --results-csv outputs/swing_lift_sym_steps.csv,26,step_up,1,4.353899163140472,on,6,5,0.3,30,skill.STEP_TROT_MAX,step_up_0p30,0,4,2026-08-30T15:22:20Z,TROT,711,40.0,1,nan
--headless --device cpu --reps 5 --foot-comp on --heading heading-only --params skill.STEP_WALK_MAX skill.STEP_TROT_MAX --swing-lift 60 --results-csv outputs/swing_lift_sym_steps.csv,0,step_up,1,21.734998098153653,on,6,5,0.02,30,skill.STEP_WALK_MAX,step_up_0p02,0,0,2026-08-30T15:25:24Z,WALK,2140,60.0,1,nan
--headless --device cpu --reps 5 --foot-comp on --heading heading-only --params skill.STEP_WALK_MAX skill.STEP_TROT_MAX --swing-lift 60 --results-csv outputs/swing_lift_sym_steps.csv,0,step_up,1,21.207936444631407,on,6,5,0.04,30,skill.STEP_WALK_MAX,step_up_0p04,0,0,2026-08-30T15:25:24Z,WALK,2140,60.0,1,nan
--headless --device cpu --reps 5 --foot-comp on --heading heading-only --params skill.STEP_WALK_MAX skill.STEP_TROT_MAX --swing-lift 60 --results-csv outputs/swing_lift_sym_steps.csv,0,step_up,1,38.02921733466303,on,6,5,0.06,30,skill.STEP_WALK_MAX,step_up_0p06,0,0,2026-08-30T15:25:24Z,WALK,2140,60.0,1,nan
--headless --device cpu --reps 5 --foot-comp on --heading heading-only --params skill.STEP_WALK_MAX skill.STEP_TROT_MAX --swing-lift 60 --results-csv outputs/swing_lift_sym_steps.csv,0,step_up,1,2.48341246398299,on,6,5,0.08,30,skill.STEP_WALK_MAX,step_up_0p08,0,0,2026-08-30T15:25:24Z,WALK,2140,60.0,1,nan
--headless --device cpu --reps 5 --foot-comp on --heading heading-only --params skill.STEP_WALK_MAX skill.STEP_TROT_MAX --swing-lift 60 --results-csv outputs/swing_lift_sym_steps.csv,0,step_up,1,2.5035666532705854,on,6,5,0.1,30,skill.STEP_WALK_MAX,step_up_0p10,0,0,2026-08-30T15:25:24Z,WALK,2140,60.0,1,nan
--headless --device cpu --reps 5 --foot-comp on --heading heading-only --params skill.STEP_WALK_MAX skill.STEP_TROT_MAX --swing-lift 60 --results-csv outputs/swing_lift_sym_steps.csv,0,step_up,1,2.534853663114081,on,6,5,0.12,30,skill.STEP_WALK_MAX,step_up_0p12,0,0,2026-08-30T15:25:24Z,WALK,2140,60.0,1,nan
--headless --device cpu --reps 5 --foot-comp on --heading heading-only --params skill.STEP_WALK_MAX skill.STEP_TROT_MAX --swing-lift 60 --results-csv outputs/swing_lift_sym_steps.csv,0,step_up,1,15.396750247875902,on,6,5,0.14,30,skill.STEP_WALK_MAX,step_up_0p14,0,0,2026-08-30T15:25:24Z,WALK,2140,60.0,1,nan
--headless --device cpu --reps 5 --foot-comp on --heading heading-only --params skill.STEP_WALK_MAX skill.STEP_TROT_MAX --swing-lift 60 --results-csv outputs/swing_lift_sym_steps.csv,0,step_up,1,2.474999362555247,on,6,5,0.16,30,skill.STEP_WALK_MAX,step_up_0p16,0,0,2026-08-30T15:25:24Z,WALK,2140,60.0,1,nan
--headless --device cpu --reps 5 --foot-comp on --heading heading-only --params skill.STEP_WALK_MAX skill.STEP_TROT_MAX --swing-lift 60 --results-csv outputs/swing_lift_sym_steps.csv,0,step_up,1,14.998681389530436,on,6,5,0.18,30,skill.STEP_WALK_MAX,step_up_0p18,0,0,2026-08-30T15:25:24Z,WALK,2140,60.0,1,nan
--headless --device cpu --reps 5 --foot-comp on --heading heading-only --params skill.STEP_WALK_MAX skill.STEP_TROT_MAX --swing-lift 60 --results-csv outputs/swing_lift_sym_steps.csv,0,step_up,1,13.554536691155178,on,6,5,0.2,30,skill.STEP_WALK_MAX,step_up_0p20,0,0,2026-08-30T15:25:24Z,WALK,2140,60.0,1,nan
--headless --device cpu --reps 5 --foot-comp on --heading heading-only --params skill.STEP_WALK_MAX skill.STEP_TROT_MAX --swing-lift 60 --results-csv outputs/swing_lift_sym_steps.csv,0,step_up,1,2.456168372859073,on,6,5,0.22,30,skill.STEP_WALK_MAX,step_up_0p22,0,0,2026-08-30T15:25:24Z,WALK,2140,60.0,1,nan
--headless --device cpu --reps 5 --foot-comp on --heading heading-only --params skill.STEP_WALK_MAX skill.STEP_TROT_MAX --swing-lift 60 --results-csv outputs/swing_lift_sym_steps.csv,0,step_up,1,2.461478275501853,on,6,5,0.24,30,skill.STEP_WALK_MAX,step_up_0p24,0,0,2026-08-30T15:25:24Z,WALK,2140,60.0,1,nan
--headless --device cpu --reps 5 --foot-comp on --heading heading-only --params skill.STEP_WALK_MAX skill.STEP_TROT_MAX --swing-lift 60 --results-csv outputs/swing_lift_sym_steps.csv,0,step_up,1,19.872797960452676,on,6,5,0.26,30,skill.STEP_WALK_MAX,step_up_0p26,0,0,2026-08-30T15:25:24Z,WALK,2140,60.0,1,nan
--headless --device cpu --reps 5 --foot-comp on --heading heading-only --params skill.STEP_WALK_MAX skill.STEP_TROT_MAX --swing-lift 60 --results-csv outputs/swing_lift_sym_steps.csv,0,step_up,1,2.461939563818131,on,6,5,0.28,30,skill.STEP_WALK_MAX,step_up_0p28,0,0,2026-08-30T15:25:24Z,WALK,2140,60.0,1,nan
--headless --device cpu --reps 5 --foot-comp on --heading heading-only --params skill.STEP_WALK_MAX skill.STEP_TROT_MAX --swing-lift 60 --results-csv outputs/swing_lift_sym_steps.csv,0,step_up,1,2.4978681994601017,on,6,5,0.3,30,skill.STEP_WALK_MAX,step_up_0p30,0,0,2026-08-30T15:25:24Z,WALK,2140,60.0,1,nan
--headless --device cpu --reps 5 --foot-comp on --heading heading-only --params skill.STEP_WALK_MAX skill.STEP_TROT_MAX --swing-lift 60 --results-csv outputs/swing_lift_sym_steps.csv,0,step_up,1,3.2678674241512846,on,6,5,0.02,30,skill.STEP_TROT_MAX,step_up_0p02,0,0,2026-08-30T15:25:24Z,TROT,2140,60.0,1,nan
--headless --device cpu --reps 5 --foot-comp on --heading heading-only --params skill.STEP_WALK_MAX skill.STEP_TROT_MAX --swing-lift 60 --results-csv outputs/swing_lift_sym_steps.csv,0,step_up,1,3.244106066863417,on,6,5,0.04,30,skill.STEP_TROT_MAX,step_up_0p04,0,0,2026-08-30T15:25:24Z,TROT,2140,60.0,1,nan
--headless --device cpu --reps 5 --foot-comp on --heading heading-only --params skill.STEP_WALK_MAX skill.STEP_TROT_MAX --swing-lift 60 --results-csv outputs/swing_lift_sym_steps.csv,0,step_up,1,3.3157902971630007,on,6,5,0.06,30,skill.STEP_TROT_MAX,step_up_0p06,0,0,2026-08-30T15:25:24Z,TROT,2140,60.0,1,nan
--headless --device cpu --reps 5 --foot-comp on --heading heading-only --params skill.STEP_WALK_MAX skill.STEP_TROT_MAX --swing-lift 60 --results-csv outputs/swing_lift_sym_steps.csv,0,step_up,1,3.2845969354295868,on,6,5,0.08,30,skill.STEP_TROT_MAX,step_up_0p08,0,0,2026-08-30T15:25:24Z,TROT,2140,60.0,1,nan
--headless --device cpu --reps 5 --foot-comp on --heading heading-only --params skill.STEP_WALK_MAX skill.STEP_TROT_MAX --swing-lift 60 --results-csv outputs/swing_lift_sym_steps.csv,0,step_up,1,3.3109616536404434,on,6,5,0.1,30,skill.STEP_TROT_MAX,step_up_0p10,0,0,2026-08-30T15:25:24Z,TROT,2140,60.0,1,nan
--headless --device cpu --reps 5 --foot-comp on --heading heading-only --params skill.STEP_WALK_MAX skill.STEP_TROT_MAX --swing-lift 60 --results-csv outputs/swing_lift_sym_steps.csv,0,step_up,1,2.6872492341848777,on,6,5,0.12,30,skill.STEP_TROT_MAX,step_up_0p12,0,0,2026-08-30T15:25:24Z,TROT,2140,60.0,1,nan
--headless --device cpu --reps 5 --foot-comp on --heading heading-only --params skill.STEP_WALK_MAX skill.STEP_TROT_MAX --swing-lift 60 --results-csv outputs/swing_lift_sym_steps.csv,0,step_up,1,3.3685774976625886,on,6,5,0.14,30,skill.STEP_TROT_MAX,step_up_0p14,0,0,2026-08-30T15:25:24Z,TROT,2140,60.0,1,nan
--headless --device cpu --reps 5 --foot-comp on --heading heading-only --params skill.STEP_WALK_MAX skill.STEP_TROT_MAX --swing-lift 60 --results-csv outputs/swing_lift_sym_steps.csv,0,step_up,1,3.3239939658536963,on,6,5,0.16,30,skill.STEP_TROT_MAX,step_up_0p16,0,0,2026-08-30T15:25:24Z,TROT,2140,60.0,1,nan
--headless --device cpu --reps 5 --foot-comp on --heading heading-only --params skill.STEP_WALK_MAX skill.STEP_TROT_MAX --swing-lift 60 --results-csv outputs/swing_lift_sym_steps.csv,0,step_up,1,3.2226927683452677,on,6,5,0.18,30,skill.STEP_TROT_MAX,step_up_0p18,0,0,2026-08-30T15:25:24Z,TROT,2140,60.0,1,nan
--headless --device cpu --reps 5 --foot-comp on --heading heading-only --params skill.STEP_WALK_MAX skill.STEP_TROT_MAX --swing-lift 60 --results-csv outputs/swing_lift_sym_steps.csv,0,step_up,1,2.57748840493394,on,6,5,0.2,30,skill.STEP_TROT_MAX,step_up_0p20,0,0,2026-08-30T15:25:24Z,TROT,2140,60.0,1,nan
--headless --device cpu --reps 5 --foot-comp on --heading heading-only --params skill.STEP_WALK_MAX skill.STEP_TROT_MAX --swing-lift 60 --results-csv outputs/swing_lift_sym_steps.csv,0,step_up,1,3.297304369139215,on,6,5,0.22,30,skill.STEP_TROT_MAX,step_up_0p22,0,0,2026-08-30T15:25:24Z,TROT,2140,60.0,1,nan
--headless --device cpu --reps 5 --foot-comp on --heading heading-only --params skill.STEP_WALK_MAX skill.STEP_TROT_MAX --swing-lift 60 --results-csv outputs/swing_lift_sym_steps.csv,0,step_up,1,3.3112325243189065,on,6,5,0.24,30,skill.STEP_TROT_MAX,step_up_0p24,0,0,2026-08-30T15:25:24Z,TROT,2140,60.0,1,nan
--headless --device cpu --reps 5 --foot-comp on --heading heading-only --params skill.STEP_WALK_MAX skill.STEP_TROT_MAX --swing-lift 60 --results-csv outputs/swing_lift_sym_steps.csv,0,step_up,1,2.541075457473309,on,6,5,0.26,30,skill.STEP_TROT_MAX,step_up_0p26,0,0,2026-08-30T15:25:24Z,TROT,2140,60.0,1,nan
--headless --device cpu --reps 5 --foot-comp on --heading heading-only --params skill.STEP_WALK_MAX skill.STEP_TROT_MAX --swing-lift 60 --results-csv outputs/swing_lift_sym_steps.csv,0,step_up,1,3.294086439280773,on,6,5,0.28,30,skill.STEP_TROT_MAX,step_up_0p28,0,0,2026-08-30T15:25:24Z,TROT,2140,60.0,1,nan
--headless --device cpu --reps 5 --foot-comp on --heading heading-only --params skill.STEP_WALK_MAX skill.STEP_TROT_MAX --swing-lift 60 --results-csv outputs/swing_lift_sym_steps.csv,0,step_up,0,3.408163289639345,on,6,5,0.3,30,skill.STEP_TROT_MAX,step_up_0p30,0,0,2026-08-30T15:25:24Z,TROT,2140,60.0,1,nan
--headless --device cpu --reps 5 --foot-comp on --heading heading-only --params skill.STEP_WALK_MAX skill.STEP_TROT_MAX --swing-lift 60 --results-csv outputs/swing_lift_sym_steps.csv,7,step_up,1,3.3209282441955166,on,6,5,0.02,30,skill.STEP_WALK_MAX,step_up_0p02,0,1,2026-08-30T15:25:24Z,WALK,731,60.0,1,nan
--headless --device cpu --reps 5 --foot-comp on --heading heading-only --params skill.STEP_WALK_MAX skill.STEP_TROT_MAX --swing-lift 60 --results-csv outputs/swing_lift_sym_steps.csv,7,step_up,1,2.00850867921418,on,6,5,0.04,30,skill.STEP_WALK_MAX,step_up_0p04,0,1,2026-08-30T15:25:24Z,WALK,731,60.0,1,nan
--headless --device cpu --reps 5 --foot-comp on --heading heading-only --params skill.STEP_WALK_MAX skill.STEP_TROT_MAX --swing-lift 60 --results-csv outputs/swing_lift_sym_steps.csv,7,step_up,1,2.417293588497569,on,6,5,0.06,30,skill.STEP_WALK_MAX,step_up_0p06,0,1,2026-08-30T15:25:24Z,WALK,731,60.0,1,nan
--headless --device cpu --reps 5 --foot-comp on --heading heading-only --params skill.STEP_WALK_MAX skill.STEP_TROT_MAX --swing-lift 60 --results-csv outputs/swing_lift_sym_steps.csv,7,step_up,1,2.382944714831385,on,6,5,0.08,30,skill.STEP_WALK_MAX,step_up_0p08,0,1,2026-08-30T15:25:24Z,WALK,731,60.0,1,nan
--headless --device cpu --reps 5 --foot-comp on --heading heading-only --params skill.STEP_WALK_MAX skill.STEP_TROT_MAX --swing-lift 60 --results-csv outputs/swing_lift_sym_steps.csv,7,step_up,1,2.395794403075035,on,6,5,0.1,30,skill.STEP_WALK_MAX,step_up_0p10,0,1,2026-08-30T15:25:24Z,WALK,731,60.0,1,nan
--headless --device cpu --reps 5 --foot-comp on --heading heading-only --params skill.STEP_WALK_MAX skill.STEP_TROT_MAX --swing-lift 60 --results-csv outputs/swing_lift_sym_steps.csv,7,step_up,1,2.405158320619823,on,6,5,0.12,30,skill.STEP_WALK_MAX,step_up_0p12,0,1,2026-08-30T15:25:24Z,WALK,731,60.0,1,nan
--headless --device cpu --reps 5 --foot-comp on --heading heading-only --params skill.STEP_WALK_MAX skill.STEP_TROT_MAX --swing-lift 60 --results-csv outputs/swing_lift_sym_steps.csv,7,step_up,1,2.4409260197116334,on,6,5,0.14,30,skill.STEP_WALK_MAX,step_up_0p14,0,1,2026-08-30T15:25:24Z,WALK,731,60.0,1,nan
--headless --device cpu --reps 5 --foot-comp on --heading heading-only --params skill.STEP_WALK_MAX skill.STEP_TROT_MAX --swing-lift 60 --results-csv outputs/swing_lift_sym_steps.csv,7,step_up,1,2.4229126820927425,on,6,5,0.16,30,skill.STEP_WALK_MAX,step_up_0p16,0,1,2026-08-30T15:25:24Z,WALK,731,60.0,1,nan
--headless --device cpu --reps 5 --foot-comp on --heading heading-only --params skill.STEP_WALK_MAX skill.STEP_TROT_MAX --swing-lift 60 --results-csv outputs/swing_lift_sym_steps.csv,7,step_up,1,2.4652372240810174,on,6,5,0.18,30,skill.STEP_WALK_MAX,step_up_0p18,0,1,2026-08-30T15:25:24Z,WALK,731,60.0,1,nan
--headless --device cpu --reps 5 --foot-comp on --heading heading-only --params skill.STEP_WALK_MAX skill.STEP_TROT_MAX --swing-lift 60 --results-csv outputs/swing_lift_sym_steps.csv,7,step_up,1,2.4230302644640096,on,6,5,0.2,30,skill.STEP_WALK_MAX,step_up_0p20,0,1,2026-08-30T15:25:24Z,WALK,731,60.0,1,nan
--headless --device cpu --reps 5 --foot-comp on --heading heading-only --params skill.STEP_WALK_MAX skill.STEP_TROT_MAX --swing-lift 60 --results-csv outputs/swing_lift_sym_steps.csv,7,step_up,1,2.4276084220293255,on,6,5,0.22,30,skill.STEP_WALK_MAX,step_up_0p22,0,1,2026-08-30T15:25:24Z,WALK,731,60.0,1,nan
--headless --device cpu --reps 5 --foot-comp on --heading heading-only --params skill.STEP_WALK_MAX skill.STEP_TROT_MAX --swing-lift 60 --results-csv outputs/swing_lift_sym_steps.csv,7,step_up,1,2.3448538996603223,on,6,5,0.24,30,skill.STEP_WALK_MAX,step_up_0p24,0,1,2026-08-30T15:25:24Z,WALK,731,60.0,1,nan
--headless --device cpu --reps 5 --foot-comp on --heading heading-only --params skill.STEP_WALK_MAX skill.STEP_TROT_MAX --swing-lift 60 --results-csv outputs/swing_lift_sym_steps.csv,7,step_up,1,2.481090273750444,on,6,5,0.26,30,skill.STEP_WALK_MAX,step_up_0p26,0,1,2026-08-30T15:25:24Z,WALK,731,60.0,1,nan
--headless --device cpu --reps 5 --foot-comp on --heading heading-only --params skill.STEP_WALK_MAX skill.STEP_TROT_MAX --swing-lift 60 --results-csv outputs/swing_lift_sym_steps.csv,7,step_up,1,2.449013099669434,on,6,5,0.28,30,skill.STEP_WALK_MAX,step_up_0p28,0,1,2026-08-30T15:25:24Z,WALK,731,60.0,1,nan
--headless --device cpu --reps 5 --foot-comp on --heading heading-only --params skill.STEP_WALK_MAX skill.STEP_TROT_MAX --swing-lift 60 --results-csv outputs/swing_lift_sym_steps.csv,7,step_up,1,2.3880654701820987,on,6,5,0.3,30,skill.STEP_WALK_MAX,step_up_0p30,0,1,2026-08-30T15:25:24Z,WALK,731,60.0,1,nan
--headless --device cpu --reps 5 --foot-comp on --heading heading-only --params skill.STEP_WALK_MAX skill.STEP_TROT_MAX --swing-lift 60 --results-csv outputs/swing_lift_sym_steps.csv,6,step_up,1,3.615207615581015,on,6,5,0.02,30,skill.STEP_TROT_MAX,step_up_0p02,0,1,2026-08-30T15:25:24Z,TROT,731,60.0,1,nan
--headless --device cpu --reps 5 --foot-comp on --heading heading-only --params skill.STEP_WALK_MAX skill.STEP_TROT_MAX --swing-lift 60 --results-csv outputs/swing_lift_sym_steps.csv,6,step_up,1,3.5888444453767883,on,6,5,0.04,30,skill.STEP_TROT_MAX,step_up_0p04,0,1,2026-08-30T15:25:24Z,TROT,731,60.0,1,nan
--headless --device cpu --reps 5 --foot-comp on --heading heading-only --params skill.STEP_WALK_MAX skill.STEP_TROT_MAX --swing-lift 60 --results-csv outputs/swing_lift_sym_steps.csv,6,step_up,1,3.561452440183366,on,6,5,0.06,30,skill.STEP_TROT_MAX,step_up_0p06,0,1,2026-08-30T15:25:24Z,TROT,731,60.0,1,nan
--headless --device cpu --reps 5 --foot-comp on --heading heading-only --params skill.STEP_WALK_MAX skill.STEP_TROT_MAX --swing-lift 60 --results-csv outputs/swing_lift_sym_steps.csv,6,step_up,1,3.6121008462872606,on,6,5,0.08,30,skill.STEP_TROT_MAX,step_up_0p08,0,1,2026-08-30T15:25:24Z,TROT,731,60.0,1,nan
--headless --device cpu --reps 5 --foot-comp on --heading heading-only --params skill.STEP_WALK_MAX skill.STEP_TROT_MAX --swing-lift 60 --results-csv outputs/swing_lift_sym_steps.csv,6,step_up,1,3.609563818419306,on,6,5,0.1,30,skill.STEP_TROT_MAX,step_up_0p10,0,1,2026-08-30T15:25:24Z,TROT,731,60.0,1,nan
--headless --device cpu --reps 5 --foot-comp on --heading heading-only --params skill.STEP_WALK_MAX skill.STEP_TROT_MAX --swing-lift 60 --results-csv outputs/swing_lift_sym_steps.csv,6,step_up,1,3.6139051279241006,on,6,5,0.12,30,skill.STEP_TROT_MAX,step_up_0p12,0,1,2026-08-30T15:25:24Z,TROT,731,60.0,1,nan
--headless --device cpu --reps 5 --foot-comp on --heading heading-only --params skill.STEP_WALK_MAX skill.STEP_TROT_MAX --swing-lift 60 --results-csv outputs/swing_lift_sym_steps.csv,6,step_up,1,3.615677188144802,on,6,5,0.14,30,skill.STEP_TROT_MAX,step_up_0p14,0,1,2026-08-30T15:25:24Z,TROT,731,60.0,1,nan
--headless --device cpu --reps 5 --foot-comp on --heading heading-only --params skill.STEP_WALK_MAX skill.STEP_TROT_MAX --swing-lift 60 --results-csv outputs/swing_lift_sym_steps.csv,6,step_up,1,3.612083919120641,on,6,5,0.16,30,skill.STEP_TROT_MAX,step_up_0p16,0,1,2026-08-30T15:25:24Z,TROT,731,60.0,1,nan
--headless --device cpu --reps 5 --foot-comp on --heading heading-only --params skill.STEP_WALK_MAX skill.STEP_TROT_MAX --swing-lift 60 --results-csv outputs/swing_lift_sym_steps.csv,6,step_up,1,3.6014204673112338,on,6,5,0.18,30,skill.STEP_TROT_MAX,step_up_0p18,0,1,2026-08-30T15:25:24Z,TROT,731,60.0,1,nan
--headless --device cpu --reps 5 --foot-comp on --heading heading-only --params skill.STEP_WALK_MAX skill.STEP_TROT_MAX --swing-lift 60 --results-csv outputs/swing_lift_sym_steps.csv,6,step_up,1,3.621587388141569,on,6,5,0.2,30,skill.STEP_TROT_MAX,step_up_0p20,0,1,2026-08-30T15:25:24Z,TROT,731,60.0,1,nan
--headless --device cpu --reps 5 --foot-comp on --heading heading-only --params skill.STEP_WALK_MAX skill.STEP_TROT_MAX --swing-lift 60 --results-csv outputs/swing_lift_sym_steps.csv,6,step_up,1,3.614353418601532,on,6,5,0.22,30,skill.STEP_TROT_MAX,step_up_0p22,0,1,2026-08-30T15:25:24Z,TROT,731,60.0,1,nan
--headless --device cpu --reps 5 --foot-comp on --heading heading-only --params skill.STEP_WALK_MAX skill.STEP_TROT_MAX --swing-lift 60 --results-csv outputs/swing_lift_sym_steps.csv,6,step_up,1,3.613132097325271,on,6,5,0.24,30,skill.STEP_TROT_MAX,step_up_0p24,0,1,2026-08-30T15:25:24Z,TROT,731,60.0,1,nan
--headless --device cpu --reps 5 --foot-comp on --heading heading-only --params skill.STEP_WALK_MAX skill.STEP_TROT_MAX --swing-lift 60 --results-csv outputs/swing_lift_sym_steps.csv,6,step_up,1,3.621869550859983,on,6,5,0.26,30,skill.STEP_TROT_MAX,step_up_0p26,0,1,2026-08-30T15:25:24Z,TROT,731,60.0,1,nan
--headless --device cpu --reps 5 --foot-comp on --heading heading-only --params skill.STEP_WALK_MAX skill.STEP_TROT_MAX --swing-lift 60 --results-csv outputs/swing_lift_sym_steps.csv,6,step_up,1,3.5959902944136926,on,6,5,0.28,30,skill.STEP_TROT_MAX,step_up_0p28,0,1,2026-08-30T15:25:24Z,TROT,731,60.0,1,nan
--headless --device cpu --reps 5 --foot-comp on --heading heading-only --params skill.STEP_WALK_MAX skill.STEP_TROT_MAX --swing-lift 60 --results-csv outputs/swing_lift_sym_steps.csv,6,step_up,1,3.6092112737394246,on,6,5,0.3,30,skill.STEP_TROT_MAX,step_up_0p30,0,1,2026-08-30T15:25:24Z,TROT,731,60.0,1,nan
--headless --device cpu --reps 5 --foot-comp on --heading heading-only --params skill.STEP_WALK_MAX skill.STEP_TROT_MAX --swing-lift 60 --results-csv outputs/swing_lift_sym_steps.csv,15,step_up,1,3.579803125250884,on,6,5,0.02,30,skill.STEP_WALK_MAX,step_up_0p02,0,2,2026-08-30T15:25:24Z,WALK,763,60.0,1,nan
--headless --device cpu --reps 5 --foot-comp on --heading heading-only --params skill.STEP_WALK_MAX skill.STEP_TROT_MAX --swing-lift 60 --results-csv outputs/swing_lift_sym_steps.csv,15,step_up,1,2.403023814986626,on,6,5,0.04,30,skill.STEP_WALK_MAX,step_up_0p04,0,2,2026-08-30T15:25:24Z,WALK,763,60.0,1,nan
--headless --device cpu --reps 5 --foot-comp on --heading heading-only --params skill.STEP_WALK_MAX skill.STEP_TROT_MAX --swing-lift 60 --results-csv outputs/swing_lift_sym_steps.csv,15,step_up,1,3.917227164162099,on,6,5,0.06,30,skill.STEP_WALK_MAX,step_up_0p06,0,2,2026-08-30T15:25:24Z,WALK,763,60.0,1,nan
--headless --device cpu --reps 5 --foot-comp on --heading heading-only --params skill.STEP_WALK_MAX skill.STEP_TROT_MAX --swing-lift 60 --results-csv outputs/swing_lift_sym_steps.csv,15,step_up,1,2.450319629446888,on,6,5,0.08,30,skill.STEP_WALK_MAX,step_up_0p08,0,2,2026-08-30T15:25:24Z,WALK,763,60.0,1,nan
--headless --device cpu --reps 5 --foot-comp on --heading heading-only --params skill.STEP_WALK_MAX skill.STEP_TROT_MAX --swing-lift 60 --results-csv outputs/swing_lift_sym_steps.csv,15,step_up,1,2.4768012243769055,on,6,5,0.1,30,skill.STEP_WALK_MAX,step_up_0p10,0,2,2026-08-30T15:25:24Z,WALK,763,60.0,1,nan
--headless --device cpu --reps 5 --foot-comp on --heading heading-only --params skill.STEP_WALK_MAX skill.STEP_TROT_MAX --swing-lift 60 --results-csv outputs/swing_lift_sym_steps.csv,15,step_up,1,2.498725308027952,on,6,5,0.12,30,skill.STEP_WALK_MAX,step_up_0p12,0,2,2026-08-30T15:25:24Z,WALK,763,60.0,1,nan
--headless --device cpu --reps 5 --foot-comp on --heading heading-only --params skill.STEP_WALK_MAX skill.STEP_TROT_MAX --swing-lift 60 --results-csv outputs/swing_lift_sym_steps.csv,15,step_up,1,2.4853035145057123,on,6,5,0.14,30,skill.STEP_WALK_MAX,step_up_0p14,0,2,2026-08-30T15:25:24Z,WALK,763,60.0,1,nan
--headless --device cpu --reps 5 --foot-comp on --heading heading-only --params skill.STEP_WALK_MAX skill.STEP_TROT_MAX --swing-lift 60 --results-csv outputs/swing_lift_sym_steps.csv,15,step_up,1,2.485259673680606,on,6,5,0.16,30,skill.STEP_WALK_MAX,step_up_0p16,0,2,2026-08-30T15:25:24Z,WALK,763,60.0,1,nan
--headless --device cpu --reps 5 --foot-comp on --heading heading-only --params skill.STEP_WALK_MAX skill.STEP_TROT_MAX --swing-lift 60 --results-csv outputs/swing_lift_sym_steps.csv,15,step_up,1,2.4694216499874364,on,6,5,0.18,30,skill.STEP_WALK_MAX,step_up_0p18,0,2,2026-08-30T15:25:24Z,WALK,763,60.0,1,nan
--headless --device cpu --reps 5 --foot-comp on --heading heading-only --params skill.STEP_WALK_MAX skill.STEP_TROT_MAX --swing-lift 60 --results-csv outputs/swing_lift_sym_steps.csv,15,step_up,1,2.4474482387771688,on,6,5,0.2,30,skill.STEP_WALK_MAX,step_up_0p20,0,2,2026-08-30T15:25:24Z,WALK,763,60.0,1,nan
--headless --device cpu --reps 5 --foot-comp on --heading heading-only --params skill.STEP_WALK_MAX skill.STEP_TROT_MAX --swing-lift 60 --results-csv outputs/swing_lift_sym_steps.csv,15,step_up,1,2.5070070711074095,on,6,5,0.22,30,skill.STEP_WALK_MAX,step_up_0p22,0,2,2026-08-30T15:25:24Z,WALK,763,60.0,1,nan
--headless --device cpu --reps 5 --foot-comp on --heading heading-only --params skill.STEP_WALK_MAX skill.STEP_TROT_MAX --swing-lift 60 --results-csv outputs/swing_lift_sym_steps.csv,15,step_up,1,2.5395686803143698,on,6,5,0.24,30,skill.STEP_WALK_MAX,step_up_0p24,0,2,2026-08-30T15:25:24Z,WALK,763,60.0,1,nan
--headless --device cpu --reps 5 --foot-comp on --heading heading-only --params skill.STEP_WALK_MAX skill.STEP_TROT_MAX --swing-lift 60 --results-csv outputs/swing_lift_sym_steps.csv,15,step_up,1,2.4678298022243985,on,6,5,0.26,30,skill.STEP_WALK_MAX,step_up_0p26,0,2,2026-08-30T15:25:24Z,WALK,763,60.0,1,nan
--headless --device cpu --reps 5 --foot-comp on --heading heading-only --params skill.STEP_WALK_MAX skill.STEP_TROT_MAX --swing-lift 60 --results-csv outputs/swing_lift_sym_steps.csv,15,step_up,1,2.544388175731991,on,6,5,0.28,30,skill.STEP_WALK_MAX,step_up_0p28,0,2,2026-08-30T15:25:24Z,WALK,763,60.0,1,nan
--headless --device cpu --reps 5 --foot-comp on --heading heading-only --params skill.STEP_WALK_MAX skill.STEP_TROT_MAX --swing-lift 60 --results-csv outputs/swing_lift_sym_steps.csv,15,step_up,1,2.483126068848856,on,6,5,0.3,30,skill.STEP_WALK_MAX,step_up_0p30,0,2,2026-08-30T15:25:24Z,WALK,763,60.0,1,nan
--headless --device cpu --reps 5 --foot-comp on --heading heading-only --params skill.STEP_WALK_MAX skill.STEP_TROT_MAX --swing-lift 60 --results-csv outputs/swing_lift_sym_steps.csv,13,step_up,1,4.236996321584868,on,6,5,0.02,30,skill.STEP_TROT_MAX,step_up_0p02,0,2,2026-08-30T15:25:24Z,TROT,763,60.0,1,nan
--headless --device cpu --reps 5 --foot-comp on --heading heading-only --params skill.STEP_WALK_MAX skill.STEP_TROT_MAX --swing-lift 60 --results-csv outputs/swing_lift_sym_steps.csv,13,step_up,1,4.270301061068754,on,6,5,0.04,30,skill.STEP_TROT_MAX,step_up_0p04,0,2,2026-08-30T15:25:24Z,TROT,763,60.0,1,nan
--headless --device cpu --reps 5 --foot-comp on --heading heading-only --params skill.STEP_WALK_MAX skill.STEP_TROT_MAX --swing-lift 60 --results-csv outputs/swing_lift_sym_steps.csv,13,step_up,1,4.2692239977922135,on,6,5,0.06,30,skill.STEP_TROT_MAX,step_up_0p06,0,2,2026-08-30T15:25:24Z,TROT,763,60.0,1,nan
--headless --device cpu --reps 5 --foot-comp on --heading heading-only --params skill.STEP_WALK_MAX skill.STEP_TROT_MAX --swing-lift 60 --results-csv outputs/swing_lift_sym_steps.csv,13,step_up,1,4.23496519694839,on,6,5,0.08,30,skill.STEP_TROT_MAX,step_up_0p08,0,2,2026-08-30T15:25:24Z,TROT,763,60.0,1,nan
--headless --device cpu --reps 5 --foot-comp on --heading heading-only --params skill.STEP_WALK_MAX skill.STEP_TROT_MAX --swing-lift 60 --results-csv outputs/swing_lift_sym_steps.csv,13,step_up,1,4.24223635917895,on,6,5,0.1,30,skill.STEP_TROT_MAX,step_up_0p10,0,2,2026-08-30T15:25:24Z,TROT,763,60.0,1,nan
--headless --device cpu --reps 5 --foot-comp on --heading heading-only --params skill.STEP_WALK_MAX skill.STEP_TROT_MAX --swing-lift 60 --results-csv outputs/swing_lift_sym_steps.csv,13,step_up,1,4.248912834637978,on,6,5,0.12,30,skill.STEP_TROT_MAX,step_up_0p12,0,2,2026-08-30T15:25:24Z,TROT,763,60.0,1,nan
--headless --device cpu --reps 5 --foot-comp on --heading heading-only --params skill.STEP_WALK_MAX skill.STEP_TROT_MAX --swing-lift 60 --results-csv outputs/swing_lift_sym_steps.csv,13,step_up,1,4.260029177919507,on,6,5,0.14,30,skill.STEP_TROT_MAX,step_up_0p14,0,2,2026-08-30T15:25:24Z,TROT,763,60.0,1,nan
--headless --device cpu --reps 5 --foot-comp on --heading heading-only --params skill.STEP_WALK_MAX skill.STEP_TROT_MAX --swing-lift 60 --results-csv outputs/swing_lift_sym_steps.csv,13,step_up,1,4.2620210766600914,on,6,5,0.16,30,skill.STEP_TROT_MAX,step_up_0p16,0,2,2026-08-30T15:25:24Z,TROT,763,60.0,1,nan
--headless --device cpu --reps 5 --foot-comp on --heading heading-only --params skill.STEP_WALK_MAX skill.STEP_TROT_MAX --swing-lift 60 --results-csv outputs/swing_lift_sym_steps.csv,13,step_up,1,4.260397211916436,on,6,5,0.18,30,skill.STEP_TROT_MAX,step_up_0p18,0,2,2026-08-30T15:25:24Z,TROT,763,60.0,1,nan
--headless --device cpu --reps 5 --foot-comp on --heading heading-only --params skill.STEP_WALK_MAX skill.STEP_TROT_MAX --swing-lift 60 --results-csv outputs/swing_lift_sym_steps.csv,13,step_up,1,4.240475819427592,on,6,5,0.2,30,skill.STEP_TROT_MAX,step_up_0p20,0,2,2026-08-30T15:25:24Z,TROT,763,60.0,1,nan
--headless --device cpu --reps 5 --foot-comp on --heading heading-only --params skill.STEP_WALK_MAX skill.STEP_TROT_MAX --swing-lift 60 --results-csv outputs/swing_lift_sym_steps.csv,13,step_up,1,4.259287316199641,on,6,5,0.22,30,skill.STEP_TROT_MAX,step_up_0p22,0,2,2026-08-30T15:25:24Z,TROT,763,60.0,1,nan
--headless --device cpu --reps 5 --foot-comp on --heading heading-only --params skill.STEP_WALK_MAX skill.STEP_TROT_MAX --swing-lift 60 --results-csv outputs/swing_lift_sym_steps.csv,13,step_up,1,4.2343082614678105,on,6,5,0.24,30,skill.STEP_TROT_MAX,step_up_0p24,0,2,2026-08-30T15:25:24Z,TROT,763,60.0,1,nan
--headless --device cpu --reps 5 --foot-comp on --heading heading-only --params skill.STEP_WALK_MAX skill.STEP_TROT_MAX --swing-lift 60 --results-csv outputs/swing_lift_sym_steps.csv,13,step_up,1,4.279022337391124,on,6,5,0.26,30,skill.STEP_TROT_MAX,step_up_0p26,0,2,2026-08-30T15:25:24Z,TROT,763,60.0,1,nan
--headless --device cpu --reps 5 --foot-comp on --heading heading-only --params skill.STEP_WALK_MAX skill.STEP_TROT_MAX --swing-lift 60 --results-csv outputs/swing_lift_sym_steps.csv,13,step_up,1,4.267167851739006,on,6,5,0.28,30,skill.STEP_TROT_MAX,step_up_0p28,0,2,2026-08-30T15:25:24Z,TROT,763,60.0,1,nan
--headless --device cpu --reps 5 --foot-comp on --heading heading-only --params skill.STEP_WALK_MAX skill.STEP_TROT_MAX --swing-lift 60 --results-csv outputs/swing_lift_sym_steps.csv,13,step_up,1,4.236492001495544,on,6,5,0.3,30,skill.STEP_TROT_MAX,step_up_0p30,0,2,2026-08-30T15:25:24Z,TROT,763,60.0,1,nan
--headless --device cpu --reps 5 --foot-comp on --heading heading-only --params skill.STEP_WALK_MAX skill.STEP_TROT_MAX --swing-lift 60 --results-csv outputs/swing_lift_sym_steps.csv,22,step_up,1,4.029729028360687,on,6,5,0.02,30,skill.STEP_WALK_MAX,step_up_0p02,0,3,2026-08-30T15:25:24Z,WALK,127,60.0,1,nan
--headless --device cpu --reps 5 --foot-comp on --heading heading-only --params skill.STEP_WALK_MAX skill.STEP_TROT_MAX --swing-lift 60 --results-csv outputs/swing_lift_sym_steps.csv,22,step_up,1,4.051634720010761,on,6,5,0.04,30,skill.STEP_WALK_MAX,step_up_0p04,0,3,2026-08-30T15:25:24Z,WALK,127,60.0,1,nan
--headless --device cpu --reps 5 --foot-comp on --heading heading-only --params skill.STEP_WALK_MAX skill.STEP_TROT_MAX --swing-lift 60 --results-csv outputs/swing_lift_sym_steps.csv,22,step_up,1,4.075554149421062,on,6,5,0.06,30,skill.STEP_WALK_MAX,step_up_0p06,0,3,2026-08-30T15:25:24Z,WALK,127,60.0,1,nan
--headless --device cpu --reps 5 --foot-comp on --heading heading-only --params skill.STEP_WALK_MAX skill.STEP_TROT_MAX --swing-lift 60 --results-csv outputs/swing_lift_sym_steps.csv,22,step_up,1,4.055971796713962,on,6,5,0.08,30,skill.STEP_WALK_MAX,step_up_0p08,0,3,2026-08-30T15:25:24Z,WALK,127,60.0,1,nan
--headless --device cpu --reps 5 --foot-comp on --heading heading-only --params skill.STEP_WALK_MAX skill.STEP_TROT_MAX --swing-lift 60 --results-csv outputs/swing_lift_sym_steps.csv,22,step_up,1,4.112613083630292,on,6,5,0.1,30,skill.STEP_WALK_MAX,step_up_0p10,0,3,2026-08-30T15:25:24Z,WALK,127,60.0,1,nan
--headless --device cpu --reps 5 --foot-comp on --heading heading-only --params skill.STEP_WALK_MAX skill.STEP_TROT_MAX --swing-lift 60 --results-csv outputs/swing_lift_sym_steps.csv,22,step_up,1,4.094620949175013,on,6,5,0.12,30,skill.STEP_WALK_MAX,step_up_0p12,0,3,2026-08-30T15:25:24Z,WALK,127,60.0,1,nan
--headless --device cpu --reps 5 --foot-comp on --heading heading-only --params skill.STEP_WALK_MAX skill.STEP_TROT_MAX --swing-lift 60 --results-csv outputs/swing_lift_sym_steps.csv,22,step_up,1,4.11143071205128,on,6,5,0.14,30,skill.STEP_WALK_MAX,step_up_0p14,0,3,2026-08-30T15:25:24Z,WALK,127,60.0,1,nan
--headless --device cpu --reps 5 --foot-comp on --heading heading-only --params skill.STEP_WALK_MAX skill.STEP_TROT_MAX --swing-lift 60 --results-csv outputs/swing_lift_sym_steps.csv,22,step_up,1,4.089054101980971,on,6,5,0.16,30,skill.STEP_WALK_MAX,step_up_0p16,0,3,2026-08-30T15:25:24Z,WALK,127,60.0,1,nan
--headless --device cpu --reps 5 --foot-comp on --heading heading-only --params skill.STEP_WALK_MAX skill.STEP_TROT_MAX --swing-lift 60 --results-csv outputs/swing_lift_sym_steps.csv,22,step_up,1,4.033618428783078,on,6,5,0.18,30,skill.STEP_WALK_MAX,step_up_0p18,0,3,2026-08-30T15:25:24Z,WALK,127,60.0,1,nan
--headless --device cpu --reps 5 --foot-comp on --heading heading-only --params skill.STEP_WALK_MAX skill.STEP_TROT_MAX --swing-lift 60 --results-csv outputs/swing_lift_sym_steps.csv,22,step_up,1,4.090326915061449,on,6,5,0.2,30,skill.STEP_WALK_MAX,step_up_0p20,0,3,2026-08-30T15:25:24Z,WALK,127,60.0,1,nan
--headless --device cpu --reps 5 --foot-comp on --heading heading-only --params skill.STEP_WALK_MAX skill.STEP_TROT_MAX --swing-lift 60 --results-csv outputs/swing_lift_sym_steps.csv,22,step_up,1,4.067727129841424,on,6,5,0.22,30,skill.STEP_WALK_MAX,step_up_0p22,0,3,2026-08-30T15:25:24Z,WALK,127,60.0,1,nan
--headless --device cpu --reps 5 --foot-comp on --heading heading-only --params skill.STEP_WALK_MAX skill.STEP_TROT_MAX --swing-lift 60 --results-csv outputs/swing_lift_sym_steps.csv,22,step_up,1,4.109427054639323,on,6,5,0.24,30,skill.STEP_WALK_MAX,step_up_0p24,0,3,2026-08-30T15:25:24Z,WALK,127,60.0,1,nan
--headless --device cpu --reps 5 --foot-comp on --heading heading-only --params skill.STEP_WALK_MAX skill.STEP_TROT_MAX --swing-lift 60 --results-csv outputs/swing_lift_sym_steps.csv,22,step_up,1,4.073453348463271,on,6,5,0.26,30,skill.STEP_WALK_MAX,step_up_0p26,0,3,2026-08-30T15:25:24Z,WALK,127,60.0,1,nan
--headless --device cpu --reps 5 --foot-comp on --heading heading-only --params skill.STEP_WALK_MAX skill.STEP_TROT_MAX --swing-lift 60 --results-csv outputs/swing_lift_sym_steps.csv,22,step_up,1,4.083016537986968,on,6,5,0.28,30,skill.STEP_WALK_MAX,step_up_0p28,0,3,2026-08-30T15:25:24Z,WALK,127,60.0,1,nan
--headless --device cpu --reps 5 --foot-comp on --heading heading-only --params skill.STEP_WALK_MAX skill.STEP_TROT_MAX --swing-lift 60 --results-csv outputs/swing_lift_sym_steps.csv,22,step_up,1,4.0883818092374336,on,6,5,0.3,30,skill.STEP_WALK_MAX,step_up_0p30,0,3,2026-08-30T15:25:24Z,WALK,127,60.0,1,nan
--headless --device cpu --reps 5 --foot-comp on --heading heading-only --params skill.STEP_WALK_MAX skill.STEP_TROT_MAX --swing-lift 60 --results-csv outputs/swing_lift_sym_steps.csv,19,step_up,1,4.3251524483139825,on,6,5,0.02,30,skill.STEP_TROT_MAX,step_up_0p02,0,3,2026-08-30T15:25:24Z,TROT,127,60.0,1,nan
--headless --device cpu --reps 5 --foot-comp on --heading heading-only --params skill.STEP_WALK_MAX skill.STEP_TROT_MAX --swing-lift 60 --results-csv outputs/swing_lift_sym_steps.csv,19,step_up,1,4.318137778129752,on,6,5,0.04,30,skill.STEP_TROT_MAX,step_up_0p04,0,3,2026-08-30T15:25:24Z,TROT,127,60.0,1,nan
--headless --device cpu --reps 5 --foot-comp on --heading heading-only --params skill.STEP_WALK_MAX skill.STEP_TROT_MAX --swing-lift 60 --results-csv outputs/swing_lift_sym_steps.csv,19,step_up,1,4.305552348855611,on,6,5,0.06,30,skill.STEP_TROT_MAX,step_up_0p06,0,3,2026-08-30T15:25:24Z,TROT,127,60.0,1,nan
--headless --device cpu --reps 5 --foot-comp on --heading heading-only --params skill.STEP_WALK_MAX skill.STEP_TROT_MAX --swing-lift 60 --results-csv outputs/swing_lift_sym_steps.csv,19,step_up,1,4.316690961127141,on,6,5,0.08,30,skill.STEP_TROT_MAX,step_up_0p08,0,3,2026-08-30T15:25:24Z,TROT,127,60.0,1,nan
--headless --device cpu --reps 5 --foot-comp on --heading heading-only --params skill.STEP_WALK_MAX skill.STEP_TROT_MAX --swing-lift 60 --results-csv outputs/swing_lift_sym_steps.csv,19,step_up,1,4.309392323886426,on,6,5,0.1,30,skill.STEP_TROT_MAX,step_up_0p10,0,3,2026-08-30T15:25:24Z,TROT,127,60.0,1,nan
--headless --device cpu --reps 5 --foot-comp on --heading heading-only --params skill.STEP_WALK_MAX skill.STEP_TROT_MAX --swing-lift 60 --results-csv outputs/swing_lift_sym_steps.csv,19,step_up,1,4.314498662386406,on,6,5,0.12,30,skill.STEP_TROT_MAX,step_up_0p12,0,3,2026-08-30T15:25:24Z,TROT,127,60.0,1,nan
--headless --device cpu --reps 5 --foot-comp on --heading heading-only --params skill.STEP_WALK_MAX skill.STEP_TROT_MAX --swing-lift 60 --results-csv outputs/swing_lift_sym_steps.csv,19,step_up,1,4.294692867186091,on,6,5,0.14,30,skill.STEP_TROT_MAX,step_up_0p14,0,3,2026-08-30T15:25:24Z,TROT,127,60.0,1,nan
--headless --device cpu --reps 5 --foot-comp on --heading heading-only --params skill.STEP_WALK_MAX skill.STEP_TROT_MAX --swing-lift 60 --results-csv outputs/swing_lift_sym_steps.csv,19,step_up,1,4.324307787651674,on,6,5,0.16,30,skill.STEP_TROT_MAX,step_up_0p16,0,3,2026-08-30T15:25:24Z,TROT,127,60.0,1,nan
--headless --device cpu --reps 5 --foot-comp on --heading heading-only --params skill.STEP_WALK_MAX skill.STEP_TROT_MAX --swing-lift 60 --results-csv outputs/swing_lift_sym_steps.csv,19,step_up,1,4.308873277185262,on,6,5,0.18,30,skill.STEP_TROT_MAX,step_up_0p18,0,3,2026-08-30T15:25:24Z,TROT,127,60.0,1,nan
--headless --device cpu --reps 5 --foot-comp on --heading heading-only --params skill.STEP_WALK_MAX skill.STEP_TROT_MAX --swing-lift 60 --results-csv outputs/swing_lift_sym_steps.csv,19,step_up,1,4.329890991007563,on,6,5,0.2,30,skill.STEP_TROT_MAX,step_up_0p20,0,3,2026-08-30T15:25:24Z,TROT,127,60.0,1,nan
--headless --device cpu --reps 5 --foot-comp on --heading heading-only --params skill.STEP_WALK_MAX skill.STEP_TROT_MAX --swing-lift 60 --results-csv outputs/swing_lift_sym_steps.csv,19,step_up,1,4.3163978599529935,on,6,5,0.22,30,skill.STEP_TROT_MAX,step_up_0p22,0,3,2026-08-30T15:25:24Z,TROT,127,60.0,1,nan
--headless --device cpu --reps 5 --foot-comp on --heading heading-only --params skill.STEP_WALK_MAX skill.STEP_TROT_MAX --swing-lift 60 --results-csv outputs/swing_lift_sym_steps.csv,19,step_up,1,4.311150489453533,on,6,5,0.24,30,skill.STEP_TROT_MAX,step_up_0p24,0,3,2026-08-30T15:25:24Z,TROT,127,60.0,1,nan
--headless --device cpu --reps 5 --foot-comp on --heading heading-only --params skill.STEP_WALK_MAX skill.STEP_TROT_MAX --swing-lift 60 --results-csv outputs/swing_lift_sym_steps.csv,19,step_up,1,4.319289021801321,on,6,5,0.26,30,skill.STEP_TROT_MAX,step_up_0p26,0,3,2026-08-30T15:25:24Z,TROT,127,60.0,1,nan
--headless --device cpu --reps 5 --foot-comp on --heading heading-only --params skill.STEP_WALK_MAX skill.STEP_TROT_MAX --swing-lift 60 --results-csv outputs/swing_lift_sym_steps.csv,19,step_up,1,4.324584767127958,on,6,5,0.28,30,skill.STEP_TROT_MAX,step_up_0p28,0,3,2026-08-30T15:25:24Z,TROT,127,60.0,1,nan
--headless --device cpu --reps 5 --foot-comp on --heading heading-only --params skill.STEP_WALK_MAX skill.STEP_TROT_MAX --swing-lift 60 --results-csv outputs/swing_lift_sym_steps.csv,19,step_up,1,4.32362457334213,on,6,5,0.3,30,skill.STEP_TROT_MAX,step_up_0p30,0,3,2026-08-30T15:25:24Z,TROT,127,60.0,1,nan
--headless --device cpu --reps 5 --foot-comp on --heading heading-only --params skill.STEP_WALK_MAX skill.STEP_TROT_MAX --swing-lift 60 --results-csv outputs/swing_lift_sym_steps.csv,30,step_up,1,4.326066811906129,on,6,5,0.02,30,skill.STEP_WALK_MAX,step_up_0p02,0,4,2026-08-30T15:25:24Z,WALK,112,60.0,1,nan
--headless --device cpu --reps 5 --foot-comp on --heading heading-only --params skill.STEP_WALK_MAX skill.STEP_TROT_MAX --swing-lift 60 --results-csv outputs/swing_lift_sym_steps.csv,30,step_up,1,4.3822463171200425,on,6,5,0.04,30,skill.STEP_WALK_MAX,step_up_0p04,0,4,2026-08-30T15:25:24Z,WALK,112,60.0,1,nan
--headless --device cpu --reps 5 --foot-comp on --heading heading-only --params skill.STEP_WALK_MAX skill.STEP_TROT_MAX --swing-lift 60 --results-csv outputs/swing_lift_sym_steps.csv,30,step_up,1,4.436046835226659,on,6,5,0.06,30,skill.STEP_WALK_MAX,step_up_0p06,0,4,2026-08-30T15:25:24Z,WALK,112,60.0,1,nan
--headless --device cpu --reps 5 --foot-comp on --heading heading-only --params skill.STEP_WALK_MAX skill.STEP_TROT_MAX --swing-lift 60 --results-csv outputs/swing_lift_sym_steps.csv,30,step_up,1,4.379044506111019,on,6,5,0.08,30,skill.STEP_WALK_MAX,step_up_0p08,0,4,2026-08-30T15:25:24Z,WALK,112,60.0,1,nan
--headless --device cpu --reps 5 --foot-comp on --heading heading-only --params skill.STEP_WALK_MAX skill.STEP_TROT_MAX --swing-lift 60 --results-csv outputs/swing_lift_sym_steps.csv,30,step_up,1,4.310182143186564,on,6,5,0.1,30,skill.STEP_WALK_MAX,step_up_0p10,0,4,2026-08-30T15:25:24Z,WALK,112,60.0,1,nan
--headless --device cpu --reps 5 --foot-comp on --heading heading-only --params skill.STEP_WALK_MAX skill.STEP_TROT_MAX --swing-lift 60 --results-csv outputs/swing_lift_sym_steps.csv,30,step_up,1,4.456097836807646,on,6,5,0.12,30,skill.STEP_WALK_MAX,step_up_0p12,0,4,2026-08-30T15:25:24Z,WALK,112,60.0,1,nan
--headless --device cpu --reps 5 --foot-comp on --heading heading-only --params skill.STEP_WALK_MAX skill.STEP_TROT_MAX --swing-lift 60 --results-csv outputs/swing_lift_sym_steps.csv,30,step_up,1,4.396162181868371,on,6,5,0.14,30,skill.STEP_WALK_MAX,step_up_0p14,0,4,2026-08-30T15:25:24Z,WALK,112,60.0,1,nan
--headless --device cpu --reps 5 --foot-comp on --heading heading-only --params skill.STEP_WALK_MAX skill.STEP_TROT_MAX --swing-lift 60 --results-csv outputs/swing_lift_sym_steps.csv,30,step_up,1,4.381035863298351,on,6,5,0.16,30,skill.STEP_WALK_MAX,step_up_0p16,0,4,2026-08-30T15:25:24Z,WALK,112,60.0,1,nan
--headless --device cpu --reps 5 --foot-comp on --heading heading-only --params skill.STEP_WALK_MAX skill.STEP_TROT_MAX --swing-lift 60 --results-csv outputs/swing_lift_sym_steps.csv,30,step_up,1,4.314766476729126,on,6,5,0.18,30,skill.STEP_WALK_MAX,step_up_0p18,0,4,2026-08-30T15:25:24Z,WALK,112,60.0,1,nan
--headless --device cpu --reps 5 --foot-comp on --heading heading-only --params skill.STEP_WALK_MAX skill.STEP_TROT_MAX --swing-lift 60 --results-csv outputs/swing_lift_sym_steps.csv,30,step_up,1,4.410996445274072,on,6,5,0.2,30,skill.STEP_WALK_MAX,step_up_0p20,0,4,2026-08-30T15:25:24Z,WALK,112,60.0,1,nan
--headless --device cpu --reps 5 --foot-comp on --heading heading-only --params skill.STEP_WALK_MAX skill.STEP_TROT_MAX --swing-lift 60 --results-csv outputs/swing_lift_sym_steps.csv,30,step_up,1,4.304586617928519,on,6,5,0.22,30,skill.STEP_WALK_MAX,step_up_0p22,0,4,2026-08-30T15:25:24Z,WALK,112,60.0,1,nan
--headless --device cpu --reps 5 --foot-comp on --heading heading-only --params skill.STEP_WALK_MAX skill.STEP_TROT_MAX --swing-lift 60 --results-csv outputs/swing_lift_sym_steps.csv,30,step_up,1,4.314929060553026,on,6,5,0.24,30,skill.STEP_WALK_MAX,step_up_0p24,0,4,2026-08-30T15:25:24Z,WALK,112,60.0,1,nan
--headless --device cpu --reps 5 --foot-comp on --heading heading-only --params skill.STEP_WALK_MAX skill.STEP_TROT_MAX --swing-lift 60 --results-csv outputs/swing_lift_sym_steps.csv,30,step_up,1,4.3149320061786,on,6,5,0.26,30,skill.STEP_WALK_MAX,step_up_0p26,0,4,2026-08-30T15:25:24Z,WALK,112,60.0,1,nan
--headless --device cpu --reps 5 --foot-comp on --heading heading-only --params skill.STEP_WALK_MAX skill.STEP_TROT_MAX --swing-lift 60 --results-csv outputs/swing_lift_sym_steps.csv,30,step_up,1,4.323804044060234,on,6,5,0.28,30,skill.STEP_WALK_MAX,step_up_0p28,0,4,2026-08-30T15:25:24Z,WALK,112,60.0,1,nan
--headless --device cpu --reps 5 --foot-comp on --heading heading-only --params skill.STEP_WALK_MAX skill.STEP_TROT_MAX --swing-lift 60 --results-csv outputs/swing_lift_sym_steps.csv,30,step_up,1,4.31922184494645,on,6,5,0.3,30,skill.STEP_WALK_MAX,step_up_0p30,0,4,2026-08-30T15:25:24Z,WALK,112,60.0,1,nan
--headless --device cpu --reps 5 --foot-comp on --heading heading-only --params skill.STEP_WALK_MAX skill.STEP_TROT_MAX --swing-lift 60 --results-csv outputs/swing_lift_sym_steps.csv,26,step_up,1,4.428102277843045,on,6,5,0.02,30,skill.STEP_TROT_MAX,step_up_0p02,0,4,2026-08-30T15:25:24Z,TROT,112,60.0,1,nan
--headless --device cpu --reps 5 --foot-comp on --heading heading-only --params skill.STEP_WALK_MAX skill.STEP_TROT_MAX --swing-lift 60 --results-csv outputs/swing_lift_sym_steps.csv,26,step_up,1,4.427274825039092,on,6,5,0.04,30,skill.STEP_TROT_MAX,step_up_0p04,0,4,2026-08-30T15:25:24Z,TROT,112,60.0,1,nan
--headless --device cpu --reps 5 --foot-comp on --heading heading-only --params skill.STEP_WALK_MAX skill.STEP_TROT_MAX --swing-lift 60 --results-csv outputs/swing_lift_sym_steps.csv,26,step_up,1,4.436644217924324,on,6,5,0.06,30,skill.STEP_TROT_MAX,step_up_0p06,0,4,2026-08-30T15:25:24Z,TROT,112,60.0,1,nan
--headless --device cpu --reps 5 --foot-comp on --heading heading-only --params skill.STEP_WALK_MAX skill.STEP_TROT_MAX --swing-lift 60 --results-csv outputs/swing_lift_sym_steps.csv,26,step_up,1,4.43502051535622,on,6,5,0.08,30,skill.STEP_TROT_MAX,step_up_0p08,0,4,2026-08-30T15:25:24Z,TROT,112,60.0,1,nan
--headless --device cpu --reps 5 --foot-comp on --heading heading-only --params skill.STEP_WALK_MAX skill.STEP_TROT_MAX --swing-lift 60 --results-csv outputs/swing_lift_sym_steps.csv,26,step_up,1,4.441737497892554,on,6,5,0.1,30,skill.STEP_TROT_MAX,step_up_0p10,0,4,2026-08-30T15:25:24Z,TROT,112,60.0,1,nan
--headless --device cpu --reps 5 --foot-comp on --heading heading-only --params skill.STEP_WALK_MAX skill.STEP_TROT_MAX --swing-lift 60 --results-csv outputs/swing_lift_sym_steps.csv,26,step_up,1,4.430752636130569,on,6,5,0.12,30,skill.STEP_TROT_MAX,step_up_0p12,0,4,2026-08-30T15:25:24Z,TROT,112,60.0,1,nan
--headless --device cpu --reps 5 --foot-comp on --heading heading-only --params skill.STEP_WALK_MAX skill.STEP_TROT_MAX --swing-lift 60 --results-csv outputs/swing_lift_sym_steps.csv,26,step_up,1,4.4361091904501695,on,6,5,0.14,30,skill.STEP_TROT_MAX,step_up_0p14,0,4,2026-08-30T15:25:24Z,TROT,112,60.0,1,nan
--headless --device cpu --reps 5 --foot-comp on --heading heading-only --params skill.STEP_WALK_MAX skill.STEP_TROT_MAX --swing-lift 60 --results-csv outputs/swing_lift_sym_steps.csv,26,step_up,1,4.431442655367072,on,6,5,0.16,30,skill.STEP_TROT_MAX,step_up_0p16,0,4,2026-08-30T15:25:24Z,TROT,112,60.0,1,nan
--headless --device cpu --reps 5 --foot-comp on --heading heading-only --params skill.STEP_WALK_MAX skill.STEP_TROT_MAX --swing-lift 60 --results-csv outputs/swing_lift_sym_steps.csv,26,step_up,1,4.440972077689642,on,6,5,0.18,30,skill.STEP_TROT_MAX,step_up_0p18,0,4,2026-08-30T15:25:24Z,TROT,112,60.0,1,nan
--headless --device cpu --reps 5 --foot-comp on --heading heading-only --params skill.STEP_WALK_MAX skill.STEP_TROT_MAX --swing-lift 60 --results-csv outputs/swing_lift_sym_steps.csv,26,step_up,1,4.440938178840331,on,6,5,0.2,30,skill.STEP_TROT_MAX,step_up_0p20,0,4,2026-08-30T15:25:24Z,TROT,112,60.0,1,nan
--headless --device cpu --reps 5 --foot-comp on --heading heading-only --params skill.STEP_WALK_MAX skill.STEP_TROT_MAX --swing-lift 60 --results-csv outputs/swing_lift_sym_steps.csv,26,step_up,1,4.438176177229738,on,6,5,0.22,30,skill.STEP_TROT_MAX,step_up_0p22,0,4,2026-08-30T15:25:24Z,TROT,112,60.0,1,nan
--headless --device cpu --reps 5 --foot-comp on --heading heading-only --params skill.STEP_WALK_MAX skill.STEP_TROT_MAX --swing-lift 60 --results-csv outputs/swing_lift_sym_steps.csv,26,step_up,1,4.442759462594673,on,6,5,0.24,30,skill.STEP_TROT_MAX,step_up_0p24,0,4,2026-08-30T15:25:24Z,TROT,112,60.0,1,nan
--headless --device cpu --reps 5 --foot-comp on --heading heading-only --params skill.STEP_WALK_MAX skill.STEP_TROT_MAX --swing-lift 60 --results-csv outputs/swing_lift_sym_steps.csv,26,step_up,1,4.428332895544076,on,6,5,0.26,30,skill.STEP_TROT_MAX,step_up_0p26,0,4,2026-08-30T15:25:24Z,TROT,112,60.0,1,nan
--headless --device cpu --reps 5 --foot-comp on --heading heading-only --params skill.STEP_WALK_MAX skill.STEP_TROT_MAX --swing-lift 60 --results-csv outputs/swing_lift_sym_steps.csv,26,step_up,1,4.428626130805641,on,6,5,0.28,30,skill.STEP_TROT_MAX,step_up_0p28,0,4,2026-08-30T15:25:24Z,TROT,112,60.0,1,nan
--headless --device cpu --reps 5 --foot-comp on --heading heading-only --params skill.STEP_WALK_MAX skill.STEP_TROT_MAX --swing-lift 60 --results-csv outputs/swing_lift_sym_steps.csv,26,step_up,1,4.431673392323749,on,6,5,0.3,30,skill.STEP_TROT_MAX,step_up_0p30,0,4,2026-08-30T15:25:24Z,TROT,112,60.0,1,nan
--headless --device cpu --reps 5 --foot-comp on --heading heading-only --params skill.STEP_WALK_MAX skill.STEP_TROT_MAX --swing-lift 80 --results-csv outputs/swing_lift_sym_steps.csv,0,step_up,1,0.9913461095624115,on,6,5,0.02,30,skill.STEP_WALK_MAX,step_up_0p02,0,0,2026-08-30T15:27:42Z,WALK,1076,80.0,1,nan
--headless --device cpu --reps 5 --foot-comp on --heading heading-only --params skill.STEP_WALK_MAX skill.STEP_TROT_MAX --swing-lift 80 --results-csv outputs/swing_lift_sym_steps.csv,0,step_up,1,1.0058033715938621,on,6,5,0.04,30,skill.STEP_WALK_MAX,step_up_0p04,0,0,2026-08-30T15:27:42Z,WALK,1076,80.0,1,nan
--headless --device cpu --reps 5 --foot-comp on --heading heading-only --params skill.STEP_WALK_MAX skill.STEP_TROT_MAX --swing-lift 80 --results-csv outputs/swing_lift_sym_steps.csv,0,step_up,1,1.1016516844926558,on,6,5,0.06,30,skill.STEP_WALK_MAX,step_up_0p06,0,0,2026-08-30T15:27:42Z,WALK,1076,80.0,1,nan
--headless --device cpu --reps 5 --foot-comp on --heading heading-only --params skill.STEP_WALK_MAX skill.STEP_TROT_MAX --swing-lift 80 --results-csv outputs/swing_lift_sym_steps.csv,0,step_up,1,2.0189294563878075,on,6,5,0.08,30,skill.STEP_WALK_MAX,step_up_0p08,0,0,2026-08-30T15:27:42Z,WALK,1076,80.0,1,nan
--headless --device cpu --reps 5 --foot-comp on --heading heading-only --params skill.STEP_WALK_MAX skill.STEP_TROT_MAX --swing-lift 80 --results-csv outputs/swing_lift_sym_steps.csv,0,step_up,1,2.0931206135981113,on,6,5,0.1,30,skill.STEP_WALK_MAX,step_up_0p10,0,0,2026-08-30T15:27:42Z,WALK,1076,80.0,1,nan
--headless --device cpu --reps 5 --foot-comp on --heading heading-only --params skill.STEP_WALK_MAX skill.STEP_TROT_MAX --swing-lift 80 --results-csv outputs/swing_lift_sym_steps.csv,0,step_up,1,2.1398488009368513,on,6,5,0.12,30,skill.STEP_WALK_MAX,step_up_0p12,0,0,2026-08-30T15:27:42Z,WALK,1076,80.0,1,nan
--headless --device cpu --reps 5 --foot-comp on --heading heading-only --params skill.STEP_WALK_MAX skill.STEP_TROT_MAX --swing-lift 80 --results-csv outputs/swing_lift_sym_steps.csv,0,step_up,1,2.022977558865044,on,6,5,0.14,30,skill.STEP_WALK_MAX,step_up_0p14,0,0,2026-08-30T15:27:42Z,WALK,1076,80.0,1,nan
--headless --device cpu --reps 5 --foot-comp on --heading heading-only --params skill.STEP_WALK_MAX skill.STEP_TROT_MAX --swing-lift 80 --results-csv outputs/swing_lift_sym_steps.csv,0,step_up,1,2.059308073136506,on,6,5,0.16,30,skill.STEP_WALK_MAX,step_up_0p16,0,0,2026-08-30T15:27:42Z,WALK,1076,80.0,1,nan
--headless --device cpu --reps 5 --foot-comp on --heading heading-only --params skill.STEP_WALK_MAX skill.STEP_TROT_MAX --swing-lift 80 --results-csv outputs/swing_lift_sym_steps.csv,0,step_up,1,2.017521947310447,on,6,5,0.18,30,skill.STEP_WALK_MAX,step_up_0p18,0,0,2026-08-30T15:27:42Z,WALK,1076,80.0,1,nan
--headless --device cpu --reps 5 --foot-comp on --heading heading-only --params skill.STEP_WALK_MAX skill.STEP_TROT_MAX --swing-lift 80 --results-csv outputs/swing_lift_sym_steps.csv,0,step_up,1,2.49559341524584,on,6,5,0.2,30,skill.STEP_WALK_MAX,step_up_0p20,0,0,2026-08-30T15:27:42Z,WALK,1076,80.0,1,nan
--headless --device cpu --reps 5 --foot-comp on --heading heading-only --params skill.STEP_WALK_MAX skill.STEP_TROT_MAX --swing-lift 80 --results-csv outputs/swing_lift_sym_steps.csv,0,step_up,1,2.165477874451754,on,6,5,0.22,30,skill.STEP_WALK_MAX,step_up_0p22,0,0,2026-08-30T15:27:42Z,WALK,1076,80.0,1,nan
--headless --device cpu --reps 5 --foot-comp on --heading heading-only --params skill.STEP_WALK_MAX skill.STEP_TROT_MAX --swing-lift 80 --results-csv outputs/swing_lift_sym_steps.csv,0,step_up,1,2.1551154847898637,on,6,5,0.24,30,skill.STEP_WALK_MAX,step_up_0p24,0,0,2026-08-30T15:27:42Z,WALK,1076,80.0,1,nan
--headless --device cpu --reps 5 --foot-comp on --heading heading-only --params skill.STEP_WALK_MAX skill.STEP_TROT_MAX --swing-lift 80 --results-csv outputs/swing_lift_sym_steps.csv,0,step_up,1,2.098837636974993,on,6,5,0.26,30,skill.STEP_WALK_MAX,step_up_0p26,0,0,2026-08-30T15:27:42Z,WALK,1076,80.0,1,nan
--headless --device cpu --reps 5 --foot-comp on --heading heading-only --params skill.STEP_WALK_MAX skill.STEP_TROT_MAX --swing-lift 80 --results-csv outputs/swing_lift_sym_steps.csv,0,step_up,1,2.519491421454085,on,6,5,0.28,30,skill.STEP_WALK_MAX,step_up_0p28,0,0,2026-08-30T15:27:42Z,WALK,1076,80.0,1,nan
--headless --device cpu --reps 5 --foot-comp on --heading heading-only --params skill.STEP_WALK_MAX skill.STEP_TROT_MAX --swing-lift 80 --results-csv outputs/swing_lift_sym_steps.csv,0,step_up,1,2.206180068842522,on,6,5,0.3,30,skill.STEP_WALK_MAX,step_up_0p30,0,0,2026-08-30T15:27:42Z,WALK,1076,80.0,1,nan
--headless --device cpu --reps 5 --foot-comp on --heading heading-only --params skill.STEP_WALK_MAX skill.STEP_TROT_MAX --swing-lift 80 --results-csv outputs/swing_lift_sym_steps.csv,0,step_up,1,3.4301390476901426,on,6,5,0.02,30,skill.STEP_TROT_MAX,step_up_0p02,0,0,2026-08-30T15:27:42Z,TROT,1076,80.0,1,nan
--headless --device cpu --reps 5 --foot-comp on --heading heading-only --params skill.STEP_WALK_MAX skill.STEP_TROT_MAX --swing-lift 80 --results-csv outputs/swing_lift_sym_steps.csv,0,step_up,1,3.460859245513924,on,6,5,0.04,30,skill.STEP_TROT_MAX,step_up_0p04,0,0,2026-08-30T15:27:42Z,TROT,1076,80.0,1,nan
--headless --device cpu --reps 5 --foot-comp on --heading heading-only --params skill.STEP_WALK_MAX skill.STEP_TROT_MAX --swing-lift 80 --results-csv outputs/swing_lift_sym_steps.csv,0,step_up,1,3.442076945760627,on,6,5,0.06,30,skill.STEP_TROT_MAX,step_up_0p06,0,0,2026-08-30T15:27:42Z,TROT,1076,80.0,1,nan
--headless --device cpu --reps 5 --foot-comp on --heading heading-only --params skill.STEP_WALK_MAX skill.STEP_TROT_MAX --swing-lift 80 --results-csv outputs/swing_lift_sym_steps.csv,0,step_up,1,3.4533912815837153,on,6,5,0.08,30,skill.STEP_TROT_MAX,step_up_0p08,0,0,2026-08-30T15:27:42Z,TROT,1076,80.0,1,nan
--headless --device cpu --reps 5 --foot-comp on --heading heading-only --params skill.STEP_WALK_MAX skill.STEP_TROT_MAX --swing-lift 80 --results-csv outputs/swing_lift_sym_steps.csv,0,step_up,1,3.4390936411585615,on,6,5,0.1,30,skill.STEP_TROT_MAX,step_up_0p10,0,0,2026-08-30T15:27:42Z,TROT,1076,80.0,1,nan
--headless --device cpu --reps 5 --foot-comp on --heading heading-only --params skill.STEP_WALK_MAX skill.STEP_TROT_MAX --swing-lift 80 --results-csv outputs/swing_lift_sym_steps.csv,0,step_up,1,3.4690779923296886,on,6,5,0.12,30,skill.STEP_TROT_MAX,step_up_0p12,0,0,2026-08-30T15:27:42Z,TROT,1076,80.0,1,nan
--headless --device cpu --reps 5 --foot-comp on --heading heading-only --params skill.STEP_WALK_MAX skill.STEP_TROT_MAX --swing-lift 80 --results-csv outputs/swing_lift_sym_steps.csv,0,step_up,1,3.4521989343440795,on,6,5,0.14,30,skill.STEP_TROT_MAX,step_up_0p14,0,0,2026-08-30T15:27:42Z,TROT,1076,80.0,1,nan
--headless --device cpu --reps 5 --foot-comp on --heading heading-only --params skill.STEP_WALK_MAX skill.STEP_TROT_MAX --swing-lift 80 --results-csv outputs/swing_lift_sym_steps.csv,0,step_up,1,3.4463030372750807,on,6,5,0.16,30,skill.STEP_TROT_MAX,step_up_0p16,0,0,2026-08-30T15:27:42Z,TROT,1076,80.0,1,nan
--headless --device cpu --reps 5 --foot-comp on --heading heading-only --params skill.STEP_WALK_MAX skill.STEP_TROT_MAX --swing-lift 80 --results-csv outputs/swing_lift_sym_steps.csv,0,step_up,1,3.4902834285208724,on,6,5,0.18,30,skill.STEP_TROT_MAX,step_up_0p18,0,0,2026-08-30T15:27:42Z,TROT,1076,80.0,1,nan
--headless --device cpu --reps 5 --foot-comp on --heading heading-only --params skill.STEP_WALK_MAX skill.STEP_TROT_MAX --swing-lift 80 --results-csv outputs/swing_lift_sym_steps.csv,0,step_up,1,3.462901520719005,on,6,5,0.2,30,skill.STEP_TROT_MAX,step_up_0p20,0,0,2026-08-30T15:27:42Z,TROT,1076,80.0,1,nan
--headless --device cpu --reps 5 --foot-comp on --heading heading-only --params skill.STEP_WALK_MAX skill.STEP_TROT_MAX --swing-lift 80 --results-csv outputs/swing_lift_sym_steps.csv,0,step_up,1,3.451137205674534,on,6,5,0.22,30,skill.STEP_TROT_MAX,step_up_0p22,0,0,2026-08-30T15:27:42Z,TROT,1076,80.0,1,nan
--headless --device cpu --reps 5 --foot-comp on --heading heading-only --params skill.STEP_WALK_MAX skill.STEP_TROT_MAX --swing-lift 80 --results-csv outputs/swing_lift_sym_steps.csv,0,step_up,1,3.4548916326354058,on,6,5,0.24,30,skill.STEP_TROT_MAX,step_up_0p24,0,0,2026-08-30T15:27:42Z,TROT,1076,80.0,1,nan
--headless --device cpu --reps 5 --foot-comp on --heading heading-only --params skill.STEP_WALK_MAX skill.STEP_TROT_MAX --swing-lift 80 --results-csv outputs/swing_lift_sym_steps.csv,0,step_up,1,3.4664808226649106,on,6,5,0.26,30,skill.STEP_TROT_MAX,step_up_0p26,0,0,2026-08-30T15:27:42Z,TROT,1076,80.0,1,nan
--headless --device cpu --reps 5 --foot-comp on --heading heading-only --params skill.STEP_WALK_MAX skill.STEP_TROT_MAX --swing-lift 80 --results-csv outputs/swing_lift_sym_steps.csv,0,step_up,1,3.4807246777831247,on,6,5,0.28,30,skill.STEP_TROT_MAX,step_up_0p28,0,0,2026-08-30T15:27:42Z,TROT,1076,80.0,1,nan
--headless --device cpu --reps 5 --foot-comp on --heading heading-only --params skill.STEP_WALK_MAX skill.STEP_TROT_MAX --swing-lift 80 --results-csv outputs/swing_lift_sym_steps.csv,0,step_up,1,3.4373942940028237,on,6,5,0.3,30,skill.STEP_TROT_MAX,step_up_0p30,0,0,2026-08-30T15:27:42Z,TROT,1076,80.0,1,nan
--headless --device cpu --reps 5 --foot-comp on --heading heading-only --params skill.STEP_WALK_MAX skill.STEP_TROT_MAX --swing-lift 80 --results-csv outputs/swing_lift_sym_steps.csv,7,step_up,1,3.250970877164229,on,6,5,0.02,30,skill.STEP_WALK_MAX,step_up_0p02,0,1,2026-08-30T15:27:42Z,WALK,1232,80.0,1,nan
--headless --device cpu --reps 5 --foot-comp on --heading heading-only --params skill.STEP_WALK_MAX skill.STEP_TROT_MAX --swing-lift 80 --results-csv outputs/swing_lift_sym_steps.csv,7,step_up,1,0.9157748447141664,on,6,5,0.04,30,skill.STEP_WALK_MAX,step_up_0p04,0,1,2026-08-30T15:27:42Z,WALK,1232,80.0,1,nan
--headless --device cpu --reps 5 --foot-comp on --heading heading-only --params skill.STEP_WALK_MAX skill.STEP_TROT_MAX --swing-lift 80 --results-csv outputs/swing_lift_sym_steps.csv,7,step_up,1,0.9401849986346892,on,6,5,0.06,30,skill.STEP_WALK_MAX,step_up_0p06,0,1,2026-08-30T15:27:42Z,WALK,1232,80.0,1,nan
--headless --device cpu --reps 5 --foot-comp on --heading heading-only --params skill.STEP_WALK_MAX skill.STEP_TROT_MAX --swing-lift 80 --results-csv outputs/swing_lift_sym_steps.csv,7,step_up,1,2.109822099294975,on,6,5,0.08,30,skill.STEP_WALK_MAX,step_up_0p08,0,1,2026-08-30T15:27:42Z,WALK,1232,80.0,1,nan
--headless --device cpu --reps 5 --foot-comp on --heading heading-only --params skill.STEP_WALK_MAX skill.STEP_TROT_MAX --swing-lift 80 --results-csv outputs/swing_lift_sym_steps.csv,7,step_up,1,2.047246300044632,on,6,5,0.1,30,skill.STEP_WALK_MAX,step_up_0p10,0,1,2026-08-30T15:27:42Z,WALK,1232,80.0,1,nan
--headless --device cpu --reps 5 --foot-comp on --heading heading-only --params skill.STEP_WALK_MAX skill.STEP_TROT_MAX --swing-lift 80 --results-csv outputs/swing_lift_sym_steps.csv,7,step_up,1,2.0740465423645857,on,6,5,0.12,30,skill.STEP_WALK_MAX,step_up_0p12,0,1,2026-08-30T15:27:42Z,WALK,1232,80.0,1,nan
--headless --device cpu --reps 5 --foot-comp on --heading heading-only --params skill.STEP_WALK_MAX skill.STEP_TROT_MAX --swing-lift 80 --results-csv outputs/swing_lift_sym_steps.csv,7,step_up,1,2.1309205289414934,on,6,5,0.14,30,skill.STEP_WALK_MAX,step_up_0p14,0,1,2026-08-30T15:27:42Z,WALK,1232,80.0,1,nan
--headless --device cpu --reps 5 --foot-comp on --heading heading-only --params skill.STEP_WALK_MAX skill.STEP_TROT_MAX --swing-lift 80 --results-csv outputs/swing_lift_sym_steps.csv,7,step_up,1,2.1115969662020535,on,6,5,0.16,30,skill.STEP_WALK_MAX,step_up_0p16,0,1,2026-08-30T15:27:42Z,WALK,1232,80.0,1,nan
--headless --device cpu --reps 5 --foot-comp on --heading heading-only --params skill.STEP_WALK_MAX skill.STEP_TROT_MAX --swing-lift 80 --results-csv outputs/swing_lift_sym_steps.csv,7,step_up,1,8.87671657422581,on,6,5,0.18,30,skill.STEP_WALK_MAX,step_up_0p18,0,1,2026-08-30T15:27:42Z,WALK,1232,80.0,1,nan
--headless --device cpu --reps 5 --foot-comp on --heading heading-only --params skill.STEP_WALK_MAX skill.STEP_TROT_MAX --swing-lift 80 --results-csv outputs/swing_lift_sym_steps.csv,7,step_up,1,2.106683660514556,on,6,5,0.2,30,skill.STEP_WALK_MAX,step_up_0p20,0,1,2026-08-30T15:27:42Z,WALK,1232,80.0,1,nan
--headless --device cpu --reps 5 --foot-comp on --heading heading-only --params skill.STEP_WALK_MAX skill.STEP_TROT_MAX --swing-lift 80 --results-csv outputs/swing_lift_sym_steps.csv,7,step_up,1,2.0542126873089352,on,6,5,0.22,30,skill.STEP_WALK_MAX,step_up_0p22,0,1,2026-08-30T15:27:42Z,WALK,1232,80.0,1,nan
--headless --device cpu --reps 5 --foot-comp on --heading heading-only --params skill.STEP_WALK_MAX skill.STEP_TROT_MAX --swing-lift 80 --results-csv outputs/swing_lift_sym_steps.csv,7,step_up,1,2.064347457072383,on,6,5,0.24,30,skill.STEP_WALK_MAX,step_up_0p24,0,1,2026-08-30T15:27:42Z,WALK,1232,80.0,1,nan
--headless --device cpu --reps 5 --foot-comp on --heading heading-only --params skill.STEP_WALK_MAX skill.STEP_TROT_MAX --swing-lift 80 --results-csv outputs/swing_lift_sym_steps.csv,7,step_up,1,2.149616757955219,on,6,5,0.26,30,skill.STEP_WALK_MAX,step_up_0p26,0,1,2026-08-30T15:27:42Z,WALK,1232,80.0,1,nan
--headless --device cpu --reps 5 --foot-comp on --heading heading-only --params skill.STEP_WALK_MAX skill.STEP_TROT_MAX --swing-lift 80 --results-csv outputs/swing_lift_sym_steps.csv,7,step_up,1,2.174539402604486,on,6,5,0.28,30,skill.STEP_WALK_MAX,step_up_0p28,0,1,2026-08-30T15:27:42Z,WALK,1232,80.0,1,nan
--headless --device cpu --reps 5 --foot-comp on --heading heading-only --params skill.STEP_WALK_MAX skill.STEP_TROT_MAX --swing-lift 80 --results-csv outputs/swing_lift_sym_steps.csv,7,step_up,1,0.3794274634942002,on,6,5,0.3,30,skill.STEP_WALK_MAX,step_up_0p30,0,1,2026-08-30T15:27:42Z,WALK,1232,80.0,1,nan
--headless --device cpu --reps 5 --foot-comp on --heading heading-only --params skill.STEP_WALK_MAX skill.STEP_TROT_MAX --swing-lift 80 --results-csv outputs/swing_lift_sym_steps.csv,6,step_up,1,3.7779577445917236,on,6,5,0.02,30,skill.STEP_TROT_MAX,step_up_0p02,0,1,2026-08-30T15:27:42Z,TROT,1232,80.0,1,nan
--headless --device cpu --reps 5 --foot-comp on --heading heading-only --params skill.STEP_WALK_MAX skill.STEP_TROT_MAX --swing-lift 80 --results-csv outputs/swing_lift_sym_steps.csv,6,step_up,1,3.7723251998553,on,6,5,0.04,30,skill.STEP_TROT_MAX,step_up_0p04,0,1,2026-08-30T15:27:42Z,TROT,1232,80.0,1,nan
--headless --device cpu --reps 5 --foot-comp on --heading heading-only --params skill.STEP_WALK_MAX skill.STEP_TROT_MAX --swing-lift 80 --results-csv outputs/swing_lift_sym_steps.csv,6,step_up,1,3.8067131042779403,on,6,5,0.06,30,skill.STEP_TROT_MAX,step_up_0p06,0,1,2026-08-30T15:27:42Z,TROT,1232,80.0,1,nan
--headless --device cpu --reps 5 --foot-comp on --heading heading-only --params skill.STEP_WALK_MAX skill.STEP_TROT_MAX --swing-lift 80 --results-csv outputs/swing_lift_sym_steps.csv,6,step_up,1,3.802585435545489,on,6,5,0.08,30,skill.STEP_TROT_MAX,step_up_0p08,0,1,2026-08-30T15:27:42Z,TROT,1232,80.0,1,nan
--headless --device cpu --reps 5 --foot-comp on --heading heading-only --params skill.STEP_WALK_MAX skill.STEP_TROT_MAX --swing-lift 80 --results-csv outputs/swing_lift_sym_steps.csv,6,step_up,1,3.771021947468645,on,6,5,0.1,30,skill.STEP_TROT_MAX,step_up_0p10,0,1,2026-08-30T15:27:42Z,TROT,1232,80.0,1,nan
--headless --device cpu --reps 5 --foot-comp on --heading heading-only --params skill.STEP_WALK_MAX skill.STEP_TROT_MAX --swing-lift 80 --results-csv outputs/swing_lift_sym_steps.csv,6,step_up,1,3.776950136154312,on,6,5,0.12,30,skill.STEP_TROT_MAX,step_up_0p12,0,1,2026-08-30T15:27:42Z,TROT,1232,80.0,1,nan
--headless --device cpu --reps 5 --foot-comp on --heading heading-only --params skill.STEP_WALK_MAX skill.STEP_TROT_MAX --swing-lift 80 --results-csv outputs/swing_lift_sym_steps.csv,6,step_up,1,3.7674300561600607,on,6,5,0.14,30,skill.STEP_TROT_MAX,step_up_0p14,0,1,2026-08-30T15:27:42Z,TROT,1232,80.0,1,nan
--headless --device cpu --reps 5 --foot-comp on --heading heading-only --params skill.STEP_WALK_MAX skill.STEP_TROT_MAX --swing-lift 80 --results-csv outputs/swing_lift_sym_steps.csv,6,step_up,1,3.7936007295731593,on,6,5,0.16,30,skill.STEP_TROT_MAX,step_up_0p16,0,1,2026-08-30T15:27:42Z,TROT,1232,80.0,1,nan
--headless --device cpu --reps 5 --foot-comp on --heading heading-only --params skill.STEP_WALK_MAX skill.STEP_TROT_MAX --swing-lift 80 --results-csv outputs/swing_lift_sym_steps.csv,6,step_up,1,3.770536218762253,on,6,5,0.18,30,skill.STEP_TROT_MAX,step_up_0p18,0,1,2026-08-30T15:27:42Z,TROT,1232,80.0,1,nan
--headless --device cpu --reps 5 --foot-comp on --heading heading-only --params skill.STEP_WALK_MAX skill.STEP_TROT_MAX --swing-lift 80 --results-csv outputs/swing_lift_sym_steps.csv,6,step_up,1,3.7962325323170845,on,6,5,0.2,30,skill.STEP_TROT_MAX,step_up_0p20,0,1,2026-08-30T15:27:42Z,TROT,1232,80.0,1,nan
--headless --device cpu --reps 5 --foot-comp on --heading heading-only --params skill.STEP_WALK_MAX skill.STEP_TROT_MAX --swing-lift 80 --results-csv outputs/swing_lift_sym_steps.csv,6,step_up,1,3.782161405728304,on,6,5,0.22,30,skill.STEP_TROT_MAX,step_up_0p22,0,1,2026-08-30T15:27:42Z,TROT,1232,80.0,1,nan
--headless --device cpu --reps 5 --foot-comp on --heading heading-only --params skill.STEP_WALK_MAX skill.STEP_TROT_MAX --swing-lift 80 --results-csv outputs/swing_lift_sym_steps.csv,6,step_up,1,3.8041829093549007,on,6,5,0.24,30,skill.STEP_TROT_MAX,step_up_0p24,0,1,2026-08-30T15:27:42Z,TROT,1232,80.0,1,nan
--headless --device cpu --reps 5 --foot-comp on --heading heading-only --params skill.STEP_WALK_MAX skill.STEP_TROT_MAX --swing-lift 80 --results-csv outputs/swing_lift_sym_steps.csv,6,step_up,1,3.795471471624849,on,6,5,0.26,30,skill.STEP_TROT_MAX,step_up_0p26,0,1,2026-08-30T15:27:42Z,TROT,1232,80.0,1,nan
--headless --device cpu --reps 5 --foot-comp on --heading heading-only --params skill.STEP_WALK_MAX skill.STEP_TROT_MAX --swing-lift 80 --results-csv outputs/swing_lift_sym_steps.csv,6,step_up,1,3.794092902053321,on,6,5,0.28,30,skill.STEP_TROT_MAX,step_up_0p28,0,1,2026-08-30T15:27:42Z,TROT,1232,80.0,1,nan
--headless --device cpu --reps 5 --foot-comp on --heading heading-only --params skill.STEP_WALK_MAX skill.STEP_TROT_MAX --swing-lift 80 --results-csv outputs/swing_lift_sym_steps.csv,6,step_up,1,3.7903936405113328,on,6,5,0.3,30,skill.STEP_TROT_MAX,step_up_0p30,0,1,2026-08-30T15:27:42Z,TROT,1232,80.0,1,nan
--headless --device cpu --reps 5 --foot-comp on --heading heading-only --params skill.STEP_WALK_MAX skill.STEP_TROT_MAX --swing-lift 80 --results-csv outputs/swing_lift_sym_steps.csv,15,step_up,1,1.0518329589813449,on,6,5,0.02,30,skill.STEP_WALK_MAX,step_up_0p02,0,2,2026-08-30T15:27:42Z,WALK,1396,80.0,1,nan
--headless --device cpu --reps 5 --foot-comp on --heading heading-only --params skill.STEP_WALK_MAX skill.STEP_TROT_MAX --swing-lift 80 --results-csv outputs/swing_lift_sym_steps.csv,15,step_up,1,1.2943028213418835,on,6,5,0.04,30,skill.STEP_WALK_MAX,step_up_0p04,0,2,2026-08-30T15:27:42Z,WALK,1396,80.0,1,nan
--headless --device cpu --reps 5 --foot-comp on --heading heading-only --params skill.STEP_WALK_MAX skill.STEP_TROT_MAX --swing-lift 80 --results-csv outputs/swing_lift_sym_steps.csv,15,step_up,1,0.9502532577409745,on,6,5,0.06,30,skill.STEP_WALK_MAX,step_up_0p06,0,2,2026-08-30T15:27:42Z,WALK,1396,80.0,1,nan
--headless --device cpu --reps 5 --foot-comp on --heading heading-only --params skill.STEP_WALK_MAX skill.STEP_TROT_MAX --swing-lift 80 --results-csv outputs/swing_lift_sym_steps.csv,15,step_up,1,2.155635876297962,on,6,5,0.08,30,skill.STEP_WALK_MAX,step_up_0p08,0,2,2026-08-30T15:27:42Z,WALK,1396,80.0,1,nan
--headless --device cpu --reps 5 --foot-comp on --heading heading-only --params skill.STEP_WALK_MAX skill.STEP_TROT_MAX --swing-lift 80 --results-csv outputs/swing_lift_sym_steps.csv,15,step_up,1,2.2697214314329215,on,6,5,0.1,30,skill.STEP_WALK_MAX,step_up_0p10,0,2,2026-08-30T15:27:42Z,WALK,1396,80.0,1,nan
--headless --device cpu --reps 5 --foot-comp on --heading heading-only --params skill.STEP_WALK_MAX skill.STEP_TROT_MAX --swing-lift 80 --results-csv outputs/swing_lift_sym_steps.csv,15,step_up,1,2.09879733091651,on,6,5,0.12,30,skill.STEP_WALK_MAX,step_up_0p12,0,2,2026-08-30T15:27:42Z,WALK,1396,80.0,1,nan
--headless --device cpu --reps 5 --foot-comp on --heading heading-only --params skill.STEP_WALK_MAX skill.STEP_TROT_MAX --swing-lift 80 --results-csv outputs/swing_lift_sym_steps.csv,15,step_up,1,2.0258746405838526,on,6,5,0.14,30,skill.STEP_WALK_MAX,step_up_0p14,0,2,2026-08-30T15:27:42Z,WALK,1396,80.0,1,nan
--headless --device cpu --reps 5 --foot-comp on --heading heading-only --params skill.STEP_WALK_MAX skill.STEP_TROT_MAX --swing-lift 80 --results-csv outputs/swing_lift_sym_steps.csv,15,step_up,1,2.235819171237937,on,6,5,0.16,30,skill.STEP_WALK_MAX,step_up_0p16,0,2,2026-08-30T15:27:42Z,WALK,1396,80.0,1,nan
--headless --device cpu --reps 5 --foot-comp on --heading heading-only --params skill.STEP_WALK_MAX skill.STEP_TROT_MAX --swing-lift 80 --results-csv outputs/swing_lift_sym_steps.csv,15,step_up,1,2.1657696972624687,on,6,5,0.18,30,skill.STEP_WALK_MAX,step_up_0p18,0,2,2026-08-30T15:27:42Z,WALK,1396,80.0,1,nan
--headless --device cpu --reps 5 --foot-comp on --heading heading-only --params skill.STEP_WALK_MAX skill.STEP_TROT_MAX --swing-lift 80 --results-csv outputs/swing_lift_sym_steps.csv,15,step_up,1,2.26889429264618,on,6,5,0.2,30,skill.STEP_WALK_MAX,step_up_0p20,0,2,2026-08-30T15:27:42Z,WALK,1396,80.0,1,nan
--headless --device cpu --reps 5 --foot-comp on --heading heading-only --params skill.STEP_WALK_MAX skill.STEP_TROT_MAX --swing-lift 80 --results-csv outputs/swing_lift_sym_steps.csv,15,step_up,1,2.190099255686066,on,6,5,0.22,30,skill.STEP_WALK_MAX,step_up_0p22,0,2,2026-08-30T15:27:42Z,WALK,1396,80.0,1,nan
--headless --device cpu --reps 5 --foot-comp on --heading heading-only --params skill.STEP_WALK_MAX skill.STEP_TROT_MAX --swing-lift 80 --results-csv outputs/swing_lift_sym_steps.csv,15,step_up,1,2.2594344795961874,on,6,5,0.24,30,skill.STEP_WALK_MAX,step_up_0p24,0,2,2026-08-30T15:27:42Z,WALK,1396,80.0,1,nan
--headless --device cpu --reps 5 --foot-comp on --heading heading-only --params skill.STEP_WALK_MAX skill.STEP_TROT_MAX --swing-lift 80 --results-csv outputs/swing_lift_sym_steps.csv,15,step_up,1,2.2297380732158647,on,6,5,0.26,30,skill.STEP_WALK_MAX,step_up_0p26,0,2,2026-08-30T15:27:42Z,WALK,1396,80.0,1,nan
--headless --device cpu --reps 5 --foot-comp on --heading heading-only --params skill.STEP_WALK_MAX skill.STEP_TROT_MAX --swing-lift 80 --results-csv outputs/swing_lift_sym_steps.csv,15,step_up,1,2.1871226400401675,on,6,5,0.28,30,skill.STEP_WALK_MAX,step_up_0p28,0,2,2026-08-30T15:27:42Z,WALK,1396,80.0,1,nan
--headless --device cpu --reps 5 --foot-comp on --heading heading-only --params skill.STEP_WALK_MAX skill.STEP_TROT_MAX --swing-lift 80 --results-csv outputs/swing_lift_sym_steps.csv,15,step_up,1,2.528016101905057,on,6,5,0.3,30,skill.STEP_WALK_MAX,step_up_0p30,0,2,2026-08-30T15:27:42Z,WALK,1396,80.0,1,nan
--headless --device cpu --reps 5 --foot-comp on --heading heading-only --params skill.STEP_WALK_MAX skill.STEP_TROT_MAX --swing-lift 80 --results-csv outputs/swing_lift_sym_steps.csv,13,step_up,1,4.205162696042004,on,6,5,0.02,30,skill.STEP_TROT_MAX,step_up_0p02,0,2,2026-08-30T15:27:42Z,TROT,1396,80.0,1,nan
--headless --device cpu --reps 5 --foot-comp on --heading heading-only --params skill.STEP_WALK_MAX skill.STEP_TROT_MAX --swing-lift 80 --results-csv outputs/swing_lift_sym_steps.csv,13,step_up,1,4.210318367960991,on,6,5,0.04,30,skill.STEP_TROT_MAX,step_up_0p04,0,2,2026-08-30T15:27:42Z,TROT,1396,80.0,1,nan
--headless --device cpu --reps 5 --foot-comp on --heading heading-only --params skill.STEP_WALK_MAX skill.STEP_TROT_MAX --swing-lift 80 --results-csv outputs/swing_lift_sym_steps.csv,13,step_up,1,4.195908453534086,on,6,5,0.06,30,skill.STEP_TROT_MAX,step_up_0p06,0,2,2026-08-30T15:27:42Z,TROT,1396,80.0,1,nan
--headless --device cpu --reps 5 --foot-comp on --heading heading-only --params skill.STEP_WALK_MAX skill.STEP_TROT_MAX --swing-lift 80 --results-csv outputs/swing_lift_sym_steps.csv,13,step_up,1,4.227214951087007,on,6,5,0.08,30,skill.STEP_TROT_MAX,step_up_0p08,0,2,2026-08-30T15:27:42Z,TROT,1396,80.0,1,nan
--headless --device cpu --reps 5 --foot-comp on --heading heading-only --params skill.STEP_WALK_MAX skill.STEP_TROT_MAX --swing-lift 80 --results-csv outputs/swing_lift_sym_steps.csv,13,step_up,1,4.203522953851082,on,6,5,0.1,30,skill.STEP_TROT_MAX,step_up_0p10,0,2,2026-08-30T15:27:42Z,TROT,1396,80.0,1,nan
--headless --device cpu --reps 5 --foot-comp on --heading heading-only --params skill.STEP_WALK_MAX skill.STEP_TROT_MAX --swing-lift 80 --results-csv outputs/swing_lift_sym_steps.csv,13,step_up,1,4.201377377076786,on,6,5,0.12,30,skill.STEP_TROT_MAX,step_up_0p12,0,2,2026-08-30T15:27:42Z,TROT,1396,80.0,1,nan
--headless --device cpu --reps 5 --foot-comp on --heading heading-only --params skill.STEP_WALK_MAX skill.STEP_TROT_MAX --swing-lift 80 --results-csv outputs/swing_lift_sym_steps.csv,13,step_up,1,4.19474804392132,on,6,5,0.14,30,skill.STEP_TROT_MAX,step_up_0p14,0,2,2026-08-30T15:27:42Z,TROT,1396,80.0,1,nan
--headless --device cpu --reps 5 --foot-comp on --heading heading-only --params skill.STEP_WALK_MAX skill.STEP_TROT_MAX --swing-lift 80 --results-csv outputs/swing_lift_sym_steps.csv,13,step_up,1,4.2101404942826814,on,6,5,0.16,30,skill.STEP_TROT_MAX,step_up_0p16,0,2,2026-08-30T15:27:42Z,TROT,1396,80.0,1,nan
--headless --device cpu --reps 5 --foot-comp on --heading heading-only --params skill.STEP_WALK_MAX skill.STEP_TROT_MAX --swing-lift 80 --results-csv outputs/swing_lift_sym_steps.csv,13,step_up,1,4.20357142295013,on,6,5,0.18,30,skill.STEP_TROT_MAX,step_up_0p18,0,2,2026-08-30T15:27:42Z,TROT,1396,80.0,1,nan
--headless --device cpu --reps 5 --foot-comp on --heading heading-only --params skill.STEP_WALK_MAX skill.STEP_TROT_MAX --swing-lift 80 --results-csv outputs/swing_lift_sym_steps.csv,13,step_up,1,4.22290485998035,on,6,5,0.2,30,skill.STEP_TROT_MAX,step_up_0p20,0,2,2026-08-30T15:27:42Z,TROT,1396,80.0,1,nan
--headless --device cpu --reps 5 --foot-comp on --heading heading-only --params skill.STEP_WALK_MAX skill.STEP_TROT_MAX --swing-lift 80 --results-csv outputs/swing_lift_sym_steps.csv,13,step_up,1,4.202122909527023,on,6,5,0.22,30,skill.STEP_TROT_MAX,step_up_0p22,0,2,2026-08-30T15:27:42Z,TROT,1396,80.0,1,nan
--headless --device cpu --reps 5 --foot-comp on --heading heading-only --params skill.STEP_WALK_MAX skill.STEP_TROT_MAX --swing-lift 80 --results-csv outputs/swing_lift_sym_steps.csv,13,step_up,1,4.200187117524435,on,6,5,0.24,30,skill.STEP_TROT_MAX,step_up_0p24,0,2,2026-08-30T15:27:42Z,TROT,1396,80.0,1,nan
--headless --device cpu --reps 5 --foot-comp on --heading heading-only --params skill.STEP_WALK_MAX skill.STEP_TROT_MAX --swing-lift 80 --results-csv outputs/swing_lift_sym_steps.csv,13,step_up,1,4.210822526352392,on,6,5,0.26,30,skill.STEP_TROT_MAX,step_up_0p26,0,2,2026-08-30T15:27:42Z,TROT,1396,80.0,1,nan
--headless --device cpu --reps 5 --foot-comp on --heading heading-only --params skill.STEP_WALK_MAX skill.STEP_TROT_MAX --swing-lift 80 --results-csv outputs/swing_lift_sym_steps.csv,13,step_up,1,4.2075043671970365,on,6,5,0.28,30,skill.STEP_TROT_MAX,step_up_0p28,0,2,2026-08-30T15:27:42Z,TROT,1396,80.0,1,nan
--headless --device cpu --reps 5 --foot-comp on --heading heading-only --params skill.STEP_WALK_MAX skill.STEP_TROT_MAX --swing-lift 80 --results-csv outputs/swing_lift_sym_steps.csv,13,step_up,1,4.2065924099905505,on,6,5,0.3,30,skill.STEP_TROT_MAX,step_up_0p30,0,2,2026-08-30T15:27:42Z,TROT,1396,80.0,1,nan
--headless --device cpu --reps 5 --foot-comp on --heading heading-only --params skill.STEP_WALK_MAX skill.STEP_TROT_MAX --swing-lift 80 --results-csv outputs/swing_lift_sym_steps.csv,22,step_up,1,3.9481623785671665,on,6,5,0.02,30,skill.STEP_WALK_MAX,step_up_0p02,0,3,2026-08-30T15:27:42Z,WALK,90,80.0,1,nan
--headless --device cpu --reps 5 --foot-comp on --heading heading-only --params skill.STEP_WALK_MAX skill.STEP_TROT_MAX --swing-lift 80 --results-csv outputs/swing_lift_sym_steps.csv,22,step_up,1,4.027368219508501,on,6,5,0.04,30,skill.STEP_WALK_MAX,step_up_0p04,0,3,2026-08-30T15:27:42Z,WALK,90,80.0,1,nan
--headless --device cpu --reps 5 --foot-comp on --heading heading-only --params skill.STEP_WALK_MAX skill.STEP_TROT_MAX --swing-lift 80 --results-csv outputs/swing_lift_sym_steps.csv,22,step_up,1,4.011866207570278,on,6,5,0.06,30,skill.STEP_WALK_MAX,step_up_0p06,0,3,2026-08-30T15:27:42Z,WALK,90,80.0,1,nan
--headless --device cpu --reps 5 --foot-comp on --heading heading-only --params skill.STEP_WALK_MAX skill.STEP_TROT_MAX --swing-lift 80 --results-csv outputs/swing_lift_sym_steps.csv,22,step_up,1,3.958958338107707,on,6,5,0.08,30,skill.STEP_WALK_MAX,step_up_0p08,0,3,2026-08-30T15:27:42Z,WALK,90,80.0,1,nan
--headless --device cpu --reps 5 --foot-comp on --heading heading-only --params skill.STEP_WALK_MAX skill.STEP_TROT_MAX --swing-lift 80 --results-csv outputs/swing_lift_sym_steps.csv,22,step_up,1,3.9510843412217773,on,6,5,0.1,30,skill.STEP_WALK_MAX,step_up_0p10,0,3,2026-08-30T15:27:42Z,WALK,90,80.0,1,nan
--headless --device cpu --reps 5 --foot-comp on --heading heading-only --params skill.STEP_WALK_MAX skill.STEP_TROT_MAX --swing-lift 80 --results-csv outputs/swing_lift_sym_steps.csv,22,step_up,1,3.9845647505159603,on,6,5,0.12,30,skill.STEP_WALK_MAX,step_up_0p12,0,3,2026-08-30T15:27:42Z,WALK,90,80.0,1,nan
--headless --device cpu --reps 5 --foot-comp on --heading heading-only --params skill.STEP_WALK_MAX skill.STEP_TROT_MAX --swing-lift 80 --results-csv outputs/swing_lift_sym_steps.csv,22,step_up,1,3.970268397259251,on,6,5,0.14,30,skill.STEP_WALK_MAX,step_up_0p14,0,3,2026-08-30T15:27:42Z,WALK,90,80.0,1,nan
--headless --device cpu --reps 5 --foot-comp on --heading heading-only --params skill.STEP_WALK_MAX skill.STEP_TROT_MAX --swing-lift 80 --results-csv outputs/swing_lift_sym_steps.csv,22,step_up,1,3.982713735729013,on,6,5,0.16,30,skill.STEP_WALK_MAX,step_up_0p16,0,3,2026-08-30T15:27:42Z,WALK,90,80.0,1,nan
--headless --device cpu --reps 5 --foot-comp on --heading heading-only --params skill.STEP_WALK_MAX skill.STEP_TROT_MAX --swing-lift 80 --results-csv outputs/swing_lift_sym_steps.csv,22,step_up,1,3.9622886521119858,on,6,5,0.18,30,skill.STEP_WALK_MAX,step_up_0p18,0,3,2026-08-30T15:27:42Z,WALK,90,80.0,1,nan
--headless --device cpu --reps 5 --foot-comp on --heading heading-only --params skill.STEP_WALK_MAX skill.STEP_TROT_MAX --swing-lift 80 --results-csv outputs/swing_lift_sym_steps.csv,22,step_up,1,3.941204141693127,on,6,5,0.2,30,skill.STEP_WALK_MAX,step_up_0p20,0,3,2026-08-30T15:27:42Z,WALK,90,80.0,1,nan
--headless --device cpu --reps 5 --foot-comp on --heading heading-only --params skill.STEP_WALK_MAX skill.STEP_TROT_MAX --swing-lift 80 --results-csv outputs/swing_lift_sym_steps.csv,22,step_up,1,3.945700088783894,on,6,5,0.22,30,skill.STEP_WALK_MAX,step_up_0p22,0,3,2026-08-30T15:27:42Z,WALK,90,80.0,1,nan
--headless --device cpu --reps 5 --foot-comp on --heading heading-only --params skill.STEP_WALK_MAX skill.STEP_TROT_MAX --swing-lift 80 --results-csv outputs/swing_lift_sym_steps.csv,22,step_up,1,3.9609734921486557,on,6,5,0.24,30,skill.STEP_WALK_MAX,step_up_0p24,0,3,2026-08-30T15:27:42Z,WALK,90,80.0,1,nan
--headless --device cpu --reps 5 --foot-comp on --heading heading-only --params skill.STEP_WALK_MAX skill.STEP_TROT_MAX --swing-lift 80 --results-csv outputs/swing_lift_sym_steps.csv,22,step_up,1,3.9622518942796843,on,6,5,0.26,30,skill.STEP_WALK_MAX,step_up_0p26,0,3,2026-08-30T15:27:42Z,WALK,90,80.0,1,nan
--headless --device cpu --reps 5 --foot-comp on --heading heading-only --params skill.STEP_WALK_MAX skill.STEP_TROT_MAX --swing-lift 80 --results-csv outputs/swing_lift_sym_steps.csv,22,step_up,1,3.984077980160628,on,6,5,0.28,30,skill.STEP_WALK_MAX,step_up_0p28,0,3,2026-08-30T15:27:42Z,WALK,90,80.0,1,nan
--headless --device cpu --reps 5 --foot-comp on --heading heading-only --params skill.STEP_WALK_MAX skill.STEP_TROT_MAX --swing-lift 80 --results-csv outputs/swing_lift_sym_steps.csv,22,step_up,1,3.942592538801856,on,6,5,0.3,30,skill.STEP_WALK_MAX,step_up_0p30,0,3,2026-08-30T15:27:42Z,WALK,90,80.0,1,nan
--headless --device cpu --reps 5 --foot-comp on --heading heading-only --params skill.STEP_WALK_MAX skill.STEP_TROT_MAX --swing-lift 80 --results-csv outputs/swing_lift_sym_steps.csv,19,step_up,1,4.05876749479607,on,6,5,0.02,30,skill.STEP_TROT_MAX,step_up_0p02,0,3,2026-08-30T15:27:42Z,TROT,90,80.0,1,nan
--headless --device cpu --reps 5 --foot-comp on --heading heading-only --params skill.STEP_WALK_MAX skill.STEP_TROT_MAX --swing-lift 80 --results-csv outputs/swing_lift_sym_steps.csv,19,step_up,1,4.06042023042597,on,6,5,0.04,30,skill.STEP_TROT_MAX,step_up_0p04,0,3,2026-08-30T15:27:42Z,TROT,90,80.0,1,nan
--headless --device cpu --reps 5 --foot-comp on --heading heading-only --params skill.STEP_WALK_MAX skill.STEP_TROT_MAX --swing-lift 80 --results-csv outputs/swing_lift_sym_steps.csv,19,step_up,1,4.06051511181374,on,6,5,0.06,30,skill.STEP_TROT_MAX,step_up_0p06,0,3,2026-08-30T15:27:42Z,TROT,90,80.0,1,nan
--headless --device cpu --reps 5 --foot-comp on --heading heading-only --params skill.STEP_WALK_MAX skill.STEP_TROT_MAX --swing-lift 80 --results-csv outputs/swing_lift_sym_steps.csv,19,step_up,1,4.054015061489984,on,6,5,0.08,30,skill.STEP_TROT_MAX,step_up_0p08,0,3,2026-08-30T15:27:42Z,TROT,90,80.0,1,nan
--headless --device cpu --reps 5 --foot-comp on --heading heading-only --params skill.STEP_WALK_MAX skill.STEP_TROT_MAX --swing-lift 80 --results-csv outputs/swing_lift_sym_steps.csv,19,step_up,1,4.053694240109975,on,6,5,0.1,30,skill.STEP_TROT_MAX,step_up_0p10,0,3,2026-08-30T15:27:42Z,TROT,90,80.0,1,nan
--headless --device cpu --reps 5 --foot-comp on --heading heading-only --params skill.STEP_WALK_MAX skill.STEP_TROT_MAX --swing-lift 80 --results-csv outputs/swing_lift_sym_steps.csv,19,step_up,1,4.061950128846042,on,6,5,0.12,30,skill.STEP_TROT_MAX,step_up_0p12,0,3,2026-08-30T15:27:42Z,TROT,90,80.0,1,nan
--headless --device cpu --reps 5 --foot-comp on --heading heading-only --params skill.STEP_WALK_MAX skill.STEP_TROT_MAX --swing-lift 80 --results-csv outputs/swing_lift_sym_steps.csv,19,step_up,1,4.059680584895826,on,6,5,0.14,30,skill.STEP_TROT_MAX,step_up_0p14,0,3,2026-08-30T15:27:42Z,TROT,90,80.0,1,nan
--headless --device cpu --reps 5 --foot-comp on --heading heading-only --params skill.STEP_WALK_MAX skill.STEP_TROT_MAX --swing-lift 80 --results-csv outputs/swing_lift_sym_steps.csv,19,step_up,1,4.057100739762129,on,6,5,0.16,30,skill.STEP_TROT_MAX,step_up_0p16,0,3,2026-08-30T15:27:42Z,TROT,90,80.0,1,nan
--headless --device cpu --reps 5 --foot-comp on --heading heading-only --params skill.STEP_WALK_MAX skill.STEP_TROT_MAX --swing-lift 80 --results-csv outputs/swing_lift_sym_steps.csv,19,step_up,1,4.064050657142252,on,6,5,0.18,30,skill.STEP_TROT_MAX,step_up_0p18,0,3,2026-08-30T15:27:42Z,TROT,90,80.0,1,nan
--headless --device cpu --reps 5 --foot-comp on --heading heading-only --params skill.STEP_WALK_MAX skill.STEP_TROT_MAX --swing-lift 80 --results-csv outputs/swing_lift_sym_steps.csv,19,step_up,1,4.064036959892628,on,6,5,0.2,30,skill.STEP_TROT_MAX,step_up_0p20,0,3,2026-08-30T15:27:42Z,TROT,90,80.0,1,nan
--headless --device cpu --reps 5 --foot-comp on --heading heading-only --params skill.STEP_WALK_MAX skill.STEP_TROT_MAX --swing-lift 80 --results-csv outputs/swing_lift_sym_steps.csv,19,step_up,1,4.054942496923757,on,6,5,0.22,30,skill.STEP_TROT_MAX,step_up_0p22,0,3,2026-08-30T15:27:42Z,TROT,90,80.0,1,nan
--headless --device cpu --reps 5 --foot-comp on --heading heading-only --params skill.STEP_WALK_MAX skill.STEP_TROT_MAX --swing-lift 80 --results-csv outputs/swing_lift_sym_steps.csv,19,step_up,1,4.057420958361426,on,6,5,0.24,30,skill.STEP_TROT_MAX,step_up_0p24,0,3,2026-08-30T15:27:42Z,TROT,90,80.0,1,nan
--headless --device cpu --reps 5 --foot-comp on --heading heading-only --params skill.STEP_WALK_MAX skill.STEP_TROT_MAX --swing-lift 80 --results-csv outputs/swing_lift_sym_steps.csv,19,step_up,1,4.057357421793759,on,6,5,0.26,30,skill.STEP_TROT_MAX,step_up_0p26,0,3,2026-08-30T15:27:42Z,TROT,90,80.0,1,nan
--headless --device cpu --reps 5 --foot-comp on --heading heading-only --params skill.STEP_WALK_MAX skill.STEP_TROT_MAX --swing-lift 80 --results-csv outputs/swing_lift_sym_steps.csv,19,step_up,1,4.057918616932949,on,6,5,0.28,30,skill.STEP_TROT_MAX,step_up_0p28,0,3,2026-08-30T15:27:42Z,TROT,90,80.0,1,nan
--headless --device cpu --reps 5 --foot-comp on --heading heading-only --params skill.STEP_WALK_MAX skill.STEP_TROT_MAX --swing-lift 80 --results-csv outputs/swing_lift_sym_steps.csv,19,step_up,1,4.055967182729905,on,6,5,0.3,30,skill.STEP_TROT_MAX,step_up_0p30,0,3,2026-08-30T15:27:42Z,TROT,90,80.0,1,nan
--headless --device cpu --reps 5 --foot-comp on --heading heading-only --params skill.STEP_WALK_MAX skill.STEP_TROT_MAX --swing-lift 80 --results-csv outputs/swing_lift_sym_steps.csv,30,step_up,1,4.471085695155274,on,6,5,0.02,30,skill.STEP_WALK_MAX,step_up_0p02,0,4,2026-08-30T15:27:42Z,WALK,52,80.0,1,nan
--headless --device cpu --reps 5 --foot-comp on --heading heading-only --params skill.STEP_WALK_MAX skill.STEP_TROT_MAX --swing-lift 80 --results-csv outputs/swing_lift_sym_steps.csv,30,step_up,1,4.458274827620379,on,6,5,0.04,30,skill.STEP_WALK_MAX,step_up_0p04,0,4,2026-08-30T15:27:42Z,WALK,52,80.0,1,nan
--headless --device cpu --reps 5 --foot-comp on --heading heading-only --params skill.STEP_WALK_MAX skill.STEP_TROT_MAX --swing-lift 80 --results-csv outputs/swing_lift_sym_steps.csv,30,step_up,1,4.475508995912089,on,6,5,0.06,30,skill.STEP_WALK_MAX,step_up_0p06,0,4,2026-08-30T15:27:42Z,WALK,52,80.0,1,nan
--headless --device cpu --reps 5 --foot-comp on --heading heading-only --params skill.STEP_WALK_MAX skill.STEP_TROT_MAX --swing-lift 80 --results-csv outputs/swing_lift_sym_steps.csv,30,step_up,1,4.48160439289936,on,6,5,0.08,30,skill.STEP_WALK_MAX,step_up_0p08,0,4,2026-08-30T15:27:42Z,WALK,52,80.0,1,nan
--headless --device cpu --reps 5 --foot-comp on --heading heading-only --params skill.STEP_WALK_MAX skill.STEP_TROT_MAX --swing-lift 80 --results-csv outputs/swing_lift_sym_steps.csv,30,step_up,1,4.465666474540621,on,6,5,0.1,30,skill.STEP_WALK_MAX,step_up_0p10,0,4,2026-08-30T15:27:42Z,WALK,52,80.0,1,nan
--headless --device cpu --reps 5 --foot-comp on --heading heading-only --params skill.STEP_WALK_MAX skill.STEP_TROT_MAX --swing-lift 80 --results-csv outputs/swing_lift_sym_steps.csv,30,step_up,1,4.457135820840398,on,6,5,0.12,30,skill.STEP_WALK_MAX,step_up_0p12,0,4,2026-08-30T15:27:42Z,WALK,52,80.0,1,nan
--headless --device cpu --reps 5 --foot-comp on --heading heading-only --params skill.STEP_WALK_MAX skill.STEP_TROT_MAX --swing-lift 80 --results-csv outputs/swing_lift_sym_steps.csv,30,step_up,1,4.483044384084579,on,6,5,0.14,30,skill.STEP_WALK_MAX,step_up_0p14,0,4,2026-08-30T15:27:42Z,WALK,52,80.0,1,nan
--headless --device cpu --reps 5 --foot-comp on --heading heading-only --params skill.STEP_WALK_MAX skill.STEP_TROT_MAX --swing-lift 80 --results-csv outputs/swing_lift_sym_steps.csv,30,step_up,1,4.443366376209064,on,6,5,0.16,30,skill.STEP_WALK_MAX,step_up_0p16,0,4,2026-08-30T15:27:42Z,WALK,52,80.0,1,nan
--headless --device cpu --reps 5 --foot-comp on --heading heading-only --params skill.STEP_WALK_MAX skill.STEP_TROT_MAX --swing-lift 80 --results-csv outputs/swing_lift_sym_steps.csv,30,step_up,1,4.444088540660014,on,6,5,0.18,30,skill.STEP_WALK_MAX,step_up_0p18,0,4,2026-08-30T15:27:42Z,WALK,52,80.0,1,nan
--headless --device cpu --reps 5 --foot-comp on --heading heading-only --params skill.STEP_WALK_MAX skill.STEP_TROT_MAX --swing-lift 80 --results-csv outputs/swing_lift_sym_steps.csv,30,step_up,1,4.458789559176882,on,6,5,0.2,30,skill.STEP_WALK_MAX,step_up_0p20,0,4,2026-08-30T15:27:42Z,WALK,52,80.0,1,nan
--headless --device cpu --reps 5 --foot-comp on --heading heading-only --params skill.STEP_WALK_MAX skill.STEP_TROT_MAX --swing-lift 80 --results-csv outputs/swing_lift_sym_steps.csv,30,step_up,1,4.490717857197606,on,6,5,0.22,30,skill.STEP_WALK_MAX,step_up_0p22,0,4,2026-08-30T15:27:42Z,WALK,52,80.0,1,nan
--headless --device cpu --reps 5 --foot-comp on --heading heading-only --params skill.STEP_WALK_MAX skill.STEP_TROT_MAX --swing-lift 80 --results-csv outputs/swing_lift_sym_steps.csv,30,step_up,1,4.473233493498822,on,6,5,0.24,30,skill.STEP_WALK_MAX,step_up_0p24,0,4,2026-08-30T15:27:42Z,WALK,52,80.0,1,nan
--headless --device cpu --reps 5 --foot-comp on --heading heading-only --params skill.STEP_WALK_MAX skill.STEP_TROT_MAX --swing-lift 80 --results-csv outputs/swing_lift_sym_steps.csv,30,step_up,1,4.453063211727256,on,6,5,0.26,30,skill.STEP_WALK_MAX,step_up_0p26,0,4,2026-08-30T15:27:42Z,WALK,52,80.0,1,nan
--headless --device cpu --reps 5 --foot-comp on --heading heading-only --params skill.STEP_WALK_MAX skill.STEP_TROT_MAX --swing-lift 80 --results-csv outputs/swing_lift_sym_steps.csv,30,step_up,1,4.471468789271748,on,6,5,0.28,30,skill.STEP_WALK_MAX,step_up_0p28,0,4,2026-08-30T15:27:42Z,WALK,52,80.0,1,nan
--headless --device cpu --reps 5 --foot-comp on --heading heading-only --params skill.STEP_WALK_MAX skill.STEP_TROT_MAX --swing-lift 80 --results-csv outputs/swing_lift_sym_steps.csv,30,step_up,1,4.476858519663207,on,6,5,0.3,30,skill.STEP_WALK_MAX,step_up_0p30,0,4,2026-08-30T15:27:42Z,WALK,52,80.0,1,nan
--headless --device cpu --reps 5 --foot-comp on --heading heading-only --params skill.STEP_WALK_MAX skill.STEP_TROT_MAX --swing-lift 80 --results-csv outputs/swing_lift_sym_steps.csv,26,step_up,1,4.416520517954645,on,6,5,0.02,30,skill.STEP_TROT_MAX,step_up_0p02,0,4,2026-08-30T15:27:42Z,TROT,52,80.0,1,nan
--headless --device cpu --reps 5 --foot-comp on --heading heading-only --params skill.STEP_WALK_MAX skill.STEP_TROT_MAX --swing-lift 80 --results-csv outputs/swing_lift_sym_steps.csv,26,step_up,1,4.3989930001366435,on,6,5,0.04,30,skill.STEP_TROT_MAX,step_up_0p04,0,4,2026-08-30T15:27:42Z,TROT,52,80.0,1,nan
--headless --device cpu --reps 5 --foot-comp on --heading heading-only --params skill.STEP_WALK_MAX skill.STEP_TROT_MAX --swing-lift 80 --results-csv outputs/swing_lift_sym_steps.csv,26,step_up,1,4.406782932078547,on,6,5,0.06,30,skill.STEP_TROT_MAX,step_up_0p06,0,4,2026-08-30T15:27:42Z,TROT,52,80.0,1,nan
--headless --device cpu --reps 5 --foot-comp on --heading heading-only --params skill.STEP_WALK_MAX skill.STEP_TROT_MAX --swing-lift 80 --results-csv outputs/swing_lift_sym_steps.csv,26,step_up,1,4.413840885429289,on,6,5,0.08,30,skill.STEP_TROT_MAX,step_up_0p08,0,4,2026-08-30T15:27:42Z,TROT,52,80.0,1,nan
--headless --device cpu --reps 5 --foot-comp on --heading heading-only --params skill.STEP_WALK_MAX skill.STEP_TROT_MAX --swing-lift 80 --results-csv outputs/swing_lift_sym_steps.csv,26,step_up,1,4.417226596739038,on,6,5,0.1,30,skill.STEP_TROT_MAX,step_up_0p10,0,4,2026-08-30T15:27:42Z,TROT,52,80.0,1,nan
--headless --device cpu --reps 5 --foot-comp on --heading heading-only --params skill.STEP_WALK_MAX skill.STEP_TROT_MAX --swing-lift 80 --results-csv outputs/swing_lift_sym_steps.csv,26,step_up,1,4.398041338504944,on,6,5,0.12,30,skill.STEP_TROT_MAX,step_up_0p12,0,4,2026-08-30T15:27:42Z,TROT,52,80.0,1,nan
--headless --device cpu --reps 5 --foot-comp on --heading heading-only --params skill.STEP_WALK_MAX skill.STEP_TROT_MAX --swing-lift 80 --results-csv outputs/swing_lift_sym_steps.csv,26,step_up,1,4.417043369823747,on,6,5,0.14,30,skill.STEP_TROT_MAX,step_up_0p14,0,4,2026-08-30T15:27:42Z,TROT,52,80.0,1,nan
--headless --device cpu --reps 5 --foot-comp on --heading heading-only --params skill.STEP_WALK_MAX skill.STEP_TROT_MAX --swing-lift 80 --results-csv outputs/swing_lift_sym_steps.csv,26,step_up,1,4.405199703383561,on,6,5,0.16,30,skill.STEP_TROT_MAX,step_up_0p16,0,4,2026-08-30T15:27:42Z,TROT,52,80.0,1,nan
--headless --device cpu --reps 5 --foot-comp on --heading heading-only --params skill.STEP_WALK_MAX skill.STEP_TROT_MAX --swing-lift 80 --results-csv outputs/swing_lift_sym_steps.csv,26,step_up,1,4.401884771507172,on,6,5,0.18,30,skill.STEP_TROT_MAX,step_up_0p18,0,4,2026-08-30T15:27:42Z,TROT,52,80.0,1,nan
--headless --device cpu --reps 5 --foot-comp on --heading heading-only --params skill.STEP_WALK_MAX skill.STEP_TROT_MAX --swing-lift 80 --results-csv outputs/swing_lift_sym_steps.csv,26,step_up,1,4.412299048579563,on,6,5,0.2,30,skill.STEP_TROT_MAX,step_up_0p20,0,4,2026-08-30T15:27:42Z,TROT,52,80.0,1,nan
--headless --device cpu --reps 5 --foot-comp on --heading heading-only --params skill.STEP_WALK_MAX skill.STEP_TROT_MAX --swing-lift 80 --results-csv outputs/swing_lift_sym_steps.csv,26,step_up,1,4.416067241994676,on,6,5,0.22,30,skill.STEP_TROT_MAX,step_up_0p22,0,4,2026-08-30T15:27:42Z,TROT,52,80.0,1,nan
--headless --device cpu --reps 5 --foot-comp on --heading heading-only --params skill.STEP_WALK_MAX skill.STEP_TROT_MAX --swing-lift 80 --results-csv outputs/swing_lift_sym_steps.csv,26,step_up,1,4.350712829539781,on,6,5,0.24,30,skill.STEP_TROT_MAX,step_up_0p24,0,4,2026-08-30T15:27:42Z,TROT,52,80.0,1,nan
--headless --device cpu --reps 5 --foot-comp on --heading heading-only --params skill.STEP_WALK_MAX skill.STEP_TROT_MAX --swing-lift 80 --results-csv outputs/swing_lift_sym_steps.csv,26,step_up,1,4.40925544139199,on,6,5,0.26,30,skill.STEP_TROT_MAX,step_up_0p26,0,4,2026-08-30T15:27:42Z,TROT,52,80.0,1,nan
--headless --device cpu --reps 5 --foot-comp on --heading heading-only --params skill.STEP_WALK_MAX skill.STEP_TROT_MAX --swing-lift 80 --results-csv outputs/swing_lift_sym_steps.csv,26,step_up,1,4.400270870786634,on,6,5,0.28,30,skill.STEP_TROT_MAX,step_up_0p28,0,4,2026-08-30T15:27:42Z,TROT,52,80.0,1,nan
--headless --device cpu --reps 5 --foot-comp on --heading heading-only --params skill.STEP_WALK_MAX skill.STEP_TROT_MAX --swing-lift 80 --results-csv outputs/swing_lift_sym_steps.csv,26,step_up,1,4.3589261204289285,on,6,5,0.3,30,skill.STEP_TROT_MAX,step_up_0p30,0,4,2026-08-30T15:27:42Z,TROT,52,80.0,1,nan
--headless --device cpu --reps 5 --foot-comp on --heading heading-only --params skill.STEP_WALK_MAX skill.STEP_TROT_MAX --swing-lift 60 --swing-lift-asym --results-csv outputs/swing_lift_sym_steps.csv,0,step_up,1,21.83921819736107,on,6,5,0.02,30,skill.STEP_WALK_MAX,step_up_0p02,0,0,2026-08-30T15:29:52Z,WALK,2140,60.0,0,nan
--headless --device cpu --reps 5 --foot-comp on --heading heading-only --params skill.STEP_WALK_MAX skill.STEP_TROT_MAX --swing-lift 60 --swing-lift-asym --results-csv outputs/swing_lift_sym_steps.csv,0,step_up,1,20.39101989615063,on,6,5,0.04,30,skill.STEP_WALK_MAX,step_up_0p04,0,0,2026-08-30T15:29:52Z,WALK,2140,60.0,0,nan
--headless --device cpu --reps 5 --foot-comp on --heading heading-only --params skill.STEP_WALK_MAX skill.STEP_TROT_MAX --swing-lift 60 --swing-lift-asym --results-csv outputs/swing_lift_sym_steps.csv,0,step_up,1,20.775553853795053,on,6,5,0.06,30,skill.STEP_WALK_MAX,step_up_0p06,0,0,2026-08-30T15:29:52Z,WALK,2140,60.0,0,nan
--headless --device cpu --reps 5 --foot-comp on --heading heading-only --params skill.STEP_WALK_MAX skill.STEP_TROT_MAX --swing-lift 60 --swing-lift-asym --results-csv outputs/swing_lift_sym_steps.csv,0,step_up,1,57.52385303392326,on,6,5,0.08,30,skill.STEP_WALK_MAX,step_up_0p08,0,0,2026-08-30T15:29:52Z,WALK,2140,60.0,0,nan
--headless --device cpu --reps 5 --foot-comp on --heading heading-only --params skill.STEP_WALK_MAX skill.STEP_TROT_MAX --swing-lift 60 --swing-lift-asym --results-csv outputs/swing_lift_sym_steps.csv,0,step_up,1,2.823079170407161,on,6,5,0.1,30,skill.STEP_WALK_MAX,step_up_0p10,0,0,2026-08-30T15:29:52Z,WALK,2140,60.0,0,nan
--headless --device cpu --reps 5 --foot-comp on --heading heading-only --params skill.STEP_WALK_MAX skill.STEP_TROT_MAX --swing-lift 60 --swing-lift-asym --results-csv outputs/swing_lift_sym_steps.csv,0,step_up,1,17.48450747490609,on,6,5,0.12,30,skill.STEP_WALK_MAX,step_up_0p12,0,0,2026-08-30T15:29:52Z,WALK,2140,60.0,0,nan
--headless --device cpu --reps 5 --foot-comp on --heading heading-only --params skill.STEP_WALK_MAX skill.STEP_TROT_MAX --swing-lift 60 --swing-lift-asym --results-csv outputs/swing_lift_sym_steps.csv,0,step_up,1,27.278887089157237,on,6,5,0.14,30,skill.STEP_WALK_MAX,step_up_0p14,0,0,2026-08-30T15:29:52Z,WALK,2140,60.0,0,nan
--headless --device cpu --reps 5 --foot-comp on --heading heading-only --params skill.STEP_WALK_MAX skill.STEP_TROT_MAX --swing-lift 60 --swing-lift-asym --results-csv outputs/swing_lift_sym_steps.csv,0,step_up,1,19.782291535297354,on,6,5,0.16,30,skill.STEP_WALK_MAX,step_up_0p16,0,0,2026-08-30T15:29:52Z,WALK,2140,60.0,0,nan
--headless --device cpu --reps 5 --foot-comp on --heading heading-only --params skill.STEP_WALK_MAX skill.STEP_TROT_MAX --swing-lift 60 --swing-lift-asym --results-csv outputs/swing_lift_sym_steps.csv,0,step_up,1,22.93288159139632,on,6,5,0.18,30,skill.STEP_WALK_MAX,step_up_0p18,0,0,2026-08-30T15:29:52Z,WALK,2140,60.0,0,nan
--headless --device cpu --reps 5 --foot-comp on --heading heading-only --params skill.STEP_WALK_MAX skill.STEP_TROT_MAX --swing-lift 60 --swing-lift-asym --results-csv outputs/swing_lift_sym_steps.csv,0,step_up,1,22.663084097436922,on,6,5,0.2,30,skill.STEP_WALK_MAX,step_up_0p20,0,0,2026-08-30T15:29:52Z,WALK,2140,60.0,0,nan
--headless --device cpu --reps 5 --foot-comp on --heading heading-only --params skill.STEP_WALK_MAX skill.STEP_TROT_MAX --swing-lift 60 --swing-lift-asym --results-csv outputs/swing_lift_sym_steps.csv,0,step_up,1,22.19134859496785,on,6,5,0.22,30,skill.STEP_WALK_MAX,step_up_0p22,0,0,2026-08-30T15:29:52Z,WALK,2140,60.0,0,nan
--headless --device cpu --reps 5 --foot-comp on --heading heading-only --params skill.STEP_WALK_MAX skill.STEP_TROT_MAX --swing-lift 60 --swing-lift-asym --results-csv outputs/swing_lift_sym_steps.csv,0,step_up,1,27.02574429690243,on,6,5,0.24,30,skill.STEP_WALK_MAX,step_up_0p24,0,0,2026-08-30T15:29:52Z,WALK,2140,60.0,0,nan
--headless --device cpu --reps 5 --foot-comp on --heading heading-only --params skill.STEP_WALK_MAX skill.STEP_TROT_MAX --swing-lift 60 --swing-lift-asym --results-csv outputs/swing_lift_sym_steps.csv,0,step_up,1,25.737822140528557,on,6,5,0.26,30,skill.STEP_WALK_MAX,step_up_0p26,0,0,2026-08-30T15:29:52Z,WALK,2140,60.0,0,nan
--headless --device cpu --reps 5 --foot-comp on --heading heading-only --params skill.STEP_WALK_MAX skill.STEP_TROT_MAX --swing-lift 60 --swing-lift-asym --results-csv outputs/swing_lift_sym_steps.csv,0,step_up,1,15.375058105188566,on,6,5,0.28,30,skill.STEP_WALK_MAX,step_up_0p28,0,0,2026-08-30T15:29:52Z,WALK,2140,60.0,0,nan
--headless --device cpu --reps 5 --foot-comp on --heading heading-only --params skill.STEP_WALK_MAX skill.STEP_TROT_MAX --swing-lift 60 --swing-lift-asym --results-csv outputs/swing_lift_sym_steps.csv,0,step_up,1,26.245897202080968,on,6,5,0.3,30,skill.STEP_WALK_MAX,step_up_0p30,0,0,2026-08-30T15:29:52Z,WALK,2140,60.0,0,nan
--headless --device cpu --reps 5 --foot-comp on --heading heading-only --params skill.STEP_WALK_MAX skill.STEP_TROT_MAX --swing-lift 60 --swing-lift-asym --results-csv outputs/swing_lift_sym_steps.csv,0,step_up,1,46.76612378879672,on,6,5,0.02,30,skill.STEP_TROT_MAX,step_up_0p02,0,0,2026-08-30T15:29:52Z,TROT,2140,60.0,0,nan
--headless --device cpu --reps 5 --foot-comp on --heading heading-only --params skill.STEP_WALK_MAX skill.STEP_TROT_MAX --swing-lift 60 --swing-lift-asym --results-csv outputs/swing_lift_sym_steps.csv,0,step_up,1,24.581547512157286,on,6,5,0.04,30,skill.STEP_TROT_MAX,step_up_0p04,0,0,2026-08-30T15:29:52Z,TROT,2140,60.0,0,nan
--headless --device cpu --reps 5 --foot-comp on --heading heading-only --params skill.STEP_WALK_MAX skill.STEP_TROT_MAX --swing-lift 60 --swing-lift-asym --results-csv outputs/swing_lift_sym_steps.csv,0,step_up,1,1.8195234617219243,on,6,5,0.06,30,skill.STEP_TROT_MAX,step_up_0p06,0,0,2026-08-30T15:29:52Z,TROT,2140,60.0,0,nan
--headless --device cpu --reps 5 --foot-comp on --heading heading-only --params skill.STEP_WALK_MAX skill.STEP_TROT_MAX --swing-lift 60 --swing-lift-asym --results-csv outputs/swing_lift_sym_steps.csv,0,step_up,1,49.15703627749394,on,6,5,0.08,30,skill.STEP_TROT_MAX,step_up_0p08,0,0,2026-08-30T15:29:52Z,TROT,2140,60.0,0,nan
--headless --device cpu --reps 5 --foot-comp on --heading heading-only --params skill.STEP_WALK_MAX skill.STEP_TROT_MAX --swing-lift 60 --swing-lift-asym --results-csv outputs/swing_lift_sym_steps.csv,0,step_up,1,2.211384252051259,on,6,5,0.1,30,skill.STEP_TROT_MAX,step_up_0p10,0,0,2026-08-30T15:29:52Z,TROT,2140,60.0,0,nan
--headless --device cpu --reps 5 --foot-comp on --heading heading-only --params skill.STEP_WALK_MAX skill.STEP_TROT_MAX --swing-lift 60 --swing-lift-asym --results-csv outputs/swing_lift_sym_steps.csv,0,step_up,1,2.2399416808545314,on,6,5,0.12,30,skill.STEP_TROT_MAX,step_up_0p12,0,0,2026-08-30T15:29:52Z,TROT,2140,60.0,0,nan
--headless --device cpu --reps 5 --foot-comp on --heading heading-only --params skill.STEP_WALK_MAX skill.STEP_TROT_MAX --swing-lift 60 --swing-lift-asym --results-csv outputs/swing_lift_sym_steps.csv,0,step_up,1,2.20339862452449,on,6,5,0.14,30,skill.STEP_TROT_MAX,step_up_0p14,0,0,2026-08-30T15:29:52Z,TROT,2140,60.0,0,nan
--headless --device cpu --reps 5 --foot-comp on --heading heading-only --params skill.STEP_WALK_MAX skill.STEP_TROT_MAX --swing-lift 60 --swing-lift-asym --results-csv outputs/swing_lift_sym_steps.csv,0,step_up,1,2.0997669091099476,on,6,5,0.16,30,skill.STEP_TROT_MAX,step_up_0p16,0,0,2026-08-30T15:29:52Z,TROT,2140,60.0,0,nan
--headless --device cpu --reps 5 --foot-comp on --heading heading-only --params skill.STEP_WALK_MAX skill.STEP_TROT_MAX --swing-lift 60 --swing-lift-asym --results-csv outputs/swing_lift_sym_steps.csv,0,step_up,1,2.263884152190065,on,6,5,0.18,30,skill.STEP_TROT_MAX,step_up_0p18,0,0,2026-08-30T15:29:52Z,TROT,2140,60.0,0,nan
--headless --device cpu --reps 5 --foot-comp on --heading heading-only --params skill.STEP_WALK_MAX skill.STEP_TROT_MAX --swing-lift 60 --swing-lift-asym --results-csv outputs/swing_lift_sym_steps.csv,0,step_up,1,2.5519210865498563,on,6,5,0.2,30,skill.STEP_TROT_MAX,step_up_0p20,0,0,2026-08-30T15:29:52Z,TROT,2140,60.0,0,nan
--headless --device cpu --reps 5 --foot-comp on --heading heading-only --params skill.STEP_WALK_MAX skill.STEP_TROT_MAX --swing-lift 60 --swing-lift-asym --results-csv outputs/swing_lift_sym_steps.csv,0,step_up,1,1.9781279858267833,on,6,5,0.22,30,skill.STEP_TROT_MAX,step_up_0p22,0,0,2026-08-30T15:29:52Z,TROT,2140,60.0,0,nan
--headless --device cpu --reps 5 --foot-comp on --heading heading-only --params skill.STEP_WALK_MAX skill.STEP_TROT_MAX --swing-lift 60 --swing-lift-asym --results-csv outputs/swing_lift_sym_steps.csv,0,step_up,1,17.98489695083588,on,6,5,0.24,30,skill.STEP_TROT_MAX,step_up_0p24,0,0,2026-08-30T15:29:52Z,TROT,2140,60.0,0,nan
--headless --device cpu --reps 5 --foot-comp on --heading heading-only --params skill.STEP_WALK_MAX skill.STEP_TROT_MAX --swing-lift 60 --swing-lift-asym --results-csv outputs/swing_lift_sym_steps.csv,0,step_up,1,2.1980641719035297,on,6,5,0.26,30,skill.STEP_TROT_MAX,step_up_0p26,0,0,2026-08-30T15:29:52Z,TROT,2140,60.0,0,nan
--headless --device cpu --reps 5 --foot-comp on --heading heading-only --params skill.STEP_WALK_MAX skill.STEP_TROT_MAX --swing-lift 60 --swing-lift-asym --results-csv outputs/swing_lift_sym_steps.csv,0,step_up,1,2.23259948076188,on,6,5,0.28,30,skill.STEP_TROT_MAX,step_up_0p28,0,0,2026-08-30T15:29:52Z,TROT,2140,60.0,0,nan
--headless --device cpu --reps 5 --foot-comp on --heading heading-only --params skill.STEP_WALK_MAX skill.STEP_TROT_MAX --swing-lift 60 --swing-lift-asym --results-csv outputs/swing_lift_sym_steps.csv,0,step_up,0,1.3108987526752083,on,6,5,0.3,30,skill.STEP_TROT_MAX,step_up_0p30,0,0,2026-08-30T15:29:52Z,TROT,2140,60.0,0,nan
--headless --device cpu --reps 5 --foot-comp on --heading heading-only --params skill.STEP_WALK_MAX skill.STEP_TROT_MAX --swing-lift 60 --swing-lift-asym --results-csv outputs/swing_lift_sym_steps.csv,7,step_up,1,4.260684635170837,on,6,5,0.02,30,skill.STEP_WALK_MAX,step_up_0p02,0,1,2026-08-30T15:29:52Z,WALK,777,60.0,0,nan
--headless --device cpu --reps 5 --foot-comp on --heading heading-only --params skill.STEP_WALK_MAX skill.STEP_TROT_MAX --swing-lift 60 --swing-lift-asym --results-csv outputs/swing_lift_sym_steps.csv,7,step_up,1,3.3369712561475477,on,6,5,0.04,30,skill.STEP_WALK_MAX,step_up_0p04,0,1,2026-08-30T15:29:52Z,WALK,777,60.0,0,nan
--headless --device cpu --reps 5 --foot-comp on --heading heading-only --params skill.STEP_WALK_MAX skill.STEP_TROT_MAX --swing-lift 60 --swing-lift-asym --results-csv outputs/swing_lift_sym_steps.csv,7,step_up,1,3.488444310850799,on,6,5,0.06,30,skill.STEP_WALK_MAX,step_up_0p06,0,1,2026-08-30T15:29:52Z,WALK,777,60.0,0,nan
--headless --device cpu --reps 5 --foot-comp on --heading heading-only --params skill.STEP_WALK_MAX skill.STEP_TROT_MAX --swing-lift 60 --swing-lift-asym --results-csv outputs/swing_lift_sym_steps.csv,7,step_up,1,2.499576942838241,on,6,5,0.08,30,skill.STEP_WALK_MAX,step_up_0p08,0,1,2026-08-30T15:29:52Z,WALK,777,60.0,0,nan
--headless --device cpu --reps 5 --foot-comp on --heading heading-only --params skill.STEP_WALK_MAX skill.STEP_TROT_MAX --swing-lift 60 --swing-lift-asym --results-csv outputs/swing_lift_sym_steps.csv,7,step_up,1,3.3660375028813463,on,6,5,0.1,30,skill.STEP_WALK_MAX,step_up_0p10,0,1,2026-08-30T15:29:52Z,WALK,777,60.0,0,nan
--headless --device cpu --reps 5 --foot-comp on --heading heading-only --params skill.STEP_WALK_MAX skill.STEP_TROT_MAX --swing-lift 60 --swing-lift-asym --results-csv outputs/swing_lift_sym_steps.csv,7,step_up,1,3.390496391165535,on,6,5,0.12,30,skill.STEP_WALK_MAX,step_up_0p12,0,1,2026-08-30T15:29:52Z,WALK,777,60.0,0,nan
--headless --device cpu --reps 5 --foot-comp on --heading heading-only --params skill.STEP_WALK_MAX skill.STEP_TROT_MAX --swing-lift 60 --swing-lift-asym --results-csv outputs/swing_lift_sym_steps.csv,7,step_up,1,3.344722077444713,on,6,5,0.14,30,skill.STEP_WALK_MAX,step_up_0p14,0,1,2026-08-30T15:29:52Z,WALK,777,60.0,0,nan
--headless --device cpu --reps 5 --foot-comp on --heading heading-only --params skill.STEP_WALK_MAX skill.STEP_TROT_MAX --swing-lift 60 --swing-lift-asym --results-csv outputs/swing_lift_sym_steps.csv,7,step_up,1,2.6853192490582254,on,6,5,0.16,30,skill.STEP_WALK_MAX,step_up_0p16,0,1,2026-08-30T15:29:52Z,WALK,777,60.0,0,nan
--headless --device cpu --reps 5 --foot-comp on --heading heading-only --params skill.STEP_WALK_MAX skill.STEP_TROT_MAX --swing-lift 60 --swing-lift-asym --results-csv outputs/swing_lift_sym_steps.csv,7,step_up,1,2.5395407470999447,on,6,5,0.18,30,skill.STEP_WALK_MAX,step_up_0p18,0,1,2026-08-30T15:29:52Z,WALK,777,60.0,0,nan
--headless --device cpu --reps 5 --foot-comp on --heading heading-only --params skill.STEP_WALK_MAX skill.STEP_TROT_MAX --swing-lift 60 --swing-lift-asym --results-csv outputs/swing_lift_sym_steps.csv,7,step_up,1,2.519255241893985,on,6,5,0.2,30,skill.STEP_WALK_MAX,step_up_0p20,0,1,2026-08-30T15:29:52Z,WALK,777,60.0,0,nan
--headless --device cpu --reps 5 --foot-comp on --heading heading-only --params skill.STEP_WALK_MAX skill.STEP_TROT_MAX --swing-lift 60 --swing-lift-asym --results-csv outputs/swing_lift_sym_steps.csv,7,step_up,1,3.9341588571286374,on,6,5,0.22,30,skill.STEP_WALK_MAX,step_up_0p22,0,1,2026-08-30T15:29:52Z,WALK,777,60.0,0,nan
--headless --device cpu --reps 5 --foot-comp on --heading heading-only --params skill.STEP_WALK_MAX skill.STEP_TROT_MAX --swing-lift 60 --swing-lift-asym --results-csv outputs/swing_lift_sym_steps.csv,7,step_up,1,2.6433952984644047,on,6,5,0.24,30,skill.STEP_WALK_MAX,step_up_0p24,0,1,2026-08-30T15:29:52Z,WALK,777,60.0,0,nan
--headless --device cpu --reps 5 --foot-comp on --heading heading-only --params skill.STEP_WALK_MAX skill.STEP_TROT_MAX --swing-lift 60 --swing-lift-asym --results-csv outputs/swing_lift_sym_steps.csv,7,step_up,1,1.655418343999945,on,6,5,0.26,30,skill.STEP_WALK_MAX,step_up_0p26,0,1,2026-08-30T15:29:52Z,WALK,777,60.0,0,nan
--headless --device cpu --reps 5 --foot-comp on --heading heading-only --params skill.STEP_WALK_MAX skill.STEP_TROT_MAX --swing-lift 60 --swing-lift-asym --results-csv outputs/swing_lift_sym_steps.csv,7,step_up,1,2.5738481430772513,on,6,5,0.28,30,skill.STEP_WALK_MAX,step_up_0p28,0,1,2026-08-30T15:29:52Z,WALK,777,60.0,0,nan
--headless --device cpu --reps 5 --foot-comp on --heading heading-only --params skill.STEP_WALK_MAX skill.STEP_TROT_MAX --swing-lift 60 --swing-lift-asym --results-csv outputs/swing_lift_sym_steps.csv,7,step_up,1,2.4136834962811946,on,6,5,0.3,30,skill.STEP_WALK_MAX,step_up_0p30,0,1,2026-08-30T15:29:52Z,WALK,777,60.0,0,nan
--headless --device cpu --reps 5 --foot-comp on --heading heading-only --params skill.STEP_WALK_MAX skill.STEP_TROT_MAX --swing-lift 60 --swing-lift-asym --results-csv outputs/swing_lift_sym_steps.csv,6,step_up,1,3.5853653227116613,on,6,5,0.02,30,skill.STEP_TROT_MAX,step_up_0p02,0,1,2026-08-30T15:29:52Z,TROT,777,60.0,0,nan
--headless --device cpu --reps 5 --foot-comp on --heading heading-only --params skill.STEP_WALK_MAX skill.STEP_TROT_MAX --swing-lift 60 --swing-lift-asym --results-csv outputs/swing_lift_sym_steps.csv,6,step_up,1,3.573901729050765,on,6,5,0.04,30,skill.STEP_TROT_MAX,step_up_0p04,0,1,2026-08-30T15:29:52Z,TROT,777,60.0,0,nan
--headless --device cpu --reps 5 --foot-comp on --heading heading-only --params skill.STEP_WALK_MAX skill.STEP_TROT_MAX --swing-lift 60 --swing-lift-asym --results-csv outputs/swing_lift_sym_steps.csv,6,step_up,1,3.5977754549234557,on,6,5,0.06,30,skill.STEP_TROT_MAX,step_up_0p06,0,1,2026-08-30T15:29:52Z,TROT,777,60.0,0,nan
--headless --device cpu --reps 5 --foot-comp on --heading heading-only --params skill.STEP_WALK_MAX skill.STEP_TROT_MAX --swing-lift 60 --swing-lift-asym --results-csv outputs/swing_lift_sym_steps.csv,6,step_up,1,3.6013446603890404,on,6,5,0.08,30,skill.STEP_TROT_MAX,step_up_0p08,0,1,2026-08-30T15:29:52Z,TROT,777,60.0,0,nan
--headless --device cpu --reps 5 --foot-comp on --heading heading-only --params skill.STEP_WALK_MAX skill.STEP_TROT_MAX --swing-lift 60 --swing-lift-asym --results-csv outputs/swing_lift_sym_steps.csv,6,step_up,1,3.6029301641738316,on,6,5,0.1,30,skill.STEP_TROT_MAX,step_up_0p10,0,1,2026-08-30T15:29:52Z,TROT,777,60.0,0,nan
--headless --device cpu --reps 5 --foot-comp on --heading heading-only --params skill.STEP_WALK_MAX skill.STEP_TROT_MAX --swing-lift 60 --swing-lift-asym --results-csv outputs/swing_lift_sym_steps.csv,6,step_up,1,3.5903644239389823,on,6,5,0.12,30,skill.STEP_TROT_MAX,step_up_0p12,0,1,2026-08-30T15:29:52Z,TROT,777,60.0,0,nan
--headless --device cpu --reps 5 --foot-comp on --heading heading-only --params skill.STEP_WALK_MAX skill.STEP_TROT_MAX --swing-lift 60 --swing-lift-asym --results-csv outputs/swing_lift_sym_steps.csv,6,step_up,1,3.5769778531288012,on,6,5,0.14,30,skill.STEP_TROT_MAX,step_up_0p14,0,1,2026-08-30T15:29:52Z,TROT,777,60.0,0,nan
--headless --device cpu --reps 5 --foot-comp on --heading heading-only --params skill.STEP_WALK_MAX skill.STEP_TROT_MAX --swing-lift 60 --swing-lift-asym --results-csv outputs/swing_lift_sym_steps.csv,6,step_up,1,3.579901162979748,on,6,5,0.16,30,skill.STEP_TROT_MAX,step_up_0p16,0,1,2026-08-30T15:29:52Z,TROT,777,60.0,0,nan
--headless --device cpu --reps 5 --foot-comp on --heading heading-only --params skill.STEP_WALK_MAX skill.STEP_TROT_MAX --swing-lift 60 --swing-lift-asym --results-csv outputs/swing_lift_sym_steps.csv,6,step_up,1,3.5840496864577096,on,6,5,0.18,30,skill.STEP_TROT_MAX,step_up_0p18,0,1,2026-08-30T15:29:52Z,TROT,777,60.0,0,nan
--headless --device cpu --reps 5 --foot-comp on --heading heading-only --params skill.STEP_WALK_MAX skill.STEP_TROT_MAX --swing-lift 60 --swing-lift-asym --results-csv outputs/swing_lift_sym_steps.csv,6,step_up,1,3.6056643090595233,on,6,5,0.2,30,skill.STEP_TROT_MAX,step_up_0p20,0,1,2026-08-30T15:29:52Z,TROT,777,60.0,0,nan
--headless --device cpu --reps 5 --foot-comp on --heading heading-only --params skill.STEP_WALK_MAX skill.STEP_TROT_MAX --swing-lift 60 --swing-lift-asym --results-csv outputs/swing_lift_sym_steps.csv,6,step_up,1,3.5952759168927773,on,6,5,0.22,30,skill.STEP_TROT_MAX,step_up_0p22,0,1,2026-08-30T15:29:52Z,TROT,777,60.0,0,nan
--headless --device cpu --reps 5 --foot-comp on --heading heading-only --params skill.STEP_WALK_MAX skill.STEP_TROT_MAX --swing-lift 60 --swing-lift-asym --results-csv outputs/swing_lift_sym_steps.csv,6,step_up,1,3.5889307372980976,on,6,5,0.24,30,skill.STEP_TROT_MAX,step_up_0p24,0,1,2026-08-30T15:29:52Z,TROT,777,60.0,0,nan
--headless --device cpu --reps 5 --foot-comp on --heading heading-only --params skill.STEP_WALK_MAX skill.STEP_TROT_MAX --swing-lift 60 --swing-lift-asym --results-csv outputs/swing_lift_sym_steps.csv,6,step_up,1,3.582199099393703,on,6,5,0.26,30,skill.STEP_TROT_MAX,step_up_0p26,0,1,2026-08-30T15:29:52Z,TROT,777,60.0,0,nan
--headless --device cpu --reps 5 --foot-comp on --heading heading-only --params skill.STEP_WALK_MAX skill.STEP_TROT_MAX --swing-lift 60 --swing-lift-asym --results-csv outputs/swing_lift_sym_steps.csv,6,step_up,1,3.583719640402511,on,6,5,0.28,30,skill.STEP_TROT_MAX,step_up_0p28,0,1,2026-08-30T15:29:52Z,TROT,777,60.0,0,nan
--headless --device cpu --reps 5 --foot-comp on --heading heading-only --params skill.STEP_WALK_MAX skill.STEP_TROT_MAX --swing-lift 60 --swing-lift-asym --results-csv outputs/swing_lift_sym_steps.csv,6,step_up,1,3.5805601389156068,on,6,5,0.3,30,skill.STEP_TROT_MAX,step_up_0p30,0,1,2026-08-30T15:29:52Z,TROT,777,60.0,0,nan
--headless --device cpu --reps 5 --foot-comp on --heading heading-only --params skill.STEP_WALK_MAX skill.STEP_TROT_MAX --swing-lift 60 --swing-lift-asym --results-csv outputs/swing_lift_sym_steps.csv,15,step_up,1,2.5193711465330364,on,6,5,0.02,30,skill.STEP_WALK_MAX,step_up_0p02,0,2,2026-08-30T15:29:52Z,WALK,692,60.0,0,nan
--headless --device cpu --reps 5 --foot-comp on --heading heading-only --params skill.STEP_WALK_MAX skill.STEP_TROT_MAX --swing-lift 60 --swing-lift-asym --results-csv outputs/swing_lift_sym_steps.csv,15,step_up,1,3.084342209436782,on,6,5,0.04,30,skill.STEP_WALK_MAX,step_up_0p04,0,2,2026-08-30T15:29:52Z,WALK,692,60.0,0,nan
--headless --device cpu --reps 5 --foot-comp on --heading heading-only --params skill.STEP_WALK_MAX skill.STEP_TROT_MAX --swing-lift 60 --swing-lift-asym --results-csv outputs/swing_lift_sym_steps.csv,15,step_up,1,2.731115577122866,on,6,5,0.06,30,skill.STEP_WALK_MAX,step_up_0p06,0,2,2026-08-30T15:29:52Z,WALK,692,60.0,0,nan
--headless --device cpu --reps 5 --foot-comp on --heading heading-only --params skill.STEP_WALK_MAX skill.STEP_TROT_MAX --swing-lift 60 --swing-lift-asym --results-csv outputs/swing_lift_sym_steps.csv,15,step_up,1,2.6202648922486427,on,6,5,0.08,30,skill.STEP_WALK_MAX,step_up_0p08,0,2,2026-08-30T15:29:52Z,WALK,692,60.0,0,nan
--headless --device cpu --reps 5 --foot-comp on --heading heading-only --params skill.STEP_WALK_MAX skill.STEP_TROT_MAX --swing-lift 60 --swing-lift-asym --results-csv outputs/swing_lift_sym_steps.csv,15,step_up,1,2.8750475123307777,on,6,5,0.1,30,skill.STEP_WALK_MAX,step_up_0p10,0,2,2026-08-30T15:29:52Z,WALK,692,60.0,0,nan
--headless --device cpu --reps 5 --foot-comp on --heading heading-only --params skill.STEP_WALK_MAX skill.STEP_TROT_MAX --swing-lift 60 --swing-lift-asym --results-csv outputs/swing_lift_sym_steps.csv,15,step_up,1,2.790948346698668,on,6,5,0.12,30,skill.STEP_WALK_MAX,step_up_0p12,0,2,2026-08-30T15:29:52Z,WALK,692,60.0,0,nan
--headless --device cpu --reps 5 --foot-comp on --heading heading-only --params skill.STEP_WALK_MAX skill.STEP_TROT_MAX --swing-lift 60 --swing-lift-asym --results-csv outputs/swing_lift_sym_steps.csv,15,step_up,1,2.629248409548082,on,6,5,0.14,30,skill.STEP_WALK_MAX,step_up_0p14,0,2,2026-08-30T15:29:52Z,WALK,692,60.0,0,nan
--headless --device cpu --reps 5 --foot-comp on --heading heading-only --params skill.STEP_WALK_MAX skill.STEP_TROT_MAX --swing-lift 60 --swing-lift-asym --results-csv outputs/swing_lift_sym_steps.csv,15,step_up,1,2.835126660799618,on,6,5,0.16,30,skill.STEP_WALK_MAX,step_up_0p16,0,2,2026-08-30T15:29:52Z,WALK,692,60.0,0,nan
--headless --device cpu --reps 5 --foot-comp on --heading heading-only --params skill.STEP_WALK_MAX skill.STEP_TROT_MAX --swing-lift 60 --swing-lift-asym --results-csv outputs/swing_lift_sym_steps.csv,15,step_up,1,2.599754981277692,on,6,5,0.18,30,skill.STEP_WALK_MAX,step_up_0p18,0,2,2026-08-30T15:29:52Z,WALK,692,60.0,0,nan
--headless --device cpu --reps 5 --foot-comp on --heading heading-only --params skill.STEP_WALK_MAX skill.STEP_TROT_MAX --swing-lift 60 --swing-lift-asym --results-csv outputs/swing_lift_sym_steps.csv,15,step_up,1,2.6816860352347964,on,6,5,0.2,30,skill.STEP_WALK_MAX,step_up_0p20,0,2,2026-08-30T15:29:52Z,WALK,692,60.0,0,nan
--headless --device cpu --reps 5 --foot-comp on --heading heading-only --params skill.STEP_WALK_MAX skill.STEP_TROT_MAX --swing-lift 60 --swing-lift-asym --results-csv outputs/swing_lift_sym_steps.csv,15,step_up,1,3.1740134909321043,on,6,5,0.22,30,skill.STEP_WALK_MAX,step_up_0p22,0,2,2026-08-30T15:29:52Z,WALK,692,60.0,0,nan
--headless --device cpu --reps 5 --foot-comp on --heading heading-only --params skill.STEP_WALK_MAX skill.STEP_TROT_MAX --swing-lift 60 --swing-lift-asym --results-csv outputs/swing_lift_sym_steps.csv,15,step_up,1,3.0325632829498654,on,6,5,0.24,30,skill.STEP_WALK_MAX,step_up_0p24,0,2,2026-08-30T15:29:52Z,WALK,692,60.0,0,nan
--headless --device cpu --reps 5 --foot-comp on --heading heading-only --params skill.STEP_WALK_MAX skill.STEP_TROT_MAX --swing-lift 60 --swing-lift-asym --results-csv outputs/swing_lift_sym_steps.csv,15,step_up,1,2.78815596958057,on,6,5,0.26,30,skill.STEP_WALK_MAX,step_up_0p26,0,2,2026-08-30T15:29:52Z,WALK,692,60.0,0,nan
--headless --device cpu --reps 5 --foot-comp on --heading heading-only --params skill.STEP_WALK_MAX skill.STEP_TROT_MAX --swing-lift 60 --swing-lift-asym --results-csv outputs/swing_lift_sym_steps.csv,15,step_up,1,2.6711973426307343,on,6,5,0.28,30,skill.STEP_WALK_MAX,step_up_0p28,0,2,2026-08-30T15:29:52Z,WALK,692,60.0,0,nan
--headless --device cpu --reps 5 --foot-comp on --heading heading-only --params skill.STEP_WALK_MAX skill.STEP_TROT_MAX --swing-lift 60 --swing-lift-asym --results-csv outputs/swing_lift_sym_steps.csv,15,step_up,1,2.800072307862331,on,6,5,0.3,30,skill.STEP_WALK_MAX,step_up_0p30,0,2,2026-08-30T15:29:52Z,WALK,692,60.0,0,nan
--headless --device cpu --reps 5 --foot-comp on --heading heading-only --params skill.STEP_WALK_MAX skill.STEP_TROT_MAX --swing-lift 60 --swing-lift-asym --results-csv outputs/swing_lift_sym_steps.csv,13,step_up,1,4.2348706953475,on,6,5,0.02,30,skill.STEP_TROT_MAX,step_up_0p02,0,2,2026-08-30T15:29:52Z,TROT,692,60.0,0,nan
--headless --device cpu --reps 5 --foot-comp on --heading heading-only --params skill.STEP_WALK_MAX skill.STEP_TROT_MAX --swing-lift 60 --swing-lift-asym --results-csv outputs/swing_lift_sym_steps.csv,13,step_up,1,4.2655396057062225,on,6,5,0.04,30,skill.STEP_TROT_MAX,step_up_0p04,0,2,2026-08-30T15:29:52Z,TROT,692,60.0,0,nan
--headless --device cpu --reps 5 --foot-comp on --heading heading-only --params skill.STEP_WALK_MAX skill.STEP_TROT_MAX --swing-lift 60 --swing-lift-asym --results-csv outputs/swing_lift_sym_steps.csv,13,step_up,1,4.239320918866201,on,6,5,0.06,30,skill.STEP_TROT_MAX,step_up_0p06,0,2,2026-08-30T15:29:52Z,TROT,692,60.0,0,nan
--headless --device cpu --reps 5 --foot-comp on --heading heading-only --params skill.STEP_WALK_MAX skill.STEP_TROT_MAX --swing-lift 60 --swing-lift-asym --results-csv outputs/swing_lift_sym_steps.csv,13,step_up,1,4.222429273389989,on,6,5,0.08,30,skill.STEP_TROT_MAX,step_up_0p08,0,2,2026-08-30T15:29:52Z,TROT,692,60.0,0,nan
--headless --device cpu --reps 5 --foot-comp on --heading heading-only --params skill.STEP_WALK_MAX skill.STEP_TROT_MAX --swing-lift 60 --swing-lift-asym --results-csv outputs/swing_lift_sym_steps.csv,13,step_up,1,4.239051878449446,on,6,5,0.1,30,skill.STEP_TROT_MAX,step_up_0p10,0,2,2026-08-30T15:29:52Z,TROT,692,60.0,0,nan
--headless --device cpu --reps 5 --foot-comp on --heading heading-only --params skill.STEP_WALK_MAX skill.STEP_TROT_MAX --swing-lift 60 --swing-lift-asym --results-csv outputs/swing_lift_sym_steps.csv,13,step_up,1,4.259405834421825,on,6,5,0.12,30,skill.STEP_TROT_MAX,step_up_0p12,0,2,2026-08-30T15:29:52Z,TROT,692,60.0,0,nan
--headless --device cpu --reps 5 --foot-comp on --heading heading-only --params skill.STEP_WALK_MAX skill.STEP_TROT_MAX --swing-lift 60 --swing-lift-asym --results-csv outputs/swing_lift_sym_steps.csv,13,step_up,1,4.225040325834836,on,6,5,0.14,30,skill.STEP_TROT_MAX,step_up_0p14,0,2,2026-08-30T15:29:52Z,TROT,692,60.0,0,nan
--headless --device cpu --reps 5 --foot-comp on --heading heading-only --params skill.STEP_WALK_MAX skill.STEP_TROT_MAX --swing-lift 60 --swing-lift-asym --results-csv outputs/swing_lift_sym_steps.csv,13,step_up,1,4.267515434845643,on,6,5,0.16,30,skill.STEP_TROT_MAX,step_up_0p16,0,2,2026-08-30T15:29:52Z,TROT,692,60.0,0,nan
--headless --device cpu --reps 5 --foot-comp on --heading heading-only --params skill.STEP_WALK_MAX skill.STEP_TROT_MAX --swing-lift 60 --swing-lift-asym --results-csv outputs/swing_lift_sym_steps.csv,13,step_up,1,4.247768792485662,on,6,5,0.18,30,skill.STEP_TROT_MAX,step_up_0p18,0,2,2026-08-30T15:29:52Z,TROT,692,60.0,0,nan
--headless --device cpu --reps 5 --foot-comp on --heading heading-only --params skill.STEP_WALK_MAX skill.STEP_TROT_MAX --swing-lift 60 --swing-lift-asym --results-csv outputs/swing_lift_sym_steps.csv,13,step_up,1,4.290127182621794,on,6,5,0.2,30,skill.STEP_TROT_MAX,step_up_0p20,0,2,2026-08-30T15:29:52Z,TROT,692,60.0,0,nan
--headless --device cpu --reps 5 --foot-comp on --heading heading-only --params skill.STEP_WALK_MAX skill.STEP_TROT_MAX --swing-lift 60 --swing-lift-asym --results-csv outputs/swing_lift_sym_steps.csv,13,step_up,1,4.287520449345429,on,6,5,0.22,30,skill.STEP_TROT_MAX,step_up_0p22,0,2,2026-08-30T15:29:52Z,TROT,692,60.0,0,nan
--headless --device cpu --reps 5 --foot-comp on --heading heading-only --params skill.STEP_WALK_MAX skill.STEP_TROT_MAX --swing-lift 60 --swing-lift-asym --results-csv outputs/swing_lift_sym_steps.csv,13,step_up,1,4.296240884745915,on,6,5,0.24,30,skill.STEP_TROT_MAX,step_up_0p24,0,2,2026-08-30T15:29:52Z,TROT,692,60.0,0,nan
--headless --device cpu --reps 5 --foot-comp on --heading heading-only --params skill.STEP_WALK_MAX skill.STEP_TROT_MAX --swing-lift 60 --swing-lift-asym --results-csv outputs/swing_lift_sym_steps.csv,13,step_up,1,4.3011096708160235,on,6,5,0.26,30,skill.STEP_TROT_MAX,step_up_0p26,0,2,2026-08-30T15:29:52Z,TROT,692,60.0,0,nan
--headless --device cpu --reps 5 --foot-comp on --heading heading-only --params skill.STEP_WALK_MAX skill.STEP_TROT_MAX --swing-lift 60 --swing-lift-asym --results-csv outputs/swing_lift_sym_steps.csv,13,step_up,1,4.2420169842274325,on,6,5,0.28,30,skill.STEP_TROT_MAX,step_up_0p28,0,2,2026-08-30T15:29:52Z,TROT,692,60.0,0,nan
--headless --device cpu --reps 5 --foot-comp on --heading heading-only --params skill.STEP_WALK_MAX skill.STEP_TROT_MAX --swing-lift 60 --swing-lift-asym --results-csv outputs/swing_lift_sym_steps.csv,13,step_up,1,4.259271912034228,on,6,5,0.3,30,skill.STEP_TROT_MAX,step_up_0p30,0,2,2026-08-30T15:29:52Z,TROT,692,60.0,0,nan
--headless --device cpu --reps 5 --foot-comp on --heading heading-only --params skill.STEP_WALK_MAX skill.STEP_TROT_MAX --swing-lift 60 --swing-lift-asym --results-csv outputs/swing_lift_sym_steps.csv,22,step_up,1,3.5192890998174353,on,6,5,0.02,30,skill.STEP_WALK_MAX,step_up_0p02,0,3,2026-08-30T15:29:52Z,WALK,786,60.0,0,nan
--headless --device cpu --reps 5 --foot-comp on --heading heading-only --params skill.STEP_WALK_MAX skill.STEP_TROT_MAX --swing-lift 60 --swing-lift-asym --results-csv outputs/swing_lift_sym_steps.csv,22,step_up,1,3.194953990815957,on,6,5,0.04,30,skill.STEP_WALK_MAX,step_up_0p04,0,3,2026-08-30T15:29:52Z,WALK,786,60.0,0,nan
--headless --device cpu --reps 5 --foot-comp on --heading heading-only --params skill.STEP_WALK_MAX skill.STEP_TROT_MAX --swing-lift 60 --swing-lift-asym --results-csv outputs/swing_lift_sym_steps.csv,22,step_up,1,2.324158465066926,on,6,5,0.06,30,skill.STEP_WALK_MAX,step_up_0p06,0,3,2026-08-30T15:29:52Z,WALK,786,60.0,0,nan
--headless --device cpu --reps 5 --foot-comp on --heading heading-only --params skill.STEP_WALK_MAX skill.STEP_TROT_MAX --swing-lift 60 --swing-lift-asym --results-csv outputs/swing_lift_sym_steps.csv,22,step_up,1,2.5430695824963054,on,6,5,0.08,30,skill.STEP_WALK_MAX,step_up_0p08,0,3,2026-08-30T15:29:52Z,WALK,786,60.0,0,nan
--headless --device cpu --reps 5 --foot-comp on --heading heading-only --params skill.STEP_WALK_MAX skill.STEP_TROT_MAX --swing-lift 60 --swing-lift-asym --results-csv outputs/swing_lift_sym_steps.csv,22,step_up,1,3.1575865470979525,on,6,5,0.1,30,skill.STEP_WALK_MAX,step_up_0p10,0,3,2026-08-30T15:29:52Z,WALK,786,60.0,0,nan
--headless --device cpu --reps 5 --foot-comp on --heading heading-only --params skill.STEP_WALK_MAX skill.STEP_TROT_MAX --swing-lift 60 --swing-lift-asym --results-csv outputs/swing_lift_sym_steps.csv,22,step_up,1,2.6266578327064396,on,6,5,0.12,30,skill.STEP_WALK_MAX,step_up_0p12,0,3,2026-08-30T15:29:52Z,WALK,786,60.0,0,nan
--headless --device cpu --reps 5 --foot-comp on --heading heading-only --params skill.STEP_WALK_MAX skill.STEP_TROT_MAX --swing-lift 60 --swing-lift-asym --results-csv outputs/swing_lift_sym_steps.csv,22,step_up,1,3.023714545596144,on,6,5,0.14,30,skill.STEP_WALK_MAX,step_up_0p14,0,3,2026-08-30T15:29:52Z,WALK,786,60.0,0,nan
--headless --device cpu --reps 5 --foot-comp on --heading heading-only --params skill.STEP_WALK_MAX skill.STEP_TROT_MAX --swing-lift 60 --swing-lift-asym --results-csv outputs/swing_lift_sym_steps.csv,22,step_up,1,2.418611454420533,on,6,5,0.16,30,skill.STEP_WALK_MAX,step_up_0p16,0,3,2026-08-30T15:29:52Z,WALK,786,60.0,0,nan
--headless --device cpu --reps 5 --foot-comp on --heading heading-only --params skill.STEP_WALK_MAX skill.STEP_TROT_MAX --swing-lift 60 --swing-lift-asym --results-csv outputs/swing_lift_sym_steps.csv,22,step_up,1,2.3965751414416117,on,6,5,0.18,30,skill.STEP_WALK_MAX,step_up_0p18,0,3,2026-08-30T15:29:52Z,WALK,786,60.0,0,nan
--headless --device cpu --reps 5 --foot-comp on --heading heading-only --params skill.STEP_WALK_MAX skill.STEP_TROT_MAX --swing-lift 60 --swing-lift-asym --results-csv outputs/swing_lift_sym_steps.csv,22,step_up,1,2.514471050923524,on,6,5,0.2,30,skill.STEP_WALK_MAX,step_up_0p20,0,3,2026-08-30T15:29:52Z,WALK,786,60.0,0,nan
--headless --device cpu --reps 5 --foot-comp on --heading heading-only --params skill.STEP_WALK_MAX skill.STEP_TROT_MAX --swing-lift 60 --swing-lift-asym --results-csv outputs/swing_lift_sym_steps.csv,22,step_up,1,2.517606597508945,on,6,5,0.22,30,skill.STEP_WALK_MAX,step_up_0p22,0,3,2026-08-30T15:29:52Z,WALK,786,60.0,0,nan
--headless --device cpu --reps 5 --foot-comp on --heading heading-only --params skill.STEP_WALK_MAX skill.STEP_TROT_MAX --swing-lift 60 --swing-lift-asym --results-csv outputs/swing_lift_sym_steps.csv,22,step_up,1,2.4285244565134434,on,6,5,0.24,30,skill.STEP_WALK_MAX,step_up_0p24,0,3,2026-08-30T15:29:52Z,WALK,786,60.0,0,nan
--headless --device cpu --reps 5 --foot-comp on --heading heading-only --params skill.STEP_WALK_MAX skill.STEP_TROT_MAX --swing-lift 60 --swing-lift-asym --results-csv outputs/swing_lift_sym_steps.csv,22,step_up,1,2.424198034832723,on,6,5,0.26,30,skill.STEP_WALK_MAX,step_up_0p26,0,3,2026-08-30T15:29:52Z,WALK,786,60.0,0,nan
--headless --device cpu --reps 5 --foot-comp on --heading heading-only --params skill.STEP_WALK_MAX skill.STEP_TROT_MAX --swing-lift 60 --swing-lift-asym --results-csv outputs/swing_lift_sym_steps.csv,22,step_up,1,2.438990931755937,on,6,5,0.28,30,skill.STEP_WALK_MAX,step_up_0p28,0,3,2026-08-30T15:29:52Z,WALK,786,60.0,0,nan
--headless --device cpu --reps 5 --foot-comp on --heading heading-only --params skill.STEP_WALK_MAX skill.STEP_TROT_MAX --swing-lift 60 --swing-lift-asym --results-csv outputs/swing_lift_sym_steps.csv,22,step_up,1,2.4250943528693103,on,6,5,0.3,30,skill.STEP_WALK_MAX,step_up_0p30,0,3,2026-08-30T15:29:52Z,WALK,786,60.0,0,nan
--headless --device cpu --reps 5 --foot-comp on --heading heading-only --params skill.STEP_WALK_MAX skill.STEP_TROT_MAX --swing-lift 60 --swing-lift-asym --results-csv outputs/swing_lift_sym_steps.csv,19,step_up,1,4.313472258176046,on,6,5,0.02,30,skill.STEP_TROT_MAX,step_up_0p02,0,3,2026-08-30T15:29:52Z,TROT,786,60.0,0,nan
--headless --device cpu --reps 5 --foot-comp on --heading heading-only --params skill.STEP_WALK_MAX skill.STEP_TROT_MAX --swing-lift 60 --swing-lift-asym --results-csv outputs/swing_lift_sym_steps.csv,19,step_up,1,4.32575387808035,on,6,5,0.04,30,skill.STEP_TROT_MAX,step_up_0p04,0,3,2026-08-30T15:29:52Z,TROT,786,60.0,0,nan
--headless --device cpu --reps 5 --foot-comp on --heading heading-only --params skill.STEP_WALK_MAX skill.STEP_TROT_MAX --swing-lift 60 --swing-lift-asym --results-csv outputs/swing_lift_sym_steps.csv,19,step_up,1,4.335522500404939,on,6,5,0.06,30,skill.STEP_TROT_MAX,step_up_0p06,0,3,2026-08-30T15:29:52Z,TROT,786,60.0,0,nan
--headless --device cpu --reps 5 --foot-comp on --heading heading-only --params skill.STEP_WALK_MAX skill.STEP_TROT_MAX --swing-lift 60 --swing-lift-asym --results-csv outputs/swing_lift_sym_steps.csv,19,step_up,1,4.317214879373441,on,6,5,0.08,30,skill.STEP_TROT_MAX,step_up_0p08,0,3,2026-08-30T15:29:52Z,TROT,786,60.0,0,nan
--headless --device cpu --reps 5 --foot-comp on --heading heading-only --params skill.STEP_WALK_MAX skill.STEP_TROT_MAX --swing-lift 60 --swing-lift-asym --results-csv outputs/swing_lift_sym_steps.csv,19,step_up,1,4.318050648712912,on,6,5,0.1,30,skill.STEP_TROT_MAX,step_up_0p10,0,3,2026-08-30T15:29:52Z,TROT,786,60.0,0,nan
--headless --device cpu --reps 5 --foot-comp on --heading heading-only --params skill.STEP_WALK_MAX skill.STEP_TROT_MAX --swing-lift 60 --swing-lift-asym --results-csv outputs/swing_lift_sym_steps.csv,19,step_up,1,4.324903459772771,on,6,5,0.12,30,skill.STEP_TROT_MAX,step_up_0p12,0,3,2026-08-30T15:29:52Z,TROT,786,60.0,0,nan
--headless --device cpu --reps 5 --foot-comp on --heading heading-only --params skill.STEP_WALK_MAX skill.STEP_TROT_MAX --swing-lift 60 --swing-lift-asym --results-csv outputs/swing_lift_sym_steps.csv,19,step_up,1,4.312344100650714,on,6,5,0.14,30,skill.STEP_TROT_MAX,step_up_0p14,0,3,2026-08-30T15:29:52Z,TROT,786,60.0,0,nan
--headless --device cpu --reps 5 --foot-comp on --heading heading-only --params skill.STEP_WALK_MAX skill.STEP_TROT_MAX --swing-lift 60 --swing-lift-asym --results-csv outputs/swing_lift_sym_steps.csv,19,step_up,1,4.319744129841252,on,6,5,0.16,30,skill.STEP_TROT_MAX,step_up_0p16,0,3,2026-08-30T15:29:52Z,TROT,786,60.0,0,nan
--headless --device cpu --reps 5 --foot-comp on --heading heading-only --params skill.STEP_WALK_MAX skill.STEP_TROT_MAX --swing-lift 60 --swing-lift-asym --results-csv outputs/swing_lift_sym_steps.csv,19,step_up,1,4.3235519455725235,on,6,5,0.18,30,skill.STEP_TROT_MAX,step_up_0p18,0,3,2026-08-30T15:29:52Z,TROT,786,60.0,0,nan
--headless --device cpu --reps 5 --foot-comp on --heading heading-only --params skill.STEP_WALK_MAX skill.STEP_TROT_MAX --swing-lift 60 --swing-lift-asym --results-csv outputs/swing_lift_sym_steps.csv,19,step_up,1,4.330156159129256,on,6,5,0.2,30,skill.STEP_TROT_MAX,step_up_0p20,0,3,2026-08-30T15:29:52Z,TROT,786,60.0,0,nan
--headless --device cpu --reps 5 --foot-comp on --heading heading-only --params skill.STEP_WALK_MAX skill.STEP_TROT_MAX --swing-lift 60 --swing-lift-asym --results-csv outputs/swing_lift_sym_steps.csv,19,step_up,1,4.316808398536847,on,6,5,0.22,30,skill.STEP_TROT_MAX,step_up_0p22,0,3,2026-08-30T15:29:52Z,TROT,786,60.0,0,nan
--headless --device cpu --reps 5 --foot-comp on --heading heading-only --params skill.STEP_WALK_MAX skill.STEP_TROT_MAX --swing-lift 60 --swing-lift-asym --results-csv outputs/swing_lift_sym_steps.csv,19,step_up,1,4.314427188901549,on,6,5,0.24,30,skill.STEP_TROT_MAX,step_up_0p24,0,3,2026-08-30T15:29:52Z,TROT,786,60.0,0,nan
--headless --device cpu --reps 5 --foot-comp on --heading heading-only --params skill.STEP_WALK_MAX skill.STEP_TROT_MAX --swing-lift 60 --swing-lift-asym --results-csv outputs/swing_lift_sym_steps.csv,19,step_up,1,4.320460849704057,on,6,5,0.26,30,skill.STEP_TROT_MAX,step_up_0p26,0,3,2026-08-30T15:29:52Z,TROT,786,60.0,0,nan
--headless --device cpu --reps 5 --foot-comp on --heading heading-only --params skill.STEP_WALK_MAX skill.STEP_TROT_MAX --swing-lift 60 --swing-lift-asym --results-csv outputs/swing_lift_sym_steps.csv,19,step_up,1,4.307690369213117,on,6,5,0.28,30,skill.STEP_TROT_MAX,step_up_0p28,0,3,2026-08-30T15:29:52Z,TROT,786,60.0,0,nan
--headless --device cpu --reps 5 --foot-comp on --heading heading-only --params skill.STEP_WALK_MAX skill.STEP_TROT_MAX --swing-lift 60 --swing-lift-asym --results-csv outputs/swing_lift_sym_steps.csv,19,step_up,1,4.318220892398769,on,6,5,0.3,30,skill.STEP_TROT_MAX,step_up_0p30,0,3,2026-08-30T15:29:52Z,TROT,786,60.0,0,nan
--headless --device cpu --reps 5 --foot-comp on --heading heading-only --params skill.STEP_WALK_MAX skill.STEP_TROT_MAX --swing-lift 60 --swing-lift-asym --results-csv outputs/swing_lift_sym_steps.csv,30,step_up,1,2.9929329537324314,on,6,5,0.02,30,skill.STEP_WALK_MAX,step_up_0p02,0,4,2026-08-30T15:29:52Z,WALK,698,60.0,0,nan
--headless --device cpu --reps 5 --foot-comp on --heading heading-only --params skill.STEP_WALK_MAX skill.STEP_TROT_MAX --swing-lift 60 --swing-lift-asym --results-csv outputs/swing_lift_sym_steps.csv,30,step_up,1,2.981963483418102,on,6,5,0.04,30,skill.STEP_WALK_MAX,step_up_0p04,0,4,2026-08-30T15:29:52Z,WALK,698,60.0,0,nan
--headless --device cpu --reps 5 --foot-comp on --heading heading-only --params skill.STEP_WALK_MAX skill.STEP_TROT_MAX --swing-lift 60 --swing-lift-asym --results-csv outputs/swing_lift_sym_steps.csv,30,step_up,1,2.5827253180167653,on,6,5,0.06,30,skill.STEP_WALK_MAX,step_up_0p06,0,4,2026-08-30T15:29:52Z,WALK,698,60.0,0,nan
--headless --device cpu --reps 5 --foot-comp on --heading heading-only --params skill.STEP_WALK_MAX skill.STEP_TROT_MAX --swing-lift 60 --swing-lift-asym --results-csv outputs/swing_lift_sym_steps.csv,30,step_up,1,3.192241340844027,on,6,5,0.08,30,skill.STEP_WALK_MAX,step_up_0p08,0,4,2026-08-30T15:29:52Z,WALK,698,60.0,0,nan
--headless --device cpu --reps 5 --foot-comp on --heading heading-only --params skill.STEP_WALK_MAX skill.STEP_TROT_MAX --swing-lift 60 --swing-lift-asym --results-csv outputs/swing_lift_sym_steps.csv,30,step_up,1,3.2133793793945715,on,6,5,0.1,30,skill.STEP_WALK_MAX,step_up_0p10,0,4,2026-08-30T15:29:52Z,WALK,698,60.0,0,nan
--headless --device cpu --reps 5 --foot-comp on --heading heading-only --params skill.STEP_WALK_MAX skill.STEP_TROT_MAX --swing-lift 60 --swing-lift-asym --results-csv outputs/swing_lift_sym_steps.csv,30,step_up,1,3.0687294147837454,on,6,5,0.12,30,skill.STEP_WALK_MAX,step_up_0p12,0,4,2026-08-30T15:29:52Z,WALK,698,60.0,0,nan
--headless --device cpu --reps 5 --foot-comp on --heading heading-only --params skill.STEP_WALK_MAX skill.STEP_TROT_MAX --swing-lift 60 --swing-lift-asym --results-csv outputs/swing_lift_sym_steps.csv,30,step_up,1,2.804898784654564,on,6,5,0.14,30,skill.STEP_WALK_MAX,step_up_0p14,0,4,2026-08-30T15:29:52Z,WALK,698,60.0,0,nan
--headless --device cpu --reps 5 --foot-comp on --heading heading-only --params skill.STEP_WALK_MAX skill.STEP_TROT_MAX --swing-lift 60 --swing-lift-asym --results-csv outputs/swing_lift_sym_steps.csv,30,step_up,1,3.3181656209527155,on,6,5,0.16,30,skill.STEP_WALK_MAX,step_up_0p16,0,4,2026-08-30T15:29:52Z,WALK,698,60.0,0,nan
--headless --device cpu --reps 5 --foot-comp on --heading heading-only --params skill.STEP_WALK_MAX skill.STEP_TROT_MAX --swing-lift 60 --swing-lift-asym --results-csv outputs/swing_lift_sym_steps.csv,30,step_up,1,3.2077176265476988,on,6,5,0.18,30,skill.STEP_WALK_MAX,step_up_0p18,0,4,2026-08-30T15:29:52Z,WALK,698,60.0,0,nan
--headless --device cpu --reps 5 --foot-comp on --heading heading-only --params skill.STEP_WALK_MAX skill.STEP_TROT_MAX --swing-lift 60 --swing-lift-asym --results-csv outputs/swing_lift_sym_steps.csv,30,step_up,1,3.3715874412579256,on,6,5,0.2,30,skill.STEP_WALK_MAX,step_up_0p20,0,4,2026-08-30T15:29:52Z,WALK,698,60.0,0,nan
--headless --device cpu --reps 5 --foot-comp on --heading heading-only --params skill.STEP_WALK_MAX skill.STEP_TROT_MAX --swing-lift 60 --swing-lift-asym --results-csv outputs/swing_lift_sym_steps.csv,30,step_up,1,2.6546834596274858,on,6,5,0.22,30,skill.STEP_WALK_MAX,step_up_0p22,0,4,2026-08-30T15:29:52Z,WALK,698,60.0,0,nan
--headless --device cpu --reps 5 --foot-comp on --heading heading-only --params skill.STEP_WALK_MAX skill.STEP_TROT_MAX --swing-lift 60 --swing-lift-asym --results-csv outputs/swing_lift_sym_steps.csv,30,step_up,1,2.991565503706262,on,6,5,0.24,30,skill.STEP_WALK_MAX,step_up_0p24,0,4,2026-08-30T15:29:52Z,WALK,698,60.0,0,nan
--headless --device cpu --reps 5 --foot-comp on --heading heading-only --params skill.STEP_WALK_MAX skill.STEP_TROT_MAX --swing-lift 60 --swing-lift-asym --results-csv outputs/swing_lift_sym_steps.csv,30,step_up,1,3.0519999907577637,on,6,5,0.26,30,skill.STEP_WALK_MAX,step_up_0p26,0,4,2026-08-30T15:29:52Z,WALK,698,60.0,0,nan
--headless --device cpu --reps 5 --foot-comp on --heading heading-only --params skill.STEP_WALK_MAX skill.STEP_TROT_MAX --swing-lift 60 --swing-lift-asym --results-csv outputs/swing_lift_sym_steps.csv,30,step_up,1,2.6029250931528622,on,6,5,0.28,30,skill.STEP_WALK_MAX,step_up_0p28,0,4,2026-08-30T15:29:52Z,WALK,698,60.0,0,nan
--headless --device cpu --reps 5 --foot-comp on --heading heading-only --params skill.STEP_WALK_MAX skill.STEP_TROT_MAX --swing-lift 60 --swing-lift-asym --results-csv outputs/swing_lift_sym_steps.csv,30,step_up,1,2.2555278509979373,on,6,5,0.3,30,skill.STEP_WALK_MAX,step_up_0p30,0,4,2026-08-30T15:29:52Z,WALK,698,60.0,0,nan
--headless --device cpu --reps 5 --foot-comp on --heading heading-only --params skill.STEP_WALK_MAX skill.STEP_TROT_MAX --swing-lift 60 --swing-lift-asym --results-csv outputs/swing_lift_sym_steps.csv,26,step_up,1,4.3679022508903165,on,6,5,0.02,30,skill.STEP_TROT_MAX,step_up_0p02,0,4,2026-08-30T15:29:52Z,TROT,698,60.0,0,nan
--headless --device cpu --reps 5 --foot-comp on --heading heading-only --params skill.STEP_WALK_MAX skill.STEP_TROT_MAX --swing-lift 60 --swing-lift-asym --results-csv outputs/swing_lift_sym_steps.csv,26,step_up,1,4.368921248265478,on,6,5,0.04,30,skill.STEP_TROT_MAX,step_up_0p04,0,4,2026-08-30T15:29:52Z,TROT,698,60.0,0,nan
--headless --device cpu --reps 5 --foot-comp on --heading heading-only --params skill.STEP_WALK_MAX skill.STEP_TROT_MAX --swing-lift 60 --swing-lift-asym --results-csv outputs/swing_lift_sym_steps.csv,26,step_up,1,4.380733063356713,on,6,5,0.06,30,skill.STEP_TROT_MAX,step_up_0p06,0,4,2026-08-30T15:29:52Z,TROT,698,60.0,0,nan
--headless --device cpu --reps 5 --foot-comp on --heading heading-only --params skill.STEP_WALK_MAX skill.STEP_TROT_MAX --swing-lift 60 --swing-lift-asym --results-csv outputs/swing_lift_sym_steps.csv,26,step_up,1,4.330354068404025,on,6,5,0.08,30,skill.STEP_TROT_MAX,step_up_0p08,0,4,2026-08-30T15:29:52Z,TROT,698,60.0,0,nan
--headless --device cpu --reps 5 --foot-comp on --heading heading-only --params skill.STEP_WALK_MAX skill.STEP_TROT_MAX --swing-lift 60 --swing-lift-asym --results-csv outputs/swing_lift_sym_steps.csv,26,step_up,1,4.3607122099304325,on,6,5,0.1,30,skill.STEP_TROT_MAX,step_up_0p10,0,4,2026-08-30T15:29:52Z,TROT,698,60.0,0,nan
--headless --device cpu --reps 5 --foot-comp on --heading heading-only --params skill.STEP_WALK_MAX skill.STEP_TROT_MAX --swing-lift 60 --swing-lift-asym --results-csv outputs/swing_lift_sym_steps.csv,26,step_up,1,4.360012295846406,on,6,5,0.12,30,skill.STEP_TROT_MAX,step_up_0p12,0,4,2026-08-30T15:29:52Z,TROT,698,60.0,0,nan
--headless --device cpu --reps 5 --foot-comp on --heading heading-only --params skill.STEP_WALK_MAX skill.STEP_TROT_MAX --swing-lift 60 --swing-lift-asym --results-csv outputs/swing_lift_sym_steps.csv,26,step_up,1,4.367542125154035,on,6,5,0.14,30,skill.STEP_TROT_MAX,step_up_0p14,0,4,2026-08-30T15:29:52Z,TROT,698,60.0,0,nan
--headless --device cpu --reps 5 --foot-comp on --heading heading-only --params skill.STEP_WALK_MAX skill.STEP_TROT_MAX --swing-lift 60 --swing-lift-asym --results-csv outputs/swing_lift_sym_steps.csv,26,step_up,1,4.361748158026809,on,6,5,0.16,30,skill.STEP_TROT_MAX,step_up_0p16,0,4,2026-08-30T15:29:52Z,TROT,698,60.0,0,nan
--headless --device cpu --reps 5 --foot-comp on --heading heading-only --params skill.STEP_WALK_MAX skill.STEP_TROT_MAX --swing-lift 60 --swing-lift-asym --results-csv outputs/swing_lift_sym_steps.csv,26,step_up,1,4.360919631292273,on,6,5,0.18,30,skill.STEP_TROT_MAX,step_up_0p18,0,4,2026-08-30T15:29:52Z,TROT,698,60.0,0,nan
--headless --device cpu --reps 5 --foot-comp on --heading heading-only --params skill.STEP_WALK_MAX skill.STEP_TROT_MAX --swing-lift 60 --swing-lift-asym --results-csv outputs/swing_lift_sym_steps.csv,26,step_up,1,4.367326407053332,on,6,5,0.2,30,skill.STEP_TROT_MAX,step_up_0p20,0,4,2026-08-30T15:29:52Z,TROT,698,60.0,0,nan
--headless --device cpu --reps 5 --foot-comp on --heading heading-only --params skill.STEP_WALK_MAX skill.STEP_TROT_MAX --swing-lift 60 --swing-lift-asym --results-csv outputs/swing_lift_sym_steps.csv,26,step_up,1,4.359471855850447,on,6,5,0.22,30,skill.STEP_TROT_MAX,step_up_0p22,0,4,2026-08-30T15:29:52Z,TROT,698,60.0,0,nan
--headless --device cpu --reps 5 --foot-comp on --heading heading-only --params skill.STEP_WALK_MAX skill.STEP_TROT_MAX --swing-lift 60 --swing-lift-asym --results-csv outputs/swing_lift_sym_steps.csv,26,step_up,1,4.35477779824326,on,6,5,0.24,30,skill.STEP_TROT_MAX,step_up_0p24,0,4,2026-08-30T15:29:52Z,TROT,698,60.0,0,nan
--headless --device cpu --reps 5 --foot-comp on --heading heading-only --params skill.STEP_WALK_MAX skill.STEP_TROT_MAX --swing-lift 60 --swing-lift-asym --results-csv outputs/swing_lift_sym_steps.csv,26,step_up,1,4.361975653794827,on,6,5,0.26,30,skill.STEP_TROT_MAX,step_up_0p26,0,4,2026-08-30T15:29:52Z,TROT,698,60.0,0,nan
--headless --device cpu --reps 5 --foot-comp on --heading heading-only --params skill.STEP_WALK_MAX skill.STEP_TROT_MAX --swing-lift 60 --swing-lift-asym --results-csv outputs/swing_lift_sym_steps.csv,26,step_up,1,4.359576672531523,on,6,5,0.28,30,skill.STEP_TROT_MAX,step_up_0p28,0,4,2026-08-30T15:29:52Z,TROT,698,60.0,0,nan
--headless --device cpu --reps 5 --foot-comp on --heading heading-only --params skill.STEP_WALK_MAX skill.STEP_TROT_MAX --swing-lift 60 --swing-lift-asym --results-csv outputs/swing_lift_sym_steps.csv,26,step_up,1,4.341256644881914,on,6,5,0.3,30,skill.STEP_TROT_MAX,step_up_0p30,0,4,2026-08-30T15:29:52Z,TROT,698,60.0,0,nan
