argv,entry_frame,family,fell,final_dist_m,foot_comp,grid_cols,grid_rows,level_m,n_probes,param,probe,reached,rep,run_utc,skill,steps,swing_lift_mm,t_reached_s
--headless --device cpu --reps 5 --foot-comp on --heading heading-only --params skill.STEP_WALK_MAX skill.STEP_TROT_MAX --swing-lift 0 --results-csv outputs/swing_lift_steps.csv,0,step_up,1,19.735909108239756,on,6,5,0.02,30,skill.STEP_WALK_MAX,step_up_0p02,1,0,2026-08-29T15:37:51Z,WALK,2140,0.0,16.92
--headless --device cpu --reps 5 --foot-comp on --heading heading-only --params skill.STEP_WALK_MAX skill.STEP_TROT_MAX --swing-lift 0 --results-csv outputs/swing_lift_steps.csv,0,step_up,1,1.281654013268112,on,6,5,0.04,30,skill.STEP_WALK_MAX,step_up_0p04,0,0,2026-08-29T15:37:51Z,WALK,2140,0.0,nan
--headless --device cpu --reps 5 --foot-comp on --heading heading-only --params skill.STEP_WALK_MAX skill.STEP_TROT_MAX --swing-lift 0 --results-csv outputs/swing_lift_steps.csv,0,step_up,1,1.657204991597118,on,6,5,0.06,30,skill.STEP_WALK_MAX,step_up_0p06,0,0,2026-08-29T15:37:51Z,WALK,2140,0.0,nan
--headless --device cpu --reps 5 --foot-comp on --heading heading-only --params skill.STEP_WALK_MAX skill.STEP_TROT_MAX --swing-lift 0 --results-csv outputs/swing_lift_steps.csv,0,step_up,1,1.8179232770840317,on,6,5,0.08,30,skill.STEP_WALK_MAX,step_up_0p08,0,0,2026-08-29T15:37:51Z,WALK,2140,0.0,nan
--headless --device cpu --reps 5 --foot-comp on --heading heading-only --params skill.STEP_WALK_MAX skill.STEP_TROT_MAX --swing-lift 0 --results-csv outputs/swing_lift_steps.csv,0,step_up,1,1.5845866779323845,on,6,5,0.1,30,skill.STEP_WALK_MAX,step_up_0p10,0,0,2026-08-29T15:37:51Z,WALK,2140,0.0,nan
--headless --device cpu --reps 5 --foot-comp on --heading heading-only --params skill.STEP_WALK_MAX skill.STEP_TROT_MAX --swing-lift 0 --results-csv outputs/swing_lift_steps.csv,0,step_up,1,1.7520409644000552,on,6,5,0.12,30,skill.STEP_WALK_MAX,step_up_0p12,0,0,2026-08-29T15:37:51Z,WALK,2140,0.0,nan
--headless --device cpu --reps 5 --foot-comp on --heading heading-only --params skill.STEP_WALK_MAX skill.STEP_TROT_MAX --swing-lift 0 --results-csv outputs/swing_lift_steps.csv,0,step_up,1,1.7994400690394259,on,6,5,0.14,30,skill.STEP_WALK_MAX,step_up_0p14,0,0,2026-08-29T15:37:51Z,WALK,2140,0.0,nan
--headless --device cpu --reps 5 --foot-comp on --heading heading-only --params skill.STEP_WALK_MAX skill.STEP_TROT_MAX --swing-lift 0 --results-csv outputs/swing_lift_steps.csv,0,step_up,1,1.7299149021039282,on,6,5,0.16,30,skill.STEP_WALK_MAX,step_up_0p16,0,0,2026-08-29T15:37:51Z,WALK,2140,0.0,nan
--headless --device cpu --reps 5 --foot-comp on --heading heading-only --params skill.STEP_WALK_MAX skill.STEP_TROT_MAX --swing-lift 0 --results-csv outputs/swing_lift_steps.csv,0,step_up,1,1.8116533086077562,on,6,5,0.18,30,skill.STEP_WALK_MAX,step_up_0p18,0,0,2026-08-29T15:37:51Z,WALK,2140,0.0,nan
--headless --device cpu --reps 5 --foot-comp on --heading heading-only --params skill.STEP_WALK_MAX skill.STEP_TROT_MAX --swing-lift 0 --results-csv outputs/swing_lift_steps.csv,0,step_up,1,1.7080427516418437,on,6,5,0.2,30,skill.STEP_WALK_MAX,step_up_0p20,0,0,2026-08-29T15:37:51Z,WALK,2140,0.0,nan
--headless --device cpu --reps 5 --foot-comp on --heading heading-only --params skill.STEP_WALK_MAX skill.STEP_TROT_MAX --swing-lift 0 --results-csv outputs/swing_lift_steps.csv,0,step_up,1,1.8216508839432723,on,6,5,0.22,30,skill.STEP_WALK_MAX,step_up_0p22,0,0,2026-08-29T15:37:51Z,WALK,2140,0.0,nan
--headless --device cpu --reps 5 --foot-comp on --heading heading-only --params skill.STEP_WALK_MAX skill.STEP_TROT_MAX --swing-lift 0 --results-csv outputs/swing_lift_steps.csv,0,step_up,1,1.8846288787335672,on,6,5,0.24,30,skill.STEP_WALK_MAX,step_up_0p24,0,0,2026-08-29T15:37:51Z,WALK,2140,0.0,nan
--headless --device cpu --reps 5 --foot-comp on --heading heading-only --params skill.STEP_WALK_MAX skill.STEP_TROT_MAX --swing-lift 0 --results-csv outputs/swing_lift_steps.csv,0,step_up,0,2.4320892497424422,on,6,5,0.26,30,skill.STEP_WALK_MAX,step_up_0p26,0,0,2026-08-29T15:37:51Z,WALK,2140,0.0,nan
--headless --device cpu --reps 5 --foot-comp on --heading heading-only --params skill.STEP_WALK_MAX skill.STEP_TROT_MAX --swing-lift 0 --results-csv outputs/swing_lift_steps.csv,0,step_up,0,1.3535548501615327,on,6,5,0.28,30,skill.STEP_WALK_MAX,step_up_0p28,0,0,2026-08-29T15:37:51Z,WALK,2140,0.0,nan
--headless --device cpu --reps 5 --foot-comp on --heading heading-only --params skill.STEP_WALK_MAX skill.STEP_TROT_MAX --swing-lift 0 --results-csv outputs/swing_lift_steps.csv,0,step_up,0,1.5797849456960789,on,6,5,0.3,30,skill.STEP_WALK_MAX,step_up_0p30,0,0,2026-08-29T15:37:51Z,WALK,2140,0.0,nan
--headless --device cpu --reps 5 --foot-comp on --heading heading-only --params skill.STEP_WALK_MAX skill.STEP_TROT_MAX --swing-lift 0 --results-csv outputs/swing_lift_steps.csv,0,step_up,1,1.5668872822345132,on,6,5,0.02,30,skill.STEP_TROT_MAX,step_up_0p02,0,0,2026-08-29T15:37:51Z,TROT,2140,0.0,nan
--headless --device cpu --reps 5 --foot-comp on --heading heading-only --params skill.STEP_WALK_MAX skill.STEP_TROT_MAX --swing-lift 0 --results-csv outputs/swing_lift_steps.csv,0,step_up,0,1.3704787058044081,on,6,5,0.04,30,skill.STEP_TROT_MAX,step_up_0p04,0,0,2026-08-29T15:37:51Z,TROT,2140,0.0,nan
--headless --device cpu --reps 5 --foot-comp on --heading heading-only --params skill.STEP_WALK_MAX skill.STEP_TROT_MAX --swing-lift 0 --results-csv outputs/swing_lift_steps.csv,0,step_up,0,1.6960536442790857,on,6,5,0.06,30,skill.STEP_TROT_MAX,step_up_0p06,0,0,2026-08-29T15:37:51Z,TROT,2140,0.0,nan
--headless --device cpu --reps 5 --foot-comp on --heading heading-only --params skill.STEP_WALK_MAX skill.STEP_TROT_MAX --swing-lift 0 --results-csv outputs/swing_lift_steps.csv,0,step_up,0,1.94444004989879,on,6,5,0.08,30,skill.STEP_TROT_MAX,step_up_0p08,0,0,2026-08-29T15:37:51Z,TROT,2140,0.0,nan
--headless --device cpu --reps 5 --foot-comp on --heading heading-only --params skill.STEP_WALK_MAX skill.STEP_TROT_MAX --swing-lift 0 --results-csv outputs/swing_lift_steps.csv,0,step_up,1,1.981292153071962,on,6,5,0.1,30,skill.STEP_TROT_MAX,step_up_0p10,0,0,2026-08-29T15:37:51Z,TROT,2140,0.0,nan
--headless --device cpu --reps 5 --foot-comp on --heading heading-only --params skill.STEP_WALK_MAX skill.STEP_TROT_MAX --swing-lift 0 --results-csv outputs/swing_lift_steps.csv,0,step_up,0,2.219546715250928,on,6,5,0.12,30,skill.STEP_TROT_MAX,step_up_0p12,0,0,2026-08-29T15:37:51Z,TROT,2140,0.0,nan
--headless --device cpu --reps 5 --foot-comp on --heading heading-only --params skill.STEP_WALK_MAX skill.STEP_TROT_MAX --swing-lift 0 --results-csv outputs/swing_lift_steps.csv,0,step_up,1,1.9696353408554226,on,6,5,0.14,30,skill.STEP_TROT_MAX,step_up_0p14,0,0,2026-08-29T15:37:51Z,TROT,2140,0.0,nan
--headless --device cpu --reps 5 --foot-comp on --heading heading-only --params skill.STEP_WALK_MAX skill.STEP_TROT_MAX --swing-lift 0 --results-csv outputs/swing_lift_steps.csv,0,step_up,1,1.9074072755215616,on,6,5,0.16,30,skill.STEP_TROT_MAX,step_up_0p16,0,0,2026-08-29T15:37:51Z,TROT,2140,0.0,nan
--headless --device cpu --reps 5 --foot-comp on --heading heading-only --params skill.STEP_WALK_MAX skill.STEP_TROT_MAX --swing-lift 0 --results-csv outputs/swing_lift_steps.csv,0,step_up,1,1.6670719172419346,on,6,5,0.18,30,skill.STEP_TROT_MAX,step_up_0p18,0,0,2026-08-29T15:37:51Z,TROT,2140,0.0,nan
--headless --device cpu --reps 5 --foot-comp on --heading heading-only --params skill.STEP_WALK_MAX skill.STEP_TROT_MAX --swing-lift 0 --results-csv outputs/swing_lift_steps.csv,0,step_up,1,1.9461498834279167,on,6,5,0.2,30,skill.STEP_TROT_MAX,step_up_0p20,0,0,2026-08-29T15:37:51Z,TROT,2140,0.0,nan
--headless --device cpu --reps 5 --foot-comp on --heading heading-only --params skill.STEP_WALK_MAX skill.STEP_TROT_MAX --swing-lift 0 --results-csv outputs/swing_lift_steps.csv,0,step_up,1,1.4071667673906,on,6,5,0.22,30,skill.STEP_TROT_MAX,step_up_0p22,0,0,2026-08-29T15:37:51Z,TROT,2140,0.0,nan
--headless --device cpu --reps 5 --foot-comp on --heading heading-only --params skill.STEP_WALK_MAX skill.STEP_TROT_MAX --swing-lift 0 --results-csv outputs/swing_lift_steps.csv,0,step_up,1,2.0853786307687514,on,6,5,0.24,30,skill.STEP_TROT_MAX,step_up_0p24,0,0,2026-08-29T15:37:51Z,TROT,2140,0.0,nan
--headless --device cpu --reps 5 --foot-comp on --heading heading-only --params skill.STEP_WALK_MAX skill.STEP_TROT_MAX --swing-lift 0 --results-csv outputs/swing_lift_steps.csv,0,step_up,1,1.9821142508724399,on,6,5,0.26,30,skill.STEP_TROT_MAX,step_up_0p26,0,0,2026-08-29T15:37:51Z,TROT,2140,0.0,nan
--headless --device cpu --reps 5 --foot-comp on --heading heading-only --params skill.STEP_WALK_MAX skill.STEP_TROT_MAX --swing-lift 0 --results-csv outputs/swing_lift_steps.csv,0,step_up,1,2.1765042239276604,on,6,5,0.28,30,skill.STEP_TROT_MAX,step_up_0p28,0,0,2026-08-29T15:37:51Z,TROT,2140,0.0,nan
--headless --device cpu --reps 5 --foot-comp on --heading heading-only --params skill.STEP_WALK_MAX skill.STEP_TROT_MAX --swing-lift 0 --results-csv outputs/swing_lift_steps.csv,0,step_up,1,1.3201284189710945,on,6,5,0.3,30,skill.STEP_TROT_MAX,step_up_0p30,0,0,2026-08-29T15:37:51Z,TROT,2140,0.0,nan
--headless --device cpu --reps 5 --foot-comp on --heading heading-only --params skill.STEP_WALK_MAX skill.STEP_TROT_MAX --swing-lift 0 --results-csv outputs/swing_lift_steps.csv,7,step_up,1,12.896476199470323,on,6,5,0.02,30,skill.STEP_WALK_MAX,step_up_0p02,1,1,2026-08-29T15:37:51Z,WALK,2140,0.0,17.16
--headless --device cpu --reps 5 --foot-comp on --heading heading-only --params skill.STEP_WALK_MAX skill.STEP_TROT_MAX --swing-lift 0 --results-csv outputs/swing_lift_steps.csv,7,step_up,1,1.2121610007376153,on,6,5,0.04,30,skill.STEP_WALK_MAX,step_up_0p04,0,1,2026-08-29T15:37:51Z,WALK,2140,0.0,nan
--headless --device cpu --reps 5 --foot-comp on --heading heading-only --params skill.STEP_WALK_MAX skill.STEP_TROT_MAX --swing-lift 0 --results-csv outputs/swing_lift_steps.csv,7,step_up,1,1.4946742894808545,on,6,5,0.06,30,skill.STEP_WALK_MAX,step_up_0p06,0,1,2026-08-29T15:37:51Z,WALK,2140,0.0,nan
--headless --device cpu --reps 5 --foot-comp on --heading heading-only --params skill.STEP_WALK_MAX skill.STEP_TROT_MAX --swing-lift 0 --results-csv outputs/swing_lift_steps.csv,7,step_up,1,1.7152329988560466,on,6,5,0.08,30,skill.STEP_WALK_MAX,step_up_0p08,0,1,2026-08-29T15:37:51Z,WALK,2140,0.0,nan
--headless --device cpu --reps 5 --foot-comp on --heading heading-only --params skill.STEP_WALK_MAX skill.STEP_TROT_MAX --swing-lift 0 --results-csv outputs/swing_lift_steps.csv,7,step_up,1,1.647218639635942,on,6,5,0.1,30,skill.STEP_WALK_MAX,step_up_0p10,0,1,2026-08-29T15:37:51Z,WALK,2140,0.0,nan
--headless --device cpu --reps 5 --foot-comp on --heading heading-only --params skill.STEP_WALK_MAX skill.STEP_TROT_MAX --swing-lift 0 --results-csv outputs/swing_lift_steps.csv,7,step_up,1,1.7576186858185527,on,6,5,0.12,30,skill.STEP_WALK_MAX,step_up_0p12,0,1,2026-08-29T15:37:51Z,WALK,2140,0.0,nan
--headless --device cpu --reps 5 --foot-comp on --heading heading-only --params skill.STEP_WALK_MAX skill.STEP_TROT_MAX --swing-lift 0 --results-csv outputs/swing_lift_steps.csv,7,step_up,1,1.8149911221982518,on,6,5,0.14,30,skill.STEP_WALK_MAX,step_up_0p14,0,1,2026-08-29T15:37:51Z,WALK,2140,0.0,nan
--headless --device cpu --reps 5 --foot-comp on --heading heading-only --params skill.STEP_WALK_MAX skill.STEP_TROT_MAX --swing-lift 0 --results-csv outputs/swing_lift_steps.csv,7,step_up,1,1.7548955192114102,on,6,5,0.16,30,skill.STEP_WALK_MAX,step_up_0p16,0,1,2026-08-29T15:37:51Z,WALK,2140,0.0,nan
--headless --device cpu --reps 5 --foot-comp on --heading heading-only --params skill.STEP_WALK_MAX skill.STEP_TROT_MAX --swing-lift 0 --results-csv outputs/swing_lift_steps.csv,7,step_up,1,1.8229220893877378,on,6,5,0.18,30,skill.STEP_WALK_MAX,step_up_0p18,0,1,2026-08-29T15:37:51Z,WALK,2140,0.0,nan
--headless --device cpu --reps 5 --foot-comp on --heading heading-only --params skill.STEP_WALK_MAX skill.STEP_TROT_MAX --swing-lift 0 --results-csv outputs/swing_lift_steps.csv,7,step_up,1,1.8109499832392448,on,6,5,0.2,30,skill.STEP_WALK_MAX,step_up_0p20,0,1,2026-08-29T15:37:51Z,WALK,2140,0.0,nan
--headless --device cpu --reps 5 --foot-comp on --heading heading-only --params skill.STEP_WALK_MAX skill.STEP_TROT_MAX --swing-lift 0 --results-csv outputs/swing_lift_steps.csv,7,step_up,1,1.765658831630635,on,6,5,0.22,30,skill.STEP_WALK_MAX,step_up_0p22,0,1,2026-08-29T15:37:51Z,WALK,2140,0.0,nan
--headless --device cpu --reps 5 --foot-comp on --heading heading-only --params skill.STEP_WALK_MAX skill.STEP_TROT_MAX --swing-lift 0 --results-csv outputs/swing_lift_steps.csv,7,step_up,0,1.2642642867067544,on,6,5,0.24,30,skill.STEP_WALK_MAX,step_up_0p24,0,1,2026-08-29T15:37:51Z,WALK,2140,0.0,nan
--headless --device cpu --reps 5 --foot-comp on --heading heading-only --params skill.STEP_WALK_MAX skill.STEP_TROT_MAX --swing-lift 0 --results-csv outputs/swing_lift_steps.csv,7,step_up,1,2.0309786725359444,on,6,5,0.26,30,skill.STEP_WALK_MAX,step_up_0p26,0,1,2026-08-29T15:37:51Z,WALK,2140,0.0,nan
--headless --device cpu --reps 5 --foot-comp on --heading heading-only --params skill.STEP_WALK_MAX skill.STEP_TROT_MAX --swing-lift 0 --results-csv outputs/swing_lift_steps.csv,7,step_up,1,2.0529141261652257,on,6,5,0.28,30,skill.STEP_WALK_MAX,step_up_0p28,0,1,2026-08-29T15:37:51Z,WALK,2140,0.0,nan
--headless --device cpu --reps 5 --foot-comp on --heading heading-only --params skill.STEP_WALK_MAX skill.STEP_TROT_MAX --swing-lift 0 --results-csv outputs/swing_lift_steps.csv,7,step_up,1,1.966315659637521,on,6,5,0.3,30,skill.STEP_WALK_MAX,step_up_0p30,0,1,2026-08-29T15:37:51Z,WALK,2140,0.0,nan
--headless --device cpu --reps 5 --foot-comp on --heading heading-only --params skill.STEP_WALK_MAX skill.STEP_TROT_MAX --swing-lift 0 --results-csv outputs/swing_lift_steps.csv,6,step_up,1,3.678356570997589,on,6,5,0.02,30,skill.STEP_TROT_MAX,step_up_0p02,0,1,2026-08-29T15:37:51Z,TROT,2140,0.0,nan
--headless --device cpu --reps 5 --foot-comp on --heading heading-only --params skill.STEP_WALK_MAX skill.STEP_TROT_MAX --swing-lift 0 --results-csv outputs/swing_lift_steps.csv,6,step_up,1,3.707988026983241,on,6,5,0.04,30,skill.STEP_TROT_MAX,step_up_0p04,0,1,2026-08-29T15:37:51Z,TROT,2140,0.0,nan
--headless --device cpu --reps 5 --foot-comp on --heading heading-only --params skill.STEP_WALK_MAX skill.STEP_TROT_MAX --swing-lift 0 --results-csv outputs/swing_lift_steps.csv,6,step_up,1,3.7678771626904335,on,6,5,0.06,30,skill.STEP_TROT_MAX,step_up_0p06,0,1,2026-08-29T15:37:51Z,TROT,2140,0.0,nan
--headless --device cpu --reps 5 --foot-comp on --heading heading-only --params skill.STEP_WALK_MAX skill.STEP_TROT_MAX --swing-lift 0 --results-csv outputs/swing_lift_steps.csv,6,step_up,1,3.6907725004036567,on,6,5,0.08,30,skill.STEP_TROT_MAX,step_up_0p08,0,1,2026-08-29T15:37:51Z,TROT,2140,0.0,nan
--headless --device cpu --reps 5 --foot-comp on --heading heading-only --params skill.STEP_WALK_MAX skill.STEP_TROT_MAX --swing-lift 0 --results-csv outputs/swing_lift_steps.csv,6,step_up,1,3.6643765689077554,on,6,5,0.1,30,skill.STEP_TROT_MAX,step_up_0p10,0,1,2026-08-29T15:37:51Z,TROT,2140,0.0,nan
--headless --device cpu --reps 5 --foot-comp on --heading heading-only --params skill.STEP_WALK_MAX skill.STEP_TROT_MAX --swing-lift 0 --results-csv outputs/swing_lift_steps.csv,6,step_up,1,3.651135507625563,on,6,5,0.12,30,skill.STEP_TROT_MAX,step_up_0p12,0,1,2026-08-29T15:37:51Z,TROT,2140,0.0,nan
--headless --device cpu --reps 5 --foot-comp on --heading heading-only --params skill.STEP_WALK_MAX skill.STEP_TROT_MAX --swing-lift 0 --results-csv outputs/swing_lift_steps.csv,6,step_up,1,3.6810861485610196,on,6,5,0.14,30,skill.STEP_TROT_MAX,step_up_0p14,0,1,2026-08-29T15:37:51Z,TROT,2140,0.0,nan
--headless --device cpu --reps 5 --foot-comp on --heading heading-only --params skill.STEP_WALK_MAX skill.STEP_TROT_MAX --swing-lift 0 --results-csv outputs/swing_lift_steps.csv,6,step_up,1,3.6625665699222827,on,6,5,0.16,30,skill.STEP_TROT_MAX,step_up_0p16,0,1,2026-08-29T15:37:51Z,TROT,2140,0.0,nan
--headless --device cpu --reps 5 --foot-comp on --heading heading-only --params skill.STEP_WALK_MAX skill.STEP_TROT_MAX --swing-lift 0 --results-csv outputs/swing_lift_steps.csv,6,step_up,1,3.712023954065176,on,6,5,0.18,30,skill.STEP_TROT_MAX,step_up_0p18,0,1,2026-08-29T15:37:51Z,TROT,2140,0.0,nan
--headless --device cpu --reps 5 --foot-comp on --heading heading-only --params skill.STEP_WALK_MAX skill.STEP_TROT_MAX --swing-lift 0 --results-csv outputs/swing_lift_steps.csv,6,step_up,1,3.6837502019115047,on,6,5,0.2,30,skill.STEP_TROT_MAX,step_up_0p20,0,1,2026-08-29T15:37:51Z,TROT,2140,0.0,nan
--headless --device cpu --reps 5 --foot-comp on --heading heading-only --params skill.STEP_WALK_MAX skill.STEP_TROT_MAX --swing-lift 0 --results-csv outputs/swing_lift_steps.csv,6,step_up,1,3.664892463506465,on,6,5,0.22,30,skill.STEP_TROT_MAX,step_up_0p22,0,1,2026-08-29T15:37:51Z,TROT,2140,0.0,nan
--headless --device cpu --reps 5 --foot-comp on --heading heading-only --params skill.STEP_WALK_MAX skill.STEP_TROT_MAX --swing-lift 0 --results-csv outputs/swing_lift_steps.csv,6,step_up,1,3.6684621508022586,on,6,5,0.24,30,skill.STEP_TROT_MAX,step_up_0p24,0,1,2026-08-29T15:37:51Z,TROT,2140,0.0,nan
--headless --device cpu --reps 5 --foot-comp on --heading heading-only --params skill.STEP_WALK_MAX skill.STEP_TROT_MAX --swing-lift 0 --results-csv outputs/swing_lift_steps.csv,6,step_up,1,3.672681357198687,on,6,5,0.26,30,skill.STEP_TROT_MAX,step_up_0p26,0,1,2026-08-29T15:37:51Z,TROT,2140,0.0,nan
--headless --device cpu --reps 5 --foot-comp on --heading heading-only --params skill.STEP_WALK_MAX skill.STEP_TROT_MAX --swing-lift 0 --results-csv outputs/swing_lift_steps.csv,6,step_up,1,3.7350268080674494,on,6,5,0.28,30,skill.STEP_TROT_MAX,step_up_0p28,0,1,2026-08-29T15:37:51Z,TROT,2140,0.0,nan
--headless --device cpu --reps 5 --foot-comp on --heading heading-only --params skill.STEP_WALK_MAX skill.STEP_TROT_MAX --swing-lift 0 --results-csv outputs/swing_lift_steps.csv,6,step_up,1,3.665561583293197,on,6,5,0.3,30,skill.STEP_TROT_MAX,step_up_0p30,0,1,2026-08-29T15:37:51Z,TROT,2140,0.0,nan
--headless --device cpu --reps 5 --foot-comp on --heading heading-only --params skill.STEP_WALK_MAX skill.STEP_TROT_MAX --swing-lift 0 --results-csv outputs/swing_lift_steps.csv,15,step_up,1,2.4499111529291526,on,6,5,0.02,30,skill.STEP_WALK_MAX,step_up_0p02,1,2,2026-08-29T15:37:51Z,WALK,2132,0.0,16.54
--headless --device cpu --reps 5 --foot-comp on --heading heading-only --params skill.STEP_WALK_MAX skill.STEP_TROT_MAX --swing-lift 0 --results-csv outputs/swing_lift_steps.csv,15,step_up,1,1.2828890468804606,on,6,5,0.04,30,skill.STEP_WALK_MAX,step_up_0p04,0,2,2026-08-29T15:37:51Z,WALK,2132,0.0,nan
--headless --device cpu --reps 5 --foot-comp on --heading heading-only --params skill.STEP_WALK_MAX skill.STEP_TROT_MAX --swing-lift 0 --results-csv outputs/swing_lift_steps.csv,15,step_up,1,1.381152628182402,on,6,5,0.06,30,skill.STEP_WALK_MAX,step_up_0p06,0,2,2026-08-29T15:37:51Z,WALK,2132,0.0,nan
--headless --device cpu --reps 5 --foot-comp on --heading heading-only --params skill.STEP_WALK_MAX skill.STEP_TROT_MAX --swing-lift 0 --results-csv outputs/swing_lift_steps.csv,15,step_up,1,1.613980525722588,on,6,5,0.08,30,skill.STEP_WALK_MAX,step_up_0p08,0,2,2026-08-29T15:37:51Z,WALK,2132,0.0,nan
--headless --device cpu --reps 5 --foot-comp on --heading heading-only --params skill.STEP_WALK_MAX skill.STEP_TROT_MAX --swing-lift 0 --results-csv outputs/swing_lift_steps.csv,15,step_up,1,1.6766169958240815,on,6,5,0.1,30,skill.STEP_WALK_MAX,step_up_0p10,0,2,2026-08-29T15:37:51Z,WALK,2132,0.0,nan
--headless --device cpu --reps 5 --foot-comp on --heading heading-only --params skill.STEP_WALK_MAX skill.STEP_TROT_MAX --swing-lift 0 --results-csv outputs/swing_lift_steps.csv,15,step_up,1,1.7097946919351903,on,6,5,0.12,30,skill.STEP_WALK_MAX,step_up_0p12,0,2,2026-08-29T15:37:51Z,WALK,2132,0.0,nan
--headless --device cpu --reps 5 --foot-comp on --heading heading-only --params skill.STEP_WALK_MAX skill.STEP_TROT_MAX --swing-lift 0 --results-csv outputs/swing_lift_steps.csv,15,step_up,1,1.688022777817775,on,6,5,0.14,30,skill.STEP_WALK_MAX,step_up_0p14,0,2,2026-08-29T15:37:51Z,WALK,2132,0.0,nan
--headless --device cpu --reps 5 --foot-comp on --heading heading-only --params skill.STEP_WALK_MAX skill.STEP_TROT_MAX --swing-lift 0 --results-csv outputs/swing_lift_steps.csv,15,step_up,1,1.7350616628269941,on,6,5,0.16,30,skill.STEP_WALK_MAX,step_up_0p16,0,2,2026-08-29T15:37:51Z,WALK,2132,0.0,nan
--headless --device cpu --reps 5 --foot-comp on --heading heading-only --params skill.STEP_WALK_MAX skill.STEP_TROT_MAX --swing-lift 0 --results-csv outputs/swing_lift_steps.csv,15,step_up,1,1.7644719756971023,on,6,5,0.18,30,skill.STEP_WALK_MAX,step_up_0p18,0,2,2026-08-29T15:37:51Z,WALK,2132,0.0,nan
--headless --device cpu --reps 5 --foot-comp on --heading heading-only --params skill.STEP_WALK_MAX skill.STEP_TROT_MAX --swing-lift 0 --results-csv outputs/swing_lift_steps.csv,15,step_up,1,1.739669308805772,on,6,5,0.2,30,skill.STEP_WALK_MAX,step_up_0p20,0,2,2026-08-29T15:37:51Z,WALK,2132,0.0,nan
--headless --device cpu --reps 5 --foot-comp on --heading heading-only --params skill.STEP_WALK_MAX skill.STEP_TROT_MAX --swing-lift 0 --results-csv outputs/swing_lift_steps.csv,15,step_up,1,1.7848761370416308,on,6,5,0.22,30,skill.STEP_WALK_MAX,step_up_0p22,0,2,2026-08-29T15:37:51Z,WALK,2132,0.0,nan
--headless --device cpu --reps 5 --foot-comp on --heading heading-only --params skill.STEP_WALK_MAX skill.STEP_TROT_MAX --swing-lift 0 --results-csv outputs/swing_lift_steps.csv,15,step_up,1,1.7600802504598643,on,6,5,0.24,30,skill.STEP_WALK_MAX,step_up_0p24,0,2,2026-08-29T15:37:51Z,WALK,2132,0.0,nan
--headless --device cpu --reps 5 --foot-comp on --heading heading-only --params skill.STEP_WALK_MAX skill.STEP_TROT_MAX --swing-lift 0 --results-csv outputs/swing_lift_steps.csv,15,step_up,1,1.8462144430177452,on,6,5,0.26,30,skill.STEP_WALK_MAX,step_up_0p26,0,2,2026-08-29T15:37:51Z,WALK,2132,0.0,nan
--headless --device cpu --reps 5 --foot-comp on --heading heading-only --params skill.STEP_WALK_MAX skill.STEP_TROT_MAX --swing-lift 0 --results-csv outputs/swing_lift_steps.csv,15,step_up,1,1.7274898432299397,on,6,5,0.28,30,skill.STEP_WALK_MAX,step_up_0p28,0,2,2026-08-29T15:37:51Z,WALK,2132,0.0,nan
--headless --device cpu --reps 5 --foot-comp on --heading heading-only --params skill.STEP_WALK_MAX skill.STEP_TROT_MAX --swing-lift 0 --results-csv outputs/swing_lift_steps.csv,15,step_up,1,2.7133331995730723,on,6,5,0.3,30,skill.STEP_WALK_MAX,step_up_0p30,0,2,2026-08-29T15:37:51Z,WALK,2132,0.0,nan
--headless --device cpu --reps 5 --foot-comp on --heading heading-only --params skill.STEP_WALK_MAX skill.STEP_TROT_MAX --swing-lift 0 --results-csv outputs/swing_lift_steps.csv,13,step_up,1,4.124613248042197,on,6,5,0.02,30,skill.STEP_TROT_MAX,step_up_0p02,0,2,2026-08-29T15:37:51Z,TROT,2132,0.0,nan
--headless --device cpu --reps 5 --foot-comp on --heading heading-only --params skill.STEP_WALK_MAX skill.STEP_TROT_MAX --swing-lift 0 --results-csv outputs/swing_lift_steps.csv,13,step_up,1,4.38703047277469,on,6,5,0.04,30,skill.STEP_TROT_MAX,step_up_0p04,0,2,2026-08-29T15:37:51Z,TROT,2132,0.0,nan
--headless --device cpu --reps 5 --foot-comp on --heading heading-only --params skill.STEP_WALK_MAX skill.STEP_TROT_MAX --swing-lift 0 --results-csv outputs/swing_lift_steps.csv,13,step_up,1,4.03699034019882,on,6,5,0.06,30,skill.STEP_TROT_MAX,step_up_0p06,0,2,2026-08-29T15:37:51Z,TROT,2132,0.0,nan
--headless --device cpu --reps 5 --foot-comp on --heading heading-only --params skill.STEP_WALK_MAX skill.STEP_TROT_MAX --swing-lift 0 --results-csv outputs/swing_lift_steps.csv,13,step_up,1,4.094388921857605,on,6,5,0.08,30,skill.STEP_TROT_MAX,step_up_0p08,0,2,2026-08-29T15:37:51Z,TROT,2132,0.0,nan
--headless --device cpu --reps 5 --foot-comp on --heading heading-only --params skill.STEP_WALK_MAX skill.STEP_TROT_MAX --swing-lift 0 --results-csv outputs/swing_lift_steps.csv,13,step_up,1,4.041060776214331,on,6,5,0.1,30,skill.STEP_TROT_MAX,step_up_0p10,0,2,2026-08-29T15:37:51Z,TROT,2132,0.0,nan
--headless --device cpu --reps 5 --foot-comp on --heading heading-only --params skill.STEP_WALK_MAX skill.STEP_TROT_MAX --swing-lift 0 --results-csv outputs/swing_lift_steps.csv,13,step_up,1,4.416936961501794,on,6,5,0.12,30,skill.STEP_TROT_MAX,step_up_0p12,0,2,2026-08-29T15:37:51Z,TROT,2132,0.0,nan
--headless --device cpu --reps 5 --foot-comp on --heading heading-only --params skill.STEP_WALK_MAX skill.STEP_TROT_MAX --swing-lift 0 --results-csv outputs/swing_lift_steps.csv,13,step_up,1,4.207032401085977,on,6,5,0.14,30,skill.STEP_TROT_MAX,step_up_0p14,0,2,2026-08-29T15:37:51Z,TROT,2132,0.0,nan
--headless --device cpu --reps 5 --foot-comp on --heading heading-only --params skill.STEP_WALK_MAX skill.STEP_TROT_MAX --swing-lift 0 --results-csv outputs/swing_lift_steps.csv,13,step_up,1,4.412998271761499,on,6,5,0.16,30,skill.STEP_TROT_MAX,step_up_0p16,0,2,2026-08-29T15:37:51Z,TROT,2132,0.0,nan
--headless --device cpu --reps 5 --foot-comp on --heading heading-only --params skill.STEP_WALK_MAX skill.STEP_TROT_MAX --swing-lift 0 --results-csv outputs/swing_lift_steps.csv,13,step_up,1,4.37940642997518,on,6,5,0.18,30,skill.STEP_TROT_MAX,step_up_0p18,0,2,2026-08-29T15:37:51Z,TROT,2132,0.0,nan
--headless --device cpu --reps 5 --foot-comp on --heading heading-only --params skill.STEP_WALK_MAX skill.STEP_TROT_MAX --swing-lift 0 --results-csv outputs/swing_lift_steps.csv,13,step_up,1,2.8816401065654533,on,6,5,0.2,30,skill.STEP_TROT_MAX,step_up_0p20,0,2,2026-08-29T15:37:51Z,TROT,2132,0.0,nan
--headless --device cpu --reps 5 --foot-comp on --heading heading-only --params skill.STEP_WALK_MAX skill.STEP_TROT_MAX --swing-lift 0 --results-csv outputs/swing_lift_steps.csv,13,step_up,1,4.404820397210415,on,6,5,0.22,30,skill.STEP_TROT_MAX,step_up_0p22,0,2,2026-08-29T15:37:51Z,TROT,2132,0.0,nan
--headless --device cpu --reps 5 --foot-comp on --heading heading-only --params skill.STEP_WALK_MAX skill.STEP_TROT_MAX --swing-lift 0 --results-csv outputs/swing_lift_steps.csv,13,step_up,1,4.095856644958244,on,6,5,0.24,30,skill.STEP_TROT_MAX,step_up_0p24,0,2,2026-08-29T15:37:51Z,TROT,2132,0.0,nan
--headless --device cpu --reps 5 --foot-comp on --heading heading-only --params skill.STEP_WALK_MAX skill.STEP_TROT_MAX --swing-lift 0 --results-csv outputs/swing_lift_steps.csv,13,step_up,1,4.1322119112695495,on,6,5,0.26,30,skill.STEP_TROT_MAX,step_up_0p26,0,2,2026-08-29T15:37:51Z,TROT,2132,0.0,nan
--headless --device cpu --reps 5 --foot-comp on --heading heading-only --params skill.STEP_WALK_MAX skill.STEP_TROT_MAX --swing-lift 0 --results-csv outputs/swing_lift_steps.csv,13,step_up,1,3.805993283666861,on,6,5,0.28,30,skill.STEP_TROT_MAX,step_up_0p28,0,2,2026-08-29T15:37:51Z,TROT,2132,0.0,nan
--headless --device cpu --reps 5 --foot-comp on --heading heading-only --params skill.STEP_WALK_MAX skill.STEP_TROT_MAX --swing-lift 0 --results-csv outputs/swing_lift_steps.csv,13,step_up,1,4.134294252491145,on,6,5,0.3,30,skill.STEP_TROT_MAX,step_up_0p30,0,2,2026-08-29T15:37:51Z,TROT,2132,0.0,nan
--headless --device cpu --reps 5 --foot-comp on --heading heading-only --params skill.STEP_WALK_MAX skill.STEP_TROT_MAX --swing-lift 0 --results-csv outputs/swing_lift_steps.csv,22,step_up,1,14.530524585409516,on,6,5,0.02,30,skill.STEP_WALK_MAX,step_up_0p02,1,3,2026-08-29T15:37:51Z,WALK,2140,0.0,17.18
--headless --device cpu --reps 5 --foot-comp on --heading heading-only --params skill.STEP_WALK_MAX skill.STEP_TROT_MAX --swing-lift 0 --results-csv outputs/swing_lift_steps.csv,22,step_up,1,8.831426762723657,on,6,5,0.04,30,skill.STEP_WALK_MAX,step_up_0p04,0,3,2026-08-29T15:37:51Z,WALK,2140,0.0,nan
--headless --device cpu --reps 5 --foot-comp on --heading heading-only --params skill.STEP_WALK_MAX skill.STEP_TROT_MAX --swing-lift 0 --results-csv outputs/swing_lift_steps.csv,22,step_up,1,1.5084758929490416,on,6,5,0.06,30,skill.STEP_WALK_MAX,step_up_0p06,0,3,2026-08-29T15:37:51Z,WALK,2140,0.0,nan
--headless --device cpu --reps 5 --foot-comp on --heading heading-only --params skill.STEP_WALK_MAX skill.STEP_TROT_MAX --swing-lift 0 --results-csv outputs/swing_lift_steps.csv,22,step_up,1,1.5431385066232561,on,6,5,0.08,30,skill.STEP_WALK_MAX,step_up_0p08,0,3,2026-08-29T15:37:51Z,WALK,2140,0.0,nan
--headless --device cpu --reps 5 --foot-comp on --heading heading-only --params skill.STEP_WALK_MAX skill.STEP_TROT_MAX --swing-lift 0 --results-csv outputs/swing_lift_steps.csv,22,step_up,1,1.5879742562266577,on,6,5,0.1,30,skill.STEP_WALK_MAX,step_up_0p10,0,3,2026-08-29T15:37:51Z,WALK,2140,0.0,nan
--headless --device cpu --reps 5 --foot-comp on --heading heading-only --params skill.STEP_WALK_MAX skill.STEP_TROT_MAX --swing-lift 0 --results-csv outputs/swing_lift_steps.csv,22,step_up,1,1.6190675917467223,on,6,5,0.12,30,skill.STEP_WALK_MAX,step_up_0p12,0,3,2026-08-29T15:37:51Z,WALK,2140,0.0,nan
--headless --device cpu --reps 5 --foot-comp on --heading heading-only --params skill.STEP_WALK_MAX skill.STEP_TROT_MAX --swing-lift 0 --results-csv outputs/swing_lift_steps.csv,22,step_up,1,1.6913975789961644,on,6,5,0.14,30,skill.STEP_WALK_MAX,step_up_0p14,0,3,2026-08-29T15:37:51Z,WALK,2140,0.0,nan
--headless --device cpu --reps 5 --foot-comp on --heading heading-only --params skill.STEP_WALK_MAX skill.STEP_TROT_MAX --swing-lift 0 --results-csv outputs/swing_lift_steps.csv,22,step_up,1,1.6545600888269503,on,6,5,0.16,30,skill.STEP_WALK_MAX,step_up_0p16,0,3,2026-08-29T15:37:51Z,WALK,2140,0.0,nan
--headless --device cpu --reps 5 --foot-comp on --heading heading-only --params skill.STEP_WALK_MAX skill.STEP_TROT_MAX --swing-lift 0 --results-csv outputs/swing_lift_steps.csv,22,step_up,1,1.703716314428971,on,6,5,0.18,30,skill.STEP_WALK_MAX,step_up_0p18,0,3,2026-08-29T15:37:51Z,WALK,2140,0.0,nan
--headless --device cpu --reps 5 --foot-comp on --heading heading-only --params skill.STEP_WALK_MAX skill.STEP_TROT_MAX --swing-lift 0 --results-csv outputs/swing_lift_steps.csv,22,step_up,1,1.6991272360631904,on,6,5,0.2,30,skill.STEP_WALK_MAX,step_up_0p20,0,3,2026-08-29T15:37:51Z,WALK,2140,0.0,nan
--headless --device cpu --reps 5 --foot-comp on --heading heading-only --params skill.STEP_WALK_MAX skill.STEP_TROT_MAX --swing-lift 0 --results-csv outputs/swing_lift_steps.csv,22,step_up,1,1.6443560292075858,on,6,5,0.22,30,skill.STEP_WALK_MAX,step_up_0p22,0,3,2026-08-29T15:37:51Z,WALK,2140,0.0,nan
--headless --device cpu --reps 5 --foot-comp on --heading heading-only --params skill.STEP_WALK_MAX skill.STEP_TROT_MAX --swing-lift 0 --results-csv outputs/swing_lift_steps.csv,22,step_up,1,1.7994739005744897,on,6,5,0.24,30,skill.STEP_WALK_MAX,step_up_0p24,0,3,2026-08-29T15:37:51Z,WALK,2140,0.0,nan
--headless --device cpu --reps 5 --foot-comp on --heading heading-only --params skill.STEP_WALK_MAX skill.STEP_TROT_MAX --swing-lift 0 --results-csv outputs/swing_lift_steps.csv,22,step_up,1,1.8104802410052914,on,6,5,0.26,30,skill.STEP_WALK_MAX,step_up_0p26,0,3,2026-08-29T15:37:51Z,WALK,2140,0.0,nan
--headless --device cpu --reps 5 --foot-comp on --heading heading-only --params skill.STEP_WALK_MAX skill.STEP_TROT_MAX --swing-lift 0 --results-csv outputs/swing_lift_steps.csv,22,step_up,1,9.701508920130914,on,6,5,0.28,30,skill.STEP_WALK_MAX,step_up_0p28,0,3,2026-08-29T15:37:51Z,WALK,2140,0.0,nan
--headless --device cpu --reps 5 --foot-comp on --heading heading-only --params skill.STEP_WALK_MAX skill.STEP_TROT_MAX --swing-lift 0 --results-csv outputs/swing_lift_steps.csv,22,step_up,0,1.351416853604246,on,6,5,0.3,30,skill.STEP_WALK_MAX,step_up_0p30,0,3,2026-08-29T15:37:51Z,WALK,2140,0.0,nan
--headless --device cpu --reps 5 --foot-comp on --heading heading-only --params skill.STEP_WALK_MAX skill.STEP_TROT_MAX --swing-lift 0 --results-csv outputs/swing_lift_steps.csv,19,step_up,1,4.258493003301442,on,6,5,0.02,30,skill.STEP_TROT_MAX,step_up_0p02,0,3,2026-08-29T15:37:51Z,TROT,2140,0.0,nan
--headless --device cpu --reps 5 --foot-comp on --heading heading-only --params skill.STEP_WALK_MAX skill.STEP_TROT_MAX --swing-lift 0 --results-csv outputs/swing_lift_steps.csv,19,step_up,1,4.252557363931026,on,6,5,0.04,30,skill.STEP_TROT_MAX,step_up_0p04,0,3,2026-08-29T15:37:51Z,TROT,2140,0.0,nan
--headless --device cpu --reps 5 --foot-comp on --heading heading-only --params skill.STEP_WALK_MAX skill.STEP_TROT_MAX --swing-lift 0 --results-csv outputs/swing_lift_steps.csv,19,step_up,1,4.281148344601078,on,6,5,0.06,30,skill.STEP_TROT_MAX,step_up_0p06,0,3,2026-08-29T15:37:51Z,TROT,2140,0.0,nan
--headless --device cpu --reps 5 --foot-comp on --heading heading-only --params skill.STEP_WALK_MAX skill.STEP_TROT_MAX --swing-lift 0 --results-csv outputs/swing_lift_steps.csv,19,step_up,1,4.282603761108473,on,6,5,0.08,30,skill.STEP_TROT_MAX,step_up_0p08,0,3,2026-08-29T15:37:51Z,TROT,2140,0.0,nan
--headless --device cpu --reps 5 --foot-comp on --heading heading-only --params skill.STEP_WALK_MAX skill.STEP_TROT_MAX --swing-lift 0 --results-csv outputs/swing_lift_steps.csv,19,step_up,1,4.271709989062577,on,6,5,0.1,30,skill.STEP_TROT_MAX,step_up_0p10,0,3,2026-08-29T15:37:51Z,TROT,2140,0.0,nan
--headless --device cpu --reps 5 --foot-comp on --heading heading-only --params skill.STEP_WALK_MAX skill.STEP_TROT_MAX --swing-lift 0 --results-csv outputs/swing_lift_steps.csv,19,step_up,1,4.263453264352787,on,6,5,0.12,30,skill.STEP_TROT_MAX,step_up_0p12,0,3,2026-08-29T15:37:51Z,TROT,2140,0.0,nan
--headless --device cpu --reps 5 --foot-comp on --heading heading-only --params skill.STEP_WALK_MAX skill.STEP_TROT_MAX --swing-lift 0 --results-csv outputs/swing_lift_steps.csv,19,step_up,1,4.2509687149088915,on,6,5,0.14,30,skill.STEP_TROT_MAX,step_up_0p14,0,3,2026-08-29T15:37:51Z,TROT,2140,0.0,nan
--headless --device cpu --reps 5 --foot-comp on --heading heading-only --params skill.STEP_WALK_MAX skill.STEP_TROT_MAX --swing-lift 0 --results-csv outputs/swing_lift_steps.csv,19,step_up,1,4.261535524628853,on,6,5,0.16,30,skill.STEP_TROT_MAX,step_up_0p16,0,3,2026-08-29T15:37:51Z,TROT,2140,0.0,nan
--headless --device cpu --reps 5 --foot-comp on --heading heading-only --params skill.STEP_WALK_MAX skill.STEP_TROT_MAX --swing-lift 0 --results-csv outputs/swing_lift_steps.csv,19,step_up,1,4.263720818937709,on,6,5,0.18,30,skill.STEP_TROT_MAX,step_up_0p18,0,3,2026-08-29T15:37:51Z,TROT,2140,0.0,nan
--headless --device cpu --reps 5 --foot-comp on --heading heading-only --params skill.STEP_WALK_MAX skill.STEP_TROT_MAX --swing-lift 0 --results-csv outputs/swing_lift_steps.csv,19,step_up,1,4.2982486375346785,on,6,5,0.2,30,skill.STEP_TROT_MAX,step_up_0p20,0,3,2026-08-29T15:37:51Z,TROT,2140,0.0,nan
--headless --device cpu --reps 5 --foot-comp on --heading heading-only --params skill.STEP_WALK_MAX skill.STEP_TROT_MAX --swing-lift 0 --results-csv outputs/swing_lift_steps.csv,19,step_up,1,4.302510074574765,on,6,5,0.22,30,skill.STEP_TROT_MAX,step_up_0p22,0,3,2026-08-29T15:37:51Z,TROT,2140,0.0,nan
--headless --device cpu --reps 5 --foot-comp on --heading heading-only --params skill.STEP_WALK_MAX skill.STEP_TROT_MAX --swing-lift 0 --results-csv outputs/swing_lift_steps.csv,19,step_up,1,4.254829596355109,on,6,5,0.24,30,skill.STEP_TROT_MAX,step_up_0p24,0,3,2026-08-29T15:37:51Z,TROT,2140,0.0,nan
--headless --device cpu --reps 5 --foot-comp on --heading heading-only --params skill.STEP_WALK_MAX skill.STEP_TROT_MAX --swing-lift 0 --results-csv outputs/swing_lift_steps.csv,19,step_up,1,4.263653116136059,on,6,5,0.26,30,skill.STEP_TROT_MAX,step_up_0p26,0,3,2026-08-29T15:37:51Z,TROT,2140,0.0,nan
--headless --device cpu --reps 5 --foot-comp on --heading heading-only --params skill.STEP_WALK_MAX skill.STEP_TROT_MAX --swing-lift 0 --results-csv outputs/swing_lift_steps.csv,19,step_up,1,4.258187211662557,on,6,5,0.28,30,skill.STEP_TROT_MAX,step_up_0p28,0,3,2026-08-29T15:37:51Z,TROT,2140,0.0,nan
--headless --device cpu --reps 5 --foot-comp on --heading heading-only --params skill.STEP_WALK_MAX skill.STEP_TROT_MAX --swing-lift 0 --results-csv outputs/swing_lift_steps.csv,19,step_up,1,4.247227284264456,on,6,5,0.3,30,skill.STEP_TROT_MAX,step_up_0p30,0,3,2026-08-29T15:37:51Z,TROT,2140,0.0,nan
--headless --device cpu --reps 5 --foot-comp on --heading heading-only --params skill.STEP_WALK_MAX skill.STEP_TROT_MAX --swing-lift 0 --results-csv outputs/swing_lift_steps.csv,30,step_up,1,1.5168476840710172,on,6,5,0.02,30,skill.STEP_WALK_MAX,step_up_0p02,0,4,2026-08-29T15:37:51Z,WALK,2140,0.0,nan
--headless --device cpu --reps 5 --foot-comp on --heading heading-only --params skill.STEP_WALK_MAX skill.STEP_TROT_MAX --swing-lift 0 --results-csv outputs/swing_lift_steps.csv,30,step_up,1,2.6085710282343646,on,6,5,0.04,30,skill.STEP_WALK_MAX,step_up_0p04,0,4,2026-08-29T15:37:51Z,WALK,2140,0.0,nan
--headless --device cpu --reps 5 --foot-comp on --heading heading-only --params skill.STEP_WALK_MAX skill.STEP_TROT_MAX --swing-lift 0 --results-csv outputs/swing_lift_steps.csv,30,step_up,1,1.7036294211249423,on,6,5,0.06,30,skill.STEP_WALK_MAX,step_up_0p06,0,4,2026-08-29T15:37:51Z,WALK,2140,0.0,nan
--headless --device cpu --reps 5 --foot-comp on --heading heading-only --params skill.STEP_WALK_MAX skill.STEP_TROT_MAX --swing-lift 0 --results-csv outputs/swing_lift_steps.csv,30,step_up,1,1.61472363956074,on,6,5,0.08,30,skill.STEP_WALK_MAX,step_up_0p08,0,4,2026-08-29T15:37:51Z,WALK,2140,0.0,nan
--headless --device cpu --reps 5 --foot-comp on --heading heading-only --params skill.STEP_WALK_MAX skill.STEP_TROT_MAX --swing-lift 0 --results-csv outputs/swing_lift_steps.csv,30,step_up,1,1.730979347097712,on,6,5,0.1,30,skill.STEP_WALK_MAX,step_up_0p10,0,4,2026-08-29T15:37:51Z,WALK,2140,0.0,nan
--headless --device cpu --reps 5 --foot-comp on --heading heading-only --params skill.STEP_WALK_MAX skill.STEP_TROT_MAX --swing-lift 0 --results-csv outputs/swing_lift_steps.csv,30,step_up,1,1.6375849565458953,on,6,5,0.12,30,skill.STEP_WALK_MAX,step_up_0p12,0,4,2026-08-29T15:37:51Z,WALK,2140,0.0,nan
--headless --device cpu --reps 5 --foot-comp on --heading heading-only --params skill.STEP_WALK_MAX skill.STEP_TROT_MAX --swing-lift 0 --results-csv outputs/swing_lift_steps.csv,30,step_up,1,1.6116857707946115,on,6,5,0.14,30,skill.STEP_WALK_MAX,step_up_0p14,0,4,2026-08-29T15:37:51Z,WALK,2140,0.0,nan
--headless --device cpu --reps 5 --foot-comp on --heading heading-only --params skill.STEP_WALK_MAX skill.STEP_TROT_MAX --swing-lift 0 --results-csv outputs/swing_lift_steps.csv,30,step_up,1,1.7240491333321089,on,6,5,0.16,30,skill.STEP_WALK_MAX,step_up_0p16,0,4,2026-08-29T15:37:51Z,WALK,2140,0.0,nan
--headless --device cpu --reps 5 --foot-comp on --heading heading-only --params skill.STEP_WALK_MAX skill.STEP_TROT_MAX --swing-lift 0 --results-csv outputs/swing_lift_steps.csv,30,step_up,1,1.6751176953988292,on,6,5,0.18,30,skill.STEP_WALK_MAX,step_up_0p18,0,4,2026-08-29T15:37:51Z,WALK,2140,0.0,nan
--headless --device cpu --reps 5 --foot-comp on --heading heading-only --params skill.STEP_WALK_MAX skill.STEP_TROT_MAX --swing-lift 0 --results-csv outputs/swing_lift_steps.csv,30,step_up,1,1.701414379743993,on,6,5,0.2,30,skill.STEP_WALK_MAX,step_up_0p20,0,4,2026-08-29T15:37:51Z,WALK,2140,0.0,nan
--headless --device cpu --reps 5 --foot-comp on --heading heading-only --params skill.STEP_WALK_MAX skill.STEP_TROT_MAX --swing-lift 0 --results-csv outputs/swing_lift_steps.csv,30,step_up,1,1.6579797533986063,on,6,5,0.22,30,skill.STEP_WALK_MAX,step_up_0p22,0,4,2026-08-29T15:37:51Z,WALK,2140,0.0,nan
--headless --device cpu --reps 5 --foot-comp on --heading heading-only --params skill.STEP_WALK_MAX skill.STEP_TROT_MAX --swing-lift 0 --results-csv outputs/swing_lift_steps.csv,30,step_up,1,1.8414063578113522,on,6,5,0.24,30,skill.STEP_WALK_MAX,step_up_0p24,0,4,2026-08-29T15:37:51Z,WALK,2140,0.0,nan
--headless --device cpu --reps 5 --foot-comp on --heading heading-only --params skill.STEP_WALK_MAX skill.STEP_TROT_MAX --swing-lift 0 --results-csv outputs/swing_lift_steps.csv,30,step_up,0,1.613576973271346,on,6,5,0.26,30,skill.STEP_WALK_MAX,step_up_0p26,0,4,2026-08-29T15:37:51Z,WALK,2140,0.0,nan
--headless --device cpu --reps 5 --foot-comp on --heading heading-only --params skill.STEP_WALK_MAX skill.STEP_TROT_MAX --swing-lift 0 --results-csv outputs/swing_lift_steps.csv,30,step_up,1,1.8650337840318378,on,6,5,0.28,30,skill.STEP_WALK_MAX,step_up_0p28,0,4,2026-08-29T15:37:51Z,WALK,2140,0.0,nan
--headless --device cpu --reps 5 --foot-comp on --heading heading-only --params skill.STEP_WALK_MAX skill.STEP_TROT_MAX --swing-lift 0 --results-csv outputs/swing_lift_steps.csv,30,step_up,1,1.9088825159306404,on,6,5,0.3,30,skill.STEP_WALK_MAX,step_up_0p30,0,4,2026-08-29T15:37:51Z,WALK,2140,0.0,nan
--headless --device cpu --reps 5 --foot-comp on --heading heading-only --params skill.STEP_WALK_MAX skill.STEP_TROT_MAX --swing-lift 0 --results-csv outputs/swing_lift_steps.csv,26,step_up,1,4.375131616790406,on,6,5,0.02,30,skill.STEP_TROT_MAX,step_up_0p02,0,4,2026-08-29T15:37:51Z,TROT,2140,0.0,nan
--headless --device cpu --reps 5 --foot-comp on --heading heading-only --params skill.STEP_WALK_MAX skill.STEP_TROT_MAX --swing-lift 0 --results-csv outputs/swing_lift_steps.csv,26,step_up,1,4.375199043291841,on,6,5,0.04,30,skill.STEP_TROT_MAX,step_up_0p04,0,4,2026-08-29T15:37:51Z,TROT,2140,0.0,nan
--headless --device cpu --reps 5 --foot-comp on --heading heading-only --params skill.STEP_WALK_MAX skill.STEP_TROT_MAX --swing-lift 0 --results-csv outputs/swing_lift_steps.csv,26,step_up,1,4.361174399214762,on,6,5,0.06,30,skill.STEP_TROT_MAX,step_up_0p06,0,4,2026-08-29T15:37:51Z,TROT,2140,0.0,nan
--headless --device cpu --reps 5 --foot-comp on --heading heading-only --params skill.STEP_WALK_MAX skill.STEP_TROT_MAX --swing-lift 0 --results-csv outputs/swing_lift_steps.csv,26,step_up,1,4.3945503395941685,on,6,5,0.08,30,skill.STEP_TROT_MAX,step_up_0p08,0,4,2026-08-29T15:37:51Z,TROT,2140,0.0,nan
--headless --device cpu --reps 5 --foot-comp on --heading heading-only --params skill.STEP_WALK_MAX skill.STEP_TROT_MAX --swing-lift 0 --results-csv outputs/swing_lift_steps.csv,26,step_up,1,4.389829111214673,on,6,5,0.1,30,skill.STEP_TROT_MAX,step_up_0p10,0,4,2026-08-29T15:37:51Z,TROT,2140,0.0,nan
--headless --device cpu --reps 5 --foot-comp on --heading heading-only --params skill.STEP_WALK_MAX skill.STEP_TROT_MAX --swing-lift 0 --results-csv outputs/swing_lift_steps.csv,26,step_up,1,4.378329830294309,on,6,5,0.12,30,skill.STEP_TROT_MAX,step_up_0p12,0,4,2026-08-29T15:37:51Z,TROT,2140,0.0,nan
--headless --device cpu --reps 5 --foot-comp on --heading heading-only --params skill.STEP_WALK_MAX skill.STEP_TROT_MAX --swing-lift 0 --results-csv outputs/swing_lift_steps.csv,26,step_up,1,4.373561142052659,on,6,5,0.14,30,skill.STEP_TROT_MAX,step_up_0p14,0,4,2026-08-29T15:37:51Z,TROT,2140,0.0,nan
--headless --device cpu --reps 5 --foot-comp on --heading heading-only --params skill.STEP_WALK_MAX skill.STEP_TROT_MAX --swing-lift 0 --results-csv outputs/swing_lift_steps.csv,26,step_up,1,4.372482493050651,on,6,5,0.16,30,skill.STEP_TROT_MAX,step_up_0p16,0,4,2026-08-29T15:37:51Z,TROT,2140,0.0,nan
--headless --device cpu --reps 5 --foot-comp on --heading heading-only --params skill.STEP_WALK_MAX skill.STEP_TROT_MAX --swing-lift 0 --results-csv outputs/swing_lift_steps.csv,26,step_up,1,4.358285390097065,on,6,5,0.18,30,skill.STEP_TROT_MAX,step_up_0p18,0,4,2026-08-29T15:37:51Z,TROT,2140,0.0,nan
--headless --device cpu --reps 5 --foot-comp on --heading heading-only --params skill.STEP_WALK_MAX skill.STEP_TROT_MAX --swing-lift 0 --results-csv outputs/swing_lift_steps.csv,26,step_up,1,4.412793997606227,on,6,5,0.2,30,skill.STEP_TROT_MAX,step_up_0p20,0,4,2026-08-29T15:37:51Z,TROT,2140,0.0,nan
--headless --device cpu --reps 5 --foot-comp on --heading heading-only --params skill.STEP_WALK_MAX skill.STEP_TROT_MAX --swing-lift 0 --results-csv outputs/swing_lift_steps.csv,26,step_up,1,4.410072116600462,on,6,5,0.22,30,skill.STEP_TROT_MAX,step_up_0p22,0,4,2026-08-29T15:37:51Z,TROT,2140,0.0,nan
--headless --device cpu --reps 5 --foot-comp on --heading heading-only --params skill.STEP_WALK_MAX skill.STEP_TROT_MAX --swing-lift 0 --results-csv outputs/swing_lift_steps.csv,26,step_up,1,4.396454026924582,on,6,5,0.24,30,skill.STEP_TROT_MAX,step_up_0p24,0,4,2026-08-29T15:37:51Z,TROT,2140,0.0,nan
--headless --device cpu --reps 5 --foot-comp on --heading heading-only --params skill.STEP_WALK_MAX skill.STEP_TROT_MAX --swing-lift 0 --results-csv outputs/swing_lift_steps.csv,26,step_up,1,4.3902790937338025,on,6,5,0.26,30,skill.STEP_TROT_MAX,step_up_0p26,0,4,2026-08-29T15:37:51Z,TROT,2140,0.0,nan
--headless --device cpu --reps 5 --foot-comp on --heading heading-only --params skill.STEP_WALK_MAX skill.STEP_TROT_MAX --swing-lift 0 --results-csv outputs/swing_lift_steps.csv,26,step_up,1,4.3746273047065545,on,6,5,0.28,30,skill.STEP_TROT_MAX,step_up_0p28,0,4,2026-08-29T15:37:51Z,TROT,2140,0.0,nan
--headless --device cpu --reps 5 --foot-comp on --heading heading-only --params skill.STEP_WALK_MAX skill.STEP_TROT_MAX --swing-lift 0 --results-csv outputs/swing_lift_steps.csv,26,step_up,1,4.3856345537752865,on,6,5,0.3,30,skill.STEP_TROT_MAX,step_up_0p30,0,4,2026-08-29T15:37:51Z,TROT,2140,0.0,nan
--headless --device cpu --reps 5 --foot-comp on --heading heading-only --params skill.STEP_WALK_MAX skill.STEP_TROT_MAX --swing-lift 20 --results-csv outputs/swing_lift_steps.csv,0,step_up,1,5.4796366278268644,on,6,5,0.02,30,skill.STEP_WALK_MAX,step_up_0p02,0,0,2026-08-29T15:41:01Z,WALK,2140,20.0,nan
--headless --device cpu --reps 5 --foot-comp on --heading heading-only --params skill.STEP_WALK_MAX skill.STEP_TROT_MAX --swing-lift 20 --results-csv outputs/swing_lift_steps.csv,0,step_up,1,2.292129647201587,on,6,5,0.04,30,skill.STEP_WALK_MAX,step_up_0p04,0,0,2026-08-29T15:41:01Z,WALK,2140,20.0,nan
--headless --device cpu --reps 5 --foot-comp on --heading heading-only --params skill.STEP_WALK_MAX skill.STEP_TROT_MAX --swing-lift 20 --results-csv outputs/swing_lift_steps.csv,0,step_up,1,47.93966458264887,on,6,5,0.06,30,skill.STEP_WALK_MAX,step_up_0p06,0,0,2026-08-29T15:41:01Z,WALK,2140,20.0,nan
--headless --device cpu --reps 5 --foot-comp on --heading heading-only --params skill.STEP_WALK_MAX skill.STEP_TROT_MAX --swing-lift 20 --results-csv outputs/swing_lift_steps.csv,0,step_up,1,2.3609881638281576,on,6,5,0.08,30,skill.STEP_WALK_MAX,step_up_0p08,0,0,2026-08-29T15:41:01Z,WALK,2140,20.0,nan
--headless --device cpu --reps 5 --foot-comp on --heading heading-only --params skill.STEP_WALK_MAX skill.STEP_TROT_MAX --swing-lift 20 --results-csv outputs/swing_lift_steps.csv,0,step_up,1,2.2669090105336727,on,6,5,0.1,30,skill.STEP_WALK_MAX,step_up_0p10,0,0,2026-08-29T15:41:01Z,WALK,2140,20.0,nan
--headless --device cpu --reps 5 --foot-comp on --heading heading-only --params skill.STEP_WALK_MAX skill.STEP_TROT_MAX --swing-lift 20 --results-csv outputs/swing_lift_steps.csv,0,step_up,1,16.96138368930259,on,6,5,0.12,30,skill.STEP_WALK_MAX,step_up_0p12,0,0,2026-08-29T15:41:01Z,WALK,2140,20.0,nan
--headless --device cpu --reps 5 --foot-comp on --heading heading-only --params skill.STEP_WALK_MAX skill.STEP_TROT_MAX --swing-lift 20 --results-csv outputs/swing_lift_steps.csv,0,step_up,1,6.523901489500953,on,6,5,0.14,30,skill.STEP_WALK_MAX,step_up_0p14,0,0,2026-08-29T15:41:01Z,WALK,2140,20.0,nan
--headless --device cpu --reps 5 --foot-comp on --heading heading-only --params skill.STEP_WALK_MAX skill.STEP_TROT_MAX --swing-lift 20 --results-csv outputs/swing_lift_steps.csv,0,step_up,1,2.3474908951303854,on,6,5,0.16,30,skill.STEP_WALK_MAX,step_up_0p16,0,0,2026-08-29T15:41:01Z,WALK,2140,20.0,nan
--headless --device cpu --reps 5 --foot-comp on --heading heading-only --params skill.STEP_WALK_MAX skill.STEP_TROT_MAX --swing-lift 20 --results-csv outputs/swing_lift_steps.csv,0,step_up,1,16.641857879669114,on,6,5,0.18,30,skill.STEP_WALK_MAX,step_up_0p18,0,0,2026-08-29T15:41:01Z,WALK,2140,20.0,nan
--headless --device cpu --reps 5 --foot-comp on --heading heading-only --params skill.STEP_WALK_MAX skill.STEP_TROT_MAX --swing-lift 20 --results-csv outputs/swing_lift_steps.csv,0,step_up,1,2.462807063196549,on,6,5,0.2,30,skill.STEP_WALK_MAX,step_up_0p20,0,0,2026-08-29T15:41:01Z,WALK,2140,20.0,nan
--headless --device cpu --reps 5 --foot-comp on --heading heading-only --params skill.STEP_WALK_MAX skill.STEP_TROT_MAX --swing-lift 20 --results-csv outputs/swing_lift_steps.csv,0,step_up,1,8.478397741319949,on,6,5,0.22,30,skill.STEP_WALK_MAX,step_up_0p22,0,0,2026-08-29T15:41:01Z,WALK,2140,20.0,nan
--headless --device cpu --reps 5 --foot-comp on --heading heading-only --params skill.STEP_WALK_MAX skill.STEP_TROT_MAX --swing-lift 20 --results-csv outputs/swing_lift_steps.csv,0,step_up,1,2.170007734569139,on,6,5,0.24,30,skill.STEP_WALK_MAX,step_up_0p24,0,0,2026-08-29T15:41:01Z,WALK,2140,20.0,nan
--headless --device cpu --reps 5 --foot-comp on --heading heading-only --params skill.STEP_WALK_MAX skill.STEP_TROT_MAX --swing-lift 20 --results-csv outputs/swing_lift_steps.csv,0,step_up,1,1.926600652571943,on,6,5,0.26,30,skill.STEP_WALK_MAX,step_up_0p26,0,0,2026-08-29T15:41:01Z,WALK,2140,20.0,nan
--headless --device cpu --reps 5 --foot-comp on --heading heading-only --params skill.STEP_WALK_MAX skill.STEP_TROT_MAX --swing-lift 20 --results-csv outputs/swing_lift_steps.csv,0,step_up,1,42.06298776303695,on,6,5,0.28,30,skill.STEP_WALK_MAX,step_up_0p28,0,0,2026-08-29T15:41:01Z,WALK,2140,20.0,nan
--headless --device cpu --reps 5 --foot-comp on --heading heading-only --params skill.STEP_WALK_MAX skill.STEP_TROT_MAX --swing-lift 20 --results-csv outputs/swing_lift_steps.csv,0,step_up,1,12.506909200622822,on,6,5,0.3,30,skill.STEP_WALK_MAX,step_up_0p30,0,0,2026-08-29T15:41:01Z,WALK,2140,20.0,nan
--headless --device cpu --reps 5 --foot-comp on --heading heading-only --params skill.STEP_WALK_MAX skill.STEP_TROT_MAX --swing-lift 20 --results-csv outputs/swing_lift_steps.csv,0,step_up,1,2.8980764317412935,on,6,5,0.02,30,skill.STEP_TROT_MAX,step_up_0p02,0,0,2026-08-29T15:41:01Z,TROT,2140,20.0,nan
--headless --device cpu --reps 5 --foot-comp on --heading heading-only --params skill.STEP_WALK_MAX skill.STEP_TROT_MAX --swing-lift 20 --results-csv outputs/swing_lift_steps.csv,0,step_up,1,2.865564291230084,on,6,5,0.04,30,skill.STEP_TROT_MAX,step_up_0p04,0,0,2026-08-29T15:41:01Z,TROT,2140,20.0,nan
--headless --device cpu --reps 5 --foot-comp on --heading heading-only --params skill.STEP_WALK_MAX skill.STEP_TROT_MAX --swing-lift 20 --results-csv outputs/swing_lift_steps.csv,0,step_up,1,2.9124083500980698,on,6,5,0.06,30,skill.STEP_TROT_MAX,step_up_0p06,0,0,2026-08-29T15:41:01Z,TROT,2140,20.0,nan
--headless --device cpu --reps 5 --foot-comp on --heading heading-only --params skill.STEP_WALK_MAX skill.STEP_TROT_MAX --swing-lift 20 --results-csv outputs/swing_lift_steps.csv,0,step_up,1,2.904601146438596,on,6,5,0.08,30,skill.STEP_TROT_MAX,step_up_0p08,0,0,2026-08-29T15:41:01Z,TROT,2140,20.0,nan
--headless --device cpu --reps 5 --foot-comp on --heading heading-only --params skill.STEP_WALK_MAX skill.STEP_TROT_MAX --swing-lift 20 --results-csv outputs/swing_lift_steps.csv,0,step_up,1,2.9132957327753184,on,6,5,0.1,30,skill.STEP_TROT_MAX,step_up_0p10,0,0,2026-08-29T15:41:01Z,TROT,2140,20.0,nan
--headless --device cpu --reps 5 --foot-comp on --heading heading-only --params skill.STEP_WALK_MAX skill.STEP_TROT_MAX --swing-lift 20 --results-csv outputs/swing_lift_steps.csv,0,step_up,1,2.874727004659438,on,6,5,0.12,30,skill.STEP_TROT_MAX,step_up_0p12,0,0,2026-08-29T15:41:01Z,TROT,2140,20.0,nan
--headless --device cpu --reps 5 --foot-comp on --heading heading-only --params skill.STEP_WALK_MAX skill.STEP_TROT_MAX --swing-lift 20 --results-csv outputs/swing_lift_steps.csv,0,step_up,0,2.5562764761408143,on,6,5,0.14,30,skill.STEP_TROT_MAX,step_up_0p14,0,0,2026-08-29T15:41:01Z,TROT,2140,20.0,nan
--headless --device cpu --reps 5 --foot-comp on --heading heading-only --params skill.STEP_WALK_MAX skill.STEP_TROT_MAX --swing-lift 20 --results-csv outputs/swing_lift_steps.csv,0,step_up,1,2.8685707356234413,on,6,5,0.16,30,skill.STEP_TROT_MAX,step_up_0p16,0,0,2026-08-29T15:41:01Z,TROT,2140,20.0,nan
--headless --device cpu --reps 5 --foot-comp on --heading heading-only --params skill.STEP_WALK_MAX skill.STEP_TROT_MAX --swing-lift 20 --results-csv outputs/swing_lift_steps.csv,0,step_up,1,2.895995989373633,on,6,5,0.18,30,skill.STEP_TROT_MAX,step_up_0p18,0,0,2026-08-29T15:41:01Z,TROT,2140,20.0,nan
--headless --device cpu --reps 5 --foot-comp on --heading heading-only --params skill.STEP_WALK_MAX skill.STEP_TROT_MAX --swing-lift 20 --results-csv outputs/swing_lift_steps.csv,0,step_up,1,2.9191784766605866,on,6,5,0.2,30,skill.STEP_TROT_MAX,step_up_0p20,0,0,2026-08-29T15:41:01Z,TROT,2140,20.0,nan
--headless --device cpu --reps 5 --foot-comp on --heading heading-only --params skill.STEP_WALK_MAX skill.STEP_TROT_MAX --swing-lift 20 --results-csv outputs/swing_lift_steps.csv,0,step_up,1,2.6520614324605503,on,6,5,0.22,30,skill.STEP_TROT_MAX,step_up_0p22,0,0,2026-08-29T15:41:01Z,TROT,2140,20.0,nan
--headless --device cpu --reps 5 --foot-comp on --heading heading-only --params skill.STEP_WALK_MAX skill.STEP_TROT_MAX --swing-lift 20 --results-csv outputs/swing_lift_steps.csv,0,step_up,1,2.7625115108980034,on,6,5,0.24,30,skill.STEP_TROT_MAX,step_up_0p24,0,0,2026-08-29T15:41:01Z,TROT,2140,20.0,nan
--headless --device cpu --reps 5 --foot-comp on --heading heading-only --params skill.STEP_WALK_MAX skill.STEP_TROT_MAX --swing-lift 20 --results-csv outputs/swing_lift_steps.csv,0,step_up,1,2.9498575836000844,on,6,5,0.26,30,skill.STEP_TROT_MAX,step_up_0p26,0,0,2026-08-29T15:41:01Z,TROT,2140,20.0,nan
--headless --device cpu --reps 5 --foot-comp on --heading heading-only --params skill.STEP_WALK_MAX skill.STEP_TROT_MAX --swing-lift 20 --results-csv outputs/swing_lift_steps.csv,0,step_up,1,2.896014117814183,on,6,5,0.28,30,skill.STEP_TROT_MAX,step_up_0p28,0,0,2026-08-29T15:41:01Z,TROT,2140,20.0,nan
--headless --device cpu --reps 5 --foot-comp on --heading heading-only --params skill.STEP_WALK_MAX skill.STEP_TROT_MAX --swing-lift 20 --results-csv outputs/swing_lift_steps.csv,0,step_up,1,2.811269032068785,on,6,5,0.3,30,skill.STEP_TROT_MAX,step_up_0p30,0,0,2026-08-29T15:41:01Z,TROT,2140,20.0,nan
--headless --device cpu --reps 5 --foot-comp on --heading heading-only --params skill.STEP_WALK_MAX skill.STEP_TROT_MAX --swing-lift 20 --results-csv outputs/swing_lift_steps.csv,7,step_up,1,9.461595945236022,on,6,5,0.02,30,skill.STEP_WALK_MAX,step_up_0p02,0,1,2026-08-29T15:41:01Z,WALK,1306,20.0,nan
--headless --device cpu --reps 5 --foot-comp on --heading heading-only --params skill.STEP_WALK_MAX skill.STEP_TROT_MAX --swing-lift 20 --results-csv outputs/swing_lift_steps.csv,7,step_up,1,7.07056731402945,on,6,5,0.04,30,skill.STEP_WALK_MAX,step_up_0p04,0,1,2026-08-29T15:41:01Z,WALK,1306,20.0,nan
--headless --device cpu --reps 5 --foot-comp on --heading heading-only --params skill.STEP_WALK_MAX skill.STEP_TROT_MAX --swing-lift 20 --results-csv outputs/swing_lift_steps.csv,7,step_up,1,8.747972196990847,on,6,5,0.06,30,skill.STEP_WALK_MAX,step_up_0p06,0,1,2026-08-29T15:41:01Z,WALK,1306,20.0,nan
--headless --device cpu --reps 5 --foot-comp on --heading heading-only --params skill.STEP_WALK_MAX skill.STEP_TROT_MAX --swing-lift 20 --results-csv outputs/swing_lift_steps.csv,7,step_up,1,2.5126919009616815,on,6,5,0.08,30,skill.STEP_WALK_MAX,step_up_0p08,0,1,2026-08-29T15:41:01Z,WALK,1306,20.0,nan
--headless --device cpu --reps 5 --foot-comp on --heading heading-only --params skill.STEP_WALK_MAX skill.STEP_TROT_MAX --swing-lift 20 --results-csv outputs/swing_lift_steps.csv,7,step_up,1,2.3099839747436843,on,6,5,0.1,30,skill.STEP_WALK_MAX,step_up_0p10,0,1,2026-08-29T15:41:01Z,WALK,1306,20.0,nan
--headless --device cpu --reps 5 --foot-comp on --heading heading-only --params skill.STEP_WALK_MAX skill.STEP_TROT_MAX --swing-lift 20 --results-csv outputs/swing_lift_steps.csv,7,step_up,1,2.2585379230024913,on,6,5,0.12,30,skill.STEP_WALK_MAX,step_up_0p12,0,1,2026-08-29T15:41:01Z,WALK,1306,20.0,nan
--headless --device cpu --reps 5 --foot-comp on --heading heading-only --params skill.STEP_WALK_MAX skill.STEP_TROT_MAX --swing-lift 20 --results-csv outputs/swing_lift_steps.csv,7,step_up,1,2.314877195074324,on,6,5,0.14,30,skill.STEP_WALK_MAX,step_up_0p14,0,1,2026-08-29T15:41:01Z,WALK,1306,20.0,nan
--headless --device cpu --reps 5 --foot-comp on --heading heading-only --params skill.STEP_WALK_MAX skill.STEP_TROT_MAX --swing-lift 20 --results-csv outputs/swing_lift_steps.csv,7,step_up,1,2.364741702348549,on,6,5,0.16,30,skill.STEP_WALK_MAX,step_up_0p16,0,1,2026-08-29T15:41:01Z,WALK,1306,20.0,nan
--headless --device cpu --reps 5 --foot-comp on --heading heading-only --params skill.STEP_WALK_MAX skill.STEP_TROT_MAX --swing-lift 20 --results-csv outputs/swing_lift_steps.csv,7,step_up,1,2.5656119158022346,on,6,5,0.18,30,skill.STEP_WALK_MAX,step_up_0p18,0,1,2026-08-29T15:41:01Z,WALK,1306,20.0,nan
--headless --device cpu --reps 5 --foot-comp on --heading heading-only --params skill.STEP_WALK_MAX skill.STEP_TROT_MAX --swing-lift 20 --results-csv outputs/swing_lift_steps.csv,7,step_up,1,4.396982994527731,on,6,5,0.2,30,skill.STEP_WALK_MAX,step_up_0p20,0,1,2026-08-29T15:41:01Z,WALK,1306,20.0,nan
--headless --device cpu --reps 5 --foot-comp on --heading heading-only --params skill.STEP_WALK_MAX skill.STEP_TROT_MAX --swing-lift 20 --results-csv outputs/swing_lift_steps.csv,7,step_up,1,9.883977407976298,on,6,5,0.22,30,skill.STEP_WALK_MAX,step_up_0p22,0,1,2026-08-29T15:41:01Z,WALK,1306,20.0,nan
--headless --device cpu --reps 5 --foot-comp on --heading heading-only --params skill.STEP_WALK_MAX skill.STEP_TROT_MAX --swing-lift 20 --results-csv outputs/swing_lift_steps.csv,7,step_up,1,8.281425273392108,on,6,5,0.24,30,skill.STEP_WALK_MAX,step_up_0p24,0,1,2026-08-29T15:41:01Z,WALK,1306,20.0,nan
--headless --device cpu --reps 5 --foot-comp on --heading heading-only --params skill.STEP_WALK_MAX skill.STEP_TROT_MAX --swing-lift 20 --results-csv outputs/swing_lift_steps.csv,7,step_up,1,5.129094356918932,on,6,5,0.26,30,skill.STEP_WALK_MAX,step_up_0p26,0,1,2026-08-29T15:41:01Z,WALK,1306,20.0,nan
--headless --device cpu --reps 5 --foot-comp on --heading heading-only --params skill.STEP_WALK_MAX skill.STEP_TROT_MAX --swing-lift 20 --results-csv outputs/swing_lift_steps.csv,7,step_up,1,5.9130772970498455,on,6,5,0.28,30,skill.STEP_WALK_MAX,step_up_0p28,0,1,2026-08-29T15:41:01Z,WALK,1306,20.0,nan
--headless --device cpu --reps 5 --foot-comp on --heading heading-only --params skill.STEP_WALK_MAX skill.STEP_TROT_MAX --swing-lift 20 --results-csv outputs/swing_lift_steps.csv,7,step_up,1,5.9846850778879785,on,6,5,0.3,30,skill.STEP_WALK_MAX,step_up_0p30,0,1,2026-08-29T15:41:01Z,WALK,1306,20.0,nan
--headless --device cpu --reps 5 --foot-comp on --heading heading-only --params skill.STEP_WALK_MAX skill.STEP_TROT_MAX --swing-lift 20 --results-csv outputs/swing_lift_steps.csv,6,step_up,1,3.590359307107472,on,6,5,0.02,30,skill.STEP_TROT_MAX,step_up_0p02,0,1,2026-08-29T15:41:01Z,TROT,1306,20.0,nan
--headless --device cpu --reps 5 --foot-comp on --heading heading-only --params skill.STEP_WALK_MAX skill.STEP_TROT_MAX --swing-lift 20 --results-csv outputs/swing_lift_steps.csv,6,step_up,1,3.658389798196548,on,6,5,0.04,30,skill.STEP_TROT_MAX,step_up_0p04,0,1,2026-08-29T15:41:01Z,TROT,1306,20.0,nan
--headless --device cpu --reps 5 --foot-comp on --heading heading-only --params skill.STEP_WALK_MAX skill.STEP_TROT_MAX --swing-lift 20 --results-csv outputs/swing_lift_steps.csv,6,step_up,1,3.633614877397072,on,6,5,0.06,30,skill.STEP_TROT_MAX,step_up_0p06,0,1,2026-08-29T15:41:01Z,TROT,1306,20.0,nan
--headless --device cpu --reps 5 --foot-comp on --heading heading-only --params skill.STEP_WALK_MAX skill.STEP_TROT_MAX --swing-lift 20 --results-csv outputs/swing_lift_steps.csv,6,step_up,1,3.600064547628772,on,6,5,0.08,30,skill.STEP_TROT_MAX,step_up_0p08,0,1,2026-08-29T15:41:01Z,TROT,1306,20.0,nan
--headless --device cpu --reps 5 --foot-comp on --heading heading-only --params skill.STEP_WALK_MAX skill.STEP_TROT_MAX --swing-lift 20 --results-csv outputs/swing_lift_steps.csv,6,step_up,1,3.595734774469466,on,6,5,0.1,30,skill.STEP_TROT_MAX,step_up_0p10,0,1,2026-08-29T15:41:01Z,TROT,1306,20.0,nan
--headless --device cpu --reps 5 --foot-comp on --heading heading-only --params skill.STEP_WALK_MAX skill.STEP_TROT_MAX --swing-lift 20 --results-csv outputs/swing_lift_steps.csv,6,step_up,1,3.604274196541923,on,6,5,0.12,30,skill.STEP_TROT_MAX,step_up_0p12,0,1,2026-08-29T15:41:01Z,TROT,1306,20.0,nan
--headless --device cpu --reps 5 --foot-comp on --heading heading-only --params skill.STEP_WALK_MAX skill.STEP_TROT_MAX --swing-lift 20 --results-csv outputs/swing_lift_steps.csv,6,step_up,1,3.604527743982795,on,6,5,0.14,30,skill.STEP_TROT_MAX,step_up_0p14,0,1,2026-08-29T15:41:01Z,TROT,1306,20.0,nan
--headless --device cpu --reps 5 --foot-comp on --heading heading-only --params skill.STEP_WALK_MAX skill.STEP_TROT_MAX --swing-lift 20 --results-csv outputs/swing_lift_steps.csv,6,step_up,1,3.6052261172641185,on,6,5,0.16,30,skill.STEP_TROT_MAX,step_up_0p16,0,1,2026-08-29T15:41:01Z,TROT,1306,20.0,nan
--headless --device cpu --reps 5 --foot-comp on --heading heading-only --params skill.STEP_WALK_MAX skill.STEP_TROT_MAX --swing-lift 20 --results-csv outputs/swing_lift_steps.csv,6,step_up,1,3.603590411370487,on,6,5,0.18,30,skill.STEP_TROT_MAX,step_up_0p18,0,1,2026-08-29T15:41:01Z,TROT,1306,20.0,nan
--headless --device cpu --reps 5 --foot-comp on --heading heading-only --params skill.STEP_WALK_MAX skill.STEP_TROT_MAX --swing-lift 20 --results-csv outputs/swing_lift_steps.csv,6,step_up,1,3.596244088322786,on,6,5,0.2,30,skill.STEP_TROT_MAX,step_up_0p20,0,1,2026-08-29T15:41:01Z,TROT,1306,20.0,nan
--headless --device cpu --reps 5 --foot-comp on --heading heading-only --params skill.STEP_WALK_MAX skill.STEP_TROT_MAX --swing-lift 20 --results-csv outputs/swing_lift_steps.csv,6,step_up,1,3.60160664463398,on,6,5,0.22,30,skill.STEP_TROT_MAX,step_up_0p22,0,1,2026-08-29T15:41:01Z,TROT,1306,20.0,nan
--headless --device cpu --reps 5 --foot-comp on --heading heading-only --params skill.STEP_WALK_MAX skill.STEP_TROT_MAX --swing-lift 20 --results-csv outputs/swing_lift_steps.csv,6,step_up,1,3.5629808539223364,on,6,5,0.24,30,skill.STEP_TROT_MAX,step_up_0p24,0,1,2026-08-29T15:41:01Z,TROT,1306,20.0,nan
--headless --device cpu --reps 5 --foot-comp on --heading heading-only --params skill.STEP_WALK_MAX skill.STEP_TROT_MAX --swing-lift 20 --results-csv outputs/swing_lift_steps.csv,6,step_up,1,3.602734880905053,on,6,5,0.26,30,skill.STEP_TROT_MAX,step_up_0p26,0,1,2026-08-29T15:41:01Z,TROT,1306,20.0,nan
--headless --device cpu --reps 5 --foot-comp on --heading heading-only --params skill.STEP_WALK_MAX skill.STEP_TROT_MAX --swing-lift 20 --results-csv outputs/swing_lift_steps.csv,6,step_up,1,3.6590573285421626,on,6,5,0.28,30,skill.STEP_TROT_MAX,step_up_0p28,0,1,2026-08-29T15:41:01Z,TROT,1306,20.0,nan
--headless --device cpu --reps 5 --foot-comp on --heading heading-only --params skill.STEP_WALK_MAX skill.STEP_TROT_MAX --swing-lift 20 --results-csv outputs/swing_lift_steps.csv,6,step_up,1,3.5863978611108127,on,6,5,0.3,30,skill.STEP_TROT_MAX,step_up_0p30,0,1,2026-08-29T15:41:01Z,TROT,1306,20.0,nan
--headless --device cpu --reps 5 --foot-comp on --heading heading-only --params skill.STEP_WALK_MAX skill.STEP_TROT_MAX --swing-lift 20 --results-csv outputs/swing_lift_steps.csv,15,step_up,1,4.660139574586992,on,6,5,0.02,30,skill.STEP_WALK_MAX,step_up_0p02,0,2,2026-08-29T15:41:01Z,WALK,960,20.0,nan
--headless --device cpu --reps 5 --foot-comp on --heading heading-only --params skill.STEP_WALK_MAX skill.STEP_TROT_MAX --swing-lift 20 --results-csv outputs/swing_lift_steps.csv,15,step_up,1,5.592199185185771,on,6,5,0.04,30,skill.STEP_WALK_MAX,step_up_0p04,0,2,2026-08-29T15:41:01Z,WALK,960,20.0,nan
--headless --device cpu --reps 5 --foot-comp on --heading heading-only --params skill.STEP_WALK_MAX skill.STEP_TROT_MAX --swing-lift 20 --results-csv outputs/swing_lift_steps.csv,15,step_up,1,3.4178839182669662,on,6,5,0.06,30,skill.STEP_WALK_MAX,step_up_0p06,0,2,2026-08-29T15:41:01Z,WALK,960,20.0,nan
--headless --device cpu --reps 5 --foot-comp on --heading heading-only --params skill.STEP_WALK_MAX skill.STEP_TROT_MAX --swing-lift 20 --results-csv outputs/swing_lift_steps.csv,15,step_up,1,2.1788766731780607,on,6,5,0.08,30,skill.STEP_WALK_MAX,step_up_0p08,0,2,2026-08-29T15:41:01Z,WALK,960,20.0,nan
--headless --device cpu --reps 5 --foot-comp on --heading heading-only --params skill.STEP_WALK_MAX skill.STEP_TROT_MAX --swing-lift 20 --results-csv outputs/swing_lift_steps.csv,15,step_up,1,2.5170865236646724,on,6,5,0.1,30,skill.STEP_WALK_MAX,step_up_0p10,0,2,2026-08-29T15:41:01Z,WALK,960,20.0,nan
--headless --device cpu --reps 5 --foot-comp on --heading heading-only --params skill.STEP_WALK_MAX skill.STEP_TROT_MAX --swing-lift 20 --results-csv outputs/swing_lift_steps.csv,15,step_up,1,2.6737972716497445,on,6,5,0.12,30,skill.STEP_WALK_MAX,step_up_0p12,0,2,2026-08-29T15:41:01Z,WALK,960,20.0,nan
--headless --device cpu --reps 5 --foot-comp on --heading heading-only --params skill.STEP_WALK_MAX skill.STEP_TROT_MAX --swing-lift 20 --results-csv outputs/swing_lift_steps.csv,15,step_up,1,4.991273985632988,on,6,5,0.14,30,skill.STEP_WALK_MAX,step_up_0p14,0,2,2026-08-29T15:41:01Z,WALK,960,20.0,nan
--headless --device cpu --reps 5 --foot-comp on --heading heading-only --params skill.STEP_WALK_MAX skill.STEP_TROT_MAX --swing-lift 20 --results-csv outputs/swing_lift_steps.csv,15,step_up,1,2.175988673170655,on,6,5,0.16,30,skill.STEP_WALK_MAX,step_up_0p16,0,2,2026-08-29T15:41:01Z,WALK,960,20.0,nan
--headless --device cpu --reps 5 --foot-comp on --heading heading-only --params skill.STEP_WALK_MAX skill.STEP_TROT_MAX --swing-lift 20 --results-csv outputs/swing_lift_steps.csv,15,step_up,1,2.5004971511889122,on,6,5,0.18,30,skill.STEP_WALK_MAX,step_up_0p18,0,2,2026-08-29T15:41:01Z,WALK,960,20.0,nan
--headless --device cpu --reps 5 --foot-comp on --heading heading-only --params skill.STEP_WALK_MAX skill.STEP_TROT_MAX --swing-lift 20 --results-csv outputs/swing_lift_steps.csv,15,step_up,1,3.1160070150753127,on,6,5,0.2,30,skill.STEP_WALK_MAX,step_up_0p20,0,2,2026-08-29T15:41:01Z,WALK,960,20.0,nan
--headless --device cpu --reps 5 --foot-comp on --heading heading-only --params skill.STEP_WALK_MAX skill.STEP_TROT_MAX --swing-lift 20 --results-csv outputs/swing_lift_steps.csv,15,step_up,1,2.588479796470354,on,6,5,0.22,30,skill.STEP_WALK_MAX,step_up_0p22,0,2,2026-08-29T15:41:01Z,WALK,960,20.0,nan
--headless --device cpu --reps 5 --foot-comp on --heading heading-only --params skill.STEP_WALK_MAX skill.STEP_TROT_MAX --swing-lift 20 --results-csv outputs/swing_lift_steps.csv,15,step_up,1,2.404282723267227,on,6,5,0.24,30,skill.STEP_WALK_MAX,step_up_0p24,0,2,2026-08-29T15:41:01Z,WALK,960,20.0,nan
--headless --device cpu --reps 5 --foot-comp on --heading heading-only --params skill.STEP_WALK_MAX skill.STEP_TROT_MAX --swing-lift 20 --results-csv outputs/swing_lift_steps.csv,15,step_up,1,2.624609338168012,on,6,5,0.26,30,skill.STEP_WALK_MAX,step_up_0p26,0,2,2026-08-29T15:41:01Z,WALK,960,20.0,nan
--headless --device cpu --reps 5 --foot-comp on --heading heading-only --params skill.STEP_WALK_MAX skill.STEP_TROT_MAX --swing-lift 20 --results-csv outputs/swing_lift_steps.csv,15,step_up,1,2.8239300753859364,on,6,5,0.28,30,skill.STEP_WALK_MAX,step_up_0p28,0,2,2026-08-29T15:41:01Z,WALK,960,20.0,nan
--headless --device cpu --reps 5 --foot-comp on --heading heading-only --params skill.STEP_WALK_MAX skill.STEP_TROT_MAX --swing-lift 20 --results-csv outputs/swing_lift_steps.csv,15,step_up,1,3.8069924201382794,on,6,5,0.3,30,skill.STEP_WALK_MAX,step_up_0p30,0,2,2026-08-29T15:41:01Z,WALK,960,20.0,nan
--headless --device cpu --reps 5 --foot-comp on --heading heading-only --params skill.STEP_WALK_MAX skill.STEP_TROT_MAX --swing-lift 20 --results-csv outputs/swing_lift_steps.csv,13,step_up,1,4.14260541948732,on,6,5,0.02,30,skill.STEP_TROT_MAX,step_up_0p02,0,2,2026-08-29T15:41:01Z,TROT,960,20.0,nan
--headless --device cpu --reps 5 --foot-comp on --heading heading-only --params skill.STEP_WALK_MAX skill.STEP_TROT_MAX --swing-lift 20 --results-csv outputs/swing_lift_steps.csv,13,step_up,1,4.440070303587439,on,6,5,0.04,30,skill.STEP_TROT_MAX,step_up_0p04,0,2,2026-08-29T15:41:01Z,TROT,960,20.0,nan
--headless --device cpu --reps 5 --foot-comp on --heading heading-only --params skill.STEP_WALK_MAX skill.STEP_TROT_MAX --swing-lift 20 --results-csv outputs/swing_lift_steps.csv,13,step_up,1,4.088202068155749,on,6,5,0.06,30,skill.STEP_TROT_MAX,step_up_0p06,0,2,2026-08-29T15:41:01Z,TROT,960,20.0,nan
--headless --device cpu --reps 5 --foot-comp on --heading heading-only --params skill.STEP_WALK_MAX skill.STEP_TROT_MAX --swing-lift 20 --results-csv outputs/swing_lift_steps.csv,13,step_up,1,4.132362177243998,on,6,5,0.08,30,skill.STEP_TROT_MAX,step_up_0p08,0,2,2026-08-29T15:41:01Z,TROT,960,20.0,nan
--headless --device cpu --reps 5 --foot-comp on --heading heading-only --params skill.STEP_WALK_MAX skill.STEP_TROT_MAX --swing-lift 20 --results-csv outputs/swing_lift_steps.csv,13,step_up,1,4.083253579660413,on,6,5,0.1,30,skill.STEP_TROT_MAX,step_up_0p10,0,2,2026-08-29T15:41:01Z,TROT,960,20.0,nan
--headless --device cpu --reps 5 --foot-comp on --heading heading-only --params skill.STEP_WALK_MAX skill.STEP_TROT_MAX --swing-lift 20 --results-csv outputs/swing_lift_steps.csv,13,step_up,1,4.29781471124943,on,6,5,0.12,30,skill.STEP_TROT_MAX,step_up_0p12,0,2,2026-08-29T15:41:01Z,TROT,960,20.0,nan
--headless --device cpu --reps 5 --foot-comp on --heading heading-only --params skill.STEP_WALK_MAX skill.STEP_TROT_MAX --swing-lift 20 --results-csv outputs/swing_lift_steps.csv,13,step_up,1,4.218897993592253,on,6,5,0.14,30,skill.STEP_TROT_MAX,step_up_0p14,0,2,2026-08-29T15:41:01Z,TROT,960,20.0,nan
--headless --device cpu --reps 5 --foot-comp on --heading heading-only --params skill.STEP_WALK_MAX skill.STEP_TROT_MAX --swing-lift 20 --results-csv outputs/swing_lift_steps.csv,13,step_up,1,4.137534321092503,on,6,5,0.16,30,skill.STEP_TROT_MAX,step_up_0p16,0,2,2026-08-29T15:41:01Z,TROT,960,20.0,nan
--headless --device cpu --reps 5 --foot-comp on --heading heading-only --params skill.STEP_WALK_MAX skill.STEP_TROT_MAX --swing-lift 20 --results-csv outputs/swing_lift_steps.csv,13,step_up,1,4.447181620483763,on,6,5,0.18,30,skill.STEP_TROT_MAX,step_up_0p18,0,2,2026-08-29T15:41:01Z,TROT,960,20.0,nan
--headless --device cpu --reps 5 --foot-comp on --heading heading-only --params skill.STEP_WALK_MAX skill.STEP_TROT_MAX --swing-lift 20 --results-csv outputs/swing_lift_steps.csv,13,step_up,1,3.991699031968402,on,6,5,0.2,30,skill.STEP_TROT_MAX,step_up_0p20,0,2,2026-08-29T15:41:01Z,TROT,960,20.0,nan
--headless --device cpu --reps 5 --foot-comp on --heading heading-only --params skill.STEP_WALK_MAX skill.STEP_TROT_MAX --swing-lift 20 --results-csv outputs/swing_lift_steps.csv,13,step_up,1,4.417729864060239,on,6,5,0.22,30,skill.STEP_TROT_MAX,step_up_0p22,0,2,2026-08-29T15:41:01Z,TROT,960,20.0,nan
--headless --device cpu --reps 5 --foot-comp on --heading heading-only --params skill.STEP_WALK_MAX skill.STEP_TROT_MAX --swing-lift 20 --results-csv outputs/swing_lift_steps.csv,13,step_up,1,3.987319709565141,on,6,5,0.24,30,skill.STEP_TROT_MAX,step_up_0p24,0,2,2026-08-29T15:41:01Z,TROT,960,20.0,nan
--headless --device cpu --reps 5 --foot-comp on --heading heading-only --params skill.STEP_WALK_MAX skill.STEP_TROT_MAX --swing-lift 20 --results-csv outputs/swing_lift_steps.csv,13,step_up,1,4.162855275861044,on,6,5,0.26,30,skill.STEP_TROT_MAX,step_up_0p26,0,2,2026-08-29T15:41:01Z,TROT,960,20.0,nan
--headless --device cpu --reps 5 --foot-comp on --heading heading-only --params skill.STEP_WALK_MAX skill.STEP_TROT_MAX --swing-lift 20 --results-csv outputs/swing_lift_steps.csv,13,step_up,1,4.323920049333633,on,6,5,0.28,30,skill.STEP_TROT_MAX,step_up_0p28,0,2,2026-08-29T15:41:01Z,TROT,960,20.0,nan
--headless --device cpu --reps 5 --foot-comp on --heading heading-only --params skill.STEP_WALK_MAX skill.STEP_TROT_MAX --swing-lift 20 --results-csv outputs/swing_lift_steps.csv,13,step_up,1,4.1563127970346905,on,6,5,0.3,30,skill.STEP_TROT_MAX,step_up_0p30,0,2,2026-08-29T15:41:01Z,TROT,960,20.0,nan
--headless --device cpu --reps 5 --foot-comp on --heading heading-only --params skill.STEP_WALK_MAX skill.STEP_TROT_MAX --swing-lift 20 --results-csv outputs/swing_lift_steps.csv,22,step_up,1,8.920759140410357,on,6,5,0.02,30,skill.STEP_WALK_MAX,step_up_0p02,0,3,2026-08-29T15:41:01Z,WALK,1169,20.0,nan
--headless --device cpu --reps 5 --foot-comp on --heading heading-only --params skill.STEP_WALK_MAX skill.STEP_TROT_MAX --swing-lift 20 --results-csv outputs/swing_lift_steps.csv,22,step_up,1,9.417775480816532,on,6,5,0.04,30,skill.STEP_WALK_MAX,step_up_0p04,1,3,2026-08-29T15:41:01Z,WALK,1169,20.0,17.5
--headless --device cpu --reps 5 --foot-comp on --heading heading-only --params skill.STEP_WALK_MAX skill.STEP_TROT_MAX --swing-lift 20 --results-csv outputs/swing_lift_steps.csv,22,step_up,1,5.9940227407000775,on,6,5,0.06,30,skill.STEP_WALK_MAX,step_up_0p06,0,3,2026-08-29T15:41:01Z,WALK,1169,20.0,nan
--headless --device cpu --reps 5 --foot-comp on --heading heading-only --params skill.STEP_WALK_MAX skill.STEP_TROT_MAX --swing-lift 20 --results-csv outputs/swing_lift_steps.csv,22,step_up,1,3.0944101169662273,on,6,5,0.08,30,skill.STEP_WALK_MAX,step_up_0p08,0,3,2026-08-29T15:41:01Z,WALK,1169,20.0,nan
--headless --device cpu --reps 5 --foot-comp on --heading heading-only --params skill.STEP_WALK_MAX skill.STEP_TROT_MAX --swing-lift 20 --results-csv outputs/swing_lift_steps.csv,22,step_up,1,6.876277744974401,on,6,5,0.1,30,skill.STEP_WALK_MAX,step_up_0p10,0,3,2026-08-29T15:41:01Z,WALK,1169,20.0,nan
--headless --device cpu --reps 5 --foot-comp on --heading heading-only --params skill.STEP_WALK_MAX skill.STEP_TROT_MAX --swing-lift 20 --results-csv outputs/swing_lift_steps.csv,22,step_up,1,2.5505930241902797,on,6,5,0.12,30,skill.STEP_WALK_MAX,step_up_0p12,0,3,2026-08-29T15:41:01Z,WALK,1169,20.0,nan
--headless --device cpu --reps 5 --foot-comp on --heading heading-only --params skill.STEP_WALK_MAX skill.STEP_TROT_MAX --swing-lift 20 --results-csv outputs/swing_lift_steps.csv,22,step_up,1,4.111900162894722,on,6,5,0.14,30,skill.STEP_WALK_MAX,step_up_0p14,0,3,2026-08-29T15:41:01Z,WALK,1169,20.0,nan
--headless --device cpu --reps 5 --foot-comp on --heading heading-only --params skill.STEP_WALK_MAX skill.STEP_TROT_MAX --swing-lift 20 --results-csv outputs/swing_lift_steps.csv,22,step_up,1,5.138556445354518,on,6,5,0.16,30,skill.STEP_WALK_MAX,step_up_0p16,0,3,2026-08-29T15:41:01Z,WALK,1169,20.0,nan
--headless --device cpu --reps 5 --foot-comp on --heading heading-only --params skill.STEP_WALK_MAX skill.STEP_TROT_MAX --swing-lift 20 --results-csv outputs/swing_lift_steps.csv,22,step_up,1,3.6527413443418197,on,6,5,0.18,30,skill.STEP_WALK_MAX,step_up_0p18,0,3,2026-08-29T15:41:01Z,WALK,1169,20.0,nan
--headless --device cpu --reps 5 --foot-comp on --heading heading-only --params skill.STEP_WALK_MAX skill.STEP_TROT_MAX --swing-lift 20 --results-csv outputs/swing_lift_steps.csv,22,step_up,1,2.522783614323749,on,6,5,0.2,30,skill.STEP_WALK_MAX,step_up_0p20,0,3,2026-08-29T15:41:01Z,WALK,1169,20.0,nan
--headless --device cpu --reps 5 --foot-comp on --heading heading-only --params skill.STEP_WALK_MAX skill.STEP_TROT_MAX --swing-lift 20 --results-csv outputs/swing_lift_steps.csv,22,step_up,1,4.953002588835471,on,6,5,0.22,30,skill.STEP_WALK_MAX,step_up_0p22,0,3,2026-08-29T15:41:01Z,WALK,1169,20.0,nan
--headless --device cpu --reps 5 --foot-comp on --heading heading-only --params skill.STEP_WALK_MAX skill.STEP_TROT_MAX --swing-lift 20 --results-csv outputs/swing_lift_steps.csv,22,step_up,1,7.722334318390149,on,6,5,0.24,30,skill.STEP_WALK_MAX,step_up_0p24,0,3,2026-08-29T15:41:01Z,WALK,1169,20.0,nan
--headless --device cpu --reps 5 --foot-comp on --heading heading-only --params skill.STEP_WALK_MAX skill.STEP_TROT_MAX --swing-lift 20 --results-csv outputs/swing_lift_steps.csv,22,step_up,1,5.022835140024859,on,6,5,0.26,30,skill.STEP_WALK_MAX,step_up_0p26,0,3,2026-08-29T15:41:01Z,WALK,1169,20.0,nan
--headless --device cpu --reps 5 --foot-comp on --heading heading-only --params skill.STEP_WALK_MAX skill.STEP_TROT_MAX --swing-lift 20 --results-csv outputs/swing_lift_steps.csv,22,step_up,1,4.730736938219229,on,6,5,0.28,30,skill.STEP_WALK_MAX,step_up_0p28,0,3,2026-08-29T15:41:01Z,WALK,1169,20.0,nan
--headless --device cpu --reps 5 --foot-comp on --heading heading-only --params skill.STEP_WALK_MAX skill.STEP_TROT_MAX --swing-lift 20 --results-csv outputs/swing_lift_steps.csv,22,step_up,1,8.250176628497176,on,6,5,0.3,30,skill.STEP_WALK_MAX,step_up_0p30,0,3,2026-08-29T15:41:01Z,WALK,1169,20.0,nan
--headless --device cpu --reps 5 --foot-comp on --heading heading-only --params skill.STEP_WALK_MAX skill.STEP_TROT_MAX --swing-lift 20 --results-csv outputs/swing_lift_steps.csv,19,step_up,1,4.347229955087539,on,6,5,0.02,30,skill.STEP_TROT_MAX,step_up_0p02,0,3,2026-08-29T15:41:01Z,TROT,1169,20.0,nan
--headless --device cpu --reps 5 --foot-comp on --heading heading-only --params skill.STEP_WALK_MAX skill.STEP_TROT_MAX --swing-lift 20 --results-csv outputs/swing_lift_steps.csv,19,step_up,1,4.266135077765262,on,6,5,0.04,30,skill.STEP_TROT_MAX,step_up_0p04,0,3,2026-08-29T15:41:01Z,TROT,1169,20.0,nan
--headless --device cpu --reps 5 --foot-comp on --heading heading-only --params skill.STEP_WALK_MAX skill.STEP_TROT_MAX --swing-lift 20 --results-csv outputs/swing_lift_steps.csv,19,step_up,1,4.257206672737305,on,6,5,0.06,30,skill.STEP_TROT_MAX,step_up_0p06,0,3,2026-08-29T15:41:01Z,TROT,1169,20.0,nan
--headless --device cpu --reps 5 --foot-comp on --heading heading-only --params skill.STEP_WALK_MAX skill.STEP_TROT_MAX --swing-lift 20 --results-csv outputs/swing_lift_steps.csv,19,step_up,1,4.303998653121312,on,6,5,0.08,30,skill.STEP_TROT_MAX,step_up_0p08,0,3,2026-08-29T15:41:01Z,TROT,1169,20.0,nan
--headless --device cpu --reps 5 --foot-comp on --heading heading-only --params skill.STEP_WALK_MAX skill.STEP_TROT_MAX --swing-lift 20 --results-csv outputs/swing_lift_steps.csv,19,step_up,1,4.276899242449989,on,6,5,0.1,30,skill.STEP_TROT_MAX,step_up_0p10,0,3,2026-08-29T15:41:01Z,TROT,1169,20.0,nan
--headless --device cpu --reps 5 --foot-comp on --heading heading-only --params skill.STEP_WALK_MAX skill.STEP_TROT_MAX --swing-lift 20 --results-csv outputs/swing_lift_steps.csv,19,step_up,1,4.246624618272321,on,6,5,0.12,30,skill.STEP_TROT_MAX,step_up_0p12,0,3,2026-08-29T15:41:01Z,TROT,1169,20.0,nan
--headless --device cpu --reps 5 --foot-comp on --heading heading-only --params skill.STEP_WALK_MAX skill.STEP_TROT_MAX --swing-lift 20 --results-csv outputs/swing_lift_steps.csv,19,step_up,1,4.261560450590769,on,6,5,0.14,30,skill.STEP_TROT_MAX,step_up_0p14,0,3,2026-08-29T15:41:01Z,TROT,1169,20.0,nan
--headless --device cpu --reps 5 --foot-comp on --heading heading-only --params skill.STEP_WALK_MAX skill.STEP_TROT_MAX --swing-lift 20 --results-csv outputs/swing_lift_steps.csv,19,step_up,1,4.280052463320191,on,6,5,0.16,30,skill.STEP_TROT_MAX,step_up_0p16,0,3,2026-08-29T15:41:01Z,TROT,1169,20.0,nan
--headless --device cpu --reps 5 --foot-comp on --heading heading-only --params skill.STEP_WALK_MAX skill.STEP_TROT_MAX --swing-lift 20 --results-csv outputs/swing_lift_steps.csv,19,step_up,1,4.265624320301098,on,6,5,0.18,30,skill.STEP_TROT_MAX,step_up_0p18,0,3,2026-08-29T15:41:01Z,TROT,1169,20.0,nan
--headless --device cpu --reps 5 --foot-comp on --heading heading-only --params skill.STEP_WALK_MAX skill.STEP_TROT_MAX --swing-lift 20 --results-csv outputs/swing_lift_steps.csv,19,step_up,1,4.30616938959928,on,6,5,0.2,30,skill.STEP_TROT_MAX,step_up_0p20,0,3,2026-08-29T15:41:01Z,TROT,1169,20.0,nan
--headless --device cpu --reps 5 --foot-comp on --heading heading-only --params skill.STEP_WALK_MAX skill.STEP_TROT_MAX --swing-lift 20 --results-csv outputs/swing_lift_steps.csv,19,step_up,1,4.240941101553079,on,6,5,0.22,30,skill.STEP_TROT_MAX,step_up_0p22,0,3,2026-08-29T15:41:01Z,TROT,1169,20.0,nan
--headless --device cpu --reps 5 --foot-comp on --heading heading-only --params skill.STEP_WALK_MAX skill.STEP_TROT_MAX --swing-lift 20 --results-csv outputs/swing_lift_steps.csv,19,step_up,1,4.292326360097048,on,6,5,0.24,30,skill.STEP_TROT_MAX,step_up_0p24,0,3,2026-08-29T15:41:01Z,TROT,1169,20.0,nan
--headless --device cpu --reps 5 --foot-comp on --heading heading-only --params skill.STEP_WALK_MAX skill.STEP_TROT_MAX --swing-lift 20 --results-csv outputs/swing_lift_steps.csv,19,step_up,1,4.268756472583971,on,6,5,0.26,30,skill.STEP_TROT_MAX,step_up_0p26,0,3,2026-08-29T15:41:01Z,TROT,1169,20.0,nan
--headless --device cpu --reps 5 --foot-comp on --heading heading-only --params skill.STEP_WALK_MAX skill.STEP_TROT_MAX --swing-lift 20 --results-csv outputs/swing_lift_steps.csv,19,step_up,1,4.3030779927633995,on,6,5,0.28,30,skill.STEP_TROT_MAX,step_up_0p28,0,3,2026-08-29T15:41:01Z,TROT,1169,20.0,nan
--headless --device cpu --reps 5 --foot-comp on --heading heading-only --params skill.STEP_WALK_MAX skill.STEP_TROT_MAX --swing-lift 20 --results-csv outputs/swing_lift_steps.csv,19,step_up,1,4.330870707943095,on,6,5,0.3,30,skill.STEP_TROT_MAX,step_up_0p30,0,3,2026-08-29T15:41:01Z,TROT,1169,20.0,nan
--headless --device cpu --reps 5 --foot-comp on --heading heading-only --params skill.STEP_WALK_MAX skill.STEP_TROT_MAX --swing-lift 20 --results-csv outputs/swing_lift_steps.csv,30,step_up,1,2.970317049173838,on,6,5,0.02,30,skill.STEP_WALK_MAX,step_up_0p02,0,4,2026-08-29T15:41:01Z,WALK,699,20.0,nan
--headless --device cpu --reps 5 --foot-comp on --heading heading-only --params skill.STEP_WALK_MAX skill.STEP_TROT_MAX --swing-lift 20 --results-csv outputs/swing_lift_steps.csv,30,step_up,1,2.9684390294782075,on,6,5,0.04,30,skill.STEP_WALK_MAX,step_up_0p04,0,4,2026-08-29T15:41:01Z,WALK,699,20.0,nan
--headless --device cpu --reps 5 --foot-comp on --heading heading-only --params skill.STEP_WALK_MAX skill.STEP_TROT_MAX --swing-lift 20 --results-csv outputs/swing_lift_steps.csv,30,step_up,1,2.994743072089473,on,6,5,0.06,30,skill.STEP_WALK_MAX,step_up_0p06,0,4,2026-08-29T15:41:01Z,WALK,699,20.0,nan
--headless --device cpu --reps 5 --foot-comp on --heading heading-only --params skill.STEP_WALK_MAX skill.STEP_TROT_MAX --swing-lift 20 --results-csv outputs/swing_lift_steps.csv,30,step_up,1,2.9234299014364593,on,6,5,0.08,30,skill.STEP_WALK_MAX,step_up_0p08,0,4,2026-08-29T15:41:01Z,WALK,699,20.0,nan
--headless --device cpu --reps 5 --foot-comp on --heading heading-only --params skill.STEP_WALK_MAX skill.STEP_TROT_MAX --swing-lift 20 --results-csv outputs/swing_lift_steps.csv,30,step_up,1,2.873759310499485,on,6,5,0.1,30,skill.STEP_WALK_MAX,step_up_0p10,0,4,2026-08-29T15:41:01Z,WALK,699,20.0,nan
--headless --device cpu --reps 5 --foot-comp on --heading heading-only --params skill.STEP_WALK_MAX skill.STEP_TROT_MAX --swing-lift 20 --results-csv outputs/swing_lift_steps.csv,30,step_up,1,2.9486019482489514,on,6,5,0.12,30,skill.STEP_WALK_MAX,step_up_0p12,0,4,2026-08-29T15:41:01Z,WALK,699,20.0,nan
--headless --device cpu --reps 5 --foot-comp on --heading heading-only --params skill.STEP_WALK_MAX skill.STEP_TROT_MAX --swing-lift 20 --results-csv outputs/swing_lift_steps.csv,30,step_up,1,2.6494645210982584,on,6,5,0.14,30,skill.STEP_WALK_MAX,step_up_0p14,0,4,2026-08-29T15:41:01Z,WALK,699,20.0,nan
--headless --device cpu --reps 5 --foot-comp on --heading heading-only --params skill.STEP_WALK_MAX skill.STEP_TROT_MAX --swing-lift 20 --results-csv outputs/swing_lift_steps.csv,30,step_up,1,2.882886169724286,on,6,5,0.16,30,skill.STEP_WALK_MAX,step_up_0p16,0,4,2026-08-29T15:41:01Z,WALK,699,20.0,nan
--headless --device cpu --reps 5 --foot-comp on --heading heading-only --params skill.STEP_WALK_MAX skill.STEP_TROT_MAX --swing-lift 20 --results-csv outputs/swing_lift_steps.csv,30,step_up,1,2.827077541911244,on,6,5,0.18,30,skill.STEP_WALK_MAX,step_up_0p18,0,4,2026-08-29T15:41:01Z,WALK,699,20.0,nan
--headless --device cpu --reps 5 --foot-comp on --heading heading-only --params skill.STEP_WALK_MAX skill.STEP_TROT_MAX --swing-lift 20 --results-csv outputs/swing_lift_steps.csv,30,step_up,1,2.8667917097889872,on,6,5,0.2,30,skill.STEP_WALK_MAX,step_up_0p20,0,4,2026-08-29T15:41:01Z,WALK,699,20.0,nan
--headless --device cpu --reps 5 --foot-comp on --heading heading-only --params skill.STEP_WALK_MAX skill.STEP_TROT_MAX --swing-lift 20 --results-csv outputs/swing_lift_steps.csv,30,step_up,1,2.642529087458399,on,6,5,0.22,30,skill.STEP_WALK_MAX,step_up_0p22,0,4,2026-08-29T15:41:01Z,WALK,699,20.0,nan
--headless --device cpu --reps 5 --foot-comp on --heading heading-only --params skill.STEP_WALK_MAX skill.STEP_TROT_MAX --swing-lift 20 --results-csv outputs/swing_lift_steps.csv,30,step_up,1,2.823272398833975,on,6,5,0.24,30,skill.STEP_WALK_MAX,step_up_0p24,0,4,2026-08-29T15:41:01Z,WALK,699,20.0,nan
--headless --device cpu --reps 5 --foot-comp on --heading heading-only --params skill.STEP_WALK_MAX skill.STEP_TROT_MAX --swing-lift 20 --results-csv outputs/swing_lift_steps.csv,30,step_up,1,2.9064836811075896,on,6,5,0.26,30,skill.STEP_WALK_MAX,step_up_0p26,0,4,2026-08-29T15:41:01Z,WALK,699,20.0,nan
--headless --device cpu --reps 5 --foot-comp on --heading heading-only --params skill.STEP_WALK_MAX skill.STEP_TROT_MAX --swing-lift 20 --results-csv outputs/swing_lift_steps.csv,30,step_up,1,2.870902864396385,on,6,5,0.28,30,skill.STEP_WALK_MAX,step_up_0p28,0,4,2026-08-29T15:41:01Z,WALK,699,20.0,nan
--headless --device cpu --reps 5 --foot-comp on --heading heading-only --params skill.STEP_WALK_MAX skill.STEP_TROT_MAX --swing-lift 20 --results-csv outputs/swing_lift_steps.csv,30,step_up,1,2.602949760468355,on,6,5,0.3,30,skill.STEP_WALK_MAX,step_up_0p30,0,4,2026-08-29T15:41:01Z,WALK,699,20.0,nan
--headless --device cpu --reps 5 --foot-comp on --heading heading-only --params skill.STEP_WALK_MAX skill.STEP_TROT_MAX --swing-lift 20 --results-csv outputs/swing_lift_steps.csv,26,step_up,1,4.377893980226547,on,6,5,0.02,30,skill.STEP_TROT_MAX,step_up_0p02,0,4,2026-08-29T15:41:01Z,TROT,699,20.0,nan
--headless --device cpu --reps 5 --foot-comp on --heading heading-only --params skill.STEP_WALK_MAX skill.STEP_TROT_MAX --swing-lift 20 --results-csv outputs/swing_lift_steps.csv,26,step_up,1,4.368576263543058,on,6,5,0.04,30,skill.STEP_TROT_MAX,step_up_0p04,0,4,2026-08-29T15:41:01Z,TROT,699,20.0,nan
--headless --device cpu --reps 5 --foot-comp on --heading heading-only --params skill.STEP_WALK_MAX skill.STEP_TROT_MAX --swing-lift 20 --results-csv outputs/swing_lift_steps.csv,26,step_up,1,4.374820008362686,on,6,5,0.06,30,skill.STEP_TROT_MAX,step_up_0p06,0,4,2026-08-29T15:41:01Z,TROT,699,20.0,nan
--headless --device cpu --reps 5 --foot-comp on --heading heading-only --params skill.STEP_WALK_MAX skill.STEP_TROT_MAX --swing-lift 20 --results-csv outputs/swing_lift_steps.csv,26,step_up,1,4.3591027156143,on,6,5,0.08,30,skill.STEP_TROT_MAX,step_up_0p08,0,4,2026-08-29T15:41:01Z,TROT,699,20.0,nan
--headless --device cpu --reps 5 --foot-comp on --heading heading-only --params skill.STEP_WALK_MAX skill.STEP_TROT_MAX --swing-lift 20 --results-csv outputs/swing_lift_steps.csv,26,step_up,1,4.3676324384818255,on,6,5,0.1,30,skill.STEP_TROT_MAX,step_up_0p10,0,4,2026-08-29T15:41:01Z,TROT,699,20.0,nan
--headless --device cpu --reps 5 --foot-comp on --heading heading-only --params skill.STEP_WALK_MAX skill.STEP_TROT_MAX --swing-lift 20 --results-csv outputs/swing_lift_steps.csv,26,step_up,1,4.3690323954341075,on,6,5,0.12,30,skill.STEP_TROT_MAX,step_up_0p12,0,4,2026-08-29T15:41:01Z,TROT,699,20.0,nan
--headless --device cpu --reps 5 --foot-comp on --heading heading-only --params skill.STEP_WALK_MAX skill.STEP_TROT_MAX --swing-lift 20 --results-csv outputs/swing_lift_steps.csv,26,step_up,1,4.354252454311711,on,6,5,0.14,30,skill.STEP_TROT_MAX,step_up_0p14,0,4,2026-08-29T15:41:01Z,TROT,699,20.0,nan
--headless --device cpu --reps 5 --foot-comp on --heading heading-only --params skill.STEP_WALK_MAX skill.STEP_TROT_MAX --swing-lift 20 --results-csv outputs/swing_lift_steps.csv,26,step_up,1,4.358084077330835,on,6,5,0.16,30,skill.STEP_TROT_MAX,step_up_0p16,0,4,2026-08-29T15:41:01Z,TROT,699,20.0,nan
--headless --device cpu --reps 5 --foot-comp on --heading heading-only --params skill.STEP_WALK_MAX skill.STEP_TROT_MAX --swing-lift 20 --results-csv outputs/swing_lift_steps.csv,26,step_up,1,4.347512726440438,on,6,5,0.18,30,skill.STEP_TROT_MAX,step_up_0p18,0,4,2026-08-29T15:41:01Z,TROT,699,20.0,nan
--headless --device cpu --reps 5 --foot-comp on --heading heading-only --params skill.STEP_WALK_MAX skill.STEP_TROT_MAX --swing-lift 20 --results-csv outputs/swing_lift_steps.csv,26,step_up,1,4.375016386714621,on,6,5,0.2,30,skill.STEP_TROT_MAX,step_up_0p20,0,4,2026-08-29T15:41:01Z,TROT,699,20.0,nan
--headless --device cpu --reps 5 --foot-comp on --heading heading-only --params skill.STEP_WALK_MAX skill.STEP_TROT_MAX --swing-lift 20 --results-csv outputs/swing_lift_steps.csv,26,step_up,1,4.362754192803656,on,6,5,0.22,30,skill.STEP_TROT_MAX,step_up_0p22,0,4,2026-08-29T15:41:01Z,TROT,699,20.0,nan
--headless --device cpu --reps 5 --foot-comp on --heading heading-only --params skill.STEP_WALK_MAX skill.STEP_TROT_MAX --swing-lift 20 --results-csv outputs/swing_lift_steps.csv,26,step_up,1,4.3746402759660485,on,6,5,0.24,30,skill.STEP_TROT_MAX,step_up_0p24,0,4,2026-08-29T15:41:01Z,TROT,699,20.0,nan
--headless --device cpu --reps 5 --foot-comp on --heading heading-only --params skill.STEP_WALK_MAX skill.STEP_TROT_MAX --swing-lift 20 --results-csv outputs/swing_lift_steps.csv,26,step_up,1,4.358377683298248,on,6,5,0.26,30,skill.STEP_TROT_MAX,step_up_0p26,0,4,2026-08-29T15:41:01Z,TROT,699,20.0,nan
--headless --device cpu --reps 5 --foot-comp on --heading heading-only --params skill.STEP_WALK_MAX skill.STEP_TROT_MAX --swing-lift 20 --results-csv outputs/swing_lift_steps.csv,26,step_up,1,4.368385313765358,on,6,5,0.28,30,skill.STEP_TROT_MAX,step_up_0p28,0,4,2026-08-29T15:41:01Z,TROT,699,20.0,nan
--headless --device cpu --reps 5 --foot-comp on --heading heading-only --params skill.STEP_WALK_MAX skill.STEP_TROT_MAX --swing-lift 20 --results-csv outputs/swing_lift_steps.csv,26,step_up,1,4.353683739742103,on,6,5,0.3,30,skill.STEP_TROT_MAX,step_up_0p30,0,4,2026-08-29T15:41:01Z,TROT,699,20.0,nan
--headless --device cpu --reps 5 --foot-comp on --heading heading-only --params skill.STEP_WALK_MAX skill.STEP_TROT_MAX --swing-lift 40 --results-csv outputs/swing_lift_steps.csv,0,step_up,1,3.6064406155631032,on,6,5,0.02,30,skill.STEP_WALK_MAX,step_up_0p02,0,0,2026-08-29T15:43:45Z,WALK,817,40.0,nan
--headless --device cpu --reps 5 --foot-comp on --heading heading-only --params skill.STEP_WALK_MAX skill.STEP_TROT_MAX --swing-lift 40 --results-csv outputs/swing_lift_steps.csv,0,step_up,1,2.535884430756023,on,6,5,0.04,30,skill.STEP_WALK_MAX,step_up_0p04,0,0,2026-08-29T15:43:45Z,WALK,817,40.0,nan
--headless --device cpu --reps 5 --foot-comp on --heading heading-only --params skill.STEP_WALK_MAX skill.STEP_TROT_MAX --swing-lift 40 --results-csv outputs/swing_lift_steps.csv,0,step_up,1,3.533687699060403,on,6,5,0.06,30,skill.STEP_WALK_MAX,step_up_0p06,0,0,2026-08-29T15:43:45Z,WALK,817,40.0,nan
--headless --device cpu --reps 5 --foot-comp on --heading heading-only --params skill.STEP_WALK_MAX skill.STEP_TROT_MAX --swing-lift 40 --results-csv outputs/swing_lift_steps.csv,0,step_up,1,2.7913898332561367,on,6,5,0.08,30,skill.STEP_WALK_MAX,step_up_0p08,0,0,2026-08-29T15:43:45Z,WALK,817,40.0,nan
--headless --device cpu --reps 5 --foot-comp on --heading heading-only --params skill.STEP_WALK_MAX skill.STEP_TROT_MAX --swing-lift 40 --results-csv outputs/swing_lift_steps.csv,0,step_up,1,3.0167607693051774,on,6,5,0.1,30,skill.STEP_WALK_MAX,step_up_0p10,0,0,2026-08-29T15:43:45Z,WALK,817,40.0,nan
--headless --device cpu --reps 5 --foot-comp on --heading heading-only --params skill.STEP_WALK_MAX skill.STEP_TROT_MAX --swing-lift 40 --results-csv outputs/swing_lift_steps.csv,0,step_up,1,3.726422991354867,on,6,5,0.12,30,skill.STEP_WALK_MAX,step_up_0p12,0,0,2026-08-29T15:43:45Z,WALK,817,40.0,nan
--headless --device cpu --reps 5 --foot-comp on --heading heading-only --params skill.STEP_WALK_MAX skill.STEP_TROT_MAX --swing-lift 40 --results-csv outputs/swing_lift_steps.csv,0,step_up,1,2.398174879395685,on,6,5,0.14,30,skill.STEP_WALK_MAX,step_up_0p14,0,0,2026-08-29T15:43:45Z,WALK,817,40.0,nan
--headless --device cpu --reps 5 --foot-comp on --heading heading-only --params skill.STEP_WALK_MAX skill.STEP_TROT_MAX --swing-lift 40 --results-csv outputs/swing_lift_steps.csv,0,step_up,1,2.4763018717362604,on,6,5,0.16,30,skill.STEP_WALK_MAX,step_up_0p16,0,0,2026-08-29T15:43:45Z,WALK,817,40.0,nan
--headless --device cpu --reps 5 --foot-comp on --heading heading-only --params skill.STEP_WALK_MAX skill.STEP_TROT_MAX --swing-lift 40 --results-csv outputs/swing_lift_steps.csv,0,step_up,1,3.857815908966346,on,6,5,0.18,30,skill.STEP_WALK_MAX,step_up_0p18,0,0,2026-08-29T15:43:45Z,WALK,817,40.0,nan
--headless --device cpu --reps 5 --foot-comp on --heading heading-only --params skill.STEP_WALK_MAX skill.STEP_TROT_MAX --swing-lift 40 --results-csv outputs/swing_lift_steps.csv,0,step_up,1,3.2875093774184996,on,6,5,0.2,30,skill.STEP_WALK_MAX,step_up_0p20,0,0,2026-08-29T15:43:45Z,WALK,817,40.0,nan
--headless --device cpu --reps 5 --foot-comp on --heading heading-only --params skill.STEP_WALK_MAX skill.STEP_TROT_MAX --swing-lift 40 --results-csv outputs/swing_lift_steps.csv,0,step_up,1,2.450044468858114,on,6,5,0.22,30,skill.STEP_WALK_MAX,step_up_0p22,0,0,2026-08-29T15:43:45Z,WALK,817,40.0,nan
--headless --device cpu --reps 5 --foot-comp on --heading heading-only --params skill.STEP_WALK_MAX skill.STEP_TROT_MAX --swing-lift 40 --results-csv outputs/swing_lift_steps.csv,0,step_up,1,2.058444424052375,on,6,5,0.24,30,skill.STEP_WALK_MAX,step_up_0p24,0,0,2026-08-29T15:43:45Z,WALK,817,40.0,nan
--headless --device cpu --reps 5 --foot-comp on --heading heading-only --params skill.STEP_WALK_MAX skill.STEP_TROT_MAX --swing-lift 40 --results-csv outputs/swing_lift_steps.csv,0,step_up,1,2.5002855888246986,on,6,5,0.26,30,skill.STEP_WALK_MAX,step_up_0p26,0,0,2026-08-29T15:43:45Z,WALK,817,40.0,nan
--headless --device cpu --reps 5 --foot-comp on --heading heading-only --params skill.STEP_WALK_MAX skill.STEP_TROT_MAX --swing-lift 40 --results-csv outputs/swing_lift_steps.csv,0,step_up,1,3.4356466210479346,on,6,5,0.28,30,skill.STEP_WALK_MAX,step_up_0p28,0,0,2026-08-29T15:43:45Z,WALK,817,40.0,nan
--headless --device cpu --reps 5 --foot-comp on --heading heading-only --params skill.STEP_WALK_MAX skill.STEP_TROT_MAX --swing-lift 40 --results-csv outputs/swing_lift_steps.csv,0,step_up,1,2.992644318414327,on,6,5,0.3,30,skill.STEP_WALK_MAX,step_up_0p30,0,0,2026-08-29T15:43:45Z,WALK,817,40.0,nan
--headless --device cpu --reps 5 --foot-comp on --heading heading-only --params skill.STEP_WALK_MAX skill.STEP_TROT_MAX --swing-lift 40 --results-csv outputs/swing_lift_steps.csv,0,step_up,1,2.6082223328006675,on,6,5,0.02,30,skill.STEP_TROT_MAX,step_up_0p02,0,0,2026-08-29T15:43:45Z,TROT,817,40.0,nan
--headless --device cpu --reps 5 --foot-comp on --heading heading-only --params skill.STEP_WALK_MAX skill.STEP_TROT_MAX --swing-lift 40 --results-csv outputs/swing_lift_steps.csv,0,step_up,1,2.918607426144206,on,6,5,0.04,30,skill.STEP_TROT_MAX,step_up_0p04,0,0,2026-08-29T15:43:45Z,TROT,817,40.0,nan
--headless --device cpu --reps 5 --foot-comp on --heading heading-only --params skill.STEP_WALK_MAX skill.STEP_TROT_MAX --swing-lift 40 --results-csv outputs/swing_lift_steps.csv,0,step_up,1,2.829663815026437,on,6,5,0.06,30,skill.STEP_TROT_MAX,step_up_0p06,0,0,2026-08-29T15:43:45Z,TROT,817,40.0,nan
--headless --device cpu --reps 5 --foot-comp on --heading heading-only --params skill.STEP_WALK_MAX skill.STEP_TROT_MAX --swing-lift 40 --results-csv outputs/swing_lift_steps.csv,0,step_up,1,2.968581071861338,on,6,5,0.08,30,skill.STEP_TROT_MAX,step_up_0p08,0,0,2026-08-29T15:43:45Z,TROT,817,40.0,nan
--headless --device cpu --reps 5 --foot-comp on --heading heading-only --params skill.STEP_WALK_MAX skill.STEP_TROT_MAX --swing-lift 40 --results-csv outputs/swing_lift_steps.csv,0,step_up,1,2.5119965020252994,on,6,5,0.1,30,skill.STEP_TROT_MAX,step_up_0p10,0,0,2026-08-29T15:43:45Z,TROT,817,40.0,nan
--headless --device cpu --reps 5 --foot-comp on --heading heading-only --params skill.STEP_WALK_MAX skill.STEP_TROT_MAX --swing-lift 40 --results-csv outputs/swing_lift_steps.csv,0,step_up,1,2.8298098949168993,on,6,5,0.12,30,skill.STEP_TROT_MAX,step_up_0p12,0,0,2026-08-29T15:43:45Z,TROT,817,40.0,nan
--headless --device cpu --reps 5 --foot-comp on --heading heading-only --params skill.STEP_WALK_MAX skill.STEP_TROT_MAX --swing-lift 40 --results-csv outputs/swing_lift_steps.csv,0,step_up,1,2.5771867711073013,on,6,5,0.14,30,skill.STEP_TROT_MAX,step_up_0p14,0,0,2026-08-29T15:43:45Z,TROT,817,40.0,nan
--headless --device cpu --reps 5 --foot-comp on --heading heading-only --params skill.STEP_WALK_MAX skill.STEP_TROT_MAX --swing-lift 40 --results-csv outputs/swing_lift_steps.csv,0,step_up,1,2.9052738120520525,on,6,5,0.16,30,skill.STEP_TROT_MAX,step_up_0p16,0,0,2026-08-29T15:43:45Z,TROT,817,40.0,nan
--headless --device cpu --reps 5 --foot-comp on --heading heading-only --params skill.STEP_WALK_MAX skill.STEP_TROT_MAX --swing-lift 40 --results-csv outputs/swing_lift_steps.csv,0,step_up,1,2.851879271051604,on,6,5,0.18,30,skill.STEP_TROT_MAX,step_up_0p18,0,0,2026-08-29T15:43:45Z,TROT,817,40.0,nan
--headless --device cpu --reps 5 --foot-comp on --heading heading-only --params skill.STEP_WALK_MAX skill.STEP_TROT_MAX --swing-lift 40 --results-csv outputs/swing_lift_steps.csv,0,step_up,1,2.836758958988121,on,6,5,0.2,30,skill.STEP_TROT_MAX,step_up_0p20,0,0,2026-08-29T15:43:45Z,TROT,817,40.0,nan
--headless --device cpu --reps 5 --foot-comp on --heading heading-only --params skill.STEP_WALK_MAX skill.STEP_TROT_MAX --swing-lift 40 --results-csv outputs/swing_lift_steps.csv,0,step_up,1,2.6103478332338677,on,6,5,0.22,30,skill.STEP_TROT_MAX,step_up_0p22,0,0,2026-08-29T15:43:45Z,TROT,817,40.0,nan
--headless --device cpu --reps 5 --foot-comp on --heading heading-only --params skill.STEP_WALK_MAX skill.STEP_TROT_MAX --swing-lift 40 --results-csv outputs/swing_lift_steps.csv,0,step_up,1,3.0360936730005563,on,6,5,0.24,30,skill.STEP_TROT_MAX,step_up_0p24,0,0,2026-08-29T15:43:45Z,TROT,817,40.0,nan
--headless --device cpu --reps 5 --foot-comp on --heading heading-only --params skill.STEP_WALK_MAX skill.STEP_TROT_MAX --swing-lift 40 --results-csv outputs/swing_lift_steps.csv,0,step_up,1,2.867577260135848,on,6,5,0.26,30,skill.STEP_TROT_MAX,step_up_0p26,0,0,2026-08-29T15:43:45Z,TROT,817,40.0,nan
--headless --device cpu --reps 5 --foot-comp on --heading heading-only --params skill.STEP_WALK_MAX skill.STEP_TROT_MAX --swing-lift 40 --results-csv outputs/swing_lift_steps.csv,0,step_up,1,3.0074406879880278,on,6,5,0.28,30,skill.STEP_TROT_MAX,step_up_0p28,0,0,2026-08-29T15:43:45Z,TROT,817,40.0,nan
--headless --device cpu --reps 5 --foot-comp on --heading heading-only --params skill.STEP_WALK_MAX skill.STEP_TROT_MAX --swing-lift 40 --results-csv outputs/swing_lift_steps.csv,0,step_up,1,3.009640826080055,on,6,5,0.3,30,skill.STEP_TROT_MAX,step_up_0p30,0,0,2026-08-29T15:43:45Z,TROT,817,40.0,nan
--headless --device cpu --reps 5 --foot-comp on --heading heading-only --params skill.STEP_WALK_MAX skill.STEP_TROT_MAX --swing-lift 40 --results-csv outputs/swing_lift_steps.csv,7,step_up,1,2.4267846076829156,on,6,5,0.02,30,skill.STEP_WALK_MAX,step_up_0p02,0,1,2026-08-29T15:43:45Z,WALK,774,40.0,nan
--headless --device cpu --reps 5 --foot-comp on --heading heading-only --params skill.STEP_WALK_MAX skill.STEP_TROT_MAX --swing-lift 40 --results-csv outputs/swing_lift_steps.csv,7,step_up,1,2.0437251832293013,on,6,5,0.04,30,skill.STEP_WALK_MAX,step_up_0p04,0,1,2026-08-29T15:43:45Z,WALK,774,40.0,nan
--headless --device cpu --reps 5 --foot-comp on --heading heading-only --params skill.STEP_WALK_MAX skill.STEP_TROT_MAX --swing-lift 40 --results-csv outputs/swing_lift_steps.csv,7,step_up,1,2.621374404890581,on,6,5,0.06,30,skill.STEP_WALK_MAX,step_up_0p06,0,1,2026-08-29T15:43:45Z,WALK,774,40.0,nan
--headless --device cpu --reps 5 --foot-comp on --heading heading-only --params skill.STEP_WALK_MAX skill.STEP_TROT_MAX --swing-lift 40 --results-csv outputs/swing_lift_steps.csv,7,step_up,1,2.4046992401064484,on,6,5,0.08,30,skill.STEP_WALK_MAX,step_up_0p08,0,1,2026-08-29T15:43:45Z,WALK,774,40.0,nan
--headless --device cpu --reps 5 --foot-comp on --heading heading-only --params skill.STEP_WALK_MAX skill.STEP_TROT_MAX --swing-lift 40 --results-csv outputs/swing_lift_steps.csv,7,step_up,1,3.4374324329422468,on,6,5,0.1,30,skill.STEP_WALK_MAX,step_up_0p10,0,1,2026-08-29T15:43:45Z,WALK,774,40.0,nan
--headless --device cpu --reps 5 --foot-comp on --heading heading-only --params skill.STEP_WALK_MAX skill.STEP_TROT_MAX --swing-lift 40 --results-csv outputs/swing_lift_steps.csv,7,step_up,1,2.507124980450115,on,6,5,0.12,30,skill.STEP_WALK_MAX,step_up_0p12,0,1,2026-08-29T15:43:45Z,WALK,774,40.0,nan
--headless --device cpu --reps 5 --foot-comp on --heading heading-only --params skill.STEP_WALK_MAX skill.STEP_TROT_MAX --swing-lift 40 --results-csv outputs/swing_lift_steps.csv,7,step_up,1,2.526424611992249,on,6,5,0.14,30,skill.STEP_WALK_MAX,step_up_0p14,0,1,2026-08-29T15:43:45Z,WALK,774,40.0,nan
--headless --device cpu --reps 5 --foot-comp on --heading heading-only --params skill.STEP_WALK_MAX skill.STEP_TROT_MAX --swing-lift 40 --results-csv outputs/swing_lift_steps.csv,7,step_up,1,2.3847981017320556,on,6,5,0.16,30,skill.STEP_WALK_MAX,step_up_0p16,0,1,2026-08-29T15:43:45Z,WALK,774,40.0,nan
--headless --device cpu --reps 5 --foot-comp on --heading heading-only --params skill.STEP_WALK_MAX skill.STEP_TROT_MAX --swing-lift 40 --results-csv outputs/swing_lift_steps.csv,7,step_up,1,2.433708732665644,on,6,5,0.18,30,skill.STEP_WALK_MAX,step_up_0p18,0,1,2026-08-29T15:43:45Z,WALK,774,40.0,nan
--headless --device cpu --reps 5 --foot-comp on --heading heading-only --params skill.STEP_WALK_MAX skill.STEP_TROT_MAX --swing-lift 40 --results-csv outputs/swing_lift_steps.csv,7,step_up,1,2.4937776860491825,on,6,5,0.2,30,skill.STEP_WALK_MAX,step_up_0p20,0,1,2026-08-29T15:43:45Z,WALK,774,40.0,nan
--headless --device cpu --reps 5 --foot-comp on --heading heading-only --params skill.STEP_WALK_MAX skill.STEP_TROT_MAX --swing-lift 40 --results-csv outputs/swing_lift_steps.csv,7,step_up,1,2.452244219811869,on,6,5,0.22,30,skill.STEP_WALK_MAX,step_up_0p22,0,1,2026-08-29T15:43:45Z,WALK,774,40.0,nan
--headless --device cpu --reps 5 --foot-comp on --heading heading-only --params skill.STEP_WALK_MAX skill.STEP_TROT_MAX --swing-lift 40 --results-csv outputs/swing_lift_steps.csv,7,step_up,1,2.518179117221247,on,6,5,0.24,30,skill.STEP_WALK_MAX,step_up_0p24,0,1,2026-08-29T15:43:45Z,WALK,774,40.0,nan
--headless --device cpu --reps 5 --foot-comp on --heading heading-only --params skill.STEP_WALK_MAX skill.STEP_TROT_MAX --swing-lift 40 --results-csv outputs/swing_lift_steps.csv,7,step_up,1,2.4692470552516435,on,6,5,0.26,30,skill.STEP_WALK_MAX,step_up_0p26,0,1,2026-08-29T15:43:45Z,WALK,774,40.0,nan
--headless --device cpu --reps 5 --foot-comp on --heading heading-only --params skill.STEP_WALK_MAX skill.STEP_TROT_MAX --swing-lift 40 --results-csv outputs/swing_lift_steps.csv,7,step_up,1,2.4175428771364404,on,6,5,0.28,30,skill.STEP_WALK_MAX,step_up_0p28,0,1,2026-08-29T15:43:45Z,WALK,774,40.0,nan
--headless --device cpu --reps 5 --foot-comp on --heading heading-only --params skill.STEP_WALK_MAX skill.STEP_TROT_MAX --swing-lift 40 --results-csv outputs/swing_lift_steps.csv,7,step_up,1,2.5326864670729936,on,6,5,0.3,30,skill.STEP_WALK_MAX,step_up_0p30,0,1,2026-08-29T15:43:45Z,WALK,774,40.0,nan
--headless --device cpu --reps 5 --foot-comp on --heading heading-only --params skill.STEP_WALK_MAX skill.STEP_TROT_MAX --swing-lift 40 --results-csv outputs/swing_lift_steps.csv,6,step_up,1,3.6598470408927515,on,6,5,0.02,30,skill.STEP_TROT_MAX,step_up_0p02,0,1,2026-08-29T15:43:45Z,TROT,774,40.0,nan
--headless --device cpu --reps 5 --foot-comp on --heading heading-only --params skill.STEP_WALK_MAX skill.STEP_TROT_MAX --swing-lift 40 --results-csv outputs/swing_lift_steps.csv,6,step_up,1,3.609116957218307,on,6,5,0.04,30,skill.STEP_TROT_MAX,step_up_0p04,0,1,2026-08-29T15:43:45Z,TROT,774,40.0,nan
--headless --device cpu --reps 5 --foot-comp on --heading heading-only --params skill.STEP_WALK_MAX skill.STEP_TROT_MAX --swing-lift 40 --results-csv outputs/swing_lift_steps.csv,6,step_up,1,3.593172415978084,on,6,5,0.06,30,skill.STEP_TROT_MAX,step_up_0p06,0,1,2026-08-29T15:43:45Z,TROT,774,40.0,nan
--headless --device cpu --reps 5 --foot-comp on --heading heading-only --params skill.STEP_WALK_MAX skill.STEP_TROT_MAX --swing-lift 40 --results-csv outputs/swing_lift_steps.csv,6,step_up,1,3.629542332028363,on,6,5,0.08,30,skill.STEP_TROT_MAX,step_up_0p08,0,1,2026-08-29T15:43:45Z,TROT,774,40.0,nan
--headless --device cpu --reps 5 --foot-comp on --heading heading-only --params skill.STEP_WALK_MAX skill.STEP_TROT_MAX --swing-lift 40 --results-csv outputs/swing_lift_steps.csv,6,step_up,1,3.6522848242266055,on,6,5,0.1,30,skill.STEP_TROT_MAX,step_up_0p10,0,1,2026-08-29T15:43:45Z,TROT,774,40.0,nan
--headless --device cpu --reps 5 --foot-comp on --heading heading-only --params skill.STEP_WALK_MAX skill.STEP_TROT_MAX --swing-lift 40 --results-csv outputs/swing_lift_steps.csv,6,step_up,1,3.640056933395321,on,6,5,0.12,30,skill.STEP_TROT_MAX,step_up_0p12,0,1,2026-08-29T15:43:45Z,TROT,774,40.0,nan
--headless --device cpu --reps 5 --foot-comp on --heading heading-only --params skill.STEP_WALK_MAX skill.STEP_TROT_MAX --swing-lift 40 --results-csv outputs/swing_lift_steps.csv,6,step_up,1,3.634262166067561,on,6,5,0.14,30,skill.STEP_TROT_MAX,step_up_0p14,0,1,2026-08-29T15:43:45Z,TROT,774,40.0,nan
--headless --device cpu --reps 5 --foot-comp on --heading heading-only --params skill.STEP_WALK_MAX skill.STEP_TROT_MAX --swing-lift 40 --results-csv outputs/swing_lift_steps.csv,6,step_up,1,3.6594261322686843,on,6,5,0.16,30,skill.STEP_TROT_MAX,step_up_0p16,0,1,2026-08-29T15:43:45Z,TROT,774,40.0,nan
--headless --device cpu --reps 5 --foot-comp on --heading heading-only --params skill.STEP_WALK_MAX skill.STEP_TROT_MAX --swing-lift 40 --results-csv outputs/swing_lift_steps.csv,6,step_up,1,3.619248986857207,on,6,5,0.18,30,skill.STEP_TROT_MAX,step_up_0p18,0,1,2026-08-29T15:43:45Z,TROT,774,40.0,nan
--headless --device cpu --reps 5 --foot-comp on --heading heading-only --params skill.STEP_WALK_MAX skill.STEP_TROT_MAX --swing-lift 40 --results-csv outputs/swing_lift_steps.csv,6,step_up,1,3.662686369142433,on,6,5,0.2,30,skill.STEP_TROT_MAX,step_up_0p20,0,1,2026-08-29T15:43:45Z,TROT,774,40.0,nan
--headless --device cpu --reps 5 --foot-comp on --heading heading-only --params skill.STEP_WALK_MAX skill.STEP_TROT_MAX --swing-lift 40 --results-csv outputs/swing_lift_steps.csv,6,step_up,1,3.649620293427014,on,6,5,0.22,30,skill.STEP_TROT_MAX,step_up_0p22,0,1,2026-08-29T15:43:45Z,TROT,774,40.0,nan
--headless --device cpu --reps 5 --foot-comp on --heading heading-only --params skill.STEP_WALK_MAX skill.STEP_TROT_MAX --swing-lift 40 --results-csv outputs/swing_lift_steps.csv,6,step_up,1,3.648856428423238,on,6,5,0.24,30,skill.STEP_TROT_MAX,step_up_0p24,0,1,2026-08-29T15:43:45Z,TROT,774,40.0,nan
--headless --device cpu --reps 5 --foot-comp on --heading heading-only --params skill.STEP_WALK_MAX skill.STEP_TROT_MAX --swing-lift 40 --results-csv outputs/swing_lift_steps.csv,6,step_up,1,3.6605540706903654,on,6,5,0.26,30,skill.STEP_TROT_MAX,step_up_0p26,0,1,2026-08-29T15:43:45Z,TROT,774,40.0,nan
--headless --device cpu --reps 5 --foot-comp on --heading heading-only --params skill.STEP_WALK_MAX skill.STEP_TROT_MAX --swing-lift 40 --results-csv outputs/swing_lift_steps.csv,6,step_up,1,3.642537784063232,on,6,5,0.28,30,skill.STEP_TROT_MAX,step_up_0p28,0,1,2026-08-29T15:43:45Z,TROT,774,40.0,nan
--headless --device cpu --reps 5 --foot-comp on --heading heading-only --params skill.STEP_WALK_MAX skill.STEP_TROT_MAX --swing-lift 40 --results-csv outputs/swing_lift_steps.csv,6,step_up,1,3.6285756897750256,on,6,5,0.3,30,skill.STEP_TROT_MAX,step_up_0p30,0,1,2026-08-29T15:43:45Z,TROT,774,40.0,nan
--headless --device cpu --reps 5 --foot-comp on --heading heading-only --params skill.STEP_WALK_MAX skill.STEP_TROT_MAX --swing-lift 40 --results-csv outputs/swing_lift_steps.csv,15,step_up,1,2.921558078802756,on,6,5,0.02,30,skill.STEP_WALK_MAX,step_up_0p02,0,2,2026-08-29T15:43:45Z,WALK,664,40.0,nan
--headless --device cpu --reps 5 --foot-comp on --heading heading-only --params skill.STEP_WALK_MAX skill.STEP_TROT_MAX --swing-lift 40 --results-csv outputs/swing_lift_steps.csv,15,step_up,1,2.9039380630639027,on,6,5,0.04,30,skill.STEP_WALK_MAX,step_up_0p04,0,2,2026-08-29T15:43:45Z,WALK,664,40.0,nan
--headless --device cpu --reps 5 --foot-comp on --heading heading-only --params skill.STEP_WALK_MAX skill.STEP_TROT_MAX --swing-lift 40 --results-csv outputs/swing_lift_steps.csv,15,step_up,1,2.6320214926125787,on,6,5,0.06,30,skill.STEP_WALK_MAX,step_up_0p06,0,2,2026-08-29T15:43:45Z,WALK,664,40.0,nan
--headless --device cpu --reps 5 --foot-comp on --heading heading-only --params skill.STEP_WALK_MAX skill.STEP_TROT_MAX --swing-lift 40 --results-csv outputs/swing_lift_steps.csv,15,step_up,1,2.6182415962247045,on,6,5,0.08,30,skill.STEP_WALK_MAX,step_up_0p08,0,2,2026-08-29T15:43:45Z,WALK,664,40.0,nan
--headless --device cpu --reps 5 --foot-comp on --heading heading-only --params skill.STEP_WALK_MAX skill.STEP_TROT_MAX --swing-lift 40 --results-csv outputs/swing_lift_steps.csv,15,step_up,1,2.875844123383042,on,6,5,0.1,30,skill.STEP_WALK_MAX,step_up_0p10,0,2,2026-08-29T15:43:45Z,WALK,664,40.0,nan
--headless --device cpu --reps 5 --foot-comp on --heading heading-only --params skill.STEP_WALK_MAX skill.STEP_TROT_MAX --swing-lift 40 --results-csv outputs/swing_lift_steps.csv,15,step_up,1,2.746767159233843,on,6,5,0.12,30,skill.STEP_WALK_MAX,step_up_0p12,0,2,2026-08-29T15:43:45Z,WALK,664,40.0,nan
--headless --device cpu --reps 5 --foot-comp on --heading heading-only --params skill.STEP_WALK_MAX skill.STEP_TROT_MAX --swing-lift 40 --results-csv outputs/swing_lift_steps.csv,15,step_up,1,2.7245683496991124,on,6,5,0.14,30,skill.STEP_WALK_MAX,step_up_0p14,0,2,2026-08-29T15:43:45Z,WALK,664,40.0,nan
--headless --device cpu --reps 5 --foot-comp on --heading heading-only --params skill.STEP_WALK_MAX skill.STEP_TROT_MAX --swing-lift 40 --results-csv outputs/swing_lift_steps.csv,15,step_up,1,2.52373017749188,on,6,5,0.16,30,skill.STEP_WALK_MAX,step_up_0p16,0,2,2026-08-29T15:43:45Z,WALK,664,40.0,nan
--headless --device cpu --reps 5 --foot-comp on --heading heading-only --params skill.STEP_WALK_MAX skill.STEP_TROT_MAX --swing-lift 40 --results-csv outputs/swing_lift_steps.csv,15,step_up,1,2.900465910230695,on,6,5,0.18,30,skill.STEP_WALK_MAX,step_up_0p18,0,2,2026-08-29T15:43:45Z,WALK,664,40.0,nan
--headless --device cpu --reps 5 --foot-comp on --heading heading-only --params skill.STEP_WALK_MAX skill.STEP_TROT_MAX --swing-lift 40 --results-csv outputs/swing_lift_steps.csv,15,step_up,1,2.5650377230732766,on,6,5,0.2,30,skill.STEP_WALK_MAX,step_up_0p20,0,2,2026-08-29T15:43:45Z,WALK,664,40.0,nan
--headless --device cpu --reps 5 --foot-comp on --heading heading-only --params skill.STEP_WALK_MAX skill.STEP_TROT_MAX --swing-lift 40 --results-csv outputs/swing_lift_steps.csv,15,step_up,1,2.7449536417972147,on,6,5,0.22,30,skill.STEP_WALK_MAX,step_up_0p22,0,2,2026-08-29T15:43:45Z,WALK,664,40.0,nan
--headless --device cpu --reps 5 --foot-comp on --heading heading-only --params skill.STEP_WALK_MAX skill.STEP_TROT_MAX --swing-lift 40 --results-csv outputs/swing_lift_steps.csv,15,step_up,1,2.74386875381682,on,6,5,0.24,30,skill.STEP_WALK_MAX,step_up_0p24,0,2,2026-08-29T15:43:45Z,WALK,664,40.0,nan
--headless --device cpu --reps 5 --foot-comp on --heading heading-only --params skill.STEP_WALK_MAX skill.STEP_TROT_MAX --swing-lift 40 --results-csv outputs/swing_lift_steps.csv,15,step_up,1,2.6718624374648785,on,6,5,0.26,30,skill.STEP_WALK_MAX,step_up_0p26,0,2,2026-08-29T15:43:45Z,WALK,664,40.0,nan
--headless --device cpu --reps 5 --foot-comp on --heading heading-only --params skill.STEP_WALK_MAX skill.STEP_TROT_MAX --swing-lift 40 --results-csv outputs/swing_lift_steps.csv,15,step_up,1,2.8605384231871,on,6,5,0.28,30,skill.STEP_WALK_MAX,step_up_0p28,0,2,2026-08-29T15:43:45Z,WALK,664,40.0,nan
--headless --device cpu --reps 5 --foot-comp on --heading heading-only --params skill.STEP_WALK_MAX skill.STEP_TROT_MAX --swing-lift 40 --results-csv outputs/swing_lift_steps.csv,15,step_up,1,2.7271524748753366,on,6,5,0.3,30,skill.STEP_WALK_MAX,step_up_0p30,0,2,2026-08-29T15:43:45Z,WALK,664,40.0,nan
--headless --device cpu --reps 5 --foot-comp on --heading heading-only --params skill.STEP_WALK_MAX skill.STEP_TROT_MAX --swing-lift 40 --results-csv outputs/swing_lift_steps.csv,13,step_up,1,4.310924988332721,on,6,5,0.02,30,skill.STEP_TROT_MAX,step_up_0p02,0,2,2026-08-29T15:43:45Z,TROT,664,40.0,nan
--headless --device cpu --reps 5 --foot-comp on --heading heading-only --params skill.STEP_WALK_MAX skill.STEP_TROT_MAX --swing-lift 40 --results-csv outputs/swing_lift_steps.csv,13,step_up,1,4.143013563528978,on,6,5,0.04,30,skill.STEP_TROT_MAX,step_up_0p04,0,2,2026-08-29T15:43:45Z,TROT,664,40.0,nan
--headless --device cpu --reps 5 --foot-comp on --heading heading-only --params skill.STEP_WALK_MAX skill.STEP_TROT_MAX --swing-lift 40 --results-csv outputs/swing_lift_steps.csv,13,step_up,1,4.2774117133743,on,6,5,0.06,30,skill.STEP_TROT_MAX,step_up_0p06,0,2,2026-08-29T15:43:45Z,TROT,664,40.0,nan
--headless --device cpu --reps 5 --foot-comp on --heading heading-only --params skill.STEP_WALK_MAX skill.STEP_TROT_MAX --swing-lift 40 --results-csv outputs/swing_lift_steps.csv,13,step_up,1,4.574295779225552,on,6,5,0.08,30,skill.STEP_TROT_MAX,step_up_0p08,0,2,2026-08-29T15:43:45Z,TROT,664,40.0,nan
--headless --device cpu --reps 5 --foot-comp on --heading heading-only --params skill.STEP_WALK_MAX skill.STEP_TROT_MAX --swing-lift 40 --results-csv outputs/swing_lift_steps.csv,13,step_up,1,4.189358601302429,on,6,5,0.1,30,skill.STEP_TROT_MAX,step_up_0p10,0,2,2026-08-29T15:43:45Z,TROT,664,40.0,nan
--headless --device cpu --reps 5 --foot-comp on --heading heading-only --params skill.STEP_WALK_MAX skill.STEP_TROT_MAX --swing-lift 40 --results-csv outputs/swing_lift_steps.csv,13,step_up,1,4.160922799073487,on,6,5,0.12,30,skill.STEP_TROT_MAX,step_up_0p12,0,2,2026-08-29T15:43:45Z,TROT,664,40.0,nan
--headless --device cpu --reps 5 --foot-comp on --heading heading-only --params skill.STEP_WALK_MAX skill.STEP_TROT_MAX --swing-lift 40 --results-csv outputs/swing_lift_steps.csv,13,step_up,1,4.200855187041807,on,6,5,0.14,30,skill.STEP_TROT_MAX,step_up_0p14,0,2,2026-08-29T15:43:45Z,TROT,664,40.0,nan
--headless --device cpu --reps 5 --foot-comp on --heading heading-only --params skill.STEP_WALK_MAX skill.STEP_TROT_MAX --swing-lift 40 --results-csv outputs/swing_lift_steps.csv,13,step_up,1,4.480070581044795,on,6,5,0.16,30,skill.STEP_TROT_MAX,step_up_0p16,0,2,2026-08-29T15:43:45Z,TROT,664,40.0,nan
--headless --device cpu --reps 5 --foot-comp on --heading heading-only --params skill.STEP_WALK_MAX skill.STEP_TROT_MAX --swing-lift 40 --results-csv outputs/swing_lift_steps.csv,13,step_up,1,4.486548098013699,on,6,5,0.18,30,skill.STEP_TROT_MAX,step_up_0p18,0,2,2026-08-29T15:43:45Z,TROT,664,40.0,nan
--headless --device cpu --reps 5 --foot-comp on --heading heading-only --params skill.STEP_WALK_MAX skill.STEP_TROT_MAX --swing-lift 40 --results-csv outputs/swing_lift_steps.csv,13,step_up,1,4.2400030701769715,on,6,5,0.2,30,skill.STEP_TROT_MAX,step_up_0p20,0,2,2026-08-29T15:43:45Z,TROT,664,40.0,nan
--headless --device cpu --reps 5 --foot-comp on --heading heading-only --params skill.STEP_WALK_MAX skill.STEP_TROT_MAX --swing-lift 40 --results-csv outputs/swing_lift_steps.csv,13,step_up,1,4.163645168418308,on,6,5,0.22,30,skill.STEP_TROT_MAX,step_up_0p22,0,2,2026-08-29T15:43:45Z,TROT,664,40.0,nan
--headless --device cpu --reps 5 --foot-comp on --heading heading-only --params skill.STEP_WALK_MAX skill.STEP_TROT_MAX --swing-lift 40 --results-csv outputs/swing_lift_steps.csv,13,step_up,1,4.1999879136513165,on,6,5,0.24,30,skill.STEP_TROT_MAX,step_up_0p24,0,2,2026-08-29T15:43:45Z,TROT,664,40.0,nan
--headless --device cpu --reps 5 --foot-comp on --heading heading-only --params skill.STEP_WALK_MAX skill.STEP_TROT_MAX --swing-lift 40 --results-csv outputs/swing_lift_steps.csv,13,step_up,1,4.225649893200016,on,6,5,0.26,30,skill.STEP_TROT_MAX,step_up_0p26,0,2,2026-08-29T15:43:45Z,TROT,664,40.0,nan
--headless --device cpu --reps 5 --foot-comp on --heading heading-only --params skill.STEP_WALK_MAX skill.STEP_TROT_MAX --swing-lift 40 --results-csv outputs/swing_lift_steps.csv,13,step_up,1,3.953400457572196,on,6,5,0.28,30,skill.STEP_TROT_MAX,step_up_0p28,0,2,2026-08-29T15:43:45Z,TROT,664,40.0,nan
--headless --device cpu --reps 5 --foot-comp on --heading heading-only --params skill.STEP_WALK_MAX skill.STEP_TROT_MAX --swing-lift 40 --results-csv outputs/swing_lift_steps.csv,13,step_up,1,4.235450823538893,on,6,5,0.3,30,skill.STEP_TROT_MAX,step_up_0p30,0,2,2026-08-29T15:43:45Z,TROT,664,40.0,nan
--headless --device cpu --reps 5 --foot-comp on --heading heading-only --params skill.STEP_WALK_MAX skill.STEP_TROT_MAX --swing-lift 40 --results-csv outputs/swing_lift_steps.csv,22,step_up,1,4.283783113114699,on,6,5,0.02,30,skill.STEP_WALK_MAX,step_up_0p02,0,3,2026-08-29T15:43:45Z,WALK,835,40.0,nan
--headless --device cpu --reps 5 --foot-comp on --heading heading-only --params skill.STEP_WALK_MAX skill.STEP_TROT_MAX --swing-lift 40 --results-csv outputs/swing_lift_steps.csv,22,step_up,1,2.518392727595835,on,6,5,0.04,30,skill.STEP_WALK_MAX,step_up_0p04,0,3,2026-08-29T15:43:45Z,WALK,835,40.0,nan
--headless --device cpu --reps 5 --foot-comp on --heading heading-only --params skill.STEP_WALK_MAX skill.STEP_TROT_MAX --swing-lift 40 --results-csv outputs/swing_lift_steps.csv,22,step_up,1,4.2159139788291915,on,6,5,0.06,30,skill.STEP_WALK_MAX,step_up_0p06,0,3,2026-08-29T15:43:45Z,WALK,835,40.0,nan
--headless --device cpu --reps 5 --foot-comp on --heading heading-only --params skill.STEP_WALK_MAX skill.STEP_TROT_MAX --swing-lift 40 --results-csv outputs/swing_lift_steps.csv,22,step_up,1,3.2883985353155643,on,6,5,0.08,30,skill.STEP_WALK_MAX,step_up_0p08,0,3,2026-08-29T15:43:45Z,WALK,835,40.0,nan
--headless --device cpu --reps 5 --foot-comp on --heading heading-only --params skill.STEP_WALK_MAX skill.STEP_TROT_MAX --swing-lift 40 --results-csv outputs/swing_lift_steps.csv,22,step_up,1,2.488004597317375,on,6,5,0.1,30,skill.STEP_WALK_MAX,step_up_0p10,0,3,2026-08-29T15:43:45Z,WALK,835,40.0,nan
--headless --device cpu --reps 5 --foot-comp on --heading heading-only --params skill.STEP_WALK_MAX skill.STEP_TROT_MAX --swing-lift 40 --results-csv outputs/swing_lift_steps.csv,22,step_up,1,2.519901025081625,on,6,5,0.12,30,skill.STEP_WALK_MAX,step_up_0p12,0,3,2026-08-29T15:43:45Z,WALK,835,40.0,nan
--headless --device cpu --reps 5 --foot-comp on --heading heading-only --params skill.STEP_WALK_MAX skill.STEP_TROT_MAX --swing-lift 40 --results-csv outputs/swing_lift_steps.csv,22,step_up,1,2.504315286285524,on,6,5,0.14,30,skill.STEP_WALK_MAX,step_up_0p14,0,3,2026-08-29T15:43:45Z,WALK,835,40.0,nan
--headless --device cpu --reps 5 --foot-comp on --heading heading-only --params skill.STEP_WALK_MAX skill.STEP_TROT_MAX --swing-lift 40 --results-csv outputs/swing_lift_steps.csv,22,step_up,1,2.3880337362312822,on,6,5,0.16,30,skill.STEP_WALK_MAX,step_up_0p16,0,3,2026-08-29T15:43:45Z,WALK,835,40.0,nan
--headless --device cpu --reps 5 --foot-comp on --heading heading-only --params skill.STEP_WALK_MAX skill.STEP_TROT_MAX --swing-lift 40 --results-csv outputs/swing_lift_steps.csv,22,step_up,1,2.4369150909817674,on,6,5,0.18,30,skill.STEP_WALK_MAX,step_up_0p18,0,3,2026-08-29T15:43:45Z,WALK,835,40.0,nan
--headless --device cpu --reps 5 --foot-comp on --heading heading-only --params skill.STEP_WALK_MAX skill.STEP_TROT_MAX --swing-lift 40 --results-csv outputs/swing_lift_steps.csv,22,step_up,1,2.447964707919663,on,6,5,0.2,30,skill.STEP_WALK_MAX,step_up_0p20,0,3,2026-08-29T15:43:45Z,WALK,835,40.0,nan
--headless --device cpu --reps 5 --foot-comp on --heading heading-only --params skill.STEP_WALK_MAX skill.STEP_TROT_MAX --swing-lift 40 --results-csv outputs/swing_lift_steps.csv,22,step_up,1,2.38231380385391,on,6,5,0.22,30,skill.STEP_WALK_MAX,step_up_0p22,0,3,2026-08-29T15:43:45Z,WALK,835,40.0,nan
--headless --device cpu --reps 5 --foot-comp on --heading heading-only --params skill.STEP_WALK_MAX skill.STEP_TROT_MAX --swing-lift 40 --results-csv outputs/swing_lift_steps.csv,22,step_up,1,2.5562602117044957,on,6,5,0.24,30,skill.STEP_WALK_MAX,step_up_0p24,0,3,2026-08-29T15:43:45Z,WALK,835,40.0,nan
--headless --device cpu --reps 5 --foot-comp on --heading heading-only --params skill.STEP_WALK_MAX skill.STEP_TROT_MAX --swing-lift 40 --results-csv outputs/swing_lift_steps.csv,22,step_up,1,2.5889635934060333,on,6,5,0.26,30,skill.STEP_WALK_MAX,step_up_0p26,0,3,2026-08-29T15:43:45Z,WALK,835,40.0,nan
--headless --device cpu --reps 5 --foot-comp on --heading heading-only --params skill.STEP_WALK_MAX skill.STEP_TROT_MAX --swing-lift 40 --results-csv outputs/swing_lift_steps.csv,22,step_up,1,2.427708062120832,on,6,5,0.28,30,skill.STEP_WALK_MAX,step_up_0p28,0,3,2026-08-29T15:43:45Z,WALK,835,40.0,nan
--headless --device cpu --reps 5 --foot-comp on --heading heading-only --params skill.STEP_WALK_MAX skill.STEP_TROT_MAX --swing-lift 40 --results-csv outputs/swing_lift_steps.csv,22,step_up,1,2.5289720950042884,on,6,5,0.3,30,skill.STEP_WALK_MAX,step_up_0p30,0,3,2026-08-29T15:43:45Z,WALK,835,40.0,nan
--headless --device cpu --reps 5 --foot-comp on --heading heading-only --params skill.STEP_WALK_MAX skill.STEP_TROT_MAX --swing-lift 40 --results-csv outputs/swing_lift_steps.csv,19,step_up,1,4.477275322305908,on,6,5,0.02,30,skill.STEP_TROT_MAX,step_up_0p02,0,3,2026-08-29T15:43:45Z,TROT,835,40.0,nan
--headless --device cpu --reps 5 --foot-comp on --heading heading-only --params skill.STEP_WALK_MAX skill.STEP_TROT_MAX --swing-lift 40 --results-csv outputs/swing_lift_steps.csv,19,step_up,1,4.459588095390162,on,6,5,0.04,30,skill.STEP_TROT_MAX,step_up_0p04,0,3,2026-08-29T15:43:45Z,TROT,835,40.0,nan
--headless --device cpu --reps 5 --foot-comp on --heading heading-only --params skill.STEP_WALK_MAX skill.STEP_TROT_MAX --swing-lift 40 --results-csv outputs/swing_lift_steps.csv,19,step_up,1,4.434084909817496,on,6,5,0.06,30,skill.STEP_TROT_MAX,step_up_0p06,0,3,2026-08-29T15:43:45Z,TROT,835,40.0,nan
--headless --device cpu --reps 5 --foot-comp on --heading heading-only --params skill.STEP_WALK_MAX skill.STEP_TROT_MAX --swing-lift 40 --results-csv outputs/swing_lift_steps.csv,19,step_up,1,4.47278218549751,on,6,5,0.08,30,skill.STEP_TROT_MAX,step_up_0p08,0,3,2026-08-29T15:43:45Z,TROT,835,40.0,nan
--headless --device cpu --reps 5 --foot-comp on --heading heading-only --params skill.STEP_WALK_MAX skill.STEP_TROT_MAX --swing-lift 40 --results-csv outputs/swing_lift_steps.csv,19,step_up,1,4.443941703707655,on,6,5,0.1,30,skill.STEP_TROT_MAX,step_up_0p10,0,3,2026-08-29T15:43:45Z,TROT,835,40.0,nan
--headless --device cpu --reps 5 --foot-comp on --heading heading-only --params skill.STEP_WALK_MAX skill.STEP_TROT_MAX --swing-lift 40 --results-csv outputs/swing_lift_steps.csv,19,step_up,1,4.486515914473119,on,6,5,0.12,30,skill.STEP_TROT_MAX,step_up_0p12,0,3,2026-08-29T15:43:45Z,TROT,835,40.0,nan
--headless --device cpu --reps 5 --foot-comp on --heading heading-only --params skill.STEP_WALK_MAX skill.STEP_TROT_MAX --swing-lift 40 --results-csv outputs/swing_lift_steps.csv,19,step_up,1,4.427863171006794,on,6,5,0.14,30,skill.STEP_TROT_MAX,step_up_0p14,0,3,2026-08-29T15:43:45Z,TROT,835,40.0,nan
--headless --device cpu --reps 5 --foot-comp on --heading heading-only --params skill.STEP_WALK_MAX skill.STEP_TROT_MAX --swing-lift 40 --results-csv outputs/swing_lift_steps.csv,19,step_up,1,4.472098245113666,on,6,5,0.16,30,skill.STEP_TROT_MAX,step_up_0p16,0,3,2026-08-29T15:43:45Z,TROT,835,40.0,nan
--headless --device cpu --reps 5 --foot-comp on --heading heading-only --params skill.STEP_WALK_MAX skill.STEP_TROT_MAX --swing-lift 40 --results-csv outputs/swing_lift_steps.csv,19,step_up,1,4.457083883813193,on,6,5,0.18,30,skill.STEP_TROT_MAX,step_up_0p18,0,3,2026-08-29T15:43:45Z,TROT,835,40.0,nan
--headless --device cpu --reps 5 --foot-comp on --heading heading-only --params skill.STEP_WALK_MAX skill.STEP_TROT_MAX --swing-lift 40 --results-csv outputs/swing_lift_steps.csv,19,step_up,1,4.475936563461811,on,6,5,0.2,30,skill.STEP_TROT_MAX,step_up_0p20,0,3,2026-08-29T15:43:45Z,TROT,835,40.0,nan
--headless --device cpu --reps 5 --foot-comp on --heading heading-only --params skill.STEP_WALK_MAX skill.STEP_TROT_MAX --swing-lift 40 --results-csv outputs/swing_lift_steps.csv,19,step_up,1,4.409147820452229,on,6,5,0.22,30,skill.STEP_TROT_MAX,step_up_0p22,0,3,2026-08-29T15:43:45Z,TROT,835,40.0,nan
--headless --device cpu --reps 5 --foot-comp on --heading heading-only --params skill.STEP_WALK_MAX skill.STEP_TROT_MAX --swing-lift 40 --results-csv outputs/swing_lift_steps.csv,19,step_up,1,4.414356009066076,on,6,5,0.24,30,skill.STEP_TROT_MAX,step_up_0p24,0,3,2026-08-29T15:43:45Z,TROT,835,40.0,nan
--headless --device cpu --reps 5 --foot-comp on --heading heading-only --params skill.STEP_WALK_MAX skill.STEP_TROT_MAX --swing-lift 40 --results-csv outputs/swing_lift_steps.csv,19,step_up,1,4.484153331838503,on,6,5,0.26,30,skill.STEP_TROT_MAX,step_up_0p26,0,3,2026-08-29T15:43:45Z,TROT,835,40.0,nan
--headless --device cpu --reps 5 --foot-comp on --heading heading-only --params skill.STEP_WALK_MAX skill.STEP_TROT_MAX --swing-lift 40 --results-csv outputs/swing_lift_steps.csv,19,step_up,1,4.4730587978747005,on,6,5,0.28,30,skill.STEP_TROT_MAX,step_up_0p28,0,3,2026-08-29T15:43:45Z,TROT,835,40.0,nan
--headless --device cpu --reps 5 --foot-comp on --heading heading-only --params skill.STEP_WALK_MAX skill.STEP_TROT_MAX --swing-lift 40 --results-csv outputs/swing_lift_steps.csv,19,step_up,1,4.469786283862609,on,6,5,0.3,30,skill.STEP_TROT_MAX,step_up_0p30,0,3,2026-08-29T15:43:45Z,TROT,835,40.0,nan
--headless --device cpu --reps 5 --foot-comp on --heading heading-only --params skill.STEP_WALK_MAX skill.STEP_TROT_MAX --swing-lift 40 --results-csv outputs/swing_lift_steps.csv,30,step_up,1,2.767525119719668,on,6,5,0.02,30,skill.STEP_WALK_MAX,step_up_0p02,0,4,2026-08-29T15:43:45Z,WALK,615,40.0,nan
--headless --device cpu --reps 5 --foot-comp on --heading heading-only --params skill.STEP_WALK_MAX skill.STEP_TROT_MAX --swing-lift 40 --results-csv outputs/swing_lift_steps.csv,30,step_up,1,2.879231779831548,on,6,5,0.04,30,skill.STEP_WALK_MAX,step_up_0p04,0,4,2026-08-29T15:43:45Z,WALK,615,40.0,nan
--headless --device cpu --reps 5 --foot-comp on --heading heading-only --params skill.STEP_WALK_MAX skill.STEP_TROT_MAX --swing-lift 40 --results-csv outputs/swing_lift_steps.csv,30,step_up,1,2.8075854471353288,on,6,5,0.06,30,skill.STEP_WALK_MAX,step_up_0p06,0,4,2026-08-29T15:43:45Z,WALK,615,40.0,nan
--headless --device cpu --reps 5 --foot-comp on --heading heading-only --params skill.STEP_WALK_MAX skill.STEP_TROT_MAX --swing-lift 40 --results-csv outputs/swing_lift_steps.csv,30,step_up,1,2.9012842543133694,on,6,5,0.08,30,skill.STEP_WALK_MAX,step_up_0p08,0,4,2026-08-29T15:43:45Z,WALK,615,40.0,nan
--headless --device cpu --reps 5 --foot-comp on --heading heading-only --params skill.STEP_WALK_MAX skill.STEP_TROT_MAX --swing-lift 40 --results-csv outputs/swing_lift_steps.csv,30,step_up,1,2.786662118008603,on,6,5,0.1,30,skill.STEP_WALK_MAX,step_up_0p10,0,4,2026-08-29T15:43:45Z,WALK,615,40.0,nan
--headless --device cpu --reps 5 --foot-comp on --heading heading-only --params skill.STEP_WALK_MAX skill.STEP_TROT_MAX --swing-lift 40 --results-csv outputs/swing_lift_steps.csv,30,step_up,1,2.878635266565394,on,6,5,0.12,30,skill.STEP_WALK_MAX,step_up_0p12,0,4,2026-08-29T15:43:45Z,WALK,615,40.0,nan
--headless --device cpu --reps 5 --foot-comp on --heading heading-only --params skill.STEP_WALK_MAX skill.STEP_TROT_MAX --swing-lift 40 --results-csv outputs/swing_lift_steps.csv,30,step_up,1,2.893502129093833,on,6,5,0.14,30,skill.STEP_WALK_MAX,step_up_0p14,0,4,2026-08-29T15:43:45Z,WALK,615,40.0,nan
--headless --device cpu --reps 5 --foot-comp on --heading heading-only --params skill.STEP_WALK_MAX skill.STEP_TROT_MAX --swing-lift 40 --results-csv outputs/swing_lift_steps.csv,30,step_up,1,2.991096519957102,on,6,5,0.16,30,skill.STEP_WALK_MAX,step_up_0p16,0,4,2026-08-29T15:43:45Z,WALK,615,40.0,nan
--headless --device cpu --reps 5 --foot-comp on --heading heading-only --params skill.STEP_WALK_MAX skill.STEP_TROT_MAX --swing-lift 40 --results-csv outputs/swing_lift_steps.csv,30,step_up,1,2.911221299865006,on,6,5,0.18,30,skill.STEP_WALK_MAX,step_up_0p18,0,4,2026-08-29T15:43:45Z,WALK,615,40.0,nan
--headless --device cpu --reps 5 --foot-comp on --heading heading-only --params skill.STEP_WALK_MAX skill.STEP_TROT_MAX --swing-lift 40 --results-csv outputs/swing_lift_steps.csv,30,step_up,1,2.9357368155734944,on,6,5,0.2,30,skill.STEP_WALK_MAX,step_up_0p20,0,4,2026-08-29T15:43:45Z,WALK,615,40.0,nan
--headless --device cpu --reps 5 --foot-comp on --heading heading-only --params skill.STEP_WALK_MAX skill.STEP_TROT_MAX --swing-lift 40 --results-csv outputs/swing_lift_steps.csv,30,step_up,1,2.7899593734729122,on,6,5,0.22,30,skill.STEP_WALK_MAX,step_up_0p22,0,4,2026-08-29T15:43:45Z,WALK,615,40.0,nan
--headless --device cpu --reps 5 --foot-comp on --heading heading-only --params skill.STEP_WALK_MAX skill.STEP_TROT_MAX --swing-lift 40 --results-csv outputs/swing_lift_steps.csv,30,step_up,1,2.795537061610329,on,6,5,0.24,30,skill.STEP_WALK_MAX,step_up_0p24,0,4,2026-08-29T15:43:45Z,WALK,615,40.0,nan
--headless --device cpu --reps 5 --foot-comp on --heading heading-only --params skill.STEP_WALK_MAX skill.STEP_TROT_MAX --swing-lift 40 --results-csv outputs/swing_lift_steps.csv,30,step_up,1,2.9575426385713075,on,6,5,0.26,30,skill.STEP_WALK_MAX,step_up_0p26,0,4,2026-08-29T15:43:45Z,WALK,615,40.0,nan
--headless --device cpu --reps 5 --foot-comp on --heading heading-only --params skill.STEP_WALK_MAX skill.STEP_TROT_MAX --swing-lift 40 --results-csv outputs/swing_lift_steps.csv,30,step_up,1,2.801599096483728,on,6,5,0.28,30,skill.STEP_WALK_MAX,step_up_0p28,0,4,2026-08-29T15:43:45Z,WALK,615,40.0,nan
--headless --device cpu --reps 5 --foot-comp on --heading heading-only --params skill.STEP_WALK_MAX skill.STEP_TROT_MAX --swing-lift 40 --results-csv outputs/swing_lift_steps.csv,30,step_up,1,2.969218155122815,on,6,5,0.3,30,skill.STEP_WALK_MAX,step_up_0p30,0,4,2026-08-29T15:43:45Z,WALK,615,40.0,nan
--headless --device cpu --reps 5 --foot-comp on --heading heading-only --params skill.STEP_WALK_MAX skill.STEP_TROT_MAX --swing-lift 40 --results-csv outputs/swing_lift_steps.csv,26,step_up,1,4.354096323486685,on,6,5,0.02,30,skill.STEP_TROT_MAX,step_up_0p02,0,4,2026-08-29T15:43:45Z,TROT,615,40.0,nan
--headless --device cpu --reps 5 --foot-comp on --heading heading-only --params skill.STEP_WALK_MAX skill.STEP_TROT_MAX --swing-lift 40 --results-csv outputs/swing_lift_steps.csv,26,step_up,1,4.348796709499734,on,6,5,0.04,30,skill.STEP_TROT_MAX,step_up_0p04,0,4,2026-08-29T15:43:45Z,TROT,615,40.0,nan
--headless --device cpu --reps 5 --foot-comp on --heading heading-only --params skill.STEP_WALK_MAX skill.STEP_TROT_MAX --swing-lift 40 --results-csv outputs/swing_lift_steps.csv,26,step_up,1,4.345752470409535,on,6,5,0.06,30,skill.STEP_TROT_MAX,step_up_0p06,0,4,2026-08-29T15:43:45Z,TROT,615,40.0,nan
--headless --device cpu --reps 5 --foot-comp on --heading heading-only --params skill.STEP_WALK_MAX skill.STEP_TROT_MAX --swing-lift 40 --results-csv outputs/swing_lift_steps.csv,26,step_up,1,4.350769480435082,on,6,5,0.08,30,skill.STEP_TROT_MAX,step_up_0p08,0,4,2026-08-29T15:43:45Z,TROT,615,40.0,nan
--headless --device cpu --reps 5 --foot-comp on --heading heading-only --params skill.STEP_WALK_MAX skill.STEP_TROT_MAX --swing-lift 40 --results-csv outputs/swing_lift_steps.csv,26,step_up,1,4.360260732388687,on,6,5,0.1,30,skill.STEP_TROT_MAX,step_up_0p10,0,4,2026-08-29T15:43:45Z,TROT,615,40.0,nan
--headless --device cpu --reps 5 --foot-comp on --heading heading-only --params skill.STEP_WALK_MAX skill.STEP_TROT_MAX --swing-lift 40 --results-csv outputs/swing_lift_steps.csv,26,step_up,1,4.3477515110164004,on,6,5,0.12,30,skill.STEP_TROT_MAX,step_up_0p12,0,4,2026-08-29T15:43:45Z,TROT,615,40.0,nan
--headless --device cpu --reps 5 --foot-comp on --heading heading-only --params skill.STEP_WALK_MAX skill.STEP_TROT_MAX --swing-lift 40 --results-csv outputs/swing_lift_steps.csv,26,step_up,1,4.35227836893869,on,6,5,0.14,30,skill.STEP_TROT_MAX,step_up_0p14,0,4,2026-08-29T15:43:45Z,TROT,615,40.0,nan
--headless --device cpu --reps 5 --foot-comp on --heading heading-only --params skill.STEP_WALK_MAX skill.STEP_TROT_MAX --swing-lift 40 --results-csv outputs/swing_lift_steps.csv,26,step_up,1,4.344946306424684,on,6,5,0.16,30,skill.STEP_TROT_MAX,step_up_0p16,0,4,2026-08-29T15:43:45Z,TROT,615,40.0,nan
--headless --device cpu --reps 5 --foot-comp on --heading heading-only --params skill.STEP_WALK_MAX skill.STEP_TROT_MAX --swing-lift 40 --results-csv outputs/swing_lift_steps.csv,26,step_up,1,4.346753329629449,on,6,5,0.18,30,skill.STEP_TROT_MAX,step_up_0p18,0,4,2026-08-29T15:43:45Z,TROT,615,40.0,nan
--headless --device cpu --reps 5 --foot-comp on --heading heading-only --params skill.STEP_WALK_MAX skill.STEP_TROT_MAX --swing-lift 40 --results-csv outputs/swing_lift_steps.csv,26,step_up,1,4.358090703654546,on,6,5,0.2,30,skill.STEP_TROT_MAX,step_up_0p20,0,4,2026-08-29T15:43:45Z,TROT,615,40.0,nan
--headless --device cpu --reps 5 --foot-comp on --heading heading-only --params skill.STEP_WALK_MAX skill.STEP_TROT_MAX --swing-lift 40 --results-csv outputs/swing_lift_steps.csv,26,step_up,1,4.350032790386102,on,6,5,0.22,30,skill.STEP_TROT_MAX,step_up_0p22,0,4,2026-08-29T15:43:45Z,TROT,615,40.0,nan
--headless --device cpu --reps 5 --foot-comp on --heading heading-only --params skill.STEP_WALK_MAX skill.STEP_TROT_MAX --swing-lift 40 --results-csv outputs/swing_lift_steps.csv,26,step_up,1,4.361932508116625,on,6,5,0.24,30,skill.STEP_TROT_MAX,step_up_0p24,0,4,2026-08-29T15:43:45Z,TROT,615,40.0,nan
--headless --device cpu --reps 5 --foot-comp on --heading heading-only --params skill.STEP_WALK_MAX skill.STEP_TROT_MAX --swing-lift 40 --results-csv outputs/swing_lift_steps.csv,26,step_up,1,4.354256313772046,on,6,5,0.26,30,skill.STEP_TROT_MAX,step_up_0p26,0,4,2026-08-29T15:43:45Z,TROT,615,40.0,nan
--headless --device cpu --reps 5 --foot-comp on --heading heading-only --params skill.STEP_WALK_MAX skill.STEP_TROT_MAX --swing-lift 40 --results-csv outputs/swing_lift_steps.csv,26,step_up,1,4.3484166065000025,on,6,5,0.28,30,skill.STEP_TROT_MAX,step_up_0p28,0,4,2026-08-29T15:43:45Z,TROT,615,40.0,nan
--headless --device cpu --reps 5 --foot-comp on --heading heading-only --params skill.STEP_WALK_MAX skill.STEP_TROT_MAX --swing-lift 40 --results-csv outputs/swing_lift_steps.csv,26,step_up,1,4.3533815780710015,on,6,5,0.3,30,skill.STEP_TROT_MAX,step_up_0p30,0,4,2026-08-29T15:43:45Z,TROT,615,40.0,nan
--headless --device cpu --reps 5 --foot-comp on --heading heading-only --params skill.STEP_WALK_MAX skill.STEP_TROT_MAX --swing-lift 60 --results-csv outputs/swing_lift_steps.csv,0,step_up,1,21.83921819736107,on,6,5,0.02,30,skill.STEP_WALK_MAX,step_up_0p02,0,0,2026-08-29T15:45:32Z,WALK,2140,60.0,nan
--headless --device cpu --reps 5 --foot-comp on --heading heading-only --params skill.STEP_WALK_MAX skill.STEP_TROT_MAX --swing-lift 60 --results-csv outputs/swing_lift_steps.csv,0,step_up,1,20.39101989615063,on,6,5,0.04,30,skill.STEP_WALK_MAX,step_up_0p04,0,0,2026-08-29T15:45:32Z,WALK,2140,60.0,nan
--headless --device cpu --reps 5 --foot-comp on --heading heading-only --params skill.STEP_WALK_MAX skill.STEP_TROT_MAX --swing-lift 60 --results-csv outputs/swing_lift_steps.csv,0,step_up,1,20.775553853795053,on,6,5,0.06,30,skill.STEP_WALK_MAX,step_up_0p06,0,0,2026-08-29T15:45:32Z,WALK,2140,60.0,nan
--headless --device cpu --reps 5 --foot-comp on --heading heading-only --params skill.STEP_WALK_MAX skill.STEP_TROT_MAX --swing-lift 60 --results-csv outputs/swing_lift_steps.csv,0,step_up,1,57.52385303392326,on,6,5,0.08,30,skill.STEP_WALK_MAX,step_up_0p08,0,0,2026-08-29T15:45:32Z,WALK,2140,60.0,nan
--headless --device cpu --reps 5 --foot-comp on --heading heading-only --params skill.STEP_WALK_MAX skill.STEP_TROT_MAX --swing-lift 60 --results-csv outputs/swing_lift_steps.csv,0,step_up,1,2.823079170407161,on,6,5,0.1,30,skill.STEP_WALK_MAX,step_up_0p10,0,0,2026-08-29T15:45:32Z,WALK,2140,60.0,nan
--headless --device cpu --reps 5 --foot-comp on --heading heading-only --params skill.STEP_WALK_MAX skill.STEP_TROT_MAX --swing-lift 60 --results-csv outputs/swing_lift_steps.csv,0,step_up,1,17.48450747490609,on,6,5,0.12,30,skill.STEP_WALK_MAX,step_up_0p12,0,0,2026-08-29T15:45:32Z,WALK,2140,60.0,nan
--headless --device cpu --reps 5 --foot-comp on --heading heading-only --params skill.STEP_WALK_MAX skill.STEP_TROT_MAX --swing-lift 60 --results-csv outputs/swing_lift_steps.csv,0,step_up,1,27.278887089157237,on,6,5,0.14,30,skill.STEP_WALK_MAX,step_up_0p14,0,0,2026-08-29T15:45:32Z,WALK,2140,60.0,nan
--headless --device cpu --reps 5 --foot-comp on --heading heading-only --params skill.STEP_WALK_MAX skill.STEP_TROT_MAX --swing-lift 60 --results-csv outputs/swing_lift_steps.csv,0,step_up,1,19.782291535297354,on,6,5,0.16,30,skill.STEP_WALK_MAX,step_up_0p16,0,0,2026-08-29T15:45:32Z,WALK,2140,60.0,nan
--headless --device cpu --reps 5 --foot-comp on --heading heading-only --params skill.STEP_WALK_MAX skill.STEP_TROT_MAX --swing-lift 60 --results-csv outputs/swing_lift_steps.csv,0,step_up,1,22.93288159139632,on,6,5,0.18,30,skill.STEP_WALK_MAX,step_up_0p18,0,0,2026-08-29T15:45:32Z,WALK,2140,60.0,nan
--headless --device cpu --reps 5 --foot-comp on --heading heading-only --params skill.STEP_WALK_MAX skill.STEP_TROT_MAX --swing-lift 60 --results-csv outputs/swing_lift_steps.csv,0,step_up,1,22.663084097436922,on,6,5,0.2,30,skill.STEP_WALK_MAX,step_up_0p20,0,0,2026-08-29T15:45:32Z,WALK,2140,60.0,nan
--headless --device cpu --reps 5 --foot-comp on --heading heading-only --params skill.STEP_WALK_MAX skill.STEP_TROT_MAX --swing-lift 60 --results-csv outputs/swing_lift_steps.csv,0,step_up,1,22.19134859496785,on,6,5,0.22,30,skill.STEP_WALK_MAX,step_up_0p22,0,0,2026-08-29T15:45:32Z,WALK,2140,60.0,nan
--headless --device cpu --reps 5 --foot-comp on --heading heading-only --params skill.STEP_WALK_MAX skill.STEP_TROT_MAX --swing-lift 60 --results-csv outputs/swing_lift_steps.csv,0,step_up,1,27.02574429690243,on,6,5,0.24,30,skill.STEP_WALK_MAX,step_up_0p24,0,0,2026-08-29T15:45:32Z,WALK,2140,60.0,nan
--headless --device cpu --reps 5 --foot-comp on --heading heading-only --params skill.STEP_WALK_MAX skill.STEP_TROT_MAX --swing-lift 60 --results-csv outputs/swing_lift_steps.csv,0,step_up,1,25.737822140528557,on,6,5,0.26,30,skill.STEP_WALK_MAX,step_up_0p26,0,0,2026-08-29T15:45:32Z,WALK,2140,60.0,nan
--headless --device cpu --reps 5 --foot-comp on --heading heading-only --params skill.STEP_WALK_MAX skill.STEP_TROT_MAX --swing-lift 60 --results-csv outputs/swing_lift_steps.csv,0,step_up,1,15.375058105188566,on,6,5,0.28,30,skill.STEP_WALK_MAX,step_up_0p28,0,0,2026-08-29T15:45:32Z,WALK,2140,60.0,nan
--headless --device cpu --reps 5 --foot-comp on --heading heading-only --params skill.STEP_WALK_MAX skill.STEP_TROT_MAX --swing-lift 60 --results-csv outputs/swing_lift_steps.csv,0,step_up,1,26.245897202080968,on,6,5,0.3,30,skill.STEP_WALK_MAX,step_up_0p30,0,0,2026-08-29T15:45:32Z,WALK,2140,60.0,nan
--headless --device cpu --reps 5 --foot-comp on --heading heading-only --params skill.STEP_WALK_MAX skill.STEP_TROT_MAX --swing-lift 60 --results-csv outputs/swing_lift_steps.csv,0,step_up,1,46.76612378879672,on,6,5,0.02,30,skill.STEP_TROT_MAX,step_up_0p02,0,0,2026-08-29T15:45:32Z,TROT,2140,60.0,nan
--headless --device cpu --reps 5 --foot-comp on --heading heading-only --params skill.STEP_WALK_MAX skill.STEP_TROT_MAX --swing-lift 60 --results-csv outputs/swing_lift_steps.csv,0,step_up,1,24.581547512157286,on,6,5,0.04,30,skill.STEP_TROT_MAX,step_up_0p04,0,0,2026-08-29T15:45:32Z,TROT,2140,60.0,nan
--headless --device cpu --reps 5 --foot-comp on --heading heading-only --params skill.STEP_WALK_MAX skill.STEP_TROT_MAX --swing-lift 60 --results-csv outputs/swing_lift_steps.csv,0,step_up,1,1.8195234617219243,on,6,5,0.06,30,skill.STEP_TROT_MAX,step_up_0p06,0,0,2026-08-29T15:45:32Z,TROT,2140,60.0,nan
--headless --device cpu --reps 5 --foot-comp on --heading heading-only --params skill.STEP_WALK_MAX skill.STEP_TROT_MAX --swing-lift 60 --results-csv outputs/swing_lift_steps.csv,0,step_up,1,49.15703627749394,on,6,5,0.08,30,skill.STEP_TROT_MAX,step_up_0p08,0,0,2026-08-29T15:45:32Z,TROT,2140,60.0,nan
--headless --device cpu --reps 5 --foot-comp on --heading heading-only --params skill.STEP_WALK_MAX skill.STEP_TROT_MAX --swing-lift 60 --results-csv outputs/swing_lift_steps.csv,0,step_up,1,2.211384252051259,on,6,5,0.1,30,skill.STEP_TROT_MAX,step_up_0p10,0,0,2026-08-29T15:45:32Z,TROT,2140,60.0,nan
--headless --device cpu --reps 5 --foot-comp on --heading heading-only --params skill.STEP_WALK_MAX skill.STEP_TROT_MAX --swing-lift 60 --results-csv outputs/swing_lift_steps.csv,0,step_up,1,2.2399416808545314,on,6,5,0.12,30,skill.STEP_TROT_MAX,step_up_0p12,0,0,2026-08-29T15:45:32Z,TROT,2140,60.0,nan
--headless --device cpu --reps 5 --foot-comp on --heading heading-only --params skill.STEP_WALK_MAX skill.STEP_TROT_MAX --swing-lift 60 --results-csv outputs/swing_lift_steps.csv,0,step_up,1,2.20339862452449,on,6,5,0.14,30,skill.STEP_TROT_MAX,step_up_0p14,0,0,2026-08-29T15:45:32Z,TROT,2140,60.0,nan
--headless --device cpu --reps 5 --foot-comp on --heading heading-only --params skill.STEP_WALK_MAX skill.STEP_TROT_MAX --swing-lift 60 --results-csv outputs/swing_lift_steps.csv,0,step_up,1,2.0997669091099476,on,6,5,0.16,30,skill.STEP_TROT_MAX,step_up_0p16,0,0,2026-08-29T15:45:32Z,TROT,2140,60.0,nan
--headless --device cpu --reps 5 --foot-comp on --heading heading-only --params skill.STEP_WALK_MAX skill.STEP_TROT_MAX --swing-lift 60 --results-csv outputs/swing_lift_steps.csv,0,step_up,1,2.263884152190065,on,6,5,0.18,30,skill.STEP_TROT_MAX,step_up_0p18,0,0,2026-08-29T15:45:32Z,TROT,2140,60.0,nan
--headless --device cpu --reps 5 --foot-comp on --heading heading-only --params skill.STEP_WALK_MAX skill.STEP_TROT_MAX --swing-lift 60 --results-csv outputs/swing_lift_steps.csv,0,step_up,1,2.5519210865498563,on,6,5,0.2,30,skill.STEP_TROT_MAX,step_up_0p20,0,0,2026-08-29T15:45:32Z,TROT,2140,60.0,nan
--headless --device cpu --reps 5 --foot-comp on --heading heading-only --params skill.STEP_WALK_MAX skill.STEP_TROT_MAX --swing-lift 60 --results-csv outputs/swing_lift_steps.csv,0,step_up,1,1.9781279858267833,on,6,5,0.22,30,skill.STEP_TROT_MAX,step_up_0p22,0,0,2026-08-29T15:45:32Z,TROT,2140,60.0,nan
--headless --device cpu --reps 5 --foot-comp on --heading heading-only --params skill.STEP_WALK_MAX skill.STEP_TROT_MAX --swing-lift 60 --results-csv outputs/swing_lift_steps.csv,0,step_up,1,17.98489695083588,on,6,5,0.24,30,skill.STEP_TROT_MAX,step_up_0p24,0,0,2026-08-29T15:45:32Z,TROT,2140,60.0,nan
--headless --device cpu --reps 5 --foot-comp on --heading heading-only --params skill.STEP_WALK_MAX skill.STEP_TROT_MAX --swing-lift 60 --results-csv outputs/swing_lift_steps.csv,0,step_up,1,2.1980641719035297,on,6,5,0.26,30,skill.STEP_TROT_MAX,step_up_0p26,0,0,2026-08-29T15:45:32Z,TROT,2140,60.0,nan
--headless --device cpu --reps 5 --foot-comp on --heading heading-only --params skill.STEP_WALK_MAX skill.STEP_TROT_MAX --swing-lift 60 --results-csv outputs/swing_lift_steps.csv,0,step_up,1,2.23259948076188,on,6,5,0.28,30,skill.STEP_TROT_MAX,step_up_0p28,0,0,2026-08-29T15:45:32Z,TROT,2140,60.0,nan
--headless --device cpu --reps 5 --foot-comp on --heading heading-only --params skill.STEP_WALK_MAX skill.STEP_TROT_MAX --swing-lift 60 --results-csv outputs/swing_lift_steps.csv,0,step_up,0,1.3108987526752083,on,6,5,0.3,30,skill.STEP_TROT_MAX,step_up_0p30,0,0,2026-08-29T15:45:32Z,TROT,2140,60.0,nan
--headless --device cpu --reps 5 --foot-comp on --heading heading-only --params skill.STEP_WALK_MAX skill.STEP_TROT_MAX --swing-lift 60 --results-csv outputs/swing_lift_steps.csv,7,step_up,1,4.260684635170837,on,6,5,0.02,30,skill.STEP_WALK_MAX,step_up_0p02,0,1,2026-08-29T15:45:32Z,WALK,777,60.0,nan
--headless --device cpu --reps 5 --foot-comp on --heading heading-only --params skill.STEP_WALK_MAX skill.STEP_TROT_MAX --swing-lift 60 --results-csv outputs/swing_lift_steps.csv,7,step_up,1,3.3369712561475477,on,6,5,0.04,30,skill.STEP_WALK_MAX,step_up_0p04,0,1,2026-08-29T15:45:32Z,WALK,777,60.0,nan
--headless --device cpu --reps 5 --foot-comp on --heading heading-only --params skill.STEP_WALK_MAX skill.STEP_TROT_MAX --swing-lift 60 --results-csv outputs/swing_lift_steps.csv,7,step_up,1,3.488444310850799,on,6,5,0.06,30,skill.STEP_WALK_MAX,step_up_0p06,0,1,2026-08-29T15:45:32Z,WALK,777,60.0,nan
--headless --device cpu --reps 5 --foot-comp on --heading heading-only --params skill.STEP_WALK_MAX skill.STEP_TROT_MAX --swing-lift 60 --results-csv outputs/swing_lift_steps.csv,7,step_up,1,2.499576942838241,on,6,5,0.08,30,skill.STEP_WALK_MAX,step_up_0p08,0,1,2026-08-29T15:45:32Z,WALK,777,60.0,nan
--headless --device cpu --reps 5 --foot-comp on --heading heading-only --params skill.STEP_WALK_MAX skill.STEP_TROT_MAX --swing-lift 60 --results-csv outputs/swing_lift_steps.csv,7,step_up,1,3.3660375028813463,on,6,5,0.1,30,skill.STEP_WALK_MAX,step_up_0p10,0,1,2026-08-29T15:45:32Z,WALK,777,60.0,nan
--headless --device cpu --reps 5 --foot-comp on --heading heading-only --params skill.STEP_WALK_MAX skill.STEP_TROT_MAX --swing-lift 60 --results-csv outputs/swing_lift_steps.csv,7,step_up,1,3.390496391165535,on,6,5,0.12,30,skill.STEP_WALK_MAX,step_up_0p12,0,1,2026-08-29T15:45:32Z,WALK,777,60.0,nan
--headless --device cpu --reps 5 --foot-comp on --heading heading-only --params skill.STEP_WALK_MAX skill.STEP_TROT_MAX --swing-lift 60 --results-csv outputs/swing_lift_steps.csv,7,step_up,1,3.344722077444713,on,6,5,0.14,30,skill.STEP_WALK_MAX,step_up_0p14,0,1,2026-08-29T15:45:32Z,WALK,777,60.0,nan
--headless --device cpu --reps 5 --foot-comp on --heading heading-only --params skill.STEP_WALK_MAX skill.STEP_TROT_MAX --swing-lift 60 --results-csv outputs/swing_lift_steps.csv,7,step_up,1,2.6853192490582254,on,6,5,0.16,30,skill.STEP_WALK_MAX,step_up_0p16,0,1,2026-08-29T15:45:32Z,WALK,777,60.0,nan
--headless --device cpu --reps 5 --foot-comp on --heading heading-only --params skill.STEP_WALK_MAX skill.STEP_TROT_MAX --swing-lift 60 --results-csv outputs/swing_lift_steps.csv,7,step_up,1,2.5395407470999447,on,6,5,0.18,30,skill.STEP_WALK_MAX,step_up_0p18,0,1,2026-08-29T15:45:32Z,WALK,777,60.0,nan
--headless --device cpu --reps 5 --foot-comp on --heading heading-only --params skill.STEP_WALK_MAX skill.STEP_TROT_MAX --swing-lift 60 --results-csv outputs/swing_lift_steps.csv,7,step_up,1,2.519255241893985,on,6,5,0.2,30,skill.STEP_WALK_MAX,step_up_0p20,0,1,2026-08-29T15:45:32Z,WALK,777,60.0,nan
--headless --device cpu --reps 5 --foot-comp on --heading heading-only --params skill.STEP_WALK_MAX skill.STEP_TROT_MAX --swing-lift 60 --results-csv outputs/swing_lift_steps.csv,7,step_up,1,3.9341588571286374,on,6,5,0.22,30,skill.STEP_WALK_MAX,step_up_0p22,0,1,2026-08-29T15:45:32Z,WALK,777,60.0,nan
--headless --device cpu --reps 5 --foot-comp on --heading heading-only --params skill.STEP_WALK_MAX skill.STEP_TROT_MAX --swing-lift 60 --results-csv outputs/swing_lift_steps.csv,7,step_up,1,2.6433952984644047,on,6,5,0.24,30,skill.STEP_WALK_MAX,step_up_0p24,0,1,2026-08-29T15:45:32Z,WALK,777,60.0,nan
--headless --device cpu --reps 5 --foot-comp on --heading heading-only --params skill.STEP_WALK_MAX skill.STEP_TROT_MAX --swing-lift 60 --results-csv outputs/swing_lift_steps.csv,7,step_up,1,1.655418343999945,on,6,5,0.26,30,skill.STEP_WALK_MAX,step_up_0p26,0,1,2026-08-29T15:45:32Z,WALK,777,60.0,nan
--headless --device cpu --reps 5 --foot-comp on --heading heading-only --params skill.STEP_WALK_MAX skill.STEP_TROT_MAX --swing-lift 60 --results-csv outputs/swing_lift_steps.csv,7,step_up,1,2.5738481430772513,on,6,5,0.28,30,skill.STEP_WALK_MAX,step_up_0p28,0,1,2026-08-29T15:45:32Z,WALK,777,60.0,nan
--headless --device cpu --reps 5 --foot-comp on --heading heading-only --params skill.STEP_WALK_MAX skill.STEP_TROT_MAX --swing-lift 60 --results-csv outputs/swing_lift_steps.csv,7,step_up,1,2.4136834962811946,on,6,5,0.3,30,skill.STEP_WALK_MAX,step_up_0p30,0,1,2026-08-29T15:45:32Z,WALK,777,60.0,nan
--headless --device cpu --reps 5 --foot-comp on --heading heading-only --params skill.STEP_WALK_MAX skill.STEP_TROT_MAX --swing-lift 60 --results-csv outputs/swing_lift_steps.csv,6,step_up,1,3.5853653227116613,on,6,5,0.02,30,skill.STEP_TROT_MAX,step_up_0p02,0,1,2026-08-29T15:45:32Z,TROT,777,60.0,nan
--headless --device cpu --reps 5 --foot-comp on --heading heading-only --params skill.STEP_WALK_MAX skill.STEP_TROT_MAX --swing-lift 60 --results-csv outputs/swing_lift_steps.csv,6,step_up,1,3.573901729050765,on,6,5,0.04,30,skill.STEP_TROT_MAX,step_up_0p04,0,1,2026-08-29T15:45:32Z,TROT,777,60.0,nan
--headless --device cpu --reps 5 --foot-comp on --heading heading-only --params skill.STEP_WALK_MAX skill.STEP_TROT_MAX --swing-lift 60 --results-csv outputs/swing_lift_steps.csv,6,step_up,1,3.5977754549234557,on,6,5,0.06,30,skill.STEP_TROT_MAX,step_up_0p06,0,1,2026-08-29T15:45:32Z,TROT,777,60.0,nan
--headless --device cpu --reps 5 --foot-comp on --heading heading-only --params skill.STEP_WALK_MAX skill.STEP_TROT_MAX --swing-lift 60 --results-csv outputs/swing_lift_steps.csv,6,step_up,1,3.6013446603890404,on,6,5,0.08,30,skill.STEP_TROT_MAX,step_up_0p08,0,1,2026-08-29T15:45:32Z,TROT,777,60.0,nan
--headless --device cpu --reps 5 --foot-comp on --heading heading-only --params skill.STEP_WALK_MAX skill.STEP_TROT_MAX --swing-lift 60 --results-csv outputs/swing_lift_steps.csv,6,step_up,1,3.6029301641738316,on,6,5,0.1,30,skill.STEP_TROT_MAX,step_up_0p10,0,1,2026-08-29T15:45:32Z,TROT,777,60.0,nan
--headless --device cpu --reps 5 --foot-comp on --heading heading-only --params skill.STEP_WALK_MAX skill.STEP_TROT_MAX --swing-lift 60 --results-csv outputs/swing_lift_steps.csv,6,step_up,1,3.5903644239389823,on,6,5,0.12,30,skill.STEP_TROT_MAX,step_up_0p12,0,1,2026-08-29T15:45:32Z,TROT,777,60.0,nan
--headless --device cpu --reps 5 --foot-comp on --heading heading-only --params skill.STEP_WALK_MAX skill.STEP_TROT_MAX --swing-lift 60 --results-csv outputs/swing_lift_steps.csv,6,step_up,1,3.5769778531288012,on,6,5,0.14,30,skill.STEP_TROT_MAX,step_up_0p14,0,1,2026-08-29T15:45:32Z,TROT,777,60.0,nan
--headless --device cpu --reps 5 --foot-comp on --heading heading-only --params skill.STEP_WALK_MAX skill.STEP_TROT_MAX --swing-lift 60 --results-csv outputs/swing_lift_steps.csv,6,step_up,1,3.579901162979748,on,6,5,0.16,30,skill.STEP_TROT_MAX,step_up_0p16,0,1,2026-08-29T15:45:32Z,TROT,777,60.0,nan
--headless --device cpu --reps 5 --foot-comp on --heading heading-only --params skill.STEP_WALK_MAX skill.STEP_TROT_MAX --swing-lift 60 --results-csv outputs/swing_lift_steps.csv,6,step_up,1,3.5840496864577096,on,6,5,0.18,30,skill.STEP_TROT_MAX,step_up_0p18,0,1,2026-08-29T15:45:32Z,TROT,777,60.0,nan
--headless --device cpu --reps 5 --foot-comp on --heading heading-only --params skill.STEP_WALK_MAX skill.STEP_TROT_MAX --swing-lift 60 --results-csv outputs/swing_lift_steps.csv,6,step_up,1,3.6056643090595233,on,6,5,0.2,30,skill.STEP_TROT_MAX,step_up_0p20,0,1,2026-08-29T15:45:32Z,TROT,777,60.0,nan
--headless --device cpu --reps 5 --foot-comp on --heading heading-only --params skill.STEP_WALK_MAX skill.STEP_TROT_MAX --swing-lift 60 --results-csv outputs/swing_lift_steps.csv,6,step_up,1,3.5952759168927773,on,6,5,0.22,30,skill.STEP_TROT_MAX,step_up_0p22,0,1,2026-08-29T15:45:32Z,TROT,777,60.0,nan
--headless --device cpu --reps 5 --foot-comp on --heading heading-only --params skill.STEP_WALK_MAX skill.STEP_TROT_MAX --swing-lift 60 --results-csv outputs/swing_lift_steps.csv,6,step_up,1,3.5889307372980976,on,6,5,0.24,30,skill.STEP_TROT_MAX,step_up_0p24,0,1,2026-08-29T15:45:32Z,TROT,777,60.0,nan
--headless --device cpu --reps 5 --foot-comp on --heading heading-only --params skill.STEP_WALK_MAX skill.STEP_TROT_MAX --swing-lift 60 --results-csv outputs/swing_lift_steps.csv,6,step_up,1,3.582199099393703,on,6,5,0.26,30,skill.STEP_TROT_MAX,step_up_0p26,0,1,2026-08-29T15:45:32Z,TROT,777,60.0,nan
--headless --device cpu --reps 5 --foot-comp on --heading heading-only --params skill.STEP_WALK_MAX skill.STEP_TROT_MAX --swing-lift 60 --results-csv outputs/swing_lift_steps.csv,6,step_up,1,3.583719640402511,on,6,5,0.28,30,skill.STEP_TROT_MAX,step_up_0p28,0,1,2026-08-29T15:45:32Z,TROT,777,60.0,nan
--headless --device cpu --reps 5 --foot-comp on --heading heading-only --params skill.STEP_WALK_MAX skill.STEP_TROT_MAX --swing-lift 60 --results-csv outputs/swing_lift_steps.csv,6,step_up,1,3.5805601389156068,on,6,5,0.3,30,skill.STEP_TROT_MAX,step_up_0p30,0,1,2026-08-29T15:45:32Z,TROT,777,60.0,nan
--headless --device cpu --reps 5 --foot-comp on --heading heading-only --params skill.STEP_WALK_MAX skill.STEP_TROT_MAX --swing-lift 60 --results-csv outputs/swing_lift_steps.csv,15,step_up,1,2.5193711465330364,on,6,5,0.02,30,skill.STEP_WALK_MAX,step_up_0p02,0,2,2026-08-29T15:45:32Z,WALK,692,60.0,nan
--headless --device cpu --reps 5 --foot-comp on --heading heading-only --params skill.STEP_WALK_MAX skill.STEP_TROT_MAX --swing-lift 60 --results-csv outputs/swing_lift_steps.csv,15,step_up,1,3.084342209436782,on,6,5,0.04,30,skill.STEP_WALK_MAX,step_up_0p04,0,2,2026-08-29T15:45:32Z,WALK,692,60.0,nan
--headless --device cpu --reps 5 --foot-comp on --heading heading-only --params skill.STEP_WALK_MAX skill.STEP_TROT_MAX --swing-lift 60 --results-csv outputs/swing_lift_steps.csv,15,step_up,1,2.731115577122866,on,6,5,0.06,30,skill.STEP_WALK_MAX,step_up_0p06,0,2,2026-08-29T15:45:32Z,WALK,692,60.0,nan
--headless --device cpu --reps 5 --foot-comp on --heading heading-only --params skill.STEP_WALK_MAX skill.STEP_TROT_MAX --swing-lift 60 --results-csv outputs/swing_lift_steps.csv,15,step_up,1,2.6202648922486427,on,6,5,0.08,30,skill.STEP_WALK_MAX,step_up_0p08,0,2,2026-08-29T15:45:32Z,WALK,692,60.0,nan
--headless --device cpu --reps 5 --foot-comp on --heading heading-only --params skill.STEP_WALK_MAX skill.STEP_TROT_MAX --swing-lift 60 --results-csv outputs/swing_lift_steps.csv,15,step_up,1,2.8750475123307777,on,6,5,0.1,30,skill.STEP_WALK_MAX,step_up_0p10,0,2,2026-08-29T15:45:32Z,WALK,692,60.0,nan
--headless --device cpu --reps 5 --foot-comp on --heading heading-only --params skill.STEP_WALK_MAX skill.STEP_TROT_MAX --swing-lift 60 --results-csv outputs/swing_lift_steps.csv,15,step_up,1,2.790948346698668,on,6,5,0.12,30,skill.STEP_WALK_MAX,step_up_0p12,0,2,2026-08-29T15:45:32Z,WALK,692,60.0,nan
--headless --device cpu --reps 5 --foot-comp on --heading heading-only --params skill.STEP_WALK_MAX skill.STEP_TROT_MAX --swing-lift 60 --results-csv outputs/swing_lift_steps.csv,15,step_up,1,2.629248409548082,on,6,5,0.14,30,skill.STEP_WALK_MAX,step_up_0p14,0,2,2026-08-29T15:45:32Z,WALK,692,60.0,nan
--headless --device cpu --reps 5 --foot-comp on --heading heading-only --params skill.STEP_WALK_MAX skill.STEP_TROT_MAX --swing-lift 60 --results-csv outputs/swing_lift_steps.csv,15,step_up,1,2.835126660799618,on,6,5,0.16,30,skill.STEP_WALK_MAX,step_up_0p16,0,2,2026-08-29T15:45:32Z,WALK,692,60.0,nan
--headless --device cpu --reps 5 --foot-comp on --heading heading-only --params skill.STEP_WALK_MAX skill.STEP_TROT_MAX --swing-lift 60 --results-csv outputs/swing_lift_steps.csv,15,step_up,1,2.599754981277692,on,6,5,0.18,30,skill.STEP_WALK_MAX,step_up_0p18,0,2,2026-08-29T15:45:32Z,WALK,692,60.0,nan
--headless --device cpu --reps 5 --foot-comp on --heading heading-only --params skill.STEP_WALK_MAX skill.STEP_TROT_MAX --swing-lift 60 --results-csv outputs/swing_lift_steps.csv,15,step_up,1,2.6816860352347964,on,6,5,0.2,30,skill.STEP_WALK_MAX,step_up_0p20,0,2,2026-08-29T15:45:32Z,WALK,692,60.0,nan
--headless --device cpu --reps 5 --foot-comp on --heading heading-only --params skill.STEP_WALK_MAX skill.STEP_TROT_MAX --swing-lift 60 --results-csv outputs/swing_lift_steps.csv,15,step_up,1,3.1740134909321043,on,6,5,0.22,30,skill.STEP_WALK_MAX,step_up_0p22,0,2,2026-08-29T15:45:32Z,WALK,692,60.0,nan
--headless --device cpu --reps 5 --foot-comp on --heading heading-only --params skill.STEP_WALK_MAX skill.STEP_TROT_MAX --swing-lift 60 --results-csv outputs/swing_lift_steps.csv,15,step_up,1,3.0325632829498654,on,6,5,0.24,30,skill.STEP_WALK_MAX,step_up_0p24,0,2,2026-08-29T15:45:32Z,WALK,692,60.0,nan
--headless --device cpu --reps 5 --foot-comp on --heading heading-only --params skill.STEP_WALK_MAX skill.STEP_TROT_MAX --swing-lift 60 --results-csv outputs/swing_lift_steps.csv,15,step_up,1,2.78815596958057,on,6,5,0.26,30,skill.STEP_WALK_MAX,step_up_0p26,0,2,2026-08-29T15:45:32Z,WALK,692,60.0,nan
--headless --device cpu --reps 5 --foot-comp on --heading heading-only --params skill.STEP_WALK_MAX skill.STEP_TROT_MAX --swing-lift 60 --results-csv outputs/swing_lift_steps.csv,15,step_up,1,2.6711973426307343,on,6,5,0.28,30,skill.STEP_WALK_MAX,step_up_0p28,0,2,2026-08-29T15:45:32Z,WALK,692,60.0,nan
--headless --device cpu --reps 5 --foot-comp on --heading heading-only --params skill.STEP_WALK_MAX skill.STEP_TROT_MAX --swing-lift 60 --results-csv outputs/swing_lift_steps.csv,15,step_up,1,2.800072307862331,on,6,5,0.3,30,skill.STEP_WALK_MAX,step_up_0p30,0,2,2026-08-29T15:45:32Z,WALK,692,60.0,nan
--headless --device cpu --reps 5 --foot-comp on --heading heading-only --params skill.STEP_WALK_MAX skill.STEP_TROT_MAX --swing-lift 60 --results-csv outputs/swing_lift_steps.csv,13,step_up,1,4.2348706953475,on,6,5,0.02,30,skill.STEP_TROT_MAX,step_up_0p02,0,2,2026-08-29T15:45:32Z,TROT,692,60.0,nan
--headless --device cpu --reps 5 --foot-comp on --heading heading-only --params skill.STEP_WALK_MAX skill.STEP_TROT_MAX --swing-lift 60 --results-csv outputs/swing_lift_steps.csv,13,step_up,1,4.2655396057062225,on,6,5,0.04,30,skill.STEP_TROT_MAX,step_up_0p04,0,2,2026-08-29T15:45:32Z,TROT,692,60.0,nan
--headless --device cpu --reps 5 --foot-comp on --heading heading-only --params skill.STEP_WALK_MAX skill.STEP_TROT_MAX --swing-lift 60 --results-csv outputs/swing_lift_steps.csv,13,step_up,1,4.239320918866201,on,6,5,0.06,30,skill.STEP_TROT_MAX,step_up_0p06,0,2,2026-08-29T15:45:32Z,TROT,692,60.0,nan
--headless --device cpu --reps 5 --foot-comp on --heading heading-only --params skill.STEP_WALK_MAX skill.STEP_TROT_MAX --swing-lift 60 --results-csv outputs/swing_lift_steps.csv,13,step_up,1,4.222429273389989,on,6,5,0.08,30,skill.STEP_TROT_MAX,step_up_0p08,0,2,2026-08-29T15:45:32Z,TROT,692,60.0,nan
--headless --device cpu --reps 5 --foot-comp on --heading heading-only --params skill.STEP_WALK_MAX skill.STEP_TROT_MAX --swing-lift 60 --results-csv outputs/swing_lift_steps.csv,13,step_up,1,4.239051878449446,on,6,5,0.1,30,skill.STEP_TROT_MAX,step_up_0p10,0,2,2026-08-29T15:45:32Z,TROT,692,60.0,nan
--headless --device cpu --reps 5 --foot-comp on --heading heading-only --params skill.STEP_WALK_MAX skill.STEP_TROT_MAX --swing-lift 60 --results-csv outputs/swing_lift_steps.csv,13,step_up,1,4.259405834421825,on,6,5,0.12,30,skill.STEP_TROT_MAX,step_up_0p12,0,2,2026-08-29T15:45:32Z,TROT,692,60.0,nan
--headless --device cpu --reps 5 --foot-comp on --heading heading-only --params skill.STEP_WALK_MAX skill.STEP_TROT_MAX --swing-lift 60 --results-csv outputs/swing_lift_steps.csv,13,step_up,1,4.225040325834836,on,6,5,0.14,30,skill.STEP_TROT_MAX,step_up_0p14,0,2,2026-08-29T15:45:32Z,TROT,692,60.0,nan
--headless --device cpu --reps 5 --foot-comp on --heading heading-only --params skill.STEP_WALK_MAX skill.STEP_TROT_MAX --swing-lift 60 --results-csv outputs/swing_lift_steps.csv,13,step_up,1,4.267515434845643,on,6,5,0.16,30,skill.STEP_TROT_MAX,step_up_0p16,0,2,2026-08-29T15:45:32Z,TROT,692,60.0,nan
--headless --device cpu --reps 5 --foot-comp on --heading heading-only --params skill.STEP_WALK_MAX skill.STEP_TROT_MAX --swing-lift 60 --results-csv outputs/swing_lift_steps.csv,13,step_up,1,4.247768792485662,on,6,5,0.18,30,skill.STEP_TROT_MAX,step_up_0p18,0,2,2026-08-29T15:45:32Z,TROT,692,60.0,nan
--headless --device cpu --reps 5 --foot-comp on --heading heading-only --params skill.STEP_WALK_MAX skill.STEP_TROT_MAX --swing-lift 60 --results-csv outputs/swing_lift_steps.csv,13,step_up,1,4.290127182621794,on,6,5,0.2,30,skill.STEP_TROT_MAX,step_up_0p20,0,2,2026-08-29T15:45:32Z,TROT,692,60.0,nan
--headless --device cpu --reps 5 --foot-comp on --heading heading-only --params skill.STEP_WALK_MAX skill.STEP_TROT_MAX --swing-lift 60 --results-csv outputs/swing_lift_steps.csv,13,step_up,1,4.287520449345429,on,6,5,0.22,30,skill.STEP_TROT_MAX,step_up_0p22,0,2,2026-08-29T15:45:32Z,TROT,692,60.0,nan
--headless --device cpu --reps 5 --foot-comp on --heading heading-only --params skill.STEP_WALK_MAX skill.STEP_TROT_MAX --swing-lift 60 --results-csv outputs/swing_lift_steps.csv,13,step_up,1,4.296240884745915,on,6,5,0.24,30,skill.STEP_TROT_MAX,step_up_0p24,0,2,2026-08-29T15:45:32Z,TROT,692,60.0,nan
--headless --device cpu --reps 5 --foot-comp on --heading heading-only --params skill.STEP_WALK_MAX skill.STEP_TROT_MAX --swing-lift 60 --results-csv outputs/swing_lift_steps.csv,13,step_up,1,4.3011096708160235,on,6,5,0.26,30,skill.STEP_TROT_MAX,step_up_0p26,0,2,2026-08-29T15:45:32Z,TROT,692,60.0,nan
--headless --device cpu --reps 5 --foot-comp on --heading heading-only --params skill.STEP_WALK_MAX skill.STEP_TROT_MAX --swing-lift 60 --results-csv outputs/swing_lift_steps.csv,13,step_up,1,4.2420169842274325,on,6,5,0.28,30,skill.STEP_TROT_MAX,step_up_0p28,0,2,2026-08-29T15:45:32Z,TROT,692,60.0,nan
--headless --device cpu --reps 5 --foot-comp on --heading heading-only --params skill.STEP_WALK_MAX skill.STEP_TROT_MAX --swing-lift 60 --results-csv outputs/swing_lift_steps.csv,13,step_up,1,4.259271912034228,on,6,5,0.3,30,skill.STEP_TROT_MAX,step_up_0p30,0,2,2026-08-29T15:45:32Z,TROT,692,60.0,nan
--headless --device cpu --reps 5 --foot-comp on --heading heading-only --params skill.STEP_WALK_MAX skill.STEP_TROT_MAX --swing-lift 60 --results-csv outputs/swing_lift_steps.csv,22,step_up,1,3.5192890998174353,on,6,5,0.02,30,skill.STEP_WALK_MAX,step_up_0p02,0,3,2026-08-29T15:45:32Z,WALK,786,60.0,nan
--headless --device cpu --reps 5 --foot-comp on --heading heading-only --params skill.STEP_WALK_MAX skill.STEP_TROT_MAX --swing-lift 60 --results-csv outputs/swing_lift_steps.csv,22,step_up,1,3.194953990815957,on,6,5,0.04,30,skill.STEP_WALK_MAX,step_up_0p04,0,3,2026-08-29T15:45:32Z,WALK,786,60.0,nan
--headless --device cpu --reps 5 --foot-comp on --heading heading-only --params skill.STEP_WALK_MAX skill.STEP_TROT_MAX --swing-lift 60 --results-csv outputs/swing_lift_steps.csv,22,step_up,1,2.324158465066926,on,6,5,0.06,30,skill.STEP_WALK_MAX,step_up_0p06,0,3,2026-08-29T15:45:32Z,WALK,786,60.0,nan
--headless --device cpu --reps 5 --foot-comp on --heading heading-only --params skill.STEP_WALK_MAX skill.STEP_TROT_MAX --swing-lift 60 --results-csv outputs/swing_lift_steps.csv,22,step_up,1,2.5430695824963054,on,6,5,0.08,30,skill.STEP_WALK_MAX,step_up_0p08,0,3,2026-08-29T15:45:32Z,WALK,786,60.0,nan
--headless --device cpu --reps 5 --foot-comp on --heading heading-only --params skill.STEP_WALK_MAX skill.STEP_TROT_MAX --swing-lift 60 --results-csv outputs/swing_lift_steps.csv,22,step_up,1,3.1575865470979525,on,6,5,0.1,30,skill.STEP_WALK_MAX,step_up_0p10,0,3,2026-08-29T15:45:32Z,WALK,786,60.0,nan
--headless --device cpu --reps 5 --foot-comp on --heading heading-only --params skill.STEP_WALK_MAX skill.STEP_TROT_MAX --swing-lift 60 --results-csv outputs/swing_lift_steps.csv,22,step_up,1,2.6266578327064396,on,6,5,0.12,30,skill.STEP_WALK_MAX,step_up_0p12,0,3,2026-08-29T15:45:32Z,WALK,786,60.0,nan
--headless --device cpu --reps 5 --foot-comp on --heading heading-only --params skill.STEP_WALK_MAX skill.STEP_TROT_MAX --swing-lift 60 --results-csv outputs/swing_lift_steps.csv,22,step_up,1,3.023714545596144,on,6,5,0.14,30,skill.STEP_WALK_MAX,step_up_0p14,0,3,2026-08-29T15:45:32Z,WALK,786,60.0,nan
--headless --device cpu --reps 5 --foot-comp on --heading heading-only --params skill.STEP_WALK_MAX skill.STEP_TROT_MAX --swing-lift 60 --results-csv outputs/swing_lift_steps.csv,22,step_up,1,2.418611454420533,on,6,5,0.16,30,skill.STEP_WALK_MAX,step_up_0p16,0,3,2026-08-29T15:45:32Z,WALK,786,60.0,nan
--headless --device cpu --reps 5 --foot-comp on --heading heading-only --params skill.STEP_WALK_MAX skill.STEP_TROT_MAX --swing-lift 60 --results-csv outputs/swing_lift_steps.csv,22,step_up,1,2.3965751414416117,on,6,5,0.18,30,skill.STEP_WALK_MAX,step_up_0p18,0,3,2026-08-29T15:45:32Z,WALK,786,60.0,nan
--headless --device cpu --reps 5 --foot-comp on --heading heading-only --params skill.STEP_WALK_MAX skill.STEP_TROT_MAX --swing-lift 60 --results-csv outputs/swing_lift_steps.csv,22,step_up,1,2.514471050923524,on,6,5,0.2,30,skill.STEP_WALK_MAX,step_up_0p20,0,3,2026-08-29T15:45:32Z,WALK,786,60.0,nan
--headless --device cpu --reps 5 --foot-comp on --heading heading-only --params skill.STEP_WALK_MAX skill.STEP_TROT_MAX --swing-lift 60 --results-csv outputs/swing_lift_steps.csv,22,step_up,1,2.517606597508945,on,6,5,0.22,30,skill.STEP_WALK_MAX,step_up_0p22,0,3,2026-08-29T15:45:32Z,WALK,786,60.0,nan
--headless --device cpu --reps 5 --foot-comp on --heading heading-only --params skill.STEP_WALK_MAX skill.STEP_TROT_MAX --swing-lift 60 --results-csv outputs/swing_lift_steps.csv,22,step_up,1,2.4285244565134434,on,6,5,0.24,30,skill.STEP_WALK_MAX,step_up_0p24,0,3,2026-08-29T15:45:32Z,WALK,786,60.0,nan
--headless --device cpu --reps 5 --foot-comp on --heading heading-only --params skill.STEP_WALK_MAX skill.STEP_TROT_MAX --swing-lift 60 --results-csv outputs/swing_lift_steps.csv,22,step_up,1,2.424198034832723,on,6,5,0.26,30,skill.STEP_WALK_MAX,step_up_0p26,0,3,2026-08-29T15:45:32Z,WALK,786,60.0,nan
--headless --device cpu --reps 5 --foot-comp on --heading heading-only --params skill.STEP_WALK_MAX skill.STEP_TROT_MAX --swing-lift 60 --results-csv outputs/swing_lift_steps.csv,22,step_up,1,2.438990931755937,on,6,5,0.28,30,skill.STEP_WALK_MAX,step_up_0p28,0,3,2026-08-29T15:45:32Z,WALK,786,60.0,nan
--headless --device cpu --reps 5 --foot-comp on --heading heading-only --params skill.STEP_WALK_MAX skill.STEP_TROT_MAX --swing-lift 60 --results-csv outputs/swing_lift_steps.csv,22,step_up,1,2.4250943528693103,on,6,5,0.3,30,skill.STEP_WALK_MAX,step_up_0p30,0,3,2026-08-29T15:45:32Z,WALK,786,60.0,nan
--headless --device cpu --reps 5 --foot-comp on --heading heading-only --params skill.STEP_WALK_MAX skill.STEP_TROT_MAX --swing-lift 60 --results-csv outputs/swing_lift_steps.csv,19,step_up,1,4.313472258176046,on,6,5,0.02,30,skill.STEP_TROT_MAX,step_up_0p02,0,3,2026-08-29T15:45:32Z,TROT,786,60.0,nan
--headless --device cpu --reps 5 --foot-comp on --heading heading-only --params skill.STEP_WALK_MAX skill.STEP_TROT_MAX --swing-lift 60 --results-csv outputs/swing_lift_steps.csv,19,step_up,1,4.32575387808035,on,6,5,0.04,30,skill.STEP_TROT_MAX,step_up_0p04,0,3,2026-08-29T15:45:32Z,TROT,786,60.0,nan
--headless --device cpu --reps 5 --foot-comp on --heading heading-only --params skill.STEP_WALK_MAX skill.STEP_TROT_MAX --swing-lift 60 --results-csv outputs/swing_lift_steps.csv,19,step_up,1,4.335522500404939,on,6,5,0.06,30,skill.STEP_TROT_MAX,step_up_0p06,0,3,2026-08-29T15:45:32Z,TROT,786,60.0,nan
--headless --device cpu --reps 5 --foot-comp on --heading heading-only --params skill.STEP_WALK_MAX skill.STEP_TROT_MAX --swing-lift 60 --results-csv outputs/swing_lift_steps.csv,19,step_up,1,4.317214879373441,on,6,5,0.08,30,skill.STEP_TROT_MAX,step_up_0p08,0,3,2026-08-29T15:45:32Z,TROT,786,60.0,nan
--headless --device cpu --reps 5 --foot-comp on --heading heading-only --params skill.STEP_WALK_MAX skill.STEP_TROT_MAX --swing-lift 60 --results-csv outputs/swing_lift_steps.csv,19,step_up,1,4.318050648712912,on,6,5,0.1,30,skill.STEP_TROT_MAX,step_up_0p10,0,3,2026-08-29T15:45:32Z,TROT,786,60.0,nan
--headless --device cpu --reps 5 --foot-comp on --heading heading-only --params skill.STEP_WALK_MAX skill.STEP_TROT_MAX --swing-lift 60 --results-csv outputs/swing_lift_steps.csv,19,step_up,1,4.324903459772771,on,6,5,0.12,30,skill.STEP_TROT_MAX,step_up_0p12,0,3,2026-08-29T15:45:32Z,TROT,786,60.0,nan
--headless --device cpu --reps 5 --foot-comp on --heading heading-only --params skill.STEP_WALK_MAX skill.STEP_TROT_MAX --swing-lift 60 --results-csv outputs/swing_lift_steps.csv,19,step_up,1,4.312344100650714,on,6,5,0.14,30,skill.STEP_TROT_MAX,step_up_0p14,0,3,2026-08-29T15:45:32Z,TROT,786,60.0,nan
--headless --device cpu --reps 5 --foot-comp on --heading heading-only --params skill.STEP_WALK_MAX skill.STEP_TROT_MAX --swing-lift 60 --results-csv outputs/swing_lift_steps.csv,19,step_up,1,4.319744129841252,on,6,5,0.16,30,skill.STEP_TROT_MAX,step_up_0p16,0,3,2026-08-29T15:45:32Z,TROT,786,60.0,nan
--headless --device cpu --reps 5 --foot-comp on --heading heading-only --params skill.STEP_WALK_MAX skill.STEP_TROT_MAX --swing-lift 60 --results-csv outputs/swing_lift_steps.csv,19,step_up,1,4.3235519455725235,on,6,5,0.18,30,skill.STEP_TROT_MAX,step_up_0p18,0,3,2026-08-29T15:45:32Z,TROT,786,60.0,nan
--headless --device cpu --reps 5 --foot-comp on --heading heading-only --params skill.STEP_WALK_MAX skill.STEP_TROT_MAX --swing-lift 60 --results-csv outputs/swing_lift_steps.csv,19,step_up,1,4.330156159129256,on,6,5,0.2,30,skill.STEP_TROT_MAX,step_up_0p20,0,3,2026-08-29T15:45:32Z,TROT,786,60.0,nan
--headless --device cpu --reps 5 --foot-comp on --heading heading-only --params skill.STEP_WALK_MAX skill.STEP_TROT_MAX --swing-lift 60 --results-csv outputs/swing_lift_steps.csv,19,step_up,1,4.316808398536847,on,6,5,0.22,30,skill.STEP_TROT_MAX,step_up_0p22,0,3,2026-08-29T15:45:32Z,TROT,786,60.0,nan
--headless --device cpu --reps 5 --foot-comp on --heading heading-only --params skill.STEP_WALK_MAX skill.STEP_TROT_MAX --swing-lift 60 --results-csv outputs/swing_lift_steps.csv,19,step_up,1,4.314427188901549,on,6,5,0.24,30,skill.STEP_TROT_MAX,step_up_0p24,0,3,2026-08-29T15:45:32Z,TROT,786,60.0,nan
--headless --device cpu --reps 5 --foot-comp on --heading heading-only --params skill.STEP_WALK_MAX skill.STEP_TROT_MAX --swing-lift 60 --results-csv outputs/swing_lift_steps.csv,19,step_up,1,4.320460849704057,on,6,5,0.26,30,skill.STEP_TROT_MAX,step_up_0p26,0,3,2026-08-29T15:45:32Z,TROT,786,60.0,nan
--headless --device cpu --reps 5 --foot-comp on --heading heading-only --params skill.STEP_WALK_MAX skill.STEP_TROT_MAX --swing-lift 60 --results-csv outputs/swing_lift_steps.csv,19,step_up,1,4.307690369213117,on,6,5,0.28,30,skill.STEP_TROT_MAX,step_up_0p28,0,3,2026-08-29T15:45:32Z,TROT,786,60.0,nan
--headless --device cpu --reps 5 --foot-comp on --heading heading-only --params skill.STEP_WALK_MAX skill.STEP_TROT_MAX --swing-lift 60 --results-csv outputs/swing_lift_steps.csv,19,step_up,1,4.318220892398769,on,6,5,0.3,30,skill.STEP_TROT_MAX,step_up_0p30,0,3,2026-08-29T15:45:32Z,TROT,786,60.0,nan
--headless --device cpu --reps 5 --foot-comp on --heading heading-only --params skill.STEP_WALK_MAX skill.STEP_TROT_MAX --swing-lift 60 --results-csv outputs/swing_lift_steps.csv,30,step_up,1,2.9929329537324314,on,6,5,0.02,30,skill.STEP_WALK_MAX,step_up_0p02,0,4,2026-08-29T15:45:32Z,WALK,698,60.0,nan
--headless --device cpu --reps 5 --foot-comp on --heading heading-only --params skill.STEP_WALK_MAX skill.STEP_TROT_MAX --swing-lift 60 --results-csv outputs/swing_lift_steps.csv,30,step_up,1,2.981963483418102,on,6,5,0.04,30,skill.STEP_WALK_MAX,step_up_0p04,0,4,2026-08-29T15:45:32Z,WALK,698,60.0,nan
--headless --device cpu --reps 5 --foot-comp on --heading heading-only --params skill.STEP_WALK_MAX skill.STEP_TROT_MAX --swing-lift 60 --results-csv outputs/swing_lift_steps.csv,30,step_up,1,2.5827253180167653,on,6,5,0.06,30,skill.STEP_WALK_MAX,step_up_0p06,0,4,2026-08-29T15:45:32Z,WALK,698,60.0,nan
--headless --device cpu --reps 5 --foot-comp on --heading heading-only --params skill.STEP_WALK_MAX skill.STEP_TROT_MAX --swing-lift 60 --results-csv outputs/swing_lift_steps.csv,30,step_up,1,3.192241340844027,on,6,5,0.08,30,skill.STEP_WALK_MAX,step_up_0p08,0,4,2026-08-29T15:45:32Z,WALK,698,60.0,nan
--headless --device cpu --reps 5 --foot-comp on --heading heading-only --params skill.STEP_WALK_MAX skill.STEP_TROT_MAX --swing-lift 60 --results-csv outputs/swing_lift_steps.csv,30,step_up,1,3.2133793793945715,on,6,5,0.1,30,skill.STEP_WALK_MAX,step_up_0p10,0,4,2026-08-29T15:45:32Z,WALK,698,60.0,nan
--headless --device cpu --reps 5 --foot-comp on --heading heading-only --params skill.STEP_WALK_MAX skill.STEP_TROT_MAX --swing-lift 60 --results-csv outputs/swing_lift_steps.csv,30,step_up,1,3.0687294147837454,on,6,5,0.12,30,skill.STEP_WALK_MAX,step_up_0p12,0,4,2026-08-29T15:45:32Z,WALK,698,60.0,nan
--headless --device cpu --reps 5 --foot-comp on --heading heading-only --params skill.STEP_WALK_MAX skill.STEP_TROT_MAX --swing-lift 60 --results-csv outputs/swing_lift_steps.csv,30,step_up,1,2.804898784654564,on,6,5,0.14,30,skill.STEP_WALK_MAX,step_up_0p14,0,4,2026-08-29T15:45:32Z,WALK,698,60.0,nan
--headless --device cpu --reps 5 --foot-comp on --heading heading-only --params skill.STEP_WALK_MAX skill.STEP_TROT_MAX --swing-lift 60 --results-csv outputs/swing_lift_steps.csv,30,step_up,1,3.3181656209527155,on,6,5,0.16,30,skill.STEP_WALK_MAX,step_up_0p16,0,4,2026-08-29T15:45:32Z,WALK,698,60.0,nan
--headless --device cpu --reps 5 --foot-comp on --heading heading-only --params skill.STEP_WALK_MAX skill.STEP_TROT_MAX --swing-lift 60 --results-csv outputs/swing_lift_steps.csv,30,step_up,1,3.2077176265476988,on,6,5,0.18,30,skill.STEP_WALK_MAX,step_up_0p18,0,4,2026-08-29T15:45:32Z,WALK,698,60.0,nan
--headless --device cpu --reps 5 --foot-comp on --heading heading-only --params skill.STEP_WALK_MAX skill.STEP_TROT_MAX --swing-lift 60 --results-csv outputs/swing_lift_steps.csv,30,step_up,1,3.3715874412579256,on,6,5,0.2,30,skill.STEP_WALK_MAX,step_up_0p20,0,4,2026-08-29T15:45:32Z,WALK,698,60.0,nan
--headless --device cpu --reps 5 --foot-comp on --heading heading-only --params skill.STEP_WALK_MAX skill.STEP_TROT_MAX --swing-lift 60 --results-csv outputs/swing_lift_steps.csv,30,step_up,1,2.6546834596274858,on,6,5,0.22,30,skill.STEP_WALK_MAX,step_up_0p22,0,4,2026-08-29T15:45:32Z,WALK,698,60.0,nan
--headless --device cpu --reps 5 --foot-comp on --heading heading-only --params skill.STEP_WALK_MAX skill.STEP_TROT_MAX --swing-lift 60 --results-csv outputs/swing_lift_steps.csv,30,step_up,1,2.991565503706262,on,6,5,0.24,30,skill.STEP_WALK_MAX,step_up_0p24,0,4,2026-08-29T15:45:32Z,WALK,698,60.0,nan
--headless --device cpu --reps 5 --foot-comp on --heading heading-only --params skill.STEP_WALK_MAX skill.STEP_TROT_MAX --swing-lift 60 --results-csv outputs/swing_lift_steps.csv,30,step_up,1,3.0519999907577637,on,6,5,0.26,30,skill.STEP_WALK_MAX,step_up_0p26,0,4,2026-08-29T15:45:32Z,WALK,698,60.0,nan
--headless --device cpu --reps 5 --foot-comp on --heading heading-only --params skill.STEP_WALK_MAX skill.STEP_TROT_MAX --swing-lift 60 --results-csv outputs/swing_lift_steps.csv,30,step_up,1,2.6029250931528622,on,6,5,0.28,30,skill.STEP_WALK_MAX,step_up_0p28,0,4,2026-08-29T15:45:32Z,WALK,698,60.0,nan
--headless --device cpu --reps 5 --foot-comp on --heading heading-only --params skill.STEP_WALK_MAX skill.STEP_TROT_MAX --swing-lift 60 --results-csv outputs/swing_lift_steps.csv,30,step_up,1,2.2555278509979373,on,6,5,0.3,30,skill.STEP_WALK_MAX,step_up_0p30,0,4,2026-08-29T15:45:32Z,WALK,698,60.0,nan
--headless --device cpu --reps 5 --foot-comp on --heading heading-only --params skill.STEP_WALK_MAX skill.STEP_TROT_MAX --swing-lift 60 --results-csv outputs/swing_lift_steps.csv,26,step_up,1,4.3679022508903165,on,6,5,0.02,30,skill.STEP_TROT_MAX,step_up_0p02,0,4,2026-08-29T15:45:32Z,TROT,698,60.0,nan
--headless --device cpu --reps 5 --foot-comp on --heading heading-only --params skill.STEP_WALK_MAX skill.STEP_TROT_MAX --swing-lift 60 --results-csv outputs/swing_lift_steps.csv,26,step_up,1,4.368921248265478,on,6,5,0.04,30,skill.STEP_TROT_MAX,step_up_0p04,0,4,2026-08-29T15:45:32Z,TROT,698,60.0,nan
--headless --device cpu --reps 5 --foot-comp on --heading heading-only --params skill.STEP_WALK_MAX skill.STEP_TROT_MAX --swing-lift 60 --results-csv outputs/swing_lift_steps.csv,26,step_up,1,4.380733063356713,on,6,5,0.06,30,skill.STEP_TROT_MAX,step_up_0p06,0,4,2026-08-29T15:45:32Z,TROT,698,60.0,nan
--headless --device cpu --reps 5 --foot-comp on --heading heading-only --params skill.STEP_WALK_MAX skill.STEP_TROT_MAX --swing-lift 60 --results-csv outputs/swing_lift_steps.csv,26,step_up,1,4.330354068404025,on,6,5,0.08,30,skill.STEP_TROT_MAX,step_up_0p08,0,4,2026-08-29T15:45:32Z,TROT,698,60.0,nan
--headless --device cpu --reps 5 --foot-comp on --heading heading-only --params skill.STEP_WALK_MAX skill.STEP_TROT_MAX --swing-lift 60 --results-csv outputs/swing_lift_steps.csv,26,step_up,1,4.3607122099304325,on,6,5,0.1,30,skill.STEP_TROT_MAX,step_up_0p10,0,4,2026-08-29T15:45:32Z,TROT,698,60.0,nan
--headless --device cpu --reps 5 --foot-comp on --heading heading-only --params skill.STEP_WALK_MAX skill.STEP_TROT_MAX --swing-lift 60 --results-csv outputs/swing_lift_steps.csv,26,step_up,1,4.360012295846406,on,6,5,0.12,30,skill.STEP_TROT_MAX,step_up_0p12,0,4,2026-08-29T15:45:32Z,TROT,698,60.0,nan
--headless --device cpu --reps 5 --foot-comp on --heading heading-only --params skill.STEP_WALK_MAX skill.STEP_TROT_MAX --swing-lift 60 --results-csv outputs/swing_lift_steps.csv,26,step_up,1,4.367542125154035,on,6,5,0.14,30,skill.STEP_TROT_MAX,step_up_0p14,0,4,2026-08-29T15:45:32Z,TROT,698,60.0,nan
--headless --device cpu --reps 5 --foot-comp on --heading heading-only --params skill.STEP_WALK_MAX skill.STEP_TROT_MAX --swing-lift 60 --results-csv outputs/swing_lift_steps.csv,26,step_up,1,4.361748158026809,on,6,5,0.16,30,skill.STEP_TROT_MAX,step_up_0p16,0,4,2026-08-29T15:45:32Z,TROT,698,60.0,nan
--headless --device cpu --reps 5 --foot-comp on --heading heading-only --params skill.STEP_WALK_MAX skill.STEP_TROT_MAX --swing-lift 60 --results-csv outputs/swing_lift_steps.csv,26,step_up,1,4.360919631292273,on,6,5,0.18,30,skill.STEP_TROT_MAX,step_up_0p18,0,4,2026-08-29T15:45:32Z,TROT,698,60.0,nan
--headless --device cpu --reps 5 --foot-comp on --heading heading-only --params skill.STEP_WALK_MAX skill.STEP_TROT_MAX --swing-lift 60 --results-csv outputs/swing_lift_steps.csv,26,step_up,1,4.367326407053332,on,6,5,0.2,30,skill.STEP_TROT_MAX,step_up_0p20,0,4,2026-08-29T15:45:32Z,TROT,698,60.0,nan
--headless --device cpu --reps 5 --foot-comp on --heading heading-only --params skill.STEP_WALK_MAX skill.STEP_TROT_MAX --swing-lift 60 --results-csv outputs/swing_lift_steps.csv,26,step_up,1,4.359471855850447,on,6,5,0.22,30,skill.STEP_TROT_MAX,step_up_0p22,0,4,2026-08-29T15:45:32Z,TROT,698,60.0,nan
--headless --device cpu --reps 5 --foot-comp on --heading heading-only --params skill.STEP_WALK_MAX skill.STEP_TROT_MAX --swing-lift 60 --results-csv outputs/swing_lift_steps.csv,26,step_up,1,4.35477779824326,on,6,5,0.24,30,skill.STEP_TROT_MAX,step_up_0p24,0,4,2026-08-29T15:45:32Z,TROT,698,60.0,nan
--headless --device cpu --reps 5 --foot-comp on --heading heading-only --params skill.STEP_WALK_MAX skill.STEP_TROT_MAX --swing-lift 60 --results-csv outputs/swing_lift_steps.csv,26,step_up,1,4.361975653794827,on,6,5,0.26,30,skill.STEP_TROT_MAX,step_up_0p26,0,4,2026-08-29T15:45:32Z,TROT,698,60.0,nan
--headless --device cpu --reps 5 --foot-comp on --heading heading-only --params skill.STEP_WALK_MAX skill.STEP_TROT_MAX --swing-lift 60 --results-csv outputs/swing_lift_steps.csv,26,step_up,1,4.359576672531523,on,6,5,0.28,30,skill.STEP_TROT_MAX,step_up_0p28,0,4,2026-08-29T15:45:32Z,TROT,698,60.0,nan
--headless --device cpu --reps 5 --foot-comp on --heading heading-only --params skill.STEP_WALK_MAX skill.STEP_TROT_MAX --swing-lift 60 --results-csv outputs/swing_lift_steps.csv,26,step_up,1,4.341256644881914,on,6,5,0.3,30,skill.STEP_TROT_MAX,step_up_0p30,0,4,2026-08-29T15:45:32Z,TROT,698,60.0,nan
--headless --device cpu --reps 5 --foot-comp on --heading heading-only --params skill.STEP_WALK_MAX skill.STEP_TROT_MAX --swing-lift 80 --results-csv outputs/swing_lift_steps.csv,0,step_up,1,7.405524212642188,on,6,5,0.02,30,skill.STEP_WALK_MAX,step_up_0p02,0,0,2026-08-29T15:47:57Z,WALK,2140,80.0,nan
--headless --device cpu --reps 5 --foot-comp on --heading heading-only --params skill.STEP_WALK_MAX skill.STEP_TROT_MAX --swing-lift 80 --results-csv outputs/swing_lift_steps.csv,0,step_up,1,1.0815596139502837,on,6,5,0.04,30,skill.STEP_WALK_MAX,step_up_0p04,0,0,2026-08-29T15:47:57Z,WALK,2140,80.0,nan
--headless --device cpu --reps 5 --foot-comp on --heading heading-only --params skill.STEP_WALK_MAX skill.STEP_TROT_MAX --swing-lift 80 --results-csv outputs/swing_lift_steps.csv,0,step_up,1,2.198003785261616,on,6,5,0.06,30,skill.STEP_WALK_MAX,step_up_0p06,0,0,2026-08-29T15:47:57Z,WALK,2140,80.0,nan
--headless --device cpu --reps 5 --foot-comp on --heading heading-only --params skill.STEP_WALK_MAX skill.STEP_TROT_MAX --swing-lift 80 --results-csv outputs/swing_lift_steps.csv,0,step_up,1,2.1284672589232865,on,6,5,0.08,30,skill.STEP_WALK_MAX,step_up_0p08,0,0,2026-08-29T15:47:57Z,WALK,2140,80.0,nan
--headless --device cpu --reps 5 --foot-comp on --heading heading-only --params skill.STEP_WALK_MAX skill.STEP_TROT_MAX --swing-lift 80 --results-csv outputs/swing_lift_steps.csv,0,step_up,1,2.082480087567142,on,6,5,0.1,30,skill.STEP_WALK_MAX,step_up_0p10,0,0,2026-08-29T15:47:57Z,WALK,2140,80.0,nan
--headless --device cpu --reps 5 --foot-comp on --heading heading-only --params skill.STEP_WALK_MAX skill.STEP_TROT_MAX --swing-lift 80 --results-csv outputs/swing_lift_steps.csv,0,step_up,1,2.0838718879657554,on,6,5,0.12,30,skill.STEP_WALK_MAX,step_up_0p12,0,0,2026-08-29T15:47:57Z,WALK,2140,80.0,nan
--headless --device cpu --reps 5 --foot-comp on --heading heading-only --params skill.STEP_WALK_MAX skill.STEP_TROT_MAX --swing-lift 80 --results-csv outputs/swing_lift_steps.csv,0,step_up,1,2.028509356237682,on,6,5,0.14,30,skill.STEP_WALK_MAX,step_up_0p14,0,0,2026-08-29T15:47:57Z,WALK,2140,80.0,nan
--headless --device cpu --reps 5 --foot-comp on --heading heading-only --params skill.STEP_WALK_MAX skill.STEP_TROT_MAX --swing-lift 80 --results-csv outputs/swing_lift_steps.csv,0,step_up,1,2.0413025021068627,on,6,5,0.16,30,skill.STEP_WALK_MAX,step_up_0p16,0,0,2026-08-29T15:47:57Z,WALK,2140,80.0,nan
--headless --device cpu --reps 5 --foot-comp on --heading heading-only --params skill.STEP_WALK_MAX skill.STEP_TROT_MAX --swing-lift 80 --results-csv outputs/swing_lift_steps.csv,0,step_up,1,2.1942998134895375,on,6,5,0.18,30,skill.STEP_WALK_MAX,step_up_0p18,0,0,2026-08-29T15:47:57Z,WALK,2140,80.0,nan
--headless --device cpu --reps 5 --foot-comp on --heading heading-only --params skill.STEP_WALK_MAX skill.STEP_TROT_MAX --swing-lift 80 --results-csv outputs/swing_lift_steps.csv,0,step_up,1,2.3213159671986796,on,6,5,0.2,30,skill.STEP_WALK_MAX,step_up_0p20,0,0,2026-08-29T15:47:57Z,WALK,2140,80.0,nan
--headless --device cpu --reps 5 --foot-comp on --heading heading-only --params skill.STEP_WALK_MAX skill.STEP_TROT_MAX --swing-lift 80 --results-csv outputs/swing_lift_steps.csv,0,step_up,1,2.1834905304501997,on,6,5,0.22,30,skill.STEP_WALK_MAX,step_up_0p22,0,0,2026-08-29T15:47:57Z,WALK,2140,80.0,nan
--headless --device cpu --reps 5 --foot-comp on --heading heading-only --params skill.STEP_WALK_MAX skill.STEP_TROT_MAX --swing-lift 80 --results-csv outputs/swing_lift_steps.csv,0,step_up,1,1.3879614829378035,on,6,5,0.24,30,skill.STEP_WALK_MAX,step_up_0p24,0,0,2026-08-29T15:47:57Z,WALK,2140,80.0,nan
--headless --device cpu --reps 5 --foot-comp on --heading heading-only --params skill.STEP_WALK_MAX skill.STEP_TROT_MAX --swing-lift 80 --results-csv outputs/swing_lift_steps.csv,0,step_up,1,2.38444245498447,on,6,5,0.26,30,skill.STEP_WALK_MAX,step_up_0p26,0,0,2026-08-29T15:47:57Z,WALK,2140,80.0,nan
--headless --device cpu --reps 5 --foot-comp on --heading heading-only --params skill.STEP_WALK_MAX skill.STEP_TROT_MAX --swing-lift 80 --results-csv outputs/swing_lift_steps.csv,0,step_up,1,2.160493697258106,on,6,5,0.28,30,skill.STEP_WALK_MAX,step_up_0p28,0,0,2026-08-29T15:47:57Z,WALK,2140,80.0,nan
--headless --device cpu --reps 5 --foot-comp on --heading heading-only --params skill.STEP_WALK_MAX skill.STEP_TROT_MAX --swing-lift 80 --results-csv outputs/swing_lift_steps.csv,0,step_up,1,2.1828438186063224,on,6,5,0.3,30,skill.STEP_WALK_MAX,step_up_0p30,0,0,2026-08-29T15:47:57Z,WALK,2140,80.0,nan
--headless --device cpu --reps 5 --foot-comp on --heading heading-only --params skill.STEP_WALK_MAX skill.STEP_TROT_MAX --swing-lift 80 --results-csv outputs/swing_lift_steps.csv,0,step_up,1,3.3334018514588153,on,6,5,0.02,30,skill.STEP_TROT_MAX,step_up_0p02,0,0,2026-08-29T15:47:57Z,TROT,2140,80.0,nan
--headless --device cpu --reps 5 --foot-comp on --heading heading-only --params skill.STEP_WALK_MAX skill.STEP_TROT_MAX --swing-lift 80 --results-csv outputs/swing_lift_steps.csv,0,step_up,1,3.600756793951939,on,6,5,0.04,30,skill.STEP_TROT_MAX,step_up_0p04,0,0,2026-08-29T15:47:57Z,TROT,2140,80.0,nan
--headless --device cpu --reps 5 --foot-comp on --heading heading-only --params skill.STEP_WALK_MAX skill.STEP_TROT_MAX --swing-lift 80 --results-csv outputs/swing_lift_steps.csv,0,step_up,1,3.3483500993408173,on,6,5,0.06,30,skill.STEP_TROT_MAX,step_up_0p06,0,0,2026-08-29T15:47:57Z,TROT,2140,80.0,nan
--headless --device cpu --reps 5 --foot-comp on --heading heading-only --params skill.STEP_WALK_MAX skill.STEP_TROT_MAX --swing-lift 80 --results-csv outputs/swing_lift_steps.csv,0,step_up,0,3.2716887117157434,on,6,5,0.08,30,skill.STEP_TROT_MAX,step_up_0p08,0,0,2026-08-29T15:47:57Z,TROT,2140,80.0,nan
--headless --device cpu --reps 5 --foot-comp on --heading heading-only --params skill.STEP_WALK_MAX skill.STEP_TROT_MAX --swing-lift 80 --results-csv outputs/swing_lift_steps.csv,0,step_up,1,3.2889004380317104,on,6,5,0.1,30,skill.STEP_TROT_MAX,step_up_0p10,0,0,2026-08-29T15:47:57Z,TROT,2140,80.0,nan
--headless --device cpu --reps 5 --foot-comp on --heading heading-only --params skill.STEP_WALK_MAX skill.STEP_TROT_MAX --swing-lift 80 --results-csv outputs/swing_lift_steps.csv,0,step_up,1,3.2963650547554586,on,6,5,0.12,30,skill.STEP_TROT_MAX,step_up_0p12,0,0,2026-08-29T15:47:57Z,TROT,2140,80.0,nan
--headless --device cpu --reps 5 --foot-comp on --heading heading-only --params skill.STEP_WALK_MAX skill.STEP_TROT_MAX --swing-lift 80 --results-csv outputs/swing_lift_steps.csv,0,step_up,1,3.3523957328639225,on,6,5,0.14,30,skill.STEP_TROT_MAX,step_up_0p14,0,0,2026-08-29T15:47:57Z,TROT,2140,80.0,nan
--headless --device cpu --reps 5 --foot-comp on --heading heading-only --params skill.STEP_WALK_MAX skill.STEP_TROT_MAX --swing-lift 80 --results-csv outputs/swing_lift_steps.csv,0,step_up,1,3.3472859907425043,on,6,5,0.16,30,skill.STEP_TROT_MAX,step_up_0p16,0,0,2026-08-29T15:47:57Z,TROT,2140,80.0,nan
--headless --device cpu --reps 5 --foot-comp on --heading heading-only --params skill.STEP_WALK_MAX skill.STEP_TROT_MAX --swing-lift 80 --results-csv outputs/swing_lift_steps.csv,0,step_up,0,3.3101522925661824,on,6,5,0.18,30,skill.STEP_TROT_MAX,step_up_0p18,0,0,2026-08-29T15:47:57Z,TROT,2140,80.0,nan
--headless --device cpu --reps 5 --foot-comp on --heading heading-only --params skill.STEP_WALK_MAX skill.STEP_TROT_MAX --swing-lift 80 --results-csv outputs/swing_lift_steps.csv,0,step_up,1,3.39372359185016,on,6,5,0.2,30,skill.STEP_TROT_MAX,step_up_0p20,0,0,2026-08-29T15:47:57Z,TROT,2140,80.0,nan
--headless --device cpu --reps 5 --foot-comp on --heading heading-only --params skill.STEP_WALK_MAX skill.STEP_TROT_MAX --swing-lift 80 --results-csv outputs/swing_lift_steps.csv,0,step_up,0,3.4075999009771034,on,6,5,0.22,30,skill.STEP_TROT_MAX,step_up_0p22,0,0,2026-08-29T15:47:57Z,TROT,2140,80.0,nan
--headless --device cpu --reps 5 --foot-comp on --heading heading-only --params skill.STEP_WALK_MAX skill.STEP_TROT_MAX --swing-lift 80 --results-csv outputs/swing_lift_steps.csv,0,step_up,0,3.380725459839332,on,6,5,0.24,30,skill.STEP_TROT_MAX,step_up_0p24,0,0,2026-08-29T15:47:57Z,TROT,2140,80.0,nan
--headless --device cpu --reps 5 --foot-comp on --heading heading-only --params skill.STEP_WALK_MAX skill.STEP_TROT_MAX --swing-lift 80 --results-csv outputs/swing_lift_steps.csv,0,step_up,1,3.2847295739475393,on,6,5,0.26,30,skill.STEP_TROT_MAX,step_up_0p26,0,0,2026-08-29T15:47:57Z,TROT,2140,80.0,nan
--headless --device cpu --reps 5 --foot-comp on --heading heading-only --params skill.STEP_WALK_MAX skill.STEP_TROT_MAX --swing-lift 80 --results-csv outputs/swing_lift_steps.csv,0,step_up,0,3.383739344582266,on,6,5,0.28,30,skill.STEP_TROT_MAX,step_up_0p28,0,0,2026-08-29T15:47:57Z,TROT,2140,80.0,nan
--headless --device cpu --reps 5 --foot-comp on --heading heading-only --params skill.STEP_WALK_MAX skill.STEP_TROT_MAX --swing-lift 80 --results-csv outputs/swing_lift_steps.csv,0,step_up,0,3.3784022840019174,on,6,5,0.3,30,skill.STEP_TROT_MAX,step_up_0p30,0,0,2026-08-29T15:47:57Z,TROT,2140,80.0,nan
--headless --device cpu --reps 5 --foot-comp on --heading heading-only --params skill.STEP_WALK_MAX skill.STEP_TROT_MAX --swing-lift 80 --results-csv outputs/swing_lift_steps.csv,7,step_up,1,3.045288688270642,on,6,5,0.02,30,skill.STEP_WALK_MAX,step_up_0p02,0,1,2026-08-29T15:47:57Z,WALK,1202,80.0,nan
--headless --device cpu --reps 5 --foot-comp on --heading heading-only --params skill.STEP_WALK_MAX skill.STEP_TROT_MAX --swing-lift 80 --results-csv outputs/swing_lift_steps.csv,7,step_up,1,1.0249904481810264,on,6,5,0.04,30,skill.STEP_WALK_MAX,step_up_0p04,0,1,2026-08-29T15:47:57Z,WALK,1202,80.0,nan
--headless --device cpu --reps 5 --foot-comp on --heading heading-only --params skill.STEP_WALK_MAX skill.STEP_TROT_MAX --swing-lift 80 --results-csv outputs/swing_lift_steps.csv,7,step_up,1,2.1365090086411263,on,6,5,0.06,30,skill.STEP_WALK_MAX,step_up_0p06,0,1,2026-08-29T15:47:57Z,WALK,1202,80.0,nan
--headless --device cpu --reps 5 --foot-comp on --heading heading-only --params skill.STEP_WALK_MAX skill.STEP_TROT_MAX --swing-lift 80 --results-csv outputs/swing_lift_steps.csv,7,step_up,1,2.0518362250961246,on,6,5,0.08,30,skill.STEP_WALK_MAX,step_up_0p08,0,1,2026-08-29T15:47:57Z,WALK,1202,80.0,nan
--headless --device cpu --reps 5 --foot-comp on --heading heading-only --params skill.STEP_WALK_MAX skill.STEP_TROT_MAX --swing-lift 80 --results-csv outputs/swing_lift_steps.csv,7,step_up,1,2.0927422532641997,on,6,5,0.1,30,skill.STEP_WALK_MAX,step_up_0p10,0,1,2026-08-29T15:47:57Z,WALK,1202,80.0,nan
--headless --device cpu --reps 5 --foot-comp on --heading heading-only --params skill.STEP_WALK_MAX skill.STEP_TROT_MAX --swing-lift 80 --results-csv outputs/swing_lift_steps.csv,7,step_up,1,2.018136102951033,on,6,5,0.12,30,skill.STEP_WALK_MAX,step_up_0p12,0,1,2026-08-29T15:47:57Z,WALK,1202,80.0,nan
--headless --device cpu --reps 5 --foot-comp on --heading heading-only --params skill.STEP_WALK_MAX skill.STEP_TROT_MAX --swing-lift 80 --results-csv outputs/swing_lift_steps.csv,7,step_up,1,2.032201217220726,on,6,5,0.14,30,skill.STEP_WALK_MAX,step_up_0p14,0,1,2026-08-29T15:47:57Z,WALK,1202,80.0,nan
--headless --device cpu --reps 5 --foot-comp on --heading heading-only --params skill.STEP_WALK_MAX skill.STEP_TROT_MAX --swing-lift 80 --results-csv outputs/swing_lift_steps.csv,7,step_up,1,2.0799471840007038,on,6,5,0.16,30,skill.STEP_WALK_MAX,step_up_0p16,0,1,2026-08-29T15:47:57Z,WALK,1202,80.0,nan
--headless --device cpu --reps 5 --foot-comp on --heading heading-only --params skill.STEP_WALK_MAX skill.STEP_TROT_MAX --swing-lift 80 --results-csv outputs/swing_lift_steps.csv,7,step_up,1,2.0287974870125027,on,6,5,0.18,30,skill.STEP_WALK_MAX,step_up_0p18,0,1,2026-08-29T15:47:57Z,WALK,1202,80.0,nan
--headless --device cpu --reps 5 --foot-comp on --heading heading-only --params skill.STEP_WALK_MAX skill.STEP_TROT_MAX --swing-lift 80 --results-csv outputs/swing_lift_steps.csv,7,step_up,1,2.1645969136349867,on,6,5,0.2,30,skill.STEP_WALK_MAX,step_up_0p20,0,1,2026-08-29T15:47:57Z,WALK,1202,80.0,nan
--headless --device cpu --reps 5 --foot-comp on --heading heading-only --params skill.STEP_WALK_MAX skill.STEP_TROT_MAX --swing-lift 80 --results-csv outputs/swing_lift_steps.csv,7,step_up,1,2.0691424056758336,on,6,5,0.22,30,skill.STEP_WALK_MAX,step_up_0p22,0,1,2026-08-29T15:47:57Z,WALK,1202,80.0,nan
--headless --device cpu --reps 5 --foot-comp on --heading heading-only --params skill.STEP_WALK_MAX skill.STEP_TROT_MAX --swing-lift 80 --results-csv outputs/swing_lift_steps.csv,7,step_up,1,2.26978135176387,on,6,5,0.24,30,skill.STEP_WALK_MAX,step_up_0p24,0,1,2026-08-29T15:47:57Z,WALK,1202,80.0,nan
--headless --device cpu --reps 5 --foot-comp on --heading heading-only --params skill.STEP_WALK_MAX skill.STEP_TROT_MAX --swing-lift 80 --results-csv outputs/swing_lift_steps.csv,7,step_up,1,2.192276664256952,on,6,5,0.26,30,skill.STEP_WALK_MAX,step_up_0p26,0,1,2026-08-29T15:47:57Z,WALK,1202,80.0,nan
--headless --device cpu --reps 5 --foot-comp on --heading heading-only --params skill.STEP_WALK_MAX skill.STEP_TROT_MAX --swing-lift 80 --results-csv outputs/swing_lift_steps.csv,7,step_up,1,2.114239442988958,on,6,5,0.28,30,skill.STEP_WALK_MAX,step_up_0p28,0,1,2026-08-29T15:47:57Z,WALK,1202,80.0,nan
--headless --device cpu --reps 5 --foot-comp on --heading heading-only --params skill.STEP_WALK_MAX skill.STEP_TROT_MAX --swing-lift 80 --results-csv outputs/swing_lift_steps.csv,7,step_up,1,2.164459462722424,on,6,5,0.3,30,skill.STEP_WALK_MAX,step_up_0p30,0,1,2026-08-29T15:47:57Z,WALK,1202,80.0,nan
--headless --device cpu --reps 5 --foot-comp on --heading heading-only --params skill.STEP_WALK_MAX skill.STEP_TROT_MAX --swing-lift 80 --results-csv outputs/swing_lift_steps.csv,6,step_up,1,3.7736747652726708,on,6,5,0.02,30,skill.STEP_TROT_MAX,step_up_0p02,0,1,2026-08-29T15:47:57Z,TROT,1202,80.0,nan
--headless --device cpu --reps 5 --foot-comp on --heading heading-only --params skill.STEP_WALK_MAX skill.STEP_TROT_MAX --swing-lift 80 --results-csv outputs/swing_lift_steps.csv,6,step_up,1,3.7754319145841744,on,6,5,0.04,30,skill.STEP_TROT_MAX,step_up_0p04,0,1,2026-08-29T15:47:57Z,TROT,1202,80.0,nan
--headless --device cpu --reps 5 --foot-comp on --heading heading-only --params skill.STEP_WALK_MAX skill.STEP_TROT_MAX --swing-lift 80 --results-csv outputs/swing_lift_steps.csv,6,step_up,1,3.773752922921613,on,6,5,0.06,30,skill.STEP_TROT_MAX,step_up_0p06,0,1,2026-08-29T15:47:57Z,TROT,1202,80.0,nan
--headless --device cpu --reps 5 --foot-comp on --heading heading-only --params skill.STEP_WALK_MAX skill.STEP_TROT_MAX --swing-lift 80 --results-csv outputs/swing_lift_steps.csv,6,step_up,1,3.7932568700618154,on,6,5,0.08,30,skill.STEP_TROT_MAX,step_up_0p08,0,1,2026-08-29T15:47:57Z,TROT,1202,80.0,nan
--headless --device cpu --reps 5 --foot-comp on --heading heading-only --params skill.STEP_WALK_MAX skill.STEP_TROT_MAX --swing-lift 80 --results-csv outputs/swing_lift_steps.csv,6,step_up,1,3.7731624831203536,on,6,5,0.1,30,skill.STEP_TROT_MAX,step_up_0p10,0,1,2026-08-29T15:47:57Z,TROT,1202,80.0,nan
--headless --device cpu --reps 5 --foot-comp on --heading heading-only --params skill.STEP_WALK_MAX skill.STEP_TROT_MAX --swing-lift 80 --results-csv outputs/swing_lift_steps.csv,6,step_up,1,3.778812715654393,on,6,5,0.12,30,skill.STEP_TROT_MAX,step_up_0p12,0,1,2026-08-29T15:47:57Z,TROT,1202,80.0,nan
--headless --device cpu --reps 5 --foot-comp on --heading heading-only --params skill.STEP_WALK_MAX skill.STEP_TROT_MAX --swing-lift 80 --results-csv outputs/swing_lift_steps.csv,6,step_up,1,3.781557485627935,on,6,5,0.14,30,skill.STEP_TROT_MAX,step_up_0p14,0,1,2026-08-29T15:47:57Z,TROT,1202,80.0,nan
--headless --device cpu --reps 5 --foot-comp on --heading heading-only --params skill.STEP_WALK_MAX skill.STEP_TROT_MAX --swing-lift 80 --results-csv outputs/swing_lift_steps.csv,6,step_up,1,3.7707741865764177,on,6,5,0.16,30,skill.STEP_TROT_MAX,step_up_0p16,0,1,2026-08-29T15:47:57Z,TROT,1202,80.0,nan
--headless --device cpu --reps 5 --foot-comp on --heading heading-only --params skill.STEP_WALK_MAX skill.STEP_TROT_MAX --swing-lift 80 --results-csv outputs/swing_lift_steps.csv,6,step_up,1,3.772949602834863,on,6,5,0.18,30,skill.STEP_TROT_MAX,step_up_0p18,0,1,2026-08-29T15:47:57Z,TROT,1202,80.0,nan
--headless --device cpu --reps 5 --foot-comp on --heading heading-only --params skill.STEP_WALK_MAX skill.STEP_TROT_MAX --swing-lift 80 --results-csv outputs/swing_lift_steps.csv,6,step_up,1,3.7969587928258464,on,6,5,0.2,30,skill.STEP_TROT_MAX,step_up_0p20,0,1,2026-08-29T15:47:57Z,TROT,1202,80.0,nan
--headless --device cpu --reps 5 --foot-comp on --heading heading-only --params skill.STEP_WALK_MAX skill.STEP_TROT_MAX --swing-lift 80 --results-csv outputs/swing_lift_steps.csv,6,step_up,1,3.8033914412407577,on,6,5,0.22,30,skill.STEP_TROT_MAX,step_up_0p22,0,1,2026-08-29T15:47:57Z,TROT,1202,80.0,nan
--headless --device cpu --reps 5 --foot-comp on --heading heading-only --params skill.STEP_WALK_MAX skill.STEP_TROT_MAX --swing-lift 80 --results-csv outputs/swing_lift_steps.csv,6,step_up,1,3.781329937222429,on,6,5,0.24,30,skill.STEP_TROT_MAX,step_up_0p24,0,1,2026-08-29T15:47:57Z,TROT,1202,80.0,nan
--headless --device cpu --reps 5 --foot-comp on --heading heading-only --params skill.STEP_WALK_MAX skill.STEP_TROT_MAX --swing-lift 80 --results-csv outputs/swing_lift_steps.csv,6,step_up,1,3.7870500515309886,on,6,5,0.26,30,skill.STEP_TROT_MAX,step_up_0p26,0,1,2026-08-29T15:47:57Z,TROT,1202,80.0,nan
--headless --device cpu --reps 5 --foot-comp on --heading heading-only --params skill.STEP_WALK_MAX skill.STEP_TROT_MAX --swing-lift 80 --results-csv outputs/swing_lift_steps.csv,6,step_up,1,3.7963829833781952,on,6,5,0.28,30,skill.STEP_TROT_MAX,step_up_0p28,0,1,2026-08-29T15:47:57Z,TROT,1202,80.0,nan
--headless --device cpu --reps 5 --foot-comp on --heading heading-only --params skill.STEP_WALK_MAX skill.STEP_TROT_MAX --swing-lift 80 --results-csv outputs/swing_lift_steps.csv,6,step_up,1,3.800005368013386,on,6,5,0.3,30,skill.STEP_TROT_MAX,step_up_0p30,0,1,2026-08-29T15:47:57Z,TROT,1202,80.0,nan
--headless --device cpu --reps 5 --foot-comp on --heading heading-only --params skill.STEP_WALK_MAX skill.STEP_TROT_MAX --swing-lift 80 --results-csv outputs/swing_lift_steps.csv,15,step_up,1,0.911987032325937,on,6,5,0.02,30,skill.STEP_WALK_MAX,step_up_0p02,0,2,2026-08-29T15:47:57Z,WALK,805,80.0,nan
--headless --device cpu --reps 5 --foot-comp on --heading heading-only --params skill.STEP_WALK_MAX skill.STEP_TROT_MAX --swing-lift 80 --results-csv outputs/swing_lift_steps.csv,15,step_up,1,1.0051367774203253,on,6,5,0.04,30,skill.STEP_WALK_MAX,step_up_0p04,0,2,2026-08-29T15:47:57Z,WALK,805,80.0,nan
--headless --device cpu --reps 5 --foot-comp on --heading heading-only --params skill.STEP_WALK_MAX skill.STEP_TROT_MAX --swing-lift 80 --results-csv outputs/swing_lift_steps.csv,15,step_up,1,2.420995945534713,on,6,5,0.06,30,skill.STEP_WALK_MAX,step_up_0p06,0,2,2026-08-29T15:47:57Z,WALK,805,80.0,nan
--headless --device cpu --reps 5 --foot-comp on --heading heading-only --params skill.STEP_WALK_MAX skill.STEP_TROT_MAX --swing-lift 80 --results-csv outputs/swing_lift_steps.csv,15,step_up,1,2.1667833023331253,on,6,5,0.08,30,skill.STEP_WALK_MAX,step_up_0p08,0,2,2026-08-29T15:47:57Z,WALK,805,80.0,nan
--headless --device cpu --reps 5 --foot-comp on --heading heading-only --params skill.STEP_WALK_MAX skill.STEP_TROT_MAX --swing-lift 80 --results-csv outputs/swing_lift_steps.csv,15,step_up,1,2.1452384217095632,on,6,5,0.1,30,skill.STEP_WALK_MAX,step_up_0p10,0,2,2026-08-29T15:47:57Z,WALK,805,80.0,nan
--headless --device cpu --reps 5 --foot-comp on --heading heading-only --params skill.STEP_WALK_MAX skill.STEP_TROT_MAX --swing-lift 80 --results-csv outputs/swing_lift_steps.csv,15,step_up,1,2.1701561790191453,on,6,5,0.12,30,skill.STEP_WALK_MAX,step_up_0p12,0,2,2026-08-29T15:47:57Z,WALK,805,80.0,nan
--headless --device cpu --reps 5 --foot-comp on --heading heading-only --params skill.STEP_WALK_MAX skill.STEP_TROT_MAX --swing-lift 80 --results-csv outputs/swing_lift_steps.csv,15,step_up,1,2.1691053655314425,on,6,5,0.14,30,skill.STEP_WALK_MAX,step_up_0p14,0,2,2026-08-29T15:47:57Z,WALK,805,80.0,nan
--headless --device cpu --reps 5 --foot-comp on --heading heading-only --params skill.STEP_WALK_MAX skill.STEP_TROT_MAX --swing-lift 80 --results-csv outputs/swing_lift_steps.csv,15,step_up,1,2.0818085911037763,on,6,5,0.16,30,skill.STEP_WALK_MAX,step_up_0p16,0,2,2026-08-29T15:47:57Z,WALK,805,80.0,nan
--headless --device cpu --reps 5 --foot-comp on --heading heading-only --params skill.STEP_WALK_MAX skill.STEP_TROT_MAX --swing-lift 80 --results-csv outputs/swing_lift_steps.csv,15,step_up,1,2.1526036397723027,on,6,5,0.18,30,skill.STEP_WALK_MAX,step_up_0p18,0,2,2026-08-29T15:47:57Z,WALK,805,80.0,nan
--headless --device cpu --reps 5 --foot-comp on --heading heading-only --params skill.STEP_WALK_MAX skill.STEP_TROT_MAX --swing-lift 80 --results-csv outputs/swing_lift_steps.csv,15,step_up,1,2.245790574423063,on,6,5,0.2,30,skill.STEP_WALK_MAX,step_up_0p20,0,2,2026-08-29T15:47:57Z,WALK,805,80.0,nan
--headless --device cpu --reps 5 --foot-comp on --heading heading-only --params skill.STEP_WALK_MAX skill.STEP_TROT_MAX --swing-lift 80 --results-csv outputs/swing_lift_steps.csv,15,step_up,1,2.2313189590686835,on,6,5,0.22,30,skill.STEP_WALK_MAX,step_up_0p22,0,2,2026-08-29T15:47:57Z,WALK,805,80.0,nan
--headless --device cpu --reps 5 --foot-comp on --heading heading-only --params skill.STEP_WALK_MAX skill.STEP_TROT_MAX --swing-lift 80 --results-csv outputs/swing_lift_steps.csv,15,step_up,1,2.2465250471866436,on,6,5,0.24,30,skill.STEP_WALK_MAX,step_up_0p24,0,2,2026-08-29T15:47:57Z,WALK,805,80.0,nan
--headless --device cpu --reps 5 --foot-comp on --heading heading-only --params skill.STEP_WALK_MAX skill.STEP_TROT_MAX --swing-lift 80 --results-csv outputs/swing_lift_steps.csv,15,step_up,1,2.2204881005909867,on,6,5,0.26,30,skill.STEP_WALK_MAX,step_up_0p26,0,2,2026-08-29T15:47:57Z,WALK,805,80.0,nan
--headless --device cpu --reps 5 --foot-comp on --heading heading-only --params skill.STEP_WALK_MAX skill.STEP_TROT_MAX --swing-lift 80 --results-csv outputs/swing_lift_steps.csv,15,step_up,1,2.2664067061790214,on,6,5,0.28,30,skill.STEP_WALK_MAX,step_up_0p28,0,2,2026-08-29T15:47:57Z,WALK,805,80.0,nan
--headless --device cpu --reps 5 --foot-comp on --heading heading-only --params skill.STEP_WALK_MAX skill.STEP_TROT_MAX --swing-lift 80 --results-csv outputs/swing_lift_steps.csv,15,step_up,1,2.2575110489219,on,6,5,0.3,30,skill.STEP_WALK_MAX,step_up_0p30,0,2,2026-08-29T15:47:57Z,WALK,805,80.0,nan
--headless --device cpu --reps 5 --foot-comp on --heading heading-only --params skill.STEP_WALK_MAX skill.STEP_TROT_MAX --swing-lift 80 --results-csv outputs/swing_lift_steps.csv,13,step_up,1,4.124903332474809,on,6,5,0.02,30,skill.STEP_TROT_MAX,step_up_0p02,0,2,2026-08-29T15:47:57Z,TROT,805,80.0,nan
--headless --device cpu --reps 5 --foot-comp on --heading heading-only --params skill.STEP_WALK_MAX skill.STEP_TROT_MAX --swing-lift 80 --results-csv outputs/swing_lift_steps.csv,13,step_up,1,4.153603274593299,on,6,5,0.04,30,skill.STEP_TROT_MAX,step_up_0p04,0,2,2026-08-29T15:47:57Z,TROT,805,80.0,nan
--headless --device cpu --reps 5 --foot-comp on --heading heading-only --params skill.STEP_WALK_MAX skill.STEP_TROT_MAX --swing-lift 80 --results-csv outputs/swing_lift_steps.csv,13,step_up,1,4.141466182495298,on,6,5,0.06,30,skill.STEP_TROT_MAX,step_up_0p06,0,2,2026-08-29T15:47:57Z,TROT,805,80.0,nan
--headless --device cpu --reps 5 --foot-comp on --heading heading-only --params skill.STEP_WALK_MAX skill.STEP_TROT_MAX --swing-lift 80 --results-csv outputs/swing_lift_steps.csv,13,step_up,1,4.157265645867403,on,6,5,0.08,30,skill.STEP_TROT_MAX,step_up_0p08,0,2,2026-08-29T15:47:57Z,TROT,805,80.0,nan
--headless --device cpu --reps 5 --foot-comp on --heading heading-only --params skill.STEP_WALK_MAX skill.STEP_TROT_MAX --swing-lift 80 --results-csv outputs/swing_lift_steps.csv,13,step_up,1,4.145707828790094,on,6,5,0.1,30,skill.STEP_TROT_MAX,step_up_0p10,0,2,2026-08-29T15:47:57Z,TROT,805,80.0,nan
--headless --device cpu --reps 5 --foot-comp on --heading heading-only --params skill.STEP_WALK_MAX skill.STEP_TROT_MAX --swing-lift 80 --results-csv outputs/swing_lift_steps.csv,13,step_up,1,4.156719938442115,on,6,5,0.12,30,skill.STEP_TROT_MAX,step_up_0p12,0,2,2026-08-29T15:47:57Z,TROT,805,80.0,nan
--headless --device cpu --reps 5 --foot-comp on --heading heading-only --params skill.STEP_WALK_MAX skill.STEP_TROT_MAX --swing-lift 80 --results-csv outputs/swing_lift_steps.csv,13,step_up,1,4.150760148361953,on,6,5,0.14,30,skill.STEP_TROT_MAX,step_up_0p14,0,2,2026-08-29T15:47:57Z,TROT,805,80.0,nan
--headless --device cpu --reps 5 --foot-comp on --heading heading-only --params skill.STEP_WALK_MAX skill.STEP_TROT_MAX --swing-lift 80 --results-csv outputs/swing_lift_steps.csv,13,step_up,1,4.1485118049988445,on,6,5,0.16,30,skill.STEP_TROT_MAX,step_up_0p16,0,2,2026-08-29T15:47:57Z,TROT,805,80.0,nan
--headless --device cpu --reps 5 --foot-comp on --heading heading-only --params skill.STEP_WALK_MAX skill.STEP_TROT_MAX --swing-lift 80 --results-csv outputs/swing_lift_steps.csv,13,step_up,1,4.136653858496963,on,6,5,0.18,30,skill.STEP_TROT_MAX,step_up_0p18,0,2,2026-08-29T15:47:57Z,TROT,805,80.0,nan
--headless --device cpu --reps 5 --foot-comp on --heading heading-only --params skill.STEP_WALK_MAX skill.STEP_TROT_MAX --swing-lift 80 --results-csv outputs/swing_lift_steps.csv,13,step_up,1,4.158782774262336,on,6,5,0.2,30,skill.STEP_TROT_MAX,step_up_0p20,0,2,2026-08-29T15:47:57Z,TROT,805,80.0,nan
--headless --device cpu --reps 5 --foot-comp on --heading heading-only --params skill.STEP_WALK_MAX skill.STEP_TROT_MAX --swing-lift 80 --results-csv outputs/swing_lift_steps.csv,13,step_up,1,4.154339307276965,on,6,5,0.22,30,skill.STEP_TROT_MAX,step_up_0p22,0,2,2026-08-29T15:47:57Z,TROT,805,80.0,nan
--headless --device cpu --reps 5 --foot-comp on --heading heading-only --params skill.STEP_WALK_MAX skill.STEP_TROT_MAX --swing-lift 80 --results-csv outputs/swing_lift_steps.csv,13,step_up,1,4.142839586297427,on,6,5,0.24,30,skill.STEP_TROT_MAX,step_up_0p24,0,2,2026-08-29T15:47:57Z,TROT,805,80.0,nan
--headless --device cpu --reps 5 --foot-comp on --heading heading-only --params skill.STEP_WALK_MAX skill.STEP_TROT_MAX --swing-lift 80 --results-csv outputs/swing_lift_steps.csv,13,step_up,1,4.1358468870002305,on,6,5,0.26,30,skill.STEP_TROT_MAX,step_up_0p26,0,2,2026-08-29T15:47:57Z,TROT,805,80.0,nan
--headless --device cpu --reps 5 --foot-comp on --heading heading-only --params skill.STEP_WALK_MAX skill.STEP_TROT_MAX --swing-lift 80 --results-csv outputs/swing_lift_steps.csv,13,step_up,1,4.14020512834228,on,6,5,0.28,30,skill.STEP_TROT_MAX,step_up_0p28,0,2,2026-08-29T15:47:57Z,TROT,805,80.0,nan
--headless --device cpu --reps 5 --foot-comp on --heading heading-only --params skill.STEP_WALK_MAX skill.STEP_TROT_MAX --swing-lift 80 --results-csv outputs/swing_lift_steps.csv,13,step_up,1,4.136230827450469,on,6,5,0.3,30,skill.STEP_TROT_MAX,step_up_0p30,0,2,2026-08-29T15:47:57Z,TROT,805,80.0,nan
--headless --device cpu --reps 5 --foot-comp on --heading heading-only --params skill.STEP_WALK_MAX skill.STEP_TROT_MAX --swing-lift 80 --results-csv outputs/swing_lift_steps.csv,22,step_up,1,4.042572250775632,on,6,5,0.02,30,skill.STEP_WALK_MAX,step_up_0p02,0,3,2026-08-29T15:47:57Z,WALK,131,80.0,nan
--headless --device cpu --reps 5 --foot-comp on --heading heading-only --params skill.STEP_WALK_MAX skill.STEP_TROT_MAX --swing-lift 80 --results-csv outputs/swing_lift_steps.csv,22,step_up,1,4.0364973419492545,on,6,5,0.04,30,skill.STEP_WALK_MAX,step_up_0p04,0,3,2026-08-29T15:47:57Z,WALK,131,80.0,nan
--headless --device cpu --reps 5 --foot-comp on --heading heading-only --params skill.STEP_WALK_MAX skill.STEP_TROT_MAX --swing-lift 80 --results-csv outputs/swing_lift_steps.csv,22,step_up,1,4.058579146128166,on,6,5,0.06,30,skill.STEP_WALK_MAX,step_up_0p06,0,3,2026-08-29T15:47:57Z,WALK,131,80.0,nan
--headless --device cpu --reps 5 --foot-comp on --heading heading-only --params skill.STEP_WALK_MAX skill.STEP_TROT_MAX --swing-lift 80 --results-csv outputs/swing_lift_steps.csv,22,step_up,1,4.080993033095257,on,6,5,0.08,30,skill.STEP_WALK_MAX,step_up_0p08,0,3,2026-08-29T15:47:57Z,WALK,131,80.0,nan
--headless --device cpu --reps 5 --foot-comp on --heading heading-only --params skill.STEP_WALK_MAX skill.STEP_TROT_MAX --swing-lift 80 --results-csv outputs/swing_lift_steps.csv,22,step_up,1,4.076518792036901,on,6,5,0.1,30,skill.STEP_WALK_MAX,step_up_0p10,0,3,2026-08-29T15:47:57Z,WALK,131,80.0,nan
--headless --device cpu --reps 5 --foot-comp on --heading heading-only --params skill.STEP_WALK_MAX skill.STEP_TROT_MAX --swing-lift 80 --results-csv outputs/swing_lift_steps.csv,22,step_up,1,4.07217684206625,on,6,5,0.12,30,skill.STEP_WALK_MAX,step_up_0p12,0,3,2026-08-29T15:47:57Z,WALK,131,80.0,nan
--headless --device cpu --reps 5 --foot-comp on --heading heading-only --params skill.STEP_WALK_MAX skill.STEP_TROT_MAX --swing-lift 80 --results-csv outputs/swing_lift_steps.csv,22,step_up,1,4.06894263314366,on,6,5,0.14,30,skill.STEP_WALK_MAX,step_up_0p14,0,3,2026-08-29T15:47:57Z,WALK,131,80.0,nan
--headless --device cpu --reps 5 --foot-comp on --heading heading-only --params skill.STEP_WALK_MAX skill.STEP_TROT_MAX --swing-lift 80 --results-csv outputs/swing_lift_steps.csv,22,step_up,1,4.052041606789513,on,6,5,0.16,30,skill.STEP_WALK_MAX,step_up_0p16,0,3,2026-08-29T15:47:57Z,WALK,131,80.0,nan
--headless --device cpu --reps 5 --foot-comp on --heading heading-only --params skill.STEP_WALK_MAX skill.STEP_TROT_MAX --swing-lift 80 --results-csv outputs/swing_lift_steps.csv,22,step_up,1,4.053648700933358,on,6,5,0.18,30,skill.STEP_WALK_MAX,step_up_0p18,0,3,2026-08-29T15:47:57Z,WALK,131,80.0,nan
--headless --device cpu --reps 5 --foot-comp on --heading heading-only --params skill.STEP_WALK_MAX skill.STEP_TROT_MAX --swing-lift 80 --results-csv outputs/swing_lift_steps.csv,22,step_up,1,4.047593913908699,on,6,5,0.2,30,skill.STEP_WALK_MAX,step_up_0p20,0,3,2026-08-29T15:47:57Z,WALK,131,80.0,nan
--headless --device cpu --reps 5 --foot-comp on --heading heading-only --params skill.STEP_WALK_MAX skill.STEP_TROT_MAX --swing-lift 80 --results-csv outputs/swing_lift_steps.csv,22,step_up,1,4.052248420950848,on,6,5,0.22,30,skill.STEP_WALK_MAX,step_up_0p22,0,3,2026-08-29T15:47:57Z,WALK,131,80.0,nan
--headless --device cpu --reps 5 --foot-comp on --heading heading-only --params skill.STEP_WALK_MAX skill.STEP_TROT_MAX --swing-lift 80 --results-csv outputs/swing_lift_steps.csv,22,step_up,1,4.008107692411805,on,6,5,0.24,30,skill.STEP_WALK_MAX,step_up_0p24,0,3,2026-08-29T15:47:57Z,WALK,131,80.0,nan
--headless --device cpu --reps 5 --foot-comp on --heading heading-only --params skill.STEP_WALK_MAX skill.STEP_TROT_MAX --swing-lift 80 --results-csv outputs/swing_lift_steps.csv,22,step_up,1,4.054353584006356,on,6,5,0.26,30,skill.STEP_WALK_MAX,step_up_0p26,0,3,2026-08-29T15:47:57Z,WALK,131,80.0,nan
--headless --device cpu --reps 5 --foot-comp on --heading heading-only --params skill.STEP_WALK_MAX skill.STEP_TROT_MAX --swing-lift 80 --results-csv outputs/swing_lift_steps.csv,22,step_up,1,4.01991004001456,on,6,5,0.28,30,skill.STEP_WALK_MAX,step_up_0p28,0,3,2026-08-29T15:47:57Z,WALK,131,80.0,nan
--headless --device cpu --reps 5 --foot-comp on --heading heading-only --params skill.STEP_WALK_MAX skill.STEP_TROT_MAX --swing-lift 80 --results-csv outputs/swing_lift_steps.csv,22,step_up,1,4.0141441852679955,on,6,5,0.3,30,skill.STEP_WALK_MAX,step_up_0p30,0,3,2026-08-29T15:47:57Z,WALK,131,80.0,nan
--headless --device cpu --reps 5 --foot-comp on --heading heading-only --params skill.STEP_WALK_MAX skill.STEP_TROT_MAX --swing-lift 80 --results-csv outputs/swing_lift_steps.csv,19,step_up,1,4.008714810329681,on,6,5,0.02,30,skill.STEP_TROT_MAX,step_up_0p02,0,3,2026-08-29T15:47:57Z,TROT,131,80.0,nan
--headless --device cpu --reps 5 --foot-comp on --heading heading-only --params skill.STEP_WALK_MAX skill.STEP_TROT_MAX --swing-lift 80 --results-csv outputs/swing_lift_steps.csv,19,step_up,1,4.00956031116616,on,6,5,0.04,30,skill.STEP_TROT_MAX,step_up_0p04,0,3,2026-08-29T15:47:57Z,TROT,131,80.0,nan
--headless --device cpu --reps 5 --foot-comp on --heading heading-only --params skill.STEP_WALK_MAX skill.STEP_TROT_MAX --swing-lift 80 --results-csv outputs/swing_lift_steps.csv,19,step_up,1,4.007838720077511,on,6,5,0.06,30,skill.STEP_TROT_MAX,step_up_0p06,0,3,2026-08-29T15:47:57Z,TROT,131,80.0,nan
--headless --device cpu --reps 5 --foot-comp on --heading heading-only --params skill.STEP_WALK_MAX skill.STEP_TROT_MAX --swing-lift 80 --results-csv outputs/swing_lift_steps.csv,19,step_up,1,4.01082367239908,on,6,5,0.08,30,skill.STEP_TROT_MAX,step_up_0p08,0,3,2026-08-29T15:47:57Z,TROT,131,80.0,nan
--headless --device cpu --reps 5 --foot-comp on --heading heading-only --params skill.STEP_WALK_MAX skill.STEP_TROT_MAX --swing-lift 80 --results-csv outputs/swing_lift_steps.csv,19,step_up,1,4.004863147222965,on,6,5,0.1,30,skill.STEP_TROT_MAX,step_up_0p10,0,3,2026-08-29T15:47:57Z,TROT,131,80.0,nan
--headless --device cpu --reps 5 --foot-comp on --heading heading-only --params skill.STEP_WALK_MAX skill.STEP_TROT_MAX --swing-lift 80 --results-csv outputs/swing_lift_steps.csv,19,step_up,1,4.007893711573414,on,6,5,0.12,30,skill.STEP_TROT_MAX,step_up_0p12,0,3,2026-08-29T15:47:57Z,TROT,131,80.0,nan
--headless --device cpu --reps 5 --foot-comp on --heading heading-only --params skill.STEP_WALK_MAX skill.STEP_TROT_MAX --swing-lift 80 --results-csv outputs/swing_lift_steps.csv,19,step_up,1,4.002747488400078,on,6,5,0.14,30,skill.STEP_TROT_MAX,step_up_0p14,0,3,2026-08-29T15:47:57Z,TROT,131,80.0,nan
--headless --device cpu --reps 5 --foot-comp on --heading heading-only --params skill.STEP_WALK_MAX skill.STEP_TROT_MAX --swing-lift 80 --results-csv outputs/swing_lift_steps.csv,19,step_up,1,4.005432084166022,on,6,5,0.16,30,skill.STEP_TROT_MAX,step_up_0p16,0,3,2026-08-29T15:47:57Z,TROT,131,80.0,nan
--headless --device cpu --reps 5 --foot-comp on --heading heading-only --params skill.STEP_WALK_MAX skill.STEP_TROT_MAX --swing-lift 80 --results-csv outputs/swing_lift_steps.csv,19,step_up,1,4.011368992158139,on,6,5,0.18,30,skill.STEP_TROT_MAX,step_up_0p18,0,3,2026-08-29T15:47:57Z,TROT,131,80.0,nan
--headless --device cpu --reps 5 --foot-comp on --heading heading-only --params skill.STEP_WALK_MAX skill.STEP_TROT_MAX --swing-lift 80 --results-csv outputs/swing_lift_steps.csv,19,step_up,1,4.009281857589296,on,6,5,0.2,30,skill.STEP_TROT_MAX,step_up_0p20,0,3,2026-08-29T15:47:57Z,TROT,131,80.0,nan
--headless --device cpu --reps 5 --foot-comp on --heading heading-only --params skill.STEP_WALK_MAX skill.STEP_TROT_MAX --swing-lift 80 --results-csv outputs/swing_lift_steps.csv,19,step_up,1,4.006073837751315,on,6,5,0.22,30,skill.STEP_TROT_MAX,step_up_0p22,0,3,2026-08-29T15:47:57Z,TROT,131,80.0,nan
--headless --device cpu --reps 5 --foot-comp on --heading heading-only --params skill.STEP_WALK_MAX skill.STEP_TROT_MAX --swing-lift 80 --results-csv outputs/swing_lift_steps.csv,19,step_up,1,4.004351065078035,on,6,5,0.24,30,skill.STEP_TROT_MAX,step_up_0p24,0,3,2026-08-29T15:47:57Z,TROT,131,80.0,nan
--headless --device cpu --reps 5 --foot-comp on --heading heading-only --params skill.STEP_WALK_MAX skill.STEP_TROT_MAX --swing-lift 80 --results-csv outputs/swing_lift_steps.csv,19,step_up,1,4.006725107056566,on,6,5,0.26,30,skill.STEP_TROT_MAX,step_up_0p26,0,3,2026-08-29T15:47:57Z,TROT,131,80.0,nan
--headless --device cpu --reps 5 --foot-comp on --heading heading-only --params skill.STEP_WALK_MAX skill.STEP_TROT_MAX --swing-lift 80 --results-csv outputs/swing_lift_steps.csv,19,step_up,1,4.0084156672120566,on,6,5,0.28,30,skill.STEP_TROT_MAX,step_up_0p28,0,3,2026-08-29T15:47:57Z,TROT,131,80.0,nan
--headless --device cpu --reps 5 --foot-comp on --heading heading-only --params skill.STEP_WALK_MAX skill.STEP_TROT_MAX --swing-lift 80 --results-csv outputs/swing_lift_steps.csv,19,step_up,1,3.9994204090492054,on,6,5,0.3,30,skill.STEP_TROT_MAX,step_up_0p30,0,3,2026-08-29T15:47:57Z,TROT,131,80.0,nan
--headless --device cpu --reps 5 --foot-comp on --heading heading-only --params skill.STEP_WALK_MAX skill.STEP_TROT_MAX --swing-lift 80 --results-csv outputs/swing_lift_steps.csv,30,step_up,1,4.4268423854969905,on,6,5,0.02,30,skill.STEP_WALK_MAX,step_up_0p02,0,4,2026-08-29T15:47:57Z,WALK,84,80.0,nan
--headless --device cpu --reps 5 --foot-comp on --heading heading-only --params skill.STEP_WALK_MAX skill.STEP_TROT_MAX --swing-lift 80 --results-csv outputs/swing_lift_steps.csv,30,step_up,1,4.424806461313682,on,6,5,0.04,30,skill.STEP_WALK_MAX,step_up_0p04,0,4,2026-08-29T15:47:57Z,WALK,84,80.0,nan
--headless --device cpu --reps 5 --foot-comp on --heading heading-only --params skill.STEP_WALK_MAX skill.STEP_TROT_MAX --swing-lift 80 --results-csv outputs/swing_lift_steps.csv,30,step_up,1,4.427255969469387,on,6,5,0.06,30,skill.STEP_WALK_MAX,step_up_0p06,0,4,2026-08-29T15:47:57Z,WALK,84,80.0,nan
--headless --device cpu --reps 5 --foot-comp on --heading heading-only --params skill.STEP_WALK_MAX skill.STEP_TROT_MAX --swing-lift 80 --results-csv outputs/swing_lift_steps.csv,30,step_up,1,4.42699081136414,on,6,5,0.08,30,skill.STEP_WALK_MAX,step_up_0p08,0,4,2026-08-29T15:47:57Z,WALK,84,80.0,nan
--headless --device cpu --reps 5 --foot-comp on --heading heading-only --params skill.STEP_WALK_MAX skill.STEP_TROT_MAX --swing-lift 80 --results-csv outputs/swing_lift_steps.csv,30,step_up,1,4.418553803473389,on,6,5,0.1,30,skill.STEP_WALK_MAX,step_up_0p10,0,4,2026-08-29T15:47:57Z,WALK,84,80.0,nan
--headless --device cpu --reps 5 --foot-comp on --heading heading-only --params skill.STEP_WALK_MAX skill.STEP_TROT_MAX --swing-lift 80 --results-csv outputs/swing_lift_steps.csv,30,step_up,1,4.436540365743662,on,6,5,0.12,30,skill.STEP_WALK_MAX,step_up_0p12,0,4,2026-08-29T15:47:57Z,WALK,84,80.0,nan
--headless --device cpu --reps 5 --foot-comp on --heading heading-only --params skill.STEP_WALK_MAX skill.STEP_TROT_MAX --swing-lift 80 --results-csv outputs/swing_lift_steps.csv,30,step_up,1,4.4159821150340015,on,6,5,0.14,30,skill.STEP_WALK_MAX,step_up_0p14,0,4,2026-08-29T15:47:57Z,WALK,84,80.0,nan
--headless --device cpu --reps 5 --foot-comp on --heading heading-only --params skill.STEP_WALK_MAX skill.STEP_TROT_MAX --swing-lift 80 --results-csv outputs/swing_lift_steps.csv,30,step_up,1,4.409801364710429,on,6,5,0.16,30,skill.STEP_WALK_MAX,step_up_0p16,0,4,2026-08-29T15:47:57Z,WALK,84,80.0,nan
--headless --device cpu --reps 5 --foot-comp on --heading heading-only --params skill.STEP_WALK_MAX skill.STEP_TROT_MAX --swing-lift 80 --results-csv outputs/swing_lift_steps.csv,30,step_up,1,4.415302592416291,on,6,5,0.18,30,skill.STEP_WALK_MAX,step_up_0p18,0,4,2026-08-29T15:47:57Z,WALK,84,80.0,nan
--headless --device cpu --reps 5 --foot-comp on --heading heading-only --params skill.STEP_WALK_MAX skill.STEP_TROT_MAX --swing-lift 80 --results-csv outputs/swing_lift_steps.csv,30,step_up,1,4.422050918577111,on,6,5,0.2,30,skill.STEP_WALK_MAX,step_up_0p20,0,4,2026-08-29T15:47:57Z,WALK,84,80.0,nan
--headless --device cpu --reps 5 --foot-comp on --heading heading-only --params skill.STEP_WALK_MAX skill.STEP_TROT_MAX --swing-lift 80 --results-csv outputs/swing_lift_steps.csv,30,step_up,1,4.424501588556053,on,6,5,0.22,30,skill.STEP_WALK_MAX,step_up_0p22,0,4,2026-08-29T15:47:57Z,WALK,84,80.0,nan
--headless --device cpu --reps 5 --foot-comp on --heading heading-only --params skill.STEP_WALK_MAX skill.STEP_TROT_MAX --swing-lift 80 --results-csv outputs/swing_lift_steps.csv,30,step_up,1,4.4431118725386645,on,6,5,0.24,30,skill.STEP_WALK_MAX,step_up_0p24,0,4,2026-08-29T15:47:57Z,WALK,84,80.0,nan
--headless --device cpu --reps 5 --foot-comp on --heading heading-only --params skill.STEP_WALK_MAX skill.STEP_TROT_MAX --swing-lift 80 --results-csv outputs/swing_lift_steps.csv,30,step_up,1,4.424309555136536,on,6,5,0.26,30,skill.STEP_WALK_MAX,step_up_0p26,0,4,2026-08-29T15:47:57Z,WALK,84,80.0,nan
--headless --device cpu --reps 5 --foot-comp on --heading heading-only --params skill.STEP_WALK_MAX skill.STEP_TROT_MAX --swing-lift 80 --results-csv outputs/swing_lift_steps.csv,30,step_up,1,4.4231763155076536,on,6,5,0.28,30,skill.STEP_WALK_MAX,step_up_0p28,0,4,2026-08-29T15:47:57Z,WALK,84,80.0,nan
--headless --device cpu --reps 5 --foot-comp on --heading heading-only --params skill.STEP_WALK_MAX skill.STEP_TROT_MAX --swing-lift 80 --results-csv outputs/swing_lift_steps.csv,30,step_up,1,4.417585543293518,on,6,5,0.3,30,skill.STEP_WALK_MAX,step_up_0p30,0,4,2026-08-29T15:47:57Z,WALK,84,80.0,nan
--headless --device cpu --reps 5 --foot-comp on --heading heading-only --params skill.STEP_WALK_MAX skill.STEP_TROT_MAX --swing-lift 80 --results-csv outputs/swing_lift_steps.csv,26,step_up,1,4.375078702218898,on,6,5,0.02,30,skill.STEP_TROT_MAX,step_up_0p02,0,4,2026-08-29T15:47:57Z,TROT,84,80.0,nan
--headless --device cpu --reps 5 --foot-comp on --heading heading-only --params skill.STEP_WALK_MAX skill.STEP_TROT_MAX --swing-lift 80 --results-csv outputs/swing_lift_steps.csv,26,step_up,1,4.366698575120091,on,6,5,0.04,30,skill.STEP_TROT_MAX,step_up_0p04,0,4,2026-08-29T15:47:57Z,TROT,84,80.0,nan
--headless --device cpu --reps 5 --foot-comp on --heading heading-only --params skill.STEP_WALK_MAX skill.STEP_TROT_MAX --swing-lift 80 --results-csv outputs/swing_lift_steps.csv,26,step_up,1,4.369200463078399,on,6,5,0.06,30,skill.STEP_TROT_MAX,step_up_0p06,0,4,2026-08-29T15:47:57Z,TROT,84,80.0,nan
--headless --device cpu --reps 5 --foot-comp on --heading heading-only --params skill.STEP_WALK_MAX skill.STEP_TROT_MAX --swing-lift 80 --results-csv outputs/swing_lift_steps.csv,26,step_up,1,4.37179279853875,on,6,5,0.08,30,skill.STEP_TROT_MAX,step_up_0p08,0,4,2026-08-29T15:47:57Z,TROT,84,80.0,nan
--headless --device cpu --reps 5 --foot-comp on --heading heading-only --params skill.STEP_WALK_MAX skill.STEP_TROT_MAX --swing-lift 80 --results-csv outputs/swing_lift_steps.csv,26,step_up,1,4.3903620914338095,on,6,5,0.1,30,skill.STEP_TROT_MAX,step_up_0p10,0,4,2026-08-29T15:47:57Z,TROT,84,80.0,nan
--headless --device cpu --reps 5 --foot-comp on --heading heading-only --params skill.STEP_WALK_MAX skill.STEP_TROT_MAX --swing-lift 80 --results-csv outputs/swing_lift_steps.csv,26,step_up,1,4.373674936675341,on,6,5,0.12,30,skill.STEP_TROT_MAX,step_up_0p12,0,4,2026-08-29T15:47:57Z,TROT,84,80.0,nan
--headless --device cpu --reps 5 --foot-comp on --heading heading-only --params skill.STEP_WALK_MAX skill.STEP_TROT_MAX --swing-lift 80 --results-csv outputs/swing_lift_steps.csv,26,step_up,1,4.372291882774836,on,6,5,0.14,30,skill.STEP_TROT_MAX,step_up_0p14,0,4,2026-08-29T15:47:57Z,TROT,84,80.0,nan
--headless --device cpu --reps 5 --foot-comp on --heading heading-only --params skill.STEP_WALK_MAX skill.STEP_TROT_MAX --swing-lift 80 --results-csv outputs/swing_lift_steps.csv,26,step_up,1,4.369281029443612,on,6,5,0.16,30,skill.STEP_TROT_MAX,step_up_0p16,0,4,2026-08-29T15:47:57Z,TROT,84,80.0,nan
--headless --device cpu --reps 5 --foot-comp on --heading heading-only --params skill.STEP_WALK_MAX skill.STEP_TROT_MAX --swing-lift 80 --results-csv outputs/swing_lift_steps.csv,26,step_up,1,4.379518040755079,on,6,5,0.18,30,skill.STEP_TROT_MAX,step_up_0p18,0,4,2026-08-29T15:47:57Z,TROT,84,80.0,nan
--headless --device cpu --reps 5 --foot-comp on --heading heading-only --params skill.STEP_WALK_MAX skill.STEP_TROT_MAX --swing-lift 80 --results-csv outputs/swing_lift_steps.csv,26,step_up,1,4.373606708981262,on,6,5,0.2,30,skill.STEP_TROT_MAX,step_up_0p20,0,4,2026-08-29T15:47:57Z,TROT,84,80.0,nan
--headless --device cpu --reps 5 --foot-comp on --heading heading-only --params skill.STEP_WALK_MAX skill.STEP_TROT_MAX --swing-lift 80 --results-csv outputs/swing_lift_steps.csv,26,step_up,1,4.38331111023138,on,6,5,0.22,30,skill.STEP_TROT_MAX,step_up_0p22,0,4,2026-08-29T15:47:57Z,TROT,84,80.0,nan
--headless --device cpu --reps 5 --foot-comp on --heading heading-only --params skill.STEP_WALK_MAX skill.STEP_TROT_MAX --swing-lift 80 --results-csv outputs/swing_lift_steps.csv,26,step_up,1,4.372756403550652,on,6,5,0.24,30,skill.STEP_TROT_MAX,step_up_0p24,0,4,2026-08-29T15:47:57Z,TROT,84,80.0,nan
--headless --device cpu --reps 5 --foot-comp on --heading heading-only --params skill.STEP_WALK_MAX skill.STEP_TROT_MAX --swing-lift 80 --results-csv outputs/swing_lift_steps.csv,26,step_up,1,4.373093217454944,on,6,5,0.26,30,skill.STEP_TROT_MAX,step_up_0p26,0,4,2026-08-29T15:47:57Z,TROT,84,80.0,nan
--headless --device cpu --reps 5 --foot-comp on --heading heading-only --params skill.STEP_WALK_MAX skill.STEP_TROT_MAX --swing-lift 80 --results-csv outputs/swing_lift_steps.csv,26,step_up,1,4.366930327760702,on,6,5,0.28,30,skill.STEP_TROT_MAX,step_up_0p28,0,4,2026-08-29T15:47:57Z,TROT,84,80.0,nan
--headless --device cpu --reps 5 --foot-comp on --heading heading-only --params skill.STEP_WALK_MAX skill.STEP_TROT_MAX --swing-lift 80 --results-csv outputs/swing_lift_steps.csv,26,step_up,1,4.366615571792527,on,6,5,0.3,30,skill.STEP_TROT_MAX,step_up_0p30,0,4,2026-08-29T15:47:57Z,TROT,84,80.0,nan
