argv,drift_max_m,entry_frame,family,fell,final_dist_m,foot_com_height_m,foot_comp,foot_gain,foot_len_bias,foot_offset_clip_m,foot_vy_avg_n,foot_yaw_bias,grid_cols,grid_rows,heading,heading_cap_rad,heading_len,heading_len_cap_rad,inplace_at,level_m,n_probes,param,probe,reached,rep,run_utc,score,settle_ok,skill,spawn_x,spawn_z0_m,steps,swing_lift_mm,swing_lift_sym,t_reached_s,yaw_cum_deg,yaw_ok_deg
--headless --device cpu --params skill.STEP_TROT_MAX --reps 5 --foot-comp on --heading heading-only --results-csv outputs/trot_capture.csv --trace-npz outputs/trace_trot_cap_A.npz,,0,step_up,1,1.5917477275484788,,on,half-stance,0.0,0.0,0,0.0,4,4,heading-only,0.0,0,0.04,obstacle,0.02,15,skill.STEP_TROT_MAX,step_up_0p02,0,0,2026-08-31T15:54:31Z,goal,1,TROT,1.0,0.0,901,0.0,1,nan,,
--headless --device cpu --params skill.STEP_TROT_MAX --reps 5 --foot-comp on --heading heading-only --results-csv outputs/trot_capture.csv --trace-npz outputs/trace_trot_cap_A.npz,,0,step_up,0,1.4894551929436997,,on,half-stance,0.0,0.0,0,0.0,4,4,heading-only,0.0,0,0.04,obstacle,0.04,15,skill.STEP_TROT_MAX,step_up_0p04,0,0,2026-08-31T15:54:31Z,goal,1,TROT,0.9999999999999982,0.0,901,0.0,1,nan,,
--headless --device cpu --params skill.STEP_TROT_MAX --reps 5 --foot-comp on --heading heading-only --results-csv outputs/trot_capture.csv --trace-npz outputs/trace_trot_cap_A.npz,,0,step_up,0,1.4469564597266256,,on,half-stance,0.0,0.0,0,0.0,4,4,heading-only,0.0,0,0.04,obstacle,0.06,15,skill.STEP_TROT_MAX,step_up_0p06,0,0,2026-08-31T15:54:31Z,goal,1,TROT,0.9999999999999964,0.0,901,0.0,1,nan,,
--headless --device cpu --params skill.STEP_TROT_MAX --reps 5 --foot-comp on --heading heading-only --results-csv outputs/trot_capture.csv --trace-npz outputs/trace_trot_cap_A.npz,,0,step_up,1,1.9064519078533149,,on,half-stance,0.0,0.0,0,0.0,4,4,heading-only,0.0,0,0.04,obstacle,0.08,15,skill.STEP_TROT_MAX,step_up_0p08,0,0,2026-08-31T15:54:31Z,goal,1,TROT,1.0,0.0,901,0.0,1,nan,,
--headless --device cpu --params skill.STEP_TROT_MAX --reps 5 --foot-comp on --heading heading-only --results-csv outputs/trot_capture.csv --trace-npz outputs/trace_trot_cap_A.npz,,0,step_up,0,1.4938548844866124,,on,half-stance,0.0,0.0,0,0.0,4,4,heading-only,0.0,0,0.04,obstacle,0.1,15,skill.STEP_TROT_MAX,step_up_0p10,0,0,2026-08-31T15:54:31Z,goal,1,TROT,1.0,0.0,901,0.0,1,nan,,
--headless --device cpu --params skill.STEP_TROT_MAX --reps 5 --foot-comp on --heading heading-only --results-csv outputs/trot_capture.csv --trace-npz outputs/trace_trot_cap_A.npz,,0,step_up,0,1.555225920498583,,on,half-stance,0.0,0.0,0,0.0,4,4,heading-only,0.0,0,0.04,obstacle,0.12,15,skill.STEP_TROT_MAX,step_up_0p12,0,0,2026-08-31T15:54:31Z,goal,1,TROT,0.9999999999999982,0.0,901,0.0,1,nan,,
--headless --device cpu --params skill.STEP_TROT_MAX --reps 5 --foot-comp on --heading heading-only --results-csv outputs/trot_capture.csv --trace-npz outputs/trace_trot_cap_A.npz,,0,step_up,1,1.1561229928163668,,on,half-stance,0.0,0.0,0,0.0,4,4,heading-only,0.0,0,0.04,obstacle,0.14,15,skill.STEP_TROT_MAX,step_up_0p14,0,0,2026-08-31T15:54:31Z,goal,1,TROT,0.9999999999999964,0.0,901,0.0,1,nan,,
--headless --device cpu --params skill.STEP_TROT_MAX --reps 5 --foot-comp on --heading heading-only --results-csv outputs/trot_capture.csv --trace-npz outputs/trace_trot_cap_A.npz,,0,step_up,1,1.9496417613279526,,on,half-stance,0.0,0.0,0,0.0,4,4,heading-only,0.0,0,0.04,obstacle,0.16,15,skill.STEP_TROT_MAX,step_up_0p16,0,0,2026-08-31T15:54:31Z,goal,1,TROT,1.0,0.0,901,0.0,1,nan,,
--headless --device cpu --params skill.STEP_TROT_MAX --reps 5 --foot-comp on --heading heading-only --results-csv outputs/trot_capture.csv --trace-npz outputs/trace_trot_cap_A.npz,,0,step_up,1,1.7290804790539986,,on,half-stance,0.0,0.0,0,0.0,4,4,heading-only,0.0,0,0.04,obstacle,0.18,15,skill.STEP_TROT_MAX,step_up_0p18,0,0,2026-08-31T15:54:31Z,goal,1,TROT,1.0,0.0,901,0.0,1,nan,,
--headless --device cpu --params skill.STEP_TROT_MAX --reps 5 --foot-comp on --heading heading-only --results-csv outputs/trot_capture.csv --trace-npz outputs/trace_trot_cap_A.npz,,0,step_up,1,1.56818210551618,,on,half-stance,0.0,0.0,0,0.0,4,4,heading-only,0.0,0,0.04,obstacle,0.2,15,skill.STEP_TROT_MAX,step_up_0p20,0,0,2026-08-31T15:54:31Z,goal,1,TROT,0.9999999999999982,0.0,901,0.0,1,nan,,
--headless --device cpu --params skill.STEP_TROT_MAX --reps 5 --foot-comp on --heading heading-only --results-csv outputs/trot_capture.csv --trace-npz outputs/trace_trot_cap_A.npz,,0,step_up,1,1.5530751563168435,,on,half-stance,0.0,0.0,0,0.0,4,4,heading-only,0.0,0,0.04,obstacle,0.22,15,skill.STEP_TROT_MAX,step_up_0p22,0,0,2026-08-31T15:54:31Z,goal,1,TROT,0.9999999999999964,0.0,901,0.0,1,nan,,
--headless --device cpu --params skill.STEP_TROT_MAX --reps 5 --foot-comp on --heading heading-only --results-csv outputs/trot_capture.csv --trace-npz outputs/trace_trot_cap_A.npz,,0,step_up,1,1.9799933601274966,,on,half-stance,0.0,0.0,0,0.0,4,4,heading-only,0.0,0,0.04,obstacle,0.24,15,skill.STEP_TROT_MAX,step_up_0p24,0,0,2026-08-31T15:54:31Z,goal,1,TROT,1.0,0.0,901,0.0,1,nan,,
--headless --device cpu --params skill.STEP_TROT_MAX --reps 5 --foot-comp on --heading heading-only --results-csv outputs/trot_capture.csv --trace-npz outputs/trace_trot_cap_A.npz,,0,step_up,1,2.0111348371284867,,on,half-stance,0.0,0.0,0,0.0,4,4,heading-only,0.0,0,0.04,obstacle,0.26,15,skill.STEP_TROT_MAX,step_up_0p26,0,0,2026-08-31T15:54:31Z,goal,1,TROT,1.0,0.0,901,0.0,1,nan,,
--headless --device cpu --params skill.STEP_TROT_MAX --reps 5 --foot-comp on --heading heading-only --results-csv outputs/trot_capture.csv --trace-npz outputs/trace_trot_cap_A.npz,,0,step_up,1,2.1019339579287974,,on,half-stance,0.0,0.0,0,0.0,4,4,heading-only,0.0,0,0.04,obstacle,0.28,15,skill.STEP_TROT_MAX,step_up_0p28,0,0,2026-08-31T15:54:31Z,goal,1,TROT,0.9999999999999982,0.0,901,0.0,1,nan,,
--headless --device cpu --params skill.STEP_TROT_MAX --reps 5 --foot-comp on --heading heading-only --results-csv outputs/trot_capture.csv --trace-npz outputs/trace_trot_cap_A.npz,,0,step_up,1,2.133374075738264,,on,half-stance,0.0,0.0,0,0.0,4,4,heading-only,0.0,0,0.04,obstacle,0.3,15,skill.STEP_TROT_MAX,step_up_0p30,0,0,2026-08-31T15:54:31Z,goal,1,TROT,0.9999999999999964,0.0,901,0.0,1,nan,,
--headless --device cpu --params skill.STEP_TROT_MAX --reps 5 --foot-comp on --heading heading-only --results-csv outputs/trot_capture.csv --trace-npz outputs/trace_trot_cap_A.npz,,6,step_up,1,3.682224423299787,,on,half-stance,0.0,0.0,0,0.0,4,4,heading-only,0.0,0,0.04,obstacle,0.02,15,skill.STEP_TROT_MAX,step_up_0p02,0,1,2026-08-31T15:54:31Z,goal,1,TROT,1.0,0.0,68,0.0,1,nan,,
--headless --device cpu --params skill.STEP_TROT_MAX --reps 5 --foot-comp on --heading heading-only --results-csv outputs/trot_capture.csv --trace-npz outputs/trace_trot_cap_A.npz,,6,step_up,1,3.68396298413153,,on,half-stance,0.0,0.0,0,0.0,4,4,heading-only,0.0,0,0.04,obstacle,0.04,15,skill.STEP_TROT_MAX,step_up_0p04,0,1,2026-08-31T15:54:31Z,goal,1,TROT,0.9999999999999982,0.0,68,0.0,1,nan,,
--headless --device cpu --params skill.STEP_TROT_MAX --reps 5 --foot-comp on --heading heading-only --results-csv outputs/trot_capture.csv --trace-npz outputs/trace_trot_cap_A.npz,,6,step_up,1,3.689487663363638,,on,half-stance,0.0,0.0,0,0.0,4,4,heading-only,0.0,0,0.04,obstacle,0.06,15,skill.STEP_TROT_MAX,step_up_0p06,0,1,2026-08-31T15:54:31Z,goal,1,TROT,0.9999999999999964,0.0,68,0.0,1,nan,,
--headless --device cpu --params skill.STEP_TROT_MAX --reps 5 --foot-comp on --heading heading-only --results-csv outputs/trot_capture.csv --trace-npz outputs/trace_trot_cap_A.npz,,6,step_up,1,3.6907717150556243,,on,half-stance,0.0,0.0,0,0.0,4,4,heading-only,0.0,0,0.04,obstacle,0.08,15,skill.STEP_TROT_MAX,step_up_0p08,0,1,2026-08-31T15:54:31Z,goal,1,TROT,1.0,0.0,68,0.0,1,nan,,
--headless --device cpu --params skill.STEP_TROT_MAX --reps 5 --foot-comp on --heading heading-only --results-csv outputs/trot_capture.csv --trace-npz outputs/trace_trot_cap_A.npz,,6,step_up,1,3.684131092232171,,on,half-stance,0.0,0.0,0,0.0,4,4,heading-only,0.0,0,0.04,obstacle,0.1,15,skill.STEP_TROT_MAX,step_up_0p10,0,1,2026-08-31T15:54:31Z,goal,1,TROT,1.0,0.0,68,0.0,1,nan,,
--headless --device cpu --params skill.STEP_TROT_MAX --reps 5 --foot-comp on --heading heading-only --results-csv outputs/trot_capture.csv --trace-npz outputs/trace_trot_cap_A.npz,,6,step_up,1,3.6920450052927465,,on,half-stance,0.0,0.0,0,0.0,4,4,heading-only,0.0,0,0.04,obstacle,0.12,15,skill.STEP_TROT_MAX,step_up_0p12,0,1,2026-08-31T15:54:31Z,goal,1,TROT,0.9999999999999982,0.0,68,0.0,1,nan,,
--headless --device cpu --params skill.STEP_TROT_MAX --reps 5 --foot-comp on --heading heading-only --results-csv outputs/trot_capture.csv --trace-npz outputs/trace_trot_cap_A.npz,,6,step_up,1,3.6868866170770884,,on,half-stance,0.0,0.0,0,0.0,4,4,heading-only,0.0,0,0.04,obstacle,0.14,15,skill.STEP_TROT_MAX,step_up_0p14,0,1,2026-08-31T15:54:31Z,goal,1,TROT,0.9999999999999964,0.0,68,0.0,1,nan,,
--headless --device cpu --params skill.STEP_TROT_MAX --reps 5 --foot-comp on --heading heading-only --results-csv outputs/trot_capture.csv --trace-npz outputs/trace_trot_cap_A.npz,,6,step_up,1,3.6877463482998856,,on,half-stance,0.0,0.0,0,0.0,4,4,heading-only,0.0,0,0.04,obstacle,0.16,15,skill.STEP_TROT_MAX,step_up_0p16,0,1,2026-08-31T15:54:31Z,goal,1,TROT,1.0,0.0,68,0.0,1,nan,,
--headless --device cpu --params skill.STEP_TROT_MAX --reps 5 --foot-comp on --heading heading-only --results-csv outputs/trot_capture.csv --trace-npz outputs/trace_trot_cap_A.npz,,6,step_up,1,3.6830183170684525,,on,half-stance,0.0,0.0,0,0.0,4,4,heading-only,0.0,0,0.04,obstacle,0.18,15,skill.STEP_TROT_MAX,step_up_0p18,0,1,2026-08-31T15:54:31Z,goal,1,TROT,1.0,0.0,68,0.0,1,nan,,
--headless --device cpu --params skill.STEP_TROT_MAX --reps 5 --foot-comp on --heading heading-only --results-csv outputs/trot_capture.csv --trace-npz outputs/trace_trot_cap_A.npz,,6,step_up,1,3.6876888368719865,,on,half-stance,0.0,0.0,0,0.0,4,4,heading-only,0.0,0,0.04,obstacle,0.2,15,skill.STEP_TROT_MAX,step_up_0p20,0,1,2026-08-31T15:54:31Z,goal,1,TROT,0.9999999999999982,0.0,68,0.0,1,nan,,
--headless --device cpu --params skill.STEP_TROT_MAX --reps 5 --foot-comp on --heading heading-only --results-csv outputs/trot_capture.csv --trace-npz outputs/trace_trot_cap_A.npz,,6,step_up,1,3.690069132854354,,on,half-stance,0.0,0.0,0,0.0,4,4,heading-only,0.0,0,0.04,obstacle,0.22,15,skill.STEP_TROT_MAX,step_up_0p22,0,1,2026-08-31T15:54:31Z,goal,1,TROT,0.9999999999999964,0.0,68,0.0,1,nan,,
--headless --device cpu --params skill.STEP_TROT_MAX --reps 5 --foot-comp on --heading heading-only --results-csv outputs/trot_capture.csv --trace-npz outputs/trace_trot_cap_A.npz,,6,step_up,1,3.692023242306053,,on,half-stance,0.0,0.0,0,0.0,4,4,heading-only,0.0,0,0.04,obstacle,0.24,15,skill.STEP_TROT_MAX,step_up_0p24,0,1,2026-08-31T15:54:31Z,goal,1,TROT,1.0,0.0,68,0.0,1,nan,,
--headless --device cpu --params skill.STEP_TROT_MAX --reps 5 --foot-comp on --heading heading-only --results-csv outputs/trot_capture.csv --trace-npz outputs/trace_trot_cap_A.npz,,6,step_up,1,3.686107365935508,,on,half-stance,0.0,0.0,0,0.0,4,4,heading-only,0.0,0,0.04,obstacle,0.26,15,skill.STEP_TROT_MAX,step_up_0p26,0,1,2026-08-31T15:54:31Z,goal,1,TROT,1.0,0.0,68,0.0,1,nan,,
--headless --device cpu --params skill.STEP_TROT_MAX --reps 5 --foot-comp on --heading heading-only --results-csv outputs/trot_capture.csv --trace-npz outputs/trace_trot_cap_A.npz,,6,step_up,1,3.6882902986571096,,on,half-stance,0.0,0.0,0,0.0,4,4,heading-only,0.0,0,0.04,obstacle,0.28,15,skill.STEP_TROT_MAX,step_up_0p28,0,1,2026-08-31T15:54:31Z,goal,1,TROT,0.9999999999999982,0.0,68,0.0,1,nan,,
--headless --device cpu --params skill.STEP_TROT_MAX --reps 5 --foot-comp on --heading heading-only --results-csv outputs/trot_capture.csv --trace-npz outputs/trace_trot_cap_A.npz,,6,step_up,1,3.6803453605440715,,on,half-stance,0.0,0.0,0,0.0,4,4,heading-only,0.0,0,0.04,obstacle,0.3,15,skill.STEP_TROT_MAX,step_up_0p30,0,1,2026-08-31T15:54:31Z,goal,1,TROT,0.9999999999999964,0.0,68,0.0,1,nan,,
--headless --device cpu --params skill.STEP_TROT_MAX --reps 5 --foot-comp on --heading heading-only --results-csv outputs/trot_capture.csv --trace-npz outputs/trace_trot_cap_A.npz,,13,step_up,0,3.861698050314221,,on,half-stance,0.0,0.0,0,0.0,4,4,heading-only,0.0,0,0.04,obstacle,0.02,15,skill.STEP_TROT_MAX,step_up_0p02,0,2,2026-08-31T15:54:31Z,goal,1,TROT,1.0,0.0,901,0.0,1,nan,,
--headless --device cpu --params skill.STEP_TROT_MAX --reps 5 --foot-comp on --heading heading-only --results-csv outputs/trot_capture.csv --trace-npz outputs/trace_trot_cap_A.npz,,13,step_up,1,4.0967776747489975,,on,half-stance,0.0,0.0,0,0.0,4,4,heading-only,0.0,0,0.04,obstacle,0.04,15,skill.STEP_TROT_MAX,step_up_0p04,0,2,2026-08-31T15:54:31Z,goal,1,TROT,0.9999999999999982,0.0,901,0.0,1,nan,,
--headless --device cpu --params skill.STEP_TROT_MAX --reps 5 --foot-comp on --heading heading-only --results-csv outputs/trot_capture.csv --trace-npz outputs/trace_trot_cap_A.npz,,13,step_up,1,4.3006988249413105,,on,half-stance,0.0,0.0,0,0.0,4,4,heading-only,0.0,0,0.04,obstacle,0.06,15,skill.STEP_TROT_MAX,step_up_0p06,0,2,2026-08-31T15:54:31Z,goal,1,TROT,0.9999999999999964,0.0,901,0.0,1,nan,,
--headless --device cpu --params skill.STEP_TROT_MAX --reps 5 --foot-comp on --heading heading-only --results-csv outputs/trot_capture.csv --trace-npz outputs/trace_trot_cap_A.npz,,13,step_up,0,3.631585813368862,,on,half-stance,0.0,0.0,0,0.0,4,4,heading-only,0.0,0,0.04,obstacle,0.08,15,skill.STEP_TROT_MAX,step_up_0p08,0,2,2026-08-31T15:54:31Z,goal,1,TROT,1.0,0.0,901,0.0,1,nan,,
--headless --device cpu --params skill.STEP_TROT_MAX --reps 5 --foot-comp on --heading heading-only --results-csv outputs/trot_capture.csv --trace-npz outputs/trace_trot_cap_A.npz,,13,step_up,1,17.308610300547166,,on,half-stance,0.0,0.0,0,0.0,4,4,heading-only,0.0,0,0.04,obstacle,0.1,15,skill.STEP_TROT_MAX,step_up_0p10,0,2,2026-08-31T15:54:31Z,goal,1,TROT,1.0,0.0,901,0.0,1,nan,,
--headless --device cpu --params skill.STEP_TROT_MAX --reps 5 --foot-comp on --heading heading-only --results-csv outputs/trot_capture.csv --trace-npz outputs/trace_trot_cap_A.npz,,13,step_up,1,6.057648438861782,,on,half-stance,0.0,0.0,0,0.0,4,4,heading-only,0.0,0,0.04,obstacle,0.12,15,skill.STEP_TROT_MAX,step_up_0p12,0,2,2026-08-31T15:54:31Z,goal,1,TROT,0.9999999999999982,0.0,901,0.0,1,nan,,
--headless --device cpu --params skill.STEP_TROT_MAX --reps 5 --foot-comp on --heading heading-only --results-csv outputs/trot_capture.csv --trace-npz outputs/trace_trot_cap_A.npz,,13,step_up,1,4.094109320660355,,on,half-stance,0.0,0.0,0,0.0,4,4,heading-only,0.0,0,0.04,obstacle,0.14,15,skill.STEP_TROT_MAX,step_up_0p14,0,2,2026-08-31T15:54:31Z,goal,1,TROT,0.9999999999999964,0.0,901,0.0,1,nan,,
--headless --device cpu --params skill.STEP_TROT_MAX --reps 5 --foot-comp on --heading heading-only --results-csv outputs/trot_capture.csv --trace-npz outputs/trace_trot_cap_A.npz,,13,step_up,1,4.018043848115777,,on,half-stance,0.0,0.0,0,0.0,4,4,heading-only,0.0,0,0.04,obstacle,0.16,15,skill.STEP_TROT_MAX,step_up_0p16,0,2,2026-08-31T15:54:31Z,goal,1,TROT,1.0,0.0,901,0.0,1,nan,,
--headless --device cpu --params skill.STEP_TROT_MAX --reps 5 --foot-comp on --heading heading-only --results-csv outputs/trot_capture.csv --trace-npz outputs/trace_trot_cap_A.npz,,13,step_up,1,4.429786299113814,,on,half-stance,0.0,0.0,0,0.0,4,4,heading-only,0.0,0,0.04,obstacle,0.18,15,skill.STEP_TROT_MAX,step_up_0p18,0,2,2026-08-31T15:54:31Z,goal,1,TROT,1.0,0.0,901,0.0,1,nan,,
--headless --device cpu --params skill.STEP_TROT_MAX --reps 5 --foot-comp on --heading heading-only --results-csv outputs/trot_capture.csv --trace-npz outputs/trace_trot_cap_A.npz,,13,step_up,1,4.096368523816927,,on,half-stance,0.0,0.0,0,0.0,4,4,heading-only,0.0,0,0.04,obstacle,0.2,15,skill.STEP_TROT_MAX,step_up_0p20,0,2,2026-08-31T15:54:31Z,goal,1,TROT,0.9999999999999982,0.0,901,0.0,1,nan,,
--headless --device cpu --params skill.STEP_TROT_MAX --reps 5 --foot-comp on --heading heading-only --results-csv outputs/trot_capture.csv --trace-npz outputs/trace_trot_cap_A.npz,,13,step_up,1,4.074526371888509,,on,half-stance,0.0,0.0,0,0.0,4,4,heading-only,0.0,0,0.04,obstacle,0.22,15,skill.STEP_TROT_MAX,step_up_0p22,0,2,2026-08-31T15:54:31Z,goal,1,TROT,0.9999999999999964,0.0,901,0.0,1,nan,,
--headless --device cpu --params skill.STEP_TROT_MAX --reps 5 --foot-comp on --heading heading-only --results-csv outputs/trot_capture.csv --trace-npz outputs/trace_trot_cap_A.npz,,13,step_up,1,4.107261904265833,,on,half-stance,0.0,0.0,0,0.0,4,4,heading-only,0.0,0,0.04,obstacle,0.24,15,skill.STEP_TROT_MAX,step_up_0p24,0,2,2026-08-31T15:54:31Z,goal,1,TROT,1.0,0.0,901,0.0,1,nan,,
--headless --device cpu --params skill.STEP_TROT_MAX --reps 5 --foot-comp on --heading heading-only --results-csv outputs/trot_capture.csv --trace-npz outputs/trace_trot_cap_A.npz,,13,step_up,1,4.096233270812825,,on,half-stance,0.0,0.0,0,0.0,4,4,heading-only,0.0,0,0.04,obstacle,0.26,15,skill.STEP_TROT_MAX,step_up_0p26,0,2,2026-08-31T15:54:31Z,goal,1,TROT,1.0,0.0,901,0.0,1,nan,,
--headless --device cpu --params skill.STEP_TROT_MAX --reps 5 --foot-comp on --heading heading-only --results-csv outputs/trot_capture.csv --trace-npz outputs/trace_trot_cap_A.npz,,13,step_up,1,4.02747356604688,,on,half-stance,0.0,0.0,0,0.0,4,4,heading-only,0.0,0,0.04,obstacle,0.28,15,skill.STEP_TROT_MAX,step_up_0p28,0,2,2026-08-31T15:54:31Z,goal,1,TROT,0.9999999999999982,0.0,901,0.0,1,nan,,
--headless --device cpu --params skill.STEP_TROT_MAX --reps 5 --foot-comp on --heading heading-only --results-csv outputs/trot_capture.csv --trace-npz outputs/trace_trot_cap_A.npz,,13,step_up,1,4.418392653406648,,on,half-stance,0.0,0.0,0,0.0,4,4,heading-only,0.0,0,0.04,obstacle,0.3,15,skill.STEP_TROT_MAX,step_up_0p30,0,2,2026-08-31T15:54:31Z,goal,1,TROT,0.9999999999999964,0.0,901,0.0,1,nan,,
--headless --device cpu --params skill.STEP_TROT_MAX --reps 5 --foot-comp on --heading heading-only --results-csv outputs/trot_capture.csv --trace-npz outputs/trace_trot_cap_A.npz,,19,step_up,1,4.204182930805189,,on,half-stance,0.0,0.0,0,0.0,4,4,heading-only,0.0,0,0.04,obstacle,0.02,15,skill.STEP_TROT_MAX,step_up_0p02,0,3,2026-08-31T15:54:31Z,goal,1,TROT,1.0,0.0,84,0.0,1,nan,,
--headless --device cpu --params skill.STEP_TROT_MAX --reps 5 --foot-comp on --heading heading-only --results-csv outputs/trot_capture.csv --trace-npz outputs/trace_trot_cap_A.npz,,19,step_up,1,4.198058055421896,,on,half-stance,0.0,0.0,0,0.0,4,4,heading-only,0.0,0,0.04,obstacle,0.04,15,skill.STEP_TROT_MAX,step_up_0p04,0,3,2026-08-31T15:54:31Z,goal,1,TROT,0.9999999999999982,0.0,84,0.0,1,nan,,
--headless --device cpu --params skill.STEP_TROT_MAX --reps 5 --foot-comp on --heading heading-only --results-csv outputs/trot_capture.csv --trace-npz outputs/trace_trot_cap_A.npz,,19,step_up,1,4.2031573769691715,,on,half-stance,0.0,0.0,0,0.0,4,4,heading-only,0.0,0,0.04,obstacle,0.06,15,skill.STEP_TROT_MAX,step_up_0p06,0,3,2026-08-31T15:54:31Z,goal,1,TROT,0.9999999999999964,0.0,84,0.0,1,nan,,
--headless --device cpu --params skill.STEP_TROT_MAX --reps 5 --foot-comp on --heading heading-only --results-csv outputs/trot_capture.csv --trace-npz outputs/trace_trot_cap_A.npz,,19,step_up,1,4.210048641251271,,on,half-stance,0.0,0.0,0,0.0,4,4,heading-only,0.0,0,0.04,obstacle,0.08,15,skill.STEP_TROT_MAX,step_up_0p08,0,3,2026-08-31T15:54:31Z,goal,1,TROT,1.0,0.0,84,0.0,1,nan,,
--headless --device cpu --params skill.STEP_TROT_MAX --reps 5 --foot-comp on --heading heading-only --results-csv outputs/trot_capture.csv --trace-npz outputs/trace_trot_cap_A.npz,,19,step_up,1,4.20765208586948,,on,half-stance,0.0,0.0,0,0.0,4,4,heading-only,0.0,0,0.04,obstacle,0.1,15,skill.STEP_TROT_MAX,step_up_0p10,0,3,2026-08-31T15:54:31Z,goal,1,TROT,1.0,0.0,84,0.0,1,nan,,
--headless --device cpu --params skill.STEP_TROT_MAX --reps 5 --foot-comp on --heading heading-only --results-csv outputs/trot_capture.csv --trace-npz outputs/trace_trot_cap_A.npz,,19,step_up,1,4.199685851807723,,on,half-stance,0.0,0.0,0,0.0,4,4,heading-only,0.0,0,0.04,obstacle,0.12,15,skill.STEP_TROT_MAX,step_up_0p12,0,3,2026-08-31T15:54:31Z,goal,1,TROT,0.9999999999999982,0.0,84,0.0,1,nan,,
--headless --device cpu --params skill.STEP_TROT_MAX --reps 5 --foot-comp on --heading heading-only --results-csv outputs/trot_capture.csv --trace-npz outputs/trace_trot_cap_A.npz,,19,step_up,1,4.209263153842052,,on,half-stance,0.0,0.0,0,0.0,4,4,heading-only,0.0,0,0.04,obstacle,0.14,15,skill.STEP_TROT_MAX,step_up_0p14,0,3,2026-08-31T15:54:31Z,goal,1,TROT,0.9999999999999964,0.0,84,0.0,1,nan,,
--headless --device cpu --params skill.STEP_TROT_MAX --reps 5 --foot-comp on --heading heading-only --results-csv outputs/trot_capture.csv --trace-npz outputs/trace_trot_cap_A.npz,,19,step_up,1,4.207160759428128,,on,half-stance,0.0,0.0,0,0.0,4,4,heading-only,0.0,0,0.04,obstacle,0.16,15,skill.STEP_TROT_MAX,step_up_0p16,0,3,2026-08-31T15:54:31Z,goal,1,TROT,1.0,0.0,84,0.0,1,nan,,
--headless --device cpu --params skill.STEP_TROT_MAX --reps 5 --foot-comp on --heading heading-only --results-csv outputs/trot_capture.csv --trace-npz outputs/trace_trot_cap_A.npz,,19,step_up,1,4.201481241351716,,on,half-stance,0.0,0.0,0,0.0,4,4,heading-only,0.0,0,0.04,obstacle,0.18,15,skill.STEP_TROT_MAX,step_up_0p18,0,3,2026-08-31T15:54:31Z,goal,1,TROT,1.0,0.0,84,0.0,1,nan,,
--headless --device cpu --params skill.STEP_TROT_MAX --reps 5 --foot-comp on --heading heading-only --results-csv outputs/trot_capture.csv --trace-npz outputs/trace_trot_cap_A.npz,,19,step_up,1,4.214596849878006,,on,half-stance,0.0,0.0,0,0.0,4,4,heading-only,0.0,0,0.04,obstacle,0.2,15,skill.STEP_TROT_MAX,step_up_0p20,0,3,2026-08-31T15:54:31Z,goal,1,TROT,0.9999999999999982,0.0,84,0.0,1,nan,,
--headless --device cpu --params skill.STEP_TROT_MAX --reps 5 --foot-comp on --heading heading-only --results-csv outputs/trot_capture.csv --trace-npz outputs/trace_trot_cap_A.npz,,19,step_up,1,4.210305495603518,,on,half-stance,0.0,0.0,0,0.0,4,4,heading-only,0.0,0,0.04,obstacle,0.22,15,skill.STEP_TROT_MAX,step_up_0p22,0,3,2026-08-31T15:54:31Z,goal,1,TROT,0.9999999999999964,0.0,84,0.0,1,nan,,
--headless --device cpu --params skill.STEP_TROT_MAX --reps 5 --foot-comp on --heading heading-only --results-csv outputs/trot_capture.csv --trace-npz outputs/trace_trot_cap_A.npz,,19,step_up,1,4.2113520669272395,,on,half-stance,0.0,0.0,0,0.0,4,4,heading-only,0.0,0,0.04,obstacle,0.24,15,skill.STEP_TROT_MAX,step_up_0p24,0,3,2026-08-31T15:54:31Z,goal,1,TROT,1.0,0.0,84,0.0,1,nan,,
--headless --device cpu --params skill.STEP_TROT_MAX --reps 5 --foot-comp on --heading heading-only --results-csv outputs/trot_capture.csv --trace-npz outputs/trace_trot_cap_A.npz,,19,step_up,1,4.204428037974065,,on,half-stance,0.0,0.0,0,0.0,4,4,heading-only,0.0,0,0.04,obstacle,0.26,15,skill.STEP_TROT_MAX,step_up_0p26,0,3,2026-08-31T15:54:31Z,goal,1,TROT,1.0,0.0,84,0.0,1,nan,,
--headless --device cpu --params skill.STEP_TROT_MAX --reps 5 --foot-comp on --heading heading-only --results-csv outputs/trot_capture.csv --trace-npz outputs/trace_trot_cap_A.npz,,19,step_up,1,4.21174150578873,,on,half-stance,0.0,0.0,0,0.0,4,4,heading-only,0.0,0,0.04,obstacle,0.28,15,skill.STEP_TROT_MAX,step_up_0p28,0,3,2026-08-31T15:54:31Z,goal,1,TROT,0.9999999999999982,0.0,84,0.0,1,nan,,
--headless --device cpu --params skill.STEP_TROT_MAX --reps 5 --foot-comp on --heading heading-only --results-csv outputs/trot_capture.csv --trace-npz outputs/trace_trot_cap_A.npz,,19,step_up,1,4.21220807721175,,on,half-stance,0.0,0.0,0,0.0,4,4,heading-only,0.0,0,0.04,obstacle,0.3,15,skill.STEP_TROT_MAX,step_up_0p30,0,3,2026-08-31T15:54:31Z,goal,1,TROT,0.9999999999999964,0.0,84,0.0,1,nan,,
--headless --device cpu --params skill.STEP_TROT_MAX --reps 5 --foot-comp on --heading heading-only --results-csv outputs/trot_capture.csv --trace-npz outputs/trace_trot_cap_A.npz,,26,step_up,1,4.287378087575608,,on,half-stance,0.0,0.0,0,0.0,4,4,heading-only,0.0,0,0.04,obstacle,0.02,15,skill.STEP_TROT_MAX,step_up_0p02,0,4,2026-08-31T15:54:31Z,goal,1,TROT,1.0,0.0,58,0.0,1,nan,,
--headless --device cpu --params skill.STEP_TROT_MAX --reps 5 --foot-comp on --heading heading-only --results-csv outputs/trot_capture.csv --trace-npz outputs/trace_trot_cap_A.npz,,26,step_up,1,4.289337580308081,,on,half-stance,0.0,0.0,0,0.0,4,4,heading-only,0.0,0,0.04,obstacle,0.04,15,skill.STEP_TROT_MAX,step_up_0p04,0,4,2026-08-31T15:54:31Z,goal,1,TROT,0.9999999999999982,0.0,58,0.0,1,nan,,
--headless --device cpu --params skill.STEP_TROT_MAX --reps 5 --foot-comp on --heading heading-only --results-csv outputs/trot_capture.csv --trace-npz outputs/trace_trot_cap_A.npz,,26,step_up,1,4.290591481070482,,on,half-stance,0.0,0.0,0,0.0,4,4,heading-only,0.0,0,0.04,obstacle,0.06,15,skill.STEP_TROT_MAX,step_up_0p06,0,4,2026-08-31T15:54:31Z,goal,1,TROT,0.9999999999999964,0.0,58,0.0,1,nan,,
--headless --device cpu --params skill.STEP_TROT_MAX --reps 5 --foot-comp on --heading heading-only --results-csv outputs/trot_capture.csv --trace-npz outputs/trace_trot_cap_A.npz,,26,step_up,1,4.294773226955879,,on,half-stance,0.0,0.0,0,0.0,4,4,heading-only,0.0,0,0.04,obstacle,0.08,15,skill.STEP_TROT_MAX,step_up_0p08,0,4,2026-08-31T15:54:31Z,goal,1,TROT,1.0,0.0,58,0.0,1,nan,,
--headless --device cpu --params skill.STEP_TROT_MAX --reps 5 --foot-comp on --heading heading-only --results-csv outputs/trot_capture.csv --trace-npz outputs/trace_trot_cap_A.npz,,26,step_up,1,4.282814592068302,,on,half-stance,0.0,0.0,0,0.0,4,4,heading-only,0.0,0,0.04,obstacle,0.1,15,skill.STEP_TROT_MAX,step_up_0p10,0,4,2026-08-31T15:54:31Z,goal,1,TROT,1.0,0.0,58,0.0,1,nan,,
--headless --device cpu --params skill.STEP_TROT_MAX --reps 5 --foot-comp on --heading heading-only --results-csv outputs/trot_capture.csv --trace-npz outputs/trace_trot_cap_A.npz,,26,step_up,1,4.283768614240451,,on,half-stance,0.0,0.0,0,0.0,4,4,heading-only,0.0,0,0.04,obstacle,0.12,15,skill.STEP_TROT_MAX,step_up_0p12,0,4,2026-08-31T15:54:31Z,goal,1,TROT,0.9999999999999982,0.0,58,0.0,1,nan,,
--headless --device cpu --params skill.STEP_TROT_MAX --reps 5 --foot-comp on --heading heading-only --results-csv outputs/trot_capture.csv --trace-npz outputs/trace_trot_cap_A.npz,,26,step_up,1,4.285805347860876,,on,half-stance,0.0,0.0,0,0.0,4,4,heading-only,0.0,0,0.04,obstacle,0.14,15,skill.STEP_TROT_MAX,step_up_0p14,0,4,2026-08-31T15:54:31Z,goal,1,TROT,0.9999999999999964,0.0,58,0.0,1,nan,,
--headless --device cpu --params skill.STEP_TROT_MAX --reps 5 --foot-comp on --heading heading-only --results-csv outputs/trot_capture.csv --trace-npz outputs/trace_trot_cap_A.npz,,26,step_up,1,4.287727406767697,,on,half-stance,0.0,0.0,0,0.0,4,4,heading-only,0.0,0,0.04,obstacle,0.16,15,skill.STEP_TROT_MAX,step_up_0p16,0,4,2026-08-31T15:54:31Z,goal,1,TROT,1.0,0.0,58,0.0,1,nan,,
--headless --device cpu --params skill.STEP_TROT_MAX --reps 5 --foot-comp on --heading heading-only --results-csv outputs/trot_capture.csv --trace-npz outputs/trace_trot_cap_A.npz,,26,step_up,1,4.289503096589364,,on,half-stance,0.0,0.0,0,0.0,4,4,heading-only,0.0,0,0.04,obstacle,0.18,15,skill.STEP_TROT_MAX,step_up_0p18,0,4,2026-08-31T15:54:31Z,goal,1,TROT,1.0,0.0,58,0.0,1,nan,,
--headless --device cpu --params skill.STEP_TROT_MAX --reps 5 --foot-comp on --heading heading-only --results-csv outputs/trot_capture.csv --trace-npz outputs/trace_trot_cap_A.npz,,26,step_up,1,4.292505571498024,,on,half-stance,0.0,0.0,0,0.0,4,4,heading-only,0.0,0,0.04,obstacle,0.2,15,skill.STEP_TROT_MAX,step_up_0p20,0,4,2026-08-31T15:54:31Z,goal,1,TROT,0.9999999999999982,0.0,58,0.0,1,nan,,
--headless --device cpu --params skill.STEP_TROT_MAX --reps 5 --foot-comp on --heading heading-only --results-csv outputs/trot_capture.csv --trace-npz outputs/trace_trot_cap_A.npz,,26,step_up,1,4.299041965580367,,on,half-stance,0.0,0.0,0,0.0,4,4,heading-only,0.0,0,0.04,obstacle,0.22,15,skill.STEP_TROT_MAX,step_up_0p22,0,4,2026-08-31T15:54:31Z,goal,1,TROT,0.9999999999999964,0.0,58,0.0,1,nan,,
--headless --device cpu --params skill.STEP_TROT_MAX --reps 5 --foot-comp on --heading heading-only --results-csv outputs/trot_capture.csv --trace-npz outputs/trace_trot_cap_A.npz,,26,step_up,1,4.289823067021867,,on,half-stance,0.0,0.0,0,0.0,4,4,heading-only,0.0,0,0.04,obstacle,0.24,15,skill.STEP_TROT_MAX,step_up_0p24,0,4,2026-08-31T15:54:31Z,goal,1,TROT,1.0,0.0,58,0.0,1,nan,,
--headless --device cpu --params skill.STEP_TROT_MAX --reps 5 --foot-comp on --heading heading-only --results-csv outputs/trot_capture.csv --trace-npz outputs/trace_trot_cap_A.npz,,26,step_up,1,4.287785071758244,,on,half-stance,0.0,0.0,0,0.0,4,4,heading-only,0.0,0,0.04,obstacle,0.26,15,skill.STEP_TROT_MAX,step_up_0p26,0,4,2026-08-31T15:54:31Z,goal,1,TROT,1.0,0.0,58,0.0,1,nan,,
--headless --device cpu --params skill.STEP_TROT_MAX --reps 5 --foot-comp on --heading heading-only --results-csv outputs/trot_capture.csv --trace-npz outputs/trace_trot_cap_A.npz,,26,step_up,1,4.287635161424053,,on,half-stance,0.0,0.0,0,0.0,4,4,heading-only,0.0,0,0.04,obstacle,0.28,15,skill.STEP_TROT_MAX,step_up_0p28,0,4,2026-08-31T15:54:31Z,goal,1,TROT,0.9999999999999982,0.0,58,0.0,1,nan,,
--headless --device cpu --params skill.STEP_TROT_MAX --reps 5 --foot-comp on --heading heading-only --results-csv outputs/trot_capture.csv --trace-npz outputs/trace_trot_cap_A.npz,,26,step_up,1,4.292177958205558,,on,half-stance,0.0,0.0,0,0.0,4,4,heading-only,0.0,0,0.04,obstacle,0.3,15,skill.STEP_TROT_MAX,step_up_0p30,0,4,2026-08-31T15:54:31Z,goal,1,TROT,0.9999999999999964,0.0,58,0.0,1,nan,,
--headless --device cpu --params skill.STEP_TROT_MAX --reps 5 --foot-comp on --heading heading-only --results-csv outputs/trot_capture.csv --trace-npz outputs/trace_trot_cap_G.npz --foot-gain capture,,0,step_up,1,1.7029374889901814,0.3050636947154999,on,capture,0.0,0.0,0,0.0,4,4,heading-only,0.0,0,0.04,obstacle,0.02,15,skill.STEP_TROT_MAX,step_up_0p02,0,0,2026-08-31T15:55:22Z,goal,1,TROT,1.0,0.0,901,0.0,1,nan,,
--headless --device cpu --params skill.STEP_TROT_MAX --reps 5 --foot-comp on --heading heading-only --results-csv outputs/trot_capture.csv --trace-npz outputs/trace_trot_cap_G.npz --foot-gain capture,,0,step_up,1,1.5150905331511317,0.30502018332481384,on,capture,0.0,0.0,0,0.0,4,4,heading-only,0.0,0,0.04,obstacle,0.04,15,skill.STEP_TROT_MAX,step_up_0p04,0,0,2026-08-31T15:55:22Z,goal,1,TROT,0.9999999999999982,0.0,901,0.0,1,nan,,
--headless --device cpu --params skill.STEP_TROT_MAX --reps 5 --foot-comp on --heading heading-only --results-csv outputs/trot_capture.csv --trace-npz outputs/trace_trot_cap_G.npz --foot-gain capture,,0,step_up,0,1.525370671999688,0.305078387260437,on,capture,0.0,0.0,0,0.0,4,4,heading-only,0.0,0,0.04,obstacle,0.06,15,skill.STEP_TROT_MAX,step_up_0p06,0,0,2026-08-31T15:55:22Z,goal,1,TROT,0.9999999999999964,0.0,901,0.0,1,nan,,
--headless --device cpu --params skill.STEP_TROT_MAX --reps 5 --foot-comp on --heading heading-only --results-csv outputs/trot_capture.csv --trace-npz outputs/trace_trot_cap_G.npz --foot-gain capture,,0,step_up,1,2.0692264031674132,0.3050400912761688,on,capture,0.0,0.0,0,0.0,4,4,heading-only,0.0,0,0.04,obstacle,0.08,15,skill.STEP_TROT_MAX,step_up_0p08,0,0,2026-08-31T15:55:22Z,goal,1,TROT,1.0,0.0,901,0.0,1,nan,,
--headless --device cpu --params skill.STEP_TROT_MAX --reps 5 --foot-comp on --heading heading-only --results-csv outputs/trot_capture.csv --trace-npz outputs/trace_trot_cap_G.npz --foot-gain capture,,0,step_up,1,1.7864218836037828,0.3051048219203949,on,capture,0.0,0.0,0,0.0,4,4,heading-only,0.0,0,0.04,obstacle,0.1,15,skill.STEP_TROT_MAX,step_up_0p10,0,0,2026-08-31T15:55:22Z,goal,1,TROT,1.0,0.0,901,0.0,1,nan,,
--headless --device cpu --params skill.STEP_TROT_MAX --reps 5 --foot-comp on --heading heading-only --results-csv outputs/trot_capture.csv --trace-npz outputs/trace_trot_cap_G.npz --foot-gain capture,,0,step_up,1,1.170903771189681,0.3050236403942108,on,capture,0.0,0.0,0,0.0,4,4,heading-only,0.0,0,0.04,obstacle,0.12,15,skill.STEP_TROT_MAX,step_up_0p12,0,0,2026-08-31T15:55:22Z,goal,1,TROT,0.9999999999999982,0.0,901,0.0,1,nan,,
--headless --device cpu --params skill.STEP_TROT_MAX --reps 5 --foot-comp on --heading heading-only --results-csv outputs/trot_capture.csv --trace-npz outputs/trace_trot_cap_G.npz --foot-gain capture,,0,step_up,0,1.379234986312746,0.3050588071346283,on,capture,0.0,0.0,0,0.0,4,4,heading-only,0.0,0,0.04,obstacle,0.14,15,skill.STEP_TROT_MAX,step_up_0p14,0,0,2026-08-31T15:55:22Z,goal,1,TROT,0.9999999999999964,0.0,901,0.0,1,nan,,
--headless --device cpu --params skill.STEP_TROT_MAX --reps 5 --foot-comp on --heading heading-only --results-csv outputs/trot_capture.csv --trace-npz outputs/trace_trot_cap_G.npz --foot-gain capture,,0,step_up,1,1.3965554141480712,0.30493807792663574,on,capture,0.0,0.0,0,0.0,4,4,heading-only,0.0,0,0.04,obstacle,0.16,15,skill.STEP_TROT_MAX,step_up_0p16,0,0,2026-08-31T15:55:22Z,goal,1,TROT,1.0,0.0,901,0.0,1,nan,,
--headless --device cpu --params skill.STEP_TROT_MAX --reps 5 --foot-comp on --heading heading-only --results-csv outputs/trot_capture.csv --trace-npz outputs/trace_trot_cap_G.npz --foot-gain capture,,0,step_up,0,1.4428302439959155,0.30493131279945374,on,capture,0.0,0.0,0,0.0,4,4,heading-only,0.0,0,0.04,obstacle,0.18,15,skill.STEP_TROT_MAX,step_up_0p18,0,0,2026-08-31T15:55:22Z,goal,1,TROT,1.0,0.0,901,0.0,1,nan,,
--headless --device cpu --params skill.STEP_TROT_MAX --reps 5 --foot-comp on --heading heading-only --results-csv outputs/trot_capture.csv --trace-npz outputs/trace_trot_cap_G.npz --foot-gain capture,,0,step_up,1,1.6666355048371628,0.3049478828907013,on,capture,0.0,0.0,0,0.0,4,4,heading-only,0.0,0,0.04,obstacle,0.2,15,skill.STEP_TROT_MAX,step_up_0p20,0,0,2026-08-31T15:55:22Z,goal,1,TROT,0.9999999999999982,0.0,901,0.0,1,nan,,
--headless --device cpu --params skill.STEP_TROT_MAX --reps 5 --foot-comp on --heading heading-only --results-csv outputs/trot_capture.csv --trace-npz outputs/trace_trot_cap_G.npz --foot-gain capture,,0,step_up,1,2.083038886294967,0.3051995635032654,on,capture,0.0,0.0,0,0.0,4,4,heading-only,0.0,0,0.04,obstacle,0.22,15,skill.STEP_TROT_MAX,step_up_0p22,0,0,2026-08-31T15:55:22Z,goal,1,TROT,0.9999999999999964,0.0,901,0.0,1,nan,,
--headless --device cpu --params skill.STEP_TROT_MAX --reps 5 --foot-comp on --heading heading-only --results-csv outputs/trot_capture.csv --trace-npz outputs/trace_trot_cap_G.npz --foot-gain capture,,0,step_up,1,2.148847776810327,0.3050561845302582,on,capture,0.0,0.0,0,0.0,4,4,heading-only,0.0,0,0.04,obstacle,0.24,15,skill.STEP_TROT_MAX,step_up_0p24,0,0,2026-08-31T15:55:22Z,goal,1,TROT,1.0,0.0,901,0.0,1,nan,,
--headless --device cpu --params skill.STEP_TROT_MAX --reps 5 --foot-comp on --heading heading-only --results-csv outputs/trot_capture.csv --trace-npz outputs/trace_trot_cap_G.npz --foot-gain capture,,0,step_up,1,2.103643628752072,0.30498751997947693,on,capture,0.0,0.0,0,0.0,4,4,heading-only,0.0,0,0.04,obstacle,0.26,15,skill.STEP_TROT_MAX,step_up_0p26,0,0,2026-08-31T15:55:22Z,goal,1,TROT,1.0,0.0,901,0.0,1,nan,,
--headless --device cpu --params skill.STEP_TROT_MAX --reps 5 --foot-comp on --heading heading-only --results-csv outputs/trot_capture.csv --trace-npz outputs/trace_trot_cap_G.npz --foot-gain capture,,0,step_up,1,2.0288907086845027,0.3050905168056488,on,capture,0.0,0.0,0,0.0,4,4,heading-only,0.0,0,0.04,obstacle,0.28,15,skill.STEP_TROT_MAX,step_up_0p28,0,0,2026-08-31T15:55:22Z,goal,1,TROT,0.9999999999999982,0.0,901,0.0,1,nan,,
--headless --device cpu --params skill.STEP_TROT_MAX --reps 5 --foot-comp on --heading heading-only --results-csv outputs/trot_capture.csv --trace-npz outputs/trace_trot_cap_G.npz --foot-gain capture,,0,step_up,1,2.144165786484183,0.3050049841403961,on,capture,0.0,0.0,0,0.0,4,4,heading-only,0.0,0,0.04,obstacle,0.3,15,skill.STEP_TROT_MAX,step_up_0p30,0,0,2026-08-31T15:55:22Z,goal,1,TROT,0.9999999999999964,0.0,901,0.0,1,nan,,
--headless --device cpu --params skill.STEP_TROT_MAX --reps 5 --foot-comp on --heading heading-only --results-csv outputs/trot_capture.csv --trace-npz outputs/trace_trot_cap_G.npz --foot-gain capture,,6,step_up,1,3.6799577745854566,0.3050636947154999,on,capture,0.0,0.0,0,0.0,4,4,heading-only,0.0,0,0.04,obstacle,0.02,15,skill.STEP_TROT_MAX,step_up_0p02,0,1,2026-08-31T15:55:22Z,goal,1,TROT,1.0,0.0,68,0.0,1,nan,,
--headless --device cpu --params skill.STEP_TROT_MAX --reps 5 --foot-comp on --heading heading-only --results-csv outputs/trot_capture.csv --trace-npz outputs/trace_trot_cap_G.npz --foot-gain capture,,6,step_up,1,3.681959161315679,0.30502018332481384,on,capture,0.0,0.0,0,0.0,4,4,heading-only,0.0,0,0.04,obstacle,0.04,15,skill.STEP_TROT_MAX,step_up_0p04,0,1,2026-08-31T15:55:22Z,goal,1,TROT,0.9999999999999982,0.0,68,0.0,1,nan,,
--headless --device cpu --params skill.STEP_TROT_MAX --reps 5 --foot-comp on --heading heading-only --results-csv outputs/trot_capture.csv --trace-npz outputs/trace_trot_cap_G.npz --foot-gain capture,,6,step_up,1,3.686330750049729,0.305078387260437,on,capture,0.0,0.0,0,0.0,4,4,heading-only,0.0,0,0.04,obstacle,0.06,15,skill.STEP_TROT_MAX,step_up_0p06,0,1,2026-08-31T15:55:22Z,goal,1,TROT,0.9999999999999964,0.0,68,0.0,1,nan,,
--headless --device cpu --params skill.STEP_TROT_MAX --reps 5 --foot-comp on --heading heading-only --results-csv outputs/trot_capture.csv --trace-npz outputs/trace_trot_cap_G.npz --foot-gain capture,,6,step_up,1,3.6954501936665873,0.3050400912761688,on,capture,0.0,0.0,0,0.0,4,4,heading-only,0.0,0,0.04,obstacle,0.08,15,skill.STEP_TROT_MAX,step_up_0p08,0,1,2026-08-31T15:55:22Z,goal,1,TROT,1.0,0.0,68,0.0,1,nan,,
--headless --device cpu --params skill.STEP_TROT_MAX --reps 5 --foot-comp on --heading heading-only --results-csv outputs/trot_capture.csv --trace-npz outputs/trace_trot_cap_G.npz --foot-gain capture,,6,step_up,1,3.685904195655208,0.3051048219203949,on,capture,0.0,0.0,0,0.0,4,4,heading-only,0.0,0,0.04,obstacle,0.1,15,skill.STEP_TROT_MAX,step_up_0p10,0,1,2026-08-31T15:55:22Z,goal,1,TROT,1.0,0.0,68,0.0,1,nan,,
--headless --device cpu --params skill.STEP_TROT_MAX --reps 5 --foot-comp on --heading heading-only --results-csv outputs/trot_capture.csv --trace-npz outputs/trace_trot_cap_G.npz --foot-gain capture,,6,step_up,1,3.6912984027679854,0.3050236403942108,on,capture,0.0,0.0,0,0.0,4,4,heading-only,0.0,0,0.04,obstacle,0.12,15,skill.STEP_TROT_MAX,step_up_0p12,0,1,2026-08-31T15:55:22Z,goal,1,TROT,0.9999999999999982,0.0,68,0.0,1,nan,,
--headless --device cpu --params skill.STEP_TROT_MAX --reps 5 --foot-comp on --heading heading-only --results-csv outputs/trot_capture.csv --trace-npz outputs/trace_trot_cap_G.npz --foot-gain capture,,6,step_up,1,3.691536329038144,0.3050588071346283,on,capture,0.0,0.0,0,0.0,4,4,heading-only,0.0,0,0.04,obstacle,0.14,15,skill.STEP_TROT_MAX,step_up_0p14,0,1,2026-08-31T15:55:22Z,goal,1,TROT,0.9999999999999964,0.0,68,0.0,1,nan,,
--headless --device cpu --params skill.STEP_TROT_MAX --reps 5 --foot-comp on --heading heading-only --results-csv outputs/trot_capture.csv --trace-npz outputs/trace_trot_cap_G.npz --foot-gain capture,,6,step_up,1,3.6929405636399917,0.30493807792663574,on,capture,0.0,0.0,0,0.0,4,4,heading-only,0.0,0,0.04,obstacle,0.16,15,skill.STEP_TROT_MAX,step_up_0p16,0,1,2026-08-31T15:55:22Z,goal,1,TROT,1.0,0.0,68,0.0,1,nan,,
--headless --device cpu --params skill.STEP_TROT_MAX --reps 5 --foot-comp on --heading heading-only --results-csv outputs/trot_capture.csv --trace-npz outputs/trace_trot_cap_G.npz --foot-gain capture,,6,step_up,1,3.6773485772820074,0.30493131279945374,on,capture,0.0,0.0,0,0.0,4,4,heading-only,0.0,0,0.04,obstacle,0.18,15,skill.STEP_TROT_MAX,step_up_0p18,0,1,2026-08-31T15:55:22Z,goal,1,TROT,1.0,0.0,68,0.0,1,nan,,
--headless --device cpu --params skill.STEP_TROT_MAX --reps 5 --foot-comp on --heading heading-only --results-csv outputs/trot_capture.csv --trace-npz outputs/trace_trot_cap_G.npz --foot-gain capture,,6,step_up,1,3.6794953386671354,0.3049478828907013,on,capture,0.0,0.0,0,0.0,4,4,heading-only,0.0,0,0.04,obstacle,0.2,15,skill.STEP_TROT_MAX,step_up_0p20,0,1,2026-08-31T15:55:22Z,goal,1,TROT,0.9999999999999982,0.0,68,0.0,1,nan,,
--headless --device cpu --params skill.STEP_TROT_MAX --reps 5 --foot-comp on --heading heading-only --results-csv outputs/trot_capture.csv --trace-npz outputs/trace_trot_cap_G.npz --foot-gain capture,,6,step_up,1,3.683496208111479,0.3051995635032654,on,capture,0.0,0.0,0,0.0,4,4,heading-only,0.0,0,0.04,obstacle,0.22,15,skill.STEP_TROT_MAX,step_up_0p22,0,1,2026-08-31T15:55:22Z,goal,1,TROT,0.9999999999999964,0.0,68,0.0,1,nan,,
--headless --device cpu --params skill.STEP_TROT_MAX --reps 5 --foot-comp on --heading heading-only --results-csv outputs/trot_capture.csv --trace-npz outputs/trace_trot_cap_G.npz --foot-gain capture,,6,step_up,1,3.6827309446811975,0.3050561845302582,on,capture,0.0,0.0,0,0.0,4,4,heading-only,0.0,0,0.04,obstacle,0.24,15,skill.STEP_TROT_MAX,step_up_0p24,0,1,2026-08-31T15:55:22Z,goal,1,TROT,1.0,0.0,68,0.0,1,nan,,
--headless --device cpu --params skill.STEP_TROT_MAX --reps 5 --foot-comp on --heading heading-only --results-csv outputs/trot_capture.csv --trace-npz outputs/trace_trot_cap_G.npz --foot-gain capture,,6,step_up,1,3.683295456280518,0.30498751997947693,on,capture,0.0,0.0,0,0.0,4,4,heading-only,0.0,0,0.04,obstacle,0.26,15,skill.STEP_TROT_MAX,step_up_0p26,0,1,2026-08-31T15:55:22Z,goal,1,TROT,1.0,0.0,68,0.0,1,nan,,
--headless --device cpu --params skill.STEP_TROT_MAX --reps 5 --foot-comp on --heading heading-only --results-csv outputs/trot_capture.csv --trace-npz outputs/trace_trot_cap_G.npz --foot-gain capture,,6,step_up,1,3.6871286100817247,0.3050905168056488,on,capture,0.0,0.0,0,0.0,4,4,heading-only,0.0,0,0.04,obstacle,0.28,15,skill.STEP_TROT_MAX,step_up_0p28,0,1,2026-08-31T15:55:22Z,goal,1,TROT,0.9999999999999982,0.0,68,0.0,1,nan,,
--headless --device cpu --params skill.STEP_TROT_MAX --reps 5 --foot-comp on --heading heading-only --results-csv outputs/trot_capture.csv --trace-npz outputs/trace_trot_cap_G.npz --foot-gain capture,,6,step_up,1,3.688497901889932,0.3050049841403961,on,capture,0.0,0.0,0,0.0,4,4,heading-only,0.0,0,0.04,obstacle,0.3,15,skill.STEP_TROT_MAX,step_up_0p30,0,1,2026-08-31T15:55:22Z,goal,1,TROT,0.9999999999999964,0.0,68,0.0,1,nan,,
--headless --device cpu --params skill.STEP_TROT_MAX --reps 5 --foot-comp on --heading heading-only --results-csv outputs/trot_capture.csv --trace-npz outputs/trace_trot_cap_G.npz --foot-gain capture,,13,step_up,1,4.073685250693259,0.3050636947154999,on,capture,0.0,0.0,0,0.0,4,4,heading-only,0.0,0,0.04,obstacle,0.02,15,skill.STEP_TROT_MAX,step_up_0p02,0,2,2026-08-31T15:55:22Z,goal,1,TROT,1.0,0.0,254,0.0,1,nan,,
--headless --device cpu --params skill.STEP_TROT_MAX --reps 5 --foot-comp on --heading heading-only --results-csv outputs/trot_capture.csv --trace-npz outputs/trace_trot_cap_G.npz --foot-gain capture,,13,step_up,1,4.095859223478393,0.30502018332481384,on,capture,0.0,0.0,0,0.0,4,4,heading-only,0.0,0,0.04,obstacle,0.04,15,skill.STEP_TROT_MAX,step_up_0p04,0,2,2026-08-31T15:55:22Z,goal,1,TROT,0.9999999999999982,0.0,254,0.0,1,nan,,
--headless --device cpu --params skill.STEP_TROT_MAX --reps 5 --foot-comp on --heading heading-only --results-csv outputs/trot_capture.csv --trace-npz outputs/trace_trot_cap_G.npz --foot-gain capture,,13,step_up,1,4.306153331546418,0.305078387260437,on,capture,0.0,0.0,0,0.0,4,4,heading-only,0.0,0,0.04,obstacle,0.06,15,skill.STEP_TROT_MAX,step_up_0p06,0,2,2026-08-31T15:55:22Z,goal,1,TROT,0.9999999999999964,0.0,254,0.0,1,nan,,
--headless --device cpu --params skill.STEP_TROT_MAX --reps 5 --foot-comp on --heading heading-only --results-csv outputs/trot_capture.csv --trace-npz outputs/trace_trot_cap_G.npz --foot-gain capture,,13,step_up,1,3.615296561339324,0.3050400912761688,on,capture,0.0,0.0,0,0.0,4,4,heading-only,0.0,0,0.04,obstacle,0.08,15,skill.STEP_TROT_MAX,step_up_0p08,0,2,2026-08-31T15:55:22Z,goal,1,TROT,1.0,0.0,254,0.0,1,nan,,
--headless --device cpu --params skill.STEP_TROT_MAX --reps 5 --foot-comp on --heading heading-only --results-csv outputs/trot_capture.csv --trace-npz outputs/trace_trot_cap_G.npz --foot-gain capture,,13,step_up,1,3.155953918056792,0.3051048219203949,on,capture,0.0,0.0,0,0.0,4,4,heading-only,0.0,0,0.04,obstacle,0.1,15,skill.STEP_TROT_MAX,step_up_0p10,0,2,2026-08-31T15:55:22Z,goal,1,TROT,1.0,0.0,254,0.0,1,nan,,
--headless --device cpu --params skill.STEP_TROT_MAX --reps 5 --foot-comp on --heading heading-only --results-csv outputs/trot_capture.csv --trace-npz outputs/trace_trot_cap_G.npz --foot-gain capture,,13,step_up,1,3.577827841940408,0.3050236403942108,on,capture,0.0,0.0,0,0.0,4,4,heading-only,0.0,0,0.04,obstacle,0.12,15,skill.STEP_TROT_MAX,step_up_0p12,0,2,2026-08-31T15:55:22Z,goal,1,TROT,0.9999999999999982,0.0,254,0.0,1,nan,,
--headless --device cpu --params skill.STEP_TROT_MAX --reps 5 --foot-comp on --heading heading-only --results-csv outputs/trot_capture.csv --trace-npz outputs/trace_trot_cap_G.npz --foot-gain capture,,13,step_up,1,4.087712586813182,0.3050588071346283,on,capture,0.0,0.0,0,0.0,4,4,heading-only,0.0,0,0.04,obstacle,0.14,15,skill.STEP_TROT_MAX,step_up_0p14,0,2,2026-08-31T15:55:22Z,goal,1,TROT,0.9999999999999964,0.0,254,0.0,1,nan,,
--headless --device cpu --params skill.STEP_TROT_MAX --reps 5 --foot-comp on --heading heading-only --results-csv outputs/trot_capture.csv --trace-npz outputs/trace_trot_cap_G.npz --foot-gain capture,,13,step_up,1,4.037496282381114,0.30493807792663574,on,capture,0.0,0.0,0,0.0,4,4,heading-only,0.0,0,0.04,obstacle,0.16,15,skill.STEP_TROT_MAX,step_up_0p16,0,2,2026-08-31T15:55:22Z,goal,1,TROT,1.0,0.0,254,0.0,1,nan,,
--headless --device cpu --params skill.STEP_TROT_MAX --reps 5 --foot-comp on --heading heading-only --results-csv outputs/trot_capture.csv --trace-npz outputs/trace_trot_cap_G.npz --foot-gain capture,,13,step_up,1,4.4098158563429095,0.30493131279945374,on,capture,0.0,0.0,0,0.0,4,4,heading-only,0.0,0,0.04,obstacle,0.18,15,skill.STEP_TROT_MAX,step_up_0p18,0,2,2026-08-31T15:55:22Z,goal,1,TROT,1.0,0.0,254,0.0,1,nan,,
--headless --device cpu --params skill.STEP_TROT_MAX --reps 5 --foot-comp on --heading heading-only --results-csv outputs/trot_capture.csv --trace-npz outputs/trace_trot_cap_G.npz --foot-gain capture,,13,step_up,1,4.088842815029834,0.3049478828907013,on,capture,0.0,0.0,0,0.0,4,4,heading-only,0.0,0,0.04,obstacle,0.2,15,skill.STEP_TROT_MAX,step_up_0p20,0,2,2026-08-31T15:55:22Z,goal,1,TROT,0.9999999999999982,0.0,254,0.0,1,nan,,
--headless --device cpu --params skill.STEP_TROT_MAX --reps 5 --foot-comp on --heading heading-only --results-csv outputs/trot_capture.csv --trace-npz outputs/trace_trot_cap_G.npz --foot-gain capture,,13,step_up,1,4.079182742493355,0.3051995635032654,on,capture,0.0,0.0,0,0.0,4,4,heading-only,0.0,0,0.04,obstacle,0.22,15,skill.STEP_TROT_MAX,step_up_0p22,0,2,2026-08-31T15:55:22Z,goal,1,TROT,0.9999999999999964,0.0,254,0.0,1,nan,,
--headless --device cpu --params skill.STEP_TROT_MAX --reps 5 --foot-comp on --heading heading-only --results-csv outputs/trot_capture.csv --trace-npz outputs/trace_trot_cap_G.npz --foot-gain capture,,13,step_up,1,4.11994875373313,0.3050561845302582,on,capture,0.0,0.0,0,0.0,4,4,heading-only,0.0,0,0.04,obstacle,0.24,15,skill.STEP_TROT_MAX,step_up_0p24,0,2,2026-08-31T15:55:22Z,goal,1,TROT,1.0,0.0,254,0.0,1,nan,,
--headless --device cpu --params skill.STEP_TROT_MAX --reps 5 --foot-comp on --heading heading-only --results-csv outputs/trot_capture.csv --trace-npz outputs/trace_trot_cap_G.npz --foot-gain capture,,13,step_up,1,4.085618717308664,0.30498751997947693,on,capture,0.0,0.0,0,0.0,4,4,heading-only,0.0,0,0.04,obstacle,0.26,15,skill.STEP_TROT_MAX,step_up_0p26,0,2,2026-08-31T15:55:22Z,goal,1,TROT,1.0,0.0,254,0.0,1,nan,,
--headless --device cpu --params skill.STEP_TROT_MAX --reps 5 --foot-comp on --heading heading-only --results-csv outputs/trot_capture.csv --trace-npz outputs/trace_trot_cap_G.npz --foot-gain capture,,13,step_up,1,4.021732105095306,0.3050905168056488,on,capture,0.0,0.0,0,0.0,4,4,heading-only,0.0,0,0.04,obstacle,0.28,15,skill.STEP_TROT_MAX,step_up_0p28,0,2,2026-08-31T15:55:22Z,goal,1,TROT,0.9999999999999982,0.0,254,0.0,1,nan,,
--headless --device cpu --params skill.STEP_TROT_MAX --reps 5 --foot-comp on --heading heading-only --results-csv outputs/trot_capture.csv --trace-npz outputs/trace_trot_cap_G.npz --foot-gain capture,,13,step_up,1,4.366355322793109,0.3050049841403961,on,capture,0.0,0.0,0,0.0,4,4,heading-only,0.0,0,0.04,obstacle,0.3,15,skill.STEP_TROT_MAX,step_up_0p30,0,2,2026-08-31T15:55:22Z,goal,1,TROT,0.9999999999999964,0.0,254,0.0,1,nan,,
--headless --device cpu --params skill.STEP_TROT_MAX --reps 5 --foot-comp on --heading heading-only --results-csv outputs/trot_capture.csv --trace-npz outputs/trace_trot_cap_G.npz --foot-gain capture,,19,step_up,1,4.195478607269765,0.3050636947154999,on,capture,0.0,0.0,0,0.0,4,4,heading-only,0.0,0,0.04,obstacle,0.02,15,skill.STEP_TROT_MAX,step_up_0p02,0,3,2026-08-31T15:55:22Z,goal,1,TROT,1.0,0.0,83,0.0,1,nan,,
--headless --device cpu --params skill.STEP_TROT_MAX --reps 5 --foot-comp on --heading heading-only --results-csv outputs/trot_capture.csv --trace-npz outputs/trace_trot_cap_G.npz --foot-gain capture,,19,step_up,1,4.198285415811899,0.30502018332481384,on,capture,0.0,0.0,0,0.0,4,4,heading-only,0.0,0,0.04,obstacle,0.04,15,skill.STEP_TROT_MAX,step_up_0p04,0,3,2026-08-31T15:55:22Z,goal,1,TROT,0.9999999999999982,0.0,83,0.0,1,nan,,
--headless --device cpu --params skill.STEP_TROT_MAX --reps 5 --foot-comp on --heading heading-only --results-csv outputs/trot_capture.csv --trace-npz outputs/trace_trot_cap_G.npz --foot-gain capture,,19,step_up,1,4.194818640421848,0.305078387260437,on,capture,0.0,0.0,0,0.0,4,4,heading-only,0.0,0,0.04,obstacle,0.06,15,skill.STEP_TROT_MAX,step_up_0p06,0,3,2026-08-31T15:55:22Z,goal,1,TROT,0.9999999999999964,0.0,83,0.0,1,nan,,
--headless --device cpu --params skill.STEP_TROT_MAX --reps 5 --foot-comp on --heading heading-only --results-csv outputs/trot_capture.csv --trace-npz outputs/trace_trot_cap_G.npz --foot-gain capture,,19,step_up,1,4.198801846784079,0.3050400912761688,on,capture,0.0,0.0,0,0.0,4,4,heading-only,0.0,0,0.04,obstacle,0.08,15,skill.STEP_TROT_MAX,step_up_0p08,0,3,2026-08-31T15:55:22Z,goal,1,TROT,1.0,0.0,83,0.0,1,nan,,
--headless --device cpu --params skill.STEP_TROT_MAX --reps 5 --foot-comp on --heading heading-only --results-csv outputs/trot_capture.csv --trace-npz outputs/trace_trot_cap_G.npz --foot-gain capture,,19,step_up,1,4.201332211801704,0.3051048219203949,on,capture,0.0,0.0,0,0.0,4,4,heading-only,0.0,0,0.04,obstacle,0.1,15,skill.STEP_TROT_MAX,step_up_0p10,0,3,2026-08-31T15:55:22Z,goal,1,TROT,1.0,0.0,83,0.0,1,nan,,
--headless --device cpu --params skill.STEP_TROT_MAX --reps 5 --foot-comp on --heading heading-only --results-csv outputs/trot_capture.csv --trace-npz outputs/trace_trot_cap_G.npz --foot-gain capture,,19,step_up,1,4.210926247566126,0.3050236403942108,on,capture,0.0,0.0,0,0.0,4,4,heading-only,0.0,0,0.04,obstacle,0.12,15,skill.STEP_TROT_MAX,step_up_0p12,0,3,2026-08-31T15:55:22Z,goal,1,TROT,0.9999999999999982,0.0,83,0.0,1,nan,,
--headless --device cpu --params skill.STEP_TROT_MAX --reps 5 --foot-comp on --heading heading-only --results-csv outputs/trot_capture.csv --trace-npz outputs/trace_trot_cap_G.npz --foot-gain capture,,19,step_up,1,4.220050927068734,0.3050588071346283,on,capture,0.0,0.0,0,0.0,4,4,heading-only,0.0,0,0.04,obstacle,0.14,15,skill.STEP_TROT_MAX,step_up_0p14,0,3,2026-08-31T15:55:22Z,goal,1,TROT,0.9999999999999964,0.0,83,0.0,1,nan,,
--headless --device cpu --params skill.STEP_TROT_MAX --reps 5 --foot-comp on --heading heading-only --results-csv outputs/trot_capture.csv --trace-npz outputs/trace_trot_cap_G.npz --foot-gain capture,,19,step_up,1,4.201766200650204,0.30493807792663574,on,capture,0.0,0.0,0,0.0,4,4,heading-only,0.0,0,0.04,obstacle,0.16,15,skill.STEP_TROT_MAX,step_up_0p16,0,3,2026-08-31T15:55:22Z,goal,1,TROT,1.0,0.0,83,0.0,1,nan,,
--headless --device cpu --params skill.STEP_TROT_MAX --reps 5 --foot-comp on --heading heading-only --results-csv outputs/trot_capture.csv --trace-npz outputs/trace_trot_cap_G.npz --foot-gain capture,,19,step_up,1,4.197181227065875,0.30493131279945374,on,capture,0.0,0.0,0,0.0,4,4,heading-only,0.0,0,0.04,obstacle,0.18,15,skill.STEP_TROT_MAX,step_up_0p18,0,3,2026-08-31T15:55:22Z,goal,1,TROT,1.0,0.0,83,0.0,1,nan,,
--headless --device cpu --params skill.STEP_TROT_MAX --reps 5 --foot-comp on --heading heading-only --results-csv outputs/trot_capture.csv --trace-npz outputs/trace_trot_cap_G.npz --foot-gain capture,,19,step_up,1,4.20730109726615,0.3049478828907013,on,capture,0.0,0.0,0,0.0,4,4,heading-only,0.0,0,0.04,obstacle,0.2,15,skill.STEP_TROT_MAX,step_up_0p20,0,3,2026-08-31T15:55:22Z,goal,1,TROT,0.9999999999999982,0.0,83,0.0,1,nan,,
--headless --device cpu --params skill.STEP_TROT_MAX --reps 5 --foot-comp on --heading heading-only --results-csv outputs/trot_capture.csv --trace-npz outputs/trace_trot_cap_G.npz --foot-gain capture,,19,step_up,1,4.200597999542699,0.3051995635032654,on,capture,0.0,0.0,0,0.0,4,4,heading-only,0.0,0,0.04,obstacle,0.22,15,skill.STEP_TROT_MAX,step_up_0p22,0,3,2026-08-31T15:55:22Z,goal,1,TROT,0.9999999999999964,0.0,83,0.0,1,nan,,
--headless --device cpu --params skill.STEP_TROT_MAX --reps 5 --foot-comp on --heading heading-only --results-csv outputs/trot_capture.csv --trace-npz outputs/trace_trot_cap_G.npz --foot-gain capture,,19,step_up,1,4.2047072975454824,0.3050561845302582,on,capture,0.0,0.0,0,0.0,4,4,heading-only,0.0,0,0.04,obstacle,0.24,15,skill.STEP_TROT_MAX,step_up_0p24,0,3,2026-08-31T15:55:22Z,goal,1,TROT,1.0,0.0,83,0.0,1,nan,,
--headless --device cpu --params skill.STEP_TROT_MAX --reps 5 --foot-comp on --heading heading-only --results-csv outputs/trot_capture.csv --trace-npz outputs/trace_trot_cap_G.npz --foot-gain capture,,19,step_up,1,4.200627804384938,0.30498751997947693,on,capture,0.0,0.0,0,0.0,4,4,heading-only,0.0,0,0.04,obstacle,0.26,15,skill.STEP_TROT_MAX,step_up_0p26,0,3,2026-08-31T15:55:22Z,goal,1,TROT,1.0,0.0,83,0.0,1,nan,,
--headless --device cpu --params skill.STEP_TROT_MAX --reps 5 --foot-comp on --heading heading-only --results-csv outputs/trot_capture.csv --trace-npz outputs/trace_trot_cap_G.npz --foot-gain capture,,19,step_up,1,4.214916326851475,0.3050905168056488,on,capture,0.0,0.0,0,0.0,4,4,heading-only,0.0,0,0.04,obstacle,0.28,15,skill.STEP_TROT_MAX,step_up_0p28,0,3,2026-08-31T15:55:22Z,goal,1,TROT,0.9999999999999982,0.0,83,0.0,1,nan,,
--headless --device cpu --params skill.STEP_TROT_MAX --reps 5 --foot-comp on --heading heading-only --results-csv outputs/trot_capture.csv --trace-npz outputs/trace_trot_cap_G.npz --foot-gain capture,,19,step_up,1,4.2033002165259274,0.3050049841403961,on,capture,0.0,0.0,0,0.0,4,4,heading-only,0.0,0,0.04,obstacle,0.3,15,skill.STEP_TROT_MAX,step_up_0p30,0,3,2026-08-31T15:55:22Z,goal,1,TROT,0.9999999999999964,0.0,83,0.0,1,nan,,
--headless --device cpu --params skill.STEP_TROT_MAX --reps 5 --foot-comp on --heading heading-only --results-csv outputs/trot_capture.csv --trace-npz outputs/trace_trot_cap_G.npz --foot-gain capture,,26,step_up,1,4.287378087575608,0.3050636947154999,on,capture,0.0,0.0,0,0.0,4,4,heading-only,0.0,0,0.04,obstacle,0.02,15,skill.STEP_TROT_MAX,step_up_0p02,0,4,2026-08-31T15:55:22Z,goal,1,TROT,1.0,0.0,58,0.0,1,nan,,
--headless --device cpu --params skill.STEP_TROT_MAX --reps 5 --foot-comp on --heading heading-only --results-csv outputs/trot_capture.csv --trace-npz outputs/trace_trot_cap_G.npz --foot-gain capture,,26,step_up,1,4.289337580308081,0.30502018332481384,on,capture,0.0,0.0,0,0.0,4,4,heading-only,0.0,0,0.04,obstacle,0.04,15,skill.STEP_TROT_MAX,step_up_0p04,0,4,2026-08-31T15:55:22Z,goal,1,TROT,0.9999999999999982,0.0,58,0.0,1,nan,,
--headless --device cpu --params skill.STEP_TROT_MAX --reps 5 --foot-comp on --heading heading-only --results-csv outputs/trot_capture.csv --trace-npz outputs/trace_trot_cap_G.npz --foot-gain capture,,26,step_up,1,4.290591481070482,0.305078387260437,on,capture,0.0,0.0,0,0.0,4,4,heading-only,0.0,0,0.04,obstacle,0.06,15,skill.STEP_TROT_MAX,step_up_0p06,0,4,2026-08-31T15:55:22Z,goal,1,TROT,0.9999999999999964,0.0,58,0.0,1,nan,,
--headless --device cpu --params skill.STEP_TROT_MAX --reps 5 --foot-comp on --heading heading-only --results-csv outputs/trot_capture.csv --trace-npz outputs/trace_trot_cap_G.npz --foot-gain capture,,26,step_up,1,4.294773226955879,0.3050400912761688,on,capture,0.0,0.0,0,0.0,4,4,heading-only,0.0,0,0.04,obstacle,0.08,15,skill.STEP_TROT_MAX,step_up_0p08,0,4,2026-08-31T15:55:22Z,goal,1,TROT,1.0,0.0,58,0.0,1,nan,,
--headless --device cpu --params skill.STEP_TROT_MAX --reps 5 --foot-comp on --heading heading-only --results-csv outputs/trot_capture.csv --trace-npz outputs/trace_trot_cap_G.npz --foot-gain capture,,26,step_up,1,4.282803638922437,0.3051048219203949,on,capture,0.0,0.0,0,0.0,4,4,heading-only,0.0,0,0.04,obstacle,0.1,15,skill.STEP_TROT_MAX,step_up_0p10,0,4,2026-08-31T15:55:22Z,goal,1,TROT,1.0,0.0,58,0.0,1,nan,,
--headless --device cpu --params skill.STEP_TROT_MAX --reps 5 --foot-comp on --heading heading-only --results-csv outputs/trot_capture.csv --trace-npz outputs/trace_trot_cap_G.npz --foot-gain capture,,26,step_up,1,4.283770438443095,0.3050236403942108,on,capture,0.0,0.0,0,0.0,4,4,heading-only,0.0,0,0.04,obstacle,0.12,15,skill.STEP_TROT_MAX,step_up_0p12,0,4,2026-08-31T15:55:22Z,goal,1,TROT,0.9999999999999982,0.0,58,0.0,1,nan,,
--headless --device cpu --params skill.STEP_TROT_MAX --reps 5 --foot-comp on --heading heading-only --results-csv outputs/trot_capture.csv --trace-npz outputs/trace_trot_cap_G.npz --foot-gain capture,,26,step_up,1,4.28581287630033,0.3050588071346283,on,capture,0.0,0.0,0,0.0,4,4,heading-only,0.0,0,0.04,obstacle,0.14,15,skill.STEP_TROT_MAX,step_up_0p14,0,4,2026-08-31T15:55:22Z,goal,1,TROT,0.9999999999999964,0.0,58,0.0,1,nan,,
--headless --device cpu --params skill.STEP_TROT_MAX --reps 5 --foot-comp on --heading heading-only --results-csv outputs/trot_capture.csv --trace-npz outputs/trace_trot_cap_G.npz --foot-gain capture,,26,step_up,1,4.287727406767697,0.30493807792663574,on,capture,0.0,0.0,0,0.0,4,4,heading-only,0.0,0,0.04,obstacle,0.16,15,skill.STEP_TROT_MAX,step_up_0p16,0,4,2026-08-31T15:55:22Z,goal,1,TROT,1.0,0.0,58,0.0,1,nan,,
--headless --device cpu --params skill.STEP_TROT_MAX --reps 5 --foot-comp on --heading heading-only --results-csv outputs/trot_capture.csv --trace-npz outputs/trace_trot_cap_G.npz --foot-gain capture,,26,step_up,1,4.289503096589364,0.30493131279945374,on,capture,0.0,0.0,0,0.0,4,4,heading-only,0.0,0,0.04,obstacle,0.18,15,skill.STEP_TROT_MAX,step_up_0p18,0,4,2026-08-31T15:55:22Z,goal,1,TROT,1.0,0.0,58,0.0,1,nan,,
--headless --device cpu --params skill.STEP_TROT_MAX --reps 5 --foot-comp on --heading heading-only --results-csv outputs/trot_capture.csv --trace-npz outputs/trace_trot_cap_G.npz --foot-gain capture,,26,step_up,1,4.292505571498024,0.3049478828907013,on,capture,0.0,0.0,0,0.0,4,4,heading-only,0.0,0,0.04,obstacle,0.2,15,skill.STEP_TROT_MAX,step_up_0p20,0,4,2026-08-31T15:55:22Z,goal,1,TROT,0.9999999999999982,0.0,58,0.0,1,nan,,
--headless --device cpu --params skill.STEP_TROT_MAX --reps 5 --foot-comp on --heading heading-only --results-csv outputs/trot_capture.csv --trace-npz outputs/trace_trot_cap_G.npz --foot-gain capture,,26,step_up,1,4.299041965580367,0.3051995635032654,on,capture,0.0,0.0,0,0.0,4,4,heading-only,0.0,0,0.04,obstacle,0.22,15,skill.STEP_TROT_MAX,step_up_0p22,0,4,2026-08-31T15:55:22Z,goal,1,TROT,0.9999999999999964,0.0,58,0.0,1,nan,,
--headless --device cpu --params skill.STEP_TROT_MAX --reps 5 --foot-comp on --heading heading-only --results-csv outputs/trot_capture.csv --trace-npz outputs/trace_trot_cap_G.npz --foot-gain capture,,26,step_up,1,4.289823067021867,0.3050561845302582,on,capture,0.0,0.0,0,0.0,4,4,heading-only,0.0,0,0.04,obstacle,0.24,15,skill.STEP_TROT_MAX,step_up_0p24,0,4,2026-08-31T15:55:22Z,goal,1,TROT,1.0,0.0,58,0.0,1,nan,,
--headless --device cpu --params skill.STEP_TROT_MAX --reps 5 --foot-comp on --heading heading-only --results-csv outputs/trot_capture.csv --trace-npz outputs/trace_trot_cap_G.npz --foot-gain capture,,26,step_up,1,4.287785071758244,0.30498751997947693,on,capture,0.0,0.0,0,0.0,4,4,heading-only,0.0,0,0.04,obstacle,0.26,15,skill.STEP_TROT_MAX,step_up_0p26,0,4,2026-08-31T15:55:22Z,goal,1,TROT,1.0,0.0,58,0.0,1,nan,,
--headless --device cpu --params skill.STEP_TROT_MAX --reps 5 --foot-comp on --heading heading-only --results-csv outputs/trot_capture.csv --trace-npz outputs/trace_trot_cap_G.npz --foot-gain capture,,26,step_up,1,4.287635161424053,0.3050905168056488,on,capture,0.0,0.0,0,0.0,4,4,heading-only,0.0,0,0.04,obstacle,0.28,15,skill.STEP_TROT_MAX,step_up_0p28,0,4,2026-08-31T15:55:22Z,goal,1,TROT,0.9999999999999982,0.0,58,0.0,1,nan,,
--headless --device cpu --params skill.STEP_TROT_MAX --reps 5 --foot-comp on --heading heading-only --results-csv outputs/trot_capture.csv --trace-npz outputs/trace_trot_cap_G.npz --foot-gain capture,,26,step_up,1,4.292177958205558,0.3050049841403961,on,capture,0.0,0.0,0,0.0,4,4,heading-only,0.0,0,0.04,obstacle,0.3,15,skill.STEP_TROT_MAX,step_up_0p30,0,4,2026-08-31T15:55:22Z,goal,1,TROT,0.9999999999999964,0.0,58,0.0,1,nan,,
--headless --device cpu --params skill.STEP_TROT_MAX --reps 5 --foot-comp on --heading heading-only --results-csv outputs/trot_capture.csv --trace-npz outputs/trace_trot_cap_V.npz --foot-vy-avg-n 20,,0,step_up,1,1.7110621297591662,,on,half-stance,0.0,0.0,20,0.0,4,4,heading-only,0.0,0,0.04,obstacle,0.02,15,skill.STEP_TROT_MAX,step_up_0p02,0,0,2026-08-31T15:56:06Z,goal,1,TROT,1.0,0.0,901,0.0,1,nan,,
--headless --device cpu --params skill.STEP_TROT_MAX --reps 5 --foot-comp on --heading heading-only --results-csv outputs/trot_capture.csv --trace-npz outputs/trace_trot_cap_V.npz --foot-vy-avg-n 20,,0,step_up,1,1.419755634342749,,on,half-stance,0.0,0.0,20,0.0,4,4,heading-only,0.0,0,0.04,obstacle,0.04,15,skill.STEP_TROT_MAX,step_up_0p04,0,0,2026-08-31T15:56:06Z,goal,1,TROT,0.9999999999999982,0.0,901,0.0,1,nan,,
--headless --device cpu --params skill.STEP_TROT_MAX --reps 5 --foot-comp on --heading heading-only --results-csv outputs/trot_capture.csv --trace-npz outputs/trace_trot_cap_V.npz --foot-vy-avg-n 20,,0,step_up,1,1.994385644358014,,on,half-stance,0.0,0.0,20,0.0,4,4,heading-only,0.0,0,0.04,obstacle,0.06,15,skill.STEP_TROT_MAX,step_up_0p06,0,0,2026-08-31T15:56:06Z,goal,1,TROT,0.9999999999999964,0.0,901,0.0,1,nan,,
--headless --device cpu --params skill.STEP_TROT_MAX --reps 5 --foot-comp on --heading heading-only --results-csv outputs/trot_capture.csv --trace-npz outputs/trace_trot_cap_V.npz --foot-vy-avg-n 20,,0,step_up,1,1.8643205616873355,,on,half-stance,0.0,0.0,20,0.0,4,4,heading-only,0.0,0,0.04,obstacle,0.08,15,skill.STEP_TROT_MAX,step_up_0p08,0,0,2026-08-31T15:56:06Z,goal,1,TROT,1.0,0.0,901,0.0,1,nan,,
--headless --device cpu --params skill.STEP_TROT_MAX --reps 5 --foot-comp on --heading heading-only --results-csv outputs/trot_capture.csv --trace-npz outputs/trace_trot_cap_V.npz --foot-vy-avg-n 20,,0,step_up,1,1.9597225526309432,,on,half-stance,0.0,0.0,20,0.0,4,4,heading-only,0.0,0,0.04,obstacle,0.1,15,skill.STEP_TROT_MAX,step_up_0p10,0,0,2026-08-31T15:56:06Z,goal,1,TROT,1.0,0.0,901,0.0,1,nan,,
--headless --device cpu --params skill.STEP_TROT_MAX --reps 5 --foot-comp on --heading heading-only --results-csv outputs/trot_capture.csv --trace-npz outputs/trace_trot_cap_V.npz --foot-vy-avg-n 20,,0,step_up,0,0.9911417798360251,,on,half-stance,0.0,0.0,20,0.0,4,4,heading-only,0.0,0,0.04,obstacle,0.12,15,skill.STEP_TROT_MAX,step_up_0p12,0,0,2026-08-31T15:56:06Z,goal,1,TROT,0.9999999999999982,0.0,901,0.0,1,nan,,
--headless --device cpu --params skill.STEP_TROT_MAX --reps 5 --foot-comp on --heading heading-only --results-csv outputs/trot_capture.csv --trace-npz outputs/trace_trot_cap_V.npz --foot-vy-avg-n 20,,0,step_up,0,1.2982608159744533,,on,half-stance,0.0,0.0,20,0.0,4,4,heading-only,0.0,0,0.04,obstacle,0.14,15,skill.STEP_TROT_MAX,step_up_0p14,0,0,2026-08-31T15:56:06Z,goal,1,TROT,0.9999999999999964,0.0,901,0.0,1,nan,,
--headless --device cpu --params skill.STEP_TROT_MAX --reps 5 --foot-comp on --heading heading-only --results-csv outputs/trot_capture.csv --trace-npz outputs/trace_trot_cap_V.npz --foot-vy-avg-n 20,,0,step_up,1,1.8999348921921002,,on,half-stance,0.0,0.0,20,0.0,4,4,heading-only,0.0,0,0.04,obstacle,0.16,15,skill.STEP_TROT_MAX,step_up_0p16,0,0,2026-08-31T15:56:06Z,goal,1,TROT,1.0,0.0,901,0.0,1,nan,,
--headless --device cpu --params skill.STEP_TROT_MAX --reps 5 --foot-comp on --heading heading-only --results-csv outputs/trot_capture.csv --trace-npz outputs/trace_trot_cap_V.npz --foot-vy-avg-n 20,,0,step_up,1,1.8414509122323324,,on,half-stance,0.0,0.0,20,0.0,4,4,heading-only,0.0,0,0.04,obstacle,0.18,15,skill.STEP_TROT_MAX,step_up_0p18,0,0,2026-08-31T15:56:06Z,goal,1,TROT,1.0,0.0,901,0.0,1,nan,,
--headless --device cpu --params skill.STEP_TROT_MAX --reps 5 --foot-comp on --heading heading-only --results-csv outputs/trot_capture.csv --trace-npz outputs/trace_trot_cap_V.npz --foot-vy-avg-n 20,,0,step_up,1,1.9721105055898258,,on,half-stance,0.0,0.0,20,0.0,4,4,heading-only,0.0,0,0.04,obstacle,0.2,15,skill.STEP_TROT_MAX,step_up_0p20,0,0,2026-08-31T15:56:06Z,goal,1,TROT,0.9999999999999982,0.0,901,0.0,1,nan,,
--headless --device cpu --params skill.STEP_TROT_MAX --reps 5 --foot-comp on --heading heading-only --results-csv outputs/trot_capture.csv --trace-npz outputs/trace_trot_cap_V.npz --foot-vy-avg-n 20,,0,step_up,1,2.1824403001108204,,on,half-stance,0.0,0.0,20,0.0,4,4,heading-only,0.0,0,0.04,obstacle,0.22,15,skill.STEP_TROT_MAX,step_up_0p22,0,0,2026-08-31T15:56:06Z,goal,1,TROT,0.9999999999999964,0.0,901,0.0,1,nan,,
--headless --device cpu --params skill.STEP_TROT_MAX --reps 5 --foot-comp on --heading heading-only --results-csv outputs/trot_capture.csv --trace-npz outputs/trace_trot_cap_V.npz --foot-vy-avg-n 20,,0,step_up,1,2.1561837325039885,,on,half-stance,0.0,0.0,20,0.0,4,4,heading-only,0.0,0,0.04,obstacle,0.24,15,skill.STEP_TROT_MAX,step_up_0p24,0,0,2026-08-31T15:56:06Z,goal,1,TROT,1.0,0.0,901,0.0,1,nan,,
--headless --device cpu --params skill.STEP_TROT_MAX --reps 5 --foot-comp on --heading heading-only --results-csv outputs/trot_capture.csv --trace-npz outputs/trace_trot_cap_V.npz --foot-vy-avg-n 20,,0,step_up,1,2.071538850717081,,on,half-stance,0.0,0.0,20,0.0,4,4,heading-only,0.0,0,0.04,obstacle,0.26,15,skill.STEP_TROT_MAX,step_up_0p26,0,0,2026-08-31T15:56:06Z,goal,1,TROT,1.0,0.0,901,0.0,1,nan,,
--headless --device cpu --params skill.STEP_TROT_MAX --reps 5 --foot-comp on --heading heading-only --results-csv outputs/trot_capture.csv --trace-npz outputs/trace_trot_cap_V.npz --foot-vy-avg-n 20,,0,step_up,1,2.194856429349001,,on,half-stance,0.0,0.0,20,0.0,4,4,heading-only,0.0,0,0.04,obstacle,0.28,15,skill.STEP_TROT_MAX,step_up_0p28,0,0,2026-08-31T15:56:06Z,goal,1,TROT,0.9999999999999982,0.0,901,0.0,1,nan,,
--headless --device cpu --params skill.STEP_TROT_MAX --reps 5 --foot-comp on --heading heading-only --results-csv outputs/trot_capture.csv --trace-npz outputs/trace_trot_cap_V.npz --foot-vy-avg-n 20,,0,step_up,1,2.03332250095508,,on,half-stance,0.0,0.0,20,0.0,4,4,heading-only,0.0,0,0.04,obstacle,0.3,15,skill.STEP_TROT_MAX,step_up_0p30,0,0,2026-08-31T15:56:06Z,goal,1,TROT,0.9999999999999964,0.0,901,0.0,1,nan,,
--headless --device cpu --params skill.STEP_TROT_MAX --reps 5 --foot-comp on --heading heading-only --results-csv outputs/trot_capture.csv --trace-npz outputs/trace_trot_cap_V.npz --foot-vy-avg-n 20,,6,step_up,1,3.6797339868430674,,on,half-stance,0.0,0.0,20,0.0,4,4,heading-only,0.0,0,0.04,obstacle,0.02,15,skill.STEP_TROT_MAX,step_up_0p02,0,1,2026-08-31T15:56:06Z,goal,1,TROT,1.0,0.0,68,0.0,1,nan,,
--headless --device cpu --params skill.STEP_TROT_MAX --reps 5 --foot-comp on --heading heading-only --results-csv outputs/trot_capture.csv --trace-npz outputs/trace_trot_cap_V.npz --foot-vy-avg-n 20,,6,step_up,1,3.6826042948958992,,on,half-stance,0.0,0.0,20,0.0,4,4,heading-only,0.0,0,0.04,obstacle,0.04,15,skill.STEP_TROT_MAX,step_up_0p04,0,1,2026-08-31T15:56:06Z,goal,1,TROT,0.9999999999999982,0.0,68,0.0,1,nan,,
--headless --device cpu --params skill.STEP_TROT_MAX --reps 5 --foot-comp on --heading heading-only --results-csv outputs/trot_capture.csv --trace-npz outputs/trace_trot_cap_V.npz --foot-vy-avg-n 20,,6,step_up,1,3.68102382754158,,on,half-stance,0.0,0.0,20,0.0,4,4,heading-only,0.0,0,0.04,obstacle,0.06,15,skill.STEP_TROT_MAX,step_up_0p06,0,1,2026-08-31T15:56:06Z,goal,1,TROT,0.9999999999999964,0.0,68,0.0,1,nan,,
--headless --device cpu --params skill.STEP_TROT_MAX --reps 5 --foot-comp on --heading heading-only --results-csv outputs/trot_capture.csv --trace-npz outputs/trace_trot_cap_V.npz --foot-vy-avg-n 20,,6,step_up,1,3.6912137432232157,,on,half-stance,0.0,0.0,20,0.0,4,4,heading-only,0.0,0,0.04,obstacle,0.08,15,skill.STEP_TROT_MAX,step_up_0p08,0,1,2026-08-31T15:56:06Z,goal,1,TROT,1.0,0.0,68,0.0,1,nan,,
--headless --device cpu --params skill.STEP_TROT_MAX --reps 5 --foot-comp on --heading heading-only --results-csv outputs/trot_capture.csv --trace-npz outputs/trace_trot_cap_V.npz --foot-vy-avg-n 20,,6,step_up,1,3.678466097212557,,on,half-stance,0.0,0.0,20,0.0,4,4,heading-only,0.0,0,0.04,obstacle,0.1,15,skill.STEP_TROT_MAX,step_up_0p10,0,1,2026-08-31T15:56:06Z,goal,1,TROT,1.0,0.0,68,0.0,1,nan,,
--headless --device cpu --params skill.STEP_TROT_MAX --reps 5 --foot-comp on --heading heading-only --results-csv outputs/trot_capture.csv --trace-npz outputs/trace_trot_cap_V.npz --foot-vy-avg-n 20,,6,step_up,1,3.687732108883461,,on,half-stance,0.0,0.0,20,0.0,4,4,heading-only,0.0,0,0.04,obstacle,0.12,15,skill.STEP_TROT_MAX,step_up_0p12,0,1,2026-08-31T15:56:06Z,goal,1,TROT,0.9999999999999982,0.0,68,0.0,1,nan,,
--headless --device cpu --params skill.STEP_TROT_MAX --reps 5 --foot-comp on --heading heading-only --results-csv outputs/trot_capture.csv --trace-npz outputs/trace_trot_cap_V.npz --foot-vy-avg-n 20,,6,step_up,1,3.6855527567300057,,on,half-stance,0.0,0.0,20,0.0,4,4,heading-only,0.0,0,0.04,obstacle,0.14,15,skill.STEP_TROT_MAX,step_up_0p14,0,1,2026-08-31T15:56:06Z,goal,1,TROT,0.9999999999999964,0.0,68,0.0,1,nan,,
--headless --device cpu --params skill.STEP_TROT_MAX --reps 5 --foot-comp on --heading heading-only --results-csv outputs/trot_capture.csv --trace-npz outputs/trace_trot_cap_V.npz --foot-vy-avg-n 20,,6,step_up,1,3.6961334550898672,,on,half-stance,0.0,0.0,20,0.0,4,4,heading-only,0.0,0,0.04,obstacle,0.16,15,skill.STEP_TROT_MAX,step_up_0p16,0,1,2026-08-31T15:56:06Z,goal,1,TROT,1.0,0.0,68,0.0,1,nan,,
--headless --device cpu --params skill.STEP_TROT_MAX --reps 5 --foot-comp on --heading heading-only --results-csv outputs/trot_capture.csv --trace-npz outputs/trace_trot_cap_V.npz --foot-vy-avg-n 20,,6,step_up,1,3.6816982231146858,,on,half-stance,0.0,0.0,20,0.0,4,4,heading-only,0.0,0,0.04,obstacle,0.18,15,skill.STEP_TROT_MAX,step_up_0p18,0,1,2026-08-31T15:56:06Z,goal,1,TROT,1.0,0.0,68,0.0,1,nan,,
--headless --device cpu --params skill.STEP_TROT_MAX --reps 5 --foot-comp on --heading heading-only --results-csv outputs/trot_capture.csv --trace-npz outputs/trace_trot_cap_V.npz --foot-vy-avg-n 20,,6,step_up,1,3.676643944738953,,on,half-stance,0.0,0.0,20,0.0,4,4,heading-only,0.0,0,0.04,obstacle,0.2,15,skill.STEP_TROT_MAX,step_up_0p20,0,1,2026-08-31T15:56:06Z,goal,1,TROT,0.9999999999999982,0.0,68,0.0,1,nan,,
--headless --device cpu --params skill.STEP_TROT_MAX --reps 5 --foot-comp on --heading heading-only --results-csv outputs/trot_capture.csv --trace-npz outputs/trace_trot_cap_V.npz --foot-vy-avg-n 20,,6,step_up,1,3.6883923734828663,,on,half-stance,0.0,0.0,20,0.0,4,4,heading-only,0.0,0,0.04,obstacle,0.22,15,skill.STEP_TROT_MAX,step_up_0p22,0,1,2026-08-31T15:56:06Z,goal,1,TROT,0.9999999999999964,0.0,68,0.0,1,nan,,
--headless --device cpu --params skill.STEP_TROT_MAX --reps 5 --foot-comp on --heading heading-only --results-csv outputs/trot_capture.csv --trace-npz outputs/trace_trot_cap_V.npz --foot-vy-avg-n 20,,6,step_up,1,3.686992322964105,,on,half-stance,0.0,0.0,20,0.0,4,4,heading-only,0.0,0,0.04,obstacle,0.24,15,skill.STEP_TROT_MAX,step_up_0p24,0,1,2026-08-31T15:56:06Z,goal,1,TROT,1.0,0.0,68,0.0,1,nan,,
--headless --device cpu --params skill.STEP_TROT_MAX --reps 5 --foot-comp on --heading heading-only --results-csv outputs/trot_capture.csv --trace-npz outputs/trace_trot_cap_V.npz --foot-vy-avg-n 20,,6,step_up,1,3.680339311289859,,on,half-stance,0.0,0.0,20,0.0,4,4,heading-only,0.0,0,0.04,obstacle,0.26,15,skill.STEP_TROT_MAX,step_up_0p26,0,1,2026-08-31T15:56:06Z,goal,1,TROT,1.0,0.0,68,0.0,1,nan,,
--headless --device cpu --params skill.STEP_TROT_MAX --reps 5 --foot-comp on --heading heading-only --results-csv outputs/trot_capture.csv --trace-npz outputs/trace_trot_cap_V.npz --foot-vy-avg-n 20,,6,step_up,1,3.6807556550910223,,on,half-stance,0.0,0.0,20,0.0,4,4,heading-only,0.0,0,0.04,obstacle,0.28,15,skill.STEP_TROT_MAX,step_up_0p28,0,1,2026-08-31T15:56:06Z,goal,1,TROT,0.9999999999999982,0.0,68,0.0,1,nan,,
--headless --device cpu --params skill.STEP_TROT_MAX --reps 5 --foot-comp on --heading heading-only --results-csv outputs/trot_capture.csv --trace-npz outputs/trace_trot_cap_V.npz --foot-vy-avg-n 20,,6,step_up,1,3.6822708716573676,,on,half-stance,0.0,0.0,20,0.0,4,4,heading-only,0.0,0,0.04,obstacle,0.3,15,skill.STEP_TROT_MAX,step_up_0p30,0,1,2026-08-31T15:56:06Z,goal,1,TROT,0.9999999999999964,0.0,68,0.0,1,nan,,
--headless --device cpu --params skill.STEP_TROT_MAX --reps 5 --foot-comp on --heading heading-only --results-csv outputs/trot_capture.csv --trace-npz outputs/trace_trot_cap_V.npz --foot-vy-avg-n 20,,13,step_up,0,3.721995225133576,,on,half-stance,0.0,0.0,20,0.0,4,4,heading-only,0.0,0,0.04,obstacle,0.02,15,skill.STEP_TROT_MAX,step_up_0p02,0,2,2026-08-31T15:56:06Z,goal,1,TROT,1.0,0.0,901,0.0,1,nan,,
--headless --device cpu --params skill.STEP_TROT_MAX --reps 5 --foot-comp on --heading heading-only --results-csv outputs/trot_capture.csv --trace-npz outputs/trace_trot_cap_V.npz --foot-vy-avg-n 20,,13,step_up,1,4.092481373484653,,on,half-stance,0.0,0.0,20,0.0,4,4,heading-only,0.0,0,0.04,obstacle,0.04,15,skill.STEP_TROT_MAX,step_up_0p04,0,2,2026-08-31T15:56:06Z,goal,1,TROT,0.9999999999999982,0.0,901,0.0,1,nan,,
--headless --device cpu --params skill.STEP_TROT_MAX --reps 5 --foot-comp on --heading heading-only --results-csv outputs/trot_capture.csv --trace-npz outputs/trace_trot_cap_V.npz --foot-vy-avg-n 20,,13,step_up,1,4.304187933219826,,on,half-stance,0.0,0.0,20,0.0,4,4,heading-only,0.0,0,0.04,obstacle,0.06,15,skill.STEP_TROT_MAX,step_up_0p06,0,2,2026-08-31T15:56:06Z,goal,1,TROT,0.9999999999999964,0.0,901,0.0,1,nan,,
--headless --device cpu --params skill.STEP_TROT_MAX --reps 5 --foot-comp on --heading heading-only --results-csv outputs/trot_capture.csv --trace-npz outputs/trace_trot_cap_V.npz --foot-vy-avg-n 20,,13,step_up,1,9.287642254930317,,on,half-stance,0.0,0.0,20,0.0,4,4,heading-only,0.0,0,0.04,obstacle,0.08,15,skill.STEP_TROT_MAX,step_up_0p08,0,2,2026-08-31T15:56:06Z,goal,1,TROT,1.0,0.0,901,0.0,1,nan,,
--headless --device cpu --params skill.STEP_TROT_MAX --reps 5 --foot-comp on --heading heading-only --results-csv outputs/trot_capture.csv --trace-npz outputs/trace_trot_cap_V.npz --foot-vy-avg-n 20,,13,step_up,1,6.536602756526556,,on,half-stance,0.0,0.0,20,0.0,4,4,heading-only,0.0,0,0.04,obstacle,0.1,15,skill.STEP_TROT_MAX,step_up_0p10,0,2,2026-08-31T15:56:06Z,goal,1,TROT,1.0,0.0,901,0.0,1,nan,,
--headless --device cpu --params skill.STEP_TROT_MAX --reps 5 --foot-comp on --heading heading-only --results-csv outputs/trot_capture.csv --trace-npz outputs/trace_trot_cap_V.npz --foot-vy-avg-n 20,,13,step_up,0,3.380914413300041,,on,half-stance,0.0,0.0,20,0.0,4,4,heading-only,0.0,0,0.04,obstacle,0.12,15,skill.STEP_TROT_MAX,step_up_0p12,0,2,2026-08-31T15:56:06Z,goal,1,TROT,0.9999999999999982,0.0,901,0.0,1,nan,,
--headless --device cpu --params skill.STEP_TROT_MAX --reps 5 --foot-comp on --heading heading-only --results-csv outputs/trot_capture.csv --trace-npz outputs/trace_trot_cap_V.npz --foot-vy-avg-n 20,,13,step_up,1,4.098363539083087,,on,half-stance,0.0,0.0,20,0.0,4,4,heading-only,0.0,0,0.04,obstacle,0.14,15,skill.STEP_TROT_MAX,step_up_0p14,0,2,2026-08-31T15:56:06Z,goal,1,TROT,0.9999999999999964,0.0,901,0.0,1,nan,,
--headless --device cpu --params skill.STEP_TROT_MAX --reps 5 --foot-comp on --heading heading-only --results-csv outputs/trot_capture.csv --trace-npz outputs/trace_trot_cap_V.npz --foot-vy-avg-n 20,,13,step_up,1,4.0177883145488575,,on,half-stance,0.0,0.0,20,0.0,4,4,heading-only,0.0,0,0.04,obstacle,0.16,15,skill.STEP_TROT_MAX,step_up_0p16,0,2,2026-08-31T15:56:06Z,goal,1,TROT,1.0,0.0,901,0.0,1,nan,,
--headless --device cpu --params skill.STEP_TROT_MAX --reps 5 --foot-comp on --heading heading-only --results-csv outputs/trot_capture.csv --trace-npz outputs/trace_trot_cap_V.npz --foot-vy-avg-n 20,,13,step_up,1,4.422802510975778,,on,half-stance,0.0,0.0,20,0.0,4,4,heading-only,0.0,0,0.04,obstacle,0.18,15,skill.STEP_TROT_MAX,step_up_0p18,0,2,2026-08-31T15:56:06Z,goal,1,TROT,1.0,0.0,901,0.0,1,nan,,
--headless --device cpu --params skill.STEP_TROT_MAX --reps 5 --foot-comp on --heading heading-only --results-csv outputs/trot_capture.csv --trace-npz outputs/trace_trot_cap_V.npz --foot-vy-avg-n 20,,13,step_up,1,4.110465119052737,,on,half-stance,0.0,0.0,20,0.0,4,4,heading-only,0.0,0,0.04,obstacle,0.2,15,skill.STEP_TROT_MAX,step_up_0p20,0,2,2026-08-31T15:56:06Z,goal,1,TROT,0.9999999999999982,0.0,901,0.0,1,nan,,
--headless --device cpu --params skill.STEP_TROT_MAX --reps 5 --foot-comp on --heading heading-only --results-csv outputs/trot_capture.csv --trace-npz outputs/trace_trot_cap_V.npz --foot-vy-avg-n 20,,13,step_up,1,4.071312755624648,,on,half-stance,0.0,0.0,20,0.0,4,4,heading-only,0.0,0,0.04,obstacle,0.22,15,skill.STEP_TROT_MAX,step_up_0p22,0,2,2026-08-31T15:56:06Z,goal,1,TROT,0.9999999999999964,0.0,901,0.0,1,nan,,
--headless --device cpu --params skill.STEP_TROT_MAX --reps 5 --foot-comp on --heading heading-only --results-csv outputs/trot_capture.csv --trace-npz outputs/trace_trot_cap_V.npz --foot-vy-avg-n 20,,13,step_up,1,4.111547005636,,on,half-stance,0.0,0.0,20,0.0,4,4,heading-only,0.0,0,0.04,obstacle,0.24,15,skill.STEP_TROT_MAX,step_up_0p24,0,2,2026-08-31T15:56:06Z,goal,1,TROT,1.0,0.0,901,0.0,1,nan,,
--headless --device cpu --params skill.STEP_TROT_MAX --reps 5 --foot-comp on --heading heading-only --results-csv outputs/trot_capture.csv --trace-npz outputs/trace_trot_cap_V.npz --foot-vy-avg-n 20,,13,step_up,1,4.103690318020975,,on,half-stance,0.0,0.0,20,0.0,4,4,heading-only,0.0,0,0.04,obstacle,0.26,15,skill.STEP_TROT_MAX,step_up_0p26,0,2,2026-08-31T15:56:06Z,goal,1,TROT,1.0,0.0,901,0.0,1,nan,,
--headless --device cpu --params skill.STEP_TROT_MAX --reps 5 --foot-comp on --heading heading-only --results-csv outputs/trot_capture.csv --trace-npz outputs/trace_trot_cap_V.npz --foot-vy-avg-n 20,,13,step_up,1,4.032732612732497,,on,half-stance,0.0,0.0,20,0.0,4,4,heading-only,0.0,0,0.04,obstacle,0.28,15,skill.STEP_TROT_MAX,step_up_0p28,0,2,2026-08-31T15:56:06Z,goal,1,TROT,0.9999999999999982,0.0,901,0.0,1,nan,,
--headless --device cpu --params skill.STEP_TROT_MAX --reps 5 --foot-comp on --heading heading-only --results-csv outputs/trot_capture.csv --trace-npz outputs/trace_trot_cap_V.npz --foot-vy-avg-n 20,,13,step_up,1,4.398219236415908,,on,half-stance,0.0,0.0,20,0.0,4,4,heading-only,0.0,0,0.04,obstacle,0.3,15,skill.STEP_TROT_MAX,step_up_0p30,0,2,2026-08-31T15:56:06Z,goal,1,TROT,0.9999999999999964,0.0,901,0.0,1,nan,,
--headless --device cpu --params skill.STEP_TROT_MAX --reps 5 --foot-comp on --heading heading-only --results-csv outputs/trot_capture.csv --trace-npz outputs/trace_trot_cap_V.npz --foot-vy-avg-n 20,,19,step_up,1,4.195956005754405,,on,half-stance,0.0,0.0,20,0.0,4,4,heading-only,0.0,0,0.04,obstacle,0.02,15,skill.STEP_TROT_MAX,step_up_0p02,0,3,2026-08-31T15:56:06Z,goal,1,TROT,1.0,0.0,84,0.0,1,nan,,
--headless --device cpu --params skill.STEP_TROT_MAX --reps 5 --foot-comp on --heading heading-only --results-csv outputs/trot_capture.csv --trace-npz outputs/trace_trot_cap_V.npz --foot-vy-avg-n 20,,19,step_up,1,4.185952138157988,,on,half-stance,0.0,0.0,20,0.0,4,4,heading-only,0.0,0,0.04,obstacle,0.04,15,skill.STEP_TROT_MAX,step_up_0p04,0,3,2026-08-31T15:56:06Z,goal,1,TROT,0.9999999999999982,0.0,84,0.0,1,nan,,
--headless --device cpu --params skill.STEP_TROT_MAX --reps 5 --foot-comp on --heading heading-only --results-csv outputs/trot_capture.csv --trace-npz outputs/trace_trot_cap_V.npz --foot-vy-avg-n 20,,19,step_up,1,4.155649469343285,,on,half-stance,0.0,0.0,20,0.0,4,4,heading-only,0.0,0,0.04,obstacle,0.06,15,skill.STEP_TROT_MAX,step_up_0p06,0,3,2026-08-31T15:56:06Z,goal,1,TROT,0.9999999999999964,0.0,84,0.0,1,nan,,
--headless --device cpu --params skill.STEP_TROT_MAX --reps 5 --foot-comp on --heading heading-only --results-csv outputs/trot_capture.csv --trace-npz outputs/trace_trot_cap_V.npz --foot-vy-avg-n 20,,19,step_up,1,4.1607769246921045,,on,half-stance,0.0,0.0,20,0.0,4,4,heading-only,0.0,0,0.04,obstacle,0.08,15,skill.STEP_TROT_MAX,step_up_0p08,0,3,2026-08-31T15:56:06Z,goal,1,TROT,1.0,0.0,84,0.0,1,nan,,
--headless --device cpu --params skill.STEP_TROT_MAX --reps 5 --foot-comp on --heading heading-only --results-csv outputs/trot_capture.csv --trace-npz outputs/trace_trot_cap_V.npz --foot-vy-avg-n 20,,19,step_up,1,4.193765462868412,,on,half-stance,0.0,0.0,20,0.0,4,4,heading-only,0.0,0,0.04,obstacle,0.1,15,skill.STEP_TROT_MAX,step_up_0p10,0,3,2026-08-31T15:56:06Z,goal,1,TROT,1.0,0.0,84,0.0,1,nan,,
--headless --device cpu --params skill.STEP_TROT_MAX --reps 5 --foot-comp on --heading heading-only --results-csv outputs/trot_capture.csv --trace-npz outputs/trace_trot_cap_V.npz --foot-vy-avg-n 20,,19,step_up,1,4.1673316938173794,,on,half-stance,0.0,0.0,20,0.0,4,4,heading-only,0.0,0,0.04,obstacle,0.12,15,skill.STEP_TROT_MAX,step_up_0p12,0,3,2026-08-31T15:56:06Z,goal,1,TROT,0.9999999999999982,0.0,84,0.0,1,nan,,
--headless --device cpu --params skill.STEP_TROT_MAX --reps 5 --foot-comp on --heading heading-only --results-csv outputs/trot_capture.csv --trace-npz outputs/trace_trot_cap_V.npz --foot-vy-avg-n 20,,19,step_up,1,4.153888472626178,,on,half-stance,0.0,0.0,20,0.0,4,4,heading-only,0.0,0,0.04,obstacle,0.14,15,skill.STEP_TROT_MAX,step_up_0p14,0,3,2026-08-31T15:56:06Z,goal,1,TROT,0.9999999999999964,0.0,84,0.0,1,nan,,
--headless --device cpu --params skill.STEP_TROT_MAX --reps 5 --foot-comp on --heading heading-only --results-csv outputs/trot_capture.csv --trace-npz outputs/trace_trot_cap_V.npz --foot-vy-avg-n 20,,19,step_up,1,4.193903426110461,,on,half-stance,0.0,0.0,20,0.0,4,4,heading-only,0.0,0,0.04,obstacle,0.16,15,skill.STEP_TROT_MAX,step_up_0p16,0,3,2026-08-31T15:56:06Z,goal,1,TROT,1.0,0.0,84,0.0,1,nan,,
--headless --device cpu --params skill.STEP_TROT_MAX --reps 5 --foot-comp on --heading heading-only --results-csv outputs/trot_capture.csv --trace-npz outputs/trace_trot_cap_V.npz --foot-vy-avg-n 20,,19,step_up,1,4.177028620906935,,on,half-stance,0.0,0.0,20,0.0,4,4,heading-only,0.0,0,0.04,obstacle,0.18,15,skill.STEP_TROT_MAX,step_up_0p18,0,3,2026-08-31T15:56:06Z,goal,1,TROT,1.0,0.0,84,0.0,1,nan,,
--headless --device cpu --params skill.STEP_TROT_MAX --reps 5 --foot-comp on --heading heading-only --results-csv outputs/trot_capture.csv --trace-npz outputs/trace_trot_cap_V.npz --foot-vy-avg-n 20,,19,step_up,1,4.193384344555778,,on,half-stance,0.0,0.0,20,0.0,4,4,heading-only,0.0,0,0.04,obstacle,0.2,15,skill.STEP_TROT_MAX,step_up_0p20,0,3,2026-08-31T15:56:06Z,goal,1,TROT,0.9999999999999982,0.0,84,0.0,1,nan,,
--headless --device cpu --params skill.STEP_TROT_MAX --reps 5 --foot-comp on --heading heading-only --results-csv outputs/trot_capture.csv --trace-npz outputs/trace_trot_cap_V.npz --foot-vy-avg-n 20,,19,step_up,1,4.157678752258683,,on,half-stance,0.0,0.0,20,0.0,4,4,heading-only,0.0,0,0.04,obstacle,0.22,15,skill.STEP_TROT_MAX,step_up_0p22,0,3,2026-08-31T15:56:06Z,goal,1,TROT,0.9999999999999964,0.0,84,0.0,1,nan,,
--headless --device cpu --params skill.STEP_TROT_MAX --reps 5 --foot-comp on --heading heading-only --results-csv outputs/trot_capture.csv --trace-npz outputs/trace_trot_cap_V.npz --foot-vy-avg-n 20,,19,step_up,1,4.1599569198995265,,on,half-stance,0.0,0.0,20,0.0,4,4,heading-only,0.0,0,0.04,obstacle,0.24,15,skill.STEP_TROT_MAX,step_up_0p24,0,3,2026-08-31T15:56:06Z,goal,1,TROT,1.0,0.0,84,0.0,1,nan,,
--headless --device cpu --params skill.STEP_TROT_MAX --reps 5 --foot-comp on --heading heading-only --results-csv outputs/trot_capture.csv --trace-npz outputs/trace_trot_cap_V.npz --foot-vy-avg-n 20,,19,step_up,1,4.189926130399525,,on,half-stance,0.0,0.0,20,0.0,4,4,heading-only,0.0,0,0.04,obstacle,0.26,15,skill.STEP_TROT_MAX,step_up_0p26,0,3,2026-08-31T15:56:06Z,goal,1,TROT,1.0,0.0,84,0.0,1,nan,,
--headless --device cpu --params skill.STEP_TROT_MAX --reps 5 --foot-comp on --heading heading-only --results-csv outputs/trot_capture.csv --trace-npz outputs/trace_trot_cap_V.npz --foot-vy-avg-n 20,,19,step_up,1,4.190226092554032,,on,half-stance,0.0,0.0,20,0.0,4,4,heading-only,0.0,0,0.04,obstacle,0.28,15,skill.STEP_TROT_MAX,step_up_0p28,0,3,2026-08-31T15:56:06Z,goal,1,TROT,0.9999999999999982,0.0,84,0.0,1,nan,,
--headless --device cpu --params skill.STEP_TROT_MAX --reps 5 --foot-comp on --heading heading-only --results-csv outputs/trot_capture.csv --trace-npz outputs/trace_trot_cap_V.npz --foot-vy-avg-n 20,,19,step_up,1,4.196388014129091,,on,half-stance,0.0,0.0,20,0.0,4,4,heading-only,0.0,0,0.04,obstacle,0.3,15,skill.STEP_TROT_MAX,step_up_0p30,0,3,2026-08-31T15:56:06Z,goal,1,TROT,0.9999999999999964,0.0,84,0.0,1,nan,,
--headless --device cpu --params skill.STEP_TROT_MAX --reps 5 --foot-comp on --heading heading-only --results-csv outputs/trot_capture.csv --trace-npz outputs/trace_trot_cap_V.npz --foot-vy-avg-n 20,,26,step_up,1,4.287829385256352,,on,half-stance,0.0,0.0,20,0.0,4,4,heading-only,0.0,0,0.04,obstacle,0.02,15,skill.STEP_TROT_MAX,step_up_0p02,0,4,2026-08-31T15:56:06Z,goal,1,TROT,1.0,0.0,58,0.0,1,nan,,
--headless --device cpu --params skill.STEP_TROT_MAX --reps 5 --foot-comp on --heading heading-only --results-csv outputs/trot_capture.csv --trace-npz outputs/trace_trot_cap_V.npz --foot-vy-avg-n 20,,26,step_up,1,4.290136940734289,,on,half-stance,0.0,0.0,20,0.0,4,4,heading-only,0.0,0,0.04,obstacle,0.04,15,skill.STEP_TROT_MAX,step_up_0p04,0,4,2026-08-31T15:56:06Z,goal,1,TROT,0.9999999999999982,0.0,58,0.0,1,nan,,
--headless --device cpu --params skill.STEP_TROT_MAX --reps 5 --foot-comp on --heading heading-only --results-csv outputs/trot_capture.csv --trace-npz outputs/trace_trot_cap_V.npz --foot-vy-avg-n 20,,26,step_up,1,4.290843145467917,,on,half-stance,0.0,0.0,20,0.0,4,4,heading-only,0.0,0,0.04,obstacle,0.06,15,skill.STEP_TROT_MAX,step_up_0p06,0,4,2026-08-31T15:56:06Z,goal,1,TROT,0.9999999999999964,0.0,58,0.0,1,nan,,
--headless --device cpu --params skill.STEP_TROT_MAX --reps 5 --foot-comp on --heading heading-only --results-csv outputs/trot_capture.csv --trace-npz outputs/trace_trot_cap_V.npz --foot-vy-avg-n 20,,26,step_up,1,4.296143366758725,,on,half-stance,0.0,0.0,20,0.0,4,4,heading-only,0.0,0,0.04,obstacle,0.08,15,skill.STEP_TROT_MAX,step_up_0p08,0,4,2026-08-31T15:56:06Z,goal,1,TROT,1.0,0.0,58,0.0,1,nan,,
--headless --device cpu --params skill.STEP_TROT_MAX --reps 5 --foot-comp on --heading heading-only --results-csv outputs/trot_capture.csv --trace-npz outputs/trace_trot_cap_V.npz --foot-vy-avg-n 20,,26,step_up,1,4.283631814944567,,on,half-stance,0.0,0.0,20,0.0,4,4,heading-only,0.0,0,0.04,obstacle,0.1,15,skill.STEP_TROT_MAX,step_up_0p10,0,4,2026-08-31T15:56:06Z,goal,1,TROT,1.0,0.0,58,0.0,1,nan,,
--headless --device cpu --params skill.STEP_TROT_MAX --reps 5 --foot-comp on --heading heading-only --results-csv outputs/trot_capture.csv --trace-npz outputs/trace_trot_cap_V.npz --foot-vy-avg-n 20,,26,step_up,1,4.2842522838788355,,on,half-stance,0.0,0.0,20,0.0,4,4,heading-only,0.0,0,0.04,obstacle,0.12,15,skill.STEP_TROT_MAX,step_up_0p12,0,4,2026-08-31T15:56:06Z,goal,1,TROT,0.9999999999999982,0.0,58,0.0,1,nan,,
--headless --device cpu --params skill.STEP_TROT_MAX --reps 5 --foot-comp on --heading heading-only --results-csv outputs/trot_capture.csv --trace-npz outputs/trace_trot_cap_V.npz --foot-vy-avg-n 20,,26,step_up,1,4.286446109600315,,on,half-stance,0.0,0.0,20,0.0,4,4,heading-only,0.0,0,0.04,obstacle,0.14,15,skill.STEP_TROT_MAX,step_up_0p14,0,4,2026-08-31T15:56:06Z,goal,1,TROT,0.9999999999999964,0.0,58,0.0,1,nan,,
--headless --device cpu --params skill.STEP_TROT_MAX --reps 5 --foot-comp on --heading heading-only --results-csv outputs/trot_capture.csv --trace-npz outputs/trace_trot_cap_V.npz --foot-vy-avg-n 20,,26,step_up,1,4.287758938484095,,on,half-stance,0.0,0.0,20,0.0,4,4,heading-only,0.0,0,0.04,obstacle,0.16,15,skill.STEP_TROT_MAX,step_up_0p16,0,4,2026-08-31T15:56:06Z,goal,1,TROT,1.0,0.0,58,0.0,1,nan,,
--headless --device cpu --params skill.STEP_TROT_MAX --reps 5 --foot-comp on --heading heading-only --results-csv outputs/trot_capture.csv --trace-npz outputs/trace_trot_cap_V.npz --foot-vy-avg-n 20,,26,step_up,1,4.291176019027645,,on,half-stance,0.0,0.0,20,0.0,4,4,heading-only,0.0,0,0.04,obstacle,0.18,15,skill.STEP_TROT_MAX,step_up_0p18,0,4,2026-08-31T15:56:06Z,goal,1,TROT,1.0,0.0,58,0.0,1,nan,,
--headless --device cpu --params skill.STEP_TROT_MAX --reps 5 --foot-comp on --heading heading-only --results-csv outputs/trot_capture.csv --trace-npz outputs/trace_trot_cap_V.npz --foot-vy-avg-n 20,,26,step_up,1,4.292852083534124,,on,half-stance,0.0,0.0,20,0.0,4,4,heading-only,0.0,0,0.04,obstacle,0.2,15,skill.STEP_TROT_MAX,step_up_0p20,0,4,2026-08-31T15:56:06Z,goal,1,TROT,0.9999999999999982,0.0,58,0.0,1,nan,,
--headless --device cpu --params skill.STEP_TROT_MAX --reps 5 --foot-comp on --heading heading-only --results-csv outputs/trot_capture.csv --trace-npz outputs/trace_trot_cap_V.npz --foot-vy-avg-n 20,,26,step_up,1,4.298570944959391,,on,half-stance,0.0,0.0,20,0.0,4,4,heading-only,0.0,0,0.04,obstacle,0.22,15,skill.STEP_TROT_MAX,step_up_0p22,0,4,2026-08-31T15:56:06Z,goal,1,TROT,0.9999999999999964,0.0,58,0.0,1,nan,,
--headless --device cpu --params skill.STEP_TROT_MAX --reps 5 --foot-comp on --heading heading-only --results-csv outputs/trot_capture.csv --trace-npz outputs/trace_trot_cap_V.npz --foot-vy-avg-n 20,,26,step_up,1,4.2900111042636695,,on,half-stance,0.0,0.0,20,0.0,4,4,heading-only,0.0,0,0.04,obstacle,0.24,15,skill.STEP_TROT_MAX,step_up_0p24,0,4,2026-08-31T15:56:06Z,goal,1,TROT,1.0,0.0,58,0.0,1,nan,,
--headless --device cpu --params skill.STEP_TROT_MAX --reps 5 --foot-comp on --heading heading-only --results-csv outputs/trot_capture.csv --trace-npz outputs/trace_trot_cap_V.npz --foot-vy-avg-n 20,,26,step_up,1,4.288419587571253,,on,half-stance,0.0,0.0,20,0.0,4,4,heading-only,0.0,0,0.04,obstacle,0.26,15,skill.STEP_TROT_MAX,step_up_0p26,0,4,2026-08-31T15:56:06Z,goal,1,TROT,1.0,0.0,58,0.0,1,nan,,
--headless --device cpu --params skill.STEP_TROT_MAX --reps 5 --foot-comp on --heading heading-only --results-csv outputs/trot_capture.csv --trace-npz outputs/trace_trot_cap_V.npz --foot-vy-avg-n 20,,26,step_up,1,4.288625119946756,,on,half-stance,0.0,0.0,20,0.0,4,4,heading-only,0.0,0,0.04,obstacle,0.28,15,skill.STEP_TROT_MAX,step_up_0p28,0,4,2026-08-31T15:56:06Z,goal,1,TROT,0.9999999999999982,0.0,58,0.0,1,nan,,
--headless --device cpu --params skill.STEP_TROT_MAX --reps 5 --foot-comp on --heading heading-only --results-csv outputs/trot_capture.csv --trace-npz outputs/trace_trot_cap_V.npz --foot-vy-avg-n 20,,26,step_up,1,4.2924732624099775,,on,half-stance,0.0,0.0,20,0.0,4,4,heading-only,0.0,0,0.04,obstacle,0.3,15,skill.STEP_TROT_MAX,step_up_0p30,0,4,2026-08-31T15:56:06Z,goal,1,TROT,0.9999999999999964,0.0,58,0.0,1,nan,,
--headless --device cpu --params skill.STEP_TROT_MAX --reps 5 --foot-comp on --heading heading-only --results-csv outputs/trot_capture.csv --trace-npz outputs/trace_trot_cap_M.npz --foot-offset-clip-m 0.05,,0,step_up,1,1.8351296811157676,,on,half-stance,0.0,0.05,0,0.0,4,4,heading-only,0.0,0,0.04,obstacle,0.02,15,skill.STEP_TROT_MAX,step_up_0p02,0,0,2026-08-31T15:56:56Z,goal,1,TROT,1.0,0.0,901,0.0,1,nan,,
--headless --device cpu --params skill.STEP_TROT_MAX --reps 5 --foot-comp on --heading heading-only --results-csv outputs/trot_capture.csv --trace-npz outputs/trace_trot_cap_M.npz --foot-offset-clip-m 0.05,,0,step_up,0,1.4605231797767806,,on,half-stance,0.0,0.05,0,0.0,4,4,heading-only,0.0,0,0.04,obstacle,0.04,15,skill.STEP_TROT_MAX,step_up_0p04,0,0,2026-08-31T15:56:56Z,goal,1,TROT,0.9999999999999982,0.0,901,0.0,1,nan,,
--headless --device cpu --params skill.STEP_TROT_MAX --reps 5 --foot-comp on --heading heading-only --results-csv outputs/trot_capture.csv --trace-npz outputs/trace_trot_cap_M.npz --foot-offset-clip-m 0.05,,0,step_up,0,1.394418918898933,,on,half-stance,0.0,0.05,0,0.0,4,4,heading-only,0.0,0,0.04,obstacle,0.06,15,skill.STEP_TROT_MAX,step_up_0p06,0,0,2026-08-31T15:56:56Z,goal,1,TROT,0.9999999999999964,0.0,901,0.0,1,nan,,
--headless --device cpu --params skill.STEP_TROT_MAX --reps 5 --foot-comp on --heading heading-only --results-csv outputs/trot_capture.csv --trace-npz outputs/trace_trot_cap_M.npz --foot-offset-clip-m 0.05,,0,step_up,0,1.5125817715631198,,on,half-stance,0.0,0.05,0,0.0,4,4,heading-only,0.0,0,0.04,obstacle,0.08,15,skill.STEP_TROT_MAX,step_up_0p08,0,0,2026-08-31T15:56:56Z,goal,1,TROT,1.0,0.0,901,0.0,1,nan,,
--headless --device cpu --params skill.STEP_TROT_MAX --reps 5 --foot-comp on --heading heading-only --results-csv outputs/trot_capture.csv --trace-npz outputs/trace_trot_cap_M.npz --foot-offset-clip-m 0.05,,0,step_up,0,1.6180691958696705,,on,half-stance,0.0,0.05,0,0.0,4,4,heading-only,0.0,0,0.04,obstacle,0.1,15,skill.STEP_TROT_MAX,step_up_0p10,0,0,2026-08-31T15:56:56Z,goal,1,TROT,1.0,0.0,901,0.0,1,nan,,
--headless --device cpu --params skill.STEP_TROT_MAX --reps 5 --foot-comp on --heading heading-only --results-csv outputs/trot_capture.csv --trace-npz outputs/trace_trot_cap_M.npz --foot-offset-clip-m 0.05,,0,step_up,0,1.410492716561462,,on,half-stance,0.0,0.05,0,0.0,4,4,heading-only,0.0,0,0.04,obstacle,0.12,15,skill.STEP_TROT_MAX,step_up_0p12,0,0,2026-08-31T15:56:56Z,goal,1,TROT,0.9999999999999982,0.0,901,0.0,1,nan,,
--headless --device cpu --params skill.STEP_TROT_MAX --reps 5 --foot-comp on --heading heading-only --results-csv outputs/trot_capture.csv --trace-npz outputs/trace_trot_cap_M.npz --foot-offset-clip-m 0.05,,0,step_up,1,1.9517437001609308,,on,half-stance,0.0,0.05,0,0.0,4,4,heading-only,0.0,0,0.04,obstacle,0.14,15,skill.STEP_TROT_MAX,step_up_0p14,0,0,2026-08-31T15:56:56Z,goal,1,TROT,0.9999999999999964,0.0,901,0.0,1,nan,,
--headless --device cpu --params skill.STEP_TROT_MAX --reps 5 --foot-comp on --heading heading-only --results-csv outputs/trot_capture.csv --trace-npz outputs/trace_trot_cap_M.npz --foot-offset-clip-m 0.05,,0,step_up,1,1.773852470907783,,on,half-stance,0.0,0.05,0,0.0,4,4,heading-only,0.0,0,0.04,obstacle,0.16,15,skill.STEP_TROT_MAX,step_up_0p16,0,0,2026-08-31T15:56:56Z,goal,1,TROT,1.0,0.0,901,0.0,1,nan,,
--headless --device cpu --params skill.STEP_TROT_MAX --reps 5 --foot-comp on --heading heading-only --results-csv outputs/trot_capture.csv --trace-npz outputs/trace_trot_cap_M.npz --foot-offset-clip-m 0.05,,0,step_up,1,1.984400679838551,,on,half-stance,0.0,0.05,0,0.0,4,4,heading-only,0.0,0,0.04,obstacle,0.18,15,skill.STEP_TROT_MAX,step_up_0p18,0,0,2026-08-31T15:56:56Z,goal,1,TROT,1.0,0.0,901,0.0,1,nan,,
--headless --device cpu --params skill.STEP_TROT_MAX --reps 5 --foot-comp on --heading heading-only --results-csv outputs/trot_capture.csv --trace-npz outputs/trace_trot_cap_M.npz --foot-offset-clip-m 0.05,,0,step_up,0,1.7527089237481672,,on,half-stance,0.0,0.05,0,0.0,4,4,heading-only,0.0,0,0.04,obstacle,0.2,15,skill.STEP_TROT_MAX,step_up_0p20,0,0,2026-08-31T15:56:56Z,goal,1,TROT,0.9999999999999982,0.0,901,0.0,1,nan,,
--headless --device cpu --params skill.STEP_TROT_MAX --reps 5 --foot-comp on --heading heading-only --results-csv outputs/trot_capture.csv --trace-npz outputs/trace_trot_cap_M.npz --foot-offset-clip-m 0.05,,0,step_up,1,1.9633903424338854,,on,half-stance,0.0,0.05,0,0.0,4,4,heading-only,0.0,0,0.04,obstacle,0.22,15,skill.STEP_TROT_MAX,step_up_0p22,0,0,2026-08-31T15:56:56Z,goal,1,TROT,0.9999999999999964,0.0,901,0.0,1,nan,,
--headless --device cpu --params skill.STEP_TROT_MAX --reps 5 --foot-comp on --heading heading-only --results-csv outputs/trot_capture.csv --trace-npz outputs/trace_trot_cap_M.npz --foot-offset-clip-m 0.05,,0,step_up,1,1.9390739058039348,,on,half-stance,0.0,0.05,0,0.0,4,4,heading-only,0.0,0,0.04,obstacle,0.24,15,skill.STEP_TROT_MAX,step_up_0p24,0,0,2026-08-31T15:56:56Z,goal,1,TROT,1.0,0.0,901,0.0,1,nan,,
--headless --device cpu --params skill.STEP_TROT_MAX --reps 5 --foot-comp on --heading heading-only --results-csv outputs/trot_capture.csv --trace-npz outputs/trace_trot_cap_M.npz --foot-offset-clip-m 0.05,,0,step_up,1,1.9587205678493953,,on,half-stance,0.0,0.05,0,0.0,4,4,heading-only,0.0,0,0.04,obstacle,0.26,15,skill.STEP_TROT_MAX,step_up_0p26,0,0,2026-08-31T15:56:56Z,goal,1,TROT,1.0,0.0,901,0.0,1,nan,,
--headless --device cpu --params skill.STEP_TROT_MAX --reps 5 --foot-comp on --heading heading-only --results-csv outputs/trot_capture.csv --trace-npz outputs/trace_trot_cap_M.npz --foot-offset-clip-m 0.05,,0,step_up,1,2.0992411966688103,,on,half-stance,0.0,0.05,0,0.0,4,4,heading-only,0.0,0,0.04,obstacle,0.28,15,skill.STEP_TROT_MAX,step_up_0p28,0,0,2026-08-31T15:56:56Z,goal,1,TROT,0.9999999999999982,0.0,901,0.0,1,nan,,
--headless --device cpu --params skill.STEP_TROT_MAX --reps 5 --foot-comp on --heading heading-only --results-csv outputs/trot_capture.csv --trace-npz outputs/trace_trot_cap_M.npz --foot-offset-clip-m 0.05,,0,step_up,1,1.9746279598977152,,on,half-stance,0.0,0.05,0,0.0,4,4,heading-only,0.0,0,0.04,obstacle,0.3,15,skill.STEP_TROT_MAX,step_up_0p30,0,0,2026-08-31T15:56:56Z,goal,1,TROT,0.9999999999999964,0.0,901,0.0,1,nan,,
--headless --device cpu --params skill.STEP_TROT_MAX --reps 5 --foot-comp on --heading heading-only --results-csv outputs/trot_capture.csv --trace-npz outputs/trace_trot_cap_M.npz --foot-offset-clip-m 0.05,,6,step_up,0,3.149143944317066,,on,half-stance,0.0,0.05,0,0.0,4,4,heading-only,0.0,0,0.04,obstacle,0.02,15,skill.STEP_TROT_MAX,step_up_0p02,0,1,2026-08-31T15:56:56Z,goal,1,TROT,1.0,0.0,901,0.0,1,nan,,
--headless --device cpu --params skill.STEP_TROT_MAX --reps 5 --foot-comp on --heading heading-only --results-csv outputs/trot_capture.csv --trace-npz outputs/trace_trot_cap_M.npz --foot-offset-clip-m 0.05,,6,step_up,1,3.337929399611275,,on,half-stance,0.0,0.05,0,0.0,4,4,heading-only,0.0,0,0.04,obstacle,0.04,15,skill.STEP_TROT_MAX,step_up_0p04,0,1,2026-08-31T15:56:56Z,goal,1,TROT,0.9999999999999982,0.0,901,0.0,1,nan,,
--headless --device cpu --params skill.STEP_TROT_MAX --reps 5 --foot-comp on --heading heading-only --results-csv outputs/trot_capture.csv --trace-npz outputs/trace_trot_cap_M.npz --foot-offset-clip-m 0.05,,6,step_up,1,3.3605317239685526,,on,half-stance,0.0,0.05,0,0.0,4,4,heading-only,0.0,0,0.04,obstacle,0.06,15,skill.STEP_TROT_MAX,step_up_0p06,0,1,2026-08-31T15:56:56Z,goal,1,TROT,0.9999999999999964,0.0,901,0.0,1,nan,,
--headless --device cpu --params skill.STEP_TROT_MAX --reps 5 --foot-comp on --heading heading-only --results-csv outputs/trot_capture.csv --trace-npz outputs/trace_trot_cap_M.npz --foot-offset-clip-m 0.05,,6,step_up,0,3.280681519423374,,on,half-stance,0.0,0.05,0,0.0,4,4,heading-only,0.0,0,0.04,obstacle,0.08,15,skill.STEP_TROT_MAX,step_up_0p08,0,1,2026-08-31T15:56:56Z,goal,1,TROT,1.0,0.0,901,0.0,1,nan,,
--headless --device cpu --params skill.STEP_TROT_MAX --reps 5 --foot-comp on --heading heading-only --results-csv outputs/trot_capture.csv --trace-npz outputs/trace_trot_cap_M.npz --foot-offset-clip-m 0.05,,6,step_up,1,3.0250084195721354,,on,half-stance,0.0,0.05,0,0.0,4,4,heading-only,0.0,0,0.04,obstacle,0.1,15,skill.STEP_TROT_MAX,step_up_0p10,0,1,2026-08-31T15:56:56Z,goal,1,TROT,1.0,0.0,901,0.0,1,nan,,
--headless --device cpu --params skill.STEP_TROT_MAX --reps 5 --foot-comp on --heading heading-only --results-csv outputs/trot_capture.csv --trace-npz outputs/trace_trot_cap_M.npz --foot-offset-clip-m 0.05,,6,step_up,1,3.272772080513257,,on,half-stance,0.0,0.05,0,0.0,4,4,heading-only,0.0,0,0.04,obstacle,0.12,15,skill.STEP_TROT_MAX,step_up_0p12,0,1,2026-08-31T15:56:56Z,goal,1,TROT,0.9999999999999982,0.0,901,0.0,1,nan,,
--headless --device cpu --params skill.STEP_TROT_MAX --reps 5 --foot-comp on --heading heading-only --results-csv outputs/trot_capture.csv --trace-npz outputs/trace_trot_cap_M.npz --foot-offset-clip-m 0.05,,6,step_up,1,3.038850137249609,,on,half-stance,0.0,0.05,0,0.0,4,4,heading-only,0.0,0,0.04,obstacle,0.14,15,skill.STEP_TROT_MAX,step_up_0p14,0,1,2026-08-31T15:56:56Z,goal,1,TROT,0.9999999999999964,0.0,901,0.0,1,nan,,
--headless --device cpu --params skill.STEP_TROT_MAX --reps 5 --foot-comp on --heading heading-only --results-csv outputs/trot_capture.csv --trace-npz outputs/trace_trot_cap_M.npz --foot-offset-clip-m 0.05,,6,step_up,0,3.2160484993813734,,on,half-stance,0.0,0.05,0,0.0,4,4,heading-only,0.0,0,0.04,obstacle,0.16,15,skill.STEP_TROT_MAX,step_up_0p16,0,1,2026-08-31T15:56:56Z,goal,1,TROT,1.0,0.0,901,0.0,1,nan,,
--headless --device cpu --params skill.STEP_TROT_MAX --reps 5 --foot-comp on --heading heading-only --results-csv outputs/trot_capture.csv --trace-npz outputs/trace_trot_cap_M.npz --foot-offset-clip-m 0.05,,6,step_up,1,3.096851627778244,,on,half-stance,0.0,0.05,0,0.0,4,4,heading-only,0.0,0,0.04,obstacle,0.18,15,skill.STEP_TROT_MAX,step_up_0p18,0,1,2026-08-31T15:56:56Z,goal,1,TROT,1.0,0.0,901,0.0,1,nan,,
--headless --device cpu --params skill.STEP_TROT_MAX --reps 5 --foot-comp on --heading heading-only --results-csv outputs/trot_capture.csv --trace-npz outputs/trace_trot_cap_M.npz --foot-offset-clip-m 0.05,,6,step_up,1,3.0798078481856126,,on,half-stance,0.0,0.05,0,0.0,4,4,heading-only,0.0,0,0.04,obstacle,0.2,15,skill.STEP_TROT_MAX,step_up_0p20,0,1,2026-08-31T15:56:56Z,goal,1,TROT,0.9999999999999982,0.0,901,0.0,1,nan,,
--headless --device cpu --params skill.STEP_TROT_MAX --reps 5 --foot-comp on --heading heading-only --results-csv outputs/trot_capture.csv --trace-npz outputs/trace_trot_cap_M.npz --foot-offset-clip-m 0.05,,6,step_up,1,3.1124991828467095,,on,half-stance,0.0,0.05,0,0.0,4,4,heading-only,0.0,0,0.04,obstacle,0.22,15,skill.STEP_TROT_MAX,step_up_0p22,0,1,2026-08-31T15:56:56Z,goal,1,TROT,0.9999999999999964,0.0,901,0.0,1,nan,,
--headless --device cpu --params skill.STEP_TROT_MAX --reps 5 --foot-comp on --heading heading-only --results-csv outputs/trot_capture.csv --trace-npz outputs/trace_trot_cap_M.npz --foot-offset-clip-m 0.05,,6,step_up,1,3.052045416640451,,on,half-stance,0.0,0.05,0,0.0,4,4,heading-only,0.0,0,0.04,obstacle,0.24,15,skill.STEP_TROT_MAX,step_up_0p24,0,1,2026-08-31T15:56:56Z,goal,1,TROT,1.0,0.0,901,0.0,1,nan,,
--headless --device cpu --params skill.STEP_TROT_MAX --reps 5 --foot-comp on --heading heading-only --results-csv outputs/trot_capture.csv --trace-npz outputs/trace_trot_cap_M.npz --foot-offset-clip-m 0.05,,6,step_up,0,3.1182889224018724,,on,half-stance,0.0,0.05,0,0.0,4,4,heading-only,0.0,0,0.04,obstacle,0.26,15,skill.STEP_TROT_MAX,step_up_0p26,0,1,2026-08-31T15:56:56Z,goal,1,TROT,1.0,0.0,901,0.0,1,nan,,
--headless --device cpu --params skill.STEP_TROT_MAX --reps 5 --foot-comp on --heading heading-only --results-csv outputs/trot_capture.csv --trace-npz outputs/trace_trot_cap_M.npz --foot-offset-clip-m 0.05,,6,step_up,1,3.266319232381689,,on,half-stance,0.0,0.05,0,0.0,4,4,heading-only,0.0,0,0.04,obstacle,0.28,15,skill.STEP_TROT_MAX,step_up_0p28,0,1,2026-08-31T15:56:56Z,goal,1,TROT,0.9999999999999982,0.0,901,0.0,1,nan,,
--headless --device cpu --params skill.STEP_TROT_MAX --reps 5 --foot-comp on --heading heading-only --results-csv outputs/trot_capture.csv --trace-npz outputs/trace_trot_cap_M.npz --foot-offset-clip-m 0.05,,6,step_up,1,3.050408454779086,,on,half-stance,0.0,0.05,0,0.0,4,4,heading-only,0.0,0,0.04,obstacle,0.3,15,skill.STEP_TROT_MAX,step_up_0p30,0,1,2026-08-31T15:56:56Z,goal,1,TROT,0.9999999999999964,0.0,901,0.0,1,nan,,
--headless --device cpu --params skill.STEP_TROT_MAX --reps 5 --foot-comp on --heading heading-only --results-csv outputs/trot_capture.csv --trace-npz outputs/trace_trot_cap_M.npz --foot-offset-clip-m 0.05,,13,step_up,1,18.48795868969029,,on,half-stance,0.0,0.05,0,0.0,4,4,heading-only,0.0,0,0.04,obstacle,0.02,15,skill.STEP_TROT_MAX,step_up_0p02,0,2,2026-08-31T15:56:56Z,goal,1,TROT,1.0,0.0,901,0.0,1,nan,,
--headless --device cpu --params skill.STEP_TROT_MAX --reps 5 --foot-comp on --heading heading-only --results-csv outputs/trot_capture.csv --trace-npz outputs/trace_trot_cap_M.npz --foot-offset-clip-m 0.05,,13,step_up,1,3.980904232509713,,on,half-stance,0.0,0.05,0,0.0,4,4,heading-only,0.0,0,0.04,obstacle,0.04,15,skill.STEP_TROT_MAX,step_up_0p04,0,2,2026-08-31T15:56:56Z,goal,1,TROT,0.9999999999999982,0.0,901,0.0,1,nan,,
--headless --device cpu --params skill.STEP_TROT_MAX --reps 5 --foot-comp on --heading heading-only --results-csv outputs/trot_capture.csv --trace-npz outputs/trace_trot_cap_M.npz --foot-offset-clip-m 0.05,,13,step_up,1,4.443900414224978,,on,half-stance,0.0,0.05,0,0.0,4,4,heading-only,0.0,0,0.04,obstacle,0.06,15,skill.STEP_TROT_MAX,step_up_0p06,0,2,2026-08-31T15:56:56Z,goal,1,TROT,0.9999999999999964,0.0,901,0.0,1,nan,,
--headless --device cpu --params skill.STEP_TROT_MAX --reps 5 --foot-comp on --heading heading-only --results-csv outputs/trot_capture.csv --trace-npz outputs/trace_trot_cap_M.npz --foot-offset-clip-m 0.05,,13,step_up,1,4.000395475483797,,on,half-stance,0.0,0.05,0,0.0,4,4,heading-only,0.0,0,0.04,obstacle,0.08,15,skill.STEP_TROT_MAX,step_up_0p08,0,2,2026-08-31T15:56:56Z,goal,1,TROT,1.0,0.0,901,0.0,1,nan,,
--headless --device cpu --params skill.STEP_TROT_MAX --reps 5 --foot-comp on --heading heading-only --results-csv outputs/trot_capture.csv --trace-npz outputs/trace_trot_cap_M.npz --foot-offset-clip-m 0.05,,13,step_up,0,2.0811169208088214,,on,half-stance,0.0,0.05,0,0.0,4,4,heading-only,0.0,0,0.04,obstacle,0.1,15,skill.STEP_TROT_MAX,step_up_0p10,0,2,2026-08-31T15:56:56Z,goal,1,TROT,1.0,0.0,901,0.0,1,nan,,
--headless --device cpu --params skill.STEP_TROT_MAX --reps 5 --foot-comp on --heading heading-only --results-csv outputs/trot_capture.csv --trace-npz outputs/trace_trot_cap_M.npz --foot-offset-clip-m 0.05,,13,step_up,0,3.7602690664640894,,on,half-stance,0.0,0.05,0,0.0,4,4,heading-only,0.0,0,0.04,obstacle,0.12,15,skill.STEP_TROT_MAX,step_up_0p12,0,2,2026-08-31T15:56:56Z,goal,1,TROT,0.9999999999999982,0.0,901,0.0,1,nan,,
--headless --device cpu --params skill.STEP_TROT_MAX --reps 5 --foot-comp on --heading heading-only --results-csv outputs/trot_capture.csv --trace-npz outputs/trace_trot_cap_M.npz --foot-offset-clip-m 0.05,,13,step_up,1,4.010948204245959,,on,half-stance,0.0,0.05,0,0.0,4,4,heading-only,0.0,0,0.04,obstacle,0.14,15,skill.STEP_TROT_MAX,step_up_0p14,0,2,2026-08-31T15:56:56Z,goal,1,TROT,0.9999999999999964,0.0,901,0.0,1,nan,,
--headless --device cpu --params skill.STEP_TROT_MAX --reps 5 --foot-comp on --heading heading-only --results-csv outputs/trot_capture.csv --trace-npz outputs/trace_trot_cap_M.npz --foot-offset-clip-m 0.05,,13,step_up,1,4.378436513062696,,on,half-stance,0.0,0.05,0,0.0,4,4,heading-only,0.0,0,0.04,obstacle,0.16,15,skill.STEP_TROT_MAX,step_up_0p16,0,2,2026-08-31T15:56:56Z,goal,1,TROT,1.0,0.0,901,0.0,1,nan,,
--headless --device cpu --params skill.STEP_TROT_MAX --reps 5 --foot-comp on --heading heading-only --results-csv outputs/trot_capture.csv --trace-npz outputs/trace_trot_cap_M.npz --foot-offset-clip-m 0.05,,13,step_up,1,4.0789472205042605,,on,half-stance,0.0,0.05,0,0.0,4,4,heading-only,0.0,0,0.04,obstacle,0.18,15,skill.STEP_TROT_MAX,step_up_0p18,0,2,2026-08-31T15:56:56Z,goal,1,TROT,1.0,0.0,901,0.0,1,nan,,
--headless --device cpu --params skill.STEP_TROT_MAX --reps 5 --foot-comp on --heading heading-only --results-csv outputs/trot_capture.csv --trace-npz outputs/trace_trot_cap_M.npz --foot-offset-clip-m 0.05,,13,step_up,1,4.28681806270783,,on,half-stance,0.0,0.05,0,0.0,4,4,heading-only,0.0,0,0.04,obstacle,0.2,15,skill.STEP_TROT_MAX,step_up_0p20,0,2,2026-08-31T15:56:56Z,goal,1,TROT,0.9999999999999982,0.0,901,0.0,1,nan,,
--headless --device cpu --params skill.STEP_TROT_MAX --reps 5 --foot-comp on --heading heading-only --results-csv outputs/trot_capture.csv --trace-npz outputs/trace_trot_cap_M.npz --foot-offset-clip-m 0.05,,13,step_up,1,3.9906189001707233,,on,half-stance,0.0,0.05,0,0.0,4,4,heading-only,0.0,0,0.04,obstacle,0.22,15,skill.STEP_TROT_MAX,step_up_0p22,0,2,2026-08-31T15:56:56Z,goal,1,TROT,0.9999999999999964,0.0,901,0.0,1,nan,,
--headless --device cpu --params skill.STEP_TROT_MAX --reps 5 --foot-comp on --heading heading-only --results-csv outputs/trot_capture.csv --trace-npz outputs/trace_trot_cap_M.npz --foot-offset-clip-m 0.05,,13,step_up,1,4.242752531380212,,on,half-stance,0.0,0.05,0,0.0,4,4,heading-only,0.0,0,0.04,obstacle,0.24,15,skill.STEP_TROT_MAX,step_up_0p24,0,2,2026-08-31T15:56:56Z,goal,1,TROT,1.0,0.0,901,0.0,1,nan,,
--headless --device cpu --params skill.STEP_TROT_MAX --reps 5 --foot-comp on --heading heading-only --results-csv outputs/trot_capture.csv --trace-npz outputs/trace_trot_cap_M.npz --foot-offset-clip-m 0.05,,13,step_up,1,3.9923960583512135,,on,half-stance,0.0,0.05,0,0.0,4,4,heading-only,0.0,0,0.04,obstacle,0.26,15,skill.STEP_TROT_MAX,step_up_0p26,0,2,2026-08-31T15:56:56Z,goal,1,TROT,1.0,0.0,901,0.0,1,nan,,
--headless --device cpu --params skill.STEP_TROT_MAX --reps 5 --foot-comp on --heading heading-only --results-csv outputs/trot_capture.csv --trace-npz outputs/trace_trot_cap_M.npz --foot-offset-clip-m 0.05,,13,step_up,1,4.442728967018183,,on,half-stance,0.0,0.05,0,0.0,4,4,heading-only,0.0,0,0.04,obstacle,0.28,15,skill.STEP_TROT_MAX,step_up_0p28,0,2,2026-08-31T15:56:56Z,goal,1,TROT,0.9999999999999982,0.0,901,0.0,1,nan,,
--headless --device cpu --params skill.STEP_TROT_MAX --reps 5 --foot-comp on --heading heading-only --results-csv outputs/trot_capture.csv --trace-npz outputs/trace_trot_cap_M.npz --foot-offset-clip-m 0.05,,13,step_up,1,9.094921937796208,,on,half-stance,0.0,0.05,0,0.0,4,4,heading-only,0.0,0,0.04,obstacle,0.3,15,skill.STEP_TROT_MAX,step_up_0p30,0,2,2026-08-31T15:56:56Z,goal,1,TROT,0.9999999999999964,0.0,901,0.0,1,nan,,
--headless --device cpu --params skill.STEP_TROT_MAX --reps 5 --foot-comp on --heading heading-only --results-csv outputs/trot_capture.csv --trace-npz outputs/trace_trot_cap_M.npz --foot-offset-clip-m 0.05,,19,step_up,1,4.225016212475551,,on,half-stance,0.0,0.05,0,0.0,4,4,heading-only,0.0,0,0.04,obstacle,0.02,15,skill.STEP_TROT_MAX,step_up_0p02,0,3,2026-08-31T15:56:56Z,goal,1,TROT,1.0,0.0,81,0.0,1,nan,,
--headless --device cpu --params skill.STEP_TROT_MAX --reps 5 --foot-comp on --heading heading-only --results-csv outputs/trot_capture.csv --trace-npz outputs/trace_trot_cap_M.npz --foot-offset-clip-m 0.05,,19,step_up,1,4.232735279390242,,on,half-stance,0.0,0.05,0,0.0,4,4,heading-only,0.0,0,0.04,obstacle,0.04,15,skill.STEP_TROT_MAX,step_up_0p04,0,3,2026-08-31T15:56:56Z,goal,1,TROT,0.9999999999999982,0.0,81,0.0,1,nan,,
--headless --device cpu --params skill.STEP_TROT_MAX --reps 5 --foot-comp on --heading heading-only --results-csv outputs/trot_capture.csv --trace-npz outputs/trace_trot_cap_M.npz --foot-offset-clip-m 0.05,,19,step_up,1,4.22857525917441,,on,half-stance,0.0,0.05,0,0.0,4,4,heading-only,0.0,0,0.04,obstacle,0.06,15,skill.STEP_TROT_MAX,step_up_0p06,0,3,2026-08-31T15:56:56Z,goal,1,TROT,0.9999999999999964,0.0,81,0.0,1,nan,,
--headless --device cpu --params skill.STEP_TROT_MAX --reps 5 --foot-comp on --heading heading-only --results-csv outputs/trot_capture.csv --trace-npz outputs/trace_trot_cap_M.npz --foot-offset-clip-m 0.05,,19,step_up,1,4.216418562736971,,on,half-stance,0.0,0.05,0,0.0,4,4,heading-only,0.0,0,0.04,obstacle,0.08,15,skill.STEP_TROT_MAX,step_up_0p08,0,3,2026-08-31T15:56:56Z,goal,1,TROT,1.0,0.0,81,0.0,1,nan,,
--headless --device cpu --params skill.STEP_TROT_MAX --reps 5 --foot-comp on --heading heading-only --results-csv outputs/trot_capture.csv --trace-npz outputs/trace_trot_cap_M.npz --foot-offset-clip-m 0.05,,19,step_up,1,4.227276773228247,,on,half-stance,0.0,0.05,0,0.0,4,4,heading-only,0.0,0,0.04,obstacle,0.1,15,skill.STEP_TROT_MAX,step_up_0p10,0,3,2026-08-31T15:56:56Z,goal,1,TROT,1.0,0.0,81,0.0,1,nan,,
--headless --device cpu --params skill.STEP_TROT_MAX --reps 5 --foot-comp on --heading heading-only --results-csv outputs/trot_capture.csv --trace-npz outputs/trace_trot_cap_M.npz --foot-offset-clip-m 0.05,,19,step_up,1,4.239945951364849,,on,half-stance,0.0,0.05,0,0.0,4,4,heading-only,0.0,0,0.04,obstacle,0.12,15,skill.STEP_TROT_MAX,step_up_0p12,0,3,2026-08-31T15:56:56Z,goal,1,TROT,0.9999999999999982,0.0,81,0.0,1,nan,,
--headless --device cpu --params skill.STEP_TROT_MAX --reps 5 --foot-comp on --heading heading-only --results-csv outputs/trot_capture.csv --trace-npz outputs/trace_trot_cap_M.npz --foot-offset-clip-m 0.05,,19,step_up,1,4.252604352763762,,on,half-stance,0.0,0.05,0,0.0,4,4,heading-only,0.0,0,0.04,obstacle,0.14,15,skill.STEP_TROT_MAX,step_up_0p14,0,3,2026-08-31T15:56:56Z,goal,1,TROT,0.9999999999999964,0.0,81,0.0,1,nan,,
--headless --device cpu --params skill.STEP_TROT_MAX --reps 5 --foot-comp on --heading heading-only --results-csv outputs/trot_capture.csv --trace-npz outputs/trace_trot_cap_M.npz --foot-offset-clip-m 0.05,,19,step_up,1,4.228167555840716,,on,half-stance,0.0,0.05,0,0.0,4,4,heading-only,0.0,0,0.04,obstacle,0.16,15,skill.STEP_TROT_MAX,step_up_0p16,0,3,2026-08-31T15:56:56Z,goal,1,TROT,1.0,0.0,81,0.0,1,nan,,
--headless --device cpu --params skill.STEP_TROT_MAX --reps 5 --foot-comp on --heading heading-only --results-csv outputs/trot_capture.csv --trace-npz outputs/trace_trot_cap_M.npz --foot-offset-clip-m 0.05,,19,step_up,1,4.2279522086241705,,on,half-stance,0.0,0.05,0,0.0,4,4,heading-only,0.0,0,0.04,obstacle,0.18,15,skill.STEP_TROT_MAX,step_up_0p18,0,3,2026-08-31T15:56:56Z,goal,1,TROT,1.0,0.0,81,0.0,1,nan,,
--headless --device cpu --params skill.STEP_TROT_MAX --reps 5 --foot-comp on --heading heading-only --results-csv outputs/trot_capture.csv --trace-npz outputs/trace_trot_cap_M.npz --foot-offset-clip-m 0.05,,19,step_up,1,4.232336905200933,,on,half-stance,0.0,0.05,0,0.0,4,4,heading-only,0.0,0,0.04,obstacle,0.2,15,skill.STEP_TROT_MAX,step_up_0p20,0,3,2026-08-31T15:56:56Z,goal,1,TROT,0.9999999999999982,0.0,81,0.0,1,nan,,
--headless --device cpu --params skill.STEP_TROT_MAX --reps 5 --foot-comp on --heading heading-only --results-csv outputs/trot_capture.csv --trace-npz outputs/trace_trot_cap_M.npz --foot-offset-clip-m 0.05,,19,step_up,1,4.230257821798459,,on,half-stance,0.0,0.05,0,0.0,4,4,heading-only,0.0,0,0.04,obstacle,0.22,15,skill.STEP_TROT_MAX,step_up_0p22,0,3,2026-08-31T15:56:56Z,goal,1,TROT,0.9999999999999964,0.0,81,0.0,1,nan,,
--headless --device cpu --params skill.STEP_TROT_MAX --reps 5 --foot-comp on --heading heading-only --results-csv outputs/trot_capture.csv --trace-npz outputs/trace_trot_cap_M.npz --foot-offset-clip-m 0.05,,19,step_up,1,4.232842309574012,,on,half-stance,0.0,0.05,0,0.0,4,4,heading-only,0.0,0,0.04,obstacle,0.24,15,skill.STEP_TROT_MAX,step_up_0p24,0,3,2026-08-31T15:56:56Z,goal,1,TROT,1.0,0.0,81,0.0,1,nan,,
--headless --device cpu --params skill.STEP_TROT_MAX --reps 5 --foot-comp on --heading heading-only --results-csv outputs/trot_capture.csv --trace-npz outputs/trace_trot_cap_M.npz --foot-offset-clip-m 0.05,,19,step_up,1,4.231942804232076,,on,half-stance,0.0,0.05,0,0.0,4,4,heading-only,0.0,0,0.04,obstacle,0.26,15,skill.STEP_TROT_MAX,step_up_0p26,0,3,2026-08-31T15:56:56Z,goal,1,TROT,1.0,0.0,81,0.0,1,nan,,
--headless --device cpu --params skill.STEP_TROT_MAX --reps 5 --foot-comp on --heading heading-only --results-csv outputs/trot_capture.csv --trace-npz outputs/trace_trot_cap_M.npz --foot-offset-clip-m 0.05,,19,step_up,1,4.220624070802793,,on,half-stance,0.0,0.05,0,0.0,4,4,heading-only,0.0,0,0.04,obstacle,0.28,15,skill.STEP_TROT_MAX,step_up_0p28,0,3,2026-08-31T15:56:56Z,goal,1,TROT,0.9999999999999982,0.0,81,0.0,1,nan,,
--headless --device cpu --params skill.STEP_TROT_MAX --reps 5 --foot-comp on --heading heading-only --results-csv outputs/trot_capture.csv --trace-npz outputs/trace_trot_cap_M.npz --foot-offset-clip-m 0.05,,19,step_up,1,4.225285532742073,,on,half-stance,0.0,0.05,0,0.0,4,4,heading-only,0.0,0,0.04,obstacle,0.3,15,skill.STEP_TROT_MAX,step_up_0p30,0,3,2026-08-31T15:56:56Z,goal,1,TROT,0.9999999999999964,0.0,81,0.0,1,nan,,
--headless --device cpu --params skill.STEP_TROT_MAX --reps 5 --foot-comp on --heading heading-only --results-csv outputs/trot_capture.csv --trace-npz outputs/trace_trot_cap_M.npz --foot-offset-clip-m 0.05,,26,step_up,1,4.269428769953572,,on,half-stance,0.0,0.05,0,0.0,4,4,heading-only,0.0,0,0.04,obstacle,0.02,15,skill.STEP_TROT_MAX,step_up_0p02,0,4,2026-08-31T15:56:56Z,goal,1,TROT,1.0,0.0,63,0.0,1,nan,,
--headless --device cpu --params skill.STEP_TROT_MAX --reps 5 --foot-comp on --heading heading-only --results-csv outputs/trot_capture.csv --trace-npz outputs/trace_trot_cap_M.npz --foot-offset-clip-m 0.05,,26,step_up,1,4.2714177643014395,,on,half-stance,0.0,0.05,0,0.0,4,4,heading-only,0.0,0,0.04,obstacle,0.04,15,skill.STEP_TROT_MAX,step_up_0p04,0,4,2026-08-31T15:56:56Z,goal,1,TROT,0.9999999999999982,0.0,63,0.0,1,nan,,
--headless --device cpu --params skill.STEP_TROT_MAX --reps 5 --foot-comp on --heading heading-only --results-csv outputs/trot_capture.csv --trace-npz outputs/trace_trot_cap_M.npz --foot-offset-clip-m 0.05,,26,step_up,1,4.27262831317167,,on,half-stance,0.0,0.05,0,0.0,4,4,heading-only,0.0,0,0.04,obstacle,0.06,15,skill.STEP_TROT_MAX,step_up_0p06,0,4,2026-08-31T15:56:56Z,goal,1,TROT,0.9999999999999964,0.0,63,0.0,1,nan,,
--headless --device cpu --params skill.STEP_TROT_MAX --reps 5 --foot-comp on --heading heading-only --results-csv outputs/trot_capture.csv --trace-npz outputs/trace_trot_cap_M.npz --foot-offset-clip-m 0.05,,26,step_up,1,4.296443567714206,,on,half-stance,0.0,0.05,0,0.0,4,4,heading-only,0.0,0,0.04,obstacle,0.08,15,skill.STEP_TROT_MAX,step_up_0p08,0,4,2026-08-31T15:56:56Z,goal,1,TROT,1.0,0.0,63,0.0,1,nan,,
--headless --device cpu --params skill.STEP_TROT_MAX --reps 5 --foot-comp on --heading heading-only --results-csv outputs/trot_capture.csv --trace-npz outputs/trace_trot_cap_M.npz --foot-offset-clip-m 0.05,,26,step_up,1,4.251175051170828,,on,half-stance,0.0,0.05,0,0.0,4,4,heading-only,0.0,0,0.04,obstacle,0.1,15,skill.STEP_TROT_MAX,step_up_0p10,0,4,2026-08-31T15:56:56Z,goal,1,TROT,1.0,0.0,63,0.0,1,nan,,
--headless --device cpu --params skill.STEP_TROT_MAX --reps 5 --foot-comp on --heading heading-only --results-csv outputs/trot_capture.csv --trace-npz outputs/trace_trot_cap_M.npz --foot-offset-clip-m 0.05,,26,step_up,1,4.244924360137434,,on,half-stance,0.0,0.05,0,0.0,4,4,heading-only,0.0,0,0.04,obstacle,0.12,15,skill.STEP_TROT_MAX,step_up_0p12,0,4,2026-08-31T15:56:56Z,goal,1,TROT,0.9999999999999982,0.0,63,0.0,1,nan,,
--headless --device cpu --params skill.STEP_TROT_MAX --reps 5 --foot-comp on --heading heading-only --results-csv outputs/trot_capture.csv --trace-npz outputs/trace_trot_cap_M.npz --foot-offset-clip-m 0.05,,26,step_up,1,4.273043324179622,,on,half-stance,0.0,0.05,0,0.0,4,4,heading-only,0.0,0,0.04,obstacle,0.14,15,skill.STEP_TROT_MAX,step_up_0p14,0,4,2026-08-31T15:56:56Z,goal,1,TROT,0.9999999999999964,0.0,63,0.0,1,nan,,
--headless --device cpu --params skill.STEP_TROT_MAX --reps 5 --foot-comp on --heading heading-only --results-csv outputs/trot_capture.csv --trace-npz outputs/trace_trot_cap_M.npz --foot-offset-clip-m 0.05,,26,step_up,1,4.267058221931971,,on,half-stance,0.0,0.05,0,0.0,4,4,heading-only,0.0,0,0.04,obstacle,0.16,15,skill.STEP_TROT_MAX,step_up_0p16,0,4,2026-08-31T15:56:56Z,goal,1,TROT,1.0,0.0,63,0.0,1,nan,,
--headless --device cpu --params skill.STEP_TROT_MAX --reps 5 --foot-comp on --heading heading-only --results-csv outputs/trot_capture.csv --trace-npz outputs/trace_trot_cap_M.npz --foot-offset-clip-m 0.05,,26,step_up,1,4.3027250969439885,,on,half-stance,0.0,0.05,0,0.0,4,4,heading-only,0.0,0,0.04,obstacle,0.18,15,skill.STEP_TROT_MAX,step_up_0p18,0,4,2026-08-31T15:56:56Z,goal,1,TROT,1.0,0.0,63,0.0,1,nan,,
--headless --device cpu --params skill.STEP_TROT_MAX --reps 5 --foot-comp on --heading heading-only --results-csv outputs/trot_capture.csv --trace-npz outputs/trace_trot_cap_M.npz --foot-offset-clip-m 0.05,,26,step_up,1,4.281780842673419,,on,half-stance,0.0,0.05,0,0.0,4,4,heading-only,0.0,0,0.04,obstacle,0.2,15,skill.STEP_TROT_MAX,step_up_0p20,0,4,2026-08-31T15:56:56Z,goal,1,TROT,0.9999999999999982,0.0,63,0.0,1,nan,,
--headless --device cpu --params skill.STEP_TROT_MAX --reps 5 --foot-comp on --heading heading-only --results-csv outputs/trot_capture.csv --trace-npz outputs/trace_trot_cap_M.npz --foot-offset-clip-m 0.05,,26,step_up,1,4.2994111188825315,,on,half-stance,0.0,0.05,0,0.0,4,4,heading-only,0.0,0,0.04,obstacle,0.22,15,skill.STEP_TROT_MAX,step_up_0p22,0,4,2026-08-31T15:56:56Z,goal,1,TROT,0.9999999999999964,0.0,63,0.0,1,nan,,
--headless --device cpu --params skill.STEP_TROT_MAX --reps 5 --foot-comp on --heading heading-only --results-csv outputs/trot_capture.csv --trace-npz outputs/trace_trot_cap_M.npz --foot-offset-clip-m 0.05,,26,step_up,1,4.281210388797671,,on,half-stance,0.0,0.05,0,0.0,4,4,heading-only,0.0,0,0.04,obstacle,0.24,15,skill.STEP_TROT_MAX,step_up_0p24,0,4,2026-08-31T15:56:56Z,goal,1,TROT,1.0,0.0,63,0.0,1,nan,,
--headless --device cpu --params skill.STEP_TROT_MAX --reps 5 --foot-comp on --heading heading-only --results-csv outputs/trot_capture.csv --trace-npz outputs/trace_trot_cap_M.npz --foot-offset-clip-m 0.05,,26,step_up,1,4.257981870330452,,on,half-stance,0.0,0.05,0,0.0,4,4,heading-only,0.0,0,0.04,obstacle,0.26,15,skill.STEP_TROT_MAX,step_up_0p26,0,4,2026-08-31T15:56:56Z,goal,1,TROT,1.0,0.0,63,0.0,1,nan,,
--headless --device cpu --params skill.STEP_TROT_MAX --reps 5 --foot-comp on --heading heading-only --results-csv outputs/trot_capture.csv --trace-npz outputs/trace_trot_cap_M.npz --foot-offset-clip-m 0.05,,26,step_up,1,4.270177865473662,,on,half-stance,0.0,0.05,0,0.0,4,4,heading-only,0.0,0,0.04,obstacle,0.28,15,skill.STEP_TROT_MAX,step_up_0p28,0,4,2026-08-31T15:56:56Z,goal,1,TROT,0.9999999999999982,0.0,63,0.0,1,nan,,
--headless --device cpu --params skill.STEP_TROT_MAX --reps 5 --foot-comp on --heading heading-only --results-csv outputs/trot_capture.csv --trace-npz outputs/trace_trot_cap_M.npz --foot-offset-clip-m 0.05,,26,step_up,1,4.3016984132545675,,on,half-stance,0.0,0.05,0,0.0,4,4,heading-only,0.0,0,0.04,obstacle,0.3,15,skill.STEP_TROT_MAX,step_up_0p30,0,4,2026-08-31T15:56:56Z,goal,1,TROT,0.9999999999999964,0.0,63,0.0,1,nan,,
--headless --device cpu --params skill.STEP_TROT_MAX --reps 5 --foot-comp on --heading heading-only --results-csv outputs/trot_capture.csv --trace-npz outputs/trace_trot_cap_F.npz --foot-gain capture --foot-vy-avg-n 20 --foot-offset-clip-m 0.05,,0,step_up,1,1.7141188506807,0.3050636947154999,on,capture,0.0,0.05,20,0.0,4,4,heading-only,0.0,0,0.04,obstacle,0.02,15,skill.STEP_TROT_MAX,step_up_0p02,0,0,2026-08-31T15:57:54Z,goal,1,TROT,1.0,0.0,901,0.0,1,nan,,
--headless --device cpu --params skill.STEP_TROT_MAX --reps 5 --foot-comp on --heading heading-only --results-csv outputs/trot_capture.csv --trace-npz outputs/trace_trot_cap_F.npz --foot-gain capture --foot-vy-avg-n 20 --foot-offset-clip-m 0.05,,0,step_up,1,1.7396690016454526,0.30502018332481384,on,capture,0.0,0.05,20,0.0,4,4,heading-only,0.0,0,0.04,obstacle,0.04,15,skill.STEP_TROT_MAX,step_up_0p04,0,0,2026-08-31T15:57:54Z,goal,1,TROT,0.9999999999999982,0.0,901,0.0,1,nan,,
--headless --device cpu --params skill.STEP_TROT_MAX --reps 5 --foot-comp on --heading heading-only --results-csv outputs/trot_capture.csv --trace-npz outputs/trace_trot_cap_F.npz --foot-gain capture --foot-vy-avg-n 20 --foot-offset-clip-m 0.05,,0,step_up,0,1.46570744250435,0.305078387260437,on,capture,0.0,0.05,20,0.0,4,4,heading-only,0.0,0,0.04,obstacle,0.06,15,skill.STEP_TROT_MAX,step_up_0p06,0,0,2026-08-31T15:57:54Z,goal,1,TROT,0.9999999999999964,0.0,901,0.0,1,nan,,
--headless --device cpu --params skill.STEP_TROT_MAX --reps 5 --foot-comp on --heading heading-only --results-csv outputs/trot_capture.csv --trace-npz outputs/trace_trot_cap_F.npz --foot-gain capture --foot-vy-avg-n 20 --foot-offset-clip-m 0.05,,0,step_up,1,2.0497515354902345,0.3050400912761688,on,capture,0.0,0.05,20,0.0,4,4,heading-only,0.0,0,0.04,obstacle,0.08,15,skill.STEP_TROT_MAX,step_up_0p08,0,0,2026-08-31T15:57:54Z,goal,1,TROT,1.0,0.0,901,0.0,1,nan,,
--headless --device cpu --params skill.STEP_TROT_MAX --reps 5 --foot-comp on --heading heading-only --results-csv outputs/trot_capture.csv --trace-npz outputs/trace_trot_cap_F.npz --foot-gain capture --foot-vy-avg-n 20 --foot-offset-clip-m 0.05,,0,step_up,1,1.9143711214401784,0.3051048219203949,on,capture,0.0,0.05,20,0.0,4,4,heading-only,0.0,0,0.04,obstacle,0.1,15,skill.STEP_TROT_MAX,step_up_0p10,0,0,2026-08-31T15:57:54Z,goal,1,TROT,1.0,0.0,901,0.0,1,nan,,
--headless --device cpu --params skill.STEP_TROT_MAX --reps 5 --foot-comp on --heading heading-only --results-csv outputs/trot_capture.csv --trace-npz outputs/trace_trot_cap_F.npz --foot-gain capture --foot-vy-avg-n 20 --foot-offset-clip-m 0.05,,0,step_up,0,0.9964277054774376,0.3050236403942108,on,capture,0.0,0.05,20,0.0,4,4,heading-only,0.0,0,0.04,obstacle,0.12,15,skill.STEP_TROT_MAX,step_up_0p12,0,0,2026-08-31T15:57:54Z,goal,1,TROT,0.9999999999999982,0.0,901,0.0,1,nan,,
--headless --device cpu --params skill.STEP_TROT_MAX --reps 5 --foot-comp on --heading heading-only --results-csv outputs/trot_capture.csv --trace-npz outputs/trace_trot_cap_F.npz --foot-gain capture --foot-vy-avg-n 20 --foot-offset-clip-m 0.05,,0,step_up,0,1.5310639042803222,0.3050588071346283,on,capture,0.0,0.05,20,0.0,4,4,heading-only,0.0,0,0.04,obstacle,0.14,15,skill.STEP_TROT_MAX,step_up_0p14,0,0,2026-08-31T15:57:54Z,goal,1,TROT,0.9999999999999964,0.0,901,0.0,1,nan,,
--headless --device cpu --params skill.STEP_TROT_MAX --reps 5 --foot-comp on --heading heading-only --results-csv outputs/trot_capture.csv --trace-npz outputs/trace_trot_cap_F.npz --foot-gain capture --foot-vy-avg-n 20 --foot-offset-clip-m 0.05,,0,step_up,0,1.5522043592072743,0.30493807792663574,on,capture,0.0,0.05,20,0.0,4,4,heading-only,0.0,0,0.04,obstacle,0.16,15,skill.STEP_TROT_MAX,step_up_0p16,0,0,2026-08-31T15:57:54Z,goal,1,TROT,1.0,0.0,901,0.0,1,nan,,
--headless --device cpu --params skill.STEP_TROT_MAX --reps 5 --foot-comp on --heading heading-only --results-csv outputs/trot_capture.csv --trace-npz outputs/trace_trot_cap_F.npz --foot-gain capture --foot-vy-avg-n 20 --foot-offset-clip-m 0.05,,0,step_up,0,1.4405065720229822,0.30493131279945374,on,capture,0.0,0.05,20,0.0,4,4,heading-only,0.0,0,0.04,obstacle,0.18,15,skill.STEP_TROT_MAX,step_up_0p18,0,0,2026-08-31T15:57:54Z,goal,1,TROT,1.0,0.0,901,0.0,1,nan,,
--headless --device cpu --params skill.STEP_TROT_MAX --reps 5 --foot-comp on --heading heading-only --results-csv outputs/trot_capture.csv --trace-npz outputs/trace_trot_cap_F.npz --foot-gain capture --foot-vy-avg-n 20 --foot-offset-clip-m 0.05,,0,step_up,1,2.011517864863148,0.3049478828907013,on,capture,0.0,0.05,20,0.0,4,4,heading-only,0.0,0,0.04,obstacle,0.2,15,skill.STEP_TROT_MAX,step_up_0p20,0,0,2026-08-31T15:57:54Z,goal,1,TROT,0.9999999999999982,0.0,901,0.0,1,nan,,
--headless --device cpu --params skill.STEP_TROT_MAX --reps 5 --foot-comp on --heading heading-only --results-csv outputs/trot_capture.csv --trace-npz outputs/trace_trot_cap_F.npz --foot-gain capture --foot-vy-avg-n 20 --foot-offset-clip-m 0.05,,0,step_up,1,2.05784403363605,0.3051995635032654,on,capture,0.0,0.05,20,0.0,4,4,heading-only,0.0,0,0.04,obstacle,0.22,15,skill.STEP_TROT_MAX,step_up_0p22,0,0,2026-08-31T15:57:54Z,goal,1,TROT,0.9999999999999964,0.0,901,0.0,1,nan,,
--headless --device cpu --params skill.STEP_TROT_MAX --reps 5 --foot-comp on --heading heading-only --results-csv outputs/trot_capture.csv --trace-npz outputs/trace_trot_cap_F.npz --foot-gain capture --foot-vy-avg-n 20 --foot-offset-clip-m 0.05,,0,step_up,1,2.1285582408412846,0.3050561845302582,on,capture,0.0,0.05,20,0.0,4,4,heading-only,0.0,0,0.04,obstacle,0.24,15,skill.STEP_TROT_MAX,step_up_0p24,0,0,2026-08-31T15:57:54Z,goal,1,TROT,1.0,0.0,901,0.0,1,nan,,
--headless --device cpu --params skill.STEP_TROT_MAX --reps 5 --foot-comp on --heading heading-only --results-csv outputs/trot_capture.csv --trace-npz outputs/trace_trot_cap_F.npz --foot-gain capture --foot-vy-avg-n 20 --foot-offset-clip-m 0.05,,0,step_up,1,2.047107484783463,0.30498751997947693,on,capture,0.0,0.05,20,0.0,4,4,heading-only,0.0,0,0.04,obstacle,0.26,15,skill.STEP_TROT_MAX,step_up_0p26,0,0,2026-08-31T15:57:54Z,goal,1,TROT,1.0,0.0,901,0.0,1,nan,,
--headless --device cpu --params skill.STEP_TROT_MAX --reps 5 --foot-comp on --heading heading-only --results-csv outputs/trot_capture.csv --trace-npz outputs/trace_trot_cap_F.npz --foot-gain capture --foot-vy-avg-n 20 --foot-offset-clip-m 0.05,,0,step_up,1,2.0345373379397524,0.3050905168056488,on,capture,0.0,0.05,20,0.0,4,4,heading-only,0.0,0,0.04,obstacle,0.28,15,skill.STEP_TROT_MAX,step_up_0p28,0,0,2026-08-31T15:57:54Z,goal,1,TROT,0.9999999999999982,0.0,901,0.0,1,nan,,
--headless --device cpu --params skill.STEP_TROT_MAX --reps 5 --foot-comp on --heading heading-only --results-csv outputs/trot_capture.csv --trace-npz outputs/trace_trot_cap_F.npz --foot-gain capture --foot-vy-avg-n 20 --foot-offset-clip-m 0.05,,0,step_up,1,2.076472180918833,0.3050049841403961,on,capture,0.0,0.05,20,0.0,4,4,heading-only,0.0,0,0.04,obstacle,0.3,15,skill.STEP_TROT_MAX,step_up_0p30,0,0,2026-08-31T15:57:54Z,goal,1,TROT,0.9999999999999964,0.0,901,0.0,1,nan,,
--headless --device cpu --params skill.STEP_TROT_MAX --reps 5 --foot-comp on --heading heading-only --results-csv outputs/trot_capture.csv --trace-npz outputs/trace_trot_cap_F.npz --foot-gain capture --foot-vy-avg-n 20 --foot-offset-clip-m 0.05,,6,step_up,1,3.60780771734252,0.3050636947154999,on,capture,0.0,0.05,20,0.0,4,4,heading-only,0.0,0,0.04,obstacle,0.02,15,skill.STEP_TROT_MAX,step_up_0p02,0,1,2026-08-31T15:57:54Z,goal,1,TROT,1.0,0.0,74,0.0,1,nan,,
--headless --device cpu --params skill.STEP_TROT_MAX --reps 5 --foot-comp on --heading heading-only --results-csv outputs/trot_capture.csv --trace-npz outputs/trace_trot_cap_F.npz --foot-gain capture --foot-vy-avg-n 20 --foot-offset-clip-m 0.05,,6,step_up,1,3.60026569456603,0.30502018332481384,on,capture,0.0,0.05,20,0.0,4,4,heading-only,0.0,0,0.04,obstacle,0.04,15,skill.STEP_TROT_MAX,step_up_0p04,0,1,2026-08-31T15:57:54Z,goal,1,TROT,0.9999999999999982,0.0,74,0.0,1,nan,,
--headless --device cpu --params skill.STEP_TROT_MAX --reps 5 --foot-comp on --heading heading-only --results-csv outputs/trot_capture.csv --trace-npz outputs/trace_trot_cap_F.npz --foot-gain capture --foot-vy-avg-n 20 --foot-offset-clip-m 0.05,,6,step_up,1,3.600165359293835,0.305078387260437,on,capture,0.0,0.05,20,0.0,4,4,heading-only,0.0,0,0.04,obstacle,0.06,15,skill.STEP_TROT_MAX,step_up_0p06,0,1,2026-08-31T15:57:54Z,goal,1,TROT,0.9999999999999964,0.0,74,0.0,1,nan,,
--headless --device cpu --params skill.STEP_TROT_MAX --reps 5 --foot-comp on --heading heading-only --results-csv outputs/trot_capture.csv --trace-npz outputs/trace_trot_cap_F.npz --foot-gain capture --foot-vy-avg-n 20 --foot-offset-clip-m 0.05,,6,step_up,1,3.6014722455374297,0.3050400912761688,on,capture,0.0,0.05,20,0.0,4,4,heading-only,0.0,0,0.04,obstacle,0.08,15,skill.STEP_TROT_MAX,step_up_0p08,0,1,2026-08-31T15:57:54Z,goal,1,TROT,1.0,0.0,74,0.0,1,nan,,
--headless --device cpu --params skill.STEP_TROT_MAX --reps 5 --foot-comp on --heading heading-only --results-csv outputs/trot_capture.csv --trace-npz outputs/trace_trot_cap_F.npz --foot-gain capture --foot-vy-avg-n 20 --foot-offset-clip-m 0.05,,6,step_up,1,3.7149650345855183,0.3051048219203949,on,capture,0.0,0.05,20,0.0,4,4,heading-only,0.0,0,0.04,obstacle,0.1,15,skill.STEP_TROT_MAX,step_up_0p10,0,1,2026-08-31T15:57:54Z,goal,1,TROT,1.0,0.0,74,0.0,1,nan,,
--headless --device cpu --params skill.STEP_TROT_MAX --reps 5 --foot-comp on --heading heading-only --results-csv outputs/trot_capture.csv --trace-npz outputs/trace_trot_cap_F.npz --foot-gain capture --foot-vy-avg-n 20 --foot-offset-clip-m 0.05,,6,step_up,1,3.6891673052925804,0.3050236403942108,on,capture,0.0,0.05,20,0.0,4,4,heading-only,0.0,0,0.04,obstacle,0.12,15,skill.STEP_TROT_MAX,step_up_0p12,0,1,2026-08-31T15:57:54Z,goal,1,TROT,0.9999999999999982,0.0,74,0.0,1,nan,,
--headless --device cpu --params skill.STEP_TROT_MAX --reps 5 --foot-comp on --heading heading-only --results-csv outputs/trot_capture.csv --trace-npz outputs/trace_trot_cap_F.npz --foot-gain capture --foot-vy-avg-n 20 --foot-offset-clip-m 0.05,,6,step_up,1,3.612458160096521,0.3050588071346283,on,capture,0.0,0.05,20,0.0,4,4,heading-only,0.0,0,0.04,obstacle,0.14,15,skill.STEP_TROT_MAX,step_up_0p14,0,1,2026-08-31T15:57:54Z,goal,1,TROT,0.9999999999999964,0.0,74,0.0,1,nan,,
--headless --device cpu --params skill.STEP_TROT_MAX --reps 5 --foot-comp on --heading heading-only --results-csv outputs/trot_capture.csv --trace-npz outputs/trace_trot_cap_F.npz --foot-gain capture --foot-vy-avg-n 20 --foot-offset-clip-m 0.05,,6,step_up,1,3.609791615141179,0.30493807792663574,on,capture,0.0,0.05,20,0.0,4,4,heading-only,0.0,0,0.04,obstacle,0.16,15,skill.STEP_TROT_MAX,step_up_0p16,0,1,2026-08-31T15:57:54Z,goal,1,TROT,1.0,0.0,74,0.0,1,nan,,
--headless --device cpu --params skill.STEP_TROT_MAX --reps 5 --foot-comp on --heading heading-only --results-csv outputs/trot_capture.csv --trace-npz outputs/trace_trot_cap_F.npz --foot-gain capture --foot-vy-avg-n 20 --foot-offset-clip-m 0.05,,6,step_up,1,3.609473018186371,0.30493131279945374,on,capture,0.0,0.05,20,0.0,4,4,heading-only,0.0,0,0.04,obstacle,0.18,15,skill.STEP_TROT_MAX,step_up_0p18,0,1,2026-08-31T15:57:54Z,goal,1,TROT,1.0,0.0,74,0.0,1,nan,,
--headless --device cpu --params skill.STEP_TROT_MAX --reps 5 --foot-comp on --heading heading-only --results-csv outputs/trot_capture.csv --trace-npz outputs/trace_trot_cap_F.npz --foot-gain capture --foot-vy-avg-n 20 --foot-offset-clip-m 0.05,,6,step_up,1,3.600472184061228,0.3049478828907013,on,capture,0.0,0.05,20,0.0,4,4,heading-only,0.0,0,0.04,obstacle,0.2,15,skill.STEP_TROT_MAX,step_up_0p20,0,1,2026-08-31T15:57:54Z,goal,1,TROT,0.9999999999999982,0.0,74,0.0,1,nan,,
--headless --device cpu --params skill.STEP_TROT_MAX --reps 5 --foot-comp on --heading heading-only --results-csv outputs/trot_capture.csv --trace-npz outputs/trace_trot_cap_F.npz --foot-gain capture --foot-vy-avg-n 20 --foot-offset-clip-m 0.05,,6,step_up,1,3.591782954094176,0.3051995635032654,on,capture,0.0,0.05,20,0.0,4,4,heading-only,0.0,0,0.04,obstacle,0.22,15,skill.STEP_TROT_MAX,step_up_0p22,0,1,2026-08-31T15:57:54Z,goal,1,TROT,0.9999999999999964,0.0,74,0.0,1,nan,,
--headless --device cpu --params skill.STEP_TROT_MAX --reps 5 --foot-comp on --heading heading-only --results-csv outputs/trot_capture.csv --trace-npz outputs/trace_trot_cap_F.npz --foot-gain capture --foot-vy-avg-n 20 --foot-offset-clip-m 0.05,,6,step_up,1,3.6444730459603236,0.3050561845302582,on,capture,0.0,0.05,20,0.0,4,4,heading-only,0.0,0,0.04,obstacle,0.24,15,skill.STEP_TROT_MAX,step_up_0p24,0,1,2026-08-31T15:57:54Z,goal,1,TROT,1.0,0.0,74,0.0,1,nan,,
--headless --device cpu --params skill.STEP_TROT_MAX --reps 5 --foot-comp on --heading heading-only --results-csv outputs/trot_capture.csv --trace-npz outputs/trace_trot_cap_F.npz --foot-gain capture --foot-vy-avg-n 20 --foot-offset-clip-m 0.05,,6,step_up,1,3.6062446751056196,0.30498751997947693,on,capture,0.0,0.05,20,0.0,4,4,heading-only,0.0,0,0.04,obstacle,0.26,15,skill.STEP_TROT_MAX,step_up_0p26,0,1,2026-08-31T15:57:54Z,goal,1,TROT,1.0,0.0,74,0.0,1,nan,,
--headless --device cpu --params skill.STEP_TROT_MAX --reps 5 --foot-comp on --heading heading-only --results-csv outputs/trot_capture.csv --trace-npz outputs/trace_trot_cap_F.npz --foot-gain capture --foot-vy-avg-n 20 --foot-offset-clip-m 0.05,,6,step_up,1,3.59996800541328,0.3050905168056488,on,capture,0.0,0.05,20,0.0,4,4,heading-only,0.0,0,0.04,obstacle,0.28,15,skill.STEP_TROT_MAX,step_up_0p28,0,1,2026-08-31T15:57:54Z,goal,1,TROT,0.9999999999999982,0.0,74,0.0,1,nan,,
--headless --device cpu --params skill.STEP_TROT_MAX --reps 5 --foot-comp on --heading heading-only --results-csv outputs/trot_capture.csv --trace-npz outputs/trace_trot_cap_F.npz --foot-gain capture --foot-vy-avg-n 20 --foot-offset-clip-m 0.05,,6,step_up,1,3.5988784712338315,0.3050049841403961,on,capture,0.0,0.05,20,0.0,4,4,heading-only,0.0,0,0.04,obstacle,0.3,15,skill.STEP_TROT_MAX,step_up_0p30,0,1,2026-08-31T15:57:54Z,goal,1,TROT,0.9999999999999964,0.0,74,0.0,1,nan,,
--headless --device cpu --params skill.STEP_TROT_MAX --reps 5 --foot-comp on --heading heading-only --results-csv outputs/trot_capture.csv --trace-npz outputs/trace_trot_cap_F.npz --foot-gain capture --foot-vy-avg-n 20 --foot-offset-clip-m 0.05,,13,step_up,1,4.144340176423639,0.3050636947154999,on,capture,0.0,0.05,20,0.0,4,4,heading-only,0.0,0,0.04,obstacle,0.02,15,skill.STEP_TROT_MAX,step_up_0p02,0,2,2026-08-31T15:57:54Z,goal,1,TROT,1.0,0.0,392,0.0,1,nan,,
--headless --device cpu --params skill.STEP_TROT_MAX --reps 5 --foot-comp on --heading heading-only --results-csv outputs/trot_capture.csv --trace-npz outputs/trace_trot_cap_F.npz --foot-gain capture --foot-vy-avg-n 20 --foot-offset-clip-m 0.05,,13,step_up,1,3.9983211675281267,0.30502018332481384,on,capture,0.0,0.05,20,0.0,4,4,heading-only,0.0,0,0.04,obstacle,0.04,15,skill.STEP_TROT_MAX,step_up_0p04,0,2,2026-08-31T15:57:54Z,goal,1,TROT,0.9999999999999982,0.0,392,0.0,1,nan,,
--headless --device cpu --params skill.STEP_TROT_MAX --reps 5 --foot-comp on --heading heading-only --results-csv outputs/trot_capture.csv --trace-npz outputs/trace_trot_cap_F.npz --foot-gain capture --foot-vy-avg-n 20 --foot-offset-clip-m 0.05,,13,step_up,1,4.424921172199699,0.305078387260437,on,capture,0.0,0.05,20,0.0,4,4,heading-only,0.0,0,0.04,obstacle,0.06,15,skill.STEP_TROT_MAX,step_up_0p06,0,2,2026-08-31T15:57:54Z,goal,1,TROT,0.9999999999999964,0.0,392,0.0,1,nan,,
--headless --device cpu --params skill.STEP_TROT_MAX --reps 5 --foot-comp on --heading heading-only --results-csv outputs/trot_capture.csv --trace-npz outputs/trace_trot_cap_F.npz --foot-gain capture --foot-vy-avg-n 20 --foot-offset-clip-m 0.05,,13,step_up,1,4.296726967037685,0.3050400912761688,on,capture,0.0,0.05,20,0.0,4,4,heading-only,0.0,0,0.04,obstacle,0.08,15,skill.STEP_TROT_MAX,step_up_0p08,0,2,2026-08-31T15:57:54Z,goal,1,TROT,1.0,0.0,392,0.0,1,nan,,
--headless --device cpu --params skill.STEP_TROT_MAX --reps 5 --foot-comp on --heading heading-only --results-csv outputs/trot_capture.csv --trace-npz outputs/trace_trot_cap_F.npz --foot-gain capture --foot-vy-avg-n 20 --foot-offset-clip-m 0.05,,13,step_up,1,2.218441217070266,0.3051048219203949,on,capture,0.0,0.05,20,0.0,4,4,heading-only,0.0,0,0.04,obstacle,0.1,15,skill.STEP_TROT_MAX,step_up_0p10,0,2,2026-08-31T15:57:54Z,goal,1,TROT,1.0,0.0,392,0.0,1,nan,,
--headless --device cpu --params skill.STEP_TROT_MAX --reps 5 --foot-comp on --heading heading-only --results-csv outputs/trot_capture.csv --trace-npz outputs/trace_trot_cap_F.npz --foot-gain capture --foot-vy-avg-n 20 --foot-offset-clip-m 0.05,,13,step_up,1,4.051280504686447,0.3050236403942108,on,capture,0.0,0.05,20,0.0,4,4,heading-only,0.0,0,0.04,obstacle,0.12,15,skill.STEP_TROT_MAX,step_up_0p12,0,2,2026-08-31T15:57:54Z,goal,1,TROT,0.9999999999999982,0.0,392,0.0,1,nan,,
--headless --device cpu --params skill.STEP_TROT_MAX --reps 5 --foot-comp on --heading heading-only --results-csv outputs/trot_capture.csv --trace-npz outputs/trace_trot_cap_F.npz --foot-gain capture --foot-vy-avg-n 20 --foot-offset-clip-m 0.05,,13,step_up,1,3.9931403792318,0.3050588071346283,on,capture,0.0,0.05,20,0.0,4,4,heading-only,0.0,0,0.04,obstacle,0.14,15,skill.STEP_TROT_MAX,step_up_0p14,0,2,2026-08-31T15:57:54Z,goal,1,TROT,0.9999999999999964,0.0,392,0.0,1,nan,,
--headless --device cpu --params skill.STEP_TROT_MAX --reps 5 --foot-comp on --heading heading-only --results-csv outputs/trot_capture.csv --trace-npz outputs/trace_trot_cap_F.npz --foot-gain capture --foot-vy-avg-n 20 --foot-offset-clip-m 0.05,,13,step_up,1,4.0409842509562255,0.30493807792663574,on,capture,0.0,0.05,20,0.0,4,4,heading-only,0.0,0,0.04,obstacle,0.16,15,skill.STEP_TROT_MAX,step_up_0p16,0,2,2026-08-31T15:57:54Z,goal,1,TROT,1.0,0.0,392,0.0,1,nan,,
--headless --device cpu --params skill.STEP_TROT_MAX --reps 5 --foot-comp on --heading heading-only --results-csv outputs/trot_capture.csv --trace-npz outputs/trace_trot_cap_F.npz --foot-gain capture --foot-vy-avg-n 20 --foot-offset-clip-m 0.05,,13,step_up,1,4.179139004120754,0.30493131279945374,on,capture,0.0,0.05,20,0.0,4,4,heading-only,0.0,0,0.04,obstacle,0.18,15,skill.STEP_TROT_MAX,step_up_0p18,0,2,2026-08-31T15:57:54Z,goal,1,TROT,1.0,0.0,392,0.0,1,nan,,
--headless --device cpu --params skill.STEP_TROT_MAX --reps 5 --foot-comp on --heading heading-only --results-csv outputs/trot_capture.csv --trace-npz outputs/trace_trot_cap_F.npz --foot-gain capture --foot-vy-avg-n 20 --foot-offset-clip-m 0.05,,13,step_up,1,3.989723971372054,0.3049478828907013,on,capture,0.0,0.05,20,0.0,4,4,heading-only,0.0,0,0.04,obstacle,0.2,15,skill.STEP_TROT_MAX,step_up_0p20,0,2,2026-08-31T15:57:54Z,goal,1,TROT,0.9999999999999982,0.0,392,0.0,1,nan,,
--headless --device cpu --params skill.STEP_TROT_MAX --reps 5 --foot-comp on --heading heading-only --results-csv outputs/trot_capture.csv --trace-npz outputs/trace_trot_cap_F.npz --foot-gain capture --foot-vy-avg-n 20 --foot-offset-clip-m 0.05,,13,step_up,1,3.9867560211291257,0.3051995635032654,on,capture,0.0,0.05,20,0.0,4,4,heading-only,0.0,0,0.04,obstacle,0.22,15,skill.STEP_TROT_MAX,step_up_0p22,0,2,2026-08-31T15:57:54Z,goal,1,TROT,0.9999999999999964,0.0,392,0.0,1,nan,,
--headless --device cpu --params skill.STEP_TROT_MAX --reps 5 --foot-comp on --heading heading-only --results-csv outputs/trot_capture.csv --trace-npz outputs/trace_trot_cap_F.npz --foot-gain capture --foot-vy-avg-n 20 --foot-offset-clip-m 0.05,,13,step_up,1,4.002016302349522,0.3050561845302582,on,capture,0.0,0.05,20,0.0,4,4,heading-only,0.0,0,0.04,obstacle,0.24,15,skill.STEP_TROT_MAX,step_up_0p24,0,2,2026-08-31T15:57:54Z,goal,1,TROT,1.0,0.0,392,0.0,1,nan,,
--headless --device cpu --params skill.STEP_TROT_MAX --reps 5 --foot-comp on --heading heading-only --results-csv outputs/trot_capture.csv --trace-npz outputs/trace_trot_cap_F.npz --foot-gain capture --foot-vy-avg-n 20 --foot-offset-clip-m 0.05,,13,step_up,1,4.002115814579136,0.30498751997947693,on,capture,0.0,0.05,20,0.0,4,4,heading-only,0.0,0,0.04,obstacle,0.26,15,skill.STEP_TROT_MAX,step_up_0p26,0,2,2026-08-31T15:57:54Z,goal,1,TROT,1.0,0.0,392,0.0,1,nan,,
--headless --device cpu --params skill.STEP_TROT_MAX --reps 5 --foot-comp on --heading heading-only --results-csv outputs/trot_capture.csv --trace-npz outputs/trace_trot_cap_F.npz --foot-gain capture --foot-vy-avg-n 20 --foot-offset-clip-m 0.05,,13,step_up,1,4.377869921432296,0.3050905168056488,on,capture,0.0,0.05,20,0.0,4,4,heading-only,0.0,0,0.04,obstacle,0.28,15,skill.STEP_TROT_MAX,step_up_0p28,0,2,2026-08-31T15:57:54Z,goal,1,TROT,0.9999999999999982,0.0,392,0.0,1,nan,,
--headless --device cpu --params skill.STEP_TROT_MAX --reps 5 --foot-comp on --heading heading-only --results-csv outputs/trot_capture.csv --trace-npz outputs/trace_trot_cap_F.npz --foot-gain capture --foot-vy-avg-n 20 --foot-offset-clip-m 0.05,,13,step_up,1,4.4350347820785725,0.3050049841403961,on,capture,0.0,0.05,20,0.0,4,4,heading-only,0.0,0,0.04,obstacle,0.3,15,skill.STEP_TROT_MAX,step_up_0p30,0,2,2026-08-31T15:57:54Z,goal,1,TROT,0.9999999999999964,0.0,392,0.0,1,nan,,
--headless --device cpu --params skill.STEP_TROT_MAX --reps 5 --foot-comp on --heading heading-only --results-csv outputs/trot_capture.csv --trace-npz outputs/trace_trot_cap_F.npz --foot-gain capture --foot-vy-avg-n 20 --foot-offset-clip-m 0.05,,19,step_up,1,3.9958990911988677,0.3050636947154999,on,capture,0.0,0.05,20,0.0,4,4,heading-only,0.0,0,0.04,obstacle,0.02,15,skill.STEP_TROT_MAX,step_up_0p02,0,3,2026-08-31T15:57:54Z,goal,1,TROT,1.0,0.0,148,0.0,1,nan,,
--headless --device cpu --params skill.STEP_TROT_MAX --reps 5 --foot-comp on --heading heading-only --results-csv outputs/trot_capture.csv --trace-npz outputs/trace_trot_cap_F.npz --foot-gain capture --foot-vy-avg-n 20 --foot-offset-clip-m 0.05,,19,step_up,1,4.233016218182699,0.30502018332481384,on,capture,0.0,0.05,20,0.0,4,4,heading-only,0.0,0,0.04,obstacle,0.04,15,skill.STEP_TROT_MAX,step_up_0p04,0,3,2026-08-31T15:57:54Z,goal,1,TROT,0.9999999999999982,0.0,148,0.0,1,nan,,
--headless --device cpu --params skill.STEP_TROT_MAX --reps 5 --foot-comp on --heading heading-only --results-csv outputs/trot_capture.csv --trace-npz outputs/trace_trot_cap_F.npz --foot-gain capture --foot-vy-avg-n 20 --foot-offset-clip-m 0.05,,19,step_up,1,3.9133363560681538,0.305078387260437,on,capture,0.0,0.05,20,0.0,4,4,heading-only,0.0,0,0.04,obstacle,0.06,15,skill.STEP_TROT_MAX,step_up_0p06,0,3,2026-08-31T15:57:54Z,goal,1,TROT,0.9999999999999964,0.0,148,0.0,1,nan,,
--headless --device cpu --params skill.STEP_TROT_MAX --reps 5 --foot-comp on --heading heading-only --results-csv outputs/trot_capture.csv --trace-npz outputs/trace_trot_cap_F.npz --foot-gain capture --foot-vy-avg-n 20 --foot-offset-clip-m 0.05,,19,step_up,1,4.035050234780562,0.3050400912761688,on,capture,0.0,0.05,20,0.0,4,4,heading-only,0.0,0,0.04,obstacle,0.08,15,skill.STEP_TROT_MAX,step_up_0p08,0,3,2026-08-31T15:57:54Z,goal,1,TROT,1.0,0.0,148,0.0,1,nan,,
--headless --device cpu --params skill.STEP_TROT_MAX --reps 5 --foot-comp on --heading heading-only --results-csv outputs/trot_capture.csv --trace-npz outputs/trace_trot_cap_F.npz --foot-gain capture --foot-vy-avg-n 20 --foot-offset-clip-m 0.05,,19,step_up,1,4.202088682822925,0.3051048219203949,on,capture,0.0,0.05,20,0.0,4,4,heading-only,0.0,0,0.04,obstacle,0.1,15,skill.STEP_TROT_MAX,step_up_0p10,0,3,2026-08-31T15:57:54Z,goal,1,TROT,1.0,0.0,148,0.0,1,nan,,
--headless --device cpu --params skill.STEP_TROT_MAX --reps 5 --foot-comp on --heading heading-only --results-csv outputs/trot_capture.csv --trace-npz outputs/trace_trot_cap_F.npz --foot-gain capture --foot-vy-avg-n 20 --foot-offset-clip-m 0.05,,19,step_up,1,4.004806512249247,0.3050236403942108,on,capture,0.0,0.05,20,0.0,4,4,heading-only,0.0,0,0.04,obstacle,0.12,15,skill.STEP_TROT_MAX,step_up_0p12,0,3,2026-08-31T15:57:54Z,goal,1,TROT,0.9999999999999982,0.0,148,0.0,1,nan,,
--headless --device cpu --params skill.STEP_TROT_MAX --reps 5 --foot-comp on --heading heading-only --results-csv outputs/trot_capture.csv --trace-npz outputs/trace_trot_cap_F.npz --foot-gain capture --foot-vy-avg-n 20 --foot-offset-clip-m 0.05,,19,step_up,1,4.06188226434273,0.3050588071346283,on,capture,0.0,0.05,20,0.0,4,4,heading-only,0.0,0,0.04,obstacle,0.14,15,skill.STEP_TROT_MAX,step_up_0p14,0,3,2026-08-31T15:57:54Z,goal,1,TROT,0.9999999999999964,0.0,148,0.0,1,nan,,
--headless --device cpu --params skill.STEP_TROT_MAX --reps 5 --foot-comp on --heading heading-only --results-csv outputs/trot_capture.csv --trace-npz outputs/trace_trot_cap_F.npz --foot-gain capture --foot-vy-avg-n 20 --foot-offset-clip-m 0.05,,19,step_up,1,4.269203779145821,0.30493807792663574,on,capture,0.0,0.05,20,0.0,4,4,heading-only,0.0,0,0.04,obstacle,0.16,15,skill.STEP_TROT_MAX,step_up_0p16,0,3,2026-08-31T15:57:54Z,goal,1,TROT,1.0,0.0,148,0.0,1,nan,,
--headless --device cpu --params skill.STEP_TROT_MAX --reps 5 --foot-comp on --heading heading-only --results-csv outputs/trot_capture.csv --trace-npz outputs/trace_trot_cap_F.npz --foot-gain capture --foot-vy-avg-n 20 --foot-offset-clip-m 0.05,,19,step_up,1,4.10129708435195,0.30493131279945374,on,capture,0.0,0.05,20,0.0,4,4,heading-only,0.0,0,0.04,obstacle,0.18,15,skill.STEP_TROT_MAX,step_up_0p18,0,3,2026-08-31T15:57:54Z,goal,1,TROT,1.0,0.0,148,0.0,1,nan,,
--headless --device cpu --params skill.STEP_TROT_MAX --reps 5 --foot-comp on --heading heading-only --results-csv outputs/trot_capture.csv --trace-npz outputs/trace_trot_cap_F.npz --foot-gain capture --foot-vy-avg-n 20 --foot-offset-clip-m 0.05,,19,step_up,1,4.0375974283363805,0.3049478828907013,on,capture,0.0,0.05,20,0.0,4,4,heading-only,0.0,0,0.04,obstacle,0.2,15,skill.STEP_TROT_MAX,step_up_0p20,0,3,2026-08-31T15:57:54Z,goal,1,TROT,0.9999999999999982,0.0,148,0.0,1,nan,,
--headless --device cpu --params skill.STEP_TROT_MAX --reps 5 --foot-comp on --heading heading-only --results-csv outputs/trot_capture.csv --trace-npz outputs/trace_trot_cap_F.npz --foot-gain capture --foot-vy-avg-n 20 --foot-offset-clip-m 0.05,,19,step_up,1,4.203679203755337,0.3051995635032654,on,capture,0.0,0.05,20,0.0,4,4,heading-only,0.0,0,0.04,obstacle,0.22,15,skill.STEP_TROT_MAX,step_up_0p22,0,3,2026-08-31T15:57:54Z,goal,1,TROT,0.9999999999999964,0.0,148,0.0,1,nan,,
--headless --device cpu --params skill.STEP_TROT_MAX --reps 5 --foot-comp on --heading heading-only --results-csv outputs/trot_capture.csv --trace-npz outputs/trace_trot_cap_F.npz --foot-gain capture --foot-vy-avg-n 20 --foot-offset-clip-m 0.05,,19,step_up,1,4.273009906012226,0.3050561845302582,on,capture,0.0,0.05,20,0.0,4,4,heading-only,0.0,0,0.04,obstacle,0.24,15,skill.STEP_TROT_MAX,step_up_0p24,0,3,2026-08-31T15:57:54Z,goal,1,TROT,1.0,0.0,148,0.0,1,nan,,
--headless --device cpu --params skill.STEP_TROT_MAX --reps 5 --foot-comp on --heading heading-only --results-csv outputs/trot_capture.csv --trace-npz outputs/trace_trot_cap_F.npz --foot-gain capture --foot-vy-avg-n 20 --foot-offset-clip-m 0.05,,19,step_up,1,3.9409812079776785,0.30498751997947693,on,capture,0.0,0.05,20,0.0,4,4,heading-only,0.0,0,0.04,obstacle,0.26,15,skill.STEP_TROT_MAX,step_up_0p26,0,3,2026-08-31T15:57:54Z,goal,1,TROT,1.0,0.0,148,0.0,1,nan,,
--headless --device cpu --params skill.STEP_TROT_MAX --reps 5 --foot-comp on --heading heading-only --results-csv outputs/trot_capture.csv --trace-npz outputs/trace_trot_cap_F.npz --foot-gain capture --foot-vy-avg-n 20 --foot-offset-clip-m 0.05,,19,step_up,1,4.2391363702918,0.3050905168056488,on,capture,0.0,0.05,20,0.0,4,4,heading-only,0.0,0,0.04,obstacle,0.28,15,skill.STEP_TROT_MAX,step_up_0p28,0,3,2026-08-31T15:57:54Z,goal,1,TROT,0.9999999999999982,0.0,148,0.0,1,nan,,
--headless --device cpu --params skill.STEP_TROT_MAX --reps 5 --foot-comp on --heading heading-only --results-csv outputs/trot_capture.csv --trace-npz outputs/trace_trot_cap_F.npz --foot-gain capture --foot-vy-avg-n 20 --foot-offset-clip-m 0.05,,19,step_up,1,4.204607027233311,0.3050049841403961,on,capture,0.0,0.05,20,0.0,4,4,heading-only,0.0,0,0.04,obstacle,0.3,15,skill.STEP_TROT_MAX,step_up_0p30,0,3,2026-08-31T15:57:54Z,goal,1,TROT,0.9999999999999964,0.0,148,0.0,1,nan,,
--headless --device cpu --params skill.STEP_TROT_MAX --reps 5 --foot-comp on --heading heading-only --results-csv outputs/trot_capture.csv --trace-npz outputs/trace_trot_cap_F.npz --foot-gain capture --foot-vy-avg-n 20 --foot-offset-clip-m 0.05,,26,step_up,1,4.28864389042168,0.3050636947154999,on,capture,0.0,0.05,20,0.0,4,4,heading-only,0.0,0,0.04,obstacle,0.02,15,skill.STEP_TROT_MAX,step_up_0p02,0,4,2026-08-31T15:57:54Z,goal,1,TROT,1.0,0.0,59,0.0,1,nan,,
--headless --device cpu --params skill.STEP_TROT_MAX --reps 5 --foot-comp on --heading heading-only --results-csv outputs/trot_capture.csv --trace-npz outputs/trace_trot_cap_F.npz --foot-gain capture --foot-vy-avg-n 20 --foot-offset-clip-m 0.05,,26,step_up,1,4.283736000815638,0.30502018332481384,on,capture,0.0,0.05,20,0.0,4,4,heading-only,0.0,0,0.04,obstacle,0.04,15,skill.STEP_TROT_MAX,step_up_0p04,0,4,2026-08-31T15:57:54Z,goal,1,TROT,0.9999999999999982,0.0,59,0.0,1,nan,,
--headless --device cpu --params skill.STEP_TROT_MAX --reps 5 --foot-comp on --heading heading-only --results-csv outputs/trot_capture.csv --trace-npz outputs/trace_trot_cap_F.npz --foot-gain capture --foot-vy-avg-n 20 --foot-offset-clip-m 0.05,,26,step_up,1,4.287287944211985,0.305078387260437,on,capture,0.0,0.05,20,0.0,4,4,heading-only,0.0,0,0.04,obstacle,0.06,15,skill.STEP_TROT_MAX,step_up_0p06,0,4,2026-08-31T15:57:54Z,goal,1,TROT,0.9999999999999964,0.0,59,0.0,1,nan,,
--headless --device cpu --params skill.STEP_TROT_MAX --reps 5 --foot-comp on --heading heading-only --results-csv outputs/trot_capture.csv --trace-npz outputs/trace_trot_cap_F.npz --foot-gain capture --foot-vy-avg-n 20 --foot-offset-clip-m 0.05,,26,step_up,1,4.278909108512376,0.3050400912761688,on,capture,0.0,0.05,20,0.0,4,4,heading-only,0.0,0,0.04,obstacle,0.08,15,skill.STEP_TROT_MAX,step_up_0p08,0,4,2026-08-31T15:57:54Z,goal,1,TROT,1.0,0.0,59,0.0,1,nan,,
--headless --device cpu --params skill.STEP_TROT_MAX --reps 5 --foot-comp on --heading heading-only --results-csv outputs/trot_capture.csv --trace-npz outputs/trace_trot_cap_F.npz --foot-gain capture --foot-vy-avg-n 20 --foot-offset-clip-m 0.05,,26,step_up,1,4.260442468730115,0.3051048219203949,on,capture,0.0,0.05,20,0.0,4,4,heading-only,0.0,0,0.04,obstacle,0.1,15,skill.STEP_TROT_MAX,step_up_0p10,0,4,2026-08-31T15:57:54Z,goal,1,TROT,1.0,0.0,59,0.0,1,nan,,
--headless --device cpu --params skill.STEP_TROT_MAX --reps 5 --foot-comp on --heading heading-only --results-csv outputs/trot_capture.csv --trace-npz outputs/trace_trot_cap_F.npz --foot-gain capture --foot-vy-avg-n 20 --foot-offset-clip-m 0.05,,26,step_up,1,4.2834748320685545,0.3050236403942108,on,capture,0.0,0.05,20,0.0,4,4,heading-only,0.0,0,0.04,obstacle,0.12,15,skill.STEP_TROT_MAX,step_up_0p12,0,4,2026-08-31T15:57:54Z,goal,1,TROT,0.9999999999999982,0.0,59,0.0,1,nan,,
--headless --device cpu --params skill.STEP_TROT_MAX --reps 5 --foot-comp on --heading heading-only --results-csv outputs/trot_capture.csv --trace-npz outputs/trace_trot_cap_F.npz --foot-gain capture --foot-vy-avg-n 20 --foot-offset-clip-m 0.05,,26,step_up,1,4.278347500591463,0.3050588071346283,on,capture,0.0,0.05,20,0.0,4,4,heading-only,0.0,0,0.04,obstacle,0.14,15,skill.STEP_TROT_MAX,step_up_0p14,0,4,2026-08-31T15:57:54Z,goal,1,TROT,0.9999999999999964,0.0,59,0.0,1,nan,,
--headless --device cpu --params skill.STEP_TROT_MAX --reps 5 --foot-comp on --heading heading-only --results-csv outputs/trot_capture.csv --trace-npz outputs/trace_trot_cap_F.npz --foot-gain capture --foot-vy-avg-n 20 --foot-offset-clip-m 0.05,,26,step_up,1,4.283501134922621,0.30493807792663574,on,capture,0.0,0.05,20,0.0,4,4,heading-only,0.0,0,0.04,obstacle,0.16,15,skill.STEP_TROT_MAX,step_up_0p16,0,4,2026-08-31T15:57:54Z,goal,1,TROT,1.0,0.0,59,0.0,1,nan,,
--headless --device cpu --params skill.STEP_TROT_MAX --reps 5 --foot-comp on --heading heading-only --results-csv outputs/trot_capture.csv --trace-npz outputs/trace_trot_cap_F.npz --foot-gain capture --foot-vy-avg-n 20 --foot-offset-clip-m 0.05,,26,step_up,1,4.2873793198233665,0.30493131279945374,on,capture,0.0,0.05,20,0.0,4,4,heading-only,0.0,0,0.04,obstacle,0.18,15,skill.STEP_TROT_MAX,step_up_0p18,0,4,2026-08-31T15:57:54Z,goal,1,TROT,1.0,0.0,59,0.0,1,nan,,
--headless --device cpu --params skill.STEP_TROT_MAX --reps 5 --foot-comp on --heading heading-only --results-csv outputs/trot_capture.csv --trace-npz outputs/trace_trot_cap_F.npz --foot-gain capture --foot-vy-avg-n 20 --foot-offset-clip-m 0.05,,26,step_up,1,4.295256978109841,0.3049478828907013,on,capture,0.0,0.05,20,0.0,4,4,heading-only,0.0,0,0.04,obstacle,0.2,15,skill.STEP_TROT_MAX,step_up_0p20,0,4,2026-08-31T15:57:54Z,goal,1,TROT,0.9999999999999982,0.0,59,0.0,1,nan,,
--headless --device cpu --params skill.STEP_TROT_MAX --reps 5 --foot-comp on --heading heading-only --results-csv outputs/trot_capture.csv --trace-npz outputs/trace_trot_cap_F.npz --foot-gain capture --foot-vy-avg-n 20 --foot-offset-clip-m 0.05,,26,step_up,1,4.2877938023113265,0.3051995635032654,on,capture,0.0,0.05,20,0.0,4,4,heading-only,0.0,0,0.04,obstacle,0.22,15,skill.STEP_TROT_MAX,step_up_0p22,0,4,2026-08-31T15:57:54Z,goal,1,TROT,0.9999999999999964,0.0,59,0.0,1,nan,,
--headless --device cpu --params skill.STEP_TROT_MAX --reps 5 --foot-comp on --heading heading-only --results-csv outputs/trot_capture.csv --trace-npz outputs/trace_trot_cap_F.npz --foot-gain capture --foot-vy-avg-n 20 --foot-offset-clip-m 0.05,,26,step_up,1,4.280156164717471,0.3050561845302582,on,capture,0.0,0.05,20,0.0,4,4,heading-only,0.0,0,0.04,obstacle,0.24,15,skill.STEP_TROT_MAX,step_up_0p24,0,4,2026-08-31T15:57:54Z,goal,1,TROT,1.0,0.0,59,0.0,1,nan,,
--headless --device cpu --params skill.STEP_TROT_MAX --reps 5 --foot-comp on --heading heading-only --results-csv outputs/trot_capture.csv --trace-npz outputs/trace_trot_cap_F.npz --foot-gain capture --foot-vy-avg-n 20 --foot-offset-clip-m 0.05,,26,step_up,1,4.271993340288341,0.30498751997947693,on,capture,0.0,0.05,20,0.0,4,4,heading-only,0.0,0,0.04,obstacle,0.26,15,skill.STEP_TROT_MAX,step_up_0p26,0,4,2026-08-31T15:57:54Z,goal,1,TROT,1.0,0.0,59,0.0,1,nan,,
--headless --device cpu --params skill.STEP_TROT_MAX --reps 5 --foot-comp on --heading heading-only --results-csv outputs/trot_capture.csv --trace-npz outputs/trace_trot_cap_F.npz --foot-gain capture --foot-vy-avg-n 20 --foot-offset-clip-m 0.05,,26,step_up,1,4.297713939334793,0.3050905168056488,on,capture,0.0,0.05,20,0.0,4,4,heading-only,0.0,0,0.04,obstacle,0.28,15,skill.STEP_TROT_MAX,step_up_0p28,0,4,2026-08-31T15:57:54Z,goal,1,TROT,0.9999999999999982,0.0,59,0.0,1,nan,,
--headless --device cpu --params skill.STEP_TROT_MAX --reps 5 --foot-comp on --heading heading-only --results-csv outputs/trot_capture.csv --trace-npz outputs/trace_trot_cap_F.npz --foot-gain capture --foot-vy-avg-n 20 --foot-offset-clip-m 0.05,,26,step_up,1,4.264157877945161,0.3050049841403961,on,capture,0.0,0.05,20,0.0,4,4,heading-only,0.0,0,0.04,obstacle,0.3,15,skill.STEP_TROT_MAX,step_up_0p30,0,4,2026-08-31T15:57:54Z,goal,1,TROT,0.9999999999999964,0.0,59,0.0,1,nan,,
