argv,drift_max_m,entry_frame,family,fell,final_dist_m,foot_comp,foot_len_bias,foot_yaw_bias,grid_cols,grid_rows,heading,heading_cap_rad,heading_len,heading_len_cap_rad,inplace_at,level_m,n_probes,param,probe,reached,rep,run_utc,score,settle_ok,skill,spawn_x,spawn_z0_m,steps,swing_lift_mm,swing_lift_sym,t_reached_s,yaw_cum_deg,yaw_ok_deg
--headless --device cpu --families step_up step_down gap --skill TURN --score inplace --inplace-at spawn --max-probes 3 --reps 45 --foot-comp off --heading off --results-csv outputs/turn_phase_sweep_nofc.csv,0.5364585518836975,0,step_up,1,4.422914933821218,off,0.0,0.0,3,3,off,0.0,0,0.04,spawn,0.02,9,probe.step_up@TURN,step_up_0p02,0,0,2026-08-31T15:52:11Z,inplace,1,TURN,1.0,0.0,377,0.0,1,nan,-42.86222771478498,51.586252125193596
--headless --device cpu --families step_up step_down gap --skill TURN --score inplace --inplace-at spawn --max-probes 3 --reps 45 --foot-comp off --heading off --results-csv outputs/turn_phase_sweep_nofc.csv,0.5556619167327881,0,step_up,1,4.4312697512457015,off,0.0,0.0,3,3,off,0.0,0,0.04,spawn,0.04,9,probe.step_up@TURN,step_up_0p04,0,0,2026-08-31T15:52:11Z,inplace,1,TURN,0.9999999999999982,0.0,377,0.0,1,nan,-43.371144072998476,52.1126470870183
--headless --device cpu --families step_up step_down gap --skill TURN --score inplace --inplace-at spawn --max-probes 3 --reps 45 --foot-comp off --heading off --results-csv outputs/turn_phase_sweep_nofc.csv,0.540385901927948,0,step_up,1,4.423880050397478,off,0.0,0.0,3,3,off,0.0,0,0.04,spawn,0.06,9,probe.step_up@TURN,step_up_0p06,0,0,2026-08-31T15:52:11Z,inplace,1,TURN,0.9999999999999964,0.0,377,0.0,1,nan,-43.370825173069136,51.38165712775188
--headless --device cpu --families step_up step_down gap --skill TURN --score inplace --inplace-at spawn --max-probes 3 --reps 45 --foot-comp off --heading off --results-csv outputs/turn_phase_sweep_nofc.csv,0.5674638152122498,0,step_down,1,4.4405542244691985,off,0.0,0.0,3,3,off,0.0,0,0.04,spawn,0.02,9,probe.step_down@TURN,step_down_0p02,0,0,2026-08-31T15:52:11Z,inplace,1,TURN,1.0,0.0,377,0.0,1,nan,-38.968157463965696,53.31298711424071
--headless --device cpu --families step_up step_down gap --skill TURN --score inplace --inplace-at spawn --max-probes 3 --reps 45 --foot-comp off --heading off --results-csv outputs/turn_phase_sweep_nofc.csv,0.5674705505371094,0,step_down,1,4.433987109140149,off,0.0,0.0,3,3,off,0.0,0,0.04,spawn,0.04,9,probe.step_down@TURN,step_down_0p04,0,0,2026-08-31T15:52:11Z,inplace,1,TURN,0.9999999999999982,0.0,377,0.0,1,nan,-36.01385984587364,51.32423771834422
--headless --device cpu --families step_up step_down gap --skill TURN --score inplace --inplace-at spawn --max-probes 3 --reps 45 --foot-comp off --heading off --results-csv outputs/turn_phase_sweep_nofc.csv,0.571047842502594,0,step_down,1,4.437070063037009,off,0.0,0.0,3,3,off,0.0,0,0.04,spawn,0.06,9,probe.step_down@TURN,step_down_0p06,0,0,2026-08-31T15:52:11Z,inplace,1,TURN,0.9999999999999964,0.0,377,0.0,1,nan,-39.86439485954074,50.86802445369128
--headless --device cpu --families step_up step_down gap --skill TURN --score inplace --inplace-at spawn --max-probes 3 --reps 45 --foot-comp off --heading off --results-csv outputs/turn_phase_sweep_nofc.csv,0.5520496964454651,0,gap,1,3.9819834988563696,off,0.0,0.0,3,3,off,0.0,0,0.04,spawn,0.05,9,probe.gap@TURN,gap_0p05,0,0,2026-08-31T15:52:11Z,inplace,1,TURN,1.0,0.0,377,0.0,1,nan,-43.02426721939074,51.733606759175274
--headless --device cpu --families step_up step_down gap --skill TURN --score inplace --inplace-at spawn --max-probes 3 --reps 45 --foot-comp off --heading off --results-csv outputs/turn_phase_sweep_nofc.csv,0.544417142868042,0,gap,1,4.0294283417728,off,0.0,0.0,3,3,off,0.0,0,0.04,spawn,0.1,9,probe.gap@TURN,gap_0p10,0,0,2026-08-31T15:52:11Z,inplace,1,TURN,0.9999999999999982,0.0,377,0.0,1,nan,-43.180276190023704,51.545803154388466
--headless --device cpu --families step_up step_down gap --skill TURN --score inplace --inplace-at spawn --max-probes 3 --reps 45 --foot-comp off --heading off --results-csv outputs/turn_phase_sweep_nofc.csv,0.34897705912590027,0,gap,1,4.0089728940880365,off,0.0,0.0,3,3,off,0.0,0,0.04,spawn,0.15,9,probe.gap@TURN,gap_0p15,0,0,2026-08-31T15:52:11Z,inplace,1,TURN,0.9999999999999964,0.0,377,0.0,1,nan,-81.8646832310404,81.7079260586107
--headless --device cpu --families step_up step_down gap --skill TURN --score inplace --inplace-at spawn --max-probes 3 --reps 45 --foot-comp off --heading off --results-csv outputs/turn_phase_sweep_nofc.csv,0.5146425366401672,1,step_up,1,4.445940268330787,off,0.0,0.0,3,3,off,0.0,0,0.04,spawn,0.02,9,probe.step_up@TURN,step_up_0p02,0,1,2026-08-31T15:52:11Z,inplace,1,TURN,1.0,0.0,250,0.0,1,nan,-44.98718916045337,56.43406272632686
--headless --device cpu --families step_up step_down gap --skill TURN --score inplace --inplace-at spawn --max-probes 3 --reps 45 --foot-comp off --heading off --results-csv outputs/turn_phase_sweep_nofc.csv,0.507156491279602,1,step_up,1,4.441992457636149,off,0.0,0.0,3,3,off,0.0,0,0.04,spawn,0.04,9,probe.step_up@TURN,step_up_0p04,0,1,2026-08-31T15:52:11Z,inplace,1,TURN,0.9999999999999982,0.0,250,0.0,1,nan,-46.676236338030094,56.326150603604276
--headless --device cpu --families step_up step_down gap --skill TURN --score inplace --inplace-at spawn --max-probes 3 --reps 45 --foot-comp off --heading off --results-csv outputs/turn_phase_sweep_nofc.csv,0.5227382779121399,1,step_up,1,4.452467859182585,off,0.0,0.0,3,3,off,0.0,0,0.04,spawn,0.06,9,probe.step_up@TURN,step_up_0p06,0,1,2026-08-31T15:52:11Z,inplace,1,TURN,0.9999999999999964,0.0,250,0.0,1,nan,-44.69015665805094,56.25182069018402
--headless --device cpu --families step_up step_down gap --skill TURN --score inplace --inplace-at spawn --max-probes 3 --reps 45 --foot-comp off --heading off --results-csv outputs/turn_phase_sweep_nofc.csv,0.5350969433784485,1,step_down,1,4.46047338391834,off,0.0,0.0,3,3,off,0.0,0,0.04,spawn,0.02,9,probe.step_down@TURN,step_down_0p02,0,1,2026-08-31T15:52:11Z,inplace,1,TURN,1.0,0.0,250,0.0,1,nan,-43.206344582411845,56.472376602715826
--headless --device cpu --families step_up step_down gap --skill TURN --score inplace --inplace-at spawn --max-probes 3 --reps 45 --foot-comp off --heading off --results-csv outputs/turn_phase_sweep_nofc.csv,0.4336856007575989,1,step_down,1,4.390075507634241,off,0.0,0.0,3,3,off,0.0,0,0.04,spawn,0.04,9,probe.step_down@TURN,step_down_0p04,0,1,2026-08-31T15:52:11Z,inplace,1,TURN,0.9999999999999982,0.0,250,0.0,1,nan,-52.56290291264486,58.99803548114588
--headless --device cpu --families step_up step_down gap --skill TURN --score inplace --inplace-at spawn --max-probes 3 --reps 45 --foot-comp off --heading off --results-csv outputs/turn_phase_sweep_nofc.csv,0.5055819749832153,1,step_down,1,4.437866536335173,off,0.0,0.0,3,3,off,0.0,0,0.04,spawn,0.06,9,probe.step_down@TURN,step_down_0p06,0,1,2026-08-31T15:52:11Z,inplace,1,TURN,0.9999999999999964,0.0,250,0.0,1,nan,-46.730747135488286,56.35032169684408
--headless --device cpu --families step_up step_down gap --skill TURN --score inplace --inplace-at spawn --max-probes 3 --reps 45 --foot-comp off --heading off --results-csv outputs/turn_phase_sweep_nofc.csv,0.4926832318305969,1,gap,1,3.980069873449266,off,0.0,0.0,3,3,off,0.0,0,0.04,spawn,0.05,9,probe.gap@TURN,gap_0p05,0,1,2026-08-31T15:52:11Z,inplace,1,TURN,1.0,0.0,250,0.0,1,nan,-45.81252172574432,55.637378755539146
--headless --device cpu --families step_up step_down gap --skill TURN --score inplace --inplace-at spawn --max-probes 3 --reps 45 --foot-comp off --heading off --results-csv outputs/turn_phase_sweep_nofc.csv,0.46138858795166016,1,gap,1,4.007462098173546,off,0.0,0.0,3,3,off,0.0,0,0.04,spawn,0.1,9,probe.gap@TURN,gap_0p10,0,1,2026-08-31T15:52:11Z,inplace,1,TURN,0.9999999999999982,0.0,250,0.0,1,nan,-47.95031007609205,55.30649703557805
--headless --device cpu --families step_up step_down gap --skill TURN --score inplace --inplace-at spawn --max-probes 3 --reps 45 --foot-comp off --heading off --results-csv outputs/turn_phase_sweep_nofc.csv,0.521166205406189,1,gap,1,4.101469592065157,off,0.0,0.0,3,3,off,0.0,0,0.04,spawn,0.15,9,probe.gap@TURN,gap_0p15,0,1,2026-08-31T15:52:11Z,inplace,1,TURN,0.9999999999999964,0.0,250,0.0,1,nan,-44.72233208469103,55.95963303261962
--headless --device cpu --families step_up step_down gap --skill TURN --score inplace --inplace-at spawn --max-probes 3 --reps 45 --foot-comp off --heading off --results-csv outputs/turn_phase_sweep_nofc.csv,0.48796361684799194,2,step_up,1,4.4596348327836335,off,0.0,0.0,3,3,off,0.0,0,0.04,spawn,0.02,9,probe.step_up@TURN,step_up_0p02,0,2,2026-08-31T15:52:11Z,inplace,1,TURN,1.0,0.0,262,0.0,1,nan,-46.126998514403226,57.2401239239575
--headless --device cpu --families step_up step_down gap --skill TURN --score inplace --inplace-at spawn --max-probes 3 --reps 45 --foot-comp off --heading off --results-csv outputs/turn_phase_sweep_nofc.csv,0.456338495016098,2,step_up,1,4.439127422743501,off,0.0,0.0,3,3,off,0.0,0,0.04,spawn,0.04,9,probe.step_up@TURN,step_up_0p04,0,2,2026-08-31T15:52:11Z,inplace,1,TURN,0.9999999999999982,0.0,262,0.0,1,nan,-50.22951277362196,60.408207811378674
--headless --device cpu --families step_up step_down gap --skill TURN --score inplace --inplace-at spawn --max-probes 3 --reps 45 --foot-comp off --heading off --results-csv outputs/turn_phase_sweep_nofc.csv,0.4958626329898834,2,step_up,1,4.466013939046207,off,0.0,0.0,3,3,off,0.0,0,0.04,spawn,0.06,9,probe.step_up@TURN,step_up_0p06,0,2,2026-08-31T15:52:11Z,inplace,1,TURN,0.9999999999999964,0.0,262,0.0,1,nan,-46.58895516278301,56.36151792254361
--headless --device cpu --families step_up step_down gap --skill TURN --score inplace --inplace-at spawn --max-probes 3 --reps 45 --foot-comp off --heading off --results-csv outputs/turn_phase_sweep_nofc.csv,0.4543820917606354,2,step_down,1,4.437315267174091,off,0.0,0.0,3,3,off,0.0,0,0.04,spawn,0.02,9,probe.step_down@TURN,step_down_0p02,0,2,2026-08-31T15:52:11Z,inplace,1,TURN,1.0,0.0,262,0.0,1,nan,-49.44757206480722,59.235469632823964
--headless --device cpu --families step_up step_down gap --skill TURN --score inplace --inplace-at spawn --max-probes 3 --reps 45 --foot-comp off --heading off --results-csv outputs/turn_phase_sweep_nofc.csv,0.4708506166934967,2,step_down,1,4.453884040997377,off,0.0,0.0,3,3,off,0.0,0,0.04,spawn,0.04,9,probe.step_down@TURN,step_down_0p04,0,2,2026-08-31T15:52:11Z,inplace,1,TURN,0.9999999999999982,0.0,262,0.0,1,nan,-51.80555767848264,59.49795834496558
--headless --device cpu --families step_up step_down gap --skill TURN --score inplace --inplace-at spawn --max-probes 3 --reps 45 --foot-comp off --heading off --results-csv outputs/turn_phase_sweep_nofc.csv,0.48064112663269043,2,step_down,1,4.455907051241329,off,0.0,0.0,3,3,off,0.0,0,0.04,spawn,0.06,9,probe.step_down@TURN,step_down_0p06,0,2,2026-08-31T15:52:11Z,inplace,1,TURN,0.9999999999999964,0.0,262,0.0,1,nan,-47.96767324294564,56.72165145847035
--headless --device cpu --families step_up step_down gap --skill TURN --score inplace --inplace-at spawn --max-probes 3 --reps 45 --foot-comp off --heading off --results-csv outputs/turn_phase_sweep_nofc.csv,0.4486858546733856,2,gap,1,3.9824364804059598,off,0.0,0.0,3,3,off,0.0,0,0.04,spawn,0.05,9,probe.gap@TURN,gap_0p05,0,2,2026-08-31T15:52:11Z,inplace,1,TURN,1.0,0.0,262,0.0,1,nan,-46.54199046858227,60.567801727958
--headless --device cpu --families step_up step_down gap --skill TURN --score inplace --inplace-at spawn --max-probes 3 --reps 45 --foot-comp off --heading off --results-csv outputs/turn_phase_sweep_nofc.csv,0.48380669951438904,2,gap,1,4.057897230357386,off,0.0,0.0,3,3,off,0.0,0,0.04,spawn,0.1,9,probe.gap@TURN,gap_0p10,0,2,2026-08-31T15:52:11Z,inplace,1,TURN,0.9999999999999982,0.0,262,0.0,1,nan,-46.24193494115349,57.00841683830987
--headless --device cpu --families step_up step_down gap --skill TURN --score inplace --inplace-at spawn --max-probes 3 --reps 45 --foot-comp off --heading off --results-csv outputs/turn_phase_sweep_nofc.csv,0.392586886882782,2,gap,1,4.045248982662115,off,0.0,0.0,3,3,off,0.0,0,0.04,spawn,0.15,9,probe.gap@TURN,gap_0p15,0,2,2026-08-31T15:52:11Z,inplace,1,TURN,0.9999999999999964,0.0,262,0.0,1,nan,-50.441882591218615,64.04812726801165
--headless --device cpu --families step_up step_down gap --skill TURN --score inplace --inplace-at spawn --max-probes 3 --reps 45 --foot-comp off --heading off --results-csv outputs/turn_phase_sweep_nofc.csv,0.5531314611434937,3,step_up,1,4.492826793841982,off,0.0,0.0,3,3,off,0.0,0,0.04,spawn,0.02,9,probe.step_up@TURN,step_up_0p02,0,3,2026-08-31T15:52:11Z,inplace,1,TURN,1.0,0.0,362,0.0,1,nan,-57.069400386813726,52.58183137839981
--headless --device cpu --families step_up step_down gap --skill TURN --score inplace --inplace-at spawn --max-probes 3 --reps 45 --foot-comp off --heading off --results-csv outputs/turn_phase_sweep_nofc.csv,0.568515419960022,3,step_up,1,4.48511278309283,off,0.0,0.0,3,3,off,0.0,0,0.04,spawn,0.04,9,probe.step_up@TURN,step_up_0p04,0,3,2026-08-31T15:52:11Z,inplace,1,TURN,0.9999999999999982,0.0,362,0.0,1,nan,-52.52969563001588,52.95939497335388
--headless --device cpu --families step_up step_down gap --skill TURN --score inplace --inplace-at spawn --max-probes 3 --reps 45 --foot-comp off --heading off --results-csv outputs/turn_phase_sweep_nofc.csv,0.46777671575546265,3,step_up,1,4.452494148864533,off,0.0,0.0,3,3,off,0.0,0,0.04,spawn,0.06,9,probe.step_up@TURN,step_up_0p06,0,3,2026-08-31T15:52:11Z,inplace,1,TURN,0.9999999999999964,0.0,362,0.0,1,nan,-68.67186237098394,78.14329285924785
--headless --device cpu --families step_up step_down gap --skill TURN --score inplace --inplace-at spawn --max-probes 3 --reps 45 --foot-comp off --heading off --results-csv outputs/turn_phase_sweep_nofc.csv,0.5640258193016052,3,step_down,1,4.4703181255067586,off,0.0,0.0,3,3,off,0.0,0,0.04,spawn,0.02,9,probe.step_down@TURN,step_down_0p02,0,3,2026-08-31T15:52:11Z,inplace,1,TURN,1.0,0.0,362,0.0,1,nan,-49.97414196977408,52.412471168903494
--headless --device cpu --families step_up step_down gap --skill TURN --score inplace --inplace-at spawn --max-probes 3 --reps 45 --foot-comp off --heading off --results-csv outputs/turn_phase_sweep_nofc.csv,0.5518075227737427,3,step_down,1,4.499567127056549,off,0.0,0.0,3,3,off,0.0,0,0.04,spawn,0.04,9,probe.step_down@TURN,step_down_0p04,0,3,2026-08-31T15:52:11Z,inplace,1,TURN,0.9999999999999982,0.0,362,0.0,1,nan,-58.039460015178804,53.76416243197812
--headless --device cpu --families step_up step_down gap --skill TURN --score inplace --inplace-at spawn --max-probes 3 --reps 45 --foot-comp off --heading off --results-csv outputs/turn_phase_sweep_nofc.csv,0.5355393290519714,3,step_down,1,4.4898615672433,off,0.0,0.0,3,3,off,0.0,0,0.04,spawn,0.06,9,probe.step_down@TURN,step_down_0p06,0,3,2026-08-31T15:52:11Z,inplace,1,TURN,0.9999999999999964,0.0,362,0.0,1,nan,-53.10541717633737,62.0195877194908
--headless --device cpu --families step_up step_down gap --skill TURN --score inplace --inplace-at spawn --max-probes 3 --reps 45 --foot-comp off --heading off --results-csv outputs/turn_phase_sweep_nofc.csv,0.305560827255249,3,gap,1,3.8665530788460716,off,0.0,0.0,3,3,off,0.0,0,0.04,spawn,0.05,9,probe.gap@TURN,gap_0p05,1,3,2026-08-31T15:52:11Z,inplace,1,TURN,1.0,0.0,362,0.0,1,6.0200000000000005,-84.10298874361186,93.19207185922599
--headless --device cpu --families step_up step_down gap --skill TURN --score inplace --inplace-at spawn --max-probes 3 --reps 45 --foot-comp off --heading off --results-csv outputs/turn_phase_sweep_nofc.csv,0.4755669832229614,3,gap,1,4.0923065370791285,off,0.0,0.0,3,3,off,0.0,0,0.04,spawn,0.1,9,probe.gap@TURN,gap_0p10,0,3,2026-08-31T15:52:11Z,inplace,1,TURN,0.9999999999999982,0.0,362,0.0,1,nan,-79.47192294860889,89.85345613132756
--headless --device cpu --families step_up step_down gap --skill TURN --score inplace --inplace-at spawn --max-probes 3 --reps 45 --foot-comp off --heading off --results-csv outputs/turn_phase_sweep_nofc.csv,0.555645763874054,3,gap,1,4.123333067952916,off,0.0,0.0,3,3,off,0.0,0,0.04,spawn,0.15,9,probe.gap@TURN,gap_0p15,0,3,2026-08-31T15:52:11Z,inplace,1,TURN,0.9999999999999964,0.0,362,0.0,1,nan,-50.75335988152327,53.19322625805589
--headless --device cpu --families step_up step_down gap --skill TURN --score inplace --inplace-at spawn --max-probes 3 --reps 45 --foot-comp off --heading off --results-csv outputs/turn_phase_sweep_nofc.csv,0.4423503875732422,4,step_up,1,4.444312765282487,off,0.0,0.0,3,3,off,0.0,0,0.04,spawn,0.02,9,probe.step_up@TURN,step_up_0p02,1,4,2026-08-31T15:52:11Z,inplace,1,TURN,1.0,0.0,372,0.0,1,6.46,-82.51822103891573,92.82586498520726
--headless --device cpu --families step_up step_down gap --skill TURN --score inplace --inplace-at spawn --max-probes 3 --reps 45 --foot-comp off --heading off --results-csv outputs/turn_phase_sweep_nofc.csv,0.4499821066856384,4,step_up,1,4.452005539417939,off,0.0,0.0,3,3,off,0.0,0,0.04,spawn,0.04,9,probe.step_up@TURN,step_up_0p04,1,4,2026-08-31T15:52:11Z,inplace,1,TURN,0.9999999999999982,0.0,372,0.0,1,6.5,-76.16130416904326,92.15374159673195
--headless --device cpu --families step_up step_down gap --skill TURN --score inplace --inplace-at spawn --max-probes 3 --reps 45 --foot-comp off --heading off --results-csv outputs/turn_phase_sweep_nofc.csv,0.4593452513217926,4,step_up,1,4.467119924645019,off,0.0,0.0,3,3,off,0.0,0,0.04,spawn,0.06,9,probe.step_up@TURN,step_up_0p06,1,4,2026-08-31T15:52:11Z,inplace,1,TURN,0.9999999999999964,0.0,372,0.0,1,6.0200000000000005,-76.07591055162891,92.91103173607263
--headless --device cpu --families step_up step_down gap --skill TURN --score inplace --inplace-at spawn --max-probes 3 --reps 45 --foot-comp off --heading off --results-csv outputs/turn_phase_sweep_nofc.csv,0.4823271334171295,4,step_down,1,4.476523180720926,off,0.0,0.0,3,3,off,0.0,0,0.04,spawn,0.02,9,probe.step_down@TURN,step_down_0p02,0,4,2026-08-31T15:52:11Z,inplace,1,TURN,1.0,0.0,372,0.0,1,nan,-89.3603852699668,86.2753002738969
--headless --device cpu --families step_up step_down gap --skill TURN --score inplace --inplace-at spawn --max-probes 3 --reps 45 --foot-comp off --heading off --results-csv outputs/turn_phase_sweep_nofc.csv,0.41460680961608887,4,step_down,1,4.4274624957806035,off,0.0,0.0,3,3,off,0.0,0,0.04,spawn,0.04,9,probe.step_down@TURN,step_down_0p04,0,4,2026-08-31T15:52:11Z,inplace,1,TURN,0.9999999999999982,0.0,372,0.0,1,nan,-81.56117035984255,89.8413739911555
--headless --device cpu --families step_up step_down gap --skill TURN --score inplace --inplace-at spawn --max-probes 3 --reps 45 --foot-comp off --heading off --results-csv outputs/turn_phase_sweep_nofc.csv,0.5302838087081909,4,step_down,1,4.470789126632153,off,0.0,0.0,3,3,off,0.0,0,0.04,spawn,0.06,9,probe.step_down@TURN,step_down_0p06,0,4,2026-08-31T15:52:11Z,inplace,1,TURN,0.9999999999999964,0.0,372,0.0,1,nan,-46.01466443216489,56.72607779928899
--headless --device cpu --families step_up step_down gap --skill TURN --score inplace --inplace-at spawn --max-probes 3 --reps 45 --foot-comp off --heading off --results-csv outputs/turn_phase_sweep_nofc.csv,0.4857616126537323,4,gap,1,4.04143676623468,off,0.0,0.0,3,3,off,0.0,0,0.04,spawn,0.05,9,probe.gap@TURN,gap_0p05,1,4,2026-08-31T15:52:11Z,inplace,1,TURN,1.0,0.0,372,0.0,1,6.54,-79.31194571557694,91.36702587763489
--headless --device cpu --families step_up step_down gap --skill TURN --score inplace --inplace-at spawn --max-probes 3 --reps 45 --foot-comp off --heading off --results-csv outputs/turn_phase_sweep_nofc.csv,0.32915204763412476,4,gap,1,3.9192376850574027,off,0.0,0.0,3,3,off,0.0,0,0.04,spawn,0.1,9,probe.gap@TURN,gap_0p10,1,4,2026-08-31T15:52:11Z,inplace,1,TURN,0.9999999999999982,0.0,372,0.0,1,6.12,-90.37621967255248,90.60809920820006
--headless --device cpu --families step_up step_down gap --skill TURN --score inplace --inplace-at spawn --max-probes 3 --reps 45 --foot-comp off --heading off --results-csv outputs/turn_phase_sweep_nofc.csv,0.4320736825466156,4,gap,1,4.067934007418303,off,0.0,0.0,3,3,off,0.0,0,0.04,spawn,0.15,9,probe.gap@TURN,gap_0p15,1,4,2026-08-31T15:52:11Z,inplace,1,TURN,0.9999999999999964,0.0,372,0.0,1,6.46,-83.86503289293108,94.62562051523423
--headless --device cpu --families step_up step_down gap --skill TURN --score inplace --inplace-at spawn --max-probes 3 --reps 45 --foot-comp off --heading off --results-csv outputs/turn_phase_sweep_nofc.csv,0.1867937594652176,5,step_up,0,3.845166000938385,off,0.0,0.0,3,3,off,0.0,0,0.04,spawn,0.02,9,probe.step_up@TURN,step_up_0p02,1,5,2026-08-31T15:52:11Z,inplace,1,TURN,1.0,0.0,305,0.0,1,5.88,-95.67427125208721,95.67427125208721
--headless --device cpu --families step_up step_down gap --skill TURN --score inplace --inplace-at spawn --max-probes 3 --reps 45 --foot-comp off --heading off --results-csv outputs/turn_phase_sweep_nofc.csv,0.18237388134002686,5,step_up,0,3.846156578228306,off,0.0,0.0,3,3,off,0.0,0,0.04,spawn,0.04,9,probe.step_up@TURN,step_up_0p04,1,5,2026-08-31T15:52:11Z,inplace,1,TURN,0.9999999999999982,0.0,305,0.0,1,6.0,-92.84696311641923,92.84696311641923
--headless --device cpu --families step_up step_down gap --skill TURN --score inplace --inplace-at spawn --max-probes 3 --reps 45 --foot-comp off --heading off --results-csv outputs/turn_phase_sweep_nofc.csv,0.16915224492549896,5,step_up,0,3.876063148049147,off,0.0,0.0,3,3,off,0.0,0,0.04,spawn,0.06,9,probe.step_up@TURN,step_up_0p06,1,5,2026-08-31T15:52:11Z,inplace,1,TURN,0.9999999999999964,0.0,305,0.0,1,6.0200000000000005,-92.01983139468246,92.01983139468246
--headless --device cpu --families step_up step_down gap --skill TURN --score inplace --inplace-at spawn --max-probes 3 --reps 45 --foot-comp off --heading off --results-csv outputs/turn_phase_sweep_nofc.csv,0.18047352135181427,5,step_down,0,3.8457661784644,off,0.0,0.0,3,3,off,0.0,0,0.04,spawn,0.02,9,probe.step_down@TURN,step_down_0p02,1,5,2026-08-31T15:52:11Z,inplace,1,TURN,1.0,0.0,305,0.0,1,5.94,-95.0551115846695,95.0551115846695
--headless --device cpu --families step_up step_down gap --skill TURN --score inplace --inplace-at spawn --max-probes 3 --reps 45 --foot-comp off --heading off --results-csv outputs/turn_phase_sweep_nofc.csv,0.1810530573129654,5,step_down,0,3.861222724094201,off,0.0,0.0,3,3,off,0.0,0,0.04,spawn,0.04,9,probe.step_down@TURN,step_down_0p04,1,5,2026-08-31T15:52:11Z,inplace,1,TURN,0.9999999999999982,0.0,305,0.0,1,5.98,-93.15246507817392,93.15246507817392
--headless --device cpu --families step_up step_down gap --skill TURN --score inplace --inplace-at spawn --max-probes 3 --reps 45 --foot-comp off --heading off --results-csv outputs/turn_phase_sweep_nofc.csv,0.1655847132205963,5,step_down,0,3.8679415166863387,off,0.0,0.0,3,3,off,0.0,0,0.04,spawn,0.06,9,probe.step_down@TURN,step_down_0p06,1,5,2026-08-31T15:52:11Z,inplace,1,TURN,0.9999999999999964,0.0,305,0.0,1,6.08,-90.138397618807,90.138397618807
--headless --device cpu --families step_up step_down gap --skill TURN --score inplace --inplace-at spawn --max-probes 3 --reps 45 --foot-comp off --heading off --results-csv outputs/turn_phase_sweep_nofc.csv,0.16969014704227448,5,gap,0,3.4236807656501345,off,0.0,0.0,3,3,off,0.0,0,0.04,spawn,0.05,9,probe.gap@TURN,gap_0p05,1,5,2026-08-31T15:52:11Z,inplace,1,TURN,1.0,0.0,305,0.0,1,6.08,-90.34483410436377,90.34483410436377
--headless --device cpu --families step_up step_down gap --skill TURN --score inplace --inplace-at spawn --max-probes 3 --reps 45 --foot-comp off --heading off --results-csv outputs/turn_phase_sweep_nofc.csv,0.167022243142128,5,gap,0,3.475691443302679,off,0.0,0.0,3,3,off,0.0,0,0.04,spawn,0.1,9,probe.gap@TURN,gap_0p10,1,5,2026-08-31T15:52:11Z,inplace,1,TURN,0.9999999999999982,0.0,305,0.0,1,6.04,-91.01334922418789,91.01334922418789
--headless --device cpu --families step_up step_down gap --skill TURN --score inplace --inplace-at spawn --max-probes 3 --reps 45 --foot-comp off --heading off --results-csv outputs/turn_phase_sweep_nofc.csv,0.16982100903987885,5,gap,0,3.5233433378748424,off,0.0,0.0,3,3,off,0.0,0,0.04,spawn,0.15,9,probe.gap@TURN,gap_0p15,1,5,2026-08-31T15:52:11Z,inplace,1,TURN,0.9999999999999964,0.0,305,0.0,1,6.04,-91.54411185914867,91.54411185914867
--headless --device cpu --families step_up step_down gap --skill TURN --score inplace --inplace-at spawn --max-probes 3 --reps 45 --foot-comp off --heading off --results-csv outputs/turn_phase_sweep_nofc.csv,0.2015407383441925,6,step_up,0,3.8257556178834693,off,0.0,0.0,3,3,off,0.0,0,0.04,spawn,0.02,9,probe.step_up@TURN,step_up_0p02,1,6,2026-08-31T15:52:11Z,inplace,1,TURN,1.0,0.0,341,0.0,1,5.76,-106.88756097011324,106.88756097011324
--headless --device cpu --families step_up step_down gap --skill TURN --score inplace --inplace-at spawn --max-probes 3 --reps 45 --foot-comp off --heading off --results-csv outputs/turn_phase_sweep_nofc.csv,0.20200681686401367,6,step_up,0,3.824625425156264,off,0.0,0.0,3,3,off,0.0,0,0.04,spawn,0.04,9,probe.step_up@TURN,step_up_0p04,1,6,2026-08-31T15:52:11Z,inplace,1,TURN,0.9999999999999982,0.0,341,0.0,1,5.8,-107.34932333491977,107.34932333491977
--headless --device cpu --families step_up step_down gap --skill TURN --score inplace --inplace-at spawn --max-probes 3 --reps 45 --foot-comp off --heading off --results-csv outputs/turn_phase_sweep_nofc.csv,0.1832718849182129,6,step_up,0,3.8398252411542675,off,0.0,0.0,3,3,off,0.0,0,0.04,spawn,0.06,9,probe.step_up@TURN,step_up_0p06,1,6,2026-08-31T15:52:11Z,inplace,1,TURN,0.9999999999999964,0.0,341,0.0,1,6.28,-90.8641939184173,90.8641939184173
--headless --device cpu --families step_up step_down gap --skill TURN --score inplace --inplace-at spawn --max-probes 3 --reps 45 --foot-comp off --heading off --results-csv outputs/turn_phase_sweep_nofc.csv,0.18168099224567413,6,step_down,0,3.8530184070716604,off,0.0,0.0,3,3,off,0.0,0,0.04,spawn,0.02,9,probe.step_down@TURN,step_down_0p02,1,6,2026-08-31T15:52:11Z,inplace,1,TURN,1.0,0.0,341,0.0,1,5.8,-100.32552937542332,100.35156894490376
--headless --device cpu --families step_up step_down gap --skill TURN --score inplace --inplace-at spawn --max-probes 3 --reps 45 --foot-comp off --heading off --results-csv outputs/turn_phase_sweep_nofc.csv,0.16424046456813812,6,step_down,0,3.8789912352590834,off,0.0,0.0,3,3,off,0.0,0,0.04,spawn,0.04,9,probe.step_down@TURN,step_down_0p04,1,6,2026-08-31T15:52:11Z,inplace,1,TURN,0.9999999999999982,0.0,341,0.0,1,6.04,-92.9482463831668,93.30023790278534
--headless --device cpu --families step_up step_down gap --skill TURN --score inplace --inplace-at spawn --max-probes 3 --reps 45 --foot-comp off --heading off --results-csv outputs/turn_phase_sweep_nofc.csv,0.1930130571126938,6,step_down,0,3.8290703485462756,off,0.0,0.0,3,3,off,0.0,0,0.04,spawn,0.06,9,probe.step_down@TURN,step_down_0p06,1,6,2026-08-31T15:52:11Z,inplace,1,TURN,0.9999999999999964,0.0,341,0.0,1,6.8,-90.37232321462292,90.37232321462292
--headless --device cpu --families step_up step_down gap --skill TURN --score inplace --inplace-at spawn --max-probes 3 --reps 45 --foot-comp off --heading off --results-csv outputs/turn_phase_sweep_nofc.csv,0.2082500457763672,6,gap,0,3.3634152436349307,off,0.0,0.0,3,3,off,0.0,0,0.04,spawn,0.05,9,probe.gap@TURN,gap_0p05,1,6,2026-08-31T15:52:11Z,inplace,1,TURN,1.0,0.0,341,0.0,1,6.74,-91.91875235895822,91.91875235895822
--headless --device cpu --families step_up step_down gap --skill TURN --score inplace --inplace-at spawn --max-probes 3 --reps 45 --foot-comp off --heading off --results-csv outputs/turn_phase_sweep_nofc.csv,0.20169685781002045,6,gap,0,3.425890123765508,off,0.0,0.0,3,3,off,0.0,0,0.04,spawn,0.1,9,probe.gap@TURN,gap_0p10,1,6,2026-08-31T15:52:11Z,inplace,1,TURN,0.9999999999999982,0.0,341,0.0,1,5.74,-107.40845609250593,107.40845609250593
--headless --device cpu --families step_up step_down gap --skill TURN --score inplace --inplace-at spawn --max-probes 3 --reps 45 --foot-comp off --heading off --results-csv outputs/turn_phase_sweep_nofc.csv,0.16977526247501373,6,gap,0,3.5197257697955955,off,0.0,0.0,3,3,off,0.0,0,0.04,spawn,0.15,9,probe.gap@TURN,gap_0p15,1,6,2026-08-31T15:52:11Z,inplace,1,TURN,0.9999999999999964,0.0,341,0.0,1,6.04,-93.15794679876413,93.19924594023277
--headless --device cpu --families step_up step_down gap --skill TURN --score inplace --inplace-at spawn --max-probes 3 --reps 45 --foot-comp off --heading off --results-csv outputs/turn_phase_sweep_nofc.csv,0.17984497547149658,7,step_up,0,3.861298732976168,off,0.0,0.0,3,3,off,0.0,0,0.04,spawn,0.02,9,probe.step_up@TURN,step_up_0p02,1,7,2026-08-31T15:52:11Z,inplace,1,TURN,1.0,0.0,311,0.0,1,5.84,-99.17919652923217,99.17919652923217
--headless --device cpu --families step_up step_down gap --skill TURN --score inplace --inplace-at spawn --max-probes 3 --reps 45 --foot-comp off --heading off --results-csv outputs/turn_phase_sweep_nofc.csv,0.18584607541561127,7,step_up,0,3.8552694542284773,off,0.0,0.0,3,3,off,0.0,0,0.04,spawn,0.04,9,probe.step_up@TURN,step_up_0p04,1,7,2026-08-31T15:52:11Z,inplace,1,TURN,0.9999999999999982,0.0,311,0.0,1,5.74,-100.94736010738075,100.94736010738075
--headless --device cpu --families step_up step_down gap --skill TURN --score inplace --inplace-at spawn --max-probes 3 --reps 45 --foot-comp off --heading off --results-csv outputs/turn_phase_sweep_nofc.csv,0.18232163786888123,7,step_up,0,3.8557953218154135,off,0.0,0.0,3,3,off,0.0,0,0.04,spawn,0.06,9,probe.step_up@TURN,step_up_0p06,1,7,2026-08-31T15:52:11Z,inplace,1,TURN,0.9999999999999964,0.0,311,0.0,1,5.88,-99.02721824942384,99.02721824942384
--headless --device cpu --families step_up step_down gap --skill TURN --score inplace --inplace-at spawn --max-probes 3 --reps 45 --foot-comp off --heading off --results-csv outputs/turn_phase_sweep_nofc.csv,0.18357481062412262,7,step_down,0,3.8619471710344255,off,0.0,0.0,3,3,off,0.0,0,0.04,spawn,0.02,9,probe.step_down@TURN,step_down_0p02,1,7,2026-08-31T15:52:11Z,inplace,1,TURN,1.0,0.0,311,0.0,1,5.8,-99.35894874412494,99.35894874412494
--headless --device cpu --families step_up step_down gap --skill TURN --score inplace --inplace-at spawn --max-probes 3 --reps 45 --foot-comp off --heading off --results-csv outputs/turn_phase_sweep_nofc.csv,0.18119603395462036,7,step_down,0,3.8761979497480494,off,0.0,0.0,3,3,off,0.0,0,0.04,spawn,0.04,9,probe.step_down@TURN,step_down_0p04,1,7,2026-08-31T15:52:11Z,inplace,1,TURN,0.9999999999999982,0.0,311,0.0,1,5.76,-98.77273391764666,98.77273391764666
--headless --device cpu --families step_up step_down gap --skill TURN --score inplace --inplace-at spawn --max-probes 3 --reps 45 --foot-comp off --heading off --results-csv outputs/turn_phase_sweep_nofc.csv,0.1500283181667328,7,step_down,0,3.874916079863146,off,0.0,0.0,3,3,off,0.0,0,0.04,spawn,0.06,9,probe.step_down@TURN,step_down_0p06,1,7,2026-08-31T15:52:11Z,inplace,1,TURN,0.9999999999999964,0.0,311,0.0,1,6.2,-90.08173975465016,90.08173975465016
--headless --device cpu --families step_up step_down gap --skill TURN --score inplace --inplace-at spawn --max-probes 3 --reps 45 --foot-comp off --heading off --results-csv outputs/turn_phase_sweep_nofc.csv,0.17341308295726776,7,gap,0,3.4035511268787144,off,0.0,0.0,3,3,off,0.0,0,0.04,spawn,0.05,9,probe.gap@TURN,gap_0p05,1,7,2026-08-31T15:52:11Z,inplace,1,TURN,1.0,0.0,311,0.0,1,5.98,-96.22006960067972,96.22006960067972
--headless --device cpu --families step_up step_down gap --skill TURN --score inplace --inplace-at spawn --max-probes 3 --reps 45 --foot-comp off --heading off --results-csv outputs/turn_phase_sweep_nofc.csv,0.17910723388195038,7,gap,0,3.4775692972269505,off,0.0,0.0,3,3,off,0.0,0,0.04,spawn,0.1,9,probe.gap@TURN,gap_0p10,1,7,2026-08-31T15:52:11Z,inplace,1,TURN,0.9999999999999982,0.0,311,0.0,1,5.82,-97.14261108742451,97.14261108742451
--headless --device cpu --families step_up step_down gap --skill TURN --score inplace --inplace-at spawn --max-probes 3 --reps 45 --foot-comp off --heading off --results-csv outputs/turn_phase_sweep_nofc.csv,0.18022280931472778,7,gap,0,3.5119675819029754,off,0.0,0.0,3,3,off,0.0,0,0.04,spawn,0.15,9,probe.gap@TURN,gap_0p15,1,7,2026-08-31T15:52:11Z,inplace,1,TURN,0.9999999999999964,0.0,311,0.0,1,5.88,-98.23392509136843,98.23392509136843
--headless --device cpu --families step_up step_down gap --skill TURN --score inplace --inplace-at spawn --max-probes 3 --reps 45 --foot-comp off --heading off --results-csv outputs/turn_phase_sweep_nofc.csv,0.4841870367527008,8,step_up,1,4.464656615786184,off,0.0,0.0,3,3,off,0.0,0,0.04,spawn,0.02,9,probe.step_up@TURN,step_up_0p02,0,8,2026-08-31T15:52:11Z,inplace,1,TURN,1.0,0.0,387,0.0,1,nan,-69.43796123769127,75.87795682962536
--headless --device cpu --families step_up step_down gap --skill TURN --score inplace --inplace-at spawn --max-probes 3 --reps 45 --foot-comp off --heading off --results-csv outputs/turn_phase_sweep_nofc.csv,0.5048085451126099,8,step_up,1,4.484801233232261,off,0.0,0.0,3,3,off,0.0,0,0.04,spawn,0.04,9,probe.step_up@TURN,step_up_0p04,0,8,2026-08-31T15:52:11Z,inplace,1,TURN,0.9999999999999982,0.0,387,0.0,1,nan,-64.43545420592571,75.40095601334352
--headless --device cpu --families step_up step_down gap --skill TURN --score inplace --inplace-at spawn --max-probes 3 --reps 45 --foot-comp off --heading off --results-csv outputs/turn_phase_sweep_nofc.csv,0.48439377546310425,8,step_up,1,4.4691006549768995,off,0.0,0.0,3,3,off,0.0,0,0.04,spawn,0.06,9,probe.step_up@TURN,step_up_0p06,0,8,2026-08-31T15:52:11Z,inplace,1,TURN,0.9999999999999964,0.0,387,0.0,1,nan,-69.59810288402261,76.50747975769264
--headless --device cpu --families step_up step_down gap --skill TURN --score inplace --inplace-at spawn --max-probes 3 --reps 45 --foot-comp off --heading off --results-csv outputs/turn_phase_sweep_nofc.csv,0.49113065004348755,8,step_down,1,4.47569335990204,off,0.0,0.0,3,3,off,0.0,0,0.04,spawn,0.02,9,probe.step_down@TURN,step_down_0p02,0,8,2026-08-31T15:52:11Z,inplace,1,TURN,1.0,0.0,387,0.0,1,nan,-66.75436035039507,76.59023927423183
--headless --device cpu --families step_up step_down gap --skill TURN --score inplace --inplace-at spawn --max-probes 3 --reps 45 --foot-comp off --heading off --results-csv outputs/turn_phase_sweep_nofc.csv,0.48093757033348083,8,step_down,1,4.467030923938015,off,0.0,0.0,3,3,off,0.0,0,0.04,spawn,0.04,9,probe.step_down@TURN,step_down_0p04,0,8,2026-08-31T15:52:11Z,inplace,1,TURN,0.9999999999999982,0.0,387,0.0,1,nan,-70.44591358552583,76.63522889547684
--headless --device cpu --families step_up step_down gap --skill TURN --score inplace --inplace-at spawn --max-probes 3 --reps 45 --foot-comp off --heading off --results-csv outputs/turn_phase_sweep_nofc.csv,0.4951467216014862,8,step_down,1,4.47673406511675,off,0.0,0.0,3,3,off,0.0,0,0.04,spawn,0.06,9,probe.step_down@TURN,step_down_0p06,0,8,2026-08-31T15:52:11Z,inplace,1,TURN,0.9999999999999964,0.0,387,0.0,1,nan,-65.30577163337082,75.68383962220946
--headless --device cpu --families step_up step_down gap --skill TURN --score inplace --inplace-at spawn --max-probes 3 --reps 45 --foot-comp off --heading off --results-csv outputs/turn_phase_sweep_nofc.csv,0.47950056195259094,8,gap,1,4.0164324356198176,off,0.0,0.0,3,3,off,0.0,0,0.04,spawn,0.05,9,probe.gap@TURN,gap_0p05,0,8,2026-08-31T15:52:11Z,inplace,1,TURN,1.0,0.0,387,0.0,1,nan,-71.42141793888428,75.64691901360283
--headless --device cpu --families step_up step_down gap --skill TURN --score inplace --inplace-at spawn --max-probes 3 --reps 45 --foot-comp off --heading off --results-csv outputs/turn_phase_sweep_nofc.csv,0.512658417224884,8,gap,1,4.089021424288943,off,0.0,0.0,3,3,off,0.0,0,0.04,spawn,0.1,9,probe.gap@TURN,gap_0p10,0,8,2026-08-31T15:52:11Z,inplace,1,TURN,0.9999999999999982,0.0,387,0.0,1,nan,-62.91802314744956,76.27742469213413
--headless --device cpu --families step_up step_down gap --skill TURN --score inplace --inplace-at spawn --max-probes 3 --reps 45 --foot-comp off --heading off --results-csv outputs/turn_phase_sweep_nofc.csv,0.2792472541332245,8,gap,1,3.9319910039640504,off,0.0,0.0,3,3,off,0.0,0,0.04,spawn,0.15,9,probe.gap@TURN,gap_0p15,1,8,2026-08-31T15:52:11Z,inplace,1,TURN,0.9999999999999964,0.0,387,0.0,1,7.16,-87.55739914884944,95.28718450070753
--headless --device cpu --families step_up step_down gap --skill TURN --score inplace --inplace-at spawn --max-probes 3 --reps 45 --foot-comp off --heading off --results-csv outputs/turn_phase_sweep_nofc.csv,0.4688699543476105,9,step_up,1,4.456023400382407,off,0.0,0.0,3,3,off,0.0,0,0.04,spawn,0.02,9,probe.step_up@TURN,step_up_0p02,0,9,2026-08-31T15:52:11Z,inplace,1,TURN,1.0,0.0,341,0.0,1,nan,-63.89257241763778,72.34311840944875
--headless --device cpu --families step_up step_down gap --skill TURN --score inplace --inplace-at spawn --max-probes 3 --reps 45 --foot-comp off --heading off --results-csv outputs/turn_phase_sweep_nofc.csv,0.46707457304000854,9,step_up,1,4.455091006089295,off,0.0,0.0,3,3,off,0.0,0,0.04,spawn,0.04,9,probe.step_up@TURN,step_up_0p04,0,9,2026-08-31T15:52:11Z,inplace,1,TURN,0.9999999999999982,0.0,341,0.0,1,nan,-64.22753680316859,72.07735253062188
--headless --device cpu --families step_up step_down gap --skill TURN --score inplace --inplace-at spawn --max-probes 3 --reps 45 --foot-comp off --heading off --results-csv outputs/turn_phase_sweep_nofc.csv,0.4671691358089447,9,step_up,1,4.469494871446482,off,0.0,0.0,3,3,off,0.0,0,0.04,spawn,0.06,9,probe.step_up@TURN,step_up_0p06,0,9,2026-08-31T15:52:11Z,inplace,1,TURN,0.9999999999999964,0.0,341,0.0,1,nan,-67.0124362795973,72.22268905887762
--headless --device cpu --families step_up step_down gap --skill TURN --score inplace --inplace-at spawn --max-probes 3 --reps 45 --foot-comp off --heading off --results-csv outputs/turn_phase_sweep_nofc.csv,0.46828189492225647,9,step_down,1,4.4771404409824465,off,0.0,0.0,3,3,off,0.0,0,0.04,spawn,0.02,9,probe.step_down@TURN,step_down_0p02,0,9,2026-08-31T15:52:11Z,inplace,1,TURN,1.0,0.0,341,0.0,1,nan,-69.26552630392638,71.68988360684676
--headless --device cpu --families step_up step_down gap --skill TURN --score inplace --inplace-at spawn --max-probes 3 --reps 45 --foot-comp off --heading off --results-csv outputs/turn_phase_sweep_nofc.csv,0.46521732211112976,9,step_down,1,4.462913401885583,off,0.0,0.0,3,3,off,0.0,0,0.04,spawn,0.04,9,probe.step_down@TURN,step_down_0p04,0,9,2026-08-31T15:52:11Z,inplace,1,TURN,0.9999999999999982,0.0,341,0.0,1,nan,-65.68409532978026,70.94637400937197
--headless --device cpu --families step_up step_down gap --skill TURN --score inplace --inplace-at spawn --max-probes 3 --reps 45 --foot-comp off --heading off --results-csv outputs/turn_phase_sweep_nofc.csv,0.46642154455184937,9,step_down,1,4.46670837507967,off,0.0,0.0,3,3,off,0.0,0,0.04,spawn,0.06,9,probe.step_down@TURN,step_down_0p06,0,9,2026-08-31T15:52:11Z,inplace,1,TURN,0.9999999999999964,0.0,341,0.0,1,nan,-67.79306886150849,72.61118052178477
--headless --device cpu --families step_up step_down gap --skill TURN --score inplace --inplace-at spawn --max-probes 3 --reps 45 --foot-comp off --heading off --results-csv outputs/turn_phase_sweep_nofc.csv,0.48999494314193726,9,gap,1,4.035109638594653,off,0.0,0.0,3,3,off,0.0,0,0.04,spawn,0.05,9,probe.gap@TURN,gap_0p05,0,9,2026-08-31T15:52:11Z,inplace,1,TURN,1.0,0.0,341,0.0,1,nan,-63.88558069145907,72.94401449237793
--headless --device cpu --families step_up step_down gap --skill TURN --score inplace --inplace-at spawn --max-probes 3 --reps 45 --foot-comp off --heading off --results-csv outputs/turn_phase_sweep_nofc.csv,0.31052330136299133,9,gap,1,3.93847621541865,off,0.0,0.0,3,3,off,0.0,0,0.04,spawn,0.1,9,probe.gap@TURN,gap_0p10,0,9,2026-08-31T15:52:11Z,inplace,1,TURN,0.9999999999999982,0.0,341,0.0,1,nan,-79.88954237089416,82.47423908725199
--headless --device cpu --families step_up step_down gap --skill TURN --score inplace --inplace-at spawn --max-probes 3 --reps 45 --foot-comp off --heading off --results-csv outputs/turn_phase_sweep_nofc.csv,0.4711553454399109,9,gap,1,4.1058553760975185,off,0.0,0.0,3,3,off,0.0,0,0.04,spawn,0.15,9,probe.gap@TURN,gap_0p15,0,9,2026-08-31T15:52:11Z,inplace,1,TURN,0.9999999999999964,0.0,341,0.0,1,nan,-63.86186088731421,72.0119807841557
--headless --device cpu --families step_up step_down gap --skill TURN --score inplace --inplace-at spawn --max-probes 3 --reps 45 --foot-comp off --heading off --results-csv outputs/turn_phase_sweep_nofc.csv,0.4937897324562073,10,step_up,1,4.311243614409248,off,0.0,0.0,3,3,off,0.0,0,0.04,spawn,0.02,9,probe.step_up@TURN,step_up_0p02,0,10,2026-08-31T15:52:11Z,inplace,1,TURN,1.0,0.0,130,0.0,1,nan,-18.265129514633287,27.04833599781682
--headless --device cpu --families step_up step_down gap --skill TURN --score inplace --inplace-at spawn --max-probes 3 --reps 45 --foot-comp off --heading off --results-csv outputs/turn_phase_sweep_nofc.csv,0.5049418210983276,10,step_up,1,4.315522388026963,off,0.0,0.0,3,3,off,0.0,0,0.04,spawn,0.04,9,probe.step_up@TURN,step_up_0p04,0,10,2026-08-31T15:52:11Z,inplace,1,TURN,0.9999999999999982,0.0,130,0.0,1,nan,-13.112945554371862,27.171429039747608
--headless --device cpu --families step_up step_down gap --skill TURN --score inplace --inplace-at spawn --max-probes 3 --reps 45 --foot-comp off --heading off --results-csv outputs/turn_phase_sweep_nofc.csv,0.5054513216018677,10,step_up,1,4.31608758158616,off,0.0,0.0,3,3,off,0.0,0,0.04,spawn,0.06,9,probe.step_up@TURN,step_up_0p06,0,10,2026-08-31T15:52:11Z,inplace,1,TURN,0.9999999999999964,0.0,130,0.0,1,nan,-14.121947741065014,27.461761666503406
--headless --device cpu --families step_up step_down gap --skill TURN --score inplace --inplace-at spawn --max-probes 3 --reps 45 --foot-comp off --heading off --results-csv outputs/turn_phase_sweep_nofc.csv,0.5050387382507324,10,step_down,1,4.314118367544086,off,0.0,0.0,3,3,off,0.0,0,0.04,spawn,0.02,9,probe.step_down@TURN,step_down_0p02,0,10,2026-08-31T15:52:11Z,inplace,1,TURN,1.0,0.0,130,0.0,1,nan,-14.711799612386386,27.855452015637752
--headless --device cpu --families step_up step_down gap --skill TURN --score inplace --inplace-at spawn --max-probes 3 --reps 45 --foot-comp off --heading off --results-csv outputs/turn_phase_sweep_nofc.csv,0.5014382600784302,10,step_down,1,4.309084557741868,off,0.0,0.0,3,3,off,0.0,0,0.04,spawn,0.04,9,probe.step_down@TURN,step_down_0p04,0,10,2026-08-31T15:52:11Z,inplace,1,TURN,0.9999999999999982,0.0,130,0.0,1,nan,-15.858612271093136,27.506679196837325
--headless --device cpu --families step_up step_down gap --skill TURN --score inplace --inplace-at spawn --max-probes 3 --reps 45 --foot-comp off --heading off --results-csv outputs/turn_phase_sweep_nofc.csv,0.5059495568275452,10,step_down,1,4.315121059400832,off,0.0,0.0,3,3,off,0.0,0,0.04,spawn,0.06,9,probe.step_down@TURN,step_down_0p06,0,10,2026-08-31T15:52:11Z,inplace,1,TURN,0.9999999999999964,0.0,130,0.0,1,nan,-15.114014959506221,27.859160954051305
--headless --device cpu --families step_up step_down gap --skill TURN --score inplace --inplace-at spawn --max-probes 3 --reps 45 --foot-comp off --heading off --results-csv outputs/turn_phase_sweep_nofc.csv,0.5057940483093262,10,gap,1,3.869334013235337,off,0.0,0.0,3,3,off,0.0,0,0.04,spawn,0.05,9,probe.gap@TURN,gap_0p05,0,10,2026-08-31T15:52:11Z,inplace,1,TURN,1.0,0.0,130,0.0,1,nan,-16.8108966704998,27.800466643861938
--headless --device cpu --families step_up step_down gap --skill TURN --score inplace --inplace-at spawn --max-probes 3 --reps 45 --foot-comp off --heading off --results-csv outputs/turn_phase_sweep_nofc.csv,0.5024715662002563,10,gap,1,3.9161033202805418,off,0.0,0.0,3,3,off,0.0,0,0.04,spawn,0.1,9,probe.gap@TURN,gap_0p10,0,10,2026-08-31T15:52:11Z,inplace,1,TURN,0.9999999999999982,0.0,130,0.0,1,nan,-14.568699962405844,27.45425862527452
--headless --device cpu --families step_up step_down gap --skill TURN --score inplace --inplace-at spawn --max-probes 3 --reps 45 --foot-comp off --heading off --results-csv outputs/turn_phase_sweep_nofc.csv,0.49859100580215454,10,gap,1,3.957444066420976,off,0.0,0.0,3,3,off,0.0,0,0.04,spawn,0.15,9,probe.gap@TURN,gap_0p15,0,10,2026-08-31T15:52:11Z,inplace,1,TURN,0.9999999999999964,0.0,130,0.0,1,nan,-13.312757671687905,27.081673996546215
--headless --device cpu --families step_up step_down gap --skill TURN --score inplace --inplace-at spawn --max-probes 3 --reps 45 --foot-comp off --heading off --results-csv outputs/turn_phase_sweep_nofc.csv,0.5041201114654541,11,step_up,1,4.399742493006512,off,0.0,0.0,3,3,off,0.0,0,0.04,spawn,0.02,9,probe.step_up@TURN,step_up_0p02,0,11,2026-08-31T15:52:11Z,inplace,1,TURN,1.0,0.0,132,0.0,1,nan,-29.285945208524765,46.650624349788615
--headless --device cpu --families step_up step_down gap --skill TURN --score inplace --inplace-at spawn --max-probes 3 --reps 45 --foot-comp off --heading off --results-csv outputs/turn_phase_sweep_nofc.csv,0.5016598105430603,11,step_up,1,4.400047255258988,off,0.0,0.0,3,3,off,0.0,0,0.04,spawn,0.04,9,probe.step_up@TURN,step_up_0p04,0,11,2026-08-31T15:52:11Z,inplace,1,TURN,0.9999999999999982,0.0,132,0.0,1,nan,-28.702949054549094,46.501366249758576
--headless --device cpu --families step_up step_down gap --skill TURN --score inplace --inplace-at spawn --max-probes 3 --reps 45 --foot-comp off --heading off --results-csv outputs/turn_phase_sweep_nofc.csv,0.5051325559616089,11,step_up,1,4.39971498795421,off,0.0,0.0,3,3,off,0.0,0,0.04,spawn,0.06,9,probe.step_up@TURN,step_up_0p06,0,11,2026-08-31T15:52:11Z,inplace,1,TURN,0.9999999999999964,0.0,132,0.0,1,nan,-29.413818423171364,46.726343944716405
--headless --device cpu --families step_up step_down gap --skill TURN --score inplace --inplace-at spawn --max-probes 3 --reps 45 --foot-comp off --heading off --results-csv outputs/turn_phase_sweep_nofc.csv,0.5032345652580261,11,step_down,1,4.404458162790537,off,0.0,0.0,3,3,off,0.0,0,0.04,spawn,0.02,9,probe.step_down@TURN,step_down_0p02,0,11,2026-08-31T15:52:11Z,inplace,1,TURN,1.0,0.0,132,0.0,1,nan,-32.05285114782245,46.522817294279264
--headless --device cpu --families step_up step_down gap --skill TURN --score inplace --inplace-at spawn --max-probes 3 --reps 45 --foot-comp off --heading off --results-csv outputs/turn_phase_sweep_nofc.csv,0.49091607332229614,11,step_down,1,4.386287950919554,off,0.0,0.0,3,3,off,0.0,0,0.04,spawn,0.04,9,probe.step_down@TURN,step_down_0p04,0,11,2026-08-31T15:52:11Z,inplace,1,TURN,0.9999999999999982,0.0,132,0.0,1,nan,-28.762148809807172,46.69331940211458
--headless --device cpu --families step_up step_down gap --skill TURN --score inplace --inplace-at spawn --max-probes 3 --reps 45 --foot-comp off --heading off --results-csv outputs/turn_phase_sweep_nofc.csv,0.4906245768070221,11,step_down,1,4.385252179862051,off,0.0,0.0,3,3,off,0.0,0,0.04,spawn,0.06,9,probe.step_down@TURN,step_down_0p06,0,11,2026-08-31T15:52:11Z,inplace,1,TURN,0.9999999999999964,0.0,132,0.0,1,nan,-28.1167868401067,46.240833762348586
--headless --device cpu --families step_up step_down gap --skill TURN --score inplace --inplace-at spawn --max-probes 3 --reps 45 --foot-comp off --heading off --results-csv outputs/turn_phase_sweep_nofc.csv,0.5054206848144531,11,gap,1,3.9535272639042565,off,0.0,0.0,3,3,off,0.0,0,0.04,spawn,0.05,9,probe.gap@TURN,gap_0p05,0,11,2026-08-31T15:52:11Z,inplace,1,TURN,1.0,0.0,132,0.0,1,nan,-30.23646663995828,46.59258988211039
--headless --device cpu --families step_up step_down gap --skill TURN --score inplace --inplace-at spawn --max-probes 3 --reps 45 --foot-comp off --heading off --results-csv outputs/turn_phase_sweep_nofc.csv,0.487954318523407,11,gap,1,3.9855959025891368,off,0.0,0.0,3,3,off,0.0,0,0.04,spawn,0.1,9,probe.gap@TURN,gap_0p10,0,11,2026-08-31T15:52:11Z,inplace,1,TURN,0.9999999999999982,0.0,132,0.0,1,nan,-31.196869266198746,47.42074203709123
--headless --device cpu --families step_up step_down gap --skill TURN --score inplace --inplace-at spawn --max-probes 3 --reps 45 --foot-comp off --heading off --results-csv outputs/turn_phase_sweep_nofc.csv,0.5047724843025208,11,gap,1,4.051527969113967,off,0.0,0.0,3,3,off,0.0,0,0.04,spawn,0.15,9,probe.gap@TURN,gap_0p15,0,11,2026-08-31T15:52:11Z,inplace,1,TURN,0.9999999999999964,0.0,132,0.0,1,nan,-31.01440663279766,46.70492324607275
--headless --device cpu --families step_up step_down gap --skill TURN --score inplace --inplace-at spawn --max-probes 3 --reps 45 --foot-comp off --heading off --results-csv outputs/turn_phase_sweep_nofc.csv,0.4053264558315277,12,step_up,1,4.341993779714054,off,0.0,0.0,3,3,off,0.0,0,0.04,spawn,0.02,9,probe.step_up@TURN,step_up_0p02,0,12,2026-08-31T15:52:11Z,inplace,1,TURN,1.0,0.0,178,0.0,1,nan,-35.984562713843815,41.99015913321614
--headless --device cpu --families step_up step_down gap --skill TURN --score inplace --inplace-at spawn --max-probes 3 --reps 45 --foot-comp off --heading off --results-csv outputs/turn_phase_sweep_nofc.csv,0.43512123823165894,12,step_up,1,4.348759597923051,off,0.0,0.0,3,3,off,0.0,0,0.04,spawn,0.04,9,probe.step_up@TURN,step_up_0p04,0,12,2026-08-31T15:52:11Z,inplace,1,TURN,0.9999999999999982,0.0,178,0.0,1,nan,-26.4254424722549,41.37398959395222
--headless --device cpu --families step_up step_down gap --skill TURN --score inplace --inplace-at spawn --max-probes 3 --reps 45 --foot-comp off --heading off --results-csv outputs/turn_phase_sweep_nofc.csv,0.4158426523208618,12,step_up,1,4.3370803261496444,off,0.0,0.0,3,3,off,0.0,0,0.04,spawn,0.06,9,probe.step_up@TURN,step_up_0p06,0,12,2026-08-31T15:52:11Z,inplace,1,TURN,0.9999999999999964,0.0,178,0.0,1,nan,-25.995523634707126,40.950019430770396
--headless --device cpu --families step_up step_down gap --skill TURN --score inplace --inplace-at spawn --max-probes 3 --reps 45 --foot-comp off --heading off --results-csv outputs/turn_phase_sweep_nofc.csv,0.4148130416870117,12,step_down,1,4.342007381945341,off,0.0,0.0,3,3,off,0.0,0,0.04,spawn,0.02,9,probe.step_down@TURN,step_down_0p02,0,12,2026-08-31T15:52:11Z,inplace,1,TURN,1.0,0.0,178,0.0,1,nan,-31.652283239452714,41.126088782315236
--headless --device cpu --families step_up step_down gap --skill TURN --score inplace --inplace-at spawn --max-probes 3 --reps 45 --foot-comp off --heading off --results-csv outputs/turn_phase_sweep_nofc.csv,0.4085920453071594,12,step_down,1,4.340264701808911,off,0.0,0.0,3,3,off,0.0,0,0.04,spawn,0.04,9,probe.step_down@TURN,step_down_0p04,0,12,2026-08-31T15:52:11Z,inplace,1,TURN,0.9999999999999982,0.0,178,0.0,1,nan,-34.21525249898926,41.10497072767967
--headless --device cpu --families step_up step_down gap --skill TURN --score inplace --inplace-at spawn --max-probes 3 --reps 45 --foot-comp off --heading off --results-csv outputs/turn_phase_sweep_nofc.csv,0.4108162820339203,12,step_down,1,4.338670297456697,off,0.0,0.0,3,3,off,0.0,0,0.04,spawn,0.06,9,probe.step_down@TURN,step_down_0p06,0,12,2026-08-31T15:52:11Z,inplace,1,TURN,0.9999999999999964,0.0,178,0.0,1,nan,-30.732331259052813,41.633178782672445
--headless --device cpu --families step_up step_down gap --skill TURN --score inplace --inplace-at spawn --max-probes 3 --reps 45 --foot-comp off --heading off --results-csv outputs/turn_phase_sweep_nofc.csv,0.4042171537876129,12,gap,1,3.8893339800153717,off,0.0,0.0,3,3,off,0.0,0,0.04,spawn,0.05,9,probe.gap@TURN,gap_0p05,0,12,2026-08-31T15:52:11Z,inplace,1,TURN,1.0,0.0,178,0.0,1,nan,-34.0428060619094,41.3282898143263
--headless --device cpu --families step_up step_down gap --skill TURN --score inplace --inplace-at spawn --max-probes 3 --reps 45 --foot-comp off --heading off --results-csv outputs/turn_phase_sweep_nofc.csv,0.41187334060668945,12,gap,1,3.941124667066654,off,0.0,0.0,3,3,off,0.0,0,0.04,spawn,0.1,9,probe.gap@TURN,gap_0p10,0,12,2026-08-31T15:52:11Z,inplace,1,TURN,0.9999999999999982,0.0,178,0.0,1,nan,-34.13555279951609,41.416657338348784
--headless --device cpu --families step_up step_down gap --skill TURN --score inplace --inplace-at spawn --max-probes 3 --reps 45 --foot-comp off --heading off --results-csv outputs/turn_phase_sweep_nofc.csv,0.4265722334384918,12,gap,1,3.9951142969404567,off,0.0,0.0,3,3,off,0.0,0,0.04,spawn,0.15,9,probe.gap@TURN,gap_0p15,0,12,2026-08-31T15:52:11Z,inplace,1,TURN,0.9999999999999964,0.0,178,0.0,1,nan,-26.211486134004616,41.242120570925664
--headless --device cpu --families step_up step_down gap --skill TURN --score inplace --inplace-at spawn --max-probes 3 --reps 45 --foot-comp off --heading off --results-csv outputs/turn_phase_sweep_nofc.csv,0.4354723393917084,13,step_up,1,4.4139585522689595,off,0.0,0.0,3,3,off,0.0,0,0.04,spawn,0.02,9,probe.step_up@TURN,step_up_0p02,0,13,2026-08-31T15:52:11Z,inplace,1,TURN,1.0,0.0,155,0.0,1,nan,-44.965836325421236,50.54577909739922
--headless --device cpu --families step_up step_down gap --skill TURN --score inplace --inplace-at spawn --max-probes 3 --reps 45 --foot-comp off --heading off --results-csv outputs/turn_phase_sweep_nofc.csv,0.4756048619747162,13,step_up,1,4.460840252590443,off,0.0,0.0,3,3,off,0.0,0,0.04,spawn,0.04,9,probe.step_up@TURN,step_up_0p04,0,13,2026-08-31T15:52:11Z,inplace,1,TURN,0.9999999999999982,0.0,155,0.0,1,nan,-52.947617977013095,48.72058093131591
--headless --device cpu --families step_up step_down gap --skill TURN --score inplace --inplace-at spawn --max-probes 3 --reps 45 --foot-comp off --heading off --results-csv outputs/turn_phase_sweep_nofc.csv,0.46715229749679565,13,step_up,1,4.450833024972952,off,0.0,0.0,3,3,off,0.0,0,0.04,spawn,0.06,9,probe.step_up@TURN,step_up_0p06,0,13,2026-08-31T15:52:11Z,inplace,1,TURN,0.9999999999999964,0.0,155,0.0,1,nan,-47.87496853894828,49.453552982313255
--headless --device cpu --families step_up step_down gap --skill TURN --score inplace --inplace-at spawn --max-probes 3 --reps 45 --foot-comp off --heading off --results-csv outputs/turn_phase_sweep_nofc.csv,0.4380299746990204,13,step_down,1,4.413027786486759,off,0.0,0.0,3,3,off,0.0,0,0.04,spawn,0.02,9,probe.step_down@TURN,step_down_0p02,0,13,2026-08-31T15:52:11Z,inplace,1,TURN,1.0,0.0,155,0.0,1,nan,-44.23408263263775,50.49414190815713
--headless --device cpu --families step_up step_down gap --skill TURN --score inplace --inplace-at spawn --max-probes 3 --reps 45 --foot-comp off --heading off --results-csv outputs/turn_phase_sweep_nofc.csv,0.46361109614372253,13,step_down,1,4.446128713198957,off,0.0,0.0,3,3,off,0.0,0,0.04,spawn,0.04,9,probe.step_down@TURN,step_down_0p04,0,13,2026-08-31T15:52:11Z,inplace,1,TURN,0.9999999999999982,0.0,155,0.0,1,nan,-50.484264151554356,49.684807769748005
--headless --device cpu --families step_up step_down gap --skill TURN --score inplace --inplace-at spawn --max-probes 3 --reps 45 --foot-comp off --heading off --results-csv outputs/turn_phase_sweep_nofc.csv,0.45079416036605835,13,step_down,1,4.430950004290264,off,0.0,0.0,3,3,off,0.0,0,0.04,spawn,0.06,9,probe.step_down@TURN,step_down_0p06,0,13,2026-08-31T15:52:11Z,inplace,1,TURN,0.9999999999999964,0.0,155,0.0,1,nan,-47.28108556870751,50.55736359608753
--headless --device cpu --families step_up step_down gap --skill TURN --score inplace --inplace-at spawn --max-probes 3 --reps 45 --foot-comp off --heading off --results-csv outputs/turn_phase_sweep_nofc.csv,0.43849068880081177,13,gap,1,3.9652543259278423,off,0.0,0.0,3,3,off,0.0,0,0.04,spawn,0.05,9,probe.gap@TURN,gap_0p05,0,13,2026-08-31T15:52:11Z,inplace,1,TURN,1.0,0.0,155,0.0,1,nan,-44.95992429875287,50.13725345056838
--headless --device cpu --families step_up step_down gap --skill TURN --score inplace --inplace-at spawn --max-probes 3 --reps 45 --foot-comp off --heading off --results-csv outputs/turn_phase_sweep_nofc.csv,0.46017220616340637,13,gap,1,4.0388047906513345,off,0.0,0.0,3,3,off,0.0,0,0.04,spawn,0.1,9,probe.gap@TURN,gap_0p10,0,13,2026-08-31T15:52:11Z,inplace,1,TURN,0.9999999999999982,0.0,155,0.0,1,nan,-44.38564073701099,50.020663306614296
--headless --device cpu --families step_up step_down gap --skill TURN --score inplace --inplace-at spawn --max-probes 3 --reps 45 --foot-comp off --heading off --results-csv outputs/turn_phase_sweep_nofc.csv,0.43244028091430664,13,gap,1,4.063378133599116,off,0.0,0.0,3,3,off,0.0,0,0.04,spawn,0.15,9,probe.gap@TURN,gap_0p15,0,13,2026-08-31T15:52:11Z,inplace,1,TURN,0.9999999999999964,0.0,155,0.0,1,nan,-45.13105049286008,50.522659703851616
--headless --device cpu --families step_up step_down gap --skill TURN --score inplace --inplace-at spawn --max-probes 3 --reps 45 --foot-comp off --heading off --results-csv outputs/turn_phase_sweep_nofc.csv,0.4445000886917114,14,step_up,1,4.449780503351104,off,0.0,0.0,3,3,off,0.0,0,0.04,spawn,0.02,9,probe.step_up@TURN,step_up_0p02,0,14,2026-08-31T15:52:11Z,inplace,1,TURN,1.0,0.0,398,0.0,1,nan,-67.32441995372395,71.35174301694397
--headless --device cpu --families step_up step_down gap --skill TURN --score inplace --inplace-at spawn --max-probes 3 --reps 45 --foot-comp off --heading off --results-csv outputs/turn_phase_sweep_nofc.csv,0.18628834187984467,14,step_up,0,3.894178207198451,off,0.0,0.0,3,3,off,0.0,0,0.04,spawn,0.04,9,probe.step_up@TURN,step_up_0p04,1,14,2026-08-31T15:52:11Z,inplace,1,TURN,0.9999999999999982,0.0,398,0.0,1,6.94,-109.77498620885541,109.77498620885541
--headless --device cpu --families step_up step_down gap --skill TURN --score inplace --inplace-at spawn --max-probes 3 --reps 45 --foot-comp off --heading off --results-csv outputs/turn_phase_sweep_nofc.csv,0.45092466473579407,14,step_up,1,4.491888901785394,off,0.0,0.0,3,3,off,0.0,0,0.04,spawn,0.06,9,probe.step_up@TURN,step_up_0p06,0,14,2026-08-31T15:52:11Z,inplace,1,TURN,0.9999999999999964,0.0,398,0.0,1,nan,-79.23139888897302,83.48285002517983
--headless --device cpu --families step_up step_down gap --skill TURN --score inplace --inplace-at spawn --max-probes 3 --reps 45 --foot-comp off --heading off --results-csv outputs/turn_phase_sweep_nofc.csv,0.4693138897418976,14,step_down,1,4.477061532246534,off,0.0,0.0,3,3,off,0.0,0,0.04,spawn,0.02,9,probe.step_down@TURN,step_down_0p02,0,14,2026-08-31T15:52:11Z,inplace,1,TURN,1.0,0.0,398,0.0,1,nan,-62.89290937204515,72.14647812220196
--headless --device cpu --families step_up step_down gap --skill TURN --score inplace --inplace-at spawn --max-probes 3 --reps 45 --foot-comp off --heading off --results-csv outputs/turn_phase_sweep_nofc.csv,0.17597396671772003,14,step_down,0,3.9383272604091704,off,0.0,0.0,3,3,off,0.0,0,0.04,spawn,0.04,9,probe.step_down@TURN,step_down_0p04,1,14,2026-08-31T15:52:11Z,inplace,1,TURN,0.9999999999999982,0.0,398,0.0,1,7.640000000000001,-88.59396622242829,90.79936526635805
--headless --device cpu --families step_up step_down gap --skill TURN --score inplace --inplace-at spawn --max-probes 3 --reps 45 --foot-comp off --heading off --results-csv outputs/turn_phase_sweep_nofc.csv,0.5082714557647705,14,step_down,1,4.510977646849329,off,0.0,0.0,3,3,off,0.0,0,0.04,spawn,0.06,9,probe.step_down@TURN,step_down_0p06,0,14,2026-08-31T15:52:11Z,inplace,1,TURN,0.9999999999999964,0.0,398,0.0,1,nan,-70.77525350999332,63.73791492340669
--headless --device cpu --families step_up step_down gap --skill TURN --score inplace --inplace-at spawn --max-probes 3 --reps 45 --foot-comp off --heading off --results-csv outputs/turn_phase_sweep_nofc.csv,0.4758443236351013,14,gap,1,4.041052464038541,off,0.0,0.0,3,3,off,0.0,0,0.04,spawn,0.05,9,probe.gap@TURN,gap_0p05,0,14,2026-08-31T15:52:11Z,inplace,1,TURN,1.0,0.0,398,0.0,1,nan,-71.14422831819238,70.76488710953106
--headless --device cpu --families step_up step_down gap --skill TURN --score inplace --inplace-at spawn --max-probes 3 --reps 45 --foot-comp off --heading off --results-csv outputs/turn_phase_sweep_nofc.csv,0.43947863578796387,14,gap,1,4.046336450051582,off,0.0,0.0,3,3,off,0.0,0,0.04,spawn,0.1,9,probe.gap@TURN,gap_0p10,0,14,2026-08-31T15:52:11Z,inplace,1,TURN,0.9999999999999982,0.0,398,0.0,1,nan,-66.88965389633157,71.3913810548431
--headless --device cpu --families step_up step_down gap --skill TURN --score inplace --inplace-at spawn --max-probes 3 --reps 45 --foot-comp off --heading off --results-csv outputs/turn_phase_sweep_nofc.csv,0.18046234548091888,14,gap,0,3.5892112338561217,off,0.0,0.0,3,3,off,0.0,0,0.04,spawn,0.15,9,probe.gap@TURN,gap_0p15,1,14,2026-08-31T15:52:11Z,inplace,1,TURN,0.9999999999999964,0.0,398,0.0,1,6.94,-105.34378049369397,107.05454240820876
--headless --device cpu --families step_up step_down gap --skill TURN --score inplace --inplace-at spawn --max-probes 3 --reps 45 --foot-comp off --heading off --results-csv outputs/turn_phase_sweep_nofc.csv,0.18384258449077606,15,step_up,0,3.8662368235260094,off,0.0,0.0,3,3,off,0.0,0,0.04,spawn,0.02,9,probe.step_up@TURN,step_up_0p02,1,15,2026-08-31T15:52:11Z,inplace,1,TURN,1.0,0.0,305,0.0,1,6.0,-93.25453859609735,93.25453859609735
--headless --device cpu --families step_up step_down gap --skill TURN --score inplace --inplace-at spawn --max-probes 3 --reps 45 --foot-comp off --heading off --results-csv outputs/turn_phase_sweep_nofc.csv,0.1844257116317749,15,step_up,0,3.865501099275045,off,0.0,0.0,3,3,off,0.0,0,0.04,spawn,0.04,9,probe.step_up@TURN,step_up_0p04,1,15,2026-08-31T15:52:11Z,inplace,1,TURN,0.9999999999999982,0.0,305,0.0,1,5.98,-93.96810878863724,93.96810878863724
--headless --device cpu --families step_up step_down gap --skill TURN --score inplace --inplace-at spawn --max-probes 3 --reps 45 --foot-comp off --heading off --results-csv outputs/turn_phase_sweep_nofc.csv,0.1758706271648407,15,step_up,0,3.8681549147394105,off,0.0,0.0,3,3,off,0.0,0,0.04,spawn,0.06,9,probe.step_up@TURN,step_up_0p06,1,15,2026-08-31T15:52:11Z,inplace,1,TURN,0.9999999999999964,0.0,305,0.0,1,6.08,-90.49692171044893,90.49692171044893
--headless --device cpu --families step_up step_down gap --skill TURN --score inplace --inplace-at spawn --max-probes 3 --reps 45 --foot-comp off --heading off --results-csv outputs/turn_phase_sweep_nofc.csv,0.18023645877838135,15,step_down,0,3.8637448139506745,off,0.0,0.0,3,3,off,0.0,0,0.04,spawn,0.02,9,probe.step_down@TURN,step_down_0p02,1,15,2026-08-31T15:52:11Z,inplace,1,TURN,1.0,0.0,305,0.0,1,6.04,-91.81892810975913,91.81892810975913
--headless --device cpu --families step_up step_down gap --skill TURN --score inplace --inplace-at spawn --max-probes 3 --reps 45 --foot-comp off --heading off --results-csv outputs/turn_phase_sweep_nofc.csv,0.17970658838748932,15,step_down,0,3.8644310161145294,off,0.0,0.0,3,3,off,0.0,0,0.04,spawn,0.04,9,probe.step_down@TURN,step_down_0p04,1,15,2026-08-31T15:52:11Z,inplace,1,TURN,0.9999999999999982,0.0,305,0.0,1,6.0600000000000005,-91.31637369767782,91.31637369767782
--headless --device cpu --families step_up step_down gap --skill TURN --score inplace --inplace-at spawn --max-probes 3 --reps 45 --foot-comp off --heading off --results-csv outputs/turn_phase_sweep_nofc.csv,0.17382875084877014,15,step_down,0,3.8702537588621433,off,0.0,0.0,3,3,off,0.0,0,0.04,spawn,0.06,9,probe.step_down@TURN,step_down_0p06,1,15,2026-08-31T15:52:11Z,inplace,1,TURN,0.9999999999999964,0.0,305,0.0,1,6.04,-92.08346944185203,92.08346944185203
--headless --device cpu --families step_up step_down gap --skill TURN --score inplace --inplace-at spawn --max-probes 3 --reps 45 --foot-comp off --heading off --results-csv outputs/turn_phase_sweep_nofc.csv,0.1827874481678009,15,gap,0,3.416521924892921,off,0.0,0.0,3,3,off,0.0,0,0.04,spawn,0.05,9,probe.gap@TURN,gap_0p05,1,15,2026-08-31T15:52:11Z,inplace,1,TURN,1.0,0.0,305,0.0,1,6.0200000000000005,-92.77109547563848,92.77109547563848
--headless --device cpu --families step_up step_down gap --skill TURN --score inplace --inplace-at spawn --max-probes 3 --reps 45 --foot-comp off --heading off --results-csv outputs/turn_phase_sweep_nofc.csv,0.1808219999074936,15,gap,0,3.4631842569295546,off,0.0,0.0,3,3,off,0.0,0,0.04,spawn,0.1,9,probe.gap@TURN,gap_0p10,1,15,2026-08-31T15:52:11Z,inplace,1,TURN,0.9999999999999982,0.0,305,0.0,1,6.0200000000000005,-93.02771584083376,93.02771584083376
--headless --device cpu --families step_up step_down gap --skill TURN --score inplace --inplace-at spawn --max-probes 3 --reps 45 --foot-comp off --heading off --results-csv outputs/turn_phase_sweep_nofc.csv,0.18548497557640076,15,gap,0,3.5136842400588817,off,0.0,0.0,3,3,off,0.0,0,0.04,spawn,0.15,9,probe.gap@TURN,gap_0p15,1,15,2026-08-31T15:52:11Z,inplace,1,TURN,0.9999999999999964,0.0,305,0.0,1,5.96,-94.5620005774401,94.5620005774401
--headless --device cpu --families step_up step_down gap --skill TURN --score inplace --inplace-at spawn --max-probes 3 --reps 45 --foot-comp off --heading off --results-csv outputs/turn_phase_sweep_nofc.csv,0.20925459265708923,16,step_up,0,3.832253048696463,off,0.0,0.0,3,3,off,0.0,0,0.04,spawn,0.02,9,probe.step_up@TURN,step_up_0p02,1,16,2026-08-31T15:52:11Z,inplace,1,TURN,1.0,0.0,398,0.0,1,6.36,-113.15906905820489,113.15906905820489
--headless --device cpu --families step_up step_down gap --skill TURN --score inplace --inplace-at spawn --max-probes 3 --reps 45 --foot-comp off --heading off --results-csv outputs/turn_phase_sweep_nofc.csv,0.5276979804039001,16,step_up,1,4.490164514632038,off,0.0,0.0,3,3,off,0.0,0,0.04,spawn,0.04,9,probe.step_up@TURN,step_up_0p04,0,16,2026-08-31T15:52:11Z,inplace,1,TURN,0.9999999999999982,0.0,398,0.0,1,nan,-58.63846096988743,56.29438663729957
--headless --device cpu --families step_up step_down gap --skill TURN --score inplace --inplace-at spawn --max-probes 3 --reps 45 --foot-comp off --heading off --results-csv outputs/turn_phase_sweep_nofc.csv,0.48853856325149536,16,step_up,1,4.485179813464128,off,0.0,0.0,3,3,off,0.0,0,0.04,spawn,0.06,9,probe.step_up@TURN,step_up_0p06,0,16,2026-08-31T15:52:11Z,inplace,1,TURN,0.9999999999999964,0.0,398,0.0,1,nan,-59.40191641255967,66.73356780268116
--headless --device cpu --families step_up step_down gap --skill TURN --score inplace --inplace-at spawn --max-probes 3 --reps 45 --foot-comp off --heading off --results-csv outputs/turn_phase_sweep_nofc.csv,0.494797021150589,16,step_down,1,4.491510073808961,off,0.0,0.0,3,3,off,0.0,0,0.04,spawn,0.02,9,probe.step_down@TURN,step_down_0p02,0,16,2026-08-31T15:52:11Z,inplace,1,TURN,1.0,0.0,398,0.0,1,nan,-61.13490077498511,65.78879349332055
--headless --device cpu --families step_up step_down gap --skill TURN --score inplace --inplace-at spawn --max-probes 3 --reps 45 --foot-comp off --heading off --results-csv outputs/turn_phase_sweep_nofc.csv,0.5330777168273926,16,step_down,1,4.525002504506136,off,0.0,0.0,3,3,off,0.0,0,0.04,spawn,0.04,9,probe.step_down@TURN,step_down_0p04,0,16,2026-08-31T15:52:11Z,inplace,1,TURN,0.9999999999999982,0.0,398,0.0,1,nan,-65.57477771247895,55.9283224754096
--headless --device cpu --families step_up step_down gap --skill TURN --score inplace --inplace-at spawn --max-probes 3 --reps 45 --foot-comp off --heading off --results-csv outputs/turn_phase_sweep_nofc.csv,0.49788203835487366,16,step_down,1,4.469680429756925,off,0.0,0.0,3,3,off,0.0,0,0.04,spawn,0.06,9,probe.step_down@TURN,step_down_0p06,0,16,2026-08-31T15:52:11Z,inplace,1,TURN,0.9999999999999964,0.0,398,0.0,1,nan,-51.267489735681494,60.372717735900835
--headless --device cpu --families step_up step_down gap --skill TURN --score inplace --inplace-at spawn --max-probes 3 --reps 45 --foot-comp off --heading off --results-csv outputs/turn_phase_sweep_nofc.csv,0.43747180700302124,16,gap,1,3.9962224579530474,off,0.0,0.0,3,3,off,0.0,0,0.04,spawn,0.05,9,probe.gap@TURN,gap_0p05,0,16,2026-08-31T15:52:11Z,inplace,1,TURN,1.0,0.0,398,0.0,1,nan,-67.5715808736694,73.40747979969223
--headless --device cpu --families step_up step_down gap --skill TURN --score inplace --inplace-at spawn --max-probes 3 --reps 45 --foot-comp off --heading off --results-csv outputs/turn_phase_sweep_nofc.csv,0.5138155221939087,16,gap,1,4.106854165912624,off,0.0,0.0,3,3,off,0.0,0,0.04,spawn,0.1,9,probe.gap@TURN,gap_0p10,0,16,2026-08-31T15:52:11Z,inplace,1,TURN,0.9999999999999982,0.0,398,0.0,1,nan,-65.86064662336432,58.18688010319795
--headless --device cpu --families step_up step_down gap --skill TURN --score inplace --inplace-at spawn --max-probes 3 --reps 45 --foot-comp off --heading off --results-csv outputs/turn_phase_sweep_nofc.csv,0.23088879883289337,16,gap,0,3.4607320817893807,off,0.0,0.0,3,3,off,0.0,0,0.04,spawn,0.15,9,probe.gap@TURN,gap_0p15,1,16,2026-08-31T15:52:11Z,inplace,1,TURN,0.9999999999999964,0.0,398,0.0,1,7.36,-110.60697181466975,110.60697181466975
--headless --device cpu --families step_up step_down gap --skill TURN --score inplace --inplace-at spawn --max-probes 3 --reps 45 --foot-comp off --heading off --results-csv outputs/turn_phase_sweep_nofc.csv,0.4818151593208313,17,step_up,1,4.400960660166026,off,0.0,0.0,3,3,off,0.0,0,0.04,spawn,0.02,9,probe.step_up@TURN,step_up_0p02,0,17,2026-08-31T15:52:11Z,inplace,1,TURN,1.0,0.0,266,0.0,1,nan,-35.142080193219556,55.133675763540765
--headless --device cpu --families step_up step_down gap --skill TURN --score inplace --inplace-at spawn --max-probes 3 --reps 45 --foot-comp off --heading off --results-csv outputs/turn_phase_sweep_nofc.csv,0.49750691652297974,17,step_up,1,4.443810474247982,off,0.0,0.0,3,3,off,0.0,0,0.04,spawn,0.04,9,probe.step_up@TURN,step_up_0p04,0,17,2026-08-31T15:52:11Z,inplace,1,TURN,0.9999999999999982,0.0,266,0.0,1,nan,-49.4767511646227,56.564403280492655
--headless --device cpu --families step_up step_down gap --skill TURN --score inplace --inplace-at spawn --max-probes 3 --reps 45 --foot-comp off --heading off --results-csv outputs/turn_phase_sweep_nofc.csv,0.4757900536060333,17,step_up,1,4.4107321915496325,off,0.0,0.0,3,3,off,0.0,0,0.04,spawn,0.06,9,probe.step_up@TURN,step_up_0p06,0,17,2026-08-31T15:52:11Z,inplace,1,TURN,0.9999999999999964,0.0,266,0.0,1,nan,-42.01457818594716,56.31015570070048
--headless --device cpu --families step_up step_down gap --skill TURN --score inplace --inplace-at spawn --max-probes 3 --reps 45 --foot-comp off --heading off --results-csv outputs/turn_phase_sweep_nofc.csv,0.43908146023750305,17,step_down,1,4.377443476011697,off,0.0,0.0,3,3,off,0.0,0,0.04,spawn,0.02,9,probe.step_down@TURN,step_down_0p02,0,17,2026-08-31T15:52:11Z,inplace,1,TURN,1.0,0.0,266,0.0,1,nan,-44.62795685540502,54.077801457769056
--headless --device cpu --families step_up step_down gap --skill TURN --score inplace --inplace-at spawn --max-probes 3 --reps 45 --foot-comp off --heading off --results-csv outputs/turn_phase_sweep_nofc.csv,0.47922590374946594,17,step_down,1,4.407009688329137,off,0.0,0.0,3,3,off,0.0,0,0.04,spawn,0.04,9,probe.step_down@TURN,step_down_0p04,0,17,2026-08-31T15:52:11Z,inplace,1,TURN,0.9999999999999982,0.0,266,0.0,1,nan,-39.04224872366126,55.120902306366844
--headless --device cpu --families step_up step_down gap --skill TURN --score inplace --inplace-at spawn --max-probes 3 --reps 45 --foot-comp off --heading off --results-csv outputs/turn_phase_sweep_nofc.csv,0.4741640090942383,17,step_down,1,4.4099571574307035,off,0.0,0.0,3,3,off,0.0,0,0.04,spawn,0.06,9,probe.step_down@TURN,step_down_0p06,0,17,2026-08-31T15:52:11Z,inplace,1,TURN,0.9999999999999964,0.0,266,0.0,1,nan,-41.62775625042457,55.100852674355735
--headless --device cpu --families step_up step_down gap --skill TURN --score inplace --inplace-at spawn --max-probes 3 --reps 45 --foot-comp off --heading off --results-csv outputs/turn_phase_sweep_nofc.csv,0.44125890731811523,17,gap,1,3.930511449209132,off,0.0,0.0,3,3,off,0.0,0,0.04,spawn,0.05,9,probe.gap@TURN,gap_0p05,0,17,2026-08-31T15:52:11Z,inplace,1,TURN,1.0,0.0,266,0.0,1,nan,-43.384022895713656,54.16642871400964
--headless --device cpu --families step_up step_down gap --skill TURN --score inplace --inplace-at spawn --max-probes 3 --reps 45 --foot-comp off --heading off --results-csv outputs/turn_phase_sweep_nofc.csv,0.46556270122528076,17,gap,1,4.001474874942286,off,0.0,0.0,3,3,off,0.0,0,0.04,spawn,0.1,9,probe.gap@TURN,gap_0p10,0,17,2026-08-31T15:52:11Z,inplace,1,TURN,0.9999999999999982,0.0,266,0.0,1,nan,-42.74410745890458,55.892850068198555
--headless --device cpu --families step_up step_down gap --skill TURN --score inplace --inplace-at spawn --max-probes 3 --reps 45 --foot-comp off --heading off --results-csv outputs/turn_phase_sweep_nofc.csv,0.4111420810222626,17,gap,1,4.010771122974266,off,0.0,0.0,3,3,off,0.0,0,0.04,spawn,0.15,9,probe.gap@TURN,gap_0p15,0,17,2026-08-31T15:52:11Z,inplace,1,TURN,0.9999999999999964,0.0,266,0.0,1,nan,-43.84543873080176,52.736196058707776
--headless --device cpu --families step_up step_down gap --skill TURN --score inplace --inplace-at spawn --max-probes 3 --reps 45 --foot-comp off --heading off --results-csv outputs/turn_phase_sweep_nofc.csv,0.4620800316333771,18,step_up,1,4.407152814203778,off,0.0,0.0,3,3,off,0.0,0,0.04,spawn,0.02,9,probe.step_up@TURN,step_up_0p02,0,18,2026-08-31T15:52:11Z,inplace,1,TURN,1.0,0.0,279,0.0,1,nan,-44.11278788077948,48.73982693152408
--headless --device cpu --families step_up step_down gap --skill TURN --score inplace --inplace-at spawn --max-probes 3 --reps 45 --foot-comp off --heading off --results-csv outputs/turn_phase_sweep_nofc.csv,0.537333607673645,18,step_up,1,4.45342292246847,off,0.0,0.0,3,3,off,0.0,0,0.04,spawn,0.04,9,probe.step_up@TURN,step_up_0p04,0,18,2026-08-31T15:52:11Z,inplace,1,TURN,0.9999999999999982,0.0,279,0.0,1,nan,-38.65727311046163,49.994757845475505
--headless --device cpu --families step_up step_down gap --skill TURN --score inplace --inplace-at spawn --max-probes 3 --reps 45 --foot-comp off --heading off --results-csv outputs/turn_phase_sweep_nofc.csv,0.47709187865257263,18,step_up,1,4.421592482318499,off,0.0,0.0,3,3,off,0.0,0,0.04,spawn,0.06,9,probe.step_up@TURN,step_up_0p06,0,18,2026-08-31T15:52:11Z,inplace,1,TURN,0.9999999999999964,0.0,279,0.0,1,nan,-43.30481336606374,48.2475147385523
--headless --device cpu --families step_up step_down gap --skill TURN --score inplace --inplace-at spawn --max-probes 3 --reps 45 --foot-comp off --heading off --results-csv outputs/turn_phase_sweep_nofc.csv,0.46881040930747986,18,step_down,1,4.4129543400358795,off,0.0,0.0,3,3,off,0.0,0,0.04,spawn,0.02,9,probe.step_down@TURN,step_down_0p02,0,18,2026-08-31T15:52:11Z,inplace,1,TURN,1.0,0.0,279,0.0,1,nan,-43.03783977862801,47.73324925493327
--headless --device cpu --families step_up step_down gap --skill TURN --score inplace --inplace-at spawn --max-probes 3 --reps 45 --foot-comp off --heading off --results-csv outputs/turn_phase_sweep_nofc.csv,0.4888037443161011,18,step_down,1,4.427579506188795,off,0.0,0.0,3,3,off,0.0,0,0.04,spawn,0.04,9,probe.step_down@TURN,step_down_0p04,0,18,2026-08-31T15:52:11Z,inplace,1,TURN,0.9999999999999982,0.0,279,0.0,1,nan,-42.86931116718378,47.21172797019776
--headless --device cpu --families step_up step_down gap --skill TURN --score inplace --inplace-at spawn --max-probes 3 --reps 45 --foot-comp off --heading off --results-csv outputs/turn_phase_sweep_nofc.csv,0.45647040009498596,18,step_down,1,4.416129723120651,off,0.0,0.0,3,3,off,0.0,0,0.04,spawn,0.06,9,probe.step_down@TURN,step_down_0p06,0,18,2026-08-31T15:52:11Z,inplace,1,TURN,0.9999999999999964,0.0,279,0.0,1,nan,-44.77910258053424,47.687173415699164
--headless --device cpu --families step_up step_down gap --skill TURN --score inplace --inplace-at spawn --max-probes 3 --reps 45 --foot-comp off --heading off --results-csv outputs/turn_phase_sweep_nofc.csv,0.5053836107254028,18,gap,1,4.0000880557042775,off,0.0,0.0,3,3,off,0.0,0,0.04,spawn,0.05,9,probe.gap@TURN,gap_0p05,0,18,2026-08-31T15:52:11Z,inplace,1,TURN,1.0,0.0,279,0.0,1,nan,-42.895082015797925,48.37284375857058
--headless --device cpu --families step_up step_down gap --skill TURN --score inplace --inplace-at spawn --max-probes 3 --reps 45 --foot-comp off --heading off --results-csv outputs/turn_phase_sweep_nofc.csv,0.5307352542877197,18,gap,1,4.049590822691015,off,0.0,0.0,3,3,off,0.0,0,0.04,spawn,0.1,9,probe.gap@TURN,gap_0p10,0,18,2026-08-31T15:52:11Z,inplace,1,TURN,0.9999999999999982,0.0,279,0.0,1,nan,-41.810201752017434,50.893955793502386
--headless --device cpu --families step_up step_down gap --skill TURN --score inplace --inplace-at spawn --max-probes 3 --reps 45 --foot-comp off --heading off --results-csv outputs/turn_phase_sweep_nofc.csv,0.42198726534843445,18,gap,1,4.049346171811363,off,0.0,0.0,3,3,off,0.0,0,0.04,spawn,0.15,9,probe.gap@TURN,gap_0p15,0,18,2026-08-31T15:52:11Z,inplace,1,TURN,0.9999999999999964,0.0,279,0.0,1,nan,-50.939585098345816,47.34420702732578
--headless --device cpu --families step_up step_down gap --skill TURN --score inplace --inplace-at spawn --max-probes 3 --reps 45 --foot-comp off --heading off --results-csv outputs/turn_phase_sweep_nofc.csv,0.5176355838775635,19,step_up,1,4.446828124674605,off,0.0,0.0,3,3,off,0.0,0,0.04,spawn,0.02,9,probe.step_up@TURN,step_up_0p02,0,19,2026-08-31T15:52:11Z,inplace,1,TURN,1.0,0.0,278,0.0,1,nan,-39.996108819803254,48.12082867958452
--headless --device cpu --families step_up step_down gap --skill TURN --score inplace --inplace-at spawn --max-probes 3 --reps 45 --foot-comp off --heading off --results-csv outputs/turn_phase_sweep_nofc.csv,0.5259338617324829,19,step_up,1,4.4579256648137315,off,0.0,0.0,3,3,off,0.0,0,0.04,spawn,0.04,9,probe.step_up@TURN,step_up_0p04,0,19,2026-08-31T15:52:11Z,inplace,1,TURN,0.9999999999999982,0.0,278,0.0,1,nan,-39.68104604859792,49.39819349252289
--headless --device cpu --families step_up step_down gap --skill TURN --score inplace --inplace-at spawn --max-probes 3 --reps 45 --foot-comp off --heading off --results-csv outputs/turn_phase_sweep_nofc.csv,0.5337384939193726,19,step_up,1,4.453626421085534,off,0.0,0.0,3,3,off,0.0,0,0.04,spawn,0.06,9,probe.step_up@TURN,step_up_0p06,0,19,2026-08-31T15:52:11Z,inplace,1,TURN,0.9999999999999964,0.0,278,0.0,1,nan,-38.852177342023566,49.536988643917
--headless --device cpu --families step_up step_down gap --skill TURN --score inplace --inplace-at spawn --max-probes 3 --reps 45 --foot-comp off --heading off --results-csv outputs/turn_phase_sweep_nofc.csv,0.5004166960716248,19,step_down,1,4.448491896376043,off,0.0,0.0,3,3,off,0.0,0,0.04,spawn,0.02,9,probe.step_down@TURN,step_down_0p02,0,19,2026-08-31T15:52:11Z,inplace,1,TURN,1.0,0.0,278,0.0,1,nan,-42.739810538715375,49.49025764785526
--headless --device cpu --families step_up step_down gap --skill TURN --score inplace --inplace-at spawn --max-probes 3 --reps 45 --foot-comp off --heading off --results-csv outputs/turn_phase_sweep_nofc.csv,0.5239744186401367,19,step_down,1,4.455527134571884,off,0.0,0.0,3,3,off,0.0,0,0.04,spawn,0.04,9,probe.step_down@TURN,step_down_0p04,0,19,2026-08-31T15:52:11Z,inplace,1,TURN,0.9999999999999982,0.0,278,0.0,1,nan,-38.14835936472423,48.81958019771855
--headless --device cpu --families step_up step_down gap --skill TURN --score inplace --inplace-at spawn --max-probes 3 --reps 45 --foot-comp off --heading off --results-csv outputs/turn_phase_sweep_nofc.csv,0.5225383639335632,19,step_down,1,4.4540737277796,off,0.0,0.0,3,3,off,0.0,0,0.04,spawn,0.06,9,probe.step_down@TURN,step_down_0p06,0,19,2026-08-31T15:52:11Z,inplace,1,TURN,0.9999999999999964,0.0,278,0.0,1,nan,-45.19280831051802,49.96533619084755
--headless --device cpu --families step_up step_down gap --skill TURN --score inplace --inplace-at spawn --max-probes 3 --reps 45 --foot-comp off --heading off --results-csv outputs/turn_phase_sweep_nofc.csv,0.45133206248283386,19,gap,1,3.963687641615539,off,0.0,0.0,3,3,off,0.0,0,0.04,spawn,0.05,9,probe.gap@TURN,gap_0p05,0,19,2026-08-31T15:52:11Z,inplace,1,TURN,1.0,0.0,278,0.0,1,nan,-44.638939442100025,47.5848408109282
--headless --device cpu --families step_up step_down gap --skill TURN --score inplace --inplace-at spawn --max-probes 3 --reps 45 --foot-comp off --heading off --results-csv outputs/turn_phase_sweep_nofc.csv,0.42035865783691406,19,gap,1,3.9956417980177976,off,0.0,0.0,3,3,off,0.0,0,0.04,spawn,0.1,9,probe.gap@TURN,gap_0p10,0,19,2026-08-31T15:52:11Z,inplace,1,TURN,0.9999999999999982,0.0,278,0.0,1,nan,-50.14752646316586,47.450360929368685
--headless --device cpu --families step_up step_down gap --skill TURN --score inplace --inplace-at spawn --max-probes 3 --reps 45 --foot-comp off --heading off --results-csv outputs/turn_phase_sweep_nofc.csv,0.5267620086669922,19,gap,1,4.0999948990993795,off,0.0,0.0,3,3,off,0.0,0,0.04,spawn,0.15,9,probe.gap@TURN,gap_0p15,0,19,2026-08-31T15:52:11Z,inplace,1,TURN,0.9999999999999964,0.0,278,0.0,1,nan,-37.67005260279939,47.232058508291175
--headless --device cpu --families step_up step_down gap --skill TURN --score inplace --inplace-at spawn --max-probes 3 --reps 45 --foot-comp off --heading off --results-csv outputs/turn_phase_sweep_nofc.csv,0.42322829365730286,20,step_up,1,4.370153418316284,off,0.0,0.0,3,3,off,0.0,0,0.04,spawn,0.02,9,probe.step_up@TURN,step_up_0p02,0,20,2026-08-31T15:52:11Z,inplace,1,TURN,1.0,0.0,260,0.0,1,nan,-36.38009271614831,55.20609277856326
--headless --device cpu --families step_up step_down gap --skill TURN --score inplace --inplace-at spawn --max-probes 3 --reps 45 --foot-comp off --heading off --results-csv outputs/turn_phase_sweep_nofc.csv,0.4604433476924896,20,step_up,1,4.408437854972591,off,0.0,0.0,3,3,off,0.0,0,0.04,spawn,0.04,9,probe.step_up@TURN,step_up_0p04,0,20,2026-08-31T15:52:11Z,inplace,1,TURN,0.9999999999999982,0.0,260,0.0,1,nan,-42.453049433666365,55.559029747416105
--headless --device cpu --families step_up step_down gap --skill TURN --score inplace --inplace-at spawn --max-probes 3 --reps 45 --foot-comp off --heading off --results-csv outputs/turn_phase_sweep_nofc.csv,0.43399861454963684,20,step_up,1,4.376584886015049,off,0.0,0.0,3,3,off,0.0,0,0.04,spawn,0.06,9,probe.step_up@TURN,step_up_0p06,0,20,2026-08-31T15:52:11Z,inplace,1,TURN,0.9999999999999964,0.0,260,0.0,1,nan,-38.399562158324784,53.22020799305491
--headless --device cpu --families step_up step_down gap --skill TURN --score inplace --inplace-at spawn --max-probes 3 --reps 45 --foot-comp off --heading off --results-csv outputs/turn_phase_sweep_nofc.csv,0.4283277690410614,20,step_down,1,4.362416091046224,off,0.0,0.0,3,3,off,0.0,0,0.04,spawn,0.02,9,probe.step_down@TURN,step_down_0p02,0,20,2026-08-31T15:52:11Z,inplace,1,TURN,1.0,0.0,260,0.0,1,nan,-32.37333034851895,51.15032559247004
--headless --device cpu --families step_up step_down gap --skill TURN --score inplace --inplace-at spawn --max-probes 3 --reps 45 --foot-comp off --heading off --results-csv outputs/turn_phase_sweep_nofc.csv,0.4486643970012665,20,step_down,1,4.39913602999528,off,0.0,0.0,3,3,off,0.0,0,0.04,spawn,0.04,9,probe.step_down@TURN,step_down_0p04,0,20,2026-08-31T15:52:11Z,inplace,1,TURN,0.9999999999999982,0.0,260,0.0,1,nan,-43.201658170361185,55.54439678611453
--headless --device cpu --families step_up step_down gap --skill TURN --score inplace --inplace-at spawn --max-probes 3 --reps 45 --foot-comp off --heading off --results-csv outputs/turn_phase_sweep_nofc.csv,0.42633965611457825,20,step_down,1,4.37047031706573,off,0.0,0.0,3,3,off,0.0,0,0.04,spawn,0.06,9,probe.step_down@TURN,step_down_0p06,0,20,2026-08-31T15:52:11Z,inplace,1,TURN,0.9999999999999964,0.0,260,0.0,1,nan,-40.28105059916115,52.60216138787533
--headless --device cpu --families step_up step_down gap --skill TURN --score inplace --inplace-at spawn --max-probes 3 --reps 45 --foot-comp off --heading off --results-csv outputs/turn_phase_sweep_nofc.csv,0.42606374621391296,20,gap,1,3.934828950227409,off,0.0,0.0,3,3,off,0.0,0,0.04,spawn,0.05,9,probe.gap@TURN,gap_0p05,0,20,2026-08-31T15:52:11Z,inplace,1,TURN,1.0,0.0,260,0.0,1,nan,-38.20046724944953,57.02075785453289
--headless --device cpu --families step_up step_down gap --skill TURN --score inplace --inplace-at spawn --max-probes 3 --reps 45 --foot-comp off --heading off --results-csv outputs/turn_phase_sweep_nofc.csv,0.43488094210624695,20,gap,1,3.9790921895038385,off,0.0,0.0,3,3,off,0.0,0,0.04,spawn,0.1,9,probe.gap@TURN,gap_0p10,0,20,2026-08-31T15:52:11Z,inplace,1,TURN,0.9999999999999982,0.0,260,0.0,1,nan,-42.469747881191125,53.51033348215938
--headless --device cpu --families step_up step_down gap --skill TURN --score inplace --inplace-at spawn --max-probes 3 --reps 45 --foot-comp off --heading off --results-csv outputs/turn_phase_sweep_nofc.csv,0.4394240081310272,20,gap,1,4.033172405959048,off,0.0,0.0,3,3,off,0.0,0,0.04,spawn,0.15,9,probe.gap@TURN,gap_0p15,0,20,2026-08-31T15:52:11Z,inplace,1,TURN,0.9999999999999964,0.0,260,0.0,1,nan,-37.356132491229744,54.153393408115164
--headless --device cpu --families step_up step_down gap --skill TURN --score inplace --inplace-at spawn --max-probes 3 --reps 45 --foot-comp off --heading off --results-csv outputs/turn_phase_sweep_nofc.csv,0.43999379873275757,21,step_up,1,4.4337764911454105,off,0.0,0.0,3,3,off,0.0,0,0.04,spawn,0.02,9,probe.step_up@TURN,step_up_0p02,0,21,2026-08-31T15:52:11Z,inplace,1,TURN,1.0,0.0,277,0.0,1,nan,-50.30454443433442,51.8399788835475
--headless --device cpu --families step_up step_down gap --skill TURN --score inplace --inplace-at spawn --max-probes 3 --reps 45 --foot-comp off --heading off --results-csv outputs/turn_phase_sweep_nofc.csv,0.507861852645874,21,step_up,1,4.47569822838518,off,0.0,0.0,3,3,off,0.0,0,0.04,spawn,0.04,9,probe.step_up@TURN,step_up_0p04,0,21,2026-08-31T15:52:11Z,inplace,1,TURN,0.9999999999999982,0.0,277,0.0,1,nan,-49.11945422452504,54.91231399773898
--headless --device cpu --families step_up step_down gap --skill TURN --score inplace --inplace-at spawn --max-probes 3 --reps 45 --foot-comp off --heading off --results-csv outputs/turn_phase_sweep_nofc.csv,0.45508700609207153,21,step_up,1,4.442348425316395,off,0.0,0.0,3,3,off,0.0,0,0.04,spawn,0.06,9,probe.step_up@TURN,step_up_0p06,0,21,2026-08-31T15:52:11Z,inplace,1,TURN,0.9999999999999964,0.0,277,0.0,1,nan,-49.85880522694856,52.251882828526675
--headless --device cpu --families step_up step_down gap --skill TURN --score inplace --inplace-at spawn --max-probes 3 --reps 45 --foot-comp off --heading off --results-csv outputs/turn_phase_sweep_nofc.csv,0.5260623097419739,21,step_down,1,4.487290218864173,off,0.0,0.0,3,3,off,0.0,0,0.04,spawn,0.02,9,probe.step_down@TURN,step_down_0p02,0,21,2026-08-31T15:52:11Z,inplace,1,TURN,1.0,0.0,277,0.0,1,nan,-43.40399307951233,55.33963439722504
--headless --device cpu --families step_up step_down gap --skill TURN --score inplace --inplace-at spawn --max-probes 3 --reps 45 --foot-comp off --heading off --results-csv outputs/turn_phase_sweep_nofc.csv,0.4102623760700226,21,step_down,1,4.412742649176784,off,0.0,0.0,3,3,off,0.0,0,0.04,spawn,0.04,9,probe.step_down@TURN,step_down_0p04,0,21,2026-08-31T15:52:11Z,inplace,1,TURN,0.9999999999999982,0.0,277,0.0,1,nan,-53.39598278889912,51.38244988337786
--headless --device cpu --families step_up step_down gap --skill TURN --score inplace --inplace-at spawn --max-probes 3 --reps 45 --foot-comp off --heading off --results-csv outputs/turn_phase_sweep_nofc.csv,0.5081782937049866,21,step_down,1,4.475154036646968,off,0.0,0.0,3,3,off,0.0,0,0.04,spawn,0.06,9,probe.step_down@TURN,step_down_0p06,0,21,2026-08-31T15:52:11Z,inplace,1,TURN,0.9999999999999964,0.0,277,0.0,1,nan,-45.028399931699084,53.14135535127659
--headless --device cpu --families step_up step_down gap --skill TURN --score inplace --inplace-at spawn --max-probes 3 --reps 45 --foot-comp off --heading off --results-csv outputs/turn_phase_sweep_nofc.csv,0.5214047431945801,21,gap,1,4.03047116325492,off,0.0,0.0,3,3,off,0.0,0,0.04,spawn,0.05,9,probe.gap@TURN,gap_0p05,0,21,2026-08-31T15:52:11Z,inplace,1,TURN,1.0,0.0,277,0.0,1,nan,-42.49300545256898,53.20942985026241
--headless --device cpu --families step_up step_down gap --skill TURN --score inplace --inplace-at spawn --max-probes 3 --reps 45 --foot-comp off --heading off --results-csv outputs/turn_phase_sweep_nofc.csv,0.44283196330070496,21,gap,1,4.036350253326763,off,0.0,0.0,3,3,off,0.0,0,0.04,spawn,0.1,9,probe.gap@TURN,gap_0p10,0,21,2026-08-31T15:52:11Z,inplace,1,TURN,0.9999999999999982,0.0,277,0.0,1,nan,-49.47926933452905,52.34410997287594
--headless --device cpu --families step_up step_down gap --skill TURN --score inplace --inplace-at spawn --max-probes 3 --reps 45 --foot-comp off --heading off --results-csv outputs/turn_phase_sweep_nofc.csv,0.526602029800415,21,gap,1,4.129936324380435,off,0.0,0.0,3,3,off,0.0,0,0.04,spawn,0.15,9,probe.gap@TURN,gap_0p15,0,21,2026-08-31T15:52:11Z,inplace,1,TURN,0.9999999999999964,0.0,277,0.0,1,nan,-45.08783331754793,53.15801099264402
--headless --device cpu --families step_up step_down gap --skill TURN --score inplace --inplace-at spawn --max-probes 3 --reps 45 --foot-comp off --heading off --results-csv outputs/turn_phase_sweep_nofc.csv,0.49418580532073975,22,step_up,1,4.444866179747885,off,0.0,0.0,3,3,off,0.0,0,0.04,spawn,0.02,9,probe.step_up@TURN,step_up_0p02,0,22,2026-08-31T15:52:11Z,inplace,1,TURN,1.0,0.0,263,0.0,1,nan,-40.5147366704218,57.32040297204509
--headless --device cpu --families step_up step_down gap --skill TURN --score inplace --inplace-at spawn --max-probes 3 --reps 45 --foot-comp off --heading off --results-csv outputs/turn_phase_sweep_nofc.csv,0.48325327038764954,22,step_up,1,4.417227752482249,off,0.0,0.0,3,3,off,0.0,0,0.04,spawn,0.04,9,probe.step_up@TURN,step_up_0p04,0,22,2026-08-31T15:52:11Z,inplace,1,TURN,0.9999999999999982,0.0,263,0.0,1,nan,-34.53905180044424,54.07476440465268
--headless --device cpu --families step_up step_down gap --skill TURN --score inplace --inplace-at spawn --max-probes 3 --reps 45 --foot-comp off --heading off --results-csv outputs/turn_phase_sweep_nofc.csv,0.4808650314807892,22,step_up,1,4.4218658289167445,off,0.0,0.0,3,3,off,0.0,0,0.04,spawn,0.06,9,probe.step_up@TURN,step_up_0p06,0,22,2026-08-31T15:52:11Z,inplace,1,TURN,0.9999999999999964,0.0,263,0.0,1,nan,-37.595463479558305,55.04146271063357
--headless --device cpu --families step_up step_down gap --skill TURN --score inplace --inplace-at spawn --max-probes 3 --reps 45 --foot-comp off --heading off --results-csv outputs/turn_phase_sweep_nofc.csv,0.4892478585243225,22,step_down,1,4.438949032973219,off,0.0,0.0,3,3,off,0.0,0,0.04,spawn,0.02,9,probe.step_down@TURN,step_down_0p02,0,22,2026-08-31T15:52:11Z,inplace,1,TURN,1.0,0.0,263,0.0,1,nan,-40.57746247073328,55.972780731939196
--headless --device cpu --families step_up step_down gap --skill TURN --score inplace --inplace-at spawn --max-probes 3 --reps 45 --foot-comp off --heading off --results-csv outputs/turn_phase_sweep_nofc.csv,0.40656840801239014,22,step_down,1,4.378629564332994,off,0.0,0.0,3,3,off,0.0,0,0.04,spawn,0.04,9,probe.step_down@TURN,step_down_0p04,0,22,2026-08-31T15:52:11Z,inplace,1,TURN,0.9999999999999982,0.0,263,0.0,1,nan,-44.001991686917535,54.74546257569486
--headless --device cpu --families step_up step_down gap --skill TURN --score inplace --inplace-at spawn --max-probes 3 --reps 45 --foot-comp off --heading off --results-csv outputs/turn_phase_sweep_nofc.csv,0.487123042345047,22,step_down,1,4.426513938043807,off,0.0,0.0,3,3,off,0.0,0,0.04,spawn,0.06,9,probe.step_down@TURN,step_down_0p06,0,22,2026-08-31T15:52:11Z,inplace,1,TURN,0.9999999999999964,0.0,263,0.0,1,nan,-36.27595110065485,55.64170006657983
--headless --device cpu --families step_up step_down gap --skill TURN --score inplace --inplace-at spawn --max-probes 3 --reps 45 --foot-comp off --heading off --results-csv outputs/turn_phase_sweep_nofc.csv,0.49344566464424133,22,gap,1,3.9852749158154537,off,0.0,0.0,3,3,off,0.0,0,0.04,spawn,0.05,9,probe.gap@TURN,gap_0p05,0,22,2026-08-31T15:52:11Z,inplace,1,TURN,1.0,0.0,263,0.0,1,nan,-35.5583660706904,56.69611840418935
--headless --device cpu --families step_up step_down gap --skill TURN --score inplace --inplace-at spawn --max-probes 3 --reps 45 --foot-comp off --heading off --results-csv outputs/turn_phase_sweep_nofc.csv,0.49427497386932373,22,gap,1,4.036268026802479,off,0.0,0.0,3,3,off,0.0,0,0.04,spawn,0.1,9,probe.gap@TURN,gap_0p10,0,22,2026-08-31T15:52:11Z,inplace,1,TURN,0.9999999999999982,0.0,263,0.0,1,nan,-35.53960067868496,56.72994508048467
--headless --device cpu --families step_up step_down gap --skill TURN --score inplace --inplace-at spawn --max-probes 3 --reps 45 --foot-comp off --heading off --results-csv outputs/turn_phase_sweep_nofc.csv,0.39928409457206726,22,gap,1,4.0279888819198835,off,0.0,0.0,3,3,off,0.0,0,0.04,spawn,0.15,9,probe.gap@TURN,gap_0p15,0,22,2026-08-31T15:52:11Z,inplace,1,TURN,0.9999999999999964,0.0,263,0.0,1,nan,-44.515680338001516,54.839307382146586
--headless --device cpu --families step_up step_down gap --skill TURN --score inplace --inplace-at spawn --max-probes 3 --reps 45 --foot-comp off --heading off --results-csv outputs/turn_phase_sweep_nofc.csv,0.21041271090507507,23,step_up,0,3.8250689918258964,off,0.0,0.0,3,3,off,0.0,0,0.04,spawn,0.02,9,probe.step_up@TURN,step_up_0p02,1,23,2026-08-31T15:52:11Z,inplace,1,TURN,1.0,0.0,398,0.0,1,6.04,-115.65249909724133,116.32292552081412
--headless --device cpu --families step_up step_down gap --skill TURN --score inplace --inplace-at spawn --max-probes 3 --reps 45 --foot-comp off --heading off --results-csv outputs/turn_phase_sweep_nofc.csv,0.20894581079483032,23,step_up,0,3.8263270850097135,off,0.0,0.0,3,3,off,0.0,0,0.04,spawn,0.04,9,probe.step_up@TURN,step_up_0p04,1,23,2026-08-31T15:52:11Z,inplace,1,TURN,0.9999999999999982,0.0,398,0.0,1,6.0600000000000005,-114.97207763961578,115.34358017949666
--headless --device cpu --families step_up step_down gap --skill TURN --score inplace --inplace-at spawn --max-probes 3 --reps 45 --foot-comp off --heading off --results-csv outputs/turn_phase_sweep_nofc.csv,0.5140270590782166,23,step_up,1,4.4587863905072,off,0.0,0.0,3,3,off,0.0,0,0.04,spawn,0.06,9,probe.step_up@TURN,step_up_0p06,0,23,2026-08-31T15:52:11Z,inplace,1,TURN,0.9999999999999964,0.0,398,0.0,1,nan,-53.61343608129303,56.02657971262386
--headless --device cpu --families step_up step_down gap --skill TURN --score inplace --inplace-at spawn --max-probes 3 --reps 45 --foot-comp off --heading off --results-csv outputs/turn_phase_sweep_nofc.csv,0.5091318488121033,23,step_down,1,4.466791322114228,off,0.0,0.0,3,3,off,0.0,0,0.04,spawn,0.02,9,probe.step_down@TURN,step_down_0p02,0,23,2026-08-31T15:52:11Z,inplace,1,TURN,1.0,0.0,398,0.0,1,nan,-47.84885786799123,58.483592367859444
--headless --device cpu --families step_up step_down gap --skill TURN --score inplace --inplace-at spawn --max-probes 3 --reps 45 --foot-comp off --heading off --results-csv outputs/turn_phase_sweep_nofc.csv,0.20023058354854584,23,step_down,0,3.835065742763167,off,0.0,0.0,3,3,off,0.0,0,0.04,spawn,0.04,9,probe.step_down@TURN,step_down_0p04,1,23,2026-08-31T15:52:11Z,inplace,1,TURN,0.9999999999999982,0.0,398,0.0,1,5.96,-115.66792829491644,117.78853470917181
--headless --device cpu --families step_up step_down gap --skill TURN --score inplace --inplace-at spawn --max-probes 3 --reps 45 --foot-comp off --heading off --results-csv outputs/turn_phase_sweep_nofc.csv,0.5243464708328247,23,step_down,1,4.506044855437867,off,0.0,0.0,3,3,off,0.0,0,0.04,spawn,0.06,9,probe.step_down@TURN,step_down_0p06,0,23,2026-08-31T15:52:11Z,inplace,1,TURN,0.9999999999999964,0.0,398,0.0,1,nan,-54.64229082134426,55.32638759824718
--headless --device cpu --families step_up step_down gap --skill TURN --score inplace --inplace-at spawn --max-probes 3 --reps 45 --foot-comp off --heading off --results-csv outputs/turn_phase_sweep_nofc.csv,0.24454858899116516,23,gap,0,3.3475845562646955,off,0.0,0.0,3,3,off,0.0,0,0.04,spawn,0.05,9,probe.gap@TURN,gap_0p05,1,23,2026-08-31T15:52:11Z,inplace,1,TURN,1.0,0.0,398,0.0,1,6.0600000000000005,-126.50922797758201,126.50922797758201
--headless --device cpu --families step_up step_down gap --skill TURN --score inplace --inplace-at spawn --max-probes 3 --reps 45 --foot-comp off --heading off --results-csv outputs/turn_phase_sweep_nofc.csv,0.20436866581439972,23,gap,0,3.4318163410407942,off,0.0,0.0,3,3,off,0.0,0,0.04,spawn,0.1,9,probe.gap@TURN,gap_0p10,1,23,2026-08-31T15:52:11Z,inplace,1,TURN,0.9999999999999982,0.0,398,0.0,1,5.9,-119.24145989963938,119.9803426186777
--headless --device cpu --families step_up step_down gap --skill TURN --score inplace --inplace-at spawn --max-probes 3 --reps 45 --foot-comp off --heading off --results-csv outputs/turn_phase_sweep_nofc.csv,0.2186594307422638,23,gap,0,3.466861462450815,off,0.0,0.0,3,3,off,0.0,0,0.04,spawn,0.15,9,probe.gap@TURN,gap_0p15,1,23,2026-08-31T15:52:11Z,inplace,1,TURN,0.9999999999999964,0.0,398,0.0,1,6.0200000000000005,-116.05151234199599,116.62190511034913
--headless --device cpu --families step_up step_down gap --skill TURN --score inplace --inplace-at spawn --max-probes 3 --reps 45 --foot-comp off --heading off --results-csv outputs/turn_phase_sweep_nofc.csv,0.5592477321624756,24,step_up,1,4.438308709941288,off,0.0,0.0,3,3,off,0.0,0,0.04,spawn,0.02,9,probe.step_up@TURN,step_up_0p02,0,24,2026-08-31T15:52:11Z,inplace,1,TURN,1.0,0.0,290,0.0,1,nan,-34.206411698532065,53.38424369516204
--headless --device cpu --families step_up step_down gap --skill TURN --score inplace --inplace-at spawn --max-probes 3 --reps 45 --foot-comp off --heading off --results-csv outputs/turn_phase_sweep_nofc.csv,0.5418791174888611,24,step_up,1,4.442819390134496,off,0.0,0.0,3,3,off,0.0,0,0.04,spawn,0.04,9,probe.step_up@TURN,step_up_0p04,0,24,2026-08-31T15:52:11Z,inplace,1,TURN,0.9999999999999982,0.0,290,0.0,1,nan,-44.226413530501674,56.007760814624135
--headless --device cpu --families step_up step_down gap --skill TURN --score inplace --inplace-at spawn --max-probes 3 --reps 45 --foot-comp off --heading off --results-csv outputs/turn_phase_sweep_nofc.csv,0.5366353392601013,24,step_up,1,4.4366688459328385,off,0.0,0.0,3,3,off,0.0,0,0.04,spawn,0.06,9,probe.step_up@TURN,step_up_0p06,0,24,2026-08-31T15:52:11Z,inplace,1,TURN,0.9999999999999964,0.0,290,0.0,1,nan,-43.77786876149469,55.45946809277382
--headless --device cpu --families step_up step_down gap --skill TURN --score inplace --inplace-at spawn --max-probes 3 --reps 45 --foot-comp off --heading off --results-csv outputs/turn_phase_sweep_nofc.csv,0.45618966221809387,24,step_down,1,4.472205966573297,off,0.0,0.0,3,3,off,0.0,0,0.04,spawn,0.02,9,probe.step_down@TURN,step_down_0p02,0,24,2026-08-31T15:52:11Z,inplace,1,TURN,1.0,0.0,290,0.0,1,nan,-54.25149407385038,62.63090964323615
--headless --device cpu --families step_up step_down gap --skill TURN --score inplace --inplace-at spawn --max-probes 3 --reps 45 --foot-comp off --heading off --results-csv outputs/turn_phase_sweep_nofc.csv,0.3850460648536682,24,step_down,1,4.387029615883919,off,0.0,0.0,3,3,off,0.0,0,0.04,spawn,0.04,9,probe.step_down@TURN,step_down_0p04,0,24,2026-08-31T15:52:11Z,inplace,1,TURN,0.9999999999999982,0.0,290,0.0,1,nan,-46.7561309600481,58.59137546891924
--headless --device cpu --families step_up step_down gap --skill TURN --score inplace --inplace-at spawn --max-probes 3 --reps 45 --foot-comp off --heading off --results-csv outputs/turn_phase_sweep_nofc.csv,0.5580836534500122,24,step_down,1,4.4532566612202915,off,0.0,0.0,3,3,off,0.0,0,0.04,spawn,0.06,9,probe.step_down@TURN,step_down_0p06,0,24,2026-08-31T15:52:11Z,inplace,1,TURN,0.9999999999999964,0.0,290,0.0,1,nan,-38.45664155109566,57.576321368800535
--headless --device cpu --families step_up step_down gap --skill TURN --score inplace --inplace-at spawn --max-probes 3 --reps 45 --foot-comp off --heading off --results-csv outputs/turn_phase_sweep_nofc.csv,0.5319077968597412,24,gap,1,3.996754986648254,off,0.0,0.0,3,3,off,0.0,0,0.04,spawn,0.05,9,probe.gap@TURN,gap_0p05,0,24,2026-08-31T15:52:11Z,inplace,1,TURN,1.0,0.0,290,0.0,1,nan,-45.37250088087151,54.997517930270874
--headless --device cpu --families step_up step_down gap --skill TURN --score inplace --inplace-at spawn --max-probes 3 --reps 45 --foot-comp off --heading off --results-csv outputs/turn_phase_sweep_nofc.csv,0.5432649254798889,24,gap,1,4.027719946840976,off,0.0,0.0,3,3,off,0.0,0,0.04,spawn,0.1,9,probe.gap@TURN,gap_0p10,0,24,2026-08-31T15:52:11Z,inplace,1,TURN,0.9999999999999982,0.0,290,0.0,1,nan,-38.52416091855963,50.78591496582865
--headless --device cpu --families step_up step_down gap --skill TURN --score inplace --inplace-at spawn --max-probes 3 --reps 45 --foot-comp off --heading off --results-csv outputs/turn_phase_sweep_nofc.csv,0.5288613438606262,24,gap,1,4.0869652494807385,off,0.0,0.0,3,3,off,0.0,0,0.04,spawn,0.15,9,probe.gap@TURN,gap_0p15,0,24,2026-08-31T15:52:11Z,inplace,1,TURN,0.9999999999999964,0.0,290,0.0,1,nan,-45.86534403939848,55.734314311432115
--headless --device cpu --families step_up step_down gap --skill TURN --score inplace --inplace-at spawn --max-probes 3 --reps 45 --foot-comp off --heading off --results-csv outputs/turn_phase_sweep_nofc.csv,0.4252743721008301,25,step_up,1,4.375356627711865,off,0.0,0.0,3,3,off,0.0,0,0.04,spawn,0.02,9,probe.step_up@TURN,step_up_0p02,0,25,2026-08-31T15:52:11Z,inplace,1,TURN,1.0,0.0,255,0.0,1,nan,-33.914799568163346,54.61871572224797
--headless --device cpu --families step_up step_down gap --skill TURN --score inplace --inplace-at spawn --max-probes 3 --reps 45 --foot-comp off --heading off --results-csv outputs/turn_phase_sweep_nofc.csv,0.43393316864967346,25,step_up,1,4.389998315751208,off,0.0,0.0,3,3,off,0.0,0,0.04,spawn,0.04,9,probe.step_up@TURN,step_up_0p04,0,25,2026-08-31T15:52:11Z,inplace,1,TURN,0.9999999999999982,0.0,255,0.0,1,nan,-43.25887390051756,56.85684311151468
--headless --device cpu --families step_up step_down gap --skill TURN --score inplace --inplace-at spawn --max-probes 3 --reps 45 --foot-comp off --heading off --results-csv outputs/turn_phase_sweep_nofc.csv,0.44452279806137085,25,step_up,1,4.399940228421869,off,0.0,0.0,3,3,off,0.0,0,0.04,spawn,0.06,9,probe.step_up@TURN,step_up_0p06,0,25,2026-08-31T15:52:11Z,inplace,1,TURN,0.9999999999999964,0.0,255,0.0,1,nan,-39.41304882465448,57.02582745268123
--headless --device cpu --families step_up step_down gap --skill TURN --score inplace --inplace-at spawn --max-probes 3 --reps 45 --foot-comp off --heading off --results-csv outputs/turn_phase_sweep_nofc.csv,0.4349414110183716,25,step_down,1,4.387757143740266,off,0.0,0.0,3,3,off,0.0,0,0.04,spawn,0.02,9,probe.step_down@TURN,step_down_0p02,0,25,2026-08-31T15:52:11Z,inplace,1,TURN,1.0,0.0,255,0.0,1,nan,-36.70677835111201,56.20248303516675
--headless --device cpu --families step_up step_down gap --skill TURN --score inplace --inplace-at spawn --max-probes 3 --reps 45 --foot-comp off --heading off --results-csv outputs/turn_phase_sweep_nofc.csv,0.4495154917240143,25,step_down,1,4.394804939681089,off,0.0,0.0,3,3,off,0.0,0,0.04,spawn,0.04,9,probe.step_down@TURN,step_down_0p04,0,25,2026-08-31T15:52:11Z,inplace,1,TURN,0.9999999999999982,0.0,255,0.0,1,nan,-39.207854641451235,53.993983824791
--headless --device cpu --families step_up step_down gap --skill TURN --score inplace --inplace-at spawn --max-probes 3 --reps 45 --foot-comp off --heading off --results-csv outputs/turn_phase_sweep_nofc.csv,0.4331521987915039,25,step_down,1,4.383669454200489,off,0.0,0.0,3,3,off,0.0,0,0.04,spawn,0.06,9,probe.step_down@TURN,step_down_0p06,0,25,2026-08-31T15:52:11Z,inplace,1,TURN,0.9999999999999964,0.0,255,0.0,1,nan,-33.110620177869976,55.31725617801703
--headless --device cpu --families step_up step_down gap --skill TURN --score inplace --inplace-at spawn --max-probes 3 --reps 45 --foot-comp off --heading off --results-csv outputs/turn_phase_sweep_nofc.csv,0.44261881709098816,25,gap,1,3.953996974600133,off,0.0,0.0,3,3,off,0.0,0,0.04,spawn,0.05,9,probe.gap@TURN,gap_0p05,0,25,2026-08-31T15:52:11Z,inplace,1,TURN,1.0,0.0,255,0.0,1,nan,-42.63411554165401,60.058964785974325
--headless --device cpu --families step_up step_down gap --skill TURN --score inplace --inplace-at spawn --max-probes 3 --reps 45 --foot-comp off --heading off --results-csv outputs/turn_phase_sweep_nofc.csv,0.43662014603614807,25,gap,1,3.999868526274805,off,0.0,0.0,3,3,off,0.0,0,0.04,spawn,0.1,9,probe.gap@TURN,gap_0p10,0,25,2026-08-31T15:52:11Z,inplace,1,TURN,0.9999999999999982,0.0,255,0.0,1,nan,-42.512680196478556,61.28450854356984
--headless --device cpu --families step_up step_down gap --skill TURN --score inplace --inplace-at spawn --max-probes 3 --reps 45 --foot-comp off --heading off --results-csv outputs/turn_phase_sweep_nofc.csv,0.44886523485183716,25,gap,1,4.051423693144251,off,0.0,0.0,3,3,off,0.0,0,0.04,spawn,0.15,9,probe.gap@TURN,gap_0p15,0,25,2026-08-31T15:52:11Z,inplace,1,TURN,0.9999999999999964,0.0,255,0.0,1,nan,-41.17305135748401,55.39840673859399
--headless --device cpu --families step_up step_down gap --skill TURN --score inplace --inplace-at spawn --max-probes 3 --reps 45 --foot-comp off --heading off --results-csv outputs/turn_phase_sweep_nofc.csv,0.4782260060310364,26,step_up,1,4.38283082617592,off,0.0,0.0,3,3,off,0.0,0,0.04,spawn,0.02,9,probe.step_up@TURN,step_up_0p02,0,26,2026-08-31T15:52:11Z,inplace,1,TURN,1.0,0.0,257,0.0,1,nan,-28.95242971633388,46.79219916567021
--headless --device cpu --families step_up step_down gap --skill TURN --score inplace --inplace-at spawn --max-probes 3 --reps 45 --foot-comp off --heading off --results-csv outputs/turn_phase_sweep_nofc.csv,0.47812575101852417,26,step_up,1,4.384400301274667,off,0.0,0.0,3,3,off,0.0,0,0.04,spawn,0.04,9,probe.step_up@TURN,step_up_0p04,0,26,2026-08-31T15:52:11Z,inplace,1,TURN,0.9999999999999982,0.0,257,0.0,1,nan,-29.4998365544634,46.8804617336902
--headless --device cpu --families step_up step_down gap --skill TURN --score inplace --inplace-at spawn --max-probes 3 --reps 45 --foot-comp off --heading off --results-csv outputs/turn_phase_sweep_nofc.csv,0.49968308210372925,26,step_up,1,4.4473941226211675,off,0.0,0.0,3,3,off,0.0,0,0.04,spawn,0.06,9,probe.step_up@TURN,step_up_0p06,0,26,2026-08-31T15:52:11Z,inplace,1,TURN,0.9999999999999964,0.0,257,0.0,1,nan,-42.53117366868014,55.18603930101017
--headless --device cpu --families step_up step_down gap --skill TURN --score inplace --inplace-at spawn --max-probes 3 --reps 45 --foot-comp off --heading off --results-csv outputs/turn_phase_sweep_nofc.csv,0.45684945583343506,26,step_down,1,4.36239699257978,off,0.0,0.0,3,3,off,0.0,0,0.04,spawn,0.02,9,probe.step_down@TURN,step_down_0p02,0,26,2026-08-31T15:52:11Z,inplace,1,TURN,1.0,0.0,257,0.0,1,nan,-31.387633289059863,43.711049536009654
--headless --device cpu --families step_up step_down gap --skill TURN --score inplace --inplace-at spawn --max-probes 3 --reps 45 --foot-comp off --heading off --results-csv outputs/turn_phase_sweep_nofc.csv,0.4587355852127075,26,step_down,1,4.384005432355119,off,0.0,0.0,3,3,off,0.0,0,0.04,spawn,0.04,9,probe.step_down@TURN,step_down_0p04,0,26,2026-08-31T15:52:11Z,inplace,1,TURN,0.9999999999999982,0.0,257,0.0,1,nan,-38.18034520418999,48.890051283941546
--headless --device cpu --families step_up step_down gap --skill TURN --score inplace --inplace-at spawn --max-probes 3 --reps 45 --foot-comp off --heading off --results-csv outputs/turn_phase_sweep_nofc.csv,0.5146214365959167,26,step_down,1,4.460008150633214,off,0.0,0.0,3,3,off,0.0,0,0.04,spawn,0.06,9,probe.step_down@TURN,step_down_0p06,0,26,2026-08-31T15:52:11Z,inplace,1,TURN,0.9999999999999964,0.0,257,0.0,1,nan,-44.45937633275855,55.659085857830746
--headless --device cpu --families step_up step_down gap --skill TURN --score inplace --inplace-at spawn --max-probes 3 --reps 45 --foot-comp off --heading off --results-csv outputs/turn_phase_sweep_nofc.csv,0.5114273428916931,26,gap,1,4.0024333063752335,off,0.0,0.0,3,3,off,0.0,0,0.04,spawn,0.05,9,probe.gap@TURN,gap_0p05,0,26,2026-08-31T15:52:11Z,inplace,1,TURN,1.0,0.0,257,0.0,1,nan,-40.26695558762964,55.83817577992707
--headless --device cpu --families step_up step_down gap --skill TURN --score inplace --inplace-at spawn --max-probes 3 --reps 45 --foot-comp off --heading off --results-csv outputs/turn_phase_sweep_nofc.csv,0.4278167486190796,26,gap,1,3.96231748693543,off,0.0,0.0,3,3,off,0.0,0,0.04,spawn,0.1,9,probe.gap@TURN,gap_0p10,0,26,2026-08-31T15:52:11Z,inplace,1,TURN,0.9999999999999982,0.0,257,0.0,1,nan,-39.14937371665971,47.24709621221882
--headless --device cpu --families step_up step_down gap --skill TURN --score inplace --inplace-at spawn --max-probes 3 --reps 45 --foot-comp off --heading off --results-csv outputs/turn_phase_sweep_nofc.csv,0.4115726053714752,26,gap,1,4.006247329565154,off,0.0,0.0,3,3,off,0.0,0,0.04,spawn,0.15,9,probe.gap@TURN,gap_0p15,0,26,2026-08-31T15:52:11Z,inplace,1,TURN,0.9999999999999964,0.0,257,0.0,1,nan,-38.61003787870138,47.84427126107454
--headless --device cpu --families step_up step_down gap --skill TURN --score inplace --inplace-at spawn --max-probes 3 --reps 45 --foot-comp off --heading off --results-csv outputs/turn_phase_sweep_nofc.csv,0.42057469487190247,27,step_up,1,4.361960820650924,off,0.0,0.0,3,3,off,0.0,0,0.04,spawn,0.02,9,probe.step_up@TURN,step_up_0p02,0,27,2026-08-31T15:52:11Z,inplace,1,TURN,1.0,0.0,259,0.0,1,nan,-37.72593049890423,46.223998444955924
--headless --device cpu --families step_up step_down gap --skill TURN --score inplace --inplace-at spawn --max-probes 3 --reps 45 --foot-comp off --heading off --results-csv outputs/turn_phase_sweep_nofc.csv,0.4494326412677765,27,step_up,1,4.3837596460544415,off,0.0,0.0,3,3,off,0.0,0,0.04,spawn,0.04,9,probe.step_up@TURN,step_up_0p04,0,27,2026-08-31T15:52:11Z,inplace,1,TURN,0.9999999999999982,0.0,259,0.0,1,nan,-38.479952876393355,47.01209146856385
--headless --device cpu --families step_up step_down gap --skill TURN --score inplace --inplace-at spawn --max-probes 3 --reps 45 --foot-comp off --heading off --results-csv outputs/turn_phase_sweep_nofc.csv,0.4668049216270447,27,step_up,1,4.394194662074622,off,0.0,0.0,3,3,off,0.0,0,0.04,spawn,0.06,9,probe.step_up@TURN,step_up_0p06,0,27,2026-08-31T15:52:11Z,inplace,1,TURN,0.9999999999999964,0.0,259,0.0,1,nan,-39.62399381851793,48.30853051548954
--headless --device cpu --families step_up step_down gap --skill TURN --score inplace --inplace-at spawn --max-probes 3 --reps 45 --foot-comp off --heading off --results-csv outputs/turn_phase_sweep_nofc.csv,0.4839303493499756,27,step_down,1,4.391465984466333,off,0.0,0.0,3,3,off,0.0,0,0.04,spawn,0.02,9,probe.step_down@TURN,step_down_0p02,0,27,2026-08-31T15:52:11Z,inplace,1,TURN,1.0,0.0,259,0.0,1,nan,-34.877255876982304,46.54580201657481
--headless --device cpu --families step_up step_down gap --skill TURN --score inplace --inplace-at spawn --max-probes 3 --reps 45 --foot-comp off --heading off --results-csv outputs/turn_phase_sweep_nofc.csv,0.4489384889602661,27,step_down,1,4.386304288879092,off,0.0,0.0,3,3,off,0.0,0,0.04,spawn,0.04,9,probe.step_down@TURN,step_down_0p04,0,27,2026-08-31T15:52:11Z,inplace,1,TURN,0.9999999999999982,0.0,259,0.0,1,nan,-39.612111856088205,46.765714633696035
--headless --device cpu --families step_up step_down gap --skill TURN --score inplace --inplace-at spawn --max-probes 3 --reps 45 --foot-comp off --heading off --results-csv outputs/turn_phase_sweep_nofc.csv,0.44417980313301086,27,step_down,1,4.382206055985365,off,0.0,0.0,3,3,off,0.0,0,0.04,spawn,0.06,9,probe.step_down@TURN,step_down_0p06,0,27,2026-08-31T15:52:11Z,inplace,1,TURN,0.9999999999999964,0.0,259,0.0,1,nan,-39.31297685502281,47.02029304818612
--headless --device cpu --families step_up step_down gap --skill TURN --score inplace --inplace-at spawn --max-probes 3 --reps 45 --foot-comp off --heading off --results-csv outputs/turn_phase_sweep_nofc.csv,0.46649980545043945,27,gap,1,3.944349873502442,off,0.0,0.0,3,3,off,0.0,0,0.04,spawn,0.05,9,probe.gap@TURN,gap_0p05,0,27,2026-08-31T15:52:11Z,inplace,1,TURN,1.0,0.0,259,0.0,1,nan,-39.926792362338176,47.29704994693131
--headless --device cpu --families step_up step_down gap --skill TURN --score inplace --inplace-at spawn --max-probes 3 --reps 45 --foot-comp off --heading off --results-csv outputs/turn_phase_sweep_nofc.csv,0.4495081901550293,27,gap,1,3.985685226187582,off,0.0,0.0,3,3,off,0.0,0,0.04,spawn,0.1,9,probe.gap@TURN,gap_0p10,0,27,2026-08-31T15:52:11Z,inplace,1,TURN,0.9999999999999982,0.0,259,0.0,1,nan,-39.46635944819661,47.14361535916805
--headless --device cpu --families step_up step_down gap --skill TURN --score inplace --inplace-at spawn --max-probes 3 --reps 45 --foot-comp off --heading off --results-csv outputs/turn_phase_sweep_nofc.csv,0.4517625570297241,27,gap,1,4.038134450482557,off,0.0,0.0,3,3,off,0.0,0,0.04,spawn,0.15,9,probe.gap@TURN,gap_0p15,0,27,2026-08-31T15:52:11Z,inplace,1,TURN,0.9999999999999964,0.0,259,0.0,1,nan,-39.74182785002242,46.754388948590986
--headless --device cpu --families step_up step_down gap --skill TURN --score inplace --inplace-at spawn --max-probes 3 --reps 45 --foot-comp off --heading off --results-csv outputs/turn_phase_sweep_nofc.csv,0.4812396764755249,28,step_up,1,4.392247501910589,off,0.0,0.0,3,3,off,0.0,0,0.04,spawn,0.02,9,probe.step_up@TURN,step_up_0p02,0,28,2026-08-31T15:52:11Z,inplace,1,TURN,1.0,0.0,258,0.0,1,nan,-36.28230966142735,47.11944432962923
--headless --device cpu --families step_up step_down gap --skill TURN --score inplace --inplace-at spawn --max-probes 3 --reps 45 --foot-comp off --heading off --results-csv outputs/turn_phase_sweep_nofc.csv,0.4421021342277527,28,step_up,1,4.374531222848916,off,0.0,0.0,3,3,off,0.0,0,0.04,spawn,0.04,9,probe.step_up@TURN,step_up_0p04,0,28,2026-08-31T15:52:11Z,inplace,1,TURN,0.9999999999999982,0.0,258,0.0,1,nan,-38.82732042401915,46.632540852924336
--headless --device cpu --families step_up step_down gap --skill TURN --score inplace --inplace-at spawn --max-probes 3 --reps 45 --foot-comp off --heading off --results-csv outputs/turn_phase_sweep_nofc.csv,0.4766514301300049,28,step_up,1,4.401596979070217,off,0.0,0.0,3,3,off,0.0,0,0.04,spawn,0.06,9,probe.step_up@TURN,step_up_0p06,0,28,2026-08-31T15:52:11Z,inplace,1,TURN,0.9999999999999964,0.0,258,0.0,1,nan,-40.064463458836144,48.662042469145206
--headless --device cpu --families step_up step_down gap --skill TURN --score inplace --inplace-at spawn --max-probes 3 --reps 45 --foot-comp off --heading off --results-csv outputs/turn_phase_sweep_nofc.csv,0.4730575680732727,28,step_down,1,4.398884515485669,off,0.0,0.0,3,3,off,0.0,0,0.04,spawn,0.02,9,probe.step_down@TURN,step_down_0p02,0,28,2026-08-31T15:52:11Z,inplace,1,TURN,1.0,0.0,258,0.0,1,nan,-39.91851831507154,47.68502230771307
--headless --device cpu --families step_up step_down gap --skill TURN --score inplace --inplace-at spawn --max-probes 3 --reps 45 --foot-comp off --heading off --results-csv outputs/turn_phase_sweep_nofc.csv,0.42992863059043884,28,step_down,1,4.366510991951841,off,0.0,0.0,3,3,off,0.0,0,0.04,spawn,0.04,9,probe.step_down@TURN,step_down_0p04,0,28,2026-08-31T15:52:11Z,inplace,1,TURN,0.9999999999999982,0.0,258,0.0,1,nan,-37.20390644350525,46.09688858771142
--headless --device cpu --families step_up step_down gap --skill TURN --score inplace --inplace-at spawn --max-probes 3 --reps 45 --foot-comp off --heading off --results-csv outputs/turn_phase_sweep_nofc.csv,0.4447798728942871,28,step_down,1,4.382044779724742,off,0.0,0.0,3,3,off,0.0,0,0.04,spawn,0.06,9,probe.step_down@TURN,step_down_0p06,0,28,2026-08-31T15:52:11Z,inplace,1,TURN,0.9999999999999964,0.0,258,0.0,1,nan,-39.137106069508434,46.689840624422885
--headless --device cpu --families step_up step_down gap --skill TURN --score inplace --inplace-at spawn --max-probes 3 --reps 45 --foot-comp off --heading off --results-csv outputs/turn_phase_sweep_nofc.csv,0.46669867634773254,28,gap,1,3.938227662715766,off,0.0,0.0,3,3,off,0.0,0,0.04,spawn,0.05,9,probe.gap@TURN,gap_0p05,0,28,2026-08-31T15:52:11Z,inplace,1,TURN,1.0,0.0,258,0.0,1,nan,-37.949018261986794,47.18445032812599
--headless --device cpu --families step_up step_down gap --skill TURN --score inplace --inplace-at spawn --max-probes 3 --reps 45 --foot-comp off --heading off --results-csv outputs/turn_phase_sweep_nofc.csv,0.4805113971233368,28,gap,1,3.998646904933901,off,0.0,0.0,3,3,off,0.0,0,0.04,spawn,0.1,9,probe.gap@TURN,gap_0p10,0,28,2026-08-31T15:52:11Z,inplace,1,TURN,0.9999999999999982,0.0,258,0.0,1,nan,-37.513601061903614,48.03647200957988
--headless --device cpu --families step_up step_down gap --skill TURN --score inplace --inplace-at spawn --max-probes 3 --reps 45 --foot-comp off --heading off --results-csv outputs/turn_phase_sweep_nofc.csv,0.48124727606773376,28,gap,1,4.051974934812348,off,0.0,0.0,3,3,off,0.0,0,0.04,spawn,0.15,9,probe.gap@TURN,gap_0p15,0,28,2026-08-31T15:52:11Z,inplace,1,TURN,0.9999999999999964,0.0,258,0.0,1,nan,-37.70687056789916,48.59544678068164
--headless --device cpu --families step_up step_down gap --skill TURN --score inplace --inplace-at spawn --max-probes 3 --reps 45 --foot-comp off --heading off --results-csv outputs/turn_phase_sweep_nofc.csv,0.4964602291584015,29,step_up,1,4.411276798932167,off,0.0,0.0,3,3,off,0.0,0,0.04,spawn,0.02,9,probe.step_up@TURN,step_up_0p02,0,29,2026-08-31T15:52:11Z,inplace,1,TURN,1.0,0.0,260,0.0,1,nan,-36.03382073736151,43.22675235970905
--headless --device cpu --families step_up step_down gap --skill TURN --score inplace --inplace-at spawn --max-probes 3 --reps 45 --foot-comp off --heading off --results-csv outputs/turn_phase_sweep_nofc.csv,0.41882452368736267,29,step_up,1,4.357254195457834,off,0.0,0.0,3,3,off,0.0,0,0.04,spawn,0.04,9,probe.step_up@TURN,step_up_0p04,0,29,2026-08-31T15:52:11Z,inplace,1,TURN,0.9999999999999982,0.0,260,0.0,1,nan,-33.4026847750213,40.51849554781552
--headless --device cpu --families step_up step_down gap --skill TURN --score inplace --inplace-at spawn --max-probes 3 --reps 45 --foot-comp off --heading off --results-csv outputs/turn_phase_sweep_nofc.csv,0.5388772487640381,29,step_up,1,4.445660244997805,off,0.0,0.0,3,3,off,0.0,0,0.04,spawn,0.06,9,probe.step_up@TURN,step_up_0p06,0,29,2026-08-31T15:52:11Z,inplace,1,TURN,0.9999999999999964,0.0,260,0.0,1,nan,-32.73412642644186,47.623539796032816
--headless --device cpu --families step_up step_down gap --skill TURN --score inplace --inplace-at spawn --max-probes 3 --reps 45 --foot-comp off --heading off --results-csv outputs/turn_phase_sweep_nofc.csv,0.43076032400131226,29,step_down,1,4.366987107613826,off,0.0,0.0,3,3,off,0.0,0,0.04,spawn,0.02,9,probe.step_down@TURN,step_down_0p02,0,29,2026-08-31T15:52:11Z,inplace,1,TURN,1.0,0.0,260,0.0,1,nan,-34.2795293866871,40.712597288594424
--headless --device cpu --families step_up step_down gap --skill TURN --score inplace --inplace-at spawn --max-probes 3 --reps 45 --foot-comp off --heading off --results-csv outputs/turn_phase_sweep_nofc.csv,0.48855558037757874,29,step_down,1,4.40727588056636,off,0.0,0.0,3,3,off,0.0,0,0.04,spawn,0.04,9,probe.step_down@TURN,step_down_0p04,0,29,2026-08-31T15:52:11Z,inplace,1,TURN,0.9999999999999982,0.0,260,0.0,1,nan,-35.11947382323925,43.14750978144667
--headless --device cpu --families step_up step_down gap --skill TURN --score inplace --inplace-at spawn --max-probes 3 --reps 45 --foot-comp off --heading off --results-csv outputs/turn_phase_sweep_nofc.csv,0.4425921142101288,29,step_down,1,4.369934452687693,off,0.0,0.0,3,3,off,0.0,0,0.04,spawn,0.06,9,probe.step_down@TURN,step_down_0p06,0,29,2026-08-31T15:52:11Z,inplace,1,TURN,0.9999999999999964,0.0,260,0.0,1,nan,-32.47179519040773,41.39952888221799
--headless --device cpu --families step_up step_down gap --skill TURN --score inplace --inplace-at spawn --max-probes 3 --reps 45 --foot-comp off --heading off --results-csv outputs/turn_phase_sweep_nofc.csv,0.4183799922466278,29,gap,1,3.9190295703545206,off,0.0,0.0,3,3,off,0.0,0,0.04,spawn,0.05,9,probe.gap@TURN,gap_0p05,0,29,2026-08-31T15:52:11Z,inplace,1,TURN,1.0,0.0,260,0.0,1,nan,-35.18211255329675,40.01246002333721
--headless --device cpu --families step_up step_down gap --skill TURN --score inplace --inplace-at spawn --max-probes 3 --reps 45 --foot-comp off --heading off --results-csv outputs/turn_phase_sweep_nofc.csv,0.4566333293914795,29,gap,1,3.9848026145254103,off,0.0,0.0,3,3,off,0.0,0,0.04,spawn,0.1,9,probe.gap@TURN,gap_0p10,0,29,2026-08-31T15:52:11Z,inplace,1,TURN,0.9999999999999982,0.0,260,0.0,1,nan,-34.83474557534902,41.61409616463291
--headless --device cpu --families step_up step_down gap --skill TURN --score inplace --inplace-at spawn --max-probes 3 --reps 45 --foot-comp off --heading off --results-csv outputs/turn_phase_sweep_nofc.csv,0.4620641767978668,29,gap,1,4.032936521457425,off,0.0,0.0,3,3,off,0.0,0,0.04,spawn,0.15,9,probe.gap@TURN,gap_0p15,0,29,2026-08-31T15:52:11Z,inplace,1,TURN,0.9999999999999964,0.0,260,0.0,1,nan,-33.818683906049785,43.510406668758975
--headless --device cpu --families step_up step_down gap --skill TURN --score inplace --inplace-at spawn --max-probes 3 --reps 45 --foot-comp off --heading off --results-csv outputs/turn_phase_sweep_nofc.csv,0.44809243083000183,30,step_up,1,4.371849174708978,off,0.0,0.0,3,3,off,0.0,0,0.04,spawn,0.02,9,probe.step_up@TURN,step_up_0p02,0,30,2026-08-31T15:52:11Z,inplace,1,TURN,1.0,0.0,256,0.0,1,nan,-33.916082737526125,42.04379669909835
--headless --device cpu --families step_up step_down gap --skill TURN --score inplace --inplace-at spawn --max-probes 3 --reps 45 --foot-comp off --heading off --results-csv outputs/turn_phase_sweep_nofc.csv,0.4820026755332947,30,step_up,1,4.393884165551094,off,0.0,0.0,3,3,off,0.0,0,0.04,spawn,0.04,9,probe.step_up@TURN,step_up_0p04,0,30,2026-08-31T15:52:11Z,inplace,1,TURN,0.9999999999999982,0.0,256,0.0,1,nan,-33.27926055475933,44.62114559862184
--headless --device cpu --families step_up step_down gap --skill TURN --score inplace --inplace-at spawn --max-probes 3 --reps 45 --foot-comp off --heading off --results-csv outputs/turn_phase_sweep_nofc.csv,0.4218877851963043,30,step_up,1,4.351757433524398,off,0.0,0.0,3,3,off,0.0,0,0.04,spawn,0.06,9,probe.step_up@TURN,step_up_0p06,0,30,2026-08-31T15:52:11Z,inplace,1,TURN,0.9999999999999964,0.0,256,0.0,1,nan,-31.53480553835567,39.406242018269694
--headless --device cpu --families step_up step_down gap --skill TURN --score inplace --inplace-at spawn --max-probes 3 --reps 45 --foot-comp off --heading off --results-csv outputs/turn_phase_sweep_nofc.csv,0.44013652205467224,30,step_down,1,4.36718398705903,off,0.0,0.0,3,3,off,0.0,0,0.04,spawn,0.02,9,probe.step_down@TURN,step_down_0p02,0,30,2026-08-31T15:52:11Z,inplace,1,TURN,1.0,0.0,256,0.0,1,nan,-32.21306119107186,40.62894489914808
--headless --device cpu --families step_up step_down gap --skill TURN --score inplace --inplace-at spawn --max-probes 3 --reps 45 --foot-comp off --heading off --results-csv outputs/turn_phase_sweep_nofc.csv,0.4101429283618927,30,step_down,1,4.347039191255298,off,0.0,0.0,3,3,off,0.0,0,0.04,spawn,0.04,9,probe.step_down@TURN,step_down_0p04,0,30,2026-08-31T15:52:11Z,inplace,1,TURN,0.9999999999999982,0.0,256,0.0,1,nan,-29.726552836981057,38.87609597782597
--headless --device cpu --families step_up step_down gap --skill TURN --score inplace --inplace-at spawn --max-probes 3 --reps 45 --foot-comp off --heading off --results-csv outputs/turn_phase_sweep_nofc.csv,0.47662466764450073,30,step_down,1,4.389374653252775,off,0.0,0.0,3,3,off,0.0,0,0.04,spawn,0.06,9,probe.step_down@TURN,step_down_0p06,0,30,2026-08-31T15:52:11Z,inplace,1,TURN,0.9999999999999964,0.0,256,0.0,1,nan,-33.523293125462004,43.639455021263586
--headless --device cpu --families step_up step_down gap --skill TURN --score inplace --inplace-at spawn --max-probes 3 --reps 45 --foot-comp off --heading off --results-csv outputs/turn_phase_sweep_nofc.csv,0.48910894989967346,30,gap,1,3.952096780878955,off,0.0,0.0,3,3,off,0.0,0,0.04,spawn,0.05,9,probe.gap@TURN,gap_0p05,0,30,2026-08-31T15:52:11Z,inplace,1,TURN,1.0,0.0,256,0.0,1,nan,-33.20499496168904,45.17772306396682
--headless --device cpu --families step_up step_down gap --skill TURN --score inplace --inplace-at spawn --max-probes 3 --reps 45 --foot-comp off --heading off --results-csv outputs/turn_phase_sweep_nofc.csv,0.422393262386322,30,gap,1,3.9524601317598154,off,0.0,0.0,3,3,off,0.0,0,0.04,spawn,0.1,9,probe.gap@TURN,gap_0p10,0,30,2026-08-31T15:52:11Z,inplace,1,TURN,0.9999999999999982,0.0,256,0.0,1,nan,-31.181508515112455,38.95569401437743
--headless --device cpu --families step_up step_down gap --skill TURN --score inplace --inplace-at spawn --max-probes 3 --reps 45 --foot-comp off --heading off --results-csv outputs/turn_phase_sweep_nofc.csv,0.46770650148391724,30,gap,1,4.031508069578596,off,0.0,0.0,3,3,off,0.0,0,0.04,spawn,0.15,9,probe.gap@TURN,gap_0p15,0,30,2026-08-31T15:52:11Z,inplace,1,TURN,0.9999999999999964,0.0,256,0.0,1,nan,-32.80556943937256,42.140244380786044
--headless --device cpu --families step_up step_down gap --skill TURN --score inplace --inplace-at spawn --max-probes 3 --reps 45 --foot-comp off --heading off --results-csv outputs/turn_phase_sweep_nofc.csv,0.46375155448913574,31,step_up,1,4.375990141314591,off,0.0,0.0,3,3,off,0.0,0,0.04,spawn,0.02,9,probe.step_up@TURN,step_up_0p02,0,31,2026-08-31T15:52:11Z,inplace,1,TURN,1.0,0.0,251,0.0,1,nan,-27.861602876937127,45.15723786722546
--headless --device cpu --families step_up step_down gap --skill TURN --score inplace --inplace-at spawn --max-probes 3 --reps 45 --foot-comp off --heading off --results-csv outputs/turn_phase_sweep_nofc.csv,0.4867077171802521,31,step_up,1,4.398670754568487,off,0.0,0.0,3,3,off,0.0,0,0.04,spawn,0.04,9,probe.step_up@TURN,step_up_0p04,0,31,2026-08-31T15:52:11Z,inplace,1,TURN,0.9999999999999982,0.0,251,0.0,1,nan,-30.83275581275271,43.45854497168227
--headless --device cpu --families step_up step_down gap --skill TURN --score inplace --inplace-at spawn --max-probes 3 --reps 45 --foot-comp off --heading off --results-csv outputs/turn_phase_sweep_nofc.csv,0.46184787154197693,31,step_up,1,4.373358588002044,off,0.0,0.0,3,3,off,0.0,0,0.04,spawn,0.06,9,probe.step_up@TURN,step_up_0p06,0,31,2026-08-31T15:52:11Z,inplace,1,TURN,0.9999999999999964,0.0,251,0.0,1,nan,-32.774845882375786,46.00000290602753
--headless --device cpu --families step_up step_down gap --skill TURN --score inplace --inplace-at spawn --max-probes 3 --reps 45 --foot-comp off --heading off --results-csv outputs/turn_phase_sweep_nofc.csv,0.47121837735176086,31,step_down,1,4.3889364203398955,off,0.0,0.0,3,3,off,0.0,0,0.04,spawn,0.02,9,probe.step_down@TURN,step_down_0p02,0,31,2026-08-31T15:52:11Z,inplace,1,TURN,1.0,0.0,251,0.0,1,nan,-30.211426272136947,46.41378675529788
--headless --device cpu --families step_up step_down gap --skill TURN --score inplace --inplace-at spawn --max-probes 3 --reps 45 --foot-comp off --heading off --results-csv outputs/turn_phase_sweep_nofc.csv,0.43333980441093445,31,step_down,1,4.364715262334977,off,0.0,0.0,3,3,off,0.0,0,0.04,spawn,0.04,9,probe.step_down@TURN,step_down_0p04,0,31,2026-08-31T15:52:11Z,inplace,1,TURN,0.9999999999999982,0.0,251,0.0,1,nan,-35.94611951446896,47.17914159820438
--headless --device cpu --families step_up step_down gap --skill TURN --score inplace --inplace-at spawn --max-probes 3 --reps 45 --foot-comp off --heading off --results-csv outputs/turn_phase_sweep_nofc.csv,0.4127526581287384,31,step_down,1,4.341615424724005,off,0.0,0.0,3,3,off,0.0,0,0.04,spawn,0.06,9,probe.step_down@TURN,step_down_0p06,0,31,2026-08-31T15:52:11Z,inplace,1,TURN,0.9999999999999964,0.0,251,0.0,1,nan,-32.26327679677007,40.5725117265811
--headless --device cpu --families step_up step_down gap --skill TURN --score inplace --inplace-at spawn --max-probes 3 --reps 45 --foot-comp off --heading off --results-csv outputs/turn_phase_sweep_nofc.csv,0.47464099526405334,31,gap,1,3.9415507572248614,off,0.0,0.0,3,3,off,0.0,0,0.04,spawn,0.05,9,probe.gap@TURN,gap_0p05,0,31,2026-08-31T15:52:11Z,inplace,1,TURN,1.0,0.0,251,0.0,1,nan,-29.095865402447316,47.10491593882037
--headless --device cpu --families step_up step_down gap --skill TURN --score inplace --inplace-at spawn --max-probes 3 --reps 45 --foot-comp off --heading off --results-csv outputs/turn_phase_sweep_nofc.csv,0.42749881744384766,31,gap,1,3.9598581047626427,off,0.0,0.0,3,3,off,0.0,0,0.04,spawn,0.1,9,probe.gap@TURN,gap_0p10,0,31,2026-08-31T15:52:11Z,inplace,1,TURN,0.9999999999999982,0.0,251,0.0,1,nan,-36.301498948342214,46.07654129188472
--headless --device cpu --families step_up step_down gap --skill TURN --score inplace --inplace-at spawn --max-probes 3 --reps 45 --foot-comp off --heading off --results-csv outputs/turn_phase_sweep_nofc.csv,0.44464367628097534,31,gap,1,4.018440007853702,off,0.0,0.0,3,3,off,0.0,0,0.04,spawn,0.15,9,probe.gap@TURN,gap_0p15,0,31,2026-08-31T15:52:11Z,inplace,1,TURN,0.9999999999999964,0.0,251,0.0,1,nan,-33.06641093557144,47.131400309215906
--headless --device cpu --families step_up step_down gap --skill TURN --score inplace --inplace-at spawn --max-probes 3 --reps 45 --foot-comp off --heading off --results-csv outputs/turn_phase_sweep_nofc.csv,0.429922491312027,32,step_up,1,4.363757358522115,off,0.0,0.0,3,3,off,0.0,0,0.04,spawn,0.02,9,probe.step_up@TURN,step_up_0p02,0,32,2026-08-31T15:52:11Z,inplace,1,TURN,1.0,0.0,247,0.0,1,nan,-27.969788074745424,46.43884923845303
--headless --device cpu --families step_up step_down gap --skill TURN --score inplace --inplace-at spawn --max-probes 3 --reps 45 --foot-comp off --heading off --results-csv outputs/turn_phase_sweep_nofc.csv,0.43224796652793884,32,step_up,1,4.3685260142082365,off,0.0,0.0,3,3,off,0.0,0,0.04,spawn,0.04,9,probe.step_up@TURN,step_up_0p04,0,32,2026-08-31T15:52:11Z,inplace,1,TURN,0.9999999999999982,0.0,247,0.0,1,nan,-32.95278123219086,50.3226813305798
--headless --device cpu --families step_up step_down gap --skill TURN --score inplace --inplace-at spawn --max-probes 3 --reps 45 --foot-comp off --heading off --results-csv outputs/turn_phase_sweep_nofc.csv,0.4382651746273041,32,step_up,1,4.374361710367627,off,0.0,0.0,3,3,off,0.0,0,0.04,spawn,0.06,9,probe.step_up@TURN,step_up_0p06,0,32,2026-08-31T15:52:11Z,inplace,1,TURN,0.9999999999999964,0.0,247,0.0,1,nan,-31.722352056018735,51.12392403786711
--headless --device cpu --families step_up step_down gap --skill TURN --score inplace --inplace-at spawn --max-probes 3 --reps 45 --foot-comp off --heading off --results-csv outputs/turn_phase_sweep_nofc.csv,0.43341898918151855,32,step_down,1,4.367215637129812,off,0.0,0.0,3,3,off,0.0,0,0.04,spawn,0.02,9,probe.step_down@TURN,step_down_0p02,0,32,2026-08-31T15:52:11Z,inplace,1,TURN,1.0,0.0,247,0.0,1,nan,-31.014606060504775,45.366764111329246
--headless --device cpu --families step_up step_down gap --skill TURN --score inplace --inplace-at spawn --max-probes 3 --reps 45 --foot-comp off --heading off --results-csv outputs/turn_phase_sweep_nofc.csv,0.4388030171394348,32,step_down,1,4.3761929114864,off,0.0,0.0,3,3,off,0.0,0,0.04,spawn,0.04,9,probe.step_down@TURN,step_down_0p04,0,32,2026-08-31T15:52:11Z,inplace,1,TURN,0.9999999999999982,0.0,247,0.0,1,nan,-32.24843345179511,51.28202373305692
--headless --device cpu --families step_up step_down gap --skill TURN --score inplace --inplace-at spawn --max-probes 3 --reps 45 --foot-comp off --heading off --results-csv outputs/turn_phase_sweep_nofc.csv,0.4333508014678955,32,step_down,1,4.3689682595497015,off,0.0,0.0,3,3,off,0.0,0,0.04,spawn,0.06,9,probe.step_down@TURN,step_down_0p06,0,32,2026-08-31T15:52:11Z,inplace,1,TURN,0.9999999999999964,0.0,247,0.0,1,nan,-33.11390197632767,46.60796775604453
--headless --device cpu --families step_up step_down gap --skill TURN --score inplace --inplace-at spawn --max-probes 3 --reps 45 --foot-comp off --heading off --results-csv outputs/turn_phase_sweep_nofc.csv,0.4362298548221588,32,gap,1,3.9263493260220583,off,0.0,0.0,3,3,off,0.0,0,0.04,spawn,0.05,9,probe.gap@TURN,gap_0p05,0,32,2026-08-31T15:52:11Z,inplace,1,TURN,1.0,0.0,247,0.0,1,nan,-35.75875802371132,51.57447848214795
--headless --device cpu --families step_up step_down gap --skill TURN --score inplace --inplace-at spawn --max-probes 3 --reps 45 --foot-comp off --heading off --results-csv outputs/turn_phase_sweep_nofc.csv,0.43572667241096497,32,gap,1,3.978035924637228,off,0.0,0.0,3,3,off,0.0,0,0.04,spawn,0.1,9,probe.gap@TURN,gap_0p10,0,32,2026-08-31T15:52:11Z,inplace,1,TURN,0.9999999999999982,0.0,247,0.0,1,nan,-37.024976016865594,50.96932202436943
--headless --device cpu --families step_up step_down gap --skill TURN --score inplace --inplace-at spawn --max-probes 3 --reps 45 --foot-comp off --heading off --results-csv outputs/turn_phase_sweep_nofc.csv,0.4328693747520447,32,gap,1,4.021761842925761,off,0.0,0.0,3,3,off,0.0,0,0.04,spawn,0.15,9,probe.gap@TURN,gap_0p15,0,32,2026-08-31T15:52:11Z,inplace,1,TURN,0.9999999999999964,0.0,247,0.0,1,nan,-33.32810125709088,50.088606069962765
--headless --device cpu --families step_up step_down gap --skill TURN --score inplace --inplace-at spawn --max-probes 3 --reps 45 --foot-comp off --heading off --results-csv outputs/turn_phase_sweep_nofc.csv,0.45857828855514526,33,step_up,1,4.399080635478312,off,0.0,0.0,3,3,off,0.0,0,0.04,spawn,0.02,9,probe.step_up@TURN,step_up_0p02,0,33,2026-08-31T15:52:11Z,inplace,1,TURN,1.0,0.0,248,0.0,1,nan,-39.1709376046218,54.61360887684475
--headless --device cpu --families step_up step_down gap --skill TURN --score inplace --inplace-at spawn --max-probes 3 --reps 45 --foot-comp off --heading off --results-csv outputs/turn_phase_sweep_nofc.csv,0.4434584379196167,33,step_up,1,4.384195149924878,off,0.0,0.0,3,3,off,0.0,0,0.04,spawn,0.04,9,probe.step_up@TURN,step_up_0p04,0,33,2026-08-31T15:52:11Z,inplace,1,TURN,0.9999999999999982,0.0,248,0.0,1,nan,-39.25850815910027,54.49186442569126
--headless --device cpu --families step_up step_down gap --skill TURN --score inplace --inplace-at spawn --max-probes 3 --reps 45 --foot-comp off --heading off --results-csv outputs/turn_phase_sweep_nofc.csv,0.46918225288391113,33,step_up,1,4.391042610723221,off,0.0,0.0,3,3,off,0.0,0,0.04,spawn,0.06,9,probe.step_up@TURN,step_up_0p06,0,33,2026-08-31T15:52:11Z,inplace,1,TURN,0.9999999999999964,0.0,248,0.0,1,nan,-30.539629395453318,49.34746689761437
--headless --device cpu --families step_up step_down gap --skill TURN --score inplace --inplace-at spawn --max-probes 3 --reps 45 --foot-comp off --heading off --results-csv outputs/turn_phase_sweep_nofc.csv,0.45119529962539673,33,step_down,1,4.389930294281573,off,0.0,0.0,3,3,off,0.0,0,0.04,spawn,0.02,9,probe.step_down@TURN,step_down_0p02,0,33,2026-08-31T15:52:11Z,inplace,1,TURN,1.0,0.0,248,0.0,1,nan,-36.49465672666392,54.470935910473145
--headless --device cpu --families step_up step_down gap --skill TURN --score inplace --inplace-at spawn --max-probes 3 --reps 45 --foot-comp off --heading off --results-csv outputs/turn_phase_sweep_nofc.csv,0.4525783658027649,33,step_down,1,4.387995816454168,off,0.0,0.0,3,3,off,0.0,0,0.04,spawn,0.04,9,probe.step_down@TURN,step_down_0p04,0,33,2026-08-31T15:52:11Z,inplace,1,TURN,0.9999999999999982,0.0,248,0.0,1,nan,-35.202158158409276,50.16573361148849
--headless --device cpu --families step_up step_down gap --skill TURN --score inplace --inplace-at spawn --max-probes 3 --reps 45 --foot-comp off --heading off --results-csv outputs/turn_phase_sweep_nofc.csv,0.4688367247581482,33,step_down,1,4.395255226718493,off,0.0,0.0,3,3,off,0.0,0,0.04,spawn,0.06,9,probe.step_down@TURN,step_down_0p06,0,33,2026-08-31T15:52:11Z,inplace,1,TURN,0.9999999999999964,0.0,248,0.0,1,nan,-32.8264998738853,51.033671394489005
--headless --device cpu --families step_up step_down gap --skill TURN --score inplace --inplace-at spawn --max-probes 3 --reps 45 --foot-comp off --heading off --results-csv outputs/turn_phase_sweep_nofc.csv,0.4686509966850281,33,gap,1,3.948029929643589,off,0.0,0.0,3,3,off,0.0,0,0.04,spawn,0.05,9,probe.gap@TURN,gap_0p05,0,33,2026-08-31T15:52:11Z,inplace,1,TURN,1.0,0.0,248,0.0,1,nan,-35.54196194731938,49.78448726188381
--headless --device cpu --families step_up step_down gap --skill TURN --score inplace --inplace-at spawn --max-probes 3 --reps 45 --foot-comp off --heading off --results-csv outputs/turn_phase_sweep_nofc.csv,0.45693114399909973,33,gap,1,3.988624835254606,off,0.0,0.0,3,3,off,0.0,0,0.04,spawn,0.1,9,probe.gap@TURN,gap_0p10,0,33,2026-08-31T15:52:11Z,inplace,1,TURN,0.9999999999999982,0.0,248,0.0,1,nan,-27.222668017860485,49.19051901698725
--headless --device cpu --families step_up step_down gap --skill TURN --score inplace --inplace-at spawn --max-probes 3 --reps 45 --foot-comp off --heading off --results-csv outputs/turn_phase_sweep_nofc.csv,0.45632481575012207,33,gap,1,4.046448336696417,off,0.0,0.0,3,3,off,0.0,0,0.04,spawn,0.15,9,probe.gap@TURN,gap_0p15,0,33,2026-08-31T15:52:11Z,inplace,1,TURN,0.9999999999999964,0.0,248,0.0,1,nan,-38.698887264681474,52.18968563782383
--headless --device cpu --families step_up step_down gap --skill TURN --score inplace --inplace-at spawn --max-probes 3 --reps 45 --foot-comp off --heading off --results-csv outputs/turn_phase_sweep_nofc.csv,0.40493637323379517,34,step_up,1,4.36722131618748,off,0.0,0.0,3,3,off,0.0,0,0.04,spawn,0.02,9,probe.step_up@TURN,step_up_0p02,0,34,2026-08-31T15:52:11Z,inplace,1,TURN,1.0,0.0,253,0.0,1,nan,-38.52972861371609,48.51795663161704
--headless --device cpu --families step_up step_down gap --skill TURN --score inplace --inplace-at spawn --max-probes 3 --reps 45 --foot-comp off --heading off --results-csv outputs/turn_phase_sweep_nofc.csv,0.4328377842903137,34,step_up,1,4.38504718419037,off,0.0,0.0,3,3,off,0.0,0,0.04,spawn,0.04,9,probe.step_up@TURN,step_up_0p04,0,34,2026-08-31T15:52:11Z,inplace,1,TURN,0.9999999999999982,0.0,253,0.0,1,nan,-39.68590343172991,49.278318552103855
--headless --device cpu --families step_up step_down gap --skill TURN --score inplace --inplace-at spawn --max-probes 3 --reps 45 --foot-comp off --heading off --results-csv outputs/turn_phase_sweep_nofc.csv,0.3859517276287079,34,step_up,1,4.3607918504621015,off,0.0,0.0,3,3,off,0.0,0,0.04,spawn,0.06,9,probe.step_up@TURN,step_up_0p06,0,34,2026-08-31T15:52:11Z,inplace,1,TURN,0.9999999999999964,0.0,253,0.0,1,nan,-39.97457540002634,49.21446109192772
--headless --device cpu --families step_up step_down gap --skill TURN --score inplace --inplace-at spawn --max-probes 3 --reps 45 --foot-comp off --heading off --results-csv outputs/turn_phase_sweep_nofc.csv,0.4814494848251343,34,step_down,1,4.421788304798332,off,0.0,0.0,3,3,off,0.0,0,0.04,spawn,0.02,9,probe.step_down@TURN,step_down_0p02,0,34,2026-08-31T15:52:11Z,inplace,1,TURN,1.0,0.0,253,0.0,1,nan,-38.36481215431917,48.821011000271625
--headless --device cpu --families step_up step_down gap --skill TURN --score inplace --inplace-at spawn --max-probes 3 --reps 45 --foot-comp off --heading off --results-csv outputs/turn_phase_sweep_nofc.csv,0.42417383193969727,34,step_down,1,4.385064314862448,off,0.0,0.0,3,3,off,0.0,0,0.04,spawn,0.04,9,probe.step_down@TURN,step_down_0p04,0,34,2026-08-31T15:52:11Z,inplace,1,TURN,0.9999999999999982,0.0,253,0.0,1,nan,-39.29421470564253,49.73217983282652
--headless --device cpu --families step_up step_down gap --skill TURN --score inplace --inplace-at spawn --max-probes 3 --reps 45 --foot-comp off --heading off --results-csv outputs/turn_phase_sweep_nofc.csv,0.4730611741542816,34,step_down,1,4.417435272447983,off,0.0,0.0,3,3,off,0.0,0,0.04,spawn,0.06,9,probe.step_down@TURN,step_down_0p06,0,34,2026-08-31T15:52:11Z,inplace,1,TURN,0.9999999999999964,0.0,253,0.0,1,nan,-38.58700171966504,47.87970587362503
--headless --device cpu --families step_up step_down gap --skill TURN --score inplace --inplace-at spawn --max-probes 3 --reps 45 --foot-comp off --heading off --results-csv outputs/turn_phase_sweep_nofc.csv,0.48839595913887024,34,gap,1,3.9821162157845724,off,0.0,0.0,3,3,off,0.0,0,0.04,spawn,0.05,9,probe.gap@TURN,gap_0p05,0,34,2026-08-31T15:52:11Z,inplace,1,TURN,1.0,0.0,253,0.0,1,nan,-39.76479505462902,51.500190434872565
--headless --device cpu --families step_up step_down gap --skill TURN --score inplace --inplace-at spawn --max-probes 3 --reps 45 --foot-comp off --heading off --results-csv outputs/turn_phase_sweep_nofc.csv,0.4763857126235962,34,gap,1,4.020731042340863,off,0.0,0.0,3,3,off,0.0,0,0.04,spawn,0.1,9,probe.gap@TURN,gap_0p10,0,34,2026-08-31T15:52:11Z,inplace,1,TURN,0.9999999999999982,0.0,253,0.0,1,nan,-39.505555321204326,48.444565643934226
--headless --device cpu --families step_up step_down gap --skill TURN --score inplace --inplace-at spawn --max-probes 3 --reps 45 --foot-comp off --heading off --results-csv outputs/turn_phase_sweep_nofc.csv,0.4218510389328003,34,gap,1,4.033863766570884,off,0.0,0.0,3,3,off,0.0,0,0.04,spawn,0.15,9,probe.gap@TURN,gap_0p15,0,34,2026-08-31T15:52:11Z,inplace,1,TURN,0.9999999999999964,0.0,253,0.0,1,nan,-39.84056307392561,48.906437772207425
--headless --device cpu --families step_up step_down gap --skill TURN --score inplace --inplace-at spawn --max-probes 3 --reps 45 --foot-comp off --heading off --results-csv outputs/turn_phase_sweep_nofc.csv,0.3884690999984741,35,step_up,1,4.411003876771982,off,0.0,0.0,3,3,off,0.0,0,0.04,spawn,0.02,9,probe.step_up@TURN,step_up_0p02,0,35,2026-08-31T15:52:11Z,inplace,1,TURN,1.0,0.0,357,0.0,1,nan,-80.37315343125573,83.36992405611772
--headless --device cpu --families step_up step_down gap --skill TURN --score inplace --inplace-at spawn --max-probes 3 --reps 45 --foot-comp off --heading off --results-csv outputs/turn_phase_sweep_nofc.csv,0.5280579924583435,35,step_up,1,4.489790551192687,off,0.0,0.0,3,3,off,0.0,0,0.04,spawn,0.04,9,probe.step_up@TURN,step_up_0p04,0,35,2026-08-31T15:52:11Z,inplace,1,TURN,0.9999999999999982,0.0,357,0.0,1,nan,-44.64995154135269,50.78744395076819
--headless --device cpu --families step_up step_down gap --skill TURN --score inplace --inplace-at spawn --max-probes 3 --reps 45 --foot-comp off --heading off --results-csv outputs/turn_phase_sweep_nofc.csv,0.35727939009666443,35,step_up,1,4.3809174873086345,off,0.0,0.0,3,3,off,0.0,0,0.04,spawn,0.06,9,probe.step_up@TURN,step_up_0p06,0,35,2026-08-31T15:52:11Z,inplace,1,TURN,0.9999999999999964,0.0,357,0.0,1,nan,-72.82321873041073,84.33077383182899
--headless --device cpu --families step_up step_down gap --skill TURN --score inplace --inplace-at spawn --max-probes 3 --reps 45 --foot-comp off --heading off --results-csv outputs/turn_phase_sweep_nofc.csv,0.5183830261230469,35,step_down,1,4.500079119227225,off,0.0,0.0,3,3,off,0.0,0,0.04,spawn,0.02,9,probe.step_down@TURN,step_down_0p02,0,35,2026-08-31T15:52:11Z,inplace,1,TURN,1.0,0.0,357,0.0,1,nan,-45.812284052195565,58.66836851421212
--headless --device cpu --families step_up step_down gap --skill TURN --score inplace --inplace-at spawn --max-probes 3 --reps 45 --foot-comp off --heading off --results-csv outputs/turn_phase_sweep_nofc.csv,0.5037378072738647,35,step_down,1,4.475232634498214,off,0.0,0.0,3,3,off,0.0,0,0.04,spawn,0.04,9,probe.step_down@TURN,step_down_0p04,0,35,2026-08-31T15:52:11Z,inplace,1,TURN,0.9999999999999982,0.0,357,0.0,1,nan,-41.58401885096029,54.87746861866776
--headless --device cpu --families step_up step_down gap --skill TURN --score inplace --inplace-at spawn --max-probes 3 --reps 45 --foot-comp off --heading off --results-csv outputs/turn_phase_sweep_nofc.csv,0.5384307503700256,35,step_down,1,4.509155939514956,off,0.0,0.0,3,3,off,0.0,0,0.04,spawn,0.06,9,probe.step_down@TURN,step_down_0p06,0,35,2026-08-31T15:52:11Z,inplace,1,TURN,0.9999999999999964,0.0,357,0.0,1,nan,-54.92088428449907,47.11178295093609
--headless --device cpu --families step_up step_down gap --skill TURN --score inplace --inplace-at spawn --max-probes 3 --reps 45 --foot-comp off --heading off --results-csv outputs/turn_phase_sweep_nofc.csv,0.5384933948516846,35,gap,1,4.057563053464224,off,0.0,0.0,3,3,off,0.0,0,0.04,spawn,0.05,9,probe.gap@TURN,gap_0p05,0,35,2026-08-31T15:52:11Z,inplace,1,TURN,1.0,0.0,357,0.0,1,nan,-53.827234855483454,46.57474133447491
--headless --device cpu --families step_up step_down gap --skill TURN --score inplace --inplace-at spawn --max-probes 3 --reps 45 --foot-comp off --heading off --results-csv outputs/turn_phase_sweep_nofc.csv,0.4927331209182739,35,gap,1,4.0616210521709375,off,0.0,0.0,3,3,off,0.0,0,0.04,spawn,0.1,9,probe.gap@TURN,gap_0p10,0,35,2026-08-31T15:52:11Z,inplace,1,TURN,0.9999999999999982,0.0,357,0.0,1,nan,-42.56867701765546,57.75939458540768
--headless --device cpu --families step_up step_down gap --skill TURN --score inplace --inplace-at spawn --max-probes 3 --reps 45 --foot-comp off --heading off --results-csv outputs/turn_phase_sweep_nofc.csv,0.5361752510070801,35,gap,1,4.129484433749154,off,0.0,0.0,3,3,off,0.0,0,0.04,spawn,0.15,9,probe.gap@TURN,gap_0p15,0,35,2026-08-31T15:52:11Z,inplace,1,TURN,0.9999999999999964,0.0,357,0.0,1,nan,-45.87834518264998,46.032524587034146
--headless --device cpu --families step_up step_down gap --skill TURN --score inplace --inplace-at spawn --max-probes 3 --reps 45 --foot-comp off --heading off --results-csv outputs/turn_phase_sweep_nofc.csv,0.19070768356323242,36,step_up,0,3.8408559728510108,off,0.0,0.0,3,3,off,0.0,0,0.04,spawn,0.02,9,probe.step_up@TURN,step_up_0p02,1,36,2026-08-31T15:52:11Z,inplace,1,TURN,1.0,0.0,316,0.0,1,6.26,-91.55482047118761,91.55482047118761
--headless --device cpu --families step_up step_down gap --skill TURN --score inplace --inplace-at spawn --max-probes 3 --reps 45 --foot-comp off --heading off --results-csv outputs/turn_phase_sweep_nofc.csv,0.18840961158275604,36,step_up,0,3.8427407720858935,off,0.0,0.0,3,3,off,0.0,0,0.04,spawn,0.04,9,probe.step_up@TURN,step_up_0p04,1,36,2026-08-31T15:52:11Z,inplace,1,TURN,0.9999999999999982,0.0,316,0.0,1,6.28,-91.17368557872487,91.17368557872487
--headless --device cpu --families step_up step_down gap --skill TURN --score inplace --inplace-at spawn --max-probes 3 --reps 45 --foot-comp off --heading off --results-csv outputs/turn_phase_sweep_nofc.csv,0.18512842059135437,36,step_up,0,3.845791142717646,off,0.0,0.0,3,3,off,0.0,0,0.04,spawn,0.06,9,probe.step_up@TURN,step_up_0p06,1,36,2026-08-31T15:52:11Z,inplace,1,TURN,0.9999999999999964,0.0,316,0.0,1,6.28,-91.11997774369507,91.11997774369507
--headless --device cpu --families step_up step_down gap --skill TURN --score inplace --inplace-at spawn --max-probes 3 --reps 45 --foot-comp off --heading off --results-csv outputs/turn_phase_sweep_nofc.csv,0.1885143667459488,36,step_down,0,3.8419119529449297,off,0.0,0.0,3,3,off,0.0,0,0.04,spawn,0.02,9,probe.step_down@TURN,step_down_0p02,1,36,2026-08-31T15:52:11Z,inplace,1,TURN,1.0,0.0,316,0.0,1,6.24,-92.37584179149752,92.37584179149752
--headless --device cpu --families step_up step_down gap --skill TURN --score inplace --inplace-at spawn --max-probes 3 --reps 45 --foot-comp off --heading off --results-csv outputs/turn_phase_sweep_nofc.csv,0.19090300798416138,36,step_down,0,3.843380671507509,off,0.0,0.0,3,3,off,0.0,0,0.04,spawn,0.04,9,probe.step_down@TURN,step_down_0p04,1,36,2026-08-31T15:52:11Z,inplace,1,TURN,0.9999999999999982,0.0,316,0.0,1,6.3,-90.44596898401218,90.44596898401218
--headless --device cpu --families step_up step_down gap --skill TURN --score inplace --inplace-at spawn --max-probes 3 --reps 45 --foot-comp off --heading off --results-csv outputs/turn_phase_sweep_nofc.csv,0.19086676836013794,36,step_down,0,3.8428886534085565,off,0.0,0.0,3,3,off,0.0,0,0.04,spawn,0.06,9,probe.step_down@TURN,step_down_0p06,1,36,2026-08-31T15:52:11Z,inplace,1,TURN,0.9999999999999964,0.0,316,0.0,1,6.24,-92.1460290469353,92.1460290469353
--headless --device cpu --families step_up step_down gap --skill TURN --score inplace --inplace-at spawn --max-probes 3 --reps 45 --foot-comp off --heading off --results-csv outputs/turn_phase_sweep_nofc.csv,0.18940405547618866,36,gap,0,3.390880415970971,off,0.0,0.0,3,3,off,0.0,0,0.04,spawn,0.05,9,probe.gap@TURN,gap_0p05,1,36,2026-08-31T15:52:11Z,inplace,1,TURN,1.0,0.0,316,0.0,1,6.26,-91.92481374810532,91.92481374810532
--headless --device cpu --families step_up step_down gap --skill TURN --score inplace --inplace-at spawn --max-probes 3 --reps 45 --foot-comp off --heading off --results-csv outputs/turn_phase_sweep_nofc.csv,0.18626773357391357,36,gap,0,3.4436368418580114,off,0.0,0.0,3,3,off,0.0,0,0.04,spawn,0.1,9,probe.gap@TURN,gap_0p10,1,36,2026-08-31T15:52:11Z,inplace,1,TURN,0.9999999999999982,0.0,316,0.0,1,6.26,-91.68889200325916,91.68889200325916
--headless --device cpu --families step_up step_down gap --skill TURN --score inplace --inplace-at spawn --max-probes 3 --reps 45 --foot-comp off --heading off --results-csv outputs/turn_phase_sweep_nofc.csv,0.19538383185863495,36,gap,0,3.49010494640052,off,0.0,0.0,3,3,off,0.0,0,0.04,spawn,0.15,9,probe.gap@TURN,gap_0p15,1,36,2026-08-31T15:52:11Z,inplace,1,TURN,0.9999999999999964,0.0,316,0.0,1,6.18,-93.61802166255163,93.61802166255163
--headless --device cpu --families step_up step_down gap --skill TURN --score inplace --inplace-at spawn --max-probes 3 --reps 45 --foot-comp off --heading off --results-csv outputs/turn_phase_sweep_nofc.csv,0.5589951872825623,37,step_up,1,4.431353485576475,off,0.0,0.0,3,3,off,0.0,0,0.04,spawn,0.02,9,probe.step_up@TURN,step_up_0p02,0,37,2026-08-31T15:52:11Z,inplace,1,TURN,1.0,0.0,202,0.0,1,nan,-29.23713810837387,36.878885812247404
--headless --device cpu --families step_up step_down gap --skill TURN --score inplace --inplace-at spawn --max-probes 3 --reps 45 --foot-comp off --heading off --results-csv outputs/turn_phase_sweep_nofc.csv,0.585046112537384,37,step_up,1,4.446863499818799,off,0.0,0.0,3,3,off,0.0,0,0.04,spawn,0.04,9,probe.step_up@TURN,step_up_0p04,0,37,2026-08-31T15:52:11Z,inplace,1,TURN,0.9999999999999982,0.0,202,0.0,1,nan,-24.402019361717095,36.89727590822636
--headless --device cpu --families step_up step_down gap --skill TURN --score inplace --inplace-at spawn --max-probes 3 --reps 45 --foot-comp off --heading off --results-csv outputs/turn_phase_sweep_nofc.csv,0.5857096910476685,37,step_up,1,4.446983595321822,off,0.0,0.0,3,3,off,0.0,0,0.04,spawn,0.06,9,probe.step_up@TURN,step_up_0p06,0,37,2026-08-31T15:52:11Z,inplace,1,TURN,0.9999999999999964,0.0,202,0.0,1,nan,-25.124379268717007,36.82599155521447
--headless --device cpu --families step_up step_down gap --skill TURN --score inplace --inplace-at spawn --max-probes 3 --reps 45 --foot-comp off --heading off --results-csv outputs/turn_phase_sweep_nofc.csv,0.5857016444206238,37,step_down,1,4.451006120379381,off,0.0,0.0,3,3,off,0.0,0,0.04,spawn,0.02,9,probe.step_down@TURN,step_down_0p02,0,37,2026-08-31T15:52:11Z,inplace,1,TURN,1.0,0.0,202,0.0,1,nan,-25.831390844023673,36.910563541282954
--headless --device cpu --families step_up step_down gap --skill TURN --score inplace --inplace-at spawn --max-probes 3 --reps 45 --foot-comp off --heading off --results-csv outputs/turn_phase_sweep_nofc.csv,0.5863436460494995,37,step_down,1,4.445972603690368,off,0.0,0.0,3,3,off,0.0,0,0.04,spawn,0.04,9,probe.step_down@TURN,step_down_0p04,0,37,2026-08-31T15:52:11Z,inplace,1,TURN,0.9999999999999982,0.0,202,0.0,1,nan,-25.69691795694567,36.649704302013674
--headless --device cpu --families step_up step_down gap --skill TURN --score inplace --inplace-at spawn --max-probes 3 --reps 45 --foot-comp off --heading off --results-csv outputs/turn_phase_sweep_nofc.csv,0.4940703511238098,37,step_down,1,4.357403367884802,off,0.0,0.0,3,3,off,0.0,0,0.04,spawn,0.06,9,probe.step_down@TURN,step_down_0p06,0,37,2026-08-31T15:52:11Z,inplace,1,TURN,0.9999999999999964,0.0,202,0.0,1,nan,-23.174381053999866,35.38084956174603
--headless --device cpu --families step_up step_down gap --skill TURN --score inplace --inplace-at spawn --max-probes 3 --reps 45 --foot-comp off --heading off --results-csv outputs/turn_phase_sweep_nofc.csv,0.5692440271377563,37,gap,1,3.976133689333745,off,0.0,0.0,3,3,off,0.0,0,0.04,spawn,0.05,9,probe.gap@TURN,gap_0p05,0,37,2026-08-31T15:52:11Z,inplace,1,TURN,1.0,0.0,202,0.0,1,nan,-23.940474967721684,36.55357591800848
--headless --device cpu --families step_up step_down gap --skill TURN --score inplace --inplace-at spawn --max-probes 3 --reps 45 --foot-comp off --heading off --results-csv outputs/turn_phase_sweep_nofc.csv,0.4512414336204529,37,gap,1,3.9512130705508386,off,0.0,0.0,3,3,off,0.0,0,0.04,spawn,0.1,9,probe.gap@TURN,gap_0p10,0,37,2026-08-31T15:52:11Z,inplace,1,TURN,0.9999999999999982,0.0,202,0.0,1,nan,-25.5534242089048,35.817279193599205
--headless --device cpu --families step_up step_down gap --skill TURN --score inplace --inplace-at spawn --max-probes 3 --reps 45 --foot-comp off --heading off --results-csv outputs/turn_phase_sweep_nofc.csv,0.49263739585876465,37,gap,1,4.0092603868403645,off,0.0,0.0,3,3,off,0.0,0,0.04,spawn,0.15,9,probe.gap@TURN,gap_0p15,0,37,2026-08-31T15:52:11Z,inplace,1,TURN,0.9999999999999964,0.0,202,0.0,1,nan,-18.569087343870905,34.7834420562225
--headless --device cpu --families step_up step_down gap --skill TURN --score inplace --inplace-at spawn --max-probes 3 --reps 45 --foot-comp off --heading off --results-csv outputs/turn_phase_sweep_nofc.csv,0.4946914613246918,38,step_up,1,4.4324561192124445,off,0.0,0.0,3,3,off,0.0,0,0.04,spawn,0.02,9,probe.step_up@TURN,step_up_0p02,0,38,2026-08-31T15:52:11Z,inplace,1,TURN,1.0,0.0,170,0.0,1,nan,-35.486111515601266,29.891976628019023
--headless --device cpu --families step_up step_down gap --skill TURN --score inplace --inplace-at spawn --max-probes 3 --reps 45 --foot-comp off --heading off --results-csv outputs/turn_phase_sweep_nofc.csv,0.4996317923069,38,step_up,1,4.433775501012867,off,0.0,0.0,3,3,off,0.0,0,0.04,spawn,0.04,9,probe.step_up@TURN,step_up_0p04,0,38,2026-08-31T15:52:11Z,inplace,1,TURN,0.9999999999999982,0.0,170,0.0,1,nan,-33.554234881338346,29.447490719173743
--headless --device cpu --families step_up step_down gap --skill TURN --score inplace --inplace-at spawn --max-probes 3 --reps 45 --foot-comp off --heading off --results-csv outputs/turn_phase_sweep_nofc.csv,0.49765264987945557,38,step_up,1,4.432142443184546,off,0.0,0.0,3,3,off,0.0,0,0.04,spawn,0.06,9,probe.step_up@TURN,step_up_0p06,0,38,2026-08-31T15:52:11Z,inplace,1,TURN,0.9999999999999964,0.0,170,0.0,1,nan,-33.37254418514013,29.285279991688896
--headless --device cpu --families step_up step_down gap --skill TURN --score inplace --inplace-at spawn --max-probes 3 --reps 45 --foot-comp off --heading off --results-csv outputs/turn_phase_sweep_nofc.csv,0.48078227043151855,38,step_down,1,4.4261018665210825,off,0.0,0.0,3,3,off,0.0,0,0.04,spawn,0.02,9,probe.step_down@TURN,step_down_0p02,0,38,2026-08-31T15:52:11Z,inplace,1,TURN,1.0,0.0,170,0.0,1,nan,-37.198970202830225,30.613092309816693
--headless --device cpu --families step_up step_down gap --skill TURN --score inplace --inplace-at spawn --max-probes 3 --reps 45 --foot-comp off --heading off --results-csv outputs/turn_phase_sweep_nofc.csv,0.49996230006217957,38,step_down,1,4.430457032067413,off,0.0,0.0,3,3,off,0.0,0,0.04,spawn,0.04,9,probe.step_down@TURN,step_down_0p04,0,38,2026-08-31T15:52:11Z,inplace,1,TURN,0.9999999999999982,0.0,170,0.0,1,nan,-34.80950731908925,28.824888130251765
--headless --device cpu --families step_up step_down gap --skill TURN --score inplace --inplace-at spawn --max-probes 3 --reps 45 --foot-comp off --heading off --results-csv outputs/turn_phase_sweep_nofc.csv,0.4911034405231476,38,step_down,1,4.425255909127523,off,0.0,0.0,3,3,off,0.0,0,0.04,spawn,0.06,9,probe.step_down@TURN,step_down_0p06,0,38,2026-08-31T15:52:11Z,inplace,1,TURN,0.9999999999999964,0.0,170,0.0,1,nan,-34.09689464923207,28.770068659844412
--headless --device cpu --families step_up step_down gap --skill TURN --score inplace --inplace-at spawn --max-probes 3 --reps 45 --foot-comp off --heading off --results-csv outputs/turn_phase_sweep_nofc.csv,0.4991327226161957,38,gap,1,3.9839091567480147,off,0.0,0.0,3,3,off,0.0,0,0.04,spawn,0.05,9,probe.gap@TURN,gap_0p05,0,38,2026-08-31T15:52:11Z,inplace,1,TURN,1.0,0.0,170,0.0,1,nan,-36.416443758074536,29.121691673967547
--headless --device cpu --families step_up step_down gap --skill TURN --score inplace --inplace-at spawn --max-probes 3 --reps 45 --foot-comp off --heading off --results-csv outputs/turn_phase_sweep_nofc.csv,0.49533846974372864,38,gap,1,4.0372456348283405,off,0.0,0.0,3,3,off,0.0,0,0.04,spawn,0.1,9,probe.gap@TURN,gap_0p10,0,38,2026-08-31T15:52:11Z,inplace,1,TURN,0.9999999999999982,0.0,170,0.0,1,nan,-32.824697324454064,31.051397639385726
--headless --device cpu --families step_up step_down gap --skill TURN --score inplace --inplace-at spawn --max-probes 3 --reps 45 --foot-comp off --heading off --results-csv outputs/turn_phase_sweep_nofc.csv,0.48639729619026184,38,gap,1,4.084562713362303,off,0.0,0.0,3,3,off,0.0,0,0.04,spawn,0.15,9,probe.gap@TURN,gap_0p15,0,38,2026-08-31T15:52:11Z,inplace,1,TURN,0.9999999999999964,0.0,170,0.0,1,nan,-33.497528952003734,32.415309272453214
--headless --device cpu --families step_up step_down gap --skill TURN --score inplace --inplace-at spawn --max-probes 3 --reps 45 --foot-comp off --heading off --results-csv outputs/turn_phase_sweep_nofc.csv,0.48673680424690247,39,step_up,1,4.436133037736749,off,0.0,0.0,3,3,off,0.0,0,0.04,spawn,0.02,9,probe.step_up@TURN,step_up_0p02,0,39,2026-08-31T15:52:11Z,inplace,1,TURN,1.0,0.0,173,0.0,1,nan,-41.078793017292355,38.58197589123168
--headless --device cpu --families step_up step_down gap --skill TURN --score inplace --inplace-at spawn --max-probes 3 --reps 45 --foot-comp off --heading off --results-csv outputs/turn_phase_sweep_nofc.csv,0.46089115738868713,39,step_up,1,4.414127280661587,off,0.0,0.0,3,3,off,0.0,0,0.04,spawn,0.04,9,probe.step_up@TURN,step_up_0p04,0,39,2026-08-31T15:52:11Z,inplace,1,TURN,0.9999999999999982,0.0,173,0.0,1,nan,-39.57034118081833,39.9170789296376
--headless --device cpu --families step_up step_down gap --skill TURN --score inplace --inplace-at spawn --max-probes 3 --reps 45 --foot-comp off --heading off --results-csv outputs/turn_phase_sweep_nofc.csv,0.5366916060447693,39,step_up,1,4.464355875900952,off,0.0,0.0,3,3,off,0.0,0,0.04,spawn,0.06,9,probe.step_up@TURN,step_up_0p06,0,39,2026-08-31T15:52:11Z,inplace,1,TURN,0.9999999999999964,0.0,173,0.0,1,nan,-36.309444911629015,32.27766839079547
--headless --device cpu --families step_up step_down gap --skill TURN --score inplace --inplace-at spawn --max-probes 3 --reps 45 --foot-comp off --heading off --results-csv outputs/turn_phase_sweep_nofc.csv,0.4742012917995453,39,step_down,1,4.424936626469336,off,0.0,0.0,3,3,off,0.0,0,0.04,spawn,0.02,9,probe.step_down@TURN,step_down_0p02,0,39,2026-08-31T15:52:11Z,inplace,1,TURN,1.0,0.0,173,0.0,1,nan,-41.965587420318144,38.9756648898163
--headless --device cpu --families step_up step_down gap --skill TURN --score inplace --inplace-at spawn --max-probes 3 --reps 45 --foot-comp off --heading off --results-csv outputs/turn_phase_sweep_nofc.csv,0.5469927787780762,39,step_down,1,4.4587427888401665,off,0.0,0.0,3,3,off,0.0,0,0.04,spawn,0.04,9,probe.step_down@TURN,step_down_0p04,0,39,2026-08-31T15:52:11Z,inplace,1,TURN,0.9999999999999982,0.0,173,0.0,1,nan,-34.4419115340381,27.013773235651115
--headless --device cpu --families step_up step_down gap --skill TURN --score inplace --inplace-at spawn --max-probes 3 --reps 45 --foot-comp off --heading off --results-csv outputs/turn_phase_sweep_nofc.csv,0.5015472769737244,39,step_down,1,4.454303566845242,off,0.0,0.0,3,3,off,0.0,0,0.04,spawn,0.06,9,probe.step_down@TURN,step_down_0p06,0,39,2026-08-31T15:52:11Z,inplace,1,TURN,0.9999999999999964,0.0,173,0.0,1,nan,-43.72708441446912,37.232191384560736
--headless --device cpu --families step_up step_down gap --skill TURN --score inplace --inplace-at spawn --max-probes 3 --reps 45 --foot-comp off --heading off --results-csv outputs/turn_phase_sweep_nofc.csv,0.5022695064544678,39,gap,1,4.00547764363862,off,0.0,0.0,3,3,off,0.0,0,0.04,spawn,0.05,9,probe.gap@TURN,gap_0p05,0,39,2026-08-31T15:52:11Z,inplace,1,TURN,1.0,0.0,173,0.0,1,nan,-44.11779557232629,37.55302103106189
--headless --device cpu --families step_up step_down gap --skill TURN --score inplace --inplace-at spawn --max-probes 3 --reps 45 --foot-comp off --heading off --results-csv outputs/turn_phase_sweep_nofc.csv,0.5461660027503967,39,gap,1,4.06586677776281,off,0.0,0.0,3,3,off,0.0,0,0.04,spawn,0.1,9,probe.gap@TURN,gap_0p10,0,39,2026-08-31T15:52:11Z,inplace,1,TURN,0.9999999999999982,0.0,173,0.0,1,nan,-34.1555055289073,29.50261598072592
--headless --device cpu --families step_up step_down gap --skill TURN --score inplace --inplace-at spawn --max-probes 3 --reps 45 --foot-comp off --heading off --results-csv outputs/turn_phase_sweep_nofc.csv,0.5188160538673401,39,gap,1,4.11412617277645,off,0.0,0.0,3,3,off,0.0,0,0.04,spawn,0.15,9,probe.gap@TURN,gap_0p15,0,39,2026-08-31T15:52:11Z,inplace,1,TURN,0.9999999999999964,0.0,173,0.0,1,nan,-42.96191583003801,36.08279679838651
--headless --device cpu --families step_up step_down gap --skill TURN --score inplace --inplace-at spawn --max-probes 3 --reps 45 --foot-comp off --heading off --results-csv outputs/turn_phase_sweep_nofc.csv,0.4817030727863312,40,step_up,1,4.489540300773004,off,0.0,0.0,3,3,off,0.0,0,0.04,spawn,0.02,9,probe.step_up@TURN,step_up_0p02,0,40,2026-08-31T15:52:11Z,inplace,1,TURN,1.0,0.0,398,0.0,1,nan,-76.80687810812242,72.98095031723571
--headless --device cpu --families step_up step_down gap --skill TURN --score inplace --inplace-at spawn --max-probes 3 --reps 45 --foot-comp off --heading off --results-csv outputs/turn_phase_sweep_nofc.csv,0.47564220428466797,40,step_up,1,4.48221294457929,off,0.0,0.0,3,3,off,0.0,0,0.04,spawn,0.04,9,probe.step_up@TURN,step_up_0p04,0,40,2026-08-31T15:52:11Z,inplace,1,TURN,0.9999999999999982,0.0,398,0.0,1,nan,-64.20943281392542,75.24254857518542
--headless --device cpu --families step_up step_down gap --skill TURN --score inplace --inplace-at spawn --max-probes 3 --reps 45 --foot-comp off --heading off --results-csv outputs/turn_phase_sweep_nofc.csv,0.4786510169506073,40,step_up,1,4.481634092610198,off,0.0,0.0,3,3,off,0.0,0,0.04,spawn,0.06,9,probe.step_up@TURN,step_up_0p06,0,40,2026-08-31T15:52:11Z,inplace,1,TURN,0.9999999999999964,0.0,398,0.0,1,nan,-60.17741003024912,73.3536820036534
--headless --device cpu --families step_up step_down gap --skill TURN --score inplace --inplace-at spawn --max-probes 3 --reps 45 --foot-comp off --heading off --results-csv outputs/turn_phase_sweep_nofc.csv,0.4628188908100128,40,step_down,1,4.451293786042944,off,0.0,0.0,3,3,off,0.0,0,0.04,spawn,0.02,9,probe.step_down@TURN,step_down_0p02,0,40,2026-08-31T15:52:11Z,inplace,1,TURN,1.0,0.0,398,0.0,1,nan,-62.52395267041442,72.62600513344933
--headless --device cpu --families step_up step_down gap --skill TURN --score inplace --inplace-at spawn --max-probes 3 --reps 45 --foot-comp off --heading off --results-csv outputs/turn_phase_sweep_nofc.csv,0.4885753095149994,40,step_down,1,4.494987431812423,off,0.0,0.0,3,3,off,0.0,0,0.04,spawn,0.04,9,probe.step_down@TURN,step_down_0p04,0,40,2026-08-31T15:52:11Z,inplace,1,TURN,0.9999999999999982,0.0,398,0.0,1,nan,-61.98032319747796,76.79336692230311
--headless --device cpu --families step_up step_down gap --skill TURN --score inplace --inplace-at spawn --max-probes 3 --reps 45 --foot-comp off --heading off --results-csv outputs/turn_phase_sweep_nofc.csv,0.48908835649490356,40,step_down,1,4.495579813485945,off,0.0,0.0,3,3,off,0.0,0,0.04,spawn,0.06,9,probe.step_down@TURN,step_down_0p06,0,40,2026-08-31T15:52:11Z,inplace,1,TURN,0.9999999999999964,0.0,398,0.0,1,nan,-65.42440270790797,78.51525413308826
--headless --device cpu --families step_up step_down gap --skill TURN --score inplace --inplace-at spawn --max-probes 3 --reps 45 --foot-comp off --heading off --results-csv outputs/turn_phase_sweep_nofc.csv,0.45779648423194885,40,gap,1,3.998548205330536,off,0.0,0.0,3,3,off,0.0,0,0.04,spawn,0.05,9,probe.gap@TURN,gap_0p05,0,40,2026-08-31T15:52:11Z,inplace,1,TURN,1.0,0.0,398,0.0,1,nan,-64.68400108924311,72.5383382212114
--headless --device cpu --families step_up step_down gap --skill TURN --score inplace --inplace-at spawn --max-probes 3 --reps 45 --foot-comp off --heading off --results-csv outputs/turn_phase_sweep_nofc.csv,0.2412351816892624,40,gap,0,3.3928905600895107,off,0.0,0.0,3,3,off,0.0,0,0.04,spawn,0.1,9,probe.gap@TURN,gap_0p10,1,40,2026-08-31T15:52:11Z,inplace,1,TURN,0.9999999999999982,0.0,398,0.0,1,7.0,-101.0020560383378,101.0020560383378
--headless --device cpu --families step_up step_down gap --skill TURN --score inplace --inplace-at spawn --max-probes 3 --reps 45 --foot-comp off --heading off --results-csv outputs/turn_phase_sweep_nofc.csv,0.4775419235229492,40,gap,1,4.12917249918261,off,0.0,0.0,3,3,off,0.0,0,0.04,spawn,0.15,9,probe.gap@TURN,gap_0p15,0,40,2026-08-31T15:52:11Z,inplace,1,TURN,0.9999999999999964,0.0,398,0.0,1,nan,-63.0887045376989,73.61007622978039
--headless --device cpu --families step_up step_down gap --skill TURN --score inplace --inplace-at spawn --max-probes 3 --reps 45 --foot-comp off --heading off --results-csv outputs/turn_phase_sweep_nofc.csv,0.4312243163585663,41,step_up,1,4.336368920582121,off,0.0,0.0,3,3,off,0.0,0,0.04,spawn,0.02,9,probe.step_up@TURN,step_up_0p02,0,41,2026-08-31T15:52:11Z,inplace,1,TURN,1.0,0.0,194,0.0,1,nan,-21.893431540320478,37.258473072062
--headless --device cpu --families step_up step_down gap --skill TURN --score inplace --inplace-at spawn --max-probes 3 --reps 45 --foot-comp off --heading off --results-csv outputs/turn_phase_sweep_nofc.csv,0.4352855086326599,41,step_up,1,4.345371044708679,off,0.0,0.0,3,3,off,0.0,0,0.04,spawn,0.04,9,probe.step_up@TURN,step_up_0p04,0,41,2026-08-31T15:52:11Z,inplace,1,TURN,0.9999999999999982,0.0,194,0.0,1,nan,-27.64351211947408,37.520781388085936
--headless --device cpu --families step_up step_down gap --skill TURN --score inplace --inplace-at spawn --max-probes 3 --reps 45 --foot-comp off --heading off --results-csv outputs/turn_phase_sweep_nofc.csv,0.4728953242301941,41,step_up,1,4.363339247986321,off,0.0,0.0,3,3,off,0.0,0,0.04,spawn,0.06,9,probe.step_up@TURN,step_up_0p06,0,41,2026-08-31T15:52:11Z,inplace,1,TURN,0.9999999999999964,0.0,194,0.0,1,nan,-25.724926735157,38.26923408267808
--headless --device cpu --families step_up step_down gap --skill TURN --score inplace --inplace-at spawn --max-probes 3 --reps 45 --foot-comp off --heading off --results-csv outputs/turn_phase_sweep_nofc.csv,0.4480321705341339,41,step_down,1,4.344006021864145,off,0.0,0.0,3,3,off,0.0,0,0.04,spawn,0.02,9,probe.step_down@TURN,step_down_0p02,0,41,2026-08-31T15:52:11Z,inplace,1,TURN,1.0,0.0,194,0.0,1,nan,-26.864901666384867,38.36160456512755
--headless --device cpu --families step_up step_down gap --skill TURN --score inplace --inplace-at spawn --max-probes 3 --reps 45 --foot-comp off --heading off --results-csv outputs/turn_phase_sweep_nofc.csv,0.44739121198654175,41,step_down,1,4.3560552467836136,off,0.0,0.0,3,3,off,0.0,0,0.04,spawn,0.04,9,probe.step_down@TURN,step_down_0p04,0,41,2026-08-31T15:52:11Z,inplace,1,TURN,0.9999999999999982,0.0,194,0.0,1,nan,-26.912813598224602,37.33243933753735
--headless --device cpu --families step_up step_down gap --skill TURN --score inplace --inplace-at spawn --max-probes 3 --reps 45 --foot-comp off --heading off --results-csv outputs/turn_phase_sweep_nofc.csv,0.435981422662735,41,step_down,1,4.343288418043648,off,0.0,0.0,3,3,off,0.0,0,0.04,spawn,0.06,9,probe.step_down@TURN,step_down_0p06,0,41,2026-08-31T15:52:11Z,inplace,1,TURN,0.9999999999999964,0.0,194,0.0,1,nan,-26.74721493178214,37.15166954416458
--headless --device cpu --families step_up step_down gap --skill TURN --score inplace --inplace-at spawn --max-probes 3 --reps 45 --foot-comp off --heading off --results-csv outputs/turn_phase_sweep_nofc.csv,0.4460158944129944,41,gap,1,3.892134705976348,off,0.0,0.0,3,3,off,0.0,0,0.04,spawn,0.05,9,probe.gap@TURN,gap_0p05,0,41,2026-08-31T15:52:11Z,inplace,1,TURN,1.0,0.0,194,0.0,1,nan,-25.18272498348307,38.12375079284146
--headless --device cpu --families step_up step_down gap --skill TURN --score inplace --inplace-at spawn --max-probes 3 --reps 45 --foot-comp off --heading off --results-csv outputs/turn_phase_sweep_nofc.csv,0.5016565322875977,41,gap,1,4.010901936220271,off,0.0,0.0,3,3,off,0.0,0,0.04,spawn,0.1,9,probe.gap@TURN,gap_0p10,0,41,2026-08-31T15:52:11Z,inplace,1,TURN,0.9999999999999982,0.0,194,0.0,1,nan,-31.34654020379878,38.78765101648847
--headless --device cpu --families step_up step_down gap --skill TURN --score inplace --inplace-at spawn --max-probes 3 --reps 45 --foot-comp off --heading off --results-csv outputs/turn_phase_sweep_nofc.csv,0.5001049041748047,41,gap,1,4.068130737798445,off,0.0,0.0,3,3,off,0.0,0,0.04,spawn,0.15,9,probe.gap@TURN,gap_0p15,0,41,2026-08-31T15:52:11Z,inplace,1,TURN,0.9999999999999964,0.0,194,0.0,1,nan,-33.932490964541955,38.26550541597035
--headless --device cpu --families step_up step_down gap --skill TURN --score inplace --inplace-at spawn --max-probes 3 --reps 45 --foot-comp off --heading off --results-csv outputs/turn_phase_sweep_nofc.csv,0.5320965051651001,42,step_up,1,4.486404367831102,off,0.0,0.0,3,3,off,0.0,0,0.04,spawn,0.02,9,probe.step_up@TURN,step_up_0p02,0,42,2026-08-31T15:52:11Z,inplace,1,TURN,1.0,0.0,180,0.0,1,nan,-38.7123545110251,44.861608606581626
--headless --device cpu --families step_up step_down gap --skill TURN --score inplace --inplace-at spawn --max-probes 3 --reps 45 --foot-comp off --heading off --results-csv outputs/turn_phase_sweep_nofc.csv,0.5155930519104004,42,step_up,1,4.464412600976595,off,0.0,0.0,3,3,off,0.0,0,0.04,spawn,0.04,9,probe.step_up@TURN,step_up_0p04,0,42,2026-08-31T15:52:11Z,inplace,1,TURN,0.9999999999999982,0.0,180,0.0,1,nan,-37.338113781677436,44.45084877443716
--headless --device cpu --families step_up step_down gap --skill TURN --score inplace --inplace-at spawn --max-probes 3 --reps 45 --foot-comp off --heading off --results-csv outputs/turn_phase_sweep_nofc.csv,0.5260772705078125,42,step_up,1,4.477954886722907,off,0.0,0.0,3,3,off,0.0,0,0.04,spawn,0.06,9,probe.step_up@TURN,step_up_0p06,0,42,2026-08-31T15:52:11Z,inplace,1,TURN,0.9999999999999964,0.0,180,0.0,1,nan,-38.69755053459474,44.51100700047982
--headless --device cpu --families step_up step_down gap --skill TURN --score inplace --inplace-at spawn --max-probes 3 --reps 45 --foot-comp off --heading off --results-csv outputs/turn_phase_sweep_nofc.csv,0.5266191363334656,42,step_down,1,4.481071552482792,off,0.0,0.0,3,3,off,0.0,0,0.04,spawn,0.02,9,probe.step_down@TURN,step_down_0p02,0,42,2026-08-31T15:52:11Z,inplace,1,TURN,1.0,0.0,180,0.0,1,nan,-38.98705285474139,45.08841977004721
--headless --device cpu --families step_up step_down gap --skill TURN --score inplace --inplace-at spawn --max-probes 3 --reps 45 --foot-comp off --heading off --results-csv outputs/turn_phase_sweep_nofc.csv,0.5246897339820862,42,step_down,1,4.477693559183774,off,0.0,0.0,3,3,off,0.0,0,0.04,spawn,0.04,9,probe.step_down@TURN,step_down_0p04,0,42,2026-08-31T15:52:11Z,inplace,1,TURN,0.9999999999999982,0.0,180,0.0,1,nan,-38.49872874553313,45.15449669976468
--headless --device cpu --families step_up step_down gap --skill TURN --score inplace --inplace-at spawn --max-probes 3 --reps 45 --foot-comp off --heading off --results-csv outputs/turn_phase_sweep_nofc.csv,0.5042999386787415,42,step_down,1,4.443625537527789,off,0.0,0.0,3,3,off,0.0,0,0.04,spawn,0.06,9,probe.step_down@TURN,step_down_0p06,0,42,2026-08-31T15:52:11Z,inplace,1,TURN,0.9999999999999964,0.0,180,0.0,1,nan,-33.959556124858636,43.70769039806606
--headless --device cpu --families step_up step_down gap --skill TURN --score inplace --inplace-at spawn --max-probes 3 --reps 45 --foot-comp off --heading off --results-csv outputs/turn_phase_sweep_nofc.csv,0.5247647762298584,42,gap,1,4.026074799302651,off,0.0,0.0,3,3,off,0.0,0,0.04,spawn,0.05,9,probe.gap@TURN,gap_0p05,0,42,2026-08-31T15:52:11Z,inplace,1,TURN,1.0,0.0,180,0.0,1,nan,-38.34826046181652,44.989607799001135
--headless --device cpu --families step_up step_down gap --skill TURN --score inplace --inplace-at spawn --max-probes 3 --reps 45 --foot-comp off --heading off --results-csv outputs/turn_phase_sweep_nofc.csv,0.5079749226570129,42,gap,1,4.04344917586472,off,0.0,0.0,3,3,off,0.0,0,0.04,spawn,0.1,9,probe.gap@TURN,gap_0p10,0,42,2026-08-31T15:52:11Z,inplace,1,TURN,0.9999999999999982,0.0,180,0.0,1,nan,-33.43724257859574,43.132562495409445
--headless --device cpu --families step_up step_down gap --skill TURN --score inplace --inplace-at spawn --max-probes 3 --reps 45 --foot-comp off --heading off --results-csv outputs/turn_phase_sweep_nofc.csv,0.4357009828090668,42,gap,1,4.0263324576769435,off,0.0,0.0,3,3,off,0.0,0,0.04,spawn,0.15,9,probe.gap@TURN,gap_0p15,0,42,2026-08-31T15:52:11Z,inplace,1,TURN,0.9999999999999964,0.0,180,0.0,1,nan,-31.404660991022638,41.427447300934716
--headless --device cpu --families step_up step_down gap --skill TURN --score inplace --inplace-at spawn --max-probes 3 --reps 45 --foot-comp off --heading off --results-csv outputs/turn_phase_sweep_nofc.csv,0.4802253246307373,43,step_up,1,4.415373515382244,off,0.0,0.0,3,3,off,0.0,0,0.04,spawn,0.02,9,probe.step_up@TURN,step_up_0p02,0,43,2026-08-31T15:52:11Z,inplace,1,TURN,1.0,0.0,179,0.0,1,nan,-34.85120658457865,44.231300967713935
--headless --device cpu --families step_up step_down gap --skill TURN --score inplace --inplace-at spawn --max-probes 3 --reps 45 --foot-comp off --heading off --results-csv outputs/turn_phase_sweep_nofc.csv,0.4746168851852417,43,step_up,1,4.406492584906996,off,0.0,0.0,3,3,off,0.0,0,0.04,spawn,0.04,9,probe.step_up@TURN,step_up_0p04,0,43,2026-08-31T15:52:11Z,inplace,1,TURN,0.9999999999999982,0.0,179,0.0,1,nan,-36.09510889012424,43.78406587400619
--headless --device cpu --families step_up step_down gap --skill TURN --score inplace --inplace-at spawn --max-probes 3 --reps 45 --foot-comp off --heading off --results-csv outputs/turn_phase_sweep_nofc.csv,0.4826369285583496,43,step_up,1,4.414233190853007,off,0.0,0.0,3,3,off,0.0,0,0.04,spawn,0.06,9,probe.step_up@TURN,step_up_0p06,0,43,2026-08-31T15:52:11Z,inplace,1,TURN,0.9999999999999964,0.0,179,0.0,1,nan,-36.24839878236833,43.73204267141273
--headless --device cpu --families step_up step_down gap --skill TURN --score inplace --inplace-at spawn --max-probes 3 --reps 45 --foot-comp off --heading off --results-csv outputs/turn_phase_sweep_nofc.csv,0.49019598960876465,43,step_down,1,4.430703581035402,off,0.0,0.0,3,3,off,0.0,0,0.04,spawn,0.02,9,probe.step_down@TURN,step_down_0p02,0,43,2026-08-31T15:52:11Z,inplace,1,TURN,1.0,0.0,179,0.0,1,nan,-38.13008442923169,44.30429598280162
--headless --device cpu --families step_up step_down gap --skill TURN --score inplace --inplace-at spawn --max-probes 3 --reps 45 --foot-comp off --heading off --results-csv outputs/turn_phase_sweep_nofc.csv,0.4864245355129242,43,step_down,1,4.427520313415189,off,0.0,0.0,3,3,off,0.0,0,0.04,spawn,0.04,9,probe.step_down@TURN,step_down_0p04,0,43,2026-08-31T15:52:11Z,inplace,1,TURN,0.9999999999999982,0.0,179,0.0,1,nan,-36.957083552174595,45.09467008436434
--headless --device cpu --families step_up step_down gap --skill TURN --score inplace --inplace-at spawn --max-probes 3 --reps 45 --foot-comp off --heading off --results-csv outputs/turn_phase_sweep_nofc.csv,0.4817451238632202,43,step_down,1,4.420114857363837,off,0.0,0.0,3,3,off,0.0,0,0.04,spawn,0.06,9,probe.step_down@TURN,step_down_0p06,0,43,2026-08-31T15:52:11Z,inplace,1,TURN,0.9999999999999964,0.0,179,0.0,1,nan,-35.11068990273657,44.749247915155166
--headless --device cpu --families step_up step_down gap --skill TURN --score inplace --inplace-at spawn --max-probes 3 --reps 45 --foot-comp off --heading off --results-csv outputs/turn_phase_sweep_nofc.csv,0.4524979889392853,43,gap,1,3.9345399685297817,off,0.0,0.0,3,3,off,0.0,0,0.04,spawn,0.05,9,probe.gap@TURN,gap_0p05,0,43,2026-08-31T15:52:11Z,inplace,1,TURN,1.0,0.0,179,0.0,1,nan,-32.062262984288225,43.67130470087733
--headless --device cpu --families step_up step_down gap --skill TURN --score inplace --inplace-at spawn --max-probes 3 --reps 45 --foot-comp off --heading off --results-csv outputs/turn_phase_sweep_nofc.csv,0.4837510585784912,43,gap,1,4.015724393778578,off,0.0,0.0,3,3,off,0.0,0,0.04,spawn,0.1,9,probe.gap@TURN,gap_0p10,0,43,2026-08-31T15:52:11Z,inplace,1,TURN,0.9999999999999982,0.0,179,0.0,1,nan,-33.737852700000786,43.725661053300854
--headless --device cpu --families step_up step_down gap --skill TURN --score inplace --inplace-at spawn --max-probes 3 --reps 45 --foot-comp off --heading off --results-csv outputs/turn_phase_sweep_nofc.csv,0.45157650113105774,43,gap,1,4.03228157178245,off,0.0,0.0,3,3,off,0.0,0,0.04,spawn,0.15,9,probe.gap@TURN,gap_0p15,0,43,2026-08-31T15:52:11Z,inplace,1,TURN,0.9999999999999964,0.0,179,0.0,1,nan,-33.3788433995706,43.66253079745255
--headless --device cpu --families step_up step_down gap --skill TURN --score inplace --inplace-at spawn --max-probes 3 --reps 45 --foot-comp off --heading off --results-csv outputs/turn_phase_sweep_nofc.csv,0.4973738491535187,44,step_up,1,4.3418192069585615,off,0.0,0.0,3,3,off,0.0,0,0.04,spawn,0.02,9,probe.step_up@TURN,step_up_0p02,0,44,2026-08-31T15:52:11Z,inplace,1,TURN,1.0,0.0,184,0.0,1,nan,-22.120788151121786,37.23946711282798
--headless --device cpu --families step_up step_down gap --skill TURN --score inplace --inplace-at spawn --max-probes 3 --reps 45 --foot-comp off --heading off --results-csv outputs/turn_phase_sweep_nofc.csv,0.5117772817611694,44,step_up,1,4.356866151561249,off,0.0,0.0,3,3,off,0.0,0,0.04,spawn,0.04,9,probe.step_up@TURN,step_up_0p04,0,44,2026-08-31T15:52:11Z,inplace,1,TURN,0.9999999999999982,0.0,184,0.0,1,nan,-21.239563937337806,38.38943967777183
--headless --device cpu --families step_up step_down gap --skill TURN --score inplace --inplace-at spawn --max-probes 3 --reps 45 --foot-comp off --heading off --results-csv outputs/turn_phase_sweep_nofc.csv,0.5794925689697266,44,step_up,1,4.43978310248893,off,0.0,0.0,3,3,off,0.0,0,0.04,spawn,0.06,9,probe.step_up@TURN,step_up_0p06,0,44,2026-08-31T15:52:11Z,inplace,1,TURN,0.9999999999999964,0.0,184,0.0,1,nan,-29.894533814368685,39.48211668432094
--headless --device cpu --families step_up step_down gap --skill TURN --score inplace --inplace-at spawn --max-probes 3 --reps 45 --foot-comp off --heading off --results-csv outputs/turn_phase_sweep_nofc.csv,0.5368768572807312,44,step_down,1,4.38259812023243,off,0.0,0.0,3,3,off,0.0,0,0.04,spawn,0.02,9,probe.step_down@TURN,step_down_0p02,0,44,2026-08-31T15:52:11Z,inplace,1,TURN,1.0,0.0,184,0.0,1,nan,-26.18688286509584,38.71012778912453
--headless --device cpu --families step_up step_down gap --skill TURN --score inplace --inplace-at spawn --max-probes 3 --reps 45 --foot-comp off --heading off --results-csv outputs/turn_phase_sweep_nofc.csv,0.540410041809082,44,step_down,1,4.379551103444508,off,0.0,0.0,3,3,off,0.0,0,0.04,spawn,0.04,9,probe.step_down@TURN,step_down_0p04,0,44,2026-08-31T15:52:11Z,inplace,1,TURN,0.9999999999999982,0.0,184,0.0,1,nan,-22.364376169038877,38.00214179039352
--headless --device cpu --families step_up step_down gap --skill TURN --score inplace --inplace-at spawn --max-probes 3 --reps 45 --foot-comp off --heading off --results-csv outputs/turn_phase_sweep_nofc.csv,0.49692654609680176,44,step_down,1,4.351374376105304,off,0.0,0.0,3,3,off,0.0,0,0.04,spawn,0.06,9,probe.step_down@TURN,step_down_0p06,0,44,2026-08-31T15:52:11Z,inplace,1,TURN,0.9999999999999964,0.0,184,0.0,1,nan,-23.814735145433815,38.3545907243749
--headless --device cpu --families step_up step_down gap --skill TURN --score inplace --inplace-at spawn --max-probes 3 --reps 45 --foot-comp off --heading off --results-csv outputs/turn_phase_sweep_nofc.csv,0.5075183510780334,44,gap,1,3.9073890056148644,off,0.0,0.0,3,3,off,0.0,0,0.04,spawn,0.05,9,probe.gap@TURN,gap_0p05,0,44,2026-08-31T15:52:11Z,inplace,1,TURN,1.0,0.0,184,0.0,1,nan,-23.189095064849397,37.71788429924197
--headless --device cpu --families step_up step_down gap --skill TURN --score inplace --inplace-at spawn --max-probes 3 --reps 45 --foot-comp off --heading off --results-csv outputs/turn_phase_sweep_nofc.csv,0.5230084657669067,44,gap,1,3.9625282109643964,off,0.0,0.0,3,3,off,0.0,0,0.04,spawn,0.1,9,probe.gap@TURN,gap_0p10,0,44,2026-08-31T15:52:11Z,inplace,1,TURN,0.9999999999999982,0.0,184,0.0,1,nan,-19.13459156225619,37.898135320894085
--headless --device cpu --families step_up step_down gap --skill TURN --score inplace --inplace-at spawn --max-probes 3 --reps 45 --foot-comp off --heading off --results-csv outputs/turn_phase_sweep_nofc.csv,0.5678212642669678,44,gap,1,4.0582565703441045,off,0.0,0.0,3,3,off,0.0,0,0.04,spawn,0.15,9,probe.gap@TURN,gap_0p15,0,44,2026-08-31T15:52:11Z,inplace,1,TURN,0.9999999999999964,0.0,184,0.0,1,nan,-23.100039411598516,38.904409537802565
